Month,Day,Hour,Collision Type,Injury Type,Primary Factor,Latitude,Longitude
1,5,0.0,2-Car,No injury/unknown,OTHER (DRIVER) - EXPLAIN IN NARRATIVE,39.15920668,-86.52587356
1,6,1500.0,2-Car,No injury/unknown,FOLLOWING TOO CLOSELY,39.16144,-86.534848
1,6,2300.0,2-Car,Non-incapacitating,DISREGARD SIGNAL/REG SIGN,39.14978027,-86.56889006
1,7,900.0,2-Car,Non-incapacitating,FAILURE TO YIELD RIGHT OF WAY,39.165655,-86.57595635
1,7,1100.0,2-Car,No injury/unknown,FAILURE TO YIELD RIGHT OF WAY,39.164848,-86.57962482
1,6,1800.0,2-Car,No injury/unknown,FAILURE TO YIELD RIGHT OF WAY,39.12666969,-86.53136998
1,6,1200.0,2-Car,No injury/unknown,DRIVER DISTRACTED - EXPLAIN IN NARRATIVE,39.150825,-86.584899
1,6,1400.0,1-Car,Incapacitating,ENGINE FAILURE OR DEFECTIVE,39.19927216,-86.63702393
1,7,1400.0,2-Car,No injury/unknown,FOLLOWING TOO CLOSELY,39.16461021,-86.57913007
1,7,1600.0,1-Car,No injury/unknown,RAN OFF ROAD RIGHT,39.16344009,-86.55128002
1,7,1500.0,2-Car,No injury/unknown,UNSAFE BACKING,39.145264,-86.577616
1,7,1600.0,2-Car,No injury/unknown,FAILURE TO YIELD RIGHT OF WAY,39.136048,-86.518496
1,7,1700.0,1-Car,No injury/unknown,UNSAFE BACKING,39.16664,-86.53070106
1,7,1800.0,1-Car,No injury/unknown,RAN OFF ROAD RIGHT,39.12678972,-86.58258006
1,1,1300.0,3+ Cars,Incapacitating,DISREGARD SIGNAL/REG SIGN,39.15379018,-86.53875008
1,1,1500.0,2-Car,No injury/unknown,FOLLOWING TOO CLOSELY,39.107344,-86.5264
1,1,1800.0,1-Car,No injury/unknown,ROADWAY SURFACE CONDITION,39.179248,-86.547104
1,1,1800.0,2-Car,No injury/unknown,FOLLOWING TOO CLOSELY,39.179248,-86.547104
1,1,1600.0,2-Car,No injury/unknown,,39.17830276,-86.52934265
1,1,1600.0,1-Car,No injury/unknown,RAN OFF ROAD RIGHT,39.145264,-86.577616
1,1,1800.0,1-Car,No injury/unknown,RAN OFF ROAD RIGHT,39.09571236,-86.54595204
1,1,1200.0,2-Car,No injury/unknown,FOLLOWING TOO CLOSELY,39.12144,-86.526496
1,2,700.0,2-Car,No injury/unknown,FAILURE TO YIELD RIGHT OF WAY,39.16692661,-86.4572165
1,1,700.0,1-Car,No injury/unknown,SPEED TOO FAST FOR WEATHER CONDITIONS,39.02843027,-86.40780689
1,2,700.0,1-Car,No injury/unknown,ANIMAL/OBJECT IN ROADWAY,39.121584,-86.489744
1,2,1300.0,2-Car,No injury/unknown,FAILURE TO YIELD RIGHT OF WAY,39.16424,-86.49312041
1,2,1700.0,2-Car,No injury/unknown,FAILURE TO YIELD RIGHT OF WAY,39.17093258,-86.509391
1,1,2100.0,2-Car,No injury/unknown,SPEED TOO FAST FOR WEATHER CONDITIONS,39.15263367,-86.49272919
1,2,1700.0,2-Car,Non-incapacitating,FOLLOWING TOO CLOSELY,39.13608,-86.538096
1,1,2000.0,1-Car,No injury/unknown,OTHER (DRIVER) - EXPLAIN IN NARRATIVE,39.125312,-86.610496
1,2,1900.0,1-Car,No injury/unknown,RAN OFF ROAD RIGHT,39.17187028,-86.4167107
1,2,1700.0,2-Car,No injury/unknown,FOLLOWING TOO CLOSELY,39.16461021,-86.57913007
1,2,2100.0,1-Car,No injury/unknown,SPEED TOO FAST FOR WEATHER CONDITIONS,39.121648,-86.539088
1,7,2000.0,1-Car,No injury/unknown,RAN OFF ROAD RIGHT,38.992016,-86.537248
1,3,700.0,2-Car,No injury/unknown,SPEED TOO FAST FOR WEATHER CONDITIONS,39.168656,-86.5468
1,3,1200.0,2-Car,Non-incapacitating,SPEED TOO FAST FOR WEATHER CONDITIONS,39.17900187,-86.52832631
1,3,1500.0,2-Car,No injury/unknown,FOLLOWING TOO CLOSELY,39.171632,-86.52353600000001
1,2,2100.0,1-Car,No injury/unknown,RAN OFF ROAD RIGHT,39.134144,-86.642864
1,7,1800.0,Pedestrian,Incapacitating,PEDESTRIAN ACTION,39.14192595,-86.54314176
1,3,1900.0,1-Car,No injury/unknown,SPEED TOO FAST FOR WEATHER CONDITIONS,39.19115236,-86.51175974
1,2,1500.0,2-Car,No injury/unknown,UNSAFE BACKING,39.14728113,-86.58089831
1,2,1500.0,2-Car,No injury/unknown,FAILURE TO YIELD RIGHT OF WAY,39.215152,-86.5928
1,3,1900.0,2-Car,No injury/unknown,IMPROPER TURNING,39.21210074,-86.58736299
1,4,0.0,1-Car,No injury/unknown,SPEED TOO FAST FOR WEATHER CONDITIONS,39.208048,-86.528704
1,4,400.0,1-Car,Incapacitating,RAN OFF ROAD RIGHT,39.0881573,-86.66901213
1,3,1000.0,2-Car,No injury/unknown,UNSAFE BACKING,39.18768311,-86.54618835
1,4,1700.0,2-Car,No injury/unknown,UNSAFE LANE MOVEMENT,39.16427777,-86.52588752
1,4,1800.0,2-Car,No injury/unknown,UNSAFE BACKING,39.15412578,-86.49786768
1,3,1800.0,2-Car,No injury/unknown,FOLLOWING TOO CLOSELY,39.105552,-86.551104
1,4,1600.0,2-Car,No injury/unknown,FOLLOWING TOO CLOSELY,39.16664,-86.462496
1,4,1500.0,2-Car,No injury/unknown,FOLLOWING TOO CLOSELY,39.263024,-86.52264
1,5,700.0,1-Car,No injury/unknown,IMPROPER TURNING,39.12141994,-86.53134987
1,5,600.0,2-Car,Non-incapacitating,IMPROPER TURNING,39.165664,-86.5348
1,5,900.0,2-Car,No injury/unknown,FOLLOWING TOO CLOSELY,39.16424,-86.473296
1,5,900.0,2-Car,No injury/unknown,DISREGARD SIGNAL/REG SIGN,39.159248,-86.51256
1,5,900.0,2-Car,No injury/unknown,FAILURE TO YIELD RIGHT OF WAY,39.169552,-86.533552
1,5,800.0,2-Car,No injury/unknown,FAILURE TO YIELD RIGHT OF WAY,39.173552,-86.515488
1,7,0.0,2-Car,No injury/unknown,FAILURE TO YIELD RIGHT OF WAY,39.16424,-86.495088
1,4,2200.0,1-Car,No injury/unknown,RAN OFF ROAD RIGHT,39.053744,-86.606304
1,5,1800.0,Cyclist,Incapacitating,OTHER (DRIVER) - EXPLAIN IN NARRATIVE,39.16311481,-86.50846175
1,5,2000.0,2-Car,No injury/unknown,LEFT OF CENTER,39.25962636,-86.65763204
1,6,700.0,2-Car,No injury/unknown,OTHER (DRIVER) - EXPLAIN IN NARRATIVE,39.12144,-86.526496
1,6,800.0,2-Car,No injury/unknown,FOLLOWING TOO CLOSELY,39.16344009,-86.55127137
1,1,1300.0,2-Car,No injury/unknown,IMPROPER LANE USAGE,39.15835953,-86.58264923
1,5,1300.0,2-Car,No injury/unknown,OTHER (DRIVER) - EXPLAIN IN NARRATIVE,39.16074984,-86.54850997
1,6,700.0,2-Car,No injury/unknown,LEFT OF CENTER,39.16475122,-86.59523284
1,6,1200.0,2-Car,No injury/unknown,FAILURE TO YIELD RIGHT OF WAY,39.15063632,-86.52720688
1,6,1300.0,2-Car,Non-incapacitating,FOLLOWING TOO CLOSELY,39.164752,-86.573104
1,6,1500.0,2-Car,Non-incapacitating,FOLLOWING TOO CLOSELY,39.16344009,-86.55127137
1,6,1500.0,2-Car,No injury/unknown,FAILURE TO YIELD RIGHT OF WAY,39.16305989,-86.51773028
1,6,1500.0,2-Car,No injury/unknown,RAN OFF ROAD RIGHT,39.12134014,-86.48974361
1,4,0.0,2-Car,Incapacitating,FAILURE TO YIELD RIGHT OF WAY,39.20824,-86.554704
1,7,1100.0,2-Car,No injury/unknown,FOLLOWING TOO CLOSELY,39.15836229,-86.53136998
1,6,2100.0,1-Car,No injury/unknown,IMPROPER TURNING,39.16427137,-86.51420373
1,1,1800.0,2-Car,No injury/unknown,SPEED TOO FAST FOR WEATHER CONDITIONS,39.21258773,-86.46348219
1,7,1600.0,2-Car,No injury/unknown,FOLLOWING TOO CLOSELY,39.15648401,-86.58270442
1,7,1500.0,2-Car,No injury/unknown,FAILURE TO YIELD RIGHT OF WAY,39.16464,-86.529728
1,6,2000.0,1-Car,No injury/unknown,RAN OFF ROAD RIGHT,39.193408,-86.48584
1,7,1700.0,2-Car,No injury/unknown,IMPROPER TURNING,39.16115717,-86.53485253
1,1,100.0,2-Car,No injury/unknown,UNSAFE LANE MOVEMENT,39.168704,-86.538576
1,1,1000.0,2-Car,No injury/unknown,IMPROPER LANE USAGE,39.16864,-86.533568
1,1,2000.0,2-Car,No injury/unknown,UNSAFE LANE MOVEMENT,39.14547579,-86.57703014
1,1,1800.0,2-Car,No injury/unknown,OTHER (DRIVER) - EXPLAIN IN NARRATIVE,39.15263367,-86.49272918
1,2,200.0,1-Car,No injury/unknown,RAN OFF ROAD RIGHT,39.25864,-86.5012
1,1,1200.0,1-Car,No injury/unknown,OTHER (DRIVER) - EXPLAIN IN NARRATIVE,39.17344,-86.52237094
1,2,600.0,2-Car,No injury/unknown,DISREGARD SIGNAL/REG SIGN,39.148144,-86.572992
1,2,600.0,2-Car,No injury/unknown,ROADWAY SURFACE CONDITION,39.16025543,-86.54006195
1,2,700.0,1-Car,No injury/unknown,RAN OFF ROAD RIGHT,39.1316,-86.576944
1,2,1400.0,3+ Cars,Incapacitating,FOLLOWING TOO CLOSELY,39.15944,-86.555296
1,2,1500.0,1-Car,No injury/unknown,ANIMAL/OBJECT IN ROADWAY,39.136512,-86.562016
1,3,300.0,2-Car,No injury/unknown,OTHER (DRIVER) - EXPLAIN IN NARRATIVE,39.23488,-86.616736
1,3,700.0,1-Car,No injury/unknown,RAN OFF ROAD RIGHT,39.171728,-86.5324
1,1,1100.0,1-Car,Non-incapacitating,ANIMAL/OBJECT IN ROADWAY,39.250778,-86.615867
1,2,800.0,1-Car,No injury/unknown,OVERCORRECTING/OVERSTEERING,39.22993318,-86.4157437
1,3,900.0,2-Car,No injury/unknown,DISREGARD SIGNAL/REG SIGN,39.187344,-86.5552
1,3,1100.0,Pedestrian,Non-incapacitating,PEDESTRIAN ACTION,39.167744,-86.526928
1,3,1300.0,2-Car,No injury/unknown,FAILURE TO YIELD RIGHT OF WAY,39.13432546,-86.52733091
1,3,1700.0,2-Car,No injury/unknown,FOLLOWING TOO CLOSELY,39.16152,-86.538592
1,3,1700.0,2-Car,No injury/unknown,DISREGARD SIGNAL/REG SIGN,39.164752,-86.573104
1,3,1800.0,2-Car,No injury/unknown,FAILURE TO YIELD RIGHT OF WAY,39.170544,-86.534768
1,3,2300.0,Pedestrian,Incapacitating,FAILURE TO YIELD RIGHT OF WAY,39.16426449,-86.5226336
1,4,800.0,2-Car,No injury/unknown,LEFT OF CENTER,39.142048,-86.582592
1,3,1200.0,2-Car,No injury/unknown,FAILURE TO YIELD RIGHT OF WAY,39.165696,-86.538592
1,4,900.0,2-Car,No injury/unknown,FAILURE TO YIELD RIGHT OF WAY,39.151552,-86.523664
1,4,1100.0,2-Car,No injury/unknown,OTHER (DRIVER) - EXPLAIN IN NARRATIVE,39.16718927,-86.53479128
1,4,1200.0,2-Car,Non-incapacitating,OTHER (DRIVER) - EXPLAIN IN NARRATIVE,39.136048,-86.518496
1,3,1800.0,3+ Cars,No injury/unknown,FOLLOWING TOO CLOSELY,39.105552,-86.551104
1,4,2000.0,2-Car,No injury/unknown,FAILURE TO YIELD RIGHT OF WAY,39.17108301,-86.52351178
1,5,700.0,2-Car,No injury/unknown,DISREGARD SIGNAL/REG SIGN,39.16464,-86.5336
1,3,1100.0,1-Car,No injury/unknown,OTHER (DRIVER) - EXPLAIN IN NARRATIVE,39.16424,-86.48599111
1,5,700.0,2-Car,No injury/unknown,FAILURE TO YIELD RIGHT OF WAY,39.142555,-86.531238
1,5,1200.0,2-Car,No injury/unknown,UNSAFE BACKING,39.16461021,-86.57913006
1,5,900.0,1-Car,No injury/unknown,UNSAFE BACKING,39.128067,-86.50872634
1,5,0.0,2-Car,No injury/unknown,UNSAFE BACKING,39.17658828,-86.51891313
1,5,800.0,1-Car,No injury/unknown,UNSAFE LANE MOVEMENT,39.16608943,-86.5196257
1,5,1500.0,2-Car,No injury/unknown,FOLLOWING TOO CLOSELY,39.186368,-86.5344
1,5,1600.0,2-Car,No injury/unknown,FOLLOWING TOO CLOSELY,39.111024,-86.638304
1,4,2200.0,2-Car,No injury/unknown,IMPROPER TURNING,39.16144,-86.52709845
1,5,1400.0,2-Car,No injury/unknown,FOLLOWING TOO CLOSELY,39.14984,-86.533392
1,6,1000.0,2-Car,No injury/unknown,FOLLOWING TOO CLOSELY,39.17635934,-86.56266121
1,5,1100.0,2-Car,No injury/unknown,UNSAFE BACKING,39.164688,-86.5712
1,5,1200.0,2-Car,No injury/unknown,FOLLOWING TOO CLOSELY,39.16424,-86.4984
1,5,1600.0,2-Car,No injury/unknown,FAILURE TO YIELD RIGHT OF WAY,39.15344,-86.5324
1,6,1700.0,2-Car,No injury/unknown,IMPROPER TURNING,39.178848,-86.511088
1,6,1600.0,2-Car,No injury/unknown,UNSAFE BACKING,39.17302832,-86.51339918
1,6,1700.0,2-Car,No injury/unknown,FOLLOWING TOO CLOSELY,39.16459009,-86.57619975
1,6,1900.0,2-Car,No injury/unknown,,39.125312,-86.610496
1,7,200.0,Pedestrian,Non-incapacitating,FAILURE TO YIELD RIGHT OF WAY,39.16664,-86.528192
1,6,1200.0,3+ Cars,No injury/unknown,DISREGARD SIGNAL/REG SIGN,39.16464,-86.568
1,7,100.0,2-Car,No injury/unknown,IMPROPER LANE USAGE,39.16968,-86.552192
1,7,700.0,Bus,Incapacitating,BRAKE FAILURE OR DEFECTIVE,39.17896,-86.53472
1,7,900.0,2-Car,No injury/unknown,FAILURE TO YIELD RIGHT OF WAY,39.17524746,-86.52701896
1,7,900.0,2-Car,No injury/unknown,IMPROPER LANE USAGE,39.16427532,-86.51640856
1,7,1200.0,2-Car,No injury/unknown,IMPROPER TURNING,39.16427532,-86.51640856
1,6,1600.0,2-Car,No injury/unknown,IMPROPER TURNING,39.228944,-86.627504
1,6,1800.0,2-Car,No injury/unknown,DISREGARD SIGNAL/REG SIGN,39.165648,-86.5324
1,6,1800.0,1-Car,No injury/unknown,RAN OFF ROAD RIGHT,39.079248,-86.619792
1,7,1500.0,2-Car,No injury/unknown,UNSAFE BACKING,39.17168,-86.527024
1,7,1700.0,1-Car,No injury/unknown,IMPROPER TURNING,39.16851475,-86.52695381
1,7,1600.0,Moped/Motorcycle,No injury/unknown,FAILURE TO YIELD RIGHT OF WAY,39.21040021,-86.50542967
1,7,1800.0,2-Car,Incapacitating,FAILURE TO YIELD RIGHT OF WAY,39.186544,-86.537888
1,4,1800.0,2-Car,No injury/unknown,FAILURE TO YIELD RIGHT OF WAY,39.10921097,-86.53382873
1,7,1500.0,2-Car,No injury/unknown,UNSAFE BACKING,39.175152,-86.534752
1,7,1600.0,2-Car,Non-incapacitating,FAILURE TO YIELD RIGHT OF WAY,39.164272,-86.501488
1,5,1500.0,1-Car,No injury/unknown,ANIMAL/OBJECT IN ROADWAY,39.31562042,-86.66162872
1,6,1600.0,2-Car,No injury/unknown,FOLLOWING TOO CLOSELY,39.071056,-86.5356
1,6,1900.0,1-Car,No injury/unknown,RAN OFF ROAD RIGHT,39.0873344,-86.67042215
1,7,1100.0,2-Car,No injury/unknown,DISREGARD SIGNAL/REG SIGN,39.16820908,-86.57639312
1,1,800.0,1-Car,No injury/unknown,RAN OFF ROAD RIGHT,39.13688,-86.628768
1,1,900.0,2-Car,No injury/unknown,FAILURE TO YIELD RIGHT OF WAY,39.146944,-86.532544
1,7,2100.0,2-Car,No injury/unknown,FOLLOWING TOO CLOSELY,39.231312,-86.636704
1,1,1400.0,2-Car,No injury/unknown,FOLLOWING TOO CLOSELY,39.164304,-86.506992
1,6,700.0,2-Car,No injury/unknown,OTHER (DRIVER) - EXPLAIN IN NARRATIVE,39.31831096,-86.51055935
1,1,800.0,1-Car,No injury/unknown,SPEED TOO FAST FOR WEATHER CONDITIONS,39.16351024,-86.41786097
1,1,900.0,1-Car,No injury/unknown,SPEED TOO FAST FOR WEATHER CONDITIONS,39.16351024,-86.41786097
1,1,900.0,1-Car,No injury/unknown,SPEED TOO FAST FOR WEATHER CONDITIONS,39.16351024,-86.41786097
1,1,2200.0,1-Car,No injury/unknown,OTHER (DRIVER) - EXPLAIN IN NARRATIVE,39.1506691,-86.53471374
1,2,200.0,1-Car,No injury/unknown,RAN OFF ROAD RIGHT,39.17600327,-86.53063151
1,2,200.0,2-Car,No injury/unknown,UNSAFE LANE MOVEMENT,39.16427532,-86.51640856
1,1,0.0,1-Car,No injury/unknown,ANIMAL/OBJECT IN ROADWAY,39.093344,-86.5868
1,6,2200.0,1-Car,Non-incapacitating,RAN OFF ROAD RIGHT,39.04934026,-86.51109208
1,7,2300.0,1-Car,No injury/unknown,RAN OFF ROAD RIGHT,39.164032,-86.570272
1,2,300.0,3+ Cars,No injury/unknown,UNSAFE SPEED,39.175504,-86.527104
1,2,1000.0,1-Car,No injury/unknown,OTHER (DRIVER) - EXPLAIN IN NARRATIVE,39.16122743,-86.51884571
1,5,700.0,1-Car,No injury/unknown,RAN OFF ROAD RIGHT,39.208544,-86.591504
1,2,1500.0,2-Car,Non-incapacitating,FAILURE TO YIELD RIGHT OF WAY,39.2512,-86.652504
1,2,1700.0,2-Car,No injury/unknown,FOLLOWING TOO CLOSELY,39.17662048,-86.56252288
1,2,1600.0,2-Car,No injury/unknown,FOLLOWING TOO CLOSELY,39.15993981,-86.55382007
1,3,1800.0,2-Car,No injury/unknown,DISREGARD SIGNAL/REG SIGN,39.105552,-86.551104
1,3,0.0,2-Car,No injury/unknown,DRIVER DISTRACTED - EXPLAIN IN NARRATIVE,39.11584,-86.5312
1,1,900.0,1-Car,Incapacitating,SPEED TOO FAST FOR WEATHER CONDITIONS,39.15149145,-86.40317983
1,1,1300.0,2-Car,No injury/unknown,OTHER (DRIVER) - EXPLAIN IN NARRATIVE,39.16742706,-86.49314117
1,6,1000.0,2-Car,No injury/unknown,FAILURE TO YIELD RIGHT OF WAY,39.16864,-86.529696
1,7,1500.0,2-Car,No injury/unknown,UNSAFE LANE MOVEMENT,39.157248,-86.559792
1,7,1800.0,2-Car,No injury/unknown,FAILURE TO YIELD RIGHT OF WAY,39.166656,-86.537296
1,7,1900.0,2-Car,No injury/unknown,UNSAFE BACKING,39.14705763,-86.53257665
1,7,2300.0,1-Car,No injury/unknown,LEFT OF CENTER,39.10921097,-86.53382873
1,6,1300.0,2-Car,No injury/unknown,IMPROPER LANE USAGE,39.176544,-86.5624
2,1,100.0,1-Car,Non-incapacitating,RAN OFF ROAD RIGHT,39.17145984,-86.50680459
1,7,1700.0,2-Car,No injury/unknown,FAILURE TO YIELD RIGHT OF WAY,39.170544,-86.534768
2,1,1100.0,2-Car,No injury/unknown,UNSAFE BACKING,39.19396833,-86.53335146
1,7,1900.0,2-Car,No injury/unknown,FAILURE TO YIELD RIGHT OF WAY,39.12144,-86.526496
2,1,1500.0,2-Car,Incapacitating,IMPROPER TURNING,39.163168,-86.516384
2,1,1800.0,1-Car,No injury/unknown,IMPROPER TURNING,39.21936967,-86.44920774
1,7,1800.0,1-Car,Incapacitating,RAN OFF ROAD RIGHT,38.85405138,-86.54503986
1,7,300.0,1-Car,No injury/unknown,DRIVER ASLEEP OR FATIGUED,39.30651541,-86.51481628
2,2,900.0,2-Car,No injury/unknown,FOLLOWING TOO CLOSELY,39.156896,-86.582704
2,2,1000.0,2-Car,No injury/unknown,FAILURE TO YIELD RIGHT OF WAY,39.15816,-86.497792
2,2,900.0,2-Car,No injury/unknown,FAILURE TO YIELD RIGHT OF WAY,39.15462032,-86.49176401
2,2,1200.0,2-Car,No injury/unknown,FOLLOWING TOO CLOSELY,39.17323818,-86.55512325
2,2,1500.0,2-Car,No injury/unknown,FAILURE TO YIELD RIGHT OF WAY,39.16144,-86.531056
2,2,1100.0,2-Car,Incapacitating,FAILURE TO YIELD RIGHT OF WAY,39.16309007,-86.52020998
2,3,900.0,2-Car,No injury/unknown,FOLLOWING TOO CLOSELY,39.16464,-86.568
2,3,900.0,2-Car,No injury/unknown,FOLLOWING TOO CLOSELY,39.136144,-86.528688
2,3,900.0,2-Car,No injury/unknown,VIEW OBSTRUCTED,39.16180998,-86.56743228
2,3,1400.0,2-Car,Non-incapacitating,FOLLOWING TOO CLOSELY,39.149552,-86.575936
2,3,1500.0,2-Car,No injury/unknown,UNSAFE BACKING,39.16394547,-86.49833535
2,3,1600.0,2-Car,No injury/unknown,IMPROPER TURNING,39.171472,-86.509376
2,3,1600.0,2-Car,Incapacitating,FAILURE TO YIELD RIGHT OF WAY,39.18056,-86.543968
2,3,1400.0,2-Car,No injury/unknown,UNSAFE BACKING,39.156144,-86.521648
2,3,1700.0,2-Car,No injury/unknown,FOLLOWING TOO CLOSELY,39.179008,-86.525888
2,3,1700.0,2-Car,No injury/unknown,FAILURE TO YIELD RIGHT OF WAY,39.179248,-86.5832
2,3,1700.0,2-Car,Non-incapacitating,FAILURE TO YIELD RIGHT OF WAY,39.16664,-86.5336
2,3,1900.0,Bus,No injury/unknown,OTHER (DRIVER) - EXPLAIN IN NARRATIVE,39.166944,-86.495056
2,3,1600.0,2-Car,No injury/unknown,FAILURE TO YIELD RIGHT OF WAY,39.171744,-86.534768
2,4,300.0,1-Car,No injury/unknown,OTHER (DRIVER) - EXPLAIN IN NARRATIVE,39.15620685,-86.56997233
2,4,1100.0,1-Car,No injury/unknown,RAN OFF ROAD RIGHT,39.163232,-86.520176
2,4,1200.0,2-Car,No injury/unknown,UNSAFE BACKING,39.173648,-86.481888
2,3,1300.0,2-Car,No injury/unknown,FAILURE TO YIELD RIGHT OF WAY,39.152,-86.3812
2,4,1300.0,2-Car,No injury/unknown,UNSAFE BACKING,39.173552,-86.515488
2,4,1300.0,3+ Cars,Non-incapacitating,DRIVER DISTRACTED - EXPLAIN IN NARRATIVE,39.18907166,-86.52171325
1,5,2000.0,2-Car,No injury/unknown,FOLLOWING TOO CLOSELY,39.21205902,-86.58701324
2,3,2000.0,Bus,No injury/unknown,ROADWAY SURFACE CONDITION,39.2512,-86.652504
2,4,1500.0,1-Car,No injury/unknown,DRIVER ILLNESS,39.23414396,-86.62434641
2,2,1200.0,2-Car,No injury/unknown,FOLLOWING TOO CLOSELY,39.186352,-86.528496
2,2,1600.0,2-Car,No injury/unknown,UNSAFE BACKING,39.17896861,-86.52179368
2,4,1300.0,1-Car,No injury/unknown,ROADWAY SURFACE CONDITION,39.06173282,-86.41444601
2,3,700.0,2-Car,No injury/unknown,UNSAFE BACKING,39.185232,-86.54060206
2,7,1300.0,2-Car,No injury/unknown,UNSAFE BACKING,39.125312,-86.610496
2,2,800.0,1-Car,No injury/unknown,SPEED TOO FAST FOR WEATHER CONDITIONS,39.09659958,-86.52765655
2,2,1000.0,2-Car,Incapacitating,SPEED TOO FAST FOR WEATHER CONDITIONS,39.00366138,-86.58485006
2,2,1100.0,2-Car,No injury/unknown,IMPROPER PASSING,39.16425012,-86.52009644
2,3,600.0,Bus,Incapacitating,FAILURE TO YIELD RIGHT OF WAY,39.15744,-86.471456
2,3,1100.0,2-Car,No injury/unknown,OTHER (DRIVER) - EXPLAIN IN NARRATIVE,39.17264,-86.522432
2,3,1300.0,2-Car,No injury/unknown,UNSAFE BACKING,39.164465,-86.54881114
2,6,1400.0,2-Car,Non-incapacitating,UNSAFE BACKING,39.15412578,-86.49786768
2,3,1700.0,Bus,No injury/unknown,OVERCORRECTING/OVERSTEERING,39.16307055,-86.51640172
2,3,1400.0,2-Car,Incapacitating,FAILURE TO YIELD RIGHT OF WAY,39.13652039,-86.55490112
2,3,1800.0,2-Car,No injury/unknown,UNSAFE BACKING,39.16471431,-86.57198258
2,3,1800.0,2-Car,No injury/unknown,,39.16846991,-86.52233241
2,3,1600.0,Bus,No injury/unknown,IMPROPER PASSING,39.16426018,-86.51639644
2,3,1300.0,2-Car,No injury/unknown,FAILURE TO YIELD RIGHT OF WAY,39.164752,-86.573104
2,3,1100.0,2-Car,No injury/unknown,FAILURE TO YIELD RIGHT OF WAY,39.15816,-86.497792
2,4,1300.0,2-Car,No injury/unknown,IMPROPER LANE USAGE,39.20146979,-86.58952027
2,3,1400.0,2-Car,No injury/unknown,SPEED TOO FAST FOR WEATHER CONDITIONS,39.12619019,-86.61423768
2,6,1300.0,2-Car,No injury/unknown,UNSAFE BACKING,39.19372177,-86.61161804
2,4,1200.0,Bus,No injury/unknown,UNSAFE LANE MOVEMENT,39.16426449,-86.5226336
2,4,1000.0,2-Car,No injury/unknown,DISREGARD SIGNAL/REG SIGN,39.12221377,-86.57112747
2,4,900.0,2-Car,No injury/unknown,FAILURE TO YIELD RIGHT OF WAY,39.12156008,-86.53915978
2,4,1400.0,3+ Cars,No injury/unknown,FOLLOWING TOO CLOSELY,39.16142978,-86.54615754
2,3,1600.0,2-Car,No injury/unknown,LEFT OF CENTER,39.56294552,-86.61335974
2,4,1600.0,2-Car,No injury/unknown,UNSAFE BACKING,39.164848,-86.57961274
2,4,1200.0,2-Car,No injury/unknown,IMPROPER LANE USAGE,39.163168,-86.516384
2,4,1000.0,2-Car,No injury/unknown,UNSAFE BACKING,39.173216,-86.536
2,4,1500.0,2-Car,Non-incapacitating,FAILURE TO YIELD RIGHT OF WAY,39.164544,-86.560096
2,5,600.0,2-Car,No injury/unknown,FAILURE TO YIELD RIGHT OF WAY,39.17896,-86.53472
2,4,1200.0,2-Car,No injury/unknown,UNSAFE BACKING,39.1696,-86.525712
2,5,1100.0,2-Car,No injury/unknown,FAILURE TO YIELD RIGHT OF WAY,39.163344,-86.5272
2,5,800.0,2-Car,No injury/unknown,FOLLOWING TOO CLOSELY,39.092976,-86.545648
2,3,2000.0,2-Car,Incapacitating,LEFT OF CENTER,39.07883089,-86.59434062
2,5,1600.0,2-Car,Non-incapacitating,FAILURE TO YIELD RIGHT OF WAY,39.18335789,-86.52263
2,5,1500.0,3+ Cars,No injury/unknown,FAILURE TO YIELD RIGHT OF WAY,39.20619965,-86.61134338
2,5,1700.0,2-Car,No injury/unknown,FOLLOWING TOO CLOSELY,39.18629,-86.52800767
2,5,1700.0,2-Car,No injury/unknown,FOLLOWING TOO CLOSELY,39.164448,-86.525792
2,2,2100.0,1-Car,No injury/unknown,UNSAFE SPEED,39.296352,-86.684896
2,4,1500.0,2-Car,Incapacitating,FOLLOWING TOO CLOSELY,39.09012095,-86.66591732
2,5,1800.0,2-Car,No injury/unknown,FOLLOWING TOO CLOSELY,39.125312,-86.610496
2,5,1600.0,2-Car,No injury/unknown,IMPROPER LANE USAGE,39.111152,-86.5348
2,4,1400.0,2-Car,No injury/unknown,FOLLOWING TOO CLOSELY,39.142048,-86.582592
2,4,1600.0,2-Car,No injury/unknown,IMPROPER TURNING,39.137088,-86.53056
2,5,2000.0,1-Car,No injury/unknown,OTHER (DRIVER) - EXPLAIN IN NARRATIVE,39.137088,-86.53056
2,5,1200.0,2-Car,Incapacitating,IMPROPER PASSING,39.11173798,-86.57913006
2,6,700.0,2-Car,No injury/unknown,UNSAFE BACKING,39.16664,-86.53338831
2,6,800.0,2-Car,No injury/unknown,FAILURE TO YIELD RIGHT OF WAY,39.17168,-86.527024
2,6,900.0,2-Car,No injury/unknown,DISREGARD SIGNAL/REG SIGN,39.157616,-86.538592
2,6,1200.0,2-Car,No injury/unknown,OTHER (DRIVER) - EXPLAIN IN NARRATIVE,39.164304,-86.506992