Month,Day,Hour,Collision Type,Injury Type,Primary Factor,Latitude,Longitude
2,6,1300.0,2-Car,No injury/unknown,FAILURE TO YIELD RIGHT OF WAY,39.13992,-86.538416
2,6,1300.0,3+ Cars,Incapacitating,FOLLOWING TOO CLOSELY,39.16619049,-86.46728758
2,6,1400.0,2-Car,No injury/unknown,IMPROPER LANE USAGE,39.16846653,-86.52117709
2,6,1700.0,2-Car,No injury/unknown,FAILURE TO YIELD RIGHT OF WAY,39.18650045,-86.53435337
2,6,1700.0,2-Car,No injury/unknown,FOLLOWING TOO CLOSELY,39.186032,-86.51984
2,6,1700.0,2-Car,No injury/unknown,FAILURE TO YIELD RIGHT OF WAY,39.18716267,-86.53412019
2,6,1500.0,2-Car,No injury/unknown,FOLLOWING TOO CLOSELY,39.14976538,-86.56883016
2,6,400.0,1-Car,No injury/unknown,RAN OFF ROAD RIGHT,39.32758974,-86.62634029
2,6,400.0,2-Car,No injury/unknown,OTHER (DRIVER) - EXPLAIN IN NARRATIVE,39.18584,-86.537872
2,6,1200.0,2-Car,No injury/unknown,UNSAFE BACKING,39.13727951,-86.5280075
2,7,800.0,2-Car,Incapacitating,DISREGARD SIGNAL/REG SIGN,39.15944,-86.53488
2,7,800.0,1-Car,Non-incapacitating,ROADWAY SURFACE CONDITION,39.17693733,-86.55863439
2,7,1100.0,1-Car,No injury/unknown,RAN OFF ROAD RIGHT,39.162352,-86.465488
2,7,1100.0,2-Car,No injury/unknown,IMPROPER LANE USAGE,39.186368,-86.5344
2,7,1300.0,2-Car,No injury/unknown,UNSAFE BACKING,39.187124,-86.53782337
2,7,1200.0,2-Car,No injury/unknown,FAILURE TO YIELD RIGHT OF WAY,39.148144,-86.572992
2,6,1200.0,2-Car,No injury/unknown,,39.173787,-86.51716386
2,7,1500.0,2-Car,No injury/unknown,IMPROPER TURNING,39.16768436,-86.53081568
2,6,1600.0,2-Car,No injury/unknown,FOLLOWING TOO CLOSELY,39.31185648,-86.5127544
2,7,1600.0,2-Car,No injury/unknown,UNSAFE BACKING,39.133744,-86.50592
2,7,1900.0,2-Car,No injury/unknown,FAILURE TO YIELD RIGHT OF WAY,39.15825796,-86.49702465
2,6,1600.0,2-Car,No injury/unknown,FAILURE TO YIELD RIGHT OF WAY,39.12201105,-86.5709031
2,7,2100.0,2-Car,No injury/unknown,ROADWAY SURFACE CONDITION,39.30670166,-86.5161972
3,1,0.0,2-Car,No injury/unknown,LEFT OF CENTER,39.16424,-86.4984
2,7,2100.0,2-Car,No injury/unknown,FOLLOWING TOO CLOSELY,39.15563017,-86.54330983
3,1,200.0,Bus,No injury/unknown,SPEED TOO FAST FOR WEATHER CONDITIONS,39.171552,-86.515728
3,1,300.0,1-Car,No injury/unknown,SPEED TOO FAST FOR WEATHER CONDITIONS,39.17275989,-86.50468596
3,1,100.0,1-Car,No injury/unknown,SPEED TOO FAST FOR WEATHER CONDITIONS,39.16853026,-86.51242017
2,4,1400.0,1-Car,No injury/unknown,OTHER (VEHICLE) - EXPLAIN IN NARRATIVE,39.133808,-86.58258358
3,1,900.0,2-Car,No injury/unknown,UNSAFE BACKING,39.16464,-86.53211918
2,7,2100.0,2-Car,Non-incapacitating,DISREGARD SIGNAL/REG SIGN,39.16504,-86.610704
3,1,1400.0,2-Car,No injury/unknown,SPEED TOO FAST FOR WEATHER CONDITIONS,39.13576,-86.489488
3,1,1600.0,2-Car,No injury/unknown,UNSAFE BACKING,39.15412578,-86.49786768
3,1,1500.0,2-Car,No injury/unknown,UNSAFE BACKING,39.16115717,-86.53485253
3,1,2200.0,3+ Cars,No injury/unknown,SPEED TOO FAST FOR WEATHER CONDITIONS,39.159504,-86.538592
3,1,2300.0,2-Car,No injury/unknown,UNSAFE BACKING,39.1662177,-86.51097988
2,6,1100.0,2-Car,No injury/unknown,FAILURE TO YIELD RIGHT OF WAY,39.09431839,-86.55906677
3,2,900.0,Bus,No injury/unknown,OTHER (DRIVER) - EXPLAIN IN NARRATIVE,39.17529009,-86.54432974
3,2,800.0,2-Car,No injury/unknown,SPEED TOO FAST FOR WEATHER CONDITIONS,39.21519851,-86.63041195
3,2,1100.0,2-Car,No injury/unknown,OTHER (DRIVER) - EXPLAIN IN NARRATIVE,39.182975,-86.529121
3,2,1400.0,2-Car,No injury/unknown,FOLLOWING TOO CLOSELY,39.17158912,-86.51939366
3,2,1500.0,2-Car,No injury/unknown,IMPROPER PASSING,39.17392294,-86.51845431
3,1,2200.0,1-Car,No injury/unknown,SPEED TOO FAST FOR WEATHER CONDITIONS,39.171472,-86.509376
3,2,1900.0,2-Car,No injury/unknown,UNSAFE BACKING,39.17157747,-86.51808392
3,2,1800.0,3+ Cars,No injury/unknown,FAILURE TO YIELD RIGHT OF WAY,39.178976,-86.536032
3,2,1800.0,2-Car,No injury/unknown,OTHER (DRIVER) - EXPLAIN IN NARRATIVE,39.16655822,-86.492816
3,2,1700.0,2-Car,No injury/unknown,FAILURE TO YIELD RIGHT OF WAY,39.20824,-86.554704
3,2,1400.0,2-Car,No injury/unknown,UNSAFE BACKING,39.145264,-86.577616
3,2,1800.0,2-Car,No injury/unknown,FAILURE TO YIELD RIGHT OF WAY,39.12141994,-86.53134986
3,2,1000.0,2-Car,No injury/unknown,UNSAFE BACKING,39.1593799,-86.5537101
3,1,1700.0,2-Car,No injury/unknown,FAILURE TO YIELD RIGHT OF WAY,39.176848,-86.533424
3,2,1600.0,2-Car,No injury/unknown,FOLLOWING TOO CLOSELY,39.01996772,-86.53611979
3,2,1700.0,2-Car,Non-incapacitating,FOLLOWING TOO CLOSELY,39.164688,-86.5712
3,2,1900.0,1-Car,Incapacitating,RAN OFF ROAD RIGHT,39.16424,-86.476096
3,2,1200.0,2-Car,No injury/unknown,FOLLOWING TOO CLOSELY,39.16664,-86.53444718
3,3,800.0,2-Car,No injury/unknown,UNSAFE BACKING,39.179024,-86.539616
3,7,1100.0,2-Car,No injury/unknown,UNSAFE BACKING,39.16424,-86.49307941
3,7,1300.0,2-Car,No injury/unknown,IMPROPER TURNING,39.16426229,-86.51775641
3,7,1500.0,2-Car,No injury/unknown,FOLLOWING TOO CLOSELY,39.17163022,-86.52237989
3,7,1800.0,2-Car,No injury/unknown,FAILURE TO YIELD RIGHT OF WAY,39.186368,-86.5344
3,7,1700.0,3+ Cars,No injury/unknown,FOLLOWING TOO CLOSELY,39.30947257,-86.51445927
3,6,1000.0,2-Car,No injury/unknown,UNSAFE BACKING,39.14107513,-86.58297729
3,7,1100.0,2-Car,No injury/unknown,UNSAFE BACKING,39.33501622,-86.59342205
3,1,1600.0,2-Car,No injury/unknown,FAILURE TO YIELD RIGHT OF WAY,39.16424,-86.495088
3,1,1400.0,2-Car,No injury/unknown,UNSAFE BACKING,39.12392521,-86.52665691
3,5,1100.0,2-Car,No injury/unknown,FAILURE TO YIELD RIGHT OF WAY,39.17645167,-86.56253061
3,2,100.0,1-Car,No injury/unknown,,39.16658486,-86.5336078
3,1,2300.0,2-Car,No injury/unknown,UNSAFE BACKING,39.16456,-86.5550845
3,6,1600.0,2-Car,No injury/unknown,UNSAFE BACKING,39.17612549,-86.51898236
3,2,800.0,2-Car,Non-incapacitating,UNSAFE SPEED,39.1789307,-86.51916841
3,2,1100.0,2-Car,No injury/unknown,FOLLOWING TOO CLOSELY,39.15379018,-86.53875008
3,2,1400.0,2-Car,No injury/unknown,UNSAFE BACKING,39.166704,-86.5408
3,7,1800.0,2-Car,No injury/unknown,,39.17135171,-86.50945074
3,2,1600.0,2-Car,Non-incapacitating,DISREGARD SIGNAL/REG SIGN,39.148144,-86.572992
3,2,1700.0,2-Car,No injury/unknown,IMPROPER TURNING,39.16335678,-86.51499176
3,2,1200.0,2-Car,No injury/unknown,UNSAFE BACKING,39.16406237,-86.52593381
3,2,1700.0,2-Car,Non-incapacitating,FOLLOWING TOO CLOSELY,39.17714755,-86.51252555
3,1,2200.0,1-Car,Incapacitating,RAN OFF ROAD RIGHT,39.2458553,-86.61127969
3,2,1200.0,2-Car,No injury/unknown,OTHER (DRIVER) - EXPLAIN IN NARRATIVE,39.16424,-86.492944
3,2,1300.0,1-Car,No injury/unknown,RAN OFF ROAD RIGHT,39.142608,-86.562048
3,2,1400.0,2-Car,No injury/unknown,UNSAFE SPEED,39.178992,-86.523504
1,5,700.0,2-Car,No injury/unknown,UNSAFE SPEED,39.13597025,-86.53111846
2,6,1400.0,2-Car,No injury/unknown,IMPROPER TURNING,39.17650909,-86.58312857
2,7,1300.0,2-Car,No injury/unknown,DRIVER DISTRACTED - EXPLAIN IN NARRATIVE,39.13704,-86.572896
3,3,900.0,2-Car,Non-incapacitating,FOLLOWING TOO CLOSELY,39.16344009,-86.55128002
3,3,1200.0,2-Car,No injury/unknown,FAILURE TO YIELD RIGHT OF WAY,39.16217342,-86.54991075
3,3,1500.0,2-Car,No injury/unknown,FAILURE TO YIELD RIGHT OF WAY,39.14596012,-86.57747102
3,3,1700.0,2-Car,No injury/unknown,UNSAFE BACKING,39.1710031,-86.5324
3,3,1800.0,2-Car,Incapacitating,FOLLOWING TOO CLOSELY,39.17580534,-86.56344483
3,3,1700.0,2-Car,No injury/unknown,UNSAFE BACKING,39.0803299,-86.51473999
3,3,1700.0,2-Car,No injury/unknown,UNSAFE BACKING,39.180352,-86.5284
3,3,2100.0,2-Car,Non-incapacitating,IMPROPER LANE USAGE,39.16427777,-86.52588752
3,3,1200.0,2-Car,No injury/unknown,DISREGARD SIGNAL/REG SIGN,39.16461021,-86.57913006
3,3,1200.0,1-Car,No injury/unknown,OTHER (ENVIRONMENTAL) - EXPLAIN IN NARR,39.16671172,-86.59908838
3,7,1000.0,2-Car,No injury/unknown,FAILURE TO YIELD RIGHT OF WAY,39.73761023,-86.274728
3,3,800.0,2-Car,No injury/unknown,UNSAFE SPEED,39.09023917,-86.54535097
3,3,2200.0,1-Car,No injury/unknown,IMPROPER LANE USAGE,39.127616,-86.538688
3,4,1200.0,2-Car,No injury/unknown,UNSAFE BACKING,39.16443758,-86.54775367
3,4,1600.0,1-Car,No injury/unknown,ANIMAL/OBJECT IN ROADWAY,39.25556115,-86.52857981
3,4,1400.0,2-Car,No injury/unknown,IMPROPER LANE USAGE,39.16697343,-86.5348602
3,4,1900.0,2-Car,No injury/unknown,FOLLOWING TOO CLOSELY,39.17157993,-86.5124885
3,4,1700.0,2-Car,No injury/unknown,FOLLOWING TOO CLOSELY,39.23506165,-86.61779785
3,4,1500.0,2-Car,No injury/unknown,FAILURE TO YIELD RIGHT OF WAY,39.16671172,-86.59908838
3,4,1800.0,2-Car,No injury/unknown,FAILURE TO YIELD RIGHT OF WAY,39.14359867,-86.58030842
3,4,1800.0,Pedestrian,Non-incapacitating,PEDESTRIAN ACTION,39.15650725,-86.58816576
3,1,0.0,3+ Cars,Non-incapacitating,DRIVER DISTRACTED - EXPLAIN IN NARRATIVE,39.16424006,-86.49827018
3,5,1100.0,2-Car,No injury/unknown,FAILURE TO YIELD RIGHT OF WAY,39.175504,-86.527104
3,4,1800.0,2-Car,No injury/unknown,DISREGARD SIGNAL/REG SIGN,39.14978027,-86.56889006
3,7,1000.0,2-Car,Non-incapacitating,FAILURE TO YIELD RIGHT OF WAY,38.95312131,-86.57913006
3,5,1200.0,2-Car,No injury/unknown,UNSAFE BACKING,39.17839758,-86.53339992
3,5,1500.0,2-Car,No injury/unknown,UNSAFE SPEED,39.33676612,-86.51067628
3,5,1200.0,1-Car,No injury/unknown,RAN OFF ROAD RIGHT,39.16409502,-86.54457045
3,5,1700.0,2-Car,No injury/unknown,FAILURE TO YIELD RIGHT OF WAY,39.16864,-86.53125663
3,5,1700.0,1-Car,No injury/unknown,ANIMAL/OBJECT IN ROADWAY,39.26170215,-86.62624977
3,5,1900.0,3+ Cars,No injury/unknown,RAN OFF ROAD RIGHT,39.141616,-86.542032
3,7,300.0,3+ Cars,No injury/unknown,UNSAFE LANE MOVEMENT,39.177776,-86.5296
3,6,700.0,2-Car,No injury/unknown,SPEED TOO FAST FOR WEATHER CONDITIONS,39.14511871,-86.57756805
3,5,1800.0,2-Car,No injury/unknown,,39.13994939,-86.53920947
3,6,900.0,2-Car,No injury/unknown,SPEED TOO FAST FOR WEATHER CONDITIONS,39.28922813,-86.51836149
3,3,2000.0,Pedestrian,Non-incapacitating,OTHER (ENVIRONMENTAL) - EXPLAIN IN NARR,39.168848,-86.55378253
3,6,700.0,Bus,No injury/unknown,FAILURE TO YIELD RIGHT OF WAY,39.15738031,-86.53243012
3,6,1000.0,2-Car,No injury/unknown,FAILURE TO YIELD RIGHT OF WAY,39.12144,-86.526496
3,6,800.0,2-Car,No injury/unknown,OTHER (DRIVER) - EXPLAIN IN NARRATIVE,39.16152,-86.538592
3,6,1300.0,2-Car,No injury/unknown,FAILURE TO YIELD RIGHT OF WAY,39.136144,-86.52662367
3,4,1800.0,Pedestrian,No injury/unknown,DISREGARD SIGNAL/REG SIGN,39.232048,-86.627296
3,6,1400.0,3+ Cars,No injury/unknown,FAILURE TO YIELD RIGHT OF WAY,39.175504,-86.527104
3,6,1600.0,1-Car,No injury/unknown,UNSAFE BACKING,39.16464,-86.5324
3,5,2000.0,1-Car,No injury/unknown,ANIMAL/OBJECT IN ROADWAY,39.11664474,-86.5659002
3,6,1700.0,2-Car,No injury/unknown,FOLLOWING TOO CLOSELY,39.16438374,-86.52364965
3,5,2200.0,2-Car,No injury/unknown,,39.17664,-86.542096
3,6,2300.0,2-Car,No injury/unknown,OTHER (DRIVER) - EXPLAIN IN NARRATIVE,39.16464,-86.5336
3,6,1700.0,2-Car,No injury/unknown,FOLLOWING TOO CLOSELY,39.186352,-86.528496
3,5,1300.0,2-Car,No injury/unknown,FOLLOWING TOO CLOSELY,39.25347374,-86.65441007
3,7,1400.0,2-Car,No injury/unknown,FOLLOWING TOO CLOSELY,39.178992,-86.537792
3,7,2000.0,2-Car,No injury/unknown,IMPROPER TURNING,39.16425012,-86.51525996
3,7,2100.0,2-Car,No injury/unknown,UNSAFE BACKING,39.13656457,-86.52910857
3,7,1800.0,Cyclist,No injury/unknown,FAILURE TO YIELD RIGHT OF WAY,39.16743,-86.495047
3,1,900.0,3+ Cars,Incapacitating,FOLLOWING TOO CLOSELY,39.25917759,-86.52426508
3,1,1100.0,Moped/Motorcycle,Incapacitating,OTHER (DRIVER) - EXPLAIN IN NARRATIVE,39.136144,-86.528688
3,1,1100.0,2-Car,No injury/unknown,OTHER (DRIVER) - EXPLAIN IN NARRATIVE,39.16876025,-86.57641969
3,1,1200.0,1-Car,No injury/unknown,OTHER (DRIVER) - EXPLAIN IN NARRATIVE,39.16548157,-86.4972763
3,5,1700.0,2-Car,Non-incapacitating,RAN OFF ROAD RIGHT,39.12152,-86.51176139
3,5,2000.0,1-Car,No injury/unknown,ANIMAL/OBJECT IN ROADWAY,39.20263934,-86.60293007
3,7,1100.0,2-Car,No injury/unknown,UNSAFE LANE MOVEMENT,39.145264,-86.577616
3,1,1800.0,2-Car,No injury/unknown,IMPROPER LANE USAGE,39.173344,-86.543792
3,2,1300.0,1-Car,Non-incapacitating,RAN OFF ROAD RIGHT,39.16115016,-86.48071981
3,2,1300.0,2-Car,No injury/unknown,FOLLOWING TOO CLOSELY,39.21073468,-86.58259977
3,2,1700.0,2-Car,No injury/unknown,UNSAFE LANE MOVEMENT,39.16664,-86.5336
3,3,2100.0,1-Car,Non-incapacitating,RAN OFF ROAD RIGHT,39.136448,-86.548704
3,2,2200.0,1-Car,No injury/unknown,RAN OFF ROAD RIGHT,39.104944,-86.61032
3,3,500.0,2-Car,No injury/unknown,,39.174352,-86.533472
3,2,1300.0,2-Car,No injury/unknown,UNSAFE BACKING,39.16410678,-86.51519608
3,3,500.0,1-Car,No injury/unknown,RAN OFF ROAD RIGHT,39.15144,-86.610496
3,3,1300.0,2-Car,No injury/unknown,FAILURE TO YIELD RIGHT OF WAY,39.142048,-86.582592
3,3,1400.0,Moped/Motorcycle,Non-incapacitating,FAILURE TO YIELD RIGHT OF WAY,39.15563017,-86.54330983
3,1,2000.0,2-Car,Incapacitating,FAILURE TO YIELD RIGHT OF WAY,39.16424,-86.480688
3,7,1900.0,2-Car,No injury/unknown,FAILURE TO YIELD RIGHT OF WAY,39.20979593,-86.58265377
3,6,1600.0,2-Car,Incapacitating,RAN OFF ROAD RIGHT,39.1419316,-86.58281025
4,2,1600.0,Bus,Non-incapacitating,FOLLOWING TOO CLOSELY,39.153392,-86.527008
4,2,1000.0,2-Car,No injury/unknown,UNSAFE BACKING,39.17906329,-86.5209221
4,2,1500.0,2-Car,Non-incapacitating,DISREGARD SIGNAL/REG SIGN,39.16464,-86.5336
4,7,2100.0,2-Car,No injury/unknown,UNSAFE BACKING,39.16664,-86.528192
4,2,1500.0,2-Car,No injury/unknown,FOLLOWING TOO CLOSELY,39.16144,-86.534848
4,2,1700.0,2-Car,No injury/unknown,FAILURE TO YIELD RIGHT OF WAY,39.17664,-86.539712
4,1,1700.0,2-Car,No injury/unknown,UNSAFE BACKING,39.13664481,-86.51891984
4,2,700.0,2-Car,No injury/unknown,IMPROPER TURNING,39.16677127,-86.54552653
4,2,2100.0,2-Car,Incapacitating,DISREGARD SIGNAL/REG SIGN,39.142048,-86.582592
4,3,300.0,1-Car,No injury/unknown,ANIMAL/OBJECT IN ROADWAY,39.30579968,-86.63102638
4,3,800.0,2-Car,No injury/unknown,UNSAFE BACKING,39.14132106,-86.53826568
4,3,800.0,2-Car,No injury/unknown,FAILURE TO YIELD RIGHT OF WAY,39.25071158,-86.57777018
4,3,1200.0,2-Car,No injury/unknown,DISREGARD SIGNAL/REG SIGN,39.16143434,-86.54614523
4,3,1000.0,2-Car,No injury/unknown,OTHER (DRIVER) - EXPLAIN IN NARRATIVE,39.18589032,-86.51897973
4,3,1200.0,2-Car,No injury/unknown,UNSAFE BACKING,39.16132517,-86.50238335
4,2,1900.0,1-Car,No injury/unknown,OTHER (DRIVER) - EXPLAIN IN NARRATIVE,39.16664,-86.526896
4,3,1500.0,3+ Cars,No injury/unknown,FOLLOWING TOO CLOSELY,39.171504,-86.495312
4,3,2200.0,2-Car,No injury/unknown,,39.165648,-86.528144
4,3,1200.0,2-Car,No injury/unknown,UNSAFE BACKING,39.17344,-86.53033078
4,4,0.0,3+ Cars,No injury/unknown,DRIVER DISTRACTED - EXPLAIN IN NARRATIVE,39.15246986,-86.49045507
4,4,1000.0,2-Car,No injury/unknown,FAILURE TO YIELD RIGHT OF WAY,39.157536,-86.5324
4,6,1400.0,2-Car,No injury/unknown,FOLLOWING TOO CLOSELY,39.17024,-86.501392
4,4,700.0,3+ Cars,Non-incapacitating,DISREGARD SIGNAL/REG SIGN,39.16461021,-86.57913006
4,4,700.0,2-Car,No injury/unknown,OTHER (DRIVER) - EXPLAIN IN NARRATIVE,39.164448,-86.471888
4,4,1400.0,2-Car,No injury/unknown,FAILURE TO YIELD RIGHT OF WAY,39.21281905,-86.45958909
4,4,1000.0,2-Car,No injury/unknown,FAILURE TO YIELD RIGHT OF WAY,39.196848,-86.5344
4,4,1600.0,2-Car,No injury/unknown,DISREGARD SIGNAL/REG SIGN,39.16038975,-86.52718976
4,4,1400.0,2-Car,No injury/unknown,IMPROPER LANE USAGE,39.164272,-86.5408
4,5,700.0,2-Car,No injury/unknown,FOLLOWING TOO CLOSELY,39.136304,-86.544592
4,2,1000.0,1-Car,No injury/unknown,RAN OFF ROAD RIGHT,39.21952997,-86.4451502
4,3,700.0,2-Car,No injury/unknown,UNSAFE BACKING,39.105552,-86.551104
4,5,1000.0,2-Car,No injury/unknown,OTHER (DRIVER) - EXPLAIN IN NARRATIVE,39.228944,-86.627504
4,5,1000.0,2-Car,No injury/unknown,OTHER (DRIVER) - EXPLAIN IN NARRATIVE,39.16767469,-86.53145944
4,5,1000.0,2-Car,No injury/unknown,FAILURE TO YIELD RIGHT OF WAY,39.133744,-86.526896
4,5,1500.0,1-Car,No injury/unknown,OVERCORRECTING/OVERSTEERING,39.178928,-86.518992
4,5,1600.0,2-Car,No injury/unknown,FAILURE TO YIELD RIGHT OF WAY,39.16309007,-86.52020998
4,5,1300.0,2-Car,No injury/unknown,UNSAFE LANE MOVEMENT,39.164448,-86.471888
4,5,1700.0,2-Car,No injury/unknown,FAILURE TO YIELD RIGHT OF WAY,39.166944,-86.495056
4,5,1800.0,2-Car,No injury/unknown,IMPROPER PASSING,39.16425613,-86.51640058
4,2,1500.0,1-Car,No injury/unknown,RAN OFF ROAD RIGHT,39.08251493,-86.4199346
4,5,1600.0,2-Car,No injury/unknown,IMPROPER TURNING,39.092944,-86.544
4,1,0.0,1-Car,No injury/unknown,ANIMAL/OBJECT IN ROADWAY,39.11371503,-86.53948031
4,5,1800.0,2-Car,No injury/unknown,IMPROPER TURNING,39.17896,-86.521088
4,6,200.0,2-Car,No injury/unknown,OTHER (DRIVER) - EXPLAIN IN NARRATIVE,39.16864,-86.533568
4,6,700.0,2-Car,No injury/unknown,FOLLOWING TOO CLOSELY,39.150544,-86.508288
4,6,800.0,2-Car,Non-incapacitating,FOLLOWING TOO CLOSELY,39.18907166,-86.52171325
4,6,800.0,3+ Cars,No injury/unknown,FOLLOWING TOO CLOSELY,39.16902128,-86.534784
4,6,1100.0,2-Car,No injury/unknown,UNSAFE BACKING,39.167648,-86.534784
4,6,900.0,2-Car,No injury/unknown,DISREGARD SIGNAL/REG SIGN,39.165648,-86.5336
4,6,1200.0,2-Car,No injury/unknown,UNSAFE BACKING,39.16410678,-86.51519608
4,6,700.0,2-Car,Non-incapacitating,DISREGARD SIGNAL/REG SIGN,39.16037969,-86.55083008
4,6,1400.0,2-Car,No injury/unknown,FOLLOWING TOO CLOSELY,39.164352,-86.510944
4,6,1400.0,2-Car,No injury/unknown,FOLLOWING TOO CLOSELY,39.185392,-86.537856
4,6,1400.0,2-Car,No injury/unknown,UNSAFE BACKING,39.1770104,-86.5296
4,6,1600.0,3+ Cars,No injury/unknown,FOLLOWING TOO CLOSELY,39.16424,-86.492944
4,6,2000.0,1-Car,No injury/unknown,RAN OFF ROAD RIGHT,39.178944,-86.533392
4,6,1400.0,2-Car,Incapacitating,FAILURE TO YIELD RIGHT OF WAY,39.165696,-86.508208
4,6,1400.0,1-Car,No injury/unknown,UNSAFE BACKING,39.16299853,-86.53885649
4,4,1900.0,2-Car,No injury/unknown,FOLLOWING TOO CLOSELY,39.15944,-86.53488
4,6,2100.0,3+ Cars,Non-incapacitating,FOLLOWING TOO CLOSELY,39.16424,-86.4984
4,7,2300.0,2-Car,No injury/unknown,UNSAFE BACKING,39.16444703,-86.52575968
4,7,0.0,2-Car,No injury/unknown,FAILURE TO YIELD RIGHT OF WAY,39.171632,-86.52353600000001
4,6,1900.0,2-Car,No injury/unknown,UNSAFE BACKING,39.232544,-86.540704
4,7,1400.0,2-Car,No injury/unknown,FOLLOWING TOO CLOSELY,39.17227292,-86.5024615
4,6,1600.0,2-Car,Non-incapacitating,FAILURE TO YIELD RIGHT OF WAY,39.16032,-86.527136
4,7,100.0,2-Car,No injury/unknown,IMPROPER TURNING,39.169632,-86.5452
4,7,1100.0,2-Car,No injury/unknown,IMPROPER TURNING,39.175952,-86.53344
4,7,1600.0,2-Car,No injury/unknown,FAILURE TO YIELD RIGHT OF WAY,39.175504,-86.527104
4,7,1400.0,2-Car,No injury/unknown,FAILURE TO YIELD RIGHT OF WAY,39.16768,-86.538592
4,7,1700.0,2-Car,No injury/unknown,DISREGARD SIGNAL/REG SIGN,39.16313969,-86.52727022
4,7,1800.0,2-Car,No injury/unknown,FOLLOWING TOO CLOSELY,39.167648,-86.500096
4,6,2100.0,1-Car,No injury/unknown,RAN OFF ROAD RIGHT,39.042144,-86.5412
4,6,1600.0,1-Car,Fatal,RAN OFF ROAD RIGHT,39.122352,-86.5964
4,7,1500.0,2-Car,Fatal,RAN OFF ROAD RIGHT,39.05918475,-86.61081969
4,7,1600.0,2-Car,No injury/unknown,FAILURE TO YIELD RIGHT OF WAY,39.170544,-86.533536
3,2,2300.0,1-Car,No injury/unknown,RAN OFF ROAD RIGHT,39.21649933,-86.59526824
4,6,500.0,1-Car,No injury/unknown,ANIMAL/OBJECT IN ROADWAY,39.20813215,-86.57812268
4,1,0.0,2-Car,Non-incapacitating,,39.168848,-86.481296
4,7,500.0,1-Car,Incapacitating,OTHER (DRIVER) - EXPLAIN IN NARRATIVE,39.125312,-86.610496
4,1,400.0,2-Car,Incapacitating,DRIVER ASLEEP OR FATIGUED,39.16464,-86.5336
4,7,1200.0,2-Car,No injury/unknown,LEFT OF CENTER,38.97667209,-86.4416809
4,1,900.0,2-Car,No injury/unknown,DISREGARD SIGNAL/REG SIGN,39.16864,-86.528224
4,7,2200.0,2-Car,No injury/unknown,FOLLOWING TOO CLOSELY,39.171552,-86.515728
1,1,1300.0,2-Car,Incapacitating,UNSAFE SPEED,39.17599001,-86.56318363
1,3,900.0,3+ Cars,Non-incapacitating,FOLLOWING TOO CLOSELY,39.13608,-86.538096
1,3,800.0,2-Car,No injury/unknown,FAILURE TO YIELD RIGHT OF WAY,39.169616,-86.52696
1,3,1000.0,Pedestrian,Incapacitating,FAILURE TO YIELD RIGHT OF WAY,39.16864,-86.523392
1,1,600.0,1-Car,Non-incapacitating,RAN OFF ROAD RIGHT,39.162864,-86.414432
1,1,1200.0,2-Car,No injury/unknown,FOLLOWING TOO CLOSELY,39.13504,-86.596192
1,3,1200.0,2-Car,No injury/unknown,UNSAFE BACKING,39.16664,-86.52798041
1,3,1000.0,Pedestrian,Incapacitating,PEDESTRIAN ACTION,39.178944,-86.533392
1,3,700.0,2-Car,Incapacitating,LEFT OF CENTER,39.15810156,-86.55750275
1,2,1700.0,3+ Cars,No injury/unknown,UNSAFE SPEED,39.17896726,-86.55952979
1,3,2100.0,2-Car,No injury/unknown,DISREGARD SIGNAL/REG SIGN,39.136448,-86.548704
1,3,2000.0,2-Car,Non-incapacitating,FOLLOWING TOO CLOSELY,39.232688,-86.623056
1,3,1600.0,2-Car,Incapacitating,FOLLOWING TOO CLOSELY,39.20619965,-86.61134338
1,1,400.0,1-Car,No injury/unknown,RAN OFF ROAD RIGHT,39.20801975,-86.52872428
1,6,700.0,1-Car,No injury/unknown,ROADWAY SURFACE CONDITION,39.16747214,-86.57272682
1,2,700.0,2-Car,No injury/unknown,FAILURE TO YIELD RIGHT OF WAY,39.27146912,-86.67021209
1,4,900.0,2-Car,No injury/unknown,FOLLOWING TOO CLOSELY,39.168656,-86.534784
1,4,800.0,Bus,Non-incapacitating,FAILURE TO YIELD RIGHT OF WAY,39.136144,-86.528688
1,4,1100.0,2-Car,No injury/unknown,DRIVER DISTRACTED - EXPLAIN IN NARRATIVE,39.16105025,-86.51772022
1,3,900.0,2-Car,No injury/unknown,FOLLOWING TOO CLOSELY,39.18336019,-86.53415009
1,4,1100.0,3+ Cars,No injury/unknown,OTHER (DRIVER) - EXPLAIN IN NARRATIVE,39.20704,-86.534704
1,4,700.0,2-Car,No injury/unknown,FAILURE TO YIELD RIGHT OF WAY,39.210144,-86.5832
1,3,1200.0,2-Car,No injury/unknown,,39.1730517,-86.5041985
1,4,1800.0,2-Car,Non-incapacitating,FOLLOWING TOO CLOSELY,39.155152,-86.497888
1,4,1800.0,1-Car,No injury/unknown,ANIMAL/OBJECT IN ROADWAY,39.155943,-86.55112098
1,4,600.0,2-Car,No injury/unknown,UNSAFE BACKING,39.177792,-86.530864
1,5,600.0,2-Car,No injury/unknown,FOLLOWING TOO CLOSELY,39.172752,-86.482288
1,4,1300.0,1-Car,No injury/unknown,UNSAFE SPEED,39.21424702,-86.47831157