Month,Day,Hour,Collision Type,Injury Type,Primary Factor,Latitude,Longitude
1,3,700.0,2-Car,No injury/unknown,IMPROPER TURNING,39.142048,-86.582592
1,5,900.0,2-Car,No injury/unknown,FOLLOWING TOO CLOSELY,39.17162998,-86.52351778
1,5,1200.0,2-Car,No injury/unknown,UNSAFE LANE MOVEMENT,39.162848,-86.5336
1,5,1300.0,2-Car,No injury/unknown,DRIVER DISTRACTED - EXPLAIN IN NARRATIVE,39.171648,-86.502096
1,6,800.0,2-Car,No injury/unknown,SPEED TOO FAST FOR WEATHER CONDITIONS,39.15835953,-86.58274637
1,5,1900.0,2-Car,No injury/unknown,FAILURE TO YIELD RIGHT OF WAY,39.17344,-86.527056
1,5,1900.0,2-Car,No injury/unknown,FAILURE TO YIELD RIGHT OF WAY,39.17344,-86.527056
1,5,2000.0,2-Car,No injury/unknown,FOLLOWING TOO CLOSELY,39.171744,-86.53352
1,4,1800.0,2-Car,No injury/unknown,ANIMAL/OBJECT IN ROADWAY,39.136448,-86.548704
1,5,2100.0,2-Car,No injury/unknown,FAILURE TO YIELD RIGHT OF WAY,39.17524746,-86.52701896
1,5,1900.0,2-Car,No injury/unknown,IMPROPER LANE USAGE,39.157568,-86.534896
1,5,2100.0,1-Car,No injury/unknown,FAILURE TO YIELD RIGHT OF WAY,39.16880751,-86.53356506
1,3,1200.0,2-Car,No injury/unknown,FOLLOWING TOO CLOSELY,39.22039032,-86.41104355
1,6,1000.0,2-Car,No injury/unknown,,39.164448,-86.528096
1,6,700.0,3+ Cars,No injury/unknown,DRIVER DISTRACTED - EXPLAIN IN NARRATIVE,39.30670166,-86.51615394
1,5,2000.0,2-Car,No injury/unknown,UNSAFE BACKING,39.17896,-86.521088
1,6,1700.0,2-Car,No injury/unknown,OTHER (DRIVER) - EXPLAIN IN NARRATIVE,39.16153611,-86.53976784
1,6,1500.0,2-Car,No injury/unknown,UNSAFE SPEED,39.16424006,-86.49827018
1,5,2000.0,2-Car,No injury/unknown,IMPROPER TURNING,39.18384,-86.5192
1,6,1700.0,2-Car,No injury/unknown,IMPROPER TURNING,39.171648,-86.50435515
1,6,1700.0,2-Car,Non-incapacitating,IMPROPER LANE USAGE,39.16425012,-86.51525996
1,6,2200.0,2-Car,No injury/unknown,DISREGARD SIGNAL/REG SIGN,39.16464,-86.5336
1,7,800.0,2-Car,Non-incapacitating,FAILURE TO YIELD RIGHT OF WAY,39.178992,-86.537792
1,7,200.0,1-Car,No injury/unknown,RAN OFF ROAD RIGHT,39.100752,-86.593504
1,7,1200.0,2-Car,No injury/unknown,FAILURE TO YIELD RIGHT OF WAY,39.16562006,-86.57599993
1,7,1000.0,2-Car,No injury/unknown,UNSAFE BACKING,39.16310246,-86.52108721
1,7,1100.0,1-Car,No injury/unknown,UNSAFE LANE MOVEMENT,39.16315913,-86.52214653
1,7,0.0,2-Car,No injury/unknown,OTHER (DRIVER) - EXPLAIN IN NARRATIVE,39.15148012,-86.53250992
1,7,200.0,2-Car,No injury/unknown,UNSAFE BACKING,39.17631322,-86.51321032
1,6,1700.0,2-Car,No injury/unknown,FAILURE TO YIELD RIGHT OF WAY,39.13679409,-86.52933809
1,6,2200.0,1-Car,No injury/unknown,ANIMAL/OBJECT IN ROADWAY,39.33448,-86.614368
1,7,1500.0,2-Car,Incapacitating,FAILURE TO YIELD RIGHT OF WAY,39.16144,-86.531056
1,7,1700.0,2-Car,No injury/unknown,FAILURE TO YIELD RIGHT OF WAY,39.16864,-86.5324
1,7,1500.0,2-Car,No injury/unknown,UNSAFE BACKING,39.1513963,-86.57068043
1,7,1800.0,2-Car,No injury/unknown,FOLLOWING TOO CLOSELY,39.155152,-86.497888
1,7,1400.0,2-Car,No injury/unknown,UNSAFE LANE MOVEMENT,39.170544,-86.530992
1,7,1000.0,1-Car,No injury/unknown,RAN OFF ROAD RIGHT,39.22039032,-86.41105651
1,1,1100.0,1-Car,Non-incapacitating,SPEED TOO FAST FOR WEATHER CONDITIONS,39.15128969,-86.59638682
1,1,1100.0,2-Car,No injury/unknown,WRONG WAY ON ONE WAY,39.09088158,-86.51473999
1,6,800.0,Pedestrian,Non-incapacitating,FAILURE TO YIELD RIGHT OF WAY,39.121648,-86.539088
1,1,2200.0,2-Car,No injury/unknown,OTHER (DRIVER) - EXPLAIN IN NARRATIVE,39.222752,-86.550096
1,2,700.0,2-Car,No injury/unknown,UNSAFE SPEED,39.16463885,-86.58291871
1,2,1100.0,Bus,No injury/unknown,UNSAFE LANE MOVEMENT,39.16851014,-86.52823259
1,2,1600.0,2-Car,Non-incapacitating,UNSAFE LANE MOVEMENT,39.170544,-86.533536
1,2,700.0,Pedestrian,Non-incapacitating,FAILURE TO YIELD RIGHT OF WAY,39.16421995,-86.4763002
1,1,1700.0,2-Car,No injury/unknown,FOLLOWING TOO CLOSELY,39.11489515,-86.63129155
1,2,1900.0,2-Car,No injury/unknown,UNSAFE BACKING,39.15250667,-86.497904
1,3,0.0,1-Car,No injury/unknown,SPEED TOO FAST FOR WEATHER CONDITIONS,39.12377022,-86.50865033
1,2,1200.0,2-Car,No injury/unknown,FOLLOWING TOO CLOSELY,39.148064,-86.526912
1,3,400.0,1-Car,Incapacitating,SPEED TOO FAST FOR WEATHER CONDITIONS,39.02058357,-86.53618193
1,2,1300.0,1-Car,Incapacitating,OVERCORRECTING/OVERSTEERING,39.17164801,-86.50673515
1,3,800.0,1-Car,No injury/unknown,OTHER (ENVIRONMENTAL) - EXPLAIN IN NARR,39.20263934,-86.60293007
1,4,1900.0,2-Car,No injury/unknown,OTHER (DRIVER) - EXPLAIN IN NARRATIVE,39.16023619,-86.55678324
1,3,700.0,2-Car,No injury/unknown,ROADWAY SURFACE CONDITION,39.23821002,-86.62392027
1,3,1200.0,2-Car,No injury/unknown,FAILURE TO YIELD RIGHT OF WAY,39.16664,-86.530992
1,3,1600.0,2-Car,No injury/unknown,UNSAFE BACKING,39.165648,-86.5336
1,3,1900.0,1-Car,Non-incapacitating,OVERCORRECTING/OVERSTEERING,39.13599975,-86.50409131
1,4,900.0,1-Car,No injury/unknown,RAN OFF ROAD RIGHT,39.155776,-86.538592
1,2,1500.0,2-Car,Non-incapacitating,FOLLOWING TOO CLOSELY,39.14387261,-86.57995526
1,4,700.0,2-Car,No injury/unknown,FOLLOWING TOO CLOSELY,39.09283916,-86.54563315
1,4,900.0,2-Car,No injury/unknown,FAILURE TO YIELD RIGHT OF WAY,39.16224,-86.5176
1,4,1100.0,2-Car,No injury/unknown,UNSAFE BACKING,39.1662177,-86.51097988
1,4,700.0,3+ Cars,No injury/unknown,FOLLOWING TOO CLOSELY,39.092976,-86.545648
1,3,700.0,1-Car,No injury/unknown,SPEED TOO FAST FOR WEATHER CONDITIONS,39.13586997,-86.49740259
1,4,1200.0,1-Car,No injury/unknown,IMPROPER TURNING,39.17157747,-86.51808392
1,5,1900.0,2-Car,No injury/unknown,OTHER (DRIVER) - EXPLAIN IN NARRATIVE,39.14321865,-86.53875008
1,3,700.0,1-Car,No injury/unknown,SPEED TOO FAST FOR WEATHER CONDITIONS,39.201488,-86.601968
1,4,1400.0,2-Car,No injury/unknown,FOLLOWING TOO CLOSELY,39.20764272,-86.57990586
1,4,1500.0,3+ Cars,Non-incapacitating,BRAKE FAILURE OR DEFECTIVE,39.164544,-86.560096
1,4,1400.0,2-Car,No injury/unknown,FAILURE TO YIELD RIGHT OF WAY,39.17511699,-86.51902368
1,6,1900.0,1-Car,No injury/unknown,UNSAFE BACKING,39.17783417,-86.50846123
1,4,1600.0,3+ Cars,Incapacitating,FAILURE TO YIELD RIGHT OF WAY,39.160944,-86.497696
1,4,700.0,2-Car,No injury/unknown,UNSAFE BACKING,39.17471408,-86.51501534
1,4,1700.0,2-Car,Non-incapacitating,FOLLOWING TOO CLOSELY,39.16074984,-86.54850997
1,4,1500.0,2-Car,No injury/unknown,DISREGARD SIGNAL/REG SIGN,39.159504,-86.538592
1,4,1700.0,2-Car,Fatal,OTHER (DRIVER) - EXPLAIN IN NARRATIVE,39.125312,-86.610496
1,4,1200.0,2-Car,No injury/unknown,FOLLOWING TOO CLOSELY,39.15344,-86.5336
1,3,1300.0,1-Car,No injury/unknown,OTHER (DRIVER) - EXPLAIN IN NARRATIVE,39.164544,-86.552192
1,5,1200.0,3+ Cars,Incapacitating,DRIVER DISTRACTED - EXPLAIN IN NARRATIVE,39.10725988,-86.53149001
1,5,1500.0,2-Car,No injury/unknown,UNSAFE BACKING,39.20304,-86.547392
1,5,1600.0,3+ Cars,No injury/unknown,FOLLOWING TOO CLOSELY,39.17197385,-86.53867028
1,2,2300.0,1-Car,No injury/unknown,UNSAFE LANE MOVEMENT,39.17906597,-86.52582384
1,5,1500.0,2-Car,No injury/unknown,FOLLOWING TOO CLOSELY,39.164272,-86.502416
1,5,1000.0,2-Car,Non-incapacitating,ACCELERATOR FAILURE OR DEFECTIVE,39.186368,-86.5344
1,4,500.0,1-Car,Non-incapacitating,RAN OFF ROAD RIGHT,39.208048,-86.528704
1,5,1000.0,2-Car,Non-incapacitating,UNSAFE BACKING,39.18636592,-86.53404709
1,6,1100.0,2-Car,No injury/unknown,LEFT OF CENTER,39.17154975,-86.49086996
1,6,1200.0,2-Car,No injury/unknown,FAILURE TO YIELD RIGHT OF WAY,39.16825801,-86.5763399
1,6,1200.0,2-Car,No injury/unknown,FAILURE TO YIELD RIGHT OF WAY,39.14828415,-86.5329291
1,6,1100.0,2-Car,No injury/unknown,FAILURE TO YIELD RIGHT OF WAY,39.13584,-86.496288
1,6,1700.0,2-Car,No injury/unknown,UNSAFE LANE MOVEMENT,39.16424,-86.4984
1,6,1400.0,2-Car,Incapacitating,FAILURE TO YIELD RIGHT OF WAY,39.16093865,-86.58292002
1,6,1700.0,2-Car,No injury/unknown,FOLLOWING TOO CLOSELY,39.164544,-86.560096
1,6,1600.0,2-Car,No injury/unknown,FAILURE TO YIELD RIGHT OF WAY,39.17026028,-86.57266996
1,6,1600.0,3+ Cars,Incapacitating,DISREGARD SIGNAL/REG SIGN,39.17979888,-86.50723113
1,6,1700.0,2-Car,Incapacitating,DISREGARD SIGNAL/REG SIGN,39.16424,-86.480688
1,6,1500.0,3+ Cars,Non-incapacitating,FOLLOWING TOO CLOSELY,39.17007363,-86.50130881
1,6,1900.0,2-Car,No injury/unknown,OTHER (DRIVER) - EXPLAIN IN NARRATIVE,39.15031738,-86.53008584
1,7,400.0,1-Car,No injury/unknown,OTHER (DRIVER) - EXPLAIN IN NARRATIVE,39.185232,-86.54060206
1,3,500.0,1-Car,No injury/unknown,SPEED TOO FAST FOR WEATHER CONDITIONS,39.25177383,-86.47724151
1,7,1300.0,3+ Cars,No injury/unknown,FOLLOWING TOO CLOSELY,39.17024,-86.501392
1,7,1300.0,2-Car,Incapacitating,FAILURE TO YIELD RIGHT OF WAY,39.16074984,-86.54850997
1,2,1300.0,Bus,No injury/unknown,OTHER (DRIVER) - EXPLAIN IN NARRATIVE,39.15246986,-86.49053723
2,4,1400.0,2-Car,No injury/unknown,OTHER (DRIVER) - EXPLAIN IN NARRATIVE,39.168752,-86.5436
2,4,1800.0,1-Car,No injury/unknown,UNSAFE BACKING,39.17157747,-86.51808392
2,4,1400.0,3+ Cars,No injury/unknown,OTHER (DRIVER) - EXPLAIN IN NARRATIVE,39.175968,-86.532288
2,4,1700.0,2-Car,Incapacitating,LEFT OF CENTER,39.208048,-86.528704
2,4,2000.0,2-Car,No injury/unknown,SPEED TOO FAST FOR WEATHER CONDITIONS,39.17800784,-86.51889301
2,4,2000.0,Bus,No injury/unknown,FAILURE TO YIELD RIGHT OF WAY,39.16751336,-86.5269452
2,4,1800.0,2-Car,No injury/unknown,SPEED TOO FAST FOR WEATHER CONDITIONS,39.17923465,-86.53471898
2,4,1900.0,1-Car,No injury/unknown,SPEED TOO FAST FOR WEATHER CONDITIONS,39.16387853,-86.53482318
2,4,2100.0,1-Car,No injury/unknown,ROADWAY SURFACE CONDITION,39.16304983,-86.51638984
2,4,2300.0,1-Car,No injury/unknown,SPEED TOO FAST FOR WEATHER CONDITIONS,39.17166978,-86.48929014
2,4,1900.0,1-Car,No injury/unknown,RAN OFF ROAD RIGHT,39.22464,-86.539392
2,5,700.0,2-Car,No injury/unknown,ROADWAY SURFACE CONDITION,39.16442983,-86.55630983
2,5,800.0,1-Car,No injury/unknown,SPEED TOO FAST FOR WEATHER CONDITIONS,39.31408333,-85.48831667
2,5,1100.0,2-Car,No injury/unknown,IMPROPER TURNING,39.16464,-86.534816
2,5,1200.0,2-Car,No injury/unknown,IMPROPER PASSING,39.16464,-86.531024
2,4,2100.0,1-Car,No injury/unknown,SPEED TOO FAST FOR WEATHER CONDITIONS,39.13584,-86.480496
2,4,1900.0,2-Car,No injury/unknown,LEFT OF CENTER,39.29414449,-86.51947021
2,4,2000.0,1-Car,No injury/unknown,RAN OFF ROAD RIGHT,39.31173574,-86.51283861
2,4,1000.0,2-Car,No injury/unknown,OTHER (DRIVER) - EXPLAIN IN NARRATIVE,39.14213562,-86.52915191
2,5,2000.0,1-Car,No injury/unknown,RAN OFF ROAD RIGHT,39.157568,-86.534896
2,5,1600.0,2-Car,No injury/unknown,FOLLOWING TOO CLOSELY,39.16464,-86.5336
2,5,2200.0,2-Car,No injury/unknown,FAILURE TO YIELD RIGHT OF WAY,39.16464,-86.5336
2,5,2300.0,2-Car,Incapacitating,IMPROPER TURNING,39.183605,-86.530387
2,5,2300.0,3+ Cars,Incapacitating,LEFT OF CENTER,39.181744,-86.530192
2,5,2300.0,2-Car,No injury/unknown,FOLLOWING TOO CLOSELY,39.164448,-86.5268
2,5,600.0,1-Car,No injury/unknown,RAN OFF ROAD RIGHT,39.26274948,-86.52262902
2,5,700.0,2-Car,No injury/unknown,FOLLOWING TOO CLOSELY,39.26220126,-86.52261598
2,5,800.0,2-Car,No injury/unknown,SPEED TOO FAST FOR WEATHER CONDITIONS,39.03417863,-86.51947021
2,5,700.0,2-Car,No injury/unknown,RAN OFF ROAD RIGHT,39.28310542,-86.52179929
2,6,900.0,1-Car,No injury/unknown,RAN OFF ROAD RIGHT,39.23164485,-86.67094287
2,6,1200.0,2-Car,No injury/unknown,UNSAFE BACKING,39.167648,-86.534784
2,6,1100.0,2-Car,No injury/unknown,,39.152352,-86.5064
2,6,100.0,2-Car,No injury/unknown,,39.17602502,-86.53047479
2,5,2000.0,2-Car,No injury/unknown,UNSAFE LANE MOVEMENT,39.163344,-86.5272
2,6,1600.0,3+ Cars,No injury/unknown,FOLLOWING TOO CLOSELY,39.1631179,-86.52403492
2,6,1600.0,2-Car,No injury/unknown,UNSAFE BACKING,39.17906329,-86.5209221
2,6,1700.0,1-Car,No injury/unknown,UNSAFE BACKING,39.03407288,-86.4906311
2,6,1600.0,3+ Cars,Incapacitating,FOLLOWING TOO CLOSELY,39.18558944,-86.57353973
2,6,1700.0,2-Car,No injury/unknown,LEFT OF CENTER,39.23031025,-86.4732658
2,5,800.0,2-Car,No injury/unknown,FAILURE TO YIELD RIGHT OF WAY,39.179248,-86.5832
2,5,1300.0,2-Car,No injury/unknown,UNSAFE BACKING,39.15266671,-86.58359594
2,7,1000.0,2-Car,No injury/unknown,FOLLOWING TOO CLOSELY,39.15540218,-86.49749971
2,7,900.0,2-Car,No injury/unknown,IMPROPER TURNING,39.16426229,-86.51775641
2,5,2100.0,2-Car,No injury/unknown,SPEED TOO FAST FOR WEATHER CONDITIONS,39.3824478,-86.55792236
2,7,1700.0,2-Car,No injury/unknown,FAILURE TO YIELD RIGHT OF WAY,39.169552,-86.529696
2,7,1700.0,2-Car,Non-incapacitating,DISREGARD SIGNAL/REG SIGN,39.16074984,-86.54850997
2,7,1300.0,2-Car,No injury/unknown,FOLLOWING TOO CLOSELY,39.136144,-86.528688
2,7,200.0,2-Car,No injury/unknown,UNSAFE BACKING,39.174192,-86.541072
2,1,400.0,3+ Cars,No injury/unknown,,39.16144,-86.528288
2,7,200.0,2-Car,No injury/unknown,RAN OFF ROAD RIGHT,39.17619886,-86.52693714
2,7,2100.0,3+ Cars,Incapacitating,LEFT OF CENTER,39.26696063,-86.66582979
2,5,900.0,1-Car,Incapacitating,SPEED TOO FAST FOR WEATHER CONDITIONS,39.14066572,-86.53289794
2,1,1800.0,2-Car,Non-incapacitating,IMPROPER TURNING,39.15058524,-86.4979936
2,1,2000.0,2-Car,Non-incapacitating,FOLLOWING TOO CLOSELY,39.186368,-86.5344
2,6,2000.0,2-Car,No injury/unknown,UNSAFE SPEED,39.20840935,-86.55361584
2,7,2300.0,2-Car,No injury/unknown,ANIMAL/OBJECT IN ROADWAY,39.08624,-86.542
2,7,500.0,1-Car,No injury/unknown,RAN OFF ROAD RIGHT,39.14190066,-86.5828886
2,1,300.0,1-Car,No injury/unknown,RAN OFF ROAD RIGHT,39.1216774,-86.48906707
2,2,700.0,1-Car,No injury/unknown,DRIVER DISTRACTED - EXPLAIN IN NARRATIVE,39.164448,-86.528096
2,2,700.0,2-Car,No injury/unknown,,39.18094254,-86.54261016
2,2,1200.0,1-Car,Incapacitating,RAN OFF ROAD RIGHT,39.20801975,-86.52873726
2,2,1100.0,2-Car,No injury/unknown,,39.17975117,-86.49529366
2,2,1600.0,3+ Cars,Non-incapacitating,FOLLOWING TOO CLOSELY,39.16440971,-86.55390333
2,2,1800.0,2-Car,No injury/unknown,FAILURE TO YIELD RIGHT OF WAY,39.169616,-86.5436
2,4,2000.0,2-Car,No injury/unknown,ROADWAY SURFACE CONDITION,39.16040987,-86.60478003
2,2,2200.0,1-Car,No injury/unknown,RAN OFF ROAD RIGHT,39.12144005,-86.51157997
2,3,1000.0,1-Car,No injury/unknown,INSECURE/LEAKY LOAD,39.07377988,-86.57107003
2,3,1700.0,2-Car,No injury/unknown,FAILURE TO YIELD RIGHT OF WAY,39.107344,-86.5264
2,3,1500.0,Bus,Incapacitating,DRIVER ILLNESS,39.15584,-86.506496
2,3,1500.0,Pedestrian,Incapacitating,IMPROPER TURNING,39.16664,-86.528192
2,3,2000.0,Pedestrian,Non-incapacitating,PEDESTRIAN ACTION,39.150544,-86.5336
2,4,0.0,1-Car,Non-incapacitating,ANIMAL/OBJECT IN ROADWAY,39.30224,-86.663808
2,4,600.0,2-Car,No injury/unknown,UNSAFE LANE MOVEMENT,39.20835355,-86.56252288
2,3,1400.0,2-Car,No injury/unknown,UNSAFE BACKING,39.16677127,-86.54552653
2,1,1900.0,3+ Cars,Incapacitating,LEFT OF CENTER,39.15171874,-86.38255516
2,4,1200.0,2-Car,No injury/unknown,FOLLOWING TOO CLOSELY,39.15344,-86.5336
2,4,1500.0,2-Car,No injury/unknown,UNSAFE LANE MOVEMENT,39.16424,-86.518992
2,4,1700.0,2-Car,No injury/unknown,UNSAFE SPEED,39.17543601,-86.56396724
2,2,800.0,2-Car,No injury/unknown,OTHER (VEHICLE) - EXPLAIN IN NARRATIVE,39.164848,-86.57602133
2,6,1200.0,2-Car,No injury/unknown,UNSAFE BACKING,39.167248,-86.484192
2,5,800.0,1-Car,No injury/unknown,UNSAFE BACKING,39.13934716,-86.54755656
2,5,900.0,1-Car,No injury/unknown,ROADWAY SURFACE CONDITION,39.04018419,-86.54416009
2,5,1100.0,2-Car,No injury/unknown,FAILURE TO YIELD RIGHT OF WAY,39.186944,-86.5468
2,5,1200.0,2-Car,No injury/unknown,UNSAFE BACKING,39.16664,-86.5336
2,5,1400.0,2-Car,Incapacitating,FOLLOWING TOO CLOSELY,39.171472,-86.509376
2,5,1700.0,2-Car,No injury/unknown,FOLLOWING TOO CLOSELY,39.17599001,-86.56318363
2,5,1800.0,2-Car,No injury/unknown,FOLLOWING TOO CLOSELY,39.16463971,-86.58292002
2,5,1800.0,2-Car,No injury/unknown,IMPROPER PASSING,39.176048,-86.552592
2,4,1400.0,2-Car,No injury/unknown,FAILURE TO YIELD RIGHT OF WAY,39.210144,-86.5832
2,5,2000.0,Pedestrian,Non-incapacitating,OTHER (DRIVER) - EXPLAIN IN NARRATIVE,39.0803299,-86.51473999
2,5,2200.0,2-Car,No injury/unknown,OTHER (DRIVER) - EXPLAIN IN NARRATIVE,39.165648,-86.5336
2,5,2200.0,Cyclist,No injury/unknown,FAILURE TO YIELD RIGHT OF WAY,39.136144,-86.523744
2,5,2100.0,1-Car,Non-incapacitating,RAN OFF ROAD RIGHT,39.082166,-86.5157979
2,6,400.0,2-Car,No injury/unknown,OTHER (DRIVER) - EXPLAIN IN NARRATIVE,39.178992,-86.537792
2,5,700.0,2-Car,No injury/unknown,UNSAFE BACKING,39.12144,-86.526496
2,5,700.0,1-Car,Incapacitating,RAN OFF ROAD RIGHT,39.30432,-86.5168
2,6,800.0,1-Car,No injury/unknown,VIEW OBSTRUCTED,39.167712,-86.5452
2,6,700.0,2-Car,No injury/unknown,FOLLOWING TOO CLOSELY,39.176848,-86.478192
2,5,800.0,2-Car,No injury/unknown,FAILURE TO YIELD RIGHT OF WAY,39.21328558,-86.59020994
2,5,1300.0,2-Car,No injury/unknown,UNSAFE BACKING,39.167664,-86.537296
2,6,1100.0,2-Car,Non-incapacitating,DISREGARD SIGNAL/REG SIGN,39.18336019,-86.53415009
2,6,1100.0,2-Car,No injury/unknown,FAILURE TO YIELD RIGHT OF WAY,39.178992,-86.537792
2,6,1200.0,2-Car,No injury/unknown,FAILURE TO YIELD RIGHT OF WAY,39.154352,-86.5336
2,6,1400.0,2-Car,No injury/unknown,FOLLOWING TOO CLOSELY,39.164304,-86.506992
2,6,1800.0,3+ Cars,Non-incapacitating,FOLLOWING TOO CLOSELY,39.08217966,-85.81297853
2,6,1700.0,2-Car,No injury/unknown,FOLLOWING TOO CLOSELY,39.19377136,-86.57120616
2,6,1800.0,3+ Cars,No injury/unknown,FOLLOWING TOO CLOSELY,39.210144,-86.5832
2,4,1800.0,1-Car,Non-incapacitating,UNSAFE SPEED,39.09264,-86.51672
2,6,300.0,2-Car,No injury/unknown,OVERCORRECTING/OVERSTEERING,39.16144,-86.5324
2,5,1500.0,2-Car,No injury/unknown,DRIVER DISTRACTED - EXPLAIN IN NARRATIVE,39.17617467,-86.56292242
2,6,2100.0,2-Car,No injury/unknown,FAILURE TO YIELD RIGHT OF WAY,39.186368,-86.5344
2,6,2200.0,1-Car,Non-incapacitating,OTHER (DRIVER) - EXPLAIN IN NARRATIVE,39.16115717,-86.53485253
2,7,400.0,2-Car,No injury/unknown,OTHER (DRIVER) - EXPLAIN IN NARRATIVE,39.189248,-86.531472
2,6,2300.0,2-Car,No injury/unknown,,39.16664,-86.52822728
2,7,800.0,2-Car,No injury/unknown,IMPROPER TURNING,39.165664,-86.5348
2,4,2200.0,1-Car,Non-incapacitating,ROADWAY SURFACE CONDITION,39.21657228,-86.63986124
2,7,1700.0,2-Car,No injury/unknown,UNSAFE BACKING,39.17088686,-86.534768
2,7,1600.0,2-Car,No injury/unknown,DISREGARD SIGNAL/REG SIGN,39.125312,-86.610496
2,5,1600.0,2-Car,No injury/unknown,FOLLOWING TOO CLOSELY,39.13704,-86.572896
2,7,2000.0,1-Car,No injury/unknown,ANIMAL/OBJECT IN ROADWAY,39.15835953,-86.58256264
2,1,1200.0,2-Car,No injury/unknown,FAILURE TO YIELD RIGHT OF WAY,39.16440971,-86.55389986
2,1,700.0,2-Car,Non-incapacitating,DISREGARD SIGNAL/REG SIGN,39.16664,-86.5348
2,1,1600.0,2-Car,No injury/unknown,UNSAFE BACKING,39.16664,-86.53096555
2,1,1800.0,2-Car,No injury/unknown,IMPROPER PASSING,39.16444271,-86.52561573
2,1,2100.0,2-Car,No injury/unknown,FOLLOWING TOO CLOSELY,39.20429773,-86.53489235
2,1,200.0,2-Car,No injury/unknown,RAN OFF ROAD RIGHT,39.164544,-86.55236237
2,2,800.0,2-Car,No injury/unknown,FAILURE TO YIELD RIGHT OF WAY,39.146976,-86.516192
2,2,900.0,2-Car,No injury/unknown,FAILURE TO YIELD RIGHT OF WAY,39.16144,-86.5324
2,2,1000.0,2-Car,No injury/unknown,ROADWAY SURFACE CONDITION,39.16424,-86.495088
2,2,1000.0,1-Car,No injury/unknown,RAN OFF ROAD RIGHT,39.12989028,-86.51157997
2,2,1000.0,2-Car,No injury/unknown,SPEED TOO FAST FOR WEATHER CONDITIONS,38.475955,-86.541435
2,2,1100.0,2-Car,No injury/unknown,SPEED TOO FAST FOR WEATHER CONDITIONS,39.16461021,-86.57912141
2,2,1000.0,1-Car,No injury/unknown,SPEED TOO FAST FOR WEATHER CONDITIONS,39.18504585,-86.51656815
2,2,1200.0,Bus,No injury/unknown,ROADWAY SURFACE CONDITION,39.170544,-86.534768
2,2,1200.0,1-Car,No injury/unknown,SPEED TOO FAST FOR WEATHER CONDITIONS,39.26167132,-86.52280192
2,2,1500.0,2-Car,No injury/unknown,FOLLOWING TOO CLOSELY,39.18635409,-86.53204891
2,2,1400.0,2-Car,Non-incapacitating,SPEED TOO FAST FOR WEATHER CONDITIONS,39.16459009,-86.57619975
2,2,1600.0,2-Car,No injury/unknown,SPEED TOO FAST FOR WEATHER CONDITIONS,39.167728,-86.528208
2,2,1700.0,3+ Cars,No injury/unknown,FOLLOWING TOO CLOSELY,39.165664,-86.5348
2,2,1600.0,2-Car,No injury/unknown,FOLLOWING TOO CLOSELY,39.16664,-86.528192
2,2,1600.0,2-Car,No injury/unknown,UNSAFE SPEED,39.143552,-86.580528
2,2,2000.0,2-Car,No injury/unknown,RAN OFF ROAD RIGHT,39.3824478,-86.55792236
2,2,1400.0,1-Car,No injury/unknown,RAN OFF ROAD RIGHT,39.159168,-86.583888
2,2,1600.0,2-Car,Incapacitating,SPEED TOO FAST FOR WEATHER CONDITIONS,39.1135481,-86.59277114
2,2,1800.0,1-Car,No injury/unknown,SPEED TOO FAST FOR WEATHER CONDITIONS,39.13724902,-86.59312023
1,3,2200.0,2-Car,No injury/unknown,FOLLOWING TOO CLOSELY,39.16952,-86.505968
2,1,2300.0,1-Car,No injury/unknown,OTHER (DRIVER) - EXPLAIN IN NARRATIVE,39.07711411,-86.62055969
2,2,1300.0,2-Car,No injury/unknown,SPEED TOO FAST FOR WEATHER CONDITIONS,39.16424,-86.480688
2,2,1200.0,1-Car,No injury/unknown,RAN OFF ROAD RIGHT,39.156144,-86.561296
2,2,900.0,Bus,No injury/unknown,UNSAFE BACKING,39.20021998,-86.5209221
2,3,1000.0,2-Car,No injury/unknown,FAILURE TO YIELD RIGHT OF WAY,39.16424,-86.48434743
2,2,900.0,2-Car,Non-incapacitating,SPEED TOO FAST FOR WEATHER CONDITIONS,39.1715904,-86.51957008
2,2,1300.0,2-Car,Incapacitating,FAILURE TO YIELD RIGHT OF WAY,39.15612973,-86.56139999
2,2,2000.0,2-Car,No injury/unknown,RAN OFF ROAD RIGHT,39.3824478,-86.55792236
2,3,1200.0,2-Car,No injury/unknown,UNSAFE BACKING,39.21712186,-86.52008995
2,3,1000.0,2-Car,No injury/unknown,,39.17500611,-86.49981141
2,3,1700.0,2-Car,No injury/unknown,FAILURE TO YIELD RIGHT OF WAY,39.16464,-86.529728
2,3,1000.0,2-Car,No injury/unknown,OTHER (DRIVER) - EXPLAIN IN NARRATIVE,39.164672,-86.536192
2,3,1600.0,2-Car,Non-incapacitating,UNSAFE BACKING,39.17215009,-86.50939602
2,3,1900.0,2-Car,Non-incapacitating,FAILURE TO YIELD RIGHT OF WAY,39.164448,-86.5268
2,4,200.0,1-Car,No injury/unknown,SPEED TOO FAST FOR WEATHER CONDITIONS,39.18021467,-86.5284
2,4,500.0,1-Car,No injury/unknown,OVERCORRECTING/OVERSTEERING,39.27775955,-86.67736536