Month,Day,Hour,Collision Type,Injury Type,Primary Factor,Latitude,Longitude
2,4,900.0,2-Car,No injury/unknown,UNSAFE BACKING,39.1264008,-86.52882926
2,4,900.0,1-Car,No injury/unknown,OTHER (DRIVER) - EXPLAIN IN NARRATIVE,39.17344,-86.520944
2,4,1000.0,1-Car,No injury/unknown,SPEED TOO FAST FOR WEATHER CONDITIONS,39.170544,-86.530992
2,4,900.0,1-Car,No injury/unknown,RAN OFF ROAD RIGHT,39.16838714,-86.51218011
2,4,700.0,2-Car,No injury/unknown,UNSAFE BACKING,39.17344,-86.529696
2,4,1200.0,1-Car,No injury/unknown,RAN OFF ROAD RIGHT,39.20370561,-86.53729248
2,3,1300.0,2-Car,No injury/unknown,IMPROPER TURNING,39.175152,-86.518992
2,4,1600.0,2-Car,No injury/unknown,UNSAFE LANE MOVEMENT,39.135648,-86.462
2,4,1600.0,3+ Cars,No injury/unknown,FAILURE TO YIELD RIGHT OF WAY,39.15127024,-86.58262029
2,4,1500.0,2-Car,No injury/unknown,FOLLOWING TOO CLOSELY,39.16180998,-86.56743228
2,4,1900.0,2-Car,No injury/unknown,UNSAFE BACKING,39.16664,-86.5348
2,4,2000.0,3+ Cars,No injury/unknown,FOLLOWING TOO CLOSELY,39.15816,-86.497792
2,4,1700.0,2-Car,No injury/unknown,FAILURE TO YIELD RIGHT OF WAY,39.12144,-86.526496
2,5,900.0,2-Car,No injury/unknown,FAILURE TO YIELD RIGHT OF WAY,39.173248,-86.533488
2,5,1100.0,2-Car,No injury/unknown,UNSAFE LANE MOVEMENT,39.186368,-86.5344
2,5,1100.0,2-Car,No injury/unknown,FAILURE TO YIELD RIGHT OF WAY,39.17512767,-86.52103911
2,5,1100.0,2-Car,No injury/unknown,FOLLOWING TOO CLOSELY,39.16461021,-86.57910409
2,5,1600.0,2-Car,No injury/unknown,DISREGARD SIGNAL/REG SIGN,39.168944,-86.516016
2,5,1600.0,3+ Cars,No injury/unknown,UNSAFE LANE MOVEMENT,39.16464,-86.529728
2,5,1700.0,2-Car,No injury/unknown,FAILURE TO YIELD RIGHT OF WAY,39.156752,-86.540976
2,5,400.0,1-Car,No injury/unknown,SPEED TOO FAST FOR WEATHER CONDITIONS,39.02893231,-86.408064
2,4,400.0,1-Car,No injury/unknown,RAN OFF ROAD RIGHT,39.16355934,-86.42589328
2,6,200.0,2-Car,Non-incapacitating,FAILURE TO YIELD RIGHT OF WAY,39.1831654,-86.5114387
2,6,800.0,2-Car,No injury/unknown,UNSAFE BACKING,39.15565833,-86.57005816
2,5,400.0,2-Car,No injury/unknown,SPEED TOO FAST FOR WEATHER CONDITIONS,39.15500584,-86.52841016
2,6,800.0,3+ Cars,No injury/unknown,FAILURE TO YIELD RIGHT OF WAY,39.168704,-86.538576
2,6,1000.0,2-Car,No injury/unknown,OTHER (VEHICLE) - EXPLAIN IN NARRATIVE,39.16115717,-86.53485253
2,5,2000.0,2-Car,No injury/unknown,FAILURE TO YIELD RIGHT OF WAY,39.16664,-86.5348
2,6,1100.0,2-Car,No injury/unknown,FAILURE TO YIELD RIGHT OF WAY,39.232512,-86.626224
2,6,1400.0,2-Car,No injury/unknown,UNSAFE BACKING,39.165648,-86.526848
2,6,1500.0,2-Car,No injury/unknown,FOLLOWING TOO CLOSELY,39.122352,-86.5712
2,6,1600.0,2-Car,No injury/unknown,FAILURE TO YIELD RIGHT OF WAY,39.13579732,-86.582496
2,6,1800.0,2-Car,No injury/unknown,FOLLOWING TOO CLOSELY,39.190672,-86.582992
2,5,1400.0,2-Car,No injury/unknown,FAILURE TO YIELD RIGHT OF WAY,39.21400715,-86.60118534
2,5,2000.0,1-Car,Non-incapacitating,SPEED TOO FAST FOR WEATHER CONDITIONS,39.122352,-86.6056
2,6,1400.0,1-Car,Incapacitating,RAN OFF ROAD RIGHT,39.083024,-86.472912
2,5,1000.0,1-Car,No injury/unknown,RAN OFF ROAD RIGHT,39.22555741,-86.43851898
2,7,300.0,1-Car,No injury/unknown,RAN OFF ROAD RIGHT,39.18363953,-86.5283432
2,5,400.0,1-Car,No injury/unknown,ROADWAY SURFACE CONDITION,39.11732296,-86.56671395
2,7,300.0,2-Car,Non-incapacitating,SPEED TOO FAST FOR WEATHER CONDITIONS,39.17164802,-86.50386024
2,7,1000.0,2-Car,No injury/unknown,SPEED TOO FAST FOR WEATHER CONDITIONS,39.2109486,-86.57295227
2,7,900.0,2-Car,No injury/unknown,FAILURE TO YIELD RIGHT OF WAY,39.18182568,-86.53778021
2,7,1200.0,2-Car,No injury/unknown,FAILURE TO YIELD RIGHT OF WAY,39.14021015,-86.49255976
2,7,1100.0,2-Car,No injury/unknown,OTHER (DRIVER) - EXPLAIN IN NARRATIVE,39.165696,-86.538592
2,7,1400.0,2-Car,No injury/unknown,IMPROPER TURNING,39.15584,-86.506496
2,1,2100.0,2-Car,No injury/unknown,FOLLOWING TOO CLOSELY,39.22402954,-86.61120295
2,7,1500.0,2-Car,No injury/unknown,UNSAFE BACKING,39.168752,-86.5436
2,7,2000.0,2-Car,No injury/unknown,CELL PHONE USAGE,39.136448,-86.548704
2,7,2100.0,1-Car,No injury/unknown,SPEED TOO FAST FOR WEATHER CONDITIONS,39.16733692,-86.51619253
2,7,2100.0,2-Car,No injury/unknown,FOLLOWING TOO CLOSELY,39.17157993,-86.51249715
2,1,400.0,1-Car,No injury/unknown,SPEED TOO FAST FOR WEATHER CONDITIONS,39.16893387,-86.53321838
2,7,100.0,2-Car,No injury/unknown,SPEED TOO FAST FOR WEATHER CONDITIONS,39.16430652,-86.52691309
2,7,1200.0,1-Car,No injury/unknown,OTHER (DRIVER) - EXPLAIN IN NARRATIVE,39.173152,-86.5408
2,6,900.0,Bus,No injury/unknown,UNSAFE BACKING,39.16889705,-86.57647803
2,1,900.0,2-Car,No injury/unknown,SPEED TOO FAST FOR WEATHER CONDITIONS,39.125312,-86.610496
2,1,1100.0,2-Car,No injury/unknown,FAILURE TO YIELD RIGHT OF WAY,39.16144,-86.531056
2,1,1300.0,2-Car,Non-incapacitating,FAILURE TO YIELD RIGHT OF WAY,39.1550532,-86.4960877
2,7,1600.0,1-Car,Non-incapacitating,ANIMAL/OBJECT IN ROADWAY,39.334368,-86.5124
2,7,1300.0,1-Car,No injury/unknown,IMPROPER LANE USAGE,39.179248,-86.58292
2,1,1500.0,1-Car,No injury/unknown,RAN OFF ROAD RIGHT,39.099152,-86.652
2,1,1700.0,2-Car,No injury/unknown,FAILURE TO YIELD RIGHT OF WAY,39.186544,-86.537888
2,1,2000.0,2-Car,No injury/unknown,FAILURE TO YIELD RIGHT OF WAY,39.164752,-86.573104
2,1,100.0,1-Car,No injury/unknown,RAN OFF ROAD RIGHT,39.215344,-86.521392
2,2,700.0,1-Car,Incapacitating,RAN OFF ROAD RIGHT,39.20235537,-86.55888157
2,2,800.0,Bus,No injury/unknown,IMPROPER PASSING,39.16430652,-86.52691309
2,2,1100.0,2-Car,Non-incapacitating,FOLLOWING TOO CLOSELY,39.15379018,-86.53875008
2,2,1100.0,2-Car,No injury/unknown,UNSAFE BACKING,39.16852154,-86.57362014
2,2,1000.0,2-Car,Non-incapacitating,FOLLOWING TOO CLOSELY,39.168704,-86.538576
2,2,1100.0,Bus,No injury/unknown,OTHER (DRIVER) - EXPLAIN IN NARRATIVE,39.164448,-86.5268
3,2,1800.0,1-Car,Non-incapacitating,RAN OFF ROAD RIGHT,39.15586017,-86.5505671
3,3,800.0,2-Car,No injury/unknown,DISREGARD SIGNAL/REG SIGN,39.16152,-86.538592
3,3,800.0,1-Car,Non-incapacitating,RAN OFF ROAD RIGHT,39.16719055,-86.51600953
3,3,1100.0,2-Car,No injury/unknown,FAILURE TO YIELD RIGHT OF WAY,39.166944,-86.495056
3,2,2200.0,1-Car,No injury/unknown,FAILURE TO YIELD RIGHT OF WAY,39.13126204,-86.53875987
3,3,1500.0,2-Car,No injury/unknown,UNSAFE BACKING,39.14144,-86.543632
3,3,1700.0,1-Car,No injury/unknown,UNSAFE BACKING,39.17163462,-86.50672396
3,3,1800.0,2-Car,No injury/unknown,FAILURE TO YIELD RIGHT OF WAY,39.15344,-86.5336
3,2,1400.0,2-Car,No injury/unknown,OTHER (DRIVER) - EXPLAIN IN NARRATIVE,39.18714881,-86.53782472
3,3,1800.0,2-Car,Incapacitating,FAILURE TO YIELD RIGHT OF WAY,39.160544,-86.5508
3,3,1500.0,2-Car,No injury/unknown,FAILURE TO YIELD RIGHT OF WAY,39.166656,-86.537296
3,3,2100.0,2-Car,No injury/unknown,FOLLOWING TOO CLOSELY,39.17158999,-86.51394031
3,3,1000.0,2-Car,Non-incapacitating,OTHER (DRIVER) - EXPLAIN IN NARRATIVE,39.13601987,-86.51343002
2,7,1000.0,3+ Cars,No injury/unknown,DRIVER DISTRACTED - EXPLAIN IN NARRATIVE,39.32528608,-86.51651
3,2,1200.0,2-Car,No injury/unknown,UNSAFE LANE MOVEMENT,39.33204816,-86.51427777
3,2,1400.0,2-Car,No injury/unknown,FAILURE TO YIELD RIGHT OF WAY,39.079552,-86.666592
3,4,800.0,1-Car,No injury/unknown,,39.164337,-86.582344
3,4,1200.0,2-Car,No injury/unknown,FAILURE TO YIELD RIGHT OF WAY,38.48634351,-86.541435
3,4,1700.0,2-Car,No injury/unknown,SPEED TOO FAST FOR WEATHER CONDITIONS,39.190672,-86.582992
3,4,1700.0,3+ Cars,Non-incapacitating,SPEED TOO FAST FOR WEATHER CONDITIONS,39.17344,-86.527056
3,4,1700.0,2-Car,No injury/unknown,FAILURE TO YIELD RIGHT OF WAY,39.18599938,-86.51983282
3,4,1800.0,2-Car,No injury/unknown,ROADWAY SURFACE CONDITION,39.21656191,-86.59487865
3,4,1400.0,1-Car,Incapacitating,RAN OFF ROAD RIGHT,39.136304,-86.544592
3,4,1700.0,3+ Cars,Incapacitating,ROADWAY SURFACE CONDITION,39.191248,-86.532896
3,4,600.0,1-Car,No injury/unknown,ROADWAY SURFACE CONDITION,39.178992,-86.537792
3,4,1800.0,2-Car,No injury/unknown,ROADWAY SURFACE CONDITION,39.16471159,-86.5719019
3,4,1600.0,Bus,No injury/unknown,SPEED TOO FAST FOR WEATHER CONDITIONS,39.17209438,-86.51564949
2,5,1700.0,2-Car,No injury/unknown,DRIVER DISTRACTED - EXPLAIN IN NARRATIVE,39.23376,-86.621888
3,1,1900.0,2-Car,No injury/unknown,FAILURE TO YIELD RIGHT OF WAY,39.23384,-86.624704
3,4,1600.0,2-Car,No injury/unknown,SPEED TOO FAST FOR WEATHER CONDITIONS,39.178848,-86.51214665
3,4,1700.0,2-Car,No injury/unknown,FOLLOWING TOO CLOSELY,39.107648,-86.643696
3,4,1800.0,1-Car,No injury/unknown,SPEED TOO FAST FOR WEATHER CONDITIONS,39.10749433,-86.57594304
3,4,1700.0,2-Car,No injury/unknown,SPEED TOO FAST FOR WEATHER CONDITIONS,39.156144,-86.561296
3,4,1800.0,2-Car,No injury/unknown,SPEED TOO FAST FOR WEATHER CONDITIONS,39.16442983,-86.55630983
3,4,1800.0,2-Car,No injury/unknown,SPEED TOO FAST FOR WEATHER CONDITIONS,39.16305989,-86.51773028
3,4,1000.0,2-Car,No injury/unknown,OTHER (VEHICLE) - EXPLAIN IN NARRATIVE,39.17906329,-86.5209221
3,4,1700.0,2-Car,No injury/unknown,SPEED TOO FAST FOR WEATHER CONDITIONS,39.136448,-86.548704
3,4,1800.0,2-Car,No injury/unknown,FAILURE TO YIELD RIGHT OF WAY,39.16464,-86.529728
3,4,1600.0,2-Car,No injury/unknown,SPEED TOO FAST FOR WEATHER CONDITIONS,39.171504,-86.495312
3,4,1800.0,2-Car,No injury/unknown,SPEED TOO FAST FOR WEATHER CONDITIONS,39.164352,-86.510944
3,4,1700.0,1-Car,No injury/unknown,RAN OFF ROAD RIGHT,39.16424,-86.480688
3,4,2100.0,2-Car,No injury/unknown,SPEED TOO FAST FOR WEATHER CONDITIONS,39.12984,-86.538496
3,4,1800.0,2-Car,No injury/unknown,ROADWAY SURFACE CONDITION,39.16464,-86.529728
3,4,1600.0,Bus,No injury/unknown,FOLLOWING TOO CLOSELY,39.167648,-86.534784
3,4,1800.0,2-Car,No injury/unknown,RAN OFF ROAD RIGHT,39.178944,-86.533392
3,4,1600.0,2-Car,No injury/unknown,ROADWAY SURFACE CONDITION,39.178992,-86.537792
3,4,1400.0,2-Car,Incapacitating,FAILURE TO YIELD RIGHT OF WAY,39.16424,-86.476096
3,4,1700.0,2-Car,No injury/unknown,OTHER (DRIVER) - EXPLAIN IN NARRATIVE,39.16864,-86.5324
3,4,1600.0,3+ Cars,No injury/unknown,OTHER (DRIVER) - EXPLAIN IN NARRATIVE,39.16864,-86.5324
3,4,1700.0,3+ Cars,No injury/unknown,FOLLOWING TOO CLOSELY,39.178944,-86.533392
3,4,1700.0,2-Car,No injury/unknown,SPEED TOO FAST FOR WEATHER CONDITIONS,39.17344,-86.527056
3,3,900.0,2-Car,No injury/unknown,OTHER (DRIVER) - EXPLAIN IN NARRATIVE,39.145264,-86.577616
3,5,1100.0,2-Car,No injury/unknown,IMPROPER LANE USAGE,39.16280977,-86.52725011
3,4,1800.0,2-Car,No injury/unknown,UNSAFE SPEED,39.209952,-86.463392
3,4,1700.0,Bus,No injury/unknown,FOLLOWING TOO CLOSELY,39.156896,-86.582704
3,4,600.0,2-Car,No injury/unknown,DISREGARD SIGNAL/REG SIGN,39.155952,-86.550592
3,5,1400.0,Bus,No injury/unknown,IMPROPER LANE USAGE,39.16851014,-86.52825423
3,5,1400.0,2-Car,No injury/unknown,UNSAFE BACKING,39.186048,-86.550976
3,5,1600.0,2-Car,No injury/unknown,UNSAFE LANE MOVEMENT,39.16864,-86.5324
3,5,1700.0,2-Car,No injury/unknown,FOLLOWING TOO CLOSELY,39.174048,-86.518896
3,5,1900.0,2-Car,No injury/unknown,IMPROPER TURNING,39.16426018,-86.5163999
3,4,1700.0,2-Car,No injury/unknown,SPEED TOO FAST FOR WEATHER CONDITIONS,39.17191923,-86.48921169
3,4,1700.0,1-Car,No injury/unknown,ROADWAY SURFACE CONDITION,39.14328396,-86.582592
3,5,1700.0,2-Car,No injury/unknown,UNSAFE LANE MOVEMENT,39.17521693,-86.52386099
3,5,1500.0,Bus,No injury/unknown,UNSAFE BACKING,39.16671172,-86.59908838
3,5,1500.0,1-Car,No injury/unknown,RAN OFF ROAD RIGHT,39.32272484,-86.66278813
3,5,2000.0,2-Car,No injury/unknown,FOLLOWING TOO CLOSELY,39.171552,-86.515728
3,5,1500.0,2-Car,No injury/unknown,UNSAFE BACKING,39.16464,-86.52897556
3,5,1700.0,2-Car,Incapacitating,DRIVER ASLEEP OR FATIGUED,39.12224,-86.6144
3,5,1400.0,2-Car,No injury/unknown,UNSAFE BACKING,39.16934632,-86.49902455
3,6,900.0,2-Car,No injury/unknown,FOLLOWING TOO CLOSELY,39.173232,-86.534752
3,5,900.0,1-Car,No injury/unknown,ROADWAY SURFACE CONDITION,39.16423861,-86.49522852
3,6,300.0,2-Car,No injury/unknown,UNSAFE BACKING,39.178848,-86.511088
3,5,1600.0,2-Car,No injury/unknown,DRIVER DISTRACTED - EXPLAIN IN NARRATIVE,39.164752,-86.573104
3,6,1300.0,2-Car,Non-incapacitating,FAILURE TO YIELD RIGHT OF WAY,39.1788524,-86.51285237
3,3,1300.0,2-Car,No injury/unknown,SPEED TOO FAST FOR WEATHER CONDITIONS,39.12021637,-86.52938079
3,6,1700.0,2-Car,Non-incapacitating,FAILURE TO YIELD RIGHT OF WAY,39.14499486,-86.57788929
3,4,2000.0,1-Car,No injury/unknown,RAN OFF ROAD RIGHT,38.99888231,-86.53733007
3,6,1500.0,3+ Cars,Incapacitating,FOLLOWING TOO CLOSELY,39.10327889,-86.64796949
3,5,2300.0,2-Car,No injury/unknown,IMPROPER TURNING,39.16034874,-86.53080751
3,6,2000.0,2-Car,No injury/unknown,FOLLOWING TOO CLOSELY,39.176848,-86.478192
3,6,1800.0,2-Car,No injury/unknown,FOLLOWING TOO CLOSELY,39.26341455,-86.52265395
3,6,1800.0,2-Car,No injury/unknown,FAILURE TO YIELD RIGHT OF WAY,39.18676995,-86.6112703
3,6,1900.0,2-Car,No injury/unknown,FOLLOWING TOO CLOSELY,39.13851891,-86.59099291
3,6,2200.0,1-Car,No injury/unknown,RAN OFF ROAD RIGHT,39.171696,-86.529696
3,6,2100.0,2-Car,No injury/unknown,UNSAFE BACKING,39.170159,-86.501186
3,7,100.0,2-Car,No injury/unknown,FAILURE TO YIELD RIGHT OF WAY,39.171744,-86.534768
3,7,1100.0,2-Car,Non-incapacitating,OTHER (DRIVER) - EXPLAIN IN NARRATIVE,39.18708801,-86.53371429
3,3,1200.0,2-Car,No injury/unknown,UNSAFE BACKING,39.166248,-86.528511
3,4,800.0,2-Car,Incapacitating,FOLLOWING TOO CLOSELY,39.16284794,-86.53363526
3,3,600.0,1-Car,No injury/unknown,DRIVER ASLEEP OR FATIGUED,39.28165586,-86.68446529
3,4,1100.0,2-Car,No injury/unknown,UNSAFE SPEED,39.1609738,-86.49974204
3,3,1100.0,2-Car,No injury/unknown,UNSAFE BACKING,39.12207413,-86.57376861
3,3,1300.0,2-Car,No injury/unknown,UNSAFE BACKING,39.1566124,-86.46263885
3,4,700.0,2-Car,No injury/unknown,FAILURE TO YIELD RIGHT OF WAY,39.09295969,-86.54416009
3,5,1100.0,2-Car,No injury/unknown,FAILURE TO YIELD RIGHT OF WAY,39.16424,-86.495088
3,4,2000.0,1-Car,Non-incapacitating,RAN OFF ROAD RIGHT,39.165325,-86.5263857
3,6,1500.0,2-Car,No injury/unknown,,39.150576,-86.515088
3,5,1800.0,2-Car,No injury/unknown,UNSAFE BACKING,39.14977022,-86.53350032
3,2,1200.0,2-Car,No injury/unknown,FOLLOWING TOO CLOSELY,39.219152,-86.602304
3,5,200.0,1-Car,Incapacitating,RAN OFF ROAD RIGHT,39.145264,-86.577616
5,7,1200.0,2-Car,No injury/unknown,UNSAFE SPEED,39.176544,-86.5624
3,6,2300.0,2-Car,No injury/unknown,UNSAFE BACKING,39.13649999,-86.52313456
3,6,2300.0,1-Car,No injury/unknown,ANIMAL/OBJECT IN ROADWAY,39.26220126,-86.52261598
3,7,1400.0,2-Car,No injury/unknown,UNSAFE BACKING,39.16144,-86.53352653
3,7,900.0,Bus,No injury/unknown,UNSAFE LANE MOVEMENT,39.16947214,-86.52233049
3,7,1300.0,2-Car,No injury/unknown,FAILURE TO YIELD RIGHT OF WAY,39.15570997,-86.56207993
3,7,1800.0,1-Car,No injury/unknown,RAN OFF ROAD RIGHT,39.20817184,-86.59114837
3,4,1600.0,1-Car,No injury/unknown,OTHER (ENVIRONMENTAL) - EXPLAIN IN NARR,39.35593623,-86.55792236
3,1,200.0,1-Car,No injury/unknown,RAN OFF ROAD RIGHT,39.19782378,-86.57398881
3,1,900.0,1-Car,No injury/unknown,OVERCORRECTING/OVERSTEERING,39.17896,-86.53472
3,1,900.0,2-Car,No injury/unknown,UNSAFE BACKING,39.162349,-86.518623
3,1,1000.0,2-Car,No injury/unknown,FAILURE TO YIELD RIGHT OF WAY,39.164848,-86.57588174
3,7,700.0,1-Car,No injury/unknown,ANIMAL/OBJECT IN ROADWAY,39.0928001,-86.52696708
3,7,900.0,2-Car,No injury/unknown,FAILURE TO YIELD RIGHT OF WAY,39.13704,-86.572896
3,1,800.0,1-Car,No injury/unknown,ANIMAL/OBJECT IN ROADWAY,39.15835953,-86.58256264
3,1,1400.0,2-Car,No injury/unknown,FOLLOWING TOO CLOSELY,39.16074984,-86.54850997
3,1,1200.0,2-Car,No injury/unknown,UNSAFE LANE MOVEMENT,39.171712,-86.530992
3,1,1800.0,2-Car,No injury/unknown,FOLLOWING TOO CLOSELY,39.16427024,-86.51912972
3,1,1800.0,2-Car,No injury/unknown,FOLLOWING TOO CLOSELY,39.32229413,-86.51171127
3,7,2200.0,1-Car,No injury/unknown,RAN OFF ROAD RIGHT,39.230544,-86.42
3,2,700.0,2-Car,Non-incapacitating,FAILURE TO YIELD RIGHT OF WAY,39.126976,-86.582464
3,2,800.0,2-Car,No injury/unknown,FAILURE TO YIELD RIGHT OF WAY,39.13504,-86.596192
3,2,1100.0,2-Car,No injury/unknown,FOLLOWING TOO CLOSELY,39.136448,-86.548704
3,2,2300.0,2-Car,No injury/unknown,UNSAFE LANE MOVEMENT,39.16424,-86.492944
3,2,1300.0,1-Car,No injury/unknown,SPEED TOO FAST FOR WEATHER CONDITIONS,39.238336,-86.629328
3,2,1600.0,2-Car,No injury/unknown,FOLLOWING TOO CLOSELY,39.13704,-86.572896
3,2,1800.0,2-Car,No injury/unknown,UNSAFE BACKING,39.17896,-86.53472
3,2,2200.0,2-Car,No injury/unknown,FAILURE TO YIELD RIGHT OF WAY,39.16864,-86.533568
3,3,1100.0,2-Car,No injury/unknown,FOLLOWING TOO CLOSELY,39.16440971,-86.55389986
3,3,1100.0,2-Car,No injury/unknown,IMPROPER LANE USAGE,39.16464,-86.5336
3,3,1700.0,2-Car,No injury/unknown,UNSAFE BACKING,39.17281455,-86.51879273
3,3,1800.0,1-Car,No injury/unknown,RAN OFF ROAD RIGHT,39.16144,-86.528288
3,3,1900.0,2-Car,No injury/unknown,UNSAFE BACKING,39.125312,-86.610496
3,3,1600.0,2-Car,No injury/unknown,FAILURE TO YIELD RIGHT OF WAY,39.1646097,-86.57912351
3,3,1500.0,1-Car,No injury/unknown,RAN OFF ROAD RIGHT,39.25960159,-86.64377545
3,4,800.0,1-Car,No injury/unknown,ANIMAL/OBJECT IN ROADWAY,39.41962367,-86.55677032
3,3,700.0,2-Car,Non-incapacitating,FOLLOWING TOO CLOSELY,39.32945497,-86.51541754
3,6,1300.0,1-Car,No injury/unknown,TIRE FAILURE OR DEFECTIVE,39.17915985,-86.58308029
3,4,2000.0,2-Car,No injury/unknown,FAILURE TO YIELD RIGHT OF WAY,39.15543973,-86.5624997
3,3,1200.0,2-Car,No injury/unknown,UNSAFE BACKING,39.16858267,-86.52091725
3,4,1400.0,Bus,No injury/unknown,FAILURE TO YIELD RIGHT OF WAY,39.171584,-86.518688
3,4,1600.0,2-Car,No injury/unknown,IMPROPER TURNING,39.164448,-86.5268
3,4,1600.0,3+ Cars,No injury/unknown,FAILURE TO YIELD RIGHT OF WAY,39.175984,-86.534736
3,6,2200.0,1-Car,No injury/unknown,OTHER (VEHICLE) - EXPLAIN IN NARRATIVE,39.12557983,-86.57916259
3,5,1300.0,2-Car,No injury/unknown,OTHER (DRIVER) - EXPLAIN IN NARRATIVE,39.16144,-86.52976
3,5,1800.0,3+ Cars,No injury/unknown,FOLLOWING TOO CLOSELY,39.178928,-86.518992
3,1,1600.0,2-Car,No injury/unknown,IMPROPER LANE USAGE,39.16423861,-86.49522852
3,5,1800.0,2-Car,No injury/unknown,IMPROPER LANE USAGE,39.16427367,-86.51771488
3,4,2200.0,1-Car,No injury/unknown,ANIMAL/OBJECT IN ROADWAY,39.12431712,-86.57199314
3,5,2300.0,2-Car,No injury/unknown,OTHER (DRIVER) - EXPLAIN IN NARRATIVE,39.170086,-86.50234
3,3,700.0,2-Car,No injury/unknown,LEFT OF CENTER,39.22317021,-86.59190592
3,6,800.0,2-Car,No injury/unknown,IMPROPER LANE USAGE,39.166848,-86.509296
3,4,1700.0,1-Car,No injury/unknown,UNSAFE BACKING,39.166912,-86.516224
3,6,1500.0,2-Car,No injury/unknown,FOLLOWING TOO CLOSELY,39.17522812,-86.49550628
3,6,1400.0,2-Car,No injury/unknown,FOLLOWING TOO CLOSELY,39.176848,-86.478192
3,6,1700.0,2-Car,No injury/unknown,FAILURE TO YIELD RIGHT OF WAY,39.166656,-86.537296
3,7,1000.0,2-Car,No injury/unknown,FAILURE TO YIELD RIGHT OF WAY,39.17344,-86.52354547
3,7,800.0,1-Car,No injury/unknown,RAN OFF ROAD RIGHT,39.19008,-86.514288
3,7,1100.0,1-Car,No injury/unknown,IMPROPER TURNING,39.16422196,-86.50215134
3,7,1600.0,2-Car,No injury/unknown,IMPROPER TURNING,39.182448,-86.512496
3,7,1300.0,2-Car,No injury/unknown,UNSAFE BACKING,39.17638171,-86.47901486
3,7,1900.0,1-Car,No injury/unknown,OVERCORRECTING/OVERSTEERING,39.16864,-86.523392
3,5,1300.0,2-Car,No injury/unknown,IMPROPER TURNING,39.17750168,-86.58057403
3,6,2000.0,2-Car,No injury/unknown,FOLLOWING TOO CLOSELY,39.13566671,-86.572896
3,1,1600.0,3+ Cars,No injury/unknown,FAILURE TO YIELD RIGHT OF WAY,39.15834993,-86.53129018
3,2,800.0,Bus,No injury/unknown,UNSAFE BACKING,39.140144,-86.54496
3,7,1200.0,2-Car,No injury/unknown,FAILURE TO YIELD RIGHT OF WAY,39.125312,-86.610496
3,2,800.0,2-Car,Non-incapacitating,DISREGARD SIGNAL/REG SIGN,39.16447761,-86.56014195
3,2,300.0,2-Car,No injury/unknown,UNSAFE BACKING,39.1826541,-86.53809428
3,2,1400.0,2-Car,No injury/unknown,FAILURE TO YIELD RIGHT OF WAY,39.107344,-86.5264
3,2,1500.0,2-Car,Non-incapacitating,FOLLOWING TOO CLOSELY,39.176848,-86.478192
3,2,1400.0,2-Car,No injury/unknown,FAILURE TO YIELD RIGHT OF WAY,39.232064,-86.622176
3,2,1700.0,Bus,No injury/unknown,UNSAFE BACKING,39.11382996,-86.48140981
3,2,300.0,2-Car,No injury/unknown,FOLLOWING TOO CLOSELY,39.28909855,-86.51842001
3,2,2200.0,2-Car,Incapacitating,IMPROPER TURNING,39.41460647,-86.47139351
3,3,600.0,1-Car,No injury/unknown,ANIMAL/OBJECT IN ROADWAY,39.04670943,-86.53586743
3,2,1600.0,1-Car,No injury/unknown,UNSAFE BACKING,39.17148598,-86.49535006
3,3,1000.0,2-Car,No injury/unknown,OTHER (DRIVER) - EXPLAIN IN NARRATIVE,39.125312,-86.610496
3,2,1400.0,2-Car,No injury/unknown,FOLLOWING TOO CLOSELY,39.08949755,-86.66685515
3,2,900.0,2-Car,Incapacitating,FAILURE TO YIELD RIGHT OF WAY,39.20824,-86.554704
3,3,900.0,2-Car,No injury/unknown,DISREGARD SIGNAL/REG SIGN,39.164752,-86.573104
3,3,1400.0,2-Car,No injury/unknown,DISREGARD SIGNAL/REG SIGN,39.12144,-86.526496
3,3,1300.0,Cyclist,No injury/unknown,UNSAFE LANE MOVEMENT,39.16562006,-86.57599993
3,3,1000.0,2-Car,No injury/unknown,,39.17364398,-86.51912972
3,3,1700.0,3+ Cars,No injury/unknown,FOLLOWING TOO CLOSELY,39.171504,-86.495312
3,3,1700.0,2-Car,No injury/unknown,FAILURE TO YIELD RIGHT OF WAY,39.16424,-86.492944
3,3,1800.0,2-Car,No injury/unknown,FOLLOWING TOO CLOSELY,39.186544,-86.537888
3,3,1700.0,1-Car,No injury/unknown,RAN OFF ROAD RIGHT,39.17547989,-86.41352081
3,3,2000.0,2-Car,No injury/unknown,FAILURE TO YIELD RIGHT OF WAY,39.16464,-86.529728
3,3,1500.0,Pedestrian,Incapacitating,UNSAFE BACKING,39.2512,-86.652504
3,3,2000.0,2-Car,No injury/unknown,FOLLOWING TOO CLOSELY,39.085632,-86.542304
3,3,1700.0,Moped/Motorcycle,Incapacitating,FAILURE TO YIELD RIGHT OF WAY,39.222848,-86.63048
4,4,0.0,1-Car,No injury/unknown,RAN OFF ROAD RIGHT,39.15718451,-86.49233847
3,3,1000.0,2-Car,Incapacitating,IMPROPER PASSING,39.13704243,-86.5381751