Month,Day,Hour,Collision Type,Injury Type,Primary Factor,Latitude,Longitude
4,4,600.0,1-Car,No injury/unknown,DRIVER ASLEEP OR FATIGUED,39.33556319,-86.51152924
4,4,900.0,2-Car,No injury/unknown,FAILURE TO YIELD RIGHT OF WAY,39.168704,-86.538576
4,4,700.0,2-Car,No injury/unknown,FAILURE TO YIELD RIGHT OF WAY,39.13566829,-86.52833531
4,4,1000.0,2-Car,Non-incapacitating,FOLLOWING TOO CLOSELY,39.11610549,-86.53136998
4,4,1100.0,1-Car,No injury/unknown,RAN OFF ROAD RIGHT,39.21934722,-86.49999015
4,4,1000.0,2-Car,No injury/unknown,FAILURE TO YIELD RIGHT OF WAY,39.1533,-86.52696982
3,3,2100.0,2-Car,Incapacitating,LEFT OF CENTER,39.10328611,-86.54911173
4,4,1700.0,2-Car,No injury/unknown,FOLLOWING TOO CLOSELY,39.13615095,-86.53988873
4,4,1700.0,2-Car,No injury/unknown,FOLLOWING TOO CLOSELY,39.16672,-86.542096
4,4,1500.0,1-Car,No injury/unknown,UNSAFE BACKING,39.17212343,-86.547104
4,4,1500.0,2-Car,No injury/unknown,FOLLOWING TOO CLOSELY,39.217648,-86.5928
4,4,1900.0,2-Car,No injury/unknown,UNSAFE BACKING,39.17524114,-86.51896409
4,4,1700.0,2-Car,No injury/unknown,UNSAFE BACKING,39.232544,-86.540704
4,4,1700.0,2-Car,No injury/unknown,FOLLOWING TOO CLOSELY,39.186544,-86.537888
4,4,1800.0,2-Car,No injury/unknown,FOLLOWING TOO CLOSELY,39.174416,-86.530992
4,4,1700.0,2-Car,No injury/unknown,IMPROPER PASSING,39.131712,-86.58536
3,3,1600.0,2-Car,No injury/unknown,OTHER (DRIVER) - EXPLAIN IN NARRATIVE,39.17164591,-86.50199444
4,5,1300.0,2-Car,No injury/unknown,IMPROPER LANE USAGE,39.164352,-86.521088
4,5,2000.0,2-Car,No injury/unknown,UNSAFE BACKING,39.20824814,-86.58039093
4,5,1800.0,2-Car,No injury/unknown,FOLLOWING TOO CLOSELY,39.186752,-86.611504
4,5,2000.0,2-Car,No injury/unknown,FOLLOWING TOO CLOSELY,39.164752,-86.573104
4,6,100.0,1-Car,Incapacitating,RAN OFF ROAD RIGHT,39.08611455,-86.619792
4,6,1000.0,2-Car,No injury/unknown,UNSAFE BACKING,39.164848,-86.581504
4,6,1200.0,2-Car,No injury/unknown,SPEED TOO FAST FOR WEATHER CONDITIONS,39.16309007,-86.52020998
4,5,900.0,Bus,No injury/unknown,FAILURE TO YIELD RIGHT OF WAY,39.16464,-86.534816
4,5,1600.0,2-Car,No injury/unknown,IMPROPER LANE USAGE,39.125312,-86.610496
4,6,800.0,3+ Cars,No injury/unknown,OTHER (DRIVER) - EXPLAIN IN NARRATIVE,39.071056,-86.5356
4,5,2000.0,2-Car,Non-incapacitating,FAILURE TO YIELD RIGHT OF WAY,39.16864,-86.533568
3,7,1500.0,3+ Cars,Non-incapacitating,FOLLOWING TOO CLOSELY,39.191248,-86.532896
4,6,1600.0,1-Car,No injury/unknown,OVERCORRECTING/OVERSTEERING,39.18363953,-86.52835617
4,6,1500.0,2-Car,No injury/unknown,FOLLOWING TOO CLOSELY,39.179104,-86.544016
4,6,2100.0,2-Car,No injury/unknown,DISREGARD SIGNAL/REG SIGN,39.173184,-86.538528
4,6,900.0,Pedestrian,No injury/unknown,OTHER (DRIVER) - EXPLAIN IN NARRATIVE,39.156128,-86.560912
4,7,1000.0,2-Car,No injury/unknown,FAILURE TO YIELD RIGHT OF WAY,39.14499486,-86.57788929
4,7,1100.0,2-Car,No injury/unknown,FAILURE TO YIELD RIGHT OF WAY,39.16768,-86.538592
4,7,1300.0,2-Car,No injury/unknown,FAILURE TO YIELD RIGHT OF WAY,39.13288687,-86.57913006
4,7,1800.0,1-Car,No injury/unknown,UNSAFE SPEED,39.15946975,-86.5460202
4,7,1900.0,3+ Cars,Incapacitating,FOLLOWING TOO CLOSELY,39.186352,-86.528496
4,5,2000.0,2-Car,No injury/unknown,ROADWAY SURFACE CONDITION,39.17482447,-86.52008995
4,7,1400.0,2-Car,No injury/unknown,UNSAFE BACKING,39.19635013,-86.55580222
4,1,1000.0,3+ Cars,No injury/unknown,OTHER (DRIVER) - EXPLAIN IN NARRATIVE,38.826425,-86.789182
4,1,1600.0,2-Car,No injury/unknown,UNSAFE BACKING,39.171648,-86.5027701
4,7,1800.0,2-Car,No injury/unknown,IMPROPER TURNING,39.161648,-86.546128
4,1,1900.0,2-Car,No injury/unknown,FAILURE TO YIELD RIGHT OF WAY,39.170544,-86.526992
4,2,1400.0,2-Car,No injury/unknown,FOLLOWING TOO CLOSELY,39.16308001,-86.50846995
4,2,1600.0,2-Car,Incapacitating,FAILURE TO YIELD RIGHT OF WAY,39.15263367,-86.49272918
4,2,1700.0,3+ Cars,Non-incapacitating,FOLLOWING TOO CLOSELY,39.21399732,-86.53102874
4,7,1500.0,2-Car,Non-incapacitating,OTHER (VEHICLE) - EXPLAIN IN NARRATIVE,39.23984,-86.387696
4,1,1600.0,2-Car,No injury/unknown,LEFT OF CENTER,39.30312795,-86.56154014
4,1,2100.0,1-Car,No injury/unknown,ANIMAL/OBJECT IN ROADWAY,39.25155829,-86.41900164
4,7,2000.0,1-Car,No injury/unknown,OTHER (DRIVER) - EXPLAIN IN NARRATIVE,39.12660505,-86.5726527
4,3,700.0,2-Car,No injury/unknown,UNSAFE BACKING,39.16424,-86.5173551
4,3,800.0,2-Car,No injury/unknown,UNSAFE BACKING,39.169648,-86.4828
4,3,800.0,2-Car,No injury/unknown,UNSAFE BACKING,39.17157943,-86.51826514
4,2,1400.0,2-Car,Non-incapacitating,UNSAFE SPEED,39.107648,-86.643696
4,3,1000.0,2-Car,No injury/unknown,DRIVER DISTRACTED - EXPLAIN IN NARRATIVE,39.09431839,-86.55906677
4,3,1400.0,2-Car,No injury/unknown,FOLLOWING TOO CLOSELY,39.16075,-86.54851238
4,3,2200.0,2-Car,No injury/unknown,LEFT OF CENTER,39.13704,-86.572896
4,4,200.0,1-Car,No injury/unknown,RAN OFF ROAD RIGHT,39.166672,-86.538608
4,7,1700.0,1-Car,No injury/unknown,RAN OFF ROAD RIGHT,39.25037815,-86.65158204
4,3,1300.0,1-Car,No injury/unknown,SPEED TOO FAST FOR WEATHER CONDITIONS,39.11605361,-86.42871846
4,4,1000.0,2-Car,No injury/unknown,FOLLOWING TOO CLOSELY,39.1533,-86.52696982
4,4,1200.0,2-Car,No injury/unknown,FOLLOWING TOO CLOSELY,39.16461021,-86.57914738
4,4,1200.0,2-Car,No injury/unknown,UNSAFE LANE MOVEMENT,39.180352,-86.5284
4,4,1100.0,Pedestrian,Incapacitating,OTHER (DRIVER) - EXPLAIN IN NARRATIVE,39.22770039,-86.52008404
4,4,1600.0,2-Car,No injury/unknown,FAILURE TO YIELD RIGHT OF WAY,39.166944,-86.495056
4,4,1900.0,2-Car,No injury/unknown,,39.155344,-86.503088
4,4,1600.0,2-Car,No injury/unknown,FAILURE TO YIELD RIGHT OF WAY,39.16144,-86.5336
4,3,1700.0,1-Car,No injury/unknown,ANIMAL/OBJECT IN ROADWAY,39.093344,-86.5868
4,4,1500.0,2-Car,No injury/unknown,UNSAFE BACKING,39.16464,-86.534816
4,3,1800.0,2-Car,No injury/unknown,LEFT OF CENTER,39.22714993,-86.61991976
4,4,800.0,2-Car,No injury/unknown,LEFT OF CENTER,39.10476225,-86.54038172
4,5,1200.0,1-Car,No injury/unknown,OTHER (VEHICLE) - EXPLAIN IN NARRATIVE,39.1676,-86.516168
4,5,1300.0,1-Car,No injury/unknown,UNSAFE BACKING,39.173552,-86.515488
4,5,1600.0,2-Car,No injury/unknown,FOLLOWING TOO CLOSELY,39.17157993,-86.51247985
4,5,1400.0,2-Car,No injury/unknown,FAILURE TO YIELD RIGHT OF WAY,39.176192,-86.52712
4,5,1800.0,2-Car,Non-incapacitating,FAILURE TO YIELD RIGHT OF WAY,39.155152,-86.497888
4,5,1800.0,2-Car,No injury/unknown,FAILURE TO YIELD RIGHT OF WAY,39.155152,-86.497888
4,5,1700.0,2-Car,No injury/unknown,,39.168752,-86.5436
4,5,1800.0,2-Car,Non-incapacitating,FOLLOWING TOO CLOSELY,39.1533,-86.52696982
4,5,2100.0,2-Car,No injury/unknown,FAILURE TO YIELD RIGHT OF WAY,39.20619965,-86.61134338
4,5,1400.0,1-Car,No injury/unknown,DRIVER DISTRACTED - EXPLAIN IN NARRATIVE,39.16464,-86.534816
4,5,1500.0,2-Car,No injury/unknown,FAILURE TO YIELD RIGHT OF WAY,39.157504,-86.531104
4,5,200.0,1-Car,No injury/unknown,IMPROPER TURNING,39.16424,-86.495088
4,6,300.0,2-Car,No injury/unknown,FAILURE TO YIELD RIGHT OF WAY,39.186352,-86.534704
4,6,100.0,1-Car,No injury/unknown,OTHER (DRIVER) - EXPLAIN IN NARRATIVE,39.138688,-86.465968
4,6,0.0,1-Car,No injury/unknown,UNSAFE LANE MOVEMENT,39.16864,-86.533568
4,6,700.0,2-Car,Non-incapacitating,DRIVER ILLNESS,39.128848,-86.588272
4,6,1000.0,2-Car,Non-incapacitating,FOLLOWING TOO CLOSELY,39.14264,-86.53864
4,5,1700.0,2-Car,No injury/unknown,FAILURE TO YIELD RIGHT OF WAY,39.107344,-86.5264
4,5,2200.0,2-Car,No injury/unknown,OTHER (VEHICLE) - EXPLAIN IN NARRATIVE,39.171472,-86.509376
4,6,1600.0,Moped/Motorcycle,Incapacitating,DRIVER DISTRACTED - EXPLAIN IN NARRATIVE,39.17784,-86.533408
4,6,1600.0,2-Car,No injury/unknown,FOLLOWING TOO CLOSELY,39.15379295,-86.53875218
4,6,1400.0,2-Car,No injury/unknown,UNSAFE BACKING,39.16786971,-86.536
4,6,1700.0,2-Car,No injury/unknown,FOLLOWING TOO CLOSELY,39.164752,-86.573104
4,6,1700.0,2-Car,No injury/unknown,DRIVER DISTRACTED - EXPLAIN IN NARRATIVE,39.16768,-86.538592
4,5,1400.0,2-Car,No injury/unknown,OTHER (DRIVER) - EXPLAIN IN NARRATIVE,39.235504,-86.625712
4,5,0.0,1-Car,No injury/unknown,RAN OFF ROAD RIGHT,39.32134466,-86.42514778
4,6,500.0,1-Car,No injury/unknown,RAN OFF ROAD RIGHT,39.215344,-86.521392
4,6,2200.0,2-Car,No injury/unknown,FAILURE TO YIELD RIGHT OF WAY,39.169552,-86.534784
4,6,1100.0,2-Car,No injury/unknown,FAILURE TO YIELD RIGHT OF WAY,39.16465513,-86.57859764
4,7,900.0,2-Car,No injury/unknown,UNSAFE BACKING,39.1505444,-86.52372782
4,7,700.0,2-Car,No injury/unknown,FOLLOWING TOO CLOSELY,39.16463589,-86.58291865
4,7,1200.0,2-Car,Non-incapacitating,FAILURE TO YIELD RIGHT OF WAY,39.155152,-86.497888
4,6,1700.0,2-Car,No injury/unknown,UNSAFE BACKING,39.17149326,-86.51131082
4,7,2300.0,2-Car,No injury/unknown,UNSAFE BACKING,39.142555,-86.531238
4,7,100.0,1-Car,No injury/unknown,RAN OFF ROAD RIGHT,39.1837032,-86.47042612
4,1,0.0,1-Car,No injury/unknown,ANIMAL/OBJECT IN ROADWAY,39.28130294,-86.52264966
4,5,1700.0,1-Car,No injury/unknown,RAN OFF ROAD RIGHT,39.25864,-86.5012
4,6,1700.0,2-Car,No injury/unknown,UNSAFE BACKING,39.13736343,-86.57886505
4,1,1000.0,2-Car,No injury/unknown,IMPROPER PASSING,39.17896,-86.521088
4,1,1700.0,2-Car,No injury/unknown,,39.16496895,-86.49869799
4,2,700.0,2-Car,No injury/unknown,OTHER (DRIVER) - EXPLAIN IN NARRATIVE,39.16442983,-86.55630983
4,2,1700.0,2-Car,No injury/unknown,FOLLOWING TOO CLOSELY,39.17024,-86.501392
4,1,1700.0,2-Car,Non-incapacitating,FAILURE TO YIELD RIGHT OF WAY,39.171728,-86.5324
4,2,2000.0,1-Car,Incapacitating,RAN OFF ROAD RIGHT,39.16144,-86.534848
4,1,0.0,1-Car,Non-incapacitating,RAN OFF ROAD RIGHT,39.085632,-86.542304
4,1,300.0,1-Car,No injury/unknown,OTHER (DRIVER) - EXPLAIN IN NARRATIVE,39.21522596,-86.51433289
4,1,1300.0,1-Car,No injury/unknown,ANIMAL/OBJECT IN ROADWAY,39.04670943,-86.53586743
4,3,900.0,2-Car,No injury/unknown,FAILURE TO YIELD RIGHT OF WAY,39.16745736,-86.510992
4,3,900.0,2-Car,No injury/unknown,DRIVER DISTRACTED - EXPLAIN IN NARRATIVE,39.164832,-86.585856
4,3,600.0,2-Car,No injury/unknown,FAILURE TO YIELD RIGHT OF WAY,39.16504,-86.610704
4,5,1100.0,1-Car,No injury/unknown,ANIMAL/OBJECT IN ROADWAY,39.07164416,-86.50678625
4,3,1400.0,3+ Cars,Incapacitating,FOLLOWING TOO CLOSELY,39.164304,-86.506992
4,3,1700.0,2-Car,No injury/unknown,FOLLOWING TOO CLOSELY,39.16432,-86.50824
4,3,1700.0,2-Car,No injury/unknown,UNSAFE BACKING,39.1494403,-86.50130688
4,2,1600.0,2-Car,No injury/unknown,UNSAFE LANE MOVEMENT,39.219152,-86.602304
4,6,1200.0,2-Car,No injury/unknown,FOLLOWING TOO CLOSELY,39.22402954,-86.61122894
4,5,200.0,2-Car,No injury/unknown,UNSAFE BACKING,39.15214062,-86.58266052
4,4,700.0,1-Car,No injury/unknown,RAN OFF ROAD RIGHT,39.27799992,-86.46902002
4,4,800.0,2-Car,No injury/unknown,IMPROPER TURNING,39.16667233,-86.53863249
4,4,1500.0,2-Car,No injury/unknown,IMPROPER LANE USAGE,39.17906597,-86.52582384
4,4,1400.0,1-Car,No injury/unknown,OTHER (ENVIRONMENTAL) - EXPLAIN IN NARR,39.17441927,-86.53085976
4,4,1800.0,2-Car,No injury/unknown,UNSAFE BACKING,39.13658448,-86.53091669
4,3,1200.0,2-Car,No injury/unknown,,39.1791262,-86.53084702
4,1,1200.0,2-Car,No injury/unknown,FAILURE TO YIELD RIGHT OF WAY,39.15765411,-86.55490112
4,5,800.0,Pedestrian,Incapacitating,OTHER (DRIVER) - EXPLAIN IN NARRATIVE,39.123744,-86.52810935
4,4,1300.0,2-Car,No injury/unknown,IMPROPER LANE USAGE,39.186944,-86.5468
4,4,1200.0,2-Car,No injury/unknown,UNSAFE BACKING,39.175984,-86.534736
4,5,900.0,2-Car,Incapacitating,FAILURE TO YIELD RIGHT OF WAY,39.16424,-86.473696
4,5,1300.0,2-Car,No injury/unknown,UNSAFE LANE MOVEMENT,39.171504,-86.512288
4,5,1400.0,2-Car,No injury/unknown,OTHER (DRIVER) - EXPLAIN IN NARRATIVE,39.16685827,-86.52153321
4,5,1900.0,2-Car,Non-incapacitating,FAILURE TO YIELD RIGHT OF WAY,39.16424,-86.476096
4,5,1700.0,2-Car,No injury/unknown,FOLLOWING TOO CLOSELY,39.14253292,-86.57296249
4,5,2100.0,2-Car,No injury/unknown,FOLLOWING TOO CLOSELY,39.17168,-86.528256
4,5,2200.0,2-Car,No injury/unknown,IMPROPER LANE USAGE,39.3145402,-86.51147583
4,6,200.0,2-Car,No injury/unknown,IMPROPER TURNING,39.1794156,-86.53602554
4,6,900.0,2-Car,No injury/unknown,OTHER (DRIVER) - EXPLAIN IN NARRATIVE,39.17896,-86.521088
4,6,900.0,2-Car,No injury/unknown,FAILURE TO YIELD RIGHT OF WAY,39.150544,-86.5336
4,6,1100.0,2-Car,No injury/unknown,UNSAFE LANE MOVEMENT,39.16464,-86.568
4,6,1100.0,3+ Cars,Non-incapacitating,UNSAFE SPEED,39.17024,-86.501392
4,6,700.0,1-Car,No injury/unknown,RAN OFF ROAD RIGHT,39.22293015,-86.5697738
4,6,1500.0,Pedestrian,No injury/unknown,FAILURE TO YIELD RIGHT OF WAY,39.16312024,-86.52590028
4,6,1800.0,Moped/Motorcycle,Incapacitating,RAN OFF ROAD RIGHT,39.0884819,-86.42079925
4,6,1500.0,2-Car,No injury/unknown,FAILURE TO YIELD RIGHT OF WAY,39.165664,-86.5348
4,6,2100.0,Bus,No injury/unknown,OTHER (DRIVER) - EXPLAIN IN NARRATIVE,39.16659974,-86.53560988
4,6,2100.0,1-Car,No injury/unknown,LEFT OF CENTER,39.17912029,-86.55652977
4,6,1700.0,3+ Cars,Incapacitating,FOLLOWING TOO CLOSELY,39.20619965,-86.61134338
4,5,0.0,1-Car,No injury/unknown,RAN OFF ROAD RIGHT,39.19943727,-86.55951484
4,7,600.0,1-Car,No injury/unknown,BRAKE FAILURE OR DEFECTIVE,39.1611824,-86.5322113
4,6,1400.0,2-Car,No injury/unknown,DRIVER DISTRACTED - EXPLAIN IN NARRATIVE,39.13704,-86.572896
4,6,1200.0,3+ Cars,No injury/unknown,LEFT OF CENTER,39.173184,-86.538528
4,7,1200.0,2-Car,No injury/unknown,FAILURE TO YIELD RIGHT OF WAY,39.12141994,-86.53134986
4,7,1700.0,2-Car,No injury/unknown,IMPROPER PASSING,39.17166978,-86.48927717
4,7,1800.0,2-Car,No injury/unknown,FAILURE TO YIELD RIGHT OF WAY,39.15250667,-86.497904
4,7,1500.0,Moped/Motorcycle,Non-incapacitating,OTHER (DRIVER) - EXPLAIN IN NARRATIVE,39.16063672,-86.533714
4,7,1800.0,2-Car,No injury/unknown,UNSAFE BACKING,39.16846848,-86.5732727
4,7,1900.0,2-Car,No injury/unknown,OTHER (VEHICLE) - EXPLAIN IN NARRATIVE,39.17302832,-86.51339918
4,6,300.0,3+ Cars,No injury/unknown,SPEED TOO FAST FOR WEATHER CONDITIONS,39.22607704,-86.54663581
4,7,2300.0,2-Car,No injury/unknown,DISREGARD SIGNAL/REG SIGN,39.16305243,-86.51638885
4,7,1400.0,2-Car,Non-incapacitating,FOLLOWING TOO CLOSELY,39.17984,-86.507088
4,1,1000.0,2-Car,No injury/unknown,SPEED TOO FAST FOR WEATHER CONDITIONS,39.186368,-86.5344
4,1,1000.0,2-Car,No injury/unknown,DISREGARD SIGNAL/REG SIGN,39.171712,-86.530992
4,1,1000.0,2-Car,No injury/unknown,UNSAFE BACKING,39.15715836,-86.58867045
4,7,100.0,2-Car,No injury/unknown,FOLLOWING TOO CLOSELY,39.10715997,-86.52650982
4,7,1800.0,2-Car,No injury/unknown,FOLLOWING TOO CLOSELY,39.26478727,-86.52270297
4,6,2100.0,Moped/Motorcycle,Non-incapacitating,OVERCORRECTING/OVERSTEERING,39.14420245,-86.46687098
4,1,1300.0,2-Car,No injury/unknown,FOLLOWING TOO CLOSELY,39.166672,-86.538608
4,1,1300.0,2-Car,No injury/unknown,UNSAFE BACKING,39.125312,-86.610496
4,1,1600.0,3+ Cars,No injury/unknown,FOLLOWING TOO CLOSELY,39.1772081,-86.47765905
4,1,1700.0,2-Car,No injury/unknown,UNSAFE BACKING,39.171504,-86.49509867
4,2,200.0,1-Car,No injury/unknown,UNSAFE SPEED,39.14588973,-86.49749971
4,2,700.0,2-Car,No injury/unknown,FOLLOWING TOO CLOSELY,39.150656,-86.5188
4,1,700.0,1-Car,Fatal,RAN OFF ROAD RIGHT,39.00289178,-86.53728159
4,6,1700.0,2-Car,No injury/unknown,DRIVER DISTRACTED - EXPLAIN IN NARRATIVE,39.092944,-86.544
4,2,800.0,2-Car,No injury/unknown,DISREGARD SIGNAL/REG SIGN,39.16305243,-86.51638885
4,1,200.0,1-Car,No injury/unknown,ANIMAL/OBJECT IN ROADWAY,39.16331638,-86.41683227
4,7,100.0,2-Car,No injury/unknown,IMPROPER LANE USAGE,39.17904,-86.532096
4,1,1300.0,2-Car,No injury/unknown,FOLLOWING TOO CLOSELY,39.171552,-86.515728
4,7,2100.0,1-Car,No injury/unknown,RAN OFF ROAD RIGHT,39.16197707,-86.53117015
4,1,1300.0,2-Car,No injury/unknown,OTHER (DRIVER) - EXPLAIN IN NARRATIVE,39.16021541,-86.55312471
4,7,2200.0,2-Car,No injury/unknown,OTHER (DRIVER) - EXPLAIN IN NARRATIVE,39.200448,-86.514192
4,7,2200.0,2-Car,No injury/unknown,UNSAFE BACKING,39.16704632,-86.51084236
4,1,1600.0,2-Car,No injury/unknown,UNSAFE BACKING,39.16658457,-86.49281455
4,1,2000.0,Cyclist,Non-incapacitating,FAILURE TO YIELD RIGHT OF WAY,39.17476808,-86.51466999
3,1,1200.0,Pedestrian,Incapacitating,UNSAFE BACKING,39.169728,-86.5548
4,2,0.0,1-Car,Incapacitating,DISREGARD SIGNAL/REG SIGN,39.16440793,-86.50966018
4,7,1300.0,1-Car,No injury/unknown,RAN OFF ROAD RIGHT,39.20704,-86.534704
3,6,900.0,1-Car,No injury/unknown,RAN OFF ROAD RIGHT,39.2326889,-86.4332199
4,6,0.0,1-Car,No injury/unknown,LEFT OF CENTER,39.15958786,-86.56008148
4,7,1400.0,2-Car,No injury/unknown,IMPROPER TURNING,39.211683,-86.58610498
4,7,2300.0,Pedestrian,Incapacitating,PEDESTRIAN ACTION,39.1790197,-86.52705461
4,7,1700.0,2-Car,No injury/unknown,,39.185152,-86.535296
4,2,1900.0,1-Car,Non-incapacitating,RAN OFF ROAD RIGHT,39.102448,-86.55696
4,2,1500.0,2-Car,No injury/unknown,FAILURE TO YIELD RIGHT OF WAY,39.17296982,-86.59990692
4,6,0.0,2-Car,Incapacitating,FAILURE TO YIELD RIGHT OF WAY,39.26616,-86.522752
4,2,2300.0,2-Car,No injury/unknown,OTHER (DRIVER) - EXPLAIN IN NARRATIVE,39.17332369,-86.54097606
4,2,1300.0,2-Car,No injury/unknown,UNSAFE BACKING,39.1707889,-86.53353274
4,2,1100.0,2-Car,Incapacitating,OTHER (DRIVER) - EXPLAIN IN NARRATIVE,39.17163022,-86.52237989
4,3,0.0,2-Car,No injury/unknown,,39.1841412,-86.5344552
4,3,1100.0,2-Car,No injury/unknown,UNSAFE BACKING,39.16328,-86.522592
4,3,1300.0,1-Car,No injury/unknown,IMPROPER TURNING,39.18313757,-86.52827404
4,3,1300.0,2-Car,No injury/unknown,FOLLOWING TOO CLOSELY,39.15053341,-86.52261608
4,3,1600.0,2-Car,Non-incapacitating,BRAKE FAILURE OR DEFECTIVE,39.121552,-86.531296
4,3,1800.0,2-Car,No injury/unknown,FOLLOWING TOO CLOSELY,39.164272,-86.501488
4,3,1400.0,3+ Cars,Incapacitating,FOLLOWING TOO CLOSELY,39.14251599,-86.53136998
4,3,1500.0,2-Car,No injury/unknown,UNSAFE BACKING,39.17432203,-86.51891983
4,4,300.0,Pedestrian,Incapacitating,PEDESTRIAN ACTION,39.171648,-86.502096
4,4,800.0,3+ Cars,No injury/unknown,FOLLOWING TOO CLOSELY,39.164304,-86.506992
4,4,900.0,2-Car,No injury/unknown,DRIVER DISTRACTED - EXPLAIN IN NARRATIVE,39.16424,-86.495088
4,1,1100.0,2-Car,No injury/unknown,UNSAFE BACKING,39.171648,-86.50435515
4,4,1200.0,2-Car,No injury/unknown,OTHER (DRIVER) - EXPLAIN IN NARRATIVE,39.136144,-86.528688
4,4,1100.0,2-Car,No injury/unknown,FOLLOWING TOO CLOSELY,39.17617467,-86.56292242
4,4,1400.0,2-Car,No injury/unknown,UNSAFE BACKING,39.17250261,-86.51898354
4,4,1300.0,2-Car,No injury/unknown,FOLLOWING TOO CLOSELY,39.148144,-86.572992
4,3,1300.0,2-Car,No injury/unknown,UNSAFE BACKING,39.16862775,-86.52286299
4,4,1300.0,2-Car,Non-incapacitating,FOLLOWING TOO CLOSELY,39.17662048,-86.56252288
4,3,1600.0,2-Car,No injury/unknown,FAILURE TO YIELD RIGHT OF WAY,39.21467972,-86.59262847
4,3,2000.0,2-Car,No injury/unknown,UNSAFE BACKING,39.28039983,-86.52268462
4,4,1300.0,2-Car,No injury/unknown,IMPROPER TURNING,39.16444714,-86.537296
4,4,0.0,2-Car,No injury/unknown,UNSAFE BACKING,39.175152,-86.54104
4,4,2300.0,1-Car,Non-incapacitating,ANIMAL/OBJECT IN ROADWAY,39.13676534,-86.572896
4,4,700.0,3+ Cars,No injury/unknown,FOLLOWING TOO CLOSELY,39.08680128,-86.67550806
4,5,1000.0,2-Car,No injury/unknown,FAILURE TO YIELD RIGHT OF WAY,39.164352,-86.5088
4,5,1000.0,2-Car,No injury/unknown,UNSAFE BACKING,39.168176,-86.5091003
4,5,1200.0,2-Car,No injury/unknown,OTHER (DRIVER) - EXPLAIN IN NARRATIVE,39.16420519,-86.49964883
4,4,1100.0,1-Car,No injury/unknown,IMPROPER LANE USAGE,39.16221368,-86.5226233
4,4,1400.0,1-Car,No injury/unknown,UNSAFE BACKING,39.09294436,-86.5167456
4,5,1700.0,2-Car,Non-incapacitating,IMPROPER LANE USAGE,39.148144,-86.572992
4,5,1700.0,2-Car,No injury/unknown,FAILURE TO YIELD RIGHT OF WAY,39.17264,-86.52704
5,6,100.0,1-Car,Non-incapacitating,RAN OFF ROAD RIGHT,39.10753175,-86.54891106
5,6,900.0,2-Car,No injury/unknown,OTHER (DRIVER) - EXPLAIN IN NARRATIVE,39.13493114,-86.52778394
5,6,1500.0,2-Car,Non-incapacitating,IMPROPER TURNING,39.164352,-86.521088
5,6,1600.0,2-Car,No injury/unknown,FOLLOWING TOO CLOSELY,39.176544,-86.5624
5,6,1500.0,2-Car,No injury/unknown,UNSAFE BACKING,39.14984,-86.53213111
5,6,1500.0,2-Car,No injury/unknown,UNSAFE BACKING,39.16290283,-86.50295257
5,6,1800.0,2-Car,No injury/unknown,DISREGARD SIGNAL/REG SIGN,39.169552,-86.529696
5,7,1100.0,2-Car,No injury/unknown,FOLLOWING TOO CLOSELY,39.13611763,-86.59484583
5,6,1700.0,2-Car,No injury/unknown,FAILURE TO YIELD RIGHT OF WAY,39.16877031,-86.57355979
5,7,1500.0,2-Car,No injury/unknown,IMPROPER TURNING,39.207648,-86.573792
5,7,1300.0,2-Car,No injury/unknown,UNSAFE BACKING,39.16664,-86.52798041
5,6,2200.0,2-Car,No injury/unknown,OTHER (VEHICLE) - EXPLAIN IN NARRATIVE,39.16444703,-86.52575968
5,7,1400.0,2-Car,No injury/unknown,FOLLOWING TOO CLOSELY,39.164752,-86.573104
5,6,1700.0,2-Car,No injury/unknown,FOLLOWING TOO CLOSELY,39.18881826,-86.58302576
5,7,1200.0,2-Car,No injury/unknown,UNSAFE BACKING,39.16513824,-86.5824356
5,1,1100.0,2-Car,No injury/unknown,UNSAFE BACKING,39.16987228,-86.57498168
5,7,1700.0,2-Car,No injury/unknown,FAILURE TO YIELD RIGHT OF WAY,39.166944,-86.495056
5,7,1400.0,2-Car,No injury/unknown,UNSAFE BACKING,40.106918,-85.667884
5,7,1500.0,1-Car,No injury/unknown,IMPROPER TURNING,39.178848,-86.51144
5,2,0.0,2-Car,No injury/unknown,IMPROPER PASSING,40.17592359,-87.26738818
5,2,900.0,2-Car,No injury/unknown,FAILURE TO YIELD RIGHT OF WAY,39.21477514,-86.59228631
5,2,800.0,1-Car,No injury/unknown,DRIVER ASLEEP OR FATIGUED,39.14190066,-86.5828886
5,2,1200.0,1-Car,No injury/unknown,DRIVER ILLNESS,39.17645015,-86.51886016
5,2,1400.0,Bus,No injury/unknown,FOLLOWING TOO CLOSELY,39.173344,-86.555104
5,2,1400.0,2-Car,Incapacitating,UNSAFE LANE MOVEMENT,39.142048,-86.582592
5,2,1600.0,2-Car,No injury/unknown,IMPROPER TURNING,39.17162087,-86.50077565
5,2,1700.0,2-Car,Non-incapacitating,FAILURE TO YIELD RIGHT OF WAY,39.14194737,-86.58259072
5,2,400.0,2-Car,No injury/unknown,FAILURE TO YIELD RIGHT OF WAY,39.16463971,-86.58292002