Month,Day,Hour,Collision Type,Injury Type,Primary Factor,Latitude,Longitude
5,2,1300.0,2-Car,Non-incapacitating,UNSAFE SPEED,39.1642661,-86.51321379
5,3,900.0,2-Car,No injury/unknown,FAILURE TO YIELD RIGHT OF WAY,39.17874946,-86.5396263
5,3,900.0,2-Car,Incapacitating,FOLLOWING TOO CLOSELY,39.187344,-86.5552
4,2,1000.0,1-Car,No injury/unknown,FOLLOWING TOO CLOSELY,39.20188017,-86.58311985
5,1,1300.0,1-Car,No injury/unknown,OTHER (DRIVER) - EXPLAIN IN NARRATIVE,39.135648,-86.462248
5,3,1000.0,2-Car,No injury/unknown,BRAKE FAILURE OR DEFECTIVE,39.09609988,-86.51704028
5,3,1000.0,Moped/Motorcycle,Incapacitating,DISREGARD SIGNAL/REG SIGN,39.14502188,-86.57775915
4,5,1200.0,1-Car,No injury/unknown,UNSAFE SPEED,39.09970008,-86.49847865
5,3,800.0,2-Car,No injury/unknown,FOLLOWING TOO CLOSELY,39.08835793,-86.61312103
5,2,900.0,2-Car,No injury/unknown,FOLLOWING TOO CLOSELY,39.10715997,-86.52650982
5,3,1200.0,2-Car,No injury/unknown,FAILURE TO YIELD RIGHT OF WAY,39.171744,-86.534768
5,2,1800.0,2-Car,Incapacitating,FAILURE TO YIELD RIGHT OF WAY,39.171712,-86.530992
5,3,1400.0,2-Car,No injury/unknown,FOLLOWING TOO CLOSELY,39.176544,-86.5624
5,1,1500.0,2-Car,No injury/unknown,UNSAFE BACKING,39.125312,-86.610496
5,1,1900.0,Pedestrian,Incapacitating,PEDESTRIAN ACTION,39.07189666,-86.53976999
5,1,1800.0,3+ Cars,No injury/unknown,FAILURE TO YIELD RIGHT OF WAY,39.12224,-86.6144
5,3,1700.0,2-Car,No injury/unknown,DISREGARD SIGNAL/REG SIGN,39.147504,-86.508256
5,3,1700.0,1-Car,No injury/unknown,UNSAFE BACKING,39.166942,-86.546142
5,3,1800.0,1-Car,No injury/unknown,RAN OFF ROAD RIGHT,39.155152,-86.497888
5,3,1800.0,2-Car,No injury/unknown,IMPROPER LANE USAGE,39.15563017,-86.54330983
5,3,1600.0,Moped/Motorcycle,Incapacitating,UNSAFE SPEED,39.16664,-86.5336
5,3,1600.0,2-Car,No injury/unknown,FOLLOWING TOO CLOSELY,39.20808816,-86.57727214
5,4,0.0,2-Car,No injury/unknown,IMPROPER TURNING,39.56432171,-86.47568129
5,3,1200.0,2-Car,No injury/unknown,UNSAFE BACKING,39.16636554,-86.52688272
5,6,1700.0,2-Car,No injury/unknown,OTHER (DRIVER) - EXPLAIN IN NARRATIVE,39.16423861,-86.49522852
5,4,1200.0,2-Car,No injury/unknown,FOLLOWING TOO CLOSELY,39.17984,-86.507088
5,4,1100.0,2-Car,No injury/unknown,UNSAFE BACKING,39.16426432,-86.50074688
5,4,1200.0,2-Car,No injury/unknown,FOLLOWING TOO CLOSELY,39.17984,-86.507088
5,4,1200.0,2-Car,No injury/unknown,FAILURE TO YIELD RIGHT OF WAY,39.16086249,-86.55387438
5,1,1400.0,2-Car,Non-incapacitating,DISREGARD SIGNAL/REG SIGN,39.1685497,-86.53359018
5,4,1500.0,2-Car,No injury/unknown,UNSAFE BACKING,39.1672661,-86.51619777
5,4,1400.0,1-Car,No injury/unknown,OTHER (DRIVER) - EXPLAIN IN NARRATIVE,39.18531418,-86.53826141
5,4,1600.0,2-Car,No injury/unknown,FOLLOWING TOO CLOSELY,39.171504,-86.495312
5,4,1700.0,2-Car,No injury/unknown,WRONG WAY ON ONE WAY,39.171648,-86.50435515
5,4,1600.0,2-Car,No injury/unknown,UNSAFE BACKING,39.14404562,-86.51747281
5,4,1800.0,2-Car,No injury/unknown,,39.162848,-86.5284
5,4,1700.0,2-Car,No injury/unknown,FAILURE TO YIELD RIGHT OF WAY,39.166944,-86.495056
5,4,1800.0,Cyclist,Non-incapacitating,FAILURE TO YIELD RIGHT OF WAY,39.161472,-86.53624
5,4,1200.0,2-Car,No injury/unknown,FAILURE TO YIELD RIGHT OF WAY,39.16424,-86.495088
5,3,1700.0,2-Car,No injury/unknown,UNSAFE LANE MOVEMENT,39.21040939,-86.55425576
5,3,1800.0,Cyclist,Incapacitating,FAILURE TO YIELD RIGHT OF WAY,39.07114998,-86.50319002
5,4,1900.0,2-Car,No injury/unknown,IMPROPER LANE USAGE,39.17088686,-86.534768
5,4,1300.0,2-Car,No injury/unknown,DRIVER DISTRACTED - EXPLAIN IN NARRATIVE,39.22484228,-86.5829797
5,3,2300.0,1-Car,No injury/unknown,ANIMAL/OBJECT IN ROADWAY,39.11068027,-86.638854
5,5,900.0,2-Car,No injury/unknown,IMPROPER TURNING,39.176848,-86.55261061
5,5,1100.0,Moped/Motorcycle,No injury/unknown,FOLLOWING TOO CLOSELY,39.164352,-86.522592
5,6,900.0,2-Car,No injury/unknown,UNSAFE SPEED,39.07109968,-86.50787986
5,5,1200.0,2-Car,No injury/unknown,OTHER (DRIVER) - EXPLAIN IN NARRATIVE,39.14984,-86.533392
5,5,1200.0,2-Car,No injury/unknown,FAILURE TO YIELD RIGHT OF WAY,39.16236974,-86.53488032
5,5,1200.0,2-Car,Incapacitating,FAILURE TO YIELD RIGHT OF WAY,39.166768,-86.5452
5,5,1500.0,2-Car,No injury/unknown,FOLLOWING TOO CLOSELY,39.16427754,-86.50968262
5,5,1700.0,2-Car,No injury/unknown,UNSAFE BACKING,39.18163681,-86.51081848
5,3,2200.0,1-Car,No injury/unknown,RAN OFF ROAD RIGHT,39.28237689,-86.41189341
5,5,2000.0,2-Car,No injury/unknown,UNSAFE BACKING,39.2313382,-86.64146728
5,4,1700.0,2-Car,No injury/unknown,FAILURE TO YIELD RIGHT OF WAY,39.099408,-86.537904
5,6,100.0,1-Car,No injury/unknown,RAN OFF ROAD RIGHT,39.150544,-86.5336
5,5,1400.0,2-Car,Non-incapacitating,IMPROPER LANE USAGE,39.1642598,-86.51526281
5,6,900.0,2-Car,No injury/unknown,FOLLOWING TOO CLOSELY,39.15048033,-86.49825006
5,6,900.0,2-Car,No injury/unknown,OTHER (DRIVER) - EXPLAIN IN NARRATIVE,39.16464,-86.5324
5,6,1100.0,2-Car,No injury/unknown,UNSAFE BACKING,39.16540012,-86.51642034
5,6,1300.0,Moped/Motorcycle,No injury/unknown,UNSAFE SPEED,39.17900623,-86.52562335
5,6,1000.0,2-Car,No injury/unknown,FAILURE TO YIELD RIGHT OF WAY,39.143552,-86.580528
5,4,1700.0,1-Car,Non-incapacitating,RAN OFF ROAD RIGHT,39.0929718,-86.54577636
5,4,1700.0,Cyclist,No injury/unknown,FAILURE TO YIELD RIGHT OF WAY,39.239744,-86.4992
5,6,1200.0,Cyclist,Non-incapacitating,FAILURE TO YIELD RIGHT OF WAY,39.16864,-86.524496
5,6,1500.0,2-Car,No injury/unknown,FAILURE TO YIELD RIGHT OF WAY,39.171648,-86.524608
5,6,1600.0,2-Car,No injury/unknown,FOLLOWING TOO CLOSELY,39.164448,-86.528096
5,6,1800.0,2-Car,No injury/unknown,FOLLOWING TOO CLOSELY,39.176848,-86.478192
5,6,1700.0,3+ Cars,Non-incapacitating,FOLLOWING TOO CLOSELY,39.1790197,-86.52249991
5,6,1300.0,2-Car,Incapacitating,FAILURE TO YIELD RIGHT OF WAY,39.186944,-86.5468
5,6,1400.0,2-Car,Incapacitating,FOLLOWING TOO CLOSELY,39.20619965,-86.6113174
5,6,1500.0,2-Car,No injury/unknown,OTHER (DRIVER) - EXPLAIN IN NARRATIVE,39.1359897,-86.52879975
5,6,1900.0,1-Car,No injury/unknown,ACCELERATOR FAILURE OR DEFECTIVE,39.13860082,-86.54499102
5,6,1500.0,3+ Cars,Non-incapacitating,FOLLOWING TOO CLOSELY,39.164272,-86.502416
5,6,1800.0,1-Car,Non-incapacitating,OVERCORRECTING/OVERSTEERING,39.28344,-86.624192
5,6,1600.0,2-Car,No injury/unknown,FAILURE TO YIELD RIGHT OF WAY,39.122352,-86.5712
5,6,1600.0,2-Car,No injury/unknown,FOLLOWING TOO CLOSELY,39.1360787,-86.572896
5,6,1600.0,2-Car,No injury/unknown,OTHER (DRIVER) - EXPLAIN IN NARRATIVE,39.09541994,-86.54263995
5,6,1500.0,3+ Cars,No injury/unknown,FAILURE TO YIELD RIGHT OF WAY,39.186368,-86.5344
5,6,2000.0,2-Car,No injury/unknown,UNSAFE BACKING,39.13970527,-86.51947975
5,7,700.0,2-Car,No injury/unknown,DISREGARD SIGNAL/REG SIGN,39.171712,-86.530992
5,6,1200.0,1-Car,No injury/unknown,OTHER (DRIVER) - EXPLAIN IN NARRATIVE,39.15938996,-86.53629988
5,7,1000.0,2-Car,Non-incapacitating,DRIVER DISTRACTED - EXPLAIN IN NARRATIVE,39.14223567,-86.58233447
5,7,1100.0,2-Car,No injury/unknown,UNSAFE BACKING,39.16987228,-86.57498168
5,7,800.0,2-Car,No injury/unknown,FOLLOWING TOO CLOSELY,39.176544,-86.5624
5,6,1900.0,1-Car,No injury/unknown,ANIMAL/OBJECT IN ROADWAY,39.12206498,-86.61467174
5,7,1500.0,2-Car,No injury/unknown,UNSAFE BACKING,39.179008,-86.525888
5,1,900.0,Bus,No injury/unknown,UNSAFE LANE MOVEMENT,39.59882053,-86.55104064
5,7,1200.0,2-Car,No injury/unknown,FAILURE TO YIELD RIGHT OF WAY,39.212048,-86.5872
5,1,1400.0,2-Car,No injury/unknown,FOLLOWING TOO CLOSELY,39.20619965,-86.61134338
5,1,1500.0,2-Car,No injury/unknown,,39.16424,-86.49368135
5,7,800.0,1-Car,No injury/unknown,OTHER (DRIVER) - EXPLAIN IN NARRATIVE,39.168576,-86.5496
5,7,1700.0,Moped/Motorcycle,No injury/unknown,FAILURE TO YIELD RIGHT OF WAY,39.12984,-86.538496
5,1,2200.0,1-Car,No injury/unknown,ROADWAY SURFACE CONDITION,39.13448613,-86.54330983
5,6,1200.0,2-Car,No injury/unknown,UNSAFE BACKING,39.176848,-86.478192
5,1,1200.0,Moped/Motorcycle,Non-incapacitating,LEFT OF CENTER,39.04464,-86.407952
5,2,900.0,2-Car,No injury/unknown,OTHER (DRIVER) - EXPLAIN IN NARRATIVE,39.159344,-86.53237322
5,7,1700.0,2-Car,No injury/unknown,FOLLOWING TOO CLOSELY,39.01368968,-86.54097966
5,1,1900.0,2-Car,Non-incapacitating,DRIVER DISTRACTED - EXPLAIN IN NARRATIVE,39.22681256,-86.43548939
5,2,700.0,1-Car,No injury/unknown,UNSAFE SPEED,39.15850067,-86.47673034
5,2,1100.0,2-Car,No injury/unknown,UNSAFE BACKING,39.175152,-86.518992
5,2,1200.0,1-Car,Non-incapacitating,SPEED TOO FAST FOR WEATHER CONDITIONS,39.208048,-86.528704
5,2,1300.0,1-Car,Incapacitating,RAN OFF ROAD RIGHT,39.23075611,-86.42494389
5,2,1600.0,2-Car,No injury/unknown,,39.137264,-86.529808
5,2,1300.0,2-Car,No injury/unknown,IMPROPER PASSING,39.16464,-86.5324
5,2,1700.0,2-Car,No injury/unknown,FAILURE TO YIELD RIGHT OF WAY,39.18184,-86.5284
5,2,2000.0,2-Car,No injury/unknown,FAILURE TO YIELD RIGHT OF WAY,39.1632,-86.517584
5,2,1400.0,2-Car,No injury/unknown,IMPROPER TURNING,39.142555,-86.531238
5,2,1700.0,2-Car,No injury/unknown,FOLLOWING TOO CLOSELY,39.10108185,-86.64842657
5,2,1700.0,2-Car,Non-incapacitating,FOLLOWING TOO CLOSELY,39.164752,-86.573104
5,2,1500.0,2-Car,No injury/unknown,FOLLOWING TOO CLOSELY,39.17163351,-86.50139055
5,3,300.0,2-Car,No injury/unknown,UNSAFE SPEED,39.17765469,-86.53086645
5,3,700.0,2-Car,No injury/unknown,FOLLOWING TOO CLOSELY,39.13725255,-86.53143972
5,3,800.0,2-Car,No injury/unknown,DISREGARD SIGNAL/REG SIGN,39.15379287,-86.53875256
5,3,1900.0,Cyclist,Incapacitating,DISREGARD SIGNAL/REG SIGN,39.165648,-86.5336
5,3,500.0,1-Car,No injury/unknown,RAN OFF ROAD RIGHT,39.105552,-86.551104
5,3,1500.0,2-Car,No injury/unknown,UNSAFE BACKING,39.165648,-86.505792
5,4,800.0,2-Car,No injury/unknown,FAILURE TO YIELD RIGHT OF WAY,39.16660979,-86.53868324
5,3,700.0,2-Car,No injury/unknown,FAILURE TO YIELD RIGHT OF WAY,39.17763138,-86.48161112
5,4,1200.0,2-Car,Non-incapacitating,DISREGARD SIGNAL/REG SIGN,39.148144,-86.572992
5,3,1600.0,2-Car,No injury/unknown,FOLLOWING TOO CLOSELY,39.17196013,-86.58297105
5,6,300.0,2-Car,No injury/unknown,IMPROPER TURNING,39.17409344,-86.52707853
5,6,2100.0,2-Car,No injury/unknown,LEFT OF CENTER,39.22525499,-86.60525511
5,4,2000.0,1-Car,Incapacitating,OTHER (DRIVER) - EXPLAIN IN NARRATIVE,39.30405363,-86.51688615
5,4,1300.0,1-Car,No injury/unknown,OTHER (DRIVER) - EXPLAIN IN NARRATIVE,39.10917968,-86.53117015
5,5,800.0,2-Car,No injury/unknown,UNSAFE BACKING,39.17157747,-86.51808392
5,4,1200.0,Moped/Motorcycle,Incapacitating,FAILURE TO YIELD RIGHT OF WAY,39.234384,-86.624064
5,5,1700.0,2-Car,No injury/unknown,,39.16416496,-86.4952138
5,5,900.0,2-Car,No injury/unknown,DISREGARD SIGNAL/REG SIGN,39.16664,-86.5336
5,4,1600.0,2-Car,No injury/unknown,FAILURE TO YIELD RIGHT OF WAY,39.171712,-86.530992
5,3,2000.0,2-Car,No injury/unknown,DRIVER DISTRACTED - EXPLAIN IN NARRATIVE,39.23007314,-86.635728
5,5,2000.0,2-Car,No injury/unknown,FAILURE TO YIELD RIGHT OF WAY,39.146944,-86.532544
5,5,1800.0,2-Car,No injury/unknown,FOLLOWING TOO CLOSELY,39.10649288,-86.55238793
5,5,2100.0,1-Car,Incapacitating,RAN OFF ROAD RIGHT,39.121808,-86.498784
5,6,100.0,1-Car,No injury/unknown,ANIMAL/OBJECT IN ROADWAY,39.186368,-86.5344
5,6,700.0,2-Car,No injury/unknown,FOLLOWING TOO CLOSELY,39.136048,-86.536992
5,4,700.0,2-Car,No injury/unknown,FAILURE TO YIELD RIGHT OF WAY,39.210144,-86.5832
5,6,800.0,2-Car,No injury/unknown,FOLLOWING TOO CLOSELY,39.15710002,-86.55969008
5,6,1000.0,2-Car,No injury/unknown,IMPROPER TURNING,39.16664,-86.52700185
5,6,900.0,1-Car,No injury/unknown,ANIMAL/OBJECT IN ROADWAY,39.168192,-86.49504
5,6,1200.0,Bus,No injury/unknown,UNSAFE LANE MOVEMENT,39.171472,-86.509376
5,6,1100.0,2-Car,No injury/unknown,OTHER (DRIVER) - EXPLAIN IN NARRATIVE,39.1571027,-86.49775855
5,6,1200.0,2-Car,No injury/unknown,FAILURE TO YIELD RIGHT OF WAY,39.222752,-86.550096
5,6,1400.0,2-Car,No injury/unknown,UNSAFE LANE MOVEMENT,39.186368,-86.5344
5,6,1500.0,2-Car,Incapacitating,UNSAFE SPEED,39.18363953,-86.5283432
5,6,1400.0,2-Car,No injury/unknown,UNSAFE BACKING,39.16103363,-86.55483245
5,6,1900.0,2-Car,No injury/unknown,UNSAFE BACKING,39.164272,-86.50177208
5,6,1600.0,3+ Cars,No injury/unknown,BRAKE FAILURE OR DEFECTIVE,39.16424,-86.49259396
5,6,2300.0,2-Car,No injury/unknown,OTHER (DRIVER) - EXPLAIN IN NARRATIVE,39.165648,-86.52793231
5,7,900.0,2-Car,No injury/unknown,FAILURE TO YIELD RIGHT OF WAY,39.15592991,-86.55581027
5,7,1300.0,2-Car,No injury/unknown,FAILURE TO YIELD RIGHT OF WAY,39.173184,-86.538528
5,7,1500.0,2-Car,No injury/unknown,IMPROPER TURNING,39.16427367,-86.51771488
5,7,1500.0,2-Car,No injury/unknown,FOLLOWING TOO CLOSELY,39.176544,-86.5624
5,7,1700.0,1-Car,No injury/unknown,OVERCORRECTING/OVERSTEERING,39.04670943,-86.53586743
5,7,1900.0,2-Car,No injury/unknown,UNSAFE BACKING,39.14144,-86.543632
5,7,1700.0,2-Car,No injury/unknown,FOLLOWING TOO CLOSELY,39.15022016,-86.48725971
5,7,1900.0,2-Car,No injury/unknown,IMPROPER TURNING,39.159648,-86.546
5,7,2000.0,1-Car,No injury/unknown,ANIMAL/OBJECT IN ROADWAY,39.11733209,-86.55792236
5,1,700.0,1-Car,No injury/unknown,ANIMAL/OBJECT IN ROADWAY,39.14390618,-86.57297357
5,6,1200.0,1-Car,No injury/unknown,OTHER (ENVIRONMENTAL) - EXPLAIN IN NARR,39.10032973,-86.57021977
5,6,1800.0,2-Car,No injury/unknown,OTHER (DRIVER) - EXPLAIN IN NARRATIVE,39.16424,-86.48664897
5,1,300.0,1-Car,Incapacitating,RAN OFF ROAD RIGHT,39.010368,-86.507216
5,7,0.0,2-Car,No injury/unknown,UNSAFE BACKING,39.169552,-86.533552
5,1,2300.0,1-Car,No injury/unknown,RAN OFF ROAD RIGHT,39.13704,-86.572896
5,2,0.0,1-Car,No injury/unknown,ANIMAL/OBJECT IN ROADWAY,39.28536159,-86.52063038
5,2,900.0,2-Car,No injury/unknown,OTHER (DRIVER) - EXPLAIN IN NARRATIVE,39.1571597,-86.54823454
5,2,600.0,1-Car,No injury/unknown,ANIMAL/OBJECT IN ROADWAY,39.2168697,-86.65880658
5,6,1500.0,3+ Cars,No injury/unknown,UNSAFE SPEED,39.08984,-86.666304
5,2,1600.0,3+ Cars,No injury/unknown,FOLLOWING TOO CLOSELY,39.16713579,-86.49984108
4,1,1700.0,2-Car,No injury/unknown,UNSAFE BACKING,39.17164591,-86.50199444
5,2,2100.0,2-Car,No injury/unknown,FAILURE TO YIELD RIGHT OF WAY,39.136096,-86.516
5,4,1600.0,2-Car,Incapacitating,UNSAFE SPEED,39.03085178,-86.55490112
5,2,1200.0,2-Car,No injury/unknown,FAILURE TO YIELD RIGHT OF WAY,39.16442983,-86.5563068
5,3,900.0,2-Car,Non-incapacitating,FAILURE TO YIELD RIGHT OF WAY,39.099152,-86.652
5,3,800.0,2-Car,No injury/unknown,DISREGARD SIGNAL/REG SIGN,39.176544,-86.5624
5,3,1000.0,2-Car,No injury/unknown,UNSAFE BACKING,39.171648,-86.50249682
5,1,2200.0,1-Car,No injury/unknown,ANIMAL/OBJECT IN ROADWAY,39.10108185,-86.64842657
5,2,1500.0,1-Car,No injury/unknown,ROADWAY SURFACE CONDITION,39.02923435,-86.40806318
5,2,600.0,2-Car,No injury/unknown,UNSAFE BACKING,39.170848,-86.503696
5,3,1500.0,2-Car,No injury/unknown,UNSAFE BACKING,39.13298026,-86.52176029
5,3,1700.0,2-Car,Non-incapacitating,LEFT OF CENTER,39.178992,-86.537792
5,2,2200.0,1-Car,Incapacitating,RAN OFF ROAD RIGHT,39.09397888,-86.49208068
5,3,1300.0,2-Car,No injury/unknown,UNSAFE LANE MOVEMENT,39.164352,-86.52126441
2,2,900.0,1-Car,No injury/unknown,SPEED TOO FAST FOR WEATHER CONDITIONS,39.263024,-86.52264
5,3,800.0,3+ Cars,Non-incapacitating,FOLLOWING TOO CLOSELY,39.17639627,-86.56260897
5,3,700.0,2-Car,No injury/unknown,FOLLOWING TOO CLOSELY,39.10024993,-86.55795
5,4,700.0,2-Car,No injury/unknown,UNSAFE LANE MOVEMENT,39.210144,-86.5832
5,4,1000.0,2-Car,No injury/unknown,UNSAFE BACKING,39.15357139,-86.4978567
5,4,1200.0,2-Car,No injury/unknown,DISREGARD SIGNAL/REG SIGN,39.17904,-86.5284
5,4,1300.0,2-Car,No injury/unknown,FAILURE TO YIELD RIGHT OF WAY,39.12221146,-86.57353973
5,4,1800.0,3+ Cars,No injury/unknown,FOLLOWING TOO CLOSELY,39.136144,-86.528688
5,4,1700.0,3+ Cars,Non-incapacitating,FAILURE TO YIELD RIGHT OF WAY,39.13992,-86.538416
5,4,1400.0,2-Car,Incapacitating,FAILURE TO YIELD RIGHT OF WAY,39.169584,-86.538576
5,4,700.0,2-Car,No injury/unknown,UNSAFE LANE MOVEMENT,39.1807259,-86.55787222
5,4,1000.0,2-Car,No injury/unknown,IMPROPER TURNING,39.16424,-86.49425989
5,5,600.0,1-Car,No injury/unknown,ANIMAL/OBJECT IN ROADWAY,39.08660818,-86.54353988
5,4,1200.0,2-Car,No injury/unknown,FOLLOWING TOO CLOSELY,39.17469734,-86.56501204
5,5,700.0,1-Car,No injury/unknown,,39.159472,-86.536272
5,4,1200.0,2-Car,No injury/unknown,FAILURE TO YIELD RIGHT OF WAY,39.17915985,-86.58308029
5,3,2000.0,1-Car,Incapacitating,RAN OFF ROAD RIGHT,39.251296,-86.500832
5,2,1500.0,2-Car,Incapacitating,SPEED TOO FAST FOR WEATHER CONDITIONS,39.18135445,-86.40534811
5,5,2200.0,2-Car,No injury/unknown,UNSAFE BACKING,39.16099191,-86.51598885
5,5,700.0,2-Car,No injury/unknown,FOLLOWING TOO CLOSELY,39.19513144,-86.56252288
5,6,0.0,Moped/Motorcycle,Incapacitating,ACCELERATOR FAILURE OR DEFECTIVE,39.187683,-86.54618
5,5,100.0,2-Car,No injury/unknown,FAILURE TO YIELD RIGHT OF WAY,39.138688,-86.465968
5,6,1000.0,2-Car,No injury/unknown,UNSAFE BACKING,39.16664,-86.52808615
5,6,1300.0,2-Car,Non-incapacitating,FAILURE TO YIELD RIGHT OF WAY,39.16142978,-86.54614023
5,6,1900.0,2-Car,Incapacitating,DISREGARD SIGNAL/REG SIGN,39.16144,-86.534848
5,2,1500.0,2-Car,No injury/unknown,FOLLOWING TOO CLOSELY,39.10715997,-86.52650982
5,7,100.0,1-Car,No injury/unknown,ANIMAL/OBJECT IN ROADWAY,39.03492004,-86.50864329
5,7,900.0,2-Car,No injury/unknown,UNSAFE BACKING,39.155708,-86.548507
5,7,1200.0,2-Car,No injury/unknown,FOLLOWING TOO CLOSELY,39.136448,-86.548704
5,7,1400.0,2-Car,No injury/unknown,DRIVER DISTRACTED - EXPLAIN IN NARRATIVE,39.164752,-86.573104
5,7,1300.0,Pedestrian,Non-incapacitating,PEDESTRIAN ACTION,39.167712,-86.529696
5,1,700.0,2-Car,No injury/unknown,OTHER (VEHICLE) - EXPLAIN IN NARRATIVE,39.132704,-86.544432
5,1,1000.0,2-Car,No injury/unknown,WRONG WAY ON ONE WAY,39.16308001,-86.5141797
5,6,1600.0,2-Car,No injury/unknown,FAILURE TO YIELD RIGHT OF WAY,39.142048,-86.582592
5,1,1200.0,1-Car,Incapacitating,RAN OFF ROAD RIGHT,39.12668981,-86.435733
5,7,1600.0,2-Car,No injury/unknown,BRAKE FAILURE OR DEFECTIVE,39.142048,-86.582592
5,1,1500.0,2-Car,No injury/unknown,ENGINE FAILURE OR DEFECTIVE,39.13704,-86.572896
5,1,1200.0,2-Car,No injury/unknown,UNSAFE BACKING,39.161296,-86.589792
5,6,2000.0,2-Car,Incapacitating,FAILURE TO YIELD RIGHT OF WAY,39.071056,-86.5356
5,3,100.0,2-Car,No injury/unknown,UNSAFE BACKING,39.173344,-86.549296
5,3,900.0,1-Car,No injury/unknown,OTHER (ENVIRONMENTAL) - EXPLAIN IN NARR,39.168656,-86.534784
5,3,800.0,2-Car,No injury/unknown,FOLLOWING TOO CLOSELY,39.20704,-86.534704
5,3,900.0,2-Car,Non-incapacitating,FOLLOWING TOO CLOSELY,39.17342398,-86.53362974
5,3,900.0,2-Car,Non-incapacitating,DISREGARD SIGNAL/REG SIGN,39.142048,-86.582592
5,3,900.0,2-Car,No injury/unknown,DISREGARD SIGNAL/REG SIGN,39.15335029,-86.53371021
5,3,900.0,Bus,No injury/unknown,FAILURE TO YIELD RIGHT OF WAY,39.176848,-86.552592
5,3,1600.0,2-Car,No injury/unknown,FOLLOWING TOO CLOSELY,39.16424,-86.476096
5,3,2000.0,2-Car,No injury/unknown,UNSAFE BACKING,39.16664,-86.52923559
5,3,1400.0,2-Car,No injury/unknown,FOLLOWING TOO CLOSELY,39.16074984,-86.54850997
5,3,2200.0,2-Car,No injury/unknown,DISREGARD SIGNAL/REG SIGN,39.2291797,-86.61852031
5,1,300.0,2-Car,No injury/unknown,DRIVER DISTRACTED - EXPLAIN IN NARRATIVE,39.16753985,-86.52979016
5,5,1700.0,Moped/Motorcycle,Incapacitating,OVERCORRECTING/OVERSTEERING,39.23006821,-86.61717987
5,3,1400.0,2-Car,Non-incapacitating,FAILURE TO YIELD RIGHT OF WAY,39.17158999,-86.51394031
5,4,900.0,2-Car,No injury/unknown,FAILURE TO YIELD RIGHT OF WAY,39.16144,-86.5336
5,4,1000.0,2-Car,No injury/unknown,BRAKE FAILURE OR DEFECTIVE,39.171648,-86.502096
5,6,800.0,2-Car,No injury/unknown,FAILURE TO YIELD RIGHT OF WAY,39.229904,-86.619136
5,4,1600.0,2-Car,Non-incapacitating,FOLLOWING TOO CLOSELY,39.161488,-86.537296
5,1,2200.0,2-Car,No injury/unknown,FOLLOWING TOO CLOSELY,39.263024,-86.52264
5,5,0.0,1-Car,No injury/unknown,ANIMAL/OBJECT IN ROADWAY,39.10738864,-86.54138997
5,5,700.0,2-Car,No injury/unknown,FAILURE TO YIELD RIGHT OF WAY,39.16424,-86.49115281
5,5,700.0,1-Car,No injury/unknown,DRIVER DISTRACTED - EXPLAIN IN NARRATIVE,39.16115717,-86.53485253
5,5,700.0,Cyclist,Incapacitating,FAILURE TO YIELD RIGHT OF WAY,39.188144,-86.5376
5,5,900.0,1-Car,No injury/unknown,IMPROPER TURNING,39.16260391,-86.50236256
5,5,1200.0,2-Car,No injury/unknown,FOLLOWING TOO CLOSELY,39.17168,-86.527024
5,5,1200.0,2-Car,No injury/unknown,FAILURE TO YIELD RIGHT OF WAY,39.17252004,-86.5224
5,5,1100.0,2-Car,No injury/unknown,OTHER (DRIVER) - EXPLAIN IN NARRATIVE,39.16424,-86.492944
5,5,1200.0,2-Car,No injury/unknown,UNSAFE BACKING,39.164448,-86.471888
5,5,1300.0,2-Car,No injury/unknown,IMPROPER LANE USAGE,39.16424,-86.49455879
5,4,700.0,1-Car,No injury/unknown,ANIMAL/OBJECT IN ROADWAY,39.0710903,-86.50876515
5,5,2000.0,2-Car,No injury/unknown,OTHER (DRIVER) - EXPLAIN IN NARRATIVE,39.16664,-86.52925047
5,5,1400.0,2-Car,No injury/unknown,IMPROPER TURNING,39.171744,-86.534768
5,5,1600.0,2-Car,No injury/unknown,FAILURE TO YIELD RIGHT OF WAY,39.15056,-86.5324
5,5,1600.0,2-Car,Non-incapacitating,DISREGARD SIGNAL/REG SIGN,39.167648,-86.533584
5,5,2300.0,1-Car,No injury/unknown,IMPROPER TURNING,39.16260391,-86.50236256
5,5,2200.0,2-Car,No injury/unknown,FOLLOWING TOO CLOSELY,39.18637969,-86.53453968
7,6,900.0,2-Car,No injury/unknown,FAILURE TO YIELD RIGHT OF WAY,39.16464,-86.529728
7,6,1000.0,2-Car,No injury/unknown,DRIVER DISTRACTED - EXPLAIN IN NARRATIVE,39.22571945,-86.60507861
7,6,1000.0,2-Car,No injury/unknown,DISREGARD SIGNAL/REG SIGN,39.16464,-86.5336
7,4,800.0,2-Car,No injury/unknown,DRIVER DISTRACTED - EXPLAIN IN NARRATIVE,39.20909594,-86.58159662
7,4,1200.0,2-Car,Non-incapacitating,DRIVER ILLNESS,39.28170383,-86.55792236
7,5,1700.0,2-Car,No injury/unknown,FOLLOWING TOO CLOSELY,39.20824,-86.554704
7,6,1300.0,2-Car,No injury/unknown,UNSAFE BACKING,39.171504,-86.49504533