Month,Day,Hour,Collision Type,Injury Type,Primary Factor,Latitude,Longitude
7,6,1700.0,2-Car,No injury/unknown,FAILURE TO YIELD RIGHT OF WAY,39.173152,-86.5408
7,6,1700.0,2-Car,No injury/unknown,UNSAFE BACKING,39.183132,-86.531143
7,6,1900.0,2-Car,No injury/unknown,FOLLOWING TOO CLOSELY,39.13704,-86.582512
7,6,2000.0,2-Car,Non-incapacitating,DISREGARD SIGNAL/REG SIGN,39.164752,-86.573104
8,7,300.0,1-Car,No injury/unknown,ANIMAL/OBJECT IN ROADWAY,39.092944,-86.544
8,7,900.0,2-Car,No injury/unknown,FOLLOWING TOO CLOSELY,39.176544,-86.5624
7,6,1200.0,2-Car,No injury/unknown,FAILURE TO YIELD RIGHT OF WAY,39.16144727,-86.53510982
7,5,2200.0,Moped/Motorcycle,Non-incapacitating,ROADWAY SURFACE CONDITION,39.08590789,-86.54269661
8,7,1200.0,2-Car,No injury/unknown,,39.16180998,-86.56743228
8,7,1300.0,2-Car,No injury/unknown,IMPROPER TURNING,39.171744,-86.534768
8,7,1300.0,2-Car,No injury/unknown,UNSAFE LANE MOVEMENT,39.16424,-86.4984
7,5,1600.0,2-Car,No injury/unknown,FAILURE TO YIELD RIGHT OF WAY,39.24266815,-86.61257171
8,7,1800.0,3+ Cars,Non-incapacitating,FOLLOWING TOO CLOSELY,39.17662048,-86.56252288
8,1,300.0,1-Car,No injury/unknown,RAN OFF ROAD RIGHT,39.123908,-86.586418
8,7,900.0,1-Car,No injury/unknown,ANIMAL/OBJECT IN ROADWAY,39.22182884,-86.51295095
8,1,1000.0,2-Car,No injury/unknown,OTHER (ENVIRONMENTAL) - EXPLAIN IN NARR,39.20144968,-86.58831998
8,1,700.0,1-Car,No injury/unknown,RAN OFF ROAD RIGHT,39.01436996,-86.53695699
8,1,1300.0,2-Car,Non-incapacitating,DISREGARD SIGNAL/REG SIGN,39.16140027,-86.53867028
7,7,2200.0,2-Car,No injury/unknown,FAILURE TO YIELD RIGHT OF WAY,39.092112,-86.422832
8,1,1500.0,2-Car,Non-incapacitating,FOLLOWING TOO CLOSELY,39.23486597,-86.62650775
8,7,1500.0,2-Car,No injury/unknown,UNSAFE BACKING,39.14187494,-86.58259037
7,5,2200.0,1-Car,No injury/unknown,UNSAFE SPEED,39.122208,-86.615792
7,3,1700.0,2-Car,No injury/unknown,FAILURE TO YIELD RIGHT OF WAY,39.14072278,-86.5825795
7,5,1500.0,2-Car,No injury/unknown,UNSAFE BACKING,39.09497964,-86.50345019
8,7,1400.0,Pedestrian,No injury/unknown,OTHER (VEHICLE) - EXPLAIN IN NARRATIVE,39.136848,-86.606
8,1,2200.0,1-Car,Incapacitating,RAN OFF ROAD RIGHT,39.22621155,-86.47346496
8,2,1200.0,2-Car,No injury/unknown,OTHER (DRIVER) - EXPLAIN IN NARRATIVE,39.16461021,-86.57913006
8,2,600.0,1-Car,No injury/unknown,ANIMAL/OBJECT IN ROADWAY,39.032544,-86.541696
8,2,1300.0,1-Car,No injury/unknown,OTHER (DRIVER) - EXPLAIN IN NARRATIVE,39.171584,-86.518688
8,1,0.0,2-Car,No injury/unknown,,39.15320206,-86.48282623
8,2,1600.0,2-Car,Non-incapacitating,FAILURE TO YIELD RIGHT OF WAY,39.15051989,-86.53366997
8,2,1300.0,2-Car,No injury/unknown,IMPROPER LANE USAGE,39.16558988,-86.53488971
8,2,2000.0,1-Car,Non-incapacitating,ANIMAL/OBJECT IN ROADWAY,39.250688,-86.529744
8,1,1900.0,1-Car,Non-incapacitating,RAN OFF ROAD RIGHT,39.231312,-86.637488
8,1,2300.0,1-Car,Non-incapacitating,RAN OFF ROAD RIGHT,39.010368,-86.507216
7,6,2100.0,2-Car,No injury/unknown,FAILURE TO YIELD RIGHT OF WAY,39.16664,-86.5336
8,2,2300.0,1-Car,No injury/unknown,DISREGARD SIGNAL/REG SIGN,39.168576,-86.5496
7,1,1300.0,1-Car,No injury/unknown,RAN OFF ROAD RIGHT,39.24498749,-86.63020324
8,2,1900.0,2-Car,No injury/unknown,FAILURE TO YIELD RIGHT OF WAY,39.166656,-86.537296
8,2,900.0,2-Car,No injury/unknown,FOLLOWING TOO CLOSELY,39.187184,-86.551408
8,3,1400.0,2-Car,Non-incapacitating,FOLLOWING TOO CLOSELY,39.15317955,-86.56602949
8,4,300.0,1-Car,No injury/unknown,RAN OFF ROAD RIGHT,39.166784,-86.5468
8,4,800.0,2-Car,No injury/unknown,OTHER (DRIVER) - EXPLAIN IN NARRATIVE,39.16424,-86.49268147
8,3,1500.0,2-Car,Non-incapacitating,DISREGARD SIGNAL/REG SIGN,39.10725988,-86.53149001
8,4,1500.0,Bus,No injury/unknown,UNSAFE BACKING,39.221952,-86.626352
8,4,1600.0,2-Car,No injury/unknown,IMPROPER TURNING,39.231344,-86.640096
8,2,2300.0,2-Car,No injury/unknown,OTHER (VEHICLE) - EXPLAIN IN NARRATIVE,39.26361084,-86.5217514
8,5,1700.0,2-Car,No injury/unknown,IMPROPER TURNING,39.17149326,-86.51131082
8,5,1700.0,2-Car,No injury/unknown,IMPROPER TURNING,39.17045112,-86.53484836
8,4,1200.0,2-Car,No injury/unknown,IMPROPER TURNING,39.16456,-86.5550845
8,5,1100.0,2-Car,No injury/unknown,OTHER (DRIVER) - EXPLAIN IN NARRATIVE,39.13432546,-86.52733091
8,4,700.0,2-Car,No injury/unknown,FAILURE TO YIELD RIGHT OF WAY,39.11464,-86.5464
8,5,800.0,2-Car,No injury/unknown,FAILURE TO YIELD RIGHT OF WAY,39.245408,-86.6204
8,6,900.0,1-Car,No injury/unknown,OTHER (DRIVER) - EXPLAIN IN NARRATIVE,39.16424,-86.4908
7,7,1000.0,2-Car,Non-incapacitating,DISREGARD SIGNAL/REG SIGN,39.16664,-86.5348
8,6,900.0,Cyclist,Incapacitating,FAILURE TO YIELD RIGHT OF WAY,39.136524,-86.53554796
8,6,900.0,2-Car,No injury/unknown,OTHER (DRIVER) - EXPLAIN IN NARRATIVE,39.16464,-86.569392
8,6,1100.0,2-Car,No injury/unknown,UNSAFE LANE MOVEMENT,39.17528947,-86.52226906
8,6,800.0,2-Car,No injury/unknown,FAILURE TO YIELD RIGHT OF WAY,39.176848,-86.552592
8,6,200.0,2-Car,No injury/unknown,,39.18330765,-86.52940368
8,6,1300.0,2-Car,No injury/unknown,IMPROPER PASSING,39.164272,-86.501488
8,6,1100.0,2-Car,Incapacitating,FOLLOWING TOO CLOSELY,39.164304,-86.506992
8,6,1400.0,2-Car,Incapacitating,FAILURE TO YIELD RIGHT OF WAY,39.16464,-86.529728
8,6,1500.0,2-Car,No injury/unknown,FOLLOWING TOO CLOSELY,39.163328,-86.525808
8,6,1700.0,3+ Cars,No injury/unknown,FOLLOWING TOO CLOSELY,39.145152,-86.5776
8,6,1700.0,2-Car,Non-incapacitating,FOLLOWING TOO CLOSELY,39.16424,-86.4984
8,4,1400.0,2-Car,No injury/unknown,UNSAFE BACKING,39.123376,-86.58224
8,4,1900.0,1-Car,Non-incapacitating,RAN OFF ROAD RIGHT,39.07247968,-86.50356017
8,5,1600.0,2-Car,No injury/unknown,,39.14145928,-86.58418054
8,6,1300.0,1-Car,No injury/unknown,RAN OFF ROAD RIGHT,39.13642257,-86.50816967
8,5,1600.0,1-Car,No injury/unknown,IMPROPER TURNING,39.15422171,-86.5336
8,6,2300.0,2-Car,No injury/unknown,IMPROPER TURNING,39.16691459,-86.52690396
8,7,300.0,2-Car,No injury/unknown,FAILURE TO YIELD RIGHT OF WAY,39.16464,-86.529728
8,6,2200.0,2-Car,No injury/unknown,OTHER (DRIVER) - EXPLAIN IN NARRATIVE,39.164752,-86.573104
8,6,1200.0,Bus,No injury/unknown,OTHER (DRIVER) - EXPLAIN IN NARRATIVE,39.16424,-86.4984
8,6,1200.0,2-Car,Non-incapacitating,FAILURE TO YIELD RIGHT OF WAY,39.17874028,-86.53472169
8,7,1000.0,2-Car,No injury/unknown,UNSAFE LANE MOVEMENT,39.170544,-86.533536
8,7,1200.0,2-Car,No injury/unknown,FAILURE TO YIELD RIGHT OF WAY,39.144848,-86.526848
8,6,1700.0,2-Car,No injury/unknown,FOLLOWING TOO CLOSELY,39.186368,-86.5344
8,7,1700.0,3+ Cars,No injury/unknown,FOLLOWING TOO CLOSELY,39.16438903,-86.52382592
8,7,1800.0,2-Car,No injury/unknown,UNSAFE BACKING,39.170544,-86.533536
8,7,1700.0,2-Car,No injury/unknown,FAILURE TO YIELD RIGHT OF WAY,39.15064,-86.538592
8,6,2200.0,2-Car,No injury/unknown,FAILURE TO YIELD RIGHT OF WAY,39.17904,-86.5284
8,7,2300.0,2-Car,No injury/unknown,FAILURE TO YIELD RIGHT OF WAY,39.16464,-86.5324
8,7,2200.0,Pedestrian,Non-incapacitating,PEDESTRIAN ACTION,39.18354797,-86.53302764
8,7,1000.0,2-Car,No injury/unknown,FOLLOWING TOO CLOSELY,39.20704,-86.534704
8,1,1200.0,2-Car,No injury/unknown,UNSAFE BACKING,39.13736,-86.529904
8,1,900.0,Cyclist,Incapacitating,FAILURE TO YIELD RIGHT OF WAY,39.150544,-86.511088
5,4,600.0,1-Car,No injury/unknown,ANIMAL/OBJECT IN ROADWAY,39.09640983,-86.6577342
5,5,800.0,2-Car,No injury/unknown,FOLLOWING TOO CLOSELY,39.16658968,-86.59259006
5,5,1200.0,2-Car,Incapacitating,FAILURE TO YIELD RIGHT OF WAY,39.16424,-86.480688
5,5,1400.0,2-Car,Non-incapacitating,FOLLOWING TOO CLOSELY,39.06392008,-86.54097028
5,5,1400.0,1-Car,Incapacitating,RAN OFF ROAD RIGHT,39.26987834,-86.42356109
5,6,600.0,2-Car,No injury/unknown,OTHER (DRIVER) - EXPLAIN IN NARRATIVE,39.17666426,-86.542096
5,6,1100.0,2-Car,No injury/unknown,IMPROPER PASSING,39.16424,-86.4939483
5,6,1200.0,3+ Cars,No injury/unknown,FOLLOWING TOO CLOSELY,39.165648,-86.5336
5,6,1200.0,2-Car,No injury/unknown,UNSAFE SPEED,39.215152,-86.5928
5,6,1500.0,2-Car,Incapacitating,FOLLOWING TOO CLOSELY,39.176544,-86.5624
5,6,1200.0,2-Car,No injury/unknown,UNSAFE BACKING,39.189968,-86.533232
5,6,1300.0,2-Car,Non-incapacitating,FAILURE TO YIELD RIGHT OF WAY,39.15149164,-86.5336867
5,5,1600.0,1-Car,No injury/unknown,RAN OFF ROAD RIGHT,39.09292884,-86.54846101
5,7,800.0,2-Car,Non-incapacitating,FOLLOWING TOO CLOSELY,39.14689019,-86.53265006
5,7,1200.0,2-Car,No injury/unknown,DISREGARD SIGNAL/REG SIGN,39.16464,-86.534816
5,7,1400.0,3+ Cars,No injury/unknown,FOLLOWING TOO CLOSELY,39.15064,-86.52696
5,7,1200.0,1-Car,Incapacitating,DRIVER ILLNESS,39.179024,-86.539616
5,7,1600.0,2-Car,No injury/unknown,SPEED TOO FAST FOR WEATHER CONDITIONS,39.126592,-86.59038848
5,5,1600.0,2-Car,No injury/unknown,UNSAFE BACKING,39.1652565,-86.57553863
5,7,1400.0,1-Car,No injury/unknown,SPEED TOO FAST FOR WEATHER CONDITIONS,39.136144,-86.50844867
5,7,1000.0,2-Car,No injury/unknown,FAILURE TO YIELD RIGHT OF WAY,39.15412578,-86.49786768
5,7,1200.0,2-Car,No injury/unknown,FOLLOWING TOO CLOSELY,39.16141972,-86.54334422
5,7,1300.0,1-Car,No injury/unknown,ANIMAL/OBJECT IN ROADWAY,39.22100907,-86.59268176
5,1,1000.0,Moped/Motorcycle,Incapacitating,ANIMAL/OBJECT IN ROADWAY,39.15287018,-86.37071228
5,1,100.0,2-Car,No injury/unknown,FAILURE TO YIELD RIGHT OF WAY,39.03565979,-86.61312103
5,1,900.0,1-Car,No injury/unknown,OTHER (VEHICLE) - EXPLAIN IN NARRATIVE,39.15424374,-86.49787002
5,1,1200.0,2-Car,No injury/unknown,UNSAFE BACKING,39.15524058,-86.57162055
5,1,1200.0,2-Car,Non-incapacitating,DISREGARD SIGNAL/REG SIGN,39.16424,-86.492944
5,1,1300.0,2-Car,No injury/unknown,IMPROPER LANE USAGE,39.16424,-86.492944
5,7,2100.0,1-Car,No injury/unknown,SPEED TOO FAST FOR WEATHER CONDITIONS,39.08120867,-86.51514413
5,7,2200.0,1-Car,No injury/unknown,SPEED TOO FAST FOR WEATHER CONDITIONS,39.07066347,-86.52928133
5,1,1700.0,3+ Cars,Incapacitating,BRAKE FAILURE OR DEFECTIVE,39.16445009,-86.57303835
6,2,100.0,1-Car,Incapacitating,DRIVER ILLNESS,39.1711361,-86.50184005
6,2,200.0,2-Car,No injury/unknown,FAILURE TO YIELD RIGHT OF WAY,39.171648,-86.502096
5,7,2100.0,1-Car,No injury/unknown,SPEED TOO FAST FOR WEATHER CONDITIONS,39.08120867,-86.51514413
5,1,1200.0,2-Car,No injury/unknown,FOLLOWING TOO CLOSELY,39.2506643,-86.56252288
5,6,400.0,Pedestrian,Non-incapacitating,UNSAFE BACKING,39.1264008,-86.52882926
6,2,1400.0,3+ Cars,No injury/unknown,FOLLOWING TOO CLOSELY,39.16426617,-86.50241024
6,2,1400.0,2-Car,Non-incapacitating,FAILURE TO YIELD RIGHT OF WAY,39.13704,-86.582512
6,2,1300.0,2-Car,Non-incapacitating,FOLLOWING TOO CLOSELY,39.16427024,-86.50241017
6,2,1700.0,2-Car,Non-incapacitating,FOLLOWING TOO CLOSELY,39.14547579,-86.57703014
6,2,1800.0,1-Car,No injury/unknown,BRAKE FAILURE OR DEFECTIVE,39.16864,-86.523392
6,2,1600.0,3+ Cars,No injury/unknown,FOLLOWING TOO CLOSELY,39.161472,-86.53624
5,7,0.0,2-Car,Non-incapacitating,OVERCORRECTING/OVERSTEERING,39.31695399,-86.51079025
5,1,500.0,1-Car,Incapacitating,RAN OFF ROAD RIGHT,39.22659302,-86.49227905
6,2,2100.0,2-Car,No injury/unknown,FOLLOWING TOO CLOSELY,39.17571044,-86.52841186
6,2,2200.0,3+ Cars,Non-incapacitating,DRIVER DISTRACTED - EXPLAIN IN NARRATIVE,39.148928,-86.53312
6,3,200.0,1-Car,No injury/unknown,ANIMAL/OBJECT IN ROADWAY,39.058176,-86.671264
6,2,1300.0,2-Car,No injury/unknown,FOLLOWING TOO CLOSELY,39.1616,-86.543296
6,3,1400.0,2-Car,Incapacitating,FAILURE TO YIELD RIGHT OF WAY,39.14640902,-86.53238389
6,3,1600.0,2-Car,No injury/unknown,FAILURE TO YIELD RIGHT OF WAY,39.16463589,-86.58290999
6,3,1600.0,2-Car,Non-incapacitating,UNSAFE LANE MOVEMENT,39.13666025,-86.56786595
6,3,1900.0,2-Car,Incapacitating,DISREGARD SIGNAL/REG SIGN,39.164448,-86.5268
6,2,2200.0,1-Car,No injury/unknown,ANIMAL/OBJECT IN ROADWAY,39.04918134,-86.53588594
6,3,2100.0,1-Car,No injury/unknown,ANIMAL/OBJECT IN ROADWAY,39.19434263,-86.55483577
6,3,2200.0,Moped/Motorcycle,Fatal,RAN OFF ROAD RIGHT,39.25213398,-86.57504272
6,3,1600.0,2-Car,Incapacitating,FAILURE TO YIELD RIGHT OF WAY,39.15424012,-86.56434975
6,2,1100.0,1-Car,No injury/unknown,SPEED TOO FAST FOR WEATHER CONDITIONS,39.10692427,-86.52339312
6,4,2200.0,2-Car,No injury/unknown,,39.16566968,-86.54531442
6,4,1200.0,2-Car,Non-incapacitating,UNSAFE SPEED,39.12144,-86.526496
6,3,1600.0,2-Car,No injury/unknown,,39.206312,-86.571312
6,5,700.0,1-Car,No injury/unknown,ANIMAL/OBJECT IN ROADWAY,39.15259324,-86.36949113
5,7,1200.0,2-Car,No injury/unknown,FAILURE TO YIELD RIGHT OF WAY,39.12923992,-86.54164016
6,5,1000.0,2-Car,No injury/unknown,IMPROPER TURNING,39.17259598,-86.57152557
6,5,1100.0,3+ Cars,Non-incapacitating,FAILURE TO YIELD RIGHT OF WAY,39.14393997,-86.58203887
6,5,1200.0,2-Car,No injury/unknown,OTHER (DRIVER) - EXPLAIN IN NARRATIVE,39.166704,-86.5408
6,4,0.0,2-Car,No injury/unknown,UNSAFE BACKING,39.18336488,-86.53903104
6,5,1200.0,2-Car,No injury/unknown,UNSAFE BACKING,39.16981973,-86.48916542
6,5,1400.0,2-Car,Non-incapacitating,FOLLOWING TOO CLOSELY,39.186544,-86.537888
6,5,1400.0,2-Car,No injury/unknown,FOLLOWING TOO CLOSELY,39.136048,-86.536992
6,5,1400.0,1-Car,Non-incapacitating,UNSAFE SPEED,39.151952,-86.526976
6,4,1500.0,2-Car,No injury/unknown,FOLLOWING TOO CLOSELY,39.19377136,-86.57115422
6,5,1800.0,2-Car,No injury/unknown,IMPROPER TURNING,39.115248,-86.573504
6,5,1600.0,1-Car,No injury/unknown,OVERCORRECTING/OVERSTEERING,38.90522441,-86.56966991
6,5,100.0,1-Car,No injury/unknown,ANIMAL/OBJECT IN ROADWAY,39.09288578,-86.53823586
6,6,900.0,2-Car,No injury/unknown,IMPROPER TURNING,39.171744,-86.534768
6,5,1100.0,2-Car,No injury/unknown,UNSAFE BACKING,39.1971445,-86.54297335
6,6,1100.0,2-Car,No injury/unknown,OTHER (DRIVER) - EXPLAIN IN NARRATIVE,39.16664,-86.526896
6,6,1200.0,2-Car,Incapacitating,FOLLOWING TOO CLOSELY,39.11504,-86.630992
5,6,100.0,1-Car,No injury/unknown,RAN OFF ROAD RIGHT,39.15555821,-86.40782829
6,6,1300.0,2-Car,No injury/unknown,UNSAFE LANE MOVEMENT,39.148144,-86.572992
6,6,1500.0,Bus,No injury/unknown,IMPROPER TURNING,39.18217024,-86.51912929
6,6,1700.0,2-Car,No injury/unknown,BRAKE FAILURE OR DEFECTIVE,39.1624,-86.538592
5,2,2200.0,1-Car,No injury/unknown,UNSAFE SPEED,39.21314746,-86.46431744
5,6,1600.0,1-Car,No injury/unknown,RAN OFF ROAD RIGHT,39.15144,-86.610496
6,6,1700.0,2-Car,No injury/unknown,FAILURE TO YIELD RIGHT OF WAY,39.15802002,-86.55760906
6,6,1300.0,2-Car,No injury/unknown,UNSAFE BACKING,39.16613673,-86.49283927
6,7,1100.0,1-Car,No injury/unknown,OTHER (DRIVER) - EXPLAIN IN NARRATIVE,39.17536457,-86.53975314
6,2,2200.0,1-Car,No injury/unknown,ANIMAL/OBJECT IN ROADWAY,39.27302308,-86.52300467
6,6,1700.0,2-Car,No injury/unknown,UNSAFE LANE MOVEMENT,39.26167132,-86.52280192
6,5,1400.0,2-Car,No injury/unknown,FAILURE TO YIELD RIGHT OF WAY,39.149552,-86.575936
6,7,1700.0,2-Car,No injury/unknown,UNSAFE LANE MOVEMENT,39.16427529,-86.51772694
6,1,200.0,2-Car,No injury/unknown,UNSAFE BACKING,39.174352,-86.552592
6,7,2200.0,1-Car,No injury/unknown,ANIMAL/OBJECT IN ROADWAY,39.2123076,-86.55386352
6,7,1200.0,2-Car,No injury/unknown,UNSAFE BACKING,39.16664,-86.53096555
6,1,1200.0,2-Car,No injury/unknown,DISREGARD SIGNAL/REG SIGN,39.159344,-86.525872
6,2,1500.0,1-Car,Non-incapacitating,RAN OFF ROAD RIGHT,39.24744,-86.547792
6,7,1500.0,2-Car,No injury/unknown,FAILURE TO YIELD RIGHT OF WAY,39.19028029,-86.58252976
6,1,1900.0,1-Car,Non-incapacitating,UNSAFE SPEED,39.164448,-86.471888
6,1,1600.0,1-Car,No injury/unknown,RAN OFF ROAD RIGHT,39.15505014,-86.50459878
6,7,1100.0,2-Car,No injury/unknown,UNSAFE LANE MOVEMENT,39.156896,-86.582704
6,2,700.0,1-Car,No injury/unknown,RAN OFF ROAD RIGHT,39.18692015,-86.48183608
6,2,900.0,2-Car,No injury/unknown,FOLLOWING TOO CLOSELY,39.13534531,-86.5336398
6,2,1000.0,2-Car,No injury/unknown,UNSAFE BACKING,39.16424,-86.49418049
6,2,1000.0,2-Car,No injury/unknown,FAILURE TO YIELD RIGHT OF WAY,39.178992,-86.537792
6,2,1400.0,2-Car,Incapacitating,FOLLOWING TOO CLOSELY,39.186544,-86.537888
6,6,1100.0,1-Car,No injury/unknown,RAN OFF ROAD RIGHT,39.009344,-86.510096
6,2,1700.0,2-Car,No injury/unknown,UNSAFE BACKING,39.166704,-86.5408
5,1,1800.0,2-Car,No injury/unknown,UNSAFE BACKING,39.092112,-86.422832
6,3,700.0,2-Car,Incapacitating,FOLLOWING TOO CLOSELY,39.16142978,-86.54614023
6,3,800.0,2-Car,No injury/unknown,UNSAFE LANE MOVEMENT,39.17189797,-86.5022422
6,3,2100.0,1-Car,No injury/unknown,RAN OFF ROAD RIGHT,39.15687943,-86.49780273
6,4,400.0,1-Car,No injury/unknown,ANIMAL/OBJECT IN ROADWAY,39.140944,-86.496688
6,4,600.0,Bus,No injury/unknown,OTHER (DRIVER) - EXPLAIN IN NARRATIVE,39.163168,-86.516384
6,2,900.0,1-Car,No injury/unknown,ANIMAL/OBJECT IN ROADWAY,39.21014003,-86.46297041
6,4,700.0,2-Car,No injury/unknown,LEFT OF CENTER,39.079552,-86.666592
6,2,1200.0,2-Car,No injury/unknown,OTHER (DRIVER) - EXPLAIN IN NARRATIVE,39.156896,-86.582704
6,2,1400.0,2-Car,No injury/unknown,UNSAFE BACKING,39.125312,-86.610496
6,3,1000.0,2-Car,No injury/unknown,FAILURE TO YIELD RIGHT OF WAY,39.16852154,-86.57362014
6,3,1400.0,1-Car,No injury/unknown,ANIMAL/OBJECT IN ROADWAY,39.16464,-86.568
6,4,1400.0,2-Car,No injury/unknown,IMPROPER TURNING,39.159344,-86.5336
6,4,1200.0,2-Car,Non-incapacitating,FAILURE TO YIELD RIGHT OF WAY,39.1636915,-86.49298227
6,4,1500.0,1-Car,No injury/unknown,BRAKE FAILURE OR DEFECTIVE,39.16144,-86.53209829
6,4,1800.0,1-Car,No injury/unknown,BRAKE FAILURE OR DEFECTIVE,39.01342431,-86.53708658
6,4,2000.0,2-Car,No injury/unknown,UNSAFE BACKING,39.15597153,-86.58300781
6,3,1500.0,2-Car,No injury/unknown,INSECURE/LEAKY LOAD,39.334368,-86.5124
6,4,1200.0,2-Car,No injury/unknown,OTHER (DRIVER) - EXPLAIN IN NARRATIVE,39.12144005,-86.51157997
6,5,1000.0,2-Car,No injury/unknown,UNSAFE BACKING,39.171584,-86.518688
6,4,1300.0,2-Car,No injury/unknown,UNSAFE BACKING,39.13536072,-86.56948852
6,5,1200.0,2-Car,No injury/unknown,IMPROPER PASSING,39.16664,-86.528192
6,5,700.0,2-Car,Incapacitating,FOLLOWING TOO CLOSELY,39.196848,-86.5344
6,5,1400.0,2-Car,No injury/unknown,BRAKE FAILURE OR DEFECTIVE,39.219152,-86.602304
6,5,1500.0,Bus,No injury/unknown,UNSAFE LANE MOVEMENT,39.164352,-86.521088
6,5,1600.0,2-Car,No injury/unknown,FOLLOWING TOO CLOSELY,39.176848,-86.478192
6,5,1500.0,2-Car,No injury/unknown,OTHER (DRIVER) - EXPLAIN IN NARRATIVE,39.125312,-86.610496
6,6,600.0,1-Car,No injury/unknown,ANIMAL/OBJECT IN ROADWAY,39.20686675,-86.55469409
6,6,800.0,2-Car,Non-incapacitating,FOLLOWING TOO CLOSELY,39.15344,-86.5336
6,5,700.0,2-Car,No injury/unknown,,39.1716433,-86.50186748
6,6,800.0,2-Car,No injury/unknown,OTHER (ENVIRONMENTAL) - EXPLAIN IN NARR,39.12007898,-86.56922069
6,6,1100.0,2-Car,No injury/unknown,UNSAFE BACKING,39.172144,-86.509392
6,6,1100.0,2-Car,Non-incapacitating,FAILURE TO YIELD RIGHT OF WAY,39.07154747,-86.58260187
6,6,1200.0,2-Car,No injury/unknown,FAILURE TO YIELD RIGHT OF WAY,39.163072,-86.5096
6,6,1100.0,2-Car,No injury/unknown,UNSAFE SPEED,39.20835355,-86.56252288
6,6,1700.0,2-Car,No injury/unknown,OVERCORRECTING/OVERSTEERING,39.16422436,-86.49666727
6,6,1400.0,2-Car,Incapacitating,FAILURE TO YIELD RIGHT OF WAY,39.15344,-86.5336
6,6,1800.0,Moped/Motorcycle,Fatal,UNSAFE SPEED,39.10697056,-86.52343107
6,6,1100.0,2-Car,No injury/unknown,OTHER (DRIVER) - EXPLAIN IN NARRATIVE,39.16414261,-86.58426666
6,5,1500.0,2-Car,No injury/unknown,FOLLOWING TOO CLOSELY,39.12340006,-86.571623
6,5,2100.0,2-Car,No injury/unknown,FOLLOWING TOO CLOSELY,39.09264,-86.51672
6,7,1100.0,3+ Cars,Incapacitating,FAILURE TO YIELD RIGHT OF WAY,39.130944,-86.526688
6,7,0.0,2-Car,No injury/unknown,UNSAFE BACKING,39.138688,-86.465968
6,7,1400.0,1-Car,No injury/unknown,ANIMAL/OBJECT IN ROADWAY,39.12007898,-86.56922069
6,6,1900.0,2-Car,No injury/unknown,FAILURE TO YIELD RIGHT OF WAY,39.0639583,-86.54369071
6,5,1700.0,2-Car,Non-incapacitating,FOLLOWING TOO CLOSELY,39.115552,-86.564592
6,6,1900.0,1-Car,No injury/unknown,ANIMAL/OBJECT IN ROADWAY,39.158352,-86.582752
6,7,2200.0,2-Car,Incapacitating,FAILURE TO YIELD RIGHT OF WAY,39.16464,-86.534816
6,7,600.0,1-Car,No injury/unknown,RAN OFF ROAD RIGHT,38.74560983,-86.51796028
6,7,1000.0,2-Car,No injury/unknown,UNSAFE LANE MOVEMENT,39.170544,-86.533536
6,4,1100.0,2-Car,No injury/unknown,FOLLOWING TOO CLOSELY,39.121552,-86.531296
6,7,1200.0,2-Car,No injury/unknown,DRIVER DISTRACTED - EXPLAIN IN NARRATIVE,39.135648,-86.462248
6,7,2300.0,1-Car,No injury/unknown,UNSAFE BACKING,39.176048,-86.537696
6,1,1700.0,3+ Cars,Non-incapacitating,DRIVER ILLNESS,39.16424,-86.4812
6,1,1300.0,2-Car,No injury/unknown,FAILURE TO YIELD RIGHT OF WAY,39.164672,-86.570288
6,4,200.0,1-Car,No injury/unknown,DRIVER ASLEEP OR FATIGUED,39.12221909,-86.54727172
6,2,800.0,3+ Cars,No injury/unknown,FAILURE TO YIELD RIGHT OF WAY,39.11902366,-86.61946886
6,2,1100.0,2-Car,No injury/unknown,UNSAFE BACKING,39.188944,-86.5144
6,4,1900.0,2-Car,Non-incapacitating,FAILURE TO YIELD RIGHT OF WAY,39.16463971,-86.5829157
6,5,1300.0,2-Car,No injury/unknown,UNSAFE BACKING,39.171744,-86.534768
6,2,1100.0,3+ Cars,Non-incapacitating,FOLLOWING TOO CLOSELY,39.16141033,-86.53743549
6,2,1300.0,2-Car,No injury/unknown,IMPROPER TURNING,39.16871445,-86.53356669
6,5,1700.0,1-Car,No injury/unknown,OTHER (ENVIRONMENTAL) - EXPLAIN IN NARR,39.20840345,-86.58055083
6,5,2100.0,1-Car,No injury/unknown,OTHER (DRIVER) - EXPLAIN IN NARRATIVE,39.21679527,-86.64838135
6,2,1700.0,2-Car,No injury/unknown,FOLLOWING TOO CLOSELY,39.12221146,-86.57353973
5,5,2200.0,1-Car,No injury/unknown,RAN OFF ROAD RIGHT,39.104944,-86.61032
6,2,1300.0,2-Car,No injury/unknown,OTHER (DRIVER) - EXPLAIN IN NARRATIVE,39.16144,-86.527152
6,3,800.0,2-Car,No injury/unknown,UNSAFE BACKING,39.17341992,-86.52240141
6,3,900.0,2-Car,No injury/unknown,FAILURE TO YIELD RIGHT OF WAY,39.142048,-86.582592
6,3,900.0,2-Car,No injury/unknown,UNSAFE BACKING,39.16540012,-86.51645322
6,6,1100.0,2-Car,No injury/unknown,,39.145264,-86.577616
6,3,800.0,2-Car,No injury/unknown,UNSAFE BACKING,39.169664,-86.550928
6,3,900.0,2-Car,No injury/unknown,ACCELERATOR FAILURE OR DEFECTIVE,39.10715997,-86.52650982