Month,Day,Hour,Collision Type,Injury Type,Primary Factor,Latitude,Longitude
6,2,2000.0,2-Car,No injury/unknown,UNSAFE BACKING,39.16987228,-86.57498168
6,2,2000.0,2-Car,No injury/unknown,OTHER (DRIVER) - EXPLAIN IN NARRATIVE,39.16671172,-86.59908838
6,7,2300.0,1-Car,No injury/unknown,ANIMAL/OBJECT IN ROADWAY,39.02483704,-86.40536989
5,6,2100.0,2-Car,Non-incapacitating,FOLLOWING TOO CLOSELY,39.16140027,-86.53867028
6,4,800.0,2-Car,No injury/unknown,FAILURE TO YIELD RIGHT OF WAY,39.160944,-86.497696
6,4,600.0,1-Car,Incapacitating,RAN OFF ROAD RIGHT,39.08472,-86.420688
6,2,2200.0,Moped/Motorcycle,Incapacitating,UNSAFE SPEED,39.009344,-86.510096
6,4,1400.0,2-Car,No injury/unknown,UNSAFE BACKING,39.168656,-86.534784
6,4,1500.0,3+ Cars,No injury/unknown,FOLLOWING TOO CLOSELY,39.14874854,-86.57913006
6,4,2200.0,2-Car,Non-incapacitating,FAILURE TO YIELD RIGHT OF WAY,39.13597025,-86.5311098
6,5,700.0,Moped/Motorcycle,Incapacitating,FOLLOWING TOO CLOSELY,39.159344,-86.5336
6,5,700.0,2-Car,No injury/unknown,DISREGARD SIGNAL/REG SIGN,39.16664,-86.5348
6,5,1000.0,2-Car,No injury/unknown,UNSAFE BACKING,39.15760751,-86.49780963
6,5,800.0,1-Car,No injury/unknown,DRIVER ASLEEP OR FATIGUED,39.18658829,-86.54039001
6,5,1200.0,2-Car,No injury/unknown,OTHER (DRIVER) - EXPLAIN IN NARRATIVE,39.172048,-86.4816
6,5,1400.0,2-Car,No injury/unknown,FAILURE TO YIELD RIGHT OF WAY,39.171712,-86.530992
6,5,1500.0,3+ Cars,No injury/unknown,FOLLOWING TOO CLOSELY,39.12373205,-86.56252288
6,5,1600.0,2-Car,No injury/unknown,FOLLOWING TOO CLOSELY,39.176848,-86.478192
6,5,1800.0,1-Car,Incapacitating,RAN OFF ROAD RIGHT,39.186368,-86.5344
6,5,1600.0,2-Car,No injury/unknown,FAILURE TO YIELD RIGHT OF WAY,39.13736,-86.529904
6,5,1600.0,1-Car,Incapacitating,RAN OFF ROAD RIGHT,39.19955087,-86.61207966
6,5,1500.0,2-Car,No injury/unknown,UNSAFE BACKING,39.0138258,-86.54091596
6,5,1800.0,2-Car,No injury/unknown,FOLLOWING TOO CLOSELY,39.164688,-86.5712
6,5,2100.0,Pedestrian,Non-incapacitating,FAILURE TO YIELD RIGHT OF WAY,39.186544,-86.537888
6,6,0.0,2-Car,Incapacitating,WRONG WAY ON ONE WAY,39.18226243,-86.51045827
6,5,900.0,1-Car,No injury/unknown,ANIMAL/OBJECT IN ROADWAY,39.07731105,-86.62865271
6,6,800.0,1-Car,No injury/unknown,RAN OFF ROAD RIGHT,39.167648,-86.534784
6,6,900.0,2-Car,No injury/unknown,UNSAFE BACKING,39.15260696,-86.49272918
6,6,1100.0,2-Car,No injury/unknown,FAILURE TO YIELD RIGHT OF WAY,39.176848,-86.533424
6,6,1200.0,2-Car,No injury/unknown,FOLLOWING TOO CLOSELY,39.161488,-86.537296
6,6,1200.0,2-Car,No injury/unknown,FAILURE TO YIELD RIGHT OF WAY,39.164352,-86.510944
6,6,1300.0,3+ Cars,No injury/unknown,FOLLOWING TOO CLOSELY,39.164352,-86.5088
6,6,1500.0,2-Car,No injury/unknown,FAILURE TO YIELD RIGHT OF WAY,39.16112,-86.514096
6,6,1600.0,2-Car,No injury/unknown,UNSAFE LANE MOVEMENT,39.164544,-86.560096
6,6,1700.0,2-Car,No injury/unknown,UNSAFE BACKING,39.206144,-86.528592
6,6,1800.0,2-Car,No injury/unknown,FAILURE TO YIELD RIGHT OF WAY,39.164752,-86.573104
6,6,2300.0,1-Car,Incapacitating,RAN OFF ROAD RIGHT,39.17356873,-86.55478668
6,7,0.0,1-Car,No injury/unknown,OTHER (DRIVER) - EXPLAIN IN NARRATIVE,39.166784,-86.5468
6,7,1000.0,2-Car,Incapacitating,FAILURE TO YIELD RIGHT OF WAY,39.164448,-86.528096
6,6,2200.0,1-Car,No injury/unknown,FOLLOWING TOO CLOSELY,39.086832,-86.671984
6,6,2000.0,2-Car,No injury/unknown,OTHER (DRIVER) - EXPLAIN IN NARRATIVE,39.16424,-86.495088
6,7,2000.0,2-Car,No injury/unknown,,39.16424,-86.49250645
6,7,1000.0,2-Car,Incapacitating,BRAKE FAILURE OR DEFECTIVE,39.142048,-86.582592
6,7,1300.0,1-Car,No injury/unknown,RAN OFF ROAD RIGHT,39.13426528,-86.55084379
6,7,2100.0,2-Car,No injury/unknown,UNSAFE BACKING,39.16865861,-86.53356767
6,7,1500.0,2-Car,No injury/unknown,OTHER (DRIVER) - EXPLAIN IN NARRATIVE,39.13090897,-86.50070953
6,5,1300.0,2-Car,No injury/unknown,OTHER (DRIVER) - EXPLAIN IN NARRATIVE,39.2308,-86.622032
6,1,1400.0,1-Car,No injury/unknown,UNSAFE BACKING,39.10649041,-86.55034722
6,1,1800.0,2-Car,No injury/unknown,FAILURE TO YIELD RIGHT OF WAY,39.03616995,-86.51847995
6,7,2100.0,1-Car,No injury/unknown,ANIMAL/OBJECT IN ROADWAY,39.09265515,-86.5313034
6,1,0.0,1-Car,No injury/unknown,RAN OFF ROAD RIGHT,39.16400931,-86.62335763
6,7,1600.0,1-Car,No injury/unknown,UNSAFE SPEED,39.09344,-86.591792
6,7,1700.0,2-Car,No injury/unknown,FAILURE TO YIELD RIGHT OF WAY,39.1906355,-86.58307661
6,4,1800.0,2-Car,No injury/unknown,UNSAFE LANE MOVEMENT,39.16463971,-86.58292002
6,2,900.0,1-Car,No injury/unknown,UNSAFE BACKING,39.168656,-86.534784
6,2,1400.0,Moped/Motorcycle,Incapacitating,RAN OFF ROAD RIGHT,39.27496,-86.499216
6,2,2000.0,2-Car,No injury/unknown,UNSAFE BACKING,39.167648,-86.533584
6,2,2100.0,Cyclist,Incapacitating,IMPROPER PASSING,39.168576,-86.5496
6,3,700.0,1-Car,No injury/unknown,OTHER (DRIVER) - EXPLAIN IN NARRATIVE,39.16786971,-86.536
6,3,600.0,2-Car,No injury/unknown,FOLLOWING TOO CLOSELY,39.1475296,-86.57295227
6,2,900.0,2-Car,No injury/unknown,,39.16786971,-86.536
6,3,800.0,1-Car,Incapacitating,RAN OFF ROAD RIGHT,39.161248,-86.480688
6,2,2100.0,Cyclist,Non-incapacitating,IMPROPER TURNING,39.164272,-86.502416
6,3,1500.0,1-Car,Non-incapacitating,DRIVER ILLNESS,39.155952,-86.550592
6,3,1700.0,2-Car,No injury/unknown,FAILURE TO YIELD RIGHT OF WAY,39.16461021,-86.57913006
6,4,400.0,1-Car,No injury/unknown,LEFT OF CENTER,39.15035024,-86.47130328
6,3,1300.0,2-Car,No injury/unknown,OTHER (DRIVER) - EXPLAIN IN NARRATIVE,39.173344,-86.544272
6,4,600.0,2-Car,No injury/unknown,LEFT OF CENTER,39.119344,-86.618896
6,4,1800.0,2-Car,No injury/unknown,UNSAFE BACKING,39.16026688,-86.54013824
6,4,900.0,3+ Cars,No injury/unknown,OTHER (DRIVER) - EXPLAIN IN NARRATIVE,39.16139022,-86.53630994
6,3,1600.0,2-Car,No injury/unknown,FAILURE TO YIELD RIGHT OF WAY,39.16461021,-86.57908677
6,4,1600.0,1-Car,Non-incapacitating,OTHER (DRIVER) - EXPLAIN IN NARRATIVE,39.16464,-86.56913891
6,4,1600.0,2-Car,No injury/unknown,DISREGARD SIGNAL/REG SIGN,39.234768,-86.626384
6,4,1000.0,2-Car,No injury/unknown,FOLLOWING TOO CLOSELY,39.16424,-86.480688
6,5,800.0,2-Car,No injury/unknown,FOLLOWING TOO CLOSELY,39.16424,-86.480688
6,7,0.0,1-Car,No injury/unknown,OVERCORRECTING/OVERSTEERING,39.14029031,-86.4023659
6,5,800.0,1-Car,Non-incapacitating,SPEED TOO FAST FOR WEATHER CONDITIONS,39.18363953,-86.52836915
6,5,700.0,2-Car,No injury/unknown,FOLLOWING TOO CLOSELY,39.186032,-86.51984
6,5,1400.0,2-Car,No injury/unknown,FAILURE TO YIELD RIGHT OF WAY,39.16664,-86.5348
6,5,1400.0,2-Car,No injury/unknown,FOLLOWING TOO CLOSELY,39.176544,-86.5624
6,5,1400.0,1-Car,No injury/unknown,RAN OFF ROAD RIGHT,39.194144,-86.554592
6,4,1900.0,2-Car,Non-incapacitating,FAILURE TO YIELD RIGHT OF WAY,39.2168697,-86.65871992
6,7,2100.0,1-Car,No injury/unknown,OVERCORRECTING/OVERSTEERING,39.16620381,-86.65587519
6,5,1800.0,1-Car,No injury/unknown,RAN OFF ROAD RIGHT,39.1958089,-86.44152
6,6,0.0,1-Car,No injury/unknown,SPEED TOO FAST FOR WEATHER CONDITIONS,39.1987365,-86.59514017
6,6,1000.0,2-Car,Non-incapacitating,TIRE FAILURE OR DEFECTIVE,39.15379018,-86.53874142
6,6,1200.0,2-Car,No injury/unknown,FAILURE TO YIELD RIGHT OF WAY,39.17677,-86.56129002
6,4,800.0,2-Car,No injury/unknown,UNSAFE SPEED,38.99468154,-86.53719892
6,6,1400.0,1-Car,No injury/unknown,RAN OFF ROAD RIGHT,39.12284225,-86.56384013
6,6,1600.0,2-Car,No injury/unknown,FAILURE TO YIELD RIGHT OF WAY,39.157888,-86.520272
6,6,1400.0,1-Car,Non-incapacitating,SPEED TOO FAST FOR WEATHER CONDITIONS,39.173248,-86.533488
6,6,1800.0,2-Car,No injury/unknown,OTHER (DRIVER) - EXPLAIN IN NARRATIVE,39.156896,-86.582704
6,6,1600.0,2-Car,No injury/unknown,DISREGARD SIGNAL/REG SIGN,39.16464,-86.5324
6,6,1100.0,2-Car,No injury/unknown,IMPROPER LANE USAGE,39.16938721,-86.534784
6,6,1500.0,2-Car,No injury/unknown,SPEED TOO FAST FOR WEATHER CONDITIONS,39.14885022,-86.49986006
6,6,1500.0,2-Car,No injury/unknown,FOLLOWING TOO CLOSELY,39.14521676,-86.57748603
6,6,1200.0,2-Car,Incapacitating,IMPROPER TURNING,39.16424,-86.492944
6,7,600.0,2-Car,No injury/unknown,FAILURE TO YIELD RIGHT OF WAY,39.142048,-86.582592
6,5,1100.0,2-Car,No injury/unknown,UNSAFE BACKING,39.20498151,-86.46344752
6,6,500.0,1-Car,No injury/unknown,ANIMAL/OBJECT IN ROADWAY,39.19857096,-86.5295245
6,7,1500.0,1-Car,No injury/unknown,OTHER (VEHICLE) - EXPLAIN IN NARRATIVE,39.123149,-86.545593
6,4,1500.0,Moped/Motorcycle,Incapacitating,RAN OFF ROAD RIGHT,39.24700928,-86.39276627
6,5,1600.0,2-Car,No injury/unknown,UNSAFE BACKING,39.13370271,-86.54604032
6,7,1500.0,1-Car,No injury/unknown,RAN OFF ROAD RIGHT,39.17540465,-86.60168007
6,7,1500.0,2-Car,Non-incapacitating,LEFT OF CENTER,39.09612677,-86.42389248
6,4,2300.0,1-Car,Incapacitating,RAN OFF ROAD RIGHT,39.08102094,-86.41862099
6,1,2300.0,1-Car,Incapacitating,OTHER (DRIVER) - EXPLAIN IN NARRATIVE,39.09464,-86.516896
6,1,1300.0,2-Car,No injury/unknown,FOLLOWING TOO CLOSELY,39.16424,-86.495088
6,6,700.0,2-Car,Incapacitating,LEFT OF CENTER,39.12145011,-86.52385698
6,2,600.0,1-Car,No injury/unknown,ANIMAL/OBJECT IN ROADWAY,39.08812773,-86.66905971
6,2,1000.0,2-Car,No injury/unknown,FOLLOWING TOO CLOSELY,39.16074984,-86.54850997
6,2,1300.0,2-Car,No injury/unknown,UNSAFE BACKING,39.18671619,-86.51449029
6,2,1100.0,2-Car,No injury/unknown,UNSAFE SPEED,39.17987132,-86.511383
6,1,1000.0,1-Car,Non-incapacitating,OTHER (VEHICLE) - EXPLAIN IN NARRATIVE,39.06971087,-86.41607391
6,1,1600.0,2-Car,No injury/unknown,LEFT OF CENTER,39.27146912,-86.67016876
6,1,1600.0,2-Car,No injury/unknown,LEFT OF CENTER,39.27146912,-86.67016876
6,2,1500.0,2-Car,No injury/unknown,FOLLOWING TOO CLOSELY,39.13597025,-86.5311098
6,2,2300.0,2-Car,No injury/unknown,ROADWAY SURFACE CONDITION,39.164544,-86.560096
6,3,600.0,2-Car,No injury/unknown,DISREGARD SIGNAL/REG SIGN,39.166672,-86.538608
6,2,800.0,2-Car,No injury/unknown,IMPROPER TURNING,39.121552,-86.531296
6,2,1200.0,2-Car,No injury/unknown,FAILURE TO YIELD RIGHT OF WAY,39.16664,-86.5324
6,3,1000.0,1-Car,No injury/unknown,UNSAFE BACKING,39.17518886,-86.5235621
6,3,1200.0,2-Car,No injury/unknown,UNSAFE BACKING,39.168752,-86.5436
6,2,1500.0,2-Car,No injury/unknown,IMPROPER TURNING,39.16128024,-86.57919779
6,2,1700.0,3+ Cars,No injury/unknown,DRIVER DISTRACTED - EXPLAIN IN NARRATIVE,39.1556,-86.53368003
6,2,1500.0,2-Car,No injury/unknown,OTHER (ENVIRONMENTAL) - EXPLAIN IN NARR,39.24589916,-86.64042258
6,7,2200.0,1-Car,No injury/unknown,ANIMAL/OBJECT IN ROADWAY,39.05050845,-86.49855986
6,3,1500.0,3+ Cars,No injury/unknown,FOLLOWING TOO CLOSELY,39.12936,-86.604336
6,3,1600.0,2-Car,Non-incapacitating,FAILURE TO YIELD RIGHT OF WAY,39.143808,-86.582592
6,5,2100.0,2-Car,No injury/unknown,UNSAFE BACKING,39.179248,-86.58292
6,3,1300.0,1-Car,No injury/unknown,ANIMAL/OBJECT IN ROADWAY,39.083024,-86.472912
6,3,1300.0,2-Car,No injury/unknown,FOLLOWING TOO CLOSELY,39.16884964,-86.5495696
6,3,2300.0,1-Car,No injury/unknown,RAN OFF ROAD RIGHT,39.25864,-86.5012
7,4,1200.0,2-Car,No injury/unknown,OTHER (DRIVER) - EXPLAIN IN NARRATIVE,39.16426624,-86.50093216
7,4,1700.0,2-Car,No injury/unknown,FOLLOWING TOO CLOSELY,39.23384,-86.624704
7,4,2000.0,1-Car,No injury/unknown,RAN OFF ROAD RIGHT,39.093744,-86.638304
7,4,2200.0,1-Car,Non-incapacitating,RAN OFF ROAD RIGHT,39.28017044,-86.67959924
7,4,1800.0,2-Car,No injury/unknown,UNSAFE BACKING,39.165648,-86.5336
7,4,1600.0,2-Car,No injury/unknown,UNSAFE BACKING,39.16452114,-86.551072
7,4,1900.0,2-Car,Incapacitating,FAILURE TO YIELD RIGHT OF WAY,39.150352,-86.471296
6,2,700.0,2-Car,No injury/unknown,FAILURE TO YIELD RIGHT OF WAY,39.16463589,-86.58291865
7,4,1600.0,2-Car,Incapacitating,FAILURE TO YIELD RIGHT OF WAY,39.1671886,-86.58296078
7,4,800.0,2-Car,No injury/unknown,OTHER (DRIVER) - EXPLAIN IN NARRATIVE,39.16424,-86.4908
7,5,800.0,2-Car,Incapacitating,FAILURE TO YIELD RIGHT OF WAY,39.122352,-86.5712
7,5,1700.0,2-Car,No injury/unknown,FOLLOWING TOO CLOSELY,39.16074984,-86.54850997
7,5,1500.0,3+ Cars,Non-incapacitating,FOLLOWING TOO CLOSELY,39.16464,-86.568
7,5,2300.0,2-Car,No injury/unknown,UNSAFE BACKING,39.16424,-86.473696
7,6,0.0,2-Car,No injury/unknown,UNSAFE BACKING,39.17297374,-86.55764832
7,4,1100.0,3+ Cars,No injury/unknown,VIEW OBSTRUCTED,39.15483009,-86.40734052
7,6,1800.0,3+ Cars,Non-incapacitating,FAILURE TO YIELD RIGHT OF WAY,39.186544,-86.537888
7,7,200.0,2-Car,No injury/unknown,LEFT OF CENTER,39.20140906,-86.546447
7,7,700.0,2-Car,No injury/unknown,OTHER (DRIVER) - EXPLAIN IN NARRATIVE,39.145264,-86.577616
7,1,200.0,1-Car,No injury/unknown,RAN OFF ROAD RIGHT,39.17754605,-86.5596216
7,6,2200.0,1-Car,No injury/unknown,OTHER TELEMATICS IN USE,39.1504898,-86.49929009
7,7,2300.0,2-Car,No injury/unknown,OTHER (DRIVER) - EXPLAIN IN NARRATIVE,39.111024,-86.638304
7,7,900.0,2-Car,No injury/unknown,,39.16439438,-86.53450775
7,7,1600.0,Pedestrian,Non-incapacitating,OTHER (DRIVER) - EXPLAIN IN NARRATIVE,39.24219879,-86.56199008
7,7,1200.0,2-Car,No injury/unknown,LEFT OF CENTER,39.061184,-86.414416
7,7,1400.0,2-Car,No injury/unknown,UNSAFE SPEED,39.138688,-86.465968
7,2,700.0,2-Car,No injury/unknown,FAILURE TO YIELD RIGHT OF WAY,39.171696,-86.529696
7,2,1100.0,2-Car,No injury/unknown,FAILURE TO YIELD RIGHT OF WAY,39.20824,-86.554704
7,1,1700.0,2-Car,No injury/unknown,UNSAFE BACKING,39.17297448,-86.51331469
7,2,1400.0,2-Car,No injury/unknown,UNSAFE LANE MOVEMENT,39.210144,-86.5832
7,2,1000.0,2-Car,No injury/unknown,FAILURE TO YIELD RIGHT OF WAY,39.15344,-86.5336
7,3,800.0,Pedestrian,No injury/unknown,FAILURE TO YIELD RIGHT OF WAY,39.16664,-86.5348
7,3,1000.0,2-Car,No injury/unknown,SPEED TOO FAST FOR WEATHER CONDITIONS,39.164448,-86.5268
7,3,1400.0,2-Car,No injury/unknown,OTHER (DRIVER) - EXPLAIN IN NARRATIVE,39.125312,-86.610496
7,3,1600.0,2-Car,Non-incapacitating,DISREGARD SIGNAL/REG SIGN,39.153392,-86.527008
7,2,1400.0,2-Car,No injury/unknown,RAN OFF ROAD RIGHT,39.13200737,-86.44917875
7,3,1600.0,1-Car,No injury/unknown,RAN OFF ROAD RIGHT,39.073952,-86.570896
7,3,1700.0,1-Car,No injury/unknown,RAN OFF ROAD RIGHT,39.26357309,-86.52265961
7,3,800.0,2-Car,No injury/unknown,DISREGARD SIGNAL/REG SIGN,39.15584,-86.540992
7,4,1000.0,2-Car,Non-incapacitating,IMPROPER TURNING,39.16685967,-86.52690237
7,3,1000.0,2-Car,No injury/unknown,LEFT OF CENTER,39.23374261,-86.48390241
7,1,1600.0,2-Car,No injury/unknown,UNSAFE BACKING,39.137088,-86.53056
7,4,1600.0,1-Car,No injury/unknown,UNSAFE BACKING,39.143888,-86.515008
7,4,2100.0,1-Car,No injury/unknown,UNSAFE SPEED,39.173344,-86.549792
7,3,1800.0,2-Car,No injury/unknown,UNSAFE BACKING,39.167712,-86.529696
7,5,1100.0,2-Car,No injury/unknown,OTHER (DRIVER) - EXPLAIN IN NARRATIVE,39.186368,-86.5344
7,6,700.0,1-Car,Incapacitating,IMPROPER LANE USAGE,39.125312,-86.610496
7,5,1500.0,2-Car,No injury/unknown,DISREGARD SIGNAL/REG SIGN,39.174048,-86.518896
7,5,1700.0,2-Car,No injury/unknown,LEFT OF CENTER,39.13630023,-86.59458237
7,5,1200.0,2-Car,No injury/unknown,FAILURE TO YIELD RIGHT OF WAY,39.166816,-86.549488
7,5,700.0,2-Car,No injury/unknown,UNSAFE BACKING,39.16786971,-86.536
7,6,1100.0,2-Car,No injury/unknown,FAILURE TO YIELD RIGHT OF WAY,39.18689778,-86.53421346
7,5,1200.0,2-Car,No injury/unknown,UNSAFE LANE MOVEMENT,39.164304,-86.506992
7,5,1900.0,2-Car,Non-incapacitating,FOLLOWING TOO CLOSELY,39.16464,-86.5336
7,6,2000.0,1-Car,No injury/unknown,FAILURE TO YIELD RIGHT OF WAY,39.173248,-86.533488
7,7,400.0,1-Car,No injury/unknown,RAN OFF ROAD RIGHT,39.18636,-86.533048
7,7,300.0,1-Car,No injury/unknown,OTHER (DRIVER) - EXPLAIN IN NARRATIVE,39.173344,-86.549792
7,6,1700.0,2-Car,Non-incapacitating,FOLLOWING TOO CLOSELY,39.23384,-86.624704
7,7,300.0,2-Car,No injury/unknown,UNSAFE BACKING,39.17609371,-86.534736
7,7,2100.0,Moped/Motorcycle,Incapacitating,FAILURE TO YIELD RIGHT OF WAY,39.215152,-86.5928
7,7,2300.0,1-Car,No injury/unknown,ANIMAL/OBJECT IN ROADWAY,39.16424,-86.480688
7,3,0.0,1-Car,No injury/unknown,SPEED TOO FAST FOR WEATHER CONDITIONS,39.151344,-86.5964
7,1,1000.0,2-Car,No injury/unknown,UNSAFE LANE MOVEMENT,39.167648,-86.533584
7,1,1300.0,2-Car,No injury/unknown,DISREGARD SIGNAL/REG SIGN,39.150448,-86.4992
7,5,2000.0,2-Car,No injury/unknown,UNSAFE BACKING,39.179008,-86.525888
7,3,900.0,2-Car,No injury/unknown,FAILURE TO YIELD RIGHT OF WAY,39.13972791,-86.58896743
7,2,900.0,2-Car,No injury/unknown,UNSAFE BACKING,39.14663118,-86.516192
7,2,1300.0,1-Car,No injury/unknown,RAN OFF ROAD RIGHT,39.09859974,-86.6527848
7,6,1500.0,2-Car,No injury/unknown,,39.176848,-86.478192
7,6,1800.0,1-Car,No injury/unknown,OVERCORRECTING/OVERSTEERING,39.07066347,-86.52928133
7,7,1500.0,2-Car,No injury/unknown,UNSAFE LANE MOVEMENT,39.17637195,-86.58311948
7,7,1700.0,1-Car,Non-incapacitating,ANIMAL/OBJECT IN ROADWAY,39.29244879,-86.51773545
7,7,1700.0,2-Car,No injury/unknown,UNSAFE BACKING,39.08576764,-86.534887
7,6,1900.0,2-Car,Incapacitating,FAILURE TO YIELD RIGHT OF WAY,39.179024,-86.539616
6,4,1500.0,3+ Cars,Incapacitating,IMPROPER TURNING,39.167648,-86.534784
7,2,2100.0,2-Car,No injury/unknown,FAILURE TO YIELD RIGHT OF WAY,39.16144,-86.5336
7,7,2000.0,2-Car,No injury/unknown,FOLLOWING TOO CLOSELY,39.116464,-86.428672
7,2,2300.0,1-Car,Incapacitating,RAN OFF ROAD RIGHT,39.071344,-86.5252
7,3,700.0,2-Car,No injury/unknown,DRIVER ASLEEP OR FATIGUED,39.136848,-86.593792
7,3,1100.0,2-Car,Non-incapacitating,FAILURE TO YIELD RIGHT OF WAY,39.136144,-86.5268
7,2,1500.0,2-Car,No injury/unknown,FOLLOWING TOO CLOSELY,39.148144,-86.572992
7,3,1300.0,2-Car,No injury/unknown,UNSAFE BACKING,39.189248,-86.531472
7,3,1900.0,2-Car,Incapacitating,UNSAFE BACKING,39.13493114,-86.52778394
7,7,2100.0,2-Car,No injury/unknown,UNSAFE SPEED,39.119344,-86.618896
7,3,2300.0,Moped/Motorcycle,Incapacitating,RAN OFF ROAD RIGHT,39.07984143,-86.51372277
7,4,1300.0,2-Car,No injury/unknown,IMPROPER LANE USAGE,39.167728,-86.528208
7,3,1600.0,2-Car,No injury/unknown,FAILURE TO YIELD RIGHT OF WAY,39.071152,-86.503088
7,4,1600.0,2-Car,No injury/unknown,FAILURE TO YIELD RIGHT OF WAY,39.17378131,-86.534752
7,4,1700.0,2-Car,No injury/unknown,IMPROPER PASSING,39.150448,-86.498
7,4,1700.0,2-Car,No injury/unknown,IMPROPER LANE USAGE,39.164448,-86.5268
7,4,1700.0,2-Car,No injury/unknown,FOLLOWING TOO CLOSELY,39.15717057,-86.58271305
7,5,1300.0,2-Car,No injury/unknown,IMPROPER TURNING,39.145152,-86.5776
7,5,1300.0,2-Car,No injury/unknown,OTHER (VEHICLE) - EXPLAIN IN NARRATIVE,39.17030106,-86.53477192
7,5,2200.0,1-Car,No injury/unknown,IMPROPER LANE USAGE,39.16464,-86.534816
7,6,700.0,3+ Cars,Non-incapacitating,FOLLOWING TOO CLOSELY,39.15344,-86.5336
7,6,600.0,1-Car,No injury/unknown,ANIMAL/OBJECT IN ROADWAY,39.13978646,-86.57292991
7,6,900.0,2-Car,No injury/unknown,,39.16273306,-86.5336
7,6,1100.0,2-Car,No injury/unknown,UNSAFE BACKING,39.17157747,-86.51808392
7,6,800.0,3+ Cars,Non-incapacitating,DRIVER ILLNESS,39.186544,-86.537888
7,6,1300.0,2-Car,Incapacitating,OTHER (DRIVER) - EXPLAIN IN NARRATIVE,39.142048,-86.582592
7,6,1300.0,2-Car,No injury/unknown,DISREGARD SIGNAL/REG SIGN,39.17664,-86.538496
7,6,1600.0,2-Car,Incapacitating,DISREGARD SIGNAL/REG SIGN,39.153392,-86.527008
7,6,1700.0,2-Car,No injury/unknown,IMPROPER TURNING,39.15944,-86.53488
7,6,2000.0,2-Car,No injury/unknown,FOLLOWING TOO CLOSELY,39.178992,-86.537792
6,5,1200.0,1-Car,No injury/unknown,RAN OFF ROAD RIGHT,39.07904,-86.594
7,6,1400.0,1-Car,No injury/unknown,RAN OFF ROAD RIGHT,39.12181389,-86.50054649
4,7,700.0,1-Car,No injury/unknown,LEFT OF CENTER,38.76915985,-86.54174007
7,7,900.0,2-Car,No injury/unknown,LEFT OF CENTER,39.173344,-86.555104
7,6,1800.0,2-Car,No injury/unknown,FOLLOWING TOO CLOSELY,39.164752,-86.573104
7,7,1600.0,Moped/Motorcycle,Non-incapacitating,FOLLOWING TOO CLOSELY,39.15744,-86.471456
7,7,2100.0,2-Car,No injury/unknown,IMPROPER LANE USAGE,39.186352,-86.531696
7,7,2300.0,1-Car,No injury/unknown,OTHER (ENVIRONMENTAL) - EXPLAIN IN NARR,39.148464,-86.471256
7,1,1800.0,2-Car,No injury/unknown,DISREGARD SIGNAL/REG SIGN,39.168656,-86.534784
7,1,1500.0,2-Car,No injury/unknown,,39.16084114,-86.5336
7,5,1900.0,2-Car,No injury/unknown,FAILURE TO YIELD RIGHT OF WAY,39.125312,-86.610496
7,1,2100.0,2-Car,No injury/unknown,IMPROPER TURNING,39.16425012,-86.51525996
7,1,1200.0,2-Car,Non-incapacitating,FOLLOWING TOO CLOSELY,39.142048,-86.582592
7,2,500.0,2-Car,Non-incapacitating,FAILURE TO YIELD RIGHT OF WAY,39.15146934,-86.538592
7,2,900.0,2-Car,No injury/unknown,UNSAFE BACKING,39.145264,-86.577616
7,1,1900.0,2-Car,No injury/unknown,IMPROPER LANE USAGE,39.16864,-86.533568
7,2,1400.0,2-Car,No injury/unknown,IMPROPER PASSING,38.01932812,-87.635098
7,1,1800.0,2-Car,No injury/unknown,UNSAFE BACKING,39.16776686,-86.536
7,2,1700.0,Pedestrian,Incapacitating,DRIVER DISTRACTED - EXPLAIN IN NARRATIVE,39.150448,-86.4992
7,3,400.0,1-Car,No injury/unknown,OTHER (DRIVER) - EXPLAIN IN NARRATIVE,39.121648,-86.539088
7,2,600.0,2-Car,No injury/unknown,DISREGARD SIGNAL/REG SIGN,39.122352,-86.5712
7,6,1500.0,1-Car,Incapacitating,OVERCORRECTING/OVERSTEERING,39.28084491,-86.68138599
7,2,1500.0,2-Car,No injury/unknown,UNSAFE BACKING,39.125312,-86.610496
7,6,1700.0,2-Car,No injury/unknown,FOLLOWING TOO CLOSELY,39.17502644,-86.57353973
7,3,1400.0,2-Car,Non-incapacitating,FOLLOWING TOO CLOSELY,39.16151347,-86.53832754
7,3,1300.0,2-Car,No injury/unknown,FAILURE TO YIELD RIGHT OF WAY,39.22185242,-86.44175194
7,3,1400.0,1-Car,No injury/unknown,IMPROPER TURNING,39.16115717,-86.53485253
7,3,400.0,1-Car,Non-incapacitating,SPEED TOO FAST FOR WEATHER CONDITIONS,39.26616,-86.522752
7,4,500.0,2-Car,Incapacitating,FAILURE TO YIELD RIGHT OF WAY,39.136144,-86.528688
7,3,1200.0,2-Car,No injury/unknown,UNSAFE BACKING,39.16671172,-86.59908838
7,4,1100.0,2-Car,No injury/unknown,OTHER (DRIVER) - EXPLAIN IN NARRATIVE,39.107344,-86.5264
7,4,1100.0,2-Car,No injury/unknown,FOLLOWING TOO CLOSELY,39.13467187,-86.59671551
7,3,1500.0,2-Car,No injury/unknown,FAILURE TO YIELD RIGHT OF WAY,39.16424,-86.495088