Month,Day,Hour,Collision Type,Injury Type,Primary Factor,Latitude,Longitude
7,3,1700.0,2-Car,No injury/unknown,FAILURE TO YIELD RIGHT OF WAY,39.16464,-86.531024
7,4,1500.0,2-Car,No injury/unknown,DISREGARD SIGNAL/REG SIGN,39.166672,-86.538608
7,4,1200.0,2-Car,Incapacitating,DISREGARD SIGNAL/REG SIGN,39.142048,-86.582592
7,4,1900.0,2-Car,Non-incapacitating,FAILURE TO YIELD RIGHT OF WAY,39.16459009,-86.57619975
7,5,1700.0,2-Car,No injury/unknown,UNSAFE BACKING,39.137088,-86.53056
7,3,2000.0,2-Car,No injury/unknown,FAILURE TO YIELD RIGHT OF WAY,39.12593007,-86.55359007
7,4,1400.0,2-Car,No injury/unknown,FOLLOWING TOO CLOSELY,39.08812773,-86.66905971
7,2,2100.0,1-Car,No injury/unknown,ANIMAL/OBJECT IN ROADWAY,39.093344,-86.5868
7,4,1700.0,3+ Cars,No injury/unknown,FOLLOWING TOO CLOSELY,39.00599354,-86.57913006
7,4,400.0,1-Car,No injury/unknown,ANIMAL/OBJECT IN ROADWAY,39.30298816,-86.51723076
7,5,1000.0,1-Car,No injury/unknown,OTHER (DRIVER) - EXPLAIN IN NARRATIVE,39.13493114,-86.52778394
7,5,1200.0,2-Car,No injury/unknown,UNSAFE BACKING,39.165648,-86.526848
7,5,900.0,2-Car,Incapacitating,DISREGARD SIGNAL/REG SIGN,39.178944,-86.533392
7,5,1200.0,2-Car,No injury/unknown,FAILURE TO YIELD RIGHT OF WAY,39.1475296,-86.57295227
7,5,800.0,2-Car,Non-incapacitating,FAILURE TO YIELD RIGHT OF WAY,39.23384,-86.624704
7,5,1400.0,3+ Cars,Non-incapacitating,FOLLOWING TOO CLOSELY,39.16432,-86.50824
7,5,1300.0,1-Car,No injury/unknown,UNSAFE BACKING,39.14868611,-86.40731288
7,5,1600.0,2-Car,No injury/unknown,FAILURE TO YIELD RIGHT OF WAY,39.176848,-86.533424
7,5,1400.0,2-Car,No injury/unknown,FOLLOWING TOO CLOSELY,39.158352,-86.582752
7,5,1500.0,1-Car,No injury/unknown,RAN OFF ROAD RIGHT,39.20446369,-86.60413314
7,5,2000.0,1-Car,No injury/unknown,RAN OFF ROAD RIGHT,39.1846236,-86.57641969
7,5,1300.0,1-Car,No injury/unknown,ROADWAY SURFACE CONDITION,39.14135716,-86.61335974
7,5,2000.0,2-Car,No injury/unknown,BRAKE FAILURE OR DEFECTIVE,39.180048,-86.544
7,5,2300.0,1-Car,No injury/unknown,RAN OFF ROAD RIGHT,39.158352,-86.582752
7,6,900.0,1-Car,No injury/unknown,BRAKE FAILURE OR DEFECTIVE,39.16441345,-86.53406524
7,6,800.0,1-Car,No injury/unknown,RAN OFF ROAD RIGHT,39.26727358,-86.66617449
7,6,1000.0,2-Car,No injury/unknown,UNSAFE BACKING,39.125312,-86.610496
7,6,2100.0,2-Car,Incapacitating,FAILURE TO YIELD RIGHT OF WAY,39.186032,-86.51984
7,7,0.0,2-Car,No injury/unknown,FAILURE TO YIELD RIGHT OF WAY,39.20704,-86.534704
7,5,1300.0,2-Car,Non-incapacitating,FAILURE TO YIELD RIGHT OF WAY,39.09261033,-86.51702016
7,7,1200.0,2-Car,No injury/unknown,OTHER (DRIVER) - EXPLAIN IN NARRATIVE,39.16424,-86.476096
7,6,1900.0,3+ Cars,Incapacitating,FOLLOWING TOO CLOSELY,39.16344009,-86.55128002
7,7,1800.0,2-Car,No injury/unknown,UNSAFE BACKING,39.165648,-86.5336
7,7,1600.0,Pedestrian,Non-incapacitating,UNSAFE BACKING,39.16464,-86.569392
7,6,1400.0,1-Car,No injury/unknown,RAN OFF ROAD RIGHT,39.16333196,-86.63013687
7,7,1600.0,2-Car,No injury/unknown,FAILURE TO YIELD RIGHT OF WAY,39.210144,-86.5832
7,7,1800.0,Moped/Motorcycle,Incapacitating,FAILURE TO YIELD RIGHT OF WAY,39.15344,-86.5336
7,1,300.0,1-Car,Non-incapacitating,RAN OFF ROAD RIGHT,39.24471489,-86.58926817
7,5,700.0,2-Car,No injury/unknown,UNSAFE BACKING,39.125312,-86.610496
7,7,900.0,2-Car,No injury/unknown,UNSAFE SPEED,39.30711293,-86.5282669
7,1,100.0,2-Car,No injury/unknown,UNSAFE BACKING,39.16803807,-86.57621853
7,1,1600.0,1-Car,No injury/unknown,,39.15556865,-86.5336
7,1,1900.0,2-Car,Incapacitating,LEFT OF CENTER,39.20704,-86.534704
7,1,2200.0,2-Car,No injury/unknown,CELL PHONE USAGE,39.16144,-86.5324
7,7,300.0,1-Car,No injury/unknown,ANIMAL/OBJECT IN ROADWAY,39.21749588,-86.59948776
7,7,2100.0,2-Car,No injury/unknown,UNSAFE BACKING,39.18198955,-86.53374367
7,4,0.0,2-Car,No injury/unknown,UNSAFE BACKING,39.1614452,-86.53978943
7,2,1200.0,1-Car,No injury/unknown,IMPROPER PASSING,39.179024,-86.539616
7,2,1400.0,2-Car,No injury/unknown,FAILURE TO YIELD RIGHT OF WAY,39.166944,-86.495056
7,2,1200.0,2-Car,No injury/unknown,,39.20304,-86.547392
7,2,1600.0,3+ Cars,No injury/unknown,OTHER (DRIVER) - EXPLAIN IN NARRATIVE,39.16463589,-86.58291865
7,2,1800.0,2-Car,No injury/unknown,FOLLOWING TOO CLOSELY,39.13704,-86.572896
7,2,800.0,1-Car,Incapacitating,OTHER (VEHICLE) - EXPLAIN IN NARRATIVE,39.16664,-86.462496
7,5,2100.0,3+ Cars,No injury/unknown,FOLLOWING TOO CLOSELY,39.13304,-86.5384
7,6,1000.0,2-Car,No injury/unknown,FAILURE TO YIELD RIGHT OF WAY,39.210144,-86.5832
7,6,1100.0,2-Car,No injury/unknown,IMPROPER PASSING,39.22079514,-86.61991976
7,3,1800.0,2-Car,No injury/unknown,FOLLOWING TOO CLOSELY,39.16464161,-86.56943706
7,2,2000.0,1-Car,Non-incapacitating,RAN OFF ROAD RIGHT,39.18904,-86.630096
7,3,2200.0,2-Car,Incapacitating,IMPROPER TURNING,39.121552,-86.531296
7,4,900.0,2-Car,No injury/unknown,SPEED TOO FAST FOR WEATHER CONDITIONS,39.16454774,-86.56949951
7,4,900.0,1-Car,No injury/unknown,RAN OFF ROAD RIGHT,39.13603999,-86.52687996
7,4,1600.0,3+ Cars,Incapacitating,FOLLOWING TOO CLOSELY,39.250688,-86.529744
7,4,1500.0,2-Car,No injury/unknown,FOLLOWING TOO CLOSELY,39.11570265,-86.56477235
7,1,900.0,2-Car,No injury/unknown,UNSAFE BACKING,39.16756821,-86.51656341
7,3,1300.0,2-Car,No injury/unknown,DRIVER DISTRACTED - EXPLAIN IN NARRATIVE,39.13485593,-86.59645375
7,5,600.0,2-Car,Incapacitating,IMPROPER TURNING,39.171744,-86.534768
7,5,1500.0,2-Car,No injury/unknown,DRIVER DISTRACTED - EXPLAIN IN NARRATIVE,39.28585088,-86.52030912
7,5,1500.0,2-Car,No injury/unknown,UNSAFE BACKING,39.17512626,-86.50022014
7,5,2300.0,3+ Cars,No injury/unknown,OVERCORRECTING/OVERSTEERING,39.17168,-86.528256
7,6,700.0,2-Car,No injury/unknown,FOLLOWING TOO CLOSELY,39.15559072,-86.53873702
7,5,1300.0,2-Car,No injury/unknown,OTHER (DRIVER) - EXPLAIN IN NARRATIVE,39.17153031,-86.5023124
7,6,800.0,2-Car,No injury/unknown,FOLLOWING TOO CLOSELY,39.18336019,-86.53415009
8,3,1200.0,2-Car,No injury/unknown,UNSAFE BACKING,39.15783428,-86.58258341
8,4,700.0,2-Car,Non-incapacitating,FAILURE TO YIELD RIGHT OF WAY,39.21657228,-86.63986124
8,5,800.0,2-Car,Incapacitating,FAILURE TO YIELD RIGHT OF WAY,39.06714022,-86.50289389
8,4,1300.0,2-Car,No injury/unknown,UNSAFE LANE MOVEMENT,39.138688,-86.465968
8,5,1500.0,2-Car,No injury/unknown,OVERCORRECTING/OVERSTEERING,39.18300777,-86.51149532
8,5,1500.0,2-Car,Non-incapacitating,FAILURE TO YIELD RIGHT OF WAY,39.15703967,-86.55060008
8,5,1600.0,1-Car,Incapacitating,OTHER (VEHICLE) - EXPLAIN IN NARRATIVE,39.15933159,-86.538592
7,6,1900.0,2-Car,Incapacitating,UNSAFE SPEED,39.06371689,-86.49869537
8,5,1400.0,1-Car,No injury/unknown,RAN OFF ROAD RIGHT,39.24172799,-86.68410713
8,5,1600.0,1-Car,No injury/unknown,RAN OFF ROAD RIGHT,39.14464,-86.582592
8,4,1300.0,1-Car,No injury/unknown,RAN OFF ROAD RIGHT,39.2805071,-86.46300057
8,5,2200.0,1-Car,No injury/unknown,SPEED TOO FAST FOR WEATHER CONDITIONS,39.23940996,-86.551651
8,5,1300.0,3+ Cars,No injury/unknown,PEDESTRIAN ACTION,39.16424,-86.495088
8,6,800.0,Cyclist,Incapacitating,WRONG WAY ON ONE WAY,39.170848,-86.503696
8,6,700.0,2-Car,Non-incapacitating,DISREGARD SIGNAL/REG SIGN,39.16460015,-86.53235971
8,6,900.0,2-Car,No injury/unknown,OTHER (DRIVER) - EXPLAIN IN NARRATIVE,39.16464373,-86.58722028
8,6,1500.0,2-Car,No injury/unknown,UNSAFE BACKING,39.15998862,-86.55307876
8,6,1600.0,2-Car,No injury/unknown,FOLLOWING TOO CLOSELY,39.171472,-86.509376
8,6,1700.0,2-Car,No injury/unknown,UNSAFE BACKING,39.16934431,-86.49170279
8,6,1300.0,2-Car,No injury/unknown,UNSAFE BACKING,39.16061486,-86.538592
8,7,300.0,3+ Cars,Non-incapacitating,RAN OFF ROAD RIGHT,39.079552,-86.513392
8,7,2300.0,1-Car,No injury/unknown,RAN OFF ROAD RIGHT,39.082144,-86.515488
8,5,600.0,2-Car,Incapacitating,DISREGARD SIGNAL/REG SIGN,39.13704,-86.572896
8,1,300.0,1-Car,No injury/unknown,RAN OFF ROAD RIGHT,39.29645022,-86.58307661
8,1,500.0,1-Car,No injury/unknown,RAN OFF ROAD RIGHT,39.165344,-86.484128
8,1,1000.0,3+ Cars,Incapacitating,FOLLOWING TOO CLOSELY,39.17414154,-86.50045731
8,6,1600.0,2-Car,No injury/unknown,OTHER LIGHTS DEFECTIVE,39.17920008,-86.59107425
8,1,0.0,2-Car,No injury/unknown,UNSAFE BACKING,39.167664,-86.5324
8,7,2000.0,1-Car,No injury/unknown,UNSAFE BACKING,39.135648,-86.462248
8,1,300.0,1-Car,No injury/unknown,RAN OFF ROAD RIGHT,39.08384,-86.540768
8,2,100.0,1-Car,Non-incapacitating,ANIMAL/OBJECT IN ROADWAY,39.21290864,-86.53874969
8,2,700.0,Bus,No injury/unknown,OTHER (DRIVER) - EXPLAIN IN NARRATIVE,39.148144,-86.572992
8,2,1200.0,2-Car,No injury/unknown,DRIVER DISTRACTED - EXPLAIN IN NARRATIVE,39.10649041,-86.55034722
8,2,1600.0,2-Car,No injury/unknown,FOLLOWING TOO CLOSELY,39.16144,-86.534848
8,2,1700.0,2-Car,Non-incapacitating,FOLLOWING TOO CLOSELY,39.16464,-86.534816
8,2,1700.0,2-Car,No injury/unknown,UNSAFE BACKING,39.16423674,-86.49805388
8,2,1700.0,2-Car,No injury/unknown,FOLLOWING TOO CLOSELY,39.165664,-86.5348
8,2,1900.0,2-Car,No injury/unknown,DRIVER DISTRACTED - EXPLAIN IN NARRATIVE,39.2125206,-86.59179687
8,2,2000.0,2-Car,Non-incapacitating,FOLLOWING TOO CLOSELY,39.1381741,-86.57913006
8,2,600.0,Moped/Motorcycle,No injury/unknown,ANIMAL/OBJECT IN ROADWAY,39.0583653,-86.498432
7,4,1300.0,2-Car,No injury/unknown,FAILURE TO YIELD RIGHT OF WAY,39.23836136,-86.62767791
8,3,1100.0,2-Car,No injury/unknown,IMPROPER TURNING,39.16144,-86.53076506
8,2,1800.0,1-Car,Non-incapacitating,RAN OFF ROAD RIGHT,39.25864,-86.5012
8,6,1600.0,2-Car,Incapacitating,FAILURE TO YIELD RIGHT OF WAY,39.14420245,-86.46687098
8,3,1500.0,2-Car,No injury/unknown,FAILURE TO YIELD RIGHT OF WAY,39.142048,-86.582592
8,2,1900.0,1-Car,No injury/unknown,RAN OFF ROAD RIGHT,39.17421898,-86.4755783
8,3,2000.0,1-Car,No injury/unknown,RAN OFF ROAD RIGHT,39.126048,-86.574192
8,3,1700.0,2-Car,No injury/unknown,FOLLOWING TOO CLOSELY,39.171744,-86.534768
7,6,1700.0,2-Car,No injury/unknown,FOLLOWING TOO CLOSELY,39.22935002,-86.61848008
8,2,2000.0,1-Car,No injury/unknown,RAN OFF ROAD RIGHT,39.10462952,-86.68258058
8,3,1000.0,2-Car,No injury/unknown,LEFT OF CENTER,39.212016,-86.59872
8,4,800.0,1-Car,No injury/unknown,RAN OFF ROAD RIGHT,39.17285105,-86.56762445
8,4,1200.0,2-Car,No injury/unknown,OTHER (DRIVER) - EXPLAIN IN NARRATIVE,39.172048,-86.4816
8,4,800.0,1-Car,No injury/unknown,UNSAFE BACKING,39.16864,-86.523392
8,4,1800.0,Bus,Non-incapacitating,FAILURE TO YIELD RIGHT OF WAY,39.2620697,-86.65039825
8,4,1200.0,2-Car,No injury/unknown,OTHER (DRIVER) - EXPLAIN IN NARRATIVE,39.16043091,-86.57913927
8,5,1100.0,2-Car,Non-incapacitating,DRIVER DISTRACTED - EXPLAIN IN NARRATIVE,39.16424,-86.4908
8,4,1300.0,2-Car,No injury/unknown,FAILURE TO YIELD RIGHT OF WAY,39.21584,-86.5928
8,5,1400.0,2-Car,No injury/unknown,FAILURE TO YIELD RIGHT OF WAY,39.23384,-86.624704
8,5,1800.0,2-Car,No injury/unknown,IMPROPER PASSING,39.16460954,-86.58341825
8,5,1900.0,2-Car,No injury/unknown,DISREGARD SIGNAL/REG SIGN,39.107248,-86.531392
8,5,1700.0,2-Car,Incapacitating,FOLLOWING TOO CLOSELY,39.16463971,-86.58290271
8,7,2300.0,2-Car,No injury/unknown,UNSAFE BACKING,39.128048,-86.577664
8,7,700.0,2-Car,Incapacitating,LEFT OF CENTER,39.01368968,-86.5409537
8,6,1300.0,2-Car,Incapacitating,DISREGARD SIGNAL/REG SIGN,39.15932022,-86.52714014
8,6,1400.0,2-Car,No injury/unknown,FAILURE TO YIELD RIGHT OF WAY,39.16562006,-86.57599993
8,6,1500.0,2-Car,No injury/unknown,FAILURE TO YIELD RIGHT OF WAY,39.13943969,-86.52692019
8,7,0.0,1-Car,Non-incapacitating,ANIMAL/OBJECT IN ROADWAY,39.28072,-86.583408
8,6,900.0,2-Car,No injury/unknown,OTHER (DRIVER) - EXPLAIN IN NARRATIVE,39.16864,-86.526944
8,6,500.0,2-Car,Incapacitating,FAILURE TO YIELD RIGHT OF WAY,39.16458572,-86.57619213
8,7,900.0,2-Car,No injury/unknown,UNSAFE BACKING,39.16649801,-86.5408
8,7,1000.0,2-Car,No injury/unknown,DISREGARD SIGNAL/REG SIGN,39.164448,-86.5268
8,7,1500.0,2-Car,No injury/unknown,IMPROPER TURNING,39.175952,-86.53344
8,7,1500.0,Bus,No injury/unknown,UNSAFE BACKING,39.1684337,-86.52330391
8,7,2100.0,2-Car,No injury/unknown,IMPROPER TURNING,39.16424,-86.49425989
8,1,100.0,1-Car,Non-incapacitating,RAN OFF ROAD RIGHT,39.1524598,-86.53370015
8,6,1700.0,2-Car,Non-incapacitating,DRIVER DISTRACTED - EXPLAIN IN NARRATIVE,39.13704,-86.572896
8,6,2100.0,2-Car,No injury/unknown,UNSAFE SPEED,39.19377136,-86.5711975
8,3,1300.0,2-Car,No injury/unknown,FAILURE TO YIELD RIGHT OF WAY,39.23262822,-86.53192901
8,1,900.0,2-Car,No injury/unknown,IMPROPER LANE USAGE,39.16144,-86.523952
8,1,1200.0,2-Car,Incapacitating,FOLLOWING TOO CLOSELY,39.167648,-86.500096
8,6,1400.0,2-Car,No injury/unknown,UNSAFE BACKING,39.164728,-86.57239
8,1,1200.0,2-Car,No injury/unknown,DRIVER DISTRACTED - EXPLAIN IN NARRATIVE,39.121552,-86.531296
8,1,1200.0,2-Car,No injury/unknown,FOLLOWING TOO CLOSELY,39.186352,-86.528496
8,1,1400.0,2-Car,No injury/unknown,SPEED TOO FAST FOR WEATHER CONDITIONS,39.168944,-86.516016
8,1,1200.0,1-Car,Non-incapacitating,RAN OFF ROAD RIGHT,38.8975569,-86.63040988
8,1,1300.0,1-Car,No injury/unknown,SPEED TOO FAST FOR WEATHER CONDITIONS,39.1946999,-86.48918741
8,7,2000.0,2-Car,No injury/unknown,FOLLOWING TOO CLOSELY,39.16464,-86.5336
8,1,1700.0,2-Car,No injury/unknown,FAILURE TO YIELD RIGHT OF WAY,39.171696,-86.529696
8,1,1900.0,2-Car,Non-incapacitating,FAILURE TO YIELD RIGHT OF WAY,39.171504,-86.495312
8,1,1700.0,2-Car,No injury/unknown,FAILURE TO YIELD RIGHT OF WAY,39.16464,-86.5336
8,1,1300.0,2-Car,Non-incapacitating,FOLLOWING TOO CLOSELY,39.164352,-86.508288
8,1,1900.0,1-Car,No injury/unknown,RAN OFF ROAD RIGHT,39.169584,-86.538576
8,1,2100.0,2-Car,No injury/unknown,FOLLOWING TOO CLOSELY,39.191248,-86.532896
8,1,2100.0,3+ Cars,Incapacitating,FAILURE TO YIELD RIGHT OF WAY,39.13704,-86.572896
8,1,1300.0,2-Car,No injury/unknown,FOLLOWING TOO CLOSELY,39.171648,-86.502096
8,2,800.0,2-Car,No injury/unknown,OTHER (VEHICLE) - EXPLAIN IN NARRATIVE,39.16424,-86.49224392
8,2,1000.0,2-Car,Non-incapacitating,FAILURE TO YIELD RIGHT OF WAY,39.16768,-86.538592
8,2,900.0,1-Car,No injury/unknown,RAN OFF ROAD RIGHT,39.16115717,-86.53485253
8,2,1100.0,2-Car,No injury/unknown,OTHER (DRIVER) - EXPLAIN IN NARRATIVE,39.176544,-86.5624
8,2,1500.0,3+ Cars,Non-incapacitating,FOLLOWING TOO CLOSELY,39.164544,-86.560096
8,7,1300.0,2-Car,No injury/unknown,OVERCORRECTING/OVERSTEERING,39.16786971,-86.536
8,2,1600.0,2-Car,Non-incapacitating,FAILURE TO YIELD RIGHT OF WAY,39.17911023,-86.5540903
8,2,1700.0,2-Car,Non-incapacitating,FOLLOWING TOO CLOSELY,39.1487068,-86.57121991
8,2,300.0,1-Car,No injury/unknown,RAN OFF ROAD RIGHT,39.26518382,-86.43351561
8,2,2200.0,3+ Cars,No injury/unknown,IMPROPER TURNING,39.16427024,-86.51912972
8,6,900.0,2-Car,No injury/unknown,OTHER (DRIVER) - EXPLAIN IN NARRATIVE,39.16464,-86.5336
8,5,800.0,2-Car,No injury/unknown,DISREGARD SIGNAL/REG SIGN,39.18676995,-86.6112703
8,5,1100.0,2-Car,No injury/unknown,FAILURE TO YIELD RIGHT OF WAY,39.280496,-86.522864
8,3,1600.0,2-Car,No injury/unknown,FOLLOWING TOO CLOSELY,39.149552,-86.575936
8,2,500.0,2-Car,No injury/unknown,FOLLOWING TOO CLOSELY,39.10810089,-86.63700103
8,4,0.0,1-Car,No injury/unknown,RAN OFF ROAD RIGHT,39.13851969,-86.54742971
8,4,1300.0,2-Car,No injury/unknown,IMPROPER TURNING,39.16678078,-86.52203053
8,2,1500.0,2-Car,No injury/unknown,SPEED TOO FAST FOR WEATHER CONDITIONS,39.122352,-86.5712
8,4,1500.0,1-Car,No injury/unknown,UNSAFE BACKING,39.168144,-86.510992
8,4,1300.0,2-Car,Non-incapacitating,UNSAFE LANE MOVEMENT,39.175952,-86.53344
8,4,1600.0,2-Car,No injury/unknown,UNSAFE BACKING,39.17521746,-86.52061527
8,4,1600.0,2-Car,No injury/unknown,FAILURE TO YIELD RIGHT OF WAY,39.16816257,-86.51001745
8,4,1900.0,2-Car,No injury/unknown,UNSAFE SPEED,39.176848,-86.478192
8,4,2000.0,2-Car,No injury/unknown,UNSAFE BACKING,39.168752,-86.5436
8,4,1900.0,2-Car,No injury/unknown,FAILURE TO YIELD RIGHT OF WAY,39.16323021,-86.52783013
8,4,1700.0,2-Car,Non-incapacitating,FAILURE TO YIELD RIGHT OF WAY,39.1647376,-86.5925978
8,4,1400.0,2-Car,Non-incapacitating,FOLLOWING TOO CLOSELY,39.164752,-86.573104
8,4,2300.0,2-Car,Non-incapacitating,OTHER (DRIVER) - EXPLAIN IN NARRATIVE,39.16037061,-86.5336
8,3,2000.0,Moped/Motorcycle,Non-incapacitating,RAN OFF ROAD RIGHT,39.1858669,-86.51451028
8,4,1200.0,2-Car,No injury/unknown,FAILURE TO YIELD RIGHT OF WAY,39.175232,-86.520976
8,5,600.0,3+ Cars,Incapacitating,LEFT OF CENTER,39.25254059,-86.67625151
8,4,1300.0,2-Car,No injury/unknown,UNSAFE BACKING,39.168672,-86.536
8,5,1100.0,2-Car,No injury/unknown,OTHER (DRIVER) - EXPLAIN IN NARRATIVE,39.148144,-86.572992
8,5,1100.0,2-Car,No injury/unknown,FAILURE TO YIELD RIGHT OF WAY,39.16440971,-86.55389986
8,5,1200.0,2-Car,No injury/unknown,UNSAFE BACKING,39.172144,-86.509392
8,5,1200.0,2-Car,No injury/unknown,FOLLOWING TOO CLOSELY,39.16424,-86.473296
8,5,1500.0,2-Car,No injury/unknown,FAILURE TO YIELD RIGHT OF WAY,39.142555,-86.531238
8,5,1500.0,2-Car,Non-incapacitating,LEFT OF CENTER,39.18384,-86.5192
8,1,1100.0,2-Car,No injury/unknown,OTHER (DRIVER) - EXPLAIN IN NARRATIVE,39.215152,-86.5928
8,1,1300.0,2-Car,No injury/unknown,OTHER (VEHICLE) - EXPLAIN IN NARRATIVE,39.16464,-86.56913891
8,7,1500.0,3+ Cars,Incapacitating,IMPROPER TURNING,39.26670898,-86.52277632
8,1,1700.0,Cyclist,Incapacitating,OTHER (DRIVER) - EXPLAIN IN NARRATIVE,39.164352,-86.510944
8,1,1800.0,2-Car,Incapacitating,FOLLOWING TOO CLOSELY,39.186368,-86.5344
8,7,1800.0,2-Car,No injury/unknown,FOLLOWING TOO CLOSELY,39.314272,-86.511552
8,7,900.0,2-Car,No injury/unknown,UNSAFE BACKING,39.16344,-86.58584
8,1,700.0,2-Car,No injury/unknown,UNSAFE BACKING,39.17017478,-86.53973209
8,1,1400.0,2-Car,No injury/unknown,OTHER (DRIVER) - EXPLAIN IN NARRATIVE,39.15416261,-86.531152
8,2,1100.0,2-Car,No injury/unknown,DISREGARD SIGNAL/REG SIGN,39.16304983,-86.51638984
8,2,1400.0,2-Car,No injury/unknown,FAILURE TO YIELD RIGHT OF WAY,39.15072,-86.522496
8,1,0.0,2-Car,No injury/unknown,,39.167664,-86.536
8,2,1900.0,2-Car,Non-incapacitating,FOLLOWING TOO CLOSELY,39.171552,-86.515728
8,2,1900.0,2-Car,Incapacitating,UNSAFE LANE MOVEMENT,39.16864,-86.533568
8,2,2200.0,2-Car,No injury/unknown,FAILURE TO YIELD RIGHT OF WAY,39.18384,-86.5192
8,3,700.0,2-Car,No injury/unknown,UNSAFE BACKING,39.14213705,-86.52705713
8,3,800.0,2-Car,No injury/unknown,FAILURE TO YIELD RIGHT OF WAY,39.168656,-86.534784
8,3,800.0,2-Car,No injury/unknown,DISREGARD SIGNAL/REG SIGN,39.186352,-86.528496
8,3,800.0,2-Car,No injury/unknown,FAILURE TO YIELD RIGHT OF WAY,39.156576,-86.53112
8,3,1200.0,2-Car,No injury/unknown,OTHER (DRIVER) - EXPLAIN IN NARRATIVE,39.150496,-86.501088
8,3,1900.0,Pedestrian,Non-incapacitating,DISREGARD SIGNAL/REG SIGN,39.164352,-86.522592
8,3,1200.0,2-Car,No injury/unknown,OTHER (DRIVER) - EXPLAIN IN NARRATIVE,39.153344,-86.522512
8,2,400.0,2-Car,No injury/unknown,,39.13146481,-86.5807528
8,4,1700.0,2-Car,No injury/unknown,FOLLOWING TOO CLOSELY,39.17202295,-86.5023153
8,3,1500.0,2-Car,No injury/unknown,UNSAFE BACKING,39.1632,-86.517584
8,3,1500.0,2-Car,Incapacitating,FAILURE TO YIELD RIGHT OF WAY,39.09784,-86.5168
8,2,1600.0,2-Car,Non-incapacitating,FOLLOWING TOO CLOSELY,39.12848101,-86.6056907
8,5,1000.0,2-Car,No injury/unknown,IMPROPER LANE USAGE,39.17157747,-86.51808392
8,5,1200.0,2-Car,No injury/unknown,UNSAFE LANE MOVEMENT,39.171712,-86.530992
8,5,1400.0,Bus,No injury/unknown,UNSAFE BACKING,39.17161826,-86.5006487
8,5,1700.0,2-Car,No injury/unknown,FOLLOWING TOO CLOSELY,39.148928,-86.53312
8,5,0.0,2-Car,No injury/unknown,UNSAFE LANE MOVEMENT,39.17323424,-86.54712718
8,4,300.0,2-Car,Incapacitating,LEFT OF CENTER,39.111024,-86.638304
8,6,100.0,2-Car,No injury/unknown,FOLLOWING TOO CLOSELY,39.174352,-86.533472
8,6,600.0,2-Car,No injury/unknown,FOLLOWING TOO CLOSELY,39.171648,-86.502096
8,4,1400.0,2-Car,No injury/unknown,FAILURE TO YIELD RIGHT OF WAY,39.145264,-86.577616
8,6,800.0,2-Car,No injury/unknown,FAILURE TO YIELD RIGHT OF WAY,39.17168,-86.528256
8,6,800.0,2-Car,No injury/unknown,DISREGARD SIGNAL/REG SIGN,39.15424,-86.508288
8,3,600.0,2-Car,No injury/unknown,UNSAFE BACKING,39.17915985,-86.58308029
8,6,900.0,3+ Cars,No injury/unknown,DRIVER DISTRACTED - EXPLAIN IN NARRATIVE,39.171472,-86.509376
8,3,1100.0,2-Car,No injury/unknown,FAILURE TO YIELD RIGHT OF WAY,39.13704,-86.577504
8,4,1700.0,1-Car,No injury/unknown,UNSAFE BACKING,39.16951242,-86.564992
8,7,1000.0,2-Car,No injury/unknown,UNSAFE BACKING,39.14572622,-86.53217956
8,7,800.0,2-Car,No injury/unknown,,39.165648,-86.5048
8,7,1200.0,2-Car,No injury/unknown,FAILURE TO YIELD RIGHT OF WAY,39.17904,-86.5284
8,6,2200.0,Moped/Motorcycle,No injury/unknown,FAILURE TO YIELD RIGHT OF WAY,39.168944,-86.516016
8,6,1400.0,2-Car,No injury/unknown,FOLLOWING TOO CLOSELY,39.092944,-86.544
8,6,1600.0,2-Car,No injury/unknown,FOLLOWING TOO CLOSELY,39.13704,-86.572896
8,6,1800.0,2-Car,No injury/unknown,FOLLOWING TOO CLOSELY,39.167648,-86.500096
8,6,1600.0,2-Car,No injury/unknown,FOLLOWING TOO CLOSELY,39.16463971,-86.58292002
8,6,2100.0,2-Car,No injury/unknown,UNSAFE LANE MOVEMENT,39.115248,-86.573504
8,2,0.0,2-Car,No injury/unknown,IMPROPER LANE USAGE,39.172656,-86.400688
8,2,1200.0,2-Car,No injury/unknown,FOLLOWING TOO CLOSELY,39.16424,-86.4984
8,1,100.0,1-Car,No injury/unknown,OTHER (DRIVER) - EXPLAIN IN NARRATIVE,39.17904,-86.53163343
8,6,1300.0,2-Car,No injury/unknown,FAILURE TO YIELD RIGHT OF WAY,39.12144,-86.526496
8,1,1100.0,2-Car,No injury/unknown,FAILURE TO YIELD RIGHT OF WAY,39.171744,-86.534768
8,1,900.0,3+ Cars,Incapacitating,DISREGARD SIGNAL/REG SIGN,39.13704,-86.572896
8,2,1700.0,2-Car,No injury/unknown,OTHER (DRIVER) - EXPLAIN IN NARRATIVE,39.16424,-86.48664897
8,7,1700.0,2-Car,No injury/unknown,FOLLOWING TOO CLOSELY,39.16424,-86.4984
8,1,1400.0,2-Car,No injury/unknown,OTHER (DRIVER) - EXPLAIN IN NARRATIVE,39.150544,-86.508288
8,6,1200.0,2-Car,No injury/unknown,UNSAFE BACKING,39.164465,-86.54881114
8,1,1400.0,2-Car,No injury/unknown,FOLLOWING TOO CLOSELY,39.17688,-86.534736