Month,Day,Hour,Collision Type,Injury Type,Primary Factor,Latitude,Longitude
8,6,1200.0,2-Car,No injury/unknown,UNSAFE BACKING,39.16671172,-86.59908838
8,2,900.0,1-Car,No injury/unknown,UNSAFE BACKING,39.16768,-86.539808
8,7,1000.0,2-Car,No injury/unknown,OTHER (VEHICLE) - EXPLAIN IN NARRATIVE,39.167712,-86.529696
8,2,600.0,2-Car,Incapacitating,DRIVER ASLEEP OR FATIGUED,39.13652039,-86.55490112
8,1,1300.0,2-Car,No injury/unknown,FAILURE TO YIELD RIGHT OF WAY,39.17264,-86.52704
8,2,1200.0,2-Car,No injury/unknown,FAILURE TO YIELD RIGHT OF WAY,39.176848,-86.533424
8,2,1500.0,1-Car,No injury/unknown,OTHER (VEHICLE) - EXPLAIN IN NARRATIVE,39.14958954,-86.50096893
8,2,1600.0,2-Car,No injury/unknown,FOLLOWING TOO CLOSELY,39.219152,-86.602304
8,2,1700.0,2-Car,No injury/unknown,UNSAFE BACKING,39.15946975,-86.54602886
9,3,700.0,2-Car,No injury/unknown,UNSAFE SPEED,39.171552,-86.515728
9,3,1000.0,2-Car,No injury/unknown,FAILURE TO YIELD RIGHT OF WAY,39.16424,-86.4984
8,2,1500.0,Cyclist,No injury/unknown,OTHER (DRIVER) - EXPLAIN IN NARRATIVE,39.155152,-86.497888
9,3,1300.0,Bus,No injury/unknown,UNSAFE LANE MOVEMENT,39.18240585,-86.51259862
9,3,1600.0,2-Car,No injury/unknown,FOLLOWING TOO CLOSELY,39.145152,-86.5776
9,3,1300.0,2-Car,No injury/unknown,FOLLOWING TOO CLOSELY,39.164752,-86.573104
9,3,1300.0,2-Car,No injury/unknown,UNSAFE BACKING,39.17088686,-86.534768
9,3,1700.0,2-Car,No injury/unknown,IMPROPER PASSING,39.16115717,-86.53485253
9,3,1200.0,2-Car,No injury/unknown,UNSAFE LANE MOVEMENT,39.16809464,-86.6001892
9,3,1000.0,2-Car,No injury/unknown,OTHER (DRIVER) - EXPLAIN IN NARRATIVE,39.16743734,-86.529696
9,3,900.0,2-Car,Incapacitating,FAILURE TO YIELD RIGHT OF WAY,39.19605806,-86.53409885
9,4,1200.0,2-Car,No injury/unknown,LEFT OF CENTER,39.15335029,-86.53371021
9,3,1500.0,2-Car,No injury/unknown,FAILURE TO YIELD RIGHT OF WAY,39.173216,-86.536
8,5,1500.0,2-Car,No injury/unknown,IMPROPER LANE USAGE,39.16224,-86.52016
9,4,1500.0,2-Car,No injury/unknown,UNSAFE LANE MOVEMENT,39.17155391,-86.51590441
9,4,1700.0,2-Car,No injury/unknown,FOLLOWING TOO CLOSELY,39.15052995,-86.52261994
9,4,1700.0,2-Car,No injury/unknown,UNSAFE BACKING,39.164272,-86.50232131
9,4,1600.0,Bus,No injury/unknown,UNSAFE BACKING,39.15574596,-86.54770384
9,4,2200.0,2-Car,No injury/unknown,FOLLOWING TOO CLOSELY,39.16424,-86.5164
8,3,900.0,2-Car,No injury/unknown,OVERCORRECTING/OVERSTEERING,39.164544,-86.552192
9,5,1100.0,2-Car,No injury/unknown,UNSAFE BACKING,39.16516495,-86.57852172
9,5,1100.0,2-Car,No injury/unknown,FAILURE TO YIELD RIGHT OF WAY,39.2123644,-86.58817795
9,5,1100.0,2-Car,No injury/unknown,DISREGARD SIGNAL/REG SIGN,39.171648,-86.502096
9,5,1000.0,2-Car,No injury/unknown,DRIVER DISTRACTED - EXPLAIN IN NARRATIVE,39.105552,-86.551104
9,5,1100.0,2-Car,No injury/unknown,FAILURE TO YIELD RIGHT OF WAY,39.15422548,-86.59909978
9,5,900.0,Moped/Motorcycle,Fatal,DISREGARD SIGNAL/REG SIGN,39.105552,-86.551104
9,5,1500.0,2-Car,No injury/unknown,FAILURE TO YIELD RIGHT OF WAY,39.16864,-86.533568
9,5,1700.0,2-Car,Non-incapacitating,FOLLOWING TOO CLOSELY,39.1632,-86.517584
9,5,1900.0,2-Car,No injury/unknown,DISREGARD SIGNAL/REG SIGN,39.16464,-86.531024
10,3,1500.0,2-Car,No injury/unknown,STEERING FAILURE,39.22148334,-86.60616326
10,3,1700.0,2-Car,No injury/unknown,FAILURE TO YIELD RIGHT OF WAY,39.173232,-86.534752
10,3,1700.0,3+ Cars,No injury/unknown,FOLLOWING TOO CLOSELY,39.109248,-86.53128
10,2,1300.0,2-Car,No injury/unknown,IMPROPER TURNING,39.16664,-86.5336
10,3,2000.0,2-Car,No injury/unknown,OTHER (DRIVER) - EXPLAIN IN NARRATIVE,39.161488,-86.537296
10,7,200.0,1-Car,No injury/unknown,RAN OFF ROAD RIGHT,39.24727991,-86.54774652
10,1,100.0,1-Car,No injury/unknown,ROADWAY SURFACE CONDITION,39.185048,-86.550584
10,5,1100.0,1-Car,No injury/unknown,LEFT OF CENTER,39.17996988,-86.48165355
10,7,1600.0,1-Car,No injury/unknown,ROADWAY SURFACE CONDITION,39.154448,-86.591696
10,1,1400.0,1-Car,No injury/unknown,DRIVER DISTRACTED - EXPLAIN IN NARRATIVE,39.29203297,-86.59263968
10,4,700.0,2-Car,No injury/unknown,IMPROPER LANE USAGE,39.164752,-86.573104
10,7,800.0,1-Car,No injury/unknown,DRIVER DISTRACTED - EXPLAIN IN NARRATIVE,39.053744,-86.606304
10,4,600.0,1-Car,No injury/unknown,ANIMAL/OBJECT IN ROADWAY,39.18077171,-86.50838423
10,4,900.0,2-Car,No injury/unknown,UNSAFE BACKING,39.174368,-86.527088
10,4,1300.0,2-Car,No injury/unknown,FAILURE TO YIELD RIGHT OF WAY,39.16424,-86.495088
10,4,1700.0,2-Car,No injury/unknown,FOLLOWING TOO CLOSELY,39.1775537,-86.5612041
10,4,1500.0,2-Car,Incapacitating,UNSAFE LANE MOVEMENT,39.164752,-86.573104
10,4,1700.0,2-Car,No injury/unknown,FOLLOWING TOO CLOSELY,39.12144,-86.526496
10,2,2000.0,2-Car,No injury/unknown,IMPROPER TURNING,39.190672,-86.582992
10,4,2000.0,2-Car,No injury/unknown,FAILURE TO YIELD RIGHT OF WAY,39.17168,-86.527024
10,5,0.0,1-Car,Non-incapacitating,RAN OFF ROAD RIGHT,39.16658457,-86.49281455
10,5,700.0,2-Car,No injury/unknown,FOLLOWING TOO CLOSELY,39.16144,-86.5336
10,5,800.0,2-Car,No injury/unknown,FOLLOWING TOO CLOSELY,39.164448,-86.5268
10,5,800.0,2-Car,No injury/unknown,FOLLOWING TOO CLOSELY,39.164352,-86.521088
10,5,1500.0,2-Car,No injury/unknown,OTHER (DRIVER) - EXPLAIN IN NARRATIVE,39.152606,-86.492729
10,5,1700.0,2-Car,No injury/unknown,UNSAFE BACKING,39.15159628,-86.51525996
10,5,1600.0,1-Car,No injury/unknown,OTHER (DRIVER) - EXPLAIN IN NARRATIVE,39.22110748,-86.66004943
10,5,1700.0,2-Car,No injury/unknown,FAILURE TO YIELD RIGHT OF WAY,39.16461021,-86.57910409
10,5,1900.0,2-Car,No injury/unknown,FAILURE TO YIELD RIGHT OF WAY,39.16463971,-86.58292002
10,5,1300.0,2-Car,No injury/unknown,FOLLOWING TOO CLOSELY,39.16144,-86.5324
10,5,1700.0,Moped/Motorcycle,Non-incapacitating,ROADWAY SURFACE CONDITION,39.17361975,-86.48213486
10,5,1300.0,2-Car,No injury/unknown,IMPROPER TURNING,39.16416496,-86.49477459
10,4,0.0,2-Car,No injury/unknown,FAILURE TO YIELD RIGHT OF WAY,39.176544,-86.5624
10,3,1900.0,2-Car,No injury/unknown,OTHER (DRIVER) - EXPLAIN IN NARRATIVE,39.14184,-86.5364
10,6,700.0,Moped/Motorcycle,Non-incapacitating,FAILURE TO YIELD RIGHT OF WAY,39.1626703,-86.55050882
10,6,1400.0,2-Car,Incapacitating,DISREGARD SIGNAL/REG SIGN,39.16558988,-86.53488971
10,3,1100.0,2-Car,No injury/unknown,UNSAFE LANE MOVEMENT,39.167648,-86.533584
10,6,1600.0,2-Car,No injury/unknown,FAILURE TO YIELD RIGHT OF WAY,39.236288,-86.628336
10,6,1500.0,3+ Cars,No injury/unknown,FOLLOWING TOO CLOSELY,39.164752,-86.573104
10,6,2000.0,1-Car,No injury/unknown,OTHER (ENVIRONMENTAL) - EXPLAIN IN NARR,39.16420989,-86.488
10,6,2100.0,Moped/Motorcycle,Incapacitating,RAN OFF ROAD RIGHT,39.234688,-86.62792
10,7,300.0,1-Car,No injury/unknown,ANIMAL/OBJECT IN ROADWAY,39.15578923,-86.52265606
8,5,2200.0,2-Car,No injury/unknown,FAILURE TO YIELD RIGHT OF WAY,39.12144,-86.526496
8,6,1500.0,2-Car,Incapacitating,FAILURE TO YIELD RIGHT OF WAY,39.092944,-86.544
9,6,1000.0,2-Car,No injury/unknown,FAILURE TO YIELD RIGHT OF WAY,39.16144,-86.527152
9,6,900.0,2-Car,No injury/unknown,FAILURE TO YIELD RIGHT OF WAY,39.17475283,-86.51247985
9,6,1200.0,2-Car,No injury/unknown,FAILURE TO YIELD RIGHT OF WAY,39.1622103,-86.52263
9,5,1800.0,1-Car,Non-incapacitating,RAN OFF ROAD RIGHT,39.17662048,-86.5625099
9,6,1400.0,2-Car,No injury/unknown,FAILURE TO YIELD RIGHT OF WAY,39.142048,-86.582592
9,6,1500.0,2-Car,No injury/unknown,DRIVER DISTRACTED - EXPLAIN IN NARRATIVE,39.21294425,-86.5228691
9,6,1600.0,2-Car,No injury/unknown,UNSAFE BACKING,39.178848,-86.511088
9,5,1900.0,2-Car,No injury/unknown,IMPROPER TURNING,39.16443758,-86.54775367
9,6,2000.0,2-Car,No injury/unknown,,39.16548058,-86.50607675
9,6,1400.0,1-Car,No injury/unknown,INSECURE/LEAKY LOAD,39.186544,-86.537888
9,6,1500.0,Pedestrian,Incapacitating,BRAKE FAILURE OR DEFECTIVE,39.129673,-86.532737
9,6,1300.0,2-Car,No injury/unknown,UNSAFE LANE MOVEMENT,39.164448,-86.528096
9,6,1800.0,2-Car,Incapacitating,FAILURE TO YIELD RIGHT OF WAY,39.16344009,-86.55130598
8,5,1700.0,2-Car,Non-incapacitating,FOLLOWING TOO CLOSELY,39.16142978,-86.54614023
9,5,1700.0,2-Car,Incapacitating,FAILURE TO YIELD RIGHT OF WAY,39.20824,-86.554704
9,6,2200.0,2-Car,No injury/unknown,DRIVER DISTRACTED - EXPLAIN IN NARRATIVE,39.16180998,-86.56743228
9,6,2300.0,2-Car,No injury/unknown,DISREGARD SIGNAL/REG SIGN,39.148144,-86.572992
9,5,1300.0,2-Car,Non-incapacitating,LEFT OF CENTER,39.09344,-86.59384767
9,6,1300.0,2-Car,No injury/unknown,FAILURE TO YIELD RIGHT OF WAY,39.15738031,-86.53243012
9,6,900.0,2-Car,No injury/unknown,FAILURE TO YIELD RIGHT OF WAY,39.107344,-86.5264
9,7,1000.0,2-Car,Non-incapacitating,FOLLOWING TOO CLOSELY,39.173232,-86.534752
9,6,1500.0,2-Car,Non-incapacitating,FAILURE TO YIELD RIGHT OF WAY,39.16344009,-86.55128002
9,7,1400.0,2-Car,No injury/unknown,UNSAFE LANE MOVEMENT,39.170544,-86.533536
9,5,1900.0,Bus,No injury/unknown,IMPROPER PASSING,39.16427024,-86.51912972
9,7,1300.0,1-Car,No injury/unknown,OTHER (DRIVER) - EXPLAIN IN NARRATIVE,39.13621644,-86.54190159
9,7,1500.0,2-Car,No injury/unknown,OTHER (DRIVER) - EXPLAIN IN NARRATIVE,39.171648,-86.50249682
9,7,1100.0,2-Car,No injury/unknown,IMPROPER TURNING,39.16115717,-86.53485253
9,7,300.0,1-Car,No injury/unknown,LEFT OF CENTER,39.115552,-86.564592
9,6,700.0,1-Car,No injury/unknown,RAN OFF ROAD RIGHT,39.30328772,-86.48303993
9,7,1200.0,2-Car,No injury/unknown,OTHER (DRIVER) - EXPLAIN IN NARRATIVE,39.12141994,-86.53134986
9,1,2100.0,Bus,No injury/unknown,LEFT OF CENTER,39.13900321,-86.51638984
9,1,1600.0,2-Car,Non-incapacitating,FOLLOWING TOO CLOSELY,39.16424,-86.492944
9,1,1600.0,2-Car,No injury/unknown,IMPROPER TURNING,39.16425012,-86.52008995
9,1,2300.0,1-Car,Non-incapacitating,RAN OFF ROAD RIGHT,39.208048,-86.528704
9,1,1300.0,2-Car,No injury/unknown,OTHER (VEHICLE) - EXPLAIN IN NARRATIVE,39.16664,-86.528192
9,2,1200.0,3+ Cars,Incapacitating,FOLLOWING TOO CLOSELY,39.13704,-86.575296
9,6,1500.0,2-Car,No injury/unknown,FAILURE TO YIELD RIGHT OF WAY,39.12221146,-86.57353973
9,7,1500.0,2-Car,No injury/unknown,UNSAFE BACKING,39.1672425,-86.54742971
9,2,1700.0,2-Car,No injury/unknown,FOLLOWING TOO CLOSELY,39.166672,-86.538608
9,3,0.0,2-Car,No injury/unknown,UNSAFE BACKING,39.16435494,-86.509296
9,2,1100.0,2-Car,No injury/unknown,FOLLOWING TOO CLOSELY,39.13704,-86.582512
9,2,900.0,2-Car,No injury/unknown,UNSAFE BACKING,39.15334174,-86.52360065
9,3,800.0,2-Car,No injury/unknown,DISREGARD SIGNAL/REG SIGN,39.164752,-86.573104
9,3,1600.0,2-Car,No injury/unknown,FAILURE TO YIELD RIGHT OF WAY,39.186544,-86.537888
9,3,1500.0,2-Car,No injury/unknown,FAILURE TO YIELD RIGHT OF WAY,39.16089073,-86.53485679
9,3,1700.0,2-Car,No injury/unknown,FAILURE TO YIELD RIGHT OF WAY,39.23421196,-86.62564939
9,3,1300.0,2-Car,No injury/unknown,IMPROPER TURNING,39.17157747,-86.51808392
9,3,1500.0,2-Car,No injury/unknown,FOLLOWING TOO CLOSELY,39.23457579,-86.62613173
9,3,1600.0,2-Car,No injury/unknown,WRONG WAY ON ONE WAY,39.16315913,-86.52214653
9,3,1600.0,2-Car,Non-incapacitating,FAILURE TO YIELD RIGHT OF WAY,39.157248,-86.559792
9,3,2100.0,2-Car,No injury/unknown,FAILURE TO YIELD RIGHT OF WAY,39.160944,-86.497696
9,3,2300.0,Pedestrian,Incapacitating,PEDESTRIAN ACTION,39.16424001,-86.48614805
9,4,1000.0,2-Car,No injury/unknown,LEFT OF CENTER,39.168192,-86.49504
9,3,600.0,2-Car,No injury/unknown,UNSAFE BACKING,39.14186096,-86.5799179
9,4,1200.0,2-Car,No injury/unknown,FOLLOWING TOO CLOSELY,39.161568,-86.542096
9,4,1200.0,2-Car,No injury/unknown,ROADWAY SURFACE CONDITION,39.149552,-86.575936
9,4,1200.0,2-Car,Non-incapacitating,FOLLOWING TOO CLOSELY,39.14327171,-86.5768703
9,4,1400.0,2-Car,No injury/unknown,FOLLOWING TOO CLOSELY,39.186368,-86.5344
9,4,1500.0,2-Car,No injury/unknown,BRAKE FAILURE OR DEFECTIVE,39.208048,-86.528704
9,4,1500.0,2-Car,No injury/unknown,FOLLOWING TOO CLOSELY,39.17012768,-86.50154382
9,7,1600.0,2-Car,No injury/unknown,FOLLOWING TOO CLOSELY,39.136848,-86.593792
9,4,1800.0,1-Car,No injury/unknown,RAN OFF ROAD RIGHT,38.95078827,-86.42645263
9,3,1300.0,2-Car,No injury/unknown,IMPROPER LANE USAGE,39.16659974,-86.53488032
9,4,1400.0,2-Car,Incapacitating,FAILURE TO YIELD RIGHT OF WAY,39.107344,-86.5264
9,4,1400.0,2-Car,No injury/unknown,FOLLOWING TOO CLOSELY,39.168656,-86.534784
9,4,1500.0,2-Car,Incapacitating,FAILURE TO YIELD RIGHT OF WAY,39.150352,-86.471296
9,4,1500.0,1-Car,No injury/unknown,RAN OFF ROAD RIGHT,38.9864303,-86.40089631
9,4,2200.0,2-Car,No injury/unknown,FAILURE TO YIELD RIGHT OF WAY,39.160944,-86.497696
9,4,1400.0,2-Car,No injury/unknown,UNSAFE SPEED,39.171616,-86.5224
9,5,700.0,2-Car,No injury/unknown,FAILURE TO YIELD RIGHT OF WAY,39.16121507,-86.49775284
9,4,1200.0,2-Car,No injury/unknown,UNSAFE BACKING,39.165648,-86.529488
9,5,900.0,2-Car,No injury/unknown,OTHER (DRIVER) - EXPLAIN IN NARRATIVE,39.189248,-86.531472
9,4,1400.0,2-Car,No injury/unknown,LEFT OF CENTER,38.95254318,-86.67140007
9,5,1100.0,2-Car,No injury/unknown,OTHER (DRIVER) - EXPLAIN IN NARRATIVE,39.16664112,-86.53486029
8,2,1600.0,2-Car,No injury/unknown,FAILURE TO YIELD RIGHT OF WAY,39.12144,-86.526496
8,3,1500.0,1-Car,Incapacitating,UNSAFE SPEED,39.29268509,-86.66157382
8,4,2000.0,2-Car,No injury/unknown,,39.14894812,-86.56257279
9,3,1500.0,2-Car,No injury/unknown,FAILURE TO YIELD RIGHT OF WAY,39.099792,-86.498448
9,3,2100.0,1-Car,No injury/unknown,RAN OFF ROAD RIGHT,39.086544,-86.6384
9,3,1000.0,2-Car,No injury/unknown,OTHER (DRIVER) - EXPLAIN IN NARRATIVE,39.14186,-86.579917
9,4,1500.0,2-Car,No injury/unknown,FOLLOWING TOO CLOSELY,39.13704,-86.577504
9,5,1700.0,2-Car,Incapacitating,FAILURE TO YIELD RIGHT OF WAY,39.14240018,-86.55080996
9,5,1700.0,Cyclist,Incapacitating,IMPROPER PASSING,39.173552,-86.515488
9,5,1400.0,Pedestrian,Non-incapacitating,IMPROPER TURNING,39.16921765,-86.51598578
9,5,1900.0,2-Car,No injury/unknown,UNSAFE LANE MOVEMENT,39.164448,-86.528096
9,5,1300.0,2-Car,No injury/unknown,FAILURE TO YIELD RIGHT OF WAY,39.17344,-86.523616
9,5,1300.0,2-Car,No injury/unknown,OTHER (DRIVER) - EXPLAIN IN NARRATIVE,39.16865861,-86.53356767
9,5,1900.0,1-Car,No injury/unknown,UNSAFE BACKING,39.13180829,-86.58251057
9,6,300.0,1-Car,No injury/unknown,ANIMAL/OBJECT IN ROADWAY,39.01869961,-86.53642581
9,6,800.0,2-Car,No injury/unknown,FOLLOWING TOO CLOSELY,39.150544,-86.511088
9,4,1600.0,2-Car,No injury/unknown,SPEED TOO FAST FOR WEATHER CONDITIONS,39.231152,-86.6308
9,6,1100.0,1-Car,No injury/unknown,RAN OFF ROAD RIGHT,39.208048,-86.528704
9,6,1200.0,2-Car,No injury/unknown,SPEED TOO FAST FOR WEATHER CONDITIONS,39.176848,-86.478192
9,6,1100.0,2-Car,No injury/unknown,SPEED TOO FAST FOR WEATHER CONDITIONS,39.17984,-86.507088
9,6,1100.0,2-Car,No injury/unknown,UNSAFE LANE MOVEMENT,39.16425012,-86.52008995
9,6,1400.0,2-Car,No injury/unknown,ROADWAY SURFACE CONDITION,39.176848,-86.478192
9,6,1500.0,2-Car,No injury/unknown,FOLLOWING TOO CLOSELY,39.17157638,-86.51798237
9,6,1300.0,3+ Cars,Incapacitating,FOLLOWING TOO CLOSELY,39.164304,-86.505792
9,6,1000.0,2-Car,No injury/unknown,UNSAFE LANE MOVEMENT,39.11516902,-86.5640865
9,6,1500.0,1-Car,Non-incapacitating,SPEED TOO FAST FOR WEATHER CONDITIONS,39.208048,-86.528704
9,6,1000.0,2-Car,No injury/unknown,IMPROPER TURNING,39.172144,-86.509392
9,6,1500.0,2-Car,No injury/unknown,FOLLOWING TOO CLOSELY,39.14719999,-86.58259011
9,6,1800.0,2-Car,No injury/unknown,FAILURE TO YIELD RIGHT OF WAY,39.16144,-86.5336
9,6,1800.0,1-Car,No injury/unknown,UNSAFE BACKING,39.16389465,-86.52137756
9,6,1800.0,2-Car,No injury/unknown,FAILURE TO YIELD RIGHT OF WAY,39.136144,-86.528688
9,6,1300.0,2-Car,No injury/unknown,FAILURE TO YIELD RIGHT OF WAY,39.185392,-86.537856
9,5,1700.0,2-Car,No injury/unknown,FOLLOWING TOO CLOSELY,39.13701509,-86.5935121
9,6,1800.0,1-Car,No injury/unknown,RAN OFF ROAD RIGHT,39.1055118,-86.58258005
9,6,1800.0,2-Car,No injury/unknown,FAILURE TO YIELD RIGHT OF WAY,39.150352,-86.471296
9,6,1600.0,2-Car,No injury/unknown,BRAKE FAILURE OR DEFECTIVE,39.176848,-86.478192
9,6,1100.0,2-Car,No injury/unknown,UNSAFE LANE MOVEMENT,39.16425012,-86.52008995
9,6,2000.0,2-Car,No injury/unknown,FOLLOWING TOO CLOSELY,39.171552,-86.515728
9,6,1100.0,2-Car,No injury/unknown,SPEED TOO FAST FOR WEATHER CONDITIONS,39.18666077,-86.54194208
9,3,600.0,2-Car,No injury/unknown,FAILURE TO YIELD RIGHT OF WAY,39.121648,-86.539088
9,3,1300.0,1-Car,No injury/unknown,ANIMAL/OBJECT IN ROADWAY,39.08413996,-86.66274391
9,5,1900.0,1-Car,No injury/unknown,RAN OFF ROAD RIGHT,39.22798102,-86.43392536
9,7,1000.0,3+ Cars,Incapacitating,FOLLOWING TOO CLOSELY,39.17735176,-86.56144328
9,7,1400.0,3+ Cars,Non-incapacitating,FOLLOWING TOO CLOSELY,39.16140027,-86.5387049
9,7,1400.0,2-Car,No injury/unknown,FOLLOWING TOO CLOSELY,39.148064,-86.526912
9,7,1400.0,Moped/Motorcycle,Non-incapacitating,FAILURE TO YIELD RIGHT OF WAY,39.163328,-86.525808
9,7,1200.0,2-Car,Incapacitating,FAILURE TO YIELD RIGHT OF WAY,39.136848,-86.606
9,7,1600.0,2-Car,No injury/unknown,FOLLOWING TOO CLOSELY,39.21467972,-86.59262847
9,7,1700.0,3+ Cars,Incapacitating,FOLLOWING TOO CLOSELY,39.150752,-86.523696
9,7,1900.0,2-Car,No injury/unknown,FAILURE TO YIELD RIGHT OF WAY,39.176,-86.530896
9,7,300.0,2-Car,No injury/unknown,LEFT OF CENTER,39.20752912,-86.53700999
9,7,600.0,1-Car,No injury/unknown,RAN OFF ROAD RIGHT,39.26976,-86.5476
9,7,2000.0,2-Car,Non-incapacitating,FAILURE TO YIELD RIGHT OF WAY,39.12936,-86.604336
9,7,2000.0,3+ Cars,Incapacitating,FOLLOWING TOO CLOSELY,39.176544,-86.5624
9,7,2000.0,2-Car,No injury/unknown,IMPROPER PASSING,39.17914376,-86.52825795
9,7,2100.0,3+ Cars,No injury/unknown,IMPROPER TURNING,39.175152,-86.518992
9,7,1800.0,2-Car,No injury/unknown,IMPROPER LANE USAGE,39.164048,-86.5284
9,6,2300.0,1-Car,Non-incapacitating,RAN OFF ROAD RIGHT,39.01211992,-86.54903362
9,7,2000.0,2-Car,No injury/unknown,UNSAFE BACKING,39.167648,-86.533584
9,1,1700.0,2-Car,No injury/unknown,FAILURE TO YIELD RIGHT OF WAY,39.171696,-86.529696
9,5,1200.0,1-Car,No injury/unknown,RAN OFF ROAD RIGHT,39.141648,-86.6428
9,7,1800.0,Moped/Motorcycle,Incapacitating,ROADWAY SURFACE CONDITION,39.12235033,-86.57627895
9,1,1800.0,2-Car,No injury/unknown,FAILURE TO YIELD RIGHT OF WAY,39.164352,-86.5088
9,2,800.0,2-Car,No injury/unknown,UNSAFE LANE MOVEMENT,39.164448,-86.528096
8,4,800.0,1-Car,No injury/unknown,RAN OFF ROAD RIGHT,39.05202144,-86.40841667
9,2,800.0,2-Car,No injury/unknown,OTHER (DRIVER) - EXPLAIN IN NARRATIVE,39.13597025,-86.5311098
9,2,1000.0,2-Car,Non-incapacitating,OTHER (DRIVER) - EXPLAIN IN NARRATIVE,39.176544,-86.5624
9,2,1200.0,2-Car,No injury/unknown,FAILURE TO YIELD RIGHT OF WAY,39.168656,-86.534784
9,7,1500.0,Moped/Motorcycle,No injury/unknown,SPEED TOO FAST FOR WEATHER CONDITIONS,39.02483704,-86.40536989
9,7,1500.0,1-Car,No injury/unknown,SPEED TOO FAST FOR WEATHER CONDITIONS,39.02483704,-86.40536989
9,2,1400.0,Moped/Motorcycle,Non-incapacitating,DISREGARD SIGNAL/REG SIGN,39.150544,-86.5336
9,2,1700.0,2-Car,No injury/unknown,FAILURE TO YIELD RIGHT OF WAY,39.169552,-86.53080686
9,6,1400.0,2-Car,Fatal,LEFT OF CENTER,39.10070877,-86.42868575
9,3,100.0,2-Car,No injury/unknown,OTHER (DRIVER) - EXPLAIN IN NARRATIVE,39.160304,-86.52256
9,2,1100.0,2-Car,No injury/unknown,OVERCORRECTING/OVERSTEERING,39.16423861,-86.49522852
9,3,800.0,2-Car,No injury/unknown,OTHER (DRIVER) - EXPLAIN IN NARRATIVE,39.17081214,-86.53109505
9,3,900.0,2-Car,No injury/unknown,UNSAFE SPEED,39.1716,-86.520896
9,3,800.0,3+ Cars,Incapacitating,FAILURE TO YIELD RIGHT OF WAY,39.12144005,-86.51157997
9,3,800.0,2-Car,No injury/unknown,FAILURE TO YIELD RIGHT OF WAY,39.178992,-86.537792
9,3,1000.0,2-Car,No injury/unknown,UNSAFE BACKING,39.12821665,-86.50074921
9,2,2000.0,2-Car,No injury/unknown,UNSAFE BACKING,39.17895065,-86.52955121
9,6,1400.0,Moped/Motorcycle,No injury/unknown,SPEED TOO FAST FOR WEATHER CONDITIONS,39.14285999,-86.53976999
9,3,1600.0,3+ Cars,No injury/unknown,FOLLOWING TOO CLOSELY,39.167648,-86.500096
9,3,1600.0,2-Car,No injury/unknown,FOLLOWING TOO CLOSELY,39.1716,-86.520896
9,3,1700.0,3+ Cars,Incapacitating,FAILURE TO YIELD RIGHT OF WAY,39.171504,-86.495312
9,3,1900.0,2-Car,Incapacitating,FAILURE TO YIELD RIGHT OF WAY,39.16464,-86.534816
9,2,1800.0,Bus,No injury/unknown,FOLLOWING TOO CLOSELY,39.16664,-86.5324
9,3,1300.0,1-Car,No injury/unknown,UNSAFE BACKING,39.16500473,-86.47569274
9,3,1400.0,1-Car,No injury/unknown,RAN OFF ROAD RIGHT,39.2650628,-86.44043949
9,4,900.0,Cyclist,Incapacitating,FAILURE TO YIELD RIGHT OF WAY,39.16427024,-86.51912972
9,4,1300.0,2-Car,No injury/unknown,FAILURE TO YIELD RIGHT OF WAY,39.16312024,-86.52590028
9,7,1700.0,2-Car,No injury/unknown,OTHER (DRIVER) - EXPLAIN IN NARRATIVE,39.148464,-86.471256
9,7,2200.0,1-Car,No injury/unknown,OTHER (DRIVER) - EXPLAIN IN NARRATIVE,39.17168,-86.528256
9,4,1500.0,2-Car,No injury/unknown,FAILURE TO YIELD RIGHT OF WAY,39.173216,-86.536
9,4,600.0,2-Car,No injury/unknown,UNSAFE BACKING,39.16426743,-86.50104686
8,7,300.0,2-Car,No injury/unknown,FOLLOWING TOO CLOSELY,39.172752,-86.482288
9,4,1700.0,2-Car,No injury/unknown,FOLLOWING TOO CLOSELY,39.13758929,-86.57290278
9,5,800.0,2-Car,No injury/unknown,OTHER (ENVIRONMENTAL) - EXPLAIN IN NARR,39.170144,-86.476192
9,5,900.0,2-Car,No injury/unknown,UNSAFE BACKING,39.164848,-86.5761011
9,5,1000.0,1-Car,No injury/unknown,OBSTRUCTION NOT MARKED,39.17196013,-86.5829797
9,5,900.0,2-Car,Incapacitating,FAILURE TO YIELD RIGHT OF WAY,39.16691778,-86.49492168
9,7,1500.0,2-Car,No injury/unknown,UNSAFE BACKING,39.16456,-86.5550845
9,5,900.0,2-Car,Non-incapacitating,FAILURE TO YIELD RIGHT OF WAY,39.16768,-86.538592
9,3,1600.0,2-Car,No injury/unknown,FAILURE TO YIELD RIGHT OF WAY,39.186352,-86.592896
9,5,1300.0,2-Car,No injury/unknown,FOLLOWING TOO CLOSELY,39.157248,-86.559792
9,5,700.0,1-Car,No injury/unknown,ANIMAL/OBJECT IN ROADWAY,39.151552,-86.389584
9,5,700.0,2-Car,No injury/unknown,ANIMAL/OBJECT IN ROADWAY,39.20132026,-86.61140133