Month,Day,Hour,Collision Type,Injury Type,Primary Factor,Latitude,Longitude
9,5,1700.0,2-Car,Incapacitating,FOLLOWING TOO CLOSELY,39.17157993,-86.51247985
9,5,1700.0,3+ Cars,No injury/unknown,FOLLOWING TOO CLOSELY,39.1790197,-86.52249991
9,3,1600.0,3+ Cars,No injury/unknown,FOLLOWING TOO CLOSELY,39.14179032,-86.58321159
9,3,2100.0,1-Car,No injury/unknown,RAN OFF ROAD RIGHT,39.07208387,-86.67344892
9,6,1100.0,2-Car,No injury/unknown,FOLLOWING TOO CLOSELY,39.198144,-86.542096
9,5,1500.0,1-Car,No injury/unknown,OTHER (DRIVER) - EXPLAIN IN NARRATIVE,39.15903026,-86.59177738
9,6,1200.0,2-Car,No injury/unknown,FOLLOWING TOO CLOSELY,39.164752,-86.573104
9,6,1300.0,2-Car,No injury/unknown,UNSAFE LANE MOVEMENT,39.17168,-86.52802971
9,6,1400.0,2-Car,No injury/unknown,FAILURE TO YIELD RIGHT OF WAY,39.171712,-86.530992
9,7,2300.0,1-Car,No injury/unknown,ANIMAL/OBJECT IN ROADWAY,38.99338926,-86.53726441
9,6,2200.0,Bus,No injury/unknown,OVERSIZE/OVERWEIGHT LOAD,39.16711003,-86.51624299
9,6,2200.0,2-Car,No injury/unknown,IMPROPER TURNING,39.18357086,-86.52965545
9,6,1000.0,2-Car,Incapacitating,FOLLOWING TOO CLOSELY,39.17904,-86.53155377
9,7,1500.0,2-Car,No injury/unknown,FOLLOWING TOO CLOSELY,39.142048,-86.582592
9,6,1700.0,2-Car,No injury/unknown,CELL PHONE USAGE,39.136144,-86.523744
9,7,1600.0,2-Car,No injury/unknown,UNSAFE LANE MOVEMENT,39.170544,-86.526992
9,6,1300.0,2-Car,Non-incapacitating,FAILURE TO YIELD RIGHT OF WAY,39.165968,-86.564992
9,6,1500.0,2-Car,No injury/unknown,FOLLOWING TOO CLOSELY,39.32635039,-86.51470169
9,6,1800.0,2-Car,No injury/unknown,UNSAFE BACKING,39.14186096,-86.5799179
9,1,1300.0,2-Car,No injury/unknown,UNSAFE LANE MOVEMENT,39.171744,-86.534768
9,1,1300.0,2-Car,No injury/unknown,FOLLOWING TOO CLOSELY,39.21253345,-86.58870047
9,1,1500.0,2-Car,No injury/unknown,,39.164848,-86.57464947
9,1,1600.0,2-Car,No injury/unknown,FOLLOWING TOO CLOSELY,39.175152,-86.518992
9,1,1600.0,2-Car,No injury/unknown,,39.178848,-86.511088
9,1,1300.0,2-Car,No injury/unknown,FOLLOWING TOO CLOSELY,39.16387512,-86.6342742
9,1,800.0,2-Car,No injury/unknown,RAN OFF ROAD RIGHT,39.21033428,-86.46288496
9,7,1300.0,2-Car,No injury/unknown,UNSAFE LANE MOVEMENT,39.169552,-86.534784
9,2,700.0,2-Car,Incapacitating,FAILURE TO YIELD RIGHT OF WAY,39.15335029,-86.53371021
9,6,1200.0,1-Car,No injury/unknown,FAILURE TO YIELD RIGHT OF WAY,39.26932907,-86.63478088
9,2,900.0,2-Car,No injury/unknown,IMPROPER TURNING,39.16456,-86.5550845
9,2,900.0,2-Car,No injury/unknown,UNSAFE BACKING,39.23186409,-86.53349103
9,2,1100.0,1-Car,No injury/unknown,OBSTRUCTION NOT MARKED,39.1676,-86.516168
9,2,1100.0,2-Car,No injury/unknown,DISREGARD SIGNAL/REG SIGN,39.16313969,-86.52727022
9,2,1100.0,2-Car,No injury/unknown,IMPROPER TURNING,39.167744,-86.526928
9,5,1700.0,2-Car,No injury/unknown,UNSAFE BACKING,39.145264,-86.577616
9,2,1400.0,2-Car,No injury/unknown,FAILURE TO YIELD RIGHT OF WAY,39.18112,-86.530816
9,2,800.0,2-Car,No injury/unknown,UNSAFE BACKING,39.168752,-86.5436
9,2,700.0,1-Car,No injury/unknown,ANIMAL/OBJECT IN ROADWAY,39.17662048,-86.56252288
9,2,1600.0,Cyclist,No injury/unknown,FAILURE TO YIELD RIGHT OF WAY,39.16677006,-86.52263281
9,2,1500.0,2-Car,No injury/unknown,FAILURE TO YIELD RIGHT OF WAY,39.175984,-86.534736
9,2,1900.0,Pedestrian,Non-incapacitating,FAILURE TO YIELD RIGHT OF WAY,39.171728,-86.5324
9,2,1800.0,Bus,No injury/unknown,IMPROPER TURNING,39.17072,-86.4956
9,1,1800.0,2-Car,Non-incapacitating,UNSAFE LANE MOVEMENT,39.16464,-86.531024
9,2,1600.0,3+ Cars,Non-incapacitating,FOLLOWING TOO CLOSELY,39.14523295,-86.57745754
9,7,800.0,1-Car,No injury/unknown,SPEED TOO FAST FOR WEATHER CONDITIONS,39.20824,-86.554704
9,6,1700.0,2-Car,No injury/unknown,UNSAFE LANE MOVEMENT,39.148144,-86.572992
9,2,2300.0,2-Car,No injury/unknown,DRIVER DISTRACTED - EXPLAIN IN NARRATIVE,39.17158999,-86.51394031
9,2,2300.0,2-Car,No injury/unknown,FOLLOWING TOO CLOSELY,39.13992,-86.538416
9,3,700.0,2-Car,No injury/unknown,UNSAFE SPEED,39.17684691,-86.56204123
8,7,1800.0,2-Car,Non-incapacitating,FOLLOWING TOO CLOSELY,39.17599001,-86.56318363
9,3,900.0,2-Car,No injury/unknown,DRIVER DISTRACTED - EXPLAIN IN NARRATIVE,39.176544,-86.5624
9,3,1300.0,2-Car,No injury/unknown,UNSAFE LANE MOVEMENT,39.16422436,-86.49666727
9,3,1700.0,2-Car,No injury/unknown,FAILURE TO YIELD RIGHT OF WAY,39.171648,-86.524608
9,3,1600.0,2-Car,No injury/unknown,FOLLOWING TOO CLOSELY,39.148144,-86.572992
9,3,1500.0,2-Car,No injury/unknown,FAILURE TO YIELD RIGHT OF WAY,39.174368,-86.527088
9,3,1900.0,2-Car,No injury/unknown,DISREGARD SIGNAL/REG SIGN,39.173184,-86.538528
9,3,2000.0,Moped/Motorcycle,Incapacitating,UNSAFE SPEED,39.13584,-86.496288
9,3,2300.0,2-Car,No injury/unknown,FAILURE TO YIELD RIGHT OF WAY,39.171472,-86.509376
9,3,900.0,Pedestrian,Incapacitating,PEDESTRIAN ACTION,39.1694697,-86.52234032
9,4,800.0,3+ Cars,Incapacitating,FOLLOWING TOO CLOSELY,39.13637996,-86.54991429
8,2,800.0,1-Car,No injury/unknown,RAN OFF ROAD RIGHT,39.13923927,-86.40178042
9,6,1100.0,1-Car,No injury/unknown,OVERCORRECTING/OVERSTEERING,39.24128637,-86.43599068
9,6,1300.0,2-Car,No injury/unknown,UNSAFE BACKING,39.16671172,-86.59908838
9,1,800.0,2-Car,No injury/unknown,DRIVER DISTRACTED - EXPLAIN IN NARRATIVE,39.115552,-86.564592
9,4,700.0,Bus,No injury/unknown,UNSAFE BACKING,39.165888,-86.568
9,3,1700.0,2-Car,No injury/unknown,FOLLOWING TOO CLOSELY,39.1642803,-86.50968968
9,4,1000.0,1-Car,No injury/unknown,IMPROPER TURNING,39.1814028,-86.49475391
9,4,1500.0,2-Car,No injury/unknown,UNSAFE BACKING,39.17156383,-86.51814334
9,3,1400.0,2-Car,No injury/unknown,FAILURE TO YIELD RIGHT OF WAY,39.16664,-86.528192
9,4,1900.0,1-Car,No injury/unknown,ANIMAL/OBJECT IN ROADWAY,39.16032,-86.527136
9,4,1600.0,2-Car,Incapacitating,FAILURE TO YIELD RIGHT OF WAY,39.13599975,-86.52448005
9,4,900.0,2-Car,No injury/unknown,BRAKE FAILURE OR DEFECTIVE,39.16344009,-86.55127569
9,5,1100.0,2-Car,No injury/unknown,FOLLOWING TOO CLOSELY,39.163344,-86.5272
9,3,1600.0,2-Car,No injury/unknown,FAILURE TO YIELD RIGHT OF WAY,39.14978027,-86.56889006
9,3,1800.0,2-Car,No injury/unknown,UNSAFE BACKING,39.25258733,-86.677083
9,4,1400.0,2-Car,No injury/unknown,UNSAFE BACKING,39.15870285,-86.57491302
9,5,1500.0,3+ Cars,No injury/unknown,FOLLOWING TOO CLOSELY,39.171504,-86.495312
9,2,2100.0,1-Car,No injury/unknown,RAN OFF ROAD RIGHT,39.29626608,-86.648608
9,3,1600.0,2-Car,No injury/unknown,FOLLOWING TOO CLOSELY,39.13015288,-86.60311867
9,3,1700.0,2-Car,No injury/unknown,FAILURE TO YIELD RIGHT OF WAY,39.209952,-86.463392
9,4,1500.0,1-Car,No injury/unknown,RAN OFF ROAD RIGHT,39.27467975,-86.55808812
9,5,1600.0,2-Car,No injury/unknown,FAILURE TO YIELD RIGHT OF WAY,39.1632,-86.517584
9,5,1700.0,2-Car,No injury/unknown,FAILURE TO YIELD RIGHT OF WAY,39.136048,-86.536992
9,5,1700.0,3+ Cars,No injury/unknown,UNSAFE LANE MOVEMENT,39.16664,-86.462496
9,4,1700.0,2-Car,No injury/unknown,UNSAFE BACKING,39.16424,-86.4984
9,5,1900.0,3+ Cars,No injury/unknown,FOLLOWING TOO CLOSELY,39.171744,-86.53352
9,6,200.0,2-Car,No injury/unknown,OTHER (DRIVER) - EXPLAIN IN NARRATIVE,39.17264,-86.52946351
9,6,900.0,2-Car,No injury/unknown,OTHER (DRIVER) - EXPLAIN IN NARRATIVE,39.178992,-86.537792
9,6,1100.0,2-Car,No injury/unknown,FAILURE TO YIELD RIGHT OF WAY,39.18384,-86.5192
9,6,1200.0,2-Car,No injury/unknown,,39.179008,-86.525888
9,6,1800.0,2-Car,No injury/unknown,FOLLOWING TOO CLOSELY,39.171504,-86.495312
9,6,1500.0,2-Car,No injury/unknown,OTHER (VEHICLE) - EXPLAIN IN NARRATIVE,39.15056013,-86.52691014
9,6,1900.0,2-Car,No injury/unknown,FOLLOWING TOO CLOSELY,39.17156345,-86.51678644
9,6,1500.0,1-Car,No injury/unknown,ANIMAL/OBJECT IN ROADWAY,39.19704712,-86.46687098
9,6,1600.0,2-Car,No injury/unknown,IMPROPER LANE USAGE,39.26753244,-86.5228128
9,6,1400.0,2-Car,No injury/unknown,OTHER (DRIVER) - EXPLAIN IN NARRATIVE,39.16224,-86.5176
9,7,0.0,1-Car,Non-incapacitating,RAN OFF ROAD RIGHT,39.16014969,-86.51638984
9,7,900.0,2-Car,No injury/unknown,FAILURE TO YIELD RIGHT OF WAY,39.15781014,-86.52264006
9,7,1100.0,2-Car,No injury/unknown,UNSAFE BACKING,39.13914871,-86.5320816
9,6,1600.0,1-Car,Incapacitating,OTHER (ENVIRONMENTAL) - EXPLAIN IN NARR,39.11796951,-86.54026794
9,7,1300.0,1-Car,Non-incapacitating,DRIVER DISTRACTED - EXPLAIN IN NARRATIVE,39.05337208,-86.47154938
9,6,2000.0,2-Car,No injury/unknown,IMPROPER PASSING,39.19377136,-86.57111093
9,6,1400.0,1-Car,No injury/unknown,UNSAFE BACKING,39.16666514,-86.564992
9,7,2000.0,2-Car,No injury/unknown,OTHER (DRIVER) - EXPLAIN IN NARRATIVE,39.17088686,-86.534768
9,7,2000.0,2-Car,No injury/unknown,UNSAFE BACKING,39.16424,-86.492944
9,7,2300.0,2-Car,No injury/unknown,UNSAFE LANE MOVEMENT,39.16427024,-86.51772022
9,1,400.0,2-Car,No injury/unknown,UNSAFE LANE MOVEMENT,39.11172794,-86.53489977
9,1,1300.0,2-Car,No injury/unknown,DISREGARD SIGNAL/REG SIGN,39.16313969,-86.52727022
9,1,1300.0,2-Car,Incapacitating,FAILURE TO YIELD RIGHT OF WAY,39.15344,-86.5336
9,1,0.0,2-Car,No injury/unknown,OTHER (DRIVER) - EXPLAIN IN NARRATIVE,39.09961555,-86.49080387
9,1,1700.0,2-Car,No injury/unknown,IMPROPER TURNING,39.171504,-86.512288
9,1,2000.0,2-Car,No injury/unknown,FOLLOWING TOO CLOSELY,39.16425012,-86.51525996
9,1,1400.0,2-Car,Non-incapacitating,LEFT OF CENTER,39.15925987,-86.55527986
9,1,2100.0,3+ Cars,No injury/unknown,FOLLOWING TOO CLOSELY,39.176848,-86.478192
9,1,100.0,1-Car,No injury/unknown,FOLLOWING TOO CLOSELY,39.21672821,-86.59638214
9,1,1200.0,3+ Cars,No injury/unknown,DISREGARD SIGNAL/REG SIGN,39.215152,-86.5928
9,2,1400.0,2-Car,Incapacitating,DRIVER DISTRACTED - EXPLAIN IN NARRATIVE,39.1647117,-86.57190497
9,2,1700.0,2-Car,No injury/unknown,IMPROPER TURNING,39.16464,-86.5336
9,2,1700.0,Cyclist,Non-incapacitating,BRAKE FAILURE OR DEFECTIVE,39.207984,-86.529568
9,1,2100.0,2-Car,No injury/unknown,UNSAFE SPEED,39.222544,-86.5172
9,2,2000.0,2-Car,No injury/unknown,UNSAFE LANE MOVEMENT,39.181552,-86.5336
9,2,800.0,2-Car,Non-incapacitating,VIEW OBSTRUCTED,39.194144,-86.554592
9,2,1100.0,2-Car,No injury/unknown,UNSAFE BACKING,39.11060667,-86.53987031
9,2,2100.0,2-Car,No injury/unknown,DISREGARD SIGNAL/REG SIGN,39.16463589,-86.58291865
9,3,700.0,1-Car,No injury/unknown,IMPROPER LANE USAGE,39.167648,-86.500096
9,3,800.0,2-Car,Non-incapacitating,FOLLOWING TOO CLOSELY,39.1630763,-86.50995276
9,3,800.0,2-Car,No injury/unknown,LEFT OF CENTER,39.13608,-86.501216
9,3,1100.0,Bus,Incapacitating,DISREGARD SIGNAL/REG SIGN,39.150544,-86.5336
9,3,1200.0,2-Car,No injury/unknown,FOLLOWING TOO CLOSELY,39.16144,-86.534848
9,2,2100.0,2-Car,Non-incapacitating,FAILURE TO YIELD RIGHT OF WAY,39.15503003,-86.49611033
9,3,1200.0,2-Car,No injury/unknown,UNSAFE SPEED,39.17168,-86.528256
9,1,2200.0,1-Car,No injury/unknown,SPEED TOO FAST FOR WEATHER CONDITIONS,39.19982711,-86.55963587
9,3,1200.0,2-Car,Non-incapacitating,LEFT OF CENTER,39.208048,-86.528704
9,3,1400.0,2-Car,No injury/unknown,FOLLOWING TOO CLOSELY,39.16313969,-86.52727022
9,6,1600.0,2-Car,Non-incapacitating,FAILURE TO YIELD RIGHT OF WAY,39.187184,-86.551408
9,3,1400.0,2-Car,No injury/unknown,SPEED TOO FAST FOR WEATHER CONDITIONS,39.161648,-86.546128
9,3,1600.0,Bus,No injury/unknown,OTHER (DRIVER) - EXPLAIN IN NARRATIVE,39.157728,-86.542544
9,3,1700.0,2-Car,Non-incapacitating,SPEED TOO FAST FOR WEATHER CONDITIONS,39.1666677,-86.53825522
9,3,1700.0,2-Car,No injury/unknown,FAILURE TO YIELD RIGHT OF WAY,39.15932298,-86.57913006
9,3,1700.0,2-Car,Incapacitating,FAILURE TO YIELD RIGHT OF WAY,39.14882004,-86.49905003
9,3,1800.0,3+ Cars,No injury/unknown,FOLLOWING TOO CLOSELY,39.149552,-86.575936
9,3,1700.0,Cyclist,Non-incapacitating,,39.16426018,-86.51638312
9,3,1600.0,2-Car,No injury/unknown,FOLLOWING TOO CLOSELY,39.15344,-86.5336
9,3,2000.0,2-Car,No injury/unknown,UNSAFE LANE MOVEMENT,39.163152,-86.515168
9,3,1800.0,1-Car,No injury/unknown,RAN OFF ROAD RIGHT,39.273888,-86.621456
9,1,1800.0,2-Car,No injury/unknown,FOLLOWING TOO CLOSELY,38.94191831,-86.42645263
9,3,2100.0,1-Car,No injury/unknown,ANIMAL/OBJECT IN ROADWAY,39.306768,-86.476816
9,3,1200.0,2-Car,No injury/unknown,DRIVER DISTRACTED - EXPLAIN IN NARRATIVE,39.161568,-86.542096
9,5,2000.0,2-Car,No injury/unknown,UNSAFE LANE MOVEMENT,39.179248,-86.5832
9,2,900.0,2-Car,No injury/unknown,TIRE FAILURE OR DEFECTIVE,39.156896,-86.582704
9,2,1400.0,1-Car,No injury/unknown,FAILURE TO YIELD RIGHT OF WAY,39.03496933,-86.50923919
9,4,700.0,2-Car,Incapacitating,LEFT OF CENTER,39.206352,-86.557696
9,3,1200.0,Pedestrian,Non-incapacitating,OTHER (DRIVER) - EXPLAIN IN NARRATIVE,39.1666165,-86.51632212
9,4,1300.0,2-Car,Non-incapacitating,FAILURE TO YIELD RIGHT OF WAY,39.16362294,-86.49298705
9,4,1300.0,2-Car,No injury/unknown,FOLLOWING TOO CLOSELY,39.148144,-86.572992
9,4,1600.0,1-Car,No injury/unknown,RAN OFF ROAD RIGHT,39.155952,-86.550592
9,4,1100.0,1-Car,No injury/unknown,RAN OFF ROAD RIGHT,39.25862029,-86.50123704
9,4,1200.0,2-Car,No injury/unknown,UNSAFE BACKING,39.14186,-86.579917
9,4,2000.0,2-Car,No injury/unknown,UNSAFE BACKING,39.18101099,-86.52840377
9,4,1800.0,2-Car,Incapacitating,FAILURE TO YIELD RIGHT OF WAY,39.215152,-86.5928
9,4,2200.0,2-Car,No injury/unknown,UNSAFE BACKING,39.13781257,-86.52400286
9,4,2300.0,2-Car,No injury/unknown,FAILURE TO YIELD RIGHT OF WAY,39.16152,-86.538592
9,4,2100.0,2-Car,No injury/unknown,IMPROPER LANE USAGE,39.17264,-86.52880426
10,5,800.0,1-Car,Non-incapacitating,ANIMAL/OBJECT IN ROADWAY,39.35839182,-86.65402002
10,5,900.0,2-Car,No injury/unknown,FOLLOWING TOO CLOSELY,39.187344,-86.5552
10,5,1300.0,1-Car,No injury/unknown,IMPROPER TURNING,39.17887431,-86.51463227
9,2,1700.0,2-Car,No injury/unknown,FOLLOWING TOO CLOSELY,39.08787871,-86.66946046
9,3,1600.0,2-Car,No injury/unknown,FOLLOWING TOO CLOSELY,39.149552,-86.575936
10,5,1500.0,2-Car,No injury/unknown,FOLLOWING TOO CLOSELY,39.17580534,-86.56344483
9,4,1900.0,2-Car,No injury/unknown,OVERCORRECTING/OVERSTEERING,39.167664,-86.5324
10,5,1400.0,2-Car,No injury/unknown,FOLLOWING TOO CLOSELY,39.186368,-86.5344
9,4,1800.0,2-Car,No injury/unknown,IMPROPER TURNING,39.16424,-86.5161551
10,5,1600.0,2-Car,No injury/unknown,FAILURE TO YIELD RIGHT OF WAY,39.176192,-86.52712
10,5,1500.0,2-Car,No injury/unknown,FAILURE TO YIELD RIGHT OF WAY,39.14984,-86.526944
10,5,900.0,2-Car,Incapacitating,FAILURE TO YIELD RIGHT OF WAY,39.15344,-86.5336
10,6,1300.0,2-Car,No injury/unknown,UNSAFE LANE MOVEMENT,39.16439273,-86.52394958
10,6,600.0,1-Car,No injury/unknown,DRIVER ASLEEP OR FATIGUED,39.15185852,-86.38188169
9,4,2300.0,2-Car,No injury/unknown,UNSAFE BACKING,39.16304779,-86.53251647
10,6,1100.0,2-Car,No injury/unknown,FOLLOWING TOO CLOSELY,39.149552,-86.575936
10,6,1100.0,2-Car,No injury/unknown,UNSAFE LANE MOVEMENT,39.16421563,-86.49657907
10,5,1900.0,2-Car,No injury/unknown,IMPROPER TURNING,39.16424,-86.5164
10,6,1000.0,2-Car,No injury/unknown,,39.16803807,-86.57621853
10,6,1500.0,2-Car,No injury/unknown,FAILURE TO YIELD RIGHT OF WAY,39.16424,-86.495088
10,6,1700.0,2-Car,No injury/unknown,FAILURE TO YIELD RIGHT OF WAY,39.151616,-86.5324
10,6,1500.0,2-Car,No injury/unknown,FAILURE TO YIELD RIGHT OF WAY,39.177248,-86.512496
10,6,1700.0,2-Car,No injury/unknown,UNSAFE BACKING,39.171472,-86.509376
10,6,2000.0,2-Car,No injury/unknown,IMPROPER TURNING,39.148544,-86.571504
9,4,2000.0,2-Car,No injury/unknown,UNSAFE BACKING,39.12154418,-86.53386009
10,6,1800.0,2-Car,No injury/unknown,OTHER (DRIVER) - EXPLAIN IN NARRATIVE,39.16424,-86.4984
10,6,2200.0,Pedestrian,Non-incapacitating,FAILURE TO YIELD RIGHT OF WAY,39.16768,-86.530992
10,6,2100.0,2-Car,No injury/unknown,FAILURE TO YIELD RIGHT OF WAY,39.171744,-86.534768
10,6,1100.0,2-Car,No injury/unknown,FOLLOWING TOO CLOSELY,39.20704,-86.534704
10,7,900.0,2-Car,No injury/unknown,UNSAFE BACKING,39.161678,-86.524314
10,7,1200.0,2-Car,No injury/unknown,FOLLOWING TOO CLOSELY,39.186352,-86.528496
10,7,1100.0,2-Car,No injury/unknown,RAN OFF ROAD RIGHT,39.170544,-86.534768
10,6,1400.0,2-Car,No injury/unknown,FAILURE TO YIELD RIGHT OF WAY,39.15118408,-86.49629211
10,6,1900.0,2-Car,Non-incapacitating,LEFT OF CENTER,39.208048,-86.528704
10,7,1700.0,2-Car,Non-incapacitating,UNSAFE BACKING,39.142048,-86.582592
10,6,1600.0,2-Car,No injury/unknown,FOLLOWING TOO CLOSELY,39.096736,-86.512288
10,6,1800.0,1-Car,No injury/unknown,RAN OFF ROAD RIGHT,39.22039032,-86.41083184
10,5,2300.0,2-Car,No injury/unknown,UNSAFE LANE MOVEMENT,39.16664,-86.5348
10,7,2000.0,Pedestrian,Non-incapacitating,UNSAFE BACKING,39.189968,-86.52128
10,5,1700.0,2-Car,No injury/unknown,IMPROPER PASSING,39.27146912,-86.67018609
10,6,2000.0,2-Car,No injury/unknown,UNSAFE BACKING,39.14186096,-86.5799179
10,7,300.0,1-Car,Incapacitating,SPEED TOO FAST FOR WEATHER CONDITIONS,39.24065016,-86.44310024
10,1,100.0,2-Car,No injury/unknown,UNSAFE BACKING,39.16664201,-86.506992
10,1,0.0,2-Car,No injury/unknown,DISREGARD SIGNAL/REG SIGN,39.171552,-86.515728
10,1,100.0,2-Car,No injury/unknown,FAILURE TO YIELD RIGHT OF WAY,39.17141518,-86.51574311
10,1,1200.0,2-Car,Non-incapacitating,OTHER (DRIVER) - EXPLAIN IN NARRATIVE,39.186368,-86.5344
10,1,1300.0,2-Car,No injury/unknown,FOLLOWING TOO CLOSELY,39.187179,-86.533683
10,1,1400.0,2-Car,No injury/unknown,FOLLOWING TOO CLOSELY,39.17984,-86.507088
10,1,900.0,2-Car,No injury/unknown,FAILURE TO YIELD RIGHT OF WAY,39.21898572,-86.60202298
10,1,1400.0,2-Car,Non-incapacitating,FOLLOWING TOO CLOSELY,39.17157993,-86.51249715
10,1,1000.0,2-Car,No injury/unknown,UNSAFE BACKING,40.615528,-87.313484
10,1,1700.0,Moped/Motorcycle,Non-incapacitating,UNSAFE SPEED,39.14193194,-86.50846995
10,1,1800.0,2-Car,No injury/unknown,OTHER (ENVIRONMENTAL) - EXPLAIN IN NARR,39.23206327,-86.41446911
10,1,2100.0,2-Car,No injury/unknown,FOLLOWING TOO CLOSELY,39.175952,-86.53344
10,6,1500.0,2-Car,No injury/unknown,LEFT OF CENTER,39.06010496,-86.60378321
10,6,1800.0,2-Car,No injury/unknown,FOLLOWING TOO CLOSELY,39.01866987,-86.53944008
10,1,1400.0,2-Car,No injury/unknown,OTHER (DRIVER) - EXPLAIN IN NARRATIVE,39.162848,-86.53104
10,1,1700.0,2-Car,No injury/unknown,DISREGARD SIGNAL/REG SIGN,39.173232,-86.534752
10,1,100.0,1-Car,No injury/unknown,RAN OFF ROAD RIGHT,39.10841805,-86.67433354
10,1,1300.0,2-Car,No injury/unknown,FAILURE TO YIELD RIGHT OF WAY,39.173232,-86.534752
10,1,2000.0,2-Car,No injury/unknown,UNSAFE BACKING,39.10773674,-86.52556031
10,2,1700.0,2-Car,No injury/unknown,FAILURE TO YIELD RIGHT OF WAY,39.160944,-86.497696
10,2,1800.0,1-Car,No injury/unknown,OTHER (DRIVER) - EXPLAIN IN NARRATIVE,39.10782291,-86.524757
10,2,1900.0,2-Car,No injury/unknown,FOLLOWING TOO CLOSELY,39.178848,-86.511088
10,3,200.0,2-Car,No injury/unknown,OTHER (DRIVER) - EXPLAIN IN NARRATIVE,39.14186,-86.579917
9,4,1200.0,2-Car,No injury/unknown,OTHER (DRIVER) - EXPLAIN IN NARRATIVE,39.16987228,-86.57498168
10,3,1100.0,2-Car,Non-incapacitating,FOLLOWING TOO CLOSELY,39.17896,-86.521088
10,3,1000.0,Cyclist,No injury/unknown,FAILURE TO YIELD RIGHT OF WAY,39.16424,-86.4908
10,3,1600.0,2-Car,No injury/unknown,OTHER (DRIVER) - EXPLAIN IN NARRATIVE,39.15013123,-86.53823089
10,3,1600.0,2-Car,No injury/unknown,FAILURE TO YIELD RIGHT OF WAY,39.18184,-86.5284
10,6,2200.0,2-Car,No injury/unknown,OTHER (DRIVER) - EXPLAIN IN NARRATIVE,39.16283,-86.580238
10,7,200.0,1-Car,No injury/unknown,UNSAFE BACKING,39.167648,-86.534784
10,6,1100.0,1-Car,No injury/unknown,UNSAFE SPEED,39.10704,-86.523488
10,7,1200.0,2-Car,No injury/unknown,IMPROPER TURNING,39.163344,-86.5272
10,5,1700.0,2-Car,No injury/unknown,OTHER (DRIVER) - EXPLAIN IN NARRATIVE,39.16025925,-86.53553771
10,5,2100.0,3+ Cars,No injury/unknown,FOLLOWING TOO CLOSELY,39.186032,-86.51984
10,7,1700.0,2-Car,No injury/unknown,FOLLOWING TOO CLOSELY,39.171648,-86.502096
10,7,1700.0,2-Car,No injury/unknown,FAILURE TO YIELD RIGHT OF WAY,39.17904,-86.530848
10,6,1500.0,1-Car,No injury/unknown,OTHER (VEHICLE) - EXPLAIN IN NARRATIVE,39.092688,-86.483568
10,7,600.0,1-Car,Non-incapacitating,RAN OFF ROAD RIGHT,39.132144,-86.5384
10,6,1200.0,2-Car,No injury/unknown,OTHER (DRIVER) - EXPLAIN IN NARRATIVE,39.16864,-86.52916675
10,1,100.0,1-Car,No injury/unknown,UNSAFE BACKING,39.156544,-86.5336
10,1,1200.0,2-Car,No injury/unknown,UNSAFE BACKING,39.167664,-86.537296
10,4,2000.0,1-Car,No injury/unknown,ANIMAL/OBJECT IN ROADWAY,39.0146275,-86.537088
10,1,2000.0,1-Car,Non-incapacitating,UNSAFE SPEED,39.16455992,-86.56948015
10,1,2100.0,2-Car,No injury/unknown,FOLLOWING TOO CLOSELY,39.1464386,-86.57504272
10,6,1400.0,2-Car,No injury/unknown,FOLLOWING TOO CLOSELY,39.187184,-86.551408
10,1,800.0,2-Car,No injury/unknown,DISREGARD SIGNAL/REG SIGN,39.30670166,-86.5161972
10,7,1100.0,2-Car,No injury/unknown,UNSAFE BACKING,39.15417977,-86.53133115
10,2,1000.0,2-Car,No injury/unknown,UNSAFE BACKING,39.17937088,-86.5461502
10,2,1500.0,2-Car,No injury/unknown,UNSAFE BACKING,39.13836345,-86.52552276
10,2,400.0,2-Car,No injury/unknown,FAILURE TO YIELD RIGHT OF WAY,39.1704601,-86.53104007
10,2,1500.0,2-Car,No injury/unknown,FOLLOWING TOO CLOSELY,39.17015031,-86.59829981
10,2,2000.0,3+ Cars,No injury/unknown,FOLLOWING TOO CLOSELY,39.1716399,-86.52406517
10,2,1700.0,2-Car,No injury/unknown,IMPROPER TURNING,39.17250261,-86.51898354
10,2,1700.0,Moped/Motorcycle,Incapacitating,FOLLOWING TOO CLOSELY,39.17688,-86.534736
10,1,0.0,2-Car,No injury/unknown,TIRE FAILURE OR DEFECTIVE,39.18466483,-86.55597698
10,3,1100.0,Moped/Motorcycle,No injury/unknown,OTHER (DRIVER) - EXPLAIN IN NARRATIVE,39.136144,-86.51023799
10,3,1300.0,2-Car,No injury/unknown,UNSAFE LANE MOVEMENT,39.16304983,-86.51638595
10,3,1300.0,Pedestrian,Incapacitating,FAILURE TO YIELD RIGHT OF WAY,39.16555032,-86.52691014
10,3,1600.0,2-Car,Non-incapacitating,FAILURE TO YIELD RIGHT OF WAY,39.16424,-86.476096
10,3,1800.0,2-Car,No injury/unknown,UNSAFE LANE MOVEMENT,39.22377014,-86.60883578
10,2,1500.0,2-Car,No injury/unknown,FAILURE TO YIELD RIGHT OF WAY,39.07112,-86.507008
10,2,1600.0,2-Car,Incapacitating,FOLLOWING TOO CLOSELY,39.10704,-86.523488