Month,Day,Hour,Collision Type,Injury Type,Primary Factor,Latitude,Longitude
10,3,2000.0,2-Car,Non-incapacitating,FOLLOWING TOO CLOSELY,39.16092016,-86.50244973
10,3,1500.0,2-Car,No injury/unknown,FOLLOWING TOO CLOSELY,39.17950821,-86.4755809
10,3,1700.0,Pedestrian,Incapacitating,FAILURE TO YIELD RIGHT OF WAY,39.13138191,-86.58259011
10,3,2100.0,Pedestrian,Non-incapacitating,HEADLIGHT DEFECTIVE OR NOT ON,39.165648,-86.529712
10,3,1800.0,2-Car,Non-incapacitating,UNSAFE LANE MOVEMENT,39.16344009,-86.55128002
10,4,2300.0,3+ Cars,No injury/unknown,OTHER (DRIVER) - EXPLAIN IN NARRATIVE,39.14676011,-86.57113976
10,4,1100.0,2-Car,No injury/unknown,IMPROPER TURNING,39.166832,-86.550992
10,4,1200.0,2-Car,No injury/unknown,FAILURE TO YIELD RIGHT OF WAY,39.16442983,-86.55630983
10,4,1200.0,1-Car,No injury/unknown,UNSAFE LANE MOVEMENT,39.23886381,-86.5381848
10,4,1500.0,2-Car,Non-incapacitating,FAILURE TO YIELD RIGHT OF WAY,39.167664,-86.5324
10,4,1500.0,3+ Cars,No injury/unknown,FOLLOWING TOO CLOSELY,39.13264,-86.526688
10,3,1800.0,1-Car,No injury/unknown,RAN OFF ROAD RIGHT,39.212848,-86.505392
10,4,1200.0,Bus,No injury/unknown,OTHER (DRIVER) - EXPLAIN IN NARRATIVE,39.15704,-86.591696
10,4,1700.0,3+ Cars,Non-incapacitating,FAILURE TO YIELD RIGHT OF WAY,39.16459009,-86.57619975
10,3,1800.0,3+ Cars,Incapacitating,FOLLOWING TOO CLOSELY,39.136848,-86.593792
10,4,1600.0,1-Car,No injury/unknown,RAN OFF ROAD RIGHT,39.25160255,-86.40991291
10,4,2000.0,2-Car,No injury/unknown,UNSAFE BACKING,39.16424,-86.51605714
10,3,2100.0,2-Car,No injury/unknown,,39.145264,-86.577616
10,4,1400.0,2-Car,Non-incapacitating,FAILURE TO YIELD RIGHT OF WAY,39.2345848,-86.62382304
10,5,500.0,1-Car,No injury/unknown,ANIMAL/OBJECT IN ROADWAY,39.22007951,-86.55078479
10,5,1200.0,2-Car,No injury/unknown,OTHER (DRIVER) - EXPLAIN IN NARRATIVE,39.146944,-86.532544
10,5,1500.0,1-Car,No injury/unknown,OTHER (DRIVER) - EXPLAIN IN NARRATIVE,39.23539102,-86.63945697
10,5,1600.0,2-Car,No injury/unknown,FAILURE TO YIELD RIGHT OF WAY,39.166672,-86.538608
10,5,1500.0,2-Car,Incapacitating,FAILURE TO YIELD RIGHT OF WAY,39.14771374,-86.58262082
10,5,2100.0,2-Car,No injury/unknown,DRIVER DISTRACTED - EXPLAIN IN NARRATIVE,39.17164028,-86.52349971
10,6,0.0,2-Car,Incapacitating,IMPROPER LANE USAGE,39.176848,-86.478192
10,5,2300.0,1-Car,Non-incapacitating,UNSAFE SPEED,39.16664,-86.528192
10,5,1300.0,2-Car,No injury/unknown,FOLLOWING TOO CLOSELY,39.148144,-86.572992
10,5,800.0,2-Car,No injury/unknown,VIEW OBSTRUCTED,39.19074989,-86.53772024
10,2,1300.0,2-Car,No injury/unknown,FOLLOWING TOO CLOSELY,39.210144,-86.5832
9,4,1300.0,2-Car,No injury/unknown,UNSAFE BACKING,39.16464,-86.56905455
10,6,1100.0,2-Car,No injury/unknown,UNSAFE BACKING,39.15596771,-86.50253295
10,6,1200.0,2-Car,No injury/unknown,DISREGARD SIGNAL/REG SIGN,39.17264,-86.523584
10,6,1200.0,1-Car,Non-incapacitating,RAN OFF ROAD RIGHT,39.186368,-86.5344
10,6,1100.0,Cyclist,Non-incapacitating,FAILURE TO YIELD RIGHT OF WAY,39.16916292,-86.51599183
10,6,1700.0,2-Car,No injury/unknown,FOLLOWING TOO CLOSELY,39.17984,-86.507088
10,6,2000.0,1-Car,No injury/unknown,ANIMAL/OBJECT IN ROADWAY,39.15555954,-86.61056157
10,6,1500.0,3+ Cars,No injury/unknown,FOLLOWING TOO CLOSELY,39.16249847,-86.58585357
10,6,2100.0,2-Car,No injury/unknown,FOLLOWING TOO CLOSELY,39.16142978,-86.54614023
10,3,2100.0,2-Car,Incapacitating,FAILURE TO YIELD RIGHT OF WAY,39.164752,-86.573104
10,6,1000.0,2-Car,No injury/unknown,FAILURE TO YIELD RIGHT OF WAY,39.13597025,-86.5311098
10,6,1100.0,2-Car,No injury/unknown,BRAKE FAILURE OR DEFECTIVE,39.20704,-86.534704
10,7,1000.0,2-Car,Non-incapacitating,DISREGARD SIGNAL/REG SIGN,39.159344,-86.5324
10,5,1300.0,2-Car,No injury/unknown,DRIVER DISTRACTED - EXPLAIN IN NARRATIVE,39.16494012,-86.61103025
10,7,1100.0,2-Car,No injury/unknown,FAILURE TO YIELD RIGHT OF WAY,39.18056,-86.543968
10,6,2100.0,2-Car,No injury/unknown,FOLLOWING TOO CLOSELY,39.16464,-86.534816
10,7,1400.0,2-Car,No injury/unknown,UNSAFE BACKING,39.16153611,-86.53976784
10,6,1800.0,2-Car,No injury/unknown,UNSAFE BACKING,39.122288,-86.610608
10,6,2000.0,1-Car,Incapacitating,RAN OFF ROAD RIGHT,39.162656,-86.413296
10,7,1700.0,2-Car,Non-incapacitating,FAILURE TO YIELD RIGHT OF WAY,39.16291428,-86.49874114
10,7,1500.0,Pedestrian,Non-incapacitating,PEDESTRIAN ACTION,39.180352,-86.5284
10,7,1700.0,2-Car,Non-incapacitating,FOLLOWING TOO CLOSELY,39.17163022,-86.52237989
10,7,2000.0,2-Car,No injury/unknown,UNSAFE BACKING,39.16550106,-86.52684212
10,1,300.0,1-Car,No injury/unknown,RAN OFF ROAD RIGHT,39.1667878,-86.54715279
10,3,700.0,2-Car,No injury/unknown,UNSAFE LANE MOVEMENT,39.20841866,-86.5832
10,7,1400.0,2-Car,No injury/unknown,UNSAFE LANE MOVEMENT,39.16424,-86.5152
10,1,1300.0,2-Car,No injury/unknown,FAILURE TO YIELD RIGHT OF WAY,39.14251599,-86.53136998
10,5,1800.0,1-Car,Incapacitating,RAN OFF ROAD RIGHT,39.26321863,-86.66150699
10,1,1200.0,2-Car,No injury/unknown,IMPROPER TURNING,39.176848,-86.533424
10,1,1800.0,Pedestrian,Non-incapacitating,DISREGARD SIGNAL/REG SIGN,39.16664,-86.5324
10,1,1900.0,2-Car,Non-incapacitating,FAILURE TO YIELD RIGHT OF WAY,39.164544,-86.560096
10,1,1800.0,2-Car,No injury/unknown,FAILURE TO YIELD RIGHT OF WAY,39.1677418,-86.52710439
10,1,1600.0,2-Car,No injury/unknown,FAILURE TO YIELD RIGHT OF WAY,39.16424,-86.492944
10,1,900.0,2-Car,Non-incapacitating,FOLLOWING TOO CLOSELY,39.29453839,-86.522789
10,1,1300.0,1-Car,No injury/unknown,ANIMAL/OBJECT IN ROADWAY,39.121808,-86.498784
10,1,1200.0,1-Car,Non-incapacitating,RAN OFF ROAD RIGHT,39.16089693,-86.47150404
10,5,1200.0,2-Car,No injury/unknown,UNSAFE BACKING,39.17058971,-86.52572931
10,2,1600.0,2-Car,No injury/unknown,DRIVER DISTRACTED - EXPLAIN IN NARRATIVE,39.17662048,-86.56252288
10,2,1600.0,Pedestrian,Incapacitating,FAILURE TO YIELD RIGHT OF WAY,39.16540012,-86.51640996
10,7,1500.0,1-Car,No injury/unknown,OVERCORRECTING/OVERSTEERING,39.18744714,-86.62606934
10,7,1900.0,2-Car,No injury/unknown,ANIMAL/OBJECT IN ROADWAY,39.02283151,-86.53290599
10,1,1500.0,2-Car,No injury/unknown,OVERCORRECTING/OVERSTEERING,39.204448,-86.583168
10,2,1700.0,2-Car,No injury/unknown,FOLLOWING TOO CLOSELY,39.190672,-86.582992
10,2,2000.0,3+ Cars,Non-incapacitating,FOLLOWING TOO CLOSELY,39.142048,-86.582592
10,2,1900.0,2-Car,No injury/unknown,FAILURE TO YIELD RIGHT OF WAY,39.16681029,-86.50497972
10,1,1200.0,2-Car,No injury/unknown,,39.16664,-86.52932767
10,1,0.0,1-Car,No injury/unknown,ANIMAL/OBJECT IN ROADWAY,39.20686675,-86.55469409
10,1,500.0,1-Car,No injury/unknown,OTHER (DRIVER) - EXPLAIN IN NARRATIVE,39.58625592,-86.42356109
10,3,1200.0,2-Car,No injury/unknown,FAILURE TO YIELD RIGHT OF WAY,39.14874854,-86.57913006
10,3,1700.0,2-Car,No injury/unknown,UNSAFE LANE MOVEMENT,39.18081529,-86.511088
10,3,1700.0,2-Car,No injury/unknown,OTHER (ENVIRONMENTAL) - EXPLAIN IN NARR,39.1696474,-86.59230642
10,3,100.0,2-Car,No injury/unknown,OTHER (DRIVER) - EXPLAIN IN NARRATIVE,39.02558899,-86.50688934
10,2,1500.0,2-Car,Incapacitating,UNSAFE SPEED,39.18676995,-86.6112703
10,3,2200.0,2-Car,No injury/unknown,UNSAFE BACKING,39.166496,-86.571216
10,4,300.0,1-Car,No injury/unknown,DRIVER ASLEEP OR FATIGUED,39.04475397,-86.49918012
10,3,1300.0,1-Car,Incapacitating,OTHER (DRIVER) - EXPLAIN IN NARRATIVE,39.206688,-86.547456
10,3,1300.0,2-Car,No injury/unknown,FAILURE TO YIELD RIGHT OF WAY,39.173184,-86.538528
10,4,1000.0,Cyclist,Non-incapacitating,WRONG WAY ON ONE WAY,39.175952,-86.53344
10,4,1100.0,2-Car,No injury/unknown,FAILURE TO YIELD RIGHT OF WAY,39.15781014,-86.52264006
10,7,1800.0,2-Car,No injury/unknown,FAILURE TO YIELD RIGHT OF WAY,39.18635204,-86.52602555
10,4,1600.0,1-Car,Non-incapacitating,OTHER (ENVIRONMENTAL) - EXPLAIN IN NARR,39.17863846,-86.52835845
10,4,1600.0,2-Car,No injury/unknown,FOLLOWING TOO CLOSELY,39.1631179,-86.52403492
10,3,2100.0,2-Car,No injury/unknown,FOLLOWING TOO CLOSELY,39.179024,-86.5272
10,4,1600.0,2-Car,No injury/unknown,FOLLOWING TOO CLOSELY,39.16442983,-86.55630983
10,4,1700.0,2-Car,No injury/unknown,FAILURE TO YIELD RIGHT OF WAY,39.169552,-86.507056
10,4,2000.0,2-Car,Non-incapacitating,FOLLOWING TOO CLOSELY,39.16313969,-86.52727022
10,4,1600.0,2-Car,No injury/unknown,FOLLOWING TOO CLOSELY,39.164544,-86.560096
10,4,2000.0,2-Car,No injury/unknown,FAILURE TO YIELD RIGHT OF WAY,39.174048,-86.518896
10,4,2200.0,1-Car,No injury/unknown,ANIMAL/OBJECT IN ROADWAY,39.10824,-86.666192
10,4,2200.0,2-Car,No injury/unknown,DRIVER DISTRACTED - EXPLAIN IN NARRATIVE,39.179248,-86.58292
10,3,1300.0,2-Car,Incapacitating,DISREGARD SIGNAL/REG SIGN,39.194144,-86.554592
10,5,700.0,Bus,Incapacitating,FOLLOWING TOO CLOSELY,39.1526518,-86.53142587
10,5,1100.0,2-Car,No injury/unknown,UNSAFE LANE MOVEMENT,39.16464,-86.5336
10,5,1000.0,2-Car,No injury/unknown,FAILURE TO YIELD RIGHT OF WAY,39.1852,-86.541952
10,5,1200.0,2-Car,No injury/unknown,OTHER (DRIVER) - EXPLAIN IN NARRATIVE,39.159344,-86.5336
10,5,1200.0,Pedestrian,Incapacitating,DISREGARD SIGNAL/REG SIGN,39.165712,-86.5408
10,4,1600.0,2-Car,No injury/unknown,UNSAFE BACKING,39.15944,-86.55776914
10,4,1700.0,Moped/Motorcycle,No injury/unknown,UNSAFE SPEED,39.210144,-86.5832
10,5,1700.0,2-Car,No injury/unknown,FAILURE TO YIELD RIGHT OF WAY,39.26616,-86.522752
10,5,1700.0,1-Car,No injury/unknown,ANIMAL/OBJECT IN ROADWAY,39.099408,-86.537904
10,4,2300.0,1-Car,No injury/unknown,DRIVER DISTRACTED - EXPLAIN IN NARRATIVE,39.160944,-86.5024
10,6,0.0,1-Car,No injury/unknown,RAN OFF ROAD RIGHT,39.29611928,-86.65930657
10,4,900.0,2-Car,No injury/unknown,UNSAFE BACKING,39.16144,-86.5324
10,1,1400.0,2-Car,No injury/unknown,DRIVER DISTRACTED - EXPLAIN IN NARRATIVE,39.26890488,-86.52287361
10,2,1300.0,2-Car,No injury/unknown,UNSAFE LANE MOVEMENT,39.2003166,-86.58308029
10,6,1200.0,2-Car,No injury/unknown,IMPROPER LANE USAGE,39.16464,-86.5336
10,6,1500.0,Bus,No injury/unknown,FAILURE TO YIELD RIGHT OF WAY,39.13597025,-86.5311098
10,6,1400.0,2-Car,No injury/unknown,FAILURE TO YIELD RIGHT OF WAY,39.169552,-86.529696
10,5,1600.0,3+ Cars,No injury/unknown,FOLLOWING TOO CLOSELY,39.16455992,-86.57019026
10,6,1500.0,Pedestrian,Incapacitating,RAN OFF ROAD RIGHT,39.200752,-86.532592
10,6,1500.0,2-Car,No injury/unknown,FAILURE TO YIELD RIGHT OF WAY,39.185392,-86.537856
10,6,1900.0,2-Car,No injury/unknown,FAILURE TO YIELD RIGHT OF WAY,39.16424,-86.495088
10,6,2000.0,2-Car,No injury/unknown,FAILURE TO YIELD RIGHT OF WAY,39.1609899,-86.50846995
10,6,2100.0,2-Car,No injury/unknown,FAILURE TO YIELD RIGHT OF WAY,39.171744,-86.53352
10,4,1000.0,2-Car,No injury/unknown,IMPROPER TURNING,39.33315386,-86.42356109
10,6,800.0,2-Car,Incapacitating,FAILURE TO YIELD RIGHT OF WAY,39.186544,-86.537888
10,5,1000.0,2-Car,No injury/unknown,FOLLOWING TOO CLOSELY,39.13704,-86.572896
10,5,1200.0,2-Car,No injury/unknown,UNSAFE BACKING,39.133744,-86.50592
10,7,900.0,2-Car,Incapacitating,FAILURE TO YIELD RIGHT OF WAY,39.167648,-86.500096
10,6,1300.0,2-Car,Non-incapacitating,FOLLOWING TOO CLOSELY,39.171504,-86.495312
10,6,1600.0,2-Car,No injury/unknown,IMPROPER TURNING,39.164832,-86.585856
10,7,1400.0,2-Car,No injury/unknown,UNSAFE LANE MOVEMENT,39.16424,-86.4984
10,7,1400.0,2-Car,No injury/unknown,SPEED TOO FAST FOR WEATHER CONDITIONS,39.121552,-86.531296
10,7,1600.0,1-Car,Incapacitating,SPEED TOO FAST FOR WEATHER CONDITIONS,39.17863846,-86.52834115
10,7,1700.0,1-Car,No injury/unknown,IMPROPER TURNING,39.167648,-86.500096
10,7,1600.0,2-Car,No injury/unknown,SPEED TOO FAST FOR WEATHER CONDITIONS,39.20801975,-86.52873294
10,7,1600.0,2-Car,No injury/unknown,LEFT OF CENTER,39.10704,-86.523488
10,7,1700.0,2-Car,No injury/unknown,SPEED TOO FAST FOR WEATHER CONDITIONS,39.186752,-86.611504
10,7,1800.0,1-Car,No injury/unknown,RAN OFF ROAD RIGHT,39.20474008,-86.46328441
10,7,2000.0,1-Car,No injury/unknown,ANIMAL/OBJECT IN ROADWAY,39.24077593,-86.38299354
10,7,1600.0,1-Car,No injury/unknown,RAN OFF ROAD RIGHT,39.24152825,-86.68116535
10,7,1800.0,2-Car,No injury/unknown,FAILURE TO YIELD RIGHT OF WAY,39.24069106,-86.44136351
10,7,500.0,1-Car,No injury/unknown,ANIMAL/OBJECT IN ROADWAY,39.164752,-86.573104
10,1,700.0,2-Car,No injury/unknown,FAILURE TO YIELD RIGHT OF WAY,39.17856339,-86.56000817
10,7,800.0,Pedestrian,Non-incapacitating,PEDESTRIAN ACTION,39.186544,-86.537888
10,7,1500.0,2-Car,No injury/unknown,FOLLOWING TOO CLOSELY,39.16424,-86.495088
10,7,1100.0,2-Car,No injury/unknown,OTHER (DRIVER) - EXPLAIN IN NARRATIVE,39.15792,-86.52472
10,1,1500.0,2-Car,No injury/unknown,FAILURE TO YIELD RIGHT OF WAY,39.186032,-86.51984
10,1,2000.0,2-Car,Incapacitating,,39.166432,-86.4812
10,7,1500.0,2-Car,Incapacitating,OVERCORRECTING/OVERSTEERING,39.24858074,-86.52267895
10,1,1600.0,2-Car,No injury/unknown,FOLLOWING TOO CLOSELY,39.31561299,-86.51117113
10,1,1700.0,2-Car,Non-incapacitating,FOLLOWING TOO CLOSELY,39.16455992,-86.57019026
10,2,800.0,2-Car,No injury/unknown,FAILURE TO YIELD RIGHT OF WAY,39.23384,-86.624704
10,2,1100.0,2-Car,No injury/unknown,UNSAFE BACKING,39.145264,-86.577616
10,2,1200.0,2-Car,No injury/unknown,FAILURE TO YIELD RIGHT OF WAY,39.170544,-86.534768
10,1,1300.0,2-Car,No injury/unknown,UNSAFE BACKING,39.16435242,-86.61186981
10,2,1200.0,2-Car,No injury/unknown,FAILURE TO YIELD RIGHT OF WAY,39.150656,-86.5188
10,2,1700.0,2-Car,No injury/unknown,FOLLOWING TOO CLOSELY,39.1790197,-86.5210998
10,2,1700.0,2-Car,No injury/unknown,UNSAFE BACKING,39.17782679,-86.50843776
9,7,2100.0,2-Car,No injury/unknown,,39.15678,-86.546569
10,2,1900.0,2-Car,No injury/unknown,UNSAFE BACKING,39.0803238,-86.51676334
10,2,1600.0,2-Car,Non-incapacitating,FAILURE TO YIELD RIGHT OF WAY,39.16313969,-86.52727022
10,2,500.0,2-Car,No injury/unknown,FOLLOWING TOO CLOSELY,39.12936,-86.604336
10,2,1200.0,2-Car,No injury/unknown,OTHER (DRIVER) - EXPLAIN IN NARRATIVE,39.15335029,-86.53371021
10,3,800.0,2-Car,Non-incapacitating,FOLLOWING TOO CLOSELY,39.172752,-86.482288
10,3,900.0,Bus,No injury/unknown,FOLLOWING TOO CLOSELY,39.166816,-86.549488
10,6,1300.0,2-Car,No injury/unknown,FOLLOWING TOO CLOSELY,39.22319326,-86.60910588
10,3,1100.0,2-Car,No injury/unknown,FOLLOWING TOO CLOSELY,39.16424,-86.514096
10,3,1100.0,1-Car,No injury/unknown,ROADWAY SURFACE CONDITION,39.208048,-86.528704
10,3,1100.0,2-Car,No injury/unknown,OVERCORRECTING/OVERSTEERING,39.14977205,-86.56891458
11,5,800.0,1-Car,No injury/unknown,OTHER (DRIVER) - EXPLAIN IN NARRATIVE,39.23532177,-86.62544776
11,4,1500.0,2-Car,No injury/unknown,SPEED TOO FAST FOR WEATHER CONDITIONS,39.0881573,-86.66901213
11,5,1700.0,2-Car,No injury/unknown,FAILURE TO YIELD RIGHT OF WAY,39.171632,-86.52353600000001
11,5,1400.0,3+ Cars,Non-incapacitating,DRIVER DISTRACTED - EXPLAIN IN NARRATIVE,39.16026391,-86.53486682
11,5,1700.0,2-Car,No injury/unknown,FOLLOWING TOO CLOSELY,39.171552,-86.515728
11,5,1800.0,3+ Cars,No injury/unknown,FOLLOWING TOO CLOSELY,39.18662255,-86.53964972
11,6,0.0,1-Car,No injury/unknown,RAN OFF ROAD RIGHT,39.201488,-86.601968
11,5,2100.0,2-Car,No injury/unknown,FAILURE TO YIELD RIGHT OF WAY,39.15033948,-86.49132414
11,5,1100.0,2-Car,Non-incapacitating,FAILURE TO YIELD RIGHT OF WAY,39.16461021,-86.57908677
11,6,1300.0,2-Car,No injury/unknown,,39.17588806,-86.52718353
11,6,900.0,2-Car,No injury/unknown,IMPROPER TURNING,39.14185333,-86.51425933
11,4,700.0,3+ Cars,No injury/unknown,RAN OFF ROAD RIGHT,39.09947968,-86.51124579
11,6,1200.0,2-Car,No injury/unknown,UNSAFE BACKING,39.163619,-86.49514
11,6,1200.0,2-Car,Incapacitating,FAILURE TO YIELD RIGHT OF WAY,39.22312501,-86.53308995
11,4,1700.0,2-Car,No injury/unknown,UNSAFE BACKING,39.13630217,-86.53103537
11,6,1500.0,2-Car,No injury/unknown,FAILURE TO YIELD RIGHT OF WAY,39.186944,-86.5468
11,6,1600.0,2-Car,No injury/unknown,FAILURE TO YIELD RIGHT OF WAY,39.16424,-86.492944
11,6,1700.0,2-Car,No injury/unknown,FAILURE TO YIELD RIGHT OF WAY,39.16425012,-86.51525996
11,5,2100.0,2-Car,No injury/unknown,,39.172752,-86.482288
11,6,2000.0,2-Car,No injury/unknown,FOLLOWING TOO CLOSELY,39.2187363,-86.60160144
11,6,2300.0,1-Car,No injury/unknown,ANIMAL/OBJECT IN ROADWAY,39.15156773,-86.38607313
10,3,1200.0,2-Car,No injury/unknown,FOLLOWING TOO CLOSELY,39.15993981,-86.55382007
10,3,1500.0,1-Car,Non-incapacitating,IMPROPER TURNING,39.164448,-86.471888
10,3,1700.0,2-Car,Non-incapacitating,FOLLOWING TOO CLOSELY,39.14872891,-86.57591446
10,3,1500.0,2-Car,No injury/unknown,FOLLOWING TOO CLOSELY,39.16664,-86.5336
10,3,1800.0,2-Car,Incapacitating,SPEED TOO FAST FOR WEATHER CONDITIONS,39.186544,-86.537888
10,3,1900.0,2-Car,Non-incapacitating,SPEED TOO FAST FOR WEATHER CONDITIONS,39.1723724,-86.51562955
10,3,1900.0,2-Car,No injury/unknown,IMPROPER TURNING,39.171744,-86.534768
10,3,1800.0,2-Car,No injury/unknown,DRIVER DISTRACTED - EXPLAIN IN NARRATIVE,39.16312024,-86.52261432
10,2,1900.0,2-Car,Incapacitating,DISREGARD SIGNAL/REG SIGN,39.186544,-86.537888
10,3,2000.0,2-Car,No injury/unknown,,39.193952,-86.533296
10,3,2000.0,2-Car,Non-incapacitating,SPEED TOO FAST FOR WEATHER CONDITIONS,39.15050983,-86.51106029
10,3,1400.0,2-Car,No injury/unknown,BRAKE FAILURE OR DEFECTIVE,39.175952,-86.53344
10,3,1900.0,3+ Cars,No injury/unknown,SPEED TOO FAST FOR WEATHER CONDITIONS,39.164688,-86.5712
10,4,1000.0,2-Car,No injury/unknown,FOLLOWING TOO CLOSELY,39.16424,-86.4984
10,4,700.0,2-Car,Incapacitating,OTHER (DRIVER) - EXPLAIN IN NARRATIVE,39.15379018,-86.53875008
10,4,1000.0,2-Car,No injury/unknown,FOLLOWING TOO CLOSELY,39.16074984,-86.54850997
10,3,1600.0,2-Car,No injury/unknown,SPEED TOO FAST FOR WEATHER CONDITIONS,39.15344,-86.5336
10,4,1300.0,2-Car,No injury/unknown,BRAKE FAILURE OR DEFECTIVE,39.17984,-86.507088
10,3,1400.0,2-Car,Incapacitating,DISREGARD SIGNAL/REG SIGN,39.164752,-86.573104
10,2,1400.0,2-Car,No injury/unknown,FAILURE TO YIELD RIGHT OF WAY,39.14184549,-86.5830501
10,3,1700.0,2-Car,No injury/unknown,SPEED TOO FAST FOR WEATHER CONDITIONS,39.12141648,-86.53135125
10,3,1900.0,1-Car,Non-incapacitating,RAN OFF ROAD RIGHT,39.24442432,-86.52650724
10,4,1400.0,2-Car,No injury/unknown,SPEED TOO FAST FOR WEATHER CONDITIONS,39.15064,-86.52696
10,4,1600.0,Pedestrian,Incapacitating,FAILURE TO YIELD RIGHT OF WAY,39.173552,-86.515488
10,4,2000.0,1-Car,Incapacitating,DRIVER DISTRACTED - EXPLAIN IN NARRATIVE,39.16664,-86.528192
10,5,800.0,2-Car,No injury/unknown,FOLLOWING TOO CLOSELY,39.16464,-86.5336
10,4,800.0,2-Car,No injury/unknown,FOLLOWING TOO CLOSELY,39.15802002,-86.55759997
10,5,1600.0,2-Car,No injury/unknown,FAILURE TO YIELD RIGHT OF WAY,39.176944,-86.528272
10,5,2200.0,2-Car,No injury/unknown,FOLLOWING TOO CLOSELY,39.17984,-86.507088
10,5,2100.0,2-Car,No injury/unknown,UNSAFE BACKING,39.189248,-86.531472
10,5,2300.0,2-Car,No injury/unknown,UNSAFE BACKING,39.17549998,-86.5360102
10,6,800.0,Bus,No injury/unknown,RAN OFF ROAD RIGHT,39.136144,-86.5268
10,5,1400.0,2-Car,No injury/unknown,FAILURE TO YIELD RIGHT OF WAY,39.24949408,-86.65024812
10,6,900.0,2-Car,Non-incapacitating,DISREGARD SIGNAL/REG SIGN,39.15747017,-86.53869979
10,6,1000.0,2-Car,No injury/unknown,,39.16987228,-86.57498168
10,6,1400.0,2-Car,Non-incapacitating,FOLLOWING TOO CLOSELY,39.1642803,-86.50968968
10,6,1400.0,3+ Cars,No injury/unknown,FOLLOWING TOO CLOSELY,39.16311018,-86.52403877
10,5,100.0,1-Car,No injury/unknown,IMPROPER LANE USAGE,39.13603116,-86.518496
10,6,1300.0,2-Car,No injury/unknown,FOLLOWING TOO CLOSELY,39.173184,-86.538528
10,5,2100.0,2-Car,No injury/unknown,UNSAFE LANE MOVEMENT,39.16619692,-86.52687456
10,6,2000.0,3+ Cars,No injury/unknown,FOLLOWING TOO CLOSELY,39.171504,-86.495312
10,6,1400.0,2-Car,No injury/unknown,,39.166848,-86.4928
10,6,1700.0,2-Car,No injury/unknown,FOLLOWING TOO CLOSELY,39.123856,-86.526656
10,6,2100.0,2-Car,Non-incapacitating,FAILURE TO YIELD RIGHT OF WAY,39.17168,-86.527024
10,6,2300.0,2-Car,No injury/unknown,DISREGARD SIGNAL/REG SIGN,39.16424,-86.4984
10,6,2300.0,Pedestrian,Non-incapacitating,PEDESTRIAN ACTION,39.16304983,-86.51638984
10,7,400.0,1-Car,No injury/unknown,HOLES/RUTS IN SURFACE,39.22788754,-86.60496175
10,7,900.0,1-Car,No injury/unknown,OTHER (DRIVER) - EXPLAIN IN NARRATIVE,39.15496029,-86.56322993
10,5,1600.0,2-Car,No injury/unknown,UNSAFE BACKING,39.14486311,-86.59636996
10,5,1400.0,2-Car,No injury/unknown,FOLLOWING TOO CLOSELY,39.105552,-86.551104
10,5,1600.0,3+ Cars,Incapacitating,FOLLOWING TOO CLOSELY,39.13591678,-86.59513562
10,5,100.0,1-Car,No injury/unknown,IMPROPER TURNING,39.136048,-86.518496
10,7,1900.0,2-Car,Non-incapacitating,FAILURE TO YIELD RIGHT OF WAY,39.17168,-86.527024
10,7,2000.0,2-Car,No injury/unknown,FAILURE TO YIELD RIGHT OF WAY,39.166656,-86.537296
10,7,2000.0,1-Car,No injury/unknown,OTHER (DRIVER) - EXPLAIN IN NARRATIVE,39.167696,-86.5436
10,7,2000.0,2-Car,No injury/unknown,FAILURE TO YIELD RIGHT OF WAY,39.164272,-86.501488
11,1,100.0,2-Car,No injury/unknown,FAILURE TO YIELD RIGHT OF WAY,39.17168,-86.527024
11,1,0.0,1-Car,No injury/unknown,SPEED TOO FAST FOR WEATHER CONDITIONS,39.18104,-86.5284
11,1,100.0,1-Car,No injury/unknown,SPEED TOO FAST FOR WEATHER CONDITIONS,39.166768,-86.5452
10,7,2300.0,2-Car,No injury/unknown,FAILURE TO YIELD RIGHT OF WAY,39.16464,-86.5324
11,1,1300.0,2-Car,No injury/unknown,IMPROPER TURNING,39.14445341,-86.51739825
11,1,1700.0,2-Car,No injury/unknown,FOLLOWING TOO CLOSELY,38.96016476,-86.53102874
11,1,1500.0,2-Car,No injury/unknown,,39.180675,-86.53162494
11,1,1700.0,2-Car,No injury/unknown,FOLLOWING TOO CLOSELY,39.16344009,-86.55128002
10,4,2100.0,1-Car,No injury/unknown,UNSAFE BACKING,39.12535477,-86.55380249
11,1,2100.0,1-Car,No injury/unknown,ANIMAL/OBJECT IN ROADWAY,39.23852734,-86.62993739
11,1,100.0,1-Car,No injury/unknown,SPEED TOO FAST FOR WEATHER CONDITIONS,39.17234033,-86.50966018
11,2,700.0,2-Car,No injury/unknown,FOLLOWING TOO CLOSELY,39.136144,-86.528688
11,2,700.0,2-Car,No injury/unknown,FOLLOWING TOO CLOSELY,39.14200667,-86.5268
10,6,1500.0,2-Car,No injury/unknown,DISREGARD SIGNAL/REG SIGN,39.22766022,-86.61594003