Month,Day,Hour,Collision Type,Injury Type,Primary Factor,Latitude,Longitude
11,2,800.0,2-Car,No injury/unknown,UNSAFE SPEED,39.1716,-86.520896
11,2,1000.0,2-Car,No injury/unknown,UNSAFE BACKING,39.16394547,-86.49833535
11,2,1200.0,2-Car,No injury/unknown,FOLLOWING TOO CLOSELY,39.17635934,-86.56266121
11,2,1200.0,2-Car,No injury/unknown,FAILURE TO YIELD RIGHT OF WAY,39.16425012,-86.51525996
11,2,1300.0,2-Car,No injury/unknown,FOLLOWING TOO CLOSELY,39.169552,-86.533552
11,1,2100.0,1-Car,Incapacitating,RAN OFF ROAD RIGHT,39.30432,-86.5168
11,2,1400.0,2-Car,Non-incapacitating,FAILURE TO YIELD RIGHT OF WAY,39.14681026,-86.53250397
11,2,1500.0,1-Car,No injury/unknown,UNSAFE LANE MOVEMENT,39.14240018,-86.55079265
11,2,1300.0,2-Car,No injury/unknown,UNSAFE LANE MOVEMENT,39.16464,-86.5336
11,2,1600.0,3+ Cars,Incapacitating,DRIVER DISTRACTED - EXPLAIN IN NARRATIVE,39.145856,-86.582592
11,2,1600.0,3+ Cars,Incapacitating,FOLLOWING TOO CLOSELY,39.136448,-86.548704
10,6,1900.0,1-Car,No injury/unknown,UNSAFE BACKING,39.1652565,-86.57553863
11,2,1800.0,2-Car,No injury/unknown,IMPROPER LANE USAGE,39.15048257,-86.50844643
11,3,0.0,1-Car,No injury/unknown,UNSAFE SPEED,39.173216,-86.536
11,3,100.0,3+ Cars,No injury/unknown,OTHER (DRIVER) - EXPLAIN IN NARRATIVE,39.173344,-86.548192
10,7,100.0,1-Car,No injury/unknown,SPEED TOO FAST FOR WEATHER CONDITIONS,39.17863846,-86.52835845
10,7,2300.0,2-Car,No injury/unknown,UNSAFE LANE MOVEMENT,39.14190066,-86.5828886
10,7,2300.0,2-Car,No injury/unknown,LEFT OF CENTER,39.17949145,-86.53136314
11,1,2300.0,1-Car,Non-incapacitating,ANIMAL/OBJECT IN ROADWAY,39.32830777,-86.53163909
11,3,800.0,2-Car,No injury/unknown,UNSAFE BACKING,39.14841,-86.532966
11,3,800.0,2-Car,No injury/unknown,FAILURE TO YIELD RIGHT OF WAY,39.166944,-86.495056
10,6,1000.0,1-Car,No injury/unknown,RAN OFF ROAD RIGHT,39.27730306,-86.57208251
11,3,800.0,2-Car,No injury/unknown,FAILURE TO YIELD RIGHT OF WAY,39.145264,-86.577616
11,3,1000.0,Pedestrian,Non-incapacitating,IMPROPER TURNING,39.156128,-86.560912
11,3,300.0,2-Car,No injury/unknown,,39.17601731,-86.53614596
11,3,1300.0,3+ Cars,Incapacitating,FAILURE TO YIELD RIGHT OF WAY,39.16686997,-86.58297032
11,3,1700.0,Cyclist,Incapacitating,FAILURE TO YIELD RIGHT OF WAY,39.164832,-86.585856
11,3,1800.0,2-Car,Non-incapacitating,FAILURE TO YIELD RIGHT OF WAY,39.16463971,-86.58292002
11,3,1400.0,Pedestrian,Non-incapacitating,FAILURE TO YIELD RIGHT OF WAY,39.16864,-86.533568
11,3,2200.0,2-Car,No injury/unknown,IMPROPER TURNING,39.176848,-86.533424
11,3,2200.0,Pedestrian,Non-incapacitating,OTHER (DRIVER) - EXPLAIN IN NARRATIVE,39.164448,-86.525792
11,4,900.0,2-Car,No injury/unknown,FAILURE TO YIELD RIGHT OF WAY,39.14356512,-86.49986006
11,4,1100.0,2-Car,Non-incapacitating,UNSAFE SPEED,39.15260696,-86.49272918
11,4,1000.0,2-Car,No injury/unknown,FOLLOWING TOO CLOSELY,39.16144,-86.5336
11,4,1200.0,2-Car,No injury/unknown,FAILURE TO YIELD RIGHT OF WAY,39.136144,-86.528688
10,3,1900.0,2-Car,No injury/unknown,FAILURE TO YIELD RIGHT OF WAY,39.143552,-86.580528
10,5,1600.0,2-Car,No injury/unknown,FOLLOWING TOO CLOSELY,39.21178818,-86.45251211
11,4,1300.0,2-Car,No injury/unknown,UNSAFE BACKING,39.16625595,-86.53031158
11,4,1500.0,Pedestrian,Incapacitating,FAILURE TO YIELD RIGHT OF WAY,39.178928,-86.518992
11,4,1900.0,2-Car,No injury/unknown,DISREGARD SIGNAL/REG SIGN,39.16138016,-86.53492994
11,4,1700.0,1-Car,No injury/unknown,ANIMAL/OBJECT IN ROADWAY,39.032544,-86.541696
11,4,1800.0,2-Car,No injury/unknown,UNSAFE BACKING,39.137088,-86.53056
11,3,1500.0,1-Car,No injury/unknown,RAN OFF ROAD RIGHT,39.10704,-86.523488
11,3,1600.0,3+ Cars,No injury/unknown,FAILURE TO YIELD RIGHT OF WAY,39.12679203,-86.58252976
11,4,500.0,1-Car,Non-incapacitating,RAN OFF ROAD RIGHT,39.16835994,-86.58299702
10,3,2300.0,2-Car,No injury/unknown,OVERCORRECTING/OVERSTEERING,39.16680492,-86.52200505
10,4,900.0,2-Car,No injury/unknown,FAILURE TO YIELD RIGHT OF WAY,39.09023917,-86.54535097
11,2,1200.0,2-Car,No injury/unknown,UNSAFE BACKING,39.189248,-86.531472
11,3,800.0,2-Car,Incapacitating,FOLLOWING TOO CLOSELY,39.23821557,-86.62395146
10,6,1000.0,2-Car,No injury/unknown,FOLLOWING TOO CLOSELY,39.16344,-86.58584
11,3,100.0,2-Car,No injury/unknown,OTHER (DRIVER) - EXPLAIN IN NARRATIVE,39.16593866,-86.5348
11,5,1000.0,2-Car,Incapacitating,DISREGARD SIGNAL/REG SIGN,39.21759033,-86.61190795
11,5,1200.0,2-Car,Non-incapacitating,FOLLOWING TOO CLOSELY,39.16432,-86.50824
11,5,1600.0,2-Car,Incapacitating,FOLLOWING TOO CLOSELY,39.164272,-86.502416
11,5,1900.0,2-Car,No injury/unknown,FOLLOWING TOO CLOSELY,39.16074984,-86.54850997
11,5,1900.0,2-Car,No injury/unknown,UNSAFE BACKING,39.17612549,-86.51898236
11,5,2000.0,Moped/Motorcycle,Incapacitating,ANIMAL/OBJECT IN ROADWAY,39.01174977,-86.56190608
11,5,1700.0,2-Car,No injury/unknown,FOLLOWING TOO CLOSELY,39.150544,-86.5336
11,5,1900.0,2-Car,No injury/unknown,FAILURE TO YIELD RIGHT OF WAY,39.17882994,-86.51244029
11,5,2200.0,1-Car,No injury/unknown,OTHER (DRIVER) - EXPLAIN IN NARRATIVE,39.2644305,-86.574913
11,4,100.0,1-Car,No injury/unknown,ANIMAL/OBJECT IN ROADWAY,39.25794294,-86.52503846
11,6,800.0,2-Car,No injury/unknown,DRIVER DISTRACTED - EXPLAIN IN NARRATIVE,39.176848,-86.478192
11,5,1100.0,2-Car,No injury/unknown,UNSAFE BACKING,39.18641724,-86.534193
11,5,1700.0,2-Car,No injury/unknown,IMPROPER TURNING,39.1700618,-86.50115557
11,6,800.0,1-Car,No injury/unknown,RAN OFF ROAD RIGHT,39.07113992,-86.52544332
11,6,1200.0,2-Car,No injury/unknown,FOLLOWING TOO CLOSELY,39.11908444,-86.53492982
10,7,2300.0,1-Car,No injury/unknown,RAN OFF ROAD RIGHT,39.136144,-86.528688
11,5,1700.0,2-Car,No injury/unknown,IMPROPER TURNING,39.15427029,-86.49764657
11,6,1400.0,2-Car,No injury/unknown,FOLLOWING TOO CLOSELY,39.15664,-86.527072
11,6,1800.0,2-Car,No injury/unknown,FOLLOWING TOO CLOSELY,39.17158999,-86.51393166
11,6,1500.0,3+ Cars,Incapacitating,FOLLOWING TOO CLOSELY,39.18077171,-86.50838423
11,6,300.0,1-Car,No injury/unknown,ANIMAL/OBJECT IN ROADWAY,39.201488,-86.601968
11,6,500.0,1-Car,No injury/unknown,ANIMAL/OBJECT IN ROADWAY,39.19359469,-86.554592
11,6,1200.0,2-Car,No injury/unknown,LEFT OF CENTER,39.16874313,-86.53587341
10,7,2300.0,Bus,No injury/unknown,WRONG WAY ON ONE WAY,39.167664,-86.5324
11,7,1100.0,2-Car,No injury/unknown,UNSAFE BACKING,39.16424,-86.49425989
11,6,1700.0,2-Car,No injury/unknown,FAILURE TO YIELD RIGHT OF WAY,39.16427024,-86.51772022
11,7,1400.0,2-Car,No injury/unknown,FOLLOWING TOO CLOSELY,39.186772,-86.54317373
11,5,1800.0,2-Car,No injury/unknown,UNSAFE BACKING,39.1069603,-86.55136871
11,5,2100.0,1-Car,No injury/unknown,SPEED TOO FAST FOR WEATHER CONDITIONS,39.10883953,-86.51451028
11,6,1600.0,1-Car,No injury/unknown,RAN OFF ROAD RIGHT,39.25884886,-86.50462726
11,7,1900.0,2-Car,No injury/unknown,UNSAFE BACKING,39.178976,-86.5224
11,1,1300.0,1-Car,Non-incapacitating,DRIVER DISTRACTED - EXPLAIN IN NARRATIVE,39.22950892,-86.56252288
11,1,300.0,2-Car,Non-incapacitating,DISREGARD SIGNAL/REG SIGN,39.171744,-86.534768
11,6,800.0,1-Car,No injury/unknown,OVERCORRECTING/OVERSTEERING,39.10824,-86.666192
11,1,1100.0,2-Car,Non-incapacitating,DISREGARD SIGNAL/REG SIGN,39.16464,-86.5324
11,1,1100.0,2-Car,No injury/unknown,FAILURE TO YIELD RIGHT OF WAY,39.18157757,-86.53471023
11,1,1500.0,2-Car,No injury/unknown,IMPROPER TURNING,39.16425012,-86.51525996
11,6,2000.0,1-Car,No injury/unknown,IMPROPER TURNING,39.16574097,-86.41192626
11,1,1500.0,2-Car,No injury/unknown,LEFT OF CENTER,39.152448,-86.400288
11,1,1600.0,Moped/Motorcycle,Incapacitating,UNSAFE SPEED,39.20802621,-86.52875469
11,7,0.0,3+ Cars,No injury/unknown,DRIVER ASLEEP OR FATIGUED,39.12527025,-86.55092187
11,1,2100.0,1-Car,No injury/unknown,ANIMAL/OBJECT IN ROADWAY,39.10538206,-86.55095458
11,1,300.0,1-Car,Non-incapacitating,RAN OFF ROAD RIGHT,39.13584,-86.480496
11,7,2300.0,1-Car,No injury/unknown,ANIMAL/OBJECT IN ROADWAY,39.28810084,-86.51703486
11,2,1100.0,2-Car,No injury/unknown,FAILURE TO YIELD RIGHT OF WAY,39.166944,-86.495056
11,2,700.0,1-Car,No injury/unknown,ANIMAL/OBJECT IN ROADWAY,39.1668311,-86.45897634
11,2,1400.0,2-Car,Non-incapacitating,UNSAFE BACKING,39.129673,-86.532737
11,2,1600.0,2-Car,Non-incapacitating,FOLLOWING TOO CLOSELY,39.171504,-86.495312
11,2,1400.0,2-Car,No injury/unknown,FAILURE TO YIELD RIGHT OF WAY,39.23585459,-86.62777953
11,2,1700.0,2-Car,No injury/unknown,FAILURE TO YIELD RIGHT OF WAY,39.18184,-86.5284
11,2,1700.0,2-Car,No injury/unknown,FAILURE TO YIELD RIGHT OF WAY,39.171472,-86.509376
11,2,1900.0,3+ Cars,Non-incapacitating,FOLLOWING TOO CLOSELY,39.171472,-86.509376
11,2,1700.0,3+ Cars,No injury/unknown,SPEED TOO FAST FOR WEATHER CONDITIONS,39.13645753,-86.5539938
11,2,2000.0,3+ Cars,No injury/unknown,TRAFFIC CONTROL INOPERATIVE/MISSING/OBSC,39.173552,-86.515488
11,2,2100.0,2-Car,No injury/unknown,FOLLOWING TOO CLOSELY,39.1642533,-86.51422079
11,2,1700.0,3+ Cars,Incapacitating,FOLLOWING TOO CLOSELY,39.171504,-86.495312
11,2,2100.0,2-Car,Incapacitating,FOLLOWING TOO CLOSELY,39.17635934,-86.56266121
11,2,1900.0,3+ Cars,Incapacitating,FAILURE TO YIELD RIGHT OF WAY,39.107648,-86.643696
11,3,1700.0,2-Car,No injury/unknown,FOLLOWING TOO CLOSELY,39.11184,-86.539792
11,2,1900.0,1-Car,No injury/unknown,RAN OFF ROAD RIGHT,39.10824,-86.666192
11,4,200.0,2-Car,No injury/unknown,UNSAFE SPEED,39.170544,-86.533536
11,4,1100.0,2-Car,Non-incapacitating,OTHER (DRIVER) - EXPLAIN IN NARRATIVE,39.167648,-86.534784
11,4,1200.0,2-Car,Non-incapacitating,FOLLOWING TOO CLOSELY,39.16442983,-86.55630983
11,4,1000.0,2-Car,No injury/unknown,FOLLOWING TOO CLOSELY,39.15961866,-86.5336
11,4,1200.0,2-Car,No injury/unknown,OTHER (DRIVER) - EXPLAIN IN NARRATIVE,39.1702919,-86.57196044
11,4,1000.0,2-Car,No injury/unknown,IMPROPER TURNING,39.16425012,-86.51525996
11,5,1100.0,1-Car,No injury/unknown,RAN OFF ROAD RIGHT,39.16994981,-86.55006663
11,5,1200.0,2-Car,No injury/unknown,OTHER (DRIVER) - EXPLAIN IN NARRATIVE,39.176192,-86.52712
11,5,1200.0,2-Car,Non-incapacitating,IMPROPER LANE USAGE,39.16425544,-86.51526433
11,5,1400.0,2-Car,No injury/unknown,UNSAFE LANE MOVEMENT,39.16424,-86.4984
11,5,1400.0,3+ Cars,No injury/unknown,FOLLOWING TOO CLOSELY,39.16424,-86.4984
11,3,1600.0,2-Car,Incapacitating,UNSAFE LANE MOVEMENT,39.13153035,-86.572896
11,5,1700.0,3+ Cars,No injury/unknown,FOLLOWING TOO CLOSELY,39.171504,-86.495312
11,5,1800.0,2-Car,No injury/unknown,IMPROPER PASSING,39.16864,-86.533568
11,5,2300.0,1-Car,No injury/unknown,OTHER (DRIVER) - EXPLAIN IN NARRATIVE,39.1116066,-86.57214355
11,6,200.0,1-Car,No injury/unknown,IMPROPER TURNING,39.16424,-86.495088
11,6,700.0,1-Car,No injury/unknown,OTHER (VEHICLE) - EXPLAIN IN NARRATIVE,39.153488,-86.541496
11,6,800.0,2-Car,No injury/unknown,UNSAFE BACKING,39.164569,-86.490036
11,6,900.0,2-Car,Non-incapacitating,FAILURE TO YIELD RIGHT OF WAY,39.171696,-86.529696
11,6,1100.0,2-Car,Non-incapacitating,FOLLOWING TOO CLOSELY,39.17081,-86.571487
11,6,1100.0,Pedestrian,Incapacitating,DRIVER DISTRACTED - EXPLAIN IN NARRATIVE,39.16443574,-86.55630199
11,6,900.0,2-Car,No injury/unknown,UNSAFE BACKING,39.16854879,-86.5194549
11,3,1300.0,2-Car,No injury/unknown,UNSAFE BACKING,39.167648,-86.534784
11,6,0.0,2-Car,No injury/unknown,IMPROPER TURNING,39.16028506,-86.49771872
11,6,1400.0,1-Car,No injury/unknown,IMPROPER TURNING,39.168752,-86.5436
11,6,1300.0,2-Car,No injury/unknown,UNSAFE LANE MOVEMENT,39.164752,-86.573104
11,5,500.0,1-Car,No injury/unknown,ANIMAL/OBJECT IN ROADWAY,39.12282799,-86.64295746
11,2,1700.0,2-Car,No injury/unknown,OTHER (DRIVER) - EXPLAIN IN NARRATIVE,39.22823334,-86.61592864
11,6,1600.0,2-Car,No injury/unknown,FOLLOWING TOO CLOSELY,39.12223816,-86.57208251
11,6,1400.0,2-Car,No injury/unknown,FAILURE TO YIELD RIGHT OF WAY,39.16664,-86.5324
11,6,1700.0,2-Car,No injury/unknown,FOLLOWING TOO CLOSELY,39.145152,-86.5776
11,6,1800.0,2-Car,No injury/unknown,UNSAFE LANE MOVEMENT,39.16653628,-86.52825027
11,5,1600.0,2-Car,No injury/unknown,FAILURE TO YIELD RIGHT OF WAY,39.092976,-86.545648
11,6,1700.0,2-Car,No injury/unknown,UNSAFE BACKING,39.16456,-86.5550845
11,6,2200.0,1-Car,No injury/unknown,OTHER (DRIVER) - EXPLAIN IN NARRATIVE,39.17600327,-86.53063151
11,6,2200.0,1-Car,No injury/unknown,RAN OFF ROAD RIGHT,39.21936967,-86.44920774
11,6,2300.0,3+ Cars,Non-incapacitating,DRIVER DISTRACTED - EXPLAIN IN NARRATIVE,39.16864,-86.526944
11,6,2100.0,1-Car,No injury/unknown,ANIMAL/OBJECT IN ROADWAY,39.18699904,-86.54785641
11,6,1300.0,2-Car,No injury/unknown,DRIVER DISTRACTED - EXPLAIN IN NARRATIVE,39.20864676,-86.55461996
11,7,1200.0,3+ Cars,No injury/unknown,FOLLOWING TOO CLOSELY,39.16427024,-86.51217006
8,7,1300.0,2-Car,No injury/unknown,FAILURE TO YIELD RIGHT OF WAY,39.215152,-86.5928
11,7,1300.0,2-Car,Incapacitating,FAILURE TO YIELD RIGHT OF WAY,39.0929718,-86.54577636
11,7,1800.0,2-Car,No injury/unknown,FAILURE TO YIELD RIGHT OF WAY,39.18635203,-86.52673139
11,7,1800.0,2-Car,Incapacitating,FOLLOWING TOO CLOSELY,39.17264,-86.52704
11,7,2200.0,2-Car,Non-incapacitating,DISREGARD SIGNAL/REG SIGN,39.174368,-86.527088
11,7,1100.0,2-Car,No injury/unknown,FOLLOWING TOO CLOSELY,39.17168,-86.528256
11,7,1800.0,1-Car,No injury/unknown,ANIMAL/OBJECT IN ROADWAY,39.207901,-86.55677032
11,1,1200.0,2-Car,No injury/unknown,FAILURE TO YIELD RIGHT OF WAY,39.169552,-86.52344
11,1,100.0,2-Car,No injury/unknown,OTHER (DRIVER) - EXPLAIN IN NARRATIVE,39.17091135,-86.534768
11,1,1600.0,1-Car,No injury/unknown,ANIMAL/OBJECT IN ROADWAY,39.20704,-86.534704
11,1,600.0,1-Car,No injury/unknown,RAN OFF ROAD RIGHT,39.002752,-86.59
11,1,600.0,3+ Cars,No injury/unknown,DRIVER ASLEEP OR FATIGUED,39.170036,-86.52955059
11,3,1200.0,2-Car,No injury/unknown,FAILURE TO YIELD RIGHT OF WAY,39.20824,-86.554704
11,6,700.0,2-Car,No injury/unknown,UNSAFE SPEED,39.08724384,-86.53130024
11,1,1000.0,2-Car,No injury/unknown,OTHER (DRIVER) - EXPLAIN IN NARRATIVE,39.1832428,-86.5311203
11,7,1200.0,2-Car,No injury/unknown,FOLLOWING TOO CLOSELY,39.18643688,-86.53611147
11,2,1000.0,2-Car,No injury/unknown,FAILURE TO YIELD RIGHT OF WAY,39.16664,-86.528192
11,4,100.0,2-Car,No injury/unknown,UNSAFE BACKING,39.17963492,-86.511088
11,3,1600.0,2-Car,No injury/unknown,FOLLOWING TOO CLOSELY,39.15565029,-86.54429372
11,2,1500.0,2-Car,No injury/unknown,FOLLOWING TOO CLOSELY,39.164448,-86.528096
11,2,1600.0,2-Car,No injury/unknown,SPEED TOO FAST FOR WEATHER CONDITIONS,39.164352,-86.510944
11,2,1300.0,3+ Cars,Non-incapacitating,FOLLOWING TOO CLOSELY,39.163744,-86.538592
11,2,1600.0,1-Car,No injury/unknown,RAN OFF ROAD RIGHT,39.16424,-86.4984
11,2,1700.0,2-Car,Non-incapacitating,FOLLOWING TOO CLOSELY,39.13330738,-86.583496
11,2,1900.0,2-Car,No injury/unknown,OTHER (DRIVER) - EXPLAIN IN NARRATIVE,39.15997696,-86.53328704
11,2,1900.0,2-Car,No injury/unknown,FOLLOWING TOO CLOSELY,39.17617467,-86.56292242
11,2,1900.0,2-Car,No injury/unknown,FOLLOWING TOO CLOSELY,39.17984,-86.507088
11,2,1300.0,2-Car,No injury/unknown,FOLLOWING TOO CLOSELY,39.15570997,-86.56207993
11,2,2200.0,2-Car,No injury/unknown,UNSAFE BACKING,39.15676251,-86.54124493
11,3,700.0,2-Car,No injury/unknown,UNSAFE LANE MOVEMENT,39.16424,-86.495088
11,3,700.0,1-Car,No injury/unknown,SPEED TOO FAST FOR WEATHER CONDITIONS,39.164448,-86.471888
11,3,700.0,2-Car,No injury/unknown,OTHER (DRIVER) - EXPLAIN IN NARRATIVE,39.16538936,-86.53480429
11,1,1200.0,2-Car,No injury/unknown,IMPROPER TURNING,39.136144,-86.528688
11,3,1000.0,2-Car,No injury/unknown,FOLLOWING TOO CLOSELY,39.09984,-86.5176
11,3,900.0,2-Car,No injury/unknown,UNSAFE LANE MOVEMENT,39.10329819,-86.64743041
11,3,1200.0,2-Car,No injury/unknown,FAILURE TO YIELD RIGHT OF WAY,39.146992,-86.517392
11,3,1200.0,3+ Cars,No injury/unknown,UNSAFE LANE MOVEMENT,39.16420989,-86.488
11,3,1600.0,2-Car,No injury/unknown,DISREGARD SIGNAL/REG SIGN,39.178928,-86.518992
11,7,600.0,1-Car,No injury/unknown,UNSAFE BACKING,39.171504,-86.512288
11,3,1700.0,Cyclist,Incapacitating,FAILURE TO YIELD RIGHT OF WAY,39.191248,-86.532896
11,2,1900.0,2-Car,No injury/unknown,FOLLOWING TOO CLOSELY,39.164304,-86.506992
11,3,1800.0,Pedestrian,Incapacitating,PEDESTRIAN ACTION,39.16463971,-86.58292349
11,3,2000.0,Bus,No injury/unknown,FAILURE TO YIELD RIGHT OF WAY,39.17902185,-86.52702358
11,3,1900.0,Pedestrian,Incapacitating,FAILURE TO YIELD RIGHT OF WAY,39.171504,-86.49296
11,3,2200.0,2-Car,No injury/unknown,UNSAFE BACKING,39.16846991,-86.52236701
11,4,800.0,2-Car,No injury/unknown,SPEED TOO FAST FOR WEATHER CONDITIONS,39.12398948,-86.52669977
11,4,700.0,2-Car,No injury/unknown,FOLLOWING TOO CLOSELY,39.15017644,-86.54850997
11,3,1300.0,2-Car,No injury/unknown,UNSAFE BACKING,39.16987228,-86.57498168
11,4,1100.0,2-Car,No injury/unknown,FAILURE TO YIELD RIGHT OF WAY,39.16464,-86.5336
11,4,1100.0,2-Car,No injury/unknown,FAILURE TO YIELD RIGHT OF WAY,39.170544,-86.529696
11,4,1200.0,2-Car,No injury/unknown,SPEED TOO FAST FOR WEATHER CONDITIONS,39.17904,-86.532096
11,4,1300.0,2-Car,No injury/unknown,SPEED TOO FAST FOR WEATHER CONDITIONS,39.16424,-86.480688
11,4,1400.0,2-Car,No injury/unknown,FAILURE TO YIELD RIGHT OF WAY,39.15993981,-86.55382007
11,4,1700.0,2-Car,No injury/unknown,FOLLOWING TOO CLOSELY,39.171504,-86.495312
11,4,1800.0,1-Car,No injury/unknown,ANIMAL/OBJECT IN ROADWAY,39.17035524,-86.55792236
11,4,2300.0,1-Car,No injury/unknown,ANIMAL/OBJECT IN ROADWAY,39.15144777,-86.6298582
11,4,2200.0,2-Car,Non-incapacitating,FAILURE TO YIELD RIGHT OF WAY,39.16450024,-86.56270019
11,4,1000.0,2-Car,Incapacitating,IMPROPER TURNING,39.14070129,-86.57746124
11,4,1100.0,2-Car,No injury/unknown,FOLLOWING TOO CLOSELY,39.12984,-86.538496
11,3,700.0,2-Car,No injury/unknown,FOLLOWING TOO CLOSELY,39.06860602,-86.53134986
11,5,700.0,1-Car,No injury/unknown,RAN OFF ROAD RIGHT,39.15055007,-86.52817443
11,5,900.0,2-Car,Non-incapacitating,FOLLOWING TOO CLOSELY,39.16949706,-86.49495966
11,5,800.0,2-Car,No injury/unknown,OTHER (DRIVER) - EXPLAIN IN NARRATIVE,39.171744,-86.534768
11,5,800.0,2-Car,No injury/unknown,FOLLOWING TOO CLOSELY,39.13704,-86.572896
11,4,1100.0,1-Car,No injury/unknown,IMPROPER TURNING,39.10695267,-86.53194427
11,7,400.0,1-Car,Non-incapacitating,RAN OFF ROAD RIGHT,39.071152,-86.503088
11,5,1600.0,2-Car,No injury/unknown,FAILURE TO YIELD RIGHT OF WAY,39.13680024,-86.57320917
11,5,1800.0,1-Car,No injury/unknown,ANIMAL/OBJECT IN ROADWAY,39.09973025,-86.50344154
11,5,2100.0,1-Car,No injury/unknown,ANIMAL/OBJECT IN ROADWAY,39.04973065,-86.53588429
11,7,1400.0,1-Car,Incapacitating,OTHER (DRIVER) - EXPLAIN IN NARRATIVE,39.144969,-86.575233
11,7,1300.0,1-Car,No injury/unknown,SPEED TOO FAST FOR WEATHER CONDITIONS,39.175152,-86.538512
11,7,1600.0,1-Car,Incapacitating,SPEED TOO FAST FOR WEATHER CONDITIONS,39.16450024,-86.56270019
11,6,2000.0,1-Car,No injury/unknown,ANIMAL/OBJECT IN ROADWAY,39.27093674,-86.67017741
11,6,2200.0,1-Car,No injury/unknown,RAN OFF ROAD RIGHT,39.16835994,-86.58299702
11,7,1200.0,2-Car,Non-incapacitating,FOLLOWING TOO CLOSELY,39.15543973,-86.5624971
11,7,1200.0,2-Car,No injury/unknown,UNSAFE BACKING,39.145264,-86.577616
11,1,1100.0,2-Car,No injury/unknown,FAILURE TO YIELD RIGHT OF WAY,39.16848755,-86.5732727
11,1,1200.0,2-Car,No injury/unknown,,39.1387336,-86.52559183
11,1,1200.0,2-Car,No injury/unknown,DISREGARD SIGNAL/REG SIGN,39.164752,-86.573104
11,7,1600.0,2-Car,No injury/unknown,FAILURE TO YIELD RIGHT OF WAY,39.142048,-86.582592
11,4,1400.0,2-Car,No injury/unknown,OVERCORRECTING/OVERSTEERING,39.16655822,-86.492816
11,7,1900.0,1-Car,No injury/unknown,SPEED TOO FAST FOR WEATHER CONDITIONS,39.13817033,-86.5201798
11,1,1400.0,2-Car,Non-incapacitating,FOLLOWING TOO CLOSELY,39.15099695,-86.4979744
11,6,1500.0,2-Car,No injury/unknown,FAILURE TO YIELD RIGHT OF WAY,39.26616,-86.522752
11,6,2000.0,1-Car,No injury/unknown,RAN OFF ROAD RIGHT,39.042144,-86.5412
11,7,1900.0,2-Car,Incapacitating,LEFT OF CENTER,39.108848,-86.6384
11,1,1800.0,2-Car,No injury/unknown,UNSAFE LANE MOVEMENT,39.20796535,-86.55470202
11,1,1300.0,Cyclist,Incapacitating,OTHER (DRIVER) - EXPLAIN IN NARRATIVE,39.13821257,-86.524
11,1,1900.0,1-Car,No injury/unknown,ANIMAL/OBJECT IN ROADWAY,39.108032,-86.575552
11,2,800.0,2-Car,No injury/unknown,OTHER (DRIVER) - EXPLAIN IN NARRATIVE,39.164448,-86.5268
11,2,1200.0,2-Car,Incapacitating,FAILURE TO YIELD RIGHT OF WAY,39.21141815,-86.62164306
11,2,1300.0,2-Car,No injury/unknown,FAILURE TO YIELD RIGHT OF WAY,39.163152,-86.629104
11,2,1400.0,3+ Cars,Non-incapacitating,FOLLOWING TOO CLOSELY,39.16450024,-86.56270019
11,2,1300.0,2-Car,No injury/unknown,FOLLOWING TOO CLOSELY,39.136144,-86.528688
11,2,1500.0,2-Car,No injury/unknown,FAILURE TO YIELD RIGHT OF WAY,39.10725988,-86.53149001
11,2,1700.0,2-Car,No injury/unknown,UNSAFE LANE MOVEMENT,39.171744,-86.53352
11,7,1500.0,2-Car,No injury/unknown,RAN OFF ROAD RIGHT,39.13704005,-86.64115678
11,1,1600.0,2-Car,No injury/unknown,OTHER (DRIVER) - EXPLAIN IN NARRATIVE,39.3145402,-86.51147583
11,2,2200.0,1-Car,No injury/unknown,UNSAFE SPEED,39.273888,-86.621456
11,2,1700.0,3+ Cars,Non-incapacitating,FAILURE TO YIELD RIGHT OF WAY,39.217248,-86.598992
11,2,2300.0,1-Car,No injury/unknown,ANIMAL/OBJECT IN ROADWAY,39.22766271,-86.61599803
11,2,2100.0,1-Car,No injury/unknown,RAN OFF ROAD RIGHT,39.121568,-86.520464
11,3,900.0,2-Car,No injury/unknown,OTHER (DRIVER) - EXPLAIN IN NARRATIVE,39.178992,-86.537792
11,2,700.0,2-Car,No injury/unknown,FOLLOWING TOO CLOSELY,39.105552,-86.551104
11,3,700.0,1-Car,No injury/unknown,RAN OFF ROAD RIGHT,39.21206673,-86.58700874
11,3,1300.0,2-Car,No injury/unknown,OTHER (DRIVER) - EXPLAIN IN NARRATIVE,39.16033007,-86.52264439
11,3,1500.0,2-Car,No injury/unknown,IMPROPER PASSING,39.139968,-86.539712
11,3,1800.0,2-Car,No injury/unknown,OVERCORRECTING/OVERSTEERING,39.130944,-86.526688
11,4,1700.0,2-Car,No injury/unknown,OTHER (DRIVER) - EXPLAIN IN NARRATIVE,39.15001474,-86.57148427