Month,Day,Hour,Collision Type,Injury Type,Primary Factor,Latitude,Longitude
11,3,1800.0,1-Car,No injury/unknown,ANIMAL/OBJECT IN ROADWAY,39.18554492,-86.53944008
11,5,2100.0,2-Car,No injury/unknown,UNSAFE BACKING,39.1557502,-86.54797017
11,3,1200.0,2-Car,Non-incapacitating,FOLLOWING TOO CLOSELY,39.1774293,-86.53473178
11,3,1200.0,2-Car,No injury/unknown,OTHER (DRIVER) - EXPLAIN IN NARRATIVE,39.13674164,-86.57086944
11,3,1200.0,2-Car,Non-incapacitating,FOLLOWING TOO CLOSELY,39.16464,-86.568
11,4,1200.0,Bus,No injury/unknown,OTHER (DRIVER) - EXPLAIN IN NARRATIVE,39.16661248,-86.5320231
11,4,700.0,1-Car,Incapacitating,RAN OFF ROAD RIGHT,39.11790085,-86.64218165
11,3,600.0,1-Car,No injury/unknown,ANIMAL/OBJECT IN ROADWAY,38.99338926,-86.53726441
11,3,700.0,1-Car,No injury/unknown,ANIMAL/OBJECT IN ROADWAY,38.99338926,-86.53726441
11,4,1500.0,2-Car,Non-incapacitating,FAILURE TO YIELD RIGHT OF WAY,39.148064,-86.526912
11,4,1600.0,2-Car,No injury/unknown,UNSAFE LANE MOVEMENT,39.173248,-86.533488
11,4,1900.0,Pedestrian,Incapacitating,OTHER (DRIVER) - EXPLAIN IN NARRATIVE,39.15246986,-86.49054588
11,4,1400.0,2-Car,No injury/unknown,FAILURE TO YIELD RIGHT OF WAY,39.1645144,-86.49292885
11,4,1500.0,2-Car,Incapacitating,FOLLOWING TOO CLOSELY,39.13723389,-86.53136998
11,4,1300.0,2-Car,No injury/unknown,FAILURE TO YIELD RIGHT OF WAY,39.146944,-86.532544
11,4,2200.0,2-Car,Non-incapacitating,UNSAFE SPEED,39.16461021,-86.57913006
11,4,1100.0,Bus,No injury/unknown,UNSAFE BACKING,39.16180998,-86.56743228
11,5,400.0,1-Car,Incapacitating,ANIMAL/OBJECT IN ROADWAY,39.16350729,-86.64372165
11,4,600.0,2-Car,No injury/unknown,IMPROPER LANE USAGE,39.16464,-86.529728
11,5,1000.0,2-Car,No injury/unknown,UNSAFE BACKING,39.17056,-86.492704
11,4,1300.0,2-Car,No injury/unknown,DRIVER ASLEEP OR FATIGUED,39.233344,-86.624
11,4,1500.0,Moped/Motorcycle,Non-incapacitating,FOLLOWING TOO CLOSELY,39.14399421,-86.53452023
11,5,2000.0,2-Car,No injury/unknown,OTHER (VEHICLE) - EXPLAIN IN NARRATIVE,39.16424,-86.4984
11,4,1700.0,2-Car,No injury/unknown,OTHER (DRIVER) - EXPLAIN IN NARRATIVE,39.15978713,-86.58387621
11,5,1600.0,1-Car,No injury/unknown,DRIVER ILLNESS,39.151552,-86.643504
11,5,2000.0,2-Car,No injury/unknown,LEFT OF CENTER,39.31249031,-86.63475975
11,6,1000.0,2-Car,Incapacitating,FOLLOWING TOO CLOSELY,39.16424,-86.4984
11,6,1300.0,2-Car,Non-incapacitating,DRIVER DISTRACTED - EXPLAIN IN NARRATIVE,39.148144,-86.572992
11,6,1600.0,1-Car,No injury/unknown,UNSAFE BACKING,39.15580988,-86.52042319
11,6,1400.0,2-Car,No injury/unknown,FAILURE TO YIELD RIGHT OF WAY,39.16424,-86.49418049
11,6,1400.0,1-Car,Non-incapacitating,SPEED TOO FAST FOR WEATHER CONDITIONS,39.156144,-86.561296
11,6,1800.0,2-Car,Non-incapacitating,FOLLOWING TOO CLOSELY,39.17903718,-86.54174313
11,6,1600.0,2-Car,No injury/unknown,DISREGARD SIGNAL/REG SIGN,39.164544,-86.560096
11,6,1500.0,1-Car,No injury/unknown,RAN OFF ROAD RIGHT,39.1316,-86.576944
11,6,2100.0,2-Car,No injury/unknown,ANIMAL/OBJECT IN ROADWAY,39.1792497,-86.50839156
11,6,100.0,1-Car,No injury/unknown,ANIMAL/OBJECT IN ROADWAY,39.29488158,-86.53700999
11,7,500.0,1-Car,Non-incapacitating,OTHER (DRIVER) - EXPLAIN IN NARRATIVE,39.13731265,-86.5225606
11,6,1200.0,2-Car,Incapacitating,FAILURE TO YIELD RIGHT OF WAY,39.14368,-86.579063
11,7,900.0,2-Car,No injury/unknown,FOLLOWING TOO CLOSELY,39.186368,-86.5344
11,7,1000.0,2-Car,No injury/unknown,FAILURE TO YIELD RIGHT OF WAY,39.160944,-86.497696
11,7,1200.0,2-Car,No injury/unknown,OTHER (DRIVER) - EXPLAIN IN NARRATIVE,39.16294992,-86.48080028
11,7,1400.0,2-Car,No injury/unknown,FOLLOWING TOO CLOSELY,39.16426018,-86.51639557
11,6,1900.0,2-Car,No injury/unknown,IMPROPER TURNING,39.1792497,-86.50840021
11,7,1500.0,2-Car,Incapacitating,FAILURE TO YIELD RIGHT OF WAY,39.175952,-86.53344
11,7,1600.0,2-Car,No injury/unknown,FOLLOWING TOO CLOSELY,39.13704,-86.582512
11,6,2200.0,2-Car,No injury/unknown,FOLLOWING TOO CLOSELY,39.01866987,-86.53944008
11,7,1400.0,1-Car,No injury/unknown,SPEED TOO FAST FOR WEATHER CONDITIONS,39.00638637,-86.57203295
11,6,1800.0,1-Car,No injury/unknown,RAN OFF ROAD RIGHT,39.41013981,-86.51703486
11,7,1800.0,2-Car,No injury/unknown,FOLLOWING TOO CLOSELY,39.16425012,-86.47205024
11,7,1800.0,2-Car,No injury/unknown,SPEED TOO FAST FOR WEATHER CONDITIONS,39.1359897,-86.52879975
11,7,2200.0,2-Car,No injury/unknown,FAILURE TO YIELD RIGHT OF WAY,39.16464,-86.534816
11,1,0.0,2-Car,Non-incapacitating,FAILURE TO YIELD RIGHT OF WAY,39.169552,-86.533552
11,7,400.0,1-Car,Incapacitating,SPEED TOO FAST FOR WEATHER CONDITIONS,39.20197003,-86.56172862
11,1,100.0,1-Car,No injury/unknown,UNSAFE SPEED,39.164448,-86.528096
11,1,200.0,1-Car,No injury/unknown,ANIMAL/OBJECT IN ROADWAY,39.26779516,-86.66674898
11,1,1000.0,1-Car,No injury/unknown,SPEED TOO FAST FOR WEATHER CONDITIONS,39.10622986,-86.52282382
11,1,1100.0,2-Car,No injury/unknown,,39.16446694,-86.53481763
11,1,1500.0,1-Car,Incapacitating,OVERCORRECTING/OVERSTEERING,39.09887587,-86.6523924
11,7,1200.0,1-Car,No injury/unknown,RAN OFF ROAD RIGHT,39.10588266,-86.52253918
11,7,1200.0,Pedestrian,Incapacitating,RAN OFF ROAD RIGHT,39.10588266,-86.52253918
11,2,200.0,1-Car,Incapacitating,RAN OFF ROAD RIGHT,39.24065016,-86.44277349
11,2,800.0,2-Car,No injury/unknown,OTHER (DRIVER) - EXPLAIN IN NARRATIVE,39.148544,-86.526912
11,2,1000.0,2-Car,No injury/unknown,DISREGARD SIGNAL/REG SIGN,39.17168,-86.527024
11,2,1700.0,2-Car,No injury/unknown,FAILURE TO YIELD RIGHT OF WAY,39.173216,-86.536
11,2,1600.0,2-Car,No injury/unknown,FAILURE TO YIELD RIGHT OF WAY,39.15072,-86.522496
11,2,2300.0,2-Car,No injury/unknown,IMPROPER TURNING,39.16864,-86.533568
11,2,1300.0,2-Car,No injury/unknown,FAILURE TO YIELD RIGHT OF WAY,39.16556168,-86.52983195
12,3,1100.0,2-Car,No injury/unknown,OTHER (DRIVER) - EXPLAIN IN NARRATIVE,39.16394547,-86.49833535
12,3,900.0,2-Car,No injury/unknown,UNSAFE BACKING,39.164848,-86.5761011
12,3,1000.0,3+ Cars,Non-incapacitating,FAILURE TO YIELD RIGHT OF WAY,39.16464,-86.568
11,1,2100.0,1-Car,No injury/unknown,ANIMAL/OBJECT IN ROADWAY,39.00370672,-86.53700999
11,2,900.0,2-Car,No injury/unknown,LEFT OF CENTER,39.214406,-86.45631982
12,3,600.0,1-Car,No injury/unknown,RAN OFF ROAD RIGHT,39.10568006,-86.5224798
12,3,800.0,2-Car,No injury/unknown,FOLLOWING TOO CLOSELY,39.10715997,-86.52650982
12,3,1400.0,2-Car,No injury/unknown,UNSAFE BACKING,39.17839758,-86.53339992
12,3,1300.0,2-Car,No injury/unknown,FAILURE TO YIELD RIGHT OF WAY,39.143552,-86.580528
11,6,1700.0,2-Car,No injury/unknown,UNSAFE BACKING,39.16936,-86.497952
12,3,1700.0,2-Car,No injury/unknown,FOLLOWING TOO CLOSELY,39.13599975,-86.51902981
12,3,1500.0,2-Car,No injury/unknown,UNSAFE BACKING,39.17149069,-86.5110763
12,3,2000.0,1-Car,No injury/unknown,RAN OFF ROAD RIGHT,39.18532944,-86.52932739
12,3,1300.0,2-Car,No injury/unknown,FAILURE TO YIELD RIGHT OF WAY,39.174416,-86.530992
12,4,700.0,2-Car,No injury/unknown,FAILURE TO YIELD RIGHT OF WAY,39.14528221,-86.5683382
11,2,900.0,2-Car,No injury/unknown,FAILURE TO YIELD RIGHT OF WAY,39.16087376,-86.57777018
11,7,1400.0,1-Car,No injury/unknown,ANIMAL/OBJECT IN ROADWAY,39.28448981,-86.40945866
12,4,1000.0,2-Car,No injury/unknown,UNSAFE BACKING,39.16815005,-86.51067455
12,4,1200.0,2-Car,No injury/unknown,FOLLOWING TOO CLOSELY,39.16440971,-86.5538739
12,4,1400.0,2-Car,No injury/unknown,FAILURE TO YIELD RIGHT OF WAY,39.14676011,-86.57113976
12,4,1000.0,2-Car,No injury/unknown,SPEED TOO FAST FOR WEATHER CONDITIONS,39.10459137,-86.55400848
12,4,1700.0,2-Car,Incapacitating,FOLLOWING TOO CLOSELY,39.16664,-86.5348
12,4,1400.0,2-Car,No injury/unknown,UNSAFE BACKING,39.17259598,-86.57152557
12,3,1700.0,2-Car,No injury/unknown,UNSAFE BACKING,39.16138485,-86.52702279
12,4,1700.0,3+ Cars,No injury/unknown,FOLLOWING TOO CLOSELY,39.164304,-86.506992
12,4,1900.0,2-Car,No injury/unknown,IMPROPER TURNING,39.121552,-86.531296
12,4,1800.0,2-Car,Non-incapacitating,FOLLOWING TOO CLOSELY,39.148144,-86.572992
12,4,1200.0,2-Car,No injury/unknown,IMPROPER LANE USAGE,39.16308001,-86.51527002
11,2,1400.0,2-Car,No injury/unknown,FOLLOWING TOO CLOSELY,39.22127625,-86.60581122
11,3,1200.0,2-Car,No injury/unknown,BRAKE FAILURE OR DEFECTIVE,39.234768,-86.626384
12,5,1100.0,2-Car,No injury/unknown,IMPROPER PASSING,39.23722839,-86.62761688
12,5,1200.0,2-Car,No injury/unknown,FAILURE TO YIELD RIGHT OF WAY,39.15834993,-86.53129018
12,4,1300.0,3+ Cars,Non-incapacitating,SPEED TOO FAST FOR WEATHER CONDITIONS,39.17896,-86.521088
11,7,1700.0,1-Car,No injury/unknown,ANIMAL/OBJECT IN ROADWAY,39.2684189,-86.53700724
11,1,1900.0,1-Car,Non-incapacitating,ANIMAL/OBJECT IN ROADWAY,39.023472,-86.405296
12,4,600.0,2-Car,No injury/unknown,UNSAFE BACKING,39.137088,-86.53056
12,5,600.0,Pedestrian,Incapacitating,FAILURE TO YIELD RIGHT OF WAY,39.16423861,-86.49522852
12,5,1200.0,2-Car,No injury/unknown,OTHER (DRIVER) - EXPLAIN IN NARRATIVE,39.161264,-86.520128
12,5,1500.0,2-Car,No injury/unknown,IMPROPER TURNING,39.168672,-86.536
12,5,2300.0,2-Car,No injury/unknown,UNSAFE BACKING,39.16464,-86.53081241
12,5,0.0,1-Car,No injury/unknown,ANIMAL/OBJECT IN ROADWAY,39.136096,-86.516
12,6,300.0,1-Car,No injury/unknown,UNSAFE BACKING,39.13704,-86.572896
12,6,600.0,1-Car,No injury/unknown,LEFT OF CENTER,39.15554971,-86.52703016
12,6,800.0,2-Car,No injury/unknown,FAILURE TO YIELD RIGHT OF WAY,39.1464386,-86.57504272
12,6,1100.0,2-Car,No injury/unknown,DRIVER DISTRACTED - EXPLAIN IN NARRATIVE,39.16864,-86.5324
12,6,1600.0,2-Car,No injury/unknown,FOLLOWING TOO CLOSELY,39.16144,-86.5336
12,6,1400.0,2-Car,No injury/unknown,,39.18060637,-86.53985502
12,6,1500.0,2-Car,No injury/unknown,UNSAFE BACKING,39.16115717,-86.53485253
12,6,2100.0,1-Car,No injury/unknown,DRIVER DISTRACTED - EXPLAIN IN NARRATIVE,39.16123798,-86.53485123
12,7,100.0,1-Car,Incapacitating,RAN OFF ROAD RIGHT,39.09974031,-86.4938499
12,7,0.0,2-Car,No injury/unknown,DISREGARD SIGNAL/REG SIGN,39.16464,-86.5336
12,7,300.0,1-Car,No injury/unknown,UNSAFE SPEED,39.171648,-86.50435515
12,7,800.0,2-Car,No injury/unknown,IMPROPER TURNING,39.16133992,-86.52719981
12,6,1000.0,2-Car,Non-incapacitating,FAILURE TO YIELD RIGHT OF WAY,39.170544,-86.5324
12,7,1000.0,2-Car,No injury/unknown,FOLLOWING TOO CLOSELY,39.16133992,-86.52720847
12,7,1100.0,2-Car,No injury/unknown,OTHER (DRIVER) - EXPLAIN IN NARRATIVE,39.16422436,-86.49666727
12,5,700.0,2-Car,No injury/unknown,FAILURE TO YIELD RIGHT OF WAY,39.21519851,-86.63041195
12,6,2000.0,Bus,No injury/unknown,OTHER (VEHICLE) - EXPLAIN IN NARRATIVE,39.14972006,-86.50827933
12,6,1800.0,2-Car,No injury/unknown,DISREGARD SIGNAL/REG SIGN,39.164544,-86.560096
12,4,1800.0,1-Car,Incapacitating,RAN OFF ROAD RIGHT,39.16578549,-86.45361103
12,5,2000.0,2-Car,Non-incapacitating,FOLLOWING TOO CLOSELY,39.12936,-86.604336
12,6,1600.0,2-Car,No injury/unknown,IMPROPER TURNING,39.142048,-86.582592
12,6,1700.0,2-Car,No injury/unknown,UNSAFE LANE MOVEMENT,39.179248,-86.5744
12,6,1500.0,2-Car,Non-incapacitating,FAILURE TO YIELD RIGHT OF WAY,39.20824,-86.554704
12,7,1900.0,2-Car,Incapacitating,FOLLOWING TOO CLOSELY,39.164272,-86.502416
12,7,1900.0,1-Car,Incapacitating,UNSAFE SPEED,39.284592,-86.479968
12,7,2200.0,2-Car,Non-incapacitating,IMPROPER LANE USAGE,39.16425012,-86.51525996
12,7,2300.0,2-Car,Incapacitating,FAILURE TO YIELD RIGHT OF WAY,39.16140027,-86.53867028
12,1,200.0,2-Car,No injury/unknown,UNSAFE BACKING,39.16484598,-86.53481278
12,1,200.0,Pedestrian,Non-incapacitating,PEDESTRIAN ACTION,39.163344,-86.5272
12,7,2200.0,1-Car,Incapacitating,RAN OFF ROAD RIGHT,39.10200236,-86.48143176
12,1,1200.0,2-Car,No injury/unknown,,39.16825801,-86.5763399
12,7,1200.0,2-Car,No injury/unknown,FOLLOWING TOO CLOSELY,39.16968932,-86.53478179
12,1,1200.0,Bus,No injury/unknown,FAILURE TO YIELD RIGHT OF WAY,39.23384,-86.624704
12,1,1300.0,2-Car,No injury/unknown,UNSAFE LANE MOVEMENT,39.16424,-86.492944
12,1,1300.0,2-Car,No injury/unknown,OTHER (VEHICLE) - EXPLAIN IN NARRATIVE,39.16765061,-86.53498253
12,1,1600.0,2-Car,No injury/unknown,FAILURE TO YIELD RIGHT OF WAY,39.16424,-86.495088
12,7,2100.0,3+ Cars,No injury/unknown,FOLLOWING TOO CLOSELY,39.17157993,-86.51252311
12,1,1900.0,3+ Cars,Non-incapacitating,UNSAFE SPEED,39.186544,-86.537888
12,7,2100.0,1-Car,No injury/unknown,DRIVER ASLEEP OR FATIGUED,39.166848,-86.4928
12,1,1900.0,3+ Cars,No injury/unknown,FOLLOWING TOO CLOSELY,39.198144,-86.542096
12,2,900.0,2-Car,No injury/unknown,UNSAFE BACKING,39.16698971,-86.4924
12,2,900.0,2-Car,No injury/unknown,OTHER (DRIVER) - EXPLAIN IN NARRATIVE,39.16450024,-86.56270019
12,2,1100.0,2-Car,No injury/unknown,DRIVER ASLEEP OR FATIGUED,39.196848,-86.5344
12,2,1200.0,2-Car,No injury/unknown,UNSAFE BACKING,39.07944,-86.647792
12,2,1400.0,2-Car,No injury/unknown,FAILURE TO YIELD RIGHT OF WAY,39.13459495,-86.51912704
12,2,1500.0,3+ Cars,No injury/unknown,FOLLOWING TOO CLOSELY,39.13634978,-86.54875002
12,2,1400.0,2-Car,No injury/unknown,UNSAFE BACKING,39.22383205,-86.50945968
12,2,2000.0,2-Car,No injury/unknown,FOLLOWING TOO CLOSELY,39.12447967,-86.50730989
12,2,500.0,1-Car,No injury/unknown,ANIMAL/OBJECT IN ROADWAY,39.22680545,-86.54614064
12,6,1600.0,2-Car,No injury/unknown,ENGINE FAILURE OR DEFECTIVE,39.15266671,-86.58359594
12,3,700.0,2-Car,No injury/unknown,UNSAFE BACKING,39.16632462,-86.53919219
12,3,1200.0,2-Car,No injury/unknown,DRIVER DISTRACTED - EXPLAIN IN NARRATIVE,39.17932129,-86.51348114
12,3,1200.0,2-Car,Non-incapacitating,DISREGARD SIGNAL/REG SIGN,39.16464,-86.5324
12,1,1500.0,2-Car,No injury/unknown,UNSAFE BACKING,39.17160395,-86.51902238
12,2,1600.0,2-Car,No injury/unknown,TIRE FAILURE OR DEFECTIVE,39.199072,-86.583152
12,3,1600.0,2-Car,No injury/unknown,FOLLOWING TOO CLOSELY,39.138336,-86.582528
12,5,1900.0,1-Car,No injury/unknown,RAN OFF ROAD RIGHT,39.12828827,-86.60414123
12,6,1900.0,1-Car,No injury/unknown,RAN OFF ROAD RIGHT,39.01174977,-86.56183899
12,5,1400.0,2-Car,No injury/unknown,UNSAFE BACKING,39.137088,-86.53056
12,3,1200.0,2-Car,No injury/unknown,FOLLOWING TOO CLOSELY,39.16458572,-86.57620079
12,4,600.0,2-Car,No injury/unknown,FAILURE TO YIELD RIGHT OF WAY,39.16424,-86.495088
12,4,900.0,Cyclist,Non-incapacitating,FAILURE TO YIELD RIGHT OF WAY,39.17160188,-86.52107241
12,2,200.0,2-Car,No injury/unknown,UNSAFE BACKING,39.20571753,-86.59277983
12,2,1200.0,2-Car,No injury/unknown,FOLLOWING TOO CLOSELY,39.1211263,-86.56374739
12,4,1300.0,2-Car,Non-incapacitating,DRIVER DISTRACTED - EXPLAIN IN NARRATIVE,39.148144,-86.572992
12,4,1400.0,2-Car,Incapacitating,UNSAFE BACKING,39.129673,-86.532737
12,4,1600.0,1-Car,No injury/unknown,UNSAFE LANE MOVEMENT,39.17688,-86.534736
12,4,1800.0,2-Car,No injury/unknown,FAILURE TO YIELD RIGHT OF WAY,39.165648,-86.52849682
12,4,2200.0,2-Car,No injury/unknown,FAILURE TO YIELD RIGHT OF WAY,39.160944,-86.508288
12,5,900.0,2-Car,No injury/unknown,FAILURE TO YIELD RIGHT OF WAY,39.15335029,-86.5336929
12,5,900.0,2-Car,No injury/unknown,DRIVER DISTRACTED - EXPLAIN IN NARRATIVE,39.150448,-86.498
12,5,1000.0,Cyclist,Non-incapacitating,FAILURE TO YIELD RIGHT OF WAY,39.179008,-86.525888
12,5,1000.0,2-Car,No injury/unknown,TIRE FAILURE OR DEFECTIVE,39.17289708,-86.56755899
12,5,1000.0,2-Car,Non-incapacitating,FAILURE TO YIELD RIGHT OF WAY,39.165023,-86.58345402
12,5,1100.0,3+ Cars,No injury/unknown,FOLLOWING TOO CLOSELY,39.171664,-86.52576
12,4,700.0,2-Car,No injury/unknown,FAILURE TO YIELD RIGHT OF WAY,39.17258852,-86.482127
12,5,1100.0,3+ Cars,Non-incapacitating,FOLLOWING TOO CLOSELY,39.16426018,-86.5163999
12,5,500.0,1-Car,No injury/unknown,ANIMAL/OBJECT IN ROADWAY,39.27761903,-86.67737978
12,4,1700.0,3+ Cars,No injury/unknown,FOLLOWING TOO CLOSELY,39.17469734,-86.56501204
12,5,1500.0,2-Car,No injury/unknown,FOLLOWING TOO CLOSELY,39.166672,-86.538608
12,5,1600.0,2-Car,No injury/unknown,UNSAFE BACKING,39.17612549,-86.51898236
12,5,1500.0,2-Car,No injury/unknown,UNSAFE BACKING,39.13782881,-86.52677815
11,6,700.0,2-Car,No injury/unknown,OTHER (VEHICLE) - EXPLAIN IN NARRATIVE,39.16971233,-86.55411037
12,3,1600.0,2-Car,No injury/unknown,UNSAFE BACKING,39.111152,-86.5348
12,2,2100.0,1-Car,No injury/unknown,OTHER (DRIVER) - EXPLAIN IN NARRATIVE,39.15804397,-86.59277983
12,5,2200.0,1-Car,No injury/unknown,RAN OFF ROAD RIGHT,39.21477524,-86.42645263
12,5,1000.0,2-Car,No injury/unknown,OTHER (DRIVER) - EXPLAIN IN NARRATIVE,39.17558638,-86.52710592
12,6,1200.0,2-Car,No injury/unknown,DISREGARD SIGNAL/REG SIGN,39.186544,-86.537888
12,6,1100.0,2-Car,No injury/unknown,FAILURE TO YIELD RIGHT OF WAY,39.16664,-86.529696
12,6,1100.0,1-Car,No injury/unknown,UNSAFE BACKING,39.16833115,-86.51569366
12,6,1100.0,2-Car,No injury/unknown,UNSAFE BACKING,39.14841068,-86.51913105
12,6,1800.0,2-Car,No injury/unknown,FOLLOWING TOO CLOSELY,39.16464,-86.52944575
12,6,1600.0,2-Car,No injury/unknown,OTHER (VEHICLE) - EXPLAIN IN NARRATIVE,39.18946841,-86.53337633
12,6,1700.0,2-Car,No injury/unknown,BRAKE FAILURE OR DEFECTIVE,39.32055629,-86.51213116
12,6,1800.0,Bus,No injury/unknown,UNSAFE BACKING,39.18217024,-86.51912929
12,6,1400.0,1-Car,No injury/unknown,DRIVER ILLNESS,39.16480484,-86.62016747
12,6,1200.0,2-Car,No injury/unknown,UNSAFE BACKING,39.16987228,-86.57498168
12,6,2200.0,2-Car,No injury/unknown,UNSAFE BACKING,39.16843504,-86.52339041
12,7,100.0,1-Car,No injury/unknown,SPEED TOO FAST FOR WEATHER CONDITIONS,39.16459009,-86.57619975
12,6,2300.0,1-Car,No injury/unknown,ANIMAL/OBJECT IN ROADWAY,39.26716926,-86.66605959
12,7,100.0,Pedestrian,Incapacitating,PEDESTRIAN ACTION,39.164352,-86.522592
12,6,2000.0,1-Car,No injury/unknown,RAN OFF ROAD RIGHT,39.15246986,-86.49050264
12,7,1200.0,2-Car,No injury/unknown,SPEED TOO FAST FOR WEATHER CONDITIONS,39.1364,-86.504896
12,7,1200.0,2-Car,No injury/unknown,FOLLOWING TOO CLOSELY,39.16423826,-86.49526439
12,6,1300.0,2-Car,No injury/unknown,UNSAFE BACKING,39.17903982,-86.53775028
12,7,1800.0,1-Car,No injury/unknown,ANIMAL/OBJECT IN ROADWAY,39.19551723,-86.55460661
12,7,1600.0,2-Car,No injury/unknown,FOLLOWING TOO CLOSELY,39.164448,-86.528096
12,6,1800.0,1-Car,No injury/unknown,ANIMAL/OBJECT IN ROADWAY,39.16377142,-86.64091963
12,7,1400.0,2-Car,No injury/unknown,FOLLOWING TOO CLOSELY,39.155152,-86.497888
12,7,1600.0,2-Car,No injury/unknown,IMPROPER PASSING,39.16424,-86.4984
12,7,1500.0,2-Car,No injury/unknown,UNSAFE LANE MOVEMENT,39.167648,-86.534784
12,6,1700.0,1-Car,No injury/unknown,UNSAFE SPEED,39.00721915,-86.51232665
12,7,2100.0,2-Car,No injury/unknown,DISREGARD SIGNAL/REG SIGN,39.16464,-86.534816
12,7,300.0,2-Car,No injury/unknown,OTHER (DRIVER) - EXPLAIN IN NARRATIVE,39.14554339,-86.58072088
12,1,200.0,1-Car,No injury/unknown,RAN OFF ROAD RIGHT,39.16426018,-86.5163999
12,1,1100.0,2-Car,No injury/unknown,FAILURE TO YIELD RIGHT OF WAY,39.166848,-86.506992
12,5,800.0,2-Car,No injury/unknown,DISREGARD SIGNAL/REG SIGN,39.10725988,-86.53149001
12,7,1400.0,2-Car,No injury/unknown,UNSAFE LANE MOVEMENT,39.16464,-86.56905455
12,7,1700.0,1-Car,No injury/unknown,OVERCORRECTING/OVERSTEERING,39.15055007,-86.51695981
12,1,1500.0,2-Car,No injury/unknown,FAILURE TO YIELD RIGHT OF WAY,39.15563017,-86.54330983
12,7,1900.0,2-Car,No injury/unknown,IMPROPER LANE USAGE,39.20057297,-86.5491333
12,1,100.0,2-Car,No injury/unknown,FAILURE TO YIELD RIGHT OF WAY,39.15993981,-86.55384603
12,7,100.0,1-Car,No injury/unknown,RAN OFF ROAD RIGHT,39.16355934,-86.42589328
12,2,700.0,1-Car,No injury/unknown,RAN OFF ROAD RIGHT,39.235952,-86.629696
12,5,900.0,2-Car,No injury/unknown,FAILURE TO YIELD RIGHT OF WAY,39.1332411,-86.53836812
12,6,1400.0,2-Car,No injury/unknown,DISREGARD SIGNAL/REG SIGN,39.12144,-86.526496
12,2,1100.0,2-Car,No injury/unknown,FOLLOWING TOO CLOSELY,39.164752,-86.573104
12,2,1200.0,1-Car,No injury/unknown,RAN OFF ROAD RIGHT,39.20082003,-86.54285989
12,2,1200.0,2-Car,No injury/unknown,UNSAFE BACKING,39.154544,-86.4872
12,2,1200.0,2-Car,No injury/unknown,FAILURE TO YIELD RIGHT OF WAY,39.13943969,-86.52692019
12,6,1700.0,2-Car,No injury/unknown,FAILURE TO YIELD RIGHT OF WAY,39.12419172,-86.61191905
12,7,1900.0,1-Car,Non-incapacitating,ANIMAL/OBJECT IN ROADWAY,39.12548805,-86.54444977
12,2,1100.0,2-Car,No injury/unknown,OTHER (VEHICLE) - EXPLAIN IN NARRATIVE,39.20286006,-86.51890971
12,2,1900.0,2-Car,No injury/unknown,OTHER (DRIVER) - EXPLAIN IN NARRATIVE,39.16664,-86.53211265
12,3,600.0,1-Car,No injury/unknown,LEFT OF CENTER,39.16283995,-86.53238989
12,1,900.0,1-Car,No injury/unknown,OVERCORRECTING/OVERSTEERING,39.25007815,-86.42302189
12,2,1900.0,2-Car,No injury/unknown,IMPROPER TURNING,39.16876025,-86.57641969
12,3,1100.0,3+ Cars,No injury/unknown,OTHER (DRIVER) - EXPLAIN IN NARRATIVE,39.18501779,-86.53806947
12,3,1100.0,2-Car,No injury/unknown,UNSAFE BACKING,39.17245835,-86.51898421
12,3,2200.0,2-Car,No injury/unknown,ACCELERATOR FAILURE OR DEFECTIVE,39.2512,-86.652504
12,3,2100.0,1-Car,Incapacitating,RAN OFF ROAD RIGHT,39.13599975,-86.50407401
12,4,900.0,2-Car,No injury/unknown,DISREGARD SIGNAL/REG SIGN,39.16224986,-86.52590967
12,4,900.0,2-Car,No injury/unknown,UNSAFE LANE MOVEMENT,39.17469734,-86.56501204
12,4,900.0,2-Car,No injury/unknown,VIEW OBSTRUCTED,39.164544,-86.560096
12,4,1100.0,2-Car,Non-incapacitating,OTHER (DRIVER) - EXPLAIN IN NARRATIVE,39.16562006,-86.57599993
12,3,1900.0,2-Car,No injury/unknown,FAILURE TO YIELD RIGHT OF WAY,39.186544,-86.537888
12,2,1900.0,2-Car,No injury/unknown,OTHER (DRIVER) - EXPLAIN IN NARRATIVE,39.120239,-86.52938
12,4,1500.0,1-Car,No injury/unknown,UNSAFE BACKING,39.171472,-86.509376
12,4,1700.0,2-Car,No injury/unknown,FOLLOWING TOO CLOSELY,39.22119141,-86.60566711
12,2,1700.0,2-Car,No injury/unknown,UNSAFE BACKING,39.125312,-86.610496
12,4,1600.0,2-Car,No injury/unknown,IMPROPER PASSING,39.105552,-86.551104
12,4,1500.0,2-Car,Non-incapacitating,FAILURE TO YIELD RIGHT OF WAY,39.15344,-86.5336
12,5,600.0,1-Car,No injury/unknown,ANIMAL/OBJECT IN ROADWAY,39.28037081,-86.66297393