Month,Day,Hour,Collision Type,Injury Type,Primary Factor,Latitude,Longitude
12,5,700.0,1-Car,No injury/unknown,RAN OFF ROAD RIGHT,39.136144,-86.52418483
12,4,1200.0,2-Car,No injury/unknown,SPEED TOO FAST FOR WEATHER CONDITIONS,39.16635968,-86.57600998
12,5,1100.0,2-Car,No injury/unknown,FAILURE TO YIELD RIGHT OF WAY,39.14504993,-86.55405007
12,5,800.0,1-Car,No injury/unknown,DRIVER ASLEEP OR FATIGUED,39.22591782,-86.60546875
12,3,1600.0,2-Car,No injury/unknown,,39.206944,-86.5996
12,5,1500.0,2-Car,No injury/unknown,UNSAFE BACKING,39.10851331,-86.53132114
12,5,1600.0,2-Car,No injury/unknown,ENGINE FAILURE OR DEFECTIVE,39.15563017,-86.54330983
12,5,1800.0,2-Car,No injury/unknown,UNSAFE LANE MOVEMENT,39.16308001,-86.5141797
12,5,2100.0,2-Car,No injury/unknown,UNSAFE LANE MOVEMENT,39.16426018,-86.5163999
12,5,400.0,1-Car,No injury/unknown,RAN OFF ROAD RIGHT,39.14882004,-86.49905003
12,6,2300.0,1-Car,No injury/unknown,TIRE FAILURE OR DEFECTIVE,39.22148334,-86.60616326
12,6,800.0,2-Car,No injury/unknown,OTHER (DRIVER) - EXPLAIN IN NARRATIVE,39.134752,-86.521792
12,6,1100.0,3+ Cars,No injury/unknown,FOLLOWING TOO CLOSELY,39.16424,-86.4984
12,6,400.0,1-Car,No injury/unknown,RAN OFF ROAD RIGHT,39.16975403,-86.4761734
12,5,800.0,2-Car,No injury/unknown,FOLLOWING TOO CLOSELY,39.15153122,-86.57220605
12,5,1800.0,2-Car,No injury/unknown,UNSAFE BACKING,39.137088,-86.53056
12,6,1200.0,2-Car,Incapacitating,FAILURE TO YIELD RIGHT OF WAY,39.10844526,-86.49855535
12,6,1500.0,2-Car,No injury/unknown,FAILURE TO YIELD RIGHT OF WAY,39.16461684,-86.57481413
12,6,1300.0,2-Car,No injury/unknown,IMPROPER LANE USAGE,39.16470933,-86.57183467
12,6,1800.0,Pedestrian,Incapacitating,PEDESTRIAN ACTION,39.16344009,-86.55128002
12,6,1300.0,2-Car,No injury/unknown,FOLLOWING TOO CLOSELY,39.10165998,-86.532684
12,5,1000.0,2-Car,No injury/unknown,UNSAFE LANE MOVEMENT,39.14186,-86.57995163
12,6,1000.0,2-Car,No injury/unknown,UNSAFE BACKING,39.125312,-86.610496
12,6,1600.0,Pedestrian,Non-incapacitating,FAILURE TO YIELD RIGHT OF WAY,39.145264,-86.577616
12,6,700.0,3+ Cars,No injury/unknown,DRIVER DISTRACTED - EXPLAIN IN NARRATIVE,39.186544,-86.537888
12,7,1000.0,2-Car,No injury/unknown,UNSAFE BACKING,39.14648987,-86.53246164
12,7,1100.0,2-Car,No injury/unknown,FAILURE TO YIELD RIGHT OF WAY,39.16464,-86.529728
12,7,1200.0,3+ Cars,No injury/unknown,FOLLOWING TOO CLOSELY,39.16424,-86.492944
12,6,1400.0,2-Car,No injury/unknown,FAILURE TO YIELD RIGHT OF WAY,39.13597025,-86.5311098
12,6,1800.0,2-Car,Incapacitating,FAILURE TO YIELD RIGHT OF WAY,39.16424,-86.480688
12,4,1400.0,2-Car,No injury/unknown,UNSAFE BACKING,39.16464,-86.56913891
12,6,1600.0,2-Car,No injury/unknown,FAILURE TO YIELD RIGHT OF WAY,39.15127024,-86.58265059
12,6,1900.0,2-Car,No injury/unknown,DRIVER DISTRACTED - EXPLAIN IN NARRATIVE,39.31763107,-86.51064363
12,7,1600.0,2-Car,No injury/unknown,FOLLOWING TOO CLOSELY,39.31831096,-86.51055935
12,7,2000.0,1-Car,Incapacitating,RAN OFF ROAD RIGHT,39.15473522,-86.5731008
12,7,1400.0,Pedestrian,Incapacitating,FAILURE TO YIELD RIGHT OF WAY,39.16562006,-86.57600425
12,7,2200.0,1-Car,No injury/unknown,RAN OFF ROAD RIGHT,39.19928629,-86.57504272
12,7,1100.0,2-Car,No injury/unknown,FAILURE TO YIELD RIGHT OF WAY,39.1464386,-86.57504272
12,6,1300.0,1-Car,No injury/unknown,IMPROPER TURNING,39.245574,-86.635658
12,1,1100.0,2-Car,No injury/unknown,IMPROPER TURNING,39.16781209,-86.57606229
12,7,1600.0,1-Car,No injury/unknown,ANIMAL/OBJECT IN ROADWAY,39.16385694,-86.508674
12,5,1200.0,2-Car,No injury/unknown,FAILURE TO YIELD RIGHT OF WAY,39.16876025,-86.57641969
12,6,1100.0,2-Car,No injury/unknown,OVERSIZE/OVERWEIGHT LOAD,39.16432,-86.50824
12,7,1900.0,2-Car,No injury/unknown,FAILURE TO YIELD RIGHT OF WAY,39.16458497,-86.57620081
12,1,1400.0,2-Car,No injury/unknown,FOLLOWING TOO CLOSELY,39.16424,-86.4984
12,1,2200.0,2-Car,No injury/unknown,IMPROPER TURNING,39.16423674,-86.49805388
12,1,1300.0,1-Car,No injury/unknown,OTHER (VEHICLE) - EXPLAIN IN NARRATIVE,39.10704,-86.523488
12,6,1300.0,2-Car,No injury/unknown,OTHER (DRIVER) - EXPLAIN IN NARRATIVE,39.121648,-86.539088
12,2,900.0,2-Car,No injury/unknown,UNSAFE BACKING,39.184208,-86.492816
12,2,1000.0,2-Car,No injury/unknown,OTHER (DRIVER) - EXPLAIN IN NARRATIVE,39.169552,-86.534784
12,2,1100.0,2-Car,No injury/unknown,UNSAFE LANE MOVEMENT,39.175952,-86.53344
12,2,1500.0,2-Car,Non-incapacitating,FOLLOWING TOO CLOSELY,39.16424,-86.480688
12,2,1700.0,1-Car,No injury/unknown,OVERCORRECTING/OVERSTEERING,39.17863846,-86.52835845
12,2,1800.0,1-Car,No injury/unknown,ANIMAL/OBJECT IN ROADWAY,39.20891792,-86.58132778
12,2,2100.0,2-Car,Non-incapacitating,FOLLOWING TOO CLOSELY,39.15056013,-86.51882998
12,3,2000.0,2-Car,No injury/unknown,UNSAFE BACKING,39.13064182,-86.53767988
12,2,1800.0,2-Car,No injury/unknown,FOLLOWING TOO CLOSELY,39.16424,-86.480688
12,3,1400.0,2-Car,Incapacitating,FAILURE TO YIELD RIGHT OF WAY,39.166944,-86.495056
12,3,1500.0,2-Car,No injury/unknown,FAILURE TO YIELD RIGHT OF WAY,39.12759965,-86.57913006
12,3,1600.0,2-Car,No injury/unknown,UNSAFE BACKING,39.13438,-86.57640301
12,2,1800.0,2-Car,No injury/unknown,VIEW OBSTRUCTED,39.16557983,-86.53235033
12,1,1600.0,1-Car,No injury/unknown,RAN OFF ROAD RIGHT,39.139344,-86.401088
12,2,1500.0,2-Car,No injury/unknown,FAILURE TO YIELD RIGHT OF WAY,39.179248,-86.5832
12,3,1700.0,Moped/Motorcycle,No injury/unknown,IMPROPER PASSING,39.032544,-86.541696
12,3,1900.0,2-Car,No injury/unknown,FAILURE TO YIELD RIGHT OF WAY,39.125312,-86.610496
12,4,100.0,1-Car,No injury/unknown,RAN OFF ROAD RIGHT,39.16533862,-86.495088
12,4,900.0,2-Car,Non-incapacitating,FAILURE TO YIELD RIGHT OF WAY,39.148144,-86.572992
12,4,1200.0,2-Car,No injury/unknown,FOLLOWING TOO CLOSELY,39.16424,-86.495088
12,4,1600.0,2-Car,Incapacitating,FOLLOWING TOO CLOSELY,39.186352,-86.528496
12,4,1600.0,3+ Cars,No injury/unknown,FOLLOWING TOO CLOSELY,39.05886576,-86.57913006
12,4,500.0,2-Car,No injury/unknown,LEFT OF CENTER,39.22766271,-86.61588976
12,3,100.0,1-Car,Incapacitating,UNSAFE SPEED,39.09349863,-86.59996102
12,5,100.0,2-Car,No injury/unknown,UNSAFE BACKING,39.17149326,-86.51131082
12,4,2100.0,2-Car,No injury/unknown,FAILURE TO YIELD RIGHT OF WAY,39.1359897,-86.52879975
12,5,600.0,2-Car,No injury/unknown,DISREGARD SIGNAL/REG SIGN,39.16658029,-86.53361029
12,4,1200.0,2-Car,No injury/unknown,UNSAFE SPEED,39.171648,-86.502096
12,4,1200.0,2-Car,No injury/unknown,FOLLOWING TOO CLOSELY,39.12141994,-86.53134986
12,3,1700.0,2-Car,No injury/unknown,UNSAFE BACKING,39.16423861,-86.49522852
12,5,2300.0,1-Car,No injury/unknown,RAN OFF ROAD RIGHT,39.19968,-86.55968
12,5,1100.0,2-Car,No injury/unknown,UNSAFE BACKING,39.12023926,-86.52938079
12,4,900.0,1-Car,No injury/unknown,RAN OFF ROAD RIGHT,39.2701267,-86.48186315
12,4,1100.0,1-Car,No injury/unknown,RAN OFF ROAD RIGHT,39.04660773,-86.40828939
12,5,1200.0,2-Car,No injury/unknown,FOLLOWING TOO CLOSELY,39.144752,-86.531888
12,5,1000.0,2-Car,No injury/unknown,FAILURE TO YIELD RIGHT OF WAY,39.16803807,-86.57621853
12,7,200.0,1-Car,No injury/unknown,ANIMAL/OBJECT IN ROADWAY,39.08693531,-86.67113914
12,5,1000.0,2-Car,No injury/unknown,OTHER (ENVIRONMENTAL) - EXPLAIN IN NARR,38.99476252,-86.53728083
12,4,1700.0,2-Car,Incapacitating,FAILURE TO YIELD RIGHT OF WAY,39.092944,-86.544
12,5,2200.0,2-Car,No injury/unknown,UNSAFE BACKING,39.130144,-86.577024
12,7,200.0,1-Car,No injury/unknown,ANIMAL/OBJECT IN ROADWAY,38.99366392,-86.5372677
12,1,0.0,1-Car,No injury/unknown,IMPROPER LANE USAGE,39.14555447,-86.53212815
12,1,0.0,1-Car,No injury/unknown,SPEED TOO FAST FOR WEATHER CONDITIONS,39.20263248,-86.56889006
12,1,1100.0,2-Car,No injury/unknown,SPEED TOO FAST FOR WEATHER CONDITIONS,39.280386,-84.94479
12,2,900.0,2-Car,No injury/unknown,FAILURE TO YIELD RIGHT OF WAY,39.28445816,-86.49533081
12,1,600.0,1-Car,No injury/unknown,ANIMAL/OBJECT IN ROADWAY,39.04918134,-86.53588594
12,2,700.0,1-Car,No injury/unknown,ROADWAY SURFACE CONDITION,39.306768,-86.476816
12,2,1400.0,2-Car,No injury/unknown,DISREGARD SIGNAL/REG SIGN,39.233056,-86.6256
12,2,1700.0,3+ Cars,No injury/unknown,FOLLOWING TOO CLOSELY,39.16464,-86.5336
12,2,700.0,2-Car,No injury/unknown,OTHER (DRIVER) - EXPLAIN IN NARRATIVE,39.136144,-86.580704
12,7,1500.0,1-Car,Incapacitating,RAN OFF ROAD RIGHT,39.10568006,-86.5224798
12,1,1600.0,3+ Cars,No injury/unknown,UNSAFE SPEED,39.14186096,-86.5799179
12,3,600.0,1-Car,No injury/unknown,ANIMAL/OBJECT IN ROADWAY,39.02059174,-86.53601714
12,2,1200.0,2-Car,No injury/unknown,SPEED TOO FAST FOR WEATHER CONDITIONS,39.15858999,-86.56790971
12,2,700.0,1-Car,No injury/unknown,RAN OFF ROAD RIGHT,39.10715819,-86.52650724
12,2,1500.0,Bus,No injury/unknown,UNSAFE LANE MOVEMENT,39.16664,-86.5348
12,3,1700.0,1-Car,No injury/unknown,OVERCORRECTING/OVERSTEERING,39.16747214,-86.57272682
12,3,2100.0,2-Car,Non-incapacitating,FAILURE TO YIELD RIGHT OF WAY,39.16461021,-86.57913006
10,1,1200.0,2-Car,No injury/unknown,UNSAFE LANE MOVEMENT,39.16308001,-86.5141797
12,4,1200.0,3+ Cars,No injury/unknown,IMPROPER TURNING,39.14023084,-86.5829797
12,2,2200.0,1-Car,Incapacitating,RAN OFF ROAD RIGHT,39.156144,-86.561296
12,3,500.0,1-Car,No injury/unknown,RAN OFF ROAD RIGHT,39.238513,-86.613235
12,5,1200.0,2-Car,No injury/unknown,FAILURE TO YIELD RIGHT OF WAY,39.166944,-86.495056
12,5,1100.0,2-Car,No injury/unknown,FOLLOWING TOO CLOSELY,39.149552,-86.575936
12,5,1400.0,2-Car,No injury/unknown,FOLLOWING TOO CLOSELY,39.165648,-86.5336
12,4,1600.0,2-Car,No injury/unknown,FOLLOWING TOO CLOSELY,39.25690807,-86.5768703
12,3,1600.0,1-Car,No injury/unknown,OTHER (DRIVER) - EXPLAIN IN NARRATIVE,39.16936111,-86.59674835
12,5,1500.0,2-Car,No injury/unknown,OTHER (VEHICLE) - EXPLAIN IN NARRATIVE,39.175152,-86.548048
12,4,2100.0,2-Car,No injury/unknown,UNSAFE BACKING,39.22990074,-86.635728
12,4,900.0,1-Car,No injury/unknown,ANIMAL/OBJECT IN ROADWAY,39.31359897,-86.51172699
12,3,1400.0,2-Car,No injury/unknown,ANIMAL/OBJECT IN ROADWAY,39.09734018,-86.59564208
4,5,900.0,3+ Cars,Non-incapacitating,FAILURE TO YIELD RIGHT OF WAY,40.89924136,-85.51386595
1,5,1700.0,2-Car,No injury/unknown,UNSAFE BACKING,40.615528,-87.313484
10,3,1200.0,1-Car,No injury/unknown,OVERSIZE/OVERWEIGHT LOAD,40.48158309,-85.63315222
9,6,2000.0,2-Car,No injury/unknown,DRIVER DISTRACTED - EXPLAIN IN NARRATIVE,40.1918609,-85.38064135
10,6,700.0,3+ Cars,Incapacitating,FOLLOWING TOO CLOSELY,40.03117049,-86.12608024
3,6,800.0,2-Car,No injury/unknown,FOLLOWING TOO CLOSELY,39.56472121,-86.51947021
10,2,1300.0,Moped/Motorcycle,Incapacitating,LEFT OF CENTER,39.5315596,-86.42645263
9,2,1600.0,1-Car,Non-incapacitating,RAN OFF ROAD RIGHT,39.51752291,-86.47167988
9,1,300.0,1-Car,No injury/unknown,RAN OFF ROAD RIGHT,39.48158564,-86.63486972
5,3,500.0,1-Car,No injury/unknown,RAN OFF ROAD RIGHT,39.43796158,-86.39395141
3,6,2000.0,1-Car,No injury/unknown,ANIMAL/OBJECT IN ROADWAY,39.43547095,-86.55792236
10,5,0.0,1-Car,No injury/unknown,UNSAFE SPEED,39.39678004,-86.53521023
7,7,800.0,1-Car,No injury/unknown,RAN OFF ROAD RIGHT,39.38752459,-86.42219656
1,6,2000.0,2-Car,No injury/unknown,UNSAFE LANE MOVEMENT,39.38283344,-86.51870072
3,2,600.0,1-Car,Non-incapacitating,ROADWAY SURFACE CONDITION,39.3824478,-86.55792236
2,6,1500.0,2-Car,No injury/unknown,LEFT OF CENTER,39.36887546,-86.48436457
10,2,1100.0,1-Car,No injury/unknown,ANIMAL/OBJECT IN ROADWAY,39.36269731,-86.55248179
9,1,400.0,1-Car,Incapacitating,RAN OFF ROAD RIGHT,39.34305607,-86.59276977
4,7,100.0,1-Car,Fatal,OBSTRUCTION NOT MARKED,39.34234251,-86.65127245
3,7,1000.0,1-Car,Non-incapacitating,ANIMAL/OBJECT IN ROADWAY,39.3392379,-86.54964776
1,4,1800.0,1-Car,No injury/unknown,ANIMAL/OBJECT IN ROADWAY,39.33749218,-86.49533081
10,6,2200.0,1-Car,No injury/unknown,SPEED TOO FAST FOR WEATHER CONDITIONS,39.33650147,-86.51086393
3,1,2200.0,1-Car,Non-incapacitating,RAN OFF ROAD RIGHT,39.33346643,-86.53310219
1,7,2300.0,1-Car,No injury/unknown,RAN OFF ROAD RIGHT,39.33281908,-86.50128029
12,6,1500.0,1-Car,Non-incapacitating,DRIVER ILLNESS,39.33184541,-86.51438677
1,1,2200.0,1-Car,No injury/unknown,ANIMAL/OBJECT IN ROADWAY,39.32998958,-86.51525817
4,1,1400.0,2-Car,Non-incapacitating,UNSAFE LANE MOVEMENT,39.32828874,-86.51388174
1,2,1500.0,1-Car,No injury/unknown,SPEED TOO FAST FOR WEATHER CONDITIONS,39.31968099,-86.51067443
4,7,200.0,1-Car,No injury/unknown,RAN OFF ROAD RIGHT,39.317216,-86.57976
2,3,700.0,2-Car,No injury/unknown,SPEED TOO FAST FOR WEATHER CONDITIONS,39.31700127,-86.5108666
12,7,300.0,1-Car,No injury/unknown,SPEED TOO FAST FOR WEATHER CONDITIONS,39.31614939,-86.51101878
11,1,1900.0,1-Car,No injury/unknown,ANIMAL/OBJECT IN ROADWAY,39.31561299,-86.51117113
2,3,800.0,1-Car,No injury/unknown,SPEED TOO FAST FOR WEATHER CONDITIONS,39.3148084,-86.51139966
6,2,500.0,1-Car,No injury/unknown,ANIMAL/OBJECT IN ROADWAY,39.314272,-86.511552
10,5,700.0,1-Car,No injury/unknown,ANIMAL/OBJECT IN ROADWAY,39.31416208,-86.51167738
7,7,2100.0,1-Car,No injury/unknown,ANIMAL/OBJECT IN ROADWAY,39.31400279,-86.511622
4,4,600.0,Pedestrian,Non-incapacitating,PEDESTRIAN ACTION,39.31304932,-86.666893
3,3,1400.0,1-Car,No injury/unknown,RAN OFF ROAD RIGHT,39.310928,-86.685424
8,3,2100.0,1-Car,No injury/unknown,UNSAFE SPEED,39.31077361,-86.42810277
3,3,800.0,2-Car,No injury/unknown,IMPROPER LANE USAGE,39.31006077,-86.51947021
2,6,1500.0,1-Car,No injury/unknown,RAN OFF ROAD RIGHT,39.30962931,-86.55243851
2,4,900.0,Bus,No injury/unknown,UNSAFE BACKING,39.308592,-86.602176
10,1,1300.0,2-Car,No injury/unknown,FOLLOWING TOO CLOSELY,39.30670166,-86.5161972
3,1,500.0,2-Car,Non-incapacitating,SPEED TOO FAST FOR WEATHER CONDITIONS,39.30565079,-86.51636386
4,3,1500.0,2-Car,No injury/unknown,FAILURE TO YIELD RIGHT OF WAY,39.30432,-86.5168
10,4,1300.0,2-Car,No injury/unknown,OVERCORRECTING/OVERSTEERING,39.30412235,-86.55929983
11,3,1900.0,1-Car,No injury/unknown,RAN OFF ROAD RIGHT,39.30406189,-86.51651001
1,1,1600.0,1-Car,No injury/unknown,SPEED TOO FAST FOR WEATHER CONDITIONS,39.30404015,-86.51626295
12,5,1700.0,3+ Cars,Incapacitating,DRIVER DISTRACTED - EXPLAIN IN NARRATIVE,39.30355273,-86.56252289
9,2,200.0,1-Car,No injury/unknown,RAN OFF ROAD RIGHT,39.30218905,-86.51748921
6,5,0.0,1-Car,No injury/unknown,ANIMAL/OBJECT IN ROADWAY,39.30152476,-86.51770406
7,2,1100.0,2-Car,No injury/unknown,TIRE FAILURE OR DEFECTIVE,39.29944992,-86.51947021
1,5,800.0,1-Car,No injury/unknown,SPEED TOO FAST FOR WEATHER CONDITIONS,39.29897788,-86.51843531
10,7,1400.0,1-Car,No injury/unknown,ANIMAL/OBJECT IN ROADWAY,39.298944,-86.6532
4,4,1700.0,2-Car,Incapacitating,FAILURE TO YIELD RIGHT OF WAY,39.2986878,-86.63486972
7,2,800.0,2-Car,Non-incapacitating,FOLLOWING TOO CLOSELY,39.29645443,-86.58308029
1,5,1600.0,1-Car,No injury/unknown,RAN OFF ROAD RIGHT,39.295952,-86.639808
3,2,1300.0,1-Car,No injury/unknown,RAN OFF ROAD RIGHT,39.29093552,-86.62451171
6,4,600.0,2-Car,No injury/unknown,FOLLOWING TOO CLOSELY,39.29042148,-86.51795556
1,6,900.0,2-Car,No injury/unknown,IMPROPER LANE USAGE,39.290288,-86.576992
10,4,700.0,1-Car,No injury/unknown,FAILURE TO YIELD RIGHT OF WAY,39.28949104,-86.56278428
10,7,1800.0,1-Car,No injury/unknown,RAN OFF ROAD RIGHT,39.288544,-86.480816
12,5,1700.0,1-Car,No injury/unknown,DRIVER DISTRACTED - EXPLAIN IN NARRATIVE,39.28844,-86.518728
5,7,1500.0,1-Car,Non-incapacitating,RAN OFF ROAD RIGHT,39.28492649,-86.57690668
10,4,700.0,1-Car,No injury/unknown,RAN OFF ROAD RIGHT,39.28449039,-86.66302773
5,3,800.0,2-Car,No injury/unknown,FOLLOWING TOO CLOSELY,39.28445816,-86.49533081
1,1,900.0,1-Car,No injury/unknown,RAN OFF ROAD RIGHT,39.28344,-86.624192
4,7,1600.0,1-Car,Non-incapacitating,UNSAFE SPEED,39.28344,-86.624192
7,3,900.0,1-Car,No injury/unknown,RAN OFF ROAD RIGHT,39.28339463,-86.58291793
7,4,600.0,1-Car,No injury/unknown,RAN OFF ROAD RIGHT,39.282576,-86.411808
11,2,500.0,1-Car,No injury/unknown,ANIMAL/OBJECT IN ROADWAY,39.28239736,-86.56252289
8,5,600.0,2-Car,No injury/unknown,FOLLOWING TOO CLOSELY,39.281744,-86.6848
12,5,0.0,1-Car,No injury/unknown,RAN OFF ROAD RIGHT,39.2814064,-86.67684174
1,5,1900.0,1-Car,No injury/unknown,OVERCORRECTING/OVERSTEERING,39.28106985,-86.46720886
2,1,1200.0,2-Car,Incapacitating,FAILURE TO YIELD RIGHT OF WAY,39.28076172,-86.52158355
7,2,2000.0,1-Car,Non-incapacitating,RAN OFF ROAD RIGHT,39.28068012,-86.58320686
9,7,1400.0,2-Car,No injury/unknown,UNSAFE SPEED,39.28039983,-86.52268029
10,6,1400.0,3+ Cars,Non-incapacitating,LEFT OF CENTER,39.27911703,-86.42514778
2,5,1500.0,2-Car,No injury/unknown,TIRE FAILURE OR DEFECTIVE,39.27761903,-86.67732778
11,1,1100.0,1-Car,No injury/unknown,ANIMAL/OBJECT IN ROADWAY,39.27640152,-86.55792236
7,6,1300.0,1-Car,No injury/unknown,ANIMAL/OBJECT IN ROADWAY,39.27640152,-86.55792236
8,2,500.0,1-Car,Non-incapacitating,RAN OFF ROAD RIGHT,39.27640152,-86.55792236
6,6,2100.0,2-Car,Non-incapacitating,FAILURE TO YIELD RIGHT OF WAY,39.27473068,-86.51846313
7,6,500.0,1-Car,No injury/unknown,RAN OFF ROAD RIGHT,39.273888,-86.621456
7,4,2200.0,1-Car,No injury/unknown,RAN OFF ROAD RIGHT,39.27368641,-86.58162091
1,7,2100.0,1-Car,No injury/unknown,RAN OFF ROAD RIGHT,39.2719099,-86.66333225
4,1,1200.0,2-Car,No injury/unknown,UNSAFE BACKING,39.27168,-86.522992
5,7,2300.0,1-Car,No injury/unknown,ANIMAL/OBJECT IN ROADWAY,39.27157583,-86.6708465
11,3,1200.0,1-Car,No injury/unknown,RAN OFF ROAD RIGHT,39.27069855,-86.40746307
3,7,1100.0,2-Car,No injury/unknown,IMPROPER TURNING,39.27035465,-86.57913006
11,2,2000.0,2-Car,No injury/unknown,INSECURE/LEAKY LOAD,39.26973827,-86.52761719
8,2,1700.0,2-Car,No injury/unknown,FAILURE TO YIELD RIGHT OF WAY,39.26891991,-86.52287428
9,1,1400.0,1-Car,No injury/unknown,ACCELERATOR FAILURE OR DEFECTIVE,39.26891991,-86.52287428
9,5,1500.0,2-Car,No injury/unknown,FOLLOWING TOO CLOSELY,39.26890488,-86.52287361
3,1,300.0,1-Car,No injury/unknown,RAN OFF ROAD RIGHT,39.2686304,-86.52286144
3,2,1700.0,2-Car,No injury/unknown,OTHER (DRIVER) - EXPLAIN IN NARRATIVE,39.2676891,-86.48645667
1,7,2300.0,1-Car,Non-incapacitating,ANIMAL/OBJECT IN ROADWAY,39.26766969,-86.52281888
9,1,1500.0,Moped/Motorcycle,Non-incapacitating,RAN OFF ROAD RIGHT,39.26735305,-86.44578108
12,4,1000.0,2-Car,No injury/unknown,FOLLOWING TOO CLOSELY,39.26681667,-86.66570028
11,7,0.0,1-Car,No injury/unknown,ANIMAL/OBJECT IN ROADWAY,39.26670898,-86.52277632
8,1,1100.0,1-Car,Non-incapacitating,DRIVER DISTRACTED - EXPLAIN IN NARRATIVE,39.2667052,-86.6212264
10,7,400.0,1-Car,No injury/unknown,RAN OFF ROAD RIGHT,39.26631271,-86.66517575
7,4,1100.0,1-Car,Non-incapacitating,RAN OFF ROAD RIGHT,39.266,-86.501696
8,6,800.0,1-Car,No injury/unknown,RAN OFF ROAD RIGHT,39.266,-86.501696
10,5,1100.0,1-Car,No injury/unknown,RAN OFF ROAD RIGHT,39.266,-86.501696
1,4,1900.0,1-Car,No injury/unknown,ANIMAL/OBJECT IN ROADWAY,39.26592158,-86.49001527
9,2,1200.0,2-Car,No injury/unknown,FAILURE TO YIELD RIGHT OF WAY,39.26576946,-86.52273805
4,1,500.0,2-Car,No injury/unknown,UNSAFE LANE MOVEMENT,39.26568238,-86.53453968
8,1,1600.0,1-Car,Non-incapacitating,RAN OFF ROAD RIGHT,39.265456,-86.569392
3,1,1600.0,1-Car,No injury/unknown,UNSAFE BACKING,39.26374817,-86.57717895
1,4,1300.0,2-Car,Non-incapacitating,FAILURE TO YIELD RIGHT OF WAY,39.26307137,-86.52255833
1,6,1400.0,2-Car,No injury/unknown,UNSAFE SPEED,39.263024,-86.52264
8,2,2100.0,2-Car,No injury/unknown,FAILURE TO YIELD RIGHT OF WAY,39.263024,-86.52264
9,1,0.0,2-Car,No injury/unknown,FAILURE TO YIELD RIGHT OF WAY,39.263024,-86.52264
9,3,500.0,Moped/Motorcycle,No injury/unknown,UNSAFE LANE MOVEMENT,39.263024,-86.52264
11,6,1800.0,2-Car,Incapacitating,FAILURE TO YIELD RIGHT OF WAY,39.263024,-86.52264
11,2,1200.0,2-Car,No injury/unknown,TIRE FAILURE OR DEFECTIVE,39.26193629,-86.52270895
12,4,1600.0,2-Car,No injury/unknown,DRIVER DISTRACTED - EXPLAIN IN NARRATIVE,39.26164302,-86.57353973
12,5,700.0,1-Car,No injury/unknown,RAN OFF ROAD RIGHT,39.26144131,-86.62067145
5,6,1800.0,1-Car,Non-incapacitating,UNSAFE LANE MOVEMENT,39.26135336,-86.52291349
1,4,1600.0,2-Car,No injury/unknown,ROADWAY SURFACE CONDITION,39.261296,-86.583248
4,3,300.0,1-Car,Incapacitating,RAN OFF ROAD RIGHT,39.26059067,-86.42372019
7,4,2200.0,1-Car,No injury/unknown,RAN OFF ROAD RIGHT,39.26041222,-86.52349167
8,6,1900.0,1-Car,Non-incapacitating,SPEED TOO FAST FOR WEATHER CONDITIONS,39.2597949,-86.52387837
11,2,800.0,Bus,Non-incapacitating,LEFT OF CENTER,39.25962636,-86.65763204
9,5,1800.0,2-Car,No injury/unknown,FOLLOWING TOO CLOSELY,39.25962636,-86.65754537
1,5,100.0,1-Car,No injury/unknown,RAN OFF ROAD RIGHT,39.25960159,-86.64379365
10,4,800.0,1-Car,No injury/unknown,RAN OFF ROAD RIGHT,39.25766202,-86.53789982
10,4,1500.0,1-Car,Non-incapacitating,RAN OFF ROAD RIGHT,39.255568,-86.469632
1,7,2000.0,1-Car,No injury/unknown,ANIMAL/OBJECT IN ROADWAY,39.25531635,-86.51507479
5,2,1500.0,2-Car,Incapacitating,LEFT OF CENTER,39.25516621,-86.65524513
2,7,0.0,2-Car,Fatal,LEFT OF CENTER,39.25501235,-86.65516921
8,4,700.0,2-Car,Incapacitating,FAILURE TO YIELD RIGHT OF WAY,39.254128,-86.592464
11,7,100.0,1-Car,No injury/unknown,ANIMAL/OBJECT IN ROADWAY,39.25248,-86.659104
6,1,700.0,1-Car,No injury/unknown,ANIMAL/OBJECT IN ROADWAY,39.252448,-86.653904
6,5,900.0,2-Car,No injury/unknown,FOLLOWING TOO CLOSELY,39.252448,-86.653904
1,7,1200.0,2-Car,Fatal,LEFT OF CENTER,39.25224102,-86.6536718
9,1,0.0,1-Car,No injury/unknown,RAN OFF ROAD RIGHT,39.251648,-86.529056
9,1,0.0,1-Car,Incapacitating,RAN OFF ROAD RIGHT,39.251648,-86.529056
10,5,1700.0,2-Car,Non-incapacitating,OTHER (DRIVER) - EXPLAIN IN NARRATIVE,39.25137709,-86.40089632
1,7,1800.0,1-Car,No injury/unknown,RAN OFF ROAD RIGHT,39.25128,-86.388368
1,1,2000.0,2-Car,No injury/unknown,UNSAFE BACKING,39.2512,-86.652504
3,3,1800.0,2-Car,No injury/unknown,UNSAFE BACKING,39.2512,-86.652504
3,2,1200.0,2-Car,No injury/unknown,UNSAFE BACKING,39.2512,-86.652504
4,3,0.0,2-Car,No injury/unknown,UNSAFE BACKING,39.2512,-86.652504