Month,Day,Hour,Collision Type,Injury Type,Primary Factor,Latitude,Longitude
7,3,1700.0,2-Car,No injury/unknown,FAILURE TO YIELD RIGHT OF WAY,39.2512,-86.652504
7,3,1600.0,2-Car,No injury/unknown,UNSAFE BACKING,39.2512,-86.652504
8,4,1000.0,2-Car,No injury/unknown,UNSAFE BACKING,39.2512,-86.652504
10,7,2000.0,Cyclist,Non-incapacitating,HEADLIGHT DEFECTIVE OR NOT ON,39.2512,-86.652504
10,5,2300.0,1-Car,No injury/unknown,RAN OFF ROAD RIGHT,39.2512,-86.652504
11,6,1600.0,2-Car,No injury/unknown,UNSAFE BACKING,39.2512,-86.652504
6,1,1100.0,1-Car,No injury/unknown,RAN OFF ROAD RIGHT,39.25114131,-86.38886766
11,1,0.0,1-Car,No injury/unknown,OTHER (DRIVER) - EXPLAIN IN NARRATIVE,39.250688,-86.529744
11,6,1500.0,2-Car,No injury/unknown,FOLLOWING TOO CLOSELY,39.250688,-86.529744
1,5,2000.0,1-Car,No injury/unknown,RAN OFF ROAD RIGHT,39.25037815,-86.65158204
9,5,2000.0,2-Car,Non-incapacitating,FOLLOWING TOO CLOSELY,39.250048,-86.621664
12,1,1000.0,1-Car,No injury/unknown,ANIMAL/OBJECT IN ROADWAY,39.249248,-86.463888
10,6,2100.0,2-Car,Non-incapacitating,LEFT OF CENTER,39.24893188,-86.40267296
2,3,1800.0,1-Car,Non-incapacitating,RAN OFF ROAD RIGHT,39.24809403,-86.59277983
5,5,700.0,2-Car,No injury/unknown,FOLLOWING TOO CLOSELY,39.24744,-86.547792
5,5,2000.0,1-Car,No injury/unknown,RAN OFF ROAD RIGHT,39.24744,-86.547792
12,1,1900.0,1-Car,No injury/unknown,DRIVER DISTRACTED - EXPLAIN IN NARRATIVE,39.24744,-86.547792
10,5,1700.0,1-Car,No injury/unknown,RAN OFF ROAD RIGHT,39.24744,-86.547792
11,1,1500.0,2-Car,No injury/unknown,FAILURE TO YIELD RIGHT OF WAY,39.24744,-86.547792
2,3,900.0,1-Car,Non-incapacitating,UNSAFE SPEED,39.24629637,-86.49941683
1,3,500.0,1-Car,No injury/unknown,RAN OFF ROAD RIGHT,39.246208,-86.431904
1,3,1000.0,1-Car,No injury/unknown,RAN OFF ROAD RIGHT,39.245744,-86.636896
4,2,1700.0,2-Car,No injury/unknown,FAILURE TO YIELD RIGHT OF WAY,39.24573911,-86.6367148
4,3,1400.0,2-Car,No injury/unknown,IMPROPER TURNING,39.24570968,-86.63679967
1,5,2000.0,1-Car,No injury/unknown,OVERCORRECTING/OVERSTEERING,39.245408,-86.6204
5,7,1400.0,2-Car,No injury/unknown,UNSAFE BACKING,39.244848,-86.60839618
1,4,1600.0,1-Car,No injury/unknown,RAN OFF ROAD RIGHT,39.244752,-86.5928
8,1,600.0,1-Car,No injury/unknown,RAN OFF ROAD RIGHT,39.244752,-86.5928
9,2,1600.0,2-Car,No injury/unknown,RAN OFF ROAD RIGHT,39.2437706,-86.6211142
9,2,1200.0,Moped/Motorcycle,Non-incapacitating,RAN OFF ROAD RIGHT,39.24370956,-86.38459777
9,7,700.0,Moped/Motorcycle,Non-incapacitating,RAN OFF ROAD RIGHT,39.24370956,-86.38454594
10,4,2000.0,2-Car,Incapacitating,LEFT OF CENTER,39.24355713,-86.49343967
10,6,2300.0,1-Car,Incapacitating,RAN OFF ROAD RIGHT,39.24310411,-86.59278706
3,3,1400.0,2-Car,No injury/unknown,IMPROPER TURNING,39.242544,-86.622304
8,7,1500.0,1-Car,No injury/unknown,RAN OFF ROAD RIGHT,39.24172799,-86.68436718
11,3,1000.0,2-Car,No injury/unknown,RAN OFF ROAD RIGHT,39.24108891,-86.43607295
2,2,1500.0,2-Car,No injury/unknown,OTHER (DRIVER) - EXPLAIN IN NARRATIVE,39.24106979,-86.63207244
2,5,700.0,1-Car,No injury/unknown,ANIMAL/OBJECT IN ROADWAY,39.24082118,-86.5226593
10,5,1300.0,2-Car,No injury/unknown,OTHER (DRIVER) - EXPLAIN IN NARRATIVE,39.24065016,-86.4434028
6,7,1200.0,2-Car,No injury/unknown,BRAKE FAILURE OR DEFECTIVE,39.24065016,-86.44322991
8,2,1100.0,1-Car,Incapacitating,SPEED TOO FAST FOR WEATHER CONDITIONS,39.24065016,-86.44321262
12,3,800.0,1-Car,No injury/unknown,ANIMAL/OBJECT IN ROADWAY,39.24028002,-86.49909698
7,7,1100.0,1-Car,Non-incapacitating,RAN OFF ROAD RIGHT,39.23984,-86.387696
2,4,800.0,1-Car,No injury/unknown,RAN OFF ROAD RIGHT,39.23947404,-86.49948975
8,3,2100.0,2-Car,No injury/unknown,FOLLOWING TOO CLOSELY,39.238848,-86.630096
9,3,1200.0,2-Car,No injury/unknown,LEFT OF CENTER,39.23765011,-86.60691976
10,2,1700.0,2-Car,No injury/unknown,FAILURE TO YIELD RIGHT OF WAY,39.23763013,-86.62949361
1,7,2000.0,1-Car,No injury/unknown,SPEED TOO FAST FOR WEATHER CONDITIONS,39.23749936,-86.59283608
12,7,1700.0,2-Car,No injury/unknown,FOLLOWING TOO CLOSELY,39.23736097,-86.62936048
1,7,400.0,1-Car,No injury/unknown,RAN OFF ROAD RIGHT,39.23712,-86.463408
4,2,1800.0,2-Car,No injury/unknown,UNSAFE BACKING,39.23645501,-86.67777494
9,2,1500.0,2-Car,No injury/unknown,OTHER (DRIVER) - EXPLAIN IN NARRATIVE,39.2364,-86.631248
10,1,1400.0,Moped/Motorcycle,No injury/unknown,RAN OFF ROAD RIGHT,39.2364,-86.631248
1,6,1400.0,2-Car,No injury/unknown,ROADWAY SURFACE CONDITION,39.236288,-86.628336
3,5,700.0,1-Car,No injury/unknown,RAN OFF ROAD RIGHT,39.23613303,-86.6206701
2,6,2300.0,2-Car,Non-incapacitating,DISREGARD SIGNAL/REG SIGN,39.236096,-86.625168
2,5,1400.0,1-Car,Non-incapacitating,RAN OFF ROAD RIGHT,39.235147,-86.436288
5,3,1500.0,2-Car,Non-incapacitating,FOLLOWING TOO CLOSELY,39.23506165,-86.61779785
6,1,2200.0,1-Car,No injury/unknown,UNSAFE BACKING,39.23496393,-86.62663149
12,4,0.0,2-Car,No injury/unknown,UNSAFE LANE MOVEMENT,39.23496393,-86.62663149
1,6,700.0,2-Car,No injury/unknown,UNSAFE BACKING,39.23489967,-86.62821765
1,3,1300.0,3+ Cars,No injury/unknown,ROADWAY SURFACE CONDITION,39.234768,-86.626384
8,6,1300.0,2-Car,No injury/unknown,OTHER (ENVIRONMENTAL) - EXPLAIN IN NARR,39.234768,-86.626384
11,5,1100.0,2-Car,No injury/unknown,FOLLOWING TOO CLOSELY,39.234768,-86.626384
3,1,1600.0,1-Car,No injury/unknown,SPEED TOO FAST FOR WEATHER CONDITIONS,39.23438854,-86.5415463
5,5,2000.0,2-Car,No injury/unknown,UNSAFE SPEED,39.23418,-86.62702019
12,4,1600.0,2-Car,No injury/unknown,UNSAFE BACKING,39.23403394,-86.62519693
11,4,900.0,2-Car,No injury/unknown,UNSAFE LANE MOVEMENT,39.23389053,-86.61813355
1,4,1400.0,2-Car,No injury/unknown,FAILURE TO YIELD RIGHT OF WAY,39.23384,-86.624704
2,3,1700.0,2-Car,No injury/unknown,ROADWAY SURFACE CONDITION,39.23384,-86.624704
5,3,1900.0,2-Car,No injury/unknown,FOLLOWING TOO CLOSELY,39.23384,-86.624704
7,6,1700.0,2-Car,No injury/unknown,IMPROPER TURNING,39.23384,-86.624704
7,7,1100.0,2-Car,No injury/unknown,IMPROPER TURNING,39.23384,-86.624704
8,2,1300.0,Moped/Motorcycle,No injury/unknown,FAILURE TO YIELD RIGHT OF WAY,39.23384,-86.624704
8,2,700.0,2-Car,No injury/unknown,FAILURE TO YIELD RIGHT OF WAY,39.23384,-86.624704
10,6,900.0,2-Car,No injury/unknown,IMPROPER TURNING,39.23384,-86.624704
9,7,1300.0,2-Car,Non-incapacitating,IMPROPER LANE USAGE,39.23384,-86.624704
10,2,1600.0,2-Car,No injury/unknown,DRIVER DISTRACTED - EXPLAIN IN NARRATIVE,39.23384,-86.624704
12,6,1400.0,2-Car,No injury/unknown,OTHER (ENVIRONMENTAL) - EXPLAIN IN NARR,39.23384,-86.624704
2,6,1700.0,1-Car,No injury/unknown,SPEED TOO FAST FOR WEATHER CONDITIONS,39.2338145,-86.54121076
5,7,1000.0,1-Car,No injury/unknown,RAN OFF ROAD RIGHT,39.23377991,-86.62393951
12,6,800.0,1-Car,No injury/unknown,RAN OFF ROAD RIGHT,39.2336077,-86.62436717
8,6,600.0,Pedestrian,Fatal,PEDESTRIAN ACTION,39.23343737,-86.62428439
9,1,2300.0,2-Car,No injury/unknown,OTHER (DRIVER) - EXPLAIN IN NARRATIVE,39.23320997,-86.62542404
10,6,1400.0,2-Car,No injury/unknown,FAILURE TO YIELD RIGHT OF WAY,39.233056,-86.6256
10,7,1300.0,2-Car,No injury/unknown,UNSAFE BACKING,39.2326889,-86.43321991
4,1,1200.0,2-Car,No injury/unknown,FOLLOWING TOO CLOSELY,39.232688,-86.623056
5,6,1900.0,2-Car,No injury/unknown,FOLLOWING TOO CLOSELY,39.232688,-86.623056
2,5,1200.0,2-Car,No injury/unknown,FOLLOWING TOO CLOSELY,39.232544,-86.540704
4,6,1600.0,2-Car,No injury/unknown,UNSAFE BACKING,39.232544,-86.540704
8,3,0.0,2-Car,No injury/unknown,UNSAFE BACKING,39.232544,-86.540704
10,2,1800.0,2-Car,No injury/unknown,DRIVER DISTRACTED - EXPLAIN IN NARRATIVE,39.232544,-86.540704
2,3,700.0,1-Car,No injury/unknown,SPEED TOO FAST FOR WEATHER CONDITIONS,39.232512,-86.626224
10,7,1500.0,3+ Cars,Incapacitating,UNSAFE LANE MOVEMENT,39.23220279,-86.62237172
2,4,1400.0,1-Car,No injury/unknown,RAN OFF ROAD RIGHT,39.23183978,-86.50635973
11,7,1900.0,1-Car,No injury/unknown,LEFT OF CENTER,39.23183978,-86.50637703
4,3,2000.0,1-Car,No injury/unknown,RAN OFF ROAD RIGHT,39.23175998,-86.60598321
12,3,1800.0,2-Car,No injury/unknown,FAILURE TO YIELD RIGHT OF WAY,39.231744,-86.620992
1,2,900.0,2-Car,No injury/unknown,ROADWAY SURFACE CONDITION,39.231696,-86.67408
2,7,1400.0,1-Car,No injury/unknown,ROADWAY SURFACE CONDITION,39.23165962,-86.67299813
3,7,2200.0,1-Car,No injury/unknown,RAN OFF ROAD RIGHT,39.23162842,-86.42171782
3,6,2100.0,1-Car,No injury/unknown,ANIMAL/OBJECT IN ROADWAY,39.23137841,-86.41023212
11,3,1500.0,3+ Cars,No injury/unknown,TIRE FAILURE OR DEFECTIVE,39.2313605,-86.64098947
1,6,2000.0,1-Car,No injury/unknown,RAN OFF ROAD RIGHT,39.231344,-86.640096
5,3,800.0,2-Car,Non-incapacitating,OTHER (DRIVER) - EXPLAIN IN NARRATIVE,39.23131742,-86.64016574
5,6,2200.0,1-Car,No injury/unknown,ANIMAL/OBJECT IN ROADWAY,39.23120007,-86.59276977
12,6,600.0,2-Car,No injury/unknown,DRIVER ASLEEP OR FATIGUED,39.231152,-86.6308
2,3,700.0,1-Car,Non-incapacitating,SPEED TOO FAST FOR WEATHER CONDITIONS,39.2310157,-86.63077848
10,6,1000.0,2-Car,No injury/unknown,IMPROPER TURNING,39.230884,-86.62051411
1,5,1000.0,1-Car,No injury/unknown,SPEED TOO FAST FOR WEATHER CONDITIONS,39.23043218,-86.54352292
1,5,900.0,1-Car,No injury/unknown,SPEED TOO FAST FOR WEATHER CONDITIONS,39.23041474,-86.54353454
1,5,2100.0,1-Car,No injury/unknown,RAN OFF ROAD RIGHT,39.23031025,-86.47342319
6,4,1300.0,2-Car,No injury/unknown,UNSAFE BACKING,39.23031025,-86.4733886
10,1,1400.0,2-Car,No injury/unknown,UNSAFE BACKING,39.229952,-86.636784
12,7,900.0,2-Car,No injury/unknown,SPEED TOO FAST FOR WEATHER CONDITIONS,39.22766271,-86.61593307
7,2,1400.0,1-Car,Non-incapacitating,DRIVER ILLNESS,39.22766271,-86.61603701
7,4,900.0,2-Car,No injury/unknown,DRIVER DISTRACTED - EXPLAIN IN NARRATIVE,39.22766271,-86.61593307
9,6,2100.0,2-Car,No injury/unknown,DRIVER DISTRACTED - EXPLAIN IN NARRATIVE,39.22766271,-86.61593307
9,7,400.0,1-Car,Non-incapacitating,UNSAFE SPEED,39.22766271,-86.61588976
12,3,700.0,2-Car,No injury/unknown,FAILURE TO YIELD RIGHT OF WAY,39.22729874,-86.61971283
12,1,1800.0,1-Car,No injury/unknown,UNSAFE SPEED,39.22729874,-86.61971673
1,5,900.0,1-Car,No injury/unknown,OTHER (DRIVER) - EXPLAIN IN NARRATIVE,39.22729874,-86.61971282
10,6,1800.0,Cyclist,Incapacitating,PEDESTRIAN ACTION,39.22729874,-86.61971282
11,2,1900.0,1-Car,No injury/unknown,RAN OFF ROAD RIGHT,39.22679008,-86.48208976
12,5,600.0,1-Car,No injury/unknown,ANIMAL/OBJECT IN ROADWAY,39.22659367,-86.51785031
7,1,1200.0,1-Car,Non-incapacitating,RAN OFF ROAD RIGHT,39.22644043,-86.45610402
11,5,1100.0,1-Car,No injury/unknown,SPEED TOO FAST FOR WEATHER CONDITIONS,39.22595786,-86.5283432
2,6,1400.0,2-Car,No injury/unknown,LEFT OF CENTER,39.22552665,-86.61279402
6,2,900.0,1-Car,No injury/unknown,UNSAFE SPEED,39.22520774,-86.4402747
6,6,700.0,1-Car,No injury/unknown,ANIMAL/OBJECT IN ROADWAY,39.22494974,-86.54723454
11,5,1600.0,3+ Cars,Non-incapacitating,FOLLOWING TOO CLOSELY,39.22484228,-86.58297971
7,7,400.0,1-Car,No injury/unknown,UNSAFE SPEED,39.22464,-86.539392
12,5,1600.0,2-Car,No injury/unknown,UNSAFE BACKING,39.22454453,-86.60807037
9,4,1700.0,2-Car,No injury/unknown,FAILURE TO YIELD RIGHT OF WAY,39.22432949,-86.6109368
9,5,1400.0,2-Car,No injury/unknown,IMPROPER TURNING,39.22432949,-86.61093594
1,5,1000.0,1-Car,No injury/unknown,SPEED TOO FAST FOR WEATHER CONDITIONS,39.22374792,-86.54805129
1,5,1100.0,1-Car,No injury/unknown,SPEED TOO FAST FOR WEATHER CONDITIONS,39.22374792,-86.54805129
10,6,100.0,1-Car,No injury/unknown,ANIMAL/OBJECT IN ROADWAY,39.22319366,-86.60907799
6,7,1500.0,2-Car,No injury/unknown,DRIVER DISTRACTED - EXPLAIN IN NARRATIVE,39.222848,-86.592704
6,4,1200.0,2-Car,No injury/unknown,FAILURE TO YIELD RIGHT OF WAY,39.222752,-86.550096
8,6,700.0,1-Car,No injury/unknown,RAN OFF ROAD RIGHT,39.222544,-86.5172
12,1,1900.0,1-Car,No injury/unknown,ANIMAL/OBJECT IN ROADWAY,39.222544,-86.5172
11,7,900.0,1-Car,No injury/unknown,RAN OFF ROAD RIGHT,39.222544,-86.5172
9,4,1700.0,2-Car,No injury/unknown,FAILURE TO YIELD RIGHT OF WAY,39.22223009,-86.51723004
7,2,1600.0,1-Car,Incapacitating,RAN OFF ROAD RIGHT,39.22185242,-86.44175194
4,4,100.0,2-Car,Non-incapacitating,FAILURE TO YIELD RIGHT OF WAY,39.221248,-86.55
10,6,1200.0,1-Car,No injury/unknown,RAN OFF ROAD RIGHT,39.221248,-86.55
8,4,1700.0,2-Car,No injury/unknown,OTHER (DRIVER) - EXPLAIN IN NARRATIVE,39.22104407,-86.60525565
4,4,1600.0,2-Car,Non-incapacitating,FAILURE TO YIELD RIGHT OF WAY,39.22059296,-86.60482208
12,5,1700.0,2-Car,No injury/unknown,UNSAFE BACKING,39.22057343,-86.63783264
11,7,1900.0,1-Car,No injury/unknown,ANIMAL/OBJECT IN ROADWAY,39.22039032,-86.41103924
8,5,1100.0,Moped/Motorcycle,Non-incapacitating,OVERCORRECTING/OVERSTEERING,39.22039032,-86.41105651
9,5,2000.0,Moped/Motorcycle,Non-incapacitating,RAN OFF ROAD RIGHT,39.22039032,-86.41101331
12,7,900.0,1-Car,No injury/unknown,RAN OFF ROAD RIGHT,39.21957779,-86.58625793
1,5,600.0,1-Car,No injury/unknown,SPEED TOO FAST FOR WEATHER CONDITIONS,39.21939124,-86.44866348
1,7,2200.0,1-Car,No injury/unknown,ROADWAY SURFACE CONDITION,39.21936967,-86.44920774
1,6,1500.0,3+ Cars,Non-incapacitating,RAN OFF ROAD RIGHT,39.21936967,-86.44920774
6,6,1600.0,2-Car,No injury/unknown,FAILURE TO YIELD RIGHT OF WAY,39.21936967,-86.44920774
12,1,1800.0,1-Car,No injury/unknown,OTHER (VEHICLE) - EXPLAIN IN NARRATIVE,39.21936967,-86.44920774
1,5,300.0,1-Car,No injury/unknown,RAN OFF ROAD RIGHT,39.21919638,-86.59272015
1,6,800.0,2-Car,Non-incapacitating,FOLLOWING TOO CLOSELY,39.219152,-86.602304
2,4,800.0,2-Car,No injury/unknown,UNSAFE LANE MOVEMENT,39.219152,-86.602304
9,5,2000.0,2-Car,Non-incapacitating,FAILURE TO YIELD RIGHT OF WAY,39.219152,-86.602304
9,6,1800.0,2-Car,Non-incapacitating,FAILURE TO YIELD RIGHT OF WAY,39.21906886,-86.60216349
5,1,1900.0,2-Car,No injury/unknown,FAILURE TO YIELD RIGHT OF WAY,39.21865316,-86.60146093
9,6,1500.0,2-Car,Non-incapacitating,FOLLOWING TOO CLOSELY,39.21811022,-86.59268997
12,5,1900.0,1-Car,Incapacitating,RAN OFF ROAD RIGHT,39.21798365,-86.63822986
2,1,0.0,2-Car,No injury/unknown,FAILURE TO YIELD RIGHT OF WAY,39.217248,-86.598992
11,7,2300.0,1-Car,No injury/unknown,ANIMAL/OBJECT IN ROADWAY,39.217248,-86.598992
9,3,800.0,2-Car,No injury/unknown,OTHER (DRIVER) - EXPLAIN IN NARRATIVE,39.21708157,-86.49495966
11,7,2000.0,2-Car,No injury/unknown,UNSAFE BACKING,39.21697617,-86.61425018
3,7,2000.0,1-Car,No injury/unknown,RAN OFF ROAD RIGHT,39.2168697,-86.65871992
6,3,1600.0,2-Car,Non-incapacitating,FAILURE TO YIELD RIGHT OF WAY,39.21658609,-86.59639092
8,1,1300.0,2-Car,No injury/unknown,UNSAFE BACKING,39.21655923,-86.59484311
1,2,1800.0,2-Car,No injury/unknown,HEADLIGHT DEFECTIVE OR NOT ON,39.21649933,-86.59526824
5,4,1300.0,2-Car,No injury/unknown,OTHER (DRIVER) - EXPLAIN IN NARRATIVE,39.21631855,-86.55303465
1,5,1300.0,2-Car,No injury/unknown,UNSAFE BACKING,39.21589772,-86.51666007
11,2,1700.0,1-Car,Non-incapacitating,RAN OFF ROAD RIGHT,39.21546406,-86.59900188
9,1,1400.0,3+ Cars,Non-incapacitating,FOLLOWING TOO CLOSELY,39.21544,-86.541904
6,7,2000.0,2-Car,No injury/unknown,FAILURE TO YIELD RIGHT OF WAY,39.21535861,-86.59301239
4,4,1200.0,2-Car,Non-incapacitating,FOLLOWING TOO CLOSELY,39.215356,-86.59301519
11,3,700.0,2-Car,No injury/unknown,FAILURE TO YIELD RIGHT OF WAY,39.21534922,-86.51890542
2,6,700.0,1-Car,No injury/unknown,RAN OFF ROAD RIGHT,39.215344,-86.521392
8,4,300.0,1-Car,Non-incapacitating,RAN OFF ROAD RIGHT,39.215344,-86.521392
4,3,2100.0,1-Car,No injury/unknown,RAN OFF ROAD RIGHT,39.21520002,-86.63036656
1,4,2000.0,1-Car,No injury/unknown,UNSAFE BACKING,39.21520002,-86.63040988
9,3,700.0,1-Car,No injury/unknown,ANIMAL/OBJECT IN ROADWAY,39.21519851,-86.63028201
2,5,1900.0,3+ Cars,No injury/unknown,FAILURE TO YIELD RIGHT OF WAY,39.215152,-86.5928
2,4,800.0,2-Car,No injury/unknown,FOLLOWING TOO CLOSELY,39.215152,-86.5928
5,2,700.0,1-Car,No injury/unknown,INSECURE/LEAKY LOAD,39.215152,-86.5928
5,6,1200.0,2-Car,No injury/unknown,DISREGARD SIGNAL/REG SIGN,39.215152,-86.5928
8,7,2100.0,2-Car,Non-incapacitating,FAILURE TO YIELD RIGHT OF WAY,39.215152,-86.5928
9,6,1800.0,2-Car,No injury/unknown,DISREGARD SIGNAL/REG SIGN,39.215152,-86.5928
10,6,1600.0,2-Car,No injury/unknown,FAILURE TO YIELD RIGHT OF WAY,39.215152,-86.5928
12,5,1700.0,2-Car,No injury/unknown,SPEED TOO FAST FOR WEATHER CONDITIONS,39.21502809,-86.59263479
1,1,800.0,1-Car,No injury/unknown,RAN OFF ROAD RIGHT,39.21498039,-86.50992329
3,2,1500.0,1-Car,No injury/unknown,SPEED TOO FAST FOR WEATHER CONDITIONS,39.21489023,-86.47757324
1,6,800.0,1-Car,No injury/unknown,RAN OFF ROAD RIGHT,39.21475201,-86.47642662
8,5,100.0,1-Car,No injury/unknown,RAN OFF ROAD RIGHT,39.214752,-86.477504
10,6,2200.0,1-Car,No injury/unknown,TIRE FAILURE OR DEFECTIVE,39.214752,-86.477504
12,5,1900.0,2-Car,No injury/unknown,FOLLOWING TOO CLOSELY,39.21467972,-86.59262848
11,6,1200.0,2-Car,No injury/unknown,FOLLOWING TOO CLOSELY,39.21467972,-86.59262848
7,4,300.0,1-Car,No injury/unknown,RAN OFF ROAD RIGHT,39.21443306,-86.46693265
11,7,1100.0,3+ Cars,Non-incapacitating,IMPROPER LANE USAGE,39.21421656,-86.59150766
1,6,2300.0,2-Car,No injury/unknown,DRIVER DISTRACTED - EXPLAIN IN NARRATIVE,39.21333946,-86.59028505
12,5,1700.0,2-Car,No injury/unknown,UNSAFE LANE MOVEMENT,39.21328558,-86.59020994
1,1,1600.0,1-Car,No injury/unknown,RAN OFF ROAD RIGHT,39.21303011,-86.48669856
4,4,1700.0,Moped/Motorcycle,No injury/unknown,UNSAFE BACKING,39.212944,-86.486896
11,5,800.0,1-Car,No injury/unknown,RAN OFF ROAD RIGHT,39.212944,-86.486896
4,1,1400.0,2-Car,No injury/unknown,UNSAFE SPEED,39.21275323,-86.49217108
1,4,1500.0,2-Car,No injury/unknown,FAILURE TO YIELD RIGHT OF WAY,39.21257534,-86.58882993
9,2,1100.0,2-Car,No injury/unknown,FAILURE TO YIELD RIGHT OF WAY,39.21257534,-86.58882993
7,2,1200.0,2-Car,Incapacitating,FOLLOWING TOO CLOSELY,39.2125206,-86.59179687
7,4,1400.0,1-Car,Non-incapacitating,DRIVER ILLNESS,39.21230051,-86.61009216
7,3,1300.0,2-Car,No injury/unknown,FAILURE TO YIELD RIGHT OF WAY,39.21206673,-86.58700874
7,4,900.0,1-Car,Non-incapacitating,RAN OFF ROAD RIGHT,39.2120519,-86.62404763
1,5,800.0,1-Car,No injury/unknown,RAN OFF ROAD RIGHT,39.212048,-86.5872
2,6,300.0,2-Car,No injury/unknown,ROADWAY SURFACE CONDITION,39.212048,-86.5872
4,5,800.0,2-Car,No injury/unknown,FAILURE TO YIELD RIGHT OF WAY,39.212048,-86.5872
9,7,1100.0,2-Car,Non-incapacitating,FOLLOWING TOO CLOSELY,39.212048,-86.5872
11,7,1200.0,2-Car,No injury/unknown,FAILURE TO YIELD RIGHT OF WAY,39.212048,-86.5872
12,3,2100.0,2-Car,No injury/unknown,UNSAFE LANE MOVEMENT,39.212048,-86.5872
3,6,1800.0,2-Car,No injury/unknown,FOLLOWING TOO CLOSELY,39.21199392,-86.58703774
1,7,1700.0,1-Car,No injury/unknown,ROADWAY SURFACE CONDITION,39.21184,-86.496096
5,3,1100.0,Moped/Motorcycle,Incapacitating,OTHER (DRIVER) - EXPLAIN IN NARRATIVE,39.21181186,-86.49858633
1,6,1000.0,2-Car,No injury/unknown,DRIVER DISTRACTED - EXPLAIN IN NARRATIVE,39.21168518,-86.57872009
1,5,700.0,1-Car,No injury/unknown,ANIMAL/OBJECT IN ROADWAY,39.21150714,-86.58557742
11,3,1600.0,2-Car,No injury/unknown,FAILURE TO YIELD RIGHT OF WAY,39.21150714,-86.58557742
11,7,2200.0,1-Car,No injury/unknown,ANIMAL/OBJECT IN ROADWAY,39.21139975,-86.52158356
2,3,1700.0,2-Car,No injury/unknown,FOLLOWING TOO CLOSELY,39.211376,-86.598
2,3,1900.0,2-Car,No injury/unknown,FAILURE TO YIELD RIGHT OF WAY,39.2105977,-86.58397619
7,7,1400.0,Moped/Motorcycle,Non-incapacitating,FAILURE TO YIELD RIGHT OF WAY,39.21033749,-86.58315002
9,2,1500.0,2-Car,No injury/unknown,FOLLOWING TOO CLOSELY,39.21033749,-86.58315002
1,5,1000.0,2-Car,Non-incapacitating,DISREGARD SIGNAL/REG SIGN,39.210144,-86.5832
2,2,2200.0,2-Car,No injury/unknown,FOLLOWING TOO CLOSELY,39.210144,-86.5832
3,7,1500.0,2-Car,No injury/unknown,FOLLOWING TOO CLOSELY,39.210144,-86.5832
5,4,1200.0,2-Car,No injury/unknown,BRAKE FAILURE OR DEFECTIVE,39.210144,-86.5832
7,4,1000.0,3+ Cars,No injury/unknown,FAILURE TO YIELD RIGHT OF WAY,39.210144,-86.5832
8,3,1400.0,3+ Cars,No injury/unknown,BRAKE FAILURE OR DEFECTIVE,39.210144,-86.5832
9,6,1700.0,2-Car,Non-incapacitating,DISREGARD SIGNAL/REG SIGN,39.210144,-86.5832
10,6,1700.0,Bus,No injury/unknown,UNSAFE SPEED,39.210144,-86.5832
1,1,200.0,1-Car,No injury/unknown,RAN OFF ROAD RIGHT,39.20996033,-86.58269003
3,6,1700.0,2-Car,No injury/unknown,INSECURE/LEAKY LOAD,39.20995913,-86.58266093
1,3,800.0,1-Car,Non-incapacitating,RAN OFF ROAD RIGHT,39.209952,-86.463392
11,7,1400.0,2-Car,No injury/unknown,LEFT OF CENTER,39.209952,-86.463392
10,4,1600.0,2-Car,No injury/unknown,FAILURE TO YIELD RIGHT OF WAY,39.20986935,-86.5832
9,6,1800.0,2-Car,No injury/unknown,FOLLOWING TOO CLOSELY,39.209808,-86.582672
10,6,1700.0,2-Car,Non-incapacitating,FAILURE TO YIELD RIGHT OF WAY,39.209808,-86.582672
8,3,1600.0,2-Car,No injury/unknown,FOLLOWING TOO CLOSELY,39.20962999,-86.58240315
1,7,1700.0,2-Car,No injury/unknown,UNSAFE BACKING,39.20957878,-86.5822535
2,7,1600.0,2-Car,No injury/unknown,BRAKE FAILURE OR DEFECTIVE,39.20946304,-86.58215103
5,4,800.0,1-Car,No injury/unknown,RAN OFF ROAD RIGHT,39.209344,-86.5736
10,6,1600.0,2-Car,No injury/unknown,FAILURE TO YIELD RIGHT OF WAY,39.20932003,-86.5832
2,7,2200.0,1-Car,Non-incapacitating,RAN OFF ROAD RIGHT,39.20911007,-86.61138027
4,6,1900.0,2-Car,No injury/unknown,FOLLOWING TOO CLOSELY,39.20911007,-86.61138027
9,3,1300.0,1-Car,Non-incapacitating,RAN OFF ROAD RIGHT,39.20858972,-86.61133697
8,5,600.0,1-Car,No injury/unknown,RAN OFF ROAD RIGHT,39.208544,-86.611504
2,7,1100.0,2-Car,No injury/unknown,FAILURE TO YIELD RIGHT OF WAY,39.20843496,-86.57777018
7,4,1700.0,2-Car,No injury/unknown,FAILURE TO YIELD RIGHT OF WAY,39.20841001,-86.55361583
3,6,1200.0,2-Car,No injury/unknown,UNSAFE LANE MOVEMENT,39.20840935,-86.55361584
12,6,2100.0,2-Car,No injury/unknown,IMPROPER LANE USAGE,39.20824814,-86.58039093
2,3,800.0,1-Car,No injury/unknown,SPEED TOO FAST FOR WEATHER CONDITIONS,39.20824,-86.554704
3,2,1900.0,2-Car,No injury/unknown,FAILURE TO YIELD RIGHT OF WAY,39.20824,-86.554704