Month,Day,Hour,Collision Type,Injury Type,Primary Factor,Latitude,Longitude
4,7,900.0,3+ Cars,No injury/unknown,FAILURE TO YIELD RIGHT OF WAY,39.20824,-86.554704
9,4,800.0,2-Car,No injury/unknown,FAILURE TO YIELD RIGHT OF WAY,39.20824,-86.554704
10,4,1500.0,1-Car,No injury/unknown,SPEED TOO FAST FOR WEATHER CONDITIONS,39.20824,-86.552192
3,2,1600.0,2-Car,No injury/unknown,FAILURE TO YIELD RIGHT OF WAY,39.20822031,-86.58314376
10,6,200.0,3+ Cars,No injury/unknown,ROADWAY SURFACE CONDITION,39.20822031,-86.58314376
4,2,1800.0,2-Car,No injury/unknown,FOLLOWING TOO CLOSELY,39.20822024,-86.58315002
9,2,1900.0,3+ Cars,No injury/unknown,SPEED TOO FAST FOR WEATHER CONDITIONS,39.20822024,-86.58315002
9,1,200.0,1-Car,No injury/unknown,ANIMAL/OBJECT IN ROADWAY,39.20815989,-86.52942001
9,2,1800.0,2-Car,Non-incapacitating,FOLLOWING TOO CLOSELY,39.208144,-86.5832
10,6,1400.0,2-Car,Non-incapacitating,SPEED TOO FAST FOR WEATHER CONDITIONS,39.208144,-86.5832
12,7,900.0,2-Car,No injury/unknown,SPEED TOO FAST FOR WEATHER CONDITIONS,39.208144,-86.5832
12,2,1400.0,3+ Cars,No injury/unknown,FOLLOWING TOO CLOSELY,39.208144,-86.5832
8,5,1600.0,2-Car,No injury/unknown,OTHER (DRIVER) - EXPLAIN IN NARRATIVE,39.20811012,-86.57769694
6,1,1900.0,1-Car,No injury/unknown,SPEED TOO FAST FOR WEATHER CONDITIONS,39.208048,-86.528704
8,2,700.0,1-Car,No injury/unknown,RAN OFF ROAD RIGHT,39.208048,-86.528704
9,3,900.0,2-Car,Non-incapacitating,LEFT OF CENTER,39.208048,-86.528704
10,6,1000.0,1-Car,Non-incapacitating,SPEED TOO FAST FOR WEATHER CONDITIONS,39.208048,-86.528704
10,6,1800.0,2-Car,Non-incapacitating,SPEED TOO FAST FOR WEATHER CONDITIONS,39.208048,-86.528704
11,3,1600.0,3+ Cars,Incapacitating,LEFT OF CENTER,39.208048,-86.528704
2,6,1500.0,1-Car,No injury/unknown,SPEED TOO FAST FOR WEATHER CONDITIONS,39.20801975,-86.52876323
2,6,1600.0,3+ Cars,No injury/unknown,FOLLOWING TOO CLOSELY,39.20801975,-86.52871996
8,6,2000.0,1-Car,No injury/unknown,IMPROPER TURNING,39.20785208,-86.57517159
4,6,1700.0,2-Car,No injury/unknown,FOLLOWING TOO CLOSELY,39.20776,-86.532272
6,6,400.0,2-Car,No injury/unknown,FOLLOWING TOO CLOSELY,39.207648,-86.573792
8,1,400.0,1-Car,Non-incapacitating,RAN OFF ROAD RIGHT,39.207648,-86.573792
11,7,100.0,2-Car,No injury/unknown,DRIVER DISTRACTED - EXPLAIN IN NARRATIVE,39.207648,-86.573792
12,5,2000.0,1-Car,Fatal,RAN OFF ROAD RIGHT,39.20764272,-86.57990586
1,5,1800.0,1-Car,No injury/unknown,SPEED TOO FAST FOR WEATHER CONDITIONS,39.20742442,-86.55672021
2,2,1900.0,Pedestrian,Non-incapacitating,OTHER (VEHICLE) - EXPLAIN IN NARRATIVE,39.20740128,-86.54956054
1,3,1700.0,1-Car,No injury/unknown,RAN OFF ROAD RIGHT,39.20734541,-86.59995022
9,5,1600.0,3+ Cars,Non-incapacitating,DRIVER DISTRACTED - EXPLAIN IN NARRATIVE,39.20712993,-86.53484009
8,6,1600.0,2-Car,Non-incapacitating,DISREGARD SIGNAL/REG SIGN,39.20704,-86.534704
10,4,2200.0,2-Car,No injury/unknown,FOLLOWING TOO CLOSELY,39.20704,-86.534704
12,4,2300.0,1-Car,Non-incapacitating,OVERCORRECTING/OVERSTEERING,39.20704,-86.534704
7,4,1800.0,3+ Cars,No injury/unknown,FOLLOWING TOO CLOSELY,39.20703001,-86.58315002
3,6,1500.0,Pedestrian,Incapacitating,UNSAFE LANE MOVEMENT,39.20695053,-86.52863944
4,6,1100.0,2-Car,No injury/unknown,OTHER (DRIVER) - EXPLAIN IN NARRATIVE,39.206312,-86.571312
4,6,1700.0,2-Car,No injury/unknown,IMPROPER TURNING,39.206312,-86.571312
9,6,0.0,1-Car,No injury/unknown,IMPROPER TURNING,39.206312,-86.571312
12,2,1800.0,2-Car,No injury/unknown,UNSAFE BACKING,39.206312,-86.571312
4,4,1700.0,2-Car,No injury/unknown,OVERCORRECTING/OVERSTEERING,39.20619965,-86.61134338
10,1,2000.0,2-Car,No injury/unknown,FAILURE TO YIELD RIGHT OF WAY,39.20619965,-86.61134338
10,6,1600.0,2-Car,No injury/unknown,FAILURE TO YIELD RIGHT OF WAY,39.20617782,-86.61114022
10,5,1600.0,1-Car,No injury/unknown,RAN OFF ROAD RIGHT,39.206144,-86.528592
4,5,1300.0,Bus,No injury/unknown,IMPROPER PASSING,39.20492913,-86.5168599
11,7,400.0,1-Car,No injury/unknown,ANIMAL/OBJECT IN ROADWAY,39.20488983,-86.53700725
11,3,1800.0,1-Car,No injury/unknown,RAN OFF ROAD RIGHT,39.204448,-86.583168
10,3,1200.0,1-Car,No injury/unknown,RAN OFF ROAD RIGHT,39.20432248,-86.46359046
8,2,2100.0,1-Car,No injury/unknown,RAN OFF ROAD RIGHT,39.2041871,-86.46362007
2,3,900.0,Bus,No injury/unknown,FAILURE TO YIELD RIGHT OF WAY,39.20304,-86.547392
3,2,1500.0,2-Car,No injury/unknown,FAILURE TO YIELD RIGHT OF WAY,39.20304,-86.547392
4,7,1100.0,Pedestrian,No injury/unknown,PEDESTRIAN ACTION,39.20304,-86.547392
4,6,700.0,2-Car,No injury/unknown,UNSAFE BACKING,39.20304,-86.547392
5,6,700.0,2-Car,No injury/unknown,OTHER (DRIVER) - EXPLAIN IN NARRATIVE,39.20304,-86.547392
12,2,1700.0,2-Car,No injury/unknown,FOLLOWING TOO CLOSELY,39.20304,-86.547392
11,5,900.0,2-Car,No injury/unknown,OTHER (DRIVER) - EXPLAIN IN NARRATIVE,39.20304,-86.547392
4,4,400.0,1-Car,Non-incapacitating,SPEED TOO FAST FOR WEATHER CONDITIONS,39.201952,-86.5288
12,7,1600.0,3+ Cars,Non-incapacitating,SPEED TOO FAST FOR WEATHER CONDITIONS,39.2018835,-86.5831208
1,4,800.0,2-Car,Non-incapacitating,FOLLOWING TOO CLOSELY,39.20140209,-86.56260028
10,4,1500.0,1-Car,No injury/unknown,OVERCORRECTING/OVERSTEERING,39.20137374,-86.55465446
2,6,1500.0,2-Car,No injury/unknown,FOLLOWING TOO CLOSELY,39.20098923,-86.55465169
9,1,100.0,1-Car,Non-incapacitating,RAN OFF ROAD RIGHT,39.200848,-86.512096
10,2,700.0,2-Car,No injury/unknown,DRIVER DISTRACTED - EXPLAIN IN NARRATIVE,39.200615,-86.549133
2,6,700.0,2-Car,No injury/unknown,FAILURE TO YIELD RIGHT OF WAY,39.20061493,-86.5491333
3,6,1500.0,2-Car,No injury/unknown,UNSAFE BACKING,39.20061493,-86.5491333
10,6,1900.0,3+ Cars,Non-incapacitating,DRIVER DISTRACTED - EXPLAIN IN NARRATIVE,39.20059967,-86.54263044
5,1,2000.0,2-Car,No injury/unknown,FOLLOWING TOO CLOSELY,39.20043945,-86.46796671
1,2,1300.0,1-Car,No injury/unknown,RAN OFF ROAD RIGHT,39.200352,-86.468
2,4,1800.0,2-Car,No injury/unknown,IMPROPER PASSING,39.200352,-86.468
2,3,700.0,1-Car,No injury/unknown,RAN OFF ROAD RIGHT,39.20033623,-86.6010068
5,2,1700.0,2-Car,No injury/unknown,UNSAFE BACKING,39.20019637,-86.52234971
10,6,500.0,1-Car,No injury/unknown,ANIMAL/OBJECT IN ROADWAY,39.19999032,-86.5544281
9,3,1300.0,2-Car,No injury/unknown,SPEED TOO FAST FOR WEATHER CONDITIONS,39.1999336,-86.55979908
12,2,1000.0,1-Car,No injury/unknown,ANIMAL/OBJECT IN ROADWAY,39.19987161,-86.46798003
4,4,900.0,2-Car,No injury/unknown,UNSAFE BACKING,39.19952847,-86.46796576
5,6,0.0,1-Car,No injury/unknown,RAN OFF ROAD RIGHT,39.19935131,-86.52866632
1,6,2000.0,1-Car,No injury/unknown,RAN OFF ROAD RIGHT,39.19919392,-86.6000299
2,4,900.0,2-Car,No injury/unknown,UNSAFE LANE MOVEMENT,39.19874969,-86.55432676
8,5,1100.0,2-Car,No injury/unknown,UNSAFE BACKING,39.198448,-86.529296
12,7,1500.0,2-Car,No injury/unknown,,39.197952,-86.543184
12,7,1700.0,1-Car,No injury/unknown,ANIMAL/OBJECT IN ROADWAY,39.19789977,-86.55844743
11,1,2000.0,1-Car,No injury/unknown,ANIMAL/OBJECT IN ROADWAY,39.19789977,-86.55843012
2,5,1700.0,Bus,No injury/unknown,FAILURE TO YIELD RIGHT OF WAY,39.19768911,-86.5442173
9,2,1400.0,1-Car,Incapacitating,RAN OFF ROAD RIGHT,39.19760691,-86.46788587
9,2,1700.0,2-Car,No injury/unknown,DRIVER ASLEEP OR FATIGUED,39.19725024,-86.533432
8,2,2100.0,2-Car,Non-incapacitating,LEFT OF CENTER,39.19720334,-86.59759782
2,7,900.0,1-Car,No injury/unknown,RAN OFF ROAD RIGHT,39.19689046,-86.55462122
8,3,300.0,1-Car,No injury/unknown,ANIMAL/OBJECT IN ROADWAY,39.19689046,-86.55462122
9,7,1700.0,2-Car,No injury/unknown,FOLLOWING TOO CLOSELY,39.196848,-86.5344
10,1,1800.0,2-Car,No injury/unknown,FOLLOWING TOO CLOSELY,39.196848,-86.5344
5,3,1300.0,2-Car,No injury/unknown,UNSAFE BACKING,39.196848,-86.513088
2,2,900.0,1-Car,Non-incapacitating,RAN OFF ROAD RIGHT,39.19675827,-86.48849487
1,3,800.0,1-Car,No injury/unknown,RAN OFF ROAD RIGHT,39.1951508,-86.55579153
3,1,700.0,1-Car,No injury/unknown,RAN OFF ROAD RIGHT,39.19504,-86.489488
11,4,1600.0,2-Car,No injury/unknown,UNSAFE LANE MOVEMENT,39.19496794,-86.55460077
1,4,1100.0,2-Car,No injury/unknown,FOLLOWING TOO CLOSELY,39.194144,-86.554592
3,6,600.0,2-Car,No injury/unknown,FAILURE TO YIELD RIGHT OF WAY,39.194144,-86.554592
12,3,800.0,2-Car,Incapacitating,DISREGARD SIGNAL/REG SIGN,39.194144,-86.554592
12,4,1700.0,1-Car,No injury/unknown,ANIMAL/OBJECT IN ROADWAY,39.19407534,-86.554592
12,1,2300.0,Pedestrian,Incapacitating,PEDESTRIAN ACTION,39.19396833,-86.53335147
8,6,1500.0,2-Car,No injury/unknown,UNSAFE BACKING,39.193952,-86.533296
7,5,1500.0,2-Car,No injury/unknown,FOLLOWING TOO CLOSELY,39.19377136,-86.5712053
9,3,1600.0,2-Car,No injury/unknown,FOLLOWING TOO CLOSELY,39.19377136,-86.5711975
12,3,1300.0,2-Car,No injury/unknown,LEFT OF CENTER,39.19377136,-86.57115422
12,4,1300.0,2-Car,No injury/unknown,UNSAFE BACKING,39.1937492,-86.571526
6,4,300.0,1-Car,No injury/unknown,DRIVER ASLEEP OR FATIGUED,39.19361563,-86.59015968
9,1,900.0,1-Car,No injury/unknown,ROADWAY SURFACE CONDITION,39.193408,-86.48584
8,7,1100.0,3+ Cars,No injury/unknown,FOLLOWING TOO CLOSELY,39.19268293,-86.50220967
2,1,200.0,1-Car,No injury/unknown,SPEED TOO FAST FOR WEATHER CONDITIONS,39.19238985,-86.55264422
5,3,800.0,1-Car,No injury/unknown,RAN OFF ROAD RIGHT,39.19152029,-86.59263968
11,1,1700.0,1-Car,No injury/unknown,ANIMAL/OBJECT IN ROADWAY,39.19139779,-86.55463666
5,4,1800.0,2-Car,No injury/unknown,FAILURE TO YIELD RIGHT OF WAY,39.191248,-86.532896
7,2,900.0,2-Car,No injury/unknown,TIRE FAILURE OR DEFECTIVE,39.19121056,-86.533432
8,7,1100.0,1-Car,No injury/unknown,RAN OFF ROAD RIGHT,39.19109304,-86.53773396
1,7,1600.0,1-Car,No injury/unknown,RAN OFF ROAD RIGHT,39.190672,-86.582992
5,7,800.0,1-Car,No injury/unknown,RAN OFF ROAD RIGHT,39.190672,-86.582992
5,4,1500.0,2-Car,No injury/unknown,FAILURE TO YIELD RIGHT OF WAY,39.190672,-86.582992
7,6,1900.0,2-Car,No injury/unknown,ANIMAL/OBJECT IN ROADWAY,39.190672,-86.582992
7,1,1200.0,2-Car,Incapacitating,FAILURE TO YIELD RIGHT OF WAY,39.190672,-86.582992
8,7,1200.0,2-Car,No injury/unknown,FOLLOWING TOO CLOSELY,39.1906355,-86.58307661
6,7,400.0,1-Car,No injury/unknown,UNSAFE SPEED,39.190544,-86.537712
9,6,2000.0,Cyclist,No injury/unknown,OTHER (DRIVER) - EXPLAIN IN NARRATIVE,39.190544,-86.537712
9,6,700.0,2-Car,No injury/unknown,FAILURE TO YIELD RIGHT OF WAY,39.190544,-86.537712
4,3,100.0,1-Car,No injury/unknown,RAN OFF ROAD RIGHT,39.19008,-86.514288
11,2,1400.0,1-Car,No injury/unknown,RAN OFF ROAD RIGHT,39.19008,-86.514288
10,4,2100.0,1-Car,No injury/unknown,ANIMAL/OBJECT IN ROADWAY,39.19003835,-86.55467126
10,6,1800.0,2-Car,No injury/unknown,UNSAFE LANE MOVEMENT,39.19003835,-86.55467126
10,6,1600.0,2-Car,No injury/unknown,UNSAFE BACKING,39.18961711,-86.52136065
2,6,1800.0,2-Car,No injury/unknown,IMPROPER LANE USAGE,39.18961711,-86.52136065
9,2,1300.0,2-Car,No injury/unknown,OTHER (DRIVER) - EXPLAIN IN NARRATIVE,39.18957481,-86.52727022
8,7,400.0,1-Car,Fatal,UNSAFE SPEED,39.189248,-86.660704
10,5,1900.0,2-Car,No injury/unknown,UNSAFE BACKING,39.189248,-86.531472
10,7,1200.0,2-Car,No injury/unknown,UNSAFE BACKING,39.189248,-86.531472
7,1,1500.0,1-Car,No injury/unknown,RAN OFF ROAD RIGHT,39.18920098,-86.55469257
5,1,1900.0,1-Car,No injury/unknown,RAN OFF ROAD RIGHT,39.18909465,-86.59270758
1,1,2000.0,1-Car,No injury/unknown,OTHER (VEHICLE) - EXPLAIN IN NARRATIVE,39.18904,-86.630096
3,6,900.0,1-Car,No injury/unknown,DISREGARD SIGNAL/REG SIGN,39.18904,-86.630096
7,5,900.0,2-Car,No injury/unknown,UNSAFE SPEED,39.18904,-86.630096
4,3,1100.0,2-Car,No injury/unknown,UNSAFE BACKING,39.18872327,-86.57688237
7,2,900.0,2-Car,Non-incapacitating,FAILURE TO YIELD RIGHT OF WAY,39.18769245,-86.53393365
10,4,1300.0,1-Car,No injury/unknown,RAN OFF ROAD RIGHT,39.18735473,-86.6406587
3,2,1200.0,1-Car,Non-incapacitating,UNSAFE SPEED,39.18734582,-86.55492783
1,4,500.0,2-Car,No injury/unknown,FAILURE TO YIELD RIGHT OF WAY,39.187344,-86.5552
4,5,1200.0,2-Car,No injury/unknown,FOLLOWING TOO CLOSELY,39.187344,-86.5552
6,2,600.0,2-Car,No injury/unknown,OTHER (DRIVER) - EXPLAIN IN NARRATIVE,39.187344,-86.5552
9,1,1100.0,2-Car,No injury/unknown,FOLLOWING TOO CLOSELY,39.187344,-86.5552
9,1,1100.0,2-Car,Non-incapacitating,FOLLOWING TOO CLOSELY,39.187344,-86.5552
8,6,2100.0,2-Car,No injury/unknown,UNSAFE BACKING,39.18724,-86.54509551
7,7,1200.0,2-Car,No injury/unknown,UNSAFE LANE MOVEMENT,39.18719389,-86.55977469
3,4,1500.0,2-Car,Non-incapacitating,FAILURE TO YIELD RIGHT OF WAY,39.18717957,-86.54660034
10,5,1600.0,2-Car,Non-incapacitating,DRIVER DISTRACTED - EXPLAIN IN NARRATIVE,39.18717957,-86.54660034
5,3,800.0,2-Car,No injury/unknown,FAILURE TO YIELD RIGHT OF WAY,39.18703023,-86.53416683
10,6,2000.0,2-Car,Incapacitating,FOLLOWING TOO CLOSELY,39.18689179,-86.54574373
3,4,1400.0,3+ Cars,Non-incapacitating,FOLLOWING TOO CLOSELY,39.1868635,-86.53770268
9,2,1600.0,2-Car,Non-incapacitating,FOLLOWING TOO CLOSELY,39.18679792,-86.54657331
12,5,400.0,1-Car,No injury/unknown,ANIMAL/OBJECT IN ROADWAY,39.18677635,-86.54327784
2,5,2200.0,1-Car,No injury/unknown,RAN OFF ROAD RIGHT,39.186752,-86.611504
11,6,1800.0,1-Car,No injury/unknown,DISREGARD SIGNAL/REG SIGN,39.186752,-86.611504
10,2,1700.0,2-Car,No injury/unknown,FOLLOWING TOO CLOSELY,39.18662255,-86.53964972
10,6,1800.0,2-Car,No injury/unknown,FOLLOWING TOO CLOSELY,39.18662255,-86.53964972
6,6,1700.0,2-Car,No injury/unknown,FOLLOWING TOO CLOSELY,39.18657543,-86.53859269
8,6,1500.0,2-Car,Non-incapacitating,FOLLOWING TOO CLOSELY,39.1865475,-86.53834105
4,7,1900.0,2-Car,Non-incapacitating,DISREGARD SIGNAL/REG SIGN,39.186544,-86.551168
8,1,1900.0,1-Car,Non-incapacitating,OTHER (DRIVER) - EXPLAIN IN NARRATIVE,39.186544,-86.551168
9,3,1100.0,2-Car,No injury/unknown,FAILURE TO YIELD RIGHT OF WAY,39.186544,-86.551168
2,1,900.0,2-Car,Non-incapacitating,SPEED TOO FAST FOR WEATHER CONDITIONS,39.186544,-86.537888
3,6,1800.0,2-Car,No injury/unknown,DISREGARD SIGNAL/REG SIGN,39.186544,-86.537888
4,3,800.0,Bus,No injury/unknown,FOLLOWING TOO CLOSELY,39.186544,-86.537888
4,5,700.0,3+ Cars,No injury/unknown,DRIVER DISTRACTED - EXPLAIN IN NARRATIVE,39.186544,-86.537888
4,2,1400.0,3+ Cars,No injury/unknown,FAILURE TO YIELD RIGHT OF WAY,39.186544,-86.537888
5,6,900.0,3+ Cars,Non-incapacitating,FAILURE TO YIELD RIGHT OF WAY,39.186544,-86.537888
5,6,1400.0,2-Car,Non-incapacitating,FOLLOWING TOO CLOSELY,39.186544,-86.537888
7,3,700.0,2-Car,Non-incapacitating,FOLLOWING TOO CLOSELY,39.186544,-86.537888
7,7,2000.0,2-Car,No injury/unknown,FOLLOWING TOO CLOSELY,39.186544,-86.537888
7,3,1100.0,2-Car,Non-incapacitating,FOLLOWING TOO CLOSELY,39.186544,-86.537888
8,6,1200.0,3+ Cars,Non-incapacitating,FOLLOWING TOO CLOSELY,39.186544,-86.537888
8,3,800.0,3+ Cars,Non-incapacitating,FAILURE TO YIELD RIGHT OF WAY,39.186544,-86.537888
10,2,2000.0,2-Car,No injury/unknown,FOLLOWING TOO CLOSELY,39.186544,-86.537888
9,6,1500.0,3+ Cars,No injury/unknown,DRIVER DISTRACTED - EXPLAIN IN NARRATIVE,39.186544,-86.537888
10,4,1100.0,2-Car,Non-incapacitating,FAILURE TO YIELD RIGHT OF WAY,39.186544,-86.537888
10,6,2100.0,3+ Cars,No injury/unknown,UNSAFE SPEED,39.186544,-86.537888
10,2,900.0,2-Car,Non-incapacitating,SPEED TOO FAST FOR WEATHER CONDITIONS,39.186544,-86.537888
12,7,1800.0,2-Car,No injury/unknown,FOLLOWING TOO CLOSELY,39.186544,-86.537888
5,3,1200.0,2-Car,Non-incapacitating,FOLLOWING TOO CLOSELY,39.18652693,-86.53434404
8,4,1600.0,2-Car,No injury/unknown,FOLLOWING TOO CLOSELY,39.18651218,-86.5373602
9,2,1800.0,2-Car,Non-incapacitating,DRIVER DISTRACTED - EXPLAIN IN NARRATIVE,39.18650592,-86.53774023
2,2,1500.0,1-Car,Non-incapacitating,OVERCORRECTING/OVERSTEERING,39.18646406,-86.54787457
4,1,900.0,2-Car,No injury/unknown,FAILURE TO YIELD RIGHT OF WAY,39.186448,-86.546816
7,2,1800.0,2-Car,Non-incapacitating,DISREGARD SIGNAL/REG SIGN,39.186448,-86.546816
10,6,2000.0,2-Car,Incapacitating,LEFT OF CENTER,39.186448,-86.546816
12,4,1800.0,2-Car,No injury/unknown,FAILURE TO YIELD RIGHT OF WAY,39.186448,-86.546816
4,1,300.0,1-Car,No injury/unknown,RAN OFF ROAD RIGHT,39.1864049,-86.52980767
2,2,1500.0,2-Car,No injury/unknown,DRIVER DISTRACTED - EXPLAIN IN NARRATIVE,39.186368,-86.5344
2,3,900.0,2-Car,No injury/unknown,FAILURE TO YIELD RIGHT OF WAY,39.186368,-86.5344
4,3,900.0,2-Car,No injury/unknown,UNSAFE LANE MOVEMENT,39.186368,-86.5344
6,3,1200.0,2-Car,No injury/unknown,FAILURE TO YIELD RIGHT OF WAY,39.186368,-86.5344
7,3,1500.0,2-Car,No injury/unknown,FAILURE TO YIELD RIGHT OF WAY,39.186368,-86.5344
9,5,1400.0,2-Car,Non-incapacitating,FAILURE TO YIELD RIGHT OF WAY,39.186368,-86.5344
9,3,2100.0,2-Car,Non-incapacitating,FOLLOWING TOO CLOSELY,39.186368,-86.5344
9,2,1400.0,Moped/Motorcycle,Non-incapacitating,FAILURE TO YIELD RIGHT OF WAY,39.186368,-86.5344
10,4,600.0,2-Car,No injury/unknown,DISREGARD SIGNAL/REG SIGN,39.186368,-86.5344
10,6,700.0,2-Car,No injury/unknown,FOLLOWING TOO CLOSELY,39.186368,-86.5344
11,4,1400.0,Pedestrian,Non-incapacitating,UNSAFE BACKING,39.186368,-86.5344
10,1,1600.0,2-Car,No injury/unknown,FOLLOWING TOO CLOSELY,39.18636,-86.533048
12,5,1100.0,2-Car,No injury/unknown,FAILURE TO YIELD RIGHT OF WAY,39.18636,-86.533048
7,2,800.0,2-Car,No injury/unknown,IMPROPER LANE USAGE,39.18635339,-86.53192962
11,6,1300.0,2-Car,No injury/unknown,DRIVER DISTRACTED - EXPLAIN IN NARRATIVE,39.186352,-86.52884892
1,6,2300.0,1-Car,No injury/unknown,IMPROPER TURNING,39.186352,-86.534704
2,5,1300.0,3+ Cars,Non-incapacitating,FAILURE TO YIELD RIGHT OF WAY,39.186352,-86.534704
6,5,1100.0,3+ Cars,No injury/unknown,OTHER (DRIVER) - EXPLAIN IN NARRATIVE,39.186352,-86.534704
8,3,1800.0,1-Car,No injury/unknown,OVERCORRECTING/OVERSTEERING,39.186352,-86.534704
8,7,1200.0,2-Car,No injury/unknown,SPEED TOO FAST FOR WEATHER CONDITIONS,39.186352,-86.534704
9,4,2000.0,Cyclist,No injury/unknown,FAILURE TO YIELD RIGHT OF WAY,39.186352,-86.534704
4,5,1600.0,2-Car,Non-incapacitating,FOLLOWING TOO CLOSELY,39.186352,-86.531696
6,1,1300.0,2-Car,Non-incapacitating,FOLLOWING TOO CLOSELY,39.186352,-86.531696
2,4,2000.0,2-Car,Non-incapacitating,OTHER (DRIVER) - EXPLAIN IN NARRATIVE,39.186352,-86.528496
4,3,700.0,2-Car,No injury/unknown,UNSAFE SPEED,39.186352,-86.528496
4,3,1900.0,3+ Cars,No injury/unknown,FOLLOWING TOO CLOSELY,39.186352,-86.528496
5,3,1400.0,2-Car,No injury/unknown,DISREGARD SIGNAL/REG SIGN,39.186352,-86.528496
6,4,2100.0,2-Car,Non-incapacitating,FAILURE TO YIELD RIGHT OF WAY,39.186352,-86.528496
6,6,2100.0,3+ Cars,Non-incapacitating,OTHER (ENVIRONMENTAL) - EXPLAIN IN NARR,39.186352,-86.528496
9,7,1700.0,2-Car,No injury/unknown,DRIVER DISTRACTED - EXPLAIN IN NARRATIVE,39.186352,-86.528496
4,2,1700.0,2-Car,No injury/unknown,FOLLOWING TOO CLOSELY,39.18633007,-86.53453968
6,6,1800.0,2-Car,No injury/unknown,FOLLOWING TOO CLOSELY,39.18633007,-86.53453968
8,3,1500.0,2-Car,No injury/unknown,FAILURE TO YIELD RIGHT OF WAY,39.18633007,-86.53453968
9,1,1600.0,Moped/Motorcycle,Non-incapacitating,IMPROPER TURNING,39.18633007,-86.53453968
8,7,2000.0,1-Car,No injury/unknown,OVERCORRECTING/OVERSTEERING,39.18632001,-86.52846348
4,6,2300.0,2-Car,No injury/unknown,FOLLOWING TOO CLOSELY,39.18632001,-86.52841157
3,1,1900.0,2-Car,No injury/unknown,SPEED TOO FAST FOR WEATHER CONDITIONS,39.18630288,-86.52839688
4,3,700.0,2-Car,No injury/unknown,FAILURE TO YIELD RIGHT OF WAY,39.18630288,-86.52839688
12,7,600.0,2-Car,No injury/unknown,SPEED TOO FAST FOR WEATHER CONDITIONS,39.18629,-86.52800767
7,3,1700.0,2-Car,No injury/unknown,FOLLOWING TOO CLOSELY,39.18628433,-86.52781675
4,5,2000.0,2-Car,No injury/unknown,FOLLOWING TOO CLOSELY,39.18626742,-86.51950133
11,6,700.0,1-Car,No injury/unknown,RAN OFF ROAD RIGHT,39.18625641,-86.5414505
11,4,1800.0,2-Car,No injury/unknown,FOLLOWING TOO CLOSELY,39.18625498,-86.52402538
1,3,2100.0,2-Car,No injury/unknown,FOLLOWING TOO CLOSELY,39.18624938,-86.52262594
10,6,1900.0,2-Car,No injury/unknown,UNSAFE BACKING,39.18624826,-86.52525253
1,5,1500.0,2-Car,No injury/unknown,LEFT OF CENTER,39.18624,-86.514496
2,3,200.0,1-Car,Non-incapacitating,RAN OFF ROAD RIGHT,39.186234,-86.551048
12,7,700.0,1-Car,No injury/unknown,SPEED TOO FAST FOR WEATHER CONDITIONS,39.18623159,-86.52209968
9,5,100.0,3+ Cars,No injury/unknown,OTHER (DRIVER) - EXPLAIN IN NARRATIVE,39.186048,-86.550976
12,6,1200.0,1-Car,No injury/unknown,IMPROPER TURNING,39.186048,-86.550976
3,2,200.0,1-Car,No injury/unknown,ANIMAL/OBJECT IN ROADWAY,39.186032,-86.51984
4,1,0.0,Moped/Motorcycle,Non-incapacitating,LEFT OF CENTER,39.186032,-86.51984
5,7,1300.0,2-Car,No injury/unknown,FAILURE TO YIELD RIGHT OF WAY,39.186032,-86.51984
12,2,0.0,1-Car,No injury/unknown,RAN OFF ROAD RIGHT,39.18584824,-86.46729533
3,7,900.0,Bus,No injury/unknown,,39.18582916,-86.53721618
8,5,1000.0,2-Car,No injury/unknown,FAILURE TO YIELD RIGHT OF WAY,39.18582916,-86.53721618
4,4,700.0,1-Car,No injury/unknown,RAN OFF ROAD RIGHT,39.18552004,-86.46938863
2,4,800.0,2-Car,No injury/unknown,UNSAFE SPEED,39.185392,-86.537856
7,4,1700.0,2-Car,Non-incapacitating,FAILURE TO YIELD RIGHT OF WAY,39.185392,-86.537856
8,5,1500.0,2-Car,No injury/unknown,FAILURE TO YIELD RIGHT OF WAY,39.185392,-86.537856
9,5,1600.0,2-Car,No injury/unknown,UNSAFE LANE MOVEMENT,39.185392,-86.537856
1,6,700.0,Bus,No injury/unknown,OTHER (DRIVER) - EXPLAIN IN NARRATIVE,39.18531418,-86.53827667
6,7,1400.0,2-Car,No injury/unknown,FAILURE TO YIELD RIGHT OF WAY,39.185314,-86.538277
11,3,1200.0,2-Car,No injury/unknown,DRIVER DISTRACTED - EXPLAIN IN NARRATIVE,39.185314,-86.538277
3,2,1600.0,1-Car,No injury/unknown,OTHER (DRIVER) - EXPLAIN IN NARRATIVE,39.185232,-86.54060206
5,7,0.0,2-Car,No injury/unknown,UNSAFE BACKING,39.185232,-86.54060206
11,5,400.0,1-Car,No injury/unknown,RAN OFF ROAD RIGHT,39.1852,-86.541952
12,7,1300.0,3+ Cars,Non-incapacitating,OTHER (DRIVER) - EXPLAIN IN NARRATIVE,39.18501616,-86.51881556
10,3,1200.0,1-Car,No injury/unknown,TRAFFIC CONTROL INOPERATIVE/MISSING/OBSC,39.18463335,-86.49326262