Month,Day,Hour,Collision Type,Injury Type,Primary Factor,Latitude,Longitude
10,4,800.0,1-Car,No injury/unknown,ANIMAL/OBJECT IN ROADWAY,39.18452928,-86.59277983
4,7,1100.0,2-Car,No injury/unknown,UNSAFE BACKING,39.18439351,-86.51242017
8,2,1600.0,Bus,No injury/unknown,IMPROPER PASSING,39.18398788,-86.53238989
12,2,1200.0,2-Car,No injury/unknown,OVERCORRECTING/OVERSTEERING,39.18388916,-86.51814316
2,6,1300.0,2-Car,No injury/unknown,UNSAFE SPEED,39.18384,-86.5192
4,7,900.0,Cyclist,Incapacitating,FAILURE TO YIELD RIGHT OF WAY,39.18384,-86.5192
2,5,1700.0,2-Car,Non-incapacitating,DRIVER DISTRACTED - EXPLAIN IN NARRATIVE,39.1837699,-86.5168599
3,3,1700.0,Bus,No injury/unknown,IMPROPER TURNING,39.1837699,-86.51687288
10,4,1900.0,1-Car,No injury/unknown,SPEED TOO FAST FOR WEATHER CONDITIONS,39.18363953,-86.5283605
10,2,1500.0,1-Car,Non-incapacitating,UNSAFE SPEED,39.18363953,-86.5283432
8,4,1200.0,2-Car,No injury/unknown,FOLLOWING TOO CLOSELY,39.18363533,-86.537765
2,6,1300.0,2-Car,No injury/unknown,UNSAFE BACKING,39.18352275,-86.53424711
12,2,1900.0,2-Car,No injury/unknown,IMPROPER TURNING,39.18345474,-86.53893851
8,1,1200.0,2-Car,No injury/unknown,UNSAFE BACKING,39.18336488,-86.5391048
8,7,100.0,2-Car,No injury/unknown,UNSAFE BACKING,39.18336019,-86.53415009
9,5,600.0,2-Car,No injury/unknown,FOLLOWING TOO CLOSELY,39.18336019,-86.53415009
4,6,1800.0,2-Car,No injury/unknown,UNSAFE SPEED,39.18335771,-86.53469029
9,1,1200.0,2-Car,No injury/unknown,UNSAFE BACKING,39.18335771,-86.53469029
9,2,0.0,2-Car,No injury/unknown,OTHER (DRIVER) - EXPLAIN IN NARRATIVE,39.183151,-86.531143
5,7,1000.0,1-Car,No injury/unknown,OTHER (DRIVER) - EXPLAIN IN NARRATIVE,39.18313757,-86.52827404
7,2,2100.0,1-Car,No injury/unknown,DISREGARD SIGNAL/REG SIGN,39.182976,-86.528416
10,3,1400.0,2-Car,No injury/unknown,DISREGARD SIGNAL/REG SIGN,39.182976,-86.528416
1,5,2200.0,2-Car,No injury/unknown,SPEED TOO FAST FOR WEATHER CONDITIONS,39.1828,-86.544032
4,1,1400.0,2-Car,No injury/unknown,UNSAFE BACKING,39.18275385,-86.51915401
11,7,0.0,1-Car,No injury/unknown,OBSTRUCTION NOT MARKED,39.18275385,-86.51915401
9,5,600.0,3+ Cars,No injury/unknown,OTHER (DRIVER) - EXPLAIN IN NARRATIVE,39.1826997,-86.54591023
2,6,1600.0,1-Car,No injury/unknown,IMPROPER TURNING,39.18265007,-86.53776973
11,3,1300.0,2-Car,No injury/unknown,OTHER (DRIVER) - EXPLAIN IN NARRATIVE,39.18211668,-86.51313968
1,5,1200.0,1-Car,No injury/unknown,SPEED TOO FAST FOR WEATHER CONDITIONS,39.18203331,-86.53375804
6,5,1100.0,2-Car,No injury/unknown,IMPROPER TURNING,39.18203331,-86.53375804
11,7,1100.0,2-Car,No injury/unknown,UNSAFE BACKING,39.18203331,-86.53375804
6,2,0.0,2-Car,No injury/unknown,,39.18184,-86.532192
9,1,300.0,2-Car,No injury/unknown,UNSAFE BACKING,39.18184,-86.532192
5,5,100.0,2-Car,No injury/unknown,RAN OFF ROAD RIGHT,39.18184,-86.53176588
6,2,1600.0,3+ Cars,No injury/unknown,FOLLOWING TOO CLOSELY,39.18184,-86.5284
3,4,900.0,2-Car,No injury/unknown,IMPROPER LANE USAGE,39.18177866,-86.52948885
2,4,1800.0,2-Car,No injury/unknown,,39.181744,-86.530192
8,3,2300.0,2-Car,No injury/unknown,UNSAFE BACKING,39.181744,-86.530192
4,7,200.0,2-Car,No injury/unknown,UNSAFE BACKING,39.181744,-86.53017498
1,7,900.0,1-Car,No injury/unknown,UNSAFE BACKING,39.18169521,-86.51908077
3,7,0.0,2-Car,No injury/unknown,UNSAFE BACKING,39.18154313,-86.53471036
8,4,900.0,2-Car,No injury/unknown,UNSAFE BACKING,39.1814028,-86.49475391
3,1,200.0,2-Car,No injury/unknown,,39.18128635,-86.52736216
8,2,1300.0,2-Car,No injury/unknown,,39.18119115,-86.52583926
2,5,1000.0,Cyclist,Non-incapacitating,FAILURE TO YIELD RIGHT OF WAY,39.18104,-86.5284
9,1,1600.0,2-Car,No injury/unknown,FAILURE TO YIELD RIGHT OF WAY,39.18104,-86.5284
11,7,0.0,1-Car,No injury/unknown,RAN OFF ROAD RIGHT,39.18104,-86.5284
7,5,1800.0,2-Car,No injury/unknown,UNSAFE BACKING,39.18097484,-86.53471248
7,5,1800.0,2-Car,No injury/unknown,UNSAFE BACKING,39.18097484,-86.53471248
11,1,1200.0,2-Car,No injury/unknown,UNSAFE BACKING,39.18094254,-86.54261017
7,6,1300.0,Moped/Motorcycle,Non-incapacitating,IMPROPER TURNING,39.180448,-86.530832
4,6,1600.0,2-Car,No injury/unknown,UNSAFE BACKING,39.18041229,-86.51032257
8,3,1600.0,2-Car,No injury/unknown,UNSAFE BACKING,39.180352,-86.529792
8,3,1800.0,2-Car,No injury/unknown,,39.18035152,-86.52054073
1,7,1600.0,2-Car,No injury/unknown,IMPROPER TURNING,39.18032728,-86.52825392
10,5,1000.0,2-Car,No injury/unknown,UNSAFE LANE MOVEMENT,39.18011952,-86.50747687
5,6,100.0,2-Car,No injury/unknown,UNSAFE BACKING,39.18008041,-86.53558349
11,6,2100.0,2-Car,No injury/unknown,IMPROPER TURNING,39.18002603,-86.51903849
11,5,2000.0,Moped/Motorcycle,No injury/unknown,UNSAFE SPEED,39.179984,-86.542032
8,2,1900.0,Pedestrian,Non-incapacitating,PEDESTRIAN ACTION,39.17994237,-86.5483693
1,5,1800.0,2-Car,No injury/unknown,FOLLOWING TOO CLOSELY,39.17984,-86.507088
2,7,100.0,1-Car,No injury/unknown,RAN OFF ROAD RIGHT,39.17984,-86.507088
2,5,1800.0,2-Car,No injury/unknown,IMPROPER TURNING,39.17984,-86.507088
5,1,1700.0,Moped/Motorcycle,Non-incapacitating,OTHER (DRIVER) - EXPLAIN IN NARRATIVE,39.17984,-86.507088
6,6,700.0,2-Car,No injury/unknown,DISREGARD SIGNAL/REG SIGN,39.17984,-86.507088
9,7,2000.0,2-Car,Non-incapacitating,FAILURE TO YIELD RIGHT OF WAY,39.17984,-86.507088
10,4,1900.0,2-Car,Incapacitating,DISREGARD SIGNAL/REG SIGN,39.17984,-86.507088
12,2,1800.0,2-Car,No injury/unknown,SPEED TOO FAST FOR WEATHER CONDITIONS,39.17984,-86.507088
8,2,1700.0,2-Car,Non-incapacitating,FOLLOWING TOO CLOSELY,39.17983864,-86.50726961
7,5,800.0,3+ Cars,No injury/unknown,FAILURE TO YIELD RIGHT OF WAY,39.17979888,-86.50723113
12,3,1900.0,3+ Cars,Non-incapacitating,FAILURE TO YIELD RIGHT OF WAY,39.17979888,-86.50723113
2,3,1600.0,2-Car,No injury/unknown,SPEED TOO FAST FOR WEATHER CONDITIONS,39.17967426,-86.511088
9,2,800.0,2-Car,No injury/unknown,IMPROPER TURNING,39.17966843,-86.52863311
11,2,1200.0,2-Car,No injury/unknown,IMPROPER TURNING,39.17950507,-86.50700742
1,5,800.0,1-Car,No injury/unknown,SPEED TOO FAST FOR WEATHER CONDITIONS,39.17949106,-86.50680659
5,4,2000.0,2-Car,No injury/unknown,OTHER (DRIVER) - EXPLAIN IN NARRATIVE,39.17945197,-86.53084332
6,2,1800.0,1-Car,No injury/unknown,FOLLOWING TOO CLOSELY,39.17940627,-86.5473924
11,2,1400.0,2-Car,No injury/unknown,SPEED TOO FAST FOR WEATHER CONDITIONS,39.1792497,-86.50840022
9,2,700.0,Cyclist,Incapacitating,FAILURE TO YIELD RIGHT OF WAY,39.179248,-86.58249423
1,1,2200.0,1-Car,No injury/unknown,RAN OFF ROAD RIGHT,39.179248,-86.5832
2,6,2100.0,2-Car,No injury/unknown,IMPROPER LANE USAGE,39.179248,-86.5832
3,1,1100.0,1-Car,No injury/unknown,RAN OFF ROAD RIGHT,39.179248,-86.5832
5,4,1600.0,2-Car,Non-incapacitating,FOLLOWING TOO CLOSELY,39.179248,-86.5832
7,2,1700.0,2-Car,No injury/unknown,FAILURE TO YIELD RIGHT OF WAY,39.179248,-86.5832
9,2,500.0,2-Car,No injury/unknown,FAILURE TO YIELD RIGHT OF WAY,39.179248,-86.5832
9,4,700.0,Moped/Motorcycle,Non-incapacitating,FAILURE TO YIELD RIGHT OF WAY,39.179248,-86.5832
9,3,100.0,Moped/Motorcycle,Incapacitating,FAILURE TO YIELD RIGHT OF WAY,39.179248,-86.5832
10,5,900.0,2-Car,No injury/unknown,DISREGARD SIGNAL/REG SIGN,39.179248,-86.5832
11,3,1600.0,2-Car,No injury/unknown,UNSAFE SPEED,39.179248,-86.5832
11,2,1200.0,2-Car,No injury/unknown,FAILURE TO YIELD RIGHT OF WAY,39.179248,-86.5832
11,2,800.0,2-Car,No injury/unknown,FOLLOWING TOO CLOSELY,39.179248,-86.5832
5,4,1700.0,1-Car,No injury/unknown,UNSAFE BACKING,39.179248,-86.58292
2,6,900.0,2-Car,No injury/unknown,ROADWAY SURFACE CONDITION,39.17921014,-86.5680398
1,5,2100.0,2-Car,No injury/unknown,UNSAFE BACKING,39.1791687,-86.52874755
5,2,1200.0,2-Car,No injury/unknown,UNSAFE BACKING,39.1791687,-86.52874755
8,6,1500.0,2-Car,No injury/unknown,OVERCORRECTING/OVERSTEERING,39.17912342,-86.511088
4,3,2100.0,Moped/Motorcycle,Incapacitating,OTHER (DRIVER) - EXPLAIN IN NARRATIVE,39.179104,-86.544016
1,6,600.0,1-Car,No injury/unknown,RAN OFF ROAD RIGHT,39.17907838,-86.5527072
1,1,1800.0,2-Car,No injury/unknown,UNSAFE BACKING,39.17906329,-86.5209221
1,1,1700.0,2-Car,No injury/unknown,FOLLOWING TOO CLOSELY,39.17904828,-86.52361627
10,3,2000.0,2-Car,No injury/unknown,IMPROPER TURNING,39.17904473,-86.511088
2,6,1600.0,Bus,No injury/unknown,FOLLOWING TOO CLOSELY,39.17904384,-86.52162423
8,5,1600.0,2-Car,No injury/unknown,OVERCORRECTING/OVERSTEERING,39.17904367,-86.52249055
8,6,1100.0,1-Car,No injury/unknown,OTHER (VEHICLE) - EXPLAIN IN NARRATIVE,39.17904,-86.54234296
1,6,1500.0,3+ Cars,Non-incapacitating,FOLLOWING TOO CLOSELY,39.17904,-86.532096
7,4,900.0,2-Car,No injury/unknown,UNSAFE BACKING,39.17904,-86.532096
5,5,2200.0,2-Car,No injury/unknown,UNSAFE BACKING,39.17904,-86.5320128
6,6,200.0,2-Car,No injury/unknown,IMPROPER LANE USAGE,39.17904,-86.530848
8,3,1800.0,2-Car,Non-incapacitating,FOLLOWING TOO CLOSELY,39.17904,-86.530848
10,4,1700.0,2-Car,No injury/unknown,FAILURE TO YIELD RIGHT OF WAY,39.17904,-86.530848
2,6,1300.0,2-Car,No injury/unknown,FAILURE TO YIELD RIGHT OF WAY,39.17904,-86.5284
4,2,1300.0,2-Car,No injury/unknown,UNSAFE BACKING,39.17904,-86.5284
4,4,100.0,2-Car,No injury/unknown,UNSAFE LANE MOVEMENT,39.17904,-86.5284
9,4,1200.0,2-Car,No injury/unknown,UNSAFE BACKING,39.17904,-86.5284
10,2,1200.0,2-Car,No injury/unknown,FOLLOWING TOO CLOSELY,39.17904,-86.5284
12,6,2300.0,2-Car,No injury/unknown,UNSAFE BACKING,39.17904,-86.5284
12,7,700.0,1-Car,No injury/unknown,SPEED TOO FAST FOR WEATHER CONDITIONS,39.17904,-86.5284
2,3,1600.0,3+ Cars,No injury/unknown,SPEED TOO FAST FOR WEATHER CONDITIONS,39.17903427,-86.52602866
5,4,1600.0,Bus,No injury/unknown,IMPROPER TURNING,39.17903292,-86.52682473
11,6,1600.0,Cyclist,Non-incapacitating,IMPROPER TURNING,39.17903251,-86.52706252
11,4,1700.0,2-Car,No injury/unknown,FOLLOWING TOO CLOSELY,39.17902912,-86.5189526
11,3,2100.0,2-Car,No injury/unknown,DRIVER DISTRACTED - EXPLAIN IN NARRATIVE,39.17902912,-86.5189526
4,4,800.0,2-Car,No injury/unknown,DRIVER DISTRACTED - EXPLAIN IN NARRATIVE,39.179024,-86.539616
7,5,1000.0,1-Car,No injury/unknown,RAN OFF ROAD RIGHT,39.179024,-86.539616
8,3,2100.0,2-Car,No injury/unknown,FAILURE TO YIELD RIGHT OF WAY,39.179024,-86.539616
9,5,2100.0,Cyclist,Non-incapacitating,FAILURE TO YIELD RIGHT OF WAY,39.179024,-86.539616
4,5,1600.0,2-Car,No injury/unknown,FOLLOWING TOO CLOSELY,39.179024,-86.5272
8,7,600.0,1-Car,Non-incapacitating,CELL PHONE USAGE,39.179024,-86.5272
10,6,1500.0,2-Car,No injury/unknown,UNSAFE BACKING,39.179024,-86.5272
10,2,1700.0,2-Car,Non-incapacitating,FAILURE TO YIELD RIGHT OF WAY,39.179024,-86.5272
11,7,0.0,Pedestrian,Incapacitating,PEDESTRIAN ACTION,39.179024,-86.5272
6,6,2200.0,2-Car,No injury/unknown,FOLLOWING TOO CLOSELY,39.1790197,-86.53471
3,3,1300.0,2-Car,No injury/unknown,UNSAFE SPEED,39.17901884,-86.52677659
3,5,1000.0,2-Car,No injury/unknown,UNSAFE BACKING,39.17900989,-86.52830133
1,1,2000.0,Bus,No injury/unknown,IMPROPER PASSING,39.179008,-86.525888
5,4,1400.0,Bus,Non-incapacitating,DRIVER ILLNESS,39.179008,-86.525888
7,2,1500.0,2-Car,No injury/unknown,FAILURE TO YIELD RIGHT OF WAY,39.179008,-86.525888
11,5,1000.0,1-Car,No injury/unknown,UNSAFE BACKING,39.179008,-86.525888
11,6,1800.0,2-Car,No injury/unknown,UNSAFE BACKING,39.17900187,-86.52832631
3,6,300.0,1-Car,No injury/unknown,UNSAFE SPEED,39.178992,-86.537792
4,6,1500.0,2-Car,No injury/unknown,DISREGARD SIGNAL/REG SIGN,39.178992,-86.537792
5,3,1200.0,2-Car,No injury/unknown,OTHER (DRIVER) - EXPLAIN IN NARRATIVE,39.178992,-86.537792
6,2,1400.0,Pedestrian,Non-incapacitating,IMPROPER LANE USAGE,39.178992,-86.537792
7,5,1600.0,2-Car,No injury/unknown,OTHER (DRIVER) - EXPLAIN IN NARRATIVE,39.178992,-86.537792
9,1,0.0,2-Car,No injury/unknown,CELL PHONE USAGE,39.178992,-86.537792
10,2,1200.0,2-Car,No injury/unknown,DISREGARD SIGNAL/REG SIGN,39.178992,-86.537792
10,6,900.0,2-Car,No injury/unknown,FAILURE TO YIELD RIGHT OF WAY,39.178992,-86.537792
10,3,800.0,2-Car,No injury/unknown,DISREGARD SIGNAL/REG SIGN,39.178992,-86.537792
2,2,1400.0,2-Car,No injury/unknown,SPEED TOO FAST FOR WEATHER CONDITIONS,39.178992,-86.523504
10,7,1900.0,2-Car,Non-incapacitating,FAILURE TO YIELD RIGHT OF WAY,39.178992,-86.523504
1,2,1300.0,2-Car,No injury/unknown,FAILURE TO YIELD RIGHT OF WAY,39.178976,-86.536032
1,7,700.0,2-Car,No injury/unknown,UNSAFE LANE MOVEMENT,39.17896,-86.53472
2,6,1200.0,2-Car,No injury/unknown,FOLLOWING TOO CLOSELY,39.17896,-86.53472
3,2,2200.0,2-Car,No injury/unknown,FOLLOWING TOO CLOSELY,39.17896,-86.53472
5,3,700.0,2-Car,No injury/unknown,OTHER (VEHICLE) - EXPLAIN IN NARRATIVE,39.17896,-86.53472
6,2,1200.0,2-Car,Non-incapacitating,FOLLOWING TOO CLOSELY,39.17896,-86.53472
8,7,1700.0,2-Car,No injury/unknown,FOLLOWING TOO CLOSELY,39.17896,-86.53472
8,5,1000.0,1-Car,No injury/unknown,OTHER (VEHICLE) - EXPLAIN IN NARRATIVE,39.17896,-86.53472
9,1,1600.0,2-Car,No injury/unknown,FOLLOWING TOO CLOSELY,39.17896,-86.53472
11,6,2100.0,2-Car,No injury/unknown,FAILURE TO YIELD RIGHT OF WAY,39.17896,-86.53472
1,5,1700.0,2-Car,No injury/unknown,UNSAFE BACKING,39.17896,-86.521088
3,5,1400.0,2-Car,No injury/unknown,FAILURE TO YIELD RIGHT OF WAY,39.17896,-86.521088
4,5,1400.0,2-Car,No injury/unknown,FOLLOWING TOO CLOSELY,39.17896,-86.521088
5,7,1200.0,2-Car,No injury/unknown,IMPROPER LANE USAGE,39.17896,-86.521088
8,5,800.0,2-Car,No injury/unknown,UNSAFE BACKING,39.17896,-86.521088
9,6,1600.0,2-Car,No injury/unknown,UNSAFE BACKING,39.17896,-86.521088
10,5,1200.0,2-Car,No injury/unknown,FAILURE TO YIELD RIGHT OF WAY,39.17896,-86.521088
11,7,1600.0,2-Car,No injury/unknown,FAILURE TO YIELD RIGHT OF WAY,39.17896,-86.521088
12,3,2100.0,2-Car,No injury/unknown,OTHER (DRIVER) - EXPLAIN IN NARRATIVE,39.17896,-86.521088
1,4,800.0,2-Car,No injury/unknown,FAILURE TO YIELD RIGHT OF WAY,39.17895701,-86.53321635
9,4,1200.0,1-Car,No injury/unknown,OTHER (DRIVER) - EXPLAIN IN NARRATIVE,39.17895065,-86.52955121
1,6,1500.0,2-Car,No injury/unknown,UNSAFE LANE MOVEMENT,39.178944,-86.533392
4,3,2300.0,1-Car,No injury/unknown,RAN OFF ROAD RIGHT,39.178944,-86.533392
10,2,2200.0,2-Car,No injury/unknown,DISREGARD SIGNAL/REG SIGN,39.178944,-86.533392
8,4,1500.0,2-Car,No injury/unknown,FOLLOWING TOO CLOSELY,39.178944,-86.533392
10,6,1900.0,2-Car,No injury/unknown,LEFT OF CENTER,39.178944,-86.533392
10,6,1700.0,2-Car,No injury/unknown,FAILURE TO YIELD RIGHT OF WAY,39.178944,-86.533392
10,4,1500.0,2-Car,Non-incapacitating,SPEED TOO FAST FOR WEATHER CONDITIONS,39.178944,-86.533392
10,4,2100.0,1-Car,No injury/unknown,SPEED TOO FAST FOR WEATHER CONDITIONS,39.178944,-86.533392
10,1,1200.0,Bus,No injury/unknown,IMPROPER TURNING,39.178944,-86.533392
11,2,1500.0,2-Car,Non-incapacitating,IMPROPER TURNING,39.178944,-86.533392
12,6,1400.0,2-Car,No injury/unknown,FAILURE TO YIELD RIGHT OF WAY,39.17893539,-86.58297971
5,1,1100.0,2-Car,No injury/unknown,UNSAFE BACKING,39.17893387,-86.51529148
3,1,200.0,2-Car,No injury/unknown,DISREGARD SIGNAL/REG SIGN,39.178928,-86.518992
4,3,900.0,2-Car,No injury/unknown,UNSAFE BACKING,39.17887868,-86.51666007
5,5,2200.0,1-Car,No injury/unknown,OBSTRUCTION NOT MARKED,39.17887431,-86.51463227
5,6,2100.0,2-Car,No injury/unknown,UNSAFE BACKING,39.178848,-86.51144
1,7,2100.0,2-Car,No injury/unknown,UNSAFE BACKING,39.178848,-86.511088
1,6,1100.0,Bus,No injury/unknown,OTHER (DRIVER) - EXPLAIN IN NARRATIVE,39.178848,-86.511088
2,2,1900.0,2-Car,No injury/unknown,FAILURE TO YIELD RIGHT OF WAY,39.178848,-86.511088
3,2,700.0,Pedestrian,Non-incapacitating,PEDESTRIAN ACTION,39.178848,-86.511088
4,6,2100.0,2-Car,No injury/unknown,FOLLOWING TOO CLOSELY,39.178848,-86.511088
4,2,1000.0,1-Car,No injury/unknown,SPEED TOO FAST FOR WEATHER CONDITIONS,39.178848,-86.511088
8,4,1400.0,2-Car,No injury/unknown,UNSAFE SPEED,39.178848,-86.511088
8,6,1500.0,Cyclist,Non-incapacitating,FAILURE TO YIELD RIGHT OF WAY,39.178848,-86.511088
9,4,2100.0,2-Car,No injury/unknown,IMPROPER PASSING,39.178848,-86.511088
9,7,1600.0,2-Car,Non-incapacitating,UNSAFE SPEED,39.178848,-86.511088
11,4,900.0,1-Car,No injury/unknown,OTHER (DRIVER) - EXPLAIN IN NARRATIVE,39.178848,-86.511088
10,4,1600.0,2-Car,No injury/unknown,FOLLOWING TOO CLOSELY,39.17884774,-86.51092342
4,2,2000.0,2-Car,No injury/unknown,FAILURE TO YIELD RIGHT OF WAY,39.17883778,-86.51245301
1,5,1600.0,2-Car,Non-incapacitating,LEFT OF CENTER,39.17873876,-86.57032974
5,6,1500.0,1-Car,No injury/unknown,ANIMAL/OBJECT IN ROADWAY,39.17869919,-86.58316993
1,4,1400.0,2-Car,No injury/unknown,UNSAFE BACKING,39.178464,-86.537776
5,4,900.0,2-Car,No injury/unknown,UNSAFE BACKING,39.178464,-86.537776
6,3,1900.0,2-Car,No injury/unknown,UNSAFE BACKING,39.178464,-86.537776
10,6,1700.0,Moped/Motorcycle,Non-incapacitating,FOLLOWING TOO CLOSELY,39.178464,-86.537776
8,1,1900.0,2-Car,No injury/unknown,FOLLOWING TOO CLOSELY,39.1783895,-86.5267197
5,3,800.0,2-Car,No injury/unknown,UNSAFE BACKING,39.1782709,-86.5422403
2,6,1400.0,Pedestrian,Incapacitating,PEDESTRIAN ACTION,39.17818781,-86.51884063
5,4,1500.0,2-Car,No injury/unknown,UNSAFE BACKING,39.17811584,-86.51296234
11,6,2200.0,2-Car,No injury/unknown,UNSAFE BACKING,39.1779549,-86.53472773
7,4,1300.0,Pedestrian,Non-incapacitating,FAILURE TO YIELD RIGHT OF WAY,39.17784,-86.533408
6,6,1500.0,2-Car,Non-incapacitating,DISREGARD SIGNAL/REG SIGN,39.17784,-86.533408
9,2,1000.0,2-Car,No injury/unknown,OTHER (DRIVER) - EXPLAIN IN NARRATIVE,39.17784,-86.533408
10,6,900.0,Pedestrian,Incapacitating,FAILURE TO YIELD RIGHT OF WAY,39.17784,-86.533408
11,4,1400.0,2-Car,No injury/unknown,IMPROPER TURNING,39.17784,-86.533408
9,3,1200.0,Bus,No injury/unknown,IMPROPER TURNING,39.17783417,-86.50846123
1,6,2200.0,2-Car,No injury/unknown,IMPROPER TURNING,39.17774963,-86.53352355
1,4,1600.0,2-Car,Non-incapacitating,DRIVER DISTRACTED - EXPLAIN IN NARRATIVE,39.177744,-86.53776
10,2,100.0,3+ Cars,Non-incapacitating,RAN OFF ROAD RIGHT,39.177744,-86.52832
8,3,1500.0,2-Car,No injury/unknown,OVERCORRECTING/OVERSTEERING,39.17766672,-86.542096
5,5,1600.0,2-Car,No injury/unknown,UNSAFE BACKING,39.177648,-86.562
3,6,1700.0,Bus,No injury/unknown,UNSAFE LANE MOVEMENT,39.17763522,-86.50797999
8,6,1400.0,2-Car,No injury/unknown,FOLLOWING TOO CLOSELY,39.17755293,-86.561248
1,7,1300.0,1-Car,No injury/unknown,OVERCORRECTING/OVERSTEERING,39.177552,-86.547104
12,6,1700.0,2-Car,No injury/unknown,UNSAFE BACKING,39.17750168,-86.58057404
1,3,1100.0,1-Car,No injury/unknown,SPEED TOO FAST FOR WEATHER CONDITIONS,39.17750168,-86.58057403
8,6,2300.0,2-Car,No injury/unknown,UNSAFE LANE MOVEMENT,39.17750168,-86.58057403
3,2,1000.0,1-Car,No injury/unknown,IMPROPER TURNING,39.17740084,-86.5621375
12,7,1500.0,2-Car,No injury/unknown,OTHER (VEHICLE) - EXPLAIN IN NARRATIVE,39.17739651,-86.53473203
6,7,1000.0,2-Car,Non-incapacitating,SPEED TOO FAST FOR WEATHER CONDITIONS,39.17735176,-86.56144328
3,6,1200.0,2-Car,No injury/unknown,OTHER (DRIVER) - EXPLAIN IN NARRATIVE,39.17729391,-86.5189799
8,1,100.0,2-Car,No injury/unknown,IMPROPER TURNING,39.17729391,-86.5189799
11,6,1900.0,2-Car,No injury/unknown,UNSAFE BACKING,39.17729391,-86.5189799
12,1,1700.0,2-Car,No injury/unknown,UNSAFE LANE MOVEMENT,39.1771502,-86.51253015
3,4,1000.0,2-Car,Non-incapacitating,UNSAFE BACKING,39.1770668,-86.56258822
6,3,1500.0,1-Car,No injury/unknown,RAN OFF ROAD RIGHT,39.17705744,-86.55882726
7,4,1900.0,1-Car,No injury/unknown,ANIMAL/OBJECT IN ROADWAY,39.17704,-86.5588
2,5,1500.0,2-Car,No injury/unknown,UNSAFE LANE MOVEMENT,39.17701733,-86.53473494
1,6,2100.0,2-Car,No injury/unknown,UNSAFE SPEED,39.17701553,-86.5615451
11,4,1000.0,1-Car,No injury/unknown,IMPROPER TURNING,39.17698971,-86.53342171
2,5,1300.0,2-Car,Non-incapacitating,UNSAFE LANE MOVEMENT,39.17694788,-86.56192165
4,3,1700.0,2-Car,No injury/unknown,FAILURE TO YIELD RIGHT OF WAY,39.176944,-86.528272
10,6,100.0,2-Car,No injury/unknown,OTHER (DRIVER) - EXPLAIN IN NARRATIVE,39.176944,-86.528272
9,7,200.0,2-Car,No injury/unknown,OTHER (DRIVER) - EXPLAIN IN NARRATIVE,39.176944,-86.528272
5,7,100.0,3+ Cars,No injury/unknown,OTHER (DRIVER) - EXPLAIN IN NARRATIVE,39.17693225,-86.52924767
9,5,900.0,2-Car,Non-incapacitating,FOLLOWING TOO CLOSELY,39.17691917,-86.56167982
3,2,1500.0,Moped/Motorcycle,Non-incapacitating,RAN OFF ROAD RIGHT,39.17691584,-86.5626279
1,3,900.0,2-Car,No injury/unknown,FAILURE TO YIELD RIGHT OF WAY,39.176912,-86.536064
2,3,1700.0,2-Car,No injury/unknown,SPEED TOO FAST FOR WEATHER CONDITIONS,39.17688,-86.534736
4,5,1000.0,2-Car,No injury/unknown,FAILURE TO YIELD RIGHT OF WAY,39.17688,-86.534736
7,4,1500.0,2-Car,Non-incapacitating,DISREGARD SIGNAL/REG SIGN,39.17688,-86.534736
7,5,1100.0,Pedestrian,Non-incapacitating,PEDESTRIAN ACTION,39.17688,-86.534736
8,7,1500.0,2-Car,No injury/unknown,FOLLOWING TOO CLOSELY,39.17688,-86.534736
12,2,1700.0,2-Car,No injury/unknown,BRAKE FAILURE OR DEFECTIVE,39.17688,-86.534736
3,4,200.0,1-Car,No injury/unknown,RAN OFF ROAD RIGHT,39.176848,-86.552592
3,4,200.0,2-Car,No injury/unknown,UNSAFE BACKING,39.176848,-86.552592
7,4,800.0,Moped/Motorcycle,Non-incapacitating,FAILURE TO YIELD RIGHT OF WAY,39.176848,-86.552592
1,4,700.0,1-Car,No injury/unknown,RAN OFF ROAD RIGHT,39.176848,-86.533424
1,2,1400.0,Pedestrian,Non-incapacitating,FAILURE TO YIELD RIGHT OF WAY,39.176848,-86.533424
2,4,800.0,2-Car,Non-incapacitating,FAILURE TO YIELD RIGHT OF WAY,39.176848,-86.533424
5,7,300.0,Pedestrian,No injury/unknown,FAILURE TO YIELD RIGHT OF WAY,39.176848,-86.533424
9,7,1400.0,2-Car,No injury/unknown,FAILURE TO YIELD RIGHT OF WAY,39.176848,-86.533424
8,4,2200.0,2-Car,No injury/unknown,IMPROPER TURNING,39.176848,-86.533424
12,4,200.0,2-Car,No injury/unknown,FAILURE TO YIELD RIGHT OF WAY,39.176848,-86.533424
2,7,1800.0,2-Car,No injury/unknown,IMPROPER TURNING,39.176848,-86.478192
3,2,2100.0,2-Car,No injury/unknown,FOLLOWING TOO CLOSELY,39.176848,-86.478192
7,6,1000.0,2-Car,No injury/unknown,UNSAFE LANE MOVEMENT,39.176848,-86.478192
8,6,1500.0,2-Car,No injury/unknown,IMPROPER LANE USAGE,39.176848,-86.478192