Month,Day,Hour,Collision Type,Injury Type,Primary Factor,Latitude,Longitude
10,5,1700.0,1-Car,No injury/unknown,OTHER (VEHICLE) - EXPLAIN IN NARRATIVE,39.176848,-86.478192
10,3,1800.0,2-Car,No injury/unknown,FOLLOWING TOO CLOSELY,39.176848,-86.478192
12,6,1500.0,2-Car,No injury/unknown,FOLLOWING TOO CLOSELY,39.176848,-86.478192
1,6,1500.0,2-Car,No injury/unknown,FOLLOWING TOO CLOSELY,39.17680018,-86.47848017
8,6,800.0,2-Car,Non-incapacitating,FOLLOWING TOO CLOSELY,39.17674072,-86.5623951
10,4,800.0,2-Car,No injury/unknown,FAILURE TO YIELD RIGHT OF WAY,39.17664,-86.539712
5,6,1500.0,2-Car,No injury/unknown,UNSAFE LANE MOVEMENT,39.17664,-86.538496
10,3,1200.0,2-Car,No injury/unknown,FOLLOWING TOO CLOSELY,39.17664,-86.538496
4,5,1000.0,2-Car,No injury/unknown,UNSAFE BACKING,39.17662449,-86.50977887
2,3,800.0,2-Car,No injury/unknown,UNSAFE BACKING,39.17662449,-86.50977887
10,2,700.0,2-Car,No injury/unknown,FOLLOWING TOO CLOSELY,39.17662048,-86.56252289
2,3,1400.0,2-Car,No injury/unknown,FOLLOWING TOO CLOSELY,39.17662048,-86.56252288
3,6,500.0,3+ Cars,Non-incapacitating,DRIVER ASLEEP OR FATIGUED,39.17662048,-86.56252288
3,2,1400.0,2-Car,No injury/unknown,DISREGARD SIGNAL/REG SIGN,39.17662048,-86.56252288
6,6,100.0,2-Car,Non-incapacitating,DISREGARD SIGNAL/REG SIGN,39.17662048,-86.56252288
7,5,800.0,2-Car,No injury/unknown,FAILURE TO YIELD RIGHT OF WAY,39.17662048,-86.56252288
10,3,1700.0,2-Car,Non-incapacitating,,39.17662048,-86.56252288
8,1,1500.0,2-Car,No injury/unknown,FOLLOWING TOO CLOSELY,39.17662048,-86.56252288
10,7,1400.0,2-Car,No injury/unknown,FOLLOWING TOO CLOSELY,39.17662048,-86.56252288
12,4,1800.0,2-Car,Incapacitating,FOLLOWING TOO CLOSELY,39.17662048,-86.56252289
12,6,1200.0,1-Car,No injury/unknown,ANIMAL/OBJECT IN ROADWAY,39.17662048,-86.56243633
5,2,800.0,3+ Cars,Non-incapacitating,FOLLOWING TOO CLOSELY,39.17660994,-86.54850997
1,2,700.0,2-Car,No injury/unknown,,39.176544,-86.5624
2,3,1000.0,2-Car,No injury/unknown,FAILURE TO YIELD RIGHT OF WAY,39.176544,-86.5624
3,7,1300.0,2-Car,No injury/unknown,BRAKE FAILURE OR DEFECTIVE,39.176544,-86.5624
4,4,1400.0,2-Car,No injury/unknown,DISREGARD SIGNAL/REG SIGN,39.176544,-86.5624
5,7,0.0,1-Car,No injury/unknown,ANIMAL/OBJECT IN ROADWAY,39.176544,-86.5624
6,3,1400.0,2-Car,Non-incapacitating,FOLLOWING TOO CLOSELY,39.176544,-86.5624
6,2,1600.0,2-Car,No injury/unknown,UNSAFE LANE MOVEMENT,39.176544,-86.5624
7,5,1200.0,2-Car,No injury/unknown,FOLLOWING TOO CLOSELY,39.176544,-86.5624
9,5,700.0,2-Car,No injury/unknown,FOLLOWING TOO CLOSELY,39.176544,-86.5624
12,6,2000.0,2-Car,No injury/unknown,IMPROPER LANE USAGE,39.176544,-86.5624
4,4,400.0,2-Car,No injury/unknown,FOLLOWING TOO CLOSELY,39.17650909,-86.58312857
4,3,1500.0,2-Car,No injury/unknown,DRIVER DISTRACTED - EXPLAIN IN NARRATIVE,39.17646159,-86.58315002
1,1,1500.0,2-Car,No injury/unknown,IMPROPER TURNING,39.17645015,-86.51891207
12,2,800.0,2-Car,Non-incapacitating,FOLLOWING TOO CLOSELY,39.17645015,-86.51886016
10,5,1700.0,2-Car,No injury/unknown,FOLLOWING TOO CLOSELY,39.17644386,-86.47890519
1,6,1100.0,2-Car,Non-incapacitating,FOLLOWING TOO CLOSELY,39.17635934,-86.56266121
3,4,100.0,3+ Cars,No injury/unknown,FOLLOWING TOO CLOSELY,39.17635934,-86.56266121
6,4,2100.0,2-Car,No injury/unknown,FAILURE TO YIELD RIGHT OF WAY,39.17635934,-86.56266121
9,5,1300.0,2-Car,No injury/unknown,OTHER TELEMATICS IN USE,39.17635934,-86.56266121
3,4,200.0,2-Car,No injury/unknown,UNSAFE SPEED,39.17629869,-86.552592
3,3,1000.0,1-Car,No injury/unknown,UNSAFE BACKING,39.17625234,-86.49542234
2,4,400.0,1-Car,No injury/unknown,OTHER (ENVIRONMENTAL) - EXPLAIN IN NARR,39.17622354,-86.49545275
2,7,2100.0,3+ Cars,No injury/unknown,FAILURE TO YIELD RIGHT OF WAY,39.176192,-86.52712
2,5,1700.0,2-Car,No injury/unknown,FOLLOWING TOO CLOSELY,39.176192,-86.52712
4,2,1400.0,3+ Cars,No injury/unknown,FAILURE TO YIELD RIGHT OF WAY,39.176192,-86.52712
11,6,1500.0,2-Car,No injury/unknown,FAILURE TO YIELD RIGHT OF WAY,39.176192,-86.52712
3,6,0.0,2-Car,No injury/unknown,,39.17616,-86.528224
5,3,1600.0,1-Car,No injury/unknown,RAN OFF ROAD RIGHT,39.17616,-86.528224
2,7,0.0,2-Car,No injury/unknown,OTHER (VEHICLE) - EXPLAIN IN NARRATIVE,39.17612549,-86.51898236
11,1,2000.0,2-Car,No injury/unknown,UNSAFE BACKING,39.17612549,-86.51898236
11,3,2200.0,2-Car,No injury/unknown,FAILURE TO YIELD RIGHT OF WAY,39.17606857,-86.58310629
4,3,1700.0,2-Car,No injury/unknown,UNSAFE BACKING,39.17606521,-86.51339983
9,7,1400.0,1-Car,No injury/unknown,UNSAFE BACKING,39.17605029,-86.53850971
3,1,1700.0,2-Car,No injury/unknown,SPEED TOO FAST FOR WEATHER CONDITIONS,39.176048,-86.552592
1,5,1100.0,3+ Cars,Non-incapacitating,FAILURE TO YIELD RIGHT OF WAY,39.17602723,-86.52711617
8,4,1400.0,2-Car,No injury/unknown,DISREGARD SIGNAL/REG SIGN,39.176016,-86.53608
1,1,400.0,Moped/Motorcycle,No injury/unknown,IMPROPER TURNING,39.17600327,-86.53063151
4,2,1500.0,2-Car,No injury/unknown,FAILURE TO YIELD RIGHT OF WAY,39.17600218,-86.53071959
12,6,1600.0,2-Car,No injury/unknown,IMPROPER LANE USAGE,39.176,-86.530896
12,3,200.0,2-Car,No injury/unknown,OTHER (DRIVER) - EXPLAIN IN NARRATIVE,39.176,-86.530896
7,2,1700.0,2-Car,No injury/unknown,SPEED TOO FAST FOR WEATHER CONDITIONS,39.17599001,-86.56318363
12,4,1200.0,2-Car,No injury/unknown,FOLLOWING TOO CLOSELY,39.17599001,-86.56318363
1,7,1700.0,2-Car,No injury/unknown,FAILURE TO YIELD RIGHT OF WAY,39.175984,-86.534736
2,5,1600.0,2-Car,No injury/unknown,FAILURE TO YIELD RIGHT OF WAY,39.175984,-86.534736
2,1,1600.0,2-Car,No injury/unknown,UNSAFE BACKING,39.175984,-86.534736
2,6,1500.0,2-Car,No injury/unknown,FAILURE TO YIELD RIGHT OF WAY,39.175984,-86.534736
3,6,900.0,2-Car,No injury/unknown,UNSAFE BACKING,39.175984,-86.534736
4,5,1300.0,2-Car,No injury/unknown,OTHER (DRIVER) - EXPLAIN IN NARRATIVE,39.175984,-86.534736
1,3,800.0,2-Car,No injury/unknown,SPEED TOO FAST FOR WEATHER CONDITIONS,39.175952,-86.53344
1,6,1500.0,2-Car,No injury/unknown,UNSAFE LANE MOVEMENT,39.175952,-86.53344
2,7,0.0,2-Car,Non-incapacitating,FAILURE TO YIELD RIGHT OF WAY,39.175952,-86.53344
2,7,1800.0,2-Car,No injury/unknown,FAILURE TO YIELD RIGHT OF WAY,39.175952,-86.53344
5,2,700.0,Cyclist,Non-incapacitating,FAILURE TO YIELD RIGHT OF WAY,39.175952,-86.53344
4,6,1400.0,2-Car,Non-incapacitating,UNSAFE LANE MOVEMENT,39.175952,-86.53344
7,6,800.0,2-Car,No injury/unknown,IMPROPER TURNING,39.175952,-86.53344
10,4,1200.0,2-Car,Non-incapacitating,IMPROPER LANE USAGE,39.175952,-86.53344
10,1,1000.0,2-Car,No injury/unknown,IMPROPER TURNING,39.175952,-86.53344
11,6,1100.0,2-Car,Non-incapacitating,IMPROPER TURNING,39.175952,-86.53344
12,6,1100.0,2-Car,No injury/unknown,UNSAFE BACKING,39.175952,-86.53344
3,2,800.0,2-Car,No injury/unknown,,39.1759003,-86.55255004
4,7,300.0,3+ Cars,No injury/unknown,OTHER (DRIVER) - EXPLAIN IN NARRATIVE,39.17579639,-86.5099962
12,7,800.0,2-Car,No injury/unknown,ROADWAY SURFACE CONDITION,39.17577334,-86.537696
2,3,1000.0,2-Car,No injury/unknown,IMPROPER TURNING,39.17567062,-86.57728577
4,5,2300.0,1-Car,No injury/unknown,UNSAFE BACKING,39.17562866,-86.56706237
11,2,1800.0,2-Car,No injury/unknown,UNSAFE SPEED,39.17562068,-86.56370604
2,2,700.0,2-Car,No injury/unknown,FOLLOWING TOO CLOSELY,39.17557144,-86.50099182
2,6,900.0,2-Car,No injury/unknown,,39.17555237,-86.53058624
3,7,400.0,2-Car,No injury/unknown,,39.17555237,-86.53058624
11,6,1300.0,2-Car,No injury/unknown,LEFT OF CENTER,39.175552,-86.528192
2,7,800.0,2-Car,No injury/unknown,FAILURE TO YIELD RIGHT OF WAY,39.17551264,-86.59904479
1,7,1400.0,2-Car,No injury/unknown,FAILURE TO YIELD RIGHT OF WAY,39.175504,-86.527104
3,6,500.0,2-Car,No injury/unknown,,39.175504,-86.527104
12,4,900.0,2-Car,No injury/unknown,FAILURE TO YIELD RIGHT OF WAY,39.175504,-86.527104
4,5,1200.0,2-Car,No injury/unknown,OTHER (DRIVER) - EXPLAIN IN NARRATIVE,39.17542019,-86.52540133
1,4,1000.0,1-Car,Non-incapacitating,RAN OFF ROAD RIGHT,39.17541322,-86.53345078
1,1,1700.0,1-Car,No injury/unknown,RAN OFF ROAD RIGHT,39.17537215,-86.53484009
4,7,1700.0,2-Car,No injury/unknown,IMPROPER TURNING,39.17535614,-86.5190317
2,2,1400.0,2-Car,No injury/unknown,UNSAFE BACKING,39.17535349,-86.52355953
11,5,1200.0,2-Car,No injury/unknown,LEFT OF CENTER,39.175344,-86.523488
3,7,300.0,2-Car,No injury/unknown,IMPROPER TURNING,39.175296,-86.522416
5,3,800.0,2-Car,No injury/unknown,FAILURE TO YIELD RIGHT OF WAY,39.17527603,-86.48120966
10,2,1200.0,2-Car,No injury/unknown,UNSAFE BACKING,39.17525388,-86.53475004
2,1,1500.0,2-Car,Non-incapacitating,TRAFFIC CONTROL INOPERATIVE/MISSING/OBSC,39.17524746,-86.52701896
7,5,800.0,2-Car,No injury/unknown,UNSAFE BACKING,39.17524114,-86.51896409
8,2,2300.0,2-Car,No injury/unknown,OTHER (DRIVER) - EXPLAIN IN NARRATIVE,39.17524114,-86.51896409
5,3,1000.0,2-Car,No injury/unknown,IMPROPER TURNING,39.175232,-86.520976
11,3,600.0,2-Car,No injury/unknown,FAILURE TO YIELD RIGHT OF WAY,39.175232,-86.520976
2,3,1600.0,Bus,No injury/unknown,UNSAFE LANE MOVEMENT,39.175152,-86.55152
10,6,1800.0,2-Car,No injury/unknown,UNSAFE BACKING,39.175152,-86.55152
9,3,1400.0,2-Car,No injury/unknown,IMPROPER TURNING,39.175152,-86.53976
6,5,1300.0,2-Car,No injury/unknown,UNSAFE BACKING,39.175152,-86.518992
8,5,1500.0,2-Car,No injury/unknown,UNSAFE BACKING,39.175152,-86.518992
12,2,300.0,1-Car,No injury/unknown,RAN OFF ROAD RIGHT,39.175152,-86.4812
8,2,1100.0,1-Car,No injury/unknown,DRIVER DISTRACTED - EXPLAIN IN NARRATIVE,39.17507496,-86.52701385
8,7,1500.0,3+ Cars,No injury/unknown,UNSAFE SPEED,39.17506668,-86.56448965
8,3,1500.0,2-Car,No injury/unknown,FOLLOWING TOO CLOSELY,39.17504,-86.556496
4,4,800.0,Bus,No injury/unknown,FOLLOWING TOO CLOSELY,39.17504,-86.543792
2,3,1600.0,2-Car,No injury/unknown,FOLLOWING TOO CLOSELY,39.17492206,-86.56444722
8,1,1400.0,3+ Cars,Non-incapacitating,FAILURE TO YIELD RIGHT OF WAY,39.17476808,-86.51466999
1,4,1000.0,2-Car,Non-incapacitating,IMPROPER LANE USAGE,39.17461081,-86.534752
3,5,1400.0,3+ Cars,No injury/unknown,UNSAFE SPEED,39.17458591,-86.56491925
9,2,1200.0,2-Car,No injury/unknown,UNSAFE BACKING,39.17438015,-86.53229138
4,3,900.0,2-Car,No injury/unknown,FAILURE TO YIELD RIGHT OF WAY,39.174368,-86.5324
5,3,1800.0,Cyclist,Non-incapacitating,FAILURE TO YIELD RIGHT OF WAY,39.174368,-86.527088
11,4,1100.0,Moped/Motorcycle,Non-incapacitating,FAILURE TO YIELD RIGHT OF WAY,39.174368,-86.527088
11,4,900.0,2-Car,No injury/unknown,FAILURE TO YIELD RIGHT OF WAY,39.174368,-86.527088
8,5,1600.0,2-Car,No injury/unknown,UNSAFE BACKING,39.17436283,-86.52699273
3,6,1800.0,Moped/Motorcycle,Incapacitating,RAN OFF ROAD RIGHT,39.174352,-86.5536
3,1,300.0,1-Car,No injury/unknown,ROADWAY SURFACE CONDITION,39.174352,-86.552592
8,3,1800.0,Moped/Motorcycle,Non-incapacitating,DISREGARD SIGNAL/REG SIGN,39.174352,-86.552592
11,2,2100.0,2-Car,No injury/unknown,UNSAFE BACKING,39.174352,-86.552592
1,1,800.0,2-Car,No injury/unknown,UNSAFE BACKING,39.174352,-86.548
3,1,1700.0,2-Car,No injury/unknown,FAILURE TO YIELD RIGHT OF WAY,39.174352,-86.547104
2,3,1000.0,2-Car,No injury/unknown,WRONG WAY ON ONE WAY,39.174352,-86.533472
5,6,300.0,Cyclist,Non-incapacitating,FAILURE TO YIELD RIGHT OF WAY,39.174352,-86.533472
12,6,1200.0,2-Car,No injury/unknown,FOLLOWING TOO CLOSELY,39.17428336,-86.51500043
12,6,1400.0,2-Car,No injury/unknown,,39.17416,-86.542032
9,5,800.0,Cyclist,Non-incapacitating,FAILURE TO YIELD RIGHT OF WAY,39.174048,-86.518896
12,5,1400.0,Bus,No injury/unknown,OTHER (DRIVER) - EXPLAIN IN NARRATIVE,39.174048,-86.518896
5,6,1700.0,2-Car,No injury/unknown,SPEED TOO FAST FOR WEATHER CONDITIONS,39.1739436,-86.51820314
10,4,1200.0,2-Car,No injury/unknown,,39.17379261,-86.5007414
7,3,1700.0,2-Car,No injury/unknown,FOLLOWING TOO CLOSELY,39.17377399,-86.56631801
9,4,1900.0,2-Car,No injury/unknown,OTHER (DRIVER) - EXPLAIN IN NARRATIVE,39.17374496,-86.5174614
7,4,700.0,2-Car,No injury/unknown,UNSAFE BACKING,39.17363048,-86.52095496
1,3,1500.0,Pedestrian,Non-incapacitating,PEDESTRIAN ACTION,39.17360135,-86.51666031
3,7,100.0,2-Car,No injury/unknown,,39.17357257,-86.5324
1,6,100.0,2-Car,No injury/unknown,VIEW OBSTRUCTED,39.173552,-86.515488
4,5,1400.0,2-Car,No injury/unknown,FAILURE TO YIELD RIGHT OF WAY,39.173552,-86.515488
10,5,100.0,2-Car,No injury/unknown,UNSAFE BACKING,39.173552,-86.515488
8,4,1500.0,2-Car,No injury/unknown,SPEED TOO FAST FOR WEATHER CONDITIONS,39.17344351,-86.5032716
9,2,900.0,2-Car,No injury/unknown,UNSAFE BACKING,39.17344,-86.5324
3,6,200.0,2-Car,No injury/unknown,OTHER (DRIVER) - EXPLAIN IN NARRATIVE,39.17344,-86.530992
3,4,2300.0,2-Car,No injury/unknown,OTHER (DRIVER) - EXPLAIN IN NARRATIVE,39.17344,-86.529696
11,2,800.0,2-Car,No injury/unknown,FAILURE TO YIELD RIGHT OF WAY,39.17344,-86.528288
8,2,1000.0,2-Car,Non-incapacitating,WRONG WAY ON ONE WAY,39.17344,-86.527056
3,4,1200.0,2-Car,No injury/unknown,FAILURE TO YIELD RIGHT OF WAY,39.17344,-86.524672
5,6,1700.0,2-Car,No injury/unknown,FOLLOWING TOO CLOSELY,39.17342398,-86.53494
2,1,0.0,2-Car,No injury/unknown,SPEED TOO FAST FOR WEATHER CONDITIONS,39.17341527,-86.51550441
11,4,1100.0,1-Car,No injury/unknown,,39.173408,-86.542
3,2,1500.0,Pedestrian,Non-incapacitating,DRIVER DISTRACTED - EXPLAIN IN NARRATIVE,39.173344,-86.54802772
6,1,2000.0,2-Car,No injury/unknown,FAILURE TO YIELD RIGHT OF WAY,39.173344,-86.54745686
3,1,800.0,1-Car,No injury/unknown,UNSAFE SPEED,39.173344,-86.555104
8,2,1500.0,Cyclist,Non-incapacitating,FOLLOWING TOO CLOSELY,39.173344,-86.552592
7,3,1000.0,2-Car,No injury/unknown,UNSAFE BACKING,39.173344,-86.549296
8,6,2100.0,2-Car,No injury/unknown,UNSAFE BACKING,39.173344,-86.54734825
12,5,1800.0,Bus,No injury/unknown,FAILURE TO YIELD RIGHT OF WAY,39.1732988,-86.52353958
10,3,1500.0,2-Car,Non-incapacitating,FOLLOWING TOO CLOSELY,39.1732908,-86.51898623
5,6,1700.0,2-Car,Non-incapacitating,FAILURE TO YIELD RIGHT OF WAY,39.17326972,-86.53605982
7,5,1400.0,2-Car,No injury/unknown,IMPROPER TURNING,39.173248,-86.533488
10,3,1300.0,Bus,No injury/unknown,FOLLOWING TOO CLOSELY,39.173248,-86.533488
12,2,1900.0,1-Car,No injury/unknown,IMPROPER LANE USAGE,39.173248,-86.533488
5,4,1300.0,2-Car,No injury/unknown,UNSAFE BACKING,39.17324465,-86.53375261
1,5,1800.0,Pedestrian,Non-incapacitating,FAILURE TO YIELD RIGHT OF WAY,39.173232,-86.534752
6,3,1500.0,2-Car,No injury/unknown,DISREGARD SIGNAL/REG SIGN,39.173232,-86.534752
8,6,1600.0,3+ Cars,No injury/unknown,FOLLOWING TOO CLOSELY,39.173232,-86.534752
9,6,1500.0,2-Car,No injury/unknown,VIEW OBSTRUCTED,39.173232,-86.534752
10,3,2200.0,3+ Cars,No injury/unknown,SPEED TOO FAST FOR WEATHER CONDITIONS,39.173232,-86.534752
12,1,2100.0,2-Car,No injury/unknown,OTHER (DRIVER) - EXPLAIN IN NARRATIVE,39.173232,-86.534752
9,4,1400.0,Bus,Non-incapacitating,DISREGARD SIGNAL/REG SIGN,39.173216,-86.536
9,6,2000.0,2-Car,No injury/unknown,FAILURE TO YIELD RIGHT OF WAY,39.173216,-86.536
10,6,2100.0,2-Car,No injury/unknown,FAILURE TO YIELD RIGHT OF WAY,39.173216,-86.536
10,7,1600.0,2-Car,No injury/unknown,FAILURE TO YIELD RIGHT OF WAY,39.173216,-86.536
5,2,2100.0,3+ Cars,No injury/unknown,OTHER (DRIVER) - EXPLAIN IN NARRATIVE,39.17319998,-86.49275287
7,3,1200.0,Cyclist,No injury/unknown,DISREGARD SIGNAL/REG SIGN,39.173184,-86.538528
7,4,1100.0,Cyclist,Non-incapacitating,RAN OFF ROAD RIGHT,39.173184,-86.538528
11,3,1500.0,Bus,No injury/unknown,LEFT OF CENTER,39.173184,-86.538528
11,5,700.0,2-Car,Non-incapacitating,FAILURE TO YIELD RIGHT OF WAY,39.173184,-86.538528
11,3,1900.0,2-Car,Incapacitating,IMPROPER TURNING,39.173184,-86.538528
2,7,1600.0,1-Car,Non-incapacitating,RAN OFF ROAD RIGHT,39.173152,-86.5408
2,7,1600.0,1-Car,Non-incapacitating,RAN OFF ROAD RIGHT,39.173152,-86.5408
2,7,1600.0,2-Car,Non-incapacitating,RAN OFF ROAD RIGHT,39.173152,-86.5408
10,3,900.0,Bus,No injury/unknown,FAILURE TO YIELD RIGHT OF WAY,39.173152,-86.5408
9,6,1600.0,3+ Cars,Non-incapacitating,FOLLOWING TOO CLOSELY,39.17314781,-86.50297321
3,5,1600.0,2-Car,No injury/unknown,UNSAFE BACKING,39.17302832,-86.51339918
7,2,1000.0,2-Car,No injury/unknown,UNSAFE BACKING,39.17302832,-86.51339918
9,3,1400.0,2-Car,No injury/unknown,UNSAFE BACKING,39.17302832,-86.51339918
5,5,1100.0,Cyclist,No injury/unknown,FAILURE TO YIELD RIGHT OF WAY,39.17302602,-86.53475422
1,1,1900.0,1-Car,No injury/unknown,RAN OFF ROAD RIGHT,39.1729734,-86.53349523
8,4,2000.0,2-Car,No injury/unknown,UNSAFE BACKING,39.17291755,-86.5224431
10,3,1700.0,2-Car,No injury/unknown,UNSAFE SPEED,39.17286022,-86.56731864
9,6,1600.0,2-Car,No injury/unknown,FOLLOWING TOO CLOSELY,39.17285105,-86.56762445
7,5,0.0,2-Car,No injury/unknown,UNSAFE BACKING,39.17281455,-86.51879273
8,1,1500.0,2-Car,No injury/unknown,UNSAFE BACKING,39.17281455,-86.51879273
9,3,1800.0,2-Car,No injury/unknown,UNSAFE BACKING,39.17281455,-86.51879273
2,6,1500.0,2-Car,No injury/unknown,FAILURE TO YIELD RIGHT OF WAY,39.172752,-86.482288
2,2,1500.0,2-Car,No injury/unknown,FOLLOWING TOO CLOSELY,39.172752,-86.482288
5,7,1700.0,2-Car,No injury/unknown,FAILURE TO YIELD RIGHT OF WAY,39.172752,-86.482288
6,5,1700.0,2-Car,Non-incapacitating,FOLLOWING TOO CLOSELY,39.172752,-86.482288
9,4,1800.0,2-Car,No injury/unknown,FOLLOWING TOO CLOSELY,39.172752,-86.482288
10,4,300.0,1-Car,No injury/unknown,DISREGARD SIGNAL/REG SIGN,39.172752,-86.482288
11,5,2000.0,2-Car,No injury/unknown,FAILURE TO YIELD RIGHT OF WAY,39.172752,-86.482288
3,1,300.0,1-Car,No injury/unknown,RAN OFF ROAD RIGHT,39.172704,-86.655888
10,5,900.0,1-Car,No injury/unknown,RAN OFF ROAD RIGHT,39.172704,-86.655888
7,4,1300.0,1-Car,No injury/unknown,OTHER (VEHICLE) - EXPLAIN IN NARRATIVE,39.17265013,-86.52094356
8,5,1500.0,2-Car,No injury/unknown,,39.17265013,-86.52094356
9,4,1300.0,2-Car,Non-incapacitating,UNSAFE SPEED,39.17264788,-86.5026808
9,6,1200.0,2-Car,No injury/unknown,WRONG WAY ON ONE WAY,39.17264,-86.529696
9,3,1600.0,2-Car,No injury/unknown,FAILURE TO YIELD RIGHT OF WAY,39.17264,-86.528272
2,7,2200.0,2-Car,No injury/unknown,,39.17264,-86.52704
12,4,1200.0,2-Car,No injury/unknown,FAILURE TO YIELD RIGHT OF WAY,39.17264,-86.52704
4,2,1700.0,1-Car,No injury/unknown,RAN OFF ROAD RIGHT,39.17264,-86.52464
10,4,1800.0,2-Car,No injury/unknown,FAILURE TO YIELD RIGHT OF WAY,39.17264,-86.52464
1,6,1500.0,2-Car,No injury/unknown,FAILURE TO YIELD RIGHT OF WAY,39.17264,-86.523584
2,4,1800.0,2-Car,No injury/unknown,FAILURE TO YIELD RIGHT OF WAY,39.17264,-86.523584
11,2,900.0,2-Car,No injury/unknown,DISREGARD SIGNAL/REG SIGN,39.17264,-86.523584
8,7,1300.0,2-Car,No injury/unknown,SPEED TOO FAST FOR WEATHER CONDITIONS,39.17259918,-86.50282808
12,5,1000.0,2-Car,No injury/unknown,UNSAFE BACKING,39.17259598,-86.57152557
9,5,1400.0,2-Car,No injury/unknown,IMPROPER TURNING,39.17259598,-86.57152557
5,5,1700.0,2-Car,No injury/unknown,FAILURE TO YIELD RIGHT OF WAY,39.17253545,-86.52467126
11,1,1600.0,2-Car,No injury/unknown,UNSAFE BACKING,39.17250261,-86.51898354
1,5,1800.0,2-Car,No injury/unknown,IMPROPER LANE USAGE,39.17250261,-86.51898354
2,6,1200.0,1-Car,No injury/unknown,UNSAFE LANE MOVEMENT,39.17250261,-86.51898354
3,6,1700.0,2-Car,No injury/unknown,UNSAFE BACKING,39.17247444,-86.50959178
2,6,1600.0,2-Car,No injury/unknown,SPEED TOO FAST FOR WEATHER CONDITIONS,39.17240806,-86.53476086
9,3,1600.0,2-Car,No injury/unknown,UNSAFE BACKING,39.17239897,-86.4967649
10,4,1200.0,2-Car,No injury/unknown,UNSAFE SPEED,39.17239791,-86.5025346
2,6,1600.0,2-Car,No injury/unknown,LEFT OF CENTER,39.17237698,-86.48280365
4,5,1300.0,Pedestrian,Non-incapacitating,OTHER (DRIVER) - EXPLAIN IN NARRATIVE,39.172336,-86.548192
2,7,200.0,2-Car,No injury/unknown,LEFT OF CENTER,39.17226188,-86.48843452
2,5,1700.0,1-Car,No injury/unknown,VIEW OBSTRUCTED,39.172144,-86.509392
7,4,1500.0,2-Car,No injury/unknown,UNSAFE BACKING,39.172144,-86.509392
12,4,1800.0,1-Car,No injury/unknown,UNSAFE BACKING,39.172144,-86.509392
12,4,1400.0,2-Car,No injury/unknown,UNSAFE BACKING,39.172144,-86.509392
3,6,1000.0,1-Car,No injury/unknown,UNSAFE BACKING,39.17209692,-86.4954552
9,6,2200.0,2-Car,No injury/unknown,UNSAFE BACKING,39.172048,-86.4816
4,1,300.0,1-Car,No injury/unknown,ANIMAL/OBJECT IN ROADWAY,39.172048,-86.4732
4,4,2100.0,Cyclist,No injury/unknown,HEADLIGHT DEFECTIVE OR NOT ON,39.17203189,-86.48503696
6,3,1800.0,2-Car,No injury/unknown,UNSAFE LANE MOVEMENT,39.17202295,-86.5023153
12,6,1200.0,2-Car,No injury/unknown,OTHER (DRIVER) - EXPLAIN IN NARRATIVE,39.17202295,-86.5023153
1,7,200.0,2-Car,No injury/unknown,UNSAFE SPEED,39.17201865,-86.53476505
1,5,1300.0,2-Car,No injury/unknown,UNSAFE BACKING,39.17200261,-86.53854563
3,4,1700.0,2-Car,No injury/unknown,UNSAFE BACKING,39.17200261,-86.53854563
6,2,900.0,2-Car,No injury/unknown,OTHER (DRIVER) - EXPLAIN IN NARRATIVE,39.17200261,-86.53854563
4,7,400.0,1-Car,No injury/unknown,RAN OFF ROAD RIGHT,39.17198944,-86.5701065
8,5,1600.0,2-Car,Non-incapacitating,DISREGARD SIGNAL/REG SIGN,39.17196013,-86.5829797
2,6,100.0,1-Car,No injury/unknown,RAN OFF ROAD RIGHT,39.17193626,-86.536
4,2,1300.0,3+ Cars,No injury/unknown,UNSAFE SPEED,39.17189797,-86.5022422
11,5,1800.0,2-Car,No injury/unknown,UNSAFE LANE MOVEMENT,39.17185806,-86.51871132
6,1,900.0,2-Car,No injury/unknown,FOLLOWING TOO CLOSELY,39.17184,-86.487488
4,4,900.0,2-Car,No injury/unknown,OTHER (DRIVER) - EXPLAIN IN NARRATIVE,39.17182298,-86.50219834
12,3,1800.0,2-Car,No injury/unknown,UNSAFE LANE MOVEMENT,39.17177963,-86.59832764
1,7,0.0,1-Car,No injury/unknown,IMPROPER TURNING,39.17176229,-86.53351967
1,5,1100.0,2-Car,No injury/unknown,FAILURE TO YIELD RIGHT OF WAY,39.171744,-86.536
8,3,1200.0,2-Car,No injury/unknown,DRIVER ILLNESS,39.171744,-86.536
8,3,1200.0,2-Car,No injury/unknown,DRIVER ILLNESS,39.171744,-86.536
2,6,1700.0,2-Car,No injury/unknown,SPEED TOO FAST FOR WEATHER CONDITIONS,39.171744,-86.534768
2,2,0.0,2-Car,No injury/unknown,DISREGARD SIGNAL/REG SIGN,39.171744,-86.534768
4,7,1800.0,2-Car,No injury/unknown,DISREGARD SIGNAL/REG SIGN,39.171744,-86.534768