Month,Day,Hour,Collision Type,Injury Type,Primary Factor,Latitude,Longitude
5,6,100.0,2-Car,No injury/unknown,IMPROPER TURNING,39.171744,-86.534768
9,6,1700.0,2-Car,No injury/unknown,UNSAFE LANE MOVEMENT,39.171744,-86.534768
10,1,900.0,2-Car,No injury/unknown,FAILURE TO YIELD RIGHT OF WAY,39.171744,-86.534768
10,3,2100.0,2-Car,No injury/unknown,IMPROPER TURNING,39.171744,-86.534768
12,2,2300.0,2-Car,No injury/unknown,UNSAFE LANE MOVEMENT,39.171744,-86.534768
12,3,1300.0,2-Car,No injury/unknown,FAILURE TO YIELD RIGHT OF WAY,39.171744,-86.534768
3,4,1600.0,2-Car,No injury/unknown,FOLLOWING TOO CLOSELY,39.171744,-86.53352
3,6,600.0,2-Car,No injury/unknown,DISREGARD SIGNAL/REG SIGN,39.171744,-86.53352
7,3,1500.0,2-Car,No injury/unknown,IMPROPER TURNING,39.171744,-86.53352
10,6,1600.0,2-Car,No injury/unknown,IMPROPER LANE USAGE,39.171744,-86.53352
12,6,1100.0,2-Car,No injury/unknown,DISREGARD SIGNAL/REG SIGN,39.171744,-86.53352
1,5,1200.0,2-Car,No injury/unknown,UNSAFE BACKING,39.171728,-86.5324
7,4,900.0,2-Car,Non-incapacitating,FOLLOWING TOO CLOSELY,39.171728,-86.5324
4,6,2100.0,2-Car,No injury/unknown,UNSAFE SPEED,39.17172643,-86.50641986
11,2,2200.0,2-Car,No injury/unknown,UNSAFE LANE MOVEMENT,39.17171608,-86.51570831
1,7,2300.0,2-Car,No injury/unknown,FAILURE TO YIELD RIGHT OF WAY,39.171712,-86.530992
2,2,1600.0,2-Car,No injury/unknown,FAILURE TO YIELD RIGHT OF WAY,39.171712,-86.530992
7,2,1300.0,2-Car,No injury/unknown,UNSAFE BACKING,39.171712,-86.530992
9,6,800.0,Moped/Motorcycle,Incapacitating,FAILURE TO YIELD RIGHT OF WAY,39.171712,-86.530992
12,3,1600.0,2-Car,No injury/unknown,FAILURE TO YIELD RIGHT OF WAY,39.171712,-86.530992
3,3,100.0,2-Car,No injury/unknown,IMPROPER LANE USAGE,39.17170808,-86.53067461
12,4,1000.0,1-Car,No injury/unknown,DRIVER ASLEEP OR FATIGUED,39.17170688,-86.53976999
1,7,2100.0,1-Car,Non-incapacitating,VIEW OBSTRUCTED,39.17170612,-86.52089927
2,7,1700.0,2-Car,No injury/unknown,FOLLOWING TOO CLOSELY,39.171696,-86.529696
3,7,1200.0,2-Car,Non-incapacitating,FAILURE TO YIELD RIGHT OF WAY,39.171696,-86.529696
5,6,1400.0,Cyclist,Non-incapacitating,FAILURE TO YIELD RIGHT OF WAY,39.171696,-86.529696
9,4,1800.0,2-Car,No injury/unknown,FAILURE TO YIELD RIGHT OF WAY,39.171696,-86.529696
10,4,1300.0,2-Car,No injury/unknown,FAILURE TO YIELD RIGHT OF WAY,39.171696,-86.529696
10,6,1900.0,2-Car,No injury/unknown,FAILURE TO YIELD RIGHT OF WAY,39.171696,-86.529696
2,1,1800.0,1-Car,No injury/unknown,DRIVER DISTRACTED - EXPLAIN IN NARRATIVE,39.171696,-86.528896
9,5,1500.0,Bus,No injury/unknown,UNSAFE BACKING,39.17169367,-86.52351692
4,2,600.0,2-Car,No injury/unknown,IMPROPER TURNING,39.17169189,-86.53102874
7,5,600.0,1-Car,No injury/unknown,WRONG WAY ON ONE WAY,39.17168832,-86.53483448
2,4,1200.0,2-Car,No injury/unknown,UNSAFE BACKING,39.17168118,-86.50658033
7,5,1400.0,2-Car,No injury/unknown,FOLLOWING TOO CLOSELY,39.17168,-86.528256
12,6,1500.0,2-Car,No injury/unknown,FAILURE TO YIELD RIGHT OF WAY,39.17168,-86.528256
5,3,2100.0,1-Car,No injury/unknown,IMPROPER TURNING,39.17168,-86.527024
5,3,1300.0,3+ Cars,Non-incapacitating,UNSAFE SPEED,39.17168,-86.527024
10,7,1700.0,2-Car,No injury/unknown,FOLLOWING TOO CLOSELY,39.17168,-86.527024
10,7,1200.0,2-Car,No injury/unknown,DRIVER DISTRACTED - EXPLAIN IN NARRATIVE,39.17168,-86.527024
12,5,2300.0,2-Car,No injury/unknown,UNSAFE LANE MOVEMENT,39.17168,-86.527024
11,2,1800.0,1-Car,No injury/unknown,ANIMAL/OBJECT IN ROADWAY,39.17167917,-86.54695129
10,6,1200.0,2-Car,No injury/unknown,SPEED TOO FAST FOR WEATHER CONDITIONS,39.1716733,-86.5264948
10,3,1500.0,2-Car,No injury/unknown,FOLLOWING TOO CLOSELY,39.17166866,-86.52698015
2,5,900.0,2-Car,No injury/unknown,FOLLOWING TOO CLOSELY,39.171664,-86.52576
3,4,1700.0,3+ Cars,No injury/unknown,FOLLOWING TOO CLOSELY,39.171664,-86.52576
4,6,1700.0,2-Car,No injury/unknown,IMPROPER TURNING,39.171664,-86.52576
1,4,1800.0,Bus,No injury/unknown,OVERCORRECTING/OVERSTEERING,39.17164801,-86.50682337
8,5,1300.0,1-Car,No injury/unknown,OTHER (DRIVER) - EXPLAIN IN NARRATIVE,39.17164801,-86.50682337
10,4,1800.0,2-Car,No injury/unknown,FAILURE TO YIELD RIGHT OF WAY,39.171648,-86.524608
6,1,200.0,1-Car,No injury/unknown,,39.171648,-86.507088
7,2,600.0,1-Car,No injury/unknown,OTHER (DRIVER) - EXPLAIN IN NARRATIVE,39.171648,-86.50643212
2,6,1500.0,2-Car,No injury/unknown,UNSAFE BACKING,39.171648,-86.50435515
9,6,1000.0,1-Car,No injury/unknown,OVERCORRECTING/OVERSTEERING,39.171648,-86.50287942
2,5,900.0,2-Car,No injury/unknown,FOLLOWING TOO CLOSELY,39.171648,-86.502096
2,2,1100.0,2-Car,Non-incapacitating,FOLLOWING TOO CLOSELY,39.171648,-86.502096
3,4,1600.0,2-Car,Non-incapacitating,FOLLOWING TOO CLOSELY,39.171648,-86.502096
3,7,400.0,2-Car,No injury/unknown,UNSAFE LANE MOVEMENT,39.171648,-86.502096
4,5,800.0,2-Car,No injury/unknown,UNSAFE SPEED,39.171648,-86.502096
4,6,1200.0,2-Car,No injury/unknown,FOLLOWING TOO CLOSELY,39.171648,-86.502096
10,6,1100.0,2-Car,No injury/unknown,DISREGARD SIGNAL/REG SIGN,39.171648,-86.502096
8,4,1100.0,2-Car,No injury/unknown,FOLLOWING TOO CLOSELY,39.171648,-86.502096
9,6,1500.0,2-Car,No injury/unknown,FOLLOWING TOO CLOSELY,39.171648,-86.502096
12,5,1200.0,2-Car,No injury/unknown,UNSAFE SPEED,39.171648,-86.502096
5,5,1400.0,2-Car,No injury/unknown,IMPROPER TURNING,39.17164571,-86.52445486
11,1,2200.0,2-Car,No injury/unknown,IMPROPER TURNING,39.17163228,-86.52099237
1,6,1200.0,3+ Cars,No injury/unknown,FOLLOWING TOO CLOSELY,39.17163214,-86.52183641
4,4,1700.0,3+ Cars,Non-incapacitating,SPEED TOO FAST FOR WEATHER CONDITIONS,39.17163204,-86.522386
12,2,2000.0,2-Car,No injury/unknown,UNSAFE BACKING,39.17163204,-86.522386
4,5,1500.0,2-Car,No injury/unknown,FAILURE TO YIELD RIGHT OF WAY,39.171632,-86.52353600000001
7,5,1700.0,2-Car,No injury/unknown,FOLLOWING TOO CLOSELY,39.171632,-86.52353600000001
9,5,2100.0,2-Car,No injury/unknown,UNSAFE BACKING,39.171632,-86.52353600000001
10,5,1000.0,2-Car,No injury/unknown,UNSAFE BACKING,39.171632,-86.52353600000001
8,6,1500.0,3+ Cars,No injury/unknown,FOLLOWING TOO CLOSELY,39.17163022,-86.52237989
9,3,1300.0,2-Car,No injury/unknown,DRIVER DISTRACTED - EXPLAIN IN NARRATIVE,39.17163022,-86.52237989
11,3,2000.0,2-Car,No injury/unknown,FOLLOWING TOO CLOSELY,39.17163013,-86.51902446
9,2,2300.0,2-Car,No injury/unknown,UNSAFE LANE MOVEMENT,39.17163011,-86.51901956
9,3,1700.0,2-Car,No injury/unknown,FOLLOWING TOO CLOSELY,39.17162998,-86.52351778
9,4,500.0,2-Car,No injury/unknown,IMPROPER LANE USAGE,39.17160667,-86.536
2,3,1800.0,2-Car,No injury/unknown,SPEED TOO FAST FOR WEATHER CONDITIONS,39.17159924,-86.51588278
4,5,900.0,2-Car,No injury/unknown,FOLLOWING TOO CLOSELY,39.17158999,-86.51566028
2,6,1000.0,2-Car,No injury/unknown,OTHER (DRIVER) - EXPLAIN IN NARRATIVE,39.17158999,-86.51394031
9,5,1700.0,3+ Cars,Non-incapacitating,FOLLOWING TOO CLOSELY,39.17158999,-86.51394031
9,4,2100.0,2-Car,No injury/unknown,FOLLOWING TOO CLOSELY,39.17158999,-86.51394031
1,4,2100.0,2-Car,No injury/unknown,UNSAFE BACKING,39.1715876,-86.51132451
12,3,1900.0,Pedestrian,Incapacitating,PEDESTRIAN ACTION,39.17158656,-86.51904083
1,5,1000.0,2-Car,No injury/unknown,SPEED TOO FAST FOR WEATHER CONDITIONS,39.171584,-86.518688
8,3,1200.0,2-Car,No injury/unknown,IMPROPER PASSING,39.171584,-86.518688
5,6,1800.0,2-Car,No injury/unknown,SPEED TOO FAST FOR WEATHER CONDITIONS,39.17157993,-86.51252311
3,6,1300.0,2-Car,No injury/unknown,UNSAFE SPEED,39.17157993,-86.51249023
2,3,1600.0,2-Car,No injury/unknown,SPEED TOO FAST FOR WEATHER CONDITIONS,39.17157993,-86.51247985
3,5,1800.0,2-Car,No injury/unknown,FAILURE TO YIELD RIGHT OF WAY,39.17157993,-86.51247985
7,1,1400.0,1-Car,No injury/unknown,UNSAFE BACKING,39.17157943,-86.51826514
7,1,1400.0,1-Car,No injury/unknown,UNSAFE BACKING,39.17157943,-86.51826514
12,3,1300.0,2-Car,No injury/unknown,UNSAFE BACKING,39.17157943,-86.51826514
3,4,1200.0,2-Car,No injury/unknown,OVERCORRECTING/OVERSTEERING,39.17157938,-86.52460502
9,5,800.0,2-Car,No injury/unknown,VIEW OBSTRUCTED,39.17157747,-86.51808392
12,3,2200.0,2-Car,No injury/unknown,UNSAFE BACKING,39.17157747,-86.51808392
12,2,2200.0,2-Car,No injury/unknown,UNSAFE BACKING,39.17157747,-86.51808392
3,4,0.0,1-Car,No injury/unknown,LEFT OF CENTER,39.17157257,-86.51762956
9,6,2300.0,2-Car,Non-incapacitating,FAILURE TO YIELD RIGHT OF WAY,39.17157235,-86.50945322
1,5,900.0,1-Car,No injury/unknown,OTHER (DRIVER) - EXPLAIN IN NARRATIVE,39.17156787,-86.5027705
1,4,2200.0,2-Car,No injury/unknown,SPEED TOO FAST FOR WEATHER CONDITIONS,39.1715658,-86.50228603
2,4,1700.0,2-Car,No injury/unknown,FOLLOWING TOO CLOSELY,39.1715658,-86.50228603
5,5,2000.0,2-Car,No injury/unknown,FOLLOWING TOO CLOSELY,39.1715658,-86.50228603
8,1,1400.0,2-Car,No injury/unknown,SPEED TOO FAST FOR WEATHER CONDITIONS,39.1715658,-86.50228603
8,3,1800.0,2-Car,No injury/unknown,FOLLOWING TOO CLOSELY,39.1715658,-86.50228603
9,6,1400.0,Bus,No injury/unknown,UNSAFE LANE MOVEMENT,39.1715658,-86.50228603
10,6,2000.0,2-Car,Incapacitating,FOLLOWING TOO CLOSELY,39.1715658,-86.50228603
12,3,800.0,2-Car,No injury/unknown,FOLLOWING TOO CLOSELY,39.1715658,-86.50228603
12,2,800.0,1-Car,No injury/unknown,VIEW OBSTRUCTED,39.1715658,-86.50228603
2,7,100.0,1-Car,No injury/unknown,OTHER (VEHICLE) - EXPLAIN IN NARRATIVE,39.17155773,-86.51625722
11,1,1500.0,2-Car,No injury/unknown,FOLLOWING TOO CLOSELY,39.17155619,-86.50484901
8,6,1100.0,2-Car,No injury/unknown,OTHER (DRIVER) - EXPLAIN IN NARRATIVE,39.1715541,-86.49989653
9,7,1300.0,Moped/Motorcycle,Non-incapacitating,IMPROPER TURNING,39.17155244,-86.50475979
2,4,2200.0,2-Car,No injury/unknown,UNSAFE BACKING,39.171552,-86.515728
2,6,1700.0,2-Car,No injury/unknown,SPEED TOO FAST FOR WEATHER CONDITIONS,39.171552,-86.515728
9,4,1200.0,2-Car,No injury/unknown,UNSAFE BACKING,39.171552,-86.515728
10,2,1900.0,2-Car,No injury/unknown,FOLLOWING TOO CLOSELY,39.171552,-86.515728
9,4,800.0,2-Car,No injury/unknown,DRIVER DISTRACTED - EXPLAIN IN NARRATIVE,39.17153031,-86.50220967
10,4,1800.0,3+ Cars,Non-incapacitating,SPEED TOO FAST FOR WEATHER CONDITIONS,39.17152424,-86.4960172
1,6,1700.0,2-Car,Non-incapacitating,FOLLOWING TOO CLOSELY,39.1715126,-86.51290408
2,6,1700.0,2-Car,No injury/unknown,FOLLOWING TOO CLOSELY,39.1715126,-86.51290408
4,1,1400.0,2-Car,No injury/unknown,UNSAFE BACKING,39.17150684,-86.5092726
12,3,1700.0,2-Car,No injury/unknown,UNSAFE BACKING,39.171504,-86.512288
3,1,200.0,1-Car,No injury/unknown,UNSAFE LANE MOVEMENT,39.171504,-86.495312
4,5,1600.0,3+ Cars,No injury/unknown,FOLLOWING TOO CLOSELY,39.171504,-86.495312
5,4,2200.0,2-Car,No injury/unknown,FAILURE TO YIELD RIGHT OF WAY,39.171504,-86.495312
5,3,1700.0,3+ Cars,No injury/unknown,FOLLOWING TOO CLOSELY,39.171504,-86.495312
8,6,2100.0,1-Car,No injury/unknown,BRAKE FAILURE OR DEFECTIVE,39.171504,-86.495312
9,5,1500.0,2-Car,No injury/unknown,FOLLOWING TOO CLOSELY,39.171504,-86.495312
9,6,1600.0,2-Car,No injury/unknown,FOLLOWING TOO CLOSELY,39.171504,-86.495312
10,2,800.0,2-Car,No injury/unknown,FOLLOWING TOO CLOSELY,39.171504,-86.495312
10,5,1800.0,2-Car,No injury/unknown,FAILURE TO YIELD RIGHT OF WAY,39.171504,-86.495312
11,2,1400.0,3+ Cars,Non-incapacitating,FOLLOWING TOO CLOSELY,39.171504,-86.495312
11,6,2000.0,2-Car,Non-incapacitating,FOLLOWING TOO CLOSELY,39.171504,-86.495312
2,7,900.0,3+ Cars,No injury/unknown,SPEED TOO FAST FOR WEATHER CONDITIONS,39.171504,-86.49509867
7,3,1000.0,2-Car,Non-incapacitating,IMPROPER LANE USAGE,39.171504,-86.49296
5,1,1500.0,2-Car,No injury/unknown,DRIVER DISTRACTED - EXPLAIN IN NARRATIVE,39.1715008,-86.50133728
2,7,1500.0,2-Car,No injury/unknown,IMPROPER TURNING,39.17149326,-86.51131082
12,6,1500.0,2-Car,No injury/unknown,DRIVER ASLEEP OR FATIGUED,39.17149326,-86.51131082
8,5,500.0,2-Car,No injury/unknown,OTHER (DRIVER) - EXPLAIN IN NARRATIVE,39.17148598,-86.49535871
10,3,700.0,1-Car,No injury/unknown,UNSAFE BACKING,39.17148598,-86.49535006
4,2,2100.0,3+ Cars,No injury/unknown,FOLLOWING TOO CLOSELY,39.17148364,-86.51043443
5,3,1700.0,Cyclist,Non-incapacitating,UNSAFE LANE MOVEMENT,39.17148364,-86.51043443
6,6,1200.0,2-Car,No injury/unknown,DRIVER DISTRACTED - EXPLAIN IN NARRATIVE,39.17148231,-86.51031409
7,5,1800.0,2-Car,No injury/unknown,UNSAFE BACKING,39.17148166,-86.51025546
2,3,1400.0,2-Car,No injury/unknown,UNSAFE BACKING,39.17148145,-86.51023592
5,6,1200.0,2-Car,No injury/unknown,IMPROPER TURNING,39.17148145,-86.51023592
9,6,1400.0,1-Car,No injury/unknown,OTHER (DRIVER) - EXPLAIN IN NARRATIVE,39.17148145,-86.51023592
10,6,1900.0,2-Car,No injury/unknown,FOLLOWING TOO CLOSELY,39.17147588,-86.50972881
1,1,100.0,2-Car,No injury/unknown,,39.171472,-86.509376
6,2,1100.0,2-Car,No injury/unknown,FAILURE TO YIELD RIGHT OF WAY,39.171472,-86.509376
9,2,1600.0,3+ Cars,No injury/unknown,FOLLOWING TOO CLOSELY,39.171472,-86.509376
12,1,1600.0,2-Car,No injury/unknown,IMPROPER TURNING,39.171472,-86.509376
12,6,1500.0,2-Car,No injury/unknown,UNSAFE BACKING,39.171472,-86.509376
10,2,1800.0,2-Car,No injury/unknown,SPEED TOO FAST FOR WEATHER CONDITIONS,39.17146144,-86.49541336
10,1,1600.0,3+ Cars,No injury/unknown,FOLLOWING TOO CLOSELY,39.17146144,-86.49541336
2,3,1000.0,2-Car,No injury/unknown,FOLLOWING TOO CLOSELY,39.17142613,-86.52352692
11,1,2100.0,1-Car,No injury/unknown,SPEED TOO FAST FOR WEATHER CONDITIONS,39.17142573,-86.50719535
7,5,1500.0,2-Car,Non-incapacitating,DRIVER ASLEEP OR FATIGUED,39.17140022,-86.53859987
7,5,1200.0,2-Car,No injury/unknown,UNSAFE BACKING,39.1714,-86.548507
11,2,700.0,2-Car,No injury/unknown,FOLLOWING TOO CLOSELY,39.1713975,-86.52351337
10,4,1500.0,2-Car,No injury/unknown,UNSAFE BACKING,39.171344,-86.49296
5,2,1200.0,2-Car,No injury/unknown,UNSAFE BACKING,39.171312,-86.5492
12,3,700.0,1-Car,No injury/unknown,IMPROPER TURNING,39.171312,-86.5492
12,3,100.0,2-Car,No injury/unknown,UNSAFE SPEED,39.171248,-86.481328
12,3,100.0,2-Car,No injury/unknown,UNSAFE BACKING,39.171248,-86.481328
12,4,0.0,1-Car,No injury/unknown,RAN OFF ROAD RIGHT,39.171248,-86.481328
7,4,0.0,1-Car,No injury/unknown,RAN OFF ROAD RIGHT,39.171152,-86.567904
11,7,1300.0,2-Car,No injury/unknown,FAILURE TO YIELD RIGHT OF WAY,39.1711399,-86.50944835
8,7,400.0,1-Car,No injury/unknown,DRIVER DISTRACTED - EXPLAIN IN NARRATIVE,39.17109328,-86.53352868
10,3,1800.0,2-Car,No injury/unknown,IMPROPER TURNING,39.1709934,-86.52824633
2,6,1500.0,2-Car,No injury/unknown,SPEED TOO FAST FOR WEATHER CONDITIONS,39.17092115,-86.56889006
11,6,1000.0,2-Car,No injury/unknown,UNSAFE BACKING,39.17091135,-86.5335311
4,3,700.0,1-Car,No injury/unknown,IMPROPER TURNING,39.17088686,-86.534768
9,4,1600.0,2-Car,Non-incapacitating,FOLLOWING TOO CLOSELY,39.17088686,-86.534768
11,3,1700.0,2-Car,No injury/unknown,UNSAFE BACKING,39.17088686,-86.534768
9,6,600.0,Pedestrian,Non-incapacitating,FAILURE TO YIELD RIGHT OF WAY,39.1707889,-86.53353274
3,7,1400.0,2-Car,No injury/unknown,LEFT OF CENTER,39.17073106,-86.51581866
3,1,1400.0,2-Car,No injury/unknown,FAILURE TO YIELD RIGHT OF WAY,39.17072,-86.4956
4,2,1900.0,Bus,No injury/unknown,FOLLOWING TOO CLOSELY,39.17072,-86.4956
4,2,1000.0,2-Car,No injury/unknown,FAILURE TO YIELD RIGHT OF WAY,39.17072,-86.4956
5,5,900.0,Bus,No injury/unknown,UNSAFE BACKING,39.17072,-86.4956
8,4,1200.0,1-Car,No injury/unknown,UNSAFE BACKING,39.17071543,-86.53353371
8,3,200.0,2-Car,No injury/unknown,UNSAFE BACKING,39.17071314,-86.5324
8,2,1500.0,1-Car,No injury/unknown,DRIVER DISTRACTED - EXPLAIN IN NARRATIVE,39.17069457,-86.49478104
3,6,1900.0,Moped/Motorcycle,Non-incapacitating,UNSAFE LANE MOVEMENT,39.17068133,-86.534768
4,4,1500.0,Cyclist,Non-incapacitating,UNSAFE SPEED,39.17064813,-86.50936
5,3,800.0,2-Car,No injury/unknown,FAILURE TO YIELD RIGHT OF WAY,39.17064462,-86.4931729
5,3,800.0,2-Car,No injury/unknown,FAILURE TO YIELD RIGHT OF WAY,39.17064462,-86.4931729
7,5,1400.0,1-Car,No injury/unknown,OTHER (DRIVER) - EXPLAIN IN NARRATIVE,39.17059298,-86.534768
2,5,1500.0,2-Car,No injury/unknown,UNSAFE LANE MOVEMENT,39.170544,-86.534768
4,6,900.0,2-Car,No injury/unknown,IMPROPER LANE USAGE,39.170544,-86.534768
4,4,1300.0,2-Car,No injury/unknown,UNSAFE LANE MOVEMENT,39.170544,-86.534768
5,3,1900.0,1-Car,No injury/unknown,OVERSIZE/OVERWEIGHT LOAD,39.170544,-86.534768
10,5,900.0,2-Car,No injury/unknown,IMPROPER LANE USAGE,39.170544,-86.534768
1,7,300.0,2-Car,No injury/unknown,ROADWAY SURFACE CONDITION,39.170544,-86.533536
2,4,1800.0,3+ Cars,No injury/unknown,FOLLOWING TOO CLOSELY,39.170544,-86.533536
3,5,2000.0,2-Car,No injury/unknown,FAILURE TO YIELD RIGHT OF WAY,39.170544,-86.533536
4,7,2300.0,2-Car,No injury/unknown,IMPROPER PASSING,39.170544,-86.533536
8,6,1500.0,2-Car,Non-incapacitating,FOLLOWING TOO CLOSELY,39.170544,-86.533536
8,5,1300.0,2-Car,No injury/unknown,UNSAFE BACKING,39.170544,-86.533536
10,7,1200.0,1-Car,No injury/unknown,RAN OFF ROAD RIGHT,39.170544,-86.533536
1,3,1300.0,2-Car,Non-incapacitating,FAILURE TO YIELD RIGHT OF WAY,39.170544,-86.5324
3,1,1200.0,2-Car,No injury/unknown,FAILURE TO YIELD RIGHT OF WAY,39.170544,-86.5324
5,2,1600.0,2-Car,No injury/unknown,FAILURE TO YIELD RIGHT OF WAY,39.170544,-86.529696
8,6,1500.0,2-Car,No injury/unknown,IMPROPER TURNING,39.170544,-86.52843406
4,6,1500.0,1-Car,No injury/unknown,RAN OFF ROAD RIGHT,39.170544,-86.52394743
1,4,1400.0,2-Car,No injury/unknown,FOLLOWING TOO CLOSELY,39.170544,-86.523488
10,5,1100.0,2-Car,No injury/unknown,UNSAFE SPEED,39.170544,-86.523488
10,1,2200.0,2-Car,No injury/unknown,IMPROPER TURNING,39.170544,-86.523488
10,3,1700.0,2-Car,No injury/unknown,FAILURE TO YIELD RIGHT OF WAY,39.17051299,-86.55382007
9,7,1100.0,2-Car,No injury/unknown,UNSAFE BACKING,39.17047882,-86.44799041
9,6,1300.0,3+ Cars,No injury/unknown,FOLLOWING TOO CLOSELY,39.1704601,-86.53485015
8,4,1500.0,2-Car,No injury/unknown,UNSAFE SPEED,39.17045742,-86.51584888
9,7,1600.0,2-Car,No injury/unknown,UNSAFE BACKING,39.1704472,-86.52579994
12,2,2300.0,2-Car,No injury/unknown,OTHER (DRIVER) - EXPLAIN IN NARRATIVE,39.17043414,-86.530992
5,2,1600.0,2-Car,No injury/unknown,UNSAFE BACKING,39.17037688,-86.51690505
9,7,1000.0,2-Car,No injury/unknown,UNSAFE BACKING,39.17034372,-86.50599374
1,6,900.0,1-Car,No injury/unknown,UNSAFE BACKING,39.17028767,-86.47615282
7,5,1300.0,Moped/Motorcycle,Non-incapacitating,DISREGARD SIGNAL/REG SIGN,39.17026028,-86.57266996
4,6,1100.0,2-Car,No injury/unknown,,39.17024,-86.501392
12,7,800.0,2-Car,No injury/unknown,FOLLOWING TOO CLOSELY,39.17024,-86.501392
11,2,1800.0,3+ Cars,Non-incapacitating,FOLLOWING TOO CLOSELY,39.17024,-86.501392
12,5,1700.0,2-Car,No injury/unknown,SPEED TOO FAST FOR WEATHER CONDITIONS,39.17024,-86.501392
4,2,1200.0,2-Car,No injury/unknown,FAILURE TO YIELD RIGHT OF WAY,39.17015031,-86.59829981
9,6,1700.0,1-Car,No injury/unknown,RAN OFF ROAD RIGHT,39.170144,-86.474896
11,7,1300.0,2-Car,No injury/unknown,,39.17009861,-86.53477518
4,7,900.0,2-Car,No injury/unknown,,39.1698761,-86.57495117
4,3,1800.0,2-Car,No injury/unknown,IMPROPER TURNING,39.1698761,-86.57495117
4,4,1100.0,2-Car,No injury/unknown,UNSAFE BACKING,39.1698761,-86.57495117
5,7,1000.0,2-Car,No injury/unknown,OTHER (DRIVER) - EXPLAIN IN NARRATIVE,39.1698761,-86.57495117
10,3,1700.0,2-Car,No injury/unknown,FAILURE TO YIELD RIGHT OF WAY,39.1698761,-86.57495117
8,7,1800.0,2-Car,No injury/unknown,,39.169876,-86.574951
2,3,1400.0,1-Car,No injury/unknown,OTHER (DRIVER) - EXPLAIN IN NARRATIVE,39.16984,-86.549696
4,3,1300.0,1-Car,No injury/unknown,OTHER (DRIVER) - EXPLAIN IN NARRATIVE,39.16984,-86.549696
4,4,1200.0,1-Car,No injury/unknown,DISREGARD SIGNAL/REG SIGN,39.16984,-86.549696
4,6,1500.0,3+ Cars,No injury/unknown,FOLLOWING TOO CLOSELY,39.16984,-86.549696
8,4,1500.0,1-Car,No injury/unknown,OVERSIZE/OVERWEIGHT LOAD,39.16984,-86.549696
6,5,0.0,2-Car,No injury/unknown,,39.16979265,-86.52571527
9,1,1600.0,1-Car,No injury/unknown,OVERCORRECTING/OVERSTEERING,39.16976751,-86.52696522
9,6,1900.0,2-Car,No injury/unknown,,39.16975445,-86.529696
3,2,1000.0,2-Car,No injury/unknown,IMPROPER TURNING,39.1697342,-86.53478106
1,6,2200.0,2-Car,No injury/unknown,OTHER (DRIVER) - EXPLAIN IN NARRATIVE,39.16972931,-86.55493061
11,4,900.0,1-Car,No injury/unknown,UNSAFE BACKING,39.169728,-86.5548
9,3,2000.0,3+ Cars,No injury/unknown,DRIVER DISTRACTED - EXPLAIN IN NARRATIVE,39.16968933,-86.530992
8,5,600.0,1-Car,No injury/unknown,ANIMAL/OBJECT IN ROADWAY,39.16968263,-86.47156007
5,3,900.0,2-Car,No injury/unknown,UNSAFE BACKING,39.16968,-86.552192
9,3,2100.0,2-Car,No injury/unknown,UNSAFE BACKING,39.169648,-86.54968
7,5,2000.0,Pedestrian,Non-incapacitating,FAILURE TO YIELD RIGHT OF WAY,39.169616,-86.52696
12,6,1000.0,2-Car,No injury/unknown,FAILURE TO YIELD RIGHT OF WAY,39.169616,-86.52696
11,2,800.0,2-Car,No injury/unknown,UNSAFE BACKING,39.16960922,-86.52643082
12,5,1600.0,2-Car,No injury/unknown,UNSAFE BACKING,39.1696,-86.525712
11,2,700.0,1-Car,No injury/unknown,ROADWAY SURFACE CONDITION,39.1696,-86.478336
5,1,1500.0,2-Car,No injury/unknown,UNSAFE BACKING,39.169584,-86.495904
6,6,1300.0,2-Car,No injury/unknown,OTHER (DRIVER) - EXPLAIN IN NARRATIVE,39.16958034,-86.51238732
1,5,1100.0,1-Car,No injury/unknown,OTHER (ENVIRONMENTAL) - EXPLAIN IN NARR,39.169568,-86.536
1,3,1900.0,2-Car,No injury/unknown,IMPROPER TURNING,39.169552,-86.534784
2,7,200.0,2-Car,No injury/unknown,UNSAFE LANE MOVEMENT,39.169552,-86.534784
4,3,1000.0,Bus,No injury/unknown,OTHER (DRIVER) - EXPLAIN IN NARRATIVE,39.169552,-86.534784
4,2,1500.0,2-Car,No injury/unknown,IMPROPER TURNING,39.169552,-86.534784
4,4,1800.0,2-Car,No injury/unknown,IMPROPER TURNING,39.169552,-86.534784
4,1,1800.0,2-Car,No injury/unknown,IMPROPER TURNING,39.169552,-86.534784
6,4,700.0,2-Car,No injury/unknown,IMPROPER TURNING,39.169552,-86.534784
6,3,1200.0,2-Car,No injury/unknown,IMPROPER TURNING,39.169552,-86.534784
9,5,1500.0,2-Car,No injury/unknown,UNSAFE LANE MOVEMENT,39.169552,-86.534784