Month,Day,Hour,Collision Type,Injury Type,Primary Factor,Latitude,Longitude
9,6,1200.0,2-Car,No injury/unknown,IMPROPER TURNING,39.169552,-86.534784
11,6,1100.0,2-Car,No injury/unknown,UNSAFE LANE MOVEMENT,39.169552,-86.534784
5,5,700.0,2-Car,No injury/unknown,FAILURE TO YIELD RIGHT OF WAY,39.169552,-86.533552
9,1,1600.0,2-Car,No injury/unknown,UNSAFE BACKING,39.169552,-86.533552
11,1,300.0,2-Car,No injury/unknown,RAN OFF ROAD RIGHT,39.169552,-86.533552
4,5,2100.0,2-Car,No injury/unknown,FAILURE TO YIELD RIGHT OF WAY,39.169552,-86.5324
2,1,1400.0,2-Car,No injury/unknown,FAILURE TO YIELD RIGHT OF WAY,39.169552,-86.530992
4,4,1400.0,2-Car,No injury/unknown,FAILURE TO YIELD RIGHT OF WAY,39.169552,-86.530992
1,5,1900.0,2-Car,No injury/unknown,FAILURE TO YIELD RIGHT OF WAY,39.169552,-86.52344
2,6,2000.0,1-Car,No injury/unknown,RAN OFF ROAD RIGHT,39.16952979,-86.55248179
6,7,1700.0,2-Car,No injury/unknown,FAILURE TO YIELD RIGHT OF WAY,39.16950572,-86.53484886
11,7,100.0,2-Car,No injury/unknown,UNSAFE BACKING,39.169472,-86.504864
2,3,1700.0,2-Car,No injury/unknown,UNSAFE BACKING,39.16946503,-86.52243684
9,3,700.0,Pedestrian,No injury/unknown,UNSAFE SPEED,39.16945928,-86.52238299
6,7,0.0,Moped/Motorcycle,Non-incapacitating,ROADWAY SURFACE CONDITION,39.16934601,-86.5324
10,1,400.0,1-Car,No injury/unknown,OVERCORRECTING/OVERSTEERING,39.169312,-86.495888
9,3,2100.0,2-Car,No injury/unknown,OTHER (DRIVER) - EXPLAIN IN NARRATIVE,39.16931152,-86.57286834
6,6,1300.0,2-Car,No injury/unknown,,39.169277,-86.537766
3,5,1400.0,2-Car,No injury/unknown,UNSAFE BACKING,39.16916637,-86.53611011
7,3,1600.0,2-Car,No injury/unknown,UNSAFE BACKING,39.16897137,-86.52233031
4,4,1400.0,2-Car,No injury/unknown,DISREGARD SIGNAL/REG SIGN,39.168944,-86.516016
9,2,1600.0,Cyclist,No injury/unknown,DISREGARD SIGNAL/REG SIGN,39.168944,-86.516016
9,6,2300.0,2-Car,No injury/unknown,UNSAFE BACKING,39.168944,-86.516016
12,3,700.0,Pedestrian,Non-incapacitating,VIEW OBSTRUCTED,39.168944,-86.516016
10,6,1700.0,2-Car,No injury/unknown,UNSAFE LANE MOVEMENT,39.16893228,-86.58264923
7,4,1000.0,2-Car,No injury/unknown,FOLLOWING TOO CLOSELY,39.16893066,-86.534784
4,7,1100.0,3+ Cars,No injury/unknown,UNSAFE BACKING,39.16889705,-86.57647803
6,5,700.0,2-Car,No injury/unknown,LEFT OF CENTER,39.168848,-86.481296
2,4,1300.0,2-Car,No injury/unknown,FOLLOWING TOO CLOSELY,39.16877288,-86.57629272
9,2,800.0,Bus,Non-incapacitating,LEFT OF CENTER,39.16877031,-86.57355979
1,6,1800.0,2-Car,Non-incapacitating,FOLLOWING TOO CLOSELY,39.16876025,-86.57642835
1,6,2200.0,1-Car,No injury/unknown,DRIVER DISTRACTED - EXPLAIN IN NARRATIVE,39.168752,-86.5436
2,6,1200.0,2-Car,No injury/unknown,UNSAFE BACKING,39.168752,-86.5436
2,3,1100.0,2-Car,No injury/unknown,,39.168752,-86.5436
3,5,0.0,2-Car,No injury/unknown,OTHER (DRIVER) - EXPLAIN IN NARRATIVE,39.168752,-86.5436
5,1,1600.0,2-Car,No injury/unknown,DRIVER DISTRACTED - EXPLAIN IN NARRATIVE,39.168752,-86.5436
7,5,1200.0,2-Car,No injury/unknown,FAILURE TO YIELD RIGHT OF WAY,39.168752,-86.5436
9,2,1200.0,2-Car,No injury/unknown,UNSAFE BACKING,39.168752,-86.5436
10,5,1500.0,2-Car,No injury/unknown,UNSAFE BACKING,39.168752,-86.5436
4,7,300.0,2-Car,No injury/unknown,OTHER (DRIVER) - EXPLAIN IN NARRATIVE,39.16874743,-86.534784
12,2,300.0,2-Car,No injury/unknown,OTHER (VEHICLE) - EXPLAIN IN NARRATIVE,39.16873199,-86.51390544
4,3,1700.0,2-Car,No injury/unknown,RAN OFF ROAD RIGHT,39.16872239,-86.52822531
9,5,1600.0,2-Car,No injury/unknown,UNSAFE BACKING,39.16872163,-86.54461225
3,6,200.0,Pedestrian,No injury/unknown,FAILURE TO YIELD RIGHT OF WAY,39.16871445,-86.53356669
8,1,200.0,1-Car,Non-incapacitating,FAILURE TO YIELD RIGHT OF WAY,39.16871445,-86.53356669
2,6,1500.0,2-Car,No injury/unknown,SPEED TOO FAST FOR WEATHER CONDITIONS,39.16870996,-86.51390009
2,6,1700.0,1-Car,No injury/unknown,UNSAFE BACKING,39.168704,-86.538576
3,2,1100.0,1-Car,Non-incapacitating,OTHER (VEHICLE) - EXPLAIN IN NARRATIVE,39.168704,-86.538576
6,4,1900.0,2-Car,No injury/unknown,OTHER (DRIVER) - EXPLAIN IN NARRATIVE,39.168704,-86.538576
1,4,1200.0,2-Car,No injury/unknown,FOLLOWING TOO CLOSELY,39.168672,-86.536
3,3,1500.0,2-Car,No injury/unknown,UNSAFE BACKING,39.168672,-86.536
6,5,900.0,2-Car,No injury/unknown,LEFT OF CENTER,39.168672,-86.536
12,2,1900.0,2-Car,No injury/unknown,UNSAFE BACKING,39.168672,-86.536
6,3,700.0,2-Car,No injury/unknown,IMPROPER TURNING,39.16866318,-86.53532996
1,5,1200.0,2-Car,No injury/unknown,UNSAFE BACKING,39.16865861,-86.53356767
2,6,200.0,1-Car,No injury/unknown,OTHER (ENVIRONMENTAL) - EXPLAIN IN NARR,39.168656,-86.534784
3,2,1100.0,Pedestrian,Non-incapacitating,FAILURE TO YIELD RIGHT OF WAY,39.168656,-86.534784
4,5,1300.0,2-Car,No injury/unknown,FAILURE TO YIELD RIGHT OF WAY,39.168656,-86.534784
7,6,800.0,1-Car,No injury/unknown,OTHER (DRIVER) - EXPLAIN IN NARRATIVE,39.168656,-86.534784
10,5,900.0,Pedestrian,Non-incapacitating,PEDESTRIAN ACTION,39.168656,-86.534784
10,7,100.0,2-Car,No injury/unknown,UNSAFE LANE MOVEMENT,39.168656,-86.534784
10,7,1600.0,Bus,No injury/unknown,IMPROPER LANE USAGE,39.168656,-86.534784
11,5,1200.0,2-Car,No injury/unknown,FAILURE TO YIELD RIGHT OF WAY,39.16864,-86.53204717
12,1,1600.0,2-Car,No injury/unknown,FAILURE TO YIELD RIGHT OF WAY,39.16864,-86.53152125
10,3,2300.0,2-Car,No injury/unknown,FAILURE TO YIELD RIGHT OF WAY,39.16864,-86.53151792
8,3,1400.0,2-Car,No injury/unknown,FAILURE TO YIELD RIGHT OF WAY,39.16864,-86.52983713
10,6,1300.0,Bus,No injury/unknown,IMPROPER LANE USAGE,39.16864,-86.52943138
5,6,1600.0,Bus,No injury/unknown,OTHER (DRIVER) - EXPLAIN IN NARRATIVE,39.16864,-86.533568
7,6,100.0,2-Car,No injury/unknown,UNSAFE LANE MOVEMENT,39.16864,-86.533568
12,6,1100.0,2-Car,No injury/unknown,OTHER (DRIVER) - EXPLAIN IN NARRATIVE,39.16864,-86.5324
3,6,1600.0,2-Car,No injury/unknown,UNSAFE BACKING,39.16864,-86.53176784
8,6,1200.0,2-Car,No injury/unknown,OTHER (DRIVER) - EXPLAIN IN NARRATIVE,39.16864,-86.53176784
1,3,1200.0,1-Car,No injury/unknown,UNSAFE BACKING,39.16864,-86.530992
2,3,1400.0,Bus,No injury/unknown,OVERCORRECTING/OVERSTEERING,39.16864,-86.529696
7,4,700.0,Bus,No injury/unknown,OTHER (VEHICLE) - EXPLAIN IN NARRATIVE,39.16864,-86.529696
12,5,1000.0,2-Car,No injury/unknown,FAILURE TO YIELD RIGHT OF WAY,39.16864,-86.529696
1,5,1000.0,2-Car,No injury/unknown,FOLLOWING TOO CLOSELY,39.16864,-86.528224
5,5,1500.0,2-Car,No injury/unknown,OVERCORRECTING/OVERSTEERING,39.16864,-86.528224
11,1,1700.0,2-Car,Non-incapacitating,DISREGARD SIGNAL/REG SIGN,39.16864,-86.528224
11,5,1800.0,Cyclist,Incapacitating,FAILURE TO YIELD RIGHT OF WAY,39.16864,-86.526944
9,5,1200.0,2-Car,No injury/unknown,OTHER (VEHICLE) - EXPLAIN IN NARRATIVE,39.16864,-86.523392
11,7,1700.0,2-Car,No injury/unknown,FAILURE TO YIELD RIGHT OF WAY,39.16863635,-86.51915565
4,4,1400.0,2-Car,No injury/unknown,UNSAFE BACKING,39.16862958,-86.52294205
6,4,1400.0,2-Car,No injury/unknown,UNSAFE BACKING,39.16862958,-86.52294205
3,4,1400.0,2-Car,No injury/unknown,UNSAFE BACKING,39.16861781,-86.52243407
9,6,800.0,3+ Cars,No injury/unknown,ANIMAL/OBJECT IN ROADWAY,39.168608,-86.548384
2,7,1600.0,2-Car,No injury/unknown,FAILURE TO YIELD RIGHT OF WAY,39.16858993,-86.53867028
12,2,1900.0,2-Car,No injury/unknown,UNSAFE BACKING,39.16858267,-86.52091725
2,2,1100.0,1-Car,No injury/unknown,OTHER (DRIVER) - EXPLAIN IN NARRATIVE,39.168576,-86.5496
8,7,1800.0,3+ Cars,No injury/unknown,CELL PHONE USAGE,39.16855976,-86.5348602
5,6,1600.0,2-Car,No injury/unknown,UNSAFE BACKING,39.16854879,-86.5194549
12,2,1200.0,2-Car,No injury/unknown,LEFT OF CENTER,39.16852154,-86.57362014
10,2,800.0,2-Car,No injury/unknown,UNSAFE BACKING,39.16852154,-86.57362014
9,3,1700.0,2-Car,No injury/unknown,UNSAFE BACKING,39.16851475,-86.52695381
2,3,1600.0,2-Car,No injury/unknown,PEDESTRIAN ACTION,39.16851014,-86.52824125
5,1,1400.0,2-Car,No injury/unknown,FAILURE TO YIELD RIGHT OF WAY,39.16851014,-86.5282499
8,6,1200.0,2-Car,No injury/unknown,IMPROPER TURNING,39.16851014,-86.52823692
10,6,1600.0,Bus,No injury/unknown,IMPROPER TURNING,39.16849361,-86.5234778
10,7,1900.0,Bus,Non-incapacitating,IMPROPER PASSING,39.16849361,-86.5234778
1,6,1900.0,2-Car,No injury/unknown,OTHER (DRIVER) - EXPLAIN IN NARRATIVE,39.16849121,-86.534784
10,4,1000.0,2-Car,No injury/unknown,WRONG WAY ON ONE WAY,39.1684804,-86.52110363
9,3,1100.0,2-Car,No injury/unknown,UNSAFE BACKING,39.1684804,-86.52109931
4,6,2200.0,1-Car,No injury/unknown,LEFT OF CENTER,39.16846991,-86.52236701
8,2,600.0,2-Car,No injury/unknown,FAILURE TO YIELD RIGHT OF WAY,39.16846991,-86.52234971
7,4,1500.0,2-Car,No injury/unknown,UNSAFE BACKING,39.16846848,-86.5732727
2,3,900.0,2-Car,No injury/unknown,UNSAFE BACKING,39.1684337,-86.52330391
2,5,1200.0,2-Car,No injury/unknown,OTHER (DRIVER) - EXPLAIN IN NARRATIVE,39.1684337,-86.52330391
10,6,1000.0,1-Car,No injury/unknown,OVERCORRECTING/OVERSTEERING,39.16838961,-86.49528504
4,3,1400.0,2-Car,No injury/unknown,FOLLOWING TOO CLOSELY,39.16836537,-86.53357243
1,7,2100.0,2-Car,No injury/unknown,LEFT OF CENTER,39.16835994,-86.58303165
10,3,1700.0,2-Car,No injury/unknown,DISREGARD SIGNAL/REG SIGN,39.16835994,-86.58297971
4,1,400.0,1-Car,No injury/unknown,RAN OFF ROAD RIGHT,39.16832733,-86.57041931
1,5,1400.0,2-Car,No injury/unknown,IMPROPER TURNING,39.16829333,-86.49450438
9,5,900.0,Bus,No injury/unknown,IMPROPER PASSING,39.16826022,-86.51609645
9,7,2100.0,2-Car,No injury/unknown,UNSAFE BACKING,39.16825999,-86.50943682
1,3,1400.0,1-Car,No injury/unknown,SPEED TOO FAST FOR WEATHER CONDITIONS,39.16819967,-86.49439707
1,5,1600.0,1-Car,No injury/unknown,ROADWAY SURFACE CONDITION,39.168192,-86.49504
1,5,200.0,1-Car,Non-incapacitating,RAN OFF ROAD RIGHT,39.168192,-86.49504
12,1,400.0,3+ Cars,No injury/unknown,DRIVER ASLEEP OR FATIGUED,39.168192,-86.49504
12,3,2300.0,Pedestrian,Incapacitating,PEDESTRIAN ACTION,39.16810935,-86.53883994
12,4,1600.0,2-Car,No injury/unknown,UNSAFE BACKING,39.16810441,-86.52246745
3,3,800.0,1-Car,No injury/unknown,DRIVER ASLEEP OR FATIGUED,39.16809082,-86.60018157
1,7,1000.0,2-Car,No injury/unknown,UNSAFE BACKING,39.16803807,-86.57621853
1,1,1200.0,2-Car,No injury/unknown,DRIVER DISTRACTED - EXPLAIN IN NARRATIVE,39.16803807,-86.57621853
5,5,1500.0,Cyclist,Non-incapacitating,DRIVER DISTRACTED - EXPLAIN IN NARRATIVE,39.16797257,-86.536
6,7,1600.0,2-Car,No injury/unknown,OTHER (DRIVER) - EXPLAIN IN NARRATIVE,39.16792542,-86.57614074
4,6,900.0,2-Car,No injury/unknown,OTHER (DRIVER) - EXPLAIN IN NARRATIVE,39.16791287,-86.49140341
1,7,2200.0,1-Car,No injury/unknown,RAN OFF ROAD RIGHT,39.16790195,-86.61216013
8,6,2000.0,2-Car,No injury/unknown,UNSAFE BACKING,39.16789246,-86.57160186
4,1,900.0,2-Car,No injury/unknown,IMPROPER TURNING,39.16782592,-86.5292404
2,4,1800.0,2-Car,No injury/unknown,,39.16778532,-86.53358179
11,2,1500.0,Cyclist,Non-incapacitating,PEDESTRIAN ACTION,39.167744,-86.526928
10,2,900.0,2-Car,No injury/unknown,FOLLOWING TOO CLOSELY,39.167728,-86.5496
11,6,2200.0,2-Car,No injury/unknown,FAILURE TO YIELD RIGHT OF WAY,39.16772023,-86.57104991
5,4,1200.0,2-Car,No injury/unknown,UNSAFE BACKING,39.16771592,-86.52933159
1,7,700.0,2-Car,No injury/unknown,IMPROPER LANE USAGE,39.167712,-86.5452
9,3,1700.0,1-Car,No injury/unknown,RAN OFF ROAD RIGHT,39.167712,-86.5452
1,4,1700.0,2-Car,No injury/unknown,SPEED TOO FAST FOR WEATHER CONDITIONS,39.167712,-86.529696
3,3,1900.0,2-Car,No injury/unknown,FAILURE TO YIELD RIGHT OF WAY,39.167712,-86.529696
8,6,200.0,1-Car,No injury/unknown,RAN OFF ROAD RIGHT,39.167712,-86.529696
3,5,300.0,2-Car,No injury/unknown,IMPROPER LANE USAGE,39.16768,-86.538592
11,6,1300.0,2-Car,No injury/unknown,FAILURE TO YIELD RIGHT OF WAY,39.16768,-86.538592
8,1,1400.0,2-Car,No injury/unknown,OTHER (DRIVER) - EXPLAIN IN NARRATIVE,39.16767543,-86.50108343
12,5,1300.0,Cyclist,Non-incapacitating,IMPROPER PASSING,39.167664,-86.537296
8,1,1400.0,2-Car,No injury/unknown,UNSAFE LANE MOVEMENT,39.167664,-86.536
10,2,1600.0,2-Car,Non-incapacitating,DRIVER DISTRACTED - EXPLAIN IN NARRATIVE,39.167664,-86.5324
6,2,1800.0,2-Car,No injury/unknown,UNSAFE BACKING,39.16766041,-86.50054269
7,3,1000.0,2-Car,No injury/unknown,UNSAFE BACKING,39.16765923,-86.53275278
7,4,1200.0,2-Car,No injury/unknown,OTHER (DRIVER) - EXPLAIN IN NARRATIVE,39.16765649,-86.50040163
6,2,1700.0,2-Car,No injury/unknown,UNSAFE BACKING,39.16764996,-86.53343902
3,7,1800.0,Bus,No injury/unknown,UNSAFE BACKING,39.16764939,-86.53488983
4,5,1100.0,2-Car,No injury/unknown,IMPROPER TURNING,39.167648,-86.534784
5,4,1300.0,2-Car,Non-incapacitating,DISREGARD SIGNAL/REG SIGN,39.167648,-86.534784
7,4,1100.0,2-Car,Incapacitating,IMPROPER TURNING,39.167648,-86.534784
8,6,1500.0,2-Car,No injury/unknown,FOLLOWING TOO CLOSELY,39.167648,-86.534784
9,3,800.0,2-Car,No injury/unknown,UNSAFE BACKING,39.167648,-86.534784
12,6,1300.0,2-Car,No injury/unknown,UNSAFE BACKING,39.167648,-86.534784
12,4,300.0,1-Car,No injury/unknown,RAN OFF ROAD RIGHT,39.167648,-86.534784
4,7,1200.0,1-Car,No injury/unknown,UNSAFE BACKING,39.167648,-86.533584
8,7,100.0,2-Car,No injury/unknown,UNSAFE BACKING,39.167648,-86.533584
8,3,1100.0,2-Car,No injury/unknown,UNSAFE LANE MOVEMENT,39.167648,-86.533584
10,5,1400.0,2-Car,No injury/unknown,UNSAFE BACKING,39.167648,-86.533584
2,1,1800.0,2-Car,No injury/unknown,FOLLOWING TOO CLOSELY,39.167648,-86.500096
5,3,1500.0,2-Car,Non-incapacitating,FOLLOWING TOO CLOSELY,39.167648,-86.500096
8,1,1100.0,3+ Cars,No injury/unknown,FOLLOWING TOO CLOSELY,39.167648,-86.500096
10,6,1400.0,3+ Cars,Incapacitating,FOLLOWING TOO CLOSELY,39.167648,-86.500096
11,7,1300.0,3+ Cars,No injury/unknown,FAILURE TO YIELD RIGHT OF WAY,39.167648,-86.500096
5,3,1600.0,1-Car,No injury/unknown,OTHER (DRIVER) - EXPLAIN IN NARRATIVE,39.1676,-86.516168
5,4,1400.0,1-Car,No injury/unknown,OTHER (DRIVER) - EXPLAIN IN NARRATIVE,39.1676,-86.516168
2,4,900.0,2-Car,No injury/unknown,FAILURE TO YIELD RIGHT OF WAY,39.16756058,-86.51656342
2,4,1200.0,2-Car,No injury/unknown,FOLLOWING TOO CLOSELY,39.16756058,-86.51656342
1,2,1600.0,2-Car,No injury/unknown,UNSAFE BACKING,39.16756058,-86.51656341
9,4,200.0,3+ Cars,No injury/unknown,UNSAFE LANE MOVEMENT,39.16752979,-86.52825996
4,2,900.0,3+ Cars,No injury/unknown,UNSAFE LANE MOVEMENT,39.16748322,-86.53478662
4,6,1700.0,3+ Cars,No injury/unknown,UNSAFE SPEED,39.16744995,-86.59239629
1,2,900.0,2-Car,No injury/unknown,FOLLOWING TOO CLOSELY,39.16744995,-86.59239196
9,7,1800.0,2-Car,No injury/unknown,DRIVER DISTRACTED - EXPLAIN IN NARRATIVE,39.16744995,-86.59239196
2,5,1000.0,2-Car,No injury/unknown,FAILURE TO YIELD RIGHT OF WAY,39.16744995,-86.59230537
8,7,1500.0,3+ Cars,No injury/unknown,FOLLOWING TOO CLOSELY,39.16739189,-86.49996854
12,6,1900.0,1-Car,No injury/unknown,IMPROPER TURNING,39.16733692,-86.51619253
3,1,1200.0,Bus,No injury/unknown,ROADWAY SURFACE CONDITION,39.16718982,-86.51598013
10,4,1400.0,2-Car,No injury/unknown,IMPROPER TURNING,39.16718928,-86.52820008
9,2,1700.0,2-Car,No injury/unknown,FAILURE TO YIELD RIGHT OF WAY,39.16718917,-86.52691192
5,3,1400.0,1-Car,No injury/unknown,UNSAFE BACKING,39.16708441,-86.564992
5,3,1100.0,2-Car,Non-incapacitating,FOLLOWING TOO CLOSELY,39.16694664,-86.53860364
7,3,0.0,2-Car,Non-incapacitating,FAILURE TO YIELD RIGHT OF WAY,39.166944,-86.495056
10,7,1100.0,2-Car,No injury/unknown,FAILURE TO YIELD RIGHT OF WAY,39.166944,-86.495056
8,2,1400.0,Moped/Motorcycle,Incapacitating,FAILURE TO YIELD RIGHT OF WAY,39.166944,-86.495056
10,5,1700.0,2-Car,No injury/unknown,DISREGARD SIGNAL/REG SIGN,39.166944,-86.495056
3,6,1500.0,2-Car,No injury/unknown,FAILURE TO YIELD RIGHT OF WAY,39.16691464,-86.52819604
3,3,2100.0,2-Car,No injury/unknown,UNSAFE BACKING,39.1669022,-86.50929665
10,6,1300.0,3+ Cars,Non-incapacitating,FOLLOWING TOO CLOSELY,39.16687968,-86.49971363
5,1,1400.0,2-Car,No injury/unknown,OTHER (DRIVER) - EXPLAIN IN NARRATIVE,39.16687012,-86.53253173
9,7,0.0,1-Car,No injury/unknown,UNSAFE SPEED,39.166862,-86.552734
8,6,1400.0,1-Car,No injury/unknown,VIEW OBSTRUCTED,39.16684985,-86.5215266
3,6,1000.0,2-Car,No injury/unknown,IMPROPER TURNING,39.166848,-86.509296
4,7,400.0,3+ Cars,No injury/unknown,IMPROPER LANE USAGE,39.166848,-86.509296
4,3,1500.0,2-Car,Non-incapacitating,DISREGARD SIGNAL/REG SIGN,39.166848,-86.506992
10,4,1000.0,2-Car,No injury/unknown,FAILURE TO YIELD RIGHT OF WAY,39.16684656,-86.52156857
5,5,1100.0,2-Car,No injury/unknown,UNSAFE LANE MOVEMENT,39.16684598,-86.52819503
8,6,1400.0,2-Car,No injury/unknown,UNSAFE BACKING,39.166832,-86.550992
1,5,1000.0,2-Car,No injury/unknown,UNSAFE BACKING,39.16681671,-86.52758789
7,4,900.0,2-Car,No injury/unknown,IMPROPER LANE USAGE,39.166816,-86.549488
9,7,2000.0,1-Car,No injury/unknown,RAN OFF ROAD RIGHT,39.166816,-86.549488
4,1,2300.0,2-Car,No injury/unknown,UNSAFE BACKING,39.1668,-86.475248
2,6,1300.0,2-Car,No injury/unknown,UNSAFE BACKING,39.16678078,-86.52203053
1,2,1900.0,2-Car,Non-incapacitating,FAILURE TO YIELD RIGHT OF WAY,39.166768,-86.5452
4,5,1300.0,2-Car,No injury/unknown,FAILURE TO YIELD RIGHT OF WAY,39.166768,-86.5452
11,7,200.0,1-Car,No injury/unknown,IMPROPER LANE USAGE,39.166768,-86.5452
1,3,1400.0,2-Car,No injury/unknown,IMPROPER LANE USAGE,39.16674129,-86.54386453
12,1,1400.0,2-Car,No injury/unknown,,39.166736,-86.5436
12,6,1800.0,2-Car,No injury/unknown,FOLLOWING TOO CLOSELY,39.16673556,-86.46073617
3,1,1600.0,2-Car,No injury/unknown,UNSAFE LANE MOVEMENT,39.16672662,-86.54271802
10,5,1700.0,1-Car,No injury/unknown,OTHER (DRIVER) - EXPLAIN IN NARRATIVE,39.16672225,-86.54230767
5,4,1500.0,2-Car,Non-incapacitating,FAILURE TO YIELD RIGHT OF WAY,39.16672,-86.542096
11,7,1500.0,2-Car,No injury/unknown,DISREGARD SIGNAL/REG SIGN,39.16672,-86.542096
1,5,1700.0,2-Car,No injury/unknown,LEFT OF CENTER,39.16671172,-86.59908838
4,5,1300.0,2-Car,No injury/unknown,OTHER (DRIVER) - EXPLAIN IN NARRATIVE,39.16671172,-86.59908838
8,6,1600.0,2-Car,No injury/unknown,UNSAFE BACKING,39.16671172,-86.59908838
9,5,1600.0,2-Car,No injury/unknown,UNSAFE LANE MOVEMENT,39.16671172,-86.59908838
10,5,1400.0,1-Car,No injury/unknown,BRAKE FAILURE OR DEFECTIVE,39.166704,-86.58298726
4,6,2000.0,2-Car,No injury/unknown,FAILURE TO YIELD RIGHT OF WAY,39.166704,-86.5408
1,6,1500.0,2-Car,No injury/unknown,FAILURE TO YIELD RIGHT OF WAY,39.16669262,-86.54009451
10,1,1400.0,2-Car,No injury/unknown,FAILURE TO YIELD RIGHT OF WAY,39.16667553,-86.53887258
2,4,900.0,2-Car,No injury/unknown,IMPROPER LANE USAGE,39.166672,-86.538608
8,5,900.0,2-Car,Non-incapacitating,IMPROPER LANE USAGE,39.166672,-86.538608
9,5,1400.0,2-Car,No injury/unknown,FAILURE TO YIELD RIGHT OF WAY,39.166672,-86.538608
9,6,1000.0,2-Car,Non-incapacitating,FOLLOWING TOO CLOSELY,39.166672,-86.538608
9,5,1600.0,2-Car,No injury/unknown,FAILURE TO YIELD RIGHT OF WAY,39.16666376,-86.54527512
8,2,900.0,2-Car,No injury/unknown,FAILURE TO YIELD RIGHT OF WAY,39.16666009,-86.54527992
5,5,1300.0,2-Car,No injury/unknown,FAILURE TO YIELD RIGHT OF WAY,39.166656,-86.537296
7,6,800.0,2-Car,Non-incapacitating,FAILURE TO YIELD RIGHT OF WAY,39.166656,-86.537296
9,3,900.0,2-Car,No injury/unknown,FAILURE TO YIELD RIGHT OF WAY,39.166656,-86.537296
12,3,1700.0,2-Car,No injury/unknown,FAILURE TO YIELD RIGHT OF WAY,39.166656,-86.537296
10,3,1300.0,2-Car,No injury/unknown,UNSAFE BACKING,39.16664229,-86.53626743
7,7,400.0,1-Car,No injury/unknown,OTHER (DRIVER) - EXPLAIN IN NARRATIVE,39.16664,-86.52854482
3,1,300.0,2-Car,No injury/unknown,FOLLOWING TOO CLOSELY,39.16664,-86.53374113
12,5,1500.0,2-Car,No injury/unknown,OTHER (DRIVER) - EXPLAIN IN NARRATIVE,39.16664,-86.53257641
8,2,1300.0,Bus,Non-incapacitating,FOLLOWING TOO CLOSELY,39.16664,-86.52836841
8,7,1100.0,2-Car,No injury/unknown,FAILURE TO YIELD RIGHT OF WAY,39.16664,-86.582992
1,2,100.0,2-Car,No injury/unknown,UNSAFE BACKING,39.16664,-86.5348
2,6,1800.0,2-Car,No injury/unknown,OTHER (DRIVER) - EXPLAIN IN NARRATIVE,39.16664,-86.5348
2,7,2000.0,Pedestrian,Non-incapacitating,FAILURE TO YIELD RIGHT OF WAY,39.16664,-86.5348
2,3,1300.0,2-Car,No injury/unknown,UNSAFE BACKING,39.16664,-86.5348
3,7,700.0,2-Car,No injury/unknown,DISREGARD SIGNAL/REG SIGN,39.16664,-86.5348
3,6,200.0,2-Car,Non-incapacitating,DISREGARD SIGNAL/REG SIGN,39.16664,-86.5348
7,3,1300.0,2-Car,No injury/unknown,FOLLOWING TOO CLOSELY,39.16664,-86.5348
10,4,1000.0,Pedestrian,Non-incapacitating,FAILURE TO YIELD RIGHT OF WAY,39.16664,-86.5348
8,7,1300.0,2-Car,No injury/unknown,UNSAFE BACKING,39.16664,-86.5348
8,6,1700.0,Bus,No injury/unknown,IMPROPER TURNING,39.16664,-86.5348
10,5,1000.0,Bus,No injury/unknown,UNSAFE BACKING,39.16664,-86.5348
12,2,900.0,2-Car,No injury/unknown,UNSAFE BACKING,39.16664,-86.5348
4,4,1700.0,2-Car,Non-incapacitating,FOLLOWING TOO CLOSELY,39.16664,-86.5336
4,6,1100.0,2-Car,No injury/unknown,DISREGARD SIGNAL/REG SIGN,39.16664,-86.5336
4,4,2300.0,2-Car,No injury/unknown,DISREGARD SIGNAL/REG SIGN,39.16664,-86.5336
5,7,2000.0,2-Car,No injury/unknown,UNSAFE BACKING,39.16664,-86.5336
5,1,900.0,3+ Cars,Non-incapacitating,FOLLOWING TOO CLOSELY,39.16664,-86.5336
6,5,1200.0,Cyclist,Non-incapacitating,FAILURE TO YIELD RIGHT OF WAY,39.16664,-86.5336
7,4,0.0,2-Car,No injury/unknown,OTHER (DRIVER) - EXPLAIN IN NARRATIVE,39.16664,-86.5336
7,6,1700.0,2-Car,No injury/unknown,FAILURE TO YIELD RIGHT OF WAY,39.16664,-86.5336
7,1,200.0,2-Car,Non-incapacitating,OTHER (DRIVER) - EXPLAIN IN NARRATIVE,39.16664,-86.5336
9,2,1400.0,2-Car,No injury/unknown,DISREGARD SIGNAL/REG SIGN,39.16664,-86.5336
11,6,900.0,2-Car,Non-incapacitating,FAILURE TO YIELD RIGHT OF WAY,39.16664,-86.5336
2,7,2000.0,2-Car,No injury/unknown,OTHER (DRIVER) - EXPLAIN IN NARRATIVE,39.16664,-86.5324
1,6,2300.0,Pedestrian,Non-incapacitating,FAILURE TO YIELD RIGHT OF WAY,39.16664,-86.530992
9,2,1100.0,2-Car,No injury/unknown,DISREGARD SIGNAL/REG SIGN,39.16664,-86.530992
9,3,1100.0,2-Car,No injury/unknown,DISREGARD SIGNAL/REG SIGN,39.16664,-86.530992