Month,Day,Hour,Collision Type,Injury Type,Primary Factor,Latitude,Longitude
2,6,1500.0,2-Car,No injury/unknown,DRIVER DISTRACTED - EXPLAIN IN NARRATIVE,39.16664,-86.53096555
7,1,1400.0,2-Car,No injury/unknown,UNSAFE BACKING,39.16664,-86.53096555
4,1,1200.0,2-Car,Non-incapacitating,OTHER (DRIVER) - EXPLAIN IN NARRATIVE,39.16664,-86.529696
3,6,1300.0,2-Car,No injury/unknown,IMPROPER TURNING,39.16664,-86.52923559
12,6,0.0,2-Car,No injury/unknown,,39.16664,-86.52923559
3,6,1700.0,Cyclist,No injury/unknown,FAILURE TO YIELD RIGHT OF WAY,39.16664,-86.528192
4,5,1300.0,Pedestrian,Non-incapacitating,PEDESTRIAN ACTION,39.16664,-86.528192
4,7,2300.0,2-Car,No injury/unknown,UNSAFE BACKING,39.16664,-86.528192
8,7,1300.0,2-Car,No injury/unknown,UNSAFE BACKING,39.16664,-86.528192
9,2,1900.0,2-Car,No injury/unknown,OTHER (DRIVER) - EXPLAIN IN NARRATIVE,39.16664,-86.528192
10,5,1200.0,2-Car,No injury/unknown,IMPROPER LANE USAGE,39.16664,-86.528192
7,6,1700.0,2-Car,No injury/unknown,IMPROPER TURNING,39.16664,-86.52798041
4,4,1700.0,2-Car,No injury/unknown,UNSAFE BACKING,39.16664,-86.526896
7,4,1700.0,2-Car,No injury/unknown,UNSAFE BACKING,39.16664,-86.526896
8,6,1600.0,Cyclist,Non-incapacitating,DISREGARD SIGNAL/REG SIGN,39.16664,-86.526896
9,5,1800.0,2-Car,No injury/unknown,FOLLOWING TOO CLOSELY,39.16664,-86.462496
12,4,1500.0,2-Car,No injury/unknown,FOLLOWING TOO CLOSELY,39.16664,-86.462496
4,4,1600.0,Cyclist,Non-incapacitating,IMPROPER LANE USAGE,39.1666165,-86.51632212
11,7,1300.0,2-Car,No injury/unknown,FAILURE TO YIELD RIGHT OF WAY,39.16660979,-86.53741971
6,6,1500.0,2-Car,No injury/unknown,FAILURE TO YIELD RIGHT OF WAY,39.16660979,-86.53868973
4,2,1300.0,2-Car,No injury/unknown,UNSAFE BACKING,39.16660376,-86.53088383
10,3,1600.0,2-Car,No injury/unknown,FOLLOWING TOO CLOSELY,39.16660144,-86.4631999
12,6,2200.0,Pedestrian,Non-incapacitating,FAILURE TO YIELD RIGHT OF WAY,39.16659974,-86.53488033
2,6,1500.0,Bus,No injury/unknown,OTHER (ENVIRONMENTAL) - EXPLAIN IN NARR,39.16658968,-86.53604977
9,4,1800.0,2-Car,Incapacitating,DRIVER DISTRACTED - EXPLAIN IN NARRATIVE,39.16658968,-86.53604544
5,7,100.0,2-Car,No injury/unknown,UNSAFE BACKING,39.16658498,-86.52805276
4,5,800.0,Bus,No injury/unknown,OTHER (DRIVER) - EXPLAIN IN NARRATIVE,39.16658029,-86.53361029
2,2,1100.0,2-Car,No injury/unknown,UNSAFE BACKING,39.16655822,-86.492816
10,1,1900.0,2-Car,No injury/unknown,UNSAFE BACKING,39.16655822,-86.492816
2,2,1400.0,2-Car,No injury/unknown,IMPROPER PASSING,39.16655366,-86.52692866
10,7,1000.0,1-Car,No injury/unknown,IMPROPER TURNING,39.16647804,-86.52969861
8,2,1300.0,2-Car,No injury/unknown,UNSAFE BACKING,39.16647804,-86.52688816
1,2,800.0,1-Car,Non-incapacitating,RAN OFF ROAD RIGHT,39.16645885,-86.65646929
3,5,1000.0,2-Car,No injury/unknown,UNSAFE BACKING,39.16643602,-86.509296
1,5,700.0,2-Car,No injury/unknown,OTHER (DRIVER) - EXPLAIN IN NARRATIVE,39.16643415,-86.52688604
8,6,1400.0,2-Car,No injury/unknown,IMPROPER LANE USAGE,39.16643415,-86.52688604
7,4,0.0,1-Car,Non-incapacitating,OTHER (DRIVER) - EXPLAIN IN NARRATIVE,39.16643401,-86.5336
10,3,1600.0,1-Car,No injury/unknown,RAN OFF ROAD RIGHT,39.166432,-86.4812
6,1,1900.0,2-Car,No injury/unknown,OTHER (VEHICLE) - EXPLAIN IN NARRATIVE,39.166416,-86.482592
7,3,1600.0,2-Car,No injury/unknown,DRIVER DISTRACTED - EXPLAIN IN NARRATIVE,39.16637966,-86.46634172
1,6,300.0,1-Car,No injury/unknown,OTHER (DRIVER) - EXPLAIN IN NARRATIVE,39.16635132,-86.54004669
9,7,1400.0,2-Car,No injury/unknown,LEFT OF CENTER,39.1662982,-86.45443961
12,4,1200.0,2-Car,No injury/unknown,UNSAFE BACKING,39.16627701,-86.4812
4,3,700.0,2-Car,No injury/unknown,FAILURE TO YIELD RIGHT OF WAY,39.16621786,-86.54973883
1,1,900.0,1-Car,No injury/unknown,SPEED TOO FAST FOR WEATHER CONDITIONS,39.16620219,-86.54330983
7,3,1200.0,2-Car,Non-incapacitating,FAILURE TO YIELD RIGHT OF WAY,39.16619682,-86.55405007
10,6,2000.0,Pedestrian,Non-incapacitating,UNSAFE BACKING,39.166144,-86.568
10,4,1000.0,1-Car,No injury/unknown,ANIMAL/OBJECT IN ROADWAY,39.1661273,-86.45416341
4,2,1100.0,2-Car,No injury/unknown,UNSAFE LANE MOVEMENT,39.16612236,-86.57302593
3,1,1100.0,2-Car,No injury/unknown,SPEED TOO FAST FOR WEATHER CONDITIONS,39.16604076,-86.57303249
1,6,1000.0,2-Car,No injury/unknown,FOLLOWING TOO CLOSELY,39.16602635,-86.5164198
8,2,1200.0,2-Car,No injury/unknown,IMPROPER TURNING,39.16597192,-86.52815967
1,4,2200.0,1-Car,No injury/unknown,RAN OFF ROAD RIGHT,39.165968,-86.564992
10,5,1100.0,2-Car,No injury/unknown,FAILURE TO YIELD RIGHT OF WAY,39.16584,-86.582992
8,3,1900.0,1-Car,No injury/unknown,ANIMAL/OBJECT IN ROADWAY,39.16578549,-86.45361103
1,7,700.0,1-Car,No injury/unknown,ANIMAL/OBJECT IN ROADWAY,39.16574097,-86.41192626
6,5,1600.0,2-Car,No injury/unknown,FOLLOWING TOO CLOSELY,39.16574097,-86.41192626
12,1,300.0,1-Car,No injury/unknown,ANIMAL/OBJECT IN ROADWAY,39.16571997,-86.59259006
1,3,1700.0,2-Car,No injury/unknown,FAILURE TO YIELD RIGHT OF WAY,39.165696,-86.538592
9,7,700.0,2-Car,No injury/unknown,IMPROPER TURNING,39.165696,-86.538592
3,2,1100.0,2-Car,No injury/unknown,IMPROPER LANE USAGE,39.16567129,-86.53659045
3,2,900.0,1-Car,No injury/unknown,RAN OFF ROAD RIGHT,39.165664,-86.5348
3,6,1100.0,2-Car,No injury/unknown,FOLLOWING TOO CLOSELY,39.165664,-86.5348
5,2,700.0,Cyclist,Non-incapacitating,FAILURE TO YIELD RIGHT OF WAY,39.165664,-86.5348
5,3,1300.0,Bus,No injury/unknown,FAILURE TO YIELD RIGHT OF WAY,39.165664,-86.5348
9,7,2200.0,Moped/Motorcycle,Non-incapacitating,IMPROPER TURNING,39.165664,-86.5348
11,2,1700.0,3+ Cars,No injury/unknown,FOLLOWING TOO CLOSELY,39.165664,-86.5348
12,5,1600.0,1-Car,No injury/unknown,OTHER (DRIVER) - EXPLAIN IN NARRATIVE,39.16564865,-86.53364898
4,5,1500.0,2-Car,No injury/unknown,UNSAFE LANE MOVEMENT,39.165648,-86.52755364
4,4,1600.0,2-Car,No injury/unknown,OTHER (DRIVER) - EXPLAIN IN NARRATIVE,39.165648,-86.52840861
10,3,1600.0,2-Car,No injury/unknown,SPEED TOO FAST FOR WEATHER CONDITIONS,39.165648,-86.52828513
6,5,0.0,2-Car,No injury/unknown,,39.165648,-86.52796759
6,6,0.0,2-Car,No injury/unknown,,39.165648,-86.52793231
2,6,1400.0,2-Car,No injury/unknown,DISREGARD SIGNAL/REG SIGN,39.165648,-86.5336
5,5,1000.0,2-Car,No injury/unknown,UNSAFE BACKING,39.165648,-86.5336
6,5,1700.0,Moped/Motorcycle,No injury/unknown,OTHER (DRIVER) - EXPLAIN IN NARRATIVE,39.165648,-86.5336
6,3,1800.0,2-Car,No injury/unknown,UNSAFE BACKING,39.165648,-86.5336
6,5,1400.0,2-Car,No injury/unknown,DISREGARD SIGNAL/REG SIGN,39.165648,-86.5336
7,3,1600.0,Bus,No injury/unknown,IMPROPER TURNING,39.165648,-86.5336
7,5,2100.0,2-Car,No injury/unknown,DISREGARD SIGNAL/REG SIGN,39.165648,-86.5336
8,6,1300.0,3+ Cars,No injury/unknown,FOLLOWING TOO CLOSELY,39.165648,-86.5336
8,6,1000.0,2-Car,No injury/unknown,UNSAFE BACKING,39.165648,-86.5336
9,1,900.0,Pedestrian,Non-incapacitating,PEDESTRIAN ACTION,39.165648,-86.5336
12,7,1300.0,2-Car,No injury/unknown,FAILURE TO YIELD RIGHT OF WAY,39.165648,-86.5336
12,3,1700.0,2-Car,No injury/unknown,FAILURE TO YIELD RIGHT OF WAY,39.165648,-86.5336
3,6,1500.0,3+ Cars,No injury/unknown,UNSAFE BACKING,39.165648,-86.5324
5,6,1000.0,Bus,Non-incapacitating,DISREGARD SIGNAL/REG SIGN,39.165648,-86.5324
7,7,900.0,Cyclist,Non-incapacitating,LEFT OF CENTER,39.165648,-86.5324
7,7,2100.0,2-Car,No injury/unknown,IMPROPER TURNING,39.165648,-86.529712
1,5,1600.0,2-Car,Non-incapacitating,FOLLOWING TOO CLOSELY,39.165648,-86.528144
11,7,200.0,2-Car,No injury/unknown,UNSAFE BACKING,39.165648,-86.528144
4,3,1600.0,2-Car,No injury/unknown,UNSAFE BACKING,39.165648,-86.526848
10,2,900.0,Pedestrian,Non-incapacitating,FAILURE TO YIELD RIGHT OF WAY,39.165648,-86.526848
3,3,1800.0,2-Car,No injury/unknown,UNSAFE SPEED,39.16563012,-86.53869979
11,2,1100.0,2-Car,No injury/unknown,FAILURE TO YIELD RIGHT OF WAY,39.16562006,-86.57599993
2,3,1400.0,2-Car,Incapacitating,FAILURE TO YIELD RIGHT OF WAY,39.16562006,-86.57599993
6,3,1700.0,2-Car,Non-incapacitating,FAILURE TO YIELD RIGHT OF WAY,39.16562006,-86.57599993
8,7,1300.0,2-Car,No injury/unknown,IMPROPER LANE USAGE,39.16561,-86.53742976
6,6,1600.0,1-Car,No injury/unknown,,39.16560686,-86.5336
1,2,600.0,Pedestrian,Non-incapacitating,,39.16557983,-86.53235033
3,1,500.0,1-Car,No injury/unknown,OTHER (ENVIRONMENTAL) - EXPLAIN IN NARR,39.16557983,-86.53234773
10,4,2200.0,2-Car,No injury/unknown,UNSAFE BACKING,39.165576,-86.516312
1,5,1900.0,2-Car,No injury/unknown,FAILURE TO YIELD RIGHT OF WAY,39.16555228,-86.52692005
2,5,900.0,2-Car,No injury/unknown,SPEED TOO FAST FOR WEATHER CONDITIONS,39.16555032,-86.52691014
3,6,900.0,2-Car,No injury/unknown,UNSAFE LANE MOVEMENT,39.16551074,-86.52684251
8,2,1100.0,2-Car,No injury/unknown,IMPROPER TURNING,39.16542246,-86.51535094
11,2,1300.0,2-Car,No injury/unknown,ANIMAL/OBJECT IN ROADWAY,39.16540012,-86.51640996
1,3,1600.0,2-Car,No injury/unknown,FOLLOWING TOO CLOSELY,39.16540012,-86.51640996
2,1,900.0,2-Car,No injury/unknown,FAILURE TO YIELD RIGHT OF WAY,39.16530485,-86.52813027
1,5,1000.0,2-Car,No injury/unknown,IMPROPER TURNING,39.16529846,-86.49598693
2,6,1200.0,2-Car,No injury/unknown,UNSAFE BACKING,39.1652565,-86.57450104
2,5,1200.0,2-Car,No injury/unknown,OVERCORRECTING/OVERSTEERING,39.16523342,-86.55378823
3,1,300.0,2-Car,No injury/unknown,LEFT OF CENTER,39.165152,-86.50296
11,6,1100.0,2-Car,No injury/unknown,FOLLOWING TOO CLOSELY,39.16512266,-86.582896
8,3,1600.0,2-Car,No injury/unknown,FOLLOWING TOO CLOSELY,39.16510298,-86.42990248
10,4,1700.0,2-Car,No injury/unknown,FAILURE TO YIELD RIGHT OF WAY,39.16509999,-86.5712
9,6,1400.0,1-Car,Non-incapacitating,DRIVER ILLNESS,39.16502602,-86.5730914
10,6,2200.0,2-Car,No injury/unknown,OTHER (DRIVER) - EXPLAIN IN NARRATIVE,39.16499705,-86.52682196
3,6,600.0,1-Car,No injury/unknown,ANIMAL/OBJECT IN ROADWAY,39.16495598,-86.6112221
12,4,300.0,1-Car,No injury/unknown,RAN OFF ROAD RIGHT,39.16495428,-86.43129477
6,2,1300.0,2-Car,No injury/unknown,FAILURE TO YIELD RIGHT OF WAY,39.16494857,-86.49874735
2,3,200.0,1-Car,Non-incapacitating,RAN OFF ROAD RIGHT,39.164944,-86.611296
2,6,1600.0,2-Car,No injury/unknown,LEFT OF CENTER,39.164944,-86.611296
2,3,1100.0,2-Car,No injury/unknown,UNSAFE BACKING,39.16493607,-86.49115753
5,3,2200.0,1-Car,No injury/unknown,ANIMAL/OBJECT IN ROADWAY,39.16493097,-86.45223008
4,1,1800.0,1-Car,Non-incapacitating,RAN OFF ROAD RIGHT,39.16491475,-86.61097062
5,5,1700.0,1-Car,No injury/unknown,RAN OFF ROAD RIGHT,39.16489325,-86.65277466
7,2,1800.0,2-Car,No injury/unknown,IMPROPER TURNING,39.164875,-86.568306
7,5,1700.0,3+ Cars,No injury/unknown,FAILURE TO YIELD RIGHT OF WAY,39.164848,-86.58324882
1,3,1800.0,1-Car,No injury/unknown,ANIMAL/OBJECT IN ROADWAY,39.164848,-86.602112
2,5,1100.0,2-Car,No injury/unknown,UNSAFE SPEED,39.164848,-86.582896
6,6,900.0,2-Car,No injury/unknown,OTHER (DRIVER) - EXPLAIN IN NARRATIVE,39.164848,-86.582896
7,3,900.0,2-Car,No injury/unknown,UNSAFE BACKING,39.164848,-86.581504
5,2,1800.0,2-Car,No injury/unknown,UNSAFE BACKING,39.164848,-86.581504
11,6,1400.0,2-Car,No injury/unknown,FAILURE TO YIELD RIGHT OF WAY,39.164848,-86.581504
1,6,1400.0,2-Car,No injury/unknown,,39.164848,-86.57961274
12,7,1700.0,2-Car,No injury/unknown,UNSAFE BACKING,39.164848,-86.57961274
5,5,1600.0,2-Car,No injury/unknown,UNSAFE BACKING,39.164848,-86.5768472
2,4,700.0,1-Car,No injury/unknown,UNSAFE BACKING,39.164848,-86.5761011
9,3,1500.0,2-Car,Non-incapacitating,FAILURE TO YIELD RIGHT OF WAY,39.164848,-86.5761011
10,4,1200.0,2-Car,No injury/unknown,FAILURE TO YIELD RIGHT OF WAY,39.164848,-86.57487674
10,5,1200.0,2-Car,No injury/unknown,UNSAFE BACKING,39.16484767,-86.58010841
6,1,1100.0,1-Car,No injury/unknown,OTHER (DRIVER) - EXPLAIN IN NARRATIVE,39.16484379,-86.58164716
9,6,1600.0,2-Car,No injury/unknown,UNSAFE BACKING,39.16484379,-86.58164716
11,3,1300.0,2-Car,No injury/unknown,UNSAFE BACKING,39.16484379,-86.58164716
1,2,1000.0,Bus,No injury/unknown,IMPROPER TURNING,39.16484267,-86.57939467
2,2,1100.0,2-Car,No injury/unknown,UNSAFE BACKING,39.16483984,-86.5804062
6,2,1600.0,Pedestrian,Non-incapacitating,UNSAFE BACKING,39.16482122,-86.5789551
1,6,1600.0,2-Car,No injury/unknown,DISREGARD SIGNAL/REG SIGN,39.164816,-86.573888
5,6,1200.0,2-Car,No injury/unknown,BRAKE FAILURE OR DEFECTIVE,39.1648,-86.573792
7,3,1700.0,2-Car,No injury/unknown,INSECURE/LEAKY LOAD,39.1648,-86.573792
12,3,2100.0,1-Car,No injury/unknown,UNSAFE SPEED,39.1648,-86.573792
11,2,800.0,2-Car,No injury/unknown,UNSAFE BACKING,39.16479997,-86.59909979
12,1,1000.0,1-Car,No injury/unknown,UNSAFE SPEED,39.16478633,-86.43231295
5,5,1800.0,2-Car,No injury/unknown,FOLLOWING TOO CLOSELY,39.16477652,-86.57345541
6,7,1100.0,2-Car,No injury/unknown,UNSAFE BACKING,39.16476444,-86.582896
2,3,900.0,2-Car,No injury/unknown,DISREGARD SIGNAL/REG SIGN,39.164752,-86.573104
2,7,800.0,2-Car,No injury/unknown,OTHER (ENVIRONMENTAL) - EXPLAIN IN NARR,39.164752,-86.573104
5,2,1100.0,3+ Cars,No injury/unknown,DRIVER DISTRACTED - EXPLAIN IN NARRATIVE,39.164752,-86.573104
5,4,1600.0,3+ Cars,No injury/unknown,FOLLOWING TOO CLOSELY,39.164752,-86.573104
7,5,1000.0,2-Car,No injury/unknown,FAILURE TO YIELD RIGHT OF WAY,39.164752,-86.573104
8,4,1500.0,2-Car,Non-incapacitating,DISREGARD SIGNAL/REG SIGN,39.164752,-86.573104
9,6,1000.0,2-Car,No injury/unknown,FOLLOWING TOO CLOSELY,39.164752,-86.573104
9,6,1300.0,Pedestrian,Non-incapacitating,OTHER (DRIVER) - EXPLAIN IN NARRATIVE,39.164752,-86.573104
10,1,1200.0,3+ Cars,No injury/unknown,FOLLOWING TOO CLOSELY,39.164752,-86.573104
11,3,1400.0,2-Car,No injury/unknown,FAILURE TO YIELD RIGHT OF WAY,39.164752,-86.573104
11,2,900.0,2-Car,No injury/unknown,ROADWAY SURFACE CONDITION,39.164752,-86.573104
12,4,1600.0,2-Car,Non-incapacitating,DISREGARD SIGNAL/REG SIGN,39.164752,-86.573104
2,4,1400.0,1-Car,No injury/unknown,OTHER (DRIVER) - EXPLAIN IN NARRATIVE,39.164752,-86.53984
11,3,1200.0,2-Car,No injury/unknown,FAILURE TO YIELD RIGHT OF WAY,39.16474968,-86.59523003
4,7,1900.0,2-Car,No injury/unknown,,39.16472678,-86.5723537
4,3,1100.0,2-Car,No injury/unknown,UNSAFE LANE MOVEMENT,39.16472,-86.538592
9,2,1600.0,2-Car,No injury/unknown,FOLLOWING TOO CLOSELY,39.16472,-86.538592
2,6,1800.0,2-Car,No injury/unknown,UNSAFE BACKING,39.16471241,-86.5719261
4,1,1500.0,2-Car,No injury/unknown,DISREGARD SIGNAL/REG SIGN,39.164704,-86.537296
9,6,1400.0,2-Car,No injury/unknown,UNSAFE BACKING,39.164704,-86.537296
12,6,900.0,2-Car,No injury/unknown,UNSAFE BACKING,39.164704,-86.537296
12,7,1300.0,2-Car,No injury/unknown,UNSAFE BACKING,39.16469993,-86.57155498
4,6,1000.0,2-Car,Non-incapacitating,IMPROPER LANE USAGE,39.16469985,-86.57155249
3,2,700.0,2-Car,Non-incapacitating,FOLLOWING TOO CLOSELY,39.16469007,-86.58361673
1,2,1600.0,2-Car,No injury/unknown,SPEED TOO FAST FOR WEATHER CONDITIONS,39.164688,-86.5712
2,3,1800.0,2-Car,No injury/unknown,FOLLOWING TOO CLOSELY,39.164688,-86.5712
4,6,1300.0,3+ Cars,Non-incapacitating,FOLLOWING TOO CLOSELY,39.164688,-86.5712
7,5,1100.0,2-Car,Non-incapacitating,FAILURE TO YIELD RIGHT OF WAY,39.164688,-86.5712
9,4,900.0,3+ Cars,No injury/unknown,DISREGARD SIGNAL/REG SIGN,39.164688,-86.5712
9,4,1100.0,2-Car,No injury/unknown,FAILURE TO YIELD RIGHT OF WAY,39.164688,-86.5712
10,4,1800.0,Moped/Motorcycle,Non-incapacitating,FOLLOWING TOO CLOSELY,39.164688,-86.5712
12,5,1100.0,3+ Cars,Non-incapacitating,OTHER (DRIVER) - EXPLAIN IN NARRATIVE,39.164688,-86.5712
11,4,700.0,2-Car,No injury/unknown,UNSAFE LANE MOVEMENT,39.164688,-86.5712
2,2,1600.0,2-Car,Non-incapacitating,DRIVER DISTRACTED - EXPLAIN IN NARRATIVE,39.16467994,-86.5858885
4,1,1000.0,2-Car,No injury/unknown,UNSAFE BACKING,39.16467533,-86.570478
5,7,1200.0,Moped/Motorcycle,No injury/unknown,UNSAFE BACKING,39.16467533,-86.570478
1,5,1300.0,2-Car,Non-incapacitating,IMPROPER TURNING,39.16466933,-86.57021333
12,4,1300.0,2-Car,No injury/unknown,BRAKE FAILURE OR DEFECTIVE,39.16466933,-86.57021333
5,4,1300.0,2-Car,No injury/unknown,IMPROPER TURNING,39.1646605,-86.57929301
2,6,1800.0,2-Car,No injury/unknown,UNSAFE BACKING,39.16464,-86.5693217
7,5,1500.0,2-Car,No injury/unknown,UNSAFE BACKING,39.16464,-86.56913891
7,6,1300.0,2-Car,No injury/unknown,WRONG WAY ON ONE WAY,39.16464,-86.56913891
9,7,1500.0,2-Car,No injury/unknown,UNSAFE BACKING,39.16464,-86.56913891
9,7,1500.0,2-Car,No injury/unknown,UNSAFE BACKING,39.16464,-86.56913891
11,6,1000.0,2-Car,No injury/unknown,OVERCORRECTING/OVERSTEERING,39.16464,-86.56913891
4,1,1400.0,2-Car,No injury/unknown,,39.16464,-86.56905455
4,5,1100.0,2-Car,No injury/unknown,FOLLOWING TOO CLOSELY,39.16464,-86.56826461
5,7,1200.0,2-Car,No injury/unknown,DRIVER DISTRACTED - EXPLAIN IN NARRATIVE,39.16464,-86.568
6,6,1300.0,2-Car,No injury/unknown,FOLLOWING TOO CLOSELY,39.16464,-86.568
7,3,1400.0,2-Car,Non-incapacitating,FOLLOWING TOO CLOSELY,39.16464,-86.568
12,4,1400.0,3+ Cars,No injury/unknown,FOLLOWING TOO CLOSELY,39.16464,-86.568
4,4,1300.0,1-Car,No injury/unknown,ANIMAL/OBJECT IN ROADWAY,39.16464,-86.564992
10,4,1100.0,2-Car,No injury/unknown,UNSAFE BACKING,39.16464,-86.56408294
1,6,1000.0,2-Car,No injury/unknown,DISREGARD SIGNAL/REG SIGN,39.16464,-86.534816
2,4,2000.0,2-Car,Non-incapacitating,DISREGARD SIGNAL/REG SIGN,39.16464,-86.534816
7,7,400.0,2-Car,No injury/unknown,UNSAFE SPEED,39.16464,-86.534816
7,7,2300.0,2-Car,No injury/unknown,IMPROPER LANE USAGE,39.16464,-86.534816
6,1,1200.0,1-Car,No injury/unknown,OTHER (DRIVER) - EXPLAIN IN NARRATIVE,39.16464,-86.534816
7,5,900.0,2-Car,No injury/unknown,UNSAFE LANE MOVEMENT,39.16464,-86.534816
7,5,1400.0,2-Car,Incapacitating,FAILURE TO YIELD RIGHT OF WAY,39.16464,-86.534816
8,7,1500.0,Moped/Motorcycle,No injury/unknown,FAILURE TO YIELD RIGHT OF WAY,39.16464,-86.534816
10,4,1600.0,2-Car,Incapacitating,DISREGARD SIGNAL/REG SIGN,39.16464,-86.534816
10,4,1000.0,2-Car,No injury/unknown,UNSAFE LANE MOVEMENT,39.16464,-86.534816
11,1,1100.0,2-Car,No injury/unknown,DISREGARD SIGNAL/REG SIGN,39.16464,-86.534816
11,5,1200.0,2-Car,Non-incapacitating,DISREGARD SIGNAL/REG SIGN,39.16464,-86.534816
11,6,1200.0,3+ Cars,Incapacitating,DRIVER DISTRACTED - EXPLAIN IN NARRATIVE,39.16464,-86.534816
1,1,1200.0,Cyclist,Non-incapacitating,DISREGARD SIGNAL/REG SIGN,39.16464,-86.5336
2,4,1500.0,1-Car,No injury/unknown,OVERCORRECTING/OVERSTEERING,39.16464,-86.5336
3,7,300.0,2-Car,No injury/unknown,FOLLOWING TOO CLOSELY,39.16464,-86.5336
3,6,900.0,2-Car,No injury/unknown,DISREGARD SIGNAL/REG SIGN,39.16464,-86.5336
5,6,2000.0,2-Car,No injury/unknown,OTHER (DRIVER) - EXPLAIN IN NARRATIVE,39.16464,-86.5336
5,5,300.0,2-Car,No injury/unknown,UNSAFE BACKING,39.16464,-86.5336
5,7,1200.0,2-Car,No injury/unknown,DISREGARD SIGNAL/REG SIGN,39.16464,-86.5336
6,7,2300.0,3+ Cars,No injury/unknown,DISREGARD SIGNAL/REG SIGN,39.16464,-86.5336
8,6,400.0,1-Car,No injury/unknown,,39.16464,-86.5336
1,6,200.0,2-Car,No injury/unknown,FAILURE TO YIELD RIGHT OF WAY,39.16464,-86.5324
1,4,1300.0,2-Car,No injury/unknown,FAILURE TO YIELD RIGHT OF WAY,39.16464,-86.5324
2,1,100.0,2-Car,No injury/unknown,FAILURE TO YIELD RIGHT OF WAY,39.16464,-86.5324
3,1,1900.0,2-Car,Non-incapacitating,DISREGARD SIGNAL/REG SIGN,39.16464,-86.5324
7,7,1300.0,2-Car,No injury/unknown,OTHER (DRIVER) - EXPLAIN IN NARRATIVE,39.16464,-86.5324
8,6,1800.0,2-Car,No injury/unknown,DISREGARD SIGNAL/REG SIGN,39.16464,-86.5324
8,4,2000.0,2-Car,No injury/unknown,UNSAFE BACKING,39.16464,-86.5324
8,7,1000.0,2-Car,No injury/unknown,DISREGARD SIGNAL/REG SIGN,39.16464,-86.5324
9,4,1100.0,2-Car,No injury/unknown,DISREGARD SIGNAL/REG SIGN,39.16464,-86.5324
9,6,600.0,1-Car,Non-incapacitating,FAILURE TO YIELD RIGHT OF WAY,39.16464,-86.5324
7,2,1000.0,2-Car,No injury/unknown,UNSAFE BACKING,39.16464,-86.53211918
8,6,1100.0,2-Car,No injury/unknown,OTHER (DRIVER) - EXPLAIN IN NARRATIVE,39.16464,-86.531024
11,2,1800.0,2-Car,No injury/unknown,FOLLOWING TOO CLOSELY,39.16464,-86.531024
3,3,1700.0,2-Car,No injury/unknown,UNSAFE BACKING,39.16464,-86.53086531
3,6,1600.0,2-Car,No injury/unknown,FAILURE TO YIELD RIGHT OF WAY,39.16464,-86.529728
5,3,1200.0,2-Car,Non-incapacitating,FAILURE TO YIELD RIGHT OF WAY,39.16464,-86.529728
9,2,800.0,2-Car,No injury/unknown,FOLLOWING TOO CLOSELY,39.16464,-86.529728
8,3,2100.0,Cyclist,Non-incapacitating,HEADLIGHT DEFECTIVE OR NOT ON,39.16464,-86.529728
11,2,1900.0,2-Car,No injury/unknown,UNSAFE LANE MOVEMENT,39.16464,-86.529728
12,5,1100.0,2-Car,No injury/unknown,UNSAFE LANE MOVEMENT,39.16464,-86.529728
8,6,1500.0,3+ Cars,Non-incapacitating,FAILURE TO YIELD RIGHT OF WAY,39.16463971,-86.582946
11,5,1100.0,2-Car,No injury/unknown,FAILURE TO YIELD RIGHT OF WAY,39.16463971,-86.58292003
1,4,1500.0,2-Car,No injury/unknown,FOLLOWING TOO CLOSELY,39.16463971,-86.58292002
3,7,900.0,2-Car,Non-incapacitating,OTHER (DRIVER) - EXPLAIN IN NARRATIVE,39.16463971,-86.58292002
3,3,2000.0,2-Car,Non-incapacitating,FAILURE TO YIELD RIGHT OF WAY,39.16463971,-86.58292002
5,5,700.0,2-Car,Non-incapacitating,FAILURE TO YIELD RIGHT OF WAY,39.16463971,-86.58292002
5,1,1600.0,2-Car,No injury/unknown,UNSAFE LANE MOVEMENT,39.16463971,-86.58292002
5,4,1600.0,3+ Cars,No injury/unknown,FOLLOWING TOO CLOSELY,39.16463971,-86.58292002
6,6,1800.0,2-Car,Incapacitating,SPEED TOO FAST FOR WEATHER CONDITIONS,39.16463971,-86.58292002
9,5,800.0,2-Car,No injury/unknown,OTHER (DRIVER) - EXPLAIN IN NARRATIVE,39.16463971,-86.58292002
12,5,800.0,2-Car,Non-incapacitating,FAILURE TO YIELD RIGHT OF WAY,39.16463971,-86.58291137
9,5,1300.0,2-Car,No injury/unknown,FOLLOWING TOO CLOSELY,39.16463971,-86.58291137
12,4,1600.0,2-Car,Non-incapacitating,FAILURE TO YIELD RIGHT OF WAY,39.16461021,-86.57912141
12,5,1700.0,2-Car,No injury/unknown,FAILURE TO YIELD RIGHT OF WAY,39.16461021,-86.57911708
10,5,800.0,1-Car,Non-incapacitating,OTHER (DRIVER) - EXPLAIN IN NARRATIVE,39.16461021,-86.57914305
9,6,1600.0,2-Car,No injury/unknown,FOLLOWING TOO CLOSELY,39.16461021,-86.57913872
12,4,1300.0,2-Car,Non-incapacitating,FOLLOWING TOO CLOSELY,39.16461021,-86.57913007