Month,Day,Hour,Collision Type,Injury Type,Primary Factor,Latitude,Longitude
2,3,1400.0,2-Car,No injury/unknown,FOLLOWING TOO CLOSELY,39.16461021,-86.57913006
5,4,1600.0,Bus,No injury/unknown,DISREGARD SIGNAL/REG SIGN,39.16461021,-86.57913006
8,3,900.0,2-Car,No injury/unknown,FAILURE TO YIELD RIGHT OF WAY,39.16461021,-86.57913006
1,5,1200.0,2-Car,No injury/unknown,UNSAFE BACKING,39.16460887,-86.58336326
1,6,1300.0,Pedestrian,Non-incapacitating,UNSAFE BACKING,39.16460015,-86.58302865
8,4,1200.0,3+ Cars,Non-incapacitating,FOLLOWING TOO CLOSELY,39.16459025,-86.57207251
11,7,1600.0,2-Car,No injury/unknown,UNSAFE BACKING,39.16459009,-86.57619976
4,2,1700.0,3+ Cars,Non-incapacitating,FOLLOWING TOO CLOSELY,39.16459009,-86.57624304
10,5,1900.0,2-Car,No injury/unknown,IMPROPER LANE USAGE,39.16459009,-86.57624304
4,5,1600.0,3+ Cars,No injury/unknown,FOLLOWING TOO CLOSELY,39.16459009,-86.57620841
2,6,1600.0,2-Car,No injury/unknown,SPEED TOO FAST FOR WEATHER CONDITIONS,39.16459009,-86.57619976
12,7,1400.0,2-Car,No injury/unknown,FAILURE TO YIELD RIGHT OF WAY,39.16459009,-86.57619976
12,2,1200.0,2-Car,No injury/unknown,FOLLOWING TOO CLOSELY,39.16459009,-86.57619976
1,6,1400.0,2-Car,Non-incapacitating,DISREGARD SIGNAL/REG SIGN,39.16459009,-86.57619975
2,4,1000.0,2-Car,No injury/unknown,FOLLOWING TOO CLOSELY,39.16459009,-86.57619975
4,5,2200.0,2-Car,No injury/unknown,BRAKE FAILURE OR DEFECTIVE,39.16459009,-86.57619975
5,5,1000.0,2-Car,No injury/unknown,FAILURE TO YIELD RIGHT OF WAY,39.16459009,-86.57619975
6,3,1400.0,2-Car,No injury/unknown,FOLLOWING TOO CLOSELY,39.16459009,-86.57619975
7,4,1200.0,3+ Cars,Non-incapacitating,FOLLOWING TOO CLOSELY,39.16459009,-86.57619975
8,2,1600.0,2-Car,No injury/unknown,OTHER (DRIVER) - EXPLAIN IN NARRATIVE,39.16459009,-86.57619975
9,4,1500.0,2-Car,No injury/unknown,FAILURE TO YIELD RIGHT OF WAY,39.16459009,-86.57619975
10,3,1700.0,2-Car,No injury/unknown,FOLLOWING TOO CLOSELY,39.16459009,-86.57619975
9,3,700.0,2-Car,Non-incapacitating,OTHER (ENVIRONMENTAL) - EXPLAIN IN NARR,39.16459009,-86.57619542
10,4,1200.0,2-Car,No injury/unknown,FOLLOWING TOO CLOSELY,39.16459009,-86.57619109
9,6,1300.0,2-Car,Non-incapacitating,FAILURE TO YIELD RIGHT OF WAY,39.16459009,-86.57618936
5,3,2300.0,2-Car,No injury/unknown,OTHER (DRIVER) - EXPLAIN IN NARRATIVE,39.16458497,-86.57620081
10,4,1400.0,2-Car,No injury/unknown,DISREGARD SIGNAL/REG SIGN,39.16458497,-86.57620081
7,2,2200.0,2-Car,No injury/unknown,UNSAFE BACKING,39.16456,-86.5550845
9,2,1700.0,2-Car,No injury/unknown,FOLLOWING TOO CLOSELY,39.16455992,-86.57019026
5,7,1000.0,3+ Cars,Non-incapacitating,FOLLOWING TOO CLOSELY,39.16455992,-86.56949746
3,6,1400.0,3+ Cars,Non-incapacitating,FOLLOWING TOO CLOSELY,39.164544,-86.560096
4,1,1500.0,1-Car,No injury/unknown,RAN OFF ROAD RIGHT,39.164544,-86.560096
6,2,2200.0,Moped/Motorcycle,Non-incapacitating,FOLLOWING TOO CLOSELY,39.164544,-86.560096
9,2,900.0,Pedestrian,Non-incapacitating,OTHER (DRIVER) - EXPLAIN IN NARRATIVE,39.164544,-86.560096
9,6,2300.0,1-Car,No injury/unknown,RAN OFF ROAD RIGHT,39.164544,-86.560096
12,3,1700.0,2-Car,No injury/unknown,DRIVER DISTRACTED - EXPLAIN IN NARRATIVE,39.164544,-86.560096
10,6,900.0,3+ Cars,No injury/unknown,OTHER (DRIVER) - EXPLAIN IN NARRATIVE,39.164544,-86.552192
10,2,900.0,2-Car,No injury/unknown,FAILURE TO YIELD RIGHT OF WAY,39.16451029,-86.56500019
1,5,900.0,1-Car,No injury/unknown,RAN OFF ROAD RIGHT,39.16450345,-86.56269914
1,6,900.0,2-Car,Non-incapacitating,FOLLOWING TOO CLOSELY,39.16450024,-86.56270019
3,2,1000.0,2-Car,No injury/unknown,SPEED TOO FAST FOR WEATHER CONDITIONS,39.16450024,-86.56270019
11,7,900.0,1-Car,No injury/unknown,OVERCORRECTING/OVERSTEERING,39.16445976,-86.44879804
1,2,100.0,2-Car,No injury/unknown,,39.164448,-86.528096
1,3,800.0,Bus,No injury/unknown,ROADWAY SURFACE CONDITION,39.164448,-86.528096
4,5,1400.0,2-Car,No injury/unknown,IMPROPER LANE USAGE,39.164448,-86.528096
4,5,1100.0,2-Car,No injury/unknown,UNSAFE BACKING,39.164448,-86.528096
4,1,1900.0,1-Car,No injury/unknown,RAN OFF ROAD RIGHT,39.164448,-86.528096
5,3,1000.0,2-Car,No injury/unknown,IMPROPER TURNING,39.164448,-86.528096
7,4,1200.0,2-Car,Non-incapacitating,FOLLOWING TOO CLOSELY,39.164448,-86.528096
7,7,1600.0,Moped/Motorcycle,Non-incapacitating,UNSAFE LANE MOVEMENT,39.164448,-86.528096
9,2,1600.0,2-Car,No injury/unknown,FOLLOWING TOO CLOSELY,39.164448,-86.528096
10,3,2300.0,2-Car,No injury/unknown,FOLLOWING TOO CLOSELY,39.164448,-86.528096
8,2,2200.0,2-Car,No injury/unknown,UNSAFE LANE MOVEMENT,39.164448,-86.528096
12,3,1500.0,2-Car,No injury/unknown,UNSAFE LANE MOVEMENT,39.164448,-86.528096
8,3,700.0,2-Car,No injury/unknown,UNSAFE BACKING,39.164448,-86.527744
8,3,2200.0,2-Car,No injury/unknown,UNSAFE BACKING,39.164448,-86.527744
11,5,1100.0,2-Car,No injury/unknown,UNSAFE BACKING,39.164448,-86.52769371
7,6,1400.0,Bus,No injury/unknown,OTHER (DRIVER) - EXPLAIN IN NARRATIVE,39.164448,-86.52685044
2,3,1400.0,2-Car,No injury/unknown,FOLLOWING TOO CLOSELY,39.164448,-86.5268
2,2,1100.0,2-Car,No injury/unknown,UNSAFE SPEED,39.164448,-86.5268
2,4,1500.0,2-Car,Non-incapacitating,UNSAFE LANE MOVEMENT,39.164448,-86.5268
3,1,1800.0,3+ Cars,No injury/unknown,SPEED TOO FAST FOR WEATHER CONDITIONS,39.164448,-86.5268
3,5,1500.0,2-Car,No injury/unknown,FOLLOWING TOO CLOSELY,39.164448,-86.5268
6,7,1500.0,2-Car,Non-incapacitating,SPEED TOO FAST FOR WEATHER CONDITIONS,39.164448,-86.5268
10,1,0.0,2-Car,No injury/unknown,FOLLOWING TOO CLOSELY,39.164448,-86.5268
10,2,1100.0,Pedestrian,Non-incapacitating,FAILURE TO YIELD RIGHT OF WAY,39.164448,-86.5268
11,5,1500.0,Bus,No injury/unknown,FAILURE TO YIELD RIGHT OF WAY,39.164448,-86.5268
11,4,2100.0,Bus,No injury/unknown,OTHER (DRIVER) - EXPLAIN IN NARRATIVE,39.164448,-86.5268
12,3,1600.0,Pedestrian,Non-incapacitating,PEDESTRIAN ACTION,39.164448,-86.5268
1,2,1800.0,2-Car,No injury/unknown,FOLLOWING TOO CLOSELY,39.164448,-86.525792
3,4,1000.0,2-Car,Non-incapacitating,FAILURE TO YIELD RIGHT OF WAY,39.164448,-86.525792
10,5,900.0,2-Car,No injury/unknown,IMPROPER LANE USAGE,39.164448,-86.525792
12,2,1500.0,1-Car,No injury/unknown,OVERCORRECTING/OVERSTEERING,39.164448,-86.525792
12,6,1700.0,2-Car,No injury/unknown,IMPROPER TURNING,39.164448,-86.525792
4,7,1100.0,2-Car,Non-incapacitating,IMPROPER TURNING,39.164448,-86.471888
5,4,1200.0,2-Car,No injury/unknown,FOLLOWING TOO CLOSELY,39.164448,-86.471888
6,4,900.0,2-Car,Non-incapacitating,FOLLOWING TOO CLOSELY,39.164448,-86.471888
6,3,700.0,2-Car,No injury/unknown,OTHER (DRIVER) - EXPLAIN IN NARRATIVE,39.16444599,-86.495088
2,5,900.0,2-Car,No injury/unknown,UNSAFE SPEED,39.16444377,-86.52565098
3,1,1800.0,2-Car,No injury/unknown,UNSAFE BACKING,39.16444056,-86.57150186
5,6,1500.0,2-Car,No injury/unknown,UNSAFE BACKING,39.16443539,-86.5253718
11,4,1100.0,2-Car,No injury/unknown,FOLLOWING TOO CLOSELY,39.16442983,-86.55630983
1,1,1200.0,2-Car,Non-incapacitating,FAILURE TO YIELD RIGHT OF WAY,39.16442983,-86.55630983
2,5,1200.0,Bus,No injury/unknown,FAILURE TO YIELD RIGHT OF WAY,39.16442983,-86.55630983
4,2,1000.0,Bus,Non-incapacitating,FOLLOWING TOO CLOSELY,39.16442983,-86.55630983
8,4,1300.0,2-Car,No injury/unknown,DISREGARD SIGNAL/REG SIGN,39.16442983,-86.55630983
10,2,1300.0,3+ Cars,No injury/unknown,FAILURE TO YIELD RIGHT OF WAY,39.16442983,-86.55630983
3,3,800.0,2-Car,No injury/unknown,FOLLOWING TOO CLOSELY,39.16442983,-86.55628386
8,6,1200.0,2-Car,Non-incapacitating,FOLLOWING TOO CLOSELY,39.16442686,-86.5250869
6,4,1400.0,2-Car,No injury/unknown,UNSAFE BACKING,39.16442667,-86.52508089
4,4,1000.0,2-Car,No injury/unknown,UNSAFE BACKING,39.164417,-86.54695971
8,6,0.0,2-Car,No injury/unknown,OTHER (DRIVER) - EXPLAIN IN NARRATIVE,39.16440971,-86.55389986
4,6,1600.0,2-Car,No injury/unknown,FOLLOWING TOO CLOSELY,39.16440489,-86.52435475
1,4,2100.0,1-Car,No injury/unknown,WRONG WAY ON ONE WAY,39.1644,-86.546304
9,7,1200.0,2-Car,Non-incapacitating,FOLLOWING TOO CLOSELY,39.16439362,-86.47225613
8,6,1100.0,2-Car,No injury/unknown,IMPROPER TURNING,39.16439273,-86.52394958
2,5,800.0,2-Car,No injury/unknown,OTHER (DRIVER) - EXPLAIN IN NARRATIVE,39.164352,-86.52223919
4,4,2000.0,2-Car,No injury/unknown,UNSAFE BACKING,39.164352,-86.522592
4,3,1700.0,2-Car,Non-incapacitating,FOLLOWING TOO CLOSELY,39.164352,-86.522592
5,5,1300.0,2-Car,No injury/unknown,OTHER (DRIVER) - EXPLAIN IN NARRATIVE,39.164352,-86.522592
7,1,1200.0,Moped/Motorcycle,Non-incapacitating,IMPROPER TURNING,39.164352,-86.522592
10,6,1000.0,Cyclist,Incapacitating,IMPROPER LANE USAGE,39.164352,-86.522592
10,5,2100.0,2-Car,Non-incapacitating,UNSAFE LANE MOVEMENT,39.164352,-86.522592
11,5,1300.0,2-Car,No injury/unknown,IMPROPER LANE USAGE,39.164352,-86.522592
12,5,1000.0,2-Car,No injury/unknown,UNSAFE BACKING,39.164352,-86.522592
3,2,1200.0,2-Car,No injury/unknown,UNSAFE BACKING,39.164352,-86.52246922
1,5,1600.0,3+ Cars,Non-incapacitating,FOLLOWING TOO CLOSELY,39.164352,-86.521088
9,2,1000.0,1-Car,No injury/unknown,UNSAFE BACKING,39.164352,-86.521088
10,2,1600.0,2-Car,No injury/unknown,FOLLOWING TOO CLOSELY,39.164352,-86.510944
1,6,1100.0,2-Car,No injury/unknown,FOLLOWING TOO CLOSELY,39.164352,-86.5088
2,3,1500.0,3+ Cars,No injury/unknown,FOLLOWING TOO CLOSELY,39.164352,-86.5088
4,3,1600.0,2-Car,No injury/unknown,FAILURE TO YIELD RIGHT OF WAY,39.164352,-86.5088
5,7,1100.0,2-Car,No injury/unknown,UNSAFE BACKING,39.164352,-86.5088
12,4,800.0,2-Car,No injury/unknown,FAILURE TO YIELD RIGHT OF WAY,39.164352,-86.5088
8,6,1700.0,Moped/Motorcycle,Non-incapacitating,UNSAFE SPEED,39.16434498,-86.48193322
2,3,1400.0,1-Car,No injury/unknown,OTHER (DRIVER) - EXPLAIN IN NARRATIVE,39.16433371,-86.52579363
3,3,1500.0,2-Car,No injury/unknown,UNSAFE BACKING,39.16433371,-86.52579363
3,5,1300.0,1-Car,No injury/unknown,DRIVER DISTRACTED - EXPLAIN IN NARRATIVE,39.16433371,-86.52579363
4,2,1700.0,1-Car,No injury/unknown,UNSAFE BACKING,39.16433371,-86.52579363
2,3,700.0,3+ Cars,No injury/unknown,FOLLOWING TOO CLOSELY,39.16432,-86.50824
9,5,1600.0,2-Car,No injury/unknown,FOLLOWING TOO CLOSELY,39.16432,-86.50824
9,2,1700.0,2-Car,No injury/unknown,FOLLOWING TOO CLOSELY,39.16432,-86.50824
3,1,1700.0,2-Car,No injury/unknown,FOLLOWING TOO CLOSELY,39.16430652,-86.52691309
9,1,1500.0,2-Car,Non-incapacitating,DISREGARD SIGNAL/REG SIGN,39.16430652,-86.52691309
9,7,1000.0,2-Car,No injury/unknown,DISREGARD SIGNAL/REG SIGN,39.16430652,-86.52691309
9,2,1500.0,2-Car,Non-incapacitating,DISREGARD SIGNAL/REG SIGN,39.16430652,-86.52691309
11,6,1100.0,2-Car,No injury/unknown,FOLLOWING TOO CLOSELY,39.164304,-86.50663919
1,6,900.0,2-Car,No injury/unknown,FAILURE TO YIELD RIGHT OF WAY,39.164304,-86.506992
4,2,1200.0,2-Car,Non-incapacitating,OTHER (DRIVER) - EXPLAIN IN NARRATIVE,39.164304,-86.506992
4,4,1000.0,2-Car,No injury/unknown,FAILURE TO YIELD RIGHT OF WAY,39.164304,-86.506992
5,7,1800.0,3+ Cars,No injury/unknown,FOLLOWING TOO CLOSELY,39.164304,-86.506992
10,7,1700.0,2-Car,No injury/unknown,DRIVER DISTRACTED - EXPLAIN IN NARRATIVE,39.164304,-86.506992
12,6,1000.0,Bus,No injury/unknown,FOLLOWING TOO CLOSELY,39.164304,-86.506992
12,6,1000.0,2-Car,No injury/unknown,UNSAFE BACKING,39.164304,-86.506992
3,4,1200.0,2-Car,No injury/unknown,OTHER (DRIVER) - EXPLAIN IN NARRATIVE,39.164304,-86.505792
4,6,1200.0,2-Car,Non-incapacitating,FOLLOWING TOO CLOSELY,39.164304,-86.505792
10,2,900.0,1-Car,No injury/unknown,ANIMAL/OBJECT IN ROADWAY,39.164304,-86.505792
8,4,1600.0,3+ Cars,No injury/unknown,FOLLOWING TOO CLOSELY,39.164304,-86.505792
8,4,1700.0,Moped/Motorcycle,Non-incapacitating,FAILURE TO YIELD RIGHT OF WAY,39.164304,-86.505792
8,7,1400.0,2-Car,Non-incapacitating,FOLLOWING TOO CLOSELY,39.164304,-86.505792
12,5,1300.0,3+ Cars,No injury/unknown,FOLLOWING TOO CLOSELY,39.164304,-86.505792
9,2,1700.0,2-Car,No injury/unknown,FOLLOWING TOO CLOSELY,39.16429977,-86.52667208
11,5,900.0,2-Car,No injury/unknown,FOLLOWING TOO CLOSELY,39.16429079,-86.50907108
2,2,1700.0,2-Car,No injury/unknown,FOLLOWING TOO CLOSELY,39.164288,-86.5048
10,5,800.0,2-Car,No injury/unknown,OTHER (DRIVER) - EXPLAIN IN NARRATIVE,39.164288,-86.5048
9,6,1000.0,2-Car,No injury/unknown,IMPROPER TURNING,39.16427777,-86.52588752
8,6,1300.0,3+ Cars,Non-incapacitating,ROADWAY SURFACE CONDITION,39.1642777,-86.52587125
9,3,1600.0,2-Car,No injury/unknown,IMPROPER TURNING,39.1642777,-86.52587125
4,4,2000.0,Pedestrian,Non-incapacitating,IMPROPER TURNING,39.16427532,-86.51640856
5,6,1200.0,2-Car,Non-incapacitating,FAILURE TO YIELD RIGHT OF WAY,39.16427388,-86.5191192
10,4,1000.0,2-Car,No injury/unknown,FOLLOWING TOO CLOSELY,39.16427359,-86.47343037
1,7,1300.0,2-Car,No injury/unknown,UNSAFE LANE MOVEMENT,39.16427294,-86.51583434
2,7,1900.0,2-Car,No injury/unknown,FOLLOWING TOO CLOSELY,39.16427246,-86.51094323
2,1,1900.0,2-Car,No injury/unknown,FOLLOWING TOO CLOSELY,39.16427246,-86.51094323
1,6,1800.0,2-Car,No injury/unknown,FAILURE TO YIELD RIGHT OF WAY,39.164272,-86.502416
1,3,1900.0,2-Car,No injury/unknown,UNSAFE LANE MOVEMENT,39.164272,-86.502416
6,6,1300.0,3+ Cars,Non-incapacitating,FOLLOWING TOO CLOSELY,39.164272,-86.502416
8,2,1700.0,2-Car,No injury/unknown,FAILURE TO YIELD RIGHT OF WAY,39.164272,-86.502416
8,2,1800.0,2-Car,No injury/unknown,,39.164272,-86.50232131
5,6,1500.0,Bus,No injury/unknown,UNSAFE LANE MOVEMENT,39.164272,-86.50230237
1,2,1800.0,2-Car,No injury/unknown,IMPROPER PASSING,39.164272,-86.50184784
5,3,1500.0,2-Car,No injury/unknown,UNSAFE BACKING,39.164272,-86.50177208
6,6,1500.0,2-Car,No injury/unknown,IMPROPER LANE USAGE,39.164272,-86.50177208
11,5,1700.0,2-Car,Non-incapacitating,UNSAFE BACKING,39.164272,-86.50177208
1,6,800.0,3+ Cars,No injury/unknown,FOLLOWING TOO CLOSELY,39.164272,-86.501488
2,6,1400.0,3+ Cars,No injury/unknown,FAILURE TO YIELD RIGHT OF WAY,39.164272,-86.501488
4,5,1600.0,2-Car,No injury/unknown,FAILURE TO YIELD RIGHT OF WAY,39.164272,-86.501488
9,7,200.0,2-Car,Incapacitating,OTHER (DRIVER) - EXPLAIN IN NARRATIVE,39.164272,-86.501488
9,3,1200.0,Moped/Motorcycle,No injury/unknown,FOLLOWING TOO CLOSELY,39.164272,-86.501488
12,7,1500.0,Moped/Motorcycle,Non-incapacitating,FAILURE TO YIELD RIGHT OF WAY,39.164272,-86.501488
1,4,2200.0,1-Car,Non-incapacitating,SPEED TOO FAST FOR WEATHER CONDITIONS,39.16427137,-86.51420373
2,7,100.0,1-Car,No injury/unknown,WRONG WAY ON ONE WAY,39.16427137,-86.51420373
6,4,1300.0,2-Car,No injury/unknown,IMPROPER LANE USAGE,39.16427024,-86.51912972
6,5,1600.0,2-Car,No injury/unknown,IMPROPER LANE USAGE,39.16427024,-86.51912972
10,6,1200.0,3+ Cars,Non-incapacitating,FOLLOWING TOO CLOSELY,39.16427024,-86.51912972
11,1,0.0,2-Car,No injury/unknown,OTHER (DRIVER) - EXPLAIN IN NARRATIVE,39.16427024,-86.51772022
4,4,1200.0,2-Car,Non-incapacitating,FOLLOWING TOO CLOSELY,39.16427024,-86.51772022
8,7,1200.0,2-Car,No injury/unknown,IMPROPER LANE USAGE,39.16427024,-86.51772022
9,2,1500.0,Pedestrian,No injury/unknown,PEDESTRIAN ACTION,39.16427024,-86.51772022
9,4,1600.0,2-Car,Non-incapacitating,FOLLOWING TOO CLOSELY,39.16427024,-86.51772022
10,6,1300.0,2-Car,No injury/unknown,IMPROPER LANE USAGE,39.16427024,-86.51772022
10,1,1100.0,2-Car,No injury/unknown,IMPROPER LANE USAGE,39.16427024,-86.51772022
12,2,1300.0,2-Car,No injury/unknown,UNSAFE LANE MOVEMENT,39.16427024,-86.50242315
2,3,900.0,2-Car,No injury/unknown,OTHER (DRIVER) - EXPLAIN IN NARRATIVE,39.16427024,-86.50241017
3,5,2200.0,2-Car,Non-incapacitating,FAILURE TO YIELD RIGHT OF WAY,39.16427024,-86.50241017
5,5,1300.0,2-Car,No injury/unknown,BRAKE FAILURE OR DEFECTIVE,39.16427024,-86.50241017
8,6,1600.0,2-Car,Non-incapacitating,FAILURE TO YIELD RIGHT OF WAY,39.16427024,-86.50241017
6,3,1100.0,2-Car,No injury/unknown,FAILURE TO YIELD RIGHT OF WAY,39.16427017,-86.50131161
4,6,1700.0,2-Car,No injury/unknown,IMPROPER TURNING,39.16426988,-86.51527565
7,2,1900.0,2-Car,No injury/unknown,IMPROPER TURNING,39.16426988,-86.51527565
8,3,1800.0,2-Car,No injury/unknown,IMPROPER LANE USAGE,39.16426988,-86.51527565
8,1,1200.0,2-Car,No injury/unknown,UNSAFE LANE MOVEMENT,39.16426988,-86.51527565
9,2,1800.0,2-Car,No injury/unknown,IMPROPER LANE USAGE,39.16426988,-86.51527565
4,4,2000.0,2-Car,No injury/unknown,UNSAFE LANE MOVEMENT,39.16426813,-86.51844288
5,2,1200.0,2-Car,No injury/unknown,UNSAFE BACKING,39.16426743,-86.50104686
10,5,1900.0,3+ Cars,No injury/unknown,FOLLOWING TOO CLOSELY,39.16426693,-86.5082519
5,7,1200.0,3+ Cars,Non-incapacitating,FOLLOWING TOO CLOSELY,39.16426449,-86.5226336
6,1,1400.0,2-Car,No injury/unknown,IMPROPER TURNING,39.16426449,-86.5226336
9,2,900.0,2-Car,Non-incapacitating,UNSAFE LANE MOVEMENT,39.16426449,-86.5226336
12,7,2300.0,2-Car,No injury/unknown,UNSAFE LANE MOVEMENT,39.16426449,-86.5226336
8,5,1600.0,2-Car,Non-incapacitating,FOLLOWING TOO CLOSELY,39.16426449,-86.50938642
8,4,900.0,2-Car,Non-incapacitating,IMPROPER LANE USAGE,39.16426229,-86.51775641
11,2,1300.0,2-Car,No injury/unknown,FOLLOWING TOO CLOSELY,39.16426229,-86.51775641
2,4,600.0,2-Car,Non-incapacitating,FOLLOWING TOO CLOSELY,39.16426048,-86.47315735
10,1,2300.0,2-Car,No injury/unknown,FAILURE TO YIELD RIGHT OF WAY,39.16426018,-86.51639991
1,6,1400.0,2-Car,No injury/unknown,DISREGARD SIGNAL/REG SIGN,39.16426018,-86.5163999
1,4,1800.0,2-Car,No injury/unknown,SPEED TOO FAST FOR WEATHER CONDITIONS,39.16426018,-86.5163999
1,5,1700.0,Bus,No injury/unknown,FOLLOWING TOO CLOSELY,39.16426018,-86.5163999
4,1,1300.0,2-Car,No injury/unknown,DRIVER DISTRACTED - EXPLAIN IN NARRATIVE,39.16426018,-86.5163999
5,5,1200.0,2-Car,No injury/unknown,IMPROPER LANE USAGE,39.16426018,-86.5163999
7,6,1500.0,2-Car,No injury/unknown,DRIVER DISTRACTED - EXPLAIN IN NARRATIVE,39.16426018,-86.5163999
10,5,1700.0,Pedestrian,Non-incapacitating,OVERCORRECTING/OVERSTEERING,39.16426018,-86.5163999
9,5,2200.0,2-Car,No injury/unknown,FOLLOWING TOO CLOSELY,39.16426018,-86.5163999
9,7,2000.0,2-Car,No injury/unknown,UNSAFE LANE MOVEMENT,39.16426018,-86.5163999
10,5,1700.0,2-Car,No injury/unknown,UNSAFE LANE MOVEMENT,39.16426018,-86.5163999
2,4,1500.0,2-Car,No injury/unknown,FAILURE TO YIELD RIGHT OF WAY,39.16426018,-86.51639471
9,2,1400.0,2-Car,No injury/unknown,UNSAFE BACKING,39.16425856,-86.50019104
2,3,2200.0,Pedestrian,Non-incapacitating,DRIVER DISTRACTED - EXPLAIN IN NARRATIVE,39.16425212,-86.52107176
5,4,1700.0,2-Car,No injury/unknown,FAILURE TO YIELD RIGHT OF WAY,39.16425098,-86.49945834
12,4,1100.0,2-Car,No injury/unknown,OTHER (DRIVER) - EXPLAIN IN NARRATIVE,39.16425012,-86.52009861
1,7,0.0,2-Car,No injury/unknown,IMPROPER TURNING,39.16425012,-86.51525996
1,5,2200.0,2-Car,No injury/unknown,IMPROPER TURNING,39.16425012,-86.51525996
1,6,2300.0,2-Car,No injury/unknown,FAILURE TO YIELD RIGHT OF WAY,39.16425012,-86.51525996
2,3,1700.0,2-Car,No injury/unknown,IMPROPER TURNING,39.16425012,-86.51525996
2,5,1900.0,2-Car,No injury/unknown,UNSAFE LANE MOVEMENT,39.16425012,-86.51525996
3,5,1300.0,2-Car,No injury/unknown,IMPROPER LANE USAGE,39.16425012,-86.51525996
5,7,2100.0,2-Car,No injury/unknown,UNSAFE LANE MOVEMENT,39.16425012,-86.51525996
6,2,1300.0,2-Car,No injury/unknown,FOLLOWING TOO CLOSELY,39.16425012,-86.51525996
7,7,1300.0,2-Car,Non-incapacitating,UNSAFE LANE MOVEMENT,39.16425012,-86.51525996
8,6,1800.0,2-Car,No injury/unknown,UNSAFE LANE MOVEMENT,39.16425012,-86.51525996
10,6,1900.0,2-Car,No injury/unknown,IMPROPER TURNING,39.16425012,-86.51525996
3,4,1100.0,2-Car,Non-incapacitating,UNSAFE SPEED,39.16425012,-86.51422999
10,3,1000.0,2-Car,No injury/unknown,UNSAFE SPEED,39.16425012,-86.51422999
9,2,700.0,2-Car,Non-incapacitating,DISREGARD SIGNAL/REG SIGN,39.16424942,-86.5925064
9,7,1900.0,2-Car,No injury/unknown,FAILURE TO YIELD RIGHT OF WAY,39.16424711,-86.47368
9,7,1600.0,Cyclist,Non-incapacitating,OTHER (DRIVER) - EXPLAIN IN NARRATIVE,39.16424549,-86.49892917
3,4,700.0,1-Car,No injury/unknown,ANIMAL/OBJECT IN ROADWAY,39.16424051,-86.49826051
11,4,1600.0,1-Car,No injury/unknown,ANIMAL/OBJECT IN ROADWAY,39.16424001,-86.47433196
8,1,1300.0,2-Car,Non-incapacitating,FAILURE TO YIELD RIGHT OF WAY,39.16424,-86.49453762
4,7,1500.0,2-Car,No injury/unknown,FAILURE TO YIELD RIGHT OF WAY,39.16424,-86.49438238
2,6,1500.0,2-Car,Non-incapacitating,SPEED TOO FAST FOR WEATHER CONDITIONS,39.16424,-86.49223838
2,6,1500.0,3+ Cars,Non-incapacitating,FOLLOWING TOO CLOSELY,39.16424,-86.49259119
6,3,1600.0,2-Car,No injury/unknown,FAILURE TO YIELD RIGHT OF WAY,39.16424,-86.47574319
10,7,1300.0,2-Car,No injury/unknown,UNSAFE LANE MOVEMENT,39.16424,-86.5176
9,4,1100.0,2-Car,No injury/unknown,UNSAFE BACKING,39.16424,-86.51757551
4,6,1200.0,2-Car,No injury/unknown,FOLLOWING TOO CLOSELY,39.16424,-86.5164
7,2,1600.0,2-Car,No injury/unknown,IMPROPER TURNING,39.16424,-86.5152
1,4,1700.0,2-Car,No injury/unknown,UNSAFE LANE MOVEMENT,39.16424,-86.4984
1,6,2200.0,2-Car,No injury/unknown,UNSAFE LANE MOVEMENT,39.16424,-86.4984
2,4,2100.0,2-Car,No injury/unknown,FAILURE TO YIELD RIGHT OF WAY,39.16424,-86.4984
4,5,1800.0,2-Car,No injury/unknown,FAILURE TO YIELD RIGHT OF WAY,39.16424,-86.4984
4,6,1400.0,2-Car,No injury/unknown,FOLLOWING TOO CLOSELY,39.16424,-86.4984
4,2,1500.0,2-Car,No injury/unknown,UNSAFE BACKING,39.16424,-86.4984
4,2,2100.0,1-Car,No injury/unknown,SPEED TOO FAST FOR WEATHER CONDITIONS,39.16424,-86.4984
8,5,1400.0,2-Car,No injury/unknown,FOLLOWING TOO CLOSELY,39.16424,-86.4984
9,4,2000.0,2-Car,No injury/unknown,FOLLOWING TOO CLOSELY,39.16424,-86.4984
9,4,2000.0,2-Car,No injury/unknown,OTHER (VEHICLE) - EXPLAIN IN NARRATIVE,39.16424,-86.4984
9,3,1800.0,2-Car,No injury/unknown,FOLLOWING TOO CLOSELY,39.16424,-86.4984
10,3,1800.0,2-Car,No injury/unknown,,39.16424,-86.4984
10,7,1000.0,2-Car,No injury/unknown,OTHER (DRIVER) - EXPLAIN IN NARRATIVE,39.16424,-86.4984
12,2,1600.0,3+ Cars,No injury/unknown,OTHER (DRIVER) - EXPLAIN IN NARRATIVE,39.16424,-86.4984
12,7,1900.0,2-Car,Non-incapacitating,FOLLOWING TOO CLOSELY,39.16424,-86.4984