Month,Day,Hour,Collision Type,Injury Type,Primary Factor,Latitude,Longitude
11,6,1500.0,2-Car,Non-incapacitating,FOLLOWING TOO CLOSELY,39.16424,-86.4984
11,6,1300.0,2-Car,No injury/unknown,FOLLOWING TOO CLOSELY,39.16424,-86.4984
12,6,1500.0,1-Car,No injury/unknown,UNSAFE SPEED,39.16424,-86.4984
1,3,1100.0,2-Car,Non-incapacitating,ROADWAY SURFACE CONDITION,39.16424,-86.495088
1,4,900.0,2-Car,No injury/unknown,ROADWAY SURFACE CONDITION,39.16424,-86.495088
1,6,1700.0,3+ Cars,No injury/unknown,FOLLOWING TOO CLOSELY,39.16424,-86.495088
1,3,1100.0,2-Car,No injury/unknown,IMPROPER LANE USAGE,39.16424,-86.495088
2,4,1300.0,2-Car,Non-incapacitating,FAILURE TO YIELD RIGHT OF WAY,39.16424,-86.495088
3,3,1700.0,Moped/Motorcycle,Non-incapacitating,UNSAFE SPEED,39.16424,-86.495088
4,3,1200.0,2-Car,No injury/unknown,FAILURE TO YIELD RIGHT OF WAY,39.16424,-86.495088
6,2,1200.0,2-Car,No injury/unknown,IMPROPER PASSING,39.16424,-86.495088
7,3,1200.0,2-Car,Non-incapacitating,FOLLOWING TOO CLOSELY,39.16424,-86.495088
9,2,1500.0,2-Car,Non-incapacitating,FAILURE TO YIELD RIGHT OF WAY,39.16424,-86.495088
9,6,1400.0,2-Car,Non-incapacitating,FAILURE TO YIELD RIGHT OF WAY,39.16424,-86.495088
10,6,1000.0,2-Car,No injury/unknown,FOLLOWING TOO CLOSELY,39.16424,-86.495088
10,6,1000.0,2-Car,No injury/unknown,FOLLOWING TOO CLOSELY,39.16424,-86.495088
10,3,1100.0,2-Car,No injury/unknown,FAILURE TO YIELD RIGHT OF WAY,39.16424,-86.495088
11,6,1400.0,3+ Cars,No injury/unknown,FOLLOWING TOO CLOSELY,39.16424,-86.495088
12,2,1500.0,2-Car,No injury/unknown,DISREGARD SIGNAL/REG SIGN,39.16424,-86.495088
12,6,1800.0,2-Car,No injury/unknown,FOLLOWING TOO CLOSELY,39.16424,-86.495088
12,4,1900.0,2-Car,No injury/unknown,,39.16424,-86.49494053
9,6,1400.0,2-Car,No injury/unknown,UNSAFE BACKING,39.16424,-86.49425989
2,3,1600.0,2-Car,No injury/unknown,IMPROPER TURNING,39.16424,-86.4939483
4,7,1100.0,2-Car,No injury/unknown,UNSAFE BACKING,39.16424,-86.4939483
5,4,1600.0,3+ Cars,No injury/unknown,UNSAFE SPEED,39.16424,-86.4939483
9,2,1200.0,2-Car,Non-incapacitating,FAILURE TO YIELD RIGHT OF WAY,39.16424,-86.49308013
6,2,1900.0,2-Car,No injury/unknown,UNSAFE BACKING,39.16424,-86.49307941
4,1,1600.0,3+ Cars,Non-incapacitating,FOLLOWING TOO CLOSELY,39.16424,-86.492944
4,6,1800.0,3+ Cars,Non-incapacitating,BRAKE FAILURE OR DEFECTIVE,39.16424,-86.492944
4,2,1700.0,2-Car,No injury/unknown,FOLLOWING TOO CLOSELY,39.16424,-86.492944
4,2,2200.0,3+ Cars,No injury/unknown,FOLLOWING TOO CLOSELY,39.16424,-86.492944
5,4,1600.0,2-Car,Non-incapacitating,OTHER (DRIVER) - EXPLAIN IN NARRATIVE,39.16424,-86.492944
5,5,1700.0,Cyclist,Non-incapacitating,FAILURE TO YIELD RIGHT OF WAY,39.16424,-86.492944
6,7,1300.0,3+ Cars,Non-incapacitating,FOLLOWING TOO CLOSELY,39.16424,-86.492944
6,2,0.0,2-Car,No injury/unknown,FAILURE TO YIELD RIGHT OF WAY,39.16424,-86.492944
6,2,1200.0,2-Car,No injury/unknown,FAILURE TO YIELD RIGHT OF WAY,39.16424,-86.492944
7,3,700.0,2-Car,Non-incapacitating,FAILURE TO YIELD RIGHT OF WAY,39.16424,-86.492944
8,6,2300.0,2-Car,No injury/unknown,FAILURE TO YIELD RIGHT OF WAY,39.16424,-86.492944
8,4,1400.0,2-Car,No injury/unknown,FAILURE TO YIELD RIGHT OF WAY,39.16424,-86.492944
9,7,1800.0,2-Car,No injury/unknown,UNSAFE LANE MOVEMENT,39.16424,-86.492944
9,3,1800.0,2-Car,Non-incapacitating,FAILURE TO YIELD RIGHT OF WAY,39.16424,-86.492944
9,6,900.0,2-Car,No injury/unknown,FOLLOWING TOO CLOSELY,39.16424,-86.492944
12,3,1200.0,2-Car,No injury/unknown,IMPROPER TURNING,39.16424,-86.492944
11,7,1500.0,2-Car,No injury/unknown,UNSAFE LANE MOVEMENT,39.16424,-86.492944
1,5,1400.0,2-Car,No injury/unknown,UNSAFE BACKING,39.16424,-86.49259396
2,7,1900.0,1-Car,No injury/unknown,OVERCORRECTING/OVERSTEERING,39.16424,-86.49259396
5,3,1400.0,2-Car,No injury/unknown,UNSAFE BACKING,39.16424,-86.49259396
6,6,2200.0,1-Car,No injury/unknown,IMPROPER TURNING,39.16424,-86.49136882
2,3,1200.0,2-Car,No injury/unknown,FOLLOWING TOO CLOSELY,39.16424,-86.4908
2,6,1200.0,2-Car,No injury/unknown,UNSAFE BACKING,39.16424,-86.4908
5,4,1400.0,Pedestrian,Non-incapacitating,,39.16424,-86.4908
6,1,1500.0,Cyclist,Non-incapacitating,FAILURE TO YIELD RIGHT OF WAY,39.16424,-86.4908
10,6,1300.0,2-Car,Non-incapacitating,BRAKE FAILURE OR DEFECTIVE,39.16424,-86.4908
9,3,800.0,3+ Cars,Non-incapacitating,OTHER (DRIVER) - EXPLAIN IN NARRATIVE,39.16424,-86.4908
11,6,1600.0,2-Car,Non-incapacitating,FAILURE TO YIELD RIGHT OF WAY,39.16424,-86.4908
4,5,700.0,2-Car,No injury/unknown,UNSAFE BACKING,39.16424,-86.48998367
6,7,900.0,1-Car,No injury/unknown,ANIMAL/OBJECT IN ROADWAY,39.16424,-86.4892
1,4,1300.0,1-Car,No injury/unknown,SPEED TOO FAST FOR WEATHER CONDITIONS,39.16424,-86.484384
4,6,1200.0,2-Car,No injury/unknown,UNSAFE BACKING,39.16424,-86.48346971
10,7,1700.0,2-Car,No injury/unknown,FOLLOWING TOO CLOSELY,39.16424,-86.48346971
2,5,1900.0,Bus,No injury/unknown,DISREGARD SIGNAL/REG SIGN,39.16424,-86.480688
2,3,1700.0,2-Car,Non-incapacitating,FAILURE TO YIELD RIGHT OF WAY,39.16424,-86.480688
4,6,600.0,1-Car,No injury/unknown,ANIMAL/OBJECT IN ROADWAY,39.16424,-86.480688
6,4,900.0,2-Car,No injury/unknown,DRIVER DISTRACTED - EXPLAIN IN NARRATIVE,39.16424,-86.480688
7,6,1300.0,2-Car,No injury/unknown,FOLLOWING TOO CLOSELY,39.16424,-86.480688
8,6,1300.0,2-Car,Incapacitating,FAILURE TO YIELD RIGHT OF WAY,39.16424,-86.480688
8,5,1500.0,2-Car,No injury/unknown,DISREGARD SIGNAL/REG SIGN,39.16424,-86.480688
9,1,1200.0,2-Car,No injury/unknown,FAILURE TO YIELD RIGHT OF WAY,39.16424,-86.480688
10,7,1600.0,2-Car,No injury/unknown,SPEED TOO FAST FOR WEATHER CONDITIONS,39.16424,-86.480688
11,5,1300.0,2-Car,No injury/unknown,SPEED TOO FAST FOR WEATHER CONDITIONS,39.16424,-86.480688
11,2,500.0,1-Car,No injury/unknown,ANIMAL/OBJECT IN ROADWAY,39.16424,-86.480688
12,1,1400.0,2-Car,No injury/unknown,DRIVER DISTRACTED - EXPLAIN IN NARRATIVE,39.16424,-86.48057698
1,5,1500.0,2-Car,No injury/unknown,FOLLOWING TOO CLOSELY,39.16424,-86.47636061
4,5,1800.0,2-Car,No injury/unknown,FAILURE TO YIELD RIGHT OF WAY,39.16424,-86.476096
6,6,1500.0,2-Car,No injury/unknown,UNSAFE LANE MOVEMENT,39.16424,-86.476096
6,2,1500.0,2-Car,Non-incapacitating,FAILURE TO YIELD RIGHT OF WAY,39.16424,-86.476096
7,5,1800.0,2-Car,No injury/unknown,FAILURE TO YIELD RIGHT OF WAY,39.16424,-86.476096
8,3,1400.0,2-Car,No injury/unknown,FAILURE TO YIELD RIGHT OF WAY,39.16424,-86.476096
11,3,1100.0,2-Car,No injury/unknown,UNSAFE BACKING,39.16424,-86.473984
2,6,1600.0,2-Car,No injury/unknown,UNSAFE LANE MOVEMENT,39.16424,-86.473296
6,1,1800.0,2-Car,No injury/unknown,FOLLOWING TOO CLOSELY,39.16424,-86.473296
7,3,1300.0,2-Car,No injury/unknown,FOLLOWING TOO CLOSELY,39.16424,-86.473296
10,6,1700.0,2-Car,No injury/unknown,FOLLOWING TOO CLOSELY,39.16424,-86.473296
11,6,900.0,2-Car,No injury/unknown,FOLLOWING TOO CLOSELY,39.16424,-86.473296
12,3,600.0,2-Car,No injury/unknown,DISREGARD SIGNAL/REG SIGN,39.16424,-86.473296
12,6,1600.0,2-Car,No injury/unknown,FOLLOWING TOO CLOSELY,39.16424,-86.473296
8,6,1700.0,2-Car,No injury/unknown,UNSAFE BACKING,39.16423861,-86.49522852
8,4,1300.0,2-Car,No injury/unknown,UNSAFE BACKING,39.16423861,-86.49522852
12,2,1400.0,2-Car,No injury/unknown,UNSAFE BACKING,39.16423861,-86.49522852
2,1,1600.0,2-Car,No injury/unknown,,39.16423674,-86.49805388
6,3,1500.0,2-Car,No injury/unknown,VIEW OBSTRUCTED,39.16422546,-86.49655709
8,4,1400.0,2-Car,No injury/unknown,UNSAFE BACKING,39.16422546,-86.49655709
4,6,1700.0,2-Car,No injury/unknown,UNSAFE BACKING,39.16422509,-86.49659382
1,2,1100.0,2-Car,No injury/unknown,,39.16422436,-86.49666727
10,1,1200.0,2-Car,Non-incapacitating,FOLLOWING TOO CLOSELY,39.16421995,-86.47630453
10,4,1600.0,2-Car,Incapacitating,FOLLOWING TOO CLOSELY,39.16421995,-86.47626562
10,2,800.0,2-Car,No injury/unknown,FAILURE TO YIELD RIGHT OF WAY,39.16421995,-86.4763002
10,7,1500.0,2-Car,No injury/unknown,UNSAFE SPEED,39.16421928,-86.50195219
7,3,1300.0,2-Car,No injury/unknown,FAILURE TO YIELD RIGHT OF WAY,39.16420519,-86.49962872
1,1,1600.0,2-Car,No injury/unknown,SPEED TOO FAST FOR WEATHER CONDITIONS,39.16419189,-86.52822333
1,1,1500.0,2-Car,No injury/unknown,OTHER (DRIVER) - EXPLAIN IN NARRATIVE,39.16416496,-86.49476252
5,7,1100.0,2-Car,No injury/unknown,UNSAFE BACKING,39.16416496,-86.49476252
9,6,1100.0,2-Car,No injury/unknown,OTHER (DRIVER) - EXPLAIN IN NARRATIVE,39.16416496,-86.4947424
8,5,800.0,2-Car,No injury/unknown,UNSAFE BACKING,39.164128,-86.5336
5,4,1900.0,2-Car,Non-incapacitating,FAILURE TO YIELD RIGHT OF WAY,39.16404123,-86.53048754
1,1,1100.0,1-Car,No injury/unknown,OTHER (DRIVER) - EXPLAIN IN NARRATIVE,39.164028,-86.575111
8,2,1700.0,2-Car,No injury/unknown,OTHER (DRIVER) - EXPLAIN IN NARRATIVE,39.163982,-86.517517
9,3,1100.0,2-Car,No injury/unknown,UNSAFE BACKING,39.163967,-86.515091
7,7,2200.0,2-Car,No injury/unknown,UNSAFE BACKING,39.16394547,-86.49833535
3,1,1100.0,2-Car,No injury/unknown,OTHER (DRIVER) - EXPLAIN IN NARRATIVE,39.16390857,-86.5336
7,6,1700.0,1-Car,No injury/unknown,OTHER (VEHICLE) - EXPLAIN IN NARRATIVE,39.16389002,-86.65046376
1,6,2200.0,2-Car,No injury/unknown,UNSAFE BACKING,39.163826,-86.51886
10,7,1300.0,2-Car,No injury/unknown,FAILURE TO YIELD RIGHT OF WAY,39.163744,-86.538592
10,2,1100.0,1-Car,Non-incapacitating,OTHER (DRIVER) - EXPLAIN IN NARRATIVE,39.16372512,-86.53866291
3,3,1700.0,Cyclist,No injury/unknown,FAILURE TO YIELD RIGHT OF WAY,39.16370074,-86.52020885
6,1,1500.0,1-Car,No injury/unknown,ANIMAL/OBJECT IN ROADWAY,39.16369029,-86.43779541
9,7,1800.0,1-Car,No injury/unknown,ANIMAL/OBJECT IN ROADWAY,39.16368736,-86.63596458
12,2,100.0,1-Car,No injury/unknown,UNSAFE SPEED,39.16368062,-86.42672108
2,3,2300.0,3+ Cars,No injury/unknown,ROADWAY SURFACE CONDITION,39.16364821,-86.52107987
1,7,400.0,1-Car,No injury/unknown,RAN OFF ROAD RIGHT,39.16363574,-86.41960375
10,4,2100.0,1-Car,No injury/unknown,ANIMAL/OBJECT IN ROADWAY,39.16363458,-86.4387054
8,4,1100.0,2-Car,No injury/unknown,IMPROPER TURNING,39.16362511,-86.51479412
3,7,1800.0,2-Car,No injury/unknown,,39.16362305,-86.47182991
12,1,300.0,1-Car,No injury/unknown,SPEED TOO FAST FOR WEATHER CONDITIONS,39.16355934,-86.42589328
4,4,2000.0,1-Car,No injury/unknown,RAN OFF ROAD RIGHT,39.163552,-86.583792
1,4,1400.0,2-Car,No injury/unknown,IMPROPER PASSING,39.16346711,-86.64775861
12,2,1800.0,1-Car,No injury/unknown,ANIMAL/OBJECT IN ROADWAY,39.16345193,-86.63082546
12,6,2300.0,Pedestrian,Incapacitating,PEDESTRIAN ACTION,39.16344009,-86.55128002
2,6,1200.0,2-Car,No injury/unknown,DISREGARD SIGNAL/REG SIGN,39.16344009,-86.55128002
4,3,1000.0,2-Car,Non-incapacitating,OTHER TELEMATICS IN USE,39.16344009,-86.55128002
7,2,1000.0,2-Car,No injury/unknown,FOLLOWING TOO CLOSELY,39.16344009,-86.55128002
7,2,1600.0,Moped/Motorcycle,No injury/unknown,FAILURE TO YIELD RIGHT OF WAY,39.16344009,-86.55128002
8,6,1900.0,2-Car,No injury/unknown,FOLLOWING TOO CLOSELY,39.16344009,-86.55128002
9,6,800.0,2-Car,No injury/unknown,FOLLOWING TOO CLOSELY,39.16344009,-86.55128002
9,2,700.0,1-Car,No injury/unknown,OTHER (VEHICLE) - EXPLAIN IN NARRATIVE,39.16344,-86.5888
2,6,1500.0,2-Car,No injury/unknown,LEFT OF CENTER,39.16342852,-86.64687798
8,1,1700.0,1-Car,No injury/unknown,DRIVER ASLEEP OR FATIGUED,39.16337885,-86.5731243
12,4,1200.0,2-Car,No injury/unknown,UNSAFE BACKING,39.16334534,-86.55659485
9,7,1900.0,2-Car,No injury/unknown,DISREGARD SIGNAL/REG SIGN,39.163344,-86.5272
12,3,1700.0,2-Car,Non-incapacitating,DRIVER DISTRACTED - EXPLAIN IN NARRATIVE,39.163296,-86.524
10,5,100.0,2-Car,No injury/unknown,OTHER (DRIVER) - EXPLAIN IN NARRATIVE,39.16328,-86.522592
7,6,800.0,Moped/Motorcycle,Non-incapacitating,UNSAFE SPEED,39.1632563,-86.44167007
7,3,900.0,2-Car,No injury/unknown,WRONG WAY ON ONE WAY,39.163232,-86.520176
7,2,2000.0,2-Car,No injury/unknown,FAILURE TO YIELD RIGHT OF WAY,39.163232,-86.520176
1,1,100.0,2-Car,Non-incapacitating,UNSAFE SPEED,39.163216,-86.519024
10,7,2000.0,2-Car,Non-incapacitating,FAILURE TO YIELD RIGHT OF WAY,39.163216,-86.519024
11,7,2200.0,2-Car,No injury/unknown,FAILURE TO YIELD RIGHT OF WAY,39.16320294,-86.58092915
2,1,800.0,2-Car,No injury/unknown,IMPROPER TURNING,39.1632,-86.517584
10,6,2300.0,2-Car,No injury/unknown,DISREGARD SIGNAL/REG SIGN,39.163168,-86.516384
2,6,1200.0,2-Car,No injury/unknown,FAILURE TO YIELD RIGHT OF WAY,39.16315913,-86.52214653
1,5,700.0,1-Car,No injury/unknown,UNSAFE BACKING,39.16315645,-86.52385376
6,7,1700.0,2-Car,No injury/unknown,UNSAFE LANE MOVEMENT,39.163152,-86.515168
12,6,900.0,2-Car,No injury/unknown,UNSAFE BACKING,39.1631484,-86.55621596
10,3,900.0,2-Car,No injury/unknown,DISREGARD SIGNAL/REG SIGN,39.16313969,-86.52727023
4,4,900.0,2-Car,No injury/unknown,FAILURE TO YIELD RIGHT OF WAY,39.16313969,-86.52727022
9,7,1300.0,2-Car,No injury/unknown,DISREGARD SIGNAL/REG SIGN,39.16313969,-86.52727022
2,1,2000.0,Pedestrian,Non-incapacitating,FAILURE TO YIELD RIGHT OF WAY,39.16313936,-86.52589516
1,5,400.0,1-Car,No injury/unknown,RAN OFF ROAD RIGHT,39.16313303,-86.52727337
8,4,1500.0,2-Car,No injury/unknown,DISREGARD SIGNAL/REG SIGN,39.16313303,-86.52727337
9,5,800.0,2-Car,No injury/unknown,FOLLOWING TOO CLOSELY,39.16312617,-86.62817764
5,6,1200.0,Moped/Motorcycle,Non-incapacitating,IMPROPER PASSING,39.16312266,-86.5336
2,1,200.0,2-Car,No injury/unknown,FAILURE TO YIELD RIGHT OF WAY,39.16312024,-86.52261994
10,6,200.0,2-Car,No injury/unknown,FAILURE TO YIELD RIGHT OF WAY,39.16312024,-86.52261994
2,5,1700.0,2-Car,Non-incapacitating,FAILURE TO YIELD RIGHT OF WAY,39.16311018,-86.52403012
1,3,900.0,2-Car,No injury/unknown,UNSAFE BACKING,39.16309925,-86.52104471
5,5,1300.0,2-Car,Non-incapacitating,FAILURE TO YIELD RIGHT OF WAY,39.16309394,-86.51773376
8,6,200.0,2-Car,Incapacitating,DISREGARD SIGNAL/REG SIGN,39.16309394,-86.51773376
5,6,1500.0,2-Car,No injury/unknown,FAILURE TO YIELD RIGHT OF WAY,39.16309377,-86.51913489
12,6,1600.0,2-Car,No injury/unknown,UNSAFE SPEED,39.16308001,-86.51417971
8,7,1200.0,2-Car,No injury/unknown,FAILURE TO YIELD RIGHT OF WAY,39.16308001,-86.50846995
10,7,100.0,2-Car,Non-incapacitating,DISREGARD SIGNAL/REG SIGN,39.16307627,-86.51638985
4,3,1700.0,2-Car,No injury/unknown,FAILURE TO YIELD RIGHT OF WAY,39.16307054,-86.51639895
12,5,1200.0,2-Car,Non-incapacitating,FAILURE TO YIELD RIGHT OF WAY,39.16306995,-86.51912972
2,5,2300.0,2-Car,No injury/unknown,IMPROPER TURNING,39.16306995,-86.51912972
12,6,1900.0,2-Car,No injury/unknown,FOLLOWING TOO CLOSELY,39.16305989,-86.51773028
2,4,800.0,2-Car,No injury/unknown,FAILURE TO YIELD RIGHT OF WAY,39.16305989,-86.51773028
11,2,700.0,2-Car,No injury/unknown,DISREGARD SIGNAL/REG SIGN,39.16304983,-86.51638985
2,2,1500.0,Bus,Non-incapacitating,DISREGARD SIGNAL/REG SIGN,39.16304983,-86.51638984
5,6,1200.0,Pedestrian,Non-incapacitating,FAILURE TO YIELD RIGHT OF WAY,39.16304983,-86.51638984
9,2,800.0,2-Car,Non-incapacitating,FAILURE TO YIELD RIGHT OF WAY,39.16304983,-86.51638984
10,4,1200.0,2-Car,No injury/unknown,,39.16294187,-86.55070133
1,5,900.0,2-Car,No injury/unknown,ROADWAY SURFACE CONDITION,39.162928,-86.498112
1,6,1400.0,1-Car,Non-incapacitating,OTHER (DRIVER) - EXPLAIN IN NARRATIVE,39.162928,-86.498112
2,6,1200.0,3+ Cars,No injury/unknown,FOLLOWING TOO CLOSELY,39.162848,-86.5336
4,7,1100.0,Moped/Motorcycle,No injury/unknown,UNSAFE LANE MOVEMENT,39.162848,-86.5336
7,5,1800.0,2-Car,No injury/unknown,FOLLOWING TOO CLOSELY,39.162848,-86.5336
7,6,2100.0,2-Car,No injury/unknown,OTHER (DRIVER) - EXPLAIN IN NARRATIVE,39.162848,-86.5336
9,3,1200.0,2-Car,No injury/unknown,,39.162848,-86.5284
7,5,1000.0,2-Car,No injury/unknown,OVERCORRECTING/OVERSTEERING,39.162848,-86.527184
3,1,900.0,2-Car,No injury/unknown,FAILURE TO YIELD RIGHT OF WAY,39.16280977,-86.52725011
4,3,1700.0,2-Car,No injury/unknown,UNSAFE BACKING,39.16280044,-86.52299675
5,5,900.0,2-Car,No injury/unknown,UNSAFE BACKING,39.16272811,-86.58380645
3,2,1200.0,2-Car,No injury/unknown,OTHER (DRIVER) - EXPLAIN IN NARRATIVE,39.16271456,-86.55612878
2,7,1300.0,2-Car,No injury/unknown,FAILURE TO YIELD RIGHT OF WAY,39.1626703,-86.55050017
12,2,1100.0,2-Car,No injury/unknown,FAILURE TO YIELD RIGHT OF WAY,39.1626703,-86.55050017
10,6,1600.0,1-Car,Incapacitating,IMPROPER TURNING,39.1626703,-86.55050017
11,5,1900.0,Pedestrian,Incapacitating,FAILURE TO YIELD RIGHT OF WAY,39.1626703,-86.55050017
10,1,2100.0,1-Car,No injury/unknown,LEFT OF CENTER,39.1626703,-86.55050016
10,1,1200.0,2-Car,No injury/unknown,FAILURE TO YIELD RIGHT OF WAY,39.16262408,-86.50240808
2,3,1200.0,3+ Cars,No injury/unknown,OTHER (DRIVER) - EXPLAIN IN NARRATIVE,39.16262403,-86.49803884
1,3,1000.0,2-Car,No injury/unknown,DRIVER DISTRACTED - EXPLAIN IN NARRATIVE,39.16261666,-86.55608452
5,7,1300.0,1-Car,No injury/unknown,OTHER (DRIVER) - EXPLAIN IN NARRATIVE,39.16259645,-86.52353994
10,2,600.0,2-Car,No injury/unknown,UNSAFE BACKING,39.162468,-86.527174
9,6,1100.0,2-Car,No injury/unknown,UNSAFE BACKING,39.16244571,-86.528368
8,5,700.0,1-Car,No injury/unknown,RAN OFF ROAD RIGHT,39.162441,-86.486969
11,6,900.0,2-Car,No injury/unknown,FOLLOWING TOO CLOSELY,39.16240007,-86.53868973
9,3,1700.0,2-Car,No injury/unknown,FOLLOWING TOO CLOSELY,39.1624,-86.538592
7,3,800.0,3+ Cars,No injury/unknown,UNSAFE LANE MOVEMENT,39.16237861,-86.5559256
1,3,1100.0,2-Car,No injury/unknown,OTHER (DRIVER) - EXPLAIN IN NARRATIVE,39.16226959,-86.52758026
1,5,2300.0,2-Car,No injury/unknown,SPEED TOO FAST FOR WEATHER CONDITIONS,39.16224,-86.5183056
2,5,1500.0,2-Car,No injury/unknown,DISREGARD SIGNAL/REG SIGN,39.16224,-86.522576
3,7,100.0,3+ Cars,No injury/unknown,UNSAFE SPEED,39.16224,-86.522576
12,5,1400.0,3+ Cars,No injury/unknown,,39.16224,-86.520992
4,3,700.0,2-Car,Non-incapacitating,FAILURE TO YIELD RIGHT OF WAY,39.16224,-86.5176
8,7,0.0,2-Car,Non-incapacitating,DISREGARD SIGNAL/REG SIGN,39.16224,-86.516368
10,2,1800.0,2-Car,No injury/unknown,UNSAFE BACKING,39.162201,-86.498665
5,5,1600.0,1-Car,Non-incapacitating,OVERCORRECTING/OVERSTEERING,39.16200597,-86.57316611
11,7,2100.0,2-Car,No injury/unknown,OTHER (DRIVER) - EXPLAIN IN NARRATIVE,39.16198929,-86.52975376
10,5,1900.0,Bus,No injury/unknown,UNSAFE BACKING,39.16180998,-86.56743228
9,3,1600.0,2-Car,No injury/unknown,UNSAFE BACKING,39.16177176,-86.567327
6,2,1200.0,2-Car,No injury/unknown,FAILURE TO YIELD RIGHT OF WAY,39.1617503,-86.56746782
12,6,300.0,2-Car,No injury/unknown,UNSAFE SPEED,39.16171275,-86.56736255
5,6,0.0,2-Car,No injury/unknown,OTHER (DRIVER) - EXPLAIN IN NARRATIVE,39.16169357,-86.4751358
10,3,1200.0,2-Car,No injury/unknown,FOLLOWING TOO CLOSELY,39.161648,-86.546128
11,2,2000.0,Bus,No injury/unknown,IMPROPER LANE USAGE,39.161648,-86.546128
12,2,900.0,1-Car,Incapacitating,ROADWAY SURFACE CONDITION,39.161648,-86.546128
1,7,200.0,2-Car,No injury/unknown,SPEED TOO FAST FOR WEATHER CONDITIONS,39.16163228,-86.5675389
1,7,1400.0,2-Car,No injury/unknown,SPEED TOO FAST FOR WEATHER CONDITIONS,39.16163228,-86.5675389
7,2,1600.0,2-Car,No injury/unknown,IMPROPER TURNING,39.16162667,-86.54486933
10,5,1200.0,2-Car,No injury/unknown,,39.16162667,-86.54486933
8,6,1300.0,3+ Cars,Non-incapacitating,FOLLOWING TOO CLOSELY,39.1616,-86.543296
3,2,900.0,1-Car,No injury/unknown,RAN OFF ROAD RIGHT,39.16158391,-86.41219366
12,3,1100.0,2-Car,No injury/unknown,FOLLOWING TOO CLOSELY,39.161568,-86.542096
12,5,1400.0,2-Car,No injury/unknown,FOLLOWING TOO CLOSELY,39.161568,-86.542096
5,3,1000.0,1-Car,No injury/unknown,OTHER (DRIVER) - EXPLAIN IN NARRATIVE,39.16153675,-86.53981487
1,6,1900.0,2-Car,No injury/unknown,UNSAFE BACKING,39.16153611,-86.53976784
4,4,2200.0,2-Car,No injury/unknown,IMPROPER TURNING,39.16153611,-86.53976784
8,5,1300.0,2-Car,No injury/unknown,UNSAFE BACKING,39.16153611,-86.53976784
9,3,200.0,2-Car,No injury/unknown,UNSAFE BACKING,39.16153611,-86.53976784
12,2,1700.0,2-Car,No injury/unknown,IMPROPER TURNING,39.16153611,-86.53976784
12,2,1200.0,1-Car,No injury/unknown,IMPROPER TURNING,39.16153611,-86.53976784
6,5,1700.0,2-Car,Non-incapacitating,FOLLOWING TOO CLOSELY,39.16152484,-86.53894474
2,2,1300.0,2-Car,No injury/unknown,FOLLOWING TOO CLOSELY,39.16152,-86.538592
5,1,1700.0,2-Car,No injury/unknown,FAILURE TO YIELD RIGHT OF WAY,39.16152,-86.538592
5,2,1200.0,2-Car,No injury/unknown,OTHER (DRIVER) - EXPLAIN IN NARRATIVE,39.16152,-86.538592
6,6,1800.0,2-Car,No injury/unknown,FOLLOWING TOO CLOSELY,39.16152,-86.538592
7,5,700.0,3+ Cars,Non-incapacitating,DRIVER ASLEEP OR FATIGUED,39.16152,-86.538592
9,2,1100.0,2-Car,Non-incapacitating,FAILURE TO YIELD RIGHT OF WAY,39.16152,-86.538592
5,4,1500.0,2-Car,No injury/unknown,FOLLOWING TOO CLOSELY,39.161488,-86.537296
6,2,1300.0,3+ Cars,No injury/unknown,FOLLOWING TOO CLOSELY,39.161488,-86.537296
10,6,1400.0,2-Car,No injury/unknown,FOLLOWING TOO CLOSELY,39.161488,-86.537296
10,3,1600.0,2-Car,No injury/unknown,FOLLOWING TOO CLOSELY,39.161472,-86.53624
7,3,1200.0,2-Car,No injury/unknown,FOLLOWING TOO CLOSELY,39.161472,-86.5360636
10,4,900.0,1-Car,No injury/unknown,OTHER (VEHICLE) - EXPLAIN IN NARRATIVE,39.16147068,-86.57919779
2,1,1700.0,2-Car,No injury/unknown,DRIVER DISTRACTED - EXPLAIN IN NARRATIVE,39.16144735,-86.53511243
10,7,1300.0,3+ Cars,Non-incapacitating,FOLLOWING TOO CLOSELY,39.1614458,-86.53733254
10,4,1200.0,2-Car,No injury/unknown,,39.16144,-86.5279352
3,1,1300.0,2-Car,Non-incapacitating,DISREGARD SIGNAL/REG SIGN,39.16144,-86.534848
9,2,1200.0,2-Car,No injury/unknown,FAILURE TO YIELD RIGHT OF WAY,39.16144,-86.534848
10,6,1500.0,Pedestrian,Incapacitating,PEDESTRIAN ACTION,39.16144,-86.534848
5,3,1200.0,3+ Cars,No injury/unknown,FOLLOWING TOO CLOSELY,39.16144,-86.5336
8,1,1500.0,2-Car,No injury/unknown,FOLLOWING TOO CLOSELY,39.16144,-86.5336
8,2,1500.0,Moped/Motorcycle,Non-incapacitating,IMPROPER TURNING,39.16144,-86.5336
12,3,1700.0,2-Car,No injury/unknown,LEFT OF CENTER,39.16144,-86.5336
11,2,800.0,2-Car,No injury/unknown,FOLLOWING TOO CLOSELY,39.16144,-86.5324
3,3,700.0,2-Car,Non-incapacitating,FOLLOWING TOO CLOSELY,39.16144,-86.531056