Month,Day,Hour,Collision Type,Injury Type,Primary Factor,Latitude,Longitude
5,2,2300.0,2-Car,No injury/unknown,IMPROPER LANE USAGE,39.16144,-86.52976
4,2,1200.0,2-Car,No injury/unknown,UNSAFE BACKING,39.16144,-86.527152
10,3,800.0,2-Car,No injury/unknown,IMPROPER TURNING,39.16144,-86.527152
9,3,1100.0,1-Car,No injury/unknown,IMPROPER TURNING,39.16144,-86.527152
10,1,1300.0,2-Car,No injury/unknown,UNSAFE BACKING,39.16144,-86.52696457
6,4,600.0,2-Car,No injury/unknown,FOLLOWING TOO CLOSELY,39.16142978,-86.54614023
8,4,700.0,2-Car,No injury/unknown,DISREGARD SIGNAL/REG SIGN,39.16142978,-86.54614023
9,3,1700.0,3+ Cars,No injury/unknown,DISREGARD SIGNAL/REG SIGN,39.16142978,-86.54614023
10,5,2200.0,2-Car,No injury/unknown,FOLLOWING TOO CLOSELY,39.16142978,-86.54614023
5,3,1400.0,3+ Cars,Non-incapacitating,FOLLOWING TOO CLOSELY,39.16141972,-86.54337018
7,4,1800.0,3+ Cars,No injury/unknown,DRIVER DISTRACTED - EXPLAIN IN NARRATIVE,39.16141972,-86.54337018
6,2,1000.0,1-Car,No injury/unknown,RAN OFF ROAD RIGHT,39.16141129,-86.53729248
8,6,1400.0,2-Car,No injury/unknown,FOLLOWING TOO CLOSELY,39.16141033,-86.53743982
10,5,1700.0,2-Car,No injury/unknown,DRIVER DISTRACTED - EXPLAIN IN NARRATIVE,39.16141033,-86.53743982
12,6,1400.0,2-Car,No injury/unknown,FAILURE TO YIELD RIGHT OF WAY,39.16141033,-86.53743982
11,4,1300.0,2-Car,Non-incapacitating,FAILURE TO YIELD RIGHT OF WAY,39.16140027,-86.53867029
5,6,1400.0,2-Car,Non-incapacitating,FOLLOWING TOO CLOSELY,39.16140027,-86.53867028
7,5,1200.0,2-Car,No injury/unknown,FOLLOWING TOO CLOSELY,39.16140027,-86.53867028
10,3,200.0,1-Car,No injury/unknown,RAN OFF ROAD RIGHT,39.16140027,-86.53867028
8,3,1300.0,2-Car,No injury/unknown,DRIVER DISTRACTED - EXPLAIN IN NARRATIVE,39.16140027,-86.53867028
2,4,1400.0,2-Car,No injury/unknown,FOLLOWING TOO CLOSELY,39.16140027,-86.53362974
3,7,0.0,Cyclist,Non-incapacitating,DISREGARD SIGNAL/REG SIGN,39.16140027,-86.53362974
4,3,1200.0,2-Car,No injury/unknown,FAILURE TO YIELD RIGHT OF WAY,39.16140027,-86.53362974
5,4,1700.0,Cyclist,Non-incapacitating,FAILURE TO YIELD RIGHT OF WAY,39.16140027,-86.53362974
4,7,1400.0,2-Car,No injury/unknown,UNSAFE BACKING,39.16139984,-86.53363037
5,5,1200.0,Pedestrian,Incapacitating,PEDESTRIAN ACTION,39.16139022,-86.53631426
6,6,1200.0,2-Car,No injury/unknown,DRIVER DISTRACTED - EXPLAIN IN NARRATIVE,39.16139022,-86.53630994
1,7,1200.0,Pedestrian,Non-incapacitating,DISREGARD SIGNAL/REG SIGN,39.16138016,-86.53492994
3,7,1000.0,2-Car,No injury/unknown,FAILURE TO YIELD RIGHT OF WAY,39.16136004,-86.53242731
7,4,1000.0,2-Car,No injury/unknown,IMPROPER LANE USAGE,39.16136004,-86.53241001
11,1,1200.0,2-Car,No injury/unknown,OTHER (DRIVER) - EXPLAIN IN NARRATIVE,39.16134857,-86.52715069
3,3,1200.0,2-Car,No injury/unknown,OTHER (DRIVER) - EXPLAIN IN NARRATIVE,39.16133858,-86.53531685
9,5,1500.0,1-Car,No injury/unknown,RAN OFF ROAD RIGHT,39.16131981,-86.52399994
9,7,1800.0,Cyclist,Incapacitating,FAILURE TO YIELD RIGHT OF WAY,39.161312,-86.522576
4,3,800.0,2-Car,No injury/unknown,UNSAFE BACKING,39.16131152,-86.52255127
1,4,1500.0,2-Car,No injury/unknown,,39.161296,-86.589792
5,7,1900.0,2-Car,No injury/unknown,UNSAFE LANE MOVEMENT,39.16126919,-86.52039251
9,6,900.0,2-Car,Non-incapacitating,DISREGARD SIGNAL/REG SIGN,39.1612,-86.517584
10,6,700.0,2-Car,Non-incapacitating,DISREGARD SIGNAL/REG SIGN,39.161168,-86.516352
11,6,1100.0,2-Car,No injury/unknown,DISREGARD SIGNAL/REG SIGN,39.161168,-86.516352
1,6,1600.0,2-Car,No injury/unknown,UNSAFE BACKING,39.16115717,-86.53485253
1,1,900.0,1-Car,No injury/unknown,OTHER (DRIVER) - EXPLAIN IN NARRATIVE,39.16115717,-86.53485253
4,4,1900.0,1-Car,No injury/unknown,OVERCORRECTING/OVERSTEERING,39.16115717,-86.53485253
4,6,1800.0,2-Car,No injury/unknown,,39.16115717,-86.53485253
8,3,300.0,1-Car,No injury/unknown,OTHER (DRIVER) - EXPLAIN IN NARRATIVE,39.16115717,-86.53485253
9,4,1800.0,2-Car,No injury/unknown,UNSAFE BACKING,39.16115717,-86.53485253
10,6,1600.0,2-Car,No injury/unknown,UNSAFE BACKING,39.16115717,-86.53485253
11,7,1400.0,2-Car,No injury/unknown,UNSAFE BACKING,39.16115717,-86.53485253
11,4,1300.0,2-Car,No injury/unknown,OTHER (DRIVER) - EXPLAIN IN NARRATIVE,39.16115717,-86.53485253
12,3,1900.0,2-Car,No injury/unknown,,39.161136,-86.51512
1,6,1500.0,2-Car,No injury/unknown,FAILURE TO YIELD RIGHT OF WAY,39.16106969,-86.55082002
7,2,1100.0,2-Car,No injury/unknown,LEFT OF CENTER,39.16106969,-86.55082002
7,5,800.0,Cyclist,Non-incapacitating,DISREGARD SIGNAL/REG SIGN,39.16106969,-86.52264006
9,1,1800.0,2-Car,Non-incapacitating,DISREGARD SIGNAL/REG SIGN,39.16106969,-86.52264006
8,4,1500.0,2-Car,No injury/unknown,DISREGARD SIGNAL/REG SIGN,39.16106969,-86.52264006
1,4,1100.0,2-Car,No injury/unknown,DISREGARD SIGNAL/REG SIGN,39.1610603,-86.51913978
11,4,1200.0,2-Car,No injury/unknown,OTHER (DRIVER) - EXPLAIN IN NARRATIVE,39.161048890000004,-86.55483246
12,2,1400.0,2-Car,No injury/unknown,FAILURE TO YIELD RIGHT OF WAY,39.16102007,-86.51095972
5,3,1600.0,Pedestrian,Non-incapacitating,UNSAFE BACKING,39.16101225,-86.5336
7,2,1500.0,Moped/Motorcycle,Non-incapacitating,FAILURE TO YIELD RIGHT OF WAY,39.16101225,-86.5336
11,3,800.0,Pedestrian,Non-incapacitating,OTHER (DRIVER) - EXPLAIN IN NARRATIVE,39.16099258,-86.50557049
5,3,1000.0,2-Car,No injury/unknown,OTHER (DRIVER) - EXPLAIN IN NARRATIVE,39.16099258,-86.50557048
11,2,900.0,2-Car,No injury/unknown,DISREGARD SIGNAL/REG SIGN,39.160944,-86.497696
11,6,1300.0,2-Car,Non-incapacitating,FAILURE TO YIELD RIGHT OF WAY,39.16094028,-86.49772033
2,1,1700.0,2-Car,No injury/unknown,FAILURE TO YIELD RIGHT OF WAY,39.16094027,-86.49772033
8,7,1000.0,2-Car,No injury/unknown,FAILURE TO YIELD RIGHT OF WAY,39.16094027,-86.49769438
1,6,1300.0,2-Car,No injury/unknown,FOLLOWING TOO CLOSELY,39.16092016,-86.50248433
2,6,1500.0,2-Car,No injury/unknown,FOLLOWING TOO CLOSELY,39.16092016,-86.50236323
1,7,1000.0,2-Car,No injury/unknown,FAILURE TO YIELD RIGHT OF WAY,39.16090915,-86.57913006
1,6,1300.0,2-Car,No injury/unknown,ROADWAY SURFACE CONDITION,39.16087657,-86.50200717
11,4,1600.0,2-Car,No injury/unknown,FAILURE TO YIELD RIGHT OF WAY,39.16087376,-86.57777019
5,4,1600.0,2-Car,No injury/unknown,UNSAFE BACKING,39.1607666,-86.52623748
2,7,1400.0,2-Car,Non-incapacitating,FAILURE TO YIELD RIGHT OF WAY,39.16074984,-86.54850997
12,6,1500.0,2-Car,No injury/unknown,FOLLOWING TOO CLOSELY,39.16074984,-86.54850997
9,6,1100.0,2-Car,No injury/unknown,FAILURE TO YIELD RIGHT OF WAY,39.16074984,-86.54851775
1,5,700.0,2-Car,No injury/unknown,ROADWAY SURFACE CONDITION,39.16074984,-86.54850997
1,7,1000.0,2-Car,No injury/unknown,FAILURE TO YIELD RIGHT OF WAY,39.16074984,-86.54850997
1,3,700.0,2-Car,No injury/unknown,SPEED TOO FAST FOR WEATHER CONDITIONS,39.16074984,-86.54850997
1,4,1900.0,2-Car,No injury/unknown,FOLLOWING TOO CLOSELY,39.16074984,-86.54850997
1,6,400.0,1-Car,No injury/unknown,RAN OFF ROAD RIGHT,39.16074984,-86.54850997
2,5,1100.0,2-Car,No injury/unknown,FOLLOWING TOO CLOSELY,39.16074984,-86.54850997
3,6,1000.0,2-Car,No injury/unknown,FOLLOWING TOO CLOSELY,39.16074984,-86.54850997
3,7,100.0,1-Car,No injury/unknown,RAN OFF ROAD RIGHT,39.16074984,-86.54850997
4,3,800.0,2-Car,No injury/unknown,FAILURE TO YIELD RIGHT OF WAY,39.16074984,-86.54850997
6,1,0.0,2-Car,No injury/unknown,SPEED TOO FAST FOR WEATHER CONDITIONS,39.16074984,-86.54850997
8,2,1000.0,2-Car,Non-incapacitating,FOLLOWING TOO CLOSELY,39.16074984,-86.54850997
8,5,200.0,1-Car,No injury/unknown,ANIMAL/OBJECT IN ROADWAY,39.16074984,-86.54850131
10,6,1600.0,2-Car,No injury/unknown,IMPROPER PASSING,39.16074984,-86.54849698
10,4,1200.0,2-Car,Non-incapacitating,FOLLOWING TOO CLOSELY,39.16074702,-86.54853344
4,2,1100.0,2-Car,No injury/unknown,UNSAFE BACKING,39.16067505,-86.49024963
6,4,2200.0,2-Car,No injury/unknown,OTHER (DRIVER) - EXPLAIN IN NARRATIVE,39.16066944,-86.49770547
9,5,1100.0,2-Car,No injury/unknown,UNSAFE BACKING,39.16061609,-86.53106812
3,5,700.0,2-Car,Non-incapacitating,FAILURE TO YIELD RIGHT OF WAY,39.160544,-86.5508
4,4,900.0,2-Car,No injury/unknown,DISREGARD SIGNAL/REG SIGN,39.160544,-86.5508
4,7,200.0,Moped/Motorcycle,Incapacitating,RAN OFF ROAD RIGHT,39.160544,-86.5508
10,2,1500.0,2-Car,No injury/unknown,UNSAFE BACKING,39.16051246,-86.55401453
2,6,0.0,3+ Cars,No injury/unknown,LEFT OF CENTER,39.16044261,-86.5225622
12,3,1000.0,3+ Cars,No injury/unknown,FOLLOWING TOO CLOSELY,39.16043091,-86.57905703
8,1,0.0,2-Car,No injury/unknown,OTHER (DRIVER) - EXPLAIN IN NARRATIVE,39.16042462,-86.55086025
5,1,1700.0,2-Car,No injury/unknown,FAILURE TO YIELD RIGHT OF WAY,39.16038975,-86.52718976
4,3,400.0,2-Car,No injury/unknown,UNSAFE BACKING,39.16038975,-86.5271811
4,3,1500.0,2-Car,Non-incapacitating,FAILURE TO YIELD RIGHT OF WAY,39.16038043,-86.57913006
5,5,1800.0,2-Car,No injury/unknown,UNSAFE BACKING,39.16037061,-86.5336
2,6,900.0,2-Car,No injury/unknown,FAILURE TO YIELD RIGHT OF WAY,39.16032,-86.527136
8,1,1500.0,2-Car,No injury/unknown,UNSAFE BACKING,39.16032,-86.527136
1,3,1600.0,2-Car,No injury/unknown,SPEED TOO FAST FOR WEATHER CONDITIONS,39.16025543,-86.54006195
3,7,1800.0,2-Car,No injury/unknown,UNSAFE BACKING,39.16025543,-86.54006195
5,7,2200.0,1-Car,No injury/unknown,RAN OFF ROAD RIGHT,39.16025543,-86.54006195
6,5,2300.0,2-Car,No injury/unknown,UNSAFE BACKING,39.160255,-86.540062
2,4,900.0,2-Car,No injury/unknown,FOLLOWING TOO CLOSELY,39.15998836,-86.48266978
5,6,1700.0,2-Car,No injury/unknown,UNSAFE BACKING,39.15997314,-86.54981231
11,4,1100.0,2-Car,Non-incapacitating,FOLLOWING TOO CLOSELY,39.15993981,-86.55382007
6,1,1600.0,2-Car,Non-incapacitating,FOLLOWING TOO CLOSELY,39.15993981,-86.55382007
5,4,1600.0,2-Car,No injury/unknown,FOLLOWING TOO CLOSELY,39.15993981,-86.55381358
4,3,1200.0,2-Car,No injury/unknown,OVERCORRECTING/OVERSTEERING,39.15986252,-86.49027252
5,5,1500.0,1-Car,No injury/unknown,RAN OFF ROAD RIGHT,39.15982565,-86.41038589
7,2,1200.0,1-Car,No injury/unknown,BRAKE FAILURE OR DEFECTIVE,39.1596756,-86.55188751
8,3,1700.0,2-Car,No injury/unknown,UNSAFE SPEED,39.159648,-86.546
6,6,1600.0,2-Car,No injury/unknown,FAILURE TO YIELD RIGHT OF WAY,39.15964598,-86.5348767
4,2,1600.0,2-Car,Non-incapacitating,DISREGARD SIGNAL/REG SIGN,39.1596,-86.490784
10,6,1700.0,2-Car,Non-incapacitating,FAILURE TO YIELD RIGHT OF WAY,39.15951581,-86.55335069
4,4,700.0,2-Car,No injury/unknown,UNSAFE BACKING,39.159504,-86.538592
4,2,1700.0,Cyclist,Non-incapacitating,FAILURE TO YIELD RIGHT OF WAY,39.159472,-86.536272
6,5,1800.0,Cyclist,Non-incapacitating,PEDESTRIAN ACTION,39.159472,-86.536272
9,6,100.0,1-Car,No injury/unknown,RAN OFF ROAD RIGHT,39.15946975,-86.5460505
9,5,1400.0,2-Car,No injury/unknown,FOLLOWING TOO CLOSELY,39.15944,-86.555296
11,3,1600.0,2-Car,No injury/unknown,FOLLOWING TOO CLOSELY,39.15944,-86.555296
1,2,1300.0,1-Car,No injury/unknown,DRIVER DISTRACTED - EXPLAIN IN NARRATIVE,39.15944,-86.53488
11,6,1700.0,2-Car,No injury/unknown,DRIVER DISTRACTED - EXPLAIN IN NARRATIVE,39.15944,-86.53488
4,1,1100.0,2-Car,No injury/unknown,DISREGARD SIGNAL/REG SIGN,39.159344,-86.5336
4,1,2300.0,2-Car,Non-incapacitating,DISREGARD SIGNAL/REG SIGN,39.159344,-86.5336
12,3,900.0,Bus,No injury/unknown,IMPROPER PASSING,39.159344,-86.5336
9,4,1200.0,Cyclist,Non-incapacitating,DISREGARD SIGNAL/REG SIGN,39.159344,-86.52712
2,6,1500.0,2-Car,No injury/unknown,DISREGARD SIGNAL/REG SIGN,39.159344,-86.525872
7,1,1900.0,2-Car,No injury/unknown,FAILURE TO YIELD RIGHT OF WAY,39.159344,-86.525872
10,4,1700.0,2-Car,No injury/unknown,FAILURE TO YIELD RIGHT OF WAY,39.159344,-86.52256
10,3,800.0,2-Car,No injury/unknown,FAILURE TO YIELD RIGHT OF WAY,39.15932022,-86.52711418
11,6,1600.0,2-Car,No injury/unknown,FAILURE TO YIELD RIGHT OF WAY,39.15931004,-86.538592
8,6,1100.0,2-Car,No injury/unknown,FAILURE TO YIELD RIGHT OF WAY,39.15928942,-86.52019435
11,1,1800.0,2-Car,No injury/unknown,FAILURE TO YIELD RIGHT OF WAY,39.15925987,-86.51637979
2,4,1000.0,2-Car,No injury/unknown,OTHER (DRIVER) - EXPLAIN IN NARRATIVE,39.15916935,-86.53873063
12,3,1800.0,2-Car,No injury/unknown,UNSAFE BACKING,39.1591318,-86.56706885
12,2,2300.0,2-Car,No injury/unknown,FOLLOWING TOO CLOSELY,39.15906934,-86.5336
10,7,1000.0,2-Car,No injury/unknown,OTHER (DRIVER) - EXPLAIN IN NARRATIVE,39.15904999,-86.55525207
4,1,2000.0,Cyclist,Non-incapacitating,FAILURE TO YIELD RIGHT OF WAY,39.15904328,-86.56723044
7,7,2100.0,1-Car,No injury/unknown,ANIMAL/OBJECT IN ROADWAY,39.15888977,-86.66209685
12,7,2200.0,1-Car,No injury/unknown,UNSAFE BACKING,39.15883943,-86.56759188
9,3,1300.0,2-Car,No injury/unknown,UNSAFE BACKING,39.15865326,-86.57491302
3,2,1000.0,2-Car,Incapacitating,FOLLOWING TOO CLOSELY,39.1584893,-86.58275552
5,4,1600.0,2-Car,Non-incapacitating,OTHER (VEHICLE) - EXPLAIN IN NARRATIVE,39.158448,-86.556992
6,6,1700.0,3+ Cars,Non-incapacitating,FOLLOWING TOO CLOSELY,39.15836229,-86.53136998
12,4,1800.0,2-Car,No injury/unknown,FAILURE TO YIELD RIGHT OF WAY,39.15835953,-86.58264923
11,2,1200.0,2-Car,No injury/unknown,FAILURE TO YIELD RIGHT OF WAY,39.15835953,-86.58264923
7,5,1300.0,1-Car,No injury/unknown,OTHER (VEHICLE) - EXPLAIN IN NARRATIVE,39.15835953,-86.58273581
1,3,600.0,2-Car,No injury/unknown,SPEED TOO FAST FOR WEATHER CONDITIONS,39.15835953,-86.58264923
9,4,600.0,2-Car,No injury/unknown,FOLLOWING TOO CLOSELY,39.15835953,-86.58264923
10,7,1600.0,2-Car,No injury/unknown,FOLLOWING TOO CLOSELY,39.15835953,-86.58264923
5,5,1000.0,2-Car,Non-incapacitating,DRIVER ILLNESS,39.15835953,-86.58256264
10,2,1500.0,2-Car,No injury/unknown,FAILURE TO YIELD RIGHT OF WAY,39.158352,-86.582752
12,4,1600.0,2-Car,No injury/unknown,FAILURE TO YIELD RIGHT OF WAY,39.158352,-86.582752
9,1,1600.0,2-Car,No injury/unknown,UNSAFE BACKING,39.15834137,-86.58275165
8,1,1800.0,3+ Cars,No injury/unknown,OTHER (DRIVER) - EXPLAIN IN NARRATIVE,39.15829763,-86.49601981
9,5,1800.0,2-Car,No injury/unknown,UNSAFE LANE MOVEMENT,39.15829504,-86.58292002
9,1,1000.0,2-Car,No injury/unknown,OTHER (DRIVER) - EXPLAIN IN NARRATIVE,39.15826008,-86.57061405
4,3,2100.0,2-Car,Non-incapacitating,FOLLOWING TOO CLOSELY,39.15816,-86.497792
5,5,1400.0,2-Car,No injury/unknown,FOLLOWING TOO CLOSELY,39.15816,-86.497792
6,4,1900.0,2-Car,No injury/unknown,FAILURE TO YIELD RIGHT OF WAY,39.15816,-86.497792
10,5,1400.0,2-Car,No injury/unknown,FOLLOWING TOO CLOSELY,39.15816,-86.497792
12,7,700.0,2-Car,No injury/unknown,SPEED TOO FAST FOR WEATHER CONDITIONS,39.158144,-86.5576
10,6,1400.0,2-Car,No injury/unknown,FAILURE TO YIELD RIGHT OF WAY,39.15805019,-86.58264406
3,4,1500.0,1-Car,No injury/unknown,ANIMAL/OBJECT IN ROADWAY,39.15802002,-86.60535987
3,4,1600.0,2-Car,No injury/unknown,IMPROPER LANE USAGE,39.158012,-86.51966965
1,7,1000.0,1-Car,No injury/unknown,ROADWAY SURFACE CONDITION,39.15788444,-86.51996622
1,4,1100.0,2-Car,No injury/unknown,OTHER (ENVIRONMENTAL) - EXPLAIN IN NARR,39.1578598,-86.57102966
1,1,1200.0,2-Car,No injury/unknown,,39.1578497,-86.52595996
4,1,1600.0,2-Car,No injury/unknown,FAILURE TO YIELD RIGHT OF WAY,39.157824,-86.5136
11,5,1500.0,2-Car,No injury/unknown,IMPROPER PASSING,39.15781014,-86.52269198
11,5,1500.0,Bus,No injury/unknown,IMPROPER TURNING,39.157792,-86.508288
4,3,1700.0,2-Car,No injury/unknown,UNSAFE BACKING,39.15779167,-86.49780376
10,3,1200.0,2-Car,No injury/unknown,UNSAFE BACKING,39.15779002,-86.51771373
6,4,1200.0,2-Car,No injury/unknown,FAILURE TO YIELD RIGHT OF WAY,39.15779002,-86.51635967
2,4,1100.0,1-Car,No injury/unknown,ANIMAL/OBJECT IN ROADWAY,39.157648,-86.540944
4,3,1900.0,2-Car,No injury/unknown,UNSAFE BACKING,39.157648,-86.540944
12,4,1200.0,2-Car,No injury/unknown,UNSAFE BACKING,39.15757343,-86.496168
10,6,1300.0,1-Car,No injury/unknown,RAN OFF ROAD RIGHT,39.157568,-86.534896
8,6,1600.0,2-Car,No injury/unknown,FOLLOWING TOO CLOSELY,39.157552,-86.480592
10,7,1100.0,2-Car,No injury/unknown,OTHER (DRIVER) - EXPLAIN IN NARRATIVE,39.15754937,-86.51252331
9,3,1500.0,2-Car,No injury/unknown,UNSAFE BACKING,39.15753253,-86.55889011
5,6,1800.0,2-Car,No injury/unknown,DRIVER DISTRACTED - EXPLAIN IN NARRATIVE,39.15744,-86.471456
6,6,900.0,Moped/Motorcycle,Non-incapacitating,DISREGARD SIGNAL/REG SIGN,39.15738031,-86.53243012
5,4,1800.0,2-Car,No injury/unknown,IMPROPER TURNING,39.15736355,-86.55924953
5,5,1200.0,2-Car,No injury/unknown,OTHER (DRIVER) - EXPLAIN IN NARRATIVE,39.157248,-86.559792
9,4,1400.0,2-Car,No injury/unknown,FAILURE TO YIELD RIGHT OF WAY,39.157248,-86.559792
5,3,1600.0,2-Car,No injury/unknown,UNSAFE BACKING,39.15724021,-86.47490344
7,4,1100.0,2-Car,No injury/unknown,FOLLOWING TOO CLOSELY,39.15710002,-86.55969658
1,4,1800.0,2-Car,Non-incapacitating,FAILURE TO YIELD RIGHT OF WAY,39.156896,-86.582704
2,6,1200.0,2-Car,No injury/unknown,DISREGARD SIGNAL/REG SIGN,39.156896,-86.582704
6,2,1600.0,2-Car,No injury/unknown,FOLLOWING TOO CLOSELY,39.156896,-86.582704
9,3,1700.0,2-Car,No injury/unknown,FOLLOWING TOO CLOSELY,39.156896,-86.582704
8,6,1500.0,1-Car,No injury/unknown,OTHER (DRIVER) - EXPLAIN IN NARRATIVE,39.156896,-86.582704
9,6,900.0,2-Car,Non-incapacitating,FOLLOWING TOO CLOSELY,39.156896,-86.582704
12,4,1500.0,2-Car,No injury/unknown,UNSAFE LANE MOVEMENT,39.156896,-86.582704
1,4,1800.0,1-Car,Non-incapacitating,FAILURE TO YIELD RIGHT OF WAY,39.156896,-86.582704
4,4,900.0,2-Car,No injury/unknown,WRONG WAY ON ONE WAY,39.15685996,-86.59123018
9,1,2300.0,2-Car,No injury/unknown,UNSAFE BACKING,39.15676542,-86.49204611
6,5,600.0,2-Car,No injury/unknown,FAILURE TO YIELD RIGHT OF WAY,39.156752,-86.540976
7,2,2100.0,1-Car,No injury/unknown,SPEED TOO FAST FOR WEATHER CONDITIONS,39.15669031,-86.57108008
1,7,2000.0,2-Car,No injury/unknown,OTHER (DRIVER) - EXPLAIN IN NARRATIVE,39.15664,-86.538592
12,7,2100.0,3+ Cars,Non-incapacitating,UNSAFE LANE MOVEMENT,39.15657029,-86.54104142
11,3,1900.0,Pedestrian,No injury/unknown,,39.156544,-86.5336
9,5,1400.0,2-Car,No injury/unknown,,39.15648982,-86.53365711
12,7,800.0,1-Car,No injury/unknown,OVERCORRECTING/OVERSTEERING,39.15645912,-86.49749972
12,1,1200.0,2-Car,No injury/unknown,FAILURE TO YIELD RIGHT OF WAY,39.15633023,-86.4943897
11,5,900.0,1-Car,No injury/unknown,UNSAFE SPEED,39.15633023,-86.4943897
2,4,800.0,1-Car,Non-incapacitating,RAN OFF ROAD RIGHT,39.15632673,-86.58369893
5,6,1000.0,2-Car,No injury/unknown,FAILURE TO YIELD RIGHT OF WAY,39.156144,-86.561296
12,3,1100.0,1-Car,No injury/unknown,RAN OFF ROAD RIGHT,39.156144,-86.522528
3,6,2300.0,1-Car,No injury/unknown,ANIMAL/OBJECT IN ROADWAY,39.155952,-86.550592
3,7,1000.0,3+ Cars,No injury/unknown,RAN OFF ROAD RIGHT,39.1558007,-86.5163999
3,2,1400.0,1-Car,No injury/unknown,RAN OFF ROAD RIGHT,39.155776,-86.538592
2,3,1700.0,1-Car,No injury/unknown,SPEED TOO FAST FOR WEATHER CONDITIONS,39.1557502,-86.54797017
5,1,1300.0,1-Car,No injury/unknown,RAN OFF ROAD RIGHT,39.1557502,-86.54797017
7,3,1400.0,2-Car,No injury/unknown,FAILURE TO YIELD RIGHT OF WAY,39.15565029,-86.54431103
4,5,1700.0,2-Car,No injury/unknown,,39.155648,-86.5336
9,4,1700.0,2-Car,No injury/unknown,DISREGARD SIGNAL/REG SIGN,39.15563316,-86.54330176
4,3,800.0,2-Car,No injury/unknown,FOLLOWING TOO CLOSELY,39.15563017,-86.54330983
10,5,1000.0,2-Car,No injury/unknown,TIRE FAILURE OR DEFECTIVE,39.15563017,-86.54330983
10,6,800.0,3+ Cars,No injury/unknown,FOLLOWING TOO CLOSELY,39.15563017,-86.54330983
11,3,700.0,Bus,No injury/unknown,IMPROPER TURNING,39.15558994,-86.53874002
3,6,1600.0,2-Car,No injury/unknown,UNSAFE BACKING,39.15556717,-86.58029937
5,4,1500.0,2-Car,No injury/unknown,DRIVER DISTRACTED - EXPLAIN IN NARRATIVE,39.15556717,-86.58029937
9,5,1700.0,2-Car,Non-incapacitating,FOLLOWING TOO CLOSELY,39.15547264,-86.56245947
11,7,700.0,1-Car,No injury/unknown,ANIMAL/OBJECT IN ROADWAY,39.15544,-86.562192
1,7,600.0,1-Car,No injury/unknown,RAN OFF ROAD RIGHT,39.15543973,-86.56249537
1,5,1700.0,2-Car,No injury/unknown,ROADWAY SURFACE CONDITION,39.15535994,-86.4944257
10,4,1400.0,2-Car,No injury/unknown,UNSAFE BACKING,39.155344,-86.503088
10,6,1800.0,2-Car,No injury/unknown,,39.155344,-86.503088
12,5,1200.0,1-Car,No injury/unknown,OTHER (DRIVER) - EXPLAIN IN NARRATIVE,39.155344,-86.503088
11,3,700.0,2-Car,No injury/unknown,,39.15534183,-86.57057382
4,3,1100.0,2-Car,No injury/unknown,FAILURE TO YIELD RIGHT OF WAY,39.15518023,-86.4977441
3,4,1400.0,2-Car,No injury/unknown,DRIVER DISTRACTED - EXPLAIN IN NARRATIVE,39.155152,-86.497888
4,4,1500.0,2-Car,No injury/unknown,FAILURE TO YIELD RIGHT OF WAY,39.155152,-86.497888
10,3,700.0,1-Car,No injury/unknown,RAN OFF ROAD RIGHT,39.155152,-86.497888
11,6,1200.0,Bus,No injury/unknown,FOLLOWING TOO CLOSELY,39.155152,-86.497888
12,4,1700.0,3+ Cars,Non-incapacitating,FOLLOWING TOO CLOSELY,39.155152,-86.497888
12,2,1600.0,2-Car,No injury/unknown,FAILURE TO YIELD RIGHT OF WAY,39.155152,-86.497888
1,4,1400.0,2-Car,No injury/unknown,UNSAFE BACKING,39.15511988,-86.60295722
4,5,900.0,2-Car,No injury/unknown,UNSAFE BACKING,39.15504679,-86.57064892
5,4,900.0,3+ Cars,No injury/unknown,FOLLOWING TOO CLOSELY,39.15494099,-86.49789042
10,2,900.0,2-Car,No injury/unknown,UNSAFE BACKING,39.15483288,-86.58920913
3,6,1700.0,2-Car,No injury/unknown,OTHER (DRIVER) - EXPLAIN IN NARRATIVE,39.154784,-86.588832
10,4,2000.0,2-Car,No injury/unknown,FOLLOWING TOO CLOSELY,39.15460275,-86.49787712
2,5,1600.0,3+ Cars,No injury/unknown,FOLLOWING TOO CLOSELY,39.15458656,-86.40717739
7,4,1400.0,2-Car,Non-incapacitating,FAILURE TO YIELD RIGHT OF WAY,39.15453985,-86.48059979
7,2,1800.0,1-Car,No injury/unknown,DRIVER DISTRACTED - EXPLAIN IN NARRATIVE,39.15453985,-86.48016738
1,1,700.0,1-Car,No injury/unknown,SPEED TOO FAST FOR WEATHER CONDITIONS,39.154448,-86.591696
4,3,2000.0,Pedestrian,Non-incapacitating,RAN OFF ROAD RIGHT,39.154448,-86.591696
9,6,1600.0,2-Car,No injury/unknown,FOLLOWING TOO CLOSELY,39.154448,-86.591696
9,6,1300.0,2-Car,No injury/unknown,UNSAFE BACKING,39.15442787,-86.49078615
1,6,1600.0,2-Car,Non-incapacitating,FAILURE TO YIELD RIGHT OF WAY,39.154352,-86.5336