Month,Day,Hour,Collision Type,Injury Type,Primary Factor,Latitude,Longitude
4,5,1700.0,2-Car,No injury/unknown,FAILURE TO YIELD RIGHT OF WAY,39.154352,-86.5336
5,4,1500.0,2-Car,No injury/unknown,UNSAFE LANE MOVEMENT,39.154352,-86.5336
7,4,1700.0,2-Car,No injury/unknown,FOLLOWING TOO CLOSELY,39.154352,-86.5336
3,3,1700.0,2-Car,No injury/unknown,FAILURE TO YIELD RIGHT OF WAY,39.154352,-86.5324
2,4,700.0,2-Car,Fatal,LEFT OF CENTER,39.15433121,-86.40343677
4,6,1300.0,2-Car,No injury/unknown,OTHER (DRIVER) - EXPLAIN IN NARRATIVE,39.15430272,-86.49787118
9,7,1200.0,2-Car,No injury/unknown,UNSAFE BACKING,39.15427029,-86.49764657
8,6,1500.0,2-Car,No injury/unknown,IMPROPER TURNING,39.15427029,-86.49764657
3,3,2200.0,2-Car,Incapacitating,LEFT OF CENTER,39.15424012,-86.56434975
3,2,700.0,1-Car,Incapacitating,SPEED TOO FAST FOR WEATHER CONDITIONS,39.15424012,-86.56432378
1,5,700.0,2-Car,No injury/unknown,FOLLOWING TOO CLOSELY,39.15422924,-86.56425457
4,5,2200.0,2-Car,No injury/unknown,OTHER (DRIVER) - EXPLAIN IN NARRATIVE,39.15412578,-86.49786768
10,3,1800.0,2-Car,No injury/unknown,IMPROPER TURNING,39.15412578,-86.49786768
10,7,1500.0,2-Car,No injury/unknown,OTHER (DRIVER) - EXPLAIN IN NARRATIVE,39.15412578,-86.49786768
11,2,1500.0,2-Car,No injury/unknown,UNSAFE BACKING,39.15412578,-86.49786768
1,7,1700.0,2-Car,No injury/unknown,SPEED TOO FAST FOR WEATHER CONDITIONS,39.15411003,-86.52264006
8,6,1000.0,2-Car,No injury/unknown,UNSAFE BACKING,39.15394373,-86.56493045
4,2,1600.0,2-Car,No injury/unknown,UNSAFE BACKING,39.153936,-86.538592
1,5,1000.0,1-Car,No injury/unknown,SPEED TOO FAST FOR WEATHER CONDITIONS,39.15390039,-86.40687956
8,7,100.0,1-Car,No injury/unknown,OTHER (DRIVER) - EXPLAIN IN NARRATIVE,39.15385199,-86.536304
11,2,800.0,2-Car,Non-incapacitating,FOLLOWING TOO CLOSELY,39.15382974,-86.5411206
3,1,1600.0,2-Car,Non-incapacitating,FOLLOWING TOO CLOSELY,39.15382974,-86.5410903
3,2,1300.0,2-Car,No injury/unknown,FOLLOWING TOO CLOSELY,39.15379296,-86.53875218
2,1,900.0,2-Car,No injury/unknown,DISREGARD SIGNAL/REG SIGN,39.15379018,-86.53875008
12,4,1800.0,2-Car,No injury/unknown,FOLLOWING TOO CLOSELY,39.15379018,-86.53875008
1,6,1700.0,2-Car,Non-incapacitating,FOLLOWING TOO CLOSELY,39.15379018,-86.53875008
7,3,1700.0,2-Car,Non-incapacitating,FAILURE TO YIELD RIGHT OF WAY,39.15379018,-86.53875008
8,4,800.0,2-Car,No injury/unknown,UNSAFE LANE MOVEMENT,39.15379018,-86.53875008
10,4,1800.0,2-Car,No injury/unknown,DISREGARD SIGNAL/REG SIGN,39.15379018,-86.53875008
10,6,1700.0,Moped/Motorcycle,Non-incapacitating,OTHER (VEHICLE) - EXPLAIN IN NARRATIVE,39.15377468,-86.56501979
8,2,700.0,2-Car,No injury/unknown,FAILURE TO YIELD RIGHT OF WAY,39.15366572,-86.49827018
1,5,600.0,2-Car,Non-incapacitating,SPEED TOO FAST FOR WEATHER CONDITIONS,39.15365982,-86.57530975
4,7,1100.0,2-Car,No injury/unknown,UNSAFE BACKING,39.15365396,-86.49785834
6,1,1500.0,Moped/Motorcycle,Non-incapacitating,FOLLOWING TOO CLOSELY,39.15360838,-86.39414368
3,7,1200.0,2-Car,No injury/unknown,UNSAFE BACKING,39.153536,-86.497856
2,3,1600.0,2-Car,No injury/unknown,FAILURE TO YIELD RIGHT OF WAY,39.153504,-86.58272
11,2,1700.0,2-Car,No injury/unknown,IMPROPER PASSING,39.15344974,-86.58271791
9,2,2200.0,1-Car,No injury/unknown,ANIMAL/OBJECT IN ROADWAY,39.1534483,-86.39383017
8,1,1300.0,2-Car,No injury/unknown,FOLLOWING TOO CLOSELY,39.15344,-86.53395276
1,2,100.0,1-Car,No injury/unknown,RAN OFF ROAD RIGHT,39.15344,-86.536304
3,4,1500.0,2-Car,No injury/unknown,,39.15344,-86.53511837
1,6,1300.0,2-Car,No injury/unknown,FOLLOWING TOO CLOSELY,39.15344,-86.5336
1,6,1400.0,2-Car,No injury/unknown,FOLLOWING TOO CLOSELY,39.15344,-86.5336
2,5,1700.0,3+ Cars,Non-incapacitating,FOLLOWING TOO CLOSELY,39.15344,-86.5336
3,2,600.0,2-Car,No injury/unknown,FAILURE TO YIELD RIGHT OF WAY,39.15344,-86.5336
3,5,1400.0,2-Car,No injury/unknown,UNSAFE LANE MOVEMENT,39.15344,-86.5336
3,7,700.0,2-Car,Non-incapacitating,DISREGARD SIGNAL/REG SIGN,39.15344,-86.5336
4,4,700.0,2-Car,No injury/unknown,FAILURE TO YIELD RIGHT OF WAY,39.15344,-86.5336
5,3,2000.0,Moped/Motorcycle,Incapacitating,FAILURE TO YIELD RIGHT OF WAY,39.15344,-86.5336
5,7,1500.0,2-Car,No injury/unknown,IMPROPER TURNING,39.15344,-86.5336
6,6,800.0,Cyclist,Non-incapacitating,FAILURE TO YIELD RIGHT OF WAY,39.15344,-86.5336
7,2,1700.0,3+ Cars,Non-incapacitating,FAILURE TO YIELD RIGHT OF WAY,39.15344,-86.5336
7,7,1500.0,2-Car,No injury/unknown,FOLLOWING TOO CLOSELY,39.15344,-86.5336
10,6,1200.0,2-Car,No injury/unknown,FAILURE TO YIELD RIGHT OF WAY,39.15344,-86.5336
8,4,1500.0,2-Car,No injury/unknown,DISREGARD SIGNAL/REG SIGN,39.15344,-86.5324
12,2,2000.0,2-Car,No injury/unknown,IMPROPER TURNING,39.15344,-86.5324
10,7,0.0,2-Car,No injury/unknown,,39.15342204,-86.491279
1,3,900.0,2-Car,No injury/unknown,FAILURE TO YIELD RIGHT OF WAY,39.153392,-86.527008
2,6,400.0,2-Car,No injury/unknown,UNSAFE LANE MOVEMENT,39.15336,-86.5236
6,5,2300.0,2-Car,No injury/unknown,IMPROPER LANE USAGE,39.15335029,-86.53371021
7,4,900.0,2-Car,No injury/unknown,FOLLOWING TOO CLOSELY,39.15335029,-86.53371021
8,3,1700.0,2-Car,No injury/unknown,IMPROPER TURNING,39.153344,-86.522512
9,2,800.0,2-Car,No injury/unknown,FAILURE TO YIELD RIGHT OF WAY,39.153344,-86.522512
6,3,1100.0,2-Car,No injury/unknown,DRIVER DISTRACTED - EXPLAIN IN NARRATIVE,39.15334024,-86.5324898
8,4,1600.0,2-Car,No injury/unknown,OTHER (DRIVER) - EXPLAIN IN NARRATIVE,39.15331744,-86.53535507
6,6,1900.0,2-Car,Non-incapacitating,FOLLOWING TOO CLOSELY,39.15331167,-86.49999015
2,6,1600.0,Bus,No injury/unknown,ROADWAY SURFACE CONDITION,39.1533,-86.52696982
5,4,1300.0,2-Car,No injury/unknown,IMPROPER LANE USAGE,39.15316534,-86.5336
8,7,0.0,2-Car,No injury/unknown,UNSAFE BACKING,39.15300764,-86.48527219
11,4,700.0,2-Car,No injury/unknown,FAILURE TO YIELD RIGHT OF WAY,39.15296173,-86.54312897
6,2,1400.0,2-Car,No injury/unknown,OTHER (VEHICLE) - EXPLAIN IN NARRATIVE,39.15289614,-86.49788584
4,2,2200.0,1-Car,No injury/unknown,RAN OFF ROAD RIGHT,39.15283437,-86.64413512
9,4,1500.0,2-Car,Non-incapacitating,OTHER (DRIVER) - EXPLAIN IN NARRATIVE,39.15270883,-86.573301
9,6,1200.0,2-Car,No injury/unknown,IMPROPER LANE USAGE,39.152634,-86.492729
12,7,1600.0,2-Car,No injury/unknown,UNSAFE SPEED,39.15263367,-86.49272919
11,6,900.0,2-Car,No injury/unknown,,39.15263367,-86.49272919
3,6,1500.0,Moped/Motorcycle,Non-incapacitating,UNSAFE SPEED,39.15263367,-86.49272918
4,5,1800.0,2-Car,No injury/unknown,UNSAFE BACKING,39.15263367,-86.49272918
2,5,1700.0,2-Car,No injury/unknown,FAILURE TO YIELD RIGHT OF WAY,39.152544,-86.528
9,3,1500.0,2-Car,No injury/unknown,UNSAFE BACKING,39.15246986,-86.49054588
6,4,1600.0,2-Car,No injury/unknown,UNSAFE BACKING,39.15245511,-86.57238028
2,6,1400.0,2-Car,No injury/unknown,FAILURE TO YIELD RIGHT OF WAY,39.1524,-86.582704
10,6,1300.0,2-Car,No injury/unknown,UNSAFE BACKING,39.1524,-86.582704
9,6,1200.0,2-Car,No injury/unknown,UNSAFE BACKING,39.1524,-86.582704
9,2,1400.0,2-Car,Non-incapacitating,FAILURE TO YIELD RIGHT OF WAY,39.15224,-86.5336
11,1,300.0,2-Car,No injury/unknown,ANIMAL/OBJECT IN ROADWAY,39.15215001,-86.51912972
8,3,1700.0,3+ Cars,No injury/unknown,FOLLOWING TOO CLOSELY,39.15209485,-86.49792321
3,7,1900.0,1-Car,No injury/unknown,RAN OFF ROAD RIGHT,39.151952,-86.526976
9,4,1000.0,2-Car,No injury/unknown,UNSAFE BACKING,39.151952,-86.525888
11,4,1300.0,2-Car,No injury/unknown,FOLLOWING TOO CLOSELY,39.15182009,-86.5269497
1,3,1600.0,1-Car,No injury/unknown,RAN OFF ROAD RIGHT,39.15180825,-86.53880976
11,2,1800.0,1-Car,Non-incapacitating,RAN OFF ROAD RIGHT,39.151744,-86.538592
1,5,700.0,2-Car,No injury/unknown,LEFT OF CENTER,39.151648,-86.5336
1,6,1400.0,2-Car,No injury/unknown,FOLLOWING TOO CLOSELY,39.151648,-86.5336
2,6,1600.0,Bus,No injury/unknown,IMPROPER PASSING,39.15163301,-86.52554757
3,4,1700.0,1-Car,No injury/unknown,,39.151552,-86.523664
11,5,1200.0,2-Car,No injury/unknown,FAILURE TO YIELD RIGHT OF WAY,39.151552,-86.389584
11,6,1400.0,2-Car,No injury/unknown,UNSAFE LANE MOVEMENT,39.15153122,-86.572258
5,1,1900.0,1-Car,No injury/unknown,ANIMAL/OBJECT IN ROADWAY,39.15136797,-86.508288
3,6,1700.0,1-Car,No injury/unknown,OTHER (DRIVER) - EXPLAIN IN NARRATIVE,39.15135684,-86.59828575
6,5,100.0,1-Car,Non-incapacitating,RAN OFF ROAD RIGHT,39.15132801,-86.48037984
7,5,1500.0,2-Car,No injury/unknown,FAILURE TO YIELD RIGHT OF WAY,39.15127024,-86.58262029
4,1,1700.0,2-Car,No injury/unknown,UNSAFE BACKING,39.151248,-86.582704
6,3,2100.0,3+ Cars,No injury/unknown,DRIVER ILLNESS,39.151184,-86.496292
11,2,700.0,1-Car,No injury/unknown,RAN OFF ROAD RIGHT,39.15113278,-86.58256263
8,4,1200.0,2-Car,No injury/unknown,UNSAFE BACKING,39.15075526,-86.48635312
1,7,2100.0,2-Car,No injury/unknown,SPEED TOO FAST FOR WEATHER CONDITIONS,39.15072,-86.522496
1,4,1400.0,2-Car,Non-incapacitating,DISREGARD SIGNAL/REG SIGN,39.15072,-86.522496
7,3,900.0,2-Car,No injury/unknown,FAILURE TO YIELD RIGHT OF WAY,39.15070027,-86.57144017
6,2,1800.0,3+ Cars,Non-incapacitating,FOLLOWING TOO CLOSELY,39.15067858,-86.52590322
4,5,1300.0,2-Car,No injury/unknown,FOLLOWING TOO CLOSELY,39.150656,-86.5188
2,7,1500.0,2-Car,Non-incapacitating,FOLLOWING TOO CLOSELY,39.15064,-86.538592
5,6,1100.0,1-Car,Non-incapacitating,RAN OFF ROAD RIGHT,39.15064,-86.538592
3,3,700.0,Bus,No injury/unknown,DISREGARD SIGNAL/REG SIGN,39.15064,-86.52696
5,3,1700.0,2-Car,No injury/unknown,FOLLOWING TOO CLOSELY,39.15064,-86.52696
5,3,1100.0,2-Car,No injury/unknown,UNSAFE BACKING,39.15064,-86.52696
9,7,1300.0,2-Car,No injury/unknown,FAILURE TO YIELD RIGHT OF WAY,39.15064,-86.52696
3,4,800.0,2-Car,Non-incapacitating,FOLLOWING TOO CLOSELY,39.15063737,-86.52713634
2,3,1800.0,2-Car,No injury/unknown,FAILURE TO YIELD RIGHT OF WAY,39.150608,-86.529104
6,4,1200.0,2-Car,No injury/unknown,UNSAFE BACKING,39.150608,-86.529104
8,7,1500.0,1-Car,No injury/unknown,UNSAFE LANE MOVEMENT,39.150576,-86.515088
11,6,800.0,2-Car,No injury/unknown,FAILURE TO YIELD RIGHT OF WAY,39.15056013,-86.52691014
8,7,1100.0,2-Car,No injury/unknown,SPEED TOO FAST FOR WEATHER CONDITIONS,39.15056013,-86.52691446
4,7,1400.0,2-Car,Non-incapacitating,FOLLOWING TOO CLOSELY,39.15056013,-86.52691014
1,3,800.0,3+ Cars,No injury/unknown,FAILURE TO YIELD RIGHT OF WAY,39.15055007,-86.51695981
10,4,1900.0,1-Car,No injury/unknown,ANIMAL/OBJECT IN ROADWAY,39.15054508,-86.51365021
6,4,700.0,2-Car,No injury/unknown,FOLLOWING TOO CLOSELY,39.150544,-86.5336
9,4,1500.0,2-Car,No injury/unknown,FAILURE TO YIELD RIGHT OF WAY,39.150544,-86.5336
9,4,2000.0,Pedestrian,Non-incapacitating,DISREGARD SIGNAL/REG SIGN,39.150544,-86.5336
9,2,1700.0,2-Car,No injury/unknown,UNSAFE LANE MOVEMENT,39.150544,-86.5336
11,5,1300.0,2-Car,Non-incapacitating,FOLLOWING TOO CLOSELY,39.150544,-86.5336
12,5,1100.0,2-Car,No injury/unknown,FAILURE TO YIELD RIGHT OF WAY,39.150544,-86.5336
1,1,1100.0,2-Car,No injury/unknown,UNSAFE BACKING,39.150544,-86.512592
1,3,900.0,3+ Cars,No injury/unknown,FAILURE TO YIELD RIGHT OF WAY,39.150544,-86.512592
11,3,1800.0,3+ Cars,No injury/unknown,FOLLOWING TOO CLOSELY,39.150544,-86.512592
9,3,1900.0,Moped/Motorcycle,Non-incapacitating,ANIMAL/OBJECT IN ROADWAY,39.150544,-86.5096
11,6,1500.0,3+ Cars,No injury/unknown,FOLLOWING TOO CLOSELY,39.150544,-86.502992
4,2,800.0,3+ Cars,No injury/unknown,FAILURE TO YIELD RIGHT OF WAY,39.15053895,-86.52588074
12,1,1000.0,2-Car,No injury/unknown,FOLLOWING TOO CLOSELY,39.15051989,-86.53366998
5,5,2100.0,2-Car,No injury/unknown,FOLLOWING TOO CLOSELY,39.15048033,-86.49825006
4,2,800.0,3+ Cars,No injury/unknown,FOLLOWING TOO CLOSELY,39.15046593,-86.49990511
1,3,1100.0,2-Car,No injury/unknown,FAILURE TO YIELD RIGHT OF WAY,39.150448,-86.4992
4,4,1300.0,2-Car,No injury/unknown,FAILURE TO YIELD RIGHT OF WAY,39.150448,-86.4992
2,5,1200.0,2-Car,No injury/unknown,FAILURE TO YIELD RIGHT OF WAY,39.150448,-86.498
5,6,1300.0,2-Car,No injury/unknown,FAILURE TO YIELD RIGHT OF WAY,39.150448,-86.498
6,1,2000.0,2-Car,Non-incapacitating,FAILURE TO YIELD RIGHT OF WAY,39.150448,-86.498
7,1,1500.0,2-Car,No injury/unknown,,39.150448,-86.498
12,6,1400.0,2-Car,No injury/unknown,DISREGARD SIGNAL/REG SIGN,39.150448,-86.498
7,4,1300.0,2-Car,No injury/unknown,UNSAFE BACKING,39.15036073,-86.49516655
10,7,1200.0,2-Car,No injury/unknown,FAILURE TO YIELD RIGHT OF WAY,39.150352,-86.471296
11,7,1300.0,2-Car,No injury/unknown,DRIVER DISTRACTED - EXPLAIN IN NARRATIVE,39.150352,-86.471296
4,4,1700.0,2-Car,No injury/unknown,FOLLOWING TOO CLOSELY,39.15035024,-86.47138975
4,1,1500.0,Moped/Motorcycle,Non-incapacitating,FOLLOWING TOO CLOSELY,39.15035024,-86.47138975
9,2,600.0,2-Car,No injury/unknown,IMPROPER TURNING,39.150345,-86.47138241
10,6,2200.0,1-Car,No injury/unknown,RAN OFF ROAD RIGHT,39.15022016,-86.48725971
12,3,1800.0,3+ Cars,No injury/unknown,FOLLOWING TOO CLOSELY,39.15018998,-86.4849899
7,2,700.0,1-Car,No injury/unknown,DRIVER DISTRACTED - EXPLAIN IN NARRATIVE,39.15018998,-86.48498989
4,7,700.0,1-Car,No injury/unknown,ANIMAL/OBJECT IN ROADWAY,39.15000943,-86.68229675
4,7,0.0,1-Car,No injury/unknown,ANIMAL/OBJECT IN ROADWAY,39.14994007,-86.47128727
4,7,1100.0,2-Car,No injury/unknown,FOLLOWING TOO CLOSELY,39.14984,-86.533392
6,2,1600.0,2-Car,Non-incapacitating,FOLLOWING TOO CLOSELY,39.14984,-86.533392
6,6,0.0,3+ Cars,No injury/unknown,FOLLOWING TOO CLOSELY,39.14984,-86.533392
1,4,2100.0,2-Car,No injury/unknown,OTHER (ENVIRONMENTAL) - EXPLAIN IN NARR,39.14984,-86.526944
12,2,1400.0,1-Car,No injury/unknown,SPEED TOO FAST FOR WEATHER CONDITIONS,39.14978027,-86.56889007
5,5,1900.0,2-Car,No injury/unknown,FAILURE TO YIELD RIGHT OF WAY,39.14978027,-86.56889006
6,3,2300.0,1-Car,No injury/unknown,DRIVER DISTRACTED - EXPLAIN IN NARRATIVE,39.14978027,-86.56889006
8,1,1800.0,2-Car,No injury/unknown,DISREGARD SIGNAL/REG SIGN,39.14978027,-86.56889006
8,5,1600.0,1-Car,Non-incapacitating,OVERCORRECTING/OVERSTEERING,39.14978027,-86.56889006
5,4,1300.0,2-Car,No injury/unknown,FOLLOWING TOO CLOSELY,39.14978027,-86.56887275
3,7,700.0,2-Car,No injury/unknown,FAILURE TO YIELD RIGHT OF WAY,39.14977022,-86.53350032
2,5,1700.0,3+ Cars,No injury/unknown,FOLLOWING TOO CLOSELY,39.14976538,-86.5688821
6,4,1100.0,2-Car,No injury/unknown,OTHER (DRIVER) - EXPLAIN IN NARRATIVE,39.14968,-86.57104
2,2,1100.0,2-Car,No injury/unknown,FOLLOWING TOO CLOSELY,39.149552,-86.575936
2,6,1500.0,2-Car,No injury/unknown,FOLLOWING TOO CLOSELY,39.149552,-86.575936
3,4,1000.0,2-Car,Non-incapacitating,FOLLOWING TOO CLOSELY,39.149552,-86.575936
6,4,2000.0,2-Car,No injury/unknown,FOLLOWING TOO CLOSELY,39.149552,-86.575936
8,6,1300.0,2-Car,No injury/unknown,FOLLOWING TOO CLOSELY,39.149552,-86.575936
8,4,1700.0,2-Car,No injury/unknown,FOLLOWING TOO CLOSELY,39.149552,-86.575936
12,3,1500.0,3+ Cars,No injury/unknown,FOLLOWING TOO CLOSELY,39.149552,-86.575936
10,4,1900.0,1-Car,No injury/unknown,ANIMAL/OBJECT IN ROADWAY,39.14952815,-86.47127855
5,7,1300.0,2-Car,No injury/unknown,DRIVER DISTRACTED - EXPLAIN IN NARRATIVE,39.14945975,-86.51880262
9,4,1800.0,1-Car,Non-incapacitating,OTHER (DRIVER) - EXPLAIN IN NARRATIVE,39.149456,-86.57024
7,7,500.0,2-Car,No injury/unknown,,39.149456,-86.520864
11,2,1900.0,2-Car,No injury/unknown,IMPROPER LANE USAGE,39.1492901,-86.64307997
3,6,1400.0,3+ Cars,No injury/unknown,FOLLOWING TOO CLOSELY,39.14927792,-86.57591316
5,4,1600.0,2-Car,Non-incapacitating,FOLLOWING TOO CLOSELY,39.14924247,-86.57301551
11,5,500.0,Pedestrian,Fatal,PEDESTRIAN ACTION,39.149152,-86.582704
2,5,800.0,2-Car,No injury/unknown,IMPROPER LANE USAGE,39.14897328,-86.53277209
9,4,1200.0,2-Car,No injury/unknown,,39.148949,-86.537292
11,5,800.0,2-Car,No injury/unknown,IMPROPER TURNING,39.14884283,-86.49986742
5,5,800.0,2-Car,No injury/unknown,FOLLOWING TOO CLOSELY,39.14881134,-86.57055664
10,6,1200.0,2-Car,Non-incapacitating,FOLLOWING TOO CLOSELY,39.14872891,-86.57591446
4,5,1800.0,2-Car,No injury/unknown,FOLLOWING TOO CLOSELY,39.148544,-86.526912
6,5,900.0,2-Car,Non-incapacitating,FOLLOWING TOO CLOSELY,39.148448,-86.573
7,6,1800.0,2-Car,No injury/unknown,UNSAFE BACKING,39.14841436,-86.58079437
12,2,1900.0,2-Car,No injury/unknown,OTHER (DRIVER) - EXPLAIN IN NARRATIVE,39.1483886,-86.52008995
10,2,1500.0,2-Car,Non-incapacitating,FAILURE TO YIELD RIGHT OF WAY,39.148336,-86.515024
12,6,1500.0,2-Car,No injury/unknown,,39.14818955,-86.52852631
1,7,1700.0,2-Car,Non-incapacitating,OTHER (DRIVER) - EXPLAIN IN NARRATIVE,39.148144,-86.572992
1,2,1400.0,2-Car,No injury/unknown,FAILURE TO YIELD RIGHT OF WAY,39.148144,-86.572992
2,7,1400.0,2-Car,Non-incapacitating,DISREGARD SIGNAL/REG SIGN,39.148144,-86.572992
3,6,1200.0,2-Car,No injury/unknown,FOLLOWING TOO CLOSELY,39.148144,-86.572992
3,1,1700.0,2-Car,No injury/unknown,FOLLOWING TOO CLOSELY,39.148144,-86.572992
6,1,1400.0,2-Car,No injury/unknown,FOLLOWING TOO CLOSELY,39.148144,-86.572992
6,7,800.0,2-Car,Non-incapacitating,FOLLOWING TOO CLOSELY,39.148144,-86.572992
8,3,700.0,2-Car,No injury/unknown,FOLLOWING TOO CLOSELY,39.148144,-86.572992
9,4,700.0,2-Car,Non-incapacitating,OTHER (DRIVER) - EXPLAIN IN NARRATIVE,39.148144,-86.572992
10,5,800.0,2-Car,No injury/unknown,UNSAFE SPEED,39.148144,-86.572992
10,6,1300.0,2-Car,No injury/unknown,FOLLOWING TOO CLOSELY,39.148144,-86.572992
10,6,1700.0,2-Car,No injury/unknown,UNSAFE BACKING,39.148144,-86.572992
12,4,1200.0,2-Car,No injury/unknown,FOLLOWING TOO CLOSELY,39.148144,-86.572992
11,1,1100.0,2-Car,No injury/unknown,DRIVER DISTRACTED - EXPLAIN IN NARRATIVE,39.148144,-86.572992
12,3,1200.0,2-Car,No injury/unknown,FOLLOWING TOO CLOSELY,39.148144,-86.572992
12,4,1100.0,2-Car,No injury/unknown,IMPROPER PASSING,39.148144,-86.572992
12,2,1800.0,2-Car,No injury/unknown,FAILURE TO YIELD RIGHT OF WAY,39.148144,-86.572992
11,6,1600.0,2-Car,No injury/unknown,DRIVER DISTRACTED - EXPLAIN IN NARRATIVE,39.148128,-86.58264
11,7,900.0,2-Car,Non-incapacitating,FOLLOWING TOO CLOSELY,39.1481178,-86.57537699
8,3,100.0,2-Car,No injury/unknown,OTHER (DRIVER) - EXPLAIN IN NARRATIVE,39.1479899,-86.50077724
9,2,1600.0,2-Car,No injury/unknown,FOLLOWING TOO CLOSELY,39.14798817,-86.58263417
7,4,1700.0,2-Car,Non-incapacitating,FOLLOWING TOO CLOSELY,39.14771374,-86.58262082
1,5,1700.0,3+ Cars,Non-incapacitating,DISREGARD SIGNAL/REG SIGN,39.14765186,-86.57290936
12,6,1800.0,2-Car,No injury/unknown,UNSAFE BACKING,39.14744568,-86.58229065
10,6,1900.0,3+ Cars,No injury/unknown,SPEED TOO FAST FOR WEATHER CONDITIONS,39.14744,-86.582592
12,7,700.0,1-Car,No injury/unknown,ROADWAY SURFACE CONDITION,39.14744,-86.582592
11,4,1400.0,2-Car,Incapacitating,FAILURE TO YIELD RIGHT OF WAY,39.14744,-86.582592
12,2,1300.0,2-Car,No injury/unknown,,39.14744,-86.582592
3,2,1400.0,2-Car,No injury/unknown,UNSAFE LANE MOVEMENT,39.14721203,-86.53262102
12,5,1000.0,1-Car,Non-incapacitating,DRIVER ILLNESS,39.14719999,-86.58259012
10,4,1100.0,2-Car,Non-incapacitating,FAILURE TO YIELD RIGHT OF WAY,39.14719999,-86.58259011
8,6,600.0,2-Car,Non-incapacitating,FOLLOWING TOO CLOSELY,39.147152,-86.526896
9,4,800.0,Cyclist,Non-incapacitating,FAILURE TO YIELD RIGHT OF WAY,39.147152,-86.526896
12,5,1000.0,2-Car,No injury/unknown,UNSAFE BACKING,39.147152,-86.526896
8,5,1500.0,Bus,No injury/unknown,UNSAFE BACKING,39.147072,-86.498944
5,4,700.0,Pedestrian,Non-incapacitating,FAILURE TO YIELD RIGHT OF WAY,39.146944,-86.532544
7,5,1300.0,2-Car,Non-incapacitating,FOLLOWING TOO CLOSELY,39.146944,-86.532544
9,2,1100.0,2-Car,No injury/unknown,OTHER (DRIVER) - EXPLAIN IN NARRATIVE,39.146944,-86.532544
11,2,1400.0,2-Car,Non-incapacitating,FOLLOWING TOO CLOSELY,39.146944,-86.532544
11,5,900.0,2-Car,Non-incapacitating,FOLLOWING TOO CLOSELY,39.14690302,-86.57434702
12,6,1700.0,2-Car,No injury/unknown,DISREGARD SIGNAL/REG SIGN,39.14689019,-86.53265007
6,2,1500.0,2-Car,No injury/unknown,FOLLOWING TOO CLOSELY,39.14689019,-86.53265006
6,5,1300.0,1-Car,No injury/unknown,RAN OFF ROAD RIGHT,39.14685699,-86.52082517
8,2,900.0,2-Car,No injury/unknown,FOLLOWING TOO CLOSELY,39.14682803,-86.57464095
10,4,1100.0,2-Car,No injury/unknown,UNSAFE BACKING,39.14679229,-86.57004811
8,6,1800.0,2-Car,No injury/unknown,FOLLOWING TOO CLOSELY,39.14676685,-86.57458776
8,5,1700.0,2-Car,No injury/unknown,FAILURE TO YIELD RIGHT OF WAY,39.14676011,-86.57118305
2,4,1600.0,2-Car,No injury/unknown,FAILURE TO YIELD RIGHT OF WAY,39.1466099,-86.48042008
8,1,800.0,2-Car,No injury/unknown,,39.14656647,-86.50409996
12,2,1600.0,2-Car,No injury/unknown,UNSAFE BACKING,39.146544,-86.50824
10,2,1900.0,2-Car,No injury/unknown,FAILURE TO YIELD RIGHT OF WAY,39.14654277,-86.53242392
3,1,100.0,1-Car,No injury/unknown,RAN OFF ROAD RIGHT,39.14646727,-86.55060008
3,2,1600.0,2-Car,No injury/unknown,UNSAFE BACKING,39.146448,-86.5388
4,1,500.0,1-Car,Non-incapacitating,UNSAFE SPEED,39.1464386,-86.57504272
4,7,900.0,2-Car,No injury/unknown,FAILURE TO YIELD RIGHT OF WAY,39.1464386,-86.57504272
11,4,0.0,2-Car,No injury/unknown,UNSAFE BACKING,39.14604962,-86.62067011
3,7,1000.0,2-Car,No injury/unknown,FOLLOWING TOO CLOSELY,39.14601566,-86.53352355
11,1,1400.0,2-Car,No injury/unknown,VIEW OBSTRUCTED,39.14596978,-86.53225244
11,6,1200.0,2-Car,No injury/unknown,OTHER (DRIVER) - EXPLAIN IN NARRATIVE,39.14588052,-86.57631781
8,5,1600.0,3+ Cars,No injury/unknown,FOLLOWING TOO CLOSELY,39.145856,-86.582592
11,2,1400.0,Pedestrian,Non-incapacitating,FAILURE TO YIELD RIGHT OF WAY,39.14583588,-86.53125
8,2,1000.0,2-Car,No injury/unknown,UNSAFE BACKING,39.14578848,-86.57807864
9,2,700.0,2-Car,No injury/unknown,UNSAFE BACKING,39.14572622,-86.53217956
9,2,1200.0,2-Car,No injury/unknown,FOLLOWING TOO CLOSELY,39.14571863,-86.57660274
10,7,1100.0,2-Car,No injury/unknown,FAILURE TO YIELD RIGHT OF WAY,39.14566663,-86.56205981
5,6,1600.0,2-Car,No injury/unknown,FAILURE TO YIELD RIGHT OF WAY,39.14555447,-86.53212815
4,4,1500.0,3+ Cars,No injury/unknown,DRIVER DISTRACTED - EXPLAIN IN NARRATIVE,39.14544401,-86.582592
9,2,1400.0,1-Car,No injury/unknown,UNSAFE LANE MOVEMENT,39.14539955,-86.57298561