Month,Day,Hour,Collision Type,Injury Type,Primary Factor,Latitude,Longitude
8,1,1400.0,2-Car,No injury/unknown,OTHER (DRIVER) - EXPLAIN IN NARRATIVE,39.14529495,-86.52238994
11,5,300.0,1-Car,No injury/unknown,RAN OFF ROAD RIGHT,39.14529026,-86.49606004
1,6,1300.0,2-Car,No injury/unknown,SPEED TOO FAST FOR WEATHER CONDITIONS,39.145264,-86.577616
2,7,1500.0,2-Car,No injury/unknown,FAILURE TO YIELD RIGHT OF WAY,39.145264,-86.577616
3,7,1900.0,2-Car,No injury/unknown,UNSAFE BACKING,39.145264,-86.577616
5,4,1200.0,3+ Cars,No injury/unknown,FAILURE TO YIELD RIGHT OF WAY,39.145264,-86.577616
7,2,1600.0,2-Car,No injury/unknown,UNSAFE BACKING,39.145264,-86.577616
8,2,1100.0,2-Car,No injury/unknown,FAILURE TO YIELD RIGHT OF WAY,39.145264,-86.577616
8,5,1000.0,2-Car,No injury/unknown,FAILURE TO YIELD RIGHT OF WAY,39.145264,-86.577616
9,6,1900.0,2-Car,No injury/unknown,IMPROPER TURNING,39.145264,-86.577616
11,4,2200.0,2-Car,Non-incapacitating,UNSAFE SPEED,39.145264,-86.577616
1,2,1900.0,2-Car,No injury/unknown,UNSAFE BACKING,39.1452449,-86.58092983
2,3,1200.0,2-Car,No injury/unknown,DRIVER DISTRACTED - EXPLAIN IN NARRATIVE,39.145152,-86.5776
5,3,1000.0,Moped/Motorcycle,Incapacitating,FAILURE TO YIELD RIGHT OF WAY,39.145152,-86.5776
5,6,1500.0,2-Car,No injury/unknown,FAILURE TO YIELD RIGHT OF WAY,39.145152,-86.5776
6,1,1900.0,Cyclist,Non-incapacitating,IMPROPER TURNING,39.145152,-86.5776
7,6,1300.0,3+ Cars,Non-incapacitating,FAILURE TO YIELD RIGHT OF WAY,39.145152,-86.5776
10,6,1700.0,2-Car,Incapacitating,FOLLOWING TOO CLOSELY,39.145152,-86.5776
12,2,1600.0,2-Car,No injury/unknown,FOLLOWING TOO CLOSELY,39.145152,-86.5776
6,3,1600.0,3+ Cars,No injury/unknown,FOLLOWING TOO CLOSELY,39.14507343,-86.57774464
12,2,1800.0,3+ Cars,No injury/unknown,SPEED TOO FAST FOR WEATHER CONDITIONS,39.14507343,-86.57774464
6,2,1500.0,2-Car,No injury/unknown,DISREGARD SIGNAL/REG SIGN,39.14502002,-86.57777019
9,3,1600.0,2-Car,No injury/unknown,FOLLOWING TOO CLOSELY,39.14499486,-86.57788929
10,6,1600.0,Cyclist,Non-incapacitating,FAILURE TO YIELD RIGHT OF WAY,39.14497263,-86.56917572
1,6,900.0,2-Car,No injury/unknown,FOLLOWING TOO CLOSELY,39.14488742,-86.56252288
12,5,2200.0,2-Car,Incapacitating,LEFT OF CENTER,39.14488575,-86.53192803
8,2,1700.0,2-Car,Non-incapacitating,FAILURE TO YIELD RIGHT OF WAY,39.144848,-86.526848
2,6,1500.0,2-Car,Incapacitating,ROADWAY SURFACE CONDITION,39.14483245,-86.52737669
2,2,1000.0,2-Car,No injury/unknown,FAILURE TO YIELD RIGHT OF WAY,39.144752,-86.531888
9,1,1000.0,Moped/Motorcycle,Non-incapacitating,OTHER (DRIVER) - EXPLAIN IN NARRATIVE,39.144752,-86.531888
4,5,1600.0,2-Car,No injury/unknown,FOLLOWING TOO CLOSELY,39.14464,-86.582592
8,5,800.0,2-Car,Non-incapacitating,FAILURE TO YIELD RIGHT OF WAY,39.14454997,-86.52695976
7,3,1600.0,3+ Cars,No injury/unknown,DRIVER DISTRACTED - EXPLAIN IN NARRATIVE,39.14451979,-86.58262029
2,3,1100.0,2-Car,No injury/unknown,OTHER (DRIVER) - EXPLAIN IN NARRATIVE,39.14451979,-86.58262029
4,7,400.0,1-Car,No injury/unknown,OTHER (DRIVER) - EXPLAIN IN NARRATIVE,39.14441988,-86.51900969
11,3,1800.0,1-Car,No injury/unknown,RAN OFF ROAD RIGHT,39.14430991,-86.50897019
1,5,1700.0,2-Car,No injury/unknown,FAILURE TO YIELD RIGHT OF WAY,39.14424,-86.508208
10,1,1900.0,1-Car,No injury/unknown,ANIMAL/OBJECT IN ROADWAY,39.14424,-86.508208
12,3,1100.0,3+ Cars,Non-incapacitating,FAILURE TO YIELD RIGHT OF WAY,39.14420245,-86.46687099
11,6,2000.0,2-Car,Non-incapacitating,FOLLOWING TOO CLOSELY,39.14410726,-86.49690628
3,2,1100.0,2-Car,No injury/unknown,UNSAFE BACKING,39.14403152,-86.49935913
3,5,1100.0,2-Car,No injury/unknown,FAILURE TO YIELD RIGHT OF WAY,39.143888,-86.517296
9,4,1900.0,2-Car,No injury/unknown,RAN OFF ROAD RIGHT,39.143888,-86.515008
12,2,1700.0,2-Car,No injury/unknown,FOLLOWING TOO CLOSELY,39.143808,-86.582592
11,6,1400.0,2-Car,No injury/unknown,FOLLOWING TOO CLOSELY,39.143808,-86.582592
4,5,1700.0,2-Car,Non-incapacitating,FAILURE TO YIELD RIGHT OF WAY,39.143552,-86.580528
7,6,1200.0,2-Car,No injury/unknown,DRIVER DISTRACTED - EXPLAIN IN NARRATIVE,39.143552,-86.580528
10,2,1800.0,2-Car,No injury/unknown,FAILURE TO YIELD RIGHT OF WAY,39.143552,-86.580528
11,2,1800.0,2-Car,Incapacitating,FOLLOWING TOO CLOSELY,39.143552,-86.580528
12,6,800.0,2-Car,No injury/unknown,DISREGARD SIGNAL/REG SIGN,39.143552,-86.580528
7,3,1200.0,2-Car,No injury/unknown,FOLLOWING TOO CLOSELY,39.1434957,-86.58060526
10,7,1100.0,2-Car,Non-incapacitating,OTHER (DRIVER) - EXPLAIN IN NARRATIVE,39.14347487,-86.58061266
1,2,1700.0,2-Car,No injury/unknown,FAILURE TO YIELD RIGHT OF WAY,39.14346132,-86.57913006
1,2,1300.0,2-Car,No injury/unknown,FAILURE TO YIELD RIGHT OF WAY,39.14344025,-86.54167938
12,4,1500.0,2-Car,No injury/unknown,FOLLOWING TOO CLOSELY,39.14342795,-86.53350033
4,1,1300.0,1-Car,Non-incapacitating,UNSAFE LANE MOVEMENT,39.143344,-86.538704
8,4,1000.0,3+ Cars,No injury/unknown,FOLLOWING TOO CLOSELY,39.14321865,-86.53875008
10,4,1900.0,2-Car,No injury/unknown,FOLLOWING TOO CLOSELY,39.14264,-86.53864
1,5,1300.0,3+ Cars,No injury/unknown,FOLLOWING TOO CLOSELY,39.14261099,-86.5818194
5,6,1400.0,Bus,No injury/unknown,UNSAFE BACKING,39.142555,-86.531238
11,6,700.0,2-Car,No injury/unknown,FAILURE TO YIELD RIGHT OF WAY,39.142555,-86.531238
4,3,1200.0,1-Car,No injury/unknown,RAN OFF ROAD RIGHT,39.14235809,-86.51613204
8,3,800.0,3+ Cars,Non-incapacitating,DRIVER DISTRACTED - EXPLAIN IN NARRATIVE,39.1423295,-86.5822057
3,1,1800.0,2-Car,No injury/unknown,FOLLOWING TOO CLOSELY,39.14232266,-86.582592
6,2,2300.0,1-Car,No injury/unknown,DRIVER DISTRACTED - EXPLAIN IN NARRATIVE,39.14231438,-86.49660804
9,2,800.0,2-Car,No injury/unknown,VIEW OBSTRUCTED,39.14221591,-86.54995958
7,4,700.0,3+ Cars,Non-incapacitating,DISREGARD SIGNAL/REG SIGN,39.142144,-86.5268
1,5,900.0,Moped/Motorcycle,Non-incapacitating,FAILURE TO YIELD RIGHT OF WAY,39.142048,-86.582592
5,4,900.0,2-Car,No injury/unknown,DISREGARD SIGNAL/REG SIGN,39.142048,-86.582592
5,4,1200.0,2-Car,No injury/unknown,UNSAFE LANE MOVEMENT,39.142048,-86.582592
6,2,1500.0,2-Car,Non-incapacitating,FOLLOWING TOO CLOSELY,39.142048,-86.582592
6,3,1500.0,2-Car,No injury/unknown,FAILURE TO YIELD RIGHT OF WAY,39.142048,-86.582592
7,4,500.0,2-Car,No injury/unknown,OTHER (DRIVER) - EXPLAIN IN NARRATIVE,39.142048,-86.582592
7,5,1400.0,2-Car,Non-incapacitating,FOLLOWING TOO CLOSELY,39.142048,-86.582592
12,4,1800.0,2-Car,No injury/unknown,FAILURE TO YIELD RIGHT OF WAY,39.142048,-86.582592
11,6,500.0,2-Car,Non-incapacitating,FAILURE TO YIELD RIGHT OF WAY,39.142048,-86.582592
11,6,1900.0,2-Car,No injury/unknown,FAILURE TO YIELD RIGHT OF WAY,39.142048,-86.582592
12,3,700.0,2-Car,No injury/unknown,FOLLOWING TOO CLOSELY,39.142048,-86.582592
7,5,1800.0,Moped/Motorcycle,Incapacitating,FOLLOWING TOO CLOSELY,39.14195023,-86.58259011
7,3,1600.0,2-Car,Non-incapacitating,DISREGARD SIGNAL/REG SIGN,39.14195023,-86.58259011
12,7,1600.0,2-Car,Non-incapacitating,FOLLOWING TOO CLOSELY,39.14195023,-86.58259012
8,5,2200.0,2-Car,Non-incapacitating,FOLLOWING TOO CLOSELY,39.1419117,-86.5828563
10,1,1000.0,2-Car,No injury/unknown,DISREGARD SIGNAL/REG SIGN,39.14191,-86.52694031
2,4,1500.0,2-Car,No injury/unknown,UNSAFE BACKING,39.14187494,-86.58259037
5,5,2000.0,2-Car,No injury/unknown,IMPROPER TURNING,39.14187494,-86.58259037
5,2,1600.0,2-Car,No injury/unknown,DRIVER DISTRACTED - EXPLAIN IN NARRATIVE,39.14185333,-86.51425933
9,5,1800.0,Cyclist,Incapacitating,FAILURE TO YIELD RIGHT OF WAY,39.14185333,-86.51425933
6,4,1700.0,2-Car,No injury/unknown,FAILURE TO YIELD RIGHT OF WAY,39.14173515,-86.58337308
3,5,800.0,1-Car,No injury/unknown,ANIMAL/OBJECT IN ROADWAY,39.14145928,-86.58418054
11,7,1300.0,2-Car,Non-incapacitating,DRIVER DISTRACTED - EXPLAIN IN NARRATIVE,39.14145928,-86.58418054
7,4,1400.0,1-Car,No injury/unknown,DRIVER DISTRACTED - EXPLAIN IN NARRATIVE,39.14144,-86.543632
8,3,800.0,2-Car,No injury/unknown,FAILURE TO YIELD RIGHT OF WAY,39.14144,-86.543632
9,5,800.0,1-Car,No injury/unknown,RAN OFF ROAD RIGHT,39.14144,-86.542
7,7,2000.0,Moped/Motorcycle,Incapacitating,IMPROPER TURNING,39.141248,-86.536336
2,6,900.0,2-Car,No injury/unknown,OTHER (DRIVER) - EXPLAIN IN NARRATIVE,39.141129,-86.545921
8,2,100.0,2-Car,No injury/unknown,IMPROPER TURNING,39.141129,-86.545921
11,6,1300.0,2-Car,No injury/unknown,UNSAFE BACKING,39.14107513,-86.5829773
1,3,900.0,2-Car,Non-incapacitating,FOLLOWING TOO CLOSELY,39.14093752,-86.49686415
11,7,1100.0,2-Car,No injury/unknown,FAILURE TO YIELD RIGHT OF WAY,39.14070129,-86.57746124
3,5,1200.0,2-Car,Non-incapacitating,FAILURE TO YIELD RIGHT OF WAY,39.14070129,-86.57746124
7,6,1700.0,2-Car,No injury/unknown,DISREGARD SIGNAL/REG SIGN,39.14070129,-86.57746124
10,1,1100.0,2-Car,No injury/unknown,UNSAFE BACKING,39.14032364,-86.57542419
2,7,200.0,2-Car,No injury/unknown,OVERCORRECTING/OVERSTEERING,39.140288,-86.581984
4,2,1700.0,2-Car,No injury/unknown,FAILURE TO YIELD RIGHT OF WAY,39.140144,-86.54496
2,7,1600.0,2-Car,No injury/unknown,FAILURE TO YIELD RIGHT OF WAY,39.13998015,-86.54512971
3,6,1200.0,2-Car,No injury/unknown,OTHER (DRIVER) - EXPLAIN IN NARRATIVE,39.13995331,-86.53931527
2,1,800.0,1-Car,Non-incapacitating,RAN OFF ROAD RIGHT,39.13976364,-86.48037314
1,3,800.0,2-Car,No injury/unknown,FAILURE TO YIELD RIGHT OF WAY,39.13971998,-86.50822989
3,2,1600.0,2-Car,No injury/unknown,IMPROPER TURNING,39.138688,-86.465968
3,2,300.0,2-Car,No injury/unknown,UNSAFE BACKING,39.138688,-86.465968
4,4,1800.0,Moped/Motorcycle,Non-incapacitating,UNSAFE SPEED,39.138688,-86.465968
7,6,1000.0,2-Car,No injury/unknown,UNSAFE BACKING,39.138688,-86.465968
8,4,1700.0,2-Car,No injury/unknown,IMPROPER TURNING,39.138688,-86.465968
10,5,1600.0,2-Car,No injury/unknown,UNSAFE BACKING,39.138688,-86.465968
1,6,1500.0,2-Car,No injury/unknown,FAILURE TO YIELD RIGHT OF WAY,39.13860016,-86.54647015
4,7,1200.0,2-Car,No injury/unknown,VIEW OBSTRUCTED,39.13851891,-86.59099291
12,2,1900.0,1-Car,No injury/unknown,ANIMAL/OBJECT IN ROADWAY,39.13851891,-86.59099291
3,1,1700.0,2-Car,Non-incapacitating,FOLLOWING TOO CLOSELY,39.1383667,-86.52993011
6,4,1100.0,2-Car,Non-incapacitating,FOLLOWING TOO CLOSELY,39.13834975,-86.53324015
11,5,700.0,2-Car,Non-incapacitating,FAILURE TO YIELD RIGHT OF WAY,39.13824007,-86.58261024
4,3,1100.0,2-Car,No injury/unknown,FAILURE TO YIELD RIGHT OF WAY,39.13821073,-86.52677594
5,3,1700.0,3+ Cars,Non-incapacitating,UNSAFE LANE MOVEMENT,39.13778154,-86.57290515
2,4,1300.0,2-Car,No injury/unknown,WRONG WAY ON ONE WAY,39.137744,-86.530288
5,4,1600.0,3+ Cars,Non-incapacitating,FOLLOWING TOO CLOSELY,39.13772661,-86.57290448
9,1,1500.0,3+ Cars,No injury/unknown,FAILURE TO YIELD RIGHT OF WAY,39.13756013,-86.49338135
5,5,800.0,2-Car,No injury/unknown,IMPROPER LANE USAGE,39.13756013,-86.49336837
11,7,1700.0,2-Car,No injury/unknown,LEFT OF CENTER,39.13736031,-86.5208403
10,4,1600.0,2-Car,No injury/unknown,FOLLOWING TOO CLOSELY,39.13734928,-86.59295229
3,7,1800.0,2-Car,No injury/unknown,UNSAFE SPEED,39.13731465,-86.57289939
11,6,600.0,2-Car,No injury/unknown,FOLLOWING TOO CLOSELY,39.13731465,-86.57289939
2,6,1800.0,2-Car,No injury/unknown,UNSAFE BACKING,39.137264,-86.529808
8,4,1400.0,1-Car,Incapacitating,RAN OFF ROAD RIGHT,39.13715872,-86.63986124
9,5,1500.0,3+ Cars,No injury/unknown,UNSAFE SPEED,39.13712239,-86.57289702
6,5,600.0,2-Car,No injury/unknown,UNSAFE LANE MOVEMENT,39.13711396,-86.55509009
5,5,1400.0,2-Car,No injury/unknown,FOLLOWING TOO CLOSELY,39.13709864,-86.59337215
1,4,1400.0,2-Car,No injury/unknown,IMPROPER TURNING,39.137088,-86.53056
2,4,2000.0,2-Car,No injury/unknown,UNSAFE LANE MOVEMENT,39.137088,-86.53056
3,1,1900.0,2-Car,No injury/unknown,,39.137088,-86.53056
5,5,1400.0,2-Car,No injury/unknown,IMPROPER TURNING,39.137088,-86.53056
6,3,2000.0,2-Car,No injury/unknown,FAILURE TO YIELD RIGHT OF WAY,39.137088,-86.53056
6,7,1700.0,1-Car,No injury/unknown,UNSAFE BACKING,39.137088,-86.53056
7,1,1900.0,2-Car,No injury/unknown,UNSAFE BACKING,39.137088,-86.53056
9,7,1200.0,2-Car,No injury/unknown,OTHER (DRIVER) - EXPLAIN IN NARRATIVE,39.137088,-86.53056
11,7,1500.0,2-Car,No injury/unknown,IMPROPER LANE USAGE,39.137088,-86.53056
12,7,1800.0,2-Car,No injury/unknown,IMPROPER TURNING,39.137088,-86.53056
1,5,700.0,2-Car,No injury/unknown,FOLLOWING TOO CLOSELY,39.13704,-86.57324868
12,3,1600.0,1-Car,No injury/unknown,RAN OFF ROAD RIGHT,39.13704,-86.642832
1,6,700.0,2-Car,No injury/unknown,FAILURE TO YIELD RIGHT OF WAY,39.13704,-86.582512
4,6,1700.0,2-Car,Non-incapacitating,FAILURE TO YIELD RIGHT OF WAY,39.13704,-86.582512
4,3,1700.0,3+ Cars,No injury/unknown,FAILURE TO YIELD RIGHT OF WAY,39.13704,-86.582512
8,2,800.0,Moped/Motorcycle,No injury/unknown,DRIVER DISTRACTED - EXPLAIN IN NARRATIVE,39.13704,-86.582512
10,3,400.0,2-Car,Non-incapacitating,FOLLOWING TOO CLOSELY,39.13704,-86.582512
10,4,1800.0,3+ Cars,No injury/unknown,SPEED TOO FAST FOR WEATHER CONDITIONS,39.13704,-86.582512
2,4,1500.0,2-Car,No injury/unknown,FOLLOWING TOO CLOSELY,39.13704,-86.577504
8,2,1800.0,Moped/Motorcycle,Non-incapacitating,FAILURE TO YIELD RIGHT OF WAY,39.13704,-86.577504
1,5,800.0,2-Car,No injury/unknown,FOLLOWING TOO CLOSELY,39.13704,-86.572896
3,2,1600.0,3+ Cars,No injury/unknown,FOLLOWING TOO CLOSELY,39.13704,-86.572896
3,1,1200.0,2-Car,No injury/unknown,FOLLOWING TOO CLOSELY,39.13704,-86.572896
3,1,1300.0,2-Car,No injury/unknown,FOLLOWING TOO CLOSELY,39.13704,-86.572896
4,6,600.0,2-Car,Non-incapacitating,FOLLOWING TOO CLOSELY,39.13704,-86.572896
5,4,700.0,2-Car,No injury/unknown,FOLLOWING TOO CLOSELY,39.13704,-86.572896
5,2,1400.0,2-Car,Non-incapacitating,FAILURE TO YIELD RIGHT OF WAY,39.13704,-86.572896
6,3,1700.0,2-Car,No injury/unknown,FOLLOWING TOO CLOSELY,39.13704,-86.572896
6,6,1700.0,2-Car,No injury/unknown,FOLLOWING TOO CLOSELY,39.13704,-86.572896
7,6,1700.0,2-Car,No injury/unknown,DISREGARD SIGNAL/REG SIGN,39.13704,-86.572896
7,6,1400.0,Moped/Motorcycle,No injury/unknown,FOLLOWING TOO CLOSELY,39.13704,-86.572896
8,1,200.0,2-Car,No injury/unknown,FOLLOWING TOO CLOSELY,39.13704,-86.572896
8,4,1200.0,2-Car,Non-incapacitating,FOLLOWING TOO CLOSELY,39.13704,-86.572896
9,4,2100.0,3+ Cars,Non-incapacitating,FAILURE TO YIELD RIGHT OF WAY,39.13704,-86.572896
10,2,1000.0,2-Car,No injury/unknown,FOLLOWING TOO CLOSELY,39.13704,-86.572896
12,2,2300.0,2-Car,Non-incapacitating,FAILURE TO YIELD RIGHT OF WAY,39.13704,-86.572896
12,3,1500.0,2-Car,Non-incapacitating,FOLLOWING TOO CLOSELY,39.13704,-86.572896
12,4,600.0,2-Car,No injury/unknown,FOLLOWING TOO CLOSELY,39.13704,-86.572896
2,6,700.0,1-Car,No injury/unknown,ROADWAY SURFACE CONDITION,39.13703215,-86.481331
8,6,2200.0,1-Car,No injury/unknown,ANIMAL/OBJECT IN ROADWAY,39.13689005,-86.62524126
12,1,1100.0,2-Car,No injury/unknown,OVERCORRECTING/OVERSTEERING,39.13688,-86.628768
8,6,900.0,2-Car,No injury/unknown,FOLLOWING TOO CLOSELY,39.136848,-86.610192
10,6,600.0,1-Car,No injury/unknown,RAN OFF ROAD RIGHT,39.136848,-86.610192
8,3,1900.0,2-Car,Non-incapacitating,FAILURE TO YIELD RIGHT OF WAY,39.136848,-86.606
8,3,400.0,2-Car,No injury/unknown,FAILURE TO YIELD RIGHT OF WAY,39.136848,-86.606
4,3,1100.0,1-Car,Incapacitating,RAN OFF ROAD RIGHT,39.136848,-86.5964
11,1,1300.0,1-Car,No injury/unknown,RAN OFF ROAD RIGHT,39.136848,-86.5964
1,2,300.0,2-Car,No injury/unknown,FOLLOWING TOO CLOSELY,39.136848,-86.593792
3,6,1600.0,2-Car,No injury/unknown,FOLLOWING TOO CLOSELY,39.136848,-86.593792
10,2,1000.0,2-Car,No injury/unknown,FOLLOWING TOO CLOSELY,39.136848,-86.593792
7,2,1900.0,2-Car,No injury/unknown,UNSAFE BACKING,39.13684532,-86.60324178
8,4,1900.0,1-Car,No injury/unknown,RAN OFF ROAD RIGHT,39.1368299,-86.58261023
11,1,1900.0,2-Car,Non-incapacitating,FOLLOWING TOO CLOSELY,39.13680116,-86.57290936
1,6,1000.0,2-Car,No injury/unknown,FAILURE TO YIELD RIGHT OF WAY,39.13676894,-86.57289398
4,5,1100.0,2-Car,Non-incapacitating,FAILURE TO YIELD RIGHT OF WAY,39.13676894,-86.57289398
12,3,1200.0,2-Car,No injury/unknown,IMPROPER PASSING,39.13674004,-86.57087021
12,5,1300.0,2-Car,No injury/unknown,UNSAFE BACKING,39.136736,-86.523968
8,1,1300.0,1-Car,Non-incapacitating,RAN OFF ROAD RIGHT,39.13673401,-86.5709151
4,5,1000.0,2-Car,No injury/unknown,UNSAFE BACKING,39.13672219,-86.52395511
2,4,1900.0,2-Car,No injury/unknown,UNSAFE BACKING,39.13670837,-86.52394221
5,2,1400.0,1-Car,Non-incapacitating,DRIVER ASLEEP OR FATIGUED,39.13666025,-86.56784863
5,4,1200.0,2-Car,No injury/unknown,ANIMAL/OBJECT IN ROADWAY,39.13663356,-86.5829797
3,2,1700.0,2-Car,Non-incapacitating,FOLLOWING TOO CLOSELY,39.13662001,-86.55431024
8,3,2100.0,1-Car,No injury/unknown,RAN OFF ROAD RIGHT,39.13662001,-86.55431024
9,2,1600.0,Bus,No injury/unknown,BRAKE FAILURE OR DEFECTIVE,39.13662001,-86.55431024
12,6,1200.0,2-Car,No injury/unknown,UNSAFE BACKING,39.13657379,-86.53004456
12,4,1400.0,2-Car,No injury/unknown,FOLLOWING TOO CLOSELY,39.13652039,-86.55490112
12,1,1300.0,1-Car,No injury/unknown,ANIMAL/OBJECT IN ROADWAY,39.136512,-86.562016
3,2,1200.0,2-Car,Non-incapacitating,OTHER (DRIVER) - EXPLAIN IN NARRATIVE,39.136448,-86.548704
6,1,1300.0,2-Car,No injury/unknown,FAILURE TO YIELD RIGHT OF WAY,39.136448,-86.548704
7,3,1200.0,2-Car,No injury/unknown,FOLLOWING TOO CLOSELY,39.136448,-86.548704
8,7,1000.0,2-Car,No injury/unknown,FAILURE TO YIELD RIGHT OF WAY,39.136448,-86.548704
9,5,1700.0,3+ Cars,No injury/unknown,OTHER (DRIVER) - EXPLAIN IN NARRATIVE,39.136448,-86.548704
2,5,1300.0,2-Car,No injury/unknown,FOLLOWING TOO CLOSELY,39.136411,-86.54764705
10,2,1200.0,2-Car,No injury/unknown,UNSAFE BACKING,39.136391,-86.527824
7,4,1500.0,1-Car,No injury/unknown,RAN OFF ROAD RIGHT,39.136368,-86.505056
9,2,1700.0,3+ Cars,No injury/unknown,FOLLOWING TOO CLOSELY,39.13636571,-86.54635358
6,4,1100.0,2-Car,Non-incapacitating,FAILURE TO YIELD RIGHT OF WAY,39.13636165,-86.54623778
6,3,1300.0,2-Car,No injury/unknown,FAILURE TO YIELD RIGHT OF WAY,39.13634996,-86.5267951
11,2,900.0,2-Car,No injury/unknown,FOLLOWING TOO CLOSELY,39.13634978,-86.54875003
8,6,1900.0,2-Car,Incapacitating,DISREGARD SIGNAL/REG SIGN,39.13634978,-86.54875002
10,1,1700.0,2-Car,Incapacitating,FOLLOWING TOO CLOSELY,39.13634103,-86.54564895
8,5,1300.0,2-Car,No injury/unknown,LEFT OF CENTER,39.136304,-86.544592
8,7,1900.0,3+ Cars,Non-incapacitating,FOLLOWING TOO CLOSELY,39.136304,-86.544592
9,2,1600.0,2-Car,No injury/unknown,DRIVER DISTRACTED - EXPLAIN IN NARRATIVE,39.136304,-86.544592
10,7,2100.0,2-Car,Non-incapacitating,FOLLOWING TOO CLOSELY,39.13629254,-86.54423964
3,2,1400.0,2-Car,No injury/unknown,FOLLOWING TOO CLOSELY,39.13624987,-86.54482997
4,3,1700.0,2-Car,No injury/unknown,FOLLOWING TOO CLOSELY,39.13615095,-86.53988873
6,1,1000.0,Moped/Motorcycle,Non-incapacitating,OTHER (DRIVER) - EXPLAIN IN NARRATIVE,39.136144,-86.52644733
2,6,1100.0,2-Car,Non-incapacitating,FOLLOWING TOO CLOSELY,39.136144,-86.582496
1,3,700.0,2-Car,Non-incapacitating,FAILURE TO YIELD RIGHT OF WAY,39.136144,-86.528688
3,3,800.0,2-Car,Non-incapacitating,FAILURE TO YIELD RIGHT OF WAY,39.136144,-86.528688
3,5,1700.0,2-Car,No injury/unknown,FAILURE TO YIELD RIGHT OF WAY,39.136144,-86.528688
6,6,1500.0,2-Car,No injury/unknown,IMPROPER PASSING,39.136144,-86.528688
6,1,2000.0,Pedestrian,Non-incapacitating,RAN OFF ROAD RIGHT,39.136144,-86.528688
7,3,1300.0,2-Car,Non-incapacitating,FOLLOWING TOO CLOSELY,39.136144,-86.528688
8,2,2000.0,2-Car,No injury/unknown,FAILURE TO YIELD RIGHT OF WAY,39.136144,-86.528688
9,3,1100.0,2-Car,No injury/unknown,UNSAFE LANE MOVEMENT,39.136144,-86.528688
10,4,1800.0,2-Car,No injury/unknown,FOLLOWING TOO CLOSELY,39.136144,-86.528688
10,4,900.0,2-Car,No injury/unknown,OTHER TELEMATICS IN USE,39.136144,-86.528688
10,6,1300.0,2-Car,No injury/unknown,FOLLOWING TOO CLOSELY,39.136144,-86.528688
12,1,1800.0,1-Car,No injury/unknown,RAN OFF ROAD RIGHT,39.136144,-86.528688
11,2,1400.0,2-Car,No injury/unknown,DISREGARD SIGNAL/REG SIGN,39.136144,-86.528688
11,5,1800.0,2-Car,No injury/unknown,FOLLOWING TOO CLOSELY,39.136144,-86.528688
11,7,900.0,2-Car,No injury/unknown,FAILURE TO YIELD RIGHT OF WAY,39.136144,-86.528688
11,7,1700.0,2-Car,No injury/unknown,FAILURE TO YIELD RIGHT OF WAY,39.136144,-86.528688
12,6,1700.0,2-Car,No injury/unknown,FAILURE TO YIELD RIGHT OF WAY,39.136144,-86.528688
5,2,1400.0,2-Car,No injury/unknown,FOLLOWING TOO CLOSELY,39.136144,-86.5268
7,4,1300.0,2-Car,No injury/unknown,FAILURE TO YIELD RIGHT OF WAY,39.136144,-86.5268
9,2,1400.0,1-Car,No injury/unknown,IMPROPER TURNING,39.136144,-86.5268
11,1,1700.0,2-Car,No injury/unknown,DISREGARD SIGNAL/REG SIGN,39.136144,-86.5268
3,3,1200.0,2-Car,No injury/unknown,UNSAFE BACKING,39.136144,-86.525776
6,7,2300.0,1-Car,No injury/unknown,ANIMAL/OBJECT IN ROADWAY,39.136144,-86.52296
9,4,1600.0,Bus,No injury/unknown,UNSAFE BACKING,39.136144,-86.52296
1,5,800.0,1-Car,No injury/unknown,RAN OFF ROAD RIGHT,39.136144,-86.521888
5,7,1000.0,2-Car,No injury/unknown,OTHER (DRIVER) - EXPLAIN IN NARRATIVE,39.13613411,-86.52798283
6,5,900.0,2-Car,Non-incapacitating,FAILURE TO YIELD RIGHT OF WAY,39.13613411,-86.52798283
7,4,1400.0,2-Car,No injury/unknown,FOLLOWING TOO CLOSELY,39.136128,-86.539184
8,1,1300.0,2-Car,No injury/unknown,FAILURE TO YIELD RIGHT OF WAY,39.1361084,-86.58261108
5,6,1300.0,2-Car,No injury/unknown,FAILURE TO YIELD RIGHT OF WAY,39.13608,-86.538096
6,6,2100.0,2-Car,Non-incapacitating,DISREGARD SIGNAL/REG SIGN,39.13608,-86.538096
7,4,1600.0,3+ Cars,Non-incapacitating,FOLLOWING TOO CLOSELY,39.13608,-86.538096
8,6,1300.0,2-Car,No injury/unknown,CELL PHONE USAGE,39.13608,-86.538096
12,5,1800.0,2-Car,No injury/unknown,FOLLOWING TOO CLOSELY,39.13608,-86.538096
11,1,1600.0,2-Car,No injury/unknown,FOLLOWING TOO CLOSELY,39.13608,-86.538096
12,7,800.0,2-Car,No injury/unknown,LEFT OF CENTER,39.13608,-86.538096
12,6,1000.0,2-Car,No injury/unknown,DRIVER DISTRACTED - EXPLAIN IN NARRATIVE,39.13608,-86.538096