Month,Day,Hour,Collision Type,Injury Type,Primary Factor,Latitude,Longitude
5,6,1000.0,2-Car,No injury/unknown,OTHER (DRIVER) - EXPLAIN IN NARRATIVE,39.13608,-86.529792
4,2,1600.0,2-Car,No injury/unknown,FAILURE TO YIELD RIGHT OF WAY,39.136048,-86.536992
8,2,1100.0,2-Car,Non-incapacitating,FOLLOWING TOO CLOSELY,39.136048,-86.536992
10,3,0.0,1-Car,No injury/unknown,ANIMAL/OBJECT IN ROADWAY,39.136048,-86.518496
10,6,1200.0,2-Car,No injury/unknown,FAILURE TO YIELD RIGHT OF WAY,39.136048,-86.518496
1,6,1400.0,2-Car,Non-incapacitating,FOLLOWING TOO CLOSELY,39.13603999,-86.53826996
11,3,700.0,2-Car,No injury/unknown,DISREGARD SIGNAL/REG SIGN,39.13603999,-86.52687997
4,2,1500.0,2-Car,No injury/unknown,FOLLOWING TOO CLOSELY,39.13603092,-86.53664001
3,5,1100.0,2-Car,No injury/unknown,FAILURE TO YIELD RIGHT OF WAY,39.13602845,-86.5949745
4,5,1700.0,2-Car,Non-incapacitating,FOLLOWING TOO CLOSELY,39.13600981,-86.53712343
10,4,1700.0,2-Car,No injury/unknown,FOLLOWING TOO CLOSELY,39.13599975,-86.52448006
5,7,700.0,2-Car,Non-incapacitating,IMPROPER TURNING,39.13599975,-86.51902981
2,3,600.0,2-Car,No injury/unknown,FAILURE TO YIELD RIGHT OF WAY,39.1359897,-86.52879976
3,4,1000.0,2-Car,Non-incapacitating,FAILURE TO YIELD RIGHT OF WAY,39.1359897,-86.52879975
5,3,1600.0,2-Car,No injury/unknown,FAILURE TO YIELD RIGHT OF WAY,39.1359897,-86.52879975
11,2,1300.0,2-Car,No injury/unknown,OTHER (DRIVER) - EXPLAIN IN NARRATIVE,39.13597209,-86.53111957
11,2,1600.0,2-Car,No injury/unknown,UNSAFE LANE MOVEMENT,39.13597025,-86.53110981
11,4,1500.0,2-Car,No injury/unknown,DISREGARD SIGNAL/REG SIGN,39.13597025,-86.53110981
4,5,1300.0,2-Car,Non-incapacitating,FOLLOWING TOO CLOSELY,39.13597025,-86.5311098
4,2,800.0,2-Car,No injury/unknown,FAILURE TO YIELD RIGHT OF WAY,39.13597025,-86.5311098
10,2,800.0,Cyclist,Non-incapacitating,FAILURE TO YIELD RIGHT OF WAY,39.13597025,-86.5311098
8,5,800.0,Pedestrian,Non-incapacitating,PEDESTRIAN ACTION,39.13597025,-86.5311098
9,3,800.0,2-Car,No injury/unknown,DRIVER DISTRACTED - EXPLAIN IN NARRATIVE,39.13597025,-86.5311098
10,4,800.0,2-Car,No injury/unknown,FAILURE TO YIELD RIGHT OF WAY,39.13597025,-86.5311098
7,6,800.0,2-Car,No injury/unknown,FAILURE TO YIELD RIGHT OF WAY,39.13597025,-86.53110115
12,5,1500.0,2-Car,No injury/unknown,FAILURE TO YIELD RIGHT OF WAY,39.13595475,-86.49653651
9,6,1800.0,2-Car,No injury/unknown,FAILURE TO YIELD RIGHT OF WAY,39.13588978,-86.58261023
3,1,900.0,2-Car,No injury/unknown,FAILURE TO YIELD RIGHT OF WAY,39.13584,-86.496288
6,3,200.0,1-Car,Non-incapacitating,ANIMAL/OBJECT IN ROADWAY,39.1358349,-86.4812013
12,4,1700.0,2-Car,No injury/unknown,LEFT OF CENTER,39.135808,-86.484912
12,4,2300.0,2-Car,No injury/unknown,OTHER (DRIVER) - EXPLAIN IN NARRATIVE,39.13579993,-86.48963012
1,6,700.0,1-Car,No injury/unknown,OVERCORRECTING/OVERSTEERING,39.13579885,-86.48578574
1,2,1200.0,2-Car,No injury/unknown,UNSAFE BACKING,39.13568191,-86.56878881
10,2,1700.0,2-Car,No injury/unknown,SPEED TOO FAST FOR WEATHER CONDITIONS,39.13566671,-86.572896
1,4,1300.0,2-Car,No injury/unknown,SPEED TOO FAST FOR WEATHER CONDITIONS,39.135648,-86.462496
5,1,2200.0,2-Car,No injury/unknown,OTHER (DRIVER) - EXPLAIN IN NARRATIVE,39.135648,-86.462248
9,2,0.0,1-Car,No injury/unknown,RAN OFF ROAD RIGHT,39.135648,-86.462
10,3,2300.0,2-Car,No injury/unknown,RAN OFF ROAD RIGHT,39.13562393,-86.57837677
10,3,1600.0,2-Car,Non-incapacitating,FOLLOWING TOO CLOSELY,39.13531988,-86.5277195
3,3,2200.0,2-Car,No injury/unknown,LEFT OF CENTER,39.135248,-86.582496
7,4,1700.0,2-Car,Non-incapacitating,FAILURE TO YIELD RIGHT OF WAY,39.135248,-86.582496
2,3,1700.0,3+ Cars,No injury/unknown,UNSAFE SPEED,39.13504,-86.596192
7,3,1600.0,2-Car,No injury/unknown,FOLLOWING TOO CLOSELY,39.13504,-86.596192
10,5,1200.0,2-Car,No injury/unknown,UNSAFE BACKING,39.13493114,-86.52778394
9,4,1400.0,2-Car,No injury/unknown,UNSAFE BACKING,39.13493114,-86.52778394
9,2,1100.0,2-Car,No injury/unknown,FAILURE TO YIELD RIGHT OF WAY,39.13480833,-86.57432706
8,4,1700.0,3+ Cars,Incapacitating,FOLLOWING TOO CLOSELY,39.13429342,-86.572896
7,3,1900.0,Moped/Motorcycle,Incapacitating,UNSAFE SPEED,39.13426528,-86.55084379
12,4,1500.0,2-Car,No injury/unknown,IMPROPER TURNING,39.13425827,-86.57065582
10,6,800.0,2-Car,No injury/unknown,UNSAFE BACKING,39.13412941,-86.52686329
4,4,1300.0,1-Car,Incapacitating,RAN OFF ROAD RIGHT,39.13411967,-86.59750076
12,7,1100.0,2-Car,No injury/unknown,UNSAFE SPEED,39.1340255,-86.59763467
12,2,1800.0,1-Car,No injury/unknown,ANIMAL/OBJECT IN ROADWAY,39.13391113,-86.60557329
5,4,2300.0,2-Car,No injury/unknown,UNSAFE LANE MOVEMENT,39.133808,-86.58258358
12,7,1600.0,2-Car,No injury/unknown,UNSAFE BACKING,39.133744,-86.50592
12,7,800.0,1-Car,No injury/unknown,SPEED TOO FAST FOR WEATHER CONDITIONS,39.133376,-86.648848
12,7,800.0,2-Car,No injury/unknown,SPEED TOO FAST FOR WEATHER CONDITIONS,39.133376,-86.648848
8,2,1300.0,2-Car,Non-incapacitating,DISREGARD SIGNAL/REG SIGN,39.13304,-86.5384
11,3,1500.0,2-Car,Incapacitating,FAILURE TO YIELD RIGHT OF WAY,39.13304,-86.5384
1,2,1100.0,2-Car,Non-incapacitating,OTHER (DRIVER) - EXPLAIN IN NARRATIVE,39.13296474,-86.49876237
6,2,1400.0,2-Car,No injury/unknown,FOLLOWING TOO CLOSELY,39.13292012,-86.572896
7,6,1800.0,2-Car,Non-incapacitating,FAILURE TO YIELD RIGHT OF WAY,39.13288687,-86.57913006
10,3,1500.0,Bus,No injury/unknown,IMPROPER PASSING,39.13288687,-86.57913006
9,4,800.0,2-Car,No injury/unknown,FAILURE TO YIELD RIGHT OF WAY,39.132688,-86.52144
4,5,1000.0,2-Car,No injury/unknown,UNSAFE BACKING,39.13252708,-86.52008995
10,7,1200.0,2-Car,No injury/unknown,,39.132096,-86.531072
9,3,2100.0,Moped/Motorcycle,Non-incapacitating,RAN OFF ROAD RIGHT,39.13192011,-86.53851002
9,3,1900.0,1-Car,No injury/unknown,RAN OFF ROAD RIGHT,39.13187198,-86.60368032
3,7,1000.0,1-Car,No injury/unknown,RAN OFF ROAD RIGHT,39.13166281,-86.44815467
7,5,2200.0,Moped/Motorcycle,Non-incapacitating,FAILURE TO YIELD RIGHT OF WAY,39.131648,-86.582496
12,2,900.0,2-Car,No injury/unknown,FAILURE TO YIELD RIGHT OF WAY,39.131648,-86.582496
4,5,2100.0,2-Car,No injury/unknown,UNSAFE BACKING,39.131648,-86.5808
9,2,1700.0,2-Car,No injury/unknown,FOLLOWING TOO CLOSELY,39.1316,-86.447968
9,6,1400.0,1-Car,No injury/unknown,OTHER (ENVIRONMENTAL) - EXPLAIN IN NARR,39.13154683,-86.572896
3,3,2000.0,Bus,No injury/unknown,UNSAFE LANE MOVEMENT,39.13152,-86.677664
8,1,2200.0,1-Car,No injury/unknown,OTHER (DRIVER) - EXPLAIN IN NARRATIVE,39.13152,-86.677664
9,4,2100.0,3+ Cars,No injury/unknown,UNSAFE BACKING,39.13146481,-86.58125004
2,6,1100.0,1-Car,No injury/unknown,RAN OFF ROAD RIGHT,39.13144,-86.516688
10,7,2200.0,1-Car,No injury/unknown,RAN OFF ROAD RIGHT,39.13112015,-86.53855025
12,4,1700.0,2-Car,No injury/unknown,FAILURE TO YIELD RIGHT OF WAY,39.13105011,-86.5005722
7,5,1500.0,2-Car,No injury/unknown,FOLLOWING TOO CLOSELY,39.130944,-86.526688
8,1,1000.0,1-Car,No injury/unknown,RAN OFF ROAD RIGHT,39.13076637,-86.51974465
2,2,1600.0,1-Car,No injury/unknown,HOLES/RUTS IN SURFACE,39.13006024,-86.57687221
2,3,1500.0,3+ Cars,No injury/unknown,FOLLOWING TOO CLOSELY,39.12984,-86.538496
2,3,100.0,1-Car,No injury/unknown,OTHER (DRIVER) - EXPLAIN IN NARRATIVE,39.12961578,-86.50189208
3,7,1000.0,2-Car,No injury/unknown,UNSAFE BACKING,39.12949229,-86.53130024
10,3,1800.0,3+ Cars,No injury/unknown,FOLLOWING TOO CLOSELY,39.12949215,-86.60413311
4,2,1700.0,2-Car,Non-incapacitating,FOLLOWING TOO CLOSELY,39.12942888,-86.53876014
5,3,800.0,2-Car,No injury/unknown,IMPROPER TURNING,39.12939835,-86.44329071
7,5,1700.0,2-Car,No injury/unknown,FAILURE TO YIELD RIGHT OF WAY,39.12936,-86.604336
10,6,1300.0,2-Car,No injury/unknown,FOLLOWING TOO CLOSELY,39.12936,-86.604336
10,2,1600.0,3+ Cars,No injury/unknown,FOLLOWING TOO CLOSELY,39.12936,-86.604336
11,4,500.0,1-Car,No injury/unknown,ANIMAL/OBJECT IN ROADWAY,39.12936,-86.604336
3,7,1500.0,1-Car,No injury/unknown,RAN OFF ROAD RIGHT,39.12905133,-86.6612091
5,4,2000.0,2-Car,No injury/unknown,FOLLOWING TOO CLOSELY,39.12900841,-86.60487788
3,3,1300.0,1-Car,Incapacitating,RAN OFF ROAD RIGHT,39.12842232,-86.50779001
3,2,2200.0,1-Car,No injury/unknown,OTHER (VEHICLE) - EXPLAIN IN NARRATIVE,39.128368,-86.58256
11,5,1000.0,2-Car,No injury/unknown,FAILURE TO YIELD RIGHT OF WAY,39.128368,-86.58256
1,2,1100.0,2-Car,No injury/unknown,OTHER (DRIVER) - EXPLAIN IN NARRATIVE,39.12821665,-86.50074921
1,3,1700.0,2-Car,No injury/unknown,IMPROPER TURNING,39.12806578,-86.52683369
10,2,900.0,2-Car,Non-incapacitating,FOLLOWING TOO CLOSELY,39.128,-86.606432
3,7,2300.0,1-Car,Non-incapacitating,DRIVER ASLEEP OR FATIGUED,39.12790757,-86.55618934
4,7,2100.0,Moped/Motorcycle,Incapacitating,FAILURE TO YIELD RIGHT OF WAY,39.12787971,-86.60651207
4,6,1800.0,2-Car,No injury/unknown,UNSAFE BACKING,39.127632,-86.617376
12,2,0.0,2-Car,Incapacitating,DRIVER DISTRACTED - EXPLAIN IN NARRATIVE,39.127616,-86.538688
12,3,2200.0,2-Car,No injury/unknown,SPEED TOO FAST FOR WEATHER CONDITIONS,39.1273503,-86.55407019
8,6,1400.0,2-Car,No injury/unknown,OTHER (DRIVER) - EXPLAIN IN NARRATIVE,39.12716835,-86.52677353
1,2,1200.0,2-Car,No injury/unknown,ROADWAY SURFACE CONDITION,39.126976,-86.582464
2,2,2000.0,1-Car,No injury/unknown,RAN OFF ROAD RIGHT,39.126976,-86.582464
8,2,2200.0,1-Car,Non-incapacitating,DRIVER ASLEEP OR FATIGUED,39.12682515,-86.54193017
4,6,1600.0,3+ Cars,Non-incapacitating,FOLLOWING TOO CLOSELY,39.12666969,-86.53136998
6,3,1600.0,3+ Cars,Non-incapacitating,FOLLOWING TOO CLOSELY,39.12666969,-86.53136998
10,6,1100.0,2-Car,No injury/unknown,FOLLOWING TOO CLOSELY,39.12666969,-86.53136998
4,5,1100.0,2-Car,No injury/unknown,FAILURE TO YIELD RIGHT OF WAY,39.12660505,-86.5726527
3,3,800.0,2-Car,No injury/unknown,FAILURE TO YIELD RIGHT OF WAY,39.12658989,-86.50429978
3,6,0.0,2-Car,No injury/unknown,UNSAFE BACKING,39.12654027,-86.52875597
7,2,1900.0,Cyclist,Non-incapacitating,FAILURE TO YIELD RIGHT OF WAY,39.12654027,-86.52873001
6,4,1300.0,2-Car,No injury/unknown,UNSAFE BACKING,39.12644841,-86.52893185
9,2,1600.0,2-Car,No injury/unknown,UNSAFE SPEED,39.12635975,-86.57267824
5,2,1000.0,2-Car,No injury/unknown,UNSAFE BACKING,39.12631655,-86.52674475
12,4,1900.0,2-Car,No injury/unknown,FOLLOWING TOO CLOSELY,39.12623704,-86.53143033
11,3,2000.0,1-Car,No injury/unknown,RAN OFF ROAD RIGHT,39.12584022,-86.51970975
2,2,700.0,2-Car,No injury/unknown,LEFT OF CENTER,39.12580239,-86.52801375
3,7,1700.0,2-Car,No injury/unknown,LEFT OF CENTER,39.12578993,-86.51912972
8,2,900.0,2-Car,Incapacitating,FAILURE TO YIELD RIGHT OF WAY,39.12556998,-86.5267197
5,7,2200.0,2-Car,No injury/unknown,OTHER (DRIVER) - EXPLAIN IN NARRATIVE,39.125552,-86.610192
7,2,1500.0,2-Car,No injury/unknown,FAILURE TO YIELD RIGHT OF WAY,39.125552,-86.610192
9,2,1000.0,2-Car,No injury/unknown,FAILURE TO YIELD RIGHT OF WAY,39.12546303,-86.61030469
2,6,1400.0,2-Car,Non-incapacitating,SPEED TOO FAST FOR WEATHER CONDITIONS,39.12540354,-86.53110981
1,6,1600.0,2-Car,No injury/unknown,UNSAFE BACKING,39.125312,-86.610496
1,3,1400.0,2-Car,No injury/unknown,FAILURE TO YIELD RIGHT OF WAY,39.125312,-86.610496
2,6,1500.0,2-Car,No injury/unknown,SPEED TOO FAST FOR WEATHER CONDITIONS,39.125312,-86.610496
2,5,1000.0,2-Car,No injury/unknown,UNSAFE BACKING,39.125312,-86.610496
2,6,1900.0,2-Car,No injury/unknown,IMPROPER TURNING,39.125312,-86.610496
2,6,1800.0,2-Car,No injury/unknown,UNSAFE LANE MOVEMENT,39.125312,-86.610496
4,4,2000.0,2-Car,No injury/unknown,UNSAFE BACKING,39.125312,-86.610496
4,7,1500.0,2-Car,No injury/unknown,UNSAFE BACKING,39.125312,-86.610496
4,4,1400.0,2-Car,No injury/unknown,UNSAFE BACKING,39.125312,-86.610496
4,2,1300.0,2-Car,No injury/unknown,UNSAFE BACKING,39.125312,-86.610496
5,1,1700.0,1-Car,No injury/unknown,UNSAFE LANE MOVEMENT,39.125312,-86.610496
7,6,1900.0,2-Car,No injury/unknown,OTHER (DRIVER) - EXPLAIN IN NARRATIVE,39.125312,-86.610496
7,5,1800.0,2-Car,No injury/unknown,UNSAFE BACKING,39.125312,-86.610496
7,1,1300.0,3+ Cars,No injury/unknown,UNSAFE BACKING,39.125312,-86.610496
10,2,1200.0,2-Car,No injury/unknown,FAILURE TO YIELD RIGHT OF WAY,39.125312,-86.610496
8,2,1800.0,2-Car,No injury/unknown,UNSAFE BACKING,39.125312,-86.610496
8,5,2300.0,2-Car,No injury/unknown,UNSAFE BACKING,39.125312,-86.610496
9,3,1300.0,2-Car,No injury/unknown,FAILURE TO YIELD RIGHT OF WAY,39.125312,-86.610496
9,3,1600.0,2-Car,No injury/unknown,IMPROPER TURNING,39.125312,-86.610496
9,6,300.0,Moped/Motorcycle,Non-incapacitating,BRAKE FAILURE OR DEFECTIVE,39.125312,-86.610496
9,6,1200.0,2-Car,No injury/unknown,UNSAFE BACKING,39.125312,-86.610496
9,2,1600.0,2-Car,No injury/unknown,UNSAFE BACKING,39.125312,-86.610496
10,4,900.0,2-Car,No injury/unknown,IMPROPER LANE USAGE,39.125312,-86.610496
10,4,1800.0,2-Car,No injury/unknown,FAILURE TO YIELD RIGHT OF WAY,39.125312,-86.610496
11,4,1600.0,2-Car,No injury/unknown,UNSAFE BACKING,39.125312,-86.610496
11,6,1200.0,2-Car,No injury/unknown,FAILURE TO YIELD RIGHT OF WAY,39.125312,-86.610496
11,3,1200.0,2-Car,No injury/unknown,UNSAFE BACKING,39.125312,-86.610496
11,6,1200.0,2-Car,No injury/unknown,OTHER (DRIVER) - EXPLAIN IN NARRATIVE,39.125312,-86.610496
11,7,1500.0,2-Car,No injury/unknown,IMPROPER LANE USAGE,39.125312,-86.610496
12,2,1600.0,2-Car,No injury/unknown,,39.125312,-86.610496
12,7,1900.0,2-Car,No injury/unknown,FAILURE TO YIELD RIGHT OF WAY,39.125312,-86.610496
12,6,1200.0,2-Car,No injury/unknown,UNSAFE BACKING,39.125312,-86.610496
12,3,1700.0,2-Car,No injury/unknown,IMPROPER LANE USAGE,39.125312,-86.610496
1,6,1500.0,1-Car,No injury/unknown,RAN OFF ROAD RIGHT,39.12528992,-86.55259704
7,4,600.0,2-Car,No injury/unknown,UNSAFE BACKING,39.12506161,-86.50869583
8,3,400.0,Bus,No injury/unknown,FAILURE TO YIELD RIGHT OF WAY,39.12451083,-86.56205981
2,7,1100.0,1-Car,No injury/unknown,UNSAFE SPEED,39.12396075,-86.52653999
4,7,1500.0,2-Car,No injury/unknown,UNSAFE BACKING,39.12392521,-86.52665691
4,5,200.0,1-Car,No injury/unknown,UNSAFE SPEED,39.123856,-86.526656
5,2,2300.0,1-Car,No injury/unknown,RAN OFF ROAD RIGHT,39.123376,-86.582592
10,1,2200.0,1-Car,No injury/unknown,ANIMAL/OBJECT IN ROADWAY,39.12326906,-86.57157013
6,2,1000.0,2-Car,No injury/unknown,FAILURE TO YIELD RIGHT OF WAY,39.123248,-86.578192
2,4,1500.0,2-Car,No injury/unknown,FOLLOWING TOO CLOSELY,39.12318039,-86.60572814
9,6,1900.0,2-Car,Non-incapacitating,FOLLOWING TOO CLOSELY,39.12318039,-86.60572814
8,3,1500.0,2-Car,No injury/unknown,UNSAFE SPEED,39.12282328,-86.52669309
7,5,1800.0,2-Car,No injury/unknown,FAILURE TO YIELD RIGHT OF WAY,39.122448,-86.574
10,3,1700.0,2-Car,No injury/unknown,FAILURE TO YIELD RIGHT OF WAY,39.12244371,-86.57123701
6,2,1500.0,1-Car,No injury/unknown,RAN OFF ROAD RIGHT,39.122416,-86.64296
9,4,1200.0,2-Car,Non-incapacitating,OTHER (DRIVER) - EXPLAIN IN NARRATIVE,39.12240003,-86.52655958
7,1,1900.0,1-Car,No injury/unknown,RAN OFF ROAD RIGHT,39.122352,-86.5964
7,3,2000.0,2-Car,No injury/unknown,LEFT OF CENTER,39.122352,-86.5964
7,7,1300.0,2-Car,No injury/unknown,FOLLOWING TOO CLOSELY,39.122352,-86.5712
9,5,700.0,1-Car,No injury/unknown,ANIMAL/OBJECT IN ROADWAY,39.122352,-86.5712
12,6,900.0,2-Car,No injury/unknown,FAILURE TO YIELD RIGHT OF WAY,39.122352,-86.5712
5,5,1700.0,2-Car,Non-incapacitating,FOLLOWING TOO CLOSELY,39.12230976,-86.60576976
5,5,2100.0,2-Car,No injury/unknown,FAILURE TO YIELD RIGHT OF WAY,39.12230976,-86.60576976
2,6,800.0,1-Car,No injury/unknown,ENGINE FAILURE OR DEFECTIVE,39.12228671,-86.61264768
6,5,1500.0,2-Car,No injury/unknown,FAILURE TO YIELD RIGHT OF WAY,39.12226288,-86.52655049
5,6,1600.0,2-Car,No injury/unknown,IMPROPER TURNING,39.12224,-86.6144
6,5,1700.0,2-Car,Non-incapacitating,FAILURE TO YIELD RIGHT OF WAY,39.122224,-86.562688
12,3,1700.0,2-Car,No injury/unknown,UNSAFE LANE MOVEMENT,39.12221377,-86.57112747
2,5,1900.0,2-Car,No injury/unknown,FOLLOWING TOO CLOSELY,39.12221146,-86.57353973
12,7,1000.0,2-Car,No injury/unknown,UNSAFE LANE MOVEMENT,39.12221146,-86.57353973
11,7,1300.0,2-Car,Non-incapacitating,DISREGARD SIGNAL/REG SIGN,39.12221146,-86.57353973
5,2,700.0,Bus,No injury/unknown,FAILURE TO YIELD RIGHT OF WAY,39.12221146,-86.57353973
5,5,1800.0,2-Car,No injury/unknown,FAILURE TO YIELD RIGHT OF WAY,39.12221146,-86.57353973
6,1,1800.0,2-Car,Non-incapacitating,FAILURE TO YIELD RIGHT OF WAY,39.12221146,-86.57353973
1,4,1100.0,1-Car,No injury/unknown,SPEED TOO FAST FOR WEATHER CONDITIONS,39.12209988,-86.57401253
7,2,800.0,2-Car,No injury/unknown,FAILURE TO YIELD RIGHT OF WAY,39.12209401,-86.57097534
12,3,200.0,1-Car,Incapacitating,SPEED TOO FAST FOR WEATHER CONDITIONS,39.12202072,-86.57611847
7,1,2200.0,1-Car,No injury/unknown,ANIMAL/OBJECT IN ROADWAY,39.12196944,-86.61482007
10,4,1500.0,1-Car,Incapacitating,ANIMAL/OBJECT IN ROADWAY,39.1219368,-86.5036087
9,4,1600.0,1-Car,No injury/unknown,OBSTRUCTION NOT MARKED,39.1218974,-86.57080413
1,6,1600.0,1-Car,No injury/unknown,RAN OFF ROAD RIGHT,39.121808,-86.4993129
1,6,500.0,1-Car,No injury/unknown,SPEED TOO FAST FOR WEATHER CONDITIONS,39.121808,-86.498784
12,5,1900.0,1-Car,No injury/unknown,ANIMAL/OBJECT IN ROADWAY,39.121808,-86.498784
2,6,1500.0,2-Car,No injury/unknown,SPEED TOO FAST FOR WEATHER CONDITIONS,39.12180014,-86.54792994
12,6,1000.0,2-Car,No injury/unknown,FAILURE TO YIELD RIGHT OF WAY,39.12179947,-86.54792786
11,1,1800.0,2-Car,No injury/unknown,UNSAFE BACKING,39.12170576,-86.46293007
4,6,1700.0,3+ Cars,No injury/unknown,DRIVER ASLEEP OR FATIGUED,39.121648,-86.539088
7,3,1300.0,1-Car,Incapacitating,RAN OFF ROAD RIGHT,39.121648,-86.539088
8,7,2100.0,Moped/Motorcycle,Non-incapacitating,RAN OFF ROAD RIGHT,39.121648,-86.539088
12,4,700.0,2-Car,No injury/unknown,FAILURE TO YIELD RIGHT OF WAY,39.121648,-86.539088
7,4,800.0,Moped/Motorcycle,Non-incapacitating,RAN OFF ROAD RIGHT,39.12163667,-86.5389123
8,2,1600.0,1-Car,Non-incapacitating,RAN OFF ROAD RIGHT,39.12162533,-86.53873661
11,2,800.0,1-Car,No injury/unknown,RAN OFF ROAD RIGHT,39.12160202,-86.49878087
11,6,1100.0,2-Car,No injury/unknown,FAILURE TO YIELD RIGHT OF WAY,39.12159053,-86.53819722
2,5,1500.0,2-Car,No injury/unknown,UNSAFE LANE MOVEMENT,39.121552,-86.531296
7,3,1700.0,2-Car,No injury/unknown,FOLLOWING TOO CLOSELY,39.121552,-86.531296
8,4,800.0,2-Car,No injury/unknown,FOLLOWING TOO CLOSELY,39.121552,-86.531296
1,5,1600.0,2-Car,No injury/unknown,FAILURE TO YIELD RIGHT OF WAY,39.12154418,-86.53386009
4,1,1900.0,Cyclist,Incapacitating,FAILURE TO YIELD RIGHT OF WAY,39.12154418,-86.53386009
7,3,1300.0,2-Car,No injury/unknown,OTHER (DRIVER) - EXPLAIN IN NARRATIVE,39.12154418,-86.53386009
8,1,1800.0,2-Car,Non-incapacitating,LEFT OF CENTER,39.12154418,-86.53386009
4,4,700.0,2-Car,No injury/unknown,ROADWAY SURFACE CONDITION,39.12152,-86.51792
2,2,700.0,2-Car,No injury/unknown,IMPROPER TURNING,39.12145396,-86.52850072
7,4,1500.0,2-Car,No injury/unknown,UNSAFE LANE MOVEMENT,39.12144423,-86.52596713
10,1,1200.0,2-Car,No injury/unknown,FAILURE TO YIELD RIGHT OF WAY,39.12144005,-86.51157998
3,2,1700.0,2-Car,Non-incapacitating,OVERCORRECTING/OVERSTEERING,39.12144005,-86.51157997
1,3,1700.0,1-Car,No injury/unknown,RAN OFF ROAD RIGHT,39.12144005,-86.51153671
1,7,2100.0,1-Car,No injury/unknown,SPEED TOO FAST FOR WEATHER CONDITIONS,39.12144,-86.526496
2,3,1600.0,Bus,Non-incapacitating,FOLLOWING TOO CLOSELY,39.12144,-86.526496
5,6,2100.0,2-Car,No injury/unknown,FAILURE TO YIELD RIGHT OF WAY,39.12144,-86.526496
5,7,1700.0,2-Car,Non-incapacitating,FAILURE TO YIELD RIGHT OF WAY,39.12144,-86.526496
5,4,1500.0,2-Car,No injury/unknown,INSECURE/LEAKY LOAD,39.12144,-86.526496
6,7,2300.0,2-Car,Non-incapacitating,FAILURE TO YIELD RIGHT OF WAY,39.12144,-86.526496
6,4,1500.0,2-Car,No injury/unknown,FOLLOWING TOO CLOSELY,39.12144,-86.526496
8,1,2100.0,2-Car,Non-incapacitating,DISREGARD SIGNAL/REG SIGN,39.12144,-86.526496
10,6,1400.0,2-Car,No injury/unknown,FOLLOWING TOO CLOSELY,39.12144,-86.526496
10,6,1700.0,2-Car,No injury/unknown,FAILURE TO YIELD RIGHT OF WAY,39.12144,-86.526496
11,3,1600.0,2-Car,No injury/unknown,SPEED TOO FAST FOR WEATHER CONDITIONS,39.12144,-86.526496
11,5,700.0,2-Car,No injury/unknown,FAILURE TO YIELD RIGHT OF WAY,39.12144,-86.526496
12,2,1000.0,2-Car,No injury/unknown,FAILURE TO YIELD RIGHT OF WAY,39.12144,-86.526496
11,2,1900.0,2-Car,No injury/unknown,FOLLOWING TOO CLOSELY,39.12141994,-86.53134987
8,5,1300.0,1-Car,No injury/unknown,RAN OFF ROAD RIGHT,39.12138976,-86.5299189
10,1,1300.0,2-Car,No injury/unknown,UNSAFE SPEED,39.12138759,-86.53136998
9,3,1300.0,2-Car,No injury/unknown,FOLLOWING TOO CLOSELY,39.12074425,-86.61672221
9,6,2200.0,2-Car,No injury/unknown,OVERCORRECTING/OVERSTEERING,39.12021637,-86.52938079
12,6,1800.0,2-Car,No injury/unknown,UNSAFE BACKING,39.12017003,-86.54685834
2,6,1400.0,1-Car,No injury/unknown,SPEED TOO FAST FOR WEATHER CONDITIONS,39.12007898,-86.56922069
1,6,1000.0,2-Car,No injury/unknown,DISREGARD SIGNAL/REG SIGN,39.11906052,-86.5313034
6,1,1400.0,2-Car,No injury/unknown,DISREGARD SIGNAL/REG SIGN,39.11906052,-86.5313034
8,6,100.0,1-Car,No injury/unknown,RAN OFF ROAD RIGHT,39.11906052,-86.5313034
10,2,1900.0,1-Car,No injury/unknown,BRAKE FAILURE OR DEFECTIVE,39.11884817,-86.51882998
6,4,1700.0,3+ Cars,No injury/unknown,FOLLOWING TOO CLOSELY,39.11854315,-86.62032814
11,4,1600.0,2-Car,Non-incapacitating,LEFT OF CENTER,39.11854315,-86.62032814
7,4,100.0,1-Car,No injury/unknown,ANIMAL/OBJECT IN ROADWAY,39.11832992,-86.56769774
5,7,1500.0,1-Car,No injury/unknown,STEERING FAILURE,39.11790085,-86.64198333
5,7,1500.0,2-Car,No injury/unknown,FAILURE TO YIELD RIGHT OF WAY,39.117648,-86.567104
7,2,1200.0,2-Car,Non-incapacitating,FAILURE TO YIELD RIGHT OF WAY,39.117648,-86.567104
5,2,1700.0,2-Car,Non-incapacitating,FAILURE TO YIELD RIGHT OF WAY,39.117648,-86.567104
6,3,1200.0,2-Car,Incapacitating,FAILURE TO YIELD RIGHT OF WAY,39.117648,-86.567104
6,1,1200.0,Moped/Motorcycle,Non-incapacitating,FAILURE TO YIELD RIGHT OF WAY,39.117648,-86.567104
10,1,1500.0,1-Car,No injury/unknown,ANIMAL/OBJECT IN ROADWAY,39.117648,-86.567104