Month,Day,Hour,Collision Type,Injury Type,Primary Factor,Latitude,Longitude
10,3,800.0,1-Car,No injury/unknown,ANIMAL/OBJECT IN ROADWAY,39.11743515,-86.4965301
2,4,800.0,1-Car,No injury/unknown,SPEED TOO FAST FOR WEATHER CONDITIONS,39.11738659,-86.539392
7,4,100.0,1-Car,Non-incapacitating,UNSAFE SPEED,39.11732979,-86.64174557
1,5,1800.0,2-Car,No injury/unknown,SPEED TOO FAST FOR WEATHER CONDITIONS,39.11717606,-86.53736114
1,7,2000.0,2-Car,No injury/unknown,RAN OFF ROAD RIGHT,39.11717606,-86.53736114
5,1,2200.0,2-Car,No injury/unknown,RAN OFF ROAD RIGHT,39.11717606,-86.53736114
6,3,1400.0,2-Car,No injury/unknown,IMPROPER TURNING,39.11716998,-86.54149849
12,1,900.0,1-Car,No injury/unknown,RAN OFF ROAD RIGHT,39.117152,-86.573504
12,4,1800.0,1-Car,No injury/unknown,ANIMAL/OBJECT IN ROADWAY,39.1170815,-86.56188011
12,4,1600.0,1-Car,No injury/unknown,RAN OFF ROAD RIGHT,39.11678592,-86.55407019
2,6,1400.0,2-Car,No injury/unknown,SPEED TOO FAST FOR WEATHER CONDITIONS,39.11664474,-86.5659002
10,2,300.0,1-Car,Non-incapacitating,DISREGARD SIGNAL/REG SIGN,39.11664474,-86.5659002
6,1,1700.0,2-Car,No injury/unknown,FOLLOWING TOO CLOSELY,39.116464,-86.428672
8,1,0.0,1-Car,Non-incapacitating,RAN OFF ROAD RIGHT,39.116352,-86.526496
2,4,600.0,1-Car,No injury/unknown,ANIMAL/OBJECT IN ROADWAY,39.11614674,-86.62461322
10,7,1700.0,1-Car,No injury/unknown,SPEED TOO FAST FOR WEATHER CONDITIONS,39.11578002,-86.42874943
6,1,900.0,1-Car,No injury/unknown,LEFT OF CENTER,39.11564322,-86.42876492
1,5,900.0,2-Car,Non-incapacitating,FAILURE TO YIELD RIGHT OF WAY,39.115552,-86.564592
1,5,1400.0,2-Car,No injury/unknown,FOLLOWING TOO CLOSELY,39.115552,-86.564592
9,4,2100.0,1-Car,Non-incapacitating,UNSAFE LANE MOVEMENT,39.115552,-86.564592
12,3,1700.0,1-Car,No injury/unknown,LEFT OF CENTER,39.115552,-86.564592
10,1,1100.0,2-Car,No injury/unknown,,39.115248,-86.573504
12,7,700.0,2-Car,No injury/unknown,UNSAFE SPEED,39.115248,-86.573504
11,2,600.0,1-Car,No injury/unknown,RAN OFF ROAD RIGHT,39.115248,-86.573504
9,1,1800.0,1-Car,No injury/unknown,RAN OFF ROAD RIGHT,39.11518097,-86.43262481
5,6,1200.0,2-Car,No injury/unknown,OVERCORRECTING/OVERSTEERING,39.11504,-86.630992
5,6,1200.0,1-Car,No injury/unknown,FOLLOWING TOO CLOSELY,39.11504,-86.630992
7,4,800.0,3+ Cars,No injury/unknown,LEFT OF CENTER,39.11504,-86.630992
9,2,900.0,2-Car,No injury/unknown,BRAKE FAILURE OR DEFECTIVE,39.11504,-86.630992
3,7,500.0,1-Car,No injury/unknown,RAN OFF ROAD RIGHT,39.11502979,-86.63028699
10,4,1500.0,1-Car,Non-incapacitating,RAN OFF ROAD RIGHT,39.114992,-86.62768
12,7,600.0,1-Car,No injury/unknown,SPEED TOO FAST FOR WEATHER CONDITIONS,39.114992,-86.62768
12,2,1100.0,1-Car,No injury/unknown,OVERSIZE/OVERWEIGHT LOAD,39.11464,-86.539392
2,3,1400.0,Bus,No injury/unknown,UNSAFE BACKING,39.11390686,-86.54530334
2,3,1400.0,Bus,No injury/unknown,UNSAFE BACKING,39.11390686,-86.54530334
4,6,1500.0,2-Car,No injury/unknown,DRIVER DISTRACTED - EXPLAIN IN NARRATIVE,39.11390686,-86.54530334
6,7,100.0,1-Car,No injury/unknown,RAN OFF ROAD RIGHT,39.11388114,-86.63338835
3,2,1100.0,2-Car,No injury/unknown,FOLLOWING TOO CLOSELY,39.11373487,-86.53868973
8,3,1700.0,2-Car,No injury/unknown,LEFT OF CENTER,39.11339007,-86.52104791
6,2,1200.0,2-Car,Non-incapacitating,FAILURE TO YIELD RIGHT OF WAY,39.11253936,-86.53149001
4,6,1600.0,3+ Cars,No injury/unknown,FOLLOWING TOO CLOSELY,39.11223984,-86.56208801
11,5,800.0,2-Car,No injury/unknown,FOLLOWING TOO CLOSELY,39.11123658,-86.54792786
6,7,2200.0,2-Car,No injury/unknown,UNSAFE BACKING,39.1111908,-86.64990234
2,7,100.0,1-Car,No injury/unknown,UNSAFE SPEED,39.11102726,-86.54887009
5,4,1800.0,Moped/Motorcycle,No injury/unknown,FOLLOWING TOO CLOSELY,39.111024,-86.638304
2,6,2100.0,1-Car,No injury/unknown,RAN OFF ROAD RIGHT,39.1098518,-86.64017954
6,3,1600.0,2-Car,No injury/unknown,FOLLOWING TOO CLOSELY,39.10943587,-86.64084501
2,7,1700.0,3+ Cars,Non-incapacitating,FOLLOWING TOO CLOSELY,39.10937572,-86.64094126
8,2,100.0,2-Car,No injury/unknown,FAILURE TO YIELD RIGHT OF WAY,39.10937033,-86.64094989
1,5,1700.0,2-Car,No injury/unknown,ROADWAY SURFACE CONDITION,39.108848,-86.6384
6,1,800.0,1-Car,Non-incapacitating,LEFT OF CENTER,39.10840986,-86.65055254
10,3,1700.0,3+ Cars,No injury/unknown,FOLLOWING TOO CLOSELY,39.1083746,-86.55495588
4,5,1700.0,1-Car,No injury/unknown,RAN OFF ROAD RIGHT,39.10833825,-86.66597392
3,7,200.0,1-Car,No injury/unknown,ANIMAL/OBJECT IN ROADWAY,39.10824,-86.666192
5,5,1100.0,2-Car,No injury/unknown,UNSAFE BACKING,39.10819864,-86.64590599
1,1,300.0,1-Car,Non-incapacitating,RAN OFF ROAD RIGHT,39.10818525,-86.40965939
9,2,1800.0,3+ Cars,Non-incapacitating,FOLLOWING TOO CLOSELY,39.10810089,-86.63702269
5,5,1700.0,3+ Cars,No injury/unknown,FOLLOWING TOO CLOSELY,39.10810089,-86.63700103
5,6,1100.0,2-Car,No injury/unknown,IMPROPER PASSING,39.108032,-86.575552
10,7,1800.0,1-Car,Non-incapacitating,RAN OFF ROAD RIGHT,39.10779177,-86.5224798
3,3,1500.0,3+ Cars,No injury/unknown,UNSAFE SPEED,39.10764414,-86.64370007
11,3,400.0,1-Car,No injury/unknown,ANIMAL/OBJECT IN ROADWAY,39.10756539,-86.6437769
3,6,600.0,1-Car,No injury/unknown,ANIMAL/OBJECT IN ROADWAY,39.10748449,-86.54626781
3,7,2200.0,1-Car,Non-incapacitating,RAN OFF ROAD RIGHT,39.107456,-86.540064
8,3,1500.0,2-Car,No injury/unknown,FAILURE TO YIELD RIGHT OF WAY,39.107456,-86.540064
8,5,1300.0,2-Car,No injury/unknown,DRIVER DISTRACTED - EXPLAIN IN NARRATIVE,39.107456,-86.540064
8,7,1600.0,Moped/Motorcycle,Non-incapacitating,OVERCORRECTING/OVERSTEERING,39.107456,-86.540064
8,3,0.0,1-Car,No injury/unknown,LEFT OF CENTER,39.10743375,-86.55367188
4,3,2100.0,1-Car,Non-incapacitating,UNSAFE SPEED,39.107344,-86.5264
5,6,1600.0,2-Car,No injury/unknown,FOLLOWING TOO CLOSELY,39.107344,-86.5264
7,4,1600.0,Moped/Motorcycle,Non-incapacitating,RAN OFF ROAD RIGHT,39.10733029,-86.54019332
7,7,900.0,2-Car,No injury/unknown,FAILURE TO YIELD RIGHT OF WAY,39.10725988,-86.53149001
8,6,1600.0,2-Car,Non-incapacitating,FAILURE TO YIELD RIGHT OF WAY,39.10725988,-86.53149001
10,5,1700.0,Moped/Motorcycle,Non-incapacitating,RAN OFF ROAD RIGHT,39.107248,-86.531392
1,1,0.0,2-Car,No injury/unknown,SPEED TOO FAST FOR WEATHER CONDITIONS,39.10715997,-86.52650982
7,6,1700.0,Moped/Motorcycle,Incapacitating,FAILURE TO YIELD RIGHT OF WAY,39.10715997,-86.52650982
9,3,700.0,2-Car,No injury/unknown,FOLLOWING TOO CLOSELY,39.10715997,-86.52650982
6,6,2300.0,2-Car,No injury/unknown,OTHER (DRIVER) - EXPLAIN IN NARRATIVE,39.107152,-86.523792
2,6,1600.0,1-Car,No injury/unknown,RAN OFF ROAD RIGHT,39.10704,-86.523488
11,6,2300.0,1-Car,No injury/unknown,RAN OFF ROAD RIGHT,39.10704,-86.523488
12,6,1500.0,2-Car,No injury/unknown,FOLLOWING TOO CLOSELY,39.10702663,-86.54225975
8,3,600.0,1-Car,No injury/unknown,IMPROPER TURNING,39.1069603,-86.55139923
6,2,700.0,1-Car,No injury/unknown,RAN OFF ROAD RIGHT,39.10680853,-86.52329823
11,3,1700.0,2-Car,No injury/unknown,OTHER (VEHICLE) - EXPLAIN IN NARRATIVE,39.10649288,-86.55238793
8,1,200.0,1-Car,No injury/unknown,UNSAFE BACKING,39.10649041,-86.55034722
1,3,900.0,2-Car,No injury/unknown,FAILURE TO YIELD RIGHT OF WAY,39.10647964,-86.66599273
2,6,1600.0,2-Car,No injury/unknown,FOLLOWING TOO CLOSELY,39.1064736,-86.64484612
7,7,2200.0,2-Car,No injury/unknown,INSECURE/LEAKY LOAD,39.10592835,-86.55161757
10,4,1700.0,1-Car,No injury/unknown,RAN OFF ROAD RIGHT,39.10568006,-86.5224798
10,4,1700.0,1-Car,No injury/unknown,RAN OFF ROAD RIGHT,39.10568006,-86.5224798
3,3,900.0,2-Car,No injury/unknown,DISREGARD SIGNAL/REG SIGN,39.10564948,-86.55126849
6,3,0.0,2-Car,No injury/unknown,SPEED TOO FAST FOR WEATHER CONDITIONS,39.10564948,-86.55126849
12,3,1700.0,2-Car,No injury/unknown,IMPROPER PASSING,39.10563668,-86.55121955
1,4,2100.0,2-Car,No injury/unknown,RAN OFF ROAD RIGHT,39.105552,-86.551104
4,5,1700.0,3+ Cars,Non-incapacitating,CELL PHONE USAGE,39.105552,-86.551104
5,7,1200.0,2-Car,No injury/unknown,DISREGARD SIGNAL/REG SIGN,39.105552,-86.551104
5,5,1700.0,2-Car,No injury/unknown,FOLLOWING TOO CLOSELY,39.105552,-86.551104
11,5,1300.0,2-Car,No injury/unknown,UNSAFE SPEED,39.105552,-86.551104
11,7,1100.0,2-Car,No injury/unknown,UNSAFE SPEED,39.105552,-86.551104
12,6,700.0,3+ Cars,Incapacitating,SPEED TOO FAST FOR WEATHER CONDITIONS,39.105552,-86.551104
2,6,1700.0,2-Car,No injury/unknown,LEFT OF CENTER,39.10549574,-86.58264923
6,2,2100.0,1-Car,No injury/unknown,ANIMAL/OBJECT IN ROADWAY,39.10526877,-86.55085496
10,7,1000.0,2-Car,No injury/unknown,FAILURE TO YIELD RIGHT OF WAY,39.10461155,-86.53265007
5,3,800.0,2-Car,No injury/unknown,UNSAFE BACKING,39.10329437,-86.55007171
8,6,600.0,2-Car,No injury/unknown,OTHER (DRIVER) - EXPLAIN IN NARRATIVE,39.10329437,-86.55007171
2,3,1600.0,1-Car,No injury/unknown,SPEED TOO FAST FOR WEATHER CONDITIONS,39.10328611,-86.54911173
10,4,1300.0,1-Car,No injury/unknown,UNSAFE BACKING,39.10325486,-86.520384
3,1,1600.0,1-Car,No injury/unknown,RAN OFF ROAD RIGHT,39.1032,-86.38
1,3,2200.0,1-Car,No injury/unknown,ROADWAY SURFACE CONDITION,39.102704,-86.461792
11,3,300.0,1-Car,No injury/unknown,UNSAFE SPEED,39.101776,-86.576864
3,1,1700.0,1-Car,No injury/unknown,RAN OFF ROAD RIGHT,39.10162993,-86.57694637
12,1,2300.0,1-Car,No injury/unknown,ANIMAL/OBJECT IN ROADWAY,39.10108185,-86.64848723
12,4,2300.0,1-Car,No injury/unknown,DRIVER ASLEEP OR FATIGUED,39.10108185,-86.64842224
1,2,800.0,1-Car,No injury/unknown,RAN OFF ROAD RIGHT,39.10108185,-86.64841357
2,7,2200.0,1-Car,No injury/unknown,SPEED TOO FAST FOR WEATHER CONDITIONS,39.10082938,-86.54762338
3,3,1500.0,1-Car,Incapacitating,RAN OFF ROAD RIGHT,39.100752,-86.593504
6,1,1400.0,1-Car,No injury/unknown,RAN OFF ROAD RIGHT,39.100752,-86.593504
3,2,800.0,1-Car,No injury/unknown,RAN OFF ROAD RIGHT,39.100432,-86.490864
11,3,1500.0,1-Car,No injury/unknown,RAN OFF ROAD RIGHT,39.09990996,-86.51785031
4,3,1600.0,2-Car,No injury/unknown,FOLLOWING TOO CLOSELY,39.09990996,-86.5178503
8,1,1600.0,2-Car,Non-incapacitating,FAILURE TO YIELD RIGHT OF WAY,39.09990996,-86.5178503
9,5,700.0,2-Car,No injury/unknown,FOLLOWING TOO CLOSELY,39.09990996,-86.5178503
2,1,1500.0,1-Car,Non-incapacitating,ANIMAL/OBJECT IN ROADWAY,39.09982635,-86.50787115
5,4,800.0,2-Car,No injury/unknown,FOLLOWING TOO CLOSELY,39.09982326,-86.53143033
6,6,1500.0,2-Car,No injury/unknown,FAILURE TO YIELD RIGHT OF WAY,39.099792,-86.498448
1,7,1900.0,1-Car,No injury/unknown,ANIMAL/OBJECT IN ROADWAY,39.09947986,-86.65167982
11,7,800.0,2-Car,No injury/unknown,UNSAFE BACKING,39.09942627,-86.50015259
9,2,1500.0,2-Car,No injury/unknown,FOLLOWING TOO CLOSELY,39.099408,-86.537904
6,6,1600.0,2-Car,No injury/unknown,FAILURE TO YIELD RIGHT OF WAY,39.09937058,-86.65178655
2,2,2300.0,1-Car,No injury/unknown,SPEED TOO FAST FOR WEATHER CONDITIONS,39.09916994,-86.65205139
2,2,2300.0,1-Car,No injury/unknown,SPEED TOO FAST FOR WEATHER CONDITIONS,39.09916994,-86.65205139
6,7,1000.0,2-Car,Non-incapacitating,FOLLOWING TOO CLOSELY,39.09916994,-86.65205139
1,5,500.0,1-Car,No injury/unknown,SPEED TOO FAST FOR WEATHER CONDITIONS,39.099152,-86.652
8,6,1400.0,2-Car,No injury/unknown,FOLLOWING TOO CLOSELY,39.099152,-86.652
11,5,1500.0,3+ Cars,No injury/unknown,FOLLOWING TOO CLOSELY,39.099152,-86.652
11,3,600.0,2-Car,No injury/unknown,OTHER (DRIVER) - EXPLAIN IN NARRATIVE,39.09878383,-86.6525232
8,3,2100.0,1-Car,No injury/unknown,RAN OFF ROAD RIGHT,39.09859974,-86.6527848
8,6,1300.0,2-Car,No injury/unknown,FOLLOWING TOO CLOSELY,39.09834571,-86.5768703
6,4,500.0,2-Car,No injury/unknown,RAN OFF ROAD RIGHT,39.09823709,-86.65331172
9,2,1700.0,2-Car,No injury/unknown,FOLLOWING TOO CLOSELY,39.09823709,-86.65331172
9,6,1700.0,2-Car,No injury/unknown,OTHER (VEHICLE) - EXPLAIN IN NARRATIVE,39.09791987,-86.65502648
10,5,1100.0,1-Car,No injury/unknown,SPEED TOO FAST FOR WEATHER CONDITIONS,39.0978812,-86.57508999
1,6,0.0,1-Car,No injury/unknown,SPEED TOO FAST FOR WEATHER CONDITIONS,39.09784,-86.5168
11,4,1400.0,1-Car,Incapacitating,RAN OFF ROAD RIGHT,39.09772873,-86.65816498
9,6,500.0,1-Car,No injury/unknown,ANIMAL/OBJECT IN ROADWAY,39.09749309,-86.65665092
11,2,800.0,1-Car,No injury/unknown,RAN OFF ROAD RIGHT,39.096496,-86.55672021
1,7,2100.0,1-Car,No injury/unknown,SPEED TOO FAST FOR WEATHER CONDITIONS,39.09587994,-86.49366685
2,4,700.0,1-Car,Incapacitating,RAN OFF ROAD RIGHT,39.09518736,-86.51332005
11,6,900.0,2-Car,No injury/unknown,FAILURE TO YIELD RIGHT OF WAY,39.09431839,-86.55906677
10,1,1700.0,2-Car,No injury/unknown,DISREGARD SIGNAL/REG SIGN,39.09431839,-86.55906677
12,4,1800.0,2-Car,No injury/unknown,UNSAFE BACKING,39.0938614,-86.4878725
2,4,1100.0,1-Car,No injury/unknown,RAN OFF ROAD RIGHT,39.093744,-86.638304
3,3,0.0,1-Car,No injury/unknown,UNSAFE BACKING,39.09365845,-86.6384201
2,6,1500.0,1-Car,No injury/unknown,RAN OFF ROAD RIGHT,39.0934398,-86.61231034
4,1,900.0,1-Car,No injury/unknown,RAN OFF ROAD RIGHT,39.093344,-86.5868
6,4,900.0,1-Car,No injury/unknown,RAN OFF ROAD RIGHT,39.09334123,-86.42645263
1,7,1300.0,2-Car,Non-incapacitating,FAILURE TO YIELD RIGHT OF WAY,39.092976,-86.545648
2,2,1100.0,Bus,No injury/unknown,FOLLOWING TOO CLOSELY,39.092976,-86.545648
3,7,1200.0,3+ Cars,Non-incapacitating,FAILURE TO YIELD RIGHT OF WAY,39.092976,-86.545648
10,7,1100.0,2-Car,Incapacitating,FAILURE TO YIELD RIGHT OF WAY,39.092976,-86.545648
3,2,1900.0,2-Car,Non-incapacitating,UNSAFE SPEED,39.09295969,-86.54403028
1,5,2000.0,2-Car,No injury/unknown,LEFT OF CENTER,39.092928,-86.54176
2,6,1900.0,1-Car,No injury/unknown,RAN OFF ROAD RIGHT,39.09264591,-86.51724863
10,6,1500.0,1-Car,Non-incapacitating,UNSAFE SPEED,39.09264,-86.51672
7,3,2000.0,2-Car,No injury/unknown,FAILURE TO YIELD RIGHT OF WAY,39.09261033,-86.51702016
2,5,500.0,1-Car,No injury/unknown,ANIMAL/OBJECT IN ROADWAY,39.0925715,-86.51671393
6,1,1600.0,1-Car,No injury/unknown,RAN OFF ROAD RIGHT,39.092112,-86.422832
5,6,1800.0,1-Car,No injury/unknown,OTHER (DRIVER) - EXPLAIN IN NARRATIVE,39.09188882,-86.42310462
11,6,1800.0,1-Car,Non-incapacitating,ANIMAL/OBJECT IN ROADWAY,39.09171295,-86.66372607
9,3,2200.0,2-Car,No injury/unknown,RAN OFF ROAD RIGHT,39.09145737,-86.66584014
8,7,1400.0,Moped/Motorcycle,Non-incapacitating,ROADWAY SURFACE CONDITION,39.09077267,-86.42254836
6,3,1300.0,1-Car,Non-incapacitating,UNSAFE SPEED,39.0907082,-86.66506908
3,5,1400.0,2-Car,No injury/unknown,LEFT OF CENTER,39.09040189,-86.66553064
4,3,600.0,2-Car,Non-incapacitating,UNSAFE LANE MOVEMENT,39.09028951,-86.66568531
10,4,900.0,1-Car,No injury/unknown,RAN OFF ROAD RIGHT,39.08993365,-86.66617511
6,5,0.0,1-Car,Non-incapacitating,RAN OFF ROAD RIGHT,39.08986213,-86.47741936
4,6,1600.0,2-Car,No injury/unknown,UNSAFE SPEED,39.08984,-86.666304
10,6,1300.0,3+ Cars,No injury/unknown,FOLLOWING TOO CLOSELY,39.08984,-86.666304
11,4,800.0,2-Car,Non-incapacitating,DRIVER DISTRACTED - EXPLAIN IN NARRATIVE,39.08973159,-86.53134987
9,2,1700.0,2-Car,No injury/unknown,FAILURE TO YIELD RIGHT OF WAY,39.08973159,-86.53134986
2,6,1900.0,2-Car,No injury/unknown,LEFT OF CENTER,39.08962597,-86.66664847
10,6,2300.0,1-Car,No injury/unknown,SPEED TOO FAST FOR WEATHER CONDITIONS,39.08907122,-86.42325955
2,3,700.0,3+ Cars,Non-incapacitating,UNSAFE SPEED,39.08750265,-86.54271841
11,6,1800.0,1-Car,No injury/unknown,ANIMAL/OBJECT IN ROADWAY,39.08749403,-86.67013535
2,3,700.0,1-Car,No injury/unknown,UNSAFE SPEED,39.08709195,-86.63844981
9,7,1400.0,1-Car,Non-incapacitating,RAN OFF ROAD RIGHT,39.08701513,-86.67099574
10,3,2200.0,1-Car,Incapacitating,UNSAFE SPEED,39.08701513,-86.67099574
4,6,900.0,2-Car,No injury/unknown,FOLLOWING TOO CLOSELY,39.0868555,-86.67128253
4,1,0.0,1-Car,Non-incapacitating,RAN OFF ROAD RIGHT,39.0868555,-86.67128253
11,4,2100.0,1-Car,No injury/unknown,ANIMAL/OBJECT IN ROADWAY,39.08684429,-86.67145559
3,1,2000.0,1-Car,No injury/unknown,SPEED TOO FAST FOR WEATHER CONDITIONS,39.08683528,-86.67184309
12,6,1200.0,1-Car,No injury/unknown,RAN OFF ROAD RIGHT,39.086832,-86.671984
7,1,1800.0,3+ Cars,Non-incapacitating,FOLLOWING TOO CLOSELY,39.08681297,-86.67416892
1,1,1300.0,1-Car,No injury/unknown,RAN OFF ROAD RIGHT,39.08680128,-86.67550806
12,7,600.0,1-Car,No injury/unknown,SPEED TOO FAST FOR WEATHER CONDITIONS,39.08671047,-86.54365745
12,6,800.0,1-Car,Incapacitating,RAN OFF ROAD RIGHT,39.08659676,-86.64544568
9,2,2100.0,1-Car,Non-incapacitating,RAN OFF ROAD RIGHT,39.08652396,-86.42189088
12,2,2200.0,1-Car,No injury/unknown,RAN OFF ROAD RIGHT,39.08624,-86.542
8,1,800.0,1-Car,No injury/unknown,ROADWAY SURFACE CONDITION,39.08587746,-86.42163628
2,1,300.0,1-Car,No injury/unknown,SPEED TOO FAST FOR WEATHER CONDITIONS,39.085632,-86.542304
2,6,1500.0,2-Car,No injury/unknown,SPEED TOO FAST FOR WEATHER CONDITIONS,39.085632,-86.542304
2,3,800.0,1-Car,No injury/unknown,SPEED TOO FAST FOR WEATHER CONDITIONS,39.085632,-86.542304
3,4,1600.0,Bus,Non-incapacitating,UNSAFE LANE MOVEMENT,39.085632,-86.542304
5,6,900.0,2-Car,No injury/unknown,UNSAFE BACKING,39.085632,-86.542304
5,6,1200.0,2-Car,No injury/unknown,DISREGARD SIGNAL/REG SIGN,39.085632,-86.542304
7,5,700.0,2-Car,No injury/unknown,FOLLOWING TOO CLOSELY,39.085632,-86.542304
8,6,1800.0,2-Car,No injury/unknown,SPEED TOO FAST FOR WEATHER CONDITIONS,39.085632,-86.542304
8,4,1600.0,2-Car,Non-incapacitating,LEFT OF CENTER,39.085632,-86.542304
11,7,700.0,1-Car,No injury/unknown,ANIMAL/OBJECT IN ROADWAY,39.085632,-86.542304
7,5,2200.0,1-Car,No injury/unknown,RAN OFF ROAD RIGHT,39.08542162,-86.42645263
4,2,1700.0,1-Car,No injury/unknown,OTHER (ENVIRONMENTAL) - EXPLAIN IN NARR,39.08518299,-86.42106731
9,1,1500.0,Moped/Motorcycle,No injury/unknown,OVERCORRECTING/OVERSTEERING,39.08518299,-86.42106731
3,5,2000.0,1-Car,No injury/unknown,ANIMAL/OBJECT IN ROADWAY,39.08449007,-86.54132519
4,7,200.0,1-Car,No injury/unknown,ANIMAL/OBJECT IN ROADWAY,39.08449007,-86.54132519
12,7,700.0,1-Car,No injury/unknown,SPEED TOO FAST FOR WEATHER CONDITIONS,39.08449007,-86.54132519
2,5,2100.0,2-Car,No injury/unknown,DISREGARD SIGNAL/REG SIGN,39.08384,-86.540768
7,3,1500.0,2-Car,Non-incapacitating,FOLLOWING TOO CLOSELY,39.083744,-86.592592
11,3,1600.0,1-Car,No injury/unknown,RAN OFF ROAD RIGHT,39.083248,-86.5408
12,2,1800.0,1-Car,Non-incapacitating,RAN OFF ROAD RIGHT,39.08161593,-86.51529386
7,4,200.0,1-Car,Non-incapacitating,RAN OFF ROAD RIGHT,39.080448,-86.514416
4,5,2200.0,1-Car,No injury/unknown,RAN OFF ROAD RIGHT,39.079248,-86.6304
9,4,1600.0,Bus,No injury/unknown,LEFT OF CENTER,39.07899411,-86.59294448
12,4,1600.0,2-Car,No injury/unknown,LEFT OF CENTER,39.07894135,-86.67573651
2,4,800.0,2-Car,No injury/unknown,OTHER (DRIVER) - EXPLAIN IN NARRATIVE,39.07869224,-86.53143033
9,2,0.0,1-Car,No injury/unknown,ANIMAL/OBJECT IN ROADWAY,39.07808961,-86.51154656
12,3,1100.0,1-Car,No injury/unknown,OVERCORRECTING/OVERSTEERING,39.0769972,-86.54097967
2,4,700.0,Bus,No injury/unknown,LEFT OF CENTER,39.075952,-86.666192
8,5,1200.0,Moped/Motorcycle,Non-incapacitating,ROADWAY SURFACE CONDITION,39.07387746,-86.57104254
2,6,1600.0,2-Car,No injury/unknown,IMPROPER TURNING,39.07323635,-86.52249992
7,5,1700.0,Moped/Motorcycle,Incapacitating,FAILURE TO YIELD RIGHT OF WAY,39.07308521,-86.54028967
7,1,500.0,1-Car,No injury/unknown,UNSAFE BACKING,39.07264709,-86.5041275
10,7,1800.0,1-Car,No injury/unknown,UNSAFE SPEED,39.07231178,-86.41636478
6,3,2000.0,1-Car,Non-incapacitating,RAN OFF ROAD RIGHT,39.07183997,-86.56615732
8,6,600.0,1-Car,No injury/unknown,DRIVER ASLEEP OR FATIGUED,39.07176,-86.565824
8,3,1100.0,1-Car,Non-incapacitating,RAN OFF ROAD RIGHT,39.071344,-86.5252
12,4,1800.0,1-Car,No injury/unknown,RAN OFF ROAD RIGHT,39.07133594,-86.52538403
4,1,0.0,1-Car,Non-incapacitating,RAN OFF ROAD RIGHT,39.07121208,-86.54550791
6,7,800.0,2-Car,No injury/unknown,FAILURE TO YIELD RIGHT OF WAY,39.071152,-86.503088
6,5,1800.0,2-Car,No injury/unknown,FAILURE TO YIELD RIGHT OF WAY,39.07114998,-86.50319002
9,2,1900.0,1-Car,No injury/unknown,IMPROPER TURNING,39.07114998,-86.50319002
1,6,900.0,2-Car,No injury/unknown,OTHER (DRIVER) - EXPLAIN IN NARRATIVE,39.07112,-86.507008
3,1,2200.0,2-Car,No injury/unknown,FOLLOWING TOO CLOSELY,39.07110977,-86.50228881
4,4,1500.0,2-Car,No injury/unknown,FOLLOWING TOO CLOSELY,39.07110977,-86.50228881
7,5,1300.0,2-Car,Non-incapacitating,FOLLOWING TOO CLOSELY,39.07110977,-86.50228881
7,2,1200.0,2-Car,No injury/unknown,FAILURE TO YIELD RIGHT OF WAY,39.07110974,-86.50704972
1,4,700.0,2-Car,No injury/unknown,FOLLOWING TOO CLOSELY,39.071056,-86.5356
2,4,1500.0,2-Car,Incapacitating,FAILURE TO YIELD RIGHT OF WAY,39.071056,-86.5356
7,4,900.0,2-Car,No injury/unknown,FAILURE TO YIELD RIGHT OF WAY,39.071056,-86.5356
9,6,1500.0,2-Car,No injury/unknown,FOLLOWING TOO CLOSELY,39.071056,-86.5356
2,4,1200.0,1-Car,No injury/unknown,RAN OFF ROAD RIGHT,39.07062024,-86.51904993
12,4,1800.0,1-Car,No injury/unknown,ANIMAL/OBJECT IN ROADWAY,39.07050671,-86.53560702
11,6,1800.0,1-Car,No injury/unknown,RAN OFF ROAD RIGHT,39.07033157,-86.50749207
10,7,0.0,1-Car,No injury/unknown,RAN OFF ROAD RIGHT,39.07032914,-86.50749379
11,3,1000.0,2-Car,No injury/unknown,UNSAFE LANE MOVEMENT,39.070301,-86.507506
10,4,0.0,1-Car,No injury/unknown,RAN OFF ROAD RIGHT,39.070256,-86.503232
8,1,1400.0,1-Car,No injury/unknown,RAN OFF ROAD RIGHT,39.06854543,-86.67140007
1,5,2100.0,1-Car,Incapacitating,RAN OFF ROAD RIGHT,39.068496,-86.50312
7,7,1600.0,1-Car,No injury/unknown,TOW HITCH FAILURE,39.06725965,-86.41561686
12,3,2000.0,1-Car,Incapacitating,SPEED TOO FAST FOR WEATHER CONDITIONS,39.06567061,-86.40818738
1,1,100.0,1-Car,Non-incapacitating,SPEED TOO FAST FOR WEATHER CONDITIONS,39.06441491,-86.54105544
12,4,1500.0,2-Car,No injury/unknown,FAILURE TO YIELD RIGHT OF WAY,39.06392008,-86.54097028
2,6,1000.0,2-Car,No injury/unknown,FOLLOWING TOO CLOSELY,39.063136,-86.579472
10,3,200.0,2-Car,No injury/unknown,IMPROPER LANE USAGE,39.06173282,-86.41444601
7,5,1800.0,1-Car,No injury/unknown,OTHER (DRIVER) - EXPLAIN IN NARRATIVE,39.0613398,-86.41417802