Month,Day,Hour,Collision Type,Injury Type,Primary Factor,Latitude,Longitude
4,4,2100.0,1-Car,No injury/unknown,RAN OFF ROAD RIGHT,39.0613212,-86.4144235
1,2,2100.0,1-Car,No injury/unknown,RAN OFF ROAD RIGHT,39.06104,-86.498448
6,3,1700.0,1-Car,No injury/unknown,RAN OFF ROAD RIGHT,39.06081497,-86.41626007
12,1,2100.0,2-Car,No injury/unknown,FOLLOWING TOO CLOSELY,39.05687995,-86.50779001
12,7,900.0,1-Car,No injury/unknown,RAN OFF ROAD RIGHT,39.056848,-86.507776
12,7,800.0,2-Car,No injury/unknown,RAN OFF ROAD RIGHT,39.0564548,-86.60574519
9,7,1300.0,2-Car,No injury/unknown,FAILURE TO YIELD RIGHT OF WAY,39.05585861,-86.61650848
1,3,700.0,1-Car,No injury/unknown,RAN OFF ROAD RIGHT,39.054745,-86.57585978
6,7,2000.0,Moped/Motorcycle,Non-incapacitating,LEFT OF CENTER,39.054608,-86.498432
5,6,1900.0,1-Car,No injury/unknown,RAN OFF ROAD RIGHT,39.05424,-86.638944
9,5,1500.0,1-Car,No injury/unknown,RAN OFF ROAD RIGHT,39.053744,-86.606304
3,1,1400.0,1-Car,No injury/unknown,RAN OFF ROAD RIGHT,39.05370432,-86.55792236
12,3,600.0,1-Car,No injury/unknown,ANIMAL/OBJECT IN ROADWAY,39.05308133,-86.5358382
1,5,2100.0,2-Car,No injury/unknown,UNSAFE BACKING,39.05298165,-86.51574008
7,4,100.0,1-Car,No injury/unknown,RAN OFF ROAD RIGHT,39.05298165,-86.51332005
3,4,0.0,1-Car,No injury/unknown,ANIMAL/OBJECT IN ROADWAY,39.05232151,-86.61140222
4,3,1500.0,1-Car,Non-incapacitating,ANIMAL/OBJECT IN ROADWAY,39.05055459,-86.53587315
5,1,1700.0,2-Car,Incapacitating,UNSAFE SPEED,39.05027645,-86.53130024
1,1,1800.0,1-Car,Non-incapacitating,OTHER (DRIVER) - EXPLAIN IN NARRATIVE,39.05005393,-86.40981894
4,6,200.0,1-Car,No injury/unknown,RAN OFF ROAD RIGHT,39.04949752,-86.53236845
5,6,2300.0,1-Car,No injury/unknown,ANIMAL/OBJECT IN ROADWAY,39.049456,-86.535888
2,1,1700.0,1-Car,No injury/unknown,RAN OFF ROAD RIGHT,39.04670943,-86.53586743
6,6,600.0,1-Car,No injury/unknown,ANIMAL/OBJECT IN ROADWAY,39.04533614,-86.53585714
8,2,200.0,1-Car,No injury/unknown,ANIMAL/OBJECT IN ROADWAY,39.04396287,-86.53584423
12,5,1900.0,1-Car,No injury/unknown,ANIMAL/OBJECT IN ROADWAY,39.04212982,-86.54117011
2,2,1500.0,Bus,No injury/unknown,UNSAFE BACKING,39.04171584,-86.55704889
2,3,500.0,Bus,No injury/unknown,SPEED TOO FAST FOR WEATHER CONDITIONS,39.03492004,-86.50863031
7,1,1700.0,2-Car,Incapacitating,FAILURE TO YIELD RIGHT OF WAY,39.034112,-86.408208
9,2,1000.0,1-Car,No injury/unknown,FAILURE TO YIELD RIGHT OF WAY,39.03407288,-86.4906311
4,6,1300.0,1-Car,No injury/unknown,VIEW OBSTRUCTED,39.03269984,-86.52091339
2,5,100.0,1-Car,No injury/unknown,ANIMAL/OBJECT IN ROADWAY,39.032544,-86.541696
2,4,800.0,1-Car,No injury/unknown,RAN OFF ROAD RIGHT,39.0324799,-86.48987328
5,7,1900.0,1-Car,Non-incapacitating,RAN OFF ROAD RIGHT,39.03203603,-86.66166902
1,5,1000.0,1-Car,No injury/unknown,SPEED TOO FAST FOR WEATHER CONDITIONS,39.03126907,-86.42194366
1,5,900.0,1-Car,No injury/unknown,RAN OFF ROAD RIGHT,39.03014083,-86.40774745
10,3,0.0,1-Car,No injury/unknown,SPEED TOO FAST FOR WEATHER CONDITIONS,39.03014083,-86.40774745
4,5,1500.0,1-Car,No injury/unknown,RAN OFF ROAD RIGHT,39.03010902,-86.40775852
6,2,1600.0,1-Car,No injury/unknown,SPEED TOO FAST FOR WEATHER CONDITIONS,39.02987578,-86.40783977
6,7,2100.0,2-Car,No injury/unknown,UNSAFE BACKING,39.02936116,-86.48948259
10,5,500.0,1-Car,No injury/unknown,RAN OFF ROAD RIGHT,39.02936116,-86.48948259
9,3,1100.0,1-Car,No injury/unknown,SPEED TOO FAST FOR WEATHER CONDITIONS,39.02758297,-86.40724404
10,6,1500.0,2-Car,Non-incapacitating,FAILURE TO YIELD RIGHT OF WAY,39.02245117,-86.52173281
6,6,1800.0,2-Car,No injury/unknown,FOLLOWING TOO CLOSELY,39.02116969,-86.53159373
10,7,1300.0,1-Car,No injury/unknown,OVERSIZE/OVERWEIGHT LOAD,39.02116969,-86.53156345
12,2,1100.0,1-Car,No injury/unknown,RAN OFF ROAD RIGHT,39.02116969,-86.53147692
8,5,1700.0,1-Car,No injury/unknown,ANIMAL/OBJECT IN ROADWAY,39.02032157,-86.5360806
12,7,700.0,2-Car,No injury/unknown,ROADWAY SURFACE CONDITION,39.020254,-86.536096
7,5,1500.0,1-Car,No injury/unknown,ANIMAL/OBJECT IN ROADWAY,39.020048,-86.536096
2,1,0.0,1-Car,No injury/unknown,SPEED TOO FAST FOR WEATHER CONDITIONS,39.018656,-86.522896
12,4,800.0,2-Car,No injury/unknown,LEFT OF CENTER,39.018656,-86.522896
6,2,400.0,1-Car,Non-incapacitating,ANIMAL/OBJECT IN ROADWAY,39.01650711,-86.39170458
4,7,1300.0,2-Car,No injury/unknown,VIEW OBSTRUCTED,39.014352,-86.537088
6,4,2100.0,Moped/Motorcycle,Non-incapacitating,RAN OFF ROAD RIGHT,39.01330009,-86.52362979
12,2,1200.0,2-Car,No injury/unknown,UNSAFE BACKING,39.01295853,-86.5491333
5,6,2100.0,1-Car,No injury/unknown,BRAKE FAILURE OR DEFECTIVE,39.01240324,-86.50785136
8,3,400.0,1-Car,Non-incapacitating,RAN OFF ROAD RIGHT,39.011984,-86.549232
3,7,2100.0,1-Car,No injury/unknown,ANIMAL/OBJECT IN ROADWAY,39.01174977,-86.56188876
2,1,600.0,1-Car,No injury/unknown,RAN OFF ROAD RIGHT,39.01113957,-86.56308406
10,5,2200.0,1-Car,No injury/unknown,OTHER (DRIVER) - EXPLAIN IN NARRATIVE,39.01108387,-86.56336515
9,6,800.0,1-Car,No injury/unknown,ANIMAL/OBJECT IN ROADWAY,39.01074232,-86.53738755
1,3,700.0,1-Car,No injury/unknown,RAN OFF ROAD RIGHT,39.009344,-86.510096
3,5,1200.0,2-Car,No injury/unknown,LEFT OF CENTER,39.00864125,-86.59514017
6,4,2000.0,2-Car,Incapacitating,LEFT OF CENTER,39.00710712,-86.66268811
5,3,1000.0,1-Car,No injury/unknown,RAN OFF ROAD RIGHT,39.00621589,-86.53712704
12,7,500.0,1-Car,No injury/unknown,SPEED TOO FAST FOR WEATHER CONDITIONS,39.00621589,-86.53712704
1,6,1400.0,2-Car,No injury/unknown,ROADWAY SURFACE CONDITION,39.00620257,-86.62014976
10,3,1300.0,2-Car,No injury/unknown,FOLLOWING TOO CLOSELY,39.00599354,-86.57913007
8,4,1500.0,2-Car,No injury/unknown,FOLLOWING TOO CLOSELY,39.00599354,-86.57913006
6,1,2300.0,1-Car,No injury/unknown,ANIMAL/OBJECT IN ROADWAY,39.00413945,-86.39493821
9,4,1700.0,1-Car,Non-incapacitating,RAN OFF ROAD RIGHT,39.00279502,-86.59021482
5,6,1300.0,1-Car,Non-incapacitating,RAN OFF ROAD RIGHT,39.002752,-86.59
5,4,1700.0,2-Car,No injury/unknown,,39.00133585,-86.60791749
6,5,100.0,1-Car,Non-incapacitating,RAN OFF ROAD RIGHT,38.99522272,-86.37118742
12,3,700.0,1-Car,No injury/unknown,ANIMAL/OBJECT IN ROADWAY,38.99218484,-86.53130025
4,7,2100.0,1-Car,No injury/unknown,ANIMAL/OBJECT IN ROADWAY,38.99132941,-86.53726096
7,6,1700.0,1-Car,No injury/unknown,LEFT OF CENTER,38.99090198,-86.59308624
8,4,500.0,1-Car,No injury/unknown,RAN OFF ROAD RIGHT,38.98876077,-86.51437148
2,2,2000.0,1-Car,No injury/unknown,ANIMAL/OBJECT IN ROADWAY,38.98664098,-86.48303993
8,2,700.0,1-Car,No injury/unknown,ANIMAL/OBJECT IN ROADWAY,38.98473901,-86.50776989
12,6,800.0,2-Car,No injury/unknown,FOLLOWING TOO CLOSELY,38.98213115,-86.5441601
4,2,1700.0,3+ Cars,No injury/unknown,INSECURE/LEAKY LOAD,38.98171686,-86.53289794
1,1,800.0,1-Car,No injury/unknown,ROADWAY SURFACE CONDITION,38.94889902,-86.49017333
8,6,1800.0,1-Car,No injury/unknown,UNSAFE SPEED,38.93688592,-86.56989991
11,7,1200.0,3+ Cars,No injury/unknown,LEFT OF CENTER,38.90024909,-86.57913007
12,2,2200.0,1-Car,Incapacitating,OVERCORRECTING/OVERSTEERING,38.89279597,-86.50542967
11,2,2100.0,1-Car,No injury/unknown,ROADWAY SURFACE CONDITION,38.65200062,-86.48465999
1,1,0.0,1-Car,No injury/unknown,ANIMAL/OBJECT IN ROADWAY,38.64628355,-86.62609018
10,6,1200.0,2-Car,No injury/unknown,UNSAFE BACKING,38.63943368,-85.84378838
3,6,2100.0,1-Car,Non-incapacitating,OVERCORRECTING/OVERSTEERING,38.60308997,-86.42372019
11,5,700.0,1-Car,No injury/unknown,ANIMAL/OBJECT IN ROADWAY,38.48812826,-86.53515625
10,5,1200.0,2-Car,No injury/unknown,IMPROPER TURNING,41.22866547,-85.81796868
6,6,1700.0,1-Car,No injury/unknown,OTHER (DRIVER) - EXPLAIN IN NARRATIVE,40.60466646,-86.86640566
3,6,1600.0,2-Car,No injury/unknown,FOLLOWING TOO CLOSELY,40.25679758,-85.67143555
12,6,600.0,1-Car,No injury/unknown,SPEED TOO FAST FOR WEATHER CONDITIONS,39.992208,-86.59564208
11,7,1800.0,1-Car,No injury/unknown,ANIMAL/OBJECT IN ROADWAY,39.57675709,-86.53836059
12,6,1100.0,2-Car,No injury/unknown,SPEED TOO FAST FOR WEATHER CONDITIONS,39.45742966,-87.40306548
11,3,500.0,1-Car,No injury/unknown,RAN OFF ROAD RIGHT,39.4168988,-86.63320004
5,6,2200.0,2-Car,No injury/unknown,UNSAFE LANE MOVEMENT,39.41638261,-86.55792236
10,6,200.0,1-Car,No injury/unknown,IMPROPER LANE USAGE,39.39745182,-86.46720886
3,6,1500.0,3+ Cars,Non-incapacitating,FOLLOWING TOO CLOSELY,39.38900649,-86.55998992
12,2,1900.0,1-Car,Non-incapacitating,RAN OFF ROAD RIGHT,39.3824478,-86.55792236
11,3,700.0,1-Car,Non-incapacitating,RAN OFF ROAD RIGHT,39.3799397,-86.62183016
11,1,1000.0,1-Car,Non-incapacitating,ANIMAL/OBJECT IN ROADWAY,39.37599609,-86.50932888
11,6,1000.0,1-Car,No injury/unknown,SPEED TOO FAST FOR WEATHER CONDITIONS,39.37564801,-86.54774017
7,6,300.0,1-Car,No injury/unknown,RAN OFF ROAD RIGHT,39.37191774,-86.50191999
5,6,1200.0,2-Car,No injury/unknown,OTHER (DRIVER) - EXPLAIN IN NARRATIVE,39.36681223,-86.52871996
12,2,1500.0,1-Car,No injury/unknown,UNSAFE SPEED,39.36549062,-86.63475975
3,1,1700.0,1-Car,Non-incapacitating,RAN OFF ROAD RIGHT,39.36357228,-86.42514777
12,7,1000.0,1-Car,No injury/unknown,RAN OFF ROAD RIGHT,39.36291853,-86.62419989
12,7,1100.0,1-Car,No injury/unknown,RAN OFF ROAD RIGHT,39.36291853,-86.62419989
11,4,500.0,1-Car,No injury/unknown,ANIMAL/OBJECT IN ROADWAY,39.36101269,-86.53515625
5,6,2200.0,1-Car,No injury/unknown,RAN OFF ROAD RIGHT,39.35901148,-86.46848022
10,4,1700.0,1-Car,No injury/unknown,SPEED TOO FAST FOR WEATHER CONDITIONS,39.35741645,-86.47337995
4,5,2300.0,1-Car,Non-incapacitating,RAN OFF ROAD RIGHT,39.34344061,-86.59277113
10,3,1100.0,Bus,No injury/unknown,RAN OFF ROAD RIGHT,39.34320045,-86.5722502
2,3,1300.0,1-Car,No injury/unknown,ANIMAL/OBJECT IN ROADWAY,39.33996348,-86.4321485
12,2,900.0,1-Car,No injury/unknown,RAN OFF ROAD RIGHT,39.33871061,-86.54191693
12,5,1600.0,1-Car,No injury/unknown,SPEED TOO FAST FOR WEATHER CONDITIONS,39.334368,-86.5124
3,6,1800.0,2-Car,Non-incapacitating,RAN OFF ROAD RIGHT,39.33345989,-86.56779479
5,1,1700.0,1-Car,No injury/unknown,RAN OFF ROAD RIGHT,39.332859,-86.595306
1,4,2000.0,1-Car,Non-incapacitating,RAN OFF ROAD RIGHT,39.33018905,-86.46517363
10,6,1900.0,1-Car,No injury/unknown,ANIMAL/OBJECT IN ROADWAY,39.32978121,-86.51870072
2,6,1300.0,1-Car,No injury/unknown,RAN OFF ROAD RIGHT,39.32520664,-86.510099
3,2,1700.0,2-Car,No injury/unknown,LEFT OF CENTER,39.32386203,-86.59936208
10,3,1000.0,1-Car,No injury/unknown,RAN OFF ROAD RIGHT,39.3176477,-86.55560534
11,1,1800.0,1-Car,No injury/unknown,ANIMAL/OBJECT IN ROADWAY,39.31411041,-86.58039093
6,3,1200.0,2-Car,Non-incapacitating,UNSAFE LANE MOVEMENT,39.31409746,-86.51169575
11,7,700.0,1-Car,No injury/unknown,ANIMAL/OBJECT IN ROADWAY,39.31409746,-86.51169575
12,1,2200.0,2-Car,No injury/unknown,ACCELERATOR FAILURE OR DEFECTIVE,39.31349208,-86.51318359
1,2,1800.0,1-Car,No injury/unknown,ANIMAL/OBJECT IN ROADWAY,39.31233946,-86.51241759
7,1,1500.0,Moped/Motorcycle,Incapacitating,OTHER (DRIVER) - EXPLAIN IN NARRATIVE,39.308592,-86.602176
7,2,1100.0,2-Car,Non-incapacitating,FOLLOWING TOO CLOSELY,39.30670166,-86.5161972
7,6,1700.0,2-Car,No injury/unknown,FOLLOWING TOO CLOSELY,39.30670166,-86.5161972
9,2,1400.0,Moped/Motorcycle,Non-incapacitating,FAILURE TO YIELD RIGHT OF WAY,39.30670166,-86.5161972
9,2,1500.0,2-Car,Non-incapacitating,FOLLOWING TOO CLOSELY,39.30670166,-86.5161972
11,3,2100.0,2-Car,No injury/unknown,IMPROPER TURNING,39.30670166,-86.5161972
1,5,1800.0,1-Car,No injury/unknown,ROADWAY SURFACE CONDITION,39.30579968,-86.6310697
11,6,1700.0,2-Car,No injury/unknown,FAILURE TO YIELD RIGHT OF WAY,39.30564009,-86.48694992
5,6,1200.0,2-Car,No injury/unknown,FOLLOWING TOO CLOSELY,39.30405213,-86.51672595
11,1,1800.0,1-Car,No injury/unknown,ANIMAL/OBJECT IN ROADWAY,39.30352418,-86.58039093
7,3,1100.0,1-Car,No injury/unknown,RAN OFF ROAD RIGHT,39.30328772,-86.48303993
3,4,2000.0,1-Car,Non-incapacitating,RAN OFF ROAD RIGHT,39.30224,-86.663808
11,2,0.0,1-Car,No injury/unknown,RAN OFF ROAD RIGHT,39.30181481,-86.53163909
1,6,1000.0,2-Car,No injury/unknown,IMPROPER TURNING,39.29945374,-86.51947021
8,7,900.0,2-Car,No injury/unknown,UNSAFE LANE MOVEMENT,39.29944992,-86.51947021
9,5,400.0,1-Car,No injury/unknown,ANIMAL/OBJECT IN ROADWAY,39.29944992,-86.51947021
11,3,1800.0,2-Car,No injury/unknown,FOLLOWING TOO CLOSELY,39.29790878,-86.65662337
10,7,2000.0,1-Car,No injury/unknown,ANIMAL/OBJECT IN ROADWAY,39.29598351,-86.63987003
2,5,1900.0,1-Car,No injury/unknown,RAN OFF ROAD RIGHT,39.29591314,-86.63512294
10,3,100.0,1-Car,Non-incapacitating,UNSAFE SPEED,39.29584,-86.626304
9,2,800.0,1-Car,No injury/unknown,RAN OFF ROAD RIGHT,39.29532968,-86.6308281
12,7,1100.0,2-Car,No injury/unknown,FAILURE TO YIELD RIGHT OF WAY,39.29525492,-86.516358
1,5,1900.0,2-Car,No injury/unknown,SPEED TOO FAST FOR WEATHER CONDITIONS,39.29523138,-86.51826281
10,6,1000.0,1-Car,Incapacitating,SPEED TOO FAST FOR WEATHER CONDITIONS,39.29506011,-86.54623009
10,1,1200.0,2-Car,No injury/unknown,FOLLOWING TOO CLOSELY,39.29341125,-86.66164124
11,1,1900.0,1-Car,No injury/unknown,ANIMAL/OBJECT IN ROADWAY,39.29096293,-86.51785174
11,2,2300.0,1-Car,No injury/unknown,ANIMAL/OBJECT IN ROADWAY,39.28773112,-86.51892553
12,1,700.0,1-Car,No injury/unknown,RAN OFF ROAD RIGHT,39.28734514,-86.44117668
12,6,800.0,2-Car,No injury/unknown,SPEED TOO FAST FOR WEATHER CONDITIONS,39.28717211,-86.52255288
12,2,700.0,1-Car,No injury/unknown,ROADWAY SURFACE CONDITION,39.286659,-86.55672021
6,5,1600.0,3+ Cars,Non-incapacitating,FOLLOWING TOO CLOSELY,39.28482323,-86.53775028
8,7,1500.0,2-Car,No injury/unknown,OTHER (DRIVER) - EXPLAIN IN NARRATIVE,39.28445816,-86.49533081
10,5,1000.0,2-Car,No injury/unknown,UNSAFE BACKING,39.28445816,-86.49533081
8,3,1200.0,2-Car,No injury/unknown,UNSAFE LANE MOVEMENT,39.28353364,-86.51947021
5,5,800.0,1-Car,No injury/unknown,ANIMAL/OBJECT IN ROADWAY,39.28344,-86.624192
12,7,100.0,1-Car,No injury/unknown,RAN OFF ROAD RIGHT,39.28280781,-86.53685979
12,7,900.0,1-Car,No injury/unknown,RAN OFF ROAD RIGHT,39.28258279,-86.41321091
11,4,1700.0,1-Car,No injury/unknown,RAN OFF ROAD RIGHT,39.282576,-86.411808
5,6,1800.0,2-Car,Non-incapacitating,UNSAFE BACKING,39.28208142,-86.66213036
12,2,1000.0,2-Car,Non-incapacitating,LEFT OF CENTER,39.28186607,-86.69362998
12,7,1500.0,3+ Cars,No injury/unknown,FOLLOWING TOO CLOSELY,39.281744,-86.6848
5,6,1900.0,2-Car,No injury/unknown,UNSAFE SPEED,39.28140029,-86.63969032
11,6,600.0,1-Car,No injury/unknown,ANIMAL/OBJECT IN ROADWAY,39.28130328,-86.68312646
12,2,200.0,1-Car,No injury/unknown,ROADWAY SURFACE CONDITION,39.28130328,-86.68312646
7,4,700.0,2-Car,Non-incapacitating,LEFT OF CENTER,39.28108983,-86.60720637
1,7,800.0,1-Car,No injury/unknown,RAN OFF ROAD RIGHT,39.28092024,-86.54624938
5,6,200.0,1-Car,No injury/unknown,DRIVER DISTRACTED - EXPLAIN IN NARRATIVE,39.28081758,-86.52294918
11,1,1700.0,1-Car,No injury/unknown,UNSAFE BACKING,39.28077698,-86.50963592
10,1,800.0,1-Car,No injury/unknown,ANIMAL/OBJECT IN ROADWAY,39.28076172,-86.52158355
10,1,1000.0,1-Car,No injury/unknown,ANIMAL/OBJECT IN ROADWAY,39.28068617,-86.58337873
12,5,2000.0,1-Car,No injury/unknown,ANIMAL/OBJECT IN ROADWAY,39.280496,-86.522864
12,1,2000.0,2-Car,No injury/unknown,LEFT OF CENTER,39.27827613,-86.67792565
2,6,1100.0,2-Car,No injury/unknown,FOLLOWING TOO CLOSELY,39.27823203,-86.51947021
4,1,2100.0,1-Car,No injury/unknown,ANIMAL/OBJECT IN ROADWAY,39.27799992,-86.46902002
12,3,1700.0,3+ Cars,No injury/unknown,DRIVER DISTRACTED - EXPLAIN IN NARRATIVE,39.27775955,-86.67730469
2,6,2300.0,1-Car,Non-incapacitating,RAN OFF ROAD RIGHT,39.27761942,-86.67729238
9,7,2100.0,1-Car,No injury/unknown,ANIMAL/OBJECT IN ROADWAY,39.27640152,-86.55792236
9,7,2100.0,1-Car,No injury/unknown,ANIMAL/OBJECT IN ROADWAY,39.27640152,-86.55792236
6,4,1100.0,2-Car,No injury/unknown,UNSAFE BACKING,39.27497101,-86.51756286
5,5,0.0,1-Car,No injury/unknown,RAN OFF ROAD RIGHT,39.27462306,-86.57803103
10,4,800.0,1-Car,Non-incapacitating,RAN OFF ROAD RIGHT,39.273888,-86.621456
7,3,1600.0,2-Car,Non-incapacitating,LEFT OF CENTER,39.27156615,-86.52751062
5,1,1600.0,1-Car,Non-incapacitating,RAN OFF ROAD RIGHT,39.271145,-86.4119012
12,5,1700.0,1-Car,No injury/unknown,RAN OFF ROAD RIGHT,39.27075204,-86.53192901
3,7,1200.0,1-Car,Non-incapacitating,OTHER (DRIVER) - EXPLAIN IN NARRATIVE,39.2705651,-86.62014976
7,2,800.0,2-Car,No injury/unknown,FOLLOWING TOO CLOSELY,39.27027733,-86.52293441
5,1,1000.0,1-Car,No injury/unknown,OVERCORRECTING/OVERSTEERING,39.26955347,-86.54051208
10,6,2200.0,Moped/Motorcycle,Non-incapacitating,RAN OFF ROAD RIGHT,39.26932907,-86.63477655
5,4,1700.0,2-Car,Non-incapacitating,RAN OFF ROAD RIGHT,39.26822318,-86.52294972
8,3,400.0,1-Car,No injury/unknown,ANIMAL/OBJECT IN ROADWAY,39.26801274,-86.66489961
12,5,2100.0,1-Car,No injury/unknown,SPEED TOO FAST FOR WEATHER CONDITIONS,39.26753244,-86.5228128
12,2,1300.0,2-Car,Incapacitating,FOLLOWING TOO CLOSELY,39.26753244,-86.5228128
9,4,1100.0,1-Car,No injury/unknown,RAN OFF ROAD RIGHT,39.26706271,-86.48772031
9,1,1600.0,2-Car,No injury/unknown,FOLLOWING TOO CLOSELY,39.26698347,-86.52278848
7,6,2100.0,1-Car,No injury/unknown,ANIMAL/OBJECT IN ROADWAY,39.266864,-86.620704
12,1,1700.0,1-Car,No injury/unknown,ANIMAL/OBJECT IN ROADWAY,39.266864,-86.620704
11,4,1500.0,2-Car,Non-incapacitating,LEFT OF CENTER,39.26677018,-86.50152812
1,4,1200.0,2-Car,No injury/unknown,UNSAFE BACKING,39.266752,-86.6656
4,6,1500.0,Bus,No injury/unknown,FOLLOWING TOO CLOSELY,39.26648386,-86.54850997
12,4,2000.0,2-Car,No injury/unknown,FAILURE TO YIELD RIGHT OF WAY,39.26616,-86.522752
9,2,2300.0,1-Car,No injury/unknown,ANIMAL/OBJECT IN ROADWAY,39.266,-86.501696
12,5,2300.0,1-Car,No injury/unknown,LEFT OF CENTER,39.26597022,-86.52277657
8,3,1900.0,1-Car,No injury/unknown,SPEED TOO FAST FOR WEATHER CONDITIONS,39.26589981,-86.5021276
12,2,500.0,1-Car,No injury/unknown,ROADWAY SURFACE CONDITION,39.26579689,-86.55792236
7,4,700.0,1-Car,No injury/unknown,RAN OFF ROAD RIGHT,39.26474052,-86.60648994
9,5,1700.0,2-Car,No injury/unknown,LEFT OF CENTER,39.26461397,-86.43472029
8,7,1300.0,2-Car,No injury/unknown,UNSAFE LANE MOVEMENT,39.26449949,-86.52249594
12,3,800.0,3+ Cars,Non-incapacitating,SPEED TOO FAST FOR WEATHER CONDITIONS,39.26366666,-86.61046028
3,3,1200.0,2-Car,No injury/unknown,DRIVER DISTRACTED - EXPLAIN IN NARRATIVE,39.26360321,-86.5217514
7,2,700.0,2-Car,No injury/unknown,UNSAFE BACKING,39.26330942,-86.52144356
1,4,1500.0,2-Car,No injury/unknown,IMPROPER PASSING,39.26307137,-86.52255833
1,4,1100.0,1-Car,No injury/unknown,RAN OFF ROAD RIGHT,39.2630409,-86.523358
6,7,1200.0,2-Car,No injury/unknown,DRIVER DISTRACTED - EXPLAIN IN NARRATIVE,39.26248,-86.546096
1,6,1600.0,2-Car,Non-incapacitating,FAILURE TO YIELD RIGHT OF WAY,39.26241338,-86.57108008
7,1,1900.0,2-Car,No injury/unknown,FAILURE TO YIELD RIGHT OF WAY,39.26179886,-86.52230834
6,3,2200.0,1-Car,No injury/unknown,ANIMAL/OBJECT IN ROADWAY,39.26090774,-86.52311797
5,6,2000.0,Bus,No injury/unknown,UNSAFE LANE MOVEMENT,39.26049042,-86.51318359
1,3,2200.0,1-Car,No injury/unknown,RAN OFF ROAD RIGHT,39.26041222,-86.52349167
4,4,1100.0,2-Car,No injury/unknown,DRIVER DISTRACTED - EXPLAIN IN NARRATIVE,39.25962637,-86.65754539
2,2,800.0,1-Car,No injury/unknown,ANIMAL/OBJECT IN ROADWAY,39.25918397,-86.52433306
6,7,1100.0,2-Car,Non-incapacitating,UNSAFE SPEED,39.25660077,-86.6112703
5,4,900.0,2-Car,Non-incapacitating,FAILURE TO YIELD RIGHT OF WAY,39.25578165,-86.65554879
11,4,1000.0,2-Car,No injury/unknown,UNSAFE BACKING,39.255568,-86.469632
4,7,1800.0,2-Car,Non-incapacitating,IMPROPER PASSING,39.25457699,-86.52745745
10,7,600.0,1-Car,Non-incapacitating,OTHER (DRIVER) - EXPLAIN IN NARRATIVE,39.25371803,-86.59237876
2,7,1900.0,2-Car,No injury/unknown,OVERCORRECTING/OVERSTEERING,39.25316237,-86.41665683
1,7,1900.0,2-Car,Incapacitating,LEFT OF CENTER,39.25241966,-86.65398335
1,5,1800.0,2-Car,No injury/unknown,SPEED TOO FAST FOR WEATHER CONDITIONS,39.25241966,-86.65408733
10,3,1700.0,2-Car,No injury/unknown,FOLLOWING TOO CLOSELY,39.2520301,-86.6206701
6,5,1900.0,2-Car,No injury/unknown,DISREGARD SIGNAL/REG SIGN,39.251904,-86.592816
3,5,500.0,1-Car,No injury/unknown,ANIMAL/OBJECT IN ROADWAY,39.251648,-86.529056
12,2,1700.0,2-Car,Non-incapacitating,FAILURE TO YIELD RIGHT OF WAY,39.25145518,-86.52923177
6,6,1200.0,2-Car,Incapacitating,FAILURE TO YIELD RIGHT OF WAY,39.25141907,-86.5226593
9,1,2200.0,1-Car,No injury/unknown,RAN OFF ROAD RIGHT,39.25136022,-86.50120954
3,4,2200.0,1-Car,No injury/unknown,ANIMAL/OBJECT IN ROADWAY,39.251296,-86.500832
1,4,1900.0,2-Car,No injury/unknown,UNSAFE BACKING,39.2512,-86.652504
1,4,1700.0,2-Car,No injury/unknown,FAILURE TO YIELD RIGHT OF WAY,39.2512,-86.652504
1,2,1700.0,2-Car,No injury/unknown,FOLLOWING TOO CLOSELY,39.2512,-86.652504
3,5,2200.0,2-Car,No injury/unknown,UNSAFE BACKING,39.2512,-86.652504
3,6,1900.0,1-Car,No injury/unknown,DRIVER ASLEEP OR FATIGUED,39.2512,-86.652504
1,5,1500.0,2-Car,No injury/unknown,UNSAFE BACKING,39.2512,-86.652504
4,6,2300.0,1-Car,No injury/unknown,OVERCORRECTING/OVERSTEERING,39.2512,-86.652504
5,2,1200.0,2-Car,No injury/unknown,UNSAFE BACKING,39.2512,-86.652504
8,4,1200.0,2-Car,No injury/unknown,UNSAFE BACKING,39.2512,-86.652504
8,5,1000.0,1-Car,No injury/unknown,OTHER (ENVIRONMENTAL) - EXPLAIN IN NARR,39.2512,-86.652504
8,5,1500.0,2-Car,No injury/unknown,UNSAFE BACKING,39.2512,-86.652504
11,6,1600.0,2-Car,No injury/unknown,UNSAFE BACKING,39.2512,-86.652504
4,5,700.0,2-Car,No injury/unknown,FAILURE TO YIELD RIGHT OF WAY,39.25114131,-86.38882447
2,5,1800.0,1-Car,Non-incapacitating,RAN OFF ROAD RIGHT,39.25103031,-86.46972422
6,7,1900.0,1-Car,Non-incapacitating,OTHER (DRIVER) - EXPLAIN IN NARRATIVE,39.2510133,-86.46846041
4,4,800.0,2-Car,No injury/unknown,UNSAFE BACKING,39.250688,-86.529744
5,5,1700.0,2-Car,No injury/unknown,FOLLOWING TOO CLOSELY,39.250688,-86.529744
8,6,700.0,2-Car,No injury/unknown,FOLLOWING TOO CLOSELY,39.250688,-86.529744