Month,Day,Hour,Collision Type,Injury Type,Primary Factor,Latitude,Longitude
2,6,600.0,1-Car,Non-incapacitating,RAN OFF ROAD RIGHT,39.25037815,-86.65158204
7,5,1200.0,2-Car,No injury/unknown,OTHER (DRIVER) - EXPLAIN IN NARRATIVE,39.24989179,-86.46687098
12,1,2100.0,1-Car,Non-incapacitating,ROADWAY SURFACE CONDITION,39.24988995,-86.55792236
12,1,2100.0,1-Car,No injury/unknown,ROADWAY SURFACE CONDITION,39.24988995,-86.55792236
7,1,1500.0,2-Car,No injury/unknown,OTHER (DRIVER) - EXPLAIN IN NARRATIVE,39.24837079,-86.54051208
8,3,2000.0,2-Car,No injury/unknown,OTHER (DRIVER) - EXPLAIN IN NARRATIVE,39.24765015,-86.59285736
7,6,1800.0,2-Car,Non-incapacitating,FOLLOWING TOO CLOSELY,39.24765015,-86.59285736
9,5,1800.0,2-Car,No injury/unknown,IMPROPER LANE USAGE,39.24765015,-86.59288333
7,4,1400.0,2-Car,No injury/unknown,LEFT OF CENTER,39.24744,-86.547792
12,5,1900.0,1-Car,Non-incapacitating,RAN OFF ROAD RIGHT,39.24744,-86.547792
6,1,1400.0,2-Car,No injury/unknown,FAILURE TO YIELD RIGHT OF WAY,39.245744,-86.636896
10,4,1700.0,2-Car,No injury/unknown,OTHER (DRIVER) - EXPLAIN IN NARRATIVE,39.245744,-86.636896
7,2,1100.0,2-Car,No injury/unknown,FAILURE TO YIELD RIGHT OF WAY,39.245408,-86.6204
7,7,1500.0,1-Car,No injury/unknown,OTHER (ENVIRONMENTAL) - EXPLAIN IN NARR,39.24534,-86.62061658
11,2,1600.0,1-Car,No injury/unknown,ANIMAL/OBJECT IN ROADWAY,39.24464873,-86.53384054
12,7,1000.0,1-Car,No injury/unknown,SPEED TOO FAST FOR WEATHER CONDITIONS,39.24419236,-86.53415009
8,3,1600.0,2-Car,No injury/unknown,FAILURE TO YIELD RIGHT OF WAY,39.24419022,-86.533432
6,2,2200.0,1-Car,No injury/unknown,ANIMAL/OBJECT IN ROADWAY,39.24406538,-86.59279461
9,4,1700.0,2-Car,No injury/unknown,FOLLOWING TOO CLOSELY,39.2437706,-86.62110727
8,7,800.0,1-Car,Non-incapacitating,ROADWAY SURFACE CONDITION,39.24282322,-86.40429497
1,5,2100.0,2-Car,No injury/unknown,ROADWAY SURFACE CONDITION,39.24200551,-86.59277843
6,1,1000.0,1-Car,Non-incapacitating,OVERCORRECTING/OVERSTEERING,39.24175548,-86.68418348
9,1,1800.0,1-Car,No injury/unknown,SPEED TOO FAST FOR WEATHER CONDITIONS,39.24172799,-86.68419815
6,7,1200.0,1-Car,No injury/unknown,ANIMAL/OBJECT IN ROADWAY,39.24153388,-86.45682164
1,3,900.0,2-Car,No injury/unknown,FOLLOWING TOO CLOSELY,39.24104,-86.632096
4,6,0.0,1-Car,No injury/unknown,UNSAFE BACKING,39.24066925,-86.63175201
5,7,1500.0,1-Car,Non-incapacitating,SPEED TOO FAST FOR WEATHER CONDITIONS,39.24065016,-86.44318669
3,3,800.0,1-Car,No injury/unknown,ROADWAY SURFACE CONDITION,39.24032,-86.49928
12,5,1200.0,1-Car,No injury/unknown,RAN OFF ROAD RIGHT,39.24032,-86.49928
11,5,2300.0,1-Car,No injury/unknown,OTHER (DRIVER) - EXPLAIN IN NARRATIVE,39.239952,-86.606704
10,3,0.0,1-Car,No injury/unknown,ANIMAL/OBJECT IN ROADWAY,39.2395493,-86.63076905
7,3,1400.0,3+ Cars,Non-incapacitating,DISREGARD SIGNAL/REG SIGN,39.23944,-86.499392
11,7,1100.0,2-Car,No injury/unknown,FAILURE TO YIELD RIGHT OF WAY,39.23923043,-86.53453826
11,4,1100.0,2-Car,No injury/unknown,IMPROPER PASSING,39.238736,-86.63872
4,4,700.0,2-Car,No injury/unknown,FOLLOWING TOO CLOSELY,39.23836136,-86.62767791
10,6,1500.0,2-Car,No injury/unknown,OTHER (DRIVER) - EXPLAIN IN NARRATIVE,39.23836136,-86.62767791
10,5,700.0,2-Car,No injury/unknown,FAILURE TO YIELD RIGHT OF WAY,39.23836136,-86.62767791
12,5,500.0,2-Car,No injury/unknown,FAILURE TO YIELD RIGHT OF WAY,39.23836136,-86.62767791
11,4,1300.0,2-Car,No injury/unknown,FAILURE TO YIELD RIGHT OF WAY,39.237248,-86.539216
5,2,900.0,2-Car,No injury/unknown,OTHER (VEHICLE) - EXPLAIN IN NARRATIVE,39.237248,-86.629296
6,2,0.0,1-Car,No injury/unknown,RAN OFF ROAD RIGHT,39.237152,-86.6304
10,3,2100.0,2-Car,No injury/unknown,FAILURE TO YIELD RIGHT OF WAY,39.23670959,-86.63545989
8,7,2100.0,1-Car,Non-incapacitating,UNSAFE SPEED,39.23670739,-86.41081274
10,4,1400.0,2-Car,Non-incapacitating,FAILURE TO YIELD RIGHT OF WAY,39.23666718,-86.63133907
6,2,1600.0,2-Car,Incapacitating,DISREGARD SIGNAL/REG SIGN,39.236096,-86.625168
10,6,300.0,2-Car,Non-incapacitating,FAILURE TO YIELD RIGHT OF WAY,39.2360426,-86.62509441
9,7,100.0,2-Car,No injury/unknown,OTHER (DRIVER) - EXPLAIN IN NARRATIVE,39.235728,-86.626032
3,1,300.0,2-Car,No injury/unknown,OTHER (DRIVER) - EXPLAIN IN NARRATIVE,39.235504,-86.625712
9,6,1400.0,2-Car,No injury/unknown,UNSAFE LANE MOVEMENT,39.235376,-86.627168
5,7,1700.0,2-Car,No injury/unknown,IMPROPER TURNING,39.234944,-86.623392
6,1,1300.0,2-Car,No injury/unknown,FAILURE TO YIELD RIGHT OF WAY,39.234768,-86.626384
6,1,1600.0,2-Car,No injury/unknown,DISREGARD SIGNAL/REG SIGN,39.234768,-86.626384
8,5,1900.0,2-Car,Non-incapacitating,DISREGARD SIGNAL/REG SIGN,39.234768,-86.626384
8,4,700.0,2-Car,Non-incapacitating,DISREGARD SIGNAL/REG SIGN,39.234768,-86.626384
1,4,200.0,1-Car,No injury/unknown,RAN OFF ROAD RIGHT,39.23428818,-86.67456977
11,6,1600.0,2-Car,No injury/unknown,OTHER (DRIVER) - EXPLAIN IN NARRATIVE,39.23414396,-86.62434641
10,5,1500.0,2-Car,No injury/unknown,UNSAFE BACKING,39.2340889,-86.62478637
1,4,1200.0,1-Car,No injury/unknown,ANIMAL/OBJECT IN ROADWAY,39.23392962,-86.54127818
3,2,1600.0,2-Car,No injury/unknown,FAILURE TO YIELD RIGHT OF WAY,39.23384,-86.624704
4,4,1000.0,2-Car,No injury/unknown,FAILURE TO YIELD RIGHT OF WAY,39.23384,-86.624704
8,7,1000.0,2-Car,No injury/unknown,UNSAFE BACKING,39.23384,-86.624704
9,1,1800.0,1-Car,Non-incapacitating,DISREGARD SIGNAL/REG SIGN,39.23384,-86.624704
11,1,1600.0,2-Car,No injury/unknown,DRIVER DISTRACTED - EXPLAIN IN NARRATIVE,39.23384,-86.624704
11,6,1000.0,2-Car,No injury/unknown,FOLLOWING TOO CLOSELY,39.23384,-86.624704
12,7,2100.0,2-Car,No injury/unknown,DRIVER DISTRACTED - EXPLAIN IN NARRATIVE,39.23374176,-86.62436676
9,4,800.0,2-Car,No injury/unknown,FAILURE TO YIELD RIGHT OF WAY,39.233181,-86.61887359
3,2,700.0,Bus,No injury/unknown,ROADWAY SURFACE CONDITION,39.23308969,-86.62547998
7,6,1300.0,2-Car,No injury/unknown,FAILURE TO YIELD RIGHT OF WAY,39.23302841,-86.62554931
9,4,700.0,2-Car,No injury/unknown,FAILURE TO YIELD RIGHT OF WAY,39.23285989,-86.54190129
7,3,1300.0,3+ Cars,Non-incapacitating,DISREGARD SIGNAL/REG SIGN,39.232688,-86.623056
5,5,1000.0,2-Car,No injury/unknown,UNSAFE BACKING,39.232544,-86.540704
8,6,100.0,2-Car,No injury/unknown,UNSAFE BACKING,39.232544,-86.540704
12,7,1800.0,3+ Cars,No injury/unknown,ROADWAY SURFACE CONDITION,39.232544,-86.540704
7,7,500.0,1-Car,No injury/unknown,RAN OFF ROAD RIGHT,39.23190013,-86.46851049
6,1,100.0,1-Car,No injury/unknown,ANIMAL/OBJECT IN ROADWAY,39.23185808,-86.50634149
7,3,1300.0,1-Car,No injury/unknown,ANIMAL/OBJECT IN ROADWAY,39.23183978,-86.50670575
1,5,1800.0,1-Car,Non-incapacitating,SPEED TOO FAST FOR WEATHER CONDITIONS,39.23179578,-86.50701904
4,4,1800.0,2-Car,No injury/unknown,FOLLOWING TOO CLOSELY,39.23172136,-86.51093021
9,6,2000.0,1-Car,Non-incapacitating,UNSAFE SPEED,39.231648,-86.671296
7,6,400.0,1-Car,No injury/unknown,OTHER (VEHICLE) - EXPLAIN IN NARRATIVE,39.23138808,-86.62459363
7,2,1100.0,2-Car,No injury/unknown,LEFT OF CENTER,39.23136332,-86.53076171
5,6,1100.0,2-Car,No injury/unknown,UNSAFE LANE MOVEMENT,39.23125467,-86.62103537
2,6,2000.0,2-Car,No injury/unknown,LEFT OF CENTER,39.231152,-86.6308
10,6,300.0,1-Car,No injury/unknown,DRIVER DISTRACTED - EXPLAIN IN NARRATIVE,39.23066881,-86.50493342
3,7,800.0,2-Car,No injury/unknown,FAILURE TO YIELD RIGHT OF WAY,39.230544,-86.42
10,6,900.0,1-Car,No injury/unknown,ANIMAL/OBJECT IN ROADWAY,39.230544,-86.42
12,2,700.0,2-Car,No injury/unknown,ANIMAL/OBJECT IN ROADWAY,39.23047063,-86.63069096
12,1,0.0,1-Car,No injury/unknown,RAN OFF ROAD RIGHT,39.23029921,-86.54709979
3,7,1400.0,2-Car,Non-incapacitating,FAILURE TO YIELD RIGHT OF WAY,39.230048,-86.4316
10,1,2000.0,1-Car,Non-incapacitating,RAN OFF ROAD RIGHT,39.22984,-86.502
2,4,1100.0,2-Car,No injury/unknown,OTHER (DRIVER) - EXPLAIN IN NARRATIVE,39.22981269,-86.61900411
11,1,100.0,1-Car,Incapacitating,RAN OFF ROAD RIGHT,39.22975041,-86.50376193
9,2,1600.0,1-Car,No injury/unknown,,39.22918571,-86.63056818
11,5,1800.0,1-Car,No injury/unknown,ANIMAL/OBJECT IN ROADWAY,39.22907327,-86.55677032
3,6,1700.0,2-Car,No injury/unknown,UNSAFE BACKING,39.228944,-86.627504
3,1,1600.0,2-Car,No injury/unknown,IMPROPER TURNING,39.228944,-86.627504
1,2,1900.0,2-Car,No injury/unknown,OTHER (DRIVER) - EXPLAIN IN NARRATIVE,39.22796249,-86.54624938
3,6,1500.0,2-Car,No injury/unknown,FAILURE TO YIELD RIGHT OF WAY,39.22796249,-86.54624938
1,5,2000.0,1-Car,No injury/unknown,ROADWAY SURFACE CONDITION,39.2276627,-86.61593307
4,5,1800.0,2-Car,No injury/unknown,DISREGARD SIGNAL/REG SIGN,39.2276627,-86.61593307
12,7,0.0,1-Car,No injury/unknown,RAN OFF ROAD RIGHT,39.22662942,-86.62438815
11,5,1500.0,2-Car,No injury/unknown,DRIVER DISTRACTED - EXPLAIN IN NARRATIVE,39.226352,-86.614192
11,7,1100.0,2-Car,No injury/unknown,UNSAFE LANE MOVEMENT,39.22626374,-86.61405676
9,5,1500.0,2-Car,No injury/unknown,UNSAFE BACKING,39.2261637,-86.53479985
10,3,1200.0,2-Car,No injury/unknown,VIEW OBSTRUCTED,39.22571945,-86.60509594
11,5,2200.0,1-Car,No injury/unknown,ANIMAL/OBJECT IN ROADWAY,39.22478185,-86.58868007
4,6,1300.0,2-Car,No injury/unknown,UNSAFE BACKING,39.22420883,-86.53900146
8,4,1600.0,2-Car,No injury/unknown,FOLLOWING TOO CLOSELY,39.22377014,-86.6088531
12,7,900.0,1-Car,No injury/unknown,ROADWAY SURFACE CONDITION,39.22337838,-86.55792236
7,4,1400.0,1-Car,No injury/unknown,RAN OFF ROAD RIGHT,39.223248,-86.6188
9,2,1500.0,2-Car,No injury/unknown,FAILURE TO YIELD RIGHT OF WAY,39.222848,-86.592704
9,1,100.0,1-Car,No injury/unknown,RAN OFF ROAD RIGHT,39.222848,-86.63048
9,5,1600.0,1-Car,No injury/unknown,ANIMAL/OBJECT IN ROADWAY,39.22284029,-86.58894351000001
1,2,1100.0,2-Car,No injury/unknown,OTHER (DRIVER) - EXPLAIN IN NARRATIVE,39.222752,-86.550096
3,5,700.0,2-Car,No injury/unknown,FOLLOWING TOO CLOSELY,39.22257277,-86.5171255
2,3,600.0,1-Car,No injury/unknown,RAN OFF ROAD RIGHT,39.22243037,-86.6053502
3,7,1100.0,1-Car,No injury/unknown,DRIVER DISTRACTED - EXPLAIN IN NARRATIVE,39.22238412,-86.58308029
2,3,1000.0,2-Car,No injury/unknown,FAILURE TO YIELD RIGHT OF WAY,39.22203827,-86.53192901
12,6,1400.0,2-Car,No injury/unknown,SPEED TOO FAST FOR WEATHER CONDITIONS,39.22143593,-86.52886962
3,1,1600.0,2-Car,No injury/unknown,OTHER (DRIVER) - EXPLAIN IN NARRATIVE,39.22117077,-86.61874274
2,1,1300.0,2-Car,No injury/unknown,ROADWAY SURFACE CONDITION,39.221152,-86.6056
8,5,1200.0,2-Car,Incapacitating,FAILURE TO YIELD RIGHT OF WAY,39.221152,-86.6056
10,4,1300.0,2-Car,No injury/unknown,FAILURE TO YIELD RIGHT OF WAY,39.221152,-86.6056
12,3,1800.0,1-Car,No injury/unknown,ANIMAL/OBJECT IN ROADWAY,39.22102484,-86.59269773
5,6,800.0,3+ Cars,No injury/unknown,FAILURE TO YIELD RIGHT OF WAY,39.22100969,-86.59268997
11,5,700.0,1-Car,No injury/unknown,ANIMAL/OBJECT IN ROADWAY,39.22100969,-86.59268997
7,3,1700.0,1-Car,No injury/unknown,ANIMAL/OBJECT IN ROADWAY,39.220944,-86.612192
11,5,500.0,1-Car,No injury/unknown,ANIMAL/OBJECT IN ROADWAY,39.22088285,-86.55024525
8,3,1600.0,2-Car,Non-incapacitating,FAILURE TO YIELD RIGHT OF WAY,39.22050395,-86.5311098
10,1,2300.0,2-Car,No injury/unknown,FAILURE TO YIELD RIGHT OF WAY,39.22035027,-86.58428432
6,4,2300.0,1-Car,No injury/unknown,RAN OFF ROAD RIGHT,39.22025908,-86.61213142
1,3,2000.0,2-Car,No injury/unknown,FAILURE TO YIELD RIGHT OF WAY,39.21901703,-86.42536926
3,1,500.0,1-Car,No injury/unknown,RAN OFF ROAD RIGHT,39.21901703,-86.42541247
3,5,1800.0,2-Car,No injury/unknown,ANIMAL/OBJECT IN ROADWAY,39.21898216,-86.54723358
2,3,2100.0,1-Car,No injury/unknown,RAN OFF ROAD RIGHT,39.21897935,-86.45289344
8,2,1700.0,2-Car,No injury/unknown,FOLLOWING TOO CLOSELY,39.21893123,-86.56252288
8,4,1200.0,2-Car,Non-incapacitating,FOLLOWING TOO CLOSELY,39.21849352,-86.60119115
10,5,1700.0,2-Car,No injury/unknown,IMPROPER TURNING,39.21827341,-86.51640996
9,2,1500.0,2-Car,No injury/unknown,FAILURE TO YIELD RIGHT OF WAY,39.21810913,-86.59268951
11,4,1500.0,2-Car,Non-incapacitating,FAILURE TO YIELD RIGHT OF WAY,39.21810913,-86.5927419
5,1,1300.0,2-Car,Incapacitating,LEFT OF CENTER,39.21780428,-86.43133871
1,7,1700.0,2-Car,No injury/unknown,IMPROPER LANE USAGE,39.21738915,-86.59900719
6,3,2300.0,2-Car,No injury/unknown,FAILURE TO YIELD RIGHT OF WAY,39.21738139,-86.59893745
8,2,1200.0,2-Car,Non-incapacitating,FAILURE TO YIELD RIGHT OF WAY,39.21738052,-86.59898376
12,2,900.0,2-Car,Non-incapacitating,FAILURE TO YIELD RIGHT OF WAY,39.21730181,-86.55630983
5,5,600.0,1-Car,No injury/unknown,ANIMAL/OBJECT IN ROADWAY,39.217248,-86.598992
12,6,500.0,2-Car,No injury/unknown,IMPROPER TURNING,39.21712186,-86.47205024
3,7,1400.0,2-Car,No injury/unknown,FAILURE TO YIELD RIGHT OF WAY,39.2168697,-86.65871992
9,1,1200.0,2-Car,Non-incapacitating,FOLLOWING TOO CLOSELY,39.21672821,-86.5963908
7,6,1900.0,1-Car,No injury/unknown,ANIMAL/OBJECT IN ROADWAY,39.21671718,-86.53976999
4,5,600.0,2-Car,Non-incapacitating,FAILURE TO YIELD RIGHT OF WAY,39.21662779,-86.59651279
4,6,1400.0,2-Car,No injury/unknown,DRIVER ILLNESS,39.21655923,-86.59484311
1,5,1800.0,2-Car,Non-incapacitating,UNSAFE LANE MOVEMENT,39.21651801,-86.59613201
8,6,200.0,2-Car,No injury/unknown,UNSAFE LANE MOVEMENT,39.21607567,-86.59449891
3,5,800.0,2-Car,No injury/unknown,FAILURE TO YIELD RIGHT OF WAY,39.21584,-86.5928
12,5,1300.0,2-Car,Incapacitating,LEFT OF CENTER,39.21584,-86.5928
9,5,2100.0,3+ Cars,No injury/unknown,FAILURE TO YIELD RIGHT OF WAY,39.21535861,-86.59301239
6,4,1700.0,2-Car,No injury/unknown,UNSAFE BACKING,39.21520002,-86.63040988
3,7,1200.0,2-Car,Incapacitating,UNSAFE LANE MOVEMENT,39.215152,-86.5928
3,3,700.0,2-Car,No injury/unknown,DRIVER DISTRACTED - EXPLAIN IN NARRATIVE,39.215152,-86.5928
7,3,1100.0,3+ Cars,No injury/unknown,DRIVER DISTRACTED - EXPLAIN IN NARRATIVE,39.215152,-86.5928
9,5,700.0,2-Car,No injury/unknown,FAILURE TO YIELD RIGHT OF WAY,39.215152,-86.5928
4,7,100.0,1-Car,No injury/unknown,ANIMAL/OBJECT IN ROADWAY,39.21514332,-86.55345656
2,2,2000.0,2-Car,No injury/unknown,FAILURE TO YIELD RIGHT OF WAY,39.21513482,-86.59267202
8,5,800.0,2-Car,No injury/unknown,UNSAFE LANE MOVEMENT,39.21496269,-86.55331485
3,3,800.0,1-Car,No injury/unknown,SPEED TOO FAST FOR WEATHER CONDITIONS,39.21481982,-86.4679972
1,5,900.0,2-Car,Non-incapacitating,FAILURE TO YIELD RIGHT OF WAY,39.214752,-86.472896
3,1,1700.0,1-Car,No injury/unknown,ANIMAL/OBJECT IN ROADWAY,39.214752,-86.472896
7,4,1900.0,2-Car,No injury/unknown,FAILURE TO YIELD RIGHT OF WAY,39.214752,-86.472896
3,5,2000.0,2-Car,Non-incapacitating,FOLLOWING TOO CLOSELY,39.21467972,-86.59262847
4,2,1300.0,2-Car,No injury/unknown,DRIVER ILLNESS,39.21467972,-86.59262847
8,4,1500.0,Moped/Motorcycle,No injury/unknown,FOLLOWING TOO CLOSELY,39.21467972,-86.59262847
12,6,1600.0,1-Car,No injury/unknown,ROADWAY SURFACE CONDITION,39.21457976,-86.39936976
10,5,1500.0,1-Car,No injury/unknown,RAN OFF ROAD RIGHT,39.2140616,-86.598
2,2,1600.0,2-Car,No injury/unknown,DISREGARD SIGNAL/REG SIGN,39.21375275,-86.7153778
2,6,700.0,1-Car,No injury/unknown,ROADWAY SURFACE CONDITION,39.21284949,-86.53149001
11,4,800.0,2-Car,No injury/unknown,FAILURE TO YIELD RIGHT OF WAY,39.21282023,-86.50541022
1,3,2000.0,2-Car,No injury/unknown,FAILURE TO YIELD RIGHT OF WAY,39.21280418,-86.50541992
12,6,1500.0,2-Car,No injury/unknown,ROADWAY SURFACE CONDITION,39.21280418,-86.50541992
1,4,1200.0,2-Car,No injury/unknown,FAILURE TO YIELD RIGHT OF WAY,39.212528,-86.496128
8,1,1100.0,2-Car,No injury/unknown,FOLLOWING TOO CLOSELY,39.2125206,-86.59179687
10,7,1000.0,2-Car,No injury/unknown,LEFT OF CENTER,39.21232296,-86.58315002
3,3,900.0,2-Car,Non-incapacitating,FAILURE TO YIELD RIGHT OF WAY,39.21211628,-86.58719271
4,6,1500.0,2-Car,Non-incapacitating,FAILURE TO YIELD RIGHT OF WAY,39.21206495,-86.58700777
12,2,0.0,2-Car,Non-incapacitating,FAILURE TO YIELD RIGHT OF WAY,39.21205902,-86.58701324
4,4,1700.0,2-Car,No injury/unknown,OTHER (DRIVER) - EXPLAIN IN NARRATIVE,39.212048,-86.5872
7,7,1900.0,2-Car,No injury/unknown,FOLLOWING TOO CLOSELY,39.212048,-86.5872
7,6,1500.0,2-Car,Non-incapacitating,FAILURE TO YIELD RIGHT OF WAY,39.212048,-86.5872
10,7,1500.0,1-Car,No injury/unknown,SPEED TOO FAST FOR WEATHER CONDITIONS,39.21181186,-86.49858633
10,1,900.0,1-Car,No injury/unknown,SPEED TOO FAST FOR WEATHER CONDITIONS,39.21171951,-86.46336161
5,6,1600.0,2-Car,No injury/unknown,FAILURE TO YIELD RIGHT OF WAY,39.21055646,-86.58390563
10,5,1800.0,2-Car,No injury/unknown,IMPROPER TURNING,39.210144,-86.5832
12,6,200.0,1-Car,Non-incapacitating,RAN OFF ROAD RIGHT,39.20998263,-86.58294449
12,2,1800.0,3+ Cars,No injury/unknown,FAILURE TO YIELD RIGHT OF WAY,39.209952,-86.463392
5,6,1600.0,2-Car,No injury/unknown,VIEW OBSTRUCTED,39.20991579,-86.58276778
6,3,1100.0,2-Car,Non-incapacitating,DISREGARD SIGNAL/REG SIGN,39.20991579,-86.58276778
2,6,900.0,2-Car,No injury/unknown,FOLLOWING TOO CLOSELY,39.209808,-86.582672
9,6,1500.0,2-Car,No injury/unknown,FOLLOWING TOO CLOSELY,39.209808,-86.582672
1,4,1600.0,2-Car,Non-incapacitating,FAILURE TO YIELD RIGHT OF WAY,39.20947444,-86.58310609
10,5,1600.0,2-Car,No injury/unknown,FAILURE TO YIELD RIGHT OF WAY,39.20933914,-86.58882904
2,5,1500.0,2-Car,No injury/unknown,FOLLOWING TOO CLOSELY,39.20918201,-86.55998992
11,4,1500.0,2-Car,No injury/unknown,DRIVER DISTRACTED - EXPLAIN IN NARRATIVE,39.20911264,-86.6113738
5,1,300.0,2-Car,No injury/unknown,UNSAFE BACKING,39.20885771,-86.48676742
5,7,600.0,1-Car,No injury/unknown,ANIMAL/OBJECT IN ROADWAY,39.20851117,-86.55464797
4,2,900.0,1-Car,No injury/unknown,RAN OFF ROAD RIGHT,39.20835435,-86.54741802
9,1,1200.0,1-Car,No injury/unknown,SPEED TOO FAST FOR WEATHER CONDITIONS,39.20830531,-86.46331025
12,7,400.0,1-Car,No injury/unknown,RAN OFF ROAD RIGHT,39.20824814,-86.58039093
5,5,800.0,2-Car,Non-incapacitating,SPEED TOO FAST FOR WEATHER CONDITIONS,39.20824,-86.552192
4,4,300.0,2-Car,No injury/unknown,FAILURE TO YIELD RIGHT OF WAY,39.20824,-86.554704
10,1,1000.0,Moped/Motorcycle,Non-incapacitating,FAILURE TO YIELD RIGHT OF WAY,39.20824,-86.554704
12,2,800.0,2-Car,Incapacitating,FAILURE TO YIELD RIGHT OF WAY,39.20824,-86.554704
2,1,1000.0,2-Car,No injury/unknown,FAILURE TO YIELD RIGHT OF WAY,39.20822024,-86.58315002
6,2,1700.0,1-Car,Non-incapacitating,SPEED TOO FAST FOR WEATHER CONDITIONS,39.20822024,-86.58315002
8,6,1600.0,2-Car,No injury/unknown,FOLLOWING TOO CLOSELY,39.20822024,-86.58315002
6,4,1700.0,2-Car,No injury/unknown,SPEED TOO FAST FOR WEATHER CONDITIONS,39.20822024,-86.58315002
7,7,1700.0,3+ Cars,Non-incapacitating,FOLLOWING TOO CLOSELY,39.20822024,-86.58315002
9,6,1700.0,2-Car,No injury/unknown,UNSAFE SPEED,39.20822024,-86.58315002
5,6,1200.0,1-Car,Non-incapacitating,SPEED TOO FAST FOR WEATHER CONDITIONS,39.208182,-86.52943611
2,4,1100.0,2-Car,No injury/unknown,OTHER (DRIVER) - EXPLAIN IN NARRATIVE,39.208144,-86.5832
7,6,1600.0,1-Car,No injury/unknown,SPEED TOO FAST FOR WEATHER CONDITIONS,39.208144,-86.5832
10,4,1500.0,2-Car,No injury/unknown,FOLLOWING TOO CLOSELY,39.20810568,-86.58315422
8,5,1500.0,1-Car,No injury/unknown,RAN OFF ROAD RIGHT,39.208048,-86.528704
7,6,1500.0,1-Car,Non-incapacitating,ANIMAL/OBJECT IN ROADWAY,39.208048,-86.528704
10,4,500.0,1-Car,No injury/unknown,SPEED TOO FAST FOR WEATHER CONDITIONS,39.208048,-86.528704
10,4,2100.0,1-Car,No injury/unknown,RAN OFF ROAD RIGHT,39.208048,-86.528704
11,4,1900.0,1-Car,No injury/unknown,SPEED TOO FAST FOR WEATHER CONDITIONS,39.208048,-86.528704
11,5,1100.0,1-Car,No injury/unknown,SPEED TOO FAST FOR WEATHER CONDITIONS,39.208048,-86.528704
11,4,1500.0,3+ Cars,No injury/unknown,FOLLOWING TOO CLOSELY,39.20797921,-86.5832
11,5,600.0,1-Car,No injury/unknown,ANIMAL/OBJECT IN ROADWAY,39.207901,-86.55677032
11,5,1500.0,2-Car,No injury/unknown,IMPROPER PASSING,39.207901,-86.55677032
7,7,1800.0,2-Car,No injury/unknown,UNSAFE BACKING,39.20786775,-86.52824978
1,1,2200.0,1-Car,No injury/unknown,LEFT OF CENTER,39.20773413,-86.58315341
2,5,1700.0,2-Car,Non-incapacitating,LEFT OF CENTER,39.20765826,-86.42368197
4,4,1700.0,2-Car,No injury/unknown,OTHER (DRIVER) - EXPLAIN IN NARRATIVE,39.207648,-86.573792
5,2,1700.0,2-Car,No injury/unknown,FAILURE TO YIELD RIGHT OF WAY,39.207648,-86.573792
5,3,1500.0,3+ Cars,No injury/unknown,DRIVER DISTRACTED - EXPLAIN IN NARRATIVE,39.207648,-86.573792
10,5,1500.0,2-Car,No injury/unknown,DRIVER DISTRACTED - EXPLAIN IN NARRATIVE,39.207648,-86.573792
6,3,1900.0,2-Car,No injury/unknown,FOLLOWING TOO CLOSELY,39.20762703,-86.57987873
5,6,2000.0,1-Car,No injury/unknown,ANIMAL/OBJECT IN ROADWAY,39.20762703,-86.57996531
4,2,2000.0,1-Car,Non-incapacitating,DRIVER ILLNESS,39.20741798,-86.55671533
2,4,1500.0,2-Car,No injury/unknown,OTHER (DRIVER) - EXPLAIN IN NARRATIVE,39.20739745,-86.5832
1,4,900.0,2-Car,No injury/unknown,FAILURE TO YIELD RIGHT OF WAY,39.20704,-86.534704
8,1,1600.0,2-Car,No injury/unknown,IMPROPER TURNING,39.20704,-86.534704
9,1,1800.0,1-Car,No injury/unknown,SPEED TOO FAST FOR WEATHER CONDITIONS,39.20704,-86.534704
10,7,1500.0,2-Car,No injury/unknown,FAILURE TO YIELD RIGHT OF WAY,39.20704,-86.534704
6,3,900.0,2-Car,No injury/unknown,OTHER (DRIVER) - EXPLAIN IN NARRATIVE,39.20695017,-86.54271697
10,7,1200.0,2-Car,No injury/unknown,FAILURE TO YIELD RIGHT OF WAY,39.20676558,-86.5347187
6,6,1500.0,2-Car,No injury/unknown,UNSAFE BACKING,39.20659952,-86.57143749
3,3,1300.0,2-Car,Incapacitating,LEFT OF CENTER,39.206352,-86.557696
9,7,900.0,2-Car,No injury/unknown,IMPROPER TURNING,39.206352,-86.557696
10,7,100.0,1-Car,No injury/unknown,RAN OFF ROAD RIGHT,39.206352,-86.557696
12,2,1200.0,2-Car,No injury/unknown,FAILURE TO YIELD RIGHT OF WAY,39.206352,-86.557696
1,4,1400.0,2-Car,No injury/unknown,FAILURE TO YIELD RIGHT OF WAY,39.206312,-86.571312
8,6,1200.0,2-Car,No injury/unknown,FOLLOWING TOO CLOSELY,39.206312,-86.571312
9,4,1100.0,2-Car,No injury/unknown,DISREGARD SIGNAL/REG SIGN,39.20619965,-86.61134338
10,6,900.0,2-Car,No injury/unknown,VIEW OBSTRUCTED,39.20619965,-86.61134338