Month,Day,Hour,Collision Type,Injury Type,Primary Factor,Latitude,Longitude
10,4,1600.0,2-Car,No injury/unknown,FOLLOWING TOO CLOSELY,39.20619965,-86.61134338
6,4,1300.0,2-Car,Non-incapacitating,FAILURE TO YIELD RIGHT OF WAY,39.2059222,-86.53134986
6,4,1400.0,2-Car,No injury/unknown,UNSAFE LANE MOVEMENT,39.20483826,-86.55366582
4,4,2000.0,2-Car,No injury/unknown,FOLLOWING TOO CLOSELY,39.20448303,-86.52912139
8,3,0.0,1-Car,No injury/unknown,CELL PHONE USAGE,39.20437535,-86.50831326
12,6,900.0,2-Car,No injury/unknown,UNSAFE BACKING,39.20406993,-86.50966018
1,3,1200.0,2-Car,No injury/unknown,WRONG WAY ON ONE WAY,39.20361185,-86.5724945
3,6,900.0,Bus,No injury/unknown,OTHER (DRIVER) - EXPLAIN IN NARRATIVE,39.20304,-86.547392
11,4,800.0,2-Car,No injury/unknown,LEFT OF CENTER,39.20304,-86.547392
12,5,700.0,2-Car,No injury/unknown,UNSAFE BACKING,39.20304,-86.547392
8,5,1400.0,3+ Cars,No injury/unknown,LEFT OF CENTER,39.20268014,-86.61131992
11,3,800.0,2-Car,No injury/unknown,FOLLOWING TOO CLOSELY,39.20220184,-86.58310926
9,1,1300.0,2-Car,Non-incapacitating,DISREGARD SIGNAL/REG SIGN,39.20220184,-86.58312225
10,4,500.0,1-Car,No injury/unknown,RAN OFF ROAD RIGHT,39.20220184,-86.58312225
5,7,1400.0,2-Car,No injury/unknown,,39.201952,-86.537792
5,7,2300.0,2-Car,No injury/unknown,UNSAFE BACKING,39.20188522,-86.48239135
12,1,1900.0,1-Car,No injury/unknown,IMPROPER TURNING,39.20188017,-86.58311985
10,5,1100.0,2-Car,No injury/unknown,OTHER (VEHICLE) - EXPLAIN IN NARRATIVE,39.20157304,-86.52103006
3,6,2300.0,1-Car,No injury/unknown,RAN OFF ROAD RIGHT,39.20121968,-86.60179171
4,1,200.0,1-Car,No injury/unknown,SPEED TOO FAST FOR WEATHER CONDITIONS,39.20095325,-86.53521736
1,2,1600.0,2-Car,No injury/unknown,OVERCORRECTING/OVERSTEERING,39.20082003,-86.54285989
12,5,1600.0,2-Car,No injury/unknown,LEFT OF CENTER,39.20082003,-86.54285989
1,5,1400.0,1-Car,No injury/unknown,RAN OFF ROAD RIGHT,39.20077896,-86.54376983
8,2,700.0,2-Car,No injury/unknown,UNSAFE LANE MOVEMENT,39.20061493,-86.5491333
8,5,1200.0,2-Car,No injury/unknown,UNSAFE BACKING,39.20061493,-86.5491333
10,3,1500.0,2-Car,Non-incapacitating,LEFT OF CENTER,39.20061493,-86.5491333
11,5,700.0,2-Car,No injury/unknown,OTHER (DRIVER) - EXPLAIN IN NARRATIVE,39.20061493,-86.5491333
6,3,1700.0,2-Car,No injury/unknown,FAILURE TO YIELD RIGHT OF WAY,39.20059967,-86.54271697
10,2,1500.0,2-Car,Incapacitating,FAILURE TO YIELD RIGHT OF WAY,39.20059967,-86.54271697
11,4,900.0,2-Car,No injury/unknown,DISREGARD SIGNAL/REG SIGN,39.20059967,-86.54271697
2,2,0.0,1-Car,No injury/unknown,RAN OFF ROAD RIGHT,39.20053715,-86.51415019
10,7,1800.0,1-Car,No injury/unknown,UNSAFE SPEED,39.20053715,-86.51415019
2,6,800.0,2-Car,No injury/unknown,OTHER (DRIVER) - EXPLAIN IN NARRATIVE,39.20047783,-86.513481
11,4,1300.0,1-Car,No injury/unknown,RAN OFF ROAD RIGHT,39.20033623,-86.6010068
12,7,2100.0,1-Car,No injury/unknown,ANIMAL/OBJECT IN ROADWAY,39.2003026,-86.11331563
2,5,1800.0,2-Car,Non-incapacitating,FAILURE TO YIELD RIGHT OF WAY,39.1999336,-86.55979908
10,6,1900.0,1-Car,No injury/unknown,RAN OFF ROAD RIGHT,39.19990337,-86.5597961
2,5,1500.0,2-Car,No injury/unknown,UNSAFE BACKING,39.19982592,-86.50945968
4,5,1300.0,2-Car,Non-incapacitating,FAILURE TO YIELD RIGHT OF WAY,39.19973849,-86.53265006
10,3,1800.0,1-Car,No injury/unknown,SPEED TOO FAST FOR WEATHER CONDITIONS,39.19968,-86.55968
11,5,1300.0,1-Car,No injury/unknown,RAN OFF ROAD RIGHT,39.19968,-86.55968
9,5,1800.0,2-Car,Non-incapacitating,SPEED TOO FAST FOR WEATHER CONDITIONS,39.19899853,-86.41871029
1,5,1800.0,1-Car,No injury/unknown,RAN OFF ROAD RIGHT,39.1986414,-86.55418395
1,5,1900.0,1-Car,No injury/unknown,RAN OFF ROAD RIGHT,39.19851139,-86.52876357
6,1,1100.0,1-Car,Non-incapacitating,ROADWAY SURFACE CONDITION,39.19824,-86.5368
9,5,1500.0,2-Car,No injury/unknown,FOLLOWING TOO CLOSELY,39.198144,-86.542096
10,3,1000.0,2-Car,No injury/unknown,OTHER (DRIVER) - EXPLAIN IN NARRATIVE,39.19802074,-86.51247985
1,5,1100.0,2-Car,No injury/unknown,FAILURE TO YIELD RIGHT OF WAY,39.1978658,-86.57777018
9,7,2100.0,1-Car,Non-incapacitating,RAN OFF ROAD RIGHT,39.19776276,-86.54749135
12,6,800.0,2-Car,Non-incapacitating,FAILURE TO YIELD RIGHT OF WAY,39.19691037,-86.53453968
12,6,1300.0,2-Car,No injury/unknown,SPEED TOO FAST FOR WEATHER CONDITIONS,39.19691004,-86.53452023
7,3,1400.0,2-Car,No injury/unknown,UNSAFE LANE MOVEMENT,39.19665319,-86.55731999
11,4,1100.0,1-Car,No injury/unknown,ANIMAL/OBJECT IN ROADWAY,39.19638274,-86.49550628
2,6,500.0,1-Car,No injury/unknown,ROADWAY SURFACE CONDITION,39.19594478,-86.56349182
5,3,1700.0,2-Car,Non-incapacitating,UNSAFE LANE MOVEMENT,39.19535942,-86.53134986
1,2,0.0,1-Car,No injury/unknown,ANIMAL/OBJECT IN ROADWAY,39.1951508,-86.55579153
10,3,0.0,1-Car,Incapacitating,RAN OFF ROAD RIGHT,39.1950292,-86.51242074
2,6,900.0,2-Car,No injury/unknown,UNSAFE SPEED,39.19483996,-86.53349103
11,2,500.0,1-Car,No injury/unknown,ANIMAL/OBJECT IN ROADWAY,39.19469329,-86.55459784
4,7,0.0,1-Car,No injury/unknown,RAN OFF ROAD RIGHT,39.19451413,-86.592344
3,6,800.0,2-Car,No injury/unknown,DRIVER DISTRACTED - EXPLAIN IN NARRATIVE,39.19434263,-86.55483577
1,5,1800.0,3+ Cars,No injury/unknown,ROADWAY SURFACE CONDITION,39.194144,-86.554592
3,6,1200.0,2-Car,No injury/unknown,IMPROPER LANE USAGE,39.194144,-86.554592
7,2,300.0,Moped/Motorcycle,Non-incapacitating,OTHER (ENVIRONMENTAL) - EXPLAIN IN NARR,39.194144,-86.554592
7,1,1400.0,2-Car,Incapacitating,FAILURE TO YIELD RIGHT OF WAY,39.194144,-86.554592
12,5,1700.0,2-Car,No injury/unknown,FOLLOWING TOO CLOSELY,39.19403828,-86.4677375
6,7,1800.0,1-Car,No injury/unknown,RAN OFF ROAD RIGHT,39.193872,-86.590784
7,4,800.0,2-Car,No injury/unknown,FOLLOWING TOO CLOSELY,39.19377136,-86.5711975
11,6,2200.0,1-Car,No injury/unknown,ANIMAL/OBJECT IN ROADWAY,39.19377136,-86.57120616
12,2,800.0,1-Car,No injury/unknown,ROADWAY SURFACE CONDITION,39.19377136,-86.57128408
11,3,700.0,2-Car,No injury/unknown,UNSAFE SPEED,39.19345736,-86.554592
3,7,0.0,1-Car,No injury/unknown,RAN OFF ROAD RIGHT,39.19344,-86.436288
12,7,500.0,1-Car,No injury/unknown,UNSAFE SPEED,39.19344,-86.436288
6,5,1100.0,2-Car,No injury/unknown,,39.19333267,-86.51803588
9,6,200.0,1-Car,Non-incapacitating,RAN OFF ROAD RIGHT,39.19323108,-86.5892232
11,6,2300.0,2-Car,No injury/unknown,IMPROPER PASSING,39.19261238,-86.53309648
2,7,0.0,1-Car,No injury/unknown,RAN OFF ROAD RIGHT,39.192352,-86.552592
7,2,400.0,1-Car,No injury/unknown,RAN OFF ROAD RIGHT,39.192352,-86.552592
10,7,1000.0,Moped/Motorcycle,Non-incapacitating,LEFT OF CENTER,39.19213358,-86.53933802
4,3,1600.0,2-Car,No injury/unknown,OTHER (DRIVER) - EXPLAIN IN NARRATIVE,39.19189072,-86.52085113
3,2,1300.0,Pedestrian,No injury/unknown,IMPROPER PASSING,39.19172672,-86.51090003
2,4,1400.0,2-Car,No injury/unknown,FAILURE TO YIELD RIGHT OF WAY,39.19141222,-86.57266996
10,4,1100.0,2-Car,No injury/unknown,DRIVER DISTRACTED - EXPLAIN IN NARRATIVE,39.191248,-86.528432
9,6,1400.0,2-Car,No injury/unknown,FAILURE TO YIELD RIGHT OF WAY,39.191248,-86.532896
5,1,1800.0,2-Car,Non-incapacitating,FOLLOWING TOO CLOSELY,39.19105963,-86.53294545
6,6,0.0,Moped/Motorcycle,Non-incapacitating,UNSAFE SPEED,39.19084859,-86.55465063
12,4,1500.0,2-Car,No injury/unknown,FAILURE TO YIELD RIGHT OF WAY,39.1906397,-86.58308029
12,2,400.0,1-Car,No injury/unknown,SPEED TOO FAST FOR WEATHER CONDITIONS,39.19036642,-86.5319519
8,7,1100.0,2-Car,No injury/unknown,DRIVER DISTRACTED - EXPLAIN IN NARRATIVE,39.19028995,-86.54395021
11,4,300.0,3+ Cars,Non-incapacitating,FAILURE TO YIELD RIGHT OF WAY,39.19028029,-86.58252976
3,3,1700.0,2-Car,No injury/unknown,DRIVER DISTRACTED - EXPLAIN IN NARRATIVE,39.19025117,-86.58254201
8,3,700.0,3+ Cars,No injury/unknown,FOLLOWING TOO CLOSELY,39.19001387,-86.53773267
11,1,600.0,1-Car,No injury/unknown,ANIMAL/OBJECT IN ROADWAY,39.189968,-86.533232
6,5,2200.0,2-Car,No injury/unknown,IMPROPER TURNING,39.18961577,-86.53335951
6,7,600.0,2-Car,No injury/unknown,FAILURE TO YIELD RIGHT OF WAY,39.18955883,-86.53527832
9,6,200.0,1-Car,No injury/unknown,ANIMAL/OBJECT IN ROADWAY,39.18948198,-86.57982113
1,5,2200.0,2-Car,No injury/unknown,ROADWAY SURFACE CONDITION,39.18945555,-86.51666007
3,7,300.0,1-Car,No injury/unknown,RAN OFF ROAD RIGHT,39.18940963,-86.53339331
12,3,700.0,1-Car,No injury/unknown,RAN OFF ROAD RIGHT,39.18934017,-86.66065364
2,5,900.0,2-Car,No injury/unknown,LEFT OF CENTER,39.189248,-86.531472
3,7,1500.0,2-Car,No injury/unknown,FAILURE TO YIELD RIGHT OF WAY,39.189248,-86.531472
4,2,1100.0,2-Car,No injury/unknown,UNSAFE BACKING,39.189248,-86.531472
5,2,800.0,3+ Cars,No injury/unknown,DRIVER ASLEEP OR FATIGUED,39.189248,-86.531472
1,6,1500.0,2-Car,No injury/unknown,DRIVER DISTRACTED - EXPLAIN IN NARRATIVE,39.189248,-86.53344
1,3,0.0,1-Car,Non-incapacitating,RAN OFF ROAD RIGHT,39.18920404,-86.65717506
8,7,800.0,1-Car,Non-incapacitating,OVERCORRECTING/OVERSTEERING,39.18903012,-86.63000869
7,3,1600.0,1-Car,No injury/unknown,RAN OFF ROAD RIGHT,39.188924,-86.53937973
3,4,1700.0,1-Car,No injury/unknown,SPEED TOO FAST FOR WEATHER CONDITIONS,39.18871307,-86.48529052
7,2,2200.0,1-Car,No injury/unknown,UNSAFE SPEED,39.18866935,-86.5144
2,6,1000.0,1-Car,No injury/unknown,RAN OFF ROAD RIGHT,39.1884748,-86.54492989
5,5,0.0,2-Car,No injury/unknown,FAILURE TO YIELD RIGHT OF WAY,39.18807015,-86.53777535
3,7,900.0,2-Car,No injury/unknown,UNSAFE BACKING,39.18768311,-86.54618835
10,7,1300.0,1-Car,No injury/unknown,BRAKE FAILURE OR DEFECTIVE,39.18765843,-86.59259073
1,6,1800.0,2-Car,No injury/unknown,UNSAFE BACKING,39.18763351,-86.53923797
5,7,1600.0,2-Car,No injury/unknown,UNSAFE BACKING,39.18763351,-86.53923797
9,1,1800.0,2-Car,No injury/unknown,,39.18763351,-86.53923797
4,2,1700.0,2-Car,No injury/unknown,FOLLOWING TOO CLOSELY,39.18753735,-86.52827453
1,2,1100.0,2-Car,No injury/unknown,FAILURE TO YIELD RIGHT OF WAY,39.187344,-86.5552
2,2,800.0,2-Car,No injury/unknown,FOLLOWING TOO CLOSELY,39.187344,-86.5552
3,4,1300.0,2-Car,Non-incapacitating,FAILURE TO YIELD RIGHT OF WAY,39.187344,-86.5552
4,7,1000.0,2-Car,No injury/unknown,FOLLOWING TOO CLOSELY,39.187344,-86.5552
7,2,1700.0,2-Car,Non-incapacitating,FOLLOWING TOO CLOSELY,39.187344,-86.5552
11,6,1700.0,1-Car,Non-incapacitating,OTHER (DRIVER) - EXPLAIN IN NARRATIVE,39.1872294,-86.55509949
6,5,1200.0,1-Car,No injury/unknown,OVERSIZE/OVERWEIGHT LOAD,39.18719976,-86.55167597
12,1,1800.0,2-Car,No injury/unknown,SPEED TOO FAST FOR WEATHER CONDITIONS,39.18713206,-86.55800568
4,1,1800.0,Moped/Motorcycle,Non-incapacitating,OTHER (ENVIRONMENTAL) - EXPLAIN IN NARR,39.18712961,-86.55806065
1,5,1800.0,2-Car,Non-incapacitating,FOLLOWING TOO CLOSELY,39.18712742,-86.55032137
3,7,100.0,1-Car,No injury/unknown,ANIMAL/OBJECT IN ROADWAY,39.186944,-86.5468
9,1,2200.0,1-Car,No injury/unknown,ANIMAL/OBJECT IN ROADWAY,39.18693924,-86.55130767
11,5,900.0,2-Car,No injury/unknown,FOLLOWING TOO CLOSELY,39.18693924,-86.55133364
7,6,1600.0,1-Car,No injury/unknown,RAN OFF ROAD RIGHT,39.18691963,-86.54664811
5,3,1600.0,2-Car,Non-incapacitating,FAILURE TO YIELD RIGHT OF WAY,39.18679791,-86.54665985
12,6,2300.0,1-Car,Non-incapacitating,RAN OFF ROAD RIGHT,39.186752,-86.611504
9,4,2000.0,1-Car,No injury/unknown,ANIMAL/OBJECT IN ROADWAY,39.18672033,-86.60840666
10,2,900.0,2-Car,No injury/unknown,OTHER (ENVIRONMENTAL) - EXPLAIN IN NARR,39.18668773,-86.52701005
5,5,2300.0,1-Car,No injury/unknown,ANIMAL/OBJECT IN ROADWAY,39.18667644,-86.55956032
10,6,1000.0,3+ Cars,Fatal,FAILURE TO YIELD RIGHT OF WAY,39.18657245,-86.53763294
12,4,1900.0,2-Car,Non-incapacitating,OTHER (DRIVER) - EXPLAIN IN NARRATIVE,39.18656757,-86.53841652
9,6,1500.0,2-Car,No injury/unknown,FOLLOWING TOO CLOSELY,39.18655971,-86.53824035
11,2,1800.0,2-Car,No injury/unknown,FAILURE TO YIELD RIGHT OF WAY,39.18654943,-86.51640996
6,3,1800.0,2-Car,Non-incapacitating,UNSAFE LANE MOVEMENT,39.186544,-86.537888
7,1,1700.0,1-Car,Non-incapacitating,OVERCORRECTING/OVERSTEERING,39.186544,-86.537888
8,5,1500.0,2-Car,No injury/unknown,DRIVER DISTRACTED - EXPLAIN IN NARRATIVE,39.186544,-86.537888
9,6,1400.0,2-Car,No injury/unknown,FOLLOWING TOO CLOSELY,39.186544,-86.537888
9,6,2200.0,2-Car,Non-incapacitating,FAILURE TO YIELD RIGHT OF WAY,39.186544,-86.537888
10,7,1900.0,2-Car,No injury/unknown,IMPROPER TURNING,39.186544,-86.537888
11,3,1300.0,2-Car,Non-incapacitating,DISREGARD SIGNAL/REG SIGN,39.186544,-86.537888
11,3,1900.0,2-Car,No injury/unknown,FOLLOWING TOO CLOSELY,39.186544,-86.537888
12,4,1800.0,2-Car,No injury/unknown,DRIVER DISTRACTED - EXPLAIN IN NARRATIVE,39.186544,-86.537888
12,4,1800.0,Pedestrian,Non-incapacitating,FOLLOWING TOO CLOSELY,39.186544,-86.537888
2,6,1500.0,2-Car,No injury/unknown,FOLLOWING TOO CLOSELY,39.186544,-86.551168
12,4,700.0,3+ Cars,No injury/unknown,FOLLOWING TOO CLOSELY,39.18653339,-86.53771207
10,1,1100.0,2-Car,No injury/unknown,SPEED TOO FAST FOR WEATHER CONDITIONS,39.18649879,-86.53102874
11,1,0.0,1-Car,No injury/unknown,,39.18647506,-86.54545847
10,5,1300.0,1-Car,Non-incapacitating,RAN OFF ROAD RIGHT,39.18646982,-86.63578101
9,4,800.0,2-Car,No injury/unknown,RAN OFF ROAD RIGHT,39.18644931,-86.5469022
5,5,400.0,1-Car,No injury/unknown,ANIMAL/OBJECT IN ROADWAY,39.18642044,-86.54669849
12,1,2200.0,Pedestrian,Non-incapacitating,SPEED TOO FAST FOR WEATHER CONDITIONS,39.18641798,-86.54671631
2,2,1600.0,2-Car,No injury/unknown,OTHER (VEHICLE) - EXPLAIN IN NARRATIVE,39.18637365,-86.53420172
1,2,2100.0,3+ Cars,No injury/unknown,FOLLOWING TOO CLOSELY,39.186368,-86.5344
6,1,1300.0,2-Car,No injury/unknown,UNSAFE LANE MOVEMENT,39.186368,-86.5344
4,4,1000.0,2-Car,No injury/unknown,FOLLOWING TOO CLOSELY,39.186368,-86.5344
6,6,800.0,2-Car,Non-incapacitating,FOLLOWING TOO CLOSELY,39.186368,-86.5344
7,3,1200.0,2-Car,No injury/unknown,FAILURE TO YIELD RIGHT OF WAY,39.186368,-86.5344
9,1,400.0,2-Car,Non-incapacitating,DISREGARD SIGNAL/REG SIGN,39.186368,-86.5344
11,2,1000.0,2-Car,Non-incapacitating,FOLLOWING TOO CLOSELY,39.186368,-86.5344
6,2,1800.0,2-Car,No injury/unknown,FOLLOWING TOO CLOSELY,39.18636592,-86.53404709
2,6,2100.0,2-Car,No injury/unknown,UNSAFE BACKING,39.18636,-86.533048
2,4,1600.0,2-Car,No injury/unknown,UNSAFE BACKING,39.18636,-86.533048
3,7,1300.0,2-Car,No injury/unknown,UNSAFE BACKING,39.18636,-86.533048
5,5,1500.0,2-Car,No injury/unknown,IMPROPER LANE USAGE,39.18636,-86.533048
8,3,1600.0,2-Car,No injury/unknown,UNSAFE BACKING,39.18636,-86.533048
8,7,1800.0,2-Car,No injury/unknown,IMPROPER TURNING,39.18636,-86.533048
10,5,1200.0,2-Car,No injury/unknown,FAILURE TO YIELD RIGHT OF WAY,39.18636,-86.533048
12,3,2000.0,2-Car,Non-incapacitating,FOLLOWING TOO CLOSELY,39.18635202,-86.52779016
12,2,500.0,1-Car,No injury/unknown,ROADWAY SURFACE CONDITION,39.186352,-86.522192
1,5,1800.0,2-Car,No injury/unknown,SPEED TOO FAST FOR WEATHER CONDITIONS,39.186352,-86.528496
9,7,1100.0,2-Car,No injury/unknown,DISREGARD SIGNAL/REG SIGN,39.186352,-86.528496
10,5,1500.0,2-Car,No injury/unknown,SPEED TOO FAST FOR WEATHER CONDITIONS,39.186352,-86.528496
4,6,1200.0,2-Car,No injury/unknown,FAILURE TO YIELD RIGHT OF WAY,39.186352,-86.534704
7,6,1900.0,Moped/Motorcycle,Non-incapacitating,UNSAFE SPEED,39.186352,-86.534704
8,3,2200.0,1-Car,No injury/unknown,RAN OFF ROAD RIGHT,39.186352,-86.534704
8,6,1800.0,2-Car,No injury/unknown,UNSAFE LANE MOVEMENT,39.186352,-86.534704
12,3,1800.0,2-Car,No injury/unknown,FOLLOWING TOO CLOSELY,39.18633007,-86.53453968
9,4,1500.0,2-Car,No injury/unknown,OTHER (DRIVER) - EXPLAIN IN NARRATIVE,39.18632126,-86.5284143
1,5,1800.0,2-Car,No injury/unknown,SPEED TOO FAST FOR WEATHER CONDITIONS,39.18632001,-86.52842022
12,6,800.0,2-Car,No injury/unknown,FAILURE TO YIELD RIGHT OF WAY,39.18632001,-86.53164021
5,7,1100.0,2-Car,Non-incapacitating,FOLLOWING TOO CLOSELY,39.18630288,-86.52839688
10,6,1600.0,2-Car,No injury/unknown,FOLLOWING TOO CLOSELY,39.18630288,-86.52839688
12,4,1700.0,2-Car,No injury/unknown,FOLLOWING TOO CLOSELY,39.18630288,-86.52839688
12,6,2100.0,2-Car,No injury/unknown,FOLLOWING TOO CLOSELY,39.18630288,-86.52839688
9,6,1500.0,1-Car,No injury/unknown,SPEED TOO FAST FOR WEATHER CONDITIONS,39.18629379,-86.53455208
11,7,1500.0,2-Car,No injury/unknown,FAILURE TO YIELD RIGHT OF WAY,39.18629379,-86.53455208
8,2,1500.0,2-Car,Non-incapacitating,FAILURE TO YIELD RIGHT OF WAY,39.18623663,-86.52222917
12,7,900.0,1-Car,No injury/unknown,SPEED TOO FAST FOR WEATHER CONDITIONS,39.18616889,-86.52088402
12,2,600.0,2-Car,No injury/unknown,SPEED TOO FAST FOR WEATHER CONDITIONS,39.18611012,-86.59628011
11,3,1700.0,2-Car,Non-incapacitating,FOLLOWING TOO CLOSELY,39.18599865,-86.51969433
9,3,1300.0,2-Car,No injury/unknown,UNSAFE BACKING,39.18597794,-86.5307846
8,1,1100.0,2-Car,No injury/unknown,OVERCORRECTING/OVERSTEERING,39.18587599,-86.51907397
9,2,700.0,2-Car,No injury/unknown,OTHER (VEHICLE) - EXPLAIN IN NARRATIVE,39.18584,-86.537872
1,3,800.0,2-Car,No injury/unknown,FOLLOWING TOO CLOSELY,39.18554434,-86.5410903
12,1,1700.0,2-Car,No injury/unknown,LEFT OF CENTER,39.18532944,-86.42052223
1,7,1600.0,Bus,No injury/unknown,FAILURE TO YIELD RIGHT OF WAY,39.185232,-86.54060206
2,7,2200.0,2-Car,No injury/unknown,IMPROPER TURNING,39.185232,-86.54060206
4,5,2300.0,1-Car,No injury/unknown,RAN OFF ROAD RIGHT,39.185232,-86.54060206
9,1,1200.0,Bus,No injury/unknown,UNSAFE BACKING,39.185232,-86.54060206
11,5,200.0,Moped/Motorcycle,Non-incapacitating,RAN OFF ROAD RIGHT,39.185232,-86.54060206
11,1,600.0,1-Car,No injury/unknown,RAN OFF ROAD RIGHT,39.1852192,-86.541616
9,4,1600.0,2-Car,No injury/unknown,UNSAFE BACKING,39.18518476,-86.54393211
10,3,1600.0,2-Car,No injury/unknown,SPEED TOO FAST FOR WEATHER CONDITIONS,39.185152,-86.535296
2,7,1900.0,1-Car,Non-incapacitating,STEERING FAILURE,39.18509471,-86.53686857
3,2,900.0,2-Car,No injury/unknown,FAILURE TO YIELD RIGHT OF WAY,39.18506004,-86.53777979
7,2,1700.0,1-Car,No injury/unknown,RAN OFF ROAD RIGHT,39.18506004,-86.53777979
10,3,0.0,2-Car,No injury/unknown,LEFT OF CENTER,39.18504585,-86.51656815
3,6,900.0,2-Car,No injury/unknown,BRAKE FAILURE OR DEFECTIVE,39.18503523,-86.54018439
5,4,400.0,2-Car,No injury/unknown,UNSAFE BACKING,39.18503523,-86.54018439
11,1,100.0,2-Car,No injury/unknown,DRIVER DISTRACTED - EXPLAIN IN NARRATIVE,39.18503523,-86.54018439
4,7,2300.0,2-Car,No injury/unknown,LEFT OF CENTER,39.18384,-86.5192
3,3,1300.0,2-Car,No injury/unknown,DRIVER DISTRACTED - EXPLAIN IN NARRATIVE,39.18377079,-86.51688355
1,1,1400.0,2-Car,Non-incapacitating,FAILURE TO YIELD RIGHT OF WAY,39.1837699,-86.51685557
4,1,300.0,1-Car,Non-incapacitating,RAN OFF ROAD RIGHT,39.18373669,-86.55608654
10,6,900.0,1-Car,No injury/unknown,OVERCORRECTING/OVERSTEERING,39.18363953,-86.52833887
8,5,1600.0,2-Car,Non-incapacitating,DISREGARD SIGNAL/REG SIGN,39.18363953,-86.5283432
10,5,1200.0,3+ Cars,No injury/unknown,FOLLOWING TOO CLOSELY,39.18363953,-86.5283432
6,2,900.0,2-Car,No injury/unknown,UNSAFE BACKING,39.18350109,-86.53424
6,5,2300.0,2-Car,No injury/unknown,UNSAFE BACKING,39.18347943,-86.53423289
6,5,400.0,2-Car,No injury/unknown,OTHER (DRIVER) - EXPLAIN IN NARRATIVE,39.18336488,-86.53938174
2,6,1100.0,2-Car,No injury/unknown,FAILURE TO YIELD RIGHT OF WAY,39.18336019,-86.53415009
4,5,1700.0,2-Car,Non-incapacitating,FAILURE TO YIELD RIGHT OF WAY,39.18336019,-86.53415009
10,7,2300.0,2-Car,No injury/unknown,IMPROPER TURNING,39.18336019,-86.53415009
8,6,1200.0,2-Car,No injury/unknown,FAILURE TO YIELD RIGHT OF WAY,39.18328705,-86.511731
1,5,2200.0,2-Car,No injury/unknown,OTHER (ENVIRONMENTAL) - EXPLAIN IN NARR,39.18325043,-86.52952575
1,1,1200.0,2-Car,No injury/unknown,OTHER (ENVIRONMENTAL) - EXPLAIN IN NARR,39.18313757,-86.52827404
6,2,700.0,1-Car,No injury/unknown,ANIMAL/OBJECT IN ROADWAY,39.18312766,-86.51147092
9,2,0.0,2-Car,No injury/unknown,,39.18306125,-86.51093021
1,6,900.0,2-Car,No injury/unknown,SPEED TOO FAST FOR WEATHER CONDITIONS,39.1830001,-86.5283297
8,5,1600.0,2-Car,Non-incapacitating,FOLLOWING TOO CLOSELY,39.1830001,-86.5283297
9,3,1200.0,1-Car,No injury/unknown,OBSTRUCTION NOT MARKED,39.1830001,-86.5283297
8,5,900.0,2-Car,No injury/unknown,,39.182976,-86.528416
8,5,1000.0,Pedestrian,Non-incapacitating,OTHER (DRIVER) - EXPLAIN IN NARRATIVE,39.1828,-86.544032
11,7,400.0,1-Car,No injury/unknown,UNSAFE SPEED,39.18268927,-86.56205981
9,6,2200.0,2-Car,No injury/unknown,OTHER (DRIVER) - EXPLAIN IN NARRATIVE,39.18250456,-86.53403207
10,6,500.0,1-Car,No injury/unknown,ANIMAL/OBJECT IN ROADWAY,39.18244668,-86.41684032
11,1,800.0,2-Car,No injury/unknown,OTHER (DRIVER) - EXPLAIN IN NARRATIVE,39.18242962,-86.51914028
3,3,2300.0,2-Car,No injury/unknown,UNSAFE SPEED,39.18241002,-86.51259988
11,6,1800.0,2-Car,Non-incapacitating,DRIVER ASLEEP OR FATIGUED,39.18232313,-86.5191617
4,3,1600.0,3+ Cars,No injury/unknown,UNSAFE LANE MOVEMENT,39.1820853,-86.58309302
12,2,1400.0,2-Car,No injury/unknown,UNSAFE BACKING,39.18201707,-86.53771005
6,5,1200.0,Moped/Motorcycle,No injury/unknown,OTHER (VEHICLE) - EXPLAIN IN NARRATIVE,39.18183804,-86.53387784
4,4,0.0,2-Car,No injury/unknown,UNSAFE BACKING,39.18179981,-86.53231009
10,3,2000.0,2-Car,No injury/unknown,UNSAFE BACKING,39.18157757,-86.53471023
3,3,2000.0,2-Car,No injury/unknown,OTHER (DRIVER) - EXPLAIN IN NARRATIVE,39.181552,-86.5336
4,5,2300.0,1-Car,No injury/unknown,SPEED TOO FAST FOR WEATHER CONDITIONS,39.181552,-86.5336
11,1,1200.0,1-Car,No injury/unknown,SPEED TOO FAST FOR WEATHER CONDITIONS,39.1814916,-86.56889006
12,4,2000.0,1-Car,No injury/unknown,UNSAFE BACKING,39.1814028,-86.49475391
5,5,1200.0,1-Car,No injury/unknown,RAN OFF ROAD RIGHT,39.181344,-86.637104
6,3,1200.0,2-Car,Non-incapacitating,DRIVER DISTRACTED - EXPLAIN IN NARRATIVE,39.18130772,-86.5831625
7,3,1300.0,2-Car,No injury/unknown,UNSAFE BACKING,39.18128,-86.531792
11,3,1400.0,2-Car,No injury/unknown,FAILURE TO YIELD RIGHT OF WAY,39.18108618,-86.55382007
5,7,1600.0,Moped/Motorcycle,No injury/unknown,UNSAFE SPEED,39.18108369,-86.54917498