Month,Day,Hour,Collision Type,Injury Type,Primary Factor,Latitude,Longitude
2,3,1200.0,2-Car,Non-incapacitating,FAILURE TO YIELD RIGHT OF WAY,39.18104,-86.5284
4,6,1300.0,2-Car,No injury/unknown,FAILURE TO YIELD RIGHT OF WAY,39.18104,-86.5284
8,5,1900.0,Cyclist,Non-incapacitating,FAILURE TO YIELD RIGHT OF WAY,39.18104,-86.5284
12,1,100.0,1-Car,No injury/unknown,OTHER (DRIVER) - EXPLAIN IN NARRATIVE,39.18101883,-86.51049804
12,6,200.0,1-Car,Non-incapacitating,SPEED TOO FAST FOR WEATHER CONDITIONS,39.1810143,-86.52832197
5,5,1200.0,1-Car,Non-incapacitating,OTHER (DRIVER) - EXPLAIN IN NARRATIVE,39.18097484,-86.53471248
7,2,1500.0,2-Car,No injury/unknown,UNSAFE LANE MOVEMENT,39.18077087,-86.51912256
12,3,1900.0,2-Car,Non-incapacitating,FOLLOWING TOO CLOSELY,39.18077087,-86.51912689
2,3,1500.0,2-Car,No injury/unknown,FAILURE TO YIELD RIGHT OF WAY,39.18077087,-86.51913452
2,1,1400.0,2-Car,No injury/unknown,IMPROPER TURNING,39.1805159,-86.53499029
7,1,700.0,1-Car,No injury/unknown,ANIMAL/OBJECT IN ROADWAY,39.18049191,-86.50791551
10,1,200.0,2-Car,No injury/unknown,UNSAFE BACKING,39.18048859,-86.5116806
1,6,2000.0,2-Car,No injury/unknown,UNSAFE BACKING,39.18045807,-86.54541015
5,4,1900.0,2-Car,No injury/unknown,UNSAFE BACKING,39.18045807,-86.54541015
10,5,0.0,3+ Cars,No injury/unknown,OTHER (DRIVER) - EXPLAIN IN NARRATIVE,39.18045807,-86.54541015
9,7,1200.0,3+ Cars,Non-incapacitating,DRIVER DISTRACTED - EXPLAIN IN NARRATIVE,39.18045175,-86.57619975
3,5,1800.0,1-Car,No injury/unknown,UNSAFE BACKING,39.18040363,-86.53992675
1,2,1500.0,2-Car,No injury/unknown,,39.18040104,-86.54064305
1,4,2300.0,2-Car,No injury/unknown,UNSAFE BACKING,39.18023743,-86.51914715
9,7,1300.0,2-Car,No injury/unknown,UNSAFE BACKING,39.18004364,-86.53213543
3,3,1800.0,2-Car,No injury/unknown,UNSAFE SPEED,39.17994662,-86.511088
1,1,1000.0,2-Car,No injury/unknown,,39.179936,-86.5284
4,6,1000.0,2-Car,No injury/unknown,,39.179936,-86.5284
12,6,1500.0,2-Car,Non-incapacitating,FAILURE TO YIELD RIGHT OF WAY,39.17990595,-86.50733475
3,3,1700.0,2-Car,No injury/unknown,FOLLOWING TOO CLOSELY,39.17984,-86.507088
8,3,2100.0,2-Car,No injury/unknown,DISREGARD SIGNAL/REG SIGN,39.17984,-86.507088
9,5,1600.0,2-Car,Non-incapacitating,FAILURE TO YIELD RIGHT OF WAY,39.17984,-86.507088
9,7,2000.0,2-Car,No injury/unknown,FOLLOWING TOO CLOSELY,39.17984,-86.507088
10,6,1400.0,2-Car,No injury/unknown,OTHER (DRIVER) - EXPLAIN IN NARRATIVE,39.17984,-86.507088
12,3,1800.0,2-Car,No injury/unknown,SPEED TOO FAST FOR WEATHER CONDITIONS,39.17984,-86.507088
1,6,2000.0,2-Car,No injury/unknown,FOLLOWING TOO CLOSELY,39.17979888,-86.50723113
3,3,1700.0,2-Car,No injury/unknown,ROADWAY SURFACE CONDITION,39.17979888,-86.50723113
8,2,1200.0,2-Car,Non-incapacitating,FAILURE TO YIELD RIGHT OF WAY,39.17979888,-86.50723113
6,5,1700.0,2-Car,No injury/unknown,FOLLOWING TOO CLOSELY,39.17973988,-86.50718986
11,6,1500.0,2-Car,No injury/unknown,FOLLOWING TOO CLOSELY,39.17973988,-86.50718986
7,4,1400.0,2-Car,No injury/unknown,OTHER (DRIVER) - EXPLAIN IN NARRATIVE,39.17970501,-86.51898957
8,2,2100.0,1-Car,No injury/unknown,ANIMAL/OBJECT IN ROADWAY,39.17950821,-86.47551777
11,4,1700.0,2-Car,No injury/unknown,OTHER (DRIVER) - EXPLAIN IN NARRATIVE,39.1795055,-86.53242006
5,2,1900.0,2-Car,No injury/unknown,UNSAFE LANE MOVEMENT,39.17946254,-86.50220967
12,4,1900.0,2-Car,No injury/unknown,UNSAFE BACKING,39.17942429,-86.53018951
6,3,1200.0,2-Car,No injury/unknown,OTHER (DRIVER) - EXPLAIN IN NARRATIVE,39.17932129,-86.51348114
7,3,1800.0,1-Car,No injury/unknown,RAN OFF ROAD RIGHT,39.17927909,-86.57107003
6,1,1700.0,1-Car,No injury/unknown,OTHER (ENVIRONMENTAL) - EXPLAIN IN NARR,39.179248,-86.58251187
8,5,1400.0,2-Car,No injury/unknown,FOLLOWING TOO CLOSELY,39.179248,-86.58302356
12,6,2100.0,1-Car,No injury/unknown,RAN OFF ROAD RIGHT,39.179248,-86.54675111
9,2,2300.0,1-Car,No injury/unknown,UNSAFE BACKING,39.179248,-86.54678008
2,2,700.0,3+ Cars,Incapacitating,FAILURE TO YIELD RIGHT OF WAY,39.179248,-86.547104
6,7,1600.0,2-Car,Non-incapacitating,FAILURE TO YIELD RIGHT OF WAY,39.179248,-86.547104
7,3,1600.0,1-Car,Incapacitating,RAN OFF ROAD RIGHT,39.179248,-86.547104
1,5,1900.0,2-Car,No injury/unknown,SPEED TOO FAST FOR WEATHER CONDITIONS,39.179248,-86.552592
3,3,1800.0,1-Car,No injury/unknown,SPEED TOO FAST FOR WEATHER CONDITIONS,39.179248,-86.552592
9,5,2200.0,2-Car,No injury/unknown,DRIVER DISTRACTED - EXPLAIN IN NARRATIVE,39.179248,-86.574224
12,4,1500.0,2-Car,No injury/unknown,FAILURE TO YIELD RIGHT OF WAY,39.179248,-86.580384
9,3,2000.0,2-Car,No injury/unknown,,39.179248,-86.58292
4,7,1300.0,2-Car,No injury/unknown,FOLLOWING TOO CLOSELY,39.179248,-86.5832
9,2,800.0,2-Car,No injury/unknown,DISREGARD SIGNAL/REG SIGN,39.179248,-86.5832
12,2,500.0,3+ Cars,No injury/unknown,DISREGARD SIGNAL/REG SIGN,39.179248,-86.5832
2,2,1800.0,1-Car,No injury/unknown,SPEED TOO FAST FOR WEATHER CONDITIONS,39.1792202,-86.54709979
11,2,2100.0,2-Car,Non-incapacitating,FAILURE TO YIELD RIGHT OF WAY,39.1792202,-86.54709979
10,3,1500.0,Pedestrian,Non-incapacitating,PEDESTRIAN ACTION,39.1792045,-86.54604821
2,1,500.0,1-Car,No injury/unknown,DRIVER ASLEEP OR FATIGUED,39.17919813,-86.54596864
8,3,1100.0,2-Car,No injury/unknown,UNSAFE BACKING,39.1791687,-86.52874755
11,5,1500.0,2-Car,Incapacitating,DISREGARD SIGNAL/REG SIGN,39.17916412,-86.58307659
11,6,1900.0,2-Car,No injury/unknown,FOLLOWING TOO CLOSELY,39.17915985,-86.58308029
10,7,200.0,1-Car,No injury/unknown,RAN OFF ROAD RIGHT,39.17911886,-86.55654053
2,6,100.0,2-Car,No injury/unknown,OVERCORRECTING/OVERSTEERING,39.179104,-86.544016
7,4,2200.0,Moped/Motorcycle,Non-incapacitating,OVERCORRECTING/OVERSTEERING,39.179104,-86.544016
4,4,2000.0,1-Car,Non-incapacitating,RAN OFF ROAD RIGHT,39.17908005,-86.55261978
6,4,1600.0,3+ Cars,Non-incapacitating,FOLLOWING TOO CLOSELY,39.17908005,-86.55261978
9,2,2200.0,Moped/Motorcycle,Non-incapacitating,ANIMAL/OBJECT IN ROADWAY,39.17908005,-86.55261978
12,2,1700.0,1-Car,No injury/unknown,DRIVER DISTRACTED - EXPLAIN IN NARRATIVE,39.17908005,-86.55261978
8,5,200.0,2-Car,No injury/unknown,IMPROPER LANE USAGE,39.17907478,-86.53084761
5,2,1200.0,1-Car,No injury/unknown,UNSAFE BACKING,39.17906329,-86.5209221
9,5,1800.0,2-Car,No injury/unknown,UNSAFE BACKING,39.17904473,-86.511088
10,7,800.0,3+ Cars,No injury/unknown,OTHER (DRIVER) - EXPLAIN IN NARRATIVE,39.17904473,-86.511088
4,3,1600.0,2-Car,No injury/unknown,FOLLOWING TOO CLOSELY,39.1790422,-86.58318872
3,3,1800.0,3+ Cars,No injury/unknown,ROADWAY SURFACE CONDITION,39.17904,-86.5284
9,5,900.0,2-Car,No injury/unknown,OTHER (DRIVER) - EXPLAIN IN NARRATIVE,39.17904,-86.5284
9,7,800.0,2-Car,No injury/unknown,IMPROPER TURNING,39.17904,-86.5284
9,2,1900.0,2-Car,No injury/unknown,FAILURE TO YIELD RIGHT OF WAY,39.17904,-86.530848
9,1,0.0,Pedestrian,Incapacitating,PEDESTRIAN ACTION,39.17904,-86.530848
2,5,1800.0,2-Car,No injury/unknown,,39.17904,-86.531888
7,2,800.0,2-Car,No injury/unknown,FAILURE TO YIELD RIGHT OF WAY,39.17904,-86.542096
2,1,1200.0,2-Car,No injury/unknown,IMPROPER TURNING,39.17903982,-86.52360029
5,1,1700.0,2-Car,Non-incapacitating,DISREGARD SIGNAL/REG SIGN,39.17903982,-86.53775028
5,2,2100.0,Moped/Motorcycle,Non-incapacitating,FAILURE TO YIELD RIGHT OF WAY,39.17903982,-86.53775028
11,4,1300.0,2-Car,Non-incapacitating,FAILURE TO YIELD RIGHT OF WAY,39.17903982,-86.53775028
12,4,1700.0,2-Car,No injury/unknown,FOLLOWING TOO CLOSELY,39.17903982,-86.53775028
1,6,100.0,1-Car,No injury/unknown,IMPROPER LANE USAGE,39.17903837,-86.52827755
9,3,1600.0,2-Car,No injury/unknown,IMPROPER TURNING,39.17903286,-86.52526707
8,4,1800.0,2-Car,No injury/unknown,FAILURE TO YIELD RIGHT OF WAY,39.17903251,-86.52706252
11,4,1400.0,2-Car,No injury/unknown,DRIVER DISTRACTED - EXPLAIN IN NARRATIVE,39.17903251,-86.52706252
9,3,1700.0,2-Car,Non-incapacitating,FOLLOWING TOO CLOSELY,39.179024,-86.539616
11,7,200.0,1-Car,No injury/unknown,ANIMAL/OBJECT IN ROADWAY,39.17901993,-86.52598367
7,2,1800.0,2-Car,No injury/unknown,FOLLOWING TOO CLOSELY,39.17901993,-86.52600097
10,1,2100.0,2-Car,Non-incapacitating,OTHER (DRIVER) - EXPLAIN IN NARRATIVE,39.17901993,-86.52600097
11,6,1000.0,2-Car,No injury/unknown,FOLLOWING TOO CLOSELY,39.17901993,-86.52600097
11,6,1300.0,2-Car,No injury/unknown,UNSAFE BACKING,39.17901993,-86.52600097
11,5,700.0,2-Car,Incapacitating,FAILURE TO YIELD RIGHT OF WAY,39.17901993,-86.52600097
10,6,1200.0,2-Car,Non-incapacitating,DRIVER DISTRACTED - EXPLAIN IN NARRATIVE,39.1790197,-86.5210998
6,3,900.0,1-Car,No injury/unknown,OTHER (DRIVER) - EXPLAIN IN NARRATIVE,39.1790197,-86.52601318
11,7,1900.0,2-Car,No injury/unknown,UNSAFE LANE MOVEMENT,39.1790197,-86.52705028
1,6,1600.0,2-Car,No injury/unknown,ENGINE FAILURE OR DEFECTIVE,39.1790197,-86.53470567
8,3,1500.0,2-Car,No injury/unknown,FOLLOWING TOO CLOSELY,39.1790197,-86.53594985
10,6,1600.0,2-Car,No injury/unknown,DRIVER DISTRACTED - EXPLAIN IN NARRATIVE,39.1790197,-86.53967007
8,3,1300.0,1-Car,No injury/unknown,OTHER (DRIVER) - EXPLAIN IN NARRATIVE,39.17901461,-86.53064485
11,2,2100.0,Pedestrian,Non-incapacitating,PEDESTRIAN ACTION,39.17901032,-86.5283297
6,4,900.0,2-Car,No injury/unknown,FAILURE TO YIELD RIGHT OF WAY,39.179008,-86.525888
5,7,2200.0,2-Car,No injury/unknown,UNSAFE BACKING,39.179008,-86.525888
11,6,1400.0,3+ Cars,No injury/unknown,UNSAFE BACKING,39.179008,-86.525888
11,6,1300.0,2-Car,No injury/unknown,UNSAFE BACKING,39.179008,-86.525888
8,5,1400.0,1-Car,No injury/unknown,OTHER (DRIVER) - EXPLAIN IN NARRATIVE,39.17899797,-86.51885612
6,3,500.0,Pedestrian,Non-incapacitating,FAILURE TO YIELD RIGHT OF WAY,39.178992,-86.537792
6,6,800.0,2-Car,Non-incapacitating,FOLLOWING TOO CLOSELY,39.178992,-86.537792
7,2,2200.0,2-Car,No injury/unknown,IMPROPER PASSING,39.178992,-86.537792
10,4,800.0,2-Car,No injury/unknown,DISREGARD SIGNAL/REG SIGN,39.178992,-86.537792
11,7,2300.0,2-Car,No injury/unknown,SPEED TOO FAST FOR WEATHER CONDITIONS,39.178992,-86.537792
8,6,700.0,1-Car,No injury/unknown,ANIMAL/OBJECT IN ROADWAY,39.17899144,-86.56327218
4,5,2100.0,2-Car,No injury/unknown,FOLLOWING TOO CLOSELY,39.1789902,-86.51894482
9,3,1100.0,2-Car,No injury/unknown,FAILURE TO YIELD RIGHT OF WAY,39.178976,-86.536032
10,2,1700.0,2-Car,No injury/unknown,UNSAFE BACKING,39.17897394,-86.52938043
9,6,1300.0,2-Car,No injury/unknown,IMPROPER PASSING,39.17897363,-86.53583794
12,6,300.0,2-Car,No injury/unknown,IMPROPER LANE USAGE,39.17897008,-86.5297003
6,6,1600.0,2-Car,Non-incapacitating,FAILURE TO YIELD RIGHT OF WAY,39.17897008,-86.53097033
8,6,1500.0,2-Car,No injury/unknown,FOLLOWING TOO CLOSELY,39.17897008,-86.53097033
3,1,1600.0,2-Car,No injury/unknown,FOLLOWING TOO CLOSELY,39.17897008,-86.53349027
10,3,2200.0,3+ Cars,No injury/unknown,BRAKE FAILURE OR DEFECTIVE,39.17897008,-86.53349027
11,4,1400.0,3+ Cars,Non-incapacitating,SPEED TOO FAST FOR WEATHER CONDITIONS,39.17897008,-86.53349027
11,4,1700.0,2-Car,No injury/unknown,SPEED TOO FAST FOR WEATHER CONDITIONS,39.17897008,-86.53349027
12,6,1200.0,2-Car,No injury/unknown,SPEED TOO FAST FOR WEATHER CONDITIONS,39.17897008,-86.53349027
10,5,0.0,Pedestrian,Non-incapacitating,FAILURE TO YIELD RIGHT OF WAY,39.17896484,-86.52969872
8,3,1800.0,3+ Cars,No injury/unknown,FOLLOWING TOO CLOSELY,39.17896401,-86.53223986
4,7,2100.0,2-Car,No injury/unknown,OTHER (DRIVER) - EXPLAIN IN NARRATIVE,39.17896,-86.521088
9,3,1200.0,1-Car,No injury/unknown,OTHER (VEHICLE) - EXPLAIN IN NARRATIVE,39.17896,-86.521088
9,7,2200.0,2-Car,No injury/unknown,FOLLOWING TOO CLOSELY,39.17896,-86.521088
11,7,1300.0,2-Car,No injury/unknown,IMPROPER TURNING,39.17896,-86.521088
1,1,1400.0,2-Car,No injury/unknown,FOLLOWING TOO CLOSELY,39.17896,-86.53472
6,2,0.0,2-Car,No injury/unknown,DISREGARD SIGNAL/REG SIGN,39.17896,-86.53472
5,6,1100.0,2-Car,No injury/unknown,FOLLOWING TOO CLOSELY,39.17896,-86.53472
6,7,2200.0,Moped/Motorcycle,Non-incapacitating,FAILURE TO YIELD RIGHT OF WAY,39.17896,-86.53472
12,1,1500.0,2-Car,No injury/unknown,FAILURE TO YIELD RIGHT OF WAY,39.17896,-86.53472
5,6,1100.0,2-Car,No injury/unknown,UNSAFE BACKING,39.17895463,-86.52073632
10,7,1100.0,2-Car,No injury/unknown,IMPROPER TURNING,39.17895441,-86.53325148
8,1,2300.0,2-Car,No injury/unknown,VIEW OBSTRUCTED,39.17895065,-86.52955121
9,3,900.0,1-Car,No injury/unknown,OTHER (DRIVER) - EXPLAIN IN NARRATIVE,39.1789454,-86.52013144
1,5,2000.0,2-Car,No injury/unknown,SPEED TOO FAST FOR WEATHER CONDITIONS,39.178944,-86.533392
2,2,1200.0,2-Car,Non-incapacitating,DISREGARD SIGNAL/REG SIGN,39.178944,-86.533392
3,4,600.0,2-Car,No injury/unknown,FAILURE TO YIELD RIGHT OF WAY,39.178944,-86.533392
9,1,1900.0,Moped/Motorcycle,Incapacitating,SPEED TOO FAST FOR WEATHER CONDITIONS,39.178944,-86.533392
10,5,2100.0,2-Car,No injury/unknown,FOLLOWING TOO CLOSELY,39.178944,-86.533392
11,4,1100.0,2-Car,No injury/unknown,FOLLOWING TOO CLOSELY,39.178944,-86.533392
12,5,100.0,1-Car,No injury/unknown,SPEED TOO FAST FOR WEATHER CONDITIONS,39.178944,-86.533392
10,1,1200.0,2-Car,No injury/unknown,FOLLOWING TOO CLOSELY,39.17893608,-86.51952122
10,1,0.0,2-Car,Non-incapacitating,FAILURE TO YIELD RIGHT OF WAY,39.178928,-86.518992
11,1,0.0,1-Car,No injury/unknown,DRIVER DISTRACTED - EXPLAIN IN NARRATIVE,39.17891282,-86.51775706
12,7,600.0,1-Car,No injury/unknown,SPEED TOO FAST FOR WEATHER CONDITIONS,39.1789117,-86.51056504
7,3,300.0,2-Car,No injury/unknown,RAN OFF ROAD RIGHT,39.17890268,-86.53084976
4,3,900.0,2-Car,No injury/unknown,VIEW OBSTRUCTED,39.17889786,-86.51591491
8,4,1600.0,Cyclist,Non-incapacitating,PEDESTRIAN ACTION,39.17889057,-86.53084992
9,1,1400.0,2-Car,No injury/unknown,,39.17887129,-86.51438724
1,7,200.0,2-Car,No injury/unknown,FOLLOWING TOO CLOSELY,39.178848,-86.511088
2,7,2300.0,2-Car,No injury/unknown,UNSAFE BACKING,39.178848,-86.511088
5,2,800.0,1-Car,Non-incapacitating,OTHER (DRIVER) - EXPLAIN IN NARRATIVE,39.178848,-86.511088
9,1,1400.0,2-Car,No injury/unknown,ROADWAY SURFACE CONDITION,39.178848,-86.511088
12,7,700.0,2-Car,No injury/unknown,SPEED TOO FAST FOR WEATHER CONDITIONS,39.178848,-86.511088
10,4,1100.0,2-Car,No injury/unknown,FAILURE TO YIELD RIGHT OF WAY,39.178848,-86.51126444
1,3,1000.0,1-Car,No injury/unknown,OTHER (DRIVER) - EXPLAIN IN NARRATIVE,39.178848,-86.51144
4,4,600.0,2-Car,No injury/unknown,UNSAFE BACKING,39.178848,-86.51144
4,6,1700.0,1-Car,No injury/unknown,,39.178848,-86.51144
5,5,2200.0,Bus,No injury/unknown,UNSAFE BACKING,39.178848,-86.51192519
5,5,1200.0,1-Car,No injury/unknown,UNSAFE BACKING,39.178848,-86.51192519
10,3,1900.0,2-Car,No injury/unknown,FOLLOWING TOO CLOSELY,39.17884657,-86.51094249
11,4,1700.0,2-Car,No injury/unknown,FOLLOWING TOO CLOSELY,39.17883778,-86.51245301
10,4,900.0,2-Car,No injury/unknown,FOLLOWING TOO CLOSELY,39.17882994,-86.51244029
10,5,1400.0,2-Car,No injury/unknown,FAILURE TO YIELD RIGHT OF WAY,39.17882994,-86.51244029
11,7,2300.0,1-Car,No injury/unknown,SPEED TOO FAST FOR WEATHER CONDITIONS,39.17882994,-86.51244029
12,3,1200.0,3+ Cars,No injury/unknown,UNSAFE BACKING,39.17879708,-86.51074916
12,5,1700.0,2-Car,No injury/unknown,FOLLOWING TOO CLOSELY,39.17861085,-86.55932963
9,3,1100.0,1-Car,No injury/unknown,RAN OFF ROAD RIGHT,39.17858013,-86.53777952
11,6,2300.0,1-Car,No injury/unknown,ANIMAL/OBJECT IN ROADWAY,39.17856339,-86.56000817
11,4,700.0,Cyclist,Non-incapacitating,OTHER (DRIVER) - EXPLAIN IN NARRATIVE,39.1783895,-86.5267197
11,7,400.0,1-Car,No injury/unknown,RAN OFF ROAD RIGHT,39.17830276,-86.52934265
4,3,700.0,2-Car,No injury/unknown,FAILURE TO YIELD RIGHT OF WAY,39.1782371,-86.5311098
2,3,800.0,2-Car,No injury/unknown,FAILURE TO YIELD RIGHT OF WAY,39.17815533,-86.53611011
10,7,1500.0,2-Car,No injury/unknown,ROADWAY SURFACE CONDITION,39.17807867,-86.52517226
9,3,1800.0,Pedestrian,Non-incapacitating,VIEW OBSTRUCTED,39.17802255,-86.51883073
1,2,2100.0,2-Car,No injury/unknown,UNSAFE BACKING,39.17800784,-86.51889301
5,7,2000.0,1-Car,Non-incapacitating,UNSAFE BACKING,39.17782237,-86.53966106
7,6,1400.0,2-Car,No injury/unknown,FAILURE TO YIELD RIGHT OF WAY,39.17775974,-86.53097972
2,3,200.0,2-Car,No injury/unknown,,39.177744,-86.53740712
8,3,1200.0,2-Car,No injury/unknown,FAILURE TO YIELD RIGHT OF WAY,39.177744,-86.53776
9,1,1500.0,2-Car,No injury/unknown,IMPROPER LANE USAGE,39.17773023,-86.53774023
5,1,100.0,2-Car,No injury/unknown,,39.1776992,-86.542096
11,7,1400.0,2-Car,No injury/unknown,FOLLOWING TOO CLOSELY,39.1775537,-86.5612041
1,6,1000.0,2-Car,No injury/unknown,FOLLOWING TOO CLOSELY,39.17744827,-86.55998992
4,5,300.0,Moped/Motorcycle,Incapacitating,RAN OFF ROAD RIGHT,39.17744827,-86.55998992
4,5,900.0,2-Car,No injury/unknown,IMPROPER TURNING,39.17744176,-86.53484009
12,6,0.0,2-Car,No injury/unknown,RAN OFF ROAD RIGHT,39.17734528,-86.52803039
4,7,200.0,2-Car,No injury/unknown,UNSAFE BACKING,39.17729391,-86.5189799
2,5,1800.0,2-Car,Non-incapacitating,FAILURE TO YIELD RIGHT OF WAY,39.17723078,-86.57355088
1,3,800.0,Bus,No injury/unknown,OTHER (DRIVER) - EXPLAIN IN NARRATIVE,39.177152,-86.527152
1,3,900.0,2-Car,No injury/unknown,FAILURE TO YIELD RIGHT OF WAY,39.1771502,-86.51253014
1,5,1500.0,2-Car,No injury/unknown,OTHER (DRIVER) - EXPLAIN IN NARRATIVE,39.1771502,-86.5125561
8,5,1600.0,2-Car,No injury/unknown,UNSAFE BACKING,39.17714982,-86.56168247
5,5,1900.0,2-Car,No injury/unknown,FOLLOWING TOO CLOSELY,39.1771009,-86.542096
6,1,1100.0,2-Car,No injury/unknown,FOLLOWING TOO CLOSELY,39.17704885,-86.56180206
3,6,1400.0,2-Car,No injury/unknown,UNSAFE SPEED,39.17701553,-86.5615451
12,6,2100.0,2-Car,No injury/unknown,FOLLOWING TOO CLOSELY,39.17698007,-86.53102874
2,6,1700.0,2-Car,No injury/unknown,FOLLOWING TOO CLOSELY,39.17694788,-86.56192165
12,4,0.0,3+ Cars,No injury/unknown,OTHER (DRIVER) - EXPLAIN IN NARRATIVE,39.17693119,-86.52933538
10,7,2200.0,2-Car,No injury/unknown,UNSAFE BACKING,39.17692624,-86.52950383
12,1,2000.0,2-Car,No injury/unknown,UNSAFE BACKING,39.17692624,-86.52950383
4,6,2000.0,2-Car,No injury/unknown,OTHER (DRIVER) - EXPLAIN IN NARRATIVE,39.176896,-86.53088
11,7,1500.0,2-Car,No injury/unknown,FAILURE TO YIELD RIGHT OF WAY,39.17685986,-86.53223969
1,5,2200.0,1-Car,No injury/unknown,SPEED TOO FAST FOR WEATHER CONDITIONS,39.176848,-86.478192
1,3,1300.0,2-Car,No injury/unknown,UNSAFE LANE MOVEMENT,39.176848,-86.478192
3,4,800.0,2-Car,No injury/unknown,OTHER (ENVIRONMENTAL) - EXPLAIN IN NARR,39.176848,-86.478192
6,4,1200.0,2-Car,No injury/unknown,FAILURE TO YIELD RIGHT OF WAY,39.176848,-86.478192
6,4,2300.0,2-Car,No injury/unknown,UNSAFE SPEED,39.176848,-86.478192
7,3,1500.0,2-Car,No injury/unknown,UNSAFE LANE MOVEMENT,39.176848,-86.478192
9,3,1000.0,2-Car,No injury/unknown,UNSAFE BACKING,39.176848,-86.478192
9,6,1800.0,2-Car,No injury/unknown,IMPROPER TURNING,39.176848,-86.478192
10,5,1100.0,2-Car,No injury/unknown,FOLLOWING TOO CLOSELY,39.176848,-86.478192
11,1,1400.0,3+ Cars,No injury/unknown,FOLLOWING TOO CLOSELY,39.176848,-86.478192
12,2,1600.0,2-Car,No injury/unknown,FOLLOWING TOO CLOSELY,39.176848,-86.478192
12,6,1300.0,2-Car,No injury/unknown,DRIVER DISTRACTED - EXPLAIN IN NARRATIVE,39.176848,-86.478192
1,1,1600.0,2-Car,No injury/unknown,FAILURE TO YIELD RIGHT OF WAY,39.176848,-86.533424
8,3,1700.0,2-Car,No injury/unknown,DRIVER DISTRACTED - EXPLAIN IN NARRATIVE,39.176848,-86.533424
6,2,100.0,1-Car,No injury/unknown,ANIMAL/OBJECT IN ROADWAY,39.17682626,-86.57756805
3,1,900.0,2-Car,Non-incapacitating,DRIVER DISTRACTED - EXPLAIN IN NARRATIVE,39.17674594,-86.56216082
11,5,1200.0,2-Car,No injury/unknown,FAILURE TO YIELD RIGHT OF WAY,39.17672749,-86.57777018
8,5,600.0,1-Car,No injury/unknown,UNSAFE BACKING,39.17668852,-86.542096
5,7,300.0,1-Car,No injury/unknown,RAN OFF ROAD RIGHT,39.17666003,-86.54892973
4,1,300.0,3+ Cars,No injury/unknown,OTHER (DRIVER) - EXPLAIN IN NARRATIVE,39.17664,-86.538496
2,4,900.0,Pedestrian,Non-incapacitating,FAILURE TO YIELD RIGHT OF WAY,39.17664,-86.538496
7,1,2100.0,3+ Cars,Incapacitating,DISREGARD SIGNAL/REG SIGN,39.17662048,-86.56252288
7,1,1700.0,3+ Cars,Non-incapacitating,FOLLOWING TOO CLOSELY,39.17662048,-86.56252288
9,3,1500.0,2-Car,No injury/unknown,FOLLOWING TOO CLOSELY,39.17662048,-86.56252288
9,1,2000.0,2-Car,No injury/unknown,FOLLOWING TOO CLOSELY,39.17662048,-86.56252288
10,3,1400.0,2-Car,No injury/unknown,FOLLOWING TOO CLOSELY,39.17662048,-86.56252288
1,5,0.0,2-Car,No injury/unknown,UNSAFE BACKING,39.17658828,-86.51891313
2,6,1000.0,2-Car,No injury/unknown,,39.17658828,-86.51891313
1,3,600.0,2-Car,No injury/unknown,FAILURE TO YIELD RIGHT OF WAY,39.176544,-86.5624
5,1,1500.0,2-Car,No injury/unknown,FOLLOWING TOO CLOSELY,39.176544,-86.5624
8,2,1100.0,2-Car,Incapacitating,FOLLOWING TOO CLOSELY,39.176544,-86.5624
9,1,1800.0,2-Car,No injury/unknown,UNSAFE LANE MOVEMENT,39.176544,-86.5624
10,7,1000.0,2-Car,No injury/unknown,,39.176544,-86.5624
9,5,1200.0,2-Car,No injury/unknown,FOLLOWING TOO CLOSELY,39.17654097,-86.50991863
3,3,1500.0,2-Car,No injury/unknown,FOLLOWING TOO CLOSELY,39.17649078,-86.61120069
1,3,1300.0,2-Car,No injury/unknown,FOLLOWING TOO CLOSELY,39.17649078,-86.61121368
5,5,1800.0,2-Car,No injury/unknown,FAILURE TO YIELD RIGHT OF WAY,39.17649078,-86.61125698
5,4,1300.0,2-Car,No injury/unknown,FOLLOWING TOO CLOSELY,39.176455,-86.56232349
8,1,1900.0,2-Car,Incapacitating,DISREGARD SIGNAL/REG SIGN,39.176455,-86.56232349
9,6,1600.0,2-Car,No injury/unknown,UNSAFE LANE MOVEMENT,39.176455,-86.56232349
11,4,900.0,2-Car,No injury/unknown,UNSAFE LANE MOVEMENT,39.176455,-86.56232349
1,5,1800.0,2-Car,No injury/unknown,SPEED TOO FAST FOR WEATHER CONDITIONS,39.17635934,-86.56266121
5,3,1700.0,3+ Cars,No injury/unknown,FOLLOWING TOO CLOSELY,39.17635934,-86.56266121
9,1,1400.0,2-Car,No injury/unknown,IMPROPER TURNING,39.176192,-86.52712
3,6,1200.0,2-Car,No injury/unknown,FAILURE TO YIELD RIGHT OF WAY,39.17616,-86.528224
3,7,0.0,2-Car,No injury/unknown,RAN OFF ROAD RIGHT,39.17616,-86.528224