Month,Day,Hour,Collision Type,Injury Type,Primary Factor,Latitude,Longitude
1,4,1700.0,2-Car,No injury/unknown,UNSAFE BACKING,39.176144,-86.524688
5,5,900.0,2-Car,No injury/unknown,OTHER (DRIVER) - EXPLAIN IN NARRATIVE,39.17612549,-86.51898236
6,6,1600.0,2-Car,No injury/unknown,OTHER (DRIVER) - EXPLAIN IN NARRATIVE,39.17612549,-86.51898236
7,6,1200.0,2-Car,No injury/unknown,OTHER (VEHICLE) - EXPLAIN IN NARRATIVE,39.17612549,-86.51898236
8,7,1200.0,2-Car,No injury/unknown,UNSAFE BACKING,39.17612549,-86.51898236
11,7,1600.0,2-Car,No injury/unknown,,39.17612549,-86.51898236
1,5,1000.0,2-Car,No injury/unknown,FAILURE TO YIELD RIGHT OF WAY,39.17612362,-86.52701309
5,5,1900.0,Moped/Motorcycle,Non-incapacitating,FAILURE TO YIELD RIGHT OF WAY,39.17611018,-86.52701005
3,6,1200.0,2-Car,No injury/unknown,,39.17604828,-86.53881835
1,7,1200.0,1-Car,No injury/unknown,RAN OFF ROAD RIGHT,39.176048,-86.537696
8,6,700.0,1-Car,No injury/unknown,RAN OFF ROAD RIGHT,39.176048,-86.537696
12,6,800.0,2-Car,Non-incapacitating,DRIVER DISTRACTED - EXPLAIN IN NARRATIVE,39.176048,-86.537696
2,7,1200.0,2-Car,No injury/unknown,,39.176016,-86.5296
1,7,2200.0,2-Car,No injury/unknown,FAILURE TO YIELD RIGHT OF WAY,39.175984,-86.534736
6,6,1500.0,2-Car,No injury/unknown,FAILURE TO YIELD RIGHT OF WAY,39.175984,-86.534736
8,6,1800.0,2-Car,No injury/unknown,LEFT OF CENTER,39.175984,-86.534736
11,4,1200.0,2-Car,No injury/unknown,UNSAFE BACKING,39.175984,-86.534736
4,5,1300.0,2-Car,No injury/unknown,FAILURE TO YIELD RIGHT OF WAY,39.17597003,-86.53771005
1,1,1400.0,2-Car,No injury/unknown,FAILURE TO YIELD RIGHT OF WAY,39.175952,-86.53344
4,7,1500.0,2-Car,No injury/unknown,UNSAFE LANE MOVEMENT,39.175952,-86.53344
5,1,2200.0,2-Car,No injury/unknown,FOLLOWING TOO CLOSELY,39.175952,-86.53344
9,1,0.0,2-Car,No injury/unknown,FOLLOWING TOO CLOSELY,39.175952,-86.53344
9,6,2100.0,1-Car,No injury/unknown,RAN OFF ROAD RIGHT,39.175952,-86.53344
10,3,1500.0,2-Car,No injury/unknown,FAILURE TO YIELD RIGHT OF WAY,39.175952,-86.53344
10,1,1100.0,2-Car,No injury/unknown,FAILURE TO YIELD RIGHT OF WAY,39.175952,-86.53344
2,6,1600.0,2-Car,Non-incapacitating,FAILURE TO YIELD RIGHT OF WAY,39.17594992,-86.53356
7,7,1700.0,2-Car,No injury/unknown,IMPROPER TURNING,39.17594992,-86.53356
12,5,2300.0,2-Car,No injury/unknown,IMPROPER TURNING,39.17594992,-86.53356
2,2,1500.0,2-Car,No injury/unknown,FAILURE TO YIELD RIGHT OF WAY,39.17594992,-86.53476968
3,6,1300.0,2-Car,No injury/unknown,DISREGARD SIGNAL/REG SIGN,39.17594992,-86.53476968
10,6,1700.0,2-Car,Non-incapacitating,UNSAFE LANE MOVEMENT,39.17594992,-86.53476968
10,7,1700.0,2-Car,No injury/unknown,FOLLOWING TOO CLOSELY,39.1759274,-86.51337805
12,3,1600.0,Cyclist,No injury/unknown,FAILURE TO YIELD RIGHT OF WAY,39.17579093,-86.50450378
3,1,1800.0,2-Car,No injury/unknown,UNSAFE LANE MOVEMENT,39.17576051,-86.56335743
5,4,900.0,Moped/Motorcycle,Non-incapacitating,FAILURE TO YIELD RIGHT OF WAY,39.17571902,-86.51236988
5,5,0.0,1-Car,No injury/unknown,ANIMAL/OBJECT IN ROADWAY,39.17563006,-86.49592659
5,4,2300.0,1-Car,No injury/unknown,IMPROPER TURNING,39.1756238,-86.495296
1,1,100.0,2-Car,No injury/unknown,UNSAFE BACKING,39.17560577,-86.51441192
6,2,1700.0,2-Car,No injury/unknown,FAILURE TO YIELD RIGHT OF WAY,39.17559814,-86.5646286
12,5,1100.0,2-Car,Incapacitating,LEFT OF CENTER,39.175552,-86.528192
2,5,200.0,2-Car,No injury/unknown,SPEED TOO FAST FOR WEATHER CONDITIONS,39.17551609,-86.537696
3,2,1500.0,2-Car,Non-incapacitating,FAILURE TO YIELD RIGHT OF WAY,39.175504,-86.527104
4,3,1600.0,2-Car,No injury/unknown,UNSAFE BACKING,39.175504,-86.527104
9,7,1500.0,2-Car,Non-incapacitating,FAILURE TO YIELD RIGHT OF WAY,39.175504,-86.527104
9,5,1300.0,2-Car,Non-incapacitating,FAILURE TO YIELD RIGHT OF WAY,39.175504,-86.527104
3,1,1500.0,2-Car,No injury/unknown,FAILURE TO YIELD RIGHT OF WAY,39.17550246,-86.51384749
2,7,1400.0,2-Car,No injury/unknown,OTHER (DRIVER) - EXPLAIN IN NARRATIVE,39.17550008,-86.52702563
6,4,1600.0,2-Car,No injury/unknown,UNSAFE LANE MOVEMENT,39.17548134,-86.53360024
1,4,1200.0,1-Car,No injury/unknown,OTHER (DRIVER) - EXPLAIN IN NARRATIVE,39.17544,-86.525824
2,1,100.0,2-Car,No injury/unknown,IMPROPER TURNING,39.17539053,-86.51397285
3,3,100.0,2-Car,No injury/unknown,RAN OFF ROAD RIGHT,39.17528784,-86.53474939
10,5,1400.0,2-Car,No injury/unknown,OTHER (DRIVER) - EXPLAIN IN NARRATIVE,39.1752739,-86.58629608
9,1,1100.0,2-Car,Non-incapacitating,FOLLOWING TOO CLOSELY,39.17524746,-86.52701896
12,1,2100.0,2-Car,No injury/unknown,FAILURE TO YIELD RIGHT OF WAY,39.17524746,-86.52701896
1,5,1000.0,2-Car,No injury/unknown,OTHER (DRIVER) - EXPLAIN IN NARRATIVE,39.17524114,-86.51896409
4,5,1400.0,2-Car,No injury/unknown,UNSAFE BACKING,39.17524114,-86.51896409
4,2,2000.0,2-Car,No injury/unknown,UNSAFE BACKING,39.17524114,-86.51896409
5,5,1700.0,2-Car,No injury/unknown,OTHER (DRIVER) - EXPLAIN IN NARRATIVE,39.17524114,-86.51896409
8,4,1100.0,2-Car,No injury/unknown,UNSAFE BACKING,39.17524114,-86.51896409
9,7,2100.0,2-Car,No injury/unknown,UNSAFE BACKING,39.17524114,-86.51896409
10,5,1700.0,2-Car,No injury/unknown,UNSAFE BACKING,39.17524114,-86.51896409
12,1,200.0,3+ Cars,No injury/unknown,SPEED TOO FAST FOR WEATHER CONDITIONS,39.17524114,-86.51896409
4,2,1500.0,2-Car,No injury/unknown,FAILURE TO YIELD RIGHT OF WAY,39.1752398,-86.52699999
4,1,1400.0,2-Car,No injury/unknown,FAILURE TO YIELD RIGHT OF WAY,39.1752398,-86.52699999
11,3,1900.0,2-Car,Non-incapacitating,FAILURE TO YIELD RIGHT OF WAY,39.1752398,-86.52699999
7,7,1600.0,2-Car,No injury/unknown,FAILURE TO YIELD RIGHT OF WAY,39.17523429,-86.58292002
10,4,1200.0,2-Car,No injury/unknown,FAILURE TO YIELD RIGHT OF WAY,39.175232,-86.520976
10,1,1300.0,2-Car,No injury/unknown,FOLLOWING TOO CLOSELY,39.17522812,-86.49550628
10,5,1800.0,2-Car,No injury/unknown,UNSAFE LANE MOVEMENT,39.17522812,-86.49550628
6,6,1600.0,3+ Cars,Non-incapacitating,FAILURE TO YIELD RIGHT OF WAY,39.175152,-86.4812
3,6,100.0,1-Car,Incapacitating,DRIVER DISTRACTED - EXPLAIN IN NARRATIVE,39.175152,-86.518992
9,1,1300.0,Pedestrian,Non-incapacitating,PEDESTRIAN ACTION,39.175152,-86.518992
12,4,1400.0,2-Car,No injury/unknown,FOLLOWING TOO CLOSELY,39.175152,-86.518992
3,4,1800.0,2-Car,No injury/unknown,UNSAFE BACKING,39.175152,-86.538512
11,7,2000.0,2-Car,No injury/unknown,FAILURE TO YIELD RIGHT OF WAY,39.17512767,-86.52103911
7,6,2200.0,1-Car,No injury/unknown,RAN OFF ROAD RIGHT,39.17506668,-86.56448965
9,2,1500.0,Bus,No injury/unknown,IMPROPER TURNING,39.17504,-86.556496
11,1,0.0,1-Car,No injury/unknown,OTHER (DRIVER) - EXPLAIN IN NARRATIVE,39.17504,-86.556496
12,1,1800.0,2-Car,No injury/unknown,FOLLOWING TOO CLOSELY,39.1749803,-86.55653983
10,4,2300.0,2-Car,No injury/unknown,IMPROPER TURNING,39.17485423,-86.49131789
8,2,1600.0,3+ Cars,Incapacitating,DRIVER DISTRACTED - EXPLAIN IN NARRATIVE,39.17469734,-86.56501204
11,3,1000.0,2-Car,No injury/unknown,UNSAFE SPEED,39.17459151,-86.56491138
10,5,1300.0,2-Car,No injury/unknown,UNSAFE BACKING,39.17457121,-86.54091998
9,1,1000.0,2-Car,No injury/unknown,FOLLOWING TOO CLOSELY,39.17452715,-86.5148379
2,7,800.0,1-Car,No injury/unknown,RAN OFF ROAD RIGHT,39.17451267,-86.56527324
8,3,800.0,2-Car,No injury/unknown,IMPROPER LANE USAGE,39.17441927,-86.53085976
11,1,1000.0,1-Car,No injury/unknown,DRIVER ASLEEP OR FATIGUED,39.17441927,-86.53085976
2,1,400.0,2-Car,No injury/unknown,WRONG WAY ON ONE WAY,39.174416,-86.530992
3,1,1900.0,2-Car,No injury/unknown,OTHER (DRIVER) - EXPLAIN IN NARRATIVE,39.174416,-86.530992
4,7,100.0,3+ Cars,No injury/unknown,UNSAFE BACKING,39.174416,-86.530992
4,6,2200.0,2-Car,No injury/unknown,FAILURE TO YIELD RIGHT OF WAY,39.174368,-86.527088
7,5,1500.0,2-Car,No injury/unknown,FAILURE TO YIELD RIGHT OF WAY,39.174368,-86.527088
10,7,1100.0,2-Car,No injury/unknown,FAILURE TO YIELD RIGHT OF WAY,39.174368,-86.527088
11,7,1200.0,2-Car,No injury/unknown,FAILURE TO YIELD RIGHT OF WAY,39.174368,-86.527088
4,7,100.0,3+ Cars,No injury/unknown,OTHER (DRIVER) - EXPLAIN IN NARRATIVE,39.174368,-86.5324
1,1,1300.0,1-Car,No injury/unknown,RAN OFF ROAD RIGHT,39.17436283,-86.52699273
4,7,1600.0,2-Car,No injury/unknown,FAILURE TO YIELD RIGHT OF WAY,39.17436283,-86.52699273
4,3,1500.0,Moped/Motorcycle,No injury/unknown,UNSAFE BACKING,39.174352,-86.54852929
1,1,100.0,2-Car,No injury/unknown,IMPROPER PASSING,39.174352,-86.533472
1,4,1800.0,2-Car,No injury/unknown,FAILURE TO YIELD RIGHT OF WAY,39.17434998,-86.52698993
9,4,1600.0,3+ Cars,Non-incapacitating,FOLLOWING TOO CLOSELY,39.17434998,-86.52698993
10,5,1400.0,Cyclist,Non-incapacitating,FAILURE TO YIELD RIGHT OF WAY,39.17428024,-86.52355
4,4,100.0,3+ Cars,No injury/unknown,UNSAFE LANE MOVEMENT,39.17414134,-86.530992
1,5,2300.0,1-Car,Non-incapacitating,RAN OFF ROAD RIGHT,39.17381823,-86.55565738
11,4,1700.0,2-Car,No injury/unknown,FAILURE TO YIELD RIGHT OF WAY,39.17369428,-86.52261994
2,5,1600.0,2-Car,No injury/unknown,UNSAFE BACKING,39.17368698,-86.59799957
9,1,1400.0,2-Car,No injury/unknown,FOLLOWING TOO CLOSELY,39.17365404,-86.5141797
1,2,900.0,2-Car,No injury/unknown,UNSAFE SPEED,39.17364542,-86.51618343
8,4,2000.0,2-Car,No injury/unknown,,39.17359024,-86.51666007
1,5,1900.0,3+ Cars,Non-incapacitating,SPEED TOO FAST FOR WEATHER CONDITIONS,39.173552,-86.515488
1,5,1900.0,3+ Cars,No injury/unknown,SPEED TOO FAST FOR WEATHER CONDITIONS,39.173552,-86.515488
2,5,900.0,2-Car,No injury/unknown,IMPROPER TURNING,39.173552,-86.515488
5,7,1200.0,2-Car,No injury/unknown,DISREGARD SIGNAL/REG SIGN,39.173552,-86.515488
2,7,800.0,2-Car,No injury/unknown,SPEED TOO FAST FOR WEATHER CONDITIONS,39.17347472,-86.52699102
2,5,1700.0,1-Car,No injury/unknown,OTHER (DRIVER) - EXPLAIN IN NARRATIVE,39.17347021,-86.52973987
8,5,1200.0,2-Car,No injury/unknown,FAILURE TO YIELD RIGHT OF WAY,39.17346016,-86.52696982
8,1,1900.0,2-Car,No injury/unknown,UNSAFE BACKING,39.17344,-86.528112
1,1,1200.0,2-Car,No injury/unknown,FAILURE TO YIELD RIGHT OF WAY,39.17344,-86.529696
9,5,200.0,3+ Cars,No injury/unknown,UNSAFE LANE MOVEMENT,39.17344,-86.530992
2,2,2100.0,2-Car,No injury/unknown,OTHER (DRIVER) - EXPLAIN IN NARRATIVE,39.17343404,-86.54222019
8,4,1600.0,3+ Cars,Non-incapacitating,FOLLOWING TOO CLOSELY,39.17342398,-86.53362974
1,2,1700.0,2-Car,No injury/unknown,UNSAFE BACKING,39.17340986,-86.51542237
12,5,1700.0,2-Car,No injury/unknown,WRONG WAY ON ONE WAY,39.17340986,-86.51543448
3,3,1000.0,2-Car,No injury/unknown,UNSAFE BACKING,39.17340986,-86.51543967
6,5,1500.0,2-Car,No injury/unknown,FOLLOWING TOO CLOSELY,39.17340986,-86.51545697
5,5,800.0,2-Car,No injury/unknown,,39.173408,-86.542
12,6,1200.0,2-Car,No injury/unknown,UNSAFE BACKING,39.17339325,-86.49424743
1,3,900.0,2-Car,No injury/unknown,OTHER (DRIVER) - EXPLAIN IN NARRATIVE,39.17337365,-86.5222337
10,6,900.0,2-Car,No injury/unknown,FAILURE TO YIELD RIGHT OF WAY,39.173344,-86.547104
5,7,1300.0,2-Car,No injury/unknown,FAILURE TO YIELD RIGHT OF WAY,39.173344,-86.54734825
2,5,700.0,2-Car,Non-incapacitating,IMPROPER TURNING,39.173344,-86.552592
4,4,1300.0,2-Car,No injury/unknown,FAILURE TO YIELD RIGHT OF WAY,39.17328849,-86.51554025
8,4,1300.0,2-Car,No injury/unknown,FAILURE TO YIELD RIGHT OF WAY,39.17327978,-86.53359018
2,4,2200.0,2-Car,No injury/unknown,FOLLOWING TOO CLOSELY,39.17327978,-86.53479985
3,6,1900.0,2-Car,No injury/unknown,FAILURE TO YIELD RIGHT OF WAY,39.17327978,-86.53479985
10,3,1400.0,2-Car,No injury/unknown,FOLLOWING TOO CLOSELY,39.17327978,-86.53479985
12,5,1500.0,2-Car,No injury/unknown,UNSAFE LANE MOVEMENT,39.17327978,-86.53479985
9,4,1800.0,Moped/Motorcycle,No injury/unknown,FAILURE TO YIELD RIGHT OF WAY,39.17326972,-86.53605982
10,3,1500.0,2-Car,No injury/unknown,FAILURE TO YIELD RIGHT OF WAY,39.17326972,-86.53605982
1,4,800.0,Bus,No injury/unknown,OTHER (DRIVER) - EXPLAIN IN NARRATIVE,39.17326972,-86.54378995
5,4,1800.0,1-Car,Non-incapacitating,DRIVER ILLNESS,39.17326033,-86.53858408
8,5,2100.0,2-Car,No injury/unknown,FAILURE TO YIELD RIGHT OF WAY,39.173248,-86.533488
9,3,1100.0,2-Car,No injury/unknown,UNSAFE LANE MOVEMENT,39.173248,-86.533488
12,1,1800.0,2-Car,No injury/unknown,OTHER (DRIVER) - EXPLAIN IN NARRATIVE,39.17324021,-86.54981017
3,6,2200.0,1-Car,No injury/unknown,VIEW OBSTRUCTED,39.17323718,-86.52214409
2,1,200.0,2-Car,No injury/unknown,FAILURE TO YIELD RIGHT OF WAY,39.173232,-86.534752
6,6,1200.0,2-Car,No injury/unknown,IMPROPER TURNING,39.173232,-86.534752
7,5,1000.0,2-Car,No injury/unknown,FOLLOWING TOO CLOSELY,39.173232,-86.534752
9,3,800.0,2-Car,No injury/unknown,FOLLOWING TOO CLOSELY,39.173232,-86.534752
12,2,1900.0,2-Car,No injury/unknown,DISREGARD SIGNAL/REG SIGN,39.173232,-86.534752
2,3,1300.0,2-Car,No injury/unknown,FOLLOWING TOO CLOSELY,39.17323016,-86.55252993
1,5,2100.0,2-Car,No injury/unknown,ROADWAY SURFACE CONDITION,39.173216,-86.536
10,2,1200.0,Moped/Motorcycle,No injury/unknown,UNSAFE BACKING,39.173216,-86.536
1,5,2100.0,2-Car,No injury/unknown,SPEED TOO FAST FOR WEATHER CONDITIONS,39.173184,-86.538528
9,6,1000.0,2-Car,No injury/unknown,VIEW OBSTRUCTED,39.173184,-86.538528
11,7,1500.0,1-Car,No injury/unknown,ANIMAL/OBJECT IN ROADWAY,39.17304602,-86.48245722
5,6,2000.0,2-Car,No injury/unknown,UNSAFE BACKING,39.17302832,-86.51339918
5,5,1800.0,2-Car,No injury/unknown,UNSAFE BACKING,39.17302832,-86.51339918
9,2,1400.0,2-Car,No injury/unknown,UNSAFE BACKING,39.17302832,-86.51339918
3,7,1800.0,2-Car,No injury/unknown,WRONG WAY ON ONE WAY,39.17302802,-86.530992
7,7,1100.0,2-Car,No injury/unknown,BRAKE FAILURE OR DEFECTIVE,39.17297448,-86.51331469
10,5,700.0,2-Car,No injury/unknown,LEFT OF CENTER,39.17293655,-86.51315181
5,4,1300.0,Moped/Motorcycle,Non-incapacitating,OVERCORRECTING/OVERSTEERING,39.17285105,-86.56762445
1,4,300.0,1-Car,No injury/unknown,UNSAFE BACKING,39.17281455,-86.51879273
1,5,1900.0,1-Car,No injury/unknown,SPEED TOO FAST FOR WEATHER CONDITIONS,39.17281455,-86.51879273
2,1,1800.0,2-Car,No injury/unknown,FAILURE TO YIELD RIGHT OF WAY,39.17281455,-86.51879273
2,4,1000.0,2-Car,No injury/unknown,OTHER (DRIVER) - EXPLAIN IN NARRATIVE,39.172752,-86.482288
5,7,1700.0,2-Car,No injury/unknown,SPEED TOO FAST FOR WEATHER CONDITIONS,39.172752,-86.482288
5,3,1700.0,2-Car,Non-incapacitating,FOLLOWING TOO CLOSELY,39.172752,-86.482288
10,4,1100.0,1-Car,No injury/unknown,RAN OFF ROAD RIGHT,39.172752,-86.482288
2,1,400.0,1-Car,No injury/unknown,UNSAFE BACKING,39.17268898,-86.530992
9,6,1200.0,2-Car,No injury/unknown,FOLLOWING TOO CLOSELY,39.17264788,-86.5026808
3,2,1500.0,2-Car,No injury/unknown,FAILURE TO YIELD RIGHT OF WAY,39.17264,-86.52704
10,3,700.0,2-Car,No injury/unknown,FAILURE TO YIELD RIGHT OF WAY,39.17264,-86.52704
3,2,0.0,3+ Cars,No injury/unknown,UNSAFE BACKING,39.17264,-86.528272
11,7,1200.0,2-Car,No injury/unknown,DISREGARD SIGNAL/REG SIGN,39.17264,-86.529696
11,4,700.0,2-Car,No injury/unknown,FAILURE TO YIELD RIGHT OF WAY,39.17263031,-86.57347869
9,2,900.0,2-Car,No injury/unknown,UNSAFE BACKING,39.17257033,-86.49535194
1,1,1100.0,2-Car,No injury/unknown,WRONG WAY ON ONE WAY,39.17256866,-86.52697412
11,7,1600.0,2-Car,No injury/unknown,FAILURE TO YIELD RIGHT OF WAY,39.17256027,-86.52696982
10,5,1800.0,Bus,No injury/unknown,FAILURE TO YIELD RIGHT OF WAY,39.1725301,-86.52351982
4,2,1800.0,2-Car,No injury/unknown,FOLLOWING TOO CLOSELY,39.1725301,-86.53359018
9,6,1600.0,3+ Cars,No injury/unknown,DRIVER DISTRACTED - EXPLAIN IN NARRATIVE,39.1725301,-86.53359018
2,2,1300.0,2-Car,No injury/unknown,FAILURE TO YIELD RIGHT OF WAY,39.17252004,-86.5224
8,1,1500.0,1-Car,No injury/unknown,UNSAFE BACKING,39.17252004,-86.5224
11,5,1400.0,2-Car,No injury/unknown,UNSAFE BACKING,39.17252004,-86.52240865
9,6,1700.0,3+ Cars,Incapacitating,FOLLOWING TOO CLOSELY,39.17251405,-86.50278374
3,2,1700.0,1-Car,No injury/unknown,UNSAFE BACKING,39.17250261,-86.51898354
4,3,2100.0,1-Car,Incapacitating,UNSAFE SPEED,39.17250261,-86.51898354
10,7,2100.0,2-Car,No injury/unknown,UNSAFE BACKING,39.17250261,-86.51898354
11,5,1900.0,1-Car,No injury/unknown,OTHER (DRIVER) - EXPLAIN IN NARRATIVE,39.17250261,-86.51898354
4,2,1700.0,3+ Cars,No injury/unknown,FOLLOWING TOO CLOSELY,39.17239791,-86.5025346
9,1,1800.0,2-Car,No injury/unknown,,39.17236246,-86.48777671
10,3,1600.0,1-Car,No injury/unknown,,39.17236246,-86.48777671
9,3,1700.0,Pedestrian,Non-incapacitating,UNSAFE LANE MOVEMENT,39.17234033,-86.50956883
9,2,900.0,1-Car,No injury/unknown,OTHER (DRIVER) - EXPLAIN IN NARRATIVE,39.17234033,-86.50966018
8,6,0.0,2-Car,No injury/unknown,,39.17219684,-86.48835472
10,7,2300.0,2-Car,No injury/unknown,OTHER (DRIVER) - EXPLAIN IN NARRATIVE,39.172144,-86.509392
11,6,400.0,1-Car,No injury/unknown,ANIMAL/OBJECT IN ROADWAY,39.17205331,-86.49530932
2,5,700.0,2-Car,No injury/unknown,FAILURE TO YIELD RIGHT OF WAY,39.17201865,-86.53476505
11,4,1500.0,2-Car,No injury/unknown,FOLLOWING TOO CLOSELY,39.17199118,-86.53476534
7,3,2000.0,2-Car,No injury/unknown,FAILURE TO YIELD RIGHT OF WAY,39.17197385,-86.53362974
2,4,1000.0,3+ Cars,Non-incapacitating,ACCELERATOR FAILURE OR DEFECTIVE,39.17197385,-86.53867028
9,1,1400.0,2-Car,No injury/unknown,FAILURE TO YIELD RIGHT OF WAY,39.17197334,-86.53362757
6,3,1400.0,2-Car,No injury/unknown,FOLLOWING TOO CLOSELY,39.17196013,-86.5829797
4,1,200.0,2-Car,No injury/unknown,,39.17192257,-86.52461686
9,2,700.0,2-Car,No injury/unknown,FOLLOWING TOO CLOSELY,39.17189978,-86.48744009
10,5,1600.0,2-Car,Non-incapacitating,FOLLOWING TOO CLOSELY,39.17189797,-86.5022422
10,5,1100.0,2-Car,No injury/unknown,FOLLOWING TOO CLOSELY,39.17188723,-86.53488032
12,7,700.0,1-Car,Non-incapacitating,ROADWAY SURFACE CONDITION,39.17187203,-86.48713756
11,6,800.0,2-Car,No injury/unknown,IMPROPER LANE USAGE,39.17183004,-86.57166011
4,7,1200.0,2-Car,Non-incapacitating,UNSAFE LANE MOVEMENT,39.17183004,-86.57167743
3,5,2300.0,2-Car,No injury/unknown,RAN OFF ROAD RIGHT,39.17174922,-86.52461127
2,4,1500.0,2-Car,Non-incapacitating,FOLLOWING TOO CLOSELY,39.17174873,-86.48853997
8,6,100.0,1-Car,No injury/unknown,OTHER (DRIVER) - EXPLAIN IN NARRATIVE,39.171744,-86.53441515
1,7,2200.0,2-Car,No injury/unknown,FAILURE TO YIELD RIGHT OF WAY,39.171744,-86.53352
4,7,700.0,Moped/Motorcycle,Non-incapacitating,DISREGARD SIGNAL/REG SIGN,39.171744,-86.53352
6,4,800.0,2-Car,No injury/unknown,DISREGARD SIGNAL/REG SIGN,39.171744,-86.53352
9,4,1100.0,2-Car,No injury/unknown,UNSAFE LANE MOVEMENT,39.171744,-86.53352
4,5,1300.0,2-Car,No injury/unknown,,39.171744,-86.534768
5,6,1100.0,2-Car,No injury/unknown,SPEED TOO FAST FOR WEATHER CONDITIONS,39.171744,-86.534768
6,2,1000.0,2-Car,No injury/unknown,FAILURE TO YIELD RIGHT OF WAY,39.171744,-86.534768
7,6,1000.0,2-Car,No injury/unknown,IMPROPER TURNING,39.171744,-86.534768
9,4,900.0,2-Car,No injury/unknown,IMPROPER LANE USAGE,39.171744,-86.534768
12,4,1700.0,2-Car,No injury/unknown,IMPROPER TURNING,39.171744,-86.534768
3,6,1900.0,2-Car,No injury/unknown,UNSAFE BACKING,39.171744,-86.536
9,6,800.0,2-Car,No injury/unknown,DRIVER DISTRACTED - EXPLAIN IN NARRATIVE,39.171744,-86.536
6,7,1600.0,2-Car,No injury/unknown,FOLLOWING TOO CLOSELY,39.171728,-86.5324
9,4,1700.0,2-Car,No injury/unknown,FAILURE TO YIELD RIGHT OF WAY,39.171728,-86.5324
1,6,2300.0,2-Car,No injury/unknown,UNSAFE BACKING,39.171712,-86.530992
5,6,1600.0,2-Car,No injury/unknown,IMPROPER TURNING,39.17170384,-86.52576065
1,2,900.0,2-Car,No injury/unknown,FAILURE TO YIELD RIGHT OF WAY,39.171696,-86.529696
4,5,2300.0,2-Car,No injury/unknown,UNSAFE BACKING,39.171696,-86.529696
7,7,900.0,2-Car,No injury/unknown,FAILURE TO YIELD RIGHT OF WAY,39.171696,-86.529696
8,3,1100.0,2-Car,No injury/unknown,DRIVER DISTRACTED - EXPLAIN IN NARRATIVE,39.17169189,-86.53102874
8,5,1700.0,2-Car,No injury/unknown,DRIVER DISTRACTED - EXPLAIN IN NARRATIVE,39.17169189,-86.53102874
9,4,1800.0,2-Car,No injury/unknown,FOLLOWING TOO CLOSELY,39.17169189,-86.53102874
9,3,2100.0,2-Car,No injury/unknown,FOLLOWING TOO CLOSELY,39.17169189,-86.53102874
10,4,0.0,2-Car,No injury/unknown,FOLLOWING TOO CLOSELY,39.17169189,-86.53102874
10,4,1900.0,Bus,No injury/unknown,OTHER (DRIVER) - EXPLAIN IN NARRATIVE,39.17169189,-86.53102874
10,5,1000.0,2-Car,No injury/unknown,UNSAFE SPEED,39.17169189,-86.53102874
10,4,1700.0,Moped/Motorcycle,No injury/unknown,FOLLOWING TOO CLOSELY,39.1716899,-86.53103001
10,5,1100.0,2-Car,No injury/unknown,FAILURE TO YIELD RIGHT OF WAY,39.1716899,-86.53103001
12,3,1200.0,1-Car,No injury/unknown,UNSAFE BACKING,39.17168118,-86.50658033
12,7,2100.0,2-Car,No injury/unknown,FAILURE TO YIELD RIGHT OF WAY,39.17168001,-86.52978264
4,1,2200.0,2-Car,Non-incapacitating,DRIVER DISTRACTED - EXPLAIN IN NARRATIVE,39.17168,-86.527024
4,5,1000.0,2-Car,No injury/unknown,DISREGARD SIGNAL/REG SIGN,39.17168,-86.527024
10,6,2000.0,2-Car,Non-incapacitating,DISREGARD SIGNAL/REG SIGN,39.17168,-86.527024
11,2,1700.0,2-Car,No injury/unknown,FAILURE TO YIELD RIGHT OF WAY,39.17168,-86.527024
12,6,1500.0,3+ Cars,No injury/unknown,DISREGARD SIGNAL/REG SIGN,39.17168,-86.527024
2,6,0.0,2-Car,No injury/unknown,ROADWAY SURFACE CONDITION,39.17168,-86.528256
1,3,2300.0,2-Car,No injury/unknown,FAILURE TO YIELD RIGHT OF WAY,39.17168,-86.528256
10,1,100.0,2-Car,No injury/unknown,FAILURE TO YIELD RIGHT OF WAY,39.17168,-86.528256
10,4,1100.0,2-Car,No injury/unknown,FOLLOWING TOO CLOSELY,39.17168,-86.528256
12,5,1700.0,2-Car,Non-incapacitating,FOLLOWING TOO CLOSELY,39.17168,-86.528256
4,3,1200.0,2-Car,Incapacitating,FOLLOWING TOO CLOSELY,39.17167282,-86.52827453
8,7,2100.0,2-Car,No injury/unknown,FOLLOWING TOO CLOSELY,39.17166978,-86.48929014
8,5,2200.0,2-Car,No injury/unknown,FOLLOWING TOO CLOSELY,39.17166978,-86.48929014
8,6,1500.0,2-Car,Non-incapacitating,OTHER (DRIVER) - EXPLAIN IN NARRATIVE,39.17166978,-86.48929014
9,3,1700.0,2-Car,Non-incapacitating,FAILURE TO YIELD RIGHT OF WAY,39.17166978,-86.48929014
10,4,1400.0,2-Car,No injury/unknown,FAILURE TO YIELD RIGHT OF WAY,39.17166978,-86.48929014
10,4,1100.0,2-Car,No injury/unknown,FAILURE TO YIELD RIGHT OF WAY,39.17166978,-86.48929014