Month,Day,Hour,Collision Type,Injury Type,Primary Factor,Latitude,Longitude
12,3,500.0,1-Car,Non-incapacitating,RAN OFF ROAD RIGHT,39.17166978,-86.48929014
1,5,1400.0,2-Car,No injury/unknown,FAILURE TO YIELD RIGHT OF WAY,39.17166978,-86.52975998
6,6,1500.0,3+ Cars,Non-incapacitating,DISREGARD SIGNAL/REG SIGN,39.17166978,-86.52975998
4,6,1000.0,2-Car,No injury/unknown,FAILURE TO YIELD RIGHT OF WAY,39.171664,-86.52576
9,4,1600.0,2-Car,No injury/unknown,FOLLOWING TOO CLOSELY,39.17165972,-86.52696982
12,6,0.0,2-Car,No injury/unknown,FOLLOWING TOO CLOSELY,39.17165972,-86.52696982
4,4,1800.0,2-Car,No injury/unknown,FOLLOWING TOO CLOSELY,39.17165972,-86.53358012
10,5,2000.0,2-Car,No injury/unknown,FOLLOWING TOO CLOSELY,39.17165972,-86.53358012
5,4,1300.0,2-Car,No injury/unknown,IMPROPER TURNING,39.17165972,-86.53483003
11,2,1000.0,2-Car,No injury/unknown,IMPROPER TURNING,39.17165972,-86.53483003
12,1,2000.0,2-Car,No injury/unknown,FAILURE TO YIELD RIGHT OF WAY,39.17165972,-86.53483003
12,4,600.0,2-Car,No injury/unknown,IMPROPER TURNING,39.17165503,-86.51853963
10,4,1500.0,1-Car,No injury/unknown,UNSAFE BACKING,39.17165369,-86.51814199
4,5,1700.0,2-Car,No injury/unknown,FAILURE TO YIELD RIGHT OF WAY,39.17165034,-86.53233021
5,4,1700.0,2-Car,No injury/unknown,FOLLOWING TOO CLOSELY,39.17165034,-86.53233021
8,3,1500.0,2-Car,Non-incapacitating,FAILURE TO YIELD RIGHT OF WAY,39.17165034,-86.53233021
7,6,1500.0,1-Car,Non-incapacitating,DRIVER ASLEEP OR FATIGUED,39.17164801,-86.50638231
6,6,1200.0,1-Car,No injury/unknown,OTHER (VEHICLE) - EXPLAIN IN NARRATIVE,39.171648,-86.50691158
10,5,500.0,1-Car,No injury/unknown,SPEED TOO FAST FOR WEATHER CONDITIONS,39.171648,-86.50694686
1,3,1500.0,2-Car,No injury/unknown,UNSAFE LANE MOVEMENT,39.171648,-86.502096
2,2,1600.0,2-Car,No injury/unknown,FOLLOWING TOO CLOSELY,39.171648,-86.502096
7,5,600.0,2-Car,No injury/unknown,DRIVER ASLEEP OR FATIGUED,39.171648,-86.502096
10,5,2300.0,2-Car,No injury/unknown,OTHER (DRIVER) - EXPLAIN IN NARRATIVE,39.171648,-86.502096
10,4,900.0,2-Car,No injury/unknown,UNSAFE LANE MOVEMENT,39.171648,-86.502096
12,6,700.0,2-Car,No injury/unknown,SPEED TOO FAST FOR WEATHER CONDITIONS,39.171648,-86.502096
10,5,2000.0,2-Car,No injury/unknown,UNSAFE BACKING,39.171648,-86.50362639
2,1,1700.0,2-Car,No injury/unknown,,39.171648,-86.50435515
10,6,1800.0,1-Car,No injury/unknown,UNSAFE BACKING,39.171648,-86.50435515
2,2,400.0,1-Car,No injury/unknown,UNSAFE SPEED,39.171648,-86.507088
8,5,2000.0,1-Car,No injury/unknown,UNSAFE SPEED,39.171648,-86.507088
12,4,700.0,2-Car,No injury/unknown,FOLLOWING TOO CLOSELY,39.171648,-86.507088
3,3,1700.0,2-Car,No injury/unknown,FAILURE TO YIELD RIGHT OF WAY,39.171648,-86.524608
7,5,1500.0,3+ Cars,No injury/unknown,FOLLOWING TOO CLOSELY,39.171648,-86.524608
5,4,2100.0,2-Car,No injury/unknown,UNSAFE LANE MOVEMENT,39.17164438,-86.50191964
7,5,1100.0,2-Car,Non-incapacitating,FOLLOWING TOO CLOSELY,39.1716433,-86.50186748
2,6,1200.0,3+ Cars,Non-incapacitating,UNSAFE SPEED,39.17164028,-86.52349365
4,4,2000.0,2-Car,Non-incapacitating,FAILURE TO YIELD RIGHT OF WAY,39.17164028,-86.52349971
6,3,800.0,2-Car,Non-incapacitating,UNSAFE LANE MOVEMENT,39.17164028,-86.52349971
7,4,1200.0,2-Car,No injury/unknown,UNSAFE BACKING,39.17164028,-86.52349971
9,2,1900.0,Cyclist,Non-incapacitating,FAILURE TO YIELD RIGHT OF WAY,39.17164028,-86.52349971
10,5,2100.0,Moped/Motorcycle,Incapacitating,FAILURE TO YIELD RIGHT OF WAY,39.17164028,-86.52349971
11,4,1900.0,3+ Cars,No injury/unknown,DRIVER DISTRACTED - EXPLAIN IN NARRATIVE,39.17164028,-86.52349971
9,1,1600.0,2-Car,No injury/unknown,DRIVER DISTRACTED - EXPLAIN IN NARRATIVE,39.17163221,-86.52137986
5,3,1400.0,2-Car,No injury/unknown,OTHER (DRIVER) - EXPLAIN IN NARRATIVE,39.171632,-86.52353600000001
8,5,0.0,2-Car,No injury/unknown,FAILURE TO YIELD RIGHT OF WAY,39.171632,-86.52353600000001
7,4,800.0,3+ Cars,No injury/unknown,OTHER (DRIVER) - EXPLAIN IN NARRATIVE,39.171632,-86.52353600000001
8,2,1100.0,3+ Cars,No injury/unknown,FOLLOWING TOO CLOSELY,39.171632,-86.52353600000001
9,1,1800.0,1-Car,No injury/unknown,UNSAFE BACKING,39.171632,-86.52353600000001
9,4,1200.0,2-Car,No injury/unknown,UNSAFE BACKING,39.171632,-86.52353600000001
10,4,1600.0,1-Car,No injury/unknown,OTHER (DRIVER) - EXPLAIN IN NARRATIVE,39.171632,-86.52353600000001
10,3,1600.0,2-Car,No injury/unknown,UNSAFE BACKING,39.171632,-86.52353600000001
12,6,1500.0,Bus,No injury/unknown,FOLLOWING TOO CLOSELY,39.171632,-86.52353600000001
8,4,1900.0,2-Car,No injury/unknown,UNSAFE SPEED,39.17163022,-86.52237989
9,6,0.0,1-Car,No injury/unknown,DRIVER DISTRACTED - EXPLAIN IN NARRATIVE,39.17163022,-86.52237989
11,6,1200.0,2-Car,No injury/unknown,FAILURE TO YIELD RIGHT OF WAY,39.17163022,-86.52237989
11,7,1600.0,2-Car,No injury/unknown,DISREGARD SIGNAL/REG SIGN,39.17163013,-86.51902446
12,5,0.0,2-Car,No injury/unknown,UNSAFE BACKING,39.17163011,-86.51901956
8,2,1600.0,2-Car,No injury/unknown,FAILURE TO YIELD RIGHT OF WAY,39.17162998,-86.52351778
2,2,1700.0,2-Car,Non-incapacitating,IMPROPER PASSING,39.17162407,-86.48129791
1,3,1200.0,2-Car,No injury/unknown,UNSAFE BACKING,39.17162087,-86.50077565
4,4,1600.0,2-Car,No injury/unknown,IMPROPER TURNING,39.17162087,-86.50077565
10,4,700.0,1-Car,No injury/unknown,UNSAFE BACKING,39.1716193,-86.50069948
6,6,1000.0,2-Car,No injury/unknown,UNSAFE SPEED,39.1716101,-86.51903273
10,2,2000.0,2-Car,No injury/unknown,FOLLOWING TOO CLOSELY,39.1716101,-86.51903273
12,7,1700.0,2-Car,No injury/unknown,FOLLOWING TOO CLOSELY,39.1716101,-86.51903705
8,7,1900.0,2-Car,No injury/unknown,FOLLOWING TOO CLOSELY,39.1716101,-86.51906301
1,5,1900.0,2-Car,No injury/unknown,SPEED TOO FAST FOR WEATHER CONDITIONS,39.1716101,-86.52099416
3,4,1700.0,3+ Cars,Non-incapacitating,FOLLOWING TOO CLOSELY,39.17160131,-86.52101949
3,6,1100.0,3+ Cars,No injury/unknown,DRIVER DISTRACTED - EXPLAIN IN NARRATIVE,39.1716,-86.520896
3,4,1200.0,2-Car,No injury/unknown,IMPROPER TURNING,39.1716,-86.520896
5,6,1600.0,2-Car,No injury/unknown,FOLLOWING TOO CLOSELY,39.1716,-86.520896
11,4,1300.0,2-Car,Non-incapacitating,FOLLOWING TOO CLOSELY,39.1716,-86.520896
12,6,1400.0,2-Car,No injury/unknown,FOLLOWING TOO CLOSELY,39.1716,-86.520896
10,3,1300.0,2-Car,No injury/unknown,UNSAFE BACKING,39.17159884,-86.51902426
9,1,2300.0,2-Car,No injury/unknown,UNSAFE BACKING,39.17159746,-86.51259531
5,5,1200.0,2-Car,No injury/unknown,UNSAFE BACKING,39.1715952,-86.51566449
3,6,1700.0,2-Car,No injury/unknown,FOLLOWING TOO CLOSELY,39.17158999,-86.51394031
1,6,1200.0,Pedestrian,Non-incapacitating,FAILURE TO YIELD RIGHT OF WAY,39.17158999,-86.51563433
10,3,2200.0,3+ Cars,No injury/unknown,FOLLOWING TOO CLOSELY,39.17158999,-86.5156473
10,5,2300.0,1-Car,No injury/unknown,SPEED TOO FAST FOR WEATHER CONDITIONS,39.17158999,-86.51565163
11,5,1800.0,Pedestrian,No injury/unknown,SPEED TOO FAST FOR WEATHER CONDITIONS,39.17158999,-86.51565163
2,2,1700.0,3+ Cars,No injury/unknown,DRIVER DISTRACTED - EXPLAIN IN NARRATIVE,39.17158999,-86.51566028
4,4,1900.0,Bus,No injury/unknown,FAILURE TO YIELD RIGHT OF WAY,39.17158999,-86.51566028
9,5,800.0,Bus,No injury/unknown,SPEED TOO FAST FOR WEATHER CONDITIONS,39.17158999,-86.51566028
3,6,1400.0,1-Car,No injury/unknown,OVERCORRECTING/OVERSTEERING,39.17158931,-86.50409527
10,6,700.0,2-Car,No injury/unknown,UNSAFE BACKING,39.17158931,-86.50409527
4,6,900.0,2-Car,No injury/unknown,UNSAFE BACKING,39.171584,-86.518688
10,3,900.0,2-Car,Non-incapacitating,UNSAFE SPEED,39.171584,-86.518688
8,1,1900.0,2-Car,No injury/unknown,FOLLOWING TOO CLOSELY,39.17157993,-86.51247639
2,5,2000.0,3+ Cars,No injury/unknown,DRIVER DISTRACTED - EXPLAIN IN NARRATIVE,39.17157993,-86.51247985
3,7,1600.0,2-Car,No injury/unknown,FOLLOWING TOO CLOSELY,39.17157993,-86.51247985
4,2,1800.0,2-Car,No injury/unknown,DISREGARD SIGNAL/REG SIGN,39.17157993,-86.51247985
9,7,1600.0,Cyclist,Non-incapacitating,FAILURE TO YIELD RIGHT OF WAY,39.17157993,-86.51247985
2,6,1200.0,2-Car,No injury/unknown,FAILURE TO YIELD RIGHT OF WAY,39.17157993,-86.51249715
4,6,1600.0,2-Car,No injury/unknown,FAILURE TO YIELD RIGHT OF WAY,39.17157993,-86.51250581
5,5,1200.0,2-Car,No injury/unknown,UNSAFE BACKING,39.17157943,-86.51826514
1,5,1500.0,2-Car,No injury/unknown,IMPROPER PASSING,39.17157747,-86.51808392
1,4,1900.0,2-Car,No injury/unknown,OTHER (VEHICLE) - EXPLAIN IN NARRATIVE,39.17157747,-86.51808392
5,4,2300.0,2-Car,No injury/unknown,UNSAFE BACKING,39.17157747,-86.51808392
11,2,1200.0,2-Car,No injury/unknown,UNSAFE BACKING,39.17157747,-86.51808392
12,4,700.0,2-Car,No injury/unknown,UNSAFE SPEED,39.17157638,-86.51798237
1,3,1700.0,2-Car,No injury/unknown,UNSAFE LANE MOVEMENT,39.17157235,-86.50945322
1,3,1900.0,2-Car,No injury/unknown,DRIVER DISTRACTED - EXPLAIN IN NARRATIVE,39.17157235,-86.50945322
12,6,1300.0,2-Car,No injury/unknown,SPEED TOO FAST FOR WEATHER CONDITIONS,39.17157235,-86.50945322
8,6,1600.0,2-Car,No injury/unknown,FOLLOWING TOO CLOSELY,39.17156644,-86.50228603
9,3,1700.0,3+ Cars,No injury/unknown,FOLLOWING TOO CLOSELY,39.1715658,-86.50228603
12,4,900.0,2-Car,No injury/unknown,SPEED TOO FAST FOR WEATHER CONDITIONS,39.1715658,-86.50228603
12,6,1900.0,3+ Cars,No injury/unknown,FOLLOWING TOO CLOSELY,39.1715658,-86.50228603
4,5,800.0,2-Car,No injury/unknown,OTHER (VEHICLE) - EXPLAIN IN NARRATIVE,39.17156383,-86.51814334
1,3,700.0,2-Car,Non-incapacitating,OTHER (DRIVER) - EXPLAIN IN NARRATIVE,39.171552,-86.515728
4,7,1500.0,2-Car,No injury/unknown,UNSAFE SPEED,39.17154975,-86.49086996
8,4,1500.0,Moped/Motorcycle,Non-incapacitating,FAILURE TO YIELD RIGHT OF WAY,39.17154975,-86.49086996
8,5,2100.0,2-Car,Non-incapacitating,FAILURE TO YIELD RIGHT OF WAY,39.17154975,-86.49086996
9,1,0.0,2-Car,No injury/unknown,FAILURE TO YIELD RIGHT OF WAY,39.17154975,-86.50485031
7,4,1200.0,2-Car,No injury/unknown,UNSAFE BACKING,39.17154975,-86.50943905
3,6,1400.0,2-Car,No injury/unknown,UNSAFE BACKING,39.17154975,-86.5094503
8,5,1500.0,Bus,No injury/unknown,DRIVER DISTRACTED - EXPLAIN IN NARRATIVE,39.17154975,-86.5094503
11,7,2200.0,2-Car,Non-incapacitating,FOLLOWING TOO CLOSELY,39.17154975,-86.5094503
11,5,2100.0,2-Car,No injury/unknown,FOLLOWING TOO CLOSELY,39.17154975,-86.50945462
5,5,1700.0,Pedestrian,Incapacitating,FAILURE TO YIELD RIGHT OF WAY,39.17154975,-86.50945678
1,5,1500.0,2-Car,No injury/unknown,FOLLOWING TOO CLOSELY,39.17153031,-86.50220967
5,7,1600.0,2-Car,No injury/unknown,FOLLOWING TOO CLOSELY,39.17153031,-86.50220967
9,1,1500.0,2-Car,No injury/unknown,FOLLOWING TOO CLOSELY,39.17153031,-86.50220967
10,3,1500.0,2-Car,No injury/unknown,DRIVER DISTRACTED - EXPLAIN IN NARRATIVE,39.17153031,-86.50220967
10,1,1800.0,2-Car,Non-incapacitating,FOLLOWING TOO CLOSELY,39.17153031,-86.50220967
2,3,1400.0,2-Car,No injury/unknown,UNSAFE LANE MOVEMENT,39.17152876,-86.50224706
2,6,1700.0,2-Car,No injury/unknown,FOLLOWING TOO CLOSELY,39.1715274,-86.51396405
5,3,1300.0,Cyclist,Non-incapacitating,FOLLOWING TOO CLOSELY,39.17152599,-86.49774101
11,4,1400.0,3+ Cars,No injury/unknown,FAILURE TO YIELD RIGHT OF WAY,39.17150684,-86.5092726
9,4,1600.0,2-Car,No injury/unknown,IMPROPER PASSING,39.171504,-86.49478273
1,1,1800.0,3+ Cars,No injury/unknown,FOLLOWING TOO CLOSELY,39.171504,-86.495312
1,4,1800.0,2-Car,No injury/unknown,FOLLOWING TOO CLOSELY,39.171504,-86.495312
6,1,1000.0,2-Car,No injury/unknown,DISREGARD SIGNAL/REG SIGN,39.171504,-86.495312
4,3,1600.0,Cyclist,Non-incapacitating,FAILURE TO YIELD RIGHT OF WAY,39.171504,-86.495312
9,6,1700.0,2-Car,Non-incapacitating,FAILURE TO YIELD RIGHT OF WAY,39.171504,-86.495312
11,3,1200.0,2-Car,No injury/unknown,FOLLOWING TOO CLOSELY,39.171504,-86.495312
2,5,1900.0,2-Car,No injury/unknown,UNSAFE BACKING,39.171504,-86.512288
6,1,1700.0,2-Car,No injury/unknown,UNSAFE BACKING,39.171504,-86.512288
5,5,1600.0,2-Car,No injury/unknown,FAILURE TO YIELD RIGHT OF WAY,39.171504,-86.512288
6,2,1900.0,2-Car,No injury/unknown,UNSAFE BACKING,39.171504,-86.512288
8,3,1300.0,2-Car,No injury/unknown,UNSAFE BACKING,39.171504,-86.512288
9,4,2000.0,1-Car,No injury/unknown,OTHER (DRIVER) - EXPLAIN IN NARRATIVE,39.171504,-86.512288
11,5,900.0,2-Car,No injury/unknown,,39.17149326,-86.51131082
2,3,1700.0,3+ Cars,Non-incapacitating,DISREGARD SIGNAL/REG SIGN,39.17149007,-86.4953801
3,6,1900.0,2-Car,No injury/unknown,DISREGARD SIGNAL/REG SIGN,39.17149007,-86.4953801
5,6,1300.0,2-Car,No injury/unknown,UNSAFE SPEED,39.17149007,-86.4953801
10,6,800.0,1-Car,No injury/unknown,UNSAFE BACKING,39.17149007,-86.4953801
11,1,1500.0,2-Car,Non-incapacitating,DISREGARD SIGNAL/REG SIGN,39.17149007,-86.4953801
11,7,500.0,1-Car,No injury/unknown,ANIMAL/OBJECT IN ROADWAY,39.17149007,-86.4953974
9,6,1300.0,1-Car,No injury/unknown,UNSAFE BACKING,39.17148598,-86.49537255
2,5,1800.0,2-Car,Non-incapacitating,FOLLOWING TOO CLOSELY,39.17148364,-86.51043443
10,5,2000.0,2-Car,No injury/unknown,IMPROPER TURNING,39.17148317,-86.51039227
12,4,1400.0,2-Car,No injury/unknown,IMPROPER TURNING,39.17148166,-86.51025546
7,6,1400.0,2-Car,No injury/unknown,UNSAFE BACKING,39.17148145,-86.51023592
5,1,1800.0,2-Car,No injury/unknown,FOLLOWING TOO CLOSELY,39.17147782,-86.50990522
1,2,1300.0,2-Car,No injury/unknown,UNSAFE BACKING,39.171472,-86.509376
1,2,2200.0,1-Car,No injury/unknown,IMPROPER TURNING,39.171472,-86.509376
4,6,2200.0,2-Car,No injury/unknown,UNSAFE BACKING,39.171472,-86.509376
4,6,2100.0,2-Car,Non-incapacitating,FAILURE TO YIELD RIGHT OF WAY,39.171472,-86.509376
8,2,2000.0,2-Car,No injury/unknown,FAILURE TO YIELD RIGHT OF WAY,39.171472,-86.509376
8,5,1500.0,2-Car,No injury/unknown,UNSAFE BACKING,39.171472,-86.509376
7,2,2300.0,Moped/Motorcycle,Non-incapacitating,UNSAFE SPEED,39.171472,-86.509376
8,3,1100.0,2-Car,No injury/unknown,FAILURE TO YIELD RIGHT OF WAY,39.171472,-86.509376
7,6,1600.0,Moped/Motorcycle,Non-incapacitating,OTHER (DRIVER) - EXPLAIN IN NARRATIVE,39.17146144,-86.49541336
12,6,1900.0,2-Car,No injury/unknown,UNSAFE LANE MOVEMENT,39.17146144,-86.49541336
4,2,2200.0,2-Car,No injury/unknown,FOLLOWING TOO CLOSELY,39.17144254,-86.51574009
4,1,100.0,1-Car,No injury/unknown,OTHER (DRIVER) - EXPLAIN IN NARRATIVE,39.17144,-86.548192
9,6,1800.0,2-Car,No injury/unknown,OTHER (DRIVER) - EXPLAIN IN NARRATIVE,39.17144,-86.548192
12,6,1300.0,2-Car,Non-incapacitating,SPEED TOO FAST FOR WEATHER CONDITIONS,39.171425,-86.479675
12,6,1300.0,1-Car,No injury/unknown,SPEED TOO FAST FOR WEATHER CONDITIONS,39.17141028,-86.50722728
8,1,1200.0,2-Car,No injury/unknown,OTHER (DRIVER) - EXPLAIN IN NARRATIVE,39.17132767,-86.53352555
2,6,1300.0,2-Car,No injury/unknown,UNSAFE BACKING,39.171312,-86.5492
2,4,1100.0,2-Car,No injury/unknown,UNSAFE BACKING,39.171312,-86.5492
6,4,700.0,2-Car,No injury/unknown,UNSAFE BACKING,39.171312,-86.5492
10,5,1400.0,1-Car,No injury/unknown,UNSAFE BACKING,39.171312,-86.5492
5,5,2200.0,1-Car,No injury/unknown,UNSAFE BACKING,39.17126846,-86.57679748
5,4,900.0,2-Car,No injury/unknown,FAILURE TO YIELD RIGHT OF WAY,39.171248,-86.481328
1,4,2200.0,2-Car,No injury/unknown,IMPROPER LANE USAGE,39.17119738,-86.50937067
8,5,2200.0,1-Car,No injury/unknown,UNSAFE BACKING,39.17115625,-86.53352784
11,3,900.0,2-Car,No injury/unknown,FAILURE TO YIELD RIGHT OF WAY,39.17106006,-86.509368
8,1,1700.0,2-Car,Incapacitating,FOLLOWING TOO CLOSELY,39.17098821,-86.5019736
9,4,1400.0,2-Car,No injury/unknown,UNSAFE BACKING,39.17088686,-86.534768
11,3,1400.0,2-Car,No injury/unknown,FAILURE TO YIELD RIGHT OF WAY,39.17088686,-86.534768
11,1,1300.0,2-Car,Non-incapacitating,DRIVER DISTRACTED - EXPLAIN IN NARRATIVE,39.17088014,-86.50171207
6,2,2000.0,2-Car,No injury/unknown,UNSAFE BACKING,39.17086237,-86.53353176
4,3,1800.0,2-Car,No injury/unknown,DRIVER DISTRACTED - EXPLAIN IN NARRATIVE,39.170848,-86.503696
8,6,1200.0,2-Car,No injury/unknown,UNSAFE BACKING,39.170848,-86.503696
3,6,1400.0,2-Car,No injury/unknown,OTHER (DRIVER) - EXPLAIN IN NARRATIVE,39.17084706,-86.52981966
1,5,1500.0,2-Car,No injury/unknown,OTHER (DRIVER) - EXPLAIN IN NARRATIVE,39.17073992,-86.53353339
4,5,1100.0,Bus,No injury/unknown,IMPROPER TURNING,39.17072,-86.4956
9,6,1700.0,2-Car,No injury/unknown,SPEED TOO FAST FOR WEATHER CONDITIONS,39.17072,-86.4956
9,6,1600.0,3+ Cars,No injury/unknown,FOLLOWING TOO CLOSELY,39.17068132,-86.53353417
7,4,1600.0,2-Car,No injury/unknown,UNSAFE BACKING,39.17058906,-86.52456196
2,3,1200.0,2-Car,No injury/unknown,UNSAFE BACKING,39.17057008,-86.5723139
2,4,1100.0,2-Car,No injury/unknown,UNSAFE BACKING,39.17057008,-86.5723139
6,6,1000.0,2-Car,Non-incapacitating,UNSAFE BACKING,39.17057008,-86.5723139
7,3,700.0,1-Car,No injury/unknown,OTHER (DRIVER) - EXPLAIN IN NARRATIVE,39.170544,-86.523488
1,3,800.0,2-Car,No injury/unknown,OTHER (DRIVER) - EXPLAIN IN NARRATIVE,39.170544,-86.52456
6,4,1400.0,2-Car,No injury/unknown,UNSAFE BACKING,39.170544,-86.52793437
7,2,700.0,2-Car,No injury/unknown,,39.170544,-86.52824
8,7,1900.0,2-Car,No injury/unknown,UNSAFE BACKING,39.170544,-86.52824
9,2,1000.0,Cyclist,Non-incapacitating,PEDESTRIAN ACTION,39.170544,-86.52824
8,4,1600.0,2-Car,No injury/unknown,FAILURE TO YIELD RIGHT OF WAY,39.170544,-86.529696
5,6,1800.0,2-Car,No injury/unknown,SPEED TOO FAST FOR WEATHER CONDITIONS,39.170544,-86.533536
7,7,1900.0,Pedestrian,Non-incapacitating,FAILURE TO YIELD RIGHT OF WAY,39.170544,-86.533536
1,5,1800.0,Bus,No injury/unknown,SPEED TOO FAST FOR WEATHER CONDITIONS,39.170544,-86.534768
3,4,1100.0,2-Car,No injury/unknown,FAILURE TO YIELD RIGHT OF WAY,39.170544,-86.534768
3,7,1000.0,2-Car,Non-incapacitating,FAILURE TO YIELD RIGHT OF WAY,39.170544,-86.534768
1,7,1400.0,1-Car,No injury/unknown,OTHER (DRIVER) - EXPLAIN IN NARRATIVE,39.17053986,-86.49426269
5,4,1500.0,2-Car,No injury/unknown,FAILURE TO YIELD RIGHT OF WAY,39.1704601,-86.52977004
1,4,1800.0,2-Car,No injury/unknown,FOLLOWING TOO CLOSELY,39.1704601,-86.53356
1,4,1700.0,2-Car,No injury/unknown,IMPROPER TURNING,39.1704601,-86.53356
8,6,1600.0,2-Car,No injury/unknown,FOLLOWING TOO CLOSELY,39.1704601,-86.53356
2,5,1800.0,2-Car,No injury/unknown,FAILURE TO YIELD RIGHT OF WAY,39.1704601,-86.53485015
10,7,2200.0,2-Car,No injury/unknown,UNSAFE LANE MOVEMENT,39.1704601,-86.53485015
1,3,1400.0,2-Car,No injury/unknown,IMPROPER LANE USAGE,39.17042993,-86.52349971
11,4,0.0,2-Car,No injury/unknown,,39.17040712,-86.50305993
12,2,600.0,1-Car,No injury/unknown,ANIMAL/OBJECT IN ROADWAY,39.17035524,-86.55792236
3,3,1300.0,2-Car,No injury/unknown,UNSAFE BACKING,39.1702919,-86.57196044
3,3,1900.0,2-Car,No injury/unknown,FAILURE TO YIELD RIGHT OF WAY,39.17024,-86.501392
12,6,1800.0,3+ Cars,Non-incapacitating,BRAKE FAILURE OR DEFECTIVE,39.17024,-86.501392
9,3,800.0,2-Car,No injury/unknown,UNSAFE BACKING,39.17022931,-86.552192
9,2,900.0,2-Car,No injury/unknown,UNSAFE BACKING,39.170159,-86.501186
10,6,1400.0,2-Car,No injury/unknown,DRIVER DISTRACTED - EXPLAIN IN NARRATIVE,39.17015076,-86.5014801
6,4,1600.0,2-Car,No injury/unknown,FAILURE TO YIELD RIGHT OF WAY,39.17015031,-86.59829981
2,5,1000.0,2-Car,No injury/unknown,UNSAFE BACKING,39.170144,-86.474896
11,2,1200.0,2-Car,No injury/unknown,,39.17009861,-86.53477518
12,1,300.0,2-Car,No injury/unknown,UNSAFE BACKING,39.17002869,-86.53322601
11,7,1000.0,1-Car,No injury/unknown,UNSAFE BACKING,39.16999739,-86.53354482
4,5,1400.0,2-Car,No injury/unknown,FAILURE TO YIELD RIGHT OF WAY,39.1699906,-86.49986006
8,4,1400.0,1-Car,No injury/unknown,DRIVER ILLNESS,39.16997528,-86.53449249
7,1,1300.0,2-Car,No injury/unknown,UNSAFE BACKING,39.1698761,-86.57495117
8,7,1800.0,2-Car,No injury/unknown,UNSAFE BACKING,39.1698761,-86.57495117
2,1,1200.0,2-Car,No injury/unknown,IMPROPER TURNING,39.16982663,-86.53477957
10,1,1100.0,2-Car,No injury/unknown,FOLLOWING TOO CLOSELY,39.16982663,-86.53477957
1,3,100.0,1-Car,No injury/unknown,OVERCORRECTING/OVERSTEERING,39.1698213,-86.48138871
9,3,1200.0,2-Car,No injury/unknown,OTHER (DRIVER) - EXPLAIN IN NARRATIVE,39.16973121,-86.49048909
1,4,1300.0,1-Car,No injury/unknown,OTHER (VEHICLE) - EXPLAIN IN NARRATIVE,39.16972931,-86.55493061
10,5,1400.0,2-Car,No injury/unknown,OTHER (DRIVER) - EXPLAIN IN NARRATIVE,39.16970103,-86.50943432
12,7,1500.0,2-Car,No injury/unknown,OTHER (DRIVER) - EXPLAIN IN NARRATIVE,39.16968932,-86.53354979
8,2,1600.0,1-Car,No injury/unknown,UNSAFE BACKING,39.1696883,-86.53351038
10,6,1600.0,2-Car,Non-incapacitating,FAILURE TO YIELD RIGHT OF WAY,39.169648,-86.52824
1,7,1200.0,2-Car,No injury/unknown,UNSAFE BACKING,39.16964203,-86.51621751
2,2,1900.0,2-Car,No injury/unknown,,39.169616,-86.52696
1,3,1200.0,2-Car,No injury/unknown,DRIVER DISTRACTED - EXPLAIN IN NARRATIVE,39.169616,-86.5432
2,4,1400.0,2-Car,No injury/unknown,,39.16961371,-86.53857567
9,2,1000.0,2-Car,No injury/unknown,FAILURE TO YIELD RIGHT OF WAY,39.169584,-86.495904
3,5,1200.0,2-Car,No injury/unknown,FAILURE TO YIELD RIGHT OF WAY,39.169584,-86.538576
9,4,800.0,2-Car,No injury/unknown,FAILURE TO YIELD RIGHT OF WAY,39.169584,-86.538576
10,4,1700.0,2-Car,No injury/unknown,FAILURE TO YIELD RIGHT OF WAY,39.169584,-86.538576
11,1,1500.0,Moped/Motorcycle,Fatal,LEFT OF CENTER,39.1695645,-86.67307377
6,1,1200.0,2-Car,Non-incapacitating,WRONG WAY ON ONE WAY,39.169552,-86.530992
5,7,1900.0,3+ Cars,Non-incapacitating,FAILURE TO YIELD RIGHT OF WAY,39.169552,-86.533552
12,3,2200.0,Pedestrian,Non-incapacitating,IMPROPER TURNING,39.169552,-86.533552
2,7,200.0,2-Car,Non-incapacitating,UNSAFE LANE MOVEMENT,39.169552,-86.534784
10,1,1100.0,2-Car,No injury/unknown,UNSAFE LANE MOVEMENT,39.169552,-86.534784
11,5,2300.0,2-Car,No injury/unknown,FAILURE TO YIELD RIGHT OF WAY,39.169552,-86.534784
12,6,1100.0,2-Car,No injury/unknown,FAILURE TO YIELD RIGHT OF WAY,39.169552,-86.534784
10,2,1100.0,2-Car,No injury/unknown,FAILURE TO YIELD RIGHT OF WAY,39.16951999,-86.53866022
10,5,1000.0,2-Car,Non-incapacitating,DISREGARD SIGNAL/REG SIGN,39.16951018,-86.52696246