Month,Day,Hour,Collision Type,Injury Type,Primary Factor,Latitude,Longitude
5,2,1700.0,2-Car,No injury/unknown,UNSAFE LANE MOVEMENT,39.16950993,-86.53484009
8,5,1000.0,2-Car,No injury/unknown,UNSAFE SPEED,39.16950736,-86.45889222
11,3,1800.0,2-Car,No injury/unknown,FAILURE TO YIELD RIGHT OF WAY,39.16949578,-86.53357019
4,5,200.0,1-Car,Non-incapacitating,DRIVER DISTRACTED - EXPLAIN IN NARRATIVE,39.16948982,-86.52695976
1,2,1400.0,2-Car,No injury/unknown,OTHER (DRIVER) - EXPLAIN IN NARRATIVE,39.16948982,-86.528283
11,4,1100.0,2-Car,No injury/unknown,FAILURE TO YIELD RIGHT OF WAY,39.16947976,-86.52349032
3,7,2000.0,Pedestrian,Non-incapacitating,FAILURE TO YIELD RIGHT OF WAY,39.16947976,-86.53357006
4,5,2100.0,2-Car,No injury/unknown,FAILURE TO YIELD RIGHT OF WAY,39.16947976,-86.53357006
9,5,1700.0,Bus,No injury/unknown,FAILURE TO YIELD RIGHT OF WAY,39.16947817,-86.52349401
3,2,800.0,1-Car,No injury/unknown,ROADWAY SURFACE CONDITION,39.16925049,-86.61382293
2,7,1100.0,1-Car,No injury/unknown,DISREGARD SIGNAL/REG SIGN,39.16912327,-86.54953919
2,1,0.0,2-Car,No injury/unknown,,39.169056,-86.536
4,3,1100.0,3+ Cars,Non-incapacitating,FAILURE TO YIELD RIGHT OF WAY,39.16899987,-86.509328
11,7,0.0,1-Car,No injury/unknown,ANIMAL/OBJECT IN ROADWAY,39.16898809,-86.66456348
3,7,1400.0,Cyclist,No injury/unknown,DISREGARD SIGNAL/REG SIGN,39.168944,-86.516016
9,4,1800.0,Moped/Motorcycle,Non-incapacitating,IMPROPER LANE USAGE,39.168944,-86.516016
10,4,1400.0,Pedestrian,Non-incapacitating,FAILURE TO YIELD RIGHT OF WAY,39.168944,-86.516016
7,6,1000.0,Cyclist,Non-incapacitating,OTHER (DRIVER) - EXPLAIN IN NARRATIVE,39.16890057,-86.53356343
5,4,1600.0,2-Car,No injury/unknown,,39.16887492,-86.49876303
3,2,900.0,2-Car,No injury/unknown,,39.16887492,-86.49906545
10,4,1900.0,Cyclist,No injury/unknown,FAILURE TO YIELD RIGHT OF WAY,39.16885011,-86.51615984
10,3,1900.0,Cyclist,Non-incapacitating,FAILURE TO YIELD RIGHT OF WAY,39.16885011,-86.51615984
3,6,1900.0,2-Car,No injury/unknown,FAILURE TO YIELD RIGHT OF WAY,39.16885011,-86.51616849
2,4,1300.0,2-Car,No injury/unknown,FOLLOWING TOO CLOSELY,39.16876586,-86.534784
9,1,0.0,2-Car,No injury/unknown,,39.16876495,-86.53479784
11,6,1200.0,2-Car,No injury/unknown,DISREGARD SIGNAL/REG SIGN,39.16876025,-86.57641969
12,2,1000.0,2-Car,Non-incapacitating,FOLLOWING TOO CLOSELY,39.16876025,-86.57641969
3,6,1400.0,2-Car,No injury/unknown,OTHER (DRIVER) - EXPLAIN IN NARRATIVE,39.168752,-86.5436
6,1,1800.0,2-Car,No injury/unknown,,39.168752,-86.5436
9,5,2300.0,1-Car,No injury/unknown,RAN OFF ROAD RIGHT,39.168752,-86.5436
9,2,1200.0,2-Car,No injury/unknown,,39.168752,-86.5436
11,6,1200.0,2-Car,No injury/unknown,UNSAFE BACKING,39.168752,-86.5436
4,5,0.0,2-Car,No injury/unknown,UNSAFE LANE MOVEMENT,39.16874825,-86.5432472
11,7,800.0,2-Car,No injury/unknown,OTHER (DRIVER) - EXPLAIN IN NARRATIVE,39.16874743,-86.534784
4,4,900.0,2-Car,No injury/unknown,UNSAFE BACKING,39.16873199,-86.51390544
12,2,300.0,1-Car,No injury/unknown,RAN OFF ROAD RIGHT,39.16873169,-86.68357953
2,1,0.0,2-Car,Non-incapacitating,FAILURE TO YIELD RIGHT OF WAY,39.168704,-86.538576
5,3,600.0,1-Car,Non-incapacitating,RAN OFF ROAD RIGHT,39.168704,-86.538576
5,6,800.0,2-Car,No injury/unknown,UNSAFE BACKING,39.168704,-86.538576
12,7,1600.0,2-Car,No injury/unknown,FOLLOWING TOO CLOSELY,39.168704,-86.538576
10,3,1700.0,2-Car,No injury/unknown,FOLLOWING TOO CLOSELY,39.16868722,-86.56252288
1,4,1300.0,2-Car,No injury/unknown,UNSAFE LANE MOVEMENT,39.16867843,-86.57236845
7,3,1200.0,Bus,No injury/unknown,UNSAFE BACKING,39.168672,-86.536
8,6,800.0,1-Car,Non-incapacitating,DRIVER DISTRACTED - EXPLAIN IN NARRATIVE,39.16865861,-86.53356767
8,7,100.0,2-Car,No injury/unknown,,39.16865861,-86.53356767
4,6,1200.0,2-Car,No injury/unknown,FAILURE TO YIELD RIGHT OF WAY,39.168656,-86.534784
2,1,0.0,2-Car,No injury/unknown,FAILURE TO YIELD RIGHT OF WAY,39.168656,-86.534784
5,5,1500.0,2-Car,No injury/unknown,UNSAFE BACKING,39.168656,-86.534784
9,6,1500.0,3+ Cars,No injury/unknown,FOLLOWING TOO CLOSELY,39.168656,-86.534784
9,7,0.0,Pedestrian,Non-incapacitating,DISREGARD SIGNAL/REG SIGN,39.168656,-86.534784
10,3,800.0,2-Car,No injury/unknown,,39.168656,-86.534784
1,1,200.0,2-Car,No injury/unknown,OTHER (DRIVER) - EXPLAIN IN NARRATIVE,39.16864232,-86.53374439
12,5,1200.0,2-Car,No injury/unknown,FAILURE TO YIELD RIGHT OF WAY,39.16864023,-86.54687985
9,6,800.0,2-Car,No injury/unknown,DRIVER DISTRACTED - EXPLAIN IN NARRATIVE,39.16864023,-86.54688634
11,3,1400.0,Bus,No injury/unknown,UNSAFE LANE MOVEMENT,39.16864,-86.53257642
10,5,1300.0,2-Car,No injury/unknown,VIEW OBSTRUCTED,39.16864,-86.523392
11,3,1300.0,1-Car,No injury/unknown,UNSAFE BACKING,39.16864,-86.523392
6,4,1800.0,1-Car,No injury/unknown,OTHER (ENVIRONMENTAL) - EXPLAIN IN NARR,39.16864,-86.526944
1,7,1700.0,1-Car,No injury/unknown,STEERING FAILURE,39.16864,-86.52697928
1,5,100.0,2-Car,No injury/unknown,IMPROPER LANE USAGE,39.16864,-86.529696
3,2,1500.0,1-Car,No injury/unknown,IMPROPER TURNING,39.16864,-86.529696
4,4,1900.0,2-Car,No injury/unknown,,39.16864,-86.530992
9,1,0.0,2-Car,No injury/unknown,,39.16864,-86.5324
11,4,1100.0,2-Car,No injury/unknown,FAILURE TO YIELD RIGHT OF WAY,39.16864,-86.5324
1,6,1000.0,2-Car,No injury/unknown,FAILURE TO YIELD RIGHT OF WAY,39.16864,-86.533568
4,2,1900.0,2-Car,No injury/unknown,UNSAFE LANE MOVEMENT,39.16864,-86.533568
3,5,2300.0,2-Car,No injury/unknown,IMPROPER TURNING,39.16864,-86.533568
9,7,200.0,2-Car,No injury/unknown,UNSAFE LANE MOVEMENT,39.16864,-86.533568
10,7,200.0,2-Car,No injury/unknown,UNSAFE BACKING,39.16864,-86.533568
12,6,200.0,2-Car,No injury/unknown,FAILURE TO YIELD RIGHT OF WAY,39.16864,-86.533568
1,2,1100.0,2-Car,No injury/unknown,FAILURE TO YIELD RIGHT OF WAY,39.16858993,-86.53867028
4,3,1500.0,2-Car,Non-incapacitating,DRIVER DISTRACTED - EXPLAIN IN NARRATIVE,39.16858993,-86.53867028
11,4,1100.0,2-Car,Non-incapacitating,FAILURE TO YIELD RIGHT OF WAY,39.16858993,-86.53867028
9,6,700.0,Cyclist,No injury/unknown,FAILURE TO YIELD RIGHT OF WAY,39.16857988,-86.53740458
7,4,1100.0,2-Car,Non-incapacitating,IMPROPER TURNING,39.16855976,-86.5348602
9,1,1200.0,Bus,No injury/unknown,LEFT OF CENTER,39.16855976,-86.5348602
1,6,1800.0,2-Car,No injury/unknown,DRIVER DISTRACTED - EXPLAIN IN NARRATIVE,39.1685497,-86.53359018
1,3,1400.0,2-Car,No injury/unknown,FAILURE TO YIELD RIGHT OF WAY,39.1685497,-86.53359018
3,6,1400.0,2-Car,No injury/unknown,OTHER (DRIVER) - EXPLAIN IN NARRATIVE,39.1685497,-86.53359018
4,6,0.0,Pedestrian,Non-incapacitating,FAILURE TO YIELD RIGHT OF WAY,39.1685497,-86.53359018
7,6,1400.0,2-Car,No injury/unknown,DRIVER DISTRACTED - EXPLAIN IN NARRATIVE,39.1685497,-86.53359018
4,2,1300.0,2-Car,Non-incapacitating,FAILURE TO YIELD RIGHT OF WAY,39.1685497,-86.53361614
4,5,1800.0,2-Car,Non-incapacitating,FOLLOWING TOO CLOSELY,39.16854031,-86.53106018
10,2,1700.0,2-Car,No injury/unknown,UNSAFE BACKING,39.16854031,-86.53233021
4,3,2300.0,Pedestrian,Non-incapacitating,LEFT OF CENTER,39.16853026,-86.51242017
4,2,900.0,2-Car,No injury/unknown,UNSAFE BACKING,39.16852154,-86.57362014
11,7,1000.0,2-Car,No injury/unknown,UNSAFE LANE MOVEMENT,39.16851014,-86.5282499
12,4,1900.0,Pedestrian,Non-incapacitating,FAILURE TO YIELD RIGHT OF WAY,39.16851014,-86.5282499
12,5,1700.0,2-Car,No injury/unknown,,39.16850746,-86.57636202
7,6,1800.0,2-Car,No injury/unknown,OTHER (VEHICLE) - EXPLAIN IN NARRATIVE,39.16850053,-86.57611995
10,2,1000.0,2-Car,No injury/unknown,OTHER (ENVIRONMENTAL) - EXPLAIN IN NARR,39.16850008,-86.52578026
1,3,1400.0,2-Car,Non-incapacitating,FAILURE TO YIELD RIGHT OF WAY,39.16850008,-86.5269497
11,3,1700.0,2-Car,No injury/unknown,UNSAFE SPEED,39.16850008,-86.5269497
12,6,2000.0,Cyclist,No injury/unknown,FAILURE TO YIELD RIGHT OF WAY,39.16849932,-86.52462619
1,7,1000.0,Bus,No injury/unknown,UNSAFE BACKING,39.16848867,-86.52347771
5,2,1100.0,1-Car,No injury/unknown,OTHER (VEHICLE) - EXPLAIN IN NARRATIVE,39.16846991,-86.52236701
6,7,2200.0,2-Car,No injury/unknown,UNSAFE BACKING,39.16846991,-86.52239297
6,5,1700.0,Pedestrian,Non-incapacitating,BRAKE FAILURE OR DEFECTIVE,39.168434,-86.498863
4,4,1700.0,2-Car,No injury/unknown,FOLLOWING TOO CLOSELY,39.16838627,-86.52105767
8,2,1600.0,2-Car,No injury/unknown,UNSAFE BACKING,39.16837311,-86.54669952
1,6,1300.0,2-Car,No injury/unknown,FAILURE TO YIELD RIGHT OF WAY,39.16835994,-86.5829797
7,5,1900.0,2-Car,No injury/unknown,FOLLOWING TOO CLOSELY,39.16835994,-86.5829797
7,2,1500.0,2-Car,No injury/unknown,FAILURE TO YIELD RIGHT OF WAY,39.16835994,-86.5829797
9,5,1300.0,2-Car,No injury/unknown,UNSAFE LANE MOVEMENT,39.16835994,-86.5829797
10,1,1300.0,Moped/Motorcycle,No injury/unknown,FOLLOWING TOO CLOSELY,39.16835994,-86.5829797
11,5,1700.0,Moped/Motorcycle,Non-incapacitating,FAILURE TO YIELD RIGHT OF WAY,39.16835994,-86.5829797
12,6,1700.0,3+ Cars,Non-incapacitating,FAILURE TO YIELD RIGHT OF WAY,39.16835994,-86.5829797
5,4,1500.0,1-Car,Non-incapacitating,DRIVER ILLNESS,39.16835994,-86.58298403
7,4,1000.0,Bus,No injury/unknown,IMPROPER PASSING,39.16833684,-86.51638984
12,4,1700.0,2-Car,No injury/unknown,,39.16833115,-86.51569366
11,5,1500.0,2-Car,No injury/unknown,FAILURE TO YIELD RIGHT OF WAY,39.16830909,-86.58298388
10,6,900.0,1-Car,Non-incapacitating,ANIMAL/OBJECT IN ROADWAY,39.16830826,-86.44885152
1,2,800.0,2-Car,No injury/unknown,UNSAFE BACKING,39.16830624,-86.47511712
7,5,1500.0,3+ Cars,Non-incapacitating,FOLLOWING TOO CLOSELY,39.16828969,-86.5544281
2,4,1500.0,2-Car,No injury/unknown,FAILURE TO YIELD RIGHT OF WAY,39.16825839,-86.5093136
9,4,1900.0,2-Car,No injury/unknown,,39.16825801,-86.5763399
10,2,900.0,2-Car,No injury/unknown,IMPROPER TURNING,39.16825648,-86.54174
3,4,800.0,3+ Cars,No injury/unknown,SPEED TOO FAST FOR WEATHER CONDITIONS,39.16822509,-86.51123526
5,3,1700.0,2-Car,No injury/unknown,UNSAFE BACKING,39.168224,-86.504832
3,5,1600.0,1-Car,No injury/unknown,UNSAFE BACKING,39.16819967,-86.49439707
1,5,1800.0,1-Car,No injury/unknown,ROADWAY SURFACE CONDITION,39.168176,-86.509312
1,5,1900.0,2-Car,No injury/unknown,SPEED TOO FAST FOR WEATHER CONDITIONS,39.168176,-86.509312
3,1,800.0,2-Car,No injury/unknown,UNSAFE BACKING,39.16810057,-86.534784
3,2,1600.0,2-Car,No injury/unknown,DRIVER DISTRACTED - EXPLAIN IN NARRATIVE,39.16809976,-86.50945968
7,3,900.0,2-Car,No injury/unknown,FAILURE TO YIELD RIGHT OF WAY,39.16809976,-86.50945968
2,6,1900.0,2-Car,No injury/unknown,UNSAFE BACKING,39.16803807,-86.57621853
9,6,400.0,2-Car,No injury/unknown,FOLLOWING TOO CLOSELY,39.16797638,-86.58177185
10,3,1500.0,1-Car,No injury/unknown,RAN OFF ROAD RIGHT,39.16791735,-86.49504
12,1,2200.0,2-Car,No injury/unknown,FOLLOWING TOO CLOSELY,39.16790047,-86.5168599
2,6,1700.0,2-Car,No injury/unknown,OTHER (DRIVER) - EXPLAIN IN NARRATIVE,39.16789246,-86.57160186
4,5,700.0,1-Car,No injury/unknown,OTHER (DRIVER) - EXPLAIN IN NARRATIVE,39.16787298,-86.537296
6,3,1300.0,Cyclist,Non-incapacitating,OTHER (DRIVER) - EXPLAIN IN NARRATIVE,39.16786999,-86.536
3,7,1600.0,2-Car,No injury/unknown,,39.16781209,-86.57606229
10,5,1500.0,2-Car,No injury/unknown,UNSAFE BACKING,39.16781209,-86.57606229
3,4,700.0,2-Car,No injury/unknown,ROADWAY SURFACE CONDITION,39.16778946,-86.5989685
7,7,1200.0,2-Car,No injury/unknown,,39.16778743,-86.536
4,1,1700.0,2-Car,No injury/unknown,FOLLOWING TOO CLOSELY,39.167728,-86.5496
11,7,1500.0,2-Car,No injury/unknown,FAILURE TO YIELD RIGHT OF WAY,39.167728,-86.5496
7,3,800.0,2-Car,No injury/unknown,UNSAFE BACKING,39.167712,-86.5452
1,3,1600.0,2-Car,No injury/unknown,FOLLOWING TOO CLOSELY,39.16768,-86.538592
6,3,1400.0,2-Car,No injury/unknown,FAILURE TO YIELD RIGHT OF WAY,39.16768,-86.538592
11,1,2000.0,2-Car,No injury/unknown,,39.16768,-86.538592
9,5,1200.0,2-Car,No injury/unknown,FAILURE TO YIELD RIGHT OF WAY,39.167664,-86.53701374
3,2,0.0,2-Car,No injury/unknown,UNSAFE BACKING,39.167664,-86.536
9,2,1000.0,Pedestrian,Non-incapacitating,UNSAFE BACKING,39.167664,-86.536
9,4,1100.0,Pedestrian,Incapacitating,FAILURE TO YIELD RIGHT OF WAY,39.167664,-86.536
11,2,1500.0,2-Car,No injury/unknown,UNSAFE BACKING,39.167664,-86.536
6,5,1200.0,2-Car,No injury/unknown,FAILURE TO YIELD RIGHT OF WAY,39.167664,-86.537296
9,1,1800.0,2-Car,No injury/unknown,UNSAFE BACKING,39.167664,-86.537296
1,4,1400.0,2-Car,No injury/unknown,UNSAFE BACKING,39.16765038,-86.53340761
10,6,1600.0,2-Car,No injury/unknown,FAILURE TO YIELD RIGHT OF WAY,39.16764982,-86.54965996
6,6,1200.0,2-Car,No injury/unknown,FOLLOWING TOO CLOSELY,39.167648,-86.53376041
3,1,1700.0,2-Car,No injury/unknown,UNSAFE LANE MOVEMENT,39.167648,-86.533584
6,4,2100.0,2-Car,No injury/unknown,UNSAFE LANE MOVEMENT,39.167648,-86.533584
4,7,1200.0,2-Car,No injury/unknown,UNSAFE LANE MOVEMENT,39.167648,-86.533584
5,6,1100.0,2-Car,Non-incapacitating,IMPROPER TURNING,39.167648,-86.533584
3,3,1100.0,2-Car,No injury/unknown,UNSAFE BACKING,39.167648,-86.534784
11,3,1300.0,2-Car,No injury/unknown,DISREGARD SIGNAL/REG SIGN,39.167648,-86.534784
11,7,1300.0,Bus,No injury/unknown,IMPROPER TURNING,39.167648,-86.534784
4,3,1300.0,2-Car,No injury/unknown,FAILURE TO YIELD RIGHT OF WAY,39.16763976,-86.54527992
7,2,1900.0,2-Car,No injury/unknown,FOLLOWING TOO CLOSELY,39.16759014,-86.53867967
7,3,1300.0,2-Car,Non-incapacitating,FAILURE TO YIELD RIGHT OF WAY,39.16759014,-86.53867967
10,6,1800.0,2-Car,Non-incapacitating,FAILURE TO YIELD RIGHT OF WAY,39.16759014,-86.53867967
12,4,1200.0,2-Car,No injury/unknown,DRIVER DISTRACTED - EXPLAIN IN NARRATIVE,39.16758008,-86.53611011
7,2,1600.0,2-Car,No injury/unknown,DISREGARD SIGNAL/REG SIGN,39.16757002,-86.5348602
9,4,2100.0,2-Car,No injury/unknown,UNSAFE BACKING,39.16756058,-86.51656341
10,3,2200.0,1-Car,No injury/unknown,IMPROPER LANE USAGE,39.16756058,-86.51656341
5,1,1500.0,Moped/Motorcycle,Non-incapacitating,OTHER (VEHICLE) - EXPLAIN IN NARRATIVE,39.16754991,-86.53360024
8,7,1800.0,2-Car,No injury/unknown,UNSAFE LANE MOVEMENT,39.16754991,-86.53360024
3,6,1100.0,2-Car,No injury/unknown,IMPROPER TURNING,39.16753985,-86.52979016
6,6,1300.0,2-Car,No injury/unknown,,39.16752979,-86.52825996
7,1,1700.0,2-Car,No injury/unknown,UNSAFE BACKING,39.16751336,-86.5269452
8,3,1300.0,Cyclist,Non-incapacitating,FOLLOWING TOO CLOSELY,39.16745336,-86.52820396
4,6,1900.0,2-Car,No injury/unknown,UNSAFE BACKING,39.16742706,-86.49233245
9,7,1200.0,2-Car,No injury/unknown,OTHER (DRIVER) - EXPLAIN IN NARRATIVE,39.16742706,-86.49314117
9,1,1500.0,1-Car,No injury/unknown,RAN OFF ROAD RIGHT,39.16734003,-86.48723886
9,2,2100.0,1-Car,No injury/unknown,ANIMAL/OBJECT IN ROADWAY,39.1673317,-86.41666713
7,3,100.0,2-Car,No injury/unknown,,39.16729736,-86.57054138
12,6,1200.0,2-Car,No injury/unknown,UNSAFE BACKING,39.16729736,-86.57054138
1,2,1000.0,2-Car,No injury/unknown,UNSAFE BACKING,39.16724212,-86.52359627
9,5,1200.0,2-Car,No injury/unknown,UNSAFE BACKING,39.16719437,-86.57176971
8,4,1000.0,Cyclist,Non-incapacitating,FAILURE TO YIELD RIGHT OF WAY,39.16716892,-86.51593924
4,1,1400.0,1-Car,No injury/unknown,OTHER (DRIVER) - EXPLAIN IN NARRATIVE,39.16711003,-86.51624299
6,5,1300.0,2-Car,No injury/unknown,OTHER (VEHICLE) - EXPLAIN IN NARRATIVE,39.16710265,-86.59823788
10,5,1800.0,1-Car,No injury/unknown,,39.16708441,-86.564992
2,3,300.0,2-Car,No injury/unknown,OTHER (DRIVER) - EXPLAIN IN NARRATIVE,39.16697693,-86.55130767
7,2,800.0,Moped/Motorcycle,Non-incapacitating,OTHER (DRIVER) - EXPLAIN IN NARRATIVE,39.1669693,-86.55064392
9,3,1500.0,2-Car,No injury/unknown,DRIVER DISTRACTED - EXPLAIN IN NARRATIVE,39.166944,-86.495056
11,2,0.0,2-Car,No injury/unknown,,39.16693722,-86.5482951
3,6,1000.0,2-Car,No injury/unknown,DISREGARD SIGNAL/REG SIGN,39.1669102,-86.4949201
11,7,1700.0,2-Car,Non-incapacitating,FAILURE TO YIELD RIGHT OF WAY,39.1669102,-86.4949201
10,4,1200.0,1-Car,No injury/unknown,OTHER (DRIVER) - EXPLAIN IN NARRATIVE,39.16686662,-86.52211166
3,7,1500.0,1-Car,No injury/unknown,DRIVER DISTRACTED - EXPLAIN IN NARRATIVE,39.16684985,-86.52156986
2,3,400.0,1-Car,No injury/unknown,RAN OFF ROAD RIGHT,39.16684985,-86.55232589
8,1,1700.0,1-Car,No injury/unknown,OTHER (DRIVER) - EXPLAIN IN NARRATIVE,39.166848,-86.495088
5,4,2100.0,2-Car,No injury/unknown,UNSAFE BACKING,39.166848,-86.505888
3,2,1800.0,2-Car,No injury/unknown,FAILURE TO YIELD RIGHT OF WAY,39.166848,-86.506992
9,6,1800.0,2-Car,No injury/unknown,UNSAFE BACKING,39.16684133,-86.5408
3,5,2000.0,2-Car,No injury/unknown,IMPROPER TURNING,39.16681671,-86.52758789
6,1,1100.0,2-Car,No injury/unknown,FOLLOWING TOO CLOSELY,39.166816,-86.549488
12,7,700.0,2-Car,No injury/unknown,UNSAFE BACKING,39.16680895,-86.51620209
12,3,900.0,2-Car,No injury/unknown,IMPROPER TURNING,39.16680478,-86.52819442
10,6,1500.0,2-Car,No injury/unknown,OTHER (ENVIRONMENTAL) - EXPLAIN IN NARR,39.1668,-86.548288
5,7,800.0,2-Car,No injury/unknown,FAILURE TO YIELD RIGHT OF WAY,39.1667878,-86.54715279
1,3,1700.0,2-Car,No injury/unknown,UNSAFE BACKING,39.16678078,-86.52203053
1,5,1900.0,1-Car,No injury/unknown,SPEED TOO FAST FOR WEATHER CONDITIONS,39.16678078,-86.52203053
2,4,800.0,2-Car,No injury/unknown,OTHER (DRIVER) - EXPLAIN IN NARRATIVE,39.16678078,-86.52203053
2,6,1700.0,2-Car,No injury/unknown,UNSAFE BACKING,39.16678078,-86.52203053
9,3,1800.0,2-Car,No injury/unknown,IMPROPER LANE USAGE,39.16678078,-86.52203053
10,4,2000.0,1-Car,No injury/unknown,UNSAFE BACKING,39.16678078,-86.52203053
4,2,1500.0,2-Car,No injury/unknown,IMPROPER LANE USAGE,39.16677732,-86.53479782
9,2,1100.0,2-Car,No injury/unknown,UNSAFE BACKING,39.16677486,-86.53860637
4,5,800.0,2-Car,Non-incapacitating,FAILURE TO YIELD RIGHT OF WAY,39.166768,-86.5452
9,1,100.0,Bus,No injury/unknown,FAILURE TO YIELD RIGHT OF WAY,39.166768,-86.5452
11,6,0.0,2-Car,No injury/unknown,UNSAFE BACKING,39.16674793,-86.52246639
1,7,1600.0,2-Car,No injury/unknown,UNSAFE BACKING,39.16673613,-86.529696
6,4,1100.0,2-Car,No injury/unknown,OVERCORRECTING/OVERSTEERING,39.16673116,-86.59909039
8,4,1900.0,2-Car,No injury/unknown,UNSAFE BACKING,39.16673116,-86.59909039
10,4,1200.0,2-Car,No injury/unknown,UNSAFE BACKING,39.16673116,-86.59909039
2,2,1600.0,3+ Cars,No injury/unknown,FOLLOWING TOO CLOSELY,39.16672,-86.542096
3,4,200.0,2-Car,No injury/unknown,UNSAFE LANE MOVEMENT,39.16671674,-86.54183142
1,4,1000.0,2-Car,No injury/unknown,UNSAFE BACKING,39.166704,-86.5408
8,5,1400.0,2-Car,No injury/unknown,UNSAFE BACKING,39.166704,-86.5408
4,2,1600.0,2-Car,No injury/unknown,FOLLOWING TOO CLOSELY,39.16670032,-86.54963985
2,4,1500.0,2-Car,No injury/unknown,OTHER (DRIVER) - EXPLAIN IN NARRATIVE,39.1666849,-86.54194727
8,2,900.0,2-Car,No injury/unknown,FAILURE TO YIELD RIGHT OF WAY,39.16667482,-86.53881966
11,2,1100.0,2-Car,No injury/unknown,FAILURE TO YIELD RIGHT OF WAY,39.16667435,-86.53878439
8,7,900.0,Moped/Motorcycle,Non-incapacitating,OTHER (DRIVER) - EXPLAIN IN NARRATIVE,39.16667233,-86.53863249
3,7,1600.0,Moped/Motorcycle,Incapacitating,OTHER (DRIVER) - EXPLAIN IN NARRATIVE,39.166672,-86.538608
12,2,2300.0,2-Car,Non-incapacitating,DISREGARD SIGNAL/REG SIGN,39.166672,-86.538608
3,6,1300.0,2-Car,No injury/unknown,FAILURE TO YIELD RIGHT OF WAY,39.166656,-86.537296
3,2,0.0,2-Car,No injury/unknown,,39.1666513,-86.53694323
2,4,1400.0,2-Car,No injury/unknown,IMPROPER PASSING,39.16664802,-86.58291265
5,4,1700.0,3+ Cars,No injury/unknown,FOLLOWING TOO CLOSELY,39.16664424,-86.54092183
9,7,1200.0,2-Car,No injury/unknown,UNSAFE BACKING,39.16664,-86.52872574
9,6,400.0,Pedestrian,Non-incapacitating,FAILURE TO YIELD RIGHT OF WAY,39.16664,-86.52707241
8,4,1300.0,2-Car,No injury/unknown,UNSAFE BACKING,39.16664,-86.52946667
6,2,1100.0,2-Car,No injury/unknown,IMPROPER TURNING,39.16664,-86.53324718
5,6,700.0,3+ Cars,No injury/unknown,FAILURE TO YIELD RIGHT OF WAY,39.16664,-86.53342359
9,4,1800.0,2-Car,No injury/unknown,UNSAFE BACKING,39.16664,-86.53453538
1,7,1700.0,3+ Cars,Non-incapacitating,FOLLOWING TOO CLOSELY,39.16664,-86.454992
10,5,200.0,1-Car,No injury/unknown,ANIMAL/OBJECT IN ROADWAY,39.16664,-86.462496
10,7,1100.0,2-Car,No injury/unknown,SPEED TOO FAST FOR WEATHER CONDITIONS,39.16664,-86.462496
9,7,2300.0,2-Car,No injury/unknown,FAILURE TO YIELD RIGHT OF WAY,39.16664,-86.528192
10,1,1100.0,2-Car,No injury/unknown,UNSAFE LANE MOVEMENT,39.16664,-86.528192
11,7,1400.0,Pedestrian,Non-incapacitating,OTHER (DRIVER) - EXPLAIN IN NARRATIVE,39.16664,-86.528192
11,7,300.0,1-Car,No injury/unknown,RAN OFF ROAD RIGHT,39.16664,-86.528192
6,7,200.0,1-Car,No injury/unknown,OTHER (DRIVER) - EXPLAIN IN NARRATIVE,39.16664,-86.52923559
12,3,200.0,2-Car,No injury/unknown,IMPROPER TURNING,39.16664,-86.52923559
3,5,1300.0,2-Car,No injury/unknown,UNSAFE BACKING,39.16664,-86.529696
11,7,900.0,Cyclist,Non-incapacitating,FAILURE TO YIELD RIGHT OF WAY,39.16664,-86.530992
6,2,700.0,1-Car,No injury/unknown,RAN OFF ROAD RIGHT,39.16664,-86.5324
8,6,1600.0,2-Car,No injury/unknown,UNSAFE BACKING,39.16664,-86.5324
3,5,1200.0,2-Car,No injury/unknown,FOLLOWING TOO CLOSELY,39.16664,-86.5336
6,3,1800.0,Cyclist,Incapacitating,DISREGARD SIGNAL/REG SIGN,39.16664,-86.5336
4,2,1600.0,3+ Cars,Non-incapacitating,FAILURE TO YIELD RIGHT OF WAY,39.16664,-86.5336
4,1,200.0,3+ Cars,No injury/unknown,WRONG WAY ON ONE WAY,39.16664,-86.5336
6,4,1000.0,Pedestrian,Incapacitating,FAILURE TO YIELD RIGHT OF WAY,39.16664,-86.5336
7,3,800.0,2-Car,Non-incapacitating,UNSAFE LANE MOVEMENT,39.16664,-86.5336
9,3,1800.0,2-Car,No injury/unknown,DISREGARD SIGNAL/REG SIGN,39.16664,-86.5336
12,6,1400.0,2-Car,No injury/unknown,UNSAFE BACKING,39.16664,-86.5336
1,3,1100.0,2-Car,No injury/unknown,FAILURE TO YIELD RIGHT OF WAY,39.16664,-86.5348
1,7,900.0,2-Car,No injury/unknown,DISREGARD SIGNAL/REG SIGN,39.16664,-86.5348
3,6,0.0,3+ Cars,No injury/unknown,IMPROPER LANE USAGE,39.16664,-86.5348
5,7,900.0,2-Car,No injury/unknown,DISREGARD SIGNAL/REG SIGN,39.16664,-86.5348
7,4,900.0,2-Car,Non-incapacitating,DISREGARD SIGNAL/REG SIGN,39.16664,-86.5348