Month,Day,Hour,Collision Type,Injury Type,Primary Factor,Latitude,Longitude
8,7,1200.0,2-Car,No injury/unknown,FAILURE TO YIELD RIGHT OF WAY,39.16664,-86.5348
11,3,1200.0,2-Car,No injury/unknown,UNSAFE LANE MOVEMENT,39.16664,-86.5348
12,7,700.0,2-Car,No injury/unknown,DISREGARD SIGNAL/REG SIGN,39.16664,-86.5348
10,6,1500.0,2-Car,No injury/unknown,UNSAFE BACKING,39.16663997,-86.54091566
1,1,1700.0,3+ Cars,No injury/unknown,FOLLOWING TOO CLOSELY,39.16663997,-86.54220007
8,4,1400.0,2-Car,No injury/unknown,OTHER (VEHICLE) - EXPLAIN IN NARRATIVE,39.16663997,-86.54220007
2,3,1700.0,3+ Cars,No injury/unknown,DRIVER DISTRACTED - EXPLAIN IN NARRATIVE,39.16662991,-86.53985335
6,3,1700.0,2-Car,No injury/unknown,FOLLOWING TOO CLOSELY,39.16662991,-86.53985984
1,5,400.0,2-Car,No injury/unknown,OTHER (VEHICLE) - EXPLAIN IN NARRATIVE,39.1666165,-86.51632212
2,5,1700.0,2-Car,No injury/unknown,UNSAFE BACKING,39.1666165,-86.51632212
4,3,1600.0,2-Car,No injury/unknown,FAILURE TO YIELD RIGHT OF WAY,39.16660979,-86.53868324
3,6,1700.0,2-Car,No injury/unknown,FAILURE TO YIELD RIGHT OF WAY,39.16660979,-86.53868973
9,2,1400.0,2-Car,No injury/unknown,FAILURE TO YIELD RIGHT OF WAY,39.16660979,-86.53868973
5,6,1200.0,2-Car,No injury/unknown,FAILURE TO YIELD RIGHT OF WAY,39.16660376,-86.53088383
5,1,2300.0,2-Car,No injury/unknown,OTHER (DRIVER) - EXPLAIN IN NARRATIVE,39.16659974,-86.53488032
9,6,1400.0,2-Car,No injury/unknown,IMPROPER TURNING,39.16659974,-86.53488032
10,5,1800.0,2-Car,No injury/unknown,UNSAFE BACKING,39.16659974,-86.53488032
6,4,1400.0,Pedestrian,Non-incapacitating,PEDESTRIAN ACTION,39.16659496,-86.53870046
5,5,1500.0,2-Car,No injury/unknown,OTHER (VEHICLE) - EXPLAIN IN NARRATIVE,39.16659254,-86.45501392
12,6,700.0,1-Car,No injury/unknown,RAN OFF ROAD RIGHT,39.16659092,-86.45510893
4,1,1800.0,2-Car,No injury/unknown,OTHER (DRIVER) - EXPLAIN IN NARRATIVE,39.16658968,-86.53604976
12,3,1100.0,Cyclist,Non-incapacitating,IMPROPER PASSING,39.16658968,-86.53604976
1,2,1400.0,1-Car,No injury/unknown,RAN OFF ROAD RIGHT,39.16658029,-86.53361029
9,5,1800.0,Pedestrian,No injury/unknown,FAILURE TO YIELD RIGHT OF WAY,39.16658029,-86.53361029
10,4,1400.0,1-Car,No injury/unknown,OTHER (DRIVER) - EXPLAIN IN NARRATIVE,39.16658029,-86.53361029
10,5,900.0,2-Car,No injury/unknown,DISREGARD SIGNAL/REG SIGN,39.16658029,-86.53361029
8,4,800.0,2-Car,No injury/unknown,DRIVER DISTRACTED - EXPLAIN IN NARRATIVE,39.16657237,-86.51253014
1,6,500.0,1-Car,No injury/unknown,OTHER (DRIVER) - EXPLAIN IN NARRATIVE,39.16656822,-86.53888486
7,6,1000.0,1-Car,No injury/unknown,BRAKE FAILURE OR DEFECTIVE,39.16656822,-86.53888486
7,5,2000.0,Moped/Motorcycle,No injury/unknown,FAILURE TO YIELD RIGHT OF WAY,39.16655011,-86.52981027
8,5,1500.0,Cyclist,Non-incapacitating,FAILURE TO YIELD RIGHT OF WAY,39.16655011,-86.52981027
8,1,300.0,Moped/Motorcycle,No injury/unknown,UNSAFE BACKING,39.16654006,-86.52824298
4,3,1700.0,2-Car,No injury/unknown,UNSAFE LANE MOVEMENT,39.16654006,-86.5282499
8,6,1800.0,Bus,No injury/unknown,IMPROPER TURNING,39.16654006,-86.5282499
5,5,1500.0,2-Car,No injury/unknown,UNSAFE BACKING,39.16650385,-86.52963392
4,6,1200.0,2-Car,No injury/unknown,FOLLOWING TOO CLOSELY,39.16650277,-86.52818536
2,6,1600.0,2-Car,No injury/unknown,FAILURE TO YIELD RIGHT OF WAY,39.16650267,-86.5348
1,3,1400.0,2-Car,No injury/unknown,FAILURE TO YIELD RIGHT OF WAY,39.16650251,-86.52938783
12,7,1000.0,1-Car,No injury/unknown,OTHER (DRIVER) - EXPLAIN IN NARRATIVE,39.166496,-86.571216
10,3,1500.0,2-Car,Non-incapacitating,FAILURE TO YIELD RIGHT OF WAY,39.16648977,-86.58297032
3,4,1600.0,2-Car,No injury/unknown,SPEED TOO FAST FOR WEATHER CONDITIONS,39.166432,-86.4812
3,6,500.0,2-Car,No injury/unknown,FOLLOWING TOO CLOSELY,39.166432,-86.4812
8,6,1100.0,2-Car,No injury/unknown,FAILURE TO YIELD RIGHT OF WAY,39.166432,-86.4812
9,6,1500.0,2-Car,Non-incapacitating,SPEED TOO FAST FOR WEATHER CONDITIONS,39.166432,-86.4812
10,4,400.0,2-Car,No injury/unknown,OVERCORRECTING/OVERSTEERING,39.16638985,-86.48047479
11,5,1900.0,2-Car,No injury/unknown,FAILURE TO YIELD RIGHT OF WAY,39.16633588,-86.57121338
7,5,1400.0,Moped/Motorcycle,Incapacitating,ACCELERATOR FAILURE OR DEFECTIVE,39.16630554,-86.53767395
10,5,1500.0,3+ Cars,No injury/unknown,FAILURE TO YIELD RIGHT OF WAY,39.16626159,-86.5094503
7,5,0.0,2-Car,No injury/unknown,UNSAFE BACKING,39.16624832,-86.52851104
8,6,1400.0,2-Car,No injury/unknown,,39.16624832,-86.52851104
1,1,2200.0,2-Car,No injury/unknown,UNSAFE BACKING,39.1662177,-86.51097988
6,6,2300.0,2-Car,No injury/unknown,UNSAFE BACKING,39.1662177,-86.51097988
11,4,2100.0,2-Car,No injury/unknown,IMPROPER TURNING,39.1662177,-86.51097988
9,3,2000.0,2-Car,No injury/unknown,FAILURE TO YIELD RIGHT OF WAY,39.16619049,-86.46728758
5,3,400.0,2-Car,Non-incapacitating,UNSAFE SPEED,39.16612236,-86.57302593
8,2,1600.0,2-Car,No injury/unknown,FOLLOWING TOO CLOSELY,39.16611058,-86.53859778
12,7,1200.0,2-Car,No injury/unknown,UNSAFE BACKING,39.16609012,-86.57594829
6,2,800.0,2-Car,Non-incapacitating,OTHER TELEMATICS IN USE,39.1660428,-86.56252288
1,6,1200.0,2-Car,No injury/unknown,FAILURE TO YIELD RIGHT OF WAY,39.16603939,-86.49788998
1,6,900.0,3+ Cars,No injury/unknown,ROADWAY SURFACE CONDITION,39.16592266,-86.5336
1,2,1200.0,2-Car,Non-incapacitating,FOLLOWING TOO CLOSELY,39.16584824,-86.57304798
5,4,1000.0,2-Car,Non-incapacitating,FAILURE TO YIELD RIGHT OF WAY,39.165696,-86.53894482
1,1,100.0,2-Car,No injury/unknown,FAILURE TO YIELD RIGHT OF WAY,39.165696,-86.538592
4,7,0.0,2-Car,No injury/unknown,OTHER (DRIVER) - EXPLAIN IN NARRATIVE,39.165696,-86.538592
2,4,1200.0,2-Car,No injury/unknown,FOLLOWING TOO CLOSELY,39.165696,-86.538592
3,6,1200.0,2-Car,No injury/unknown,FOLLOWING TOO CLOSELY,39.165696,-86.538592
6,2,1700.0,2-Car,No injury/unknown,DISREGARD SIGNAL/REG SIGN,39.165664,-86.5348
10,3,2300.0,2-Car,No injury/unknown,DISREGARD SIGNAL/REG SIGN,39.165664,-86.5348
11,3,1600.0,2-Car,No injury/unknown,UNSAFE BACKING,39.16564865,-86.53364898
3,1,2000.0,2-Car,No injury/unknown,,39.165648,-86.52755364
9,3,1500.0,2-Car,No injury/unknown,OTHER (DRIVER) - EXPLAIN IN NARRATIVE,39.165648,-86.526848
9,6,2200.0,Pedestrian,Non-incapacitating,PEDESTRIAN ACTION,39.165648,-86.526848
2,7,1500.0,2-Car,No injury/unknown,UNSAFE BACKING,39.165648,-86.52774727
2,4,1200.0,2-Car,No injury/unknown,FOLLOWING TOO CLOSELY,39.165648,-86.531008
2,7,2100.0,2-Car,No injury/unknown,SPEED TOO FAST FOR WEATHER CONDITIONS,39.165648,-86.5336
3,4,300.0,1-Car,No injury/unknown,SPEED TOO FAST FOR WEATHER CONDITIONS,39.165648,-86.5336
3,6,1900.0,2-Car,No injury/unknown,UNSAFE BACKING,39.165648,-86.5336
5,4,1900.0,1-Car,Non-incapacitating,RAN OFF ROAD RIGHT,39.165648,-86.5336
6,5,2200.0,1-Car,No injury/unknown,UNSAFE BACKING,39.165648,-86.5336
6,3,1300.0,2-Car,No injury/unknown,FAILURE TO YIELD RIGHT OF WAY,39.165648,-86.5336
7,1,1200.0,2-Car,No injury/unknown,,39.165648,-86.5336
7,2,800.0,2-Car,No injury/unknown,FAILURE TO YIELD RIGHT OF WAY,39.165648,-86.5336
10,1,1000.0,2-Car,No injury/unknown,DISREGARD SIGNAL/REG SIGN,39.165648,-86.5336
11,7,0.0,2-Car,No injury/unknown,OTHER (DRIVER) - EXPLAIN IN NARRATIVE,39.165648,-86.5336
11,5,1900.0,2-Car,No injury/unknown,,39.165648,-86.5336
11,7,300.0,2-Car,No injury/unknown,UNSAFE BACKING,39.16562006,-86.50497972
2,5,1900.0,3+ Cars,No injury/unknown,CELL PHONE USAGE,39.16561,-86.53742543
6,4,1300.0,Bus,No injury/unknown,UNSAFE LANE MOVEMENT,39.16561,-86.53742976
12,3,1800.0,3+ Cars,Non-incapacitating,FOLLOWING TOO CLOSELY,39.16559982,-86.42546331
10,5,1200.0,2-Car,Non-incapacitating,FOLLOWING TOO CLOSELY,39.16558988,-86.53488971
1,2,900.0,1-Car,No injury/unknown,ANIMAL/OBJECT IN ROADWAY,39.16558806,-86.51739969
3,6,1500.0,2-Car,Non-incapacitating,FOLLOWING TOO CLOSELY,39.16557983,-86.53108969
9,5,800.0,2-Car,Non-incapacitating,DISREGARD SIGNAL/REG SIGN,39.16557983,-86.53108969
3,2,1400.0,2-Car,No injury/unknown,DISREGARD SIGNAL/REG SIGN,39.16557983,-86.53361968
11,1,2100.0,2-Car,No injury/unknown,,39.16557983,-86.53361968
11,6,1900.0,2-Car,No injury/unknown,DISREGARD SIGNAL/REG SIGN,39.16557983,-86.53361968
11,2,2300.0,Pedestrian,Non-incapacitating,FAILURE TO YIELD RIGHT OF WAY,39.16555971,-86.52822978
4,5,2200.0,2-Car,No injury/unknown,SPEED TOO FAST FOR WEATHER CONDITIONS,39.16555971,-86.52981966
5,3,1200.0,2-Car,No injury/unknown,UNSAFE BACKING,39.16555032,-86.52689283
9,6,1300.0,2-Car,No injury/unknown,UNSAFE LANE MOVEMENT,39.16555032,-86.52691014
7,6,1100.0,2-Car,No injury/unknown,OTHER (DRIVER) - EXPLAIN IN NARRATIVE,39.16554922,-86.52753224
9,7,1300.0,2-Car,No injury/unknown,IMPROPER LANE USAGE,39.16554919,-86.52753862
12,4,1300.0,2-Car,No injury/unknown,UNSAFE BACKING,39.1655349,-86.53344266
6,4,1300.0,2-Car,No injury/unknown,FAILURE TO YIELD RIGHT OF WAY,39.1654826,-86.57605759
11,2,1500.0,2-Car,No injury/unknown,OTHER (DRIVER) - EXPLAIN IN NARRATIVE,39.16546286,-86.5336
2,3,2000.0,2-Car,No injury/unknown,FAILURE TO YIELD RIGHT OF WAY,39.16540012,-86.51640996
12,7,1900.0,2-Car,No injury/unknown,FOLLOWING TOO CLOSELY,39.16540012,-86.51640996
10,6,1000.0,2-Car,No injury/unknown,UNSAFE BACKING,39.16540012,-86.51642726
1,2,900.0,2-Car,No injury/unknown,OTHER (VEHICLE) - EXPLAIN IN NARRATIVE,39.16540012,-86.51643591
9,5,1500.0,2-Car,No injury/unknown,FAILURE TO YIELD RIGHT OF WAY,39.16537348,-86.52683702
5,2,1900.0,1-Car,No injury/unknown,UNSAFE BACKING,39.1653163,-86.52071893
8,6,1500.0,1-Car,No injury/unknown,OBSTRUCTION NOT MARKED,39.16529015,-86.51089354
1,6,2000.0,2-Car,No injury/unknown,UNSAFE LANE MOVEMENT,39.16527834,-86.46954813
4,7,900.0,1-Car,No injury/unknown,OTHER (DRIVER) - EXPLAIN IN NARRATIVE,39.16527808,-86.49487584
3,5,1400.0,2-Car,No injury/unknown,FAILURE TO YIELD RIGHT OF WAY,39.1652565,-86.57556915
4,5,1400.0,2-Car,No injury/unknown,UNSAFE LANE MOVEMENT,39.16517209,-86.53485015
7,4,1300.0,2-Car,No injury/unknown,UNSAFE BACKING,39.16516876,-86.57852172
5,6,1400.0,2-Car,No injury/unknown,FOLLOWING TOO CLOSELY,39.165152,-86.50296
5,1,600.0,1-Car,No injury/unknown,RAN OFF ROAD RIGHT,39.16510298,-86.42990248
4,3,1200.0,2-Car,No injury/unknown,FOLLOWING TOO CLOSELY,39.165016,-86.57989001
8,4,800.0,2-Car,Non-incapacitating,FOLLOWING TOO CLOSELY,39.165016,-86.57989434
3,3,1600.0,2-Car,No injury/unknown,IMPROPER TURNING,39.16499705,-86.52811796
11,7,1000.0,2-Car,No injury/unknown,FAILURE TO YIELD RIGHT OF WAY,39.164944,-86.611296
11,2,600.0,2-Car,Non-incapacitating,FOLLOWING TOO CLOSELY,39.164944,-86.611296
10,5,800.0,2-Car,Non-incapacitating,FAILURE TO YIELD RIGHT OF WAY,39.16491475,-86.61097062
1,4,1600.0,2-Car,No injury/unknown,UNSAFE SPEED,39.164848,-86.57487674
11,6,800.0,2-Car,No injury/unknown,FAILURE TO YIELD RIGHT OF WAY,39.164848,-86.57634041
10,3,1600.0,2-Car,Non-incapacitating,FAILURE TO YIELD RIGHT OF WAY,39.164848,-86.57962482
3,6,1300.0,2-Car,No injury/unknown,,39.16484379,-86.58164716
10,4,1300.0,2-Car,No injury/unknown,UNSAFE BACKING,39.16484379,-86.58164716
12,7,1600.0,1-Car,No injury/unknown,OTHER (DRIVER) - EXPLAIN IN NARRATIVE,39.16484379,-86.58164716
7,7,1200.0,1-Car,No injury/unknown,UNSAFE BACKING,39.164832,-86.582048
5,5,1400.0,2-Car,No injury/unknown,LEFT OF CENTER,39.16482122,-86.5789551
6,3,1300.0,Moped/Motorcycle,Non-incapacitating,ENGINE FAILURE OR DEFECTIVE,39.16480652,-86.57295227
3,5,1600.0,2-Car,Non-incapacitating,OTHER (DRIVER) - EXPLAIN IN NARRATIVE,39.1648,-86.573792
5,7,1300.0,2-Car,No injury/unknown,DISREGARD SIGNAL/REG SIGN,39.1648,-86.573792
2,7,1300.0,2-Car,No injury/unknown,FAILURE TO YIELD RIGHT OF WAY,39.16478931,-86.495088
9,5,1100.0,2-Car,No injury/unknown,OTHER (DRIVER) - EXPLAIN IN NARRATIVE,39.16477585,-86.4952774
2,7,600.0,2-Car,No injury/unknown,FOLLOWING TOO CLOSELY,39.164763,-86.45072501
4,4,700.0,2-Car,No injury/unknown,OTHER (DRIVER) - EXPLAIN IN NARRATIVE,39.164752,-86.53984
1,2,1200.0,2-Car,Non-incapacitating,FOLLOWING TOO CLOSELY,39.164752,-86.573104
5,6,1100.0,2-Car,No injury/unknown,OTHER (DRIVER) - EXPLAIN IN NARRATIVE,39.164752,-86.573104
6,7,1800.0,Pedestrian,Non-incapacitating,PEDESTRIAN ACTION,39.164752,-86.573104
6,5,2200.0,2-Car,No injury/unknown,DISREGARD SIGNAL/REG SIGN,39.164752,-86.573104
7,3,1000.0,2-Car,No injury/unknown,FOLLOWING TOO CLOSELY,39.164752,-86.573104
9,3,700.0,2-Car,No injury/unknown,FAILURE TO YIELD RIGHT OF WAY,39.164752,-86.573104
9,6,1700.0,2-Car,Non-incapacitating,FOLLOWING TOO CLOSELY,39.164752,-86.573104
9,1,2100.0,2-Car,No injury/unknown,FOLLOWING TOO CLOSELY,39.164752,-86.573104
10,5,1300.0,3+ Cars,Non-incapacitating,FOLLOWING TOO CLOSELY,39.164752,-86.573104
10,7,1600.0,2-Car,No injury/unknown,FOLLOWING TOO CLOSELY,39.164752,-86.573104
11,3,500.0,2-Car,No injury/unknown,FAILURE TO YIELD RIGHT OF WAY,39.164752,-86.573104
12,2,1200.0,3+ Cars,No injury/unknown,FOLLOWING TOO CLOSELY,39.164752,-86.573104
1,3,2200.0,2-Car,No injury/unknown,UNSAFE LANE MOVEMENT,39.16474251,-86.57282163
1,3,1900.0,2-Car,No injury/unknown,,39.16474251,-86.57282163
3,4,0.0,2-Car,No injury/unknown,OTHER (VEHICLE) - EXPLAIN IN NARRATIVE,39.16474251,-86.57282163
4,4,1600.0,2-Car,No injury/unknown,SPEED TOO FAST FOR WEATHER CONDITIONS,39.16474029,-86.59259006
8,4,1400.0,2-Car,No injury/unknown,OVERCORRECTING/OVERSTEERING,39.16473898,-86.57271675
9,3,1600.0,3+ Cars,No injury/unknown,UNSAFE SPEED,39.16473203,-86.59292201
3,6,1200.0,2-Car,No injury/unknown,FOLLOWING TOO CLOSELY,39.16472831,-86.57239903
6,7,1500.0,2-Car,No injury/unknown,,39.16472732,-86.57236983
3,2,2000.0,1-Car,No injury/unknown,UNSAFE SPEED,39.16472,-86.538592
5,7,1100.0,1-Car,No injury/unknown,RAN OFF ROAD RIGHT,39.16472,-86.538592
7,3,1500.0,1-Car,No injury/unknown,DRIVER DISTRACTED - EXPLAIN IN NARRATIVE,39.16472,-86.538592
7,6,2000.0,2-Car,No injury/unknown,UNSAFE BACKING,39.16470933,-86.57183467
9,4,1500.0,2-Car,No injury/unknown,OTHER (DRIVER) - EXPLAIN IN NARRATIVE,39.16470933,-86.57183467
10,6,1400.0,2-Car,No injury/unknown,OTHER (DRIVER) - EXPLAIN IN NARRATIVE,39.16470933,-86.57183467
3,5,1600.0,2-Car,No injury/unknown,UNSAFE BACKING,39.16470536,-86.57171634
11,5,1800.0,Cyclist,Non-incapacitating,,39.164704,-86.537296
7,6,1700.0,2-Car,No injury/unknown,OTHER (DRIVER) - EXPLAIN IN NARRATIVE,39.1647021,-86.57161953
10,5,1700.0,3+ Cars,No injury/unknown,OTHER (DRIVER) - EXPLAIN IN NARRATIVE,39.16469985,-86.57155249
7,5,1200.0,2-Car,No injury/unknown,OTHER (DRIVER) - EXPLAIN IN NARRATIVE,39.164688,-86.5712
9,3,300.0,1-Car,Non-incapacitating,UNSAFE LANE MOVEMENT,39.164688,-86.5712
1,5,1300.0,Bus,No injury/unknown,FOLLOWING TOO CLOSELY,39.164672,-86.570288
6,6,1900.0,2-Car,No injury/unknown,FAILURE TO YIELD RIGHT OF WAY,39.16466933,-86.57021333
4,1,1200.0,2-Car,No injury/unknown,UNSAFE BACKING,39.16466933,-86.57021333
7,6,1100.0,2-Car,No injury/unknown,OTHER (DRIVER) - EXPLAIN IN NARRATIVE,39.16466933,-86.57021333
7,3,1500.0,2-Car,No injury/unknown,FAILURE TO YIELD RIGHT OF WAY,39.16466933,-86.57021333
6,2,1200.0,2-Car,No injury/unknown,,39.1646605,-86.57929301
1,1,1400.0,2-Car,Incapacitating,FAILURE TO YIELD RIGHT OF WAY,39.16465983,-86.58292002
4,5,1200.0,2-Car,No injury/unknown,FOLLOWING TOO CLOSELY,39.16465983,-86.58292002
8,5,1700.0,2-Car,No injury/unknown,FOLLOWING TOO CLOSELY,39.16465983,-86.58292002
9,3,700.0,2-Car,Non-incapacitating,FAILURE TO YIELD RIGHT OF WAY,39.16465983,-86.58292002
9,3,1100.0,2-Car,No injury/unknown,OTHER (DRIVER) - EXPLAIN IN NARRATIVE,39.16465983,-86.58292002
10,5,1600.0,2-Car,No injury/unknown,OTHER (ENVIRONMENTAL) - EXPLAIN IN NARR,39.16465983,-86.58292002
9,3,1800.0,2-Car,No injury/unknown,FOLLOWING TOO CLOSELY,39.16465983,-86.58293734
8,2,600.0,2-Car,Non-incapacitating,IMPROPER TURNING,39.16465983,-86.58293951
12,7,2200.0,3+ Cars,No injury/unknown,FOLLOWING TOO CLOSELY,39.16465636,-86.53499029
7,2,1400.0,2-Car,Non-incapacitating,FAILURE TO YIELD RIGHT OF WAY,39.16465575,-86.58296153
12,4,1200.0,2-Car,No injury/unknown,FAILURE TO YIELD RIGHT OF WAY,39.16465513,-86.57863721
10,4,1300.0,2-Car,No injury/unknown,DRIVER DISTRACTED - EXPLAIN IN NARRATIVE,39.16464,-86.53257641
2,2,2000.0,1-Car,No injury/unknown,ANIMAL/OBJECT IN ROADWAY,39.16464,-86.53324719
4,5,1100.0,2-Car,Non-incapacitating,FOLLOWING TOO CLOSELY,39.16464,-86.53333539
2,1,1200.0,2-Car,No injury/unknown,FAILURE TO YIELD RIGHT OF WAY,39.16464,-86.529728
1,7,900.0,2-Car,No injury/unknown,FAILURE TO YIELD RIGHT OF WAY,39.16464,-86.529728
2,5,1900.0,2-Car,No injury/unknown,FAILURE TO YIELD RIGHT OF WAY,39.16464,-86.529728
4,2,200.0,2-Car,No injury/unknown,OTHER (DRIVER) - EXPLAIN IN NARRATIVE,39.16464,-86.529728
4,7,1200.0,2-Car,No injury/unknown,FAILURE TO YIELD RIGHT OF WAY,39.16464,-86.529728
10,6,1300.0,2-Car,No injury/unknown,UNSAFE LANE MOVEMENT,39.16464,-86.529728
5,4,1100.0,Bus,No injury/unknown,UNSAFE SPEED,39.16464,-86.531024
10,4,1300.0,2-Car,No injury/unknown,DISREGARD SIGNAL/REG SIGN,39.16464,-86.531024
2,6,1600.0,3+ Cars,Non-incapacitating,DISREGARD SIGNAL/REG SIGN,39.16464,-86.5324
1,5,1900.0,2-Car,No injury/unknown,DISREGARD SIGNAL/REG SIGN,39.16464,-86.5324
4,6,1100.0,2-Car,No injury/unknown,,39.16464,-86.5324
10,2,1100.0,2-Car,Non-incapacitating,CELL PHONE USAGE,39.16464,-86.5324
11,3,900.0,2-Car,No injury/unknown,UNSAFE BACKING,39.16464,-86.5324
12,5,1200.0,2-Car,No injury/unknown,DISREGARD SIGNAL/REG SIGN,39.16464,-86.5324
12,3,1100.0,2-Car,No injury/unknown,DISREGARD SIGNAL/REG SIGN,39.16464,-86.5324
1,1,100.0,2-Car,No injury/unknown,OTHER (VEHICLE) - EXPLAIN IN NARRATIVE,39.16464,-86.5336
3,6,1500.0,2-Car,No injury/unknown,,39.16464,-86.5336
5,3,1000.0,3+ Cars,No injury/unknown,FOLLOWING TOO CLOSELY,39.16464,-86.5336
8,3,1600.0,2-Car,No injury/unknown,FAILURE TO YIELD RIGHT OF WAY,39.16464,-86.5336
11,3,1100.0,2-Car,No injury/unknown,UNSAFE BACKING,39.16464,-86.5336
11,3,1200.0,2-Car,No injury/unknown,UNSAFE BACKING,39.16464,-86.5336
1,5,2200.0,3+ Cars,No injury/unknown,SPEED TOO FAST FOR WEATHER CONDITIONS,39.16464,-86.534816
1,3,1100.0,2-Car,No injury/unknown,IMPROPER TURNING,39.16464,-86.534816
2,2,1900.0,2-Car,Non-incapacitating,DISREGARD SIGNAL/REG SIGN,39.16464,-86.534816
4,3,1400.0,2-Car,Non-incapacitating,FAILURE TO YIELD RIGHT OF WAY,39.16464,-86.534816
5,1,1100.0,2-Car,No injury/unknown,DISREGARD SIGNAL/REG SIGN,39.16464,-86.534816
8,4,1800.0,2-Car,No injury/unknown,DISREGARD SIGNAL/REG SIGN,39.16464,-86.534816
7,6,1200.0,Cyclist,Non-incapacitating,DISREGARD SIGNAL/REG SIGN,39.16464,-86.534816
11,5,2300.0,2-Car,Non-incapacitating,FAILURE TO YIELD RIGHT OF WAY,39.16464,-86.534816
4,5,1100.0,2-Car,No injury/unknown,FOLLOWING TOO CLOSELY,39.16464,-86.568
6,5,1500.0,3+ Cars,Non-incapacitating,FOLLOWING TOO CLOSELY,39.16464,-86.568
6,7,1300.0,3+ Cars,No injury/unknown,DRIVER DISTRACTED - EXPLAIN IN NARRATIVE,39.16464,-86.568
6,4,1300.0,2-Car,No injury/unknown,FOLLOWING TOO CLOSELY,39.16464,-86.568
5,6,1200.0,2-Car,No injury/unknown,FOLLOWING TOO CLOSELY,39.16464,-86.568
9,4,2100.0,2-Car,No injury/unknown,IMPROPER LANE USAGE,39.16464,-86.568
11,5,1600.0,2-Car,No injury/unknown,UNSAFE BACKING,39.16464,-86.56905455
3,4,1300.0,2-Car,No injury/unknown,UNSAFE BACKING,39.16464,-86.56913891
10,4,800.0,3+ Cars,Non-incapacitating,FOLLOWING TOO CLOSELY,39.16463971,-86.58292002
11,4,1000.0,2-Car,No injury/unknown,FOLLOWING TOO CLOSELY,39.16463971,-86.58292002
11,7,2200.0,2-Car,No injury/unknown,FAILURE TO YIELD RIGHT OF WAY,39.16463971,-86.58292002
11,6,1800.0,2-Car,No injury/unknown,FOLLOWING TOO CLOSELY,39.16463971,-86.58296332
4,4,1700.0,2-Car,No injury/unknown,FAILURE TO YIELD RIGHT OF WAY,39.16462563,-86.57083064
9,6,800.0,1-Car,Non-incapacitating,OTHER (DRIVER) - EXPLAIN IN NARRATIVE,39.16462094,-86.58336393
7,3,1100.0,2-Car,No injury/unknown,FAILURE TO YIELD RIGHT OF WAY,39.16462027,-86.53741031
3,5,1900.0,2-Car,No injury/unknown,FAILURE TO YIELD RIGHT OF WAY,39.16461021,-86.57908677
12,3,1200.0,2-Car,No injury/unknown,OTHER (DRIVER) - EXPLAIN IN NARRATIVE,39.16461021,-86.57911708
3,2,900.0,2-Car,No injury/unknown,DISREGARD SIGNAL/REG SIGN,39.16461021,-86.57913006
5,3,2200.0,2-Car,No injury/unknown,FAILURE TO YIELD RIGHT OF WAY,39.16461021,-86.57913006
7,2,2000.0,2-Car,No injury/unknown,FAILURE TO YIELD RIGHT OF WAY,39.16461021,-86.57913006
8,2,1300.0,2-Car,No injury/unknown,FOLLOWING TOO CLOSELY,39.16461021,-86.57913006
12,5,800.0,2-Car,No injury/unknown,FAILURE TO YIELD RIGHT OF WAY,39.16461021,-86.57913006
9,7,1300.0,2-Car,No injury/unknown,UNSAFE LANE MOVEMENT,39.16461021,-86.57913872
3,7,1100.0,2-Car,No injury/unknown,FAILURE TO YIELD RIGHT OF WAY,39.16461021,-86.57914045
8,3,1800.0,2-Car,Non-incapacitating,DISREGARD SIGNAL/REG SIGN,39.16460015,-86.53235971
10,7,1600.0,2-Car,Non-incapacitating,FOLLOWING TOO CLOSELY,39.16460015,-86.53235971
11,4,1600.0,2-Car,No injury/unknown,DISREGARD SIGNAL/REG SIGN,39.16460015,-86.53235971
7,6,1100.0,Moped/Motorcycle,Non-incapacitating,FAILURE TO YIELD RIGHT OF WAY,39.16460015,-86.53362974
11,2,1300.0,2-Car,No injury/unknown,FOLLOWING TOO CLOSELY,39.16460015,-86.53362974
2,6,2000.0,2-Car,No injury/unknown,FAILURE TO YIELD RIGHT OF WAY,39.16460015,-86.53489977
9,6,1500.0,2-Car,No injury/unknown,FAILURE TO YIELD RIGHT OF WAY,39.16460015,-86.53489977
11,6,1200.0,2-Car,No injury/unknown,DISREGARD SIGNAL/REG SIGN,39.16460015,-86.53489977
11,7,2100.0,2-Car,No injury/unknown,DISREGARD SIGNAL/REG SIGN,39.16460015,-86.53489977
10,4,700.0,1-Car,No injury/unknown,OTHER (DRIVER) - EXPLAIN IN NARRATIVE,39.16460015,-86.58302865
7,1,0.0,Moped/Motorcycle,Non-incapacitating,RAN OFF ROAD RIGHT,39.16459641,-86.538592
7,2,1700.0,2-Car,No injury/unknown,FOLLOWING TOO CLOSELY,39.16459009,-86.5311098
9,5,1600.0,3+ Cars,Non-incapacitating,FOLLOWING TOO CLOSELY,39.16459009,-86.57617378
2,5,1600.0,2-Car,No injury/unknown,DRIVER DISTRACTED - EXPLAIN IN NARRATIVE,39.16459009,-86.57619975
3,4,1800.0,Bus,No injury/unknown,DISREGARD SIGNAL/REG SIGN,39.16459009,-86.57619975