Month,Day,Hour,Collision Type,Injury Type,Primary Factor,Latitude,Longitude
4,7,1100.0,2-Car,No injury/unknown,FAILURE TO YIELD RIGHT OF WAY,39.16459009,-86.57619975
5,2,2200.0,2-Car,No injury/unknown,DISREGARD SIGNAL/REG SIGN,39.16459009,-86.57619975
4,4,1600.0,Bus,No injury/unknown,FAILURE TO YIELD RIGHT OF WAY,39.16459009,-86.57619975
8,3,1100.0,2-Car,No injury/unknown,FOLLOWING TOO CLOSELY,39.16459009,-86.57619975
8,5,1400.0,2-Car,No injury/unknown,FOLLOWING TOO CLOSELY,39.16459009,-86.57619975
6,1,1800.0,1-Car,Non-incapacitating,RAN OFF ROAD RIGHT,39.16459009,-86.57619975
6,3,1600.0,3+ Cars,Non-incapacitating,FOLLOWING TOO CLOSELY,39.16459009,-86.57619975
8,5,1600.0,3+ Cars,No injury/unknown,FOLLOWING TOO CLOSELY,39.16459009,-86.57619975
11,3,1600.0,3+ Cars,No injury/unknown,FOLLOWING TOO CLOSELY,39.16459009,-86.57619975
12,4,1400.0,2-Car,No injury/unknown,FAILURE TO YIELD RIGHT OF WAY,39.16459009,-86.57619975
1,3,800.0,2-Car,No injury/unknown,FAILURE TO YIELD RIGHT OF WAY,39.16458572,-86.57618347
2,1,1200.0,1-Car,No injury/unknown,OTHER (DRIVER) - EXPLAIN IN NARRATIVE,39.16457778,-86.52830149
1,1,1700.0,1-Car,No injury/unknown,RAN OFF ROAD RIGHT,39.16456997,-86.52982972
5,6,1300.0,2-Car,No injury/unknown,,39.16456997,-86.52982972
5,3,1400.0,2-Car,Non-incapacitating,FAILURE TO YIELD RIGHT OF WAY,39.16456997,-86.52982972
7,3,1500.0,2-Car,No injury/unknown,FOLLOWING TOO CLOSELY,39.16456997,-86.52982972
11,1,1200.0,2-Car,Non-incapacitating,UNSAFE LANE MOVEMENT,39.16456997,-86.52982972
3,7,1200.0,2-Car,No injury/unknown,UNSAFE BACKING,39.16456997,-86.52984703
5,3,1400.0,2-Car,No injury/unknown,UNSAFE BACKING,39.16456,-86.5550845
8,2,1500.0,2-Car,No injury/unknown,FAILURE TO YIELD RIGHT OF WAY,39.16455992,-86.56948015
2,6,1200.0,2-Car,No injury/unknown,DRIVER DISTRACTED - EXPLAIN IN NARRATIVE,39.16455992,-86.5701816
4,1,1300.0,Moped/Motorcycle,Non-incapacitating,FAILURE TO YIELD RIGHT OF WAY,39.16455992,-86.57019026
8,6,1600.0,2-Car,Non-incapacitating,FOLLOWING TOO CLOSELY,39.16455992,-86.57019026
9,1,1500.0,2-Car,Non-incapacitating,BRAKE FAILURE OR DEFECTIVE,39.16455992,-86.57019026
12,6,300.0,1-Car,No injury/unknown,RAN OFF ROAD RIGHT,39.16455992,-86.57019026
12,2,2200.0,3+ Cars,No injury/unknown,FOLLOWING TOO CLOSELY,39.16455992,-86.57019026
2,1,1800.0,2-Car,No injury/unknown,,39.16455981,-86.55584763
7,3,100.0,2-Car,No injury/unknown,UNSAFE BACKING,39.16454406,-86.55360366
2,4,1600.0,2-Car,No injury/unknown,FAILURE TO YIELD RIGHT OF WAY,39.164544,-86.560096
3,2,1700.0,2-Car,No injury/unknown,DRIVER ASLEEP OR FATIGUED,39.164544,-86.560096
5,2,1300.0,2-Car,No injury/unknown,UNSAFE LANE MOVEMENT,39.164544,-86.560096
8,7,1600.0,2-Car,No injury/unknown,FAILURE TO YIELD RIGHT OF WAY,39.164544,-86.560096
10,4,1600.0,2-Car,Non-incapacitating,FOLLOWING TOO CLOSELY,39.1645398,-86.56798152
1,3,200.0,1-Car,No injury/unknown,RAN OFF ROAD RIGHT,39.1645398,-86.56799018
5,5,1700.0,2-Car,No injury/unknown,FOLLOWING TOO CLOSELY,39.1645398,-86.56799018
6,5,1700.0,2-Car,Non-incapacitating,FOLLOWING TOO CLOSELY,39.1645398,-86.56799018
11,6,1700.0,2-Car,No injury/unknown,FOLLOWING TOO CLOSELY,39.1645398,-86.56799018
9,5,1100.0,2-Car,No injury/unknown,LEFT OF CENTER,39.164512,-86.550624
5,6,1700.0,2-Car,No injury/unknown,DRIVER DISTRACTED - EXPLAIN IN NARRATIVE,39.16450024,-86.56267422
1,5,1900.0,2-Car,No injury/unknown,SPEED TOO FAST FOR WEATHER CONDITIONS,39.16450024,-86.56270019
2,4,1600.0,2-Car,Non-incapacitating,FAILURE TO YIELD RIGHT OF WAY,39.16450024,-86.56270019
3,6,1700.0,2-Car,No injury/unknown,UNSAFE LANE MOVEMENT,39.16450024,-86.56270019
3,2,800.0,2-Car,No injury/unknown,SPEED TOO FAST FOR WEATHER CONDITIONS,39.16450024,-86.56270019
6,6,200.0,1-Car,No injury/unknown,RAN OFF ROAD RIGHT,39.16450024,-86.56270019
4,7,1900.0,2-Car,No injury/unknown,FAILURE TO YIELD RIGHT OF WAY,39.16450024,-86.56270019
8,5,1400.0,1-Car,No injury/unknown,DISREGARD SIGNAL/REG SIGN,39.16450024,-86.56270019
4,7,800.0,1-Car,No injury/unknown,,39.16450024,-86.56271318
9,3,1200.0,3+ Cars,No injury/unknown,OTHER (VEHICLE) - EXPLAIN IN NARRATIVE,39.164491,-86.549814
1,1,1400.0,2-Car,No injury/unknown,UNSAFE BACKING,39.164488,-86.54969829
12,6,1600.0,1-Car,No injury/unknown,OBSTRUCTION NOT MARKED,39.164488,-86.54969829
9,6,1600.0,2-Car,No injury/unknown,DRIVER ASLEEP OR FATIGUED,39.16448012,-86.56015008
12,4,1000.0,2-Car,No injury/unknown,IMPROPER LANE USAGE,39.16448012,-86.56015008
6,7,1300.0,1-Car,Non-incapacitating,RAN OFF ROAD RIGHT,39.16447742,-86.54929031
7,2,900.0,2-Car,No injury/unknown,FOLLOWING TOO CLOSELY,39.16446797,-86.57233285
9,6,800.0,2-Car,No injury/unknown,,39.16446694,-86.53481763
5,3,1200.0,2-Car,No injury/unknown,UNSAFE BACKING,39.1644625,-86.54871471
11,4,1200.0,2-Car,No injury/unknown,OVERCORRECTING/OVERSTEERING,39.1644625,-86.54871471
12,6,0.0,2-Car,No injury/unknown,SPEED TOO FAST FOR WEATHER CONDITIONS,39.16444995,-86.52821972
1,2,1300.0,2-Car,Non-incapacitating,FOLLOWING TOO CLOSELY,39.164448,-86.471888
2,4,800.0,3+ Cars,Non-incapacitating,FOLLOWING TOO CLOSELY,39.164448,-86.471888
3,2,1300.0,2-Car,No injury/unknown,FOLLOWING TOO CLOSELY,39.164448,-86.471888
7,6,1200.0,2-Car,Non-incapacitating,FOLLOWING TOO CLOSELY,39.164448,-86.471888
1,3,800.0,2-Car,No injury/unknown,FOLLOWING TOO CLOSELY,39.164448,-86.525792
3,5,1300.0,2-Car,Non-incapacitating,FAILURE TO YIELD RIGHT OF WAY,39.164448,-86.525792
9,6,1700.0,3+ Cars,No injury/unknown,FOLLOWING TOO CLOSELY,39.164448,-86.525792
11,1,1500.0,3+ Cars,No injury/unknown,FOLLOWING TOO CLOSELY,39.164448,-86.525792
12,4,1200.0,2-Car,No injury/unknown,FAILURE TO YIELD RIGHT OF WAY,39.164448,-86.525792
7,2,1200.0,2-Car,No injury/unknown,FAILURE TO YIELD RIGHT OF WAY,39.164448,-86.52591797
1,3,1500.0,2-Car,No injury/unknown,FOLLOWING TOO CLOSELY,39.164448,-86.52669416
8,2,1400.0,2-Car,No injury/unknown,UNSAFE LANE MOVEMENT,39.164448,-86.5268
8,6,800.0,1-Car,No injury/unknown,UNSAFE BACKING,39.164448,-86.5268
9,2,1300.0,2-Car,No injury/unknown,FOLLOWING TOO CLOSELY,39.164448,-86.5268
12,7,100.0,2-Car,No injury/unknown,SPEED TOO FAST FOR WEATHER CONDITIONS,39.164448,-86.5268
12,6,2100.0,2-Car,No injury/unknown,FAILURE TO YIELD RIGHT OF WAY,39.164448,-86.5268
1,3,2000.0,2-Car,No injury/unknown,LEFT OF CENTER,39.164448,-86.528096
1,1,1900.0,2-Car,No injury/unknown,ROADWAY SURFACE CONDITION,39.164448,-86.528096
4,2,600.0,2-Car,No injury/unknown,DISREGARD SIGNAL/REG SIGN,39.164448,-86.528096
3,6,1200.0,3+ Cars,Non-incapacitating,UNSAFE LANE MOVEMENT,39.164448,-86.528096
5,6,200.0,1-Car,No injury/unknown,UNSAFE BACKING,39.164448,-86.528096
9,7,1900.0,2-Car,No injury/unknown,UNSAFE LANE MOVEMENT,39.164448,-86.528096
10,5,700.0,2-Car,No injury/unknown,UNSAFE LANE MOVEMENT,39.164448,-86.528096
9,7,1600.0,2-Car,No injury/unknown,UNSAFE BACKING,39.16444703,-86.52575968
3,2,2300.0,2-Car,No injury/unknown,FAILURE TO YIELD RIGHT OF WAY,39.16443758,-86.54775367
9,4,2000.0,2-Car,No injury/unknown,FOLLOWING TOO CLOSELY,39.16443214,-86.52526318
4,2,1100.0,2-Car,No injury/unknown,FAILURE TO YIELD RIGHT OF WAY,39.16442983,-86.55629252
1,5,1500.0,2-Car,No injury/unknown,FOLLOWING TOO CLOSELY,39.16442983,-86.55630983
8,4,1400.0,2-Car,No injury/unknown,FAILURE TO YIELD RIGHT OF WAY,39.16442983,-86.55630983
8,6,1200.0,2-Car,No injury/unknown,FAILURE TO YIELD RIGHT OF WAY,39.16442983,-86.55630983
9,4,900.0,Cyclist,Non-incapacitating,BRAKE FAILURE OR DEFECTIVE,39.16442983,-86.55630983
10,3,1700.0,3+ Cars,Non-incapacitating,DISREGARD SIGNAL/REG SIGN,39.16442983,-86.55630983
6,4,1200.0,2-Car,No injury/unknown,UNSAFE LANE MOVEMENT,39.16442983,-86.5563358
7,4,1700.0,2-Car,No injury/unknown,UNSAFE BACKING,39.16442983,-86.57200276
1,5,1400.0,2-Car,No injury/unknown,UNSAFE BACKING,39.16442667,-86.52508089
10,3,1500.0,2-Car,No injury/unknown,FOLLOWING TOO CLOSELY,39.16442667,-86.52508089
10,3,1600.0,2-Car,No injury/unknown,FAILURE TO YIELD RIGHT OF WAY,39.16442667,-86.52508089
6,6,1300.0,2-Car,No injury/unknown,UNSAFE BACKING,39.16440971,-86.5538964
4,3,1700.0,2-Car,Non-incapacitating,FOLLOWING TOO CLOSELY,39.16440971,-86.55389986
9,2,1700.0,2-Car,Non-incapacitating,FOLLOWING TOO CLOSELY,39.16440971,-86.55389986
9,7,800.0,2-Car,No injury/unknown,UNSAFE LANE MOVEMENT,39.1644096,-86.47214797
9,2,1900.0,1-Car,No injury/unknown,,39.1644,-86.546304
7,7,0.0,1-Car,No injury/unknown,UNSAFE LANE MOVEMENT,39.16439943,-86.55195948
9,1,1700.0,2-Car,No injury/unknown,FOLLOWING TOO CLOSELY,39.16439943,-86.55195948
5,3,1300.0,2-Car,No injury/unknown,,39.16438675,-86.58110809
10,7,1200.0,2-Car,No injury/unknown,FAILURE TO YIELD RIGHT OF WAY,39.164375,-86.52949665
4,3,800.0,2-Car,No injury/unknown,IMPROPER TURNING,39.1643687,-86.52682873
4,6,500.0,1-Car,No injury/unknown,RAN OFF ROAD RIGHT,39.16435494,-86.509296
3,7,1000.0,2-Car,No injury/unknown,FOLLOWING TOO CLOSELY,39.164352,-86.508288
3,3,900.0,2-Car,Non-incapacitating,FOLLOWING TOO CLOSELY,39.164352,-86.50855261
3,7,1400.0,3+ Cars,No injury/unknown,FOLLOWING TOO CLOSELY,39.164352,-86.5088
9,1,1900.0,1-Car,No injury/unknown,IMPROPER TURNING,39.164352,-86.5088
5,3,1100.0,Cyclist,Non-incapacitating,OTHER (DRIVER) - EXPLAIN IN NARRATIVE,39.164352,-86.510944
10,4,1800.0,2-Car,No injury/unknown,IMPROPER TURNING,39.164352,-86.510944
1,4,1400.0,1-Car,No injury/unknown,UNSAFE BACKING,39.164352,-86.521088
10,7,1000.0,2-Car,No injury/unknown,SPEED TOO FAST FOR WEATHER CONDITIONS,39.164352,-86.521088
12,4,1200.0,2-Car,No injury/unknown,FOLLOWING TOO CLOSELY,39.164352,-86.521088
12,4,1200.0,2-Car,No injury/unknown,FOLLOWING TOO CLOSELY,39.164352,-86.521088
5,3,1100.0,1-Car,No injury/unknown,OTHER (DRIVER) - EXPLAIN IN NARRATIVE,39.164352,-86.522592
7,3,1700.0,1-Car,No injury/unknown,UNSAFE BACKING,39.164352,-86.522592
2,6,800.0,1-Car,No injury/unknown,SPEED TOO FAST FOR WEATHER CONDITIONS,39.16432953,-86.5832901
4,4,1600.0,2-Car,No injury/unknown,FAILURE TO YIELD RIGHT OF WAY,39.16432953,-86.5832901
2,5,1300.0,2-Car,No injury/unknown,FOLLOWING TOO CLOSELY,39.16432,-86.50824
5,1,1200.0,2-Car,Incapacitating,FAILURE TO YIELD RIGHT OF WAY,39.16432,-86.50824
7,4,1300.0,2-Car,No injury/unknown,FOLLOWING TOO CLOSELY,39.16432,-86.50824
10,4,1500.0,2-Car,No injury/unknown,IMPROPER LANE USAGE,39.16431248,-86.50218285
1,6,1400.0,3+ Cars,No injury/unknown,DRIVER DISTRACTED - EXPLAIN IN NARRATIVE,39.164304,-86.505792
3,6,1300.0,2-Car,No injury/unknown,FOLLOWING TOO CLOSELY,39.164304,-86.505792
9,6,100.0,2-Car,No injury/unknown,FAILURE TO YIELD RIGHT OF WAY,39.164304,-86.505792
9,2,1200.0,2-Car,No injury/unknown,FOLLOWING TOO CLOSELY,39.164304,-86.505792
10,1,1200.0,2-Car,No injury/unknown,FOLLOWING TOO CLOSELY,39.164304,-86.505792
2,4,1200.0,2-Car,No injury/unknown,FOLLOWING TOO CLOSELY,39.164304,-86.506992
2,4,1300.0,2-Car,No injury/unknown,FOLLOWING TOO CLOSELY,39.164304,-86.506992
4,4,300.0,1-Car,No injury/unknown,IMPROPER TURNING,39.164304,-86.506992
8,3,900.0,2-Car,No injury/unknown,UNSAFE BACKING,39.16429974,-86.54222019
12,5,900.0,2-Car,No injury/unknown,UNSAFE BACKING,39.16429505,-86.49985268
2,3,1500.0,Moped/Motorcycle,Non-incapacitating,OTHER (DRIVER) - EXPLAIN IN NARRATIVE,39.16428968,-86.52587444
2,2,1100.0,2-Car,No injury/unknown,FAILURE TO YIELD RIGHT OF WAY,39.16428968,-86.52589174
9,3,1700.0,Cyclist,Non-incapacitating,IMPROPER LANE USAGE,39.16427777,-86.52588752
7,4,1100.0,2-Car,Non-incapacitating,UNSAFE LANE MOVEMENT,39.1642777,-86.52587125
5,2,1600.0,2-Car,No injury/unknown,OTHER (DRIVER) - EXPLAIN IN NARRATIVE,39.16427589,-86.537296
1,1,1900.0,2-Car,No injury/unknown,FAILURE TO YIELD RIGHT OF WAY,39.16427532,-86.51640856
1,2,1500.0,Pedestrian,Non-incapacitating,PEDESTRIAN ACTION,39.16427532,-86.51640856
6,3,1700.0,2-Car,No injury/unknown,IMPROPER PASSING,39.16427532,-86.51640856
7,4,1200.0,2-Car,No injury/unknown,UNSAFE LANE MOVEMENT,39.16427532,-86.51640856
8,4,1700.0,2-Car,No injury/unknown,UNSAFE BACKING,39.16427532,-86.51640856
2,5,1900.0,2-Car,Non-incapacitating,IMPROPER TURNING,39.16427388,-86.5191192
8,2,1400.0,2-Car,No injury/unknown,UNSAFE LANE MOVEMENT,39.16427388,-86.5191192
7,2,1300.0,2-Car,Non-incapacitating,IMPROPER LANE USAGE,39.16427358,-86.51583434
1,5,1700.0,3+ Cars,No injury/unknown,UNSAFE LANE MOVEMENT,39.164272,-86.501488
3,6,1000.0,2-Car,No injury/unknown,FAILURE TO YIELD RIGHT OF WAY,39.164272,-86.501488
7,4,700.0,2-Car,No injury/unknown,FAILURE TO YIELD RIGHT OF WAY,39.164272,-86.501488
6,7,1100.0,2-Car,No injury/unknown,IMPROPER TURNING,39.164272,-86.50177208
2,6,1300.0,2-Car,No injury/unknown,UNSAFE BACKING,39.164272,-86.50199935
9,3,2200.0,2-Car,No injury/unknown,UNSAFE BACKING,39.164272,-86.50232131
3,2,1200.0,2-Car,No injury/unknown,FAILURE TO YIELD RIGHT OF WAY,39.164272,-86.502416
3,4,1200.0,2-Car,No injury/unknown,FOLLOWING TOO CLOSELY,39.164272,-86.502416
4,6,1000.0,2-Car,No injury/unknown,OTHER (DRIVER) - EXPLAIN IN NARRATIVE,39.164272,-86.502416
6,4,1000.0,2-Car,No injury/unknown,FOLLOWING TOO CLOSELY,39.16427161,-86.47362489
10,2,0.0,2-Car,No injury/unknown,OTHER (DRIVER) - EXPLAIN IN NARRATIVE,39.16427137,-86.51420373
3,4,1200.0,2-Car,No injury/unknown,DISREGARD SIGNAL/REG SIGN,39.16427024,-86.50241017
10,6,1400.0,2-Car,No injury/unknown,FAILURE TO YIELD RIGHT OF WAY,39.16427024,-86.50241882
9,5,700.0,2-Car,No injury/unknown,UNSAFE BACKING,39.16427024,-86.50600969
3,3,1200.0,2-Car,No injury/unknown,FOLLOWING TOO CLOSELY,39.16427024,-86.50601834
7,6,1800.0,3+ Cars,No injury/unknown,FOLLOWING TOO CLOSELY,39.16427024,-86.50710001
9,7,1900.0,2-Car,No injury/unknown,FOLLOWING TOO CLOSELY,39.16427024,-86.50710001
10,5,1500.0,2-Car,No injury/unknown,FOLLOWING TOO CLOSELY,39.16427024,-86.50710001
8,5,1200.0,2-Car,Non-incapacitating,FOLLOWING TOO CLOSELY,39.16427024,-86.50910027
10,3,2000.0,2-Car,No injury/unknown,FAILURE TO YIELD RIGHT OF WAY,39.16427024,-86.50910027
11,3,1800.0,2-Car,No injury/unknown,IMPROPER PASSING,39.16427024,-86.50910027
1,7,1000.0,2-Car,No injury/unknown,DISREGARD SIGNAL/REG SIGN,39.16427024,-86.51217006
5,6,1600.0,2-Car,No injury/unknown,IMPROPER TURNING,39.16427024,-86.51217006
8,4,1300.0,2-Car,No injury/unknown,IMPROPER TURNING,39.16427024,-86.51321008
1,2,700.0,2-Car,No injury/unknown,FOLLOWING TOO CLOSELY,39.16427024,-86.51772022
3,2,1300.0,2-Car,No injury/unknown,IMPROPER LANE USAGE,39.16427024,-86.51772022
8,6,1300.0,2-Car,No injury/unknown,IMPROPER LANE USAGE,39.16427024,-86.51772022
11,1,1400.0,2-Car,No injury/unknown,IMPROPER TURNING,39.16427024,-86.51772022
6,3,1600.0,2-Car,No injury/unknown,FAILURE TO YIELD RIGHT OF WAY,39.16427024,-86.51772454
10,6,1100.0,2-Car,No injury/unknown,UNSAFE LANE MOVEMENT,39.16427024,-86.51772454
1,3,1000.0,2-Car,No injury/unknown,UNSAFE LANE MOVEMENT,39.16427024,-86.51912972
3,3,1700.0,2-Car,No injury/unknown,UNSAFE LANE MOVEMENT,39.16427024,-86.51912972
6,3,900.0,2-Car,No injury/unknown,IMPROPER LANE USAGE,39.16427024,-86.51912972
10,3,1200.0,2-Car,No injury/unknown,FOLLOWING TOO CLOSELY,39.16427024,-86.51912972
11,5,1800.0,2-Car,No injury/unknown,UNSAFE LANE MOVEMENT,39.16427024,-86.51912972
6,6,1100.0,2-Car,Non-incapacitating,UNSAFE SPEED,39.16427024,-86.52104499
9,3,1700.0,2-Car,No injury/unknown,FOLLOWING TOO CLOSELY,39.16427024,-86.52104672
2,7,1100.0,2-Car,No injury/unknown,IMPROPER TURNING,39.16426988,-86.51527565
2,6,1500.0,2-Car,Non-incapacitating,FAILURE TO YIELD RIGHT OF WAY,39.16426988,-86.51527565
8,7,1800.0,2-Car,No injury/unknown,IMPROPER TURNING,39.16426988,-86.51527565
8,7,1900.0,2-Car,No injury/unknown,IMPROPER TURNING,39.16426988,-86.51527565
7,6,1900.0,2-Car,No injury/unknown,UNSAFE LANE MOVEMENT,39.16426988,-86.51527565
1,5,500.0,1-Car,No injury/unknown,RAN OFF ROAD RIGHT,39.16426849,-86.51208237
4,2,1400.0,2-Car,No injury/unknown,UNSAFE LANE MOVEMENT,39.16426449,-86.5226336
7,7,2000.0,2-Car,No injury/unknown,IMPROPER TURNING,39.16426449,-86.5226336
10,5,2100.0,2-Car,No injury/unknown,FAILURE TO YIELD RIGHT OF WAY,39.16426449,-86.50938642
4,5,2000.0,2-Car,No injury/unknown,FOLLOWING TOO CLOSELY,39.16426413,-86.50969852
7,2,1900.0,2-Car,No injury/unknown,IMPROPER TURNING,39.16426229,-86.51775641
9,6,1600.0,2-Car,No injury/unknown,IMPROPER TURNING,39.16426229,-86.51775641
9,2,1200.0,2-Car,No injury/unknown,UNSAFE BACKING,39.16426048,-86.50037632
2,6,1000.0,2-Car,Non-incapacitating,FOLLOWING TOO CLOSELY,39.16426018,-86.50164976
1,1,1300.0,2-Car,No injury/unknown,UNSAFE LANE MOVEMENT,39.16426018,-86.5163999
1,2,1200.0,2-Car,Non-incapacitating,FAILURE TO YIELD RIGHT OF WAY,39.16426018,-86.5163999
3,4,2200.0,2-Car,No injury/unknown,IMPROPER PASSING,39.16426018,-86.5163999
7,6,1300.0,2-Car,No injury/unknown,IMPROPER LANE USAGE,39.16426018,-86.5163999
7,4,1200.0,2-Car,No injury/unknown,DISREGARD SIGNAL/REG SIGN,39.16426018,-86.5163999
7,5,1500.0,2-Car,No injury/unknown,DISREGARD SIGNAL/REG SIGN,39.16426018,-86.5163999
9,5,1600.0,2-Car,No injury/unknown,UNSAFE LANE MOVEMENT,39.16426018,-86.5163999
10,5,900.0,Bus,No injury/unknown,FOLLOWING TOO CLOSELY,39.16426018,-86.5163999
11,7,1300.0,Cyclist,Non-incapacitating,PEDESTRIAN ACTION,39.16426018,-86.5163999
11,4,1000.0,2-Car,No injury/unknown,UNSAFE SPEED,39.16426018,-86.51640639
10,3,1500.0,2-Car,No injury/unknown,UNSAFE BACKING,39.16425856,-86.50019104
11,2,1600.0,2-Car,Non-incapacitating,FOLLOWING TOO CLOSELY,39.16425751,-86.57243729
12,6,1000.0,1-Car,No injury/unknown,DRIVER DISTRACTED - EXPLAIN IN NARRATIVE,39.16425344,-86.49969696
8,5,900.0,2-Car,No injury/unknown,UNSAFE LANE MOVEMENT,39.16425212,-86.52107176
12,6,1600.0,2-Car,No injury/unknown,IMPROPER TURNING,39.16425212,-86.52107176
8,1,1600.0,2-Car,No injury/unknown,UNSAFE LANE MOVEMENT,39.16425012,-86.47205024
10,3,1100.0,2-Car,No injury/unknown,UNSAFE LANE MOVEMENT,39.16425012,-86.51422134
3,1,600.0,1-Car,No injury/unknown,WRONG WAY ON ONE WAY,39.16425012,-86.51422999
3,7,1100.0,2-Car,No injury/unknown,FAILURE TO YIELD RIGHT OF WAY,39.16425012,-86.51525131
2,2,1200.0,2-Car,No injury/unknown,IMPROPER LANE USAGE,39.16425012,-86.51525996
2,6,1100.0,2-Car,No injury/unknown,IMPROPER LANE USAGE,39.16425012,-86.51525996
4,6,1300.0,2-Car,No injury/unknown,IMPROPER LANE USAGE,39.16425012,-86.51525996
6,1,2000.0,2-Car,No injury/unknown,IMPROPER LANE USAGE,39.16425012,-86.51525996
5,4,800.0,2-Car,No injury/unknown,IMPROPER TURNING,39.16425012,-86.51525996
6,2,2000.0,2-Car,No injury/unknown,UNSAFE LANE MOVEMENT,39.16425012,-86.51525996
8,2,1700.0,2-Car,No injury/unknown,UNSAFE LANE MOVEMENT,39.16425012,-86.51525996
8,3,1900.0,2-Car,No injury/unknown,UNSAFE LANE MOVEMENT,39.16425012,-86.51525996
8,3,1900.0,2-Car,No injury/unknown,IMPROPER TURNING,39.16425012,-86.51525996
8,6,1200.0,2-Car,No injury/unknown,IMPROPER LANE USAGE,39.16425012,-86.51525996
9,5,1900.0,3+ Cars,No injury/unknown,UNSAFE LANE MOVEMENT,39.16425012,-86.51525996
10,4,1700.0,Pedestrian,Non-incapacitating,IMPROPER TURNING,39.16425012,-86.51525996
1,4,1500.0,2-Car,No injury/unknown,UNSAFE LANE MOVEMENT,39.16425012,-86.52008995
3,5,1600.0,2-Car,No injury/unknown,UNSAFE LANE MOVEMENT,39.16425012,-86.52008995
4,3,1200.0,1-Car,No injury/unknown,UNSAFE BACKING,39.16425012,-86.52008995
9,6,800.0,2-Car,No injury/unknown,FOLLOWING TOO CLOSELY,39.16425012,-86.52008995
4,1,1500.0,2-Car,Non-incapacitating,FOLLOWING TOO CLOSELY,39.16425012,-86.52257668
1,6,1500.0,2-Car,No injury/unknown,FOLLOWING TOO CLOSELY,39.16425012,-86.52261994
9,3,1900.0,2-Car,No injury/unknown,FOLLOWING TOO CLOSELY,39.16425012,-86.52261994
9,6,1400.0,2-Car,No injury/unknown,FOLLOWING TOO CLOSELY,39.16425012,-86.52261994
8,5,2300.0,1-Car,No injury/unknown,ANIMAL/OBJECT IN ROADWAY,39.16424942,-86.59249774
10,5,1500.0,2-Car,No injury/unknown,FOLLOWING TOO CLOSELY,39.16424942,-86.5925064
10,5,1500.0,Pedestrian,Non-incapacitating,DRIVER DISTRACTED - EXPLAIN IN NARRATIVE,39.16424942,-86.5925064
7,2,1100.0,Pedestrian,Non-incapacitating,PEDESTRIAN ACTION,39.16424087,-86.49102688
6,6,1300.0,2-Car,No injury/unknown,FAILURE TO YIELD RIGHT OF WAY,39.16424006,-86.49820098
3,4,1600.0,2-Car,No injury/unknown,FAILURE TO YIELD RIGHT OF WAY,39.16424006,-86.49827018
4,3,2200.0,2-Car,No injury/unknown,FOLLOWING TOO CLOSELY,39.16424006,-86.49827018
6,4,2000.0,2-Car,No injury/unknown,UNSAFE BACKING,39.16424006,-86.49827018
5,5,100.0,2-Car,No injury/unknown,FOLLOWING TOO CLOSELY,39.16424006,-86.49828056
3,2,1500.0,2-Car,No injury/unknown,FAILURE TO YIELD RIGHT OF WAY,39.16424001,-86.47786005
9,2,800.0,2-Car,No injury/unknown,FOLLOWING TOO CLOSELY,39.16424001,-86.48473681
5,5,1600.0,2-Car,Non-incapacitating,FOLLOWING TOO CLOSELY,39.16424,-86.47857115
2,4,800.0,2-Car,No injury/unknown,SPEED TOO FAST FOR WEATHER CONDITIONS,39.16424,-86.473296
3,7,1000.0,2-Car,No injury/unknown,UNSAFE LANE MOVEMENT,39.16424,-86.473696
5,6,1200.0,2-Car,No injury/unknown,FOLLOWING TOO CLOSELY,39.16424,-86.473696
6,3,1900.0,2-Car,No injury/unknown,DRIVER DISTRACTED - EXPLAIN IN NARRATIVE,39.16424,-86.473696
9,5,800.0,3+ Cars,Non-incapacitating,FOLLOWING TOO CLOSELY,39.16424,-86.473696
6,6,200.0,2-Car,No injury/unknown,DISREGARD SIGNAL/REG SIGN,39.16424,-86.476096
4,4,1100.0,2-Car,No injury/unknown,FAILURE TO YIELD RIGHT OF WAY,39.16424,-86.476096
6,2,1300.0,2-Car,No injury/unknown,FAILURE TO YIELD RIGHT OF WAY,39.16424,-86.476096
10,3,1600.0,2-Car,No injury/unknown,SPEED TOO FAST FOR WEATHER CONDITIONS,39.16424,-86.47962957
5,2,1500.0,1-Car,No injury/unknown,RAN OFF ROAD RIGHT,39.16424,-86.48057698
1,5,1800.0,2-Car,No injury/unknown,IMPROPER LANE USAGE,39.16424,-86.480688
3,6,1700.0,3+ Cars,No injury/unknown,OTHER (DRIVER) - EXPLAIN IN NARRATIVE,39.16424,-86.480688
3,7,900.0,1-Car,No injury/unknown,LEFT OF CENTER,39.16424,-86.480688
5,4,500.0,2-Car,No injury/unknown,DRIVER ASLEEP OR FATIGUED,39.16424,-86.480688
5,6,1200.0,2-Car,Non-incapacitating,BRAKE FAILURE OR DEFECTIVE,39.16424,-86.480688
9,2,1400.0,1-Car,Non-incapacitating,DRIVER ILLNESS,39.16424,-86.480688