Month,Day,Hour,Collision Type,Injury Type,Primary Factor,Latitude,Longitude
12,4,2100.0,2-Car,Non-incapacitating,FOLLOWING TOO CLOSELY,39.16424,-86.480688
7,2,1800.0,3+ Cars,No injury/unknown,LEFT OF CENTER,39.16424,-86.4812
6,3,1200.0,2-Car,No injury/unknown,,39.16424,-86.488
1,2,1200.0,2-Car,No injury/unknown,UNSAFE BACKING,39.16424,-86.48955556
11,1,1300.0,1-Car,No injury/unknown,UNSAFE BACKING,39.16424,-86.4903102
1,1,1900.0,2-Car,No injury/unknown,FAILURE TO YIELD RIGHT OF WAY,39.16424,-86.4908
6,6,1200.0,2-Car,Non-incapacitating,FAILURE TO YIELD RIGHT OF WAY,39.16424,-86.4908
12,6,900.0,2-Car,Non-incapacitating,FOLLOWING TOO CLOSELY,39.16424,-86.4908
6,6,800.0,2-Car,No injury/unknown,UNSAFE BACKING,39.16424,-86.49250645
10,5,1600.0,2-Car,No injury/unknown,FAILURE TO YIELD RIGHT OF WAY,39.16424,-86.49250645
5,5,1600.0,1-Car,No injury/unknown,UNSAFE BACKING,39.16424,-86.49259396
4,4,1200.0,2-Car,No injury/unknown,DRIVER DISTRACTED - EXPLAIN IN NARRATIVE,39.16424,-86.492944
2,7,1600.0,2-Car,No injury/unknown,FAILURE TO YIELD RIGHT OF WAY,39.16424,-86.492944
3,4,300.0,1-Car,No injury/unknown,RAN OFF ROAD RIGHT,39.16424,-86.492944
5,5,1000.0,Pedestrian,Non-incapacitating,FAILURE TO YIELD RIGHT OF WAY,39.16424,-86.492944
9,7,1300.0,2-Car,Non-incapacitating,FOLLOWING TOO CLOSELY,39.16424,-86.492944
9,6,1300.0,3+ Cars,No injury/unknown,UNSAFE SPEED,39.16424,-86.492944
10,4,1500.0,2-Car,Non-incapacitating,FAILURE TO YIELD RIGHT OF WAY,39.16424,-86.492944
6,6,1300.0,2-Car,No injury/unknown,OTHER (DRIVER) - EXPLAIN IN NARRATIVE,39.16424,-86.49307941
9,4,1000.0,2-Car,No injury/unknown,OTHER (DRIVER) - EXPLAIN IN NARRATIVE,39.16424,-86.49307941
2,6,2100.0,1-Car,No injury/unknown,UNSAFE BACKING,39.16424,-86.49368135
6,7,2200.0,2-Car,No injury/unknown,IMPROPER TURNING,39.16424,-86.4939483
2,6,1300.0,2-Car,No injury/unknown,UNSAFE BACKING,39.16424,-86.49406114
4,2,1300.0,2-Car,No injury/unknown,IMPROPER TURNING,39.16424,-86.49425989
4,7,1000.0,2-Car,No injury/unknown,UNSAFE BACKING,39.16424,-86.49425989
5,5,1200.0,2-Car,No injury/unknown,UNSAFE BACKING,39.16424,-86.49425989
7,5,1600.0,2-Car,No injury/unknown,UNSAFE BACKING,39.16424,-86.49425989
9,6,1100.0,2-Car,No injury/unknown,UNSAFE BACKING,39.16424,-86.49425989
9,2,1400.0,2-Car,No injury/unknown,,39.16424,-86.49425989
7,5,2100.0,1-Car,No injury/unknown,UNSAFE BACKING,39.16424,-86.49462535
3,1,2000.0,2-Car,Non-incapacitating,DISREGARD SIGNAL/REG SIGN,39.16424,-86.495088
8,5,1100.0,2-Car,Non-incapacitating,FAILURE TO YIELD RIGHT OF WAY,39.16424,-86.495088
8,7,1300.0,2-Car,No injury/unknown,FAILURE TO YIELD RIGHT OF WAY,39.16424,-86.495088
10,2,1100.0,2-Car,No injury/unknown,FAILURE TO YIELD RIGHT OF WAY,39.16424,-86.495088
12,5,1500.0,2-Car,No injury/unknown,FOLLOWING TOO CLOSELY,39.16424,-86.495088
2,6,1200.0,2-Car,No injury/unknown,FOLLOWING TOO CLOSELY,39.16424,-86.4984
1,7,900.0,2-Car,No injury/unknown,FAILURE TO YIELD RIGHT OF WAY,39.16424,-86.4984
1,6,1200.0,2-Car,No injury/unknown,DISREGARD SIGNAL/REG SIGN,39.16424,-86.4984
2,7,2000.0,2-Car,No injury/unknown,IMPROPER TURNING,39.16424,-86.4984
4,7,1100.0,2-Car,No injury/unknown,UNSAFE BACKING,39.16424,-86.4984
4,1,1500.0,2-Car,No injury/unknown,UNSAFE LANE MOVEMENT,39.16424,-86.4984
2,3,1900.0,2-Car,Non-incapacitating,LEFT OF CENTER,39.16424,-86.4984
6,3,1200.0,2-Car,No injury/unknown,FAILURE TO YIELD RIGHT OF WAY,39.16424,-86.4984
4,2,2300.0,2-Car,Non-incapacitating,FOLLOWING TOO CLOSELY,39.16424,-86.4984
4,7,1400.0,2-Car,No injury/unknown,FAILURE TO YIELD RIGHT OF WAY,39.16424,-86.4984
4,7,1800.0,2-Car,No injury/unknown,FOLLOWING TOO CLOSELY,39.16424,-86.4984
5,3,1200.0,2-Car,No injury/unknown,OTHER (DRIVER) - EXPLAIN IN NARRATIVE,39.16424,-86.4984
6,6,1800.0,2-Car,No injury/unknown,FAILURE TO YIELD RIGHT OF WAY,39.16424,-86.4984
7,1,1900.0,2-Car,No injury/unknown,IMPROPER TURNING,39.16424,-86.4984
8,1,1200.0,3+ Cars,No injury/unknown,FOLLOWING TOO CLOSELY,39.16424,-86.4984
12,1,1800.0,2-Car,No injury/unknown,FOLLOWING TOO CLOSELY,39.16424,-86.4984
12,3,1400.0,2-Car,Non-incapacitating,OTHER (DRIVER) - EXPLAIN IN NARRATIVE,39.16424,-86.4984
1,5,800.0,2-Car,No injury/unknown,OTHER (DRIVER) - EXPLAIN IN NARRATIVE,39.16424,-86.5152
2,7,1300.0,2-Car,No injury/unknown,UNSAFE BACKING,39.16424,-86.51605714
10,2,2100.0,2-Car,No injury/unknown,UNSAFE BACKING,39.16424,-86.51605714
6,2,1800.0,1-Car,No injury/unknown,OTHER (DRIVER) - EXPLAIN IN NARRATIVE,39.16424,-86.51757551
5,1,1600.0,2-Car,No injury/unknown,FOLLOWING TOO CLOSELY,39.16424,-86.5176
2,2,1400.0,2-Car,No injury/unknown,OTHER (DRIVER) - EXPLAIN IN NARRATIVE,39.16423861,-86.49522852
4,5,1200.0,1-Car,No injury/unknown,RAN OFF ROAD RIGHT,39.16423861,-86.49522852
5,2,1500.0,2-Car,No injury/unknown,FAILURE TO YIELD RIGHT OF WAY,39.16423861,-86.49522852
5,2,800.0,1-Car,No injury/unknown,OTHER (DRIVER) - EXPLAIN IN NARRATIVE,39.16423604,-86.52510769
2,6,1100.0,2-Car,No injury/unknown,FAILURE TO YIELD RIGHT OF WAY,39.16421995,-86.4763002
4,6,1700.0,2-Car,No injury/unknown,FOLLOWING TOO CLOSELY,39.16421995,-86.4763002
6,7,1700.0,2-Car,Non-incapacitating,SPEED TOO FAST FOR WEATHER CONDITIONS,39.16421995,-86.4763002
8,6,1300.0,2-Car,Non-incapacitating,FAILURE TO YIELD RIGHT OF WAY,39.16421995,-86.4763002
7,2,1900.0,2-Car,Non-incapacitating,FOLLOWING TOO CLOSELY,39.1642189,-86.48274993
10,6,1100.0,2-Car,No injury/unknown,FOLLOWING TOO CLOSELY,39.1642189,-86.48274993
5,6,1400.0,1-Car,Non-incapacitating,RAN OFF ROAD RIGHT,39.16421882,-86.47630972
9,1,1700.0,2-Car,No injury/unknown,OTHER (DRIVER) - EXPLAIN IN NARRATIVE,39.16421467,-86.508288
3,6,1100.0,2-Car,No injury/unknown,UNSAFE BACKING,39.16421391,-86.51622354
11,6,1400.0,2-Car,Non-incapacitating,FOLLOWING TOO CLOSELY,39.16421127,-86.49083709
12,4,1100.0,3+ Cars,Non-incapacitating,OTHER (DRIVER) - EXPLAIN IN NARRATIVE,39.16421127,-86.49083709
1,4,1200.0,2-Car,Non-incapacitating,OTHER (DRIVER) - EXPLAIN IN NARRATIVE,39.16420989,-86.48122005
3,6,1800.0,2-Car,No injury/unknown,LEFT OF CENTER,39.16420989,-86.48122005
10,1,1900.0,2-Car,Non-incapacitating,DISREGARD SIGNAL/REG SIGN,39.16420989,-86.48122005
10,2,1600.0,2-Car,No injury/unknown,UNSAFE LANE MOVEMENT,39.16420989,-86.48129356
5,4,1800.0,2-Car,No injury/unknown,FOLLOWING TOO CLOSELY,39.16420989,-86.48928008
7,3,1800.0,2-Car,Non-incapacitating,DISREGARD SIGNAL/REG SIGN,39.16420989,-86.49303987
12,5,1400.0,Bus,No injury/unknown,FOLLOWING TOO CLOSELY,39.16420989,-86.49303987
11,6,1600.0,2-Car,No injury/unknown,UNSAFE BACKING,39.16420519,-86.49962872
12,6,1300.0,2-Car,No injury/unknown,ROADWAY SURFACE CONDITION,39.16420139,-86.5725097
3,5,1800.0,2-Car,No injury/unknown,DISREGARD SIGNAL/REG SIGN,39.16416496,-86.49437427
4,2,1500.0,2-Car,No injury/unknown,OTHER (DRIVER) - EXPLAIN IN NARRATIVE,39.16416496,-86.49437427
5,2,1900.0,2-Car,No injury/unknown,UNSAFE BACKING,39.16416496,-86.4947424
7,4,1400.0,2-Car,No injury/unknown,UNSAFE BACKING,39.16416496,-86.4947424
9,5,100.0,2-Car,No injury/unknown,FAILURE TO YIELD RIGHT OF WAY,39.16416496,-86.4947424
10,7,1300.0,2-Car,No injury/unknown,FAILURE TO YIELD RIGHT OF WAY,39.16416496,-86.4947424
11,3,1200.0,2-Car,No injury/unknown,OTHER (DRIVER) - EXPLAIN IN NARRATIVE,39.16414261,-86.58426666
1,4,2100.0,2-Car,No injury/unknown,OTHER (DRIVER) - EXPLAIN IN NARRATIVE,39.16410267,-86.5096
3,5,1800.0,2-Car,No injury/unknown,UNSAFE BACKING,39.16406237,-86.52593381
5,5,2100.0,1-Car,No injury/unknown,IMPROPER TURNING,39.16406237,-86.52593381
11,7,1200.0,2-Car,No injury/unknown,IMPROPER TURNING,39.16406237,-86.52593381
12,3,1500.0,2-Car,No injury/unknown,FAILURE TO YIELD RIGHT OF WAY,39.16405257,-86.49835886
10,7,2100.0,2-Car,No injury/unknown,,39.16403695,-86.49835543
7,3,1300.0,2-Car,No injury/unknown,UNSAFE SPEED,39.16400931,-86.62335763
2,3,1000.0,2-Car,No injury/unknown,UNSAFE BACKING,39.16398928,-86.52733393
10,2,1800.0,2-Car,No injury/unknown,FAILURE TO YIELD RIGHT OF WAY,39.16396575,-86.49296313
4,7,1300.0,2-Car,No injury/unknown,IMPROPER TURNING,39.16394547,-86.49833535
7,6,800.0,1-Car,No injury/unknown,DRIVER ASLEEP OR FATIGUED,39.16394376,-86.63364868
10,5,1500.0,2-Car,No injury/unknown,UNSAFE BACKING,39.16390228,-86.52293395
2,7,1300.0,2-Car,No injury/unknown,UNSAFE BACKING,39.16387595,-86.49826213
11,6,1800.0,1-Car,No injury/unknown,ANIMAL/OBJECT IN ROADWAY,39.16387512,-86.6342742
9,5,1600.0,2-Car,No injury/unknown,UNSAFE SPEED,39.16377133,-86.63544109
4,4,500.0,1-Car,No injury/unknown,UNSAFE SPEED,39.16376229,-86.5336
10,7,1500.0,Pedestrian,Non-incapacitating,UNSAFE BACKING,39.16371971,-86.58282481
8,4,1800.0,2-Car,No injury/unknown,UNSAFE BACKING,39.16365433,-86.51498413
1,5,2100.0,1-Car,No injury/unknown,ANIMAL/OBJECT IN ROADWAY,39.163648,-86.438
6,1,2000.0,1-Car,No injury/unknown,ANIMAL/OBJECT IN ROADWAY,39.16362283,-86.43932262
2,6,1400.0,2-Car,Non-incapacitating,FOLLOWING TOO CLOSELY,39.16362,-86.49514
11,4,600.0,2-Car,Non-incapacitating,FOLLOWING TOO CLOSELY,39.16360866,-86.57265186
1,6,2200.0,2-Car,No injury/unknown,FOLLOWING TOO CLOSELY,39.16359844,-86.44433578
5,5,1600.0,2-Car,No injury/unknown,FOLLOWING TOO CLOSELY,39.16359844,-86.44436171
2,2,1100.0,2-Car,Non-incapacitating,FAILURE TO YIELD RIGHT OF WAY,39.16355896,-86.49880218
3,6,2000.0,2-Car,No injury/unknown,UNSAFE BACKING,39.16355811,-86.51532769
5,7,1200.0,2-Car,No injury/unknown,OTHER (DRIVER) - EXPLAIN IN NARRATIVE,39.163552,-86.649696
7,5,2200.0,1-Car,No injury/unknown,IMPROPER TURNING,39.163552,-86.649696
11,6,1900.0,2-Car,No injury/unknown,UNSAFE BACKING,39.16352949,-86.61068058
7,3,1500.0,2-Car,No injury/unknown,,39.16348837,-86.49819239
9,2,1400.0,2-Car,No injury/unknown,FOLLOWING TOO CLOSELY,39.16347885,-86.59490863
1,4,700.0,2-Car,No injury/unknown,UNSAFE BACKING,39.16344009,-86.55128002
3,4,700.0,2-Car,No injury/unknown,SPEED TOO FAST FOR WEATHER CONDITIONS,39.16344009,-86.55128002
3,4,700.0,2-Car,No injury/unknown,SPEED TOO FAST FOR WEATHER CONDITIONS,39.16344009,-86.55128002
6,2,1500.0,2-Car,No injury/unknown,OTHER (DRIVER) - EXPLAIN IN NARRATIVE,39.16344009,-86.55128002
6,6,1200.0,2-Car,No injury/unknown,UNSAFE LANE MOVEMENT,39.16344009,-86.55128002
12,3,1500.0,2-Car,No injury/unknown,FOLLOWING TOO CLOSELY,39.16344009,-86.55128002
12,7,2300.0,2-Car,No injury/unknown,FOLLOWING TOO CLOSELY,39.16344009,-86.55128002
2,3,500.0,1-Car,No injury/unknown,DRIVER DISTRACTED - EXPLAIN IN NARRATIVE,39.16344009,-86.55128867
7,5,1800.0,2-Car,Non-incapacitating,FAILURE TO YIELD RIGHT OF WAY,39.16344009,-86.55130598
6,1,1000.0,2-Car,No injury/unknown,OTHER (DRIVER) - EXPLAIN IN NARRATIVE,39.16344,-86.5888
8,6,1800.0,2-Car,Non-incapacitating,FAILURE TO YIELD RIGHT OF WAY,39.16343004,-86.49082973
7,4,1800.0,2-Car,No injury/unknown,FAILURE TO YIELD RIGHT OF WAY,39.16343004,-86.49082973
4,3,1400.0,2-Car,No injury/unknown,FAILURE TO YIELD RIGHT OF WAY,39.16342781,-86.49822171
1,6,200.0,1-Car,No injury/unknown,ANIMAL/OBJECT IN ROADWAY,39.16339763,-86.64617348
3,4,1300.0,2-Car,No injury/unknown,,39.16334534,-86.55659484
7,6,1500.0,2-Car,No injury/unknown,UNSAFE BACKING,39.16334534,-86.55659484
3,6,1800.0,2-Car,No injury/unknown,OTHER (DRIVER) - EXPLAIN IN NARRATIVE,39.16334152,-86.51577758
2,3,1300.0,2-Car,No injury/unknown,OTHER (DRIVER) - EXPLAIN IN NARRATIVE,39.16333008,-86.51999664
11,2,800.0,2-Car,No injury/unknown,FAILURE TO YIELD RIGHT OF WAY,39.163328,-86.525808
9,1,1800.0,2-Car,No injury/unknown,UNSAFE BACKING,39.16331408,-86.58302262
10,4,700.0,Cyclist,Non-incapacitating,FAILURE TO YIELD RIGHT OF WAY,39.163303,-86.50644483
11,7,1300.0,1-Car,No injury/unknown,UNSAFE LANE MOVEMENT,39.16330196,-86.57312605
9,2,1600.0,2-Car,No injury/unknown,DISREGARD SIGNAL/REG SIGN,39.16327983,-86.58895969
1,3,1500.0,Pedestrian,Non-incapacitating,FAILURE TO YIELD RIGHT OF WAY,39.163232,-86.520176
9,4,1500.0,1-Car,No injury/unknown,OVERCORRECTING/OVERSTEERING,39.16323021,-86.52783013
6,3,1900.0,2-Car,No injury/unknown,IMPROPER TURNING,39.1632,-86.517584
11,1,2300.0,2-Car,No injury/unknown,DISREGARD SIGNAL/REG SIGN,39.163168,-86.516384
10,1,1600.0,2-Car,No injury/unknown,WRONG WAY ON ONE WAY,39.16315913,-86.52214653
11,6,1200.0,2-Car,No injury/unknown,UNSAFE BACKING,39.16315913,-86.52214653
12,6,700.0,2-Car,No injury/unknown,UNSAFE BACKING,39.16315913,-86.52214653
4,4,1200.0,2-Car,No injury/unknown,UNSAFE BACKING,39.1631484,-86.55621595
4,4,800.0,2-Car,No injury/unknown,OTHER (DRIVER) - EXPLAIN IN NARRATIVE,39.1631484,-86.55621595
8,5,1000.0,2-Car,No injury/unknown,DISREGARD SIGNAL/REG SIGN,39.16313969,-86.52727022
12,2,1300.0,2-Car,No injury/unknown,FAILURE TO YIELD RIGHT OF WAY,39.163136,-86.514096
1,5,1500.0,2-Car,No injury/unknown,UNSAFE BACKING,39.16312265,-86.53103755
12,3,900.0,2-Car,No injury/unknown,FAILURE TO YIELD RIGHT OF WAY,39.16312024,-86.52590028
2,4,1500.0,2-Car,Non-incapacitating,FAILURE TO YIELD RIGHT OF WAY,39.16312,-86.513088
10,4,1900.0,2-Car,No injury/unknown,UNSAFE BACKING,39.16311023,-86.5217975
2,6,900.0,2-Car,No injury/unknown,SPEED TOO FAST FOR WEATHER CONDITIONS,39.16311018,-86.52403011
9,1,1100.0,1-Car,No injury/unknown,RAN OFF ROAD RIGHT,39.16311018,-86.52403011
11,6,1500.0,1-Car,No injury/unknown,RAN OFF ROAD RIGHT,39.16310628,-86.51223709
10,3,0.0,2-Car,No injury/unknown,OTHER (DRIVER) - EXPLAIN IN NARRATIVE,39.16309649,-86.51902596
6,4,0.0,1-Car,No injury/unknown,RAN OFF ROAD RIGHT,39.16308001,-86.50846995
6,4,2200.0,1-Car,No injury/unknown,SPEED TOO FAST FOR WEATHER CONDITIONS,39.16308001,-86.50846995
11,7,1300.0,2-Car,No injury/unknown,FAILURE TO YIELD RIGHT OF WAY,39.16308001,-86.5141797
10,5,1100.0,2-Car,No injury/unknown,IMPROPER TURNING,39.16308001,-86.51527002
1,2,1800.0,Bus,No injury/unknown,OVERCORRECTING/OVERSTEERING,39.16307055,-86.51640172
11,7,0.0,2-Car,No injury/unknown,OTHER (DRIVER) - EXPLAIN IN NARRATIVE,39.16307055,-86.51640172
1,2,1000.0,Bus,No injury/unknown,FAILURE TO YIELD RIGHT OF WAY,39.16306995,-86.51912972
4,2,1700.0,2-Car,No injury/unknown,FAILURE TO YIELD RIGHT OF WAY,39.16306995,-86.51912972
10,3,1500.0,2-Car,No injury/unknown,FOLLOWING TOO CLOSELY,39.16306824,-86.51584473
5,4,900.0,2-Car,No injury/unknown,FAILURE TO YIELD RIGHT OF WAY,39.1630666,-86.52385242
1,5,1900.0,2-Car,No injury/unknown,OTHER (ENVIRONMENTAL) - EXPLAIN IN NARR,39.16305989,-86.5177173
1,5,1800.0,Bus,No injury/unknown,ROADWAY SURFACE CONDITION,39.16305989,-86.51773028
4,3,1300.0,2-Car,No injury/unknown,FAILURE TO YIELD RIGHT OF WAY,39.16305989,-86.51773028
6,6,1200.0,2-Car,Non-incapacitating,FOLLOWING TOO CLOSELY,39.16305989,-86.51773028
8,3,1300.0,2-Car,No injury/unknown,FAILURE TO YIELD RIGHT OF WAY,39.16305989,-86.51773028
10,4,1700.0,2-Car,No injury/unknown,UNSAFE BACKING,39.16305243,-86.5163888
1,4,1800.0,2-Car,No injury/unknown,IMPROPER LANE USAGE,39.16304983,-86.51638984
4,7,100.0,2-Car,Non-incapacitating,DISREGARD SIGNAL/REG SIGN,39.16304983,-86.51638984
10,5,1100.0,2-Car,No injury/unknown,SPEED TOO FAST FOR WEATHER CONDITIONS,39.16304983,-86.51638984
2,7,2000.0,1-Car,No injury/unknown,ANIMAL/OBJECT IN ROADWAY,39.16304,-86.5408
12,6,1300.0,2-Car,Non-incapacitating,DISREGARD SIGNAL/REG SIGN,39.16300972,-86.498124
6,2,1600.0,Bus,No injury/unknown,IMPROPER TURNING,39.16294992,-86.48080028
1,7,100.0,2-Car,No injury/unknown,FAILURE TO YIELD RIGHT OF WAY,39.162895,-86.580246
10,5,800.0,2-Car,Non-incapacitating,UNSAFE LANE MOVEMENT,39.16285001,-86.53362974
9,3,1700.0,Cyclist,Incapacitating,IMPROPER TURNING,39.16285001,-86.53494
6,4,1800.0,2-Car,Non-incapacitating,FAILURE TO YIELD RIGHT OF WAY,39.162848,-86.527184
2,6,1100.0,2-Car,No injury/unknown,FAILURE TO YIELD RIGHT OF WAY,39.162848,-86.5324
4,7,1800.0,2-Car,No injury/unknown,OTHER (DRIVER) - EXPLAIN IN NARRATIVE,39.162848,-86.5324
6,6,1600.0,2-Car,No injury/unknown,IMPROPER PASSING,39.16283995,-86.53238989
1,7,1400.0,2-Car,No injury/unknown,UNSAFE BACKING,39.16272914,-86.53483429
10,6,200.0,3+ Cars,No injury/unknown,OTHER (DRIVER) - EXPLAIN IN NARRATIVE,39.16271068,-86.52974556
2,5,1300.0,2-Car,No injury/unknown,UNSAFE BACKING,39.162685,-86.53008192
2,6,1000.0,2-Car,No injury/unknown,OTHER (DRIVER) - EXPLAIN IN NARRATIVE,39.162682,-86.529694
8,4,800.0,1-Car,No injury/unknown,RAN OFF ROAD RIGHT,39.16265869,-86.54165649
11,4,2000.0,1-Car,No injury/unknown,UNSAFE BACKING,39.16265869,-86.54165649
7,2,900.0,2-Car,Non-incapacitating,FAILURE TO YIELD RIGHT OF WAY,39.162656,-86.413296
12,4,2200.0,1-Car,No injury/unknown,ANIMAL/OBJECT IN ROADWAY,39.16254879,-86.41318576
4,3,1600.0,2-Car,No injury/unknown,UNSAFE LANE MOVEMENT,39.16254494,-86.58292002
2,2,1600.0,2-Car,No injury/unknown,UNSAFE LANE MOVEMENT,39.16252809,-86.53485015
11,2,1300.0,2-Car,No injury/unknown,OTHER (DRIVER) - EXPLAIN IN NARRATIVE,39.16252809,-86.53485015
10,2,1700.0,1-Car,No injury/unknown,IMPROPER TURNING,39.16251373,-86.58200836
1,3,900.0,Bus,No injury/unknown,UNSAFE LANE MOVEMENT,39.1624866,-86.5429434
12,6,1600.0,2-Car,No injury/unknown,,39.1624,-86.538592
9,1,1900.0,2-Car,No injury/unknown,OTHER (DRIVER) - EXPLAIN IN NARRATIVE,39.16235849,-86.47618889
7,2,1600.0,3+ Cars,Non-incapacitating,FOLLOWING TOO CLOSELY,39.16230252,-86.53867967
4,2,1700.0,2-Car,Incapacitating,FAILURE TO YIELD RIGHT OF WAY,39.16225992,-86.52728331
1,5,100.0,2-Car,No injury/unknown,,39.16224986,-86.52590967
7,4,100.0,2-Car,No injury/unknown,FAILURE TO YIELD RIGHT OF WAY,39.16224,-86.516368
8,5,900.0,2-Car,No injury/unknown,IMPROPER LANE USAGE,39.16224,-86.5176
11,2,2200.0,2-Car,No injury/unknown,FAILURE TO YIELD RIGHT OF WAY,39.16224,-86.525824
2,1,700.0,1-Car,Non-incapacitating,LEFT OF CENTER,39.16222,-86.58275355
10,4,1200.0,2-Car,No injury/unknown,FAILURE TO YIELD RIGHT OF WAY,39.16221969,-86.52402006
3,3,1500.0,2-Car,No injury/unknown,FOLLOWING TOO CLOSELY,39.16221835,-86.5387474
2,2,1600.0,2-Car,Non-incapacitating,FAILURE TO YIELD RIGHT OF WAY,39.1622103,-86.52019992
8,5,2100.0,2-Car,No injury/unknown,UNSAFE BACKING,39.16220093,-86.49866485
1,6,1700.0,2-Car,No injury/unknown,FAILURE TO YIELD RIGHT OF WAY,39.16220024,-86.51913978
6,3,1300.0,2-Car,No injury/unknown,FAILURE TO YIELD RIGHT OF WAY,39.16218013,-86.51637978
10,7,1300.0,2-Car,Non-incapacitating,LEFT OF CENTER,39.16195325,-86.59598708
12,2,1400.0,2-Car,No injury/unknown,OTHER (VEHICLE) - EXPLAIN IN NARRATIVE,39.16191346,-86.49789927
9,3,1900.0,2-Car,No injury/unknown,,39.1619072,-86.47730255
9,3,700.0,2-Car,No injury/unknown,FAILURE TO YIELD RIGHT OF WAY,39.16189999,-86.537296
7,4,1700.0,2-Car,No injury/unknown,UNSAFE BACKING,39.16180998,-86.56743228
4,1,1600.0,2-Car,No injury/unknown,UNSAFE BACKING,39.16177176,-86.567327
10,3,1700.0,2-Car,No injury/unknown,UNSAFE BACKING,39.1617503,-86.56746782
4,7,1000.0,2-Car,No injury/unknown,UNSAFE BACKING,39.16171275,-86.56736254
7,4,1200.0,2-Car,No injury/unknown,,39.16169129,-86.56750336
8,3,1500.0,1-Car,No injury/unknown,RAN OFF ROAD RIGHT,39.16163228,-86.5675389
4,6,0.0,2-Car,No injury/unknown,,39.16160965,-86.50016784
3,6,800.0,2-Car,Incapacitating,DRIVER DISTRACTED - EXPLAIN IN NARRATIVE,39.16158141,-86.55998992
7,3,2200.0,1-Car,No injury/unknown,OTHER (VEHICLE) - EXPLAIN IN NARRATIVE,39.16154417,-86.54035571
5,5,700.0,2-Car,No injury/unknown,IMPROPER TURNING,39.16153675,-86.53981487
2,3,900.0,2-Car,No injury/unknown,FOLLOWING TOO CLOSELY,39.16152,-86.538592
3,4,600.0,3+ Cars,Non-incapacitating,VIEW OBSTRUCTED,39.16152,-86.538592
5,7,2300.0,Cyclist,Non-incapacitating,FAILURE TO YIELD RIGHT OF WAY,39.16152,-86.538592
7,5,1300.0,2-Car,Non-incapacitating,DISREGARD SIGNAL/REG SIGN,39.16152,-86.538592
11,6,2100.0,2-Car,No injury/unknown,FOLLOWING TOO CLOSELY,39.16145959,-86.53555315
3,6,1500.0,2-Car,No injury/unknown,OTHER (DRIVER) - EXPLAIN IN NARRATIVE,39.16145392,-86.56764551
4,7,1800.0,2-Car,No injury/unknown,FAILURE TO YIELD RIGHT OF WAY,39.16145392,-86.56764551
6,6,0.0,Moped/Motorcycle,Non-incapacitating,WRONG WAY ON ONE WAY,39.16144,-86.527152
7,4,1900.0,2-Car,No injury/unknown,OTHER (DRIVER) - EXPLAIN IN NARRATIVE,39.16144,-86.527152
8,1,800.0,1-Car,No injury/unknown,RAN OFF ROAD RIGHT,39.16144,-86.52929516
9,7,800.0,1-Car,No injury/unknown,RAN OFF ROAD RIGHT,39.16144,-86.52952758
8,6,1300.0,1-Car,No injury/unknown,RAN OFF ROAD RIGHT,39.16144,-86.52976
8,7,1200.0,2-Car,No injury/unknown,FAILURE TO YIELD RIGHT OF WAY,39.16144,-86.52976
12,3,1300.0,2-Car,No injury/unknown,FAILURE TO YIELD RIGHT OF WAY,39.16144,-86.52976
3,3,1200.0,2-Car,No injury/unknown,FAILURE TO YIELD RIGHT OF WAY,39.16144,-86.531056
9,2,1700.0,2-Car,No injury/unknown,,39.16144,-86.5324
9,6,1600.0,2-Car,No injury/unknown,FOLLOWING TOO CLOSELY,39.16144,-86.5324
9,4,1300.0,2-Car,No injury/unknown,BRAKE FAILURE OR DEFECTIVE,39.16144,-86.5336
6,1,1000.0,2-Car,Non-incapacitating,DISREGARD SIGNAL/REG SIGN,39.16144,-86.534848
4,5,2000.0,2-Car,No injury/unknown,FOLLOWING TOO CLOSELY,39.16144,-86.534848
1,1,200.0,Moped/Motorcycle,Non-incapacitating,OTHER (DRIVER) - EXPLAIN IN NARRATIVE,39.16142978,-86.54613591
9,1,1400.0,2-Car,Non-incapacitating,DISREGARD SIGNAL/REG SIGN,39.16142978,-86.54614023
11,6,1100.0,2-Car,No injury/unknown,FOLLOWING TOO CLOSELY,39.16142978,-86.54614456
3,4,1400.0,2-Car,Non-incapacitating,FOLLOWING TOO CLOSELY,39.16142978,-86.54614889
3,3,1700.0,1-Car,Incapacitating,RAN OFF ROAD RIGHT,39.16142978,-86.54615754
6,2,1700.0,3+ Cars,No injury/unknown,FOLLOWING TOO CLOSELY,39.16141033,-86.54224969
10,6,1400.0,3+ Cars,Non-incapacitating,FOLLOWING TOO CLOSELY,39.16141033,-86.54224969
7,7,1000.0,2-Car,No injury/unknown,FOLLOWING TOO CLOSELY,39.16140027,-86.53362974
10,2,300.0,1-Car,No injury/unknown,UNSAFE SPEED,39.16140027,-86.53362974
10,2,700.0,Cyclist,Non-incapacitating,FAILURE TO YIELD RIGHT OF WAY,39.16140027,-86.53362974
11,4,1500.0,1-Car,No injury/unknown,IMPROPER TURNING,39.16140027,-86.53362974
12,7,2200.0,2-Car,No injury/unknown,FAILURE TO YIELD RIGHT OF WAY,39.16140027,-86.53362974