Month,Day,Hour,Collision Type,Injury Type,Primary Factor,Latitude,Longitude
4,6,1700.0,Pedestrian,Non-incapacitating,PEDESTRIAN ACTION,39.16140027,-86.53364272
1,6,800.0,2-Car,No injury/unknown,OVERCORRECTING/OVERSTEERING,39.16140027,-86.53858374
12,2,1600.0,2-Car,No injury/unknown,FAILURE TO YIELD RIGHT OF WAY,39.16140027,-86.53865297
1,5,700.0,2-Car,Non-incapacitating,FOLLOWING TOO CLOSELY,39.16140027,-86.53867028
2,3,1400.0,2-Car,No injury/unknown,SPEED TOO FAST FOR WEATHER CONDITIONS,39.16140027,-86.53867028
6,3,900.0,2-Car,No injury/unknown,DISREGARD SIGNAL/REG SIGN,39.16140027,-86.53867028
6,3,1300.0,2-Car,Non-incapacitating,FOLLOWING TOO CLOSELY,39.16140027,-86.53867028
4,4,800.0,2-Car,No injury/unknown,FAILURE TO YIELD RIGHT OF WAY,39.16140027,-86.53867028
6,6,800.0,2-Car,Non-incapacitating,FAILURE TO YIELD RIGHT OF WAY,39.16140027,-86.53867028
12,4,1600.0,2-Car,No injury/unknown,FAILURE TO YIELD RIGHT OF WAY,39.16140027,-86.53867028
12,2,1600.0,2-Car,No injury/unknown,FAILURE TO YIELD RIGHT OF WAY,39.16140027,-86.53867028
7,4,1500.0,2-Car,Non-incapacitating,FOLLOWING TOO CLOSELY,39.16139022,-86.53630994
11,6,1700.0,3+ Cars,No injury/unknown,FOLLOWING TOO CLOSELY,39.16139022,-86.53630994
11,5,900.0,2-Car,No injury/unknown,FOLLOWING TOO CLOSELY,39.16139022,-86.53630994
9,3,700.0,2-Car,No injury/unknown,DISREGARD SIGNAL/REG SIGN,39.16138016,-86.53492994
11,3,1600.0,2-Car,No injury/unknown,FAILURE TO YIELD RIGHT OF WAY,39.16138016,-86.53492994
12,5,1100.0,2-Car,Non-incapacitating,DISREGARD SIGNAL/REG SIGN,39.16138016,-86.53492994
9,5,600.0,2-Car,Non-incapacitating,IMPROPER LANE USAGE,39.16138016,-86.53493427
7,1,1200.0,2-Car,No injury/unknown,FAILURE TO YIELD RIGHT OF WAY,39.16137851,-86.53492981
2,5,1100.0,2-Car,No injury/unknown,UNSAFE BACKING,39.16137077,-86.54158517
1,7,100.0,Cyclist,No injury/unknown,OTHER (VEHICLE) - EXPLAIN IN NARRATIVE,39.16136004,-86.53241001
10,4,2200.0,2-Car,No injury/unknown,FOLLOWING TOO CLOSELY,39.16136004,-86.53241001
10,6,1200.0,2-Car,No injury/unknown,OTHER (DRIVER) - EXPLAIN IN NARRATIVE,39.16135535,-86.53980821
9,3,1900.0,2-Car,No injury/unknown,FAILURE TO YIELD RIGHT OF WAY,39.16134998,-86.52841016
10,7,1400.0,2-Car,No injury/unknown,FAILURE TO YIELD RIGHT OF WAY,39.16134998,-86.52841449
7,2,300.0,1-Car,No injury/unknown,RAN OFF ROAD RIGHT,39.16131981,-86.52399994
5,7,1000.0,2-Car,No injury/unknown,DISREGARD SIGNAL/REG SIGN,39.161312,-86.522576
1,1,1600.0,2-Car,No injury/unknown,OTHER (DRIVER) - EXPLAIN IN NARRATIVE,39.16130509,-86.52222332
11,3,1200.0,2-Car,No injury/unknown,UNSAFE BACKING,39.161296,-86.589792
5,1,2100.0,1-Car,No injury/unknown,ANIMAL/OBJECT IN ROADWAY,39.16121292,-86.59181007
4,4,1400.0,Pedestrian,Non-incapacitating,FAILURE TO YIELD RIGHT OF WAY,39.161168,-86.516352
8,5,2000.0,2-Car,No injury/unknown,FAILURE TO YIELD RIGHT OF WAY,39.161168,-86.516352
6,7,1100.0,2-Car,No injury/unknown,FAILURE TO YIELD RIGHT OF WAY,39.16115717,-86.53485253
4,2,1900.0,2-Car,No injury/unknown,OTHER (DRIVER) - EXPLAIN IN NARRATIVE,39.16115717,-86.53485253
5,5,1200.0,2-Car,No injury/unknown,OTHER (DRIVER) - EXPLAIN IN NARRATIVE,39.16115717,-86.53485253
12,1,1100.0,2-Car,No injury/unknown,,39.16115717,-86.53485253
12,7,2200.0,Pedestrian,Non-incapacitating,VIEW OBSTRUCTED,39.16115717,-86.53485253
7,3,1700.0,2-Car,No injury/unknown,FAILURE TO YIELD RIGHT OF WAY,39.16106969,-86.52019992
3,4,800.0,2-Car,No injury/unknown,FAILURE TO YIELD RIGHT OF WAY,39.16106969,-86.52264006
4,4,1000.0,2-Car,No injury/unknown,DISREGARD SIGNAL/REG SIGN,39.16106969,-86.52264006
10,4,1600.0,2-Car,No injury/unknown,DISREGARD SIGNAL/REG SIGN,39.16106969,-86.52264006
10,2,1400.0,2-Car,No injury/unknown,DISREGARD SIGNAL/REG SIGN,39.1610603,-86.51913978
5,6,1700.0,2-Car,Non-incapacitating,FOLLOWING TOO CLOSELY,39.161048890000004,-86.55483245
11,2,900.0,2-Car,No injury/unknown,IMPROPER TURNING,39.161048890000004,-86.55483245
12,2,1800.0,2-Car,No injury/unknown,UNSAFE BACKING,39.161048890000004,-86.55483245
9,6,1500.0,2-Car,No injury/unknown,UNSAFE BACKING,39.16101225,-86.5336
1,3,1600.0,2-Car,No injury/unknown,FAILURE TO YIELD RIGHT OF WAY,39.16099325,-86.50563217
4,2,1500.0,2-Car,No injury/unknown,,39.16097581,-86.4992237
9,2,1500.0,Cyclist,Non-incapacitating,PEDESTRIAN ACTION,39.16094401,-86.49857798
3,6,1900.0,2-Car,Non-incapacitating,FAILURE TO YIELD RIGHT OF WAY,39.160944,-86.497696
8,5,1400.0,3+ Cars,Non-incapacitating,BRAKE FAILURE OR DEFECTIVE,39.160944,-86.497696
8,5,1100.0,2-Car,No injury/unknown,FAILURE TO YIELD RIGHT OF WAY,39.160944,-86.497696
12,4,1700.0,2-Car,No injury/unknown,SPEED TOO FAST FOR WEATHER CONDITIONS,39.160944,-86.497696
12,6,1100.0,2-Car,No injury/unknown,FAILURE TO YIELD RIGHT OF WAY,39.160944,-86.497696
9,7,1300.0,2-Car,No injury/unknown,LEFT OF CENTER,39.160944,-86.509584
3,3,2100.0,2-Car,No injury/unknown,IMPROPER TURNING,39.16094027,-86.49772033
5,2,1100.0,2-Car,No injury/unknown,FOLLOWING TOO CLOSELY,39.16094027,-86.49772033
8,7,1500.0,2-Car,No injury/unknown,IMPROPER LANE USAGE,39.16094027,-86.49772033
10,4,2100.0,2-Car,No injury/unknown,FAILURE TO YIELD RIGHT OF WAY,39.16094027,-86.49772033
10,6,1900.0,Bus,No injury/unknown,IMPROPER LANE USAGE,39.16094027,-86.49772033
10,2,1900.0,3+ Cars,Non-incapacitating,FAILURE TO YIELD RIGHT OF WAY,39.16094027,-86.49772033
11,6,1800.0,2-Car,No injury/unknown,FOLLOWING TOO CLOSELY,39.16094027,-86.49772033
6,3,1100.0,2-Car,No injury/unknown,FAILURE TO YIELD RIGHT OF WAY,39.16092016,-86.50238485
7,2,1100.0,2-Car,No injury/unknown,FOLLOWING TOO CLOSELY,39.16092016,-86.50244973
1,4,1900.0,2-Car,Non-incapacitating,FOLLOWING TOO CLOSELY,39.16092016,-86.50246271
2,3,800.0,Bus,No injury/unknown,IMPROPER LANE USAGE,39.16089069,-86.5336
4,3,1700.0,2-Car,No injury/unknown,FAILURE TO YIELD RIGHT OF WAY,39.16087376,-86.57777018
7,5,1700.0,2-Car,No injury/unknown,FOLLOWING TOO CLOSELY,39.16082394,-86.53859987
12,4,1700.0,3+ Cars,No injury/unknown,FOLLOWING TOO CLOSELY,39.16075395,-86.56252288
10,5,1100.0,2-Car,Incapacitating,FAILURE TO YIELD RIGHT OF WAY,39.16075,-86.54851238
1,1,1600.0,2-Car,Non-incapacitating,FAILURE TO YIELD RIGHT OF WAY,39.16074984,-86.54850997
3,2,1200.0,2-Car,No injury/unknown,FOLLOWING TOO CLOSELY,39.16074984,-86.54850997
3,6,1200.0,3+ Cars,No injury/unknown,FOLLOWING TOO CLOSELY,39.16074984,-86.54850997
4,7,2300.0,2-Car,No injury/unknown,UNSAFE BACKING,39.16074984,-86.54850997
8,4,2200.0,2-Car,No injury/unknown,BRAKE FAILURE OR DEFECTIVE,39.16074984,-86.54850997
6,7,1700.0,2-Car,Non-incapacitating,FOLLOWING TOO CLOSELY,39.16074984,-86.54850997
7,3,800.0,2-Car,Non-incapacitating,OTHER (DRIVER) - EXPLAIN IN NARRATIVE,39.16074984,-86.54850997
9,3,1700.0,3+ Cars,No injury/unknown,SPEED TOO FAST FOR WEATHER CONDITIONS,39.16074984,-86.54850997
9,7,1500.0,2-Car,No injury/unknown,FOLLOWING TOO CLOSELY,39.16074984,-86.54850997
10,6,1600.0,3+ Cars,Non-incapacitating,FOLLOWING TOO CLOSELY,39.16074984,-86.54850997
11,6,800.0,2-Car,Non-incapacitating,FOLLOWING TOO CLOSELY,39.16074984,-86.54850997
12,7,1800.0,2-Car,No injury/unknown,FOLLOWING TOO CLOSELY,39.16074984,-86.54850997
12,5,800.0,2-Car,No injury/unknown,FOLLOWING TOO CLOSELY,39.16074984,-86.54850997
9,4,1600.0,2-Car,No injury/unknown,,39.1606636,-86.50541687
7,2,1700.0,2-Car,No injury/unknown,UNSAFE BACKING,39.160544,-86.5508
1,5,1400.0,2-Car,No injury/unknown,OTHER (DRIVER) - EXPLAIN IN NARRATIVE,39.16051246,-86.55401453
7,5,1400.0,1-Car,No injury/unknown,OTHER (DRIVER) - EXPLAIN IN NARRATIVE,39.16051246,-86.55401453
10,3,1100.0,2-Car,No injury/unknown,OTHER (DRIVER) - EXPLAIN IN NARRATIVE,39.16042462,-86.55086025
9,5,1700.0,2-Car,No injury/unknown,FOLLOWING TOO CLOSELY,39.16037969,-86.55082142
9,3,700.0,2-Car,No injury/unknown,FAILURE TO YIELD RIGHT OF WAY,39.16034765,-86.53071925
5,3,1700.0,Cyclist,Non-incapacitating,FAILURE TO YIELD RIGHT OF WAY,39.160304,-86.52256
12,7,1700.0,3+ Cars,Non-incapacitating,FAILURE TO YIELD RIGHT OF WAY,39.160304,-86.52392
2,6,2200.0,2-Car,No injury/unknown,UNSAFE BACKING,39.16021541,-86.55312471
9,3,1600.0,2-Car,No injury/unknown,UNSAFE BACKING,39.15998862,-86.55307876
2,6,1500.0,2-Car,No injury/unknown,OTHER (DRIVER) - EXPLAIN IN NARRATIVE,39.1599617,-86.53781127
11,2,1300.0,2-Car,No injury/unknown,OTHER (DRIVER) - EXPLAIN IN NARRATIVE,39.1599617,-86.53781127
9,5,1600.0,2-Car,No injury/unknown,FAILURE TO YIELD RIGHT OF WAY,39.15993981,-86.55382007
10,3,900.0,2-Car,No injury/unknown,OTHER (DRIVER) - EXPLAIN IN NARRATIVE,39.15993981,-86.55382007
10,3,1700.0,2-Car,No injury/unknown,FAILURE TO YIELD RIGHT OF WAY,39.15993981,-86.55382007
2,1,100.0,1-Car,No injury/unknown,RAN OFF ROAD RIGHT,39.15985195,-86.53487341
5,3,1000.0,2-Car,No injury/unknown,VIEW OBSTRUCTED,39.1596756,-86.55188751
11,6,2200.0,2-Car,No injury/unknown,IMPROPER PASSING,39.1596,-86.490784
9,1,1600.0,2-Car,No injury/unknown,FAILURE TO YIELD RIGHT OF WAY,39.15958831,-86.52694031
2,2,1400.0,2-Car,No injury/unknown,UNSAFE BACKING,39.15954045,-86.546143
8,6,1100.0,2-Car,Non-incapacitating,FOLLOWING TOO CLOSELY,39.1595389,-86.47155494
4,6,1100.0,2-Car,No injury/unknown,UNSAFE LANE MOVEMENT,39.15944,-86.53488
4,2,1200.0,2-Car,Incapacitating,FOLLOWING TOO CLOSELY,39.15944,-86.53488
12,6,800.0,2-Car,No injury/unknown,DISREGARD SIGNAL/REG SIGN,39.15944,-86.53488
12,4,1000.0,2-Car,No injury/unknown,UNSAFE BACKING,39.15944,-86.555296
9,2,900.0,Bus,No injury/unknown,LEFT OF CENTER,39.15943019,-86.49062991
11,4,1300.0,2-Car,No injury/unknown,SPEED TOO FAST FOR WEATHER CONDITIONS,39.15943019,-86.49062991
9,4,2300.0,Cyclist,No injury/unknown,FAILURE TO YIELD RIGHT OF WAY,39.15938996,-86.53629988
4,6,1400.0,Moped/Motorcycle,No injury/unknown,FOLLOWING TOO CLOSELY,39.15936984,-86.53499029
9,6,1400.0,3+ Cars,Non-incapacitating,FOLLOWING TOO CLOSELY,39.15935978,-86.53365992
10,6,900.0,2-Car,No injury/unknown,FOLLOWING TOO CLOSELY,39.15935978,-86.53365992
8,3,1300.0,1-Car,Incapacitating,DRIVER ILLNESS,39.159344,-86.51893616
12,1,1400.0,2-Car,Non-incapacitating,FAILURE TO YIELD RIGHT OF WAY,39.159344,-86.520096
4,4,800.0,2-Car,No injury/unknown,DISREGARD SIGNAL/REG SIGN,39.159344,-86.5336
7,5,1100.0,2-Car,No injury/unknown,DISREGARD SIGNAL/REG SIGN,39.159344,-86.5336
12,5,1400.0,2-Car,No injury/unknown,DISREGARD SIGNAL/REG SIGN,39.159344,-86.5336
5,2,1900.0,2-Car,No injury/unknown,FAILURE TO YIELD RIGHT OF WAY,39.15927999,-86.52019992
1,3,1200.0,2-Car,Non-incapacitating,FOLLOWING TOO CLOSELY,39.15925987,-86.55527986
2,3,1300.0,2-Car,No injury/unknown,IMPROPER TURNING,39.15925987,-86.55527986
9,3,1100.0,2-Car,Non-incapacitating,FAILURE TO YIELD RIGHT OF WAY,39.159248,-86.508288
12,6,300.0,2-Car,No injury/unknown,UNSAFE SPEED,39.15919751,-86.56694814
3,6,1700.0,2-Car,No injury/unknown,UNSAFE SPEED,39.15917002,-86.48069031
12,5,1100.0,2-Car,No injury/unknown,FAILURE TO YIELD RIGHT OF WAY,39.15916114,-86.5336
9,1,1300.0,2-Car,No injury/unknown,UNSAFE BACKING,39.15899037,-86.50968911
8,6,1500.0,1-Car,No injury/unknown,OTHER (DRIVER) - EXPLAIN IN NARRATIVE,39.15896988,-86.49852752
5,5,1200.0,2-Car,No injury/unknown,UNSAFE BACKING,39.15895544,-86.56739205
10,7,800.0,1-Car,No injury/unknown,OVERCORRECTING/OVERSTEERING,39.15888977,-86.66201885
1,2,300.0,2-Car,No injury/unknown,RAN OFF ROAD RIGHT,39.15853882,-86.51346588
7,4,1300.0,2-Car,No injury/unknown,FAILURE TO YIELD RIGHT OF WAY,39.15851277,-86.53369009
2,2,1500.0,3+ Cars,No injury/unknown,UNSAFE LANE MOVEMENT,39.158448,-86.5336
7,3,1300.0,2-Car,No injury/unknown,FOLLOWING TOO CLOSELY,39.15835953,-86.58262325
7,6,1100.0,2-Car,No injury/unknown,FAILURE TO YIELD RIGHT OF WAY,39.15835953,-86.58264923
7,4,1600.0,2-Car,No injury/unknown,FOLLOWING TOO CLOSELY,39.15835953,-86.58264923
10,1,1600.0,2-Car,Non-incapacitating,FAILURE TO YIELD RIGHT OF WAY,39.15835953,-86.58264923
10,7,1500.0,2-Car,Non-incapacitating,FAILURE TO YIELD RIGHT OF WAY,39.15835953,-86.58264923
11,4,1000.0,2-Car,No injury/unknown,FOLLOWING TOO CLOSELY,39.15835953,-86.58264923
1,2,1700.0,2-Car,No injury/unknown,FAILURE TO YIELD RIGHT OF WAY,39.15831976,-86.49611033
5,2,1200.0,2-Car,No injury/unknown,FAILURE TO YIELD RIGHT OF WAY,39.15831976,-86.49611033
10,1,1300.0,2-Car,No injury/unknown,IMPROPER TURNING,39.15831976,-86.49611033
1,6,1200.0,3+ Cars,Non-incapacitating,DISREGARD SIGNAL/REG SIGN,39.15816,-86.497792
1,3,2000.0,2-Car,Non-incapacitating,FOLLOWING TOO CLOSELY,39.15816,-86.497792
2,6,1700.0,2-Car,No injury/unknown,FAILURE TO YIELD RIGHT OF WAY,39.15816,-86.497792
9,2,1100.0,2-Car,No injury/unknown,OTHER (DRIVER) - EXPLAIN IN NARRATIVE,39.15816,-86.497792
10,2,1000.0,Cyclist,No injury/unknown,FAILURE TO YIELD RIGHT OF WAY,39.15816,-86.497792
10,2,1400.0,3+ Cars,Non-incapacitating,FOLLOWING TOO CLOSELY,39.15816,-86.497792
11,6,1000.0,2-Car,No injury/unknown,IMPROPER TURNING,39.15816,-86.497792
6,2,1200.0,2-Car,Non-incapacitating,FAILURE TO YIELD RIGHT OF WAY,39.15810987,-86.49788998
5,5,1200.0,2-Car,No injury/unknown,DISREGARD SIGNAL/REG SIGN,39.15810987,-86.49788998
10,2,1300.0,2-Car,No injury/unknown,DRIVER DISTRACTED - EXPLAIN IN NARRATIVE,39.15810987,-86.49788998
7,3,1700.0,Moped/Motorcycle,Non-incapacitating,FAILURE TO YIELD RIGHT OF WAY,39.15805019,-86.58263973
9,6,1100.0,2-Car,No injury/unknown,CELL PHONE USAGE,39.15805019,-86.58376023
2,3,1300.0,2-Car,No injury/unknown,FOLLOWING TOO CLOSELY,39.15802002,-86.55768653
6,7,800.0,2-Car,No injury/unknown,FAILURE TO YIELD RIGHT OF WAY,39.157952,-86.527088
8,6,1000.0,2-Car,No injury/unknown,FAILURE TO YIELD RIGHT OF WAY,39.15781021,-86.49728393
6,1,2300.0,2-Car,No injury/unknown,BRAKE FAILURE OR DEFECTIVE,39.15780305,-86.52020998
10,4,800.0,2-Car,No injury/unknown,OTHER (DRIVER) - EXPLAIN IN NARRATIVE,39.157792,-86.508288
11,1,900.0,2-Car,No injury/unknown,DISREGARD SIGNAL/REG SIGN,39.157792,-86.508288
11,7,1000.0,2-Car,No injury/unknown,FAILURE TO YIELD RIGHT OF WAY,39.15777996,-86.51372976
3,4,900.0,1-Car,No injury/unknown,SPEED TOO FAST FOR WEATHER CONDITIONS,39.1577081,-86.56889006
2,7,100.0,2-Car,No injury/unknown,FAILURE TO YIELD RIGHT OF WAY,39.15756445,-86.53479809
8,3,1100.0,2-Car,No injury/unknown,FAILURE TO YIELD RIGHT OF WAY,39.15756002,-86.53479985
6,5,2000.0,2-Car,No injury/unknown,UNSAFE BACKING,39.15751979,-86.54101265
9,7,1100.0,2-Car,No injury/unknown,FAILURE TO YIELD RIGHT OF WAY,39.157504,-86.531104
8,5,900.0,2-Car,No injury/unknown,DISREGARD SIGNAL/REG SIGN,39.15747017,-86.53869979
12,5,1000.0,2-Car,No injury/unknown,FAILURE TO YIELD RIGHT OF WAY,39.15747017,-86.53869979
7,4,1300.0,1-Car,No injury/unknown,IMPROPER TURNING,39.15746011,-86.53749011
8,3,1300.0,2-Car,No injury/unknown,FAILURE TO YIELD RIGHT OF WAY,39.15738511,-86.53242936
3,2,1000.0,2-Car,No injury/unknown,FAILURE TO YIELD RIGHT OF WAY,39.15737025,-86.53130024
5,4,1600.0,2-Car,No injury/unknown,FAILURE TO YIELD RIGHT OF WAY,39.15737025,-86.53130024
12,6,1300.0,2-Car,Non-incapacitating,FAILURE TO YIELD RIGHT OF WAY,39.15737025,-86.53130024
6,7,700.0,2-Car,No injury/unknown,UNSAFE BACKING,39.15734482,-86.57202148
9,7,1800.0,2-Car,No injury/unknown,FOLLOWING TOO CLOSELY,39.157248,-86.559792
6,1,400.0,1-Car,No injury/unknown,IMPROPER LANE USAGE,39.15717697,-86.58368682
7,3,1200.0,2-Car,No injury/unknown,UNSAFE BACKING,39.15717697,-86.58368682
2,6,700.0,2-Car,Non-incapacitating,FOLLOWING TOO CLOSELY,39.15710002,-86.55969441
6,1,1600.0,2-Car,No injury/unknown,FAILURE TO YIELD RIGHT OF WAY,39.15699609,-86.4977505
4,5,800.0,1-Car,No injury/unknown,SPEED TOO FAST FOR WEATHER CONDITIONS,39.15699266,-86.49695992
4,5,800.0,2-Car,No injury/unknown,FOLLOWING TOO CLOSELY,39.15699266,-86.49695992
10,1,1400.0,2-Car,No injury/unknown,FOLLOWING TOO CLOSELY,39.156896,-86.582704
5,1,1600.0,2-Car,No injury/unknown,UNSAFE BACKING,39.15684128,-86.54282379
1,5,1600.0,2-Car,No injury/unknown,UNSAFE BACKING,39.15675603,-86.48058436
5,7,100.0,1-Car,No injury/unknown,RAN OFF ROAD RIGHT,39.15669031,-86.57108008
4,4,1200.0,2-Car,No injury/unknown,FOLLOWING TOO CLOSELY,39.15667937,-86.57913006
1,6,800.0,2-Car,No injury/unknown,IMPROPER LANE USAGE,39.1566702,-86.58263973
4,4,1200.0,2-Car,No injury/unknown,DISREGARD SIGNAL/REG SIGN,39.1566702,-86.58263973
9,6,400.0,2-Car,Non-incapacitating,FAILURE TO YIELD RIGHT OF WAY,39.1566702,-86.58263973
5,7,2100.0,1-Car,No injury/unknown,UNSAFE BACKING,39.15665817,-86.53293609
12,2,2200.0,1-Car,No injury/unknown,RAN OFF ROAD RIGHT,39.156576,-86.53112
6,5,1600.0,1-Car,No injury/unknown,OTHER (DRIVER) - EXPLAIN IN NARRATIVE,39.15651329,-86.49772904
2,1,800.0,2-Car,Incapacitating,CELL PHONE USAGE,39.15638351,-86.55406938
1,2,1100.0,2-Car,Non-incapacitating,FAILURE TO YIELD RIGHT OF WAY,39.15612973,-86.56139999
5,4,1700.0,2-Car,Incapacitating,DRIVER ILLNESS,39.15612973,-86.56139999
11,7,400.0,2-Car,No injury/unknown,,39.156128,-86.560912
6,5,1600.0,2-Car,No injury/unknown,FAILURE TO YIELD RIGHT OF WAY,39.15596509,-86.5282499
2,4,1600.0,2-Car,No injury/unknown,FOLLOWING TOO CLOSELY,39.155952,-86.550592
3,3,1800.0,2-Car,No injury/unknown,FAILURE TO YIELD RIGHT OF WAY,39.155952,-86.550592
10,3,500.0,Cyclist,Non-incapacitating,FAILURE TO YIELD RIGHT OF WAY,39.15586017,-86.5505368
4,6,1500.0,2-Car,No injury/unknown,FAILURE TO YIELD RIGHT OF WAY,39.15586017,-86.55054979
7,3,2300.0,2-Car,No injury/unknown,FAILURE TO YIELD RIGHT OF WAY,39.15586017,-86.55054979
7,5,1200.0,2-Car,No injury/unknown,OTHER (VEHICLE) - EXPLAIN IN NARRATIVE,39.15584,-86.506496
8,6,1800.0,2-Car,Non-incapacitating,DRIVER DISTRACTED - EXPLAIN IN NARRATIVE,39.155776,-86.538592
9,6,1600.0,2-Car,Non-incapacitating,FAILURE TO YIELD RIGHT OF WAY,39.1557502,-86.54797017
2,1,2000.0,2-Car,No injury/unknown,FOLLOWING TOO CLOSELY,39.15572549,-86.51566028
12,3,900.0,1-Car,No injury/unknown,ROADWAY SURFACE CONDITION,39.15567612,-86.58483597
3,6,1500.0,2-Car,No injury/unknown,OVERCORRECTING/OVERSTEERING,39.1556523,-86.5227165
4,4,1100.0,2-Car,No injury/unknown,UNSAFE BACKING,39.15565029,-86.54431968
6,7,1600.0,2-Car,Non-incapacitating,SPEED TOO FAST FOR WEATHER CONDITIONS,39.15563017,-86.54330983
8,7,1300.0,2-Car,No injury/unknown,UNSAFE BACKING,39.15562615,-86.56230993
7,4,900.0,2-Car,No injury/unknown,,39.15560048,-86.53245497
3,3,1200.0,2-Car,No injury/unknown,DISREGARD SIGNAL/REG SIGN,39.15560048,-86.53245237
5,4,1400.0,2-Car,Non-incapacitating,FOLLOWING TOO CLOSELY,39.1556,-86.53368003
6,2,900.0,2-Car,No injury/unknown,FAILURE TO YIELD RIGHT OF WAY,39.15558994,-86.53874002
11,2,1800.0,1-Car,No injury/unknown,VIEW OBSTRUCTED,39.15558994,-86.53874002
9,5,1100.0,2-Car,Non-incapacitating,SPEED TOO FAST FOR WEATHER CONDITIONS,39.15546511,-86.56252288
11,6,1800.0,2-Car,No injury/unknown,FOLLOWING TOO CLOSELY,39.15546511,-86.56252288
8,6,300.0,1-Car,Incapacitating,RAN OFF ROAD RIGHT,39.15544,-86.512288
11,5,600.0,1-Car,No injury/unknown,ANIMAL/OBJECT IN ROADWAY,39.15544,-86.562192
3,6,1800.0,2-Car,No injury/unknown,FOLLOWING TOO CLOSELY,39.15543973,-86.5624997
12,5,2100.0,2-Car,No injury/unknown,SPEED TOO FAST FOR WEATHER CONDITIONS,39.15539909,-86.64539743
11,7,1000.0,3+ Cars,No injury/unknown,OVERCORRECTING/OVERSTEERING,39.15529288,-86.57032974
5,2,1700.0,2-Car,No injury/unknown,UNSAFE BACKING,39.15524058,-86.4948564
1,7,600.0,2-Car,Non-incapacitating,FAILURE TO YIELD RIGHT OF WAY,39.15518023,-86.49773977
3,3,700.0,2-Car,No injury/unknown,SPEED TOO FAST FOR WEATHER CONDITIONS,39.15518023,-86.49773977
3,3,800.0,2-Car,No injury/unknown,SPEED TOO FAST FOR WEATHER CONDITIONS,39.15518023,-86.49773977
5,2,800.0,2-Car,No injury/unknown,DISREGARD SIGNAL/REG SIGN,39.15518023,-86.49773977
10,3,1100.0,Cyclist,Non-incapacitating,FAILURE TO YIELD RIGHT OF WAY,39.15518023,-86.49773977
11,3,1600.0,2-Car,No injury/unknown,DISREGARD SIGNAL/REG SIGN,39.15518023,-86.49773977
10,2,1200.0,2-Car,No injury/unknown,FAILURE TO YIELD RIGHT OF WAY,39.15518023,-86.49774323
3,3,1800.0,2-Car,No injury/unknown,OTHER (DRIVER) - EXPLAIN IN NARRATIVE,39.155152,-86.497888
5,1,2300.0,2-Car,No injury/unknown,DISREGARD SIGNAL/REG SIGN,39.155152,-86.497888
6,6,1600.0,2-Car,No injury/unknown,FAILURE TO YIELD RIGHT OF WAY,39.155152,-86.497888
8,7,2200.0,2-Car,No injury/unknown,FAILURE TO YIELD RIGHT OF WAY,39.155152,-86.497888
12,3,1800.0,2-Car,No injury/unknown,IMPROPER TURNING,39.1551397,-86.49771233
7,7,1600.0,3+ Cars,No injury/unknown,OTHER (VEHICLE) - EXPLAIN IN NARRATIVE,39.1551172,-86.4975728
5,1,1600.0,2-Car,No injury/unknown,UNSAFE LANE MOVEMENT,39.15486977,-86.58261023
12,3,800.0,2-Car,No injury/unknown,UNSAFE BACKING,39.15480405,-86.58910855
5,6,100.0,2-Car,No injury/unknown,OTHER (DRIVER) - EXPLAIN IN NARRATIVE,39.15479198,-86.59007146
5,6,100.0,2-Car,No injury/unknown,OTHER (DRIVER) - EXPLAIN IN NARRATIVE,39.15479198,-86.59007146
7,2,600.0,1-Car,No injury/unknown,RAN OFF ROAD RIGHT,39.15463257,-86.64633178
2,4,2000.0,2-Car,No injury/unknown,,39.1546049,-86.49765931
12,3,300.0,1-Car,No injury/unknown,OVERCORRECTING/OVERSTEERING,39.15458914,-86.53453968
11,7,800.0,3+ Cars,No injury/unknown,UNSAFE BACKING,39.15457916,-86.49330139
12,6,1300.0,2-Car,No injury/unknown,OTHER (DRIVER) - EXPLAIN IN NARRATIVE,39.15452049,-86.51687869
6,5,1000.0,2-Car,No injury/unknown,OTHER (DRIVER) - EXPLAIN IN NARRATIVE,39.1544075,-86.50424194
11,6,1800.0,1-Car,No injury/unknown,ANIMAL/OBJECT IN ROADWAY,39.15439987,-86.62882971
11,7,1900.0,1-Car,No injury/unknown,ANIMAL/OBJECT IN ROADWAY,39.15439987,-86.62902029
12,7,2300.0,1-Car,No injury/unknown,RAN OFF ROAD RIGHT,39.1543702,-86.5903303
7,5,1700.0,2-Car,Non-incapacitating,FAILURE TO YIELD RIGHT OF WAY,39.154272,-86.564176
5,2,1600.0,2-Car,No injury/unknown,OVERCORRECTING/OVERSTEERING,39.15427029,-86.49764657
6,6,1600.0,1-Car,Non-incapacitating,UNSAFE SPEED,39.15427029,-86.49764657
8,7,200.0,2-Car,No injury/unknown,OTHER (DRIVER) - EXPLAIN IN NARRATIVE,39.15427029,-86.49764657
8,6,2200.0,2-Car,No injury/unknown,,39.15427029,-86.49764657