Month,Day,Hour,Collision Type,Injury Type,Primary Factor,Latitude,Longitude
11,2,1700.0,2-Car,No injury/unknown,IMPROPER TURNING,39.15427029,-86.49764657
3,3,1200.0,2-Car,No injury/unknown,FAILURE TO YIELD RIGHT OF WAY,39.15424012,-86.56435624
10,1,1700.0,Moped/Motorcycle,No injury/unknown,UNSAFE BACKING,39.15415898,-86.56969875
11,1,1400.0,2-Car,No injury/unknown,IMPROPER TURNING,39.15412578,-86.49786768
8,1,1400.0,2-Car,No injury/unknown,OTHER (DRIVER) - EXPLAIN IN NARRATIVE,39.15404582,-86.53741031
11,6,1700.0,2-Car,No injury/unknown,FOLLOWING TOO CLOSELY,39.15403576,-86.57913006
7,7,500.0,1-Car,No injury/unknown,RAN OFF ROAD RIGHT,39.15400507,-86.57251054
1,5,700.0,1-Car,No injury/unknown,RAN OFF ROAD RIGHT,39.153952,-86.561504
5,4,900.0,2-Car,No injury/unknown,UNSAFE BACKING,39.15394373,-86.56493045
8,7,1800.0,2-Car,No injury/unknown,,39.15384524,-86.5471702
4,7,2200.0,1-Car,No injury/unknown,RAN OFF ROAD RIGHT,39.15379018,-86.53875008
9,3,1700.0,3+ Cars,No injury/unknown,FOLLOWING TOO CLOSELY,39.15379018,-86.53875008
5,1,0.0,1-Car,No injury/unknown,OVERCORRECTING/OVERSTEERING,39.15379018,-86.53875873
1,5,1200.0,2-Car,No injury/unknown,FAILURE TO YIELD RIGHT OF WAY,39.15369588,-86.50241017
4,3,700.0,2-Car,No injury/unknown,FAILURE TO YIELD RIGHT OF WAY,39.15368356,-86.53781935
5,6,1500.0,2-Car,No injury/unknown,UNSAFE LANE MOVEMENT,39.15365982,-86.57530975
8,2,1700.0,Moped/Motorcycle,Incapacitating,FAILURE TO YIELD RIGHT OF WAY,39.15365982,-86.57530975
8,2,1600.0,2-Car,Non-incapacitating,FAILURE TO YIELD RIGHT OF WAY,39.15365982,-86.57530975
7,6,1600.0,2-Car,No injury/unknown,FOLLOWING TOO CLOSELY,39.15365982,-86.57530975
7,5,1700.0,3+ Cars,Non-incapacitating,FAILURE TO YIELD RIGHT OF WAY,39.15365982,-86.57530975
10,5,1700.0,3+ Cars,Non-incapacitating,FOLLOWING TOO CLOSELY,39.15365982,-86.57530975
11,6,1400.0,2-Car,No injury/unknown,FOLLOWING TOO CLOSELY,39.15365982,-86.57530975
11,4,600.0,2-Car,Incapacitating,FAILURE TO YIELD RIGHT OF WAY,39.15365982,-86.57530975
7,7,300.0,1-Car,Incapacitating,RAN OFF ROAD RIGHT,39.15363997,-86.53757996
9,7,1600.0,2-Car,No injury/unknown,OTHER (DRIVER) - EXPLAIN IN NARRATIVE,39.153622,-86.49202654
9,7,1600.0,2-Car,No injury/unknown,FAILURE TO YIELD RIGHT OF WAY,39.153622,-86.49202654
11,4,1100.0,2-Car,No injury/unknown,FAILURE TO YIELD RIGHT OF WAY,39.15344,-86.53377638
8,5,1300.0,2-Car,Non-incapacitating,DRIVER DISTRACTED - EXPLAIN IN NARRATIVE,39.15344,-86.5336
8,5,1700.0,Cyclist,Non-incapacitating,FAILURE TO YIELD RIGHT OF WAY,39.15342171,-86.5336
6,1,200.0,2-Car,No injury/unknown,,39.15341869,-86.49102352
9,7,1400.0,Cyclist,Non-incapacitating,DISREGARD SIGNAL/REG SIGN,39.153392,-86.527008
2,4,1600.0,2-Car,No injury/unknown,UNSAFE BACKING,39.15336,-86.52430551
3,6,1100.0,2-Car,No injury/unknown,OTHER (DRIVER) - EXPLAIN IN NARRATIVE,39.15335487,-86.53371457
11,4,800.0,2-Car,Non-incapacitating,FOLLOWING TOO CLOSELY,39.15335029,-86.53366694
6,2,1200.0,2-Car,No injury/unknown,FOLLOWING TOO CLOSELY,39.15335029,-86.53369723
3,5,800.0,2-Car,No injury/unknown,OTHER (DRIVER) - EXPLAIN IN NARRATIVE,39.15335029,-86.53370372
2,5,1800.0,2-Car,No injury/unknown,,39.15335029,-86.53371021
4,3,1900.0,2-Car,No injury/unknown,FAILURE TO YIELD RIGHT OF WAY,39.15335029,-86.53371021
5,6,1100.0,2-Car,No injury/unknown,FOLLOWING TOO CLOSELY,39.15335029,-86.53371021
9,6,900.0,2-Car,No injury/unknown,FAILURE TO YIELD RIGHT OF WAY,39.15335029,-86.53371021
11,2,1400.0,2-Car,Non-incapacitating,FOLLOWING TOO CLOSELY,39.15335029,-86.53371021
6,6,1600.0,2-Car,No injury/unknown,FAILURE TO YIELD RIGHT OF WAY,39.1533,-86.52696982
5,2,1400.0,2-Car,No injury/unknown,DISREGARD SIGNAL/REG SIGN,39.1533,-86.52696982
10,7,700.0,Cyclist,Non-incapacitating,FAILURE TO YIELD RIGHT OF WAY,39.1532991,-86.5269577
1,4,800.0,1-Car,No injury/unknown,RAN OFF ROAD RIGHT,39.15307717,-86.59180145
1,5,2100.0,1-Car,No injury/unknown,OTHER (DRIVER) - EXPLAIN IN NARRATIVE,39.15304586,-86.48636788
5,2,1600.0,2-Car,No injury/unknown,DRIVER DISTRACTED - EXPLAIN IN NARRATIVE,39.15300429,-86.4976184
6,3,1500.0,2-Car,No injury/unknown,IMPROPER TURNING,39.15300429,-86.4976184
12,5,1100.0,2-Car,No injury/unknown,,39.15300429,-86.4976184
5,6,2200.0,1-Car,No injury/unknown,RAN OFF ROAD RIGHT,39.152962,-86.54313419
1,7,1100.0,2-Car,No injury/unknown,FAILURE TO YIELD RIGHT OF WAY,39.15292396,-86.49788454
12,6,1100.0,1-Car,No injury/unknown,RAN OFF ROAD RIGHT,39.15287018,-86.370695
6,1,1500.0,1-Car,Non-incapacitating,SPEED TOO FAST FOR WEATHER CONDITIONS,39.15287018,-86.37073387
8,4,1400.0,1-Car,No injury/unknown,OTHER (DRIVER) - EXPLAIN IN NARRATIVE,39.15286596,-86.55128002
5,7,1600.0,2-Car,No injury/unknown,IMPROPER TURNING,39.15279007,-86.56282043
3,6,900.0,2-Car,No injury/unknown,UNSAFE BACKING,39.15268644,-86.53359018
8,6,1400.0,2-Car,No injury/unknown,UNSAFE BACKING,39.15263367,-86.49272918
9,2,2200.0,2-Car,No injury/unknown,UNSAFE BACKING,39.15263367,-86.49272918
9,2,1000.0,2-Car,No injury/unknown,FAILURE TO YIELD RIGHT OF WAY,39.15263367,-86.49272918
11,6,900.0,1-Car,No injury/unknown,UNSAFE SPEED,39.15263367,-86.49272918
11,5,2000.0,2-Car,No injury/unknown,,39.15263367,-86.49272918
12,1,1500.0,2-Car,No injury/unknown,FAILURE TO YIELD RIGHT OF WAY,39.15263367,-86.49272918
12,3,1200.0,2-Car,No injury/unknown,FAILURE TO YIELD RIGHT OF WAY,39.15263367,-86.49272918
12,2,100.0,2-Car,No injury/unknown,,39.15263367,-86.49272918
5,4,1800.0,2-Car,No injury/unknown,FOLLOWING TOO CLOSELY,39.15258989,-86.50845989
7,3,1600.0,2-Car,No injury/unknown,FAILURE TO YIELD RIGHT OF WAY,39.152544,-86.528
2,1,0.0,2-Car,No injury/unknown,,39.15253624,-86.57184183
9,6,700.0,2-Car,No injury/unknown,UNSAFE BACKING,39.15253614,-86.52403011
12,4,1500.0,1-Car,No injury/unknown,RAN OFF ROAD RIGHT,39.15246986,-86.49051994
12,6,1000.0,2-Car,Non-incapacitating,FAILURE TO YIELD RIGHT OF WAY,39.15246986,-86.49051994
8,5,0.0,2-Car,No injury/unknown,,39.15245511,-86.57238028
9,6,1400.0,3+ Cars,Non-incapacitating,UNSAFE SPEED,39.15243937,-86.5544281
10,1,400.0,2-Car,No injury/unknown,RAN OFF ROAD RIGHT,39.15231801,-86.52541011
8,3,1700.0,2-Car,No injury/unknown,FOLLOWING TOO CLOSELY,39.15224,-86.5336
9,5,1800.0,1-Car,No injury/unknown,ANIMAL/OBJECT IN ROADWAY,39.15219854,-86.65224653
6,6,1100.0,2-Car,No injury/unknown,UNSAFE BACKING,39.15216223,-86.525192
3,6,0.0,1-Car,No injury/unknown,ANIMAL/OBJECT IN ROADWAY,39.1521193,-86.54286956
1,1,1700.0,2-Car,No injury/unknown,UNSAFE LANE MOVEMENT,39.15210977,-86.58777239
11,5,2000.0,3+ Cars,Non-incapacitating,UNSAFE SPEED,39.152,-86.3812
6,7,1700.0,3+ Cars,No injury/unknown,UNSAFE SPEED,39.15175008,-86.38285838
10,3,1500.0,2-Car,No injury/unknown,UNSAFE BACKING,39.15169907,-86.57738494
2,7,2100.0,2-Car,No injury/unknown,UNSAFE BACKING,39.1516766,-86.48675411
6,4,900.0,3+ Cars,No injury/unknown,IMPROPER TURNING,39.1516766,-86.48675411
5,2,800.0,2-Car,No injury/unknown,,39.1516766,-86.48675411
5,6,2200.0,1-Car,No injury/unknown,ANIMAL/OBJECT IN ROADWAY,39.15167405,-86.38975712
7,2,1800.0,2-Car,No injury/unknown,FOLLOWING TOO CLOSELY,39.151648,-86.5336
8,3,0.0,2-Car,No injury/unknown,OTHER (DRIVER) - EXPLAIN IN NARRATIVE,39.1516365,-86.52263
3,1,1100.0,2-Car,No injury/unknown,OTHER (DRIVER) - EXPLAIN IN NARRATIVE,39.151616,-86.5324
1,4,1100.0,2-Car,No injury/unknown,ROADWAY SURFACE CONDITION,39.151552,-86.643504
10,6,2100.0,1-Car,No injury/unknown,RAN OFF ROAD RIGHT,39.15147007,-86.62891991
4,5,1600.0,1-Car,No injury/unknown,RAN OFF ROAD RIGHT,39.15136479,-86.60666093
12,7,1300.0,1-Car,No injury/unknown,RAN OFF ROAD RIGHT,39.15135611,-86.59816367
11,6,1400.0,Pedestrian,Non-incapacitating,DISREGARD SIGNAL/REG SIGN,39.15134698,-86.61031799
4,1,0.0,2-Car,No injury/unknown,OTHER (DRIVER) - EXPLAIN IN NARRATIVE,39.15121841,-86.57061767
11,4,1300.0,2-Car,No injury/unknown,FOLLOWING TOO CLOSELY,39.15119983,-86.5768703
12,5,1500.0,2-Car,No injury/unknown,FOLLOWING TOO CLOSELY,39.15119983,-86.5768703
3,3,1800.0,2-Car,No injury/unknown,UNSAFE LANE MOVEMENT,39.15113278,-86.58267796
1,1,800.0,2-Car,No injury/unknown,FAILURE TO YIELD RIGHT OF WAY,39.1509638,-86.49129711
1,4,2300.0,2-Car,No injury/unknown,FAILURE TO YIELD RIGHT OF WAY,39.1509638,-86.49129711
4,6,1500.0,2-Car,No injury/unknown,UNSAFE BACKING,39.1509638,-86.49129711
5,6,1000.0,2-Car,No injury/unknown,OTHER (DRIVER) - EXPLAIN IN NARRATIVE,39.1509638,-86.49129711
1,5,1800.0,3+ Cars,No injury/unknown,SPEED TOO FAST FOR WEATHER CONDITIONS,39.15072,-86.522496
3,7,1400.0,2-Car,No injury/unknown,DRIVER DISTRACTED - EXPLAIN IN NARRATIVE,39.15071782,-86.53361029
11,1,1600.0,2-Car,No injury/unknown,SPEED TOO FAST FOR WEATHER CONDITIONS,39.15070392,-86.5251985
6,6,1300.0,2-Car,Non-incapacitating,FOLLOWING TOO CLOSELY,39.150688,-86.520896
10,3,0.0,1-Car,No injury/unknown,ANIMAL/OBJECT IN ROADWAY,39.150688,-86.520896
1,5,1600.0,2-Car,Non-incapacitating,FOLLOWING TOO CLOSELY,39.15064,-86.538592
3,1,2200.0,1-Car,No injury/unknown,RAN OFF ROAD RIGHT,39.15064,-86.538592
3,4,1000.0,2-Car,No injury/unknown,UNSAFE BACKING,39.15064,-86.538592
2,7,2300.0,2-Car,No injury/unknown,FOLLOWING TOO CLOSELY,39.150576,-86.515088
7,2,1400.0,2-Car,No injury/unknown,FOLLOWING TOO CLOSELY,39.15056013,-86.51511408
5,1,100.0,2-Car,No injury/unknown,FOLLOWING TOO CLOSELY,39.15056013,-86.51882998
1,3,700.0,Pedestrian,Non-incapacitating,FAILURE TO YIELD RIGHT OF WAY,39.15056013,-86.52691014
5,5,800.0,3+ Cars,Non-incapacitating,FOLLOWING TOO CLOSELY,39.15056013,-86.52691014
10,1,1200.0,2-Car,No injury/unknown,OTHER (DRIVER) - EXPLAIN IN NARRATIVE,39.15056013,-86.52691014
12,2,2200.0,2-Car,Non-incapacitating,FOLLOWING TOO CLOSELY,39.15056013,-86.52691014
9,7,1300.0,2-Car,No injury/unknown,FOLLOWING TOO CLOSELY,39.15055007,-86.5281701
2,5,1900.0,2-Car,No injury/unknown,FOLLOWING TOO CLOSELY,39.15055007,-86.52818308
8,4,1200.0,2-Car,No injury/unknown,OTHER (DRIVER) - EXPLAIN IN NARRATIVE,39.150544,-86.50844673
7,2,1700.0,Pedestrian,Incapacitating,PEDESTRIAN ACTION,39.150544,-86.51135256
10,1,1600.0,3+ Cars,No injury/unknown,FOLLOWING TOO CLOSELY,39.150544,-86.502992
9,6,1500.0,2-Car,No injury/unknown,FOLLOWING TOO CLOSELY,39.150544,-86.506784
3,5,1100.0,3+ Cars,No injury/unknown,FOLLOWING TOO CLOSELY,39.150544,-86.508288
6,5,800.0,2-Car,No injury/unknown,DISREGARD SIGNAL/REG SIGN,39.150544,-86.508288
11,5,800.0,2-Car,Non-incapacitating,OTHER (DRIVER) - EXPLAIN IN NARRATIVE,39.150544,-86.511088
11,2,1300.0,2-Car,No injury/unknown,FAILURE TO YIELD RIGHT OF WAY,39.150544,-86.512592
11,1,1100.0,2-Car,No injury/unknown,FAILURE TO YIELD RIGHT OF WAY,39.150544,-86.51276837
9,6,2100.0,2-Car,Non-incapacitating,FAILURE TO YIELD RIGHT OF WAY,39.150544,-86.5336
9,4,1200.0,2-Car,No injury/unknown,FOLLOWING TOO CLOSELY,39.150544,-86.5336
7,3,1600.0,2-Car,Incapacitating,UNSAFE LANE MOVEMENT,39.15054001,-86.58262029
7,6,1100.0,2-Car,No injury/unknown,FAILURE TO YIELD RIGHT OF WAY,39.15054001,-86.58262029
2,3,1700.0,2-Car,No injury/unknown,FAILURE TO YIELD RIGHT OF WAY,39.15052995,-86.52261994
2,6,1000.0,2-Car,No injury/unknown,FAILURE TO YIELD RIGHT OF WAY,39.15051989,-86.53366997
3,5,1700.0,2-Car,No injury/unknown,FAILURE TO YIELD RIGHT OF WAY,39.15051989,-86.53366997
4,7,1000.0,2-Car,Non-incapacitating,FOLLOWING TOO CLOSELY,39.15051989,-86.53366997
8,4,1000.0,2-Car,No injury/unknown,FOLLOWING TOO CLOSELY,39.15051989,-86.53366997
9,5,1600.0,2-Car,No injury/unknown,,39.15051989,-86.53366997
10,2,1400.0,2-Car,No injury/unknown,FOLLOWING TOO CLOSELY,39.15051989,-86.53366997
9,4,1700.0,2-Car,No injury/unknown,FOLLOWING TOO CLOSELY,39.15050983,-86.51106029
3,6,1500.0,2-Car,No injury/unknown,BRAKE FAILURE OR DEFECTIVE,39.15049978,-86.50953009
7,4,800.0,2-Car,No injury/unknown,FOLLOWING TOO CLOSELY,39.15048033,-86.49825006
8,2,900.0,1-Car,No injury/unknown,ANIMAL/OBJECT IN ROADWAY,39.15048033,-86.50294348
1,4,1500.0,3+ Cars,Non-incapacitating,DRIVER ILLNESS,39.15048033,-86.50842247
3,3,1300.0,1-Car,No injury/unknown,ANIMAL/OBJECT IN ROADWAY,39.15048033,-86.50852628
1,5,1800.0,2-Car,No injury/unknown,FOLLOWING TOO CLOSELY,39.150448,-86.498
10,5,1100.0,2-Car,Non-incapacitating,SPEED TOO FAST FOR WEATHER CONDITIONS,39.150448,-86.498
4,3,700.0,Moped/Motorcycle,Non-incapacitating,RAN OFF ROAD RIGHT,39.150448,-86.4992
2,4,1200.0,2-Car,No injury/unknown,FAILURE TO YIELD RIGHT OF WAY,39.15043733,-86.51394031
9,7,1700.0,2-Car,No injury/unknown,FAILURE TO YIELD RIGHT OF WAY,39.15042727,-86.51247985
2,7,1800.0,2-Car,No injury/unknown,IMPROPER PASSING,39.15039712,-86.5094503
4,4,1200.0,2-Car,No injury/unknown,OTHER (DRIVER) - EXPLAIN IN NARRATIVE,39.150352,-86.471296
6,1,1100.0,2-Car,No injury/unknown,FAILURE TO YIELD RIGHT OF WAY,39.150352,-86.471296
9,1,500.0,1-Car,No injury/unknown,RAN OFF ROAD RIGHT,39.150352,-86.471296
9,7,800.0,2-Car,No injury/unknown,LEFT OF CENTER,39.150352,-86.471296
4,4,1800.0,2-Car,No injury/unknown,FAILURE TO YIELD RIGHT OF WAY,39.15035024,-86.47138975
8,6,1200.0,2-Car,Non-incapacitating,FAILURE TO YIELD RIGHT OF WAY,39.15034166,-86.47139351
4,2,1700.0,2-Car,Non-incapacitating,FOLLOWING TOO CLOSELY,39.15034018,-86.4913199
6,6,1500.0,2-Car,No injury/unknown,FAILURE TO YIELD RIGHT OF WAY,39.15034018,-86.4913199
10,6,1900.0,2-Car,No injury/unknown,IMPROPER LANE USAGE,39.15030393,-86.53874002
5,7,2200.0,2-Car,No injury/unknown,FAILURE TO YIELD RIGHT OF WAY,39.150224,-86.480464
9,3,1900.0,2-Car,No injury/unknown,DISREGARD SIGNAL/REG SIGN,39.150224,-86.480464
11,7,1800.0,2-Car,No injury/unknown,FOLLOWING TOO CLOSELY,39.150224,-86.480464
4,2,900.0,2-Car,No injury/unknown,LEFT OF CENTER,39.15022016,-86.48046031
6,6,1300.0,2-Car,Non-incapacitating,DISREGARD SIGNAL/REG SIGN,39.15022016,-86.48046031
2,2,1600.0,1-Car,Non-incapacitating,RAN OFF ROAD RIGHT,39.15022016,-86.48725106
9,3,800.0,2-Car,Non-incapacitating,DISREGARD SIGNAL/REG SIGN,39.15021773,-86.48046161
8,7,2100.0,1-Car,No injury/unknown,ROADWAY SURFACE CONDITION,39.15018998,-86.48498989
6,6,900.0,2-Car,No injury/unknown,LEFT OF CENTER,39.15018998,-86.48500719
12,6,800.0,1-Car,No injury/unknown,SPEED TOO FAST FOR WEATHER CONDITIONS,39.14997946,-86.59564208
5,6,1700.0,2-Car,No injury/unknown,UNSAFE BACKING,39.14996719,-86.57511901
11,7,1400.0,2-Car,No injury/unknown,FOLLOWING TOO CLOSELY,39.14982139,-86.53338645
3,4,900.0,2-Car,No injury/unknown,SPEED TOO FAST FOR WEATHER CONDITIONS,39.14978027,-86.56887707
3,4,900.0,2-Car,No injury/unknown,SPEED TOO FAST FOR WEATHER CONDITIONS,39.14978027,-86.56888357
2,6,1000.0,2-Car,Non-incapacitating,FAILURE TO YIELD RIGHT OF WAY,39.14978027,-86.56889006
3,6,1800.0,2-Car,No injury/unknown,FAILURE TO YIELD RIGHT OF WAY,39.14978027,-86.56889006
3,1,2300.0,1-Car,No injury/unknown,RAN OFF ROAD RIGHT,39.14978027,-86.56889006
6,6,1400.0,2-Car,Non-incapacitating,FAILURE TO YIELD RIGHT OF WAY,39.14978027,-86.56889006
8,6,500.0,2-Car,No injury/unknown,UNSAFE BACKING,39.14978027,-86.56889006
9,4,1400.0,2-Car,No injury/unknown,IMPROPER TURNING,39.14978027,-86.56889006
3,3,700.0,1-Car,No injury/unknown,ANIMAL/OBJECT IN ROADWAY,39.14978027,-86.56889343
9,5,500.0,3+ Cars,Non-incapacitating,LEFT OF CENTER,39.14978027,-86.56890045
5,6,1500.0,2-Car,No injury/unknown,IMPROPER PASSING,39.14978027,-86.56891603
11,5,1500.0,2-Car,Non-incapacitating,FOLLOWING TOO CLOSELY,39.14978027,-86.56895066
11,3,1900.0,2-Car,No injury/unknown,OTHER (DRIVER) - EXPLAIN IN NARRATIVE,39.14968,-86.57104
12,1,2300.0,1-Car,Non-incapacitating,RAN OFF ROAD RIGHT,39.14964549,-86.56884312
5,5,800.0,2-Car,No injury/unknown,OTHER (DRIVER) - EXPLAIN IN NARRATIVE,39.14963531,-86.5329895
1,6,1900.0,1-Car,Non-incapacitating,RAN OFF ROAD RIGHT,39.149552,-86.575936
3,5,1100.0,3+ Cars,No injury/unknown,FAILURE TO YIELD RIGHT OF WAY,39.149552,-86.575936
4,2,1400.0,2-Car,No injury/unknown,FOLLOWING TOO CLOSELY,39.149552,-86.575936
5,5,1400.0,2-Car,No injury/unknown,FOLLOWING TOO CLOSELY,39.149552,-86.575936
5,6,1500.0,Moped/Motorcycle,Non-incapacitating,FOLLOWING TOO CLOSELY,39.149552,-86.575936
8,2,1100.0,2-Car,Non-incapacitating,FOLLOWING TOO CLOSELY,39.149552,-86.575936
11,5,800.0,2-Car,No injury/unknown,SPEED TOO FAST FOR WEATHER CONDITIONS,39.149552,-86.575936
8,2,2200.0,2-Car,No injury/unknown,UNSAFE BACKING,39.14941554,-86.51726188
6,3,2300.0,1-Car,Non-incapacitating,RAN OFF ROAD RIGHT,39.14940015,-86.48044628
10,2,1600.0,2-Car,No injury/unknown,FAILURE TO YIELD RIGHT OF WAY,39.149152,-86.582704
6,4,300.0,1-Car,Non-incapacitating,RAN OFF ROAD RIGHT,39.14894867,-86.53729248
8,1,900.0,2-Car,No injury/unknown,UNSAFE BACKING,39.14894812,-86.56257279
5,6,2000.0,2-Car,No injury/unknown,UNSAFE LANE MOVEMENT,39.148928,-86.53312
9,3,1600.0,3+ Cars,Non-incapacitating,FOLLOWING TOO CLOSELY,39.148928,-86.53312
9,1,1600.0,2-Car,No injury/unknown,SPEED TOO FAST FOR WEATHER CONDITIONS,39.148928,-86.53312
12,2,1600.0,2-Car,No injury/unknown,UNSAFE LANE MOVEMENT,39.148928,-86.53312
2,4,800.0,2-Car,No injury/unknown,UNSAFE LANE MOVEMENT,39.14891995,-86.53324015
3,2,1800.0,2-Car,No injury/unknown,FOLLOWING TOO CLOSELY,39.14891995,-86.53324015
2,5,700.0,3+ Cars,No injury/unknown,UNSAFE SPEED,39.14884425,-86.57041556
8,3,1500.0,2-Car,No injury/unknown,UNSAFE LANE MOVEMENT,39.14874069,-86.53306431
1,7,1200.0,2-Car,No injury/unknown,FAILURE TO YIELD RIGHT OF WAY,39.14863861,-86.56270019
9,2,1500.0,2-Car,No injury/unknown,FOLLOWING TOO CLOSELY,39.148544,-86.526912
1,4,1600.0,2-Car,No injury/unknown,FAILURE TO YIELD RIGHT OF WAY,39.148544,-86.571504
3,5,1500.0,1-Car,No injury/unknown,RAN OFF ROAD RIGHT,39.148544,-86.571504
12,4,1300.0,2-Car,No injury/unknown,FOLLOWING TOO CLOSELY,39.148544,-86.571504
4,3,1500.0,2-Car,No injury/unknown,UNSAFE BACKING,39.148464,-86.471256
5,7,0.0,2-Car,No injury/unknown,IMPROPER TURNING,39.148464,-86.471256
9,4,1500.0,2-Car,Non-incapacitating,FOLLOWING TOO CLOSELY,39.14833413,-86.57183647
2,4,1100.0,2-Car,No injury/unknown,OTHER (DRIVER) - EXPLAIN IN NARRATIVE,39.14830876,-86.57299634
1,2,1900.0,2-Car,Non-incapacitating,FAILURE TO YIELD RIGHT OF WAY,39.148144,-86.572992
1,7,1600.0,2-Car,No injury/unknown,DISREGARD SIGNAL/REG SIGN,39.148144,-86.572992
2,2,1100.0,2-Car,No injury/unknown,FOLLOWING TOO CLOSELY,39.148144,-86.572992
3,4,1200.0,2-Car,No injury/unknown,DISREGARD SIGNAL/REG SIGN,39.148144,-86.572992
3,4,800.0,3+ Cars,Non-incapacitating,FOLLOWING TOO CLOSELY,39.148144,-86.572992
4,3,800.0,2-Car,No injury/unknown,FOLLOWING TOO CLOSELY,39.148144,-86.572992
7,2,1800.0,2-Car,No injury/unknown,FAILURE TO YIELD RIGHT OF WAY,39.148144,-86.572992
8,2,1700.0,Moped/Motorcycle,Non-incapacitating,DISREGARD SIGNAL/REG SIGN,39.148144,-86.572992
9,7,1100.0,2-Car,No injury/unknown,FOLLOWING TOO CLOSELY,39.148144,-86.572992
9,7,800.0,2-Car,Non-incapacitating,OTHER (DRIVER) - EXPLAIN IN NARRATIVE,39.148144,-86.572992
10,4,1100.0,2-Car,No injury/unknown,FOLLOWING TOO CLOSELY,39.148144,-86.572992
10,4,900.0,2-Car,No injury/unknown,FOLLOWING TOO CLOSELY,39.148144,-86.572992
12,5,700.0,2-Car,No injury/unknown,FAILURE TO YIELD RIGHT OF WAY,39.148144,-86.572992
12,5,1700.0,3+ Cars,No injury/unknown,FOLLOWING TOO CLOSELY,39.148144,-86.572992
3,6,2300.0,2-Car,No injury/unknown,UNSAFE BACKING,39.14802351,-86.5328542
2,4,700.0,2-Car,No injury/unknown,OTHER (DRIVER) - EXPLAIN IN NARRATIVE,39.14800683,-86.57298343
7,2,1700.0,2-Car,No injury/unknown,IMPROPER TURNING,39.14800265,-86.50719225
4,6,100.0,1-Car,No injury/unknown,RAN OFF ROAD RIGHT,39.14798414,-86.52264006
11,3,1600.0,2-Car,No injury/unknown,FAILURE TO YIELD RIGHT OF WAY,39.14768637,-86.58261793
12,2,1000.0,2-Car,No injury/unknown,RAN OFF ROAD RIGHT,39.147539,-86.53873536
7,4,1400.0,2-Car,No injury/unknown,FOLLOWING TOO CLOSELY,39.1475296,-86.57295227
7,5,700.0,2-Car,No injury/unknown,UNSAFE BACKING,39.1475296,-86.57295227
10,6,1500.0,2-Car,No injury/unknown,FOLLOWING TOO CLOSELY,39.14749762,-86.57295382
2,3,100.0,2-Car,No injury/unknown,UNSAFE BACKING,39.14744568,-86.58229064
3,2,2200.0,2-Car,No injury/unknown,FAILURE TO YIELD RIGHT OF WAY,39.14744,-86.582592
7,5,1700.0,2-Car,No injury/unknown,FOLLOWING TOO CLOSELY,39.14744,-86.582592
10,4,1000.0,2-Car,No injury/unknown,FAILURE TO YIELD RIGHT OF WAY,39.14744,-86.582592
9,4,1300.0,2-Car,No injury/unknown,UNSAFE BACKING,39.14733505,-86.52935791
11,5,800.0,1-Car,No injury/unknown,UNSAFE BACKING,39.1473048,-86.52360029
1,3,1500.0,1-Car,No injury/unknown,,39.14727911,-86.58099554
7,3,1500.0,3+ Cars,No injury/unknown,UNSAFE LANE MOVEMENT,39.14721441,-86.58262182
5,3,1100.0,3+ Cars,Non-incapacitating,FOLLOWING TOO CLOSELY,39.14719999,-86.58259011
11,6,800.0,2-Car,Non-incapacitating,FOLLOWING TOO CLOSELY,39.14719999,-86.58259011
2,4,1400.0,2-Car,No injury/unknown,UNSAFE BACKING,39.147072,-86.498944
3,4,600.0,2-Car,No injury/unknown,UNSAFE BACKING,39.147072,-86.498944
11,3,1200.0,2-Car,No injury/unknown,UNSAFE BACKING,39.147008,-86.540528
11,3,1200.0,1-Car,No injury/unknown,OTHER (DRIVER) - EXPLAIN IN NARRATIVE,39.147008,-86.540528
3,6,700.0,2-Car,No injury/unknown,,39.1469539,-86.5268176
3,6,700.0,2-Car,No injury/unknown,DISREGARD SIGNAL/REG SIGN,39.146944,-86.532544
6,5,1300.0,2-Car,No injury/unknown,UNSAFE LANE MOVEMENT,39.146944,-86.532544
9,5,800.0,2-Car,No injury/unknown,OTHER (DRIVER) - EXPLAIN IN NARRATIVE,39.146944,-86.532544
4,2,1300.0,2-Car,No injury/unknown,FAILURE TO YIELD RIGHT OF WAY,39.14689019,-86.5326241
1,3,1400.0,3+ Cars,Non-incapacitating,FOLLOWING TOO CLOSELY,39.14689019,-86.53265006
1,5,1900.0,3+ Cars,No injury/unknown,SPEED TOO FAST FOR WEATHER CONDITIONS,39.14689019,-86.53265006
4,3,1100.0,2-Car,No injury/unknown,FAILURE TO YIELD RIGHT OF WAY,39.14689019,-86.53267602
6,4,700.0,2-Car,No injury/unknown,FOLLOWING TOO CLOSELY,39.1466889,-86.57452203
4,4,1600.0,2-Car,Non-incapacitating,FOLLOWING TOO CLOSELY,39.14667004,-86.5745616
6,4,1700.0,2-Car,No injury/unknown,FOLLOWING TOO CLOSELY,39.1465588,-86.5757369