Month,Day,Hour,Collision Type,Injury Type,Primary Factor,Latitude,Longitude
10,4,1700.0,3+ Cars,No injury/unknown,FOLLOWING TOO CLOSELY,39.14653696,-86.5311098
2,5,1000.0,2-Car,No injury/unknown,FOLLOWING TOO CLOSELY,39.1464386,-86.57504272
3,2,500.0,2-Car,No injury/unknown,IMPROPER TURNING,39.1464386,-86.57504272
10,3,900.0,2-Car,No injury/unknown,FOLLOWING TOO CLOSELY,39.1464386,-86.57504272
11,6,1400.0,2-Car,Non-incapacitating,FOLLOWING TOO CLOSELY,39.1464386,-86.57504272
12,5,1600.0,2-Car,Non-incapacitating,FAILURE TO YIELD RIGHT OF WAY,39.14617002,-86.50312028
6,4,700.0,2-Car,No injury/unknown,OTHER (DRIVER) - EXPLAIN IN NARRATIVE,39.14601982,-86.5807823
11,5,700.0,1-Car,No injury/unknown,ANIMAL/OBJECT IN ROADWAY,39.14588973,-86.49749971
1,4,1300.0,2-Car,Non-incapacitating,LEFT OF CENTER,39.145856,-86.582592
6,1,400.0,1-Car,No injury/unknown,VIEW OBSTRUCTED,39.145848,-86.532216
9,7,1700.0,2-Car,No injury/unknown,OTHER (DRIVER) - EXPLAIN IN NARRATIVE,39.145848,-86.532216
9,6,1200.0,2-Car,No injury/unknown,WRONG WAY ON ONE WAY,39.145848,-86.532216
12,3,1600.0,2-Car,No injury/unknown,BRAKE FAILURE OR DEFECTIVE,39.14579957,-86.57646028
11,2,2300.0,1-Car,No injury/unknown,ANIMAL/OBJECT IN ROADWAY,39.14574731,-86.54577636
9,2,1000.0,1-Car,No injury/unknown,RAN OFF ROAD RIGHT,39.14564967,-86.4935746
6,1,1000.0,1-Car,No injury/unknown,RAN OFF ROAD RIGHT,39.14564028,-86.49488333
8,3,1700.0,2-Car,Non-incapacitating,FAILURE TO YIELD RIGHT OF WAY,39.14553844,-86.57816649
4,4,1600.0,2-Car,No injury/unknown,DRIVER DISTRACTED - EXPLAIN IN NARRATIVE,39.14545982,-86.53868973
4,2,1600.0,2-Car,No injury/unknown,UNSAFE BACKING,39.14545923,-86.56818397
1,3,2100.0,2-Car,Non-incapacitating,FAILURE TO YIELD RIGHT OF WAY,39.14541028,-86.52689069
10,6,1600.0,2-Car,No injury/unknown,FAILURE TO YIELD RIGHT OF WAY,39.14541028,-86.52689069
7,4,1900.0,2-Car,No injury/unknown,UNSAFE BACKING,39.14539017,-86.51506014
7,1,300.0,2-Car,No injury/unknown,RAN OFF ROAD RIGHT,39.14528809,-86.55054979
11,2,700.0,2-Car,Non-incapacitating,FOLLOWING TOO CLOSELY,39.14527945,-86.57298464
1,7,1300.0,2-Car,No injury/unknown,UNSAFE BACKING,39.145264,-86.577616
4,1,1400.0,2-Car,No injury/unknown,UNSAFE BACKING,39.145264,-86.577616
3,6,700.0,2-Car,No injury/unknown,UNSAFE BACKING,39.145264,-86.577616
3,7,1500.0,2-Car,No injury/unknown,UNSAFE BACKING,39.145264,-86.577616
4,2,0.0,Moped/Motorcycle,Non-incapacitating,OVERCORRECTING/OVERSTEERING,39.145264,-86.577616
4,3,800.0,2-Car,No injury/unknown,,39.145264,-86.577616
8,7,1000.0,2-Car,No injury/unknown,UNSAFE BACKING,39.145264,-86.577616
7,1,1500.0,2-Car,No injury/unknown,UNSAFE BACKING,39.145264,-86.577616
8,6,1600.0,2-Car,No injury/unknown,FOLLOWING TOO CLOSELY,39.145264,-86.577616
9,3,1600.0,2-Car,No injury/unknown,UNSAFE BACKING,39.145264,-86.577616
10,5,1600.0,2-Car,No injury/unknown,OTHER (VEHICLE) - EXPLAIN IN NARRATIVE,39.145264,-86.577616
11,3,1000.0,2-Car,No injury/unknown,FAILURE TO YIELD RIGHT OF WAY,39.145264,-86.577616
11,3,900.0,2-Car,No injury/unknown,OTHER (DRIVER) - EXPLAIN IN NARRATIVE,39.145264,-86.577616
12,4,1000.0,2-Car,No injury/unknown,UNSAFE BACKING,39.145264,-86.577616
12,6,2100.0,2-Car,No injury/unknown,IMPROPER TURNING,39.145264,-86.577616
7,1,300.0,3+ Cars,No injury/unknown,OTHER (DRIVER) - EXPLAIN IN NARRATIVE,39.14523594,-86.5684361
4,7,2300.0,2-Car,No injury/unknown,UNSAFE BACKING,39.1452232,-86.56960621
1,1,1500.0,2-Car,No injury/unknown,FOLLOWING TOO CLOSELY,39.145152,-86.5776
2,1,1400.0,2-Car,No injury/unknown,FAILURE TO YIELD RIGHT OF WAY,39.145152,-86.5776
3,7,1500.0,2-Car,No injury/unknown,FAILURE TO YIELD RIGHT OF WAY,39.145152,-86.5776
3,4,1400.0,2-Car,No injury/unknown,OTHER (DRIVER) - EXPLAIN IN NARRATIVE,39.14514206,-86.56949155
7,3,1400.0,2-Car,Non-incapacitating,FAILURE TO YIELD RIGHT OF WAY,39.14503087,-86.57769442
7,6,1100.0,2-Car,No injury/unknown,FOLLOWING TOO CLOSELY,39.14502188,-86.57775915
3,5,1000.0,2-Car,No injury/unknown,FOLLOWING TOO CLOSELY,39.14502002,-86.57777018
8,4,1100.0,2-Car,No injury/unknown,FOLLOWING TOO CLOSELY,39.14502002,-86.57777018
10,5,800.0,2-Car,No injury/unknown,LEFT OF CENTER,39.14478799,-86.49439975
5,4,900.0,2-Car,No injury/unknown,OTHER (DRIVER) - EXPLAIN IN NARRATIVE,39.14478739,-86.5296223
8,4,800.0,2-Car,No injury/unknown,FAILURE TO YIELD RIGHT OF WAY,39.144752,-86.531888
9,7,900.0,2-Car,Non-incapacitating,DRIVER DISTRACTED - EXPLAIN IN NARRATIVE,39.144752,-86.531888
2,3,1500.0,Bus,Non-incapacitating,UNSAFE SPEED,39.14454997,-86.5269511
7,2,1100.0,2-Car,Non-incapacitating,FAILURE TO YIELD RIGHT OF WAY,39.14454997,-86.52695976
12,4,800.0,2-Car,No injury/unknown,FAILURE TO YIELD RIGHT OF WAY,39.14454997,-86.52695976
3,6,1900.0,Bus,Non-incapacitating,RAN OFF ROAD RIGHT,39.14445498,-86.41074027
12,7,1800.0,2-Car,No injury/unknown,FAILURE TO YIELD RIGHT OF WAY,39.14420245,-86.46687098
8,6,2300.0,2-Car,Non-incapacitating,FAILURE TO YIELD RIGHT OF WAY,39.14407398,-86.5639776
3,3,1600.0,2-Car,No injury/unknown,FAILURE TO YIELD RIGHT OF WAY,39.14393997,-86.58203887
9,1,1800.0,2-Car,No injury/unknown,FOLLOWING TOO CLOSELY,39.14392971,-86.58262029
6,7,1900.0,2-Car,No injury/unknown,IMPROPER TURNING,39.14389038,-86.58077239
12,5,1400.0,2-Car,No injury/unknown,FAILURE TO YIELD RIGHT OF WAY,39.14389038,-86.58077239
7,2,1600.0,3+ Cars,Non-incapacitating,FOLLOWING TOO CLOSELY,39.143808,-86.582592
7,2,1700.0,2-Car,No injury/unknown,IMPROPER TURNING,39.143808,-86.582592
11,6,800.0,2-Car,No injury/unknown,UNSAFE BACKING,39.143808,-86.582592
12,4,1600.0,2-Car,No injury/unknown,IMPROPER TURNING,39.143808,-86.582592
5,4,1700.0,3+ Cars,Incapacitating,FOLLOWING TOO CLOSELY,39.14378738,-86.56359863
6,7,2100.0,2-Car,No injury/unknown,OTHER (DRIVER) - EXPLAIN IN NARRATIVE,39.14363358,-86.58037049
11,6,1100.0,2-Car,No injury/unknown,FAILURE TO YIELD RIGHT OF WAY,39.14346132,-86.57913006
11,2,1300.0,2-Car,No injury/unknown,FOLLOWING TOO CLOSELY,39.14346132,-86.57913006
11,4,1300.0,3+ Cars,No injury/unknown,FAILURE TO YIELD RIGHT OF WAY,39.14346132,-86.57913006
7,3,1300.0,2-Car,Non-incapacitating,FOLLOWING TOO CLOSELY,39.14345126,-86.53362974
7,3,1600.0,2-Car,No injury/unknown,FOLLOWING TOO CLOSELY,39.14333745,-86.57353973
3,6,1000.0,1-Car,Non-incapacitating,RAN OFF ROAD RIGHT,39.14307003,-86.53867909
12,2,1400.0,2-Car,No injury/unknown,OTHER (DRIVER) - EXPLAIN IN NARRATIVE,39.143013,-86.57486724
12,4,800.0,2-Car,No injury/unknown,OTHER (DRIVER) - EXPLAIN IN NARRATIVE,39.142555,-86.531238
6,2,1700.0,3+ Cars,No injury/unknown,FOLLOWING TOO CLOSELY,39.14223567,-86.58233447
7,4,2200.0,2-Car,No injury/unknown,OTHER (DRIVER) - EXPLAIN IN NARRATIVE,39.14218593,-86.49656071
7,2,1200.0,2-Car,No injury/unknown,UNSAFE BACKING,39.14212445,-86.52756237
1,7,900.0,2-Car,No injury/unknown,UNSAFE LANE MOVEMENT,39.142048,-86.582592
5,7,1600.0,2-Car,No injury/unknown,FOLLOWING TOO CLOSELY,39.142048,-86.582592
9,4,1900.0,2-Car,No injury/unknown,UNSAFE BACKING,39.142048,-86.582592
10,4,2300.0,1-Car,No injury/unknown,UNSAFE SPEED,39.142048,-86.582592
11,3,1800.0,2-Car,No injury/unknown,FAILURE TO YIELD RIGHT OF WAY,39.142048,-86.582592
5,4,1600.0,2-Car,Non-incapacitating,IMPROPER PASSING,39.14195115,-86.5825912
7,4,1700.0,2-Car,No injury/unknown,FAILURE TO YIELD RIGHT OF WAY,39.14195023,-86.58259011
3,2,1600.0,2-Car,No injury/unknown,FOLLOWING TOO CLOSELY,39.14194196,-86.58260381
5,2,2100.0,1-Car,No injury/unknown,RAN OFF ROAD RIGHT,39.14194196,-86.58260381
11,5,1500.0,2-Car,Non-incapacitating,DISREGARD SIGNAL/REG SIGN,39.14191052,-86.58260822
9,2,2300.0,2-Car,Non-incapacitating,FOLLOWING TOO CLOSELY,39.14191,-86.52694031
11,1,400.0,2-Car,No injury/unknown,UNSAFE BACKING,39.14187494,-86.58259037
8,7,1200.0,2-Car,No injury/unknown,UNSAFE BACKING,39.14186096,-86.57994842
12,2,1800.0,2-Car,No injury/unknown,IMPROPER TURNING,39.14186096,-86.57994842
11,4,1600.0,2-Car,No injury/unknown,FOLLOWING TOO CLOSELY,39.14186096,-86.57994842
12,3,1400.0,2-Car,No injury/unknown,FAILURE TO YIELD RIGHT OF WAY,39.14186096,-86.57994842
12,6,200.0,2-Car,No injury/unknown,UNSAFE BACKING,39.14186096,-86.57994842
12,1,1200.0,2-Car,No injury/unknown,UNSAFE BACKING,39.14186096,-86.57994842
1,4,900.0,2-Car,No injury/unknown,UNSAFE BACKING,39.14185333,-86.51425933
3,3,1800.0,2-Car,No injury/unknown,UNSAFE BACKING,39.14185333,-86.51425933
5,4,600.0,2-Car,No injury/unknown,,39.14185333,-86.51425933
6,3,1900.0,2-Car,No injury/unknown,OTHER (DRIVER) - EXPLAIN IN NARRATIVE,39.14185333,-86.51425933
5,1,1600.0,1-Car,No injury/unknown,SPEED TOO FAST FOR WEATHER CONDITIONS,39.14178403,-86.56204368
9,4,1300.0,2-Car,No injury/unknown,OTHER (DRIVER) - EXPLAIN IN NARRATIVE,39.14168196,-86.53117015
12,4,2100.0,1-Car,No injury/unknown,SPEED TOO FAST FOR WEATHER CONDITIONS,39.141648,-86.6428
10,2,1800.0,3+ Cars,No injury/unknown,FOLLOWING TOO CLOSELY,39.14145928,-86.58418054
1,5,1900.0,1-Car,No injury/unknown,SPEED TOO FAST FOR WEATHER CONDITIONS,39.14144,-86.543632
9,2,1100.0,2-Car,No injury/unknown,OTHER (DRIVER) - EXPLAIN IN NARRATIVE,39.14144,-86.543632
2,1,1700.0,2-Car,No injury/unknown,UNSAFE BACKING,39.14141588,-86.58260737
1,3,1400.0,2-Car,Non-incapacitating,FAILURE TO YIELD RIGHT OF WAY,39.14137021,-86.54383018
8,3,800.0,1-Car,No injury/unknown,RAN OFF ROAD RIGHT,39.14135716,-86.61335974
8,6,1700.0,2-Car,No injury/unknown,FOLLOWING TOO CLOSELY,39.14124404,-86.53086088
10,7,1500.0,Moped/Motorcycle,No injury/unknown,OTHER (DRIVER) - EXPLAIN IN NARRATIVE,39.14107513,-86.58297729
10,5,1500.0,2-Car,No injury/unknown,UNSAFE BACKING,39.141075,-86.582977
2,1,2300.0,2-Car,No injury/unknown,OTHER (DRIVER) - EXPLAIN IN NARRATIVE,39.14097525,-86.54427073
10,2,500.0,1-Car,No injury/unknown,RAN OFF ROAD RIGHT,39.14096989,-86.55616722
2,3,800.0,2-Car,No injury/unknown,OTHER (DRIVER) - EXPLAIN IN NARRATIVE,39.14090484,-86.55673161
11,2,1400.0,2-Car,No injury/unknown,IMPROPER TURNING,39.14070129,-86.57745258
6,3,1900.0,2-Car,No injury/unknown,UNSAFE BACKING,39.14064658,-86.59822121
3,4,900.0,2-Car,Non-incapacitating,SPEED TOO FAST FOR WEATHER CONDITIONS,39.14029095,-86.51947021
10,6,1200.0,2-Car,No injury/unknown,SPEED TOO FAST FOR WEATHER CONDITIONS,39.140144,-86.54496
4,6,400.0,1-Car,Non-incapacitating,RAN OFF ROAD RIGHT,39.14012146,-86.58942413
10,6,1600.0,2-Car,Non-incapacitating,UNSAFE BACKING,39.13993763,-86.53889208
2,2,0.0,2-Car,No injury/unknown,OTHER (DRIVER) - EXPLAIN IN NARRATIVE,39.13992882,-86.53865404
5,5,1200.0,2-Car,Non-incapacitating,FAILURE TO YIELD RIGHT OF WAY,39.13992,-86.538416
11,2,1500.0,2-Car,No injury/unknown,,39.13985007,-86.53982028
11,2,700.0,2-Car,No injury/unknown,UNSAFE LANE MOVEMENT,39.13978646,-86.57292991
5,6,1900.0,2-Car,No injury/unknown,UNSAFE BACKING,39.1395101,-86.52417026
7,1,1700.0,1-Car,Non-incapacitating,RAN OFF ROAD RIGHT,39.13950004,-86.61024972
4,5,1700.0,2-Car,Non-incapacitating,OTHER (ENVIRONMENTAL) - EXPLAIN IN NARR,39.13943969,-86.52692019
10,3,800.0,Bus,No injury/unknown,UNSAFE BACKING,39.13874792,-86.54637094
2,5,1300.0,2-Car,No injury/unknown,FAILURE TO YIELD RIGHT OF WAY,39.138688,-86.465968
4,2,1700.0,2-Car,No injury/unknown,UNSAFE BACKING,39.138688,-86.465968
9,3,1800.0,2-Car,No injury/unknown,IMPROPER TURNING,39.138688,-86.465968
10,7,1300.0,2-Car,No injury/unknown,FAILURE TO YIELD RIGHT OF WAY,39.138688,-86.465968
10,1,400.0,2-Car,No injury/unknown,IMPROPER TURNING,39.138688,-86.465968
12,6,1400.0,2-Car,No injury/unknown,FAILURE TO YIELD RIGHT OF WAY,39.13856998,-86.4965301
7,6,1700.0,1-Car,No injury/unknown,UNSAFE SPEED,39.13856632,-86.52378
1,6,1700.0,2-Car,Non-incapacitating,OTHER (DRIVER) - EXPLAIN IN NARRATIVE,39.13851891,-86.59099291
11,6,1700.0,2-Car,Non-incapacitating,FOLLOWING TOO CLOSELY,39.13851891,-86.59099291
7,5,1700.0,2-Car,No injury/unknown,FOLLOWING TOO CLOSELY,39.13841323,-86.57291295
5,2,2200.0,Bus,No injury/unknown,UNSAFE BACKING,39.138336,-86.582528
10,3,1900.0,3+ Cars,No injury/unknown,BRAKE FAILURE OR DEFECTIVE,39.138336,-86.582528
4,4,1600.0,2-Car,Non-incapacitating,FOLLOWING TOO CLOSELY,39.13824007,-86.58261023
3,3,2200.0,1-Car,No injury/unknown,RAN OFF ROAD RIGHT,39.13810261,-86.58266656
4,3,2300.0,2-Car,No injury/unknown,,39.13808441,-86.52873229
6,7,1100.0,2-Car,No injury/unknown,UNSAFE BACKING,39.13782881,-86.52677815
12,4,1700.0,2-Car,No injury/unknown,UNSAFE BACKING,39.13781257,-86.52400286
4,2,1300.0,2-Car,No injury/unknown,UNSAFE BACKING,39.137744,-86.530288
2,3,1500.0,2-Car,No injury/unknown,UNSAFE BACKING,39.13761511,-86.52683705
7,6,1400.0,2-Car,No injury/unknown,FAILURE TO YIELD RIGHT OF WAY,39.13758929,-86.57290278
8,7,1800.0,2-Car,No injury/unknown,UNSAFE BACKING,39.137392,-86.529936
6,5,1700.0,2-Car,No injury/unknown,,39.13734488,-86.52422726
7,4,1100.0,2-Car,No injury/unknown,UNSAFE BACKING,39.137248,-86.512096
12,3,1600.0,3+ Cars,No injury/unknown,FOLLOWING TOO CLOSELY,39.137168,-86.508112
7,5,1300.0,2-Car,Non-incapacitating,FAILURE TO YIELD RIGHT OF WAY,39.13711019,-86.53723999
7,2,700.0,2-Car,No injury/unknown,FAILURE TO YIELD RIGHT OF WAY,39.137088,-86.53056
7,2,1900.0,1-Car,No injury/unknown,UNSAFE BACKING,39.137088,-86.53056
1,4,700.0,2-Car,No injury/unknown,UNSAFE SPEED,39.13704451,-86.57289716
11,3,700.0,1-Car,Non-incapacitating,RAN OFF ROAD RIGHT,39.13704003,-86.63569027
5,2,1700.0,2-Car,No injury/unknown,FOLLOWING TOO CLOSELY,39.13704001,-86.57785668
1,6,800.0,1-Car,No injury/unknown,OTHER (DRIVER) - EXPLAIN IN NARRATIVE,39.13704,-86.572896
2,4,1900.0,2-Car,No injury/unknown,FAILURE TO YIELD RIGHT OF WAY,39.13704,-86.572896
4,7,1600.0,2-Car,No injury/unknown,FOLLOWING TOO CLOSELY,39.13704,-86.572896
2,4,1800.0,3+ Cars,No injury/unknown,FAILURE TO YIELD RIGHT OF WAY,39.13704,-86.572896
3,6,1400.0,2-Car,No injury/unknown,FOLLOWING TOO CLOSELY,39.13704,-86.572896
7,5,1300.0,3+ Cars,No injury/unknown,DRIVER ILLNESS,39.13704,-86.572896
11,3,1700.0,2-Car,No injury/unknown,FOLLOWING TOO CLOSELY,39.13704,-86.572896
12,3,800.0,2-Car,No injury/unknown,FOLLOWING TOO CLOSELY,39.13704,-86.572896
3,5,700.0,2-Car,No injury/unknown,FOLLOWING TOO CLOSELY,39.13704,-86.575296
10,7,2000.0,2-Car,Non-incapacitating,SPEED TOO FAST FOR WEATHER CONDITIONS,39.13704,-86.577504
7,5,1900.0,Pedestrian,Non-incapacitating,PEDESTRIAN ACTION,39.13704,-86.582512
6,5,1300.0,2-Car,No injury/unknown,FAILURE TO YIELD RIGHT OF WAY,39.13704,-86.642832
12,6,1700.0,1-Car,No injury/unknown,OTHER (ENVIRONMENTAL) - EXPLAIN IN NARR,39.13704,-86.642832
10,6,1800.0,1-Car,No injury/unknown,ANIMAL/OBJECT IN ROADWAY,39.13702972,-86.64313905
5,1,1900.0,1-Car,No injury/unknown,RAN OFF ROAD RIGHT,39.13688,-86.628768
10,4,600.0,1-Car,No injury/unknown,ANIMAL/OBJECT IN ROADWAY,39.13685005,-86.59675267
7,3,700.0,2-Car,No injury/unknown,FAILURE TO YIELD RIGHT OF WAY,39.136848,-86.606
6,6,900.0,1-Car,No injury/unknown,ANIMAL/OBJECT IN ROADWAY,39.136848,-86.610192
10,1,500.0,1-Car,No injury/unknown,RAN OFF ROAD RIGHT,39.136848,-86.610192
4,2,1700.0,2-Car,No injury/unknown,FOLLOWING TOO CLOSELY,39.1368299,-86.58261023
12,3,800.0,2-Car,No injury/unknown,FAILURE TO YIELD RIGHT OF WAY,39.1368299,-86.58261023
5,7,2200.0,1-Car,No injury/unknown,DISREGARD SIGNAL/REG SIGN,39.13681984,-86.61025978
1,3,1200.0,2-Car,No injury/unknown,FAILURE TO YIELD RIGHT OF WAY,39.1368103,-86.5819931
3,2,1400.0,2-Car,No injury/unknown,FOLLOWING TOO CLOSELY,39.1368103,-86.5819931
4,6,1700.0,2-Car,No injury/unknown,OTHER (DRIVER) - EXPLAIN IN NARRATIVE,39.13679972,-86.57776013
7,4,1400.0,2-Car,No injury/unknown,UNSAFE LANE MOVEMENT,39.13679409,-86.52933809
3,3,1700.0,2-Car,Non-incapacitating,IMPROPER TURNING,39.13679128,-86.58261363
5,5,1600.0,2-Car,No injury/unknown,DRIVER DISTRACTED - EXPLAIN IN NARRATIVE,39.13678957,-86.59378836
10,1,1700.0,2-Car,Non-incapacitating,UNSAFE SPEED,39.13678787,-86.60604346
1,5,700.0,2-Car,No injury/unknown,FOLLOWING TOO CLOSELY,39.1367836,-86.64755766
9,2,1700.0,3+ Cars,No injury/unknown,FOLLOWING TOO CLOSELY,39.13677979,-86.64751764
8,2,700.0,2-Car,No injury/unknown,UNSAFE SPEED,39.13677979,-86.64752197
8,3,2100.0,2-Car,No injury/unknown,FOLLOWING TOO CLOSELY,39.13677979,-86.64752197
9,4,1300.0,2-Car,No injury/unknown,FOLLOWING TOO CLOSELY,39.13677979,-86.64752197
9,1,1600.0,2-Car,No injury/unknown,FOLLOWING TOO CLOSELY,39.13677979,-86.64752197
11,3,600.0,1-Car,No injury/unknown,ANIMAL/OBJECT IN ROADWAY,39.13677979,-86.64752197
1,4,1800.0,2-Car,Non-incapacitating,FAILURE TO YIELD RIGHT OF WAY,39.13676894,-86.57289398
3,5,1300.0,2-Car,Non-incapacitating,DISREGARD SIGNAL/REG SIGN,39.13676894,-86.57289398
5,4,1700.0,2-Car,No injury/unknown,FAILURE TO YIELD RIGHT OF WAY,39.13676894,-86.57289398
7,2,800.0,2-Car,Non-incapacitating,UNSAFE SPEED,39.13676894,-86.57289398
8,3,1900.0,2-Car,No injury/unknown,FOLLOWING TOO CLOSELY,39.13676894,-86.57289398
8,3,1400.0,2-Car,Incapacitating,DISREGARD SIGNAL/REG SIGN,39.13676894,-86.57289398
11,1,1800.0,1-Car,No injury/unknown,ANIMAL/OBJECT IN ROADWAY,39.13676534,-86.572896
12,2,1200.0,2-Car,No injury/unknown,UNSAFE BACKING,39.13668442,-86.53144836
7,6,1000.0,2-Car,No injury/unknown,FOLLOWING TOO CLOSELY,39.13666541,-86.59405546
2,3,2300.0,1-Car,No injury/unknown,RAN OFF ROAD RIGHT,39.13666025,-86.56783998
5,1,1600.0,1-Car,No injury/unknown,RAN OFF ROAD RIGHT,39.13666025,-86.56785729
2,5,2200.0,1-Car,No injury/unknown,RAN OFF ROAD RIGHT,39.13666025,-86.56786595
3,5,200.0,1-Car,Non-incapacitating,UNSAFE SPEED,39.13666025,-86.56786595
1,6,1000.0,2-Car,Non-incapacitating,FOLLOWING TOO CLOSELY,39.13664,-86.508096
12,4,2000.0,1-Car,No injury/unknown,SPEED TOO FAST FOR WEATHER CONDITIONS,39.13664,-86.508096
12,1,1800.0,1-Car,Non-incapacitating,OVERCORRECTING/OVERSTEERING,39.13663426,-86.56447972
2,5,1800.0,2-Car,No injury/unknown,FOLLOWING TOO CLOSELY,39.13662001,-86.55431024
5,1,1600.0,2-Car,No injury/unknown,SPEED TOO FAST FOR WEATHER CONDITIONS,39.13662001,-86.55431024
10,5,700.0,2-Car,No injury/unknown,SPEED TOO FAST FOR WEATHER CONDITIONS,39.13662001,-86.55431024
12,5,1600.0,2-Car,No injury/unknown,FOLLOWING TOO CLOSELY,39.13662001,-86.55431024
7,6,1700.0,2-Car,Non-incapacitating,FOLLOWING TOO CLOSELY,39.13662001,-86.55435352
6,3,700.0,2-Car,No injury/unknown,DRIVER DISTRACTED - EXPLAIN IN NARRATIVE,39.13658905,-86.5544281
8,6,800.0,2-Car,No injury/unknown,FOLLOWING TOO CLOSELY,39.13658905,-86.5544281
9,3,1700.0,2-Car,No injury/unknown,FOLLOWING TOO CLOSELY,39.13658905,-86.5544281
11,3,0.0,2-Car,No injury/unknown,OTHER (DRIVER) - EXPLAIN IN NARRATIVE,39.13657379,-86.53639221
12,2,800.0,2-Car,No injury/unknown,UNSAFE BACKING,39.13653384,-86.56430197
9,4,1900.0,2-Car,Non-incapacitating,FOLLOWING TOO CLOSELY,39.13653016,-86.56190352
11,2,1800.0,2-Car,Non-incapacitating,FOLLOWING TOO CLOSELY,39.13653016,-86.56190352
7,2,1600.0,Moped/Motorcycle,Non-incapacitating,OTHER (DRIVER) - EXPLAIN IN NARRATIVE,39.13653016,-86.5619468
12,3,1200.0,Moped/Motorcycle,Non-incapacitating,OTHER (DRIVER) - EXPLAIN IN NARRATIVE,39.13653016,-86.56197276
1,4,1300.0,1-Car,No injury/unknown,OVERCORRECTING/OVERSTEERING,39.13653016,-86.56198575
7,2,1600.0,2-Car,No injury/unknown,FOLLOWING TOO CLOSELY,39.13653016,-86.56199008
10,7,1200.0,2-Car,No injury/unknown,FAILURE TO YIELD RIGHT OF WAY,39.13653016,-86.56199008
6,6,1700.0,3+ Cars,No injury/unknown,FOLLOWING TOO CLOSELY,39.136512,-86.562016
12,2,2000.0,Cyclist,Non-incapacitating,FAILURE TO YIELD RIGHT OF WAY,39.13649326,-86.5603888
9,6,300.0,1-Car,No injury/unknown,LEFT OF CENTER,39.136448,-86.548704
12,7,1700.0,2-Car,Non-incapacitating,LEFT OF CENTER,39.13642333,-86.54799937
12,7,800.0,1-Car,No injury/unknown,ROADWAY SURFACE CONDITION,39.13641211,-86.50832377
10,5,2100.0,2-Car,No injury/unknown,UNSAFE BACKING,39.13640213,-86.5273056
11,4,1300.0,2-Car,No injury/unknown,FOLLOWING TOO CLOSELY,39.13639867,-86.54729473
1,4,700.0,2-Car,No injury/unknown,FOLLOWING TOO CLOSELY,39.13637996,-86.54994025
1,4,1700.0,2-Car,No injury/unknown,FOLLOWING TOO CLOSELY,39.13634978,-86.54875002
2,1,300.0,1-Car,Non-incapacitating,RAN OFF ROAD RIGHT,39.13634978,-86.54875002
3,4,800.0,2-Car,No injury/unknown,ROADWAY SURFACE CONDITION,39.13634978,-86.54875002
5,7,1300.0,2-Car,No injury/unknown,SPEED TOO FAST FOR WEATHER CONDITIONS,39.13634978,-86.54875002
9,1,1400.0,2-Car,No injury/unknown,FOLLOWING TOO CLOSELY,39.13634978,-86.54875002
11,2,1400.0,2-Car,No injury/unknown,FOLLOWING TOO CLOSELY,39.13634978,-86.54875002
5,6,1300.0,2-Car,Non-incapacitating,SPEED TOO FAST FOR WEATHER CONDITIONS,39.13634978,-86.54883657
5,3,1500.0,2-Car,No injury/unknown,FOLLOWING TOO CLOSELY,39.13634064,-86.52693025
12,2,1300.0,2-Car,No injury/unknown,RAN OFF ROAD RIGHT,39.136304,-86.544592
12,2,1600.0,2-Car,Non-incapacitating,LEFT OF CENTER,39.13625434,-86.61127969
1,5,1000.0,2-Car,No injury/unknown,UNSAFE LANE MOVEMENT,39.13625235,-86.52879635
3,2,1700.0,2-Car,Non-incapacitating,FOLLOWING TOO CLOSELY,39.13624987,-86.54482997
9,5,1700.0,Cyclist,Non-incapacitating,FAILURE TO YIELD RIGHT OF WAY,39.13624987,-86.54482997
10,4,1900.0,2-Car,Non-incapacitating,FOLLOWING TOO CLOSELY,39.13621603,-86.572896
2,7,200.0,1-Car,No injury/unknown,RAN OFF ROAD RIGHT,39.136144,-86.52618283
2,4,100.0,1-Car,No injury/unknown,DRIVER ASLEEP OR FATIGUED,39.136144,-86.52627099
6,4,1600.0,2-Car,No injury/unknown,IMPROPER LANE USAGE,39.136144,-86.58052766
2,7,1300.0,2-Car,No injury/unknown,FOLLOWING TOO CLOSELY,39.136144,-86.5268
4,3,2200.0,2-Car,Non-incapacitating,DISREGARD SIGNAL/REG SIGN,39.136144,-86.5268
12,1,1400.0,2-Car,No injury/unknown,DISREGARD SIGNAL/REG SIGN,39.136144,-86.5268
1,7,1000.0,2-Car,Non-incapacitating,FAILURE TO YIELD RIGHT OF WAY,39.136144,-86.528688
1,1,200.0,2-Car,Non-incapacitating,FOLLOWING TOO CLOSELY,39.136144,-86.528688
3,4,1200.0,1-Car,Non-incapacitating,RAN OFF ROAD RIGHT,39.136144,-86.528688
5,3,2100.0,2-Car,No injury/unknown,DISREGARD SIGNAL/REG SIGN,39.136144,-86.528688