Month,Day,Hour,Collision Type,Injury Type,Primary Factor,Latitude,Longitude
5,7,900.0,2-Car,No injury/unknown,FAILURE TO YIELD RIGHT OF WAY,39.136144,-86.528688
9,2,0.0,2-Car,Non-incapacitating,DISREGARD SIGNAL/REG SIGN,39.136144,-86.528688
11,5,2000.0,2-Car,No injury/unknown,FOLLOWING TOO CLOSELY,39.136144,-86.528688
12,3,1000.0,2-Car,No injury/unknown,FAILURE TO YIELD RIGHT OF WAY,39.136144,-86.528688
12,3,1100.0,2-Car,No injury/unknown,DRIVER DISTRACTED - EXPLAIN IN NARRATIVE,39.136144,-86.528688
9,7,1500.0,2-Car,No injury/unknown,FOLLOWING TOO CLOSELY,39.1361416,-86.52833537
6,2,1700.0,2-Car,No injury/unknown,IMPROPER PASSING,39.13613786,-86.5281591
6,2,1200.0,Moped/Motorcycle,No injury/unknown,FAILURE TO YIELD RIGHT OF WAY,39.1361084,-86.58261108
10,3,600.0,2-Car,No injury/unknown,TIRE FAILURE OR DEFECTIVE,39.1361084,-86.58269766
7,7,1100.0,2-Car,No injury/unknown,FOLLOWING TOO CLOSELY,39.136096,-86.516
8,5,2300.0,2-Car,No injury/unknown,FOLLOWING TOO CLOSELY,39.136096,-86.516
3,5,1700.0,2-Car,No injury/unknown,FOLLOWING TOO CLOSELY,39.13608,-86.538096
7,6,1700.0,2-Car,No injury/unknown,FAILURE TO YIELD RIGHT OF WAY,39.13608,-86.538096
5,7,1100.0,2-Car,No injury/unknown,FAILURE TO YIELD RIGHT OF WAY,39.136048,-86.536992
5,6,2100.0,2-Car,No injury/unknown,UNSAFE BACKING,39.13604066,-86.52427017
3,2,1400.0,2-Car,Non-incapacitating,DISREGARD SIGNAL/REG SIGN,39.13603999,-86.52687996
7,7,1700.0,2-Car,No injury/unknown,FAILURE TO YIELD RIGHT OF WAY,39.13603999,-86.53826996
11,2,800.0,2-Car,Non-incapacitating,OTHER (DRIVER) - EXPLAIN IN NARRATIVE,39.13603999,-86.53826996
1,3,1600.0,2-Car,No injury/unknown,DRIVER DISTRACTED - EXPLAIN IN NARRATIVE,39.13603619,-86.53826525
6,7,900.0,3+ Cars,Non-incapacitating,FOLLOWING TOO CLOSELY,39.13601987,-86.51343002
11,5,1400.0,Moped/Motorcycle,Non-incapacitating,FOLLOWING TOO CLOSELY,39.13600981,-86.53711996
1,7,100.0,1-Car,No injury/unknown,RAN OFF ROAD RIGHT,39.13599975,-86.50409131
10,5,1900.0,Moped/Motorcycle,No injury/unknown,FAILURE TO YIELD RIGHT OF WAY,39.13599975,-86.50409996
11,3,1700.0,2-Car,No injury/unknown,DISREGARD SIGNAL/REG SIGN,39.13599975,-86.51591978
7,5,0.0,2-Car,No injury/unknown,FOLLOWING TOO CLOSELY,39.13599975,-86.51594574
8,7,1500.0,Moped/Motorcycle,Non-incapacitating,FOLLOWING TOO CLOSELY,39.1359897,-86.5239302
1,1,1400.0,2-Car,No injury/unknown,FAILURE TO YIELD RIGHT OF WAY,39.1359897,-86.52879975
2,1,1300.0,2-Car,No injury/unknown,FAILURE TO YIELD RIGHT OF WAY,39.1359897,-86.52879975
5,4,0.0,1-Car,No injury/unknown,RAN OFF ROAD RIGHT,39.1359897,-86.52879975
4,1,1500.0,2-Car,Non-incapacitating,DRIVER DISTRACTED - EXPLAIN IN NARRATIVE,39.13597025,-86.53102327
3,4,900.0,3+ Cars,No injury/unknown,FOLLOWING TOO CLOSELY,39.13597025,-86.53108385
11,4,600.0,1-Car,No injury/unknown,ANIMAL/OBJECT IN ROADWAY,39.13597025,-86.5310925
1,5,700.0,2-Car,No injury/unknown,SPEED TOO FAST FOR WEATHER CONDITIONS,39.13597025,-86.5311098
4,3,600.0,2-Car,No injury/unknown,FAILURE TO YIELD RIGHT OF WAY,39.13597025,-86.5311098
4,3,1400.0,2-Car,No injury/unknown,UNSAFE LANE MOVEMENT,39.13597025,-86.5311098
8,2,2000.0,2-Car,No injury/unknown,IMPROPER PASSING,39.13597025,-86.5311098
9,2,1300.0,2-Car,No injury/unknown,FOLLOWING TOO CLOSELY,39.13597025,-86.5311098
10,7,1400.0,2-Car,Non-incapacitating,FAILURE TO YIELD RIGHT OF WAY,39.13597025,-86.5311098
10,3,800.0,Bus,No injury/unknown,IMPROPER TURNING,39.13597025,-86.5311098
11,6,1500.0,2-Car,Non-incapacitating,FOLLOWING TOO CLOSELY,39.13597025,-86.5311098
11,6,1600.0,Bus,No injury/unknown,DISREGARD SIGNAL/REG SIGN,39.13597025,-86.5311098
6,2,1500.0,2-Car,Incapacitating,IMPROPER PASSING,39.13597025,-86.53111846
3,2,1100.0,2-Car,No injury/unknown,UNSAFE BACKING,39.135968,-86.518496
6,1,1300.0,2-Car,No injury/unknown,FAILURE TO YIELD RIGHT OF WAY,39.13596019,-86.4965301
10,2,1000.0,2-Car,No injury/unknown,FAILURE TO YIELD RIGHT OF WAY,39.13596019,-86.4965301
11,4,1400.0,2-Car,No injury/unknown,FAILURE TO YIELD RIGHT OF WAY,39.13596019,-86.4965301
12,2,1200.0,2-Car,No injury/unknown,FAILURE TO YIELD RIGHT OF WAY,39.13596019,-86.4965301
6,7,1600.0,2-Car,No injury/unknown,IMPROPER TURNING,39.13586997,-86.49740259
5,6,1100.0,2-Car,Non-incapacitating,FAILURE TO YIELD RIGHT OF WAY,39.13584,-86.496288
5,3,900.0,1-Car,Non-incapacitating,INSECURE/LEAKY LOAD,39.13579701,-86.48596165
4,5,2000.0,1-Car,Incapacitating,RAN OFF ROAD RIGHT,39.13576,-86.489488
5,4,900.0,2-Car,No injury/unknown,OTHER (DRIVER) - EXPLAIN IN NARRATIVE,39.13568191,-86.56878881
6,6,1200.0,2-Car,No injury/unknown,UNSAFE BACKING,39.135648,-86.462248
4,7,800.0,1-Car,No injury/unknown,DRIVER DISTRACTED - EXPLAIN IN NARRATIVE,39.135648,-86.462248
10,6,1300.0,1-Car,No injury/unknown,ROADWAY SURFACE CONDITION,39.13561326,-86.41448211
11,6,1600.0,2-Car,No injury/unknown,OTHER (VEHICLE) - EXPLAIN IN NARRATIVE,39.13553676,-86.57596725
10,2,700.0,3+ Cars,Non-incapacitating,UNSAFE SPEED,39.13538843,-86.57289694
10,4,1900.0,2-Car,No injury/unknown,FOLLOWING TOO CLOSELY,39.13520214,-86.59603073
2,3,2100.0,Pedestrian,Non-incapacitating,UNSAFE BACKING,39.13514057,-86.58250286
4,6,800.0,2-Car,No injury/unknown,FAILURE TO YIELD RIGHT OF WAY,39.13513663,-86.55998992
12,5,700.0,2-Car,No injury/unknown,FOLLOWING TOO CLOSELY,39.13511739,-86.572896
10,5,700.0,2-Car,No injury/unknown,FOLLOWING TOO CLOSELY,39.13484955,-86.59627017
12,4,600.0,1-Car,Non-incapacitating,SPEED TOO FAST FOR WEATHER CONDITIONS,39.13463995,-86.53686062
6,5,1200.0,2-Car,No injury/unknown,UNSAFE BACKING,39.134448,-86.647504
5,6,1200.0,2-Car,No injury/unknown,OTHER (DRIVER) - EXPLAIN IN NARRATIVE,39.134352,-86.53712773
3,5,1600.0,Moped/Motorcycle,Non-incapacitating,FAILURE TO YIELD RIGHT OF WAY,39.13432546,-86.52733091
4,6,1100.0,2-Car,No injury/unknown,UNSAFE BACKING,39.13432546,-86.52733091
9,3,1000.0,2-Car,No injury/unknown,OVERCORRECTING/OVERSTEERING,39.13432546,-86.52733091
3,1,800.0,1-Car,No injury/unknown,DRIVER DISTRACTED - EXPLAIN IN NARRATIVE,39.134144,-86.642864
8,3,800.0,2-Car,No injury/unknown,FOLLOWING TOO CLOSELY,39.134144,-86.642864
9,7,1300.0,2-Car,No injury/unknown,FAILURE TO YIELD RIGHT OF WAY,39.13403643,-86.49773977
4,6,1800.0,2-Car,No injury/unknown,UNSAFE BACKING,39.13394547,-86.5247879
12,2,1700.0,3+ Cars,No injury/unknown,FOLLOWING TOO CLOSELY,39.13391113,-86.60555164
1,2,900.0,1-Car,No injury/unknown,SPEED TOO FAST FOR WEATHER CONDITIONS,39.13391113,-86.6055603
10,4,100.0,2-Car,No injury/unknown,FOLLOWING TOO CLOSELY,39.13391113,-86.6055603
10,7,1600.0,2-Car,Non-incapacitating,LEFT OF CENTER,39.13391113,-86.6055603
8,6,2000.0,2-Car,No injury/unknown,UNSAFE BACKING,39.13390625,-86.57414525
8,5,1600.0,2-Car,No injury/unknown,UNSAFE BACKING,39.133744,-86.50592
10,5,100.0,1-Car,No injury/unknown,UNSAFE BACKING,39.133744,-86.50592
12,2,2000.0,2-Car,Non-incapacitating,FAILURE TO YIELD RIGHT OF WAY,39.13351355,-86.58264923
9,2,1700.0,2-Car,No injury/unknown,OTHER (DRIVER) - EXPLAIN IN NARRATIVE,39.13350865,-86.5825358
8,6,1200.0,3+ Cars,Non-incapacitating,OTHER (DRIVER) - EXPLAIN IN NARRATIVE,39.133248,-86.517488
1,4,700.0,2-Car,Non-incapacitating,FAILURE TO YIELD RIGHT OF WAY,39.13314963,-86.53265006
11,5,0.0,1-Car,No injury/unknown,ANIMAL/OBJECT IN ROADWAY,39.13314767,-86.60447692
8,5,1100.0,2-Car,No injury/unknown,FOLLOWING TOO CLOSELY,39.13306464,-86.53324015
2,5,2100.0,2-Car,Non-incapacitating,UNSAFE SPEED,39.13292012,-86.572896
2,5,2100.0,2-Car,No injury/unknown,SPEED TOO FAST FOR WEATHER CONDITIONS,39.13292012,-86.572896
3,6,1400.0,2-Car,Non-incapacitating,DRIVER DISTRACTED - EXPLAIN IN NARRATIVE,39.13288687,-86.57913006
7,4,1100.0,2-Car,No injury/unknown,FAILURE TO YIELD RIGHT OF WAY,39.13288687,-86.57913006
5,1,1000.0,2-Car,No injury/unknown,,39.132848,-86.554848
7,5,0.0,1-Car,No injury/unknown,RAN OFF ROAD RIGHT,39.13249207,-86.51730346
7,2,1700.0,1-Car,Non-incapacitating,UNSAFE SPEED,39.13229009,-86.64288024
10,7,1300.0,2-Car,No injury/unknown,UNSAFE BACKING,39.1319809,-86.53209686
12,6,1400.0,2-Car,No injury/unknown,UNSAFE BACKING,39.1319809,-86.53209686
4,4,2200.0,2-Car,No injury/unknown,UNSAFE LANE MOVEMENT,39.1319809,-86.53210449
2,1,200.0,1-Car,Non-incapacitating,RAN OFF ROAD RIGHT,39.13196974,-86.53143972
5,3,1500.0,2-Car,No injury/unknown,FOLLOWING TOO CLOSELY,39.13196974,-86.53143972
9,4,2000.0,1-Car,No injury/unknown,DRIVER DISTRACTED - EXPLAIN IN NARRATIVE,39.13182959,-86.4997112
2,2,2200.0,2-Car,No injury/unknown,OTHER (VEHICLE) - EXPLAIN IN NARRATIVE,39.13172478,-86.58588872
11,3,700.0,3+ Cars,No injury/unknown,FOLLOWING TOO CLOSELY,39.13168965,-86.572896
10,5,2000.0,3+ Cars,Non-incapacitating,DRIVER DISTRACTED - EXPLAIN IN NARRATIVE,39.13151979,-86.53143033
12,7,1700.0,2-Car,No injury/unknown,FOLLOWING TOO CLOSELY,39.13151979,-86.53143033
3,5,900.0,2-Car,No injury/unknown,FOLLOWING TOO CLOSELY,39.13141519,-86.44785001
9,3,1500.0,2-Car,No injury/unknown,,39.13135599,-86.526688
4,2,1300.0,1-Car,No injury/unknown,UNSAFE BACKING,39.131248,-86.508464
1,5,700.0,3+ Cars,No injury/unknown,FOLLOWING TOO CLOSELY,39.13113338,-86.60164378
5,7,1100.0,2-Car,Non-incapacitating,FAILURE TO YIELD RIGHT OF WAY,39.130944,-86.526688
10,6,1000.0,3+ Cars,Non-incapacitating,FAILURE TO YIELD RIGHT OF WAY,39.130944,-86.526688
9,2,1400.0,1-Car,No injury/unknown,RAN OFF ROAD RIGHT,39.13077781,-86.60209417
8,3,1000.0,2-Car,No injury/unknown,OTHER (DRIVER) - EXPLAIN IN NARRATIVE,39.13069166,-86.52687527
4,2,1000.0,2-Car,No injury/unknown,UNSAFE BACKING,39.1306572,-86.53276062
5,6,1700.0,2-Car,No injury/unknown,UNSAFE BACKING,39.13052836,-86.54452414
8,5,2100.0,1-Car,No injury/unknown,DRIVER DISTRACTED - EXPLAIN IN NARRATIVE,39.13048361,-86.58264778
5,2,1300.0,2-Car,No injury/unknown,UNSAFE BACKING,39.13043015,-86.5415503
8,2,1400.0,1-Car,Incapacitating,DRIVER ILLNESS,39.13041717,-86.60271289
9,7,1100.0,Moped/Motorcycle,Non-incapacitating,UNSAFE SPEED,39.130144,-86.574
10,7,1400.0,2-Car,No injury/unknown,SPEED TOO FAST FOR WEATHER CONDITIONS,39.13005818,-86.5768703
8,5,2100.0,2-Car,No injury/unknown,CELL PHONE USAGE,39.1299882,-86.57648294
9,4,1600.0,1-Car,Non-incapacitating,RAN OFF ROAD RIGHT,39.12975311,-86.58403778
9,6,0.0,2-Car,No injury/unknown,IMPROPER TURNING,39.129673,-86.50354003
6,4,1800.0,2-Car,No injury/unknown,IMPROPER TURNING,39.1293814,-86.53146117
10,6,700.0,2-Car,No injury/unknown,FOLLOWING TOO CLOSELY,39.12936,-86.604336
3,7,100.0,1-Car,No injury/unknown,OVERCORRECTING/OVERSTEERING,39.12896035,-86.629669
6,3,800.0,2-Car,Non-incapacitating,UNSAFE SPEED,39.12883348,-86.60495825
12,3,1600.0,3+ Cars,No injury/unknown,FOLLOWING TOO CLOSELY,39.12865931,-86.6052393
6,3,1300.0,2-Car,No injury/unknown,UNSAFE BACKING,39.12821665,-86.50074921
10,3,2300.0,1-Car,Incapacitating,RAN OFF ROAD RIGHT,39.12818983,-86.55671155
10,7,1400.0,2-Car,No injury/unknown,BRAKE FAILURE OR DEFECTIVE,39.12818983,-86.55672021
5,3,2100.0,2-Car,No injury/unknown,UNSAFE BACKING,39.12815094,-86.52787017
7,2,1700.0,2-Car,No injury/unknown,LEFT OF CENTER,39.128006,-86.530556
3,1,700.0,2-Car,No injury/unknown,OTHER (VEHICLE) - EXPLAIN IN NARRATIVE,39.12800598,-86.53055572
8,7,700.0,2-Car,No injury/unknown,OTHER (DRIVER) - EXPLAIN IN NARRATIVE,39.12800598,-86.53055572
12,2,900.0,2-Car,No injury/unknown,LEFT OF CENTER,39.12791021,-86.55612641
11,5,400.0,1-Car,No injury/unknown,ANIMAL/OBJECT IN ROADWAY,39.12771225,-86.58383178
5,5,2100.0,2-Car,No injury/unknown,UNSAFE BACKING,39.12766239,-86.52679022
11,2,600.0,2-Car,Non-incapacitating,FOLLOWING TOO CLOSELY,39.127376,-86.531375
6,7,0.0,1-Car,Non-incapacitating,UNSAFE SPEED,39.12735347,-86.55303781
12,1,1600.0,2-Car,No injury/unknown,FAILURE TO YIELD RIGHT OF WAY,39.12731007,-86.5063101
3,1,1800.0,2-Car,No injury/unknown,UNSAFE BACKING,39.12716835,-86.52677353
2,7,1200.0,2-Car,Non-incapacitating,FOLLOWING TOO CLOSELY,39.12666969,-86.53136998
4,5,1600.0,3+ Cars,Non-incapacitating,FOLLOWING TOO CLOSELY,39.12666969,-86.53136998
12,4,500.0,1-Car,No injury/unknown,OVERCORRECTING/OVERSTEERING,39.12664,-86.582512
12,5,1500.0,2-Car,No injury/unknown,IMPROPER TURNING,39.1266194,-86.52957223
4,3,2000.0,3+ Cars,Non-incapacitating,FOLLOWING TOO CLOSELY,39.1266098,-86.58258056
5,6,1400.0,2-Car,No injury/unknown,FAILURE TO YIELD RIGHT OF WAY,39.1266098,-86.58258056
5,5,1500.0,2-Car,No injury/unknown,FAILURE TO YIELD RIGHT OF WAY,39.1266098,-86.58258056
12,7,1300.0,2-Car,No injury/unknown,UNSAFE BACKING,39.12631655,-86.52674475
11,2,1000.0,2-Car,No injury/unknown,OBSTRUCTION NOT MARKED,39.12619019,-86.6142706
12,3,900.0,2-Car,No injury/unknown,SPEED TOO FAST FOR WEATHER CONDITIONS,39.12593007,-86.55359007
6,1,1400.0,2-Car,No injury/unknown,SPEED TOO FAST FOR WEATHER CONDITIONS,39.12567392,-86.55401788
1,6,1200.0,2-Car,No injury/unknown,UNSAFE BACKING,39.125312,-86.610496
2,4,1900.0,2-Car,No injury/unknown,FAILURE TO YIELD RIGHT OF WAY,39.125312,-86.610496
2,5,1400.0,2-Car,No injury/unknown,DRIVER DISTRACTED - EXPLAIN IN NARRATIVE,39.125312,-86.610496
3,5,2000.0,2-Car,No injury/unknown,FAILURE TO YIELD RIGHT OF WAY,39.125312,-86.610496
3,7,700.0,2-Car,Fatal,OTHER (DRIVER) - EXPLAIN IN NARRATIVE,39.125312,-86.610496
6,5,1500.0,2-Car,No injury/unknown,FAILURE TO YIELD RIGHT OF WAY,39.125312,-86.610496
5,4,1400.0,2-Car,No injury/unknown,OTHER (DRIVER) - EXPLAIN IN NARRATIVE,39.125312,-86.610496
5,2,1500.0,2-Car,No injury/unknown,,39.125312,-86.610496
5,5,1500.0,2-Car,No injury/unknown,IMPROPER TURNING,39.125312,-86.610496
8,1,2100.0,2-Car,No injury/unknown,FOLLOWING TOO CLOSELY,39.125312,-86.610496
8,3,2000.0,2-Car,No injury/unknown,UNSAFE BACKING,39.125312,-86.610496
6,1,1300.0,2-Car,No injury/unknown,UNSAFE BACKING,39.125312,-86.610496
7,7,1700.0,2-Car,No injury/unknown,IMPROPER LANE USAGE,39.125312,-86.610496
7,3,1500.0,2-Car,No injury/unknown,UNSAFE BACKING,39.125312,-86.610496
7,4,1900.0,Pedestrian,Non-incapacitating,PEDESTRIAN ACTION,39.125312,-86.610496
9,2,1500.0,2-Car,No injury/unknown,FOLLOWING TOO CLOSELY,39.125312,-86.610496
9,4,1400.0,2-Car,No injury/unknown,FAILURE TO YIELD RIGHT OF WAY,39.125312,-86.610496
10,7,1800.0,2-Car,No injury/unknown,IMPROPER LANE USAGE,39.125312,-86.610496
10,3,300.0,2-Car,No injury/unknown,SPEED TOO FAST FOR WEATHER CONDITIONS,39.125312,-86.610496
10,7,1500.0,2-Car,No injury/unknown,FAILURE TO YIELD RIGHT OF WAY,39.125312,-86.610496
10,3,2200.0,2-Car,No injury/unknown,IMPROPER TURNING,39.125312,-86.610496
11,7,1400.0,2-Car,No injury/unknown,UNSAFE BACKING,39.125312,-86.610496
11,6,1400.0,2-Car,No injury/unknown,UNSAFE BACKING,39.125312,-86.610496
12,7,1500.0,1-Car,No injury/unknown,IMPROPER LANE USAGE,39.125312,-86.610496
12,7,1300.0,2-Car,No injury/unknown,VIEW OBSTRUCTED,39.125312,-86.610496
12,2,2000.0,1-Car,Non-incapacitating,RAN OFF ROAD RIGHT,39.125312,-86.610496
2,5,2200.0,2-Car,No injury/unknown,ROADWAY SURFACE CONDITION,39.12526797,-86.550928
12,1,1600.0,2-Car,No injury/unknown,FAILURE TO YIELD RIGHT OF WAY,39.12501287,-86.48957199
1,5,700.0,2-Car,No injury/unknown,UNSAFE BACKING,39.12489319,-86.50860595
4,3,1700.0,2-Car,Non-incapacitating,FOLLOWING TOO CLOSELY,39.12455872,-86.55998992
3,6,0.0,1-Car,No injury/unknown,RAN OFF ROAD RIGHT,39.12440105,-86.56053861
11,5,500.0,1-Car,No injury/unknown,SPEED TOO FAST FOR WEATHER CONDITIONS,39.12423192,-86.58257102
2,6,1300.0,2-Car,No injury/unknown,SPEED TOO FAST FOR WEATHER CONDITIONS,39.12398305,-86.52670641
4,7,1600.0,Moped/Motorcycle,Non-incapacitating,ROADWAY SURFACE CONDITION,39.1239801,-86.52669019
7,4,1500.0,2-Car,No injury/unknown,UNSAFE BACKING,39.12376088,-86.5266497
9,1,800.0,2-Car,No injury/unknown,BRAKE FAILURE OR DEFECTIVE,39.12372971,-86.53766632
8,5,2300.0,2-Car,No injury/unknown,UNSAFE SPEED,39.1236787,-86.55608989
10,2,1200.0,2-Car,No injury/unknown,DRIVER DISTRACTED - EXPLAIN IN NARRATIVE,39.12359566,-86.53143033
4,6,1400.0,1-Car,No injury/unknown,DISREGARD SIGNAL/REG SIGN,39.123376,-86.582592
10,3,2300.0,1-Car,No injury/unknown,RAN OFF ROAD RIGHT,39.123376,-86.582592
12,6,700.0,1-Car,No injury/unknown,SPEED TOO FAST FOR WEATHER CONDITIONS,39.12317125,-86.58269437
2,1,1100.0,2-Car,No injury/unknown,FAILURE TO YIELD RIGHT OF WAY,39.12297226,-86.53180986
5,6,700.0,1-Car,No injury/unknown,OTHER (DRIVER) - EXPLAIN IN NARRATIVE,39.12266249,-86.56226322
5,4,2000.0,1-Car,Non-incapacitating,UNSAFE SPEED,39.12264318,-86.53774023
7,2,300.0,1-Car,No injury/unknown,RAN OFF ROAD RIGHT,39.122448,-86.574
12,6,700.0,1-Car,No injury/unknown,RAN OFF ROAD RIGHT,39.122448,-86.574
1,6,1400.0,3+ Cars,Incapacitating,DISREGARD SIGNAL/REG SIGN,39.122352,-86.5712
9,6,1100.0,1-Car,No injury/unknown,FOLLOWING TOO CLOSELY,39.122352,-86.5712
2,5,1100.0,1-Car,Incapacitating,UNSAFE SPEED,39.122352,-86.6056
4,6,2300.0,1-Car,No injury/unknown,RAN OFF ROAD RIGHT,39.122352,-86.6056
1,5,2000.0,1-Car,No injury/unknown,SPEED TOO FAST FOR WEATHER CONDITIONS,39.12229906,-86.56767463
5,1,1600.0,2-Car,No injury/unknown,FAILURE TO YIELD RIGHT OF WAY,39.122224,-86.562688
9,2,1700.0,2-Car,Non-incapacitating,DISREGARD SIGNAL/REG SIGN,39.12221146,-86.57353973
9,7,2000.0,3+ Cars,Non-incapacitating,FAILURE TO YIELD RIGHT OF WAY,39.12221146,-86.57353973
11,5,1500.0,2-Car,Non-incapacitating,FAILURE TO YIELD RIGHT OF WAY,39.12221146,-86.57353973
6,5,1600.0,2-Car,Non-incapacitating,FAILURE TO YIELD RIGHT OF WAY,39.122208,-86.615792
1,2,1700.0,2-Car,No injury/unknown,FAILURE TO YIELD RIGHT OF WAY,39.12220001,-86.56779479
4,5,1200.0,3+ Cars,No injury/unknown,FOLLOWING TOO CLOSELY,39.12220001,-86.56779479
1,5,2000.0,2-Car,No injury/unknown,SPEED TOO FAST FOR WEATHER CONDITIONS,39.12220001,-86.56788136
4,3,1700.0,2-Car,No injury/unknown,FOLLOWING TOO CLOSELY,39.12209988,-86.57402984
12,2,700.0,1-Car,No injury/unknown,RAN OFF ROAD RIGHT,39.12189278,-86.54577636
1,5,2000.0,2-Car,No injury/unknown,SPEED TOO FAST FOR WEATHER CONDITIONS,39.12181218,-86.54791696
4,6,2200.0,1-Car,No injury/unknown,RAN OFF ROAD RIGHT,39.1217467,-86.49666988
11,4,1600.0,2-Car,No injury/unknown,SPEED TOO FAST FOR WEATHER CONDITIONS,39.12174554,-86.61594003
9,1,1300.0,1-Car,Non-incapacitating,TIRE FAILURE OR DEFECTIVE,39.12160351,-86.49173694
3,5,1700.0,1-Car,Non-incapacitating,RAN OFF ROAD RIGHT,39.121584,-86.489744
9,7,300.0,1-Car,No injury/unknown,RAN OFF ROAD RIGHT,39.121584,-86.489744
2,4,1900.0,1-Car,No injury/unknown,RAN OFF ROAD RIGHT,39.12156008,-86.53916411
1,3,0.0,2-Car,No injury/unknown,UNSAFE BACKING,39.121552,-86.531296
1,3,700.0,2-Car,No injury/unknown,FOLLOWING TOO CLOSELY,39.121552,-86.531296
2,6,300.0,1-Car,No injury/unknown,RAN OFF ROAD RIGHT,39.121552,-86.531296
6,7,2100.0,1-Car,No injury/unknown,ANIMAL/OBJECT IN ROADWAY,39.121552,-86.531296
7,4,1400.0,2-Car,No injury/unknown,FAILURE TO YIELD RIGHT OF WAY,39.121552,-86.531296
10,5,2100.0,1-Car,No injury/unknown,ANIMAL/OBJECT IN ROADWAY,39.121552,-86.531296
11,6,1200.0,1-Car,No injury/unknown,IMPROPER LANE USAGE,39.121552,-86.531296
5,7,1700.0,2-Car,No injury/unknown,UNSAFE BACKING,39.12154418,-86.53386009
3,5,500.0,1-Car,No injury/unknown,ANIMAL/OBJECT IN ROADWAY,39.12152,-86.51792
7,7,2100.0,1-Car,No injury/unknown,RAN OFF ROAD RIGHT,39.121488,-86.528304
9,6,1600.0,2-Car,Non-incapacitating,FAILURE TO YIELD RIGHT OF WAY,39.12146017,-86.50459782
11,6,700.0,2-Car,No injury/unknown,FOLLOWING TOO CLOSELY,39.12145871,-86.52720079
6,3,1700.0,2-Car,No injury/unknown,ROADWAY SURFACE CONDITION,39.12145011,-86.52383968
3,3,2300.0,1-Car,No injury/unknown,RAN OFF ROAD RIGHT,39.12144607,-86.52387219
8,7,1200.0,2-Car,No injury/unknown,FAILURE TO YIELD RIGHT OF WAY,39.12144282,-86.52614342
1,5,1400.0,3+ Cars,Non-incapacitating,FOLLOWING TOO CLOSELY,39.12144005,-86.51149346
5,2,0.0,1-Car,Non-incapacitating,SPEED TOO FAST FOR WEATHER CONDITIONS,39.12144005,-86.51149346
5,5,1500.0,2-Car,No injury/unknown,FOLLOWING TOO CLOSELY,39.12144005,-86.51156699
4,5,1800.0,2-Car,No injury/unknown,FAILURE TO YIELD RIGHT OF WAY,39.12144005,-86.51157997
4,3,1200.0,3+ Cars,Non-incapacitating,FAILURE TO YIELD RIGHT OF WAY,39.12144005,-86.51157997
7,4,1600.0,2-Car,No injury/unknown,FOLLOWING TOO CLOSELY,39.12144005,-86.51157997
10,5,700.0,2-Car,No injury/unknown,FOLLOWING TOO CLOSELY,39.12144005,-86.51166648
1,5,1700.0,2-Car,Non-incapacitating,FOLLOWING TOO CLOSELY,39.12144,-86.526496
2,3,1300.0,2-Car,Non-incapacitating,DISREGARD SIGNAL/REG SIGN,39.12144,-86.526496
8,4,1800.0,2-Car,No injury/unknown,DISREGARD SIGNAL/REG SIGN,39.12144,-86.526496
7,6,1500.0,2-Car,No injury/unknown,FAILURE TO YIELD RIGHT OF WAY,39.12144,-86.526496
9,5,700.0,2-Car,No injury/unknown,FOLLOWING TOO CLOSELY,39.12144,-86.526496
11,7,1400.0,2-Car,Non-incapacitating,DISREGARD SIGNAL/REG SIGN,39.12144,-86.526496
10,3,500.0,1-Car,No injury/unknown,DRIVER ASLEEP OR FATIGUED,39.12144,-86.526496
3,5,1500.0,2-Car,No injury/unknown,UNSAFE LANE MOVEMENT,39.12143201,-86.53530478
4,3,1700.0,2-Car,No injury/unknown,UNSAFE BACKING,39.12143201,-86.53530478
5,4,1500.0,2-Car,No injury/unknown,DRIVER DISTRACTED - EXPLAIN IN NARRATIVE,39.12143201,-86.53530478
8,6,700.0,2-Car,Non-incapacitating,FOLLOWING TOO CLOSELY,39.12141994,-86.53134986
12,3,1600.0,2-Car,No injury/unknown,FOLLOWING TOO CLOSELY,39.12141994,-86.53134986
4,4,1400.0,Moped/Motorcycle,Non-incapacitating,OVERCORRECTING/OVERSTEERING,39.12140529,-86.53143874
6,7,1600.0,2-Car,No injury/unknown,FOLLOWING TOO CLOSELY,39.12137985,-86.49404907
6,3,1600.0,2-Car,No injury/unknown,UNSAFE BACKING,39.12106702,-86.48835874
11,5,100.0,2-Car,No injury/unknown,UNSAFE SPEED,39.1210556,-86.53090667
9,5,700.0,2-Car,No injury/unknown,FOLLOWING TOO CLOSELY,39.12095428,-86.53143033
10,5,700.0,2-Car,No injury/unknown,SPEED TOO FAST FOR WEATHER CONDITIONS,39.12075336,-86.526496
8,3,600.0,1-Car,No injury/unknown,ANIMAL/OBJECT IN ROADWAY,39.11961458,-86.61847596
1,4,800.0,2-Car,No injury/unknown,FOLLOWING TOO CLOSELY,39.11961185,-86.526808
4,5,700.0,2-Car,Non-incapacitating,FOLLOWING TOO CLOSELY,39.11961185,-86.526808