Month,Day,Hour,Collision Type,Injury Type,Primary Factor,Latitude,Longitude
9,7,1000.0,1-Car,No injury/unknown,RAN OFF ROAD RIGHT,39.11954381,-86.48959296
3,4,700.0,1-Car,Non-incapacitating,ROADWAY SURFACE CONDITION,39.1195438,-86.48959295
5,7,900.0,1-Car,No injury/unknown,RAN OFF ROAD RIGHT,39.119344,-86.618896
7,5,800.0,2-Car,No injury/unknown,FOLLOWING TOO CLOSELY,39.119344,-86.618896
11,6,1500.0,2-Car,No injury/unknown,UNSAFE LANE MOVEMENT,39.119344,-86.618896
2,6,1800.0,1-Car,No injury/unknown,RAN OFF ROAD RIGHT,39.11902021,-86.53168845
4,3,1200.0,2-Car,No injury/unknown,BRAKE FAILURE OR DEFECTIVE,39.11893018,-86.53130024
7,3,900.0,2-Car,No injury/unknown,LEFT OF CENTER,39.11886349,-86.61975529
10,1,1300.0,2-Car,No injury/unknown,FOLLOWING TOO CLOSELY,39.11883666,-86.54765319
12,6,200.0,2-Car,No injury/unknown,UNSAFE BACKING,39.11849316,-86.49050349
8,1,2300.0,2-Car,No injury/unknown,OTHER (VEHICLE) - EXPLAIN IN NARRATIVE,39.1180687,-86.52586364
7,6,200.0,2-Car,No injury/unknown,LEFT OF CENTER,39.11790085,-86.64187841
7,4,500.0,1-Car,No injury/unknown,RAN OFF ROAD RIGHT,39.11780593,-86.56724151
12,7,1700.0,2-Car,No injury/unknown,UNSAFE LANE MOVEMENT,39.117648,-86.567104
6,4,1300.0,2-Car,No injury/unknown,FAILURE TO YIELD RIGHT OF WAY,39.11755374,-86.56705561
9,4,1600.0,2-Car,No injury/unknown,FAILURE TO YIELD RIGHT OF WAY,39.11755374,-86.56705561
6,7,1700.0,1-Car,No injury/unknown,ROADWAY SURFACE CONDITION,39.11744736,-86.56686323
7,6,600.0,1-Car,Incapacitating,RAN OFF ROAD RIGHT,39.11739731,-86.6419754
1,6,900.0,2-Car,No injury/unknown,SPEED TOO FAST FOR WEATHER CONDITIONS,39.11727061,-86.59829981
11,2,1100.0,2-Car,Non-incapacitating,FAILURE TO YIELD RIGHT OF WAY,39.11717606,-86.53736114
9,7,1800.0,2-Car,No injury/unknown,DRIVER DISTRACTED - EXPLAIN IN NARRATIVE,39.117176,-86.537361
2,5,1300.0,1-Car,No injury/unknown,RAN OFF ROAD RIGHT,39.11607599,-86.58258005
12,5,2300.0,1-Car,No injury/unknown,SPEED TOO FAST FOR WEATHER CONDITIONS,39.11597216,-86.51615984
4,2,1800.0,2-Car,No injury/unknown,FAILURE TO YIELD RIGHT OF WAY,39.115552,-86.564592
4,2,900.0,2-Car,Non-incapacitating,FOLLOWING TOO CLOSELY,39.115552,-86.564592
5,1,1600.0,1-Car,No injury/unknown,SPEED TOO FAST FOR WEATHER CONDITIONS,39.115552,-86.564592
11,6,500.0,1-Car,No injury/unknown,ANIMAL/OBJECT IN ROADWAY,39.115552,-86.564592
11,6,1700.0,2-Car,No injury/unknown,FAILURE TO YIELD RIGHT OF WAY,39.115552,-86.564592
12,6,700.0,1-Car,No injury/unknown,ANIMAL/OBJECT IN ROADWAY,39.115552,-86.564592
7,6,800.0,1-Car,No injury/unknown,ANIMAL/OBJECT IN ROADWAY,39.11545529,-86.5544281
8,2,1600.0,2-Car,No injury/unknown,UNSAFE LANE MOVEMENT,39.11536877,-86.56469338
10,2,1700.0,2-Car,No injury/unknown,FOLLOWING TOO CLOSELY,39.11513138,-86.61884204
7,7,1600.0,2-Car,No injury/unknown,FOLLOWING TOO CLOSELY,39.11513138,-86.6188507
3,5,600.0,1-Car,Non-incapacitating,RAN OFF ROAD RIGHT,39.11507327,-86.56396013
9,4,1500.0,2-Car,No injury/unknown,UNSAFE SPEED,39.11504,-86.630992
12,7,1000.0,1-Car,No injury/unknown,ROADWAY SURFACE CONDITION,39.11503024,-86.47097037
11,6,600.0,2-Car,No injury/unknown,SPEED TOO FAST FOR WEATHER CONDITIONS,39.11501013,-86.57337002
8,7,1600.0,1-Car,Non-incapacitating,LEFT OF CENTER,39.11500139,-86.62746724
5,6,800.0,2-Car,No injury/unknown,OTHER (DRIVER) - EXPLAIN IN NARRATIVE,39.11483868,-86.5311109
1,5,2100.0,1-Car,No injury/unknown,SPEED TOO FAST FOR WEATHER CONDITIONS,39.11473989,-86.55655162
8,3,1400.0,2-Car,No injury/unknown,FAILURE TO YIELD RIGHT OF WAY,39.11462992,-86.53982028
6,7,2000.0,1-Car,Incapacitating,ANIMAL/OBJECT IN ROADWAY,39.11421156,-86.56282277
8,4,2200.0,1-Car,No injury/unknown,RAN OFF ROAD RIGHT,39.11377028,-86.42555393
8,6,800.0,1-Car,No injury/unknown,BRAKE FAILURE OR DEFECTIVE,39.11377028,-86.42562307
8,4,700.0,3+ Cars,No injury/unknown,FOLLOWING TOO CLOSELY,39.11338048,-86.63700103
11,1,600.0,1-Car,No injury/unknown,ANIMAL/OBJECT IN ROADWAY,39.11289707,-86.63531144
9,2,1500.0,Bus,No injury/unknown,IMPROPER TURNING,39.11275756,-86.66818891
1,5,2200.0,1-Car,No injury/unknown,UNSAFE SPEED,39.11249112,-86.635973
11,3,1000.0,2-Car,No injury/unknown,RAN OFF ROAD RIGHT,39.11194229,-86.54027557
7,1,1100.0,1-Car,No injury/unknown,ANIMAL/OBJECT IN ROADWAY,39.11188918,-86.63693506
6,5,1400.0,2-Car,No injury/unknown,FAILURE TO YIELD RIGHT OF WAY,39.11173798,-86.57913006
3,7,900.0,2-Car,No injury/unknown,IMPROPER LANE USAGE,39.11172794,-86.53489977
2,6,1600.0,2-Car,No injury/unknown,UNSAFE LANE MOVEMENT,39.11111623,-86.53511434
7,5,1700.0,2-Car,No injury/unknown,FAILURE TO YIELD RIGHT OF WAY,39.111024,-86.638304
12,2,500.0,1-Car,No injury/unknown,ANIMAL/OBJECT IN ROADWAY,39.111024,-86.638304
3,7,700.0,1-Car,No injury/unknown,ANIMAL/OBJECT IN ROADWAY,39.11074582,-86.45161013
4,5,1500.0,2-Car,No injury/unknown,FOLLOWING TOO CLOSELY,39.11038877,-86.53143033
6,7,1500.0,2-Car,Non-incapacitating,RAN OFF ROAD RIGHT,39.109248,-86.53128
5,4,1700.0,3+ Cars,No injury/unknown,FOLLOWING TOO CLOSELY,39.1090467,-86.526808
10,3,2300.0,1-Car,No injury/unknown,RAN OFF ROAD RIGHT,39.108848,-86.6384
8,3,1700.0,2-Car,No injury/unknown,UNSAFE BACKING,39.10851331,-86.53132114
3,7,600.0,2-Car,No injury/unknown,FAILURE TO YIELD RIGHT OF WAY,39.10844526,-86.49855535
11,5,2100.0,3+ Cars,Non-incapacitating,UNSAFE SPEED,39.10791032,-86.61038987
2,6,1100.0,2-Car,Non-incapacitating,SPEED TOO FAST FOR WEATHER CONDITIONS,39.10781407,-86.64342778
9,6,700.0,Bus,No injury/unknown,UNSAFE BACKING,39.10748823,-86.54649362
6,7,200.0,1-Car,Non-incapacitating,RAN OFF ROAD RIGHT,39.10748449,-86.54626781
4,2,700.0,Bus,No injury/unknown,FAILURE TO YIELD RIGHT OF WAY,39.107344,-86.5264
5,3,1600.0,2-Car,No injury/unknown,FAILURE TO YIELD RIGHT OF WAY,39.107344,-86.5264
11,4,800.0,2-Car,No injury/unknown,FAILURE TO YIELD RIGHT OF WAY,39.107344,-86.5264
11,7,900.0,2-Car,Non-incapacitating,FOLLOWING TOO CLOSELY,39.107344,-86.5264
2,4,100.0,1-Car,No injury/unknown,RAN OFF ROAD RIGHT,39.107328,-86.534992
3,6,1800.0,1-Car,No injury/unknown,RAN OFF ROAD RIGHT,39.10731014,-86.5281621
11,2,700.0,2-Car,No injury/unknown,UNSAFE BACKING,39.10725988,-86.53149001
10,3,700.0,1-Car,Incapacitating,RAN OFF ROAD RIGHT,39.10715997,-86.52649684
2,7,1600.0,1-Car,No injury/unknown,RAN OFF ROAD RIGHT,39.10715997,-86.52650982
7,6,1800.0,3+ Cars,No injury/unknown,UNSAFE LANE MOVEMENT,39.10715997,-86.52655308
1,5,600.0,2-Car,No injury/unknown,ANIMAL/OBJECT IN ROADWAY,39.10706061,-86.55672021
1,5,1800.0,2-Car,No injury/unknown,LEFT OF CENTER,39.10688974,-86.52378
11,3,1100.0,1-Car,No injury/unknown,OVERCORRECTING/OVERSTEERING,39.10688974,-86.52378
4,7,2000.0,2-Car,No injury/unknown,IMPROPER TURNING,39.106512,-86.573504
3,6,900.0,2-Car,No injury/unknown,UNSAFE BACKING,39.10649041,-86.55034722
12,4,400.0,3+ Cars,Non-incapacitating,FOLLOWING TOO CLOSELY,39.10611653,-86.55187435
11,4,1000.0,2-Car,No injury/unknown,ANIMAL/OBJECT IN ROADWAY,39.10587248,-86.52253083
2,5,1800.0,2-Car,No injury/unknown,SPEED TOO FAST FOR WEATHER CONDITIONS,39.10574018,-86.55136078
5,6,1100.0,1-Car,Non-incapacitating,OTHER (DRIVER) - EXPLAIN IN NARRATIVE,39.10568006,-86.5224798
4,7,2100.0,2-Car,No injury/unknown,FAILURE TO YIELD RIGHT OF WAY,39.10564948,-86.55126849
4,3,1600.0,2-Car,No injury/unknown,DISREGARD SIGNAL/REG SIGN,39.10564948,-86.55126849
4,3,1700.0,2-Car,No injury/unknown,FOLLOWING TOO CLOSELY,39.105552,-86.551104
10,5,700.0,2-Car,Incapacitating,FAILURE TO YIELD RIGHT OF WAY,39.105552,-86.551104
12,6,1500.0,2-Car,No injury/unknown,SPEED TOO FAST FOR WEATHER CONDITIONS,39.105552,-86.551104
9,1,0.0,1-Car,No injury/unknown,ANIMAL/OBJECT IN ROADWAY,39.104944,-86.61032
6,5,600.0,1-Car,No injury/unknown,ANIMAL/OBJECT IN ROADWAY,39.10488841,-86.5544281
2,1,700.0,2-Car,No injury/unknown,FOLLOWING TOO CLOSELY,39.10462952,-86.68247222
7,2,1600.0,1-Car,No injury/unknown,DRIVER ASLEEP OR FATIGUED,39.10462952,-86.68248956
9,1,1200.0,2-Car,Non-incapacitating,UNSAFE LANE MOVEMENT,39.10371277,-86.43020291
8,4,1600.0,1-Car,No injury/unknown,IMPROPER TURNING,39.1036731,-86.55181981
12,6,1800.0,1-Car,No injury/unknown,OTHER (ENVIRONMENTAL) - EXPLAIN IN NARR,39.1035127,-86.54931096
1,5,1800.0,2-Car,No injury/unknown,ROADWAY SURFACE CONDITION,39.103302,-86.64743041
7,2,900.0,3+ Cars,Incapacitating,LEFT OF CENTER,39.10329819,-86.64743041
7,2,900.0,1-Car,No injury/unknown,RAN OFF ROAD RIGHT,39.10329819,-86.64743041
10,1,1100.0,3+ Cars,Non-incapacitating,FOLLOWING TOO CLOSELY,39.10329819,-86.64743041
11,1,1200.0,1-Car,No injury/unknown,RAN OFF ROAD RIGHT,39.10269217,-86.55683398
2,2,1300.0,1-Car,No injury/unknown,ANIMAL/OBJECT IN ROADWAY,39.10133773,-86.64986539
5,5,1800.0,Moped/Motorcycle,Non-incapacitating,RAN OFF ROAD RIGHT,39.10030022,-86.49100845
12,7,1300.0,2-Car,Non-incapacitating,LEFT OF CENTER,39.09984,-86.5176
3,3,600.0,1-Car,No injury/unknown,SPEED TOO FAST FOR WEATHER CONDITIONS,39.099408,-86.537904
3,3,600.0,1-Car,Non-incapacitating,SPEED TOO FAST FOR WEATHER CONDITIONS,39.099408,-86.537904
5,2,1700.0,2-Car,No injury/unknown,FAILURE TO YIELD RIGHT OF WAY,39.099152,-86.652
5,4,700.0,2-Car,No injury/unknown,FAILURE TO YIELD RIGHT OF WAY,39.099152,-86.652
6,1,1600.0,1-Car,No injury/unknown,OTHER (ENVIRONMENTAL) - EXPLAIN IN NARR,39.09911173,-86.54225975
1,4,1400.0,2-Car,No injury/unknown,DRIVER DISTRACTED - EXPLAIN IN NARRATIVE,39.0978812,-86.57508999
1,3,700.0,2-Car,No injury/unknown,FOLLOWING TOO CLOSELY,39.09670092,-86.53149001
9,1,1400.0,2-Car,No injury/unknown,FOLLOWING TOO CLOSELY,39.09670092,-86.53149001
4,7,2000.0,1-Car,No injury/unknown,ANIMAL/OBJECT IN ROADWAY,39.0964486,-86.52083024
5,5,600.0,1-Car,No injury/unknown,ANIMAL/OBJECT IN ROADWAY,39.09579253,-86.56779479
12,2,500.0,2-Car,No injury/unknown,ROADWAY SURFACE CONDITION,39.09571236,-86.54595204
12,2,600.0,1-Car,No injury/unknown,ROADWAY SURFACE CONDITION,39.09571236,-86.54595204
2,2,600.0,2-Car,Non-incapacitating,FAILURE TO YIELD RIGHT OF WAY,39.09541994,-86.54263995
8,4,800.0,1-Car,No injury/unknown,DRIVER DISTRACTED - EXPLAIN IN NARRATIVE,39.09535099,-86.58439683
6,4,900.0,2-Car,Non-incapacitating,DISREGARD SIGNAL/REG SIGN,39.09431839,-86.55906677
7,1,1000.0,Moped/Motorcycle,Non-incapacitating,FOLLOWING TOO CLOSELY,39.09431839,-86.55906677
9,1,1800.0,2-Car,No injury/unknown,FOLLOWING TOO CLOSELY,39.09400279,-86.48905297
10,5,1400.0,2-Car,No injury/unknown,SPEED TOO FAST FOR WEATHER CONDITIONS,39.09400177,-86.65358734
7,2,100.0,2-Car,No injury/unknown,UNSAFE BACKING,39.093744,-86.638304
4,3,1600.0,2-Car,No injury/unknown,FAILURE TO YIELD RIGHT OF WAY,39.09357727,-86.66070073
12,3,1700.0,1-Car,No injury/unknown,RAN OFF ROAD RIGHT,39.09336472,-86.63721466
12,3,400.0,1-Car,Non-incapacitating,ANIMAL/OBJECT IN ROADWAY,39.09324964,-86.5456784
1,5,1900.0,2-Car,No injury/unknown,FAILURE TO YIELD RIGHT OF WAY,39.09309006,-86.55418395
6,7,2000.0,1-Car,No injury/unknown,ANIMAL/OBJECT IN ROADWAY,39.09300355,-86.42329076
7,4,1900.0,2-Car,Non-incapacitating,FAILURE TO YIELD RIGHT OF WAY,39.092976,-86.545648
6,2,1900.0,2-Car,No injury/unknown,FAILURE TO YIELD RIGHT OF WAY,39.09296938,-86.54417255
8,6,2000.0,2-Car,No injury/unknown,FAILURE TO YIELD RIGHT OF WAY,39.09296938,-86.54417255
7,6,2000.0,2-Car,No injury/unknown,FAILURE TO YIELD RIGHT OF WAY,39.09296938,-86.54417255
5,6,900.0,2-Car,No injury/unknown,FAILURE TO YIELD RIGHT OF WAY,39.09295969,-86.54416009
6,4,1600.0,2-Car,Non-incapacitating,FAILURE TO YIELD RIGHT OF WAY,39.092944,-86.544
5,6,2200.0,2-Car,Non-incapacitating,FAILURE TO YIELD RIGHT OF WAY,39.092944,-86.544
12,6,700.0,1-Car,No injury/unknown,ANIMAL/OBJECT IN ROADWAY,39.09264,-86.51672
1,3,1700.0,1-Car,No injury/unknown,RAN OFF ROAD RIGHT,39.09252898,-86.51706978
9,3,700.0,2-Car,No injury/unknown,FAILURE TO YIELD RIGHT OF WAY,39.09230804,-86.52320861
12,6,800.0,1-Car,No injury/unknown,RAN OFF ROAD RIGHT,39.09225229,-86.42286855
9,5,800.0,2-Car,No injury/unknown,FOLLOWING TOO CLOSELY,39.09219805,-86.54330983
7,7,2000.0,2-Car,No injury/unknown,FAILURE TO YIELD RIGHT OF WAY,39.092112,-86.422832
12,1,300.0,1-Car,Non-incapacitating,RAN OFF ROAD RIGHT,39.09171295,-86.66372607
4,6,1700.0,1-Car,Non-incapacitating,OVERCORRECTING/OVERSTEERING,39.09164213,-86.53674915
6,4,1600.0,2-Car,No injury/unknown,FAILURE TO YIELD RIGHT OF WAY,39.09058909,-86.57913006
11,7,800.0,1-Car,No injury/unknown,ANIMAL/OBJECT IN ROADWAY,39.09052247,-86.57353973
5,5,1100.0,2-Car,No injury/unknown,OTHER (DRIVER) - EXPLAIN IN NARRATIVE,39.090400700000004,-86.56349182
8,4,1300.0,2-Car,Non-incapacitating,FAILURE TO YIELD RIGHT OF WAY,39.08993365,-86.66617511
3,7,0.0,1-Car,No injury/unknown,RAN OFF ROAD RIGHT,39.08984,-86.477104
8,2,1500.0,2-Car,No injury/unknown,UNSAFE BACKING,39.08984,-86.666304
8,6,100.0,1-Car,No injury/unknown,ANIMAL/OBJECT IN ROADWAY,39.08982265,-86.66642368
9,7,1900.0,2-Car,No injury/unknown,WRONG WAY ON ONE WAY,39.08946426,-86.42889643
9,3,1500.0,2-Car,No injury/unknown,FOLLOWING TOO CLOSELY,39.08942032,-86.66639709
5,4,1000.0,2-Car,No injury/unknown,FAILURE TO YIELD RIGHT OF WAY,39.08936855,-86.66519084
2,2,1400.0,2-Car,No injury/unknown,FOLLOWING TOO CLOSELY,39.0891086,-86.58259011
11,3,1800.0,3+ Cars,Fatal,LEFT OF CENTER,39.0873344,-86.67042215
12,1,1100.0,1-Car,Non-incapacitating,ROADWAY SURFACE CONDITION,39.0873344,-86.67042215
9,1,0.0,1-Car,No injury/unknown,RAN OFF ROAD RIGHT,39.08732335,-86.57508999
8,4,1800.0,1-Car,No injury/unknown,RAN OFF ROAD RIGHT,39.08699417,-86.67037963
1,5,2100.0,2-Car,No injury/unknown,ROADWAY SURFACE CONDITION,39.086832,-86.671984
7,3,100.0,2-Car,Non-incapacitating,LEFT OF CENTER,39.08680743,-86.67480325
12,7,800.0,1-Car,No injury/unknown,RAN OFF ROAD RIGHT,39.08680075,-86.67556892
9,7,1900.0,3+ Cars,No injury/unknown,FOLLOWING TOO CLOSELY,39.08678588,-86.6772701
12,7,500.0,1-Car,No injury/unknown,OVERCORRECTING/OVERSTEERING,39.08671951,-86.66690856
12,5,1100.0,1-Car,Incapacitating,RAN OFF ROAD RIGHT,39.086689,-86.68230542
1,6,800.0,2-Car,No injury/unknown,DISREGARD SIGNAL/REG SIGN,39.085632,-86.542304
10,5,1700.0,2-Car,No injury/unknown,FOLLOWING TOO CLOSELY,39.085632,-86.542304
8,7,1800.0,2-Car,No injury/unknown,UNSAFE SPEED,39.08547972,-86.54257852
7,4,700.0,3+ Cars,Non-incapacitating,FOLLOWING TOO CLOSELY,39.08547972,-86.54257852
12,3,1700.0,3+ Cars,No injury/unknown,FOLLOWING TOO CLOSELY,39.08506103,-86.54181459
4,2,1000.0,2-Car,No injury/unknown,FAILURE TO YIELD RIGHT OF WAY,39.08487992,-86.5715332
10,3,1800.0,1-Car,No injury/unknown,UNSAFE SPEED,39.08472,-86.420688
5,2,2100.0,1-Car,No injury/unknown,ANIMAL/OBJECT IN ROADWAY,39.08426168,-86.54112943
11,6,700.0,1-Car,No injury/unknown,DRIVER ASLEEP OR FATIGUED,39.08322144,-86.60568237
9,4,700.0,2-Car,No injury/unknown,FOLLOWING TOO CLOSELY,39.08312665,-86.4965301
3,3,2000.0,1-Car,No injury/unknown,ANIMAL/OBJECT IN ROADWAY,39.08302925,-86.50356017
7,5,200.0,1-Car,No injury/unknown,ANIMAL/OBJECT IN ROADWAY,39.08029605,-86.53782338
11,5,1800.0,1-Car,No injury/unknown,ANIMAL/OBJECT IN ROADWAY,39.08008467,-86.40091001
11,3,700.0,1-Car,No injury/unknown,ANIMAL/OBJECT IN ROADWAY,39.07988537,-86.53748218
2,5,2300.0,1-Car,No injury/unknown,RAN OFF ROAD RIGHT,39.07924801,-86.62969522
12,7,600.0,1-Car,No injury/unknown,ROADWAY SURFACE CONDITION,39.07904,-86.594
5,6,1200.0,1-Car,No injury/unknown,RAN OFF ROAD RIGHT,39.07883089,-86.59434062
5,6,1200.0,3+ Cars,No injury/unknown,FOLLOWING TOO CLOSELY,39.07854028,-86.58259011
12,5,1200.0,2-Car,Non-incapacitating,IMPROPER TURNING,39.07720406,-86.5768703
11,2,0.0,1-Car,Non-incapacitating,RAN OFF ROAD RIGHT,39.07634285,-86.57097817
3,1,1500.0,2-Car,No injury/unknown,VIEW OBSTRUCTED,39.07623407,-86.46759869
1,5,2000.0,2-Car,No injury/unknown,LEFT OF CENTER,39.07580679,-86.51703022
1,4,800.0,1-Car,No injury/unknown,RAN OFF ROAD RIGHT,39.07536678,-86.55672021
11,6,700.0,Bus,No injury/unknown,OTHER (DRIVER) - EXPLAIN IN NARRATIVE,39.07482334,-86.5988772
10,5,1800.0,1-Car,Non-incapacitating,SPEED TOO FAST FOR WEATHER CONDITIONS,39.07399982,-86.48465739
10,5,1300.0,2-Car,Non-incapacitating,FAILURE TO YIELD RIGHT OF WAY,39.0735928,-86.45449452
8,5,2000.0,1-Car,No injury/unknown,ANIMAL/OBJECT IN ROADWAY,39.07316566,-86.59987956
2,7,800.0,1-Car,No injury/unknown,SPEED TOO FAST FOR WEATHER CONDITIONS,39.07299727,-86.59276977
8,4,1700.0,Moped/Motorcycle,No injury/unknown,OTHER (DRIVER) - EXPLAIN IN NARRATIVE,39.07188797,-86.4967041
4,1,1900.0,1-Car,No injury/unknown,ANIMAL/OBJECT IN ROADWAY,39.07170868,-86.545372
5,5,1500.0,2-Car,No injury/unknown,SPEED TOO FAST FOR WEATHER CONDITIONS,39.07166916,-86.55998992
9,3,1900.0,2-Car,Non-incapacitating,FAILURE TO YIELD RIGHT OF WAY,39.071152,-86.503088
5,6,1200.0,2-Car,No injury/unknown,FAILURE TO YIELD RIGHT OF WAY,39.07114112,-86.50317557
1,5,2200.0,2-Car,No injury/unknown,RAN OFF ROAD RIGHT,39.07113992,-86.52535679
1,5,2200.0,1-Car,No injury/unknown,RAN OFF ROAD RIGHT,39.07113992,-86.52535679
12,2,1600.0,1-Car,No injury/unknown,RAN OFF ROAD RIGHT,39.07112,-86.507008
6,4,1400.0,2-Car,Non-incapacitating,FOLLOWING TOO CLOSELY,39.07110977,-86.50228881
11,3,800.0,2-Car,No injury/unknown,FAILURE TO YIELD RIGHT OF WAY,39.07110974,-86.50704972
3,4,0.0,1-Car,No injury/unknown,SPEED TOO FAST FOR WEATHER CONDITIONS,39.07109374,-86.50788183
7,5,1600.0,2-Car,No injury/unknown,VIEW OBSTRUCTED,39.0710907,-86.5088272
6,3,1800.0,1-Car,Non-incapacitating,UNSAFE SPEED,39.071088,-86.600928
9,5,700.0,2-Car,No injury/unknown,OTHER (DRIVER) - EXPLAIN IN NARRATIVE,39.07097027,-86.53639979
8,1,1700.0,1-Car,Incapacitating,RAN OFF ROAD RIGHT,39.07091847,-86.49124682
5,2,1600.0,2-Car,No injury/unknown,FOLLOWING TOO CLOSELY,39.07084361,-86.56252288
8,5,1600.0,2-Car,No injury/unknown,FOLLOWING TOO CLOSELY,39.07084361,-86.56252288
6,7,2300.0,1-Car,No injury/unknown,ANIMAL/OBJECT IN ROADWAY,39.07081311,-86.52879767
4,7,2300.0,1-Car,No injury/unknown,RAN OFF ROAD RIGHT,39.07062024,-86.51879037
9,3,700.0,1-Car,No injury/unknown,ANIMAL/OBJECT IN ROADWAY,39.06939647,-86.57353973
5,3,1300.0,2-Car,No injury/unknown,FOLLOWING TOO CLOSELY,39.06906128,-86.48796844
11,7,300.0,1-Car,No injury/unknown,OTHER (DRIVER) - EXPLAIN IN NARRATIVE,39.06859794,-86.53134887
6,7,1600.0,3+ Cars,No injury/unknown,ROADWAY SURFACE CONDITION,39.06838655,-86.50315137
12,4,800.0,1-Car,No injury/unknown,ANIMAL/OBJECT IN ROADWAY,39.06830953,-86.5356351
3,4,1200.0,1-Car,No injury/unknown,RAN OFF ROAD RIGHT,39.06823903,-86.5178503
3,2,0.0,2-Car,No injury/unknown,FOLLOWING TOO CLOSELY,39.06389125,-86.41435861
12,6,2000.0,1-Car,No injury/unknown,RAN OFF ROAD RIGHT,39.06104,-86.498448
1,1,500.0,1-Car,Non-incapacitating,RAN OFF ROAD RIGHT,39.06099576,-86.51577025
1,2,2100.0,1-Car,No injury/unknown,ANIMAL/OBJECT IN ROADWAY,39.06000003,-86.49855986
9,6,1900.0,1-Car,Non-incapacitating,OVERCORRECTING/OVERSTEERING,39.05885595,-86.53363037
12,4,700.0,1-Car,No injury/unknown,ANIMAL/OBJECT IN ROADWAY,39.05699907,-86.50107305
5,5,2100.0,1-Car,Non-incapacitating,DRIVER ILLNESS,39.05688858,-86.52629089
10,3,1800.0,1-Car,No injury/unknown,ANIMAL/OBJECT IN ROADWAY,39.05688858,-86.52629089
3,3,700.0,1-Car,Non-incapacitating,ROADWAY SURFACE CONDITION,39.05687995,-86.49855986
11,6,1800.0,1-Car,No injury/unknown,ANIMAL/OBJECT IN ROADWAY,39.05670665,-86.53578801
2,3,600.0,1-Car,No injury/unknown,ROADWAY SURFACE CONDITION,39.05645151,-86.52317
10,7,2200.0,1-Car,No injury/unknown,DRIVER ASLEEP OR FATIGUED,39.05585861,-86.61649116
2,3,2100.0,2-Car,No injury/unknown,LEFT OF CENTER,39.05559242,-86.54152013
10,4,200.0,1-Car,No injury/unknown,RAN OFF ROAD RIGHT,39.05301072,-86.4077687
5,5,1000.0,1-Car,No injury/unknown,OTHER (VEHICLE) - EXPLAIN IN NARRATIVE,39.05247711,-86.53584657
8,7,1600.0,Moped/Motorcycle,Incapacitating,IMPROPER PASSING,39.05043758,-86.4416809
11,1,2300.0,1-Car,No injury/unknown,RAN OFF ROAD RIGHT,39.05023076,-86.60987824
9,5,900.0,1-Car,No injury/unknown,RAN OFF ROAD RIGHT,39.04934026,-86.51104018
8,4,1700.0,1-Car,No injury/unknown,RAN OFF ROAD RIGHT,39.04816922,-86.54104841
1,4,400.0,1-Car,No injury/unknown,OVERCORRECTING/OVERSTEERING,39.04703093,-86.61373721
5,5,700.0,2-Car,No injury/unknown,FOLLOWING TOO CLOSELY,39.04613478,-86.532761
10,7,1800.0,2-Car,No injury/unknown,UNSAFE BACKING,39.0445552,-86.53508484
6,3,600.0,1-Car,No injury/unknown,RAN OFF ROAD RIGHT,39.04413864,-86.40735036
9,6,1700.0,1-Car,No injury/unknown,OTHER (DRIVER) - EXPLAIN IN NARRATIVE,39.04410097,-86.49121824
10,7,1200.0,2-Car,No injury/unknown,RAN OFF ROAD RIGHT,39.03946214,-86.50704972
7,6,2100.0,1-Car,No injury/unknown,ANIMAL/OBJECT IN ROADWAY,39.03901302,-86.53613964
12,2,700.0,1-Car,No injury/unknown,ROADWAY SURFACE CONDITION,39.03740272,-86.54125976
8,7,1100.0,2-Car,Non-incapacitating,OTHER (DRIVER) - EXPLAIN IN NARRATIVE,39.03492004,-86.51688002
8,7,1600.0,1-Car,No injury/unknown,OVERCORRECTING/OVERSTEERING,39.03483594,-86.40770344
8,7,1800.0,1-Car,No injury/unknown,RAN OFF ROAD RIGHT,39.03448575,-86.40914126
7,6,1900.0,2-Car,No injury/unknown,UNSAFE BACKING,39.03407288,-86.4906311
12,5,1100.0,1-Car,No injury/unknown,OTHER (VEHICLE) - EXPLAIN IN NARRATIVE,39.03360748,-86.50956726
8,7,0.0,1-Car,No injury/unknown,OTHER (DRIVER) - EXPLAIN IN NARRATIVE,39.03340995,-86.51234976
8,7,900.0,1-Car,Non-incapacitating,OTHER (VEHICLE) - EXPLAIN IN NARRATIVE,39.03233573,-86.49001568
3,4,500.0,1-Car,No injury/unknown,ANIMAL/OBJECT IN ROADWAY,39.03227831,-86.54097028
5,7,2200.0,1-Car,No injury/unknown,RAN OFF ROAD RIGHT,39.03107759,-86.40754521
7,4,700.0,2-Car,Non-incapacitating,FOLLOWING TOO CLOSELY,39.03092026,-86.5544281
7,5,700.0,1-Car,No injury/unknown,RAN OFF ROAD RIGHT,39.030752,-86.660672
4,1,0.0,1-Car,Non-incapacitating,RAN OFF ROAD RIGHT,39.03041108,-86.53417413
2,4,800.0,2-Car,No injury/unknown,FOLLOWING TOO CLOSELY,39.03030313,-86.5311098
8,6,500.0,1-Car,No injury/unknown,RAN OFF ROAD RIGHT,39.02973795,-86.40788777