Month,Day,Hour,Collision Type,Injury Type,Primary Factor,Latitude,Longitude
6,7,1200.0,2-Car,No injury/unknown,UNSAFE BACKING,39.02936116,-86.48948259
8,4,1100.0,1-Car,Non-incapacitating,RAN OFF ROAD RIGHT,39.02846163,-86.52142892
5,7,2100.0,2-Car,No injury/unknown,IMPROPER TURNING,39.028032,-86.504368
11,1,400.0,1-Car,Incapacitating,RAN OFF ROAD RIGHT,39.02641863,-86.5405941
6,3,1800.0,2-Car,No injury/unknown,FOLLOWING TOO CLOSELY,39.02545469,-86.53487473
3,4,1900.0,1-Car,No injury/unknown,ANIMAL/OBJECT IN ROADWAY,39.02276509,-86.53554222
9,3,1800.0,Moped/Motorcycle,Non-incapacitating,OTHER (VEHICLE) - EXPLAIN IN NARRATIVE,39.02048111,-86.53836059
7,1,200.0,1-Car,Non-incapacitating,RAN OFF ROAD RIGHT,39.02032157,-86.5360806
12,6,1500.0,2-Car,No injury/unknown,RAN OFF ROAD RIGHT,39.020048,-86.536096
11,6,1300.0,2-Car,No injury/unknown,INSECURE/LEAKY LOAD,39.01907975,-86.53352355
11,2,500.0,1-Car,No injury/unknown,ANIMAL/OBJECT IN ROADWAY,39.01897096,-86.53637182
7,7,1400.0,2-Car,Incapacitating,DISREGARD SIGNAL/REG SIGN,39.018656,-86.522896
10,3,800.0,2-Car,No injury/unknown,OVERCORRECTING/OVERSTEERING,39.018656,-86.522896
5,6,1100.0,2-Car,No injury/unknown,FAILURE TO YIELD RIGHT OF WAY,39.01851408,-86.52289505
7,2,1100.0,1-Car,No injury/unknown,TIRE FAILURE OR DEFECTIVE,39.01773876,-86.53701591
8,4,700.0,2-Car,Non-incapacitating,FAILURE TO YIELD RIGHT OF WAY,39.01723862,-86.59308624
2,7,100.0,1-Car,No injury/unknown,ANIMAL/OBJECT IN ROADWAY,39.01717383,-86.52164459
9,5,400.0,1-Car,No injury/unknown,ANIMAL/OBJECT IN ROADWAY,39.01625606,-86.56601675
9,6,1800.0,2-Car,No injury/unknown,UNSAFE BACKING,39.01391602,-86.5409851
6,7,2000.0,1-Car,No injury/unknown,UNSAFE SPEED,39.013456,-86.544992
10,7,2000.0,1-Car,No injury/unknown,RAN OFF ROAD RIGHT,39.01330009,-86.52369901
9,4,1800.0,1-Car,No injury/unknown,RAN OFF ROAD RIGHT,39.012048,-86.545088
7,7,800.0,1-Car,Non-incapacitating,DRIVER DISTRACTED - EXPLAIN IN NARRATIVE,39.01173157,-86.56189639
6,4,800.0,2-Car,No injury/unknown,FOLLOWING TOO CLOSELY,39.01128581,-86.55792236
12,6,1200.0,2-Car,Non-incapacitating,FOLLOWING TOO CLOSELY,39.01107025,-86.54125976
10,6,1700.0,1-Car,No injury/unknown,,39.01029983,-86.42812771
4,1,1800.0,1-Car,No injury/unknown,OVERSIZE/OVERWEIGHT LOAD,39.00998595,-86.42831135
12,2,1600.0,1-Car,No injury/unknown,SPEED TOO FAST FOR WEATHER CONDITIONS,39.009344,-86.510096
1,1,1600.0,2-Car,No injury/unknown,FAILURE TO YIELD RIGHT OF WAY,39.00892004,-86.51796028
8,7,1500.0,2-Car,No injury/unknown,ANIMAL/OBJECT IN ROADWAY,39.0086723,-86.56489689
7,7,1300.0,1-Car,No injury/unknown,UNSAFE SPEED,39.00721915,-86.51232665
3,7,500.0,1-Car,No injury/unknown,ANIMAL/OBJECT IN ROADWAY,38.99888231,-86.53733007
4,2,1900.0,Moped/Motorcycle,Non-incapacitating,RAN OFF ROAD RIGHT,38.99686905,-86.54585944
8,4,700.0,2-Car,No injury/unknown,FOLLOWING TOO CLOSELY,38.99686839,-86.54585944
12,4,400.0,1-Car,Non-incapacitating,ANIMAL/OBJECT IN ROADWAY,38.99283996,-86.53725785
2,5,2000.0,1-Car,No injury/unknown,OTHER (ENVIRONMENTAL) - EXPLAIN IN NARR,38.99229065,-86.53725128
9,1,1300.0,2-Car,No injury/unknown,UNSAFE LANE MOVEMENT,38.992032,-86.548272
7,3,700.0,2-Car,No injury/unknown,FAILURE TO YIELD RIGHT OF WAY,38.992016,-86.537248
10,7,700.0,1-Car,Non-incapacitating,RAN OFF ROAD RIGHT,38.99152928,-86.47079274
9,5,2100.0,2-Car,No injury/unknown,ANIMAL/OBJECT IN ROADWAY,38.98887452,-86.53836059
9,1,0.0,1-Car,No injury/unknown,SPEED TOO FAST FOR WEATHER CONDITIONS,38.97667209,-86.4416809
2,6,1000.0,2-Car,No injury/unknown,LEFT OF CENTER,38.9509972,-86.57448984
7,1,1500.0,Moped/Motorcycle,Incapacitating,UNSAFE SPEED,38.92398245,-86.4416809
8,7,0.0,2-Car,No injury/unknown,FAILURE TO YIELD RIGHT OF WAY,38.92308989,-86.57913006
11,2,2000.0,1-Car,No injury/unknown,RAN OFF ROAD RIGHT,38.91144027,-86.52362979
5,4,1400.0,Moped/Motorcycle,Non-incapacitating,RAN OFF ROAD RIGHT,38.89825893,-86.50123179
12,3,700.0,1-Car,No injury/unknown,RAN OFF ROAD RIGHT,38.89519639,-86.50541022
11,3,1800.0,1-Car,No injury/unknown,ANIMAL/OBJECT IN ROADWAY,38.88769431,-86.49055011
5,7,1100.0,2-Car,Incapacitating,LEFT OF CENTER,38.87571127,-86.67202971
12,5,1800.0,1-Car,No injury/unknown,SPEED TOO FAST FOR WEATHER CONDITIONS,38.85124447,-86.51009899
6,1,1600.0,1-Car,No injury/unknown,OBSTRUCTION NOT MARKED,38.83581811,-86.63793012
6,4,600.0,1-Car,No injury/unknown,RAN OFF ROAD RIGHT,38.79539251,-86.43133871
7,4,600.0,2-Car,Non-incapacitating,LEFT OF CENTER,38.60467516,-86.61335974
3,3,1000.0,1-Car,No injury/unknown,SPEED TOO FAST FOR WEATHER CONDITIONS,38.57817164,-86.59165231
1,7,1800.0,1-Car,Non-incapacitating,OTHER (ENVIRONMENTAL) - EXPLAIN IN NARR,38.21724831,-86.58670999
4,1,1600.0,1-Car,No injury/unknown,RAN OFF ROAD RIGHT,40.13552374,-86.4321485
8,6,1200.0,2-Car,No injury/unknown,FAILURE TO YIELD RIGHT OF WAY,39.9843228,-85.61455793
1,5,1100.0,2-Car,No injury/unknown,FAILURE TO YIELD RIGHT OF WAY,39.56666131,-86.59910984
12,4,2100.0,1-Car,No injury/unknown,ANIMAL/OBJECT IN ROADWAY,39.54281951,-86.5767073
3,6,700.0,1-Car,No injury/unknown,RAN OFF ROAD RIGHT,39.44215392,-86.47337995
11,5,400.0,1-Car,Non-incapacitating,RAN OFF ROAD RIGHT,39.41861106,-86.63832977
6,3,1100.0,1-Car,Incapacitating,RAN OFF ROAD RIGHT,39.38695098,-86.54442027
11,6,200.0,1-Car,Non-incapacitating,RAN OFF ROAD RIGHT,39.34241345,-86.50654255
4,6,1000.0,1-Car,No injury/unknown,RAN OFF ROAD RIGHT,39.33635389,-86.5107488
10,2,1700.0,1-Car,Incapacitating,RAN OFF ROAD RIGHT,39.3349053,-86.39221715
2,5,800.0,1-Car,Non-incapacitating,RAN OFF ROAD RIGHT,39.334343,-86.6216425
3,5,0.0,2-Car,No injury/unknown,HEADLIGHT DEFECTIVE OR NOT ON,39.334288,-86.621296
10,4,700.0,1-Car,No injury/unknown,ANIMAL/OBJECT IN ROADWAY,39.33283031,-86.67892355
11,1,1500.0,1-Car,Non-incapacitating,LEFT OF CENTER,39.33063923,-86.67431152
10,4,1900.0,1-Car,No injury/unknown,ANIMAL/OBJECT IN ROADWAY,39.32962662,-86.51541016
12,2,1600.0,2-Car,No injury/unknown,FOLLOWING TOO CLOSELY,39.32627106,-86.51492309
12,6,100.0,2-Car,No injury/unknown,FOLLOWING TOO CLOSELY,39.32627106,-86.51492309
12,6,500.0,1-Car,No injury/unknown,RAN OFF ROAD RIGHT,39.32229413,-86.51171127
5,4,1500.0,1-Car,No injury/unknown,RAN OFF ROAD RIGHT,39.32184,-86.51766432
4,2,1200.0,2-Car,Non-incapacitating,BRAKE FAILURE OR DEFECTIVE,39.3212,-86.48072
9,7,100.0,1-Car,No injury/unknown,SPEED TOO FAST FOR WEATHER CONDITIONS,39.32100204,-86.51111253
1,2,2000.0,1-Car,No injury/unknown,OTHER (ENVIRONMENTAL) - EXPLAIN IN NARR,39.32087677,-86.51222977
1,6,1300.0,2-Car,No injury/unknown,UNSAFE LANE MOVEMENT,39.31822508,-86.51060041
9,3,2000.0,1-Car,No injury/unknown,ANIMAL/OBJECT IN ROADWAY,39.31561299,-86.51117113
10,6,1600.0,Moped/Motorcycle,Non-incapacitating,UNSAFE SPEED,39.31473308,-86.44453011
5,1,2100.0,1-Car,No injury/unknown,ANIMAL/OBJECT IN ROADWAY,39.31463212,-86.51704028
4,6,700.0,1-Car,No injury/unknown,RAN OFF ROAD RIGHT,39.310944,-86.633184
9,7,1100.0,1-Car,Non-incapacitating,RAN OFF ROAD RIGHT,39.310944,-86.633184
10,2,700.0,1-Car,Incapacitating,RAN OFF ROAD RIGHT,39.30896586,-86.49845494
10,1,1700.0,2-Car,No injury/unknown,FAILURE TO YIELD RIGHT OF WAY,39.308496,-86.515072
11,2,1800.0,1-Car,No injury/unknown,ANIMAL/OBJECT IN ROADWAY,39.30838858,-86.51507422
6,7,1300.0,1-Car,Incapacitating,BRAKE FAILURE OR DEFECTIVE,39.30584,-86.631008
6,4,100.0,1-Car,Non-incapacitating,RAN OFF ROAD RIGHT,39.30432,-86.5168
1,6,400.0,1-Car,No injury/unknown,ANIMAL/OBJECT IN ROADWAY,39.30223033,-86.53484037
6,7,900.0,Moped/Motorcycle,No injury/unknown,UNSAFE LANE MOVEMENT,39.29897788,-86.51843531
9,6,2100.0,1-Car,No injury/unknown,UNSAFE SPEED,39.295216,-86.550832
10,5,1600.0,1-Car,No injury/unknown,RAN OFF ROAD RIGHT,39.29098005,-86.53521023
12,2,700.0,1-Car,No injury/unknown,ROADWAY SURFACE CONDITION,39.28966697,-86.54778979
10,6,600.0,1-Car,No injury/unknown,ANIMAL/OBJECT IN ROADWAY,39.28909855,-86.51842001
9,7,0.0,1-Car,No injury/unknown,ANIMAL/OBJECT IN ROADWAY,39.28800157,-86.51893334
11,2,300.0,1-Car,No injury/unknown,RAN OFF ROAD RIGHT,39.286659,-86.55672021
5,3,2200.0,2-Car,No injury/unknown,FAILURE TO YIELD RIGHT OF WAY,39.28485967,-86.5208698
9,5,1800.0,1-Car,No injury/unknown,UNSAFE SPEED,39.28279586,-86.51704028
12,3,1400.0,2-Car,No injury/unknown,LEFT OF CENTER,39.28247346,-86.62418826
3,2,1600.0,2-Car,No injury/unknown,FOLLOWING TOO CLOSELY,39.28223665,-86.56233005
12,6,1400.0,1-Car,No injury/unknown,RAN OFF ROAD RIGHT,39.281744,-86.662992
12,3,800.0,1-Car,No injury/unknown,OTHER (DRIVER) - EXPLAIN IN NARRATIVE,39.28109177,-86.55227661
8,6,700.0,1-Car,No injury/unknown,ANIMAL/OBJECT IN ROADWAY,39.278832,-86.623456
5,6,1600.0,1-Car,No injury/unknown,RAN OFF ROAD RIGHT,39.27815013,-86.46866155
10,2,800.0,1-Car,No injury/unknown,ANIMAL/OBJECT IN ROADWAY,39.27761346,-86.53976999
4,6,2000.0,1-Car,Incapacitating,RAN OFF ROAD RIGHT,39.27731446,-86.6770649
5,3,1100.0,2-Car,No injury/unknown,FOLLOWING TOO CLOSELY,39.27411451,-86.5829797
4,3,0.0,1-Car,No injury/unknown,UNSAFE SPEED,39.273888,-86.621456
7,6,1700.0,2-Car,Non-incapacitating,DRIVER DISTRACTED - EXPLAIN IN NARRATIVE,39.27369123,-86.52291968
12,5,600.0,1-Car,No injury/unknown,ANIMAL/OBJECT IN ROADWAY,39.27297697,-86.41703796
8,5,400.0,1-Car,No injury/unknown,RAN OFF ROAD RIGHT,39.2719099,-86.66333225
4,3,900.0,1-Car,No injury/unknown,UNSAFE SPEED,39.27184,-86.479216
9,2,1900.0,Moped/Motorcycle,Incapacitating,RAN OFF ROAD RIGHT,39.27146137,-86.63838408
6,5,2100.0,1-Car,No injury/unknown,ANIMAL/OBJECT IN ROADWAY,39.27002992,-86.66377894
5,1,400.0,1-Car,Non-incapacitating,RAN OFF ROAD RIGHT,39.26992,-86.460048
12,2,1600.0,1-Car,No injury/unknown,RAN OFF ROAD RIGHT,39.26981833,-86.54794528
7,7,1500.0,1-Car,Non-incapacitating,RAN OFF ROAD RIGHT,39.26974412,-86.38981374
8,3,1400.0,1-Car,No injury/unknown,ANIMAL/OBJECT IN ROADWAY,39.26962003,-86.54756708
6,2,0.0,1-Car,No injury/unknown,RAN OFF ROAD RIGHT,39.26953018,-86.63486972
4,6,700.0,2-Car,No injury/unknown,UNSAFE BACKING,39.26891991,-86.52287428
2,4,1900.0,1-Car,No injury/unknown,ANIMAL/OBJECT IN ROADWAY,39.26884344,-86.66789
9,6,600.0,1-Car,No injury/unknown,ANIMAL/OBJECT IN ROADWAY,39.26783033,-86.47286027
1,2,1700.0,3+ Cars,Non-incapacitating,LEFT OF CENTER,39.26683545,-86.66569192
3,1,2200.0,2-Car,No injury/unknown,IMPROPER PASSING,39.266752,-86.6656
10,6,800.0,2-Car,No injury/unknown,BRAKE FAILURE OR DEFECTIVE,39.266752,-86.6656
8,1,0.0,1-Car,No injury/unknown,RAN OFF ROAD RIGHT,39.26656432,-86.61236397
5,2,1600.0,2-Car,No injury/unknown,IMPROPER LANE USAGE,39.26616,-86.522752
9,6,2200.0,2-Car,Non-incapacitating,FAILURE TO YIELD RIGHT OF WAY,39.26616,-86.522752
4,4,1900.0,1-Car,Non-incapacitating,RAN OFF ROAD RIGHT,39.266,-86.501696
8,5,2000.0,1-Car,No injury/unknown,ANIMAL/OBJECT IN ROADWAY,39.26589981,-86.50237672
4,5,1200.0,1-Car,No injury/unknown,RAN OFF ROAD RIGHT,39.26589981,-86.5021795
11,1,2300.0,1-Car,Non-incapacitating,RAN OFF ROAD RIGHT,39.26589981,-86.5020065
5,5,0.0,1-Car,No injury/unknown,RAN OFF ROAD RIGHT,39.26339474,-86.50175973
10,4,1800.0,2-Car,No injury/unknown,FAILURE TO YIELD RIGHT OF WAY,39.26307137,-86.52255833
1,6,1500.0,1-Car,No injury/unknown,RAN OFF ROAD RIGHT,39.263024,-86.52264
9,6,1700.0,2-Car,No injury/unknown,OTHER (VEHICLE) - EXPLAIN IN NARRATIVE,39.263024,-86.52264
11,4,500.0,1-Car,No injury/unknown,ANIMAL/OBJECT IN ROADWAY,39.26248,-86.546096
1,6,2000.0,2-Car,No injury/unknown,IMPROPER LANE USAGE,39.26200176,-86.52312492
1,4,400.0,1-Car,No injury/unknown,UNSAFE SPEED,39.26190598,-86.51449642
1,6,2000.0,1-Car,No injury/unknown,SPEED TOO FAST FOR WEATHER CONDITIONS,39.26167132,-86.52280192
1,6,2000.0,1-Car,No injury/unknown,SPEED TOO FAST FOR WEATHER CONDITIONS,39.26140635,-86.5228949
9,6,1500.0,2-Car,No injury/unknown,FAILURE TO YIELD RIGHT OF WAY,39.26128885,-86.52247292
5,6,1500.0,1-Car,No injury/unknown,OTHER (VEHICLE) - EXPLAIN IN NARRATIVE,39.26065915,-86.52333698
2,1,2100.0,2-Car,No injury/unknown,UNSAFE LANE MOVEMENT,39.26058791,-86.58261023
8,4,1200.0,2-Car,No injury/unknown,FOLLOWING TOO CLOSELY,39.26041222,-86.52349167
12,7,1500.0,2-Car,Non-incapacitating,LEFT OF CENTER,39.26029525,-86.65793538
8,6,2000.0,1-Car,No injury/unknown,ANIMAL/OBJECT IN ROADWAY,39.26005955,-86.53484009
8,7,1700.0,1-Car,No injury/unknown,RAN OFF ROAD RIGHT,39.259682,-86.584206
11,6,1600.0,3+ Cars,No injury/unknown,FOLLOWING TOO CLOSELY,39.25962009,-86.65755847
11,7,1000.0,1-Car,No injury/unknown,RAN OFF ROAD RIGHT,39.25889859,-86.50361442
10,3,1700.0,2-Car,No injury/unknown,LEFT OF CENTER,39.25690807,-86.5768703
4,1,1200.0,1-Car,Non-incapacitating,RAN OFF ROAD RIGHT,39.25629452,-86.65580185
5,7,1600.0,3+ Cars,Incapacitating,LEFT OF CENTER,39.25629452,-86.65580185
10,1,700.0,1-Car,No injury/unknown,RAN OFF ROAD RIGHT,39.25501235,-86.65516921
12,1,1200.0,2-Car,No injury/unknown,FAILURE TO YIELD RIGHT OF WAY,39.25457699,-86.52745745
2,3,1000.0,1-Car,No injury/unknown,RAN OFF ROAD RIGHT,39.2545259,-86.54597054
7,7,800.0,2-Car,No injury/unknown,WRONG WAY ON ONE WAY,39.25322823,-86.57295025
3,5,2100.0,2-Car,Non-incapacitating,DRIVER DISTRACTED - EXPLAIN IN NARRATIVE,39.252448,-86.653904
4,5,700.0,2-Car,No injury/unknown,BRAKE FAILURE OR DEFECTIVE,39.252448,-86.653904
12,4,800.0,2-Car,No injury/unknown,ROADWAY SURFACE CONDITION,39.2520301,-86.6206701
11,6,400.0,1-Car,No injury/unknown,RAN OFF ROAD RIGHT,39.25200138,-86.60164641
5,3,1600.0,2-Car,No injury/unknown,LEFT OF CENTER,39.25182705,-86.6532074
10,2,1000.0,2-Car,No injury/unknown,FOLLOWING TOO CLOSELY,39.25182705,-86.6532074
9,4,1000.0,1-Car,No injury/unknown,RAN OFF ROAD RIGHT,39.251648,-86.529056
10,5,1600.0,1-Car,Non-incapacitating,RAN OFF ROAD RIGHT,39.251536,-86.400816
9,3,1800.0,1-Car,No injury/unknown,RAN OFF ROAD RIGHT,39.25137709,-86.4008099
11,4,2100.0,1-Car,Non-incapacitating,RAN OFF ROAD RIGHT,39.251296,-86.500832
1,7,1200.0,2-Car,No injury/unknown,ROADWAY SURFACE CONDITION,39.2512,-86.652504
4,4,1600.0,2-Car,No injury/unknown,OTHER (DRIVER) - EXPLAIN IN NARRATIVE,39.2512,-86.652504
5,7,1700.0,2-Car,No injury/unknown,UNSAFE BACKING,39.2512,-86.652504
9,3,1400.0,2-Car,No injury/unknown,UNSAFE BACKING,39.2512,-86.652504
10,6,1000.0,2-Car,No injury/unknown,FAILURE TO YIELD RIGHT OF WAY,39.2512,-86.652504
9,5,2000.0,2-Car,Non-incapacitating,FOLLOWING TOO CLOSELY,39.2512,-86.652504
11,6,1400.0,2-Car,No injury/unknown,UNSAFE BACKING,39.2512,-86.652504
1,1,2100.0,1-Car,No injury/unknown,RAN OFF ROAD RIGHT,39.25103031,-86.4699404
5,7,300.0,1-Car,No injury/unknown,RAN OFF ROAD RIGHT,39.2509599,-86.46768112
7,2,1700.0,1-Car,Non-incapacitating,RAN OFF ROAD RIGHT,39.25077017,-86.40120687
11,5,600.0,1-Car,No injury/unknown,ANIMAL/OBJECT IN ROADWAY,39.25073188,-86.52540821
7,7,1800.0,3+ Cars,No injury/unknown,INSECURE/LEAKY LOAD,39.25059857,-86.52983119
7,2,1200.0,2-Car,Non-incapacitating,FAILURE TO YIELD RIGHT OF WAY,39.25050707,-86.52987065
12,6,300.0,1-Car,No injury/unknown,RAN OFF ROAD RIGHT,39.25037815,-86.65158204
8,3,900.0,2-Car,No injury/unknown,OTHER (DRIVER) - EXPLAIN IN NARRATIVE,39.24980572,-86.54523029
3,7,1500.0,2-Car,Non-incapacitating,OTHER (DRIVER) - EXPLAIN IN NARRATIVE,39.24871833,-86.53115273
6,7,1800.0,2-Car,No injury/unknown,DRIVER DISTRACTED - EXPLAIN IN NARRATIVE,39.24848052,-86.64835383
12,3,1800.0,1-Car,Non-incapacitating,ANIMAL/OBJECT IN ROADWAY,39.24801314,-86.42945984
12,5,1800.0,1-Car,No injury/unknown,RAN OFF ROAD RIGHT,39.24774712,-86.54951341
5,4,600.0,1-Car,Non-incapacitating,ANIMAL/OBJECT IN ROADWAY,39.24744,-86.547792
10,5,1400.0,1-Car,Non-incapacitating,ACCELERATOR FAILURE OR DEFECTIVE,39.24732224,-86.62063007
1,6,500.0,1-Car,No injury/unknown,RAN OFF ROAD RIGHT,39.24650349,-86.53260818
12,7,1600.0,1-Car,No injury/unknown,RAN OFF ROAD RIGHT,39.24650349,-86.53260818
2,5,1700.0,2-Car,No injury/unknown,FOLLOWING TOO CLOSELY,39.24597669,-86.64218588
9,4,1500.0,2-Car,No injury/unknown,IMPROPER LANE USAGE,39.245744,-86.636896
12,2,1300.0,1-Car,No injury/unknown,RAN OFF ROAD RIGHT,39.245744,-86.633296
9,7,1600.0,2-Car,No injury/unknown,DRIVER DISTRACTED - EXPLAIN IN NARRATIVE,39.24574032,-86.63658982
2,1,1200.0,1-Car,Non-incapacitating,RAN OFF ROAD RIGHT,39.245408,-86.6204
6,5,1600.0,Cyclist,Non-incapacitating,IMPROPER TURNING,39.24514268,-86.61407103
12,1,0.0,2-Car,No injury/unknown,SPEED TOO FAST FOR WEATHER CONDITIONS,39.24475376,-86.40827083
9,6,1500.0,2-Car,No injury/unknown,OTHER (DRIVER) - EXPLAIN IN NARRATIVE,39.24465001,-86.53384029
12,3,1400.0,1-Car,No injury/unknown,FOLLOWING TOO CLOSELY,39.24464872,-86.53384058
6,7,1900.0,2-Car,No injury/unknown,LEFT OF CENTER,39.24325529,-86.49009011
4,1,2000.0,2-Car,No injury/unknown,FOLLOWING TOO CLOSELY,39.241744,-86.499088
8,6,2100.0,1-Car,No injury/unknown,ANIMAL/OBJECT IN ROADWAY,39.24153652,-86.45681999
6,2,1300.0,2-Car,No injury/unknown,UNSAFE BACKING,39.240752,-86.604896
5,7,1600.0,Moped/Motorcycle,Non-incapacitating,RAN OFF ROAD RIGHT,39.23984,-86.387696
10,1,100.0,1-Car,No injury/unknown,RAN OFF ROAD RIGHT,39.23984,-86.387696
10,5,1100.0,Moped/Motorcycle,Non-incapacitating,RAN OFF ROAD RIGHT,39.23984,-86.387696
6,2,1000.0,2-Car,No injury/unknown,SPEED TOO FAST FOR WEATHER CONDITIONS,39.23974022,-86.49922706
12,2,500.0,1-Car,No injury/unknown,RAN OFF ROAD RIGHT,39.23967209,-86.6112703
6,7,500.0,1-Car,No injury/unknown,RAN OFF ROAD RIGHT,39.238144,-86.372192
7,5,1700.0,2-Car,No injury/unknown,UNSAFE BACKING,39.23782982,-86.63873693
1,2,1700.0,2-Car,No injury/unknown,ROADWAY SURFACE CONDITION,39.23749991,-86.59277983
5,7,1800.0,Moped/Motorcycle,Non-incapacitating,ROADWAY SURFACE CONDITION,39.23749936,-86.59271485
3,2,1600.0,Bus,No injury/unknown,UNSAFE BACKING,39.237376,-86.626816
1,1,1400.0,1-Car,No injury/unknown,RAN OFF ROAD RIGHT,39.23718886,-86.57690669
3,3,700.0,2-Car,No injury/unknown,UNSAFE BACKING,39.2364,-86.631248
5,2,1900.0,Bus,No injury/unknown,UNSAFE BACKING,39.2364,-86.631248
6,7,1200.0,2-Car,No injury/unknown,UNSAFE BACKING,39.2364,-86.631248
11,1,1500.0,Moped/Motorcycle,Incapacitating,OTHER (DRIVER) - EXPLAIN IN NARRATIVE,39.2364,-86.631248
6,1,1800.0,2-Car,No injury/unknown,UNSAFE LANE MOVEMENT,39.23628727,-86.62833507
1,2,500.0,2-Car,No injury/unknown,OTHER (DRIVER) - EXPLAIN IN NARRATIVE,39.236096,-86.625168
1,3,1700.0,2-Car,No injury/unknown,DISREGARD SIGNAL/REG SIGN,39.236096,-86.625168
11,6,1900.0,1-Car,No injury/unknown,RAN OFF ROAD RIGHT,39.23607938,-86.62537001
8,4,1500.0,1-Car,Non-incapacitating,STEERING FAILURE,39.235952,-86.629696
3,6,0.0,2-Car,No injury/unknown,UNSAFE BACKING,39.235728,-86.626032
3,6,2200.0,2-Car,Non-incapacitating,FOLLOWING TOO CLOSELY,39.23492968,-86.62342004
7,7,1000.0,2-Car,No injury/unknown,FAILURE TO YIELD RIGHT OF WAY,39.23492968,-86.62342004
2,7,1200.0,2-Car,Non-incapacitating,DISREGARD SIGNAL/REG SIGN,39.234768,-86.626384
12,2,1500.0,2-Car,No injury/unknown,FAILURE TO YIELD RIGHT OF WAY,39.234768,-86.626384
8,5,2000.0,2-Car,No injury/unknown,DRIVER DISTRACTED - EXPLAIN IN NARRATIVE,39.234384,-86.624064
12,7,1900.0,1-Car,Non-incapacitating,OTHER (DRIVER) - EXPLAIN IN NARRATIVE,39.234288,-86.62072
7,5,2200.0,2-Car,No injury/unknown,OTHER (DRIVER) - EXPLAIN IN NARRATIVE,39.23388965,-86.62482149
2,5,1600.0,2-Car,No injury/unknown,IMPROPER TURNING,39.23384,-86.624704
5,4,700.0,2-Car,No injury/unknown,FAILURE TO YIELD RIGHT OF WAY,39.23384,-86.624704
8,3,700.0,Moped/Motorcycle,Non-incapacitating,FOLLOWING TOO CLOSELY,39.23384,-86.624704
9,6,800.0,2-Car,No injury/unknown,FOLLOWING TOO CLOSELY,39.23384,-86.624704
11,1,1200.0,1-Car,No injury/unknown,ANIMAL/OBJECT IN ROADWAY,39.23380885,-86.41213936
12,1,1700.0,2-Car,No injury/unknown,FAILURE TO YIELD RIGHT OF WAY,39.23376024,-86.62471018
4,1,1100.0,2-Car,No injury/unknown,UNSAFE LANE MOVEMENT,39.23374889,-86.62457188
10,5,900.0,2-Car,No injury/unknown,OTHER (DRIVER) - EXPLAIN IN NARRATIVE,39.23374889,-86.62457188
7,1,1700.0,1-Car,No injury/unknown,RAN OFF ROAD RIGHT,39.23346721,-86.59271612
2,2,2200.0,2-Car,No injury/unknown,FAILURE TO YIELD RIGHT OF WAY,39.23317015,-86.62389876
7,4,1800.0,2-Car,No injury/unknown,UNSAFE SPEED,39.23277989,-86.54191978
5,3,500.0,2-Car,No injury/unknown,IMPROPER LANE USAGE,39.232688,-86.623056
12,7,700.0,1-Car,No injury/unknown,OVERCORRECTING/OVERSTEERING,39.23257907,-86.54285612
1,7,400.0,1-Car,No injury/unknown,,39.232544,-86.540704
2,5,400.0,2-Car,No injury/unknown,,39.232544,-86.540704
8,5,2200.0,2-Car,No injury/unknown,OTHER (DRIVER) - EXPLAIN IN NARRATIVE,39.232544,-86.540704
11,1,900.0,1-Car,No injury/unknown,UNSAFE SPEED,39.232544,-86.540704
11,5,900.0,2-Car,No injury/unknown,,39.232544,-86.540704
12,1,1000.0,2-Car,No injury/unknown,FAILURE TO YIELD RIGHT OF WAY,39.232544,-86.540704
12,4,1700.0,Bus,No injury/unknown,IMPROPER TURNING,39.232544,-86.540704
5,3,1800.0,1-Car,No injury/unknown,DRIVER ILLNESS,39.23183978,-86.50635972
6,3,1600.0,2-Car,No injury/unknown,FAILURE TO YIELD RIGHT OF WAY,39.231536,-86.6588
5,2,1600.0,2-Car,No injury/unknown,FAILURE TO YIELD RIGHT OF WAY,39.23136033,-86.62127025
10,7,1000.0,1-Car,No injury/unknown,UNSAFE BACKING,39.2313382,-86.64146728
8,7,1000.0,2-Car,No injury/unknown,CELL PHONE USAGE,39.23128,-86.635728
12,6,1600.0,Moped/Motorcycle,No injury/unknown,FOLLOWING TOO CLOSELY,39.23120902,-86.5267197
10,4,0.0,1-Car,No injury/unknown,ANIMAL/OBJECT IN ROADWAY,39.23120007,-86.59276977
12,3,1400.0,1-Car,No injury/unknown,OTHER (ENVIRONMENTAL) - EXPLAIN IN NARR,39.231152,-86.6308
6,7,1600.0,2-Car,No injury/unknown,UNSAFE SPEED,39.23075447,-86.42374287
6,4,2300.0,1-Car,No injury/unknown,ANIMAL/OBJECT IN ROADWAY,39.230752,-86.424096
10,2,500.0,1-Car,Non-incapacitating,RAN OFF ROAD RIGHT,39.23022654,-86.4160862
1,2,2300.0,1-Car,No injury/unknown,SPEED TOO FAST FOR WEATHER CONDITIONS,39.230048,-86.4316
8,4,2000.0,2-Car,No injury/unknown,IMPROPER TURNING,39.230043,-86.61933147