Month,Day,Hour,Collision Type,Injury Type,Primary Factor,Latitude,Longitude
12,3,1400.0,1-Car,No injury/unknown,RAN OFF ROAD RIGHT,39.22979014,-86.63057559
4,1,1300.0,2-Car,No injury/unknown,FAILURE TO YIELD RIGHT OF WAY,39.229424,-86.623584
8,4,1700.0,2-Car,No injury/unknown,FOLLOWING TOO CLOSELY,39.22934843,-86.56233005
5,3,1300.0,2-Car,Non-incapacitating,OTHER (DRIVER) - EXPLAIN IN NARRATIVE,39.22934443,-86.61844254
8,5,1300.0,1-Car,No injury/unknown,IMPROPER PASSING,39.228944,-86.627504
6,6,0.0,Moped/Motorcycle,Incapacitating,UNSAFE SPEED,39.22891227,-86.61743403
8,3,2000.0,1-Car,No injury/unknown,UNSAFE SPEED,39.22847732,-86.43336704
11,5,1200.0,2-Car,No injury/unknown,UNSAFE BACKING,39.2280936,-86.6213
7,4,1600.0,2-Car,No injury/unknown,OTHER (DRIVER) - EXPLAIN IN NARRATIVE,39.228048,-86.626352
12,6,1500.0,2-Car,No injury/unknown,FAILURE TO YIELD RIGHT OF WAY,39.22796249,-86.54624938
12,6,1800.0,2-Car,Non-incapacitating,FOLLOWING TOO CLOSELY,39.22796249,-86.54622342
7,6,1900.0,2-Car,No injury/unknown,BRAKE FAILURE OR DEFECTIVE,39.2276627,-86.61593307
1,6,1700.0,2-Car,Non-incapacitating,FOLLOWING TOO CLOSELY,39.22766022,-86.61594003
10,6,1900.0,2-Car,No injury/unknown,UNSAFE SPEED,39.22766022,-86.61594003
8,5,1400.0,2-Car,No injury/unknown,OTHER (DRIVER) - EXPLAIN IN NARRATIVE,39.22766022,-86.61594003
11,5,2200.0,1-Car,No injury/unknown,ANIMAL/OBJECT IN ROADWAY,39.22766022,-86.61594003
10,6,1600.0,2-Car,No injury/unknown,UNSAFE SPEED,39.22766022,-86.61593137
4,2,1000.0,2-Car,Non-incapacitating,DRIVER DISTRACTED - EXPLAIN IN NARRATIVE,39.22761992,-86.6158998
9,2,800.0,1-Car,No injury/unknown,ANIMAL/OBJECT IN ROADWAY,39.22757115,-86.55750006
8,3,1100.0,1-Car,Non-incapacitating,OTHER (VEHICLE) - EXPLAIN IN NARRATIVE,39.22653034,-86.49008274
5,4,2300.0,3+ Cars,No injury/unknown,OTHER (VEHICLE) - EXPLAIN IN NARRATIVE,39.2262809,-86.48928344
1,6,500.0,1-Car,No injury/unknown,RAN OFF ROAD RIGHT,39.22553498,-86.6206701
1,2,1700.0,1-Car,Non-incapacitating,RAN OFF ROAD RIGHT,39.22504499,-86.63051743
11,7,1400.0,2-Car,No injury/unknown,UNSAFE BACKING,39.22483609,-86.5163814
1,4,1200.0,1-Car,No injury/unknown,DRIVER DISTRACTED - EXPLAIN IN NARRATIVE,39.2244,-86.621088
12,5,2100.0,2-Car,No injury/unknown,OTHER (ENVIRONMENTAL) - EXPLAIN IN NARR,39.22344359,-86.62104627
6,7,1300.0,2-Car,Non-incapacitating,FOLLOWING TOO CLOSELY,39.22331055,-86.60925865
10,4,1700.0,2-Car,No injury/unknown,FOLLOWING TOO CLOSELY,39.22312501,-86.53308995
4,7,1200.0,1-Car,No injury/unknown,SPEED TOO FAST FOR WEATHER CONDITIONS,39.222752,-86.550096
5,2,1700.0,2-Car,No injury/unknown,OTHER (VEHICLE) - EXPLAIN IN NARRATIVE,39.222752,-86.550096
6,2,1700.0,2-Car,No injury/unknown,UNSAFE BACKING,39.222752,-86.550096
3,3,1700.0,2-Car,Non-incapacitating,FOLLOWING TOO CLOSELY,39.222544,-86.5172
8,5,1900.0,1-Car,No injury/unknown,IMPROPER PASSING,39.222544,-86.5172
1,6,2300.0,1-Car,No injury/unknown,ROADWAY SURFACE CONDITION,39.22238412,-86.58310979
8,2,700.0,1-Car,No injury/unknown,SPEED TOO FAST FOR WEATHER CONDITIONS,39.22215499,-86.42868027
12,3,1100.0,2-Car,No injury/unknown,FAILURE TO YIELD RIGHT OF WAY,39.22148334,-86.60616326
4,5,800.0,2-Car,No injury/unknown,OTHER (VEHICLE) - EXPLAIN IN NARRATIVE,39.22146559,-86.62532918
8,2,1000.0,1-Car,No injury/unknown,OTHER (DRIVER) - EXPLAIN IN NARRATIVE,39.22128576,-86.53349103
1,5,1300.0,2-Car,Non-incapacitating,FOLLOWING TOO CLOSELY,39.22123484,-86.60574082
1,3,1600.0,2-Car,No injury/unknown,FAILURE TO YIELD RIGHT OF WAY,39.221152,-86.6056
12,1,1300.0,1-Car,No injury/unknown,SPEED TOO FAST FOR WEATHER CONDITIONS,39.220944,-86.612192
8,4,1400.0,2-Car,Non-incapacitating,DRIVER DISTRACTED - EXPLAIN IN NARRATIVE,39.22012454,-86.44274395
12,3,1500.0,2-Car,No injury/unknown,UNSAFE LANE MOVEMENT,39.22005121,-86.6037376
3,3,2000.0,1-Car,No injury/unknown,ANIMAL/OBJECT IN ROADWAY,39.22003082,-86.55081748
12,5,2100.0,2-Car,No injury/unknown,ROADWAY SURFACE CONDITION,39.21975992,-86.55998992
8,7,300.0,1-Car,No injury/unknown,RAN OFF ROAD RIGHT,39.21972147,-86.47278796
1,6,800.0,2-Car,No injury/unknown,VIEW OBSTRUCTED,39.21936967,-86.44920774
12,1,1300.0,1-Car,No injury/unknown,RAN OFF ROAD RIGHT,39.21936967,-86.44920774
5,2,500.0,1-Car,No injury/unknown,ANIMAL/OBJECT IN ROADWAY,39.21881363,-86.55163494
2,3,2000.0,1-Car,No injury/unknown,RAN OFF ROAD RIGHT,39.21877162,-86.5550103
11,3,900.0,2-Car,No injury/unknown,FAILURE TO YIELD RIGHT OF WAY,39.21865316,-86.60146093
9,3,1700.0,2-Car,No injury/unknown,UNSAFE LANE MOVEMENT,39.21811614,-86.59269156
5,4,1600.0,2-Car,No injury/unknown,FAILURE TO YIELD RIGHT OF WAY,39.21770267,-86.59910984
10,2,800.0,2-Car,No injury/unknown,FOLLOWING TOO CLOSELY,39.21727209,-86.59905517
10,3,1700.0,2-Car,No injury/unknown,OTHER (DRIVER) - EXPLAIN IN NARRATIVE,39.2168697,-86.65871992
1,7,1700.0,2-Car,No injury/unknown,UNSAFE BACKING,39.21684019,-86.58715993
8,4,800.0,Moped/Motorcycle,Non-incapacitating,FAILURE TO YIELD RIGHT OF WAY,39.21681897,-86.59710288
2,7,1600.0,1-Car,No injury/unknown,BRAKE FAILURE OR DEFECTIVE,39.21678185,-86.59311778
7,3,800.0,1-Car,No injury/unknown,BRAKE FAILURE OR DEFECTIVE,39.21677783,-86.59323781
6,7,1200.0,2-Car,No injury/unknown,UNSAFE BACKING,39.21677783,-86.59323781
10,3,1500.0,2-Car,Non-incapacitating,FAILURE TO YIELD RIGHT OF WAY,39.21659869,-86.59634113
8,4,900.0,2-Car,No injury/unknown,FAILURE TO YIELD RIGHT OF WAY,39.21656996,-86.63987003
10,5,1000.0,2-Car,Non-incapacitating,FAILURE TO YIELD RIGHT OF WAY,39.21656129,-86.59621239
3,6,1300.0,Pedestrian,Incapacitating,FAILURE TO YIELD RIGHT OF WAY,39.21655923,-86.59484311
3,7,2200.0,2-Car,No injury/unknown,UNSAFE BACKING,39.21653576,-86.59381046
9,3,1800.0,2-Car,Non-incapacitating,UNSAFE LANE MOVEMENT,39.21631855,-86.55303465
11,6,1700.0,2-Car,No injury/unknown,UNSAFE LANE MOVEMENT,39.21605967,-86.59271009
6,3,1300.0,2-Car,No injury/unknown,FAILURE TO YIELD RIGHT OF WAY,39.21600797,-86.5928
6,1,600.0,1-Car,No injury/unknown,ANIMAL/OBJECT IN ROADWAY,39.21569341,-86.59442231
7,4,1600.0,2-Car,Non-incapacitating,OTHER (DRIVER) - EXPLAIN IN NARRATIVE,39.21566356,-86.45500481
7,5,1000.0,2-Car,No injury/unknown,IMPROPER TURNING,39.215568,-86.5928
11,5,2200.0,1-Car,No injury/unknown,OTHER (DRIVER) - EXPLAIN IN NARRATIVE,39.21552323,-86.61131925
1,3,1400.0,2-Car,No injury/unknown,FAILURE TO YIELD RIGHT OF WAY,39.21548398,-86.53703475
5,6,1900.0,2-Car,No injury/unknown,UNSAFE LANE MOVEMENT,39.21548398,-86.53703475
9,5,2200.0,2-Car,Non-incapacitating,FOLLOWING TOO CLOSELY,39.21546406,-86.59297228
1,2,1300.0,2-Car,Non-incapacitating,FAILURE TO YIELD RIGHT OF WAY,39.2154225,-86.52155578
5,5,1100.0,2-Car,No injury/unknown,FOLLOWING TOO CLOSELY,39.21535861,-86.59301239
1,7,1000.0,2-Car,No injury/unknown,FAILURE TO YIELD RIGHT OF WAY,39.215344,-86.521392
4,2,1200.0,Moped/Motorcycle,Non-incapacitating,FAILURE TO YIELD RIGHT OF WAY,39.215344,-86.521392
9,3,1600.0,2-Car,Non-incapacitating,DRIVER DISTRACTED - EXPLAIN IN NARRATIVE,39.215344,-86.521392
8,5,1500.0,1-Car,No injury/unknown,ANIMAL/OBJECT IN ROADWAY,39.215344,-86.521392
4,3,1400.0,Moped/Motorcycle,No injury/unknown,IMPROPER PASSING,39.21531276,-86.51786157
1,7,1600.0,2-Car,No injury/unknown,OTHER (ENVIRONMENTAL) - EXPLAIN IN NARR,39.21525367,-86.58269003
3,4,1600.0,2-Car,No injury/unknown,FOLLOWING TOO CLOSELY,39.21519849,-86.63041197
2,2,2200.0,2-Car,No injury/unknown,FOLLOWING TOO CLOSELY,39.215152,-86.5928
5,5,1700.0,2-Car,Non-incapacitating,FAILURE TO YIELD RIGHT OF WAY,39.215152,-86.5928
5,6,1200.0,2-Car,No injury/unknown,DRIVER DISTRACTED - EXPLAIN IN NARRATIVE,39.215152,-86.5928
9,4,1000.0,2-Car,Incapacitating,FAILURE TO YIELD RIGHT OF WAY,39.215152,-86.5928
10,7,1800.0,2-Car,No injury/unknown,OTHER (DRIVER) - EXPLAIN IN NARRATIVE,39.215152,-86.5928
10,4,1100.0,2-Car,No injury/unknown,DISREGARD SIGNAL/REG SIGN,39.215152,-86.5928
4,3,600.0,1-Car,No injury/unknown,ANIMAL/OBJECT IN ROADWAY,39.21496137,-86.59254583
1,1,1900.0,1-Car,No injury/unknown,ANIMAL/OBJECT IN ROADWAY,39.21490029,-86.46903181
11,7,1200.0,1-Car,No injury/unknown,RAN OFF ROAD RIGHT,39.214752,-86.477504
9,3,1800.0,2-Car,Non-incapacitating,OTHER (DRIVER) - EXPLAIN IN NARRATIVE,39.214752,-86.472896
9,1,1500.0,2-Car,No injury/unknown,UNSAFE LANE MOVEMENT,39.214752,-86.472896
1,4,0.0,1-Car,No injury/unknown,RAN OFF ROAD RIGHT,39.214752,-86.468
8,2,1600.0,1-Car,Non-incapacitating,RAN OFF ROAD RIGHT,39.21457976,-86.39936976
9,5,1500.0,1-Car,No injury/unknown,OTHER (VEHICLE) - EXPLAIN IN NARRATIVE,39.214448,-86.570832
10,3,1400.0,1-Car,No injury/unknown,SPEED TOO FAST FOR WEATHER CONDITIONS,39.21426961,-86.50841283
5,3,1700.0,2-Car,No injury/unknown,FOLLOWING TOO CLOSELY,39.21424802,-86.53492994
5,6,1000.0,2-Car,Non-incapacitating,FAILURE TO YIELD RIGHT OF WAY,39.21421656,-86.59150766
3,4,1300.0,2-Car,Non-incapacitating,FOLLOWING TOO CLOSELY,39.21421656,-86.59150766
2,6,2200.0,1-Car,No injury/unknown,ROADWAY SURFACE CONDITION,39.21364312,-86.48537661
6,3,1600.0,1-Car,No injury/unknown,UNSAFE SPEED,39.21323678,-86.51722983
11,6,1400.0,2-Car,Non-incapacitating,FAILURE TO YIELD RIGHT OF WAY,39.21303011,-86.48676352
10,6,1700.0,1-Car,Non-incapacitating,RAN OFF ROAD RIGHT,39.21291182,-86.48866078
5,7,2200.0,1-Car,No injury/unknown,RAN OFF ROAD RIGHT,39.21269745,-86.49235815
6,4,2000.0,1-Car,No injury/unknown,ANIMAL/OBJECT IN ROADWAY,39.21267017,-86.46002932
5,1,1400.0,2-Car,No injury/unknown,FOLLOWING TOO CLOSELY,39.21246468,-86.58311985
11,6,1600.0,1-Car,No injury/unknown,UNSAFE BACKING,39.2121879,-86.34468689
4,6,1500.0,2-Car,No injury/unknown,FAILURE TO YIELD RIGHT OF WAY,39.212048,-86.5872
6,3,700.0,2-Car,No injury/unknown,UNSAFE LANE MOVEMENT,39.212048,-86.5872
8,2,900.0,2-Car,No injury/unknown,OTHER (DRIVER) - EXPLAIN IN NARRATIVE,39.212048,-86.5872
12,6,700.0,2-Car,No injury/unknown,ROADWAY SURFACE CONDITION,39.212048,-86.5872
4,2,1600.0,1-Car,No injury/unknown,ANIMAL/OBJECT IN ROADWAY,39.21159419,-86.54191978
7,1,300.0,1-Car,No injury/unknown,RAN OFF ROAD RIGHT,39.21148212,-86.52871184
4,7,1000.0,1-Car,No injury/unknown,SPEED TOO FAST FOR WEATHER CONDITIONS,39.21140425,-86.54285989
4,2,900.0,2-Car,No injury/unknown,DRIVER DISTRACTED - EXPLAIN IN NARRATIVE,39.21065013,-86.58406589
3,5,700.0,2-Car,No injury/unknown,UNSAFE LANE MOVEMENT,39.21030898,-86.58348225
6,3,1700.0,2-Car,No injury/unknown,FAILURE TO YIELD RIGHT OF WAY,39.21030676,-86.50541446
1,5,1200.0,2-Car,No injury/unknown,FAILURE TO YIELD RIGHT OF WAY,39.210144,-86.5832
2,3,1200.0,2-Car,Non-incapacitating,UNSAFE SPEED,39.210144,-86.5832
3,6,1400.0,2-Car,No injury/unknown,FOLLOWING TOO CLOSELY,39.210144,-86.5832
9,2,2100.0,1-Car,No injury/unknown,OVERCORRECTING/OVERSTEERING,39.210144,-86.5832
5,1,1200.0,2-Car,No injury/unknown,LEFT OF CENTER,39.209952,-86.463392
6,1,500.0,1-Car,Non-incapacitating,RAN OFF ROAD RIGHT,39.209952,-86.463392
11,3,1400.0,3+ Cars,No injury/unknown,DRIVER DISTRACTED - EXPLAIN IN NARRATIVE,39.20991579,-86.58276778
7,6,1600.0,1-Car,No injury/unknown,RAN OFF ROAD RIGHT,39.20987885,-86.57939557
8,6,0.0,2-Car,No injury/unknown,OTHER (DRIVER) - EXPLAIN IN NARRATIVE,39.20986935,-86.5832
8,5,1400.0,2-Car,No injury/unknown,DRIVER DISTRACTED - EXPLAIN IN NARRATIVE,39.209808,-86.582672
1,4,1600.0,2-Car,No injury/unknown,UNSAFE LANE MOVEMENT,39.20971899,-86.58253758
6,7,1600.0,2-Car,No injury/unknown,UNSAFE BACKING,39.20922514,-86.55808351
1,7,1900.0,1-Car,No injury/unknown,ANIMAL/OBJECT IN ROADWAY,39.20878235,-86.55459194
4,1,2100.0,3+ Cars,Non-incapacitating,OTHER (DRIVER) - EXPLAIN IN NARRATIVE,39.20877419,-86.53976999
2,4,2300.0,1-Car,No injury/unknown,OVERCORRECTING/OVERSTEERING,39.208544,-86.611504
6,3,900.0,2-Car,No injury/unknown,UNSAFE BACKING,39.208432,-86.52578188
8,5,1300.0,2-Car,Non-incapacitating,FAILURE TO YIELD RIGHT OF WAY,39.20835033,-86.55211016
2,2,1600.0,3+ Cars,Non-incapacitating,FAILURE TO YIELD RIGHT OF WAY,39.20824,-86.554704
2,4,1800.0,2-Car,No injury/unknown,FAILURE TO YIELD RIGHT OF WAY,39.20824,-86.554704
4,2,1600.0,2-Car,Non-incapacitating,FAILURE TO YIELD RIGHT OF WAY,39.20824,-86.554704
9,5,1300.0,2-Car,Non-incapacitating,FAILURE TO YIELD RIGHT OF WAY,39.20824,-86.554704
1,2,1700.0,1-Car,No injury/unknown,ROADWAY SURFACE CONDITION,39.20824,-86.552192
12,6,1500.0,1-Car,No injury/unknown,ROADWAY SURFACE CONDITION,39.20822363,-86.58315447
5,3,1800.0,3+ Cars,No injury/unknown,ROADWAY SURFACE CONDITION,39.20822024,-86.58315002
12,6,1100.0,2-Car,Non-incapacitating,SPEED TOO FAST FOR WEATHER CONDITIONS,39.20822024,-86.58315002
12,4,800.0,2-Car,No injury/unknown,OTHER (DRIVER) - EXPLAIN IN NARRATIVE,39.20822024,-86.58315002
9,3,1000.0,2-Car,Non-incapacitating,OTHER (DRIVER) - EXPLAIN IN NARRATIVE,39.20817926,-86.57903341
1,6,2100.0,1-Car,Non-incapacitating,UNSAFE SPEED,39.208048,-86.528704
10,2,1600.0,2-Car,Non-incapacitating,SPEED TOO FAST FOR WEATHER CONDITIONS,39.208048,-86.528704
10,1,800.0,1-Car,No injury/unknown,OTHER (DRIVER) - EXPLAIN IN NARRATIVE,39.208048,-86.528704
10,4,1700.0,1-Car,No injury/unknown,SPEED TOO FAST FOR WEATHER CONDITIONS,39.208048,-86.528704
10,6,1800.0,3+ Cars,Non-incapacitating,OVERCORRECTING/OVERSTEERING,39.208048,-86.528704
11,7,1100.0,1-Car,No injury/unknown,RAN OFF ROAD RIGHT,39.208048,-86.528704
10,2,1700.0,2-Car,Non-incapacitating,LEFT OF CENTER,39.20801975,-86.52880649
10,3,1400.0,1-Car,No injury/unknown,OVERCORRECTING/OVERSTEERING,39.20801975,-86.52880649
10,4,1700.0,1-Car,No injury/unknown,ROADWAY SURFACE CONDITION,39.20801975,-86.52869832
10,4,1700.0,1-Car,No injury/unknown,ROADWAY SURFACE CONDITION,39.20801975,-86.528694
5,4,1300.0,2-Car,No injury/unknown,UNSAFE BACKING,39.20791849,-86.5790563
10,4,1300.0,2-Car,No injury/unknown,UNSAFE LANE MOVEMENT,39.20790453,-86.57552608
10,4,1600.0,2-Car,No injury/unknown,FAILURE TO YIELD RIGHT OF WAY,39.20790453,-86.57552608
7,2,1300.0,2-Car,No injury/unknown,ACCELERATOR FAILURE OR DEFECTIVE,39.20790173,-86.52855768
9,2,1500.0,1-Car,No injury/unknown,SPEED TOO FAST FOR WEATHER CONDITIONS,39.20781837,-86.52630956
1,1,1900.0,1-Car,Non-incapacitating,ANIMAL/OBJECT IN ROADWAY,39.2076907,-86.55470004
1,7,1200.0,2-Car,No injury/unknown,FAILURE TO YIELD RIGHT OF WAY,39.207648,-86.573792
1,2,1400.0,2-Car,No injury/unknown,DRIVER DISTRACTED - EXPLAIN IN NARRATIVE,39.207648,-86.573792
2,7,1100.0,2-Car,No injury/unknown,FAILURE TO YIELD RIGHT OF WAY,39.207648,-86.573792
5,5,1600.0,2-Car,No injury/unknown,FAILURE TO YIELD RIGHT OF WAY,39.207648,-86.573792
4,1,1600.0,2-Car,No injury/unknown,DRIVER DISTRACTED - EXPLAIN IN NARRATIVE,39.207648,-86.573792
11,4,1500.0,2-Car,No injury/unknown,FAILURE TO YIELD RIGHT OF WAY,39.207648,-86.573792
11,3,1800.0,2-Car,No injury/unknown,FOLLOWING TOO CLOSELY,39.207648,-86.573792
10,5,1700.0,2-Car,No injury/unknown,UNSAFE LANE MOVEMENT,39.20763016,-86.57987541
12,3,1700.0,3+ Cars,Non-incapacitating,UNSAFE SPEED,39.20756748,-86.57986869
5,6,2300.0,2-Car,No injury/unknown,FAILURE TO YIELD RIGHT OF WAY,39.20752056,-86.53181268
7,6,700.0,2-Car,No injury/unknown,INSECURE/LEAKY LOAD,39.20733466,-86.57321208
11,1,1900.0,1-Car,No injury/unknown,ANIMAL/OBJECT IN ROADWAY,39.2071414,-86.55469607
11,5,800.0,2-Car,No injury/unknown,ANIMAL/OBJECT IN ROADWAY,39.2071414,-86.55469607
2,6,1700.0,2-Car,No injury/unknown,DISREGARD SIGNAL/REG SIGN,39.20712993,-86.53484009
8,7,1200.0,2-Car,No injury/unknown,FAILURE TO YIELD RIGHT OF WAY,39.20704,-86.534704
9,6,1600.0,2-Car,No injury/unknown,FOLLOWING TOO CLOSELY,39.20704,-86.534704
10,2,2200.0,2-Car,No injury/unknown,FOLLOWING TOO CLOSELY,39.20704,-86.534704
10,5,1400.0,2-Car,Non-incapacitating,FOLLOWING TOO CLOSELY,39.20704,-86.534704
10,3,1900.0,1-Car,No injury/unknown,ANIMAL/OBJECT IN ROADWAY,39.20704,-86.534704
5,7,1700.0,2-Car,No injury/unknown,FOLLOWING TOO CLOSELY,39.20703259,-86.58314623
5,6,2000.0,3+ Cars,No injury/unknown,UNSAFE LANE MOVEMENT,39.20661732,-86.52691014
6,5,1500.0,2-Car,No injury/unknown,OTHER (DRIVER) - EXPLAIN IN NARRATIVE,39.20659952,-86.57143749
9,3,1700.0,2-Car,No injury/unknown,IMPROPER TURNING,39.206352,-86.557696
11,1,100.0,1-Car,Non-incapacitating,ANIMAL/OBJECT IN ROADWAY,39.206352,-86.557696
4,3,2100.0,2-Car,No injury/unknown,IMPROPER TURNING,39.206312,-86.571312
9,7,300.0,1-Car,No injury/unknown,RAN OFF ROAD RIGHT,39.206312,-86.571312
1,3,900.0,1-Car,No injury/unknown,OTHER (DRIVER) - EXPLAIN IN NARRATIVE,39.206144,-86.528592
2,5,2300.0,2-Car,No injury/unknown,UNSAFE BACKING,39.206144,-86.528592
8,1,300.0,2-Car,No injury/unknown,OTHER (DRIVER) - EXPLAIN IN NARRATIVE,39.206144,-86.528592
3,2,1100.0,3+ Cars,No injury/unknown,FOLLOWING TOO CLOSELY,39.204448,-86.583168
10,1,0.0,2-Car,No injury/unknown,RAN OFF ROAD RIGHT,39.20409393,-86.50946044
7,2,1600.0,2-Car,No injury/unknown,FAILURE TO YIELD RIGHT OF WAY,39.20406993,-86.50966018
8,3,0.0,1-Car,No injury/unknown,UNSAFE BACKING,39.20331897,-86.51566028
4,6,1500.0,2-Car,No injury/unknown,FAILURE TO YIELD RIGHT OF WAY,39.20304,-86.547392
12,4,1400.0,2-Car,No injury/unknown,IMPROPER TURNING,39.20304,-86.547392
8,4,400.0,1-Car,No injury/unknown,ANIMAL/OBJECT IN ROADWAY,39.20226578,-86.53384029
8,3,800.0,2-Car,No injury/unknown,LEFT OF CENTER,39.20197331,-86.56168275
6,6,1000.0,2-Car,No injury/unknown,LEFT OF CENTER,39.201488,-86.601968
3,7,1600.0,2-Car,No injury/unknown,LEFT OF CENTER,39.20132026,-86.61130987
1,2,1500.0,2-Car,No injury/unknown,SPEED TOO FAST FOR WEATHER CONDITIONS,39.20113318,-86.54733046
1,7,1200.0,1-Car,Non-incapacitating,DRIVER DISTRACTED - EXPLAIN IN NARRATIVE,39.20113318,-86.54733046
2,1,300.0,1-Car,No injury/unknown,CELL PHONE USAGE,39.20082003,-86.54285989
9,2,1500.0,2-Car,No injury/unknown,LEFT OF CENTER,39.20082003,-86.54285989
12,2,1000.0,2-Car,No injury/unknown,LEFT OF CENTER,39.20082003,-86.54285989
10,4,600.0,Moped/Motorcycle,Non-incapacitating,ANIMAL/OBJECT IN ROADWAY,39.20064032,-86.56239978
11,2,2300.0,1-Car,Non-incapacitating,ANIMAL/OBJECT IN ROADWAY,39.20053715,-86.51415019
5,1,1100.0,1-Car,No injury/unknown,RAN OFF ROAD RIGHT,39.200352,-86.468
10,2,1300.0,1-Car,Non-incapacitating,RAN OFF ROAD RIGHT,39.20006819,-86.55987856
1,4,1800.0,2-Car,No injury/unknown,IMPROPER PASSING,39.19977752,-86.55974501
4,4,0.0,1-Car,No injury/unknown,ANIMAL/OBJECT IN ROADWAY,39.19952847,-86.46796576
5,1,900.0,1-Car,No injury/unknown,RAN OFF ROAD RIGHT,39.19907687,-86.52865221
12,1,1300.0,1-Car,No injury/unknown,RAN OFF ROAD RIGHT,39.199072,-86.583152
7,7,1500.0,1-Car,No injury/unknown,IMPROPER TURNING,39.19905782,-86.53515256
10,5,1300.0,2-Car,No injury/unknown,UNSAFE LANE MOVEMENT,39.19863467,-86.5543644
9,5,1000.0,2-Car,No injury/unknown,IMPROPER LANE USAGE,39.19851068,-86.54416009
10,2,400.0,1-Car,No injury/unknown,ANIMAL/OBJECT IN ROADWAY,39.19846062,-86.52923025
6,7,1500.0,Moped/Motorcycle,No injury/unknown,FAILURE TO YIELD RIGHT OF WAY,39.19837089,-86.50107979
4,6,1900.0,1-Car,No injury/unknown,ROADWAY SURFACE CONDITION,39.19824,-86.5368
9,6,800.0,2-Car,No injury/unknown,,39.1979903,-86.54326021
5,1,1800.0,2-Car,No injury/unknown,FAILURE TO YIELD RIGHT OF WAY,39.19789977,-86.55834356
10,7,2200.0,2-Car,No injury/unknown,UNSAFE BACKING,39.19787832,-86.53483405
1,2,1600.0,Pedestrian,Non-incapacitating,PEDESTRIAN ACTION,39.1976155,-86.56233005
10,5,2300.0,1-Car,No injury/unknown,ANIMAL/OBJECT IN ROADWAY,39.19689046,-86.55462122
4,6,1700.0,2-Car,No injury/unknown,FOLLOWING TOO CLOSELY,39.196848,-86.5344
4,6,1500.0,3+ Cars,Incapacitating,FOLLOWING TOO CLOSELY,39.196848,-86.5344
6,4,1200.0,2-Car,Non-incapacitating,FOLLOWING TOO CLOSELY,39.196848,-86.5344
10,6,1900.0,2-Car,No injury/unknown,FOLLOWING TOO CLOSELY,39.196848,-86.5344
11,5,1900.0,1-Car,No injury/unknown,ANIMAL/OBJECT IN ROADWAY,39.19634117,-86.55461537
2,1,1800.0,2-Car,No injury/unknown,FOLLOWING TOO CLOSELY,39.19632137,-86.53419924
7,7,1500.0,Moped/Motorcycle,Incapacitating,FOLLOWING TOO CLOSELY,39.19567151,-86.50326982
1,7,1000.0,1-Car,No injury/unknown,SPEED TOO FAST FOR WEATHER CONDITIONS,39.19545868,-86.54135484
10,7,0.0,2-Car,No injury/unknown,UNSAFE SPEED,39.194944,-86.543392
12,5,1700.0,1-Car,No injury/unknown,DRIVER DISTRACTED - EXPLAIN IN NARRATIVE,39.19480133,-86.54415893
3,4,1200.0,1-Car,No injury/unknown,OTHER (VEHICLE) - EXPLAIN IN NARRATIVE,39.19475503,-86.51665828
11,6,2200.0,2-Car,No injury/unknown,OTHER (DRIVER) - EXPLAIN IN NARRATIVE,39.19455597,-86.55459638
11,1,1800.0,1-Car,No injury/unknown,ANIMAL/OBJECT IN ROADWAY,39.19425386,-86.55459317
1,4,1300.0,2-Car,No injury/unknown,DISREGARD SIGNAL/REG SIGN,39.194144,-86.554592
1,6,2000.0,1-Car,No injury/unknown,RAN OFF ROAD RIGHT,39.194144,-86.554592
6,1,1300.0,2-Car,Non-incapacitating,FOLLOWING TOO CLOSELY,39.194144,-86.554592
10,4,800.0,1-Car,No injury/unknown,ANIMAL/OBJECT IN ROADWAY,39.194144,-86.554592
5,4,900.0,2-Car,No injury/unknown,UNSAFE BACKING,39.193952,-86.533296
6,1,1600.0,2-Car,No injury/unknown,UNSAFE BACKING,39.193952,-86.533296
5,1,700.0,1-Car,No injury/unknown,ANIMAL/OBJECT IN ROADWAY,39.193872,-86.590784
6,6,400.0,1-Car,No injury/unknown,RAN OFF ROAD RIGHT,39.193872,-86.590784
11,3,2000.0,3+ Cars,Non-incapacitating,FOLLOWING TOO CLOSELY,39.19368213,-86.57132149
6,7,1500.0,2-Car,No injury/unknown,DRIVER DISTRACTED - EXPLAIN IN NARRATIVE,39.19366929,-86.57140975
5,4,800.0,2-Car,No injury/unknown,LEFT OF CENTER,39.19344,-86.436288
12,2,2300.0,1-Car,No injury/unknown,RAN OFF ROAD RIGHT,39.19344,-86.436288
11,4,1000.0,1-Car,No injury/unknown,TIRE FAILURE OR DEFECTIVE,39.193408,-86.48584
1,6,2100.0,1-Car,No injury/unknown,ROADWAY SURFACE CONDITION,39.19320661,-86.59140854
5,6,1700.0,2-Car,Non-incapacitating,DRIVER DISTRACTED - EXPLAIN IN NARRATIVE,39.19317533,-86.54671898
2,2,1600.0,Pedestrian,No injury/unknown,IMPROPER LANE USAGE,39.19310087,-86.53492994
6,5,2100.0,Moped/Motorcycle,Non-incapacitating,OTHER (DRIVER) - EXPLAIN IN NARRATIVE,39.19275908,-86.55251058