Month,Day,Hour,Collision Type,Injury Type,Primary Factor,Latitude,Longitude
1,7,800.0,1-Car,No injury/unknown,ROADWAY SURFACE CONDITION,39.19238985,-86.55262259
5,4,800.0,Bus,No injury/unknown,FOLLOWING TOO CLOSELY,39.192352,-86.552592
8,3,1200.0,2-Car,No injury/unknown,LEFT OF CENTER,39.192352,-86.552592
10,6,2000.0,2-Car,No injury/unknown,FAILURE TO YIELD RIGHT OF WAY,39.19171718,-86.53296591
1,7,1000.0,2-Car,No injury/unknown,FAILURE TO YIELD RIGHT OF WAY,39.191248,-86.532896
2,4,2000.0,2-Car,No injury/unknown,FAILURE TO YIELD RIGHT OF WAY,39.191248,-86.532896
2,2,800.0,2-Car,No injury/unknown,FAILURE TO YIELD RIGHT OF WAY,39.191248,-86.532896
3,4,1500.0,3+ Cars,Non-incapacitating,FAILURE TO YIELD RIGHT OF WAY,39.191248,-86.532896
8,1,1800.0,2-Car,Non-incapacitating,FAILURE TO YIELD RIGHT OF WAY,39.191248,-86.532896
10,4,2100.0,2-Car,No injury/unknown,FAILURE TO YIELD RIGHT OF WAY,39.191248,-86.532896
5,2,1300.0,2-Car,No injury/unknown,FAILURE TO YIELD RIGHT OF WAY,39.19088595,-86.52821972
1,3,1800.0,2-Car,Non-incapacitating,FAILURE TO YIELD RIGHT OF WAY,39.190672,-86.582992
5,5,1400.0,2-Car,No injury/unknown,FAILURE TO YIELD RIGHT OF WAY,39.190672,-86.582992
4,2,1800.0,2-Car,No injury/unknown,FAILURE TO YIELD RIGHT OF WAY,39.190672,-86.582992
4,7,1500.0,2-Car,No injury/unknown,OTHER (DRIVER) - EXPLAIN IN NARRATIVE,39.190672,-86.582992
5,4,700.0,2-Car,Non-incapacitating,FAILURE TO YIELD RIGHT OF WAY,39.190672,-86.582992
6,2,1400.0,2-Car,No injury/unknown,FAILURE TO YIELD RIGHT OF WAY,39.190672,-86.582992
8,4,1600.0,3+ Cars,No injury/unknown,OTHER (DRIVER) - EXPLAIN IN NARRATIVE,39.190672,-86.582992
9,5,200.0,1-Car,Non-incapacitating,RAN OFF ROAD RIGHT,39.190672,-86.582992
12,6,2100.0,2-Car,Non-incapacitating,DISREGARD SIGNAL/REG SIGN,39.19028029,-86.58252976
10,5,1300.0,2-Car,No injury/unknown,FAILURE TO YIELD RIGHT OF WAY,39.19023,-86.53324015
12,7,1900.0,2-Car,No injury/unknown,IMPROPER PASSING,39.189968,-86.533232
6,3,2000.0,Cyclist,Incapacitating,LEFT OF CENTER,39.18959104,-86.55471325
11,4,200.0,1-Car,No injury/unknown,RAN OFF ROAD RIGHT,39.18956169,-86.44454769
8,3,1700.0,2-Car,No injury/unknown,UNSAFE BACKING,39.18946841,-86.53337633
3,3,700.0,1-Car,No injury/unknown,UNSAFE SPEED,39.189248,-86.660704
1,4,1600.0,2-Car,No injury/unknown,SPEED TOO FAST FOR WEATHER CONDITIONS,39.189248,-86.53344
1,7,1100.0,2-Car,No injury/unknown,SPEED TOO FAST FOR WEATHER CONDITIONS,39.189248,-86.531472
7,1,1500.0,2-Car,No injury/unknown,UNSAFE BACKING,39.189248,-86.531472
8,6,1300.0,2-Car,No injury/unknown,OTHER (DRIVER) - EXPLAIN IN NARRATIVE,39.189248,-86.531472
12,4,1200.0,1-Car,No injury/unknown,OBSTRUCTION NOT MARKED,39.189248,-86.531472
12,5,800.0,2-Car,No injury/unknown,UNSAFE BACKING,39.189248,-86.531472
10,6,1900.0,2-Car,Non-incapacitating,FAILURE TO YIELD RIGHT OF WAY,39.18906784,-86.52171325
2,5,900.0,1-Car,No injury/unknown,UNSAFE SPEED,39.18904,-86.630096
12,1,400.0,1-Car,No injury/unknown,RAN OFF ROAD RIGHT,39.18872976,-86.63040988
3,5,100.0,1-Car,No injury/unknown,ANIMAL/OBJECT IN ROADWAY,39.18839469,-86.5144
9,2,1300.0,2-Car,No injury/unknown,UNSAFE BACKING,39.18828583,-86.51412963
7,3,1300.0,1-Car,No injury/unknown,ANIMAL/OBJECT IN ROADWAY,39.1878746,-86.66371864
10,7,2000.0,2-Car,No injury/unknown,OTHER (DRIVER) - EXPLAIN IN NARRATIVE,39.18763351,-86.53923797
6,4,1700.0,2-Car,No injury/unknown,FOLLOWING TOO CLOSELY,39.18760888,-86.55510669
5,6,1200.0,2-Car,Non-incapacitating,FOLLOWING TOO CLOSELY,39.18747742,-86.46794047
7,3,1100.0,2-Car,No injury/unknown,FOLLOWING TOO CLOSELY,39.187344,-86.5552
10,7,1300.0,2-Car,No injury/unknown,FOLLOWING TOO CLOSELY,39.187344,-86.5552
6,6,0.0,1-Car,Non-incapacitating,RAN OFF ROAD RIGHT,39.18726012,-86.63559311
6,1,1300.0,1-Car,Non-incapacitating,RAN OFF ROAD RIGHT,39.18719614,-86.55522823
4,5,1800.0,2-Car,No injury/unknown,FOLLOWING TOO CLOSELY,39.187184,-86.551408
7,4,900.0,2-Car,No injury/unknown,OTHER (DRIVER) - EXPLAIN IN NARRATIVE,39.18717429,-86.53782606
3,1,1600.0,2-Car,No injury/unknown,FOLLOWING TOO CLOSELY,39.18703785,-86.56233005
6,5,1800.0,2-Car,No injury/unknown,IMPROPER TURNING,39.18699592,-86.53781734
2,4,1500.0,3+ Cars,Non-incapacitating,FAILURE TO YIELD RIGHT OF WAY,39.186944,-86.5468
11,3,1400.0,1-Car,No injury/unknown,OTHER (DRIVER) - EXPLAIN IN NARRATIVE,39.18689802,-86.51440434
1,2,1900.0,Pedestrian,Non-incapacitating,FAILURE TO YIELD RIGHT OF WAY,39.18676995,-86.611227
9,4,1400.0,2-Car,No injury/unknown,IMPROPER PASSING,39.18676534,-86.5342601
4,6,1600.0,2-Car,No injury/unknown,LEFT OF CENTER,39.186752,-86.611504
7,5,2000.0,2-Car,No injury/unknown,FOLLOWING TOO CLOSELY,39.186752,-86.611504
9,5,900.0,1-Car,No injury/unknown,ANIMAL/OBJECT IN ROADWAY,39.186752,-86.611504
8,6,1200.0,Pedestrian,Non-incapacitating,IMPROPER TURNING,39.18665524,-86.51449486
1,4,300.0,1-Car,No injury/unknown,RAN OFF ROAD RIGHT,39.186544,-86.551168
2,6,1400.0,1-Car,No injury/unknown,SPEED TOO FAST FOR WEATHER CONDITIONS,39.186544,-86.551168
10,1,1400.0,1-Car,No injury/unknown,RAN OFF ROAD RIGHT,39.186544,-86.551168
3,1,1000.0,Moped/Motorcycle,No injury/unknown,FOLLOWING TOO CLOSELY,39.186544,-86.537888
3,6,1300.0,Bus,No injury/unknown,ENGINE FAILURE OR DEFECTIVE,39.186544,-86.537888
5,6,1500.0,2-Car,No injury/unknown,FOLLOWING TOO CLOSELY,39.186544,-86.537888
3,1,2300.0,2-Car,No injury/unknown,UNSAFE LANE MOVEMENT,39.186544,-86.537888
4,7,2200.0,3+ Cars,Non-incapacitating,FOLLOWING TOO CLOSELY,39.186544,-86.537888
5,5,900.0,1-Car,No injury/unknown,INSECURE/LEAKY LOAD,39.186544,-86.537888
5,7,1800.0,2-Car,No injury/unknown,DISREGARD SIGNAL/REG SIGN,39.186544,-86.537888
6,2,1200.0,2-Car,No injury/unknown,FAILURE TO YIELD RIGHT OF WAY,39.186544,-86.537888
7,7,1300.0,2-Car,No injury/unknown,FOLLOWING TOO CLOSELY,39.186544,-86.537888
9,4,1900.0,2-Car,No injury/unknown,DISREGARD SIGNAL/REG SIGN,39.186544,-86.537888
9,5,700.0,3+ Cars,Non-incapacitating,DISREGARD SIGNAL/REG SIGN,39.186544,-86.537888
10,3,1400.0,2-Car,No injury/unknown,DISREGARD SIGNAL/REG SIGN,39.186544,-86.537888
10,3,1700.0,3+ Cars,No injury/unknown,SPEED TOO FAST FOR WEATHER CONDITIONS,39.186544,-86.537888
12,5,1900.0,2-Car,No injury/unknown,FAILURE TO YIELD RIGHT OF WAY,39.186544,-86.537888
12,4,1800.0,2-Car,No injury/unknown,FOLLOWING TOO CLOSELY,39.186544,-86.537888
10,6,1500.0,2-Car,No injury/unknown,FOLLOWING TOO CLOSELY,39.18648036,-86.5368324
6,1,1300.0,1-Car,No injury/unknown,RAN OFF ROAD RIGHT,39.18646406,-86.54787457
1,2,1700.0,1-Car,No injury/unknown,SPEED TOO FAST FOR WEATHER CONDITIONS,39.186448,-86.546816
10,6,1100.0,2-Car,No injury/unknown,SPEED TOO FAST FOR WEATHER CONDITIONS,39.186448,-86.546816
3,4,1400.0,2-Car,No injury/unknown,FAILURE TO YIELD RIGHT OF WAY,39.1864077,-86.46800588
2,4,1500.0,2-Car,Non-incapacitating,DISREGARD SIGNAL/REG SIGN,39.186368,-86.5344
3,3,900.0,2-Car,No injury/unknown,FOLLOWING TOO CLOSELY,39.186368,-86.5344
5,3,1500.0,2-Car,Non-incapacitating,FOLLOWING TOO CLOSELY,39.186368,-86.5344
7,7,1200.0,2-Car,No injury/unknown,IMPROPER LANE USAGE,39.186368,-86.5344
7,2,800.0,2-Car,Incapacitating,DISREGARD SIGNAL/REG SIGN,39.186368,-86.5344
8,5,1000.0,2-Car,No injury/unknown,UNSAFE LANE MOVEMENT,39.186368,-86.5344
10,1,300.0,2-Car,No injury/unknown,DISREGARD SIGNAL/REG SIGN,39.186368,-86.5344
10,5,300.0,2-Car,No injury/unknown,OTHER (DRIVER) - EXPLAIN IN NARRATIVE,39.186368,-86.5344
1,1,1100.0,2-Car,No injury/unknown,UNSAFE BACKING,39.18636,-86.533048
2,7,1800.0,Moped/Motorcycle,Non-incapacitating,OTHER (DRIVER) - EXPLAIN IN NARRATIVE,39.18636,-86.533048
4,7,2000.0,1-Car,No injury/unknown,OTHER (DRIVER) - EXPLAIN IN NARRATIVE,39.18636,-86.533048
6,3,1200.0,2-Car,No injury/unknown,IMPROPER TURNING,39.18636,-86.533048
6,6,1400.0,2-Car,No injury/unknown,UNSAFE BACKING,39.18636,-86.533048
10,2,600.0,2-Car,No injury/unknown,DRIVER DISTRACTED - EXPLAIN IN NARRATIVE,39.186352,-86.52955476
5,2,1300.0,2-Car,No injury/unknown,FOLLOWING TOO CLOSELY,39.186352,-86.52867246
7,1,1200.0,2-Car,No injury/unknown,IMPROPER LANE USAGE,39.186352,-86.534704
11,7,1400.0,2-Car,No injury/unknown,FAILURE TO YIELD RIGHT OF WAY,39.186352,-86.534704
11,1,200.0,2-Car,No injury/unknown,WRONG WAY ON ONE WAY,39.186352,-86.534704
4,2,1700.0,3+ Cars,Non-incapacitating,FAILURE TO YIELD RIGHT OF WAY,39.186352,-86.530744
2,5,2100.0,2-Car,No injury/unknown,UNSAFE LANE MOVEMENT,39.186352,-86.528496
4,6,800.0,2-Car,No injury/unknown,OTHER (DRIVER) - EXPLAIN IN NARRATIVE,39.186352,-86.528496
5,6,1700.0,2-Car,No injury/unknown,FOLLOWING TOO CLOSELY,39.186352,-86.528496
3,6,1400.0,2-Car,No injury/unknown,FOLLOWING TOO CLOSELY,39.18633007,-86.53453968
8,6,300.0,2-Car,No injury/unknown,UNSAFE LANE MOVEMENT,39.18633007,-86.53453968
9,6,1200.0,2-Car,No injury/unknown,FAILURE TO YIELD RIGHT OF WAY,39.18633007,-86.53453968
3,5,1400.0,2-Car,No injury/unknown,FAILURE TO YIELD RIGHT OF WAY,39.18632001,-86.52842022
8,5,700.0,1-Car,No injury/unknown,UNSAFE SPEED,39.18632001,-86.52842022
10,5,1200.0,2-Car,No injury/unknown,DISREGARD SIGNAL/REG SIGN,39.18632001,-86.52842022
12,4,1800.0,2-Car,No injury/unknown,FOLLOWING TOO CLOSELY,39.18630926,-86.52981508
12,4,1700.0,2-Car,No injury/unknown,FAILURE TO YIELD RIGHT OF WAY,39.18630353,-86.52839687
10,6,2300.0,2-Car,No injury/unknown,FAILURE TO YIELD RIGHT OF WAY,39.18629445,-86.53455208
11,7,1600.0,1-Car,No injury/unknown,RAN OFF ROAD RIGHT,39.18621744,-86.53441585
7,5,0.0,1-Car,No injury/unknown,RAN OFF ROAD RIGHT,39.18611012,-86.5962931
2,4,700.0,1-Car,Non-incapacitating,OVERCORRECTING/OVERSTEERING,39.186032,-86.51984
4,6,2000.0,2-Car,Non-incapacitating,FAILURE TO YIELD RIGHT OF WAY,39.186032,-86.51984
5,2,2000.0,2-Car,Non-incapacitating,FAILURE TO YIELD RIGHT OF WAY,39.186032,-86.51984
5,4,1300.0,2-Car,Non-incapacitating,UNSAFE LANE MOVEMENT,39.186032,-86.51984
5,5,2100.0,1-Car,No injury/unknown,ANIMAL/OBJECT IN ROADWAY,39.186032,-86.51984
10,3,1100.0,1-Car,No injury/unknown,DRIVER DISTRACTED - EXPLAIN IN NARRATIVE,39.18602027,-86.51986579
11,3,2200.0,2-Car,No injury/unknown,DISREGARD SIGNAL/REG SIGN,39.18602027,-86.51983983
11,1,1900.0,2-Car,No injury/unknown,FOLLOWING TOO CLOSELY,39.18602027,-86.51981388
9,2,1000.0,2-Car,No injury/unknown,IMPROPER LANE USAGE,39.18596667,-86.51931732
1,6,2000.0,2-Car,No injury/unknown,SPEED TOO FAST FOR WEATHER CONDITIONS,39.18584383,-86.51881369
1,6,2000.0,2-Car,No injury/unknown,ROADWAY SURFACE CONDITION,39.18584383,-86.51881369
1,1,700.0,Bus,No injury/unknown,IMPROPER TURNING,39.18584,-86.537872
10,5,2000.0,1-Car,Incapacitating,RAN OFF ROAD RIGHT,39.18552004,-86.46882658
11,3,1000.0,2-Car,No injury/unknown,UNSAFE BACKING,39.18539882,-86.52008995
4,1,1700.0,Cyclist,Incapacitating,FAILURE TO YIELD RIGHT OF WAY,39.185392,-86.537856
6,5,700.0,2-Car,No injury/unknown,FAILURE TO YIELD RIGHT OF WAY,39.185392,-86.537856
1,6,2000.0,2-Car,Non-incapacitating,SPEED TOO FAST FOR WEATHER CONDITIONS,39.18536761,-86.51754282
1,6,2000.0,2-Car,No injury/unknown,SPEED TOO FAST FOR WEATHER CONDITIONS,39.18536761,-86.51754282
1,6,2000.0,2-Car,No injury/unknown,SPEED TOO FAST FOR WEATHER CONDITIONS,39.18536761,-86.51754282
1,6,2000.0,2-Car,No injury/unknown,SPEED TOO FAST FOR WEATHER CONDITIONS,39.18536761,-86.51754282
8,3,1400.0,2-Car,No injury/unknown,FAILURE TO YIELD RIGHT OF WAY,39.18535856,-86.49495966
12,5,1800.0,2-Car,No injury/unknown,,39.18532944,-86.52840423
1,3,800.0,1-Car,No injury/unknown,OTHER (DRIVER) - EXPLAIN IN NARRATIVE,39.185232,-86.54060206
8,5,1400.0,3+ Cars,No injury/unknown,UNSAFE BACKING,39.18521118,-86.53115081
11,4,1100.0,1-Car,Non-incapacitating,RAN OFF ROAD RIGHT,39.1852,-86.541952
1,7,1400.0,1-Car,No injury/unknown,SPEED TOO FAST FOR WEATHER CONDITIONS,39.18510832,-86.53816133
7,5,1300.0,2-Car,No injury/unknown,UNSAFE BACKING,39.18503523,-86.54018439
7,3,2200.0,1-Car,Non-incapacitating,RAN OFF ROAD RIGHT,39.18482761,-86.46941308
6,7,1300.0,Bus,Non-incapacitating,ACCELERATOR FAILURE OR DEFECTIVE,39.18481679,-86.51157997
7,1,100.0,2-Car,No injury/unknown,UNSAFE BACKING,39.18436274,-86.52577821
10,1,300.0,1-Car,Fatal,RAN OFF ROAD RIGHT,39.1842692,-86.54734991
10,1,400.0,2-Car,No injury/unknown,UNSAFE BACKING,39.1841412,-86.5344552
10,3,900.0,1-Car,No injury/unknown,OVERCORRECTING/OVERSTEERING,39.18401337,-86.51473999
7,4,1700.0,2-Car,No injury/unknown,DRIVER DISTRACTED - EXPLAIN IN NARRATIVE,39.18391004,-86.59572355
6,7,1700.0,2-Car,No injury/unknown,FAILURE TO YIELD RIGHT OF WAY,39.18384,-86.5192
10,7,1100.0,2-Car,No injury/unknown,FOLLOWING TOO CLOSELY,39.18384,-86.5192
1,5,2200.0,Bus,No injury/unknown,SPEED TOO FAST FOR WEATHER CONDITIONS,39.1837699,-86.5168599
10,2,1800.0,2-Car,No injury/unknown,UNSAFE BACKING,39.1837699,-86.5168599
3,6,0.0,2-Car,No injury/unknown,DRIVER DISTRACTED - EXPLAIN IN NARRATIVE,39.18365456,-86.51469804
2,6,1600.0,1-Car,No injury/unknown,RAN OFF ROAD RIGHT,39.18363981,-86.53776973
4,6,900.0,2-Car,Non-incapacitating,UNSAFE BACKING,39.18350109,-86.53424
10,3,1100.0,2-Car,No injury/unknown,UNSAFE BACKING,39.18350109,-86.53424
10,6,1700.0,2-Car,No injury/unknown,FAILURE TO YIELD RIGHT OF WAY,39.18336019,-86.53415009
12,3,900.0,2-Car,No injury/unknown,IMPROPER TURNING,39.18336019,-86.53415009
12,7,1500.0,2-Car,Non-incapacitating,FOLLOWING TOO CLOSELY,39.18336019,-86.53415009
2,5,1500.0,2-Car,No injury/unknown,OTHER (DRIVER) - EXPLAIN IN NARRATIVE,39.18300299,-86.53407644
4,3,2100.0,2-Car,No injury/unknown,IMPROPER TURNING,39.18300299,-86.53407644
11,7,1200.0,2-Car,No injury/unknown,FAILURE TO YIELD RIGHT OF WAY,39.18300299,-86.53407644
10,1,200.0,2-Car,No injury/unknown,UNSAFE BACKING,39.182976,-86.528416
3,2,1400.0,1-Car,No injury/unknown,UNSAFE LANE MOVEMENT,39.18296255,-86.61122068
1,4,1800.0,2-Car,No injury/unknown,SPEED TOO FAST FOR WEATHER CONDITIONS,39.18293497,-86.52911978
2,6,600.0,1-Car,No injury/unknown,SPEED TOO FAST FOR WEATHER CONDITIONS,39.18291687,-86.50966018
2,6,100.0,1-Car,No injury/unknown,OTHER (DRIVER) - EXPLAIN IN NARRATIVE,39.18267556,-86.53795279
11,5,200.0,1-Car,No injury/unknown,UNSAFE BACKING,39.18265007,-86.53772646
11,6,200.0,2-Car,No injury/unknown,RAN OFF ROAD RIGHT,39.18254743,-86.53867028
5,3,600.0,1-Car,No injury/unknown,RAN OFF ROAD RIGHT,39.18249092,-86.4008963
2,4,2000.0,1-Car,No injury/unknown,DRIVER DISTRACTED - EXPLAIN IN NARRATIVE,39.18242962,-86.51914028
4,1,100.0,Moped/Motorcycle,Non-incapacitating,OVERCORRECTING/OVERSTEERING,39.18242678,-86.52840323
2,6,1800.0,2-Car,No injury/unknown,FOLLOWING TOO CLOSELY,39.18235031,-86.53386213
5,4,700.0,2-Car,Non-incapacitating,FAILURE TO YIELD RIGHT OF WAY,39.18199429,-86.58315001
1,1,2200.0,2-Car,No injury/unknown,OTHER (DRIVER) - EXPLAIN IN NARRATIVE,39.18198955,-86.53374367
4,1,200.0,2-Car,No injury/unknown,UNSAFE BACKING,39.18184,-86.532192
9,2,1600.0,Moped/Motorcycle,Non-incapacitating,FAILURE TO YIELD RIGHT OF WAY,39.18184,-86.532192
8,5,1400.0,2-Car,No injury/unknown,OTHER (DRIVER) - EXPLAIN IN NARRATIVE,39.18180987,-86.53089852
1,3,200.0,2-Car,No injury/unknown,UNSAFE BACKING,39.18175118,-86.53019233
8,7,1400.0,2-Car,No injury/unknown,UNSAFE BACKING,39.181744,-86.53014945
5,4,800.0,2-Car,No injury/unknown,UNSAFE SPEED,39.18173089,-86.56724104
11,4,1400.0,2-Car,No injury/unknown,OTHER (DRIVER) - EXPLAIN IN NARRATIVE,39.18162924,-86.53471004
2,7,200.0,1-Car,No injury/unknown,SPEED TOO FAST FOR WEATHER CONDITIONS,39.181552,-86.5336
11,5,1700.0,1-Car,No injury/unknown,OVERCORRECTING/OVERSTEERING,39.1815263,-86.55083008
6,5,800.0,3+ Cars,Non-incapacitating,FOLLOWING TOO CLOSELY,39.181505,-86.512793
6,5,2300.0,2-Car,No injury/unknown,FOLLOWING TOO CLOSELY,39.181505,-86.512793
4,6,1500.0,2-Car,No injury/unknown,UNSAFE BACKING,39.1814028,-86.49475391
6,2,1300.0,1-Car,Non-incapacitating,RAN OFF ROAD RIGHT,39.18135446,-86.4053481
9,6,2100.0,2-Car,No injury/unknown,UNSAFE BACKING,39.18121308,-86.51919208
10,6,1800.0,2-Car,No injury/unknown,UNSAFE BACKING,39.18121308,-86.51919208
4,6,1900.0,1-Car,No injury/unknown,RAN OFF ROAD RIGHT,39.18112457,-86.63855507
6,4,1700.0,2-Car,No injury/unknown,FAILURE TO YIELD RIGHT OF WAY,39.18112,-86.530816
9,3,2100.0,Cyclist,Non-incapacitating,FAILURE TO YIELD RIGHT OF WAY,39.18111987,-86.5309301
12,6,700.0,2-Car,No injury/unknown,LEFT OF CENTER,39.18109379,-86.62763983
2,3,1900.0,2-Car,No injury/unknown,IMPROPER TURNING,39.18104,-86.5284
3,7,1400.0,2-Car,Non-incapacitating,FAILURE TO YIELD RIGHT OF WAY,39.18104,-86.5284
6,1,1300.0,2-Car,No injury/unknown,,39.18104,-86.5284
8,2,800.0,2-Car,No injury/unknown,UNSAFE SPEED,39.18104,-86.5284
11,2,1600.0,2-Car,No injury/unknown,UNSAFE BACKING,39.18102018,-86.52801964
12,6,1200.0,1-Car,No injury/unknown,SPEED TOO FAST FOR WEATHER CONDITIONS,39.1810143,-86.52832197
8,6,1900.0,Cyclist,No injury/unknown,FAILURE TO YIELD RIGHT OF WAY,39.1810099,-86.52832031
9,4,900.0,2-Car,Non-incapacitating,FAILURE TO YIELD RIGHT OF WAY,39.1810099,-86.52832031
6,2,400.0,1-Car,No injury/unknown,OTHER (VEHICLE) - EXPLAIN IN NARRATIVE,39.1809714,-86.53356614
10,2,800.0,1-Car,No injury/unknown,OTHER (VEHICLE) - EXPLAIN IN NARRATIVE,39.180943,-86.54261
8,1,1300.0,2-Car,No injury/unknown,UNSAFE BACKING,39.18091562,-86.54906064
2,1,1600.0,1-Car,No injury/unknown,IMPROPER TURNING,39.18089577,-86.58317
12,6,1800.0,2-Car,No injury/unknown,FOLLOWING TOO CLOSELY,39.18077087,-86.51913452
4,5,1500.0,2-Car,No injury/unknown,UNSAFE BACKING,39.18074754,-86.5489463
7,5,1100.0,2-Car,No injury/unknown,FOLLOWING TOO CLOSELY,39.18072625,-86.50148011
5,2,1300.0,1-Car,No injury/unknown,ANIMAL/OBJECT IN ROADWAY,39.18067854,-86.50825461
12,2,200.0,2-Car,No injury/unknown,UNSAFE BACKING,39.18057069,-86.5109644
4,2,2200.0,Pedestrian,Non-incapacitating,FAILURE TO YIELD RIGHT OF WAY,39.1805298,-86.51896409
4,5,1000.0,2-Car,No injury/unknown,OTHER (DRIVER) - EXPLAIN IN NARRATIVE,39.1804111,-86.51904389
1,3,2100.0,2-Car,No injury/unknown,FAILURE TO YIELD RIGHT OF WAY,39.180352,-86.529792
1,5,1400.0,2-Car,No injury/unknown,FAILURE TO YIELD RIGHT OF WAY,39.180352,-86.5284
1,4,1500.0,2-Car,No injury/unknown,UNSAFE LANE MOVEMENT,39.180352,-86.5284
4,7,1300.0,2-Car,No injury/unknown,SPEED TOO FAST FOR WEATHER CONDITIONS,39.180352,-86.5284
11,6,1100.0,2-Car,No injury/unknown,FOLLOWING TOO CLOSELY,39.180352,-86.5284
8,7,1900.0,2-Car,Non-incapacitating,CELL PHONE USAGE,39.180325,-86.534688
6,1,2200.0,2-Car,No injury/unknown,OTHER (DRIVER) - EXPLAIN IN NARRATIVE,39.18032125,-86.54068194
5,4,1400.0,Pedestrian,Non-incapacitating,OTHER (VEHICLE) - EXPLAIN IN NARRATIVE,39.18022128,-86.511088
12,1,1400.0,2-Car,No injury/unknown,,39.18018691,-86.5258863
4,6,1500.0,2-Car,No injury/unknown,UNSAFE BACKING,39.180048,-86.544
6,3,800.0,3+ Cars,No injury/unknown,OTHER (VEHICLE) - EXPLAIN IN NARRATIVE,39.180048,-86.544
4,5,100.0,Pedestrian,Non-incapacitating,OTHER (DRIVER) - EXPLAIN IN NARRATIVE,39.18002956,-86.54413461
10,6,1800.0,2-Car,No injury/unknown,OTHER (DRIVER) - EXPLAIN IN NARRATIVE,39.17996988,-86.55404135
10,1,700.0,2-Car,No injury/unknown,UNSAFE BACKING,39.179936,-86.5284
9,5,600.0,Pedestrian,Non-incapacitating,OTHER (DRIVER) - EXPLAIN IN NARRATIVE,39.17988369,-86.54826237
10,5,1800.0,2-Car,No injury/unknown,FAILURE TO YIELD RIGHT OF WAY,39.17987971,-86.52733245
1,6,1900.0,3+ Cars,Incapacitating,SPEED TOO FAST FOR WEATHER CONDITIONS,39.17984,-86.507088
1,6,1800.0,2-Car,No injury/unknown,FAILURE TO YIELD RIGHT OF WAY,39.17984,-86.507088
3,3,1600.0,2-Car,Non-incapacitating,FOLLOWING TOO CLOSELY,39.17984,-86.507088
4,2,1400.0,2-Car,No injury/unknown,FOLLOWING TOO CLOSELY,39.17984,-86.507088
4,1,2000.0,2-Car,Non-incapacitating,FOLLOWING TOO CLOSELY,39.17984,-86.507088
6,5,1800.0,2-Car,No injury/unknown,FAILURE TO YIELD RIGHT OF WAY,39.17984,-86.507088
9,5,700.0,2-Car,No injury/unknown,FAILURE TO YIELD RIGHT OF WAY,39.17984,-86.507088
10,6,1600.0,2-Car,No injury/unknown,FOLLOWING TOO CLOSELY,39.17984,-86.507088
7,5,1600.0,2-Car,No injury/unknown,FAILURE TO YIELD RIGHT OF WAY,39.17973988,-86.50718986
2,2,1100.0,2-Car,No injury/unknown,FOLLOWING TOO CLOSELY,39.17972282,-86.54796921
11,7,1200.0,3+ Cars,Non-incapacitating,FOLLOWING TOO CLOSELY,39.17961427,-86.51902106
10,1,1900.0,1-Car,Non-incapacitating,ANIMAL/OBJECT IN ROADWAY,39.17951994,-86.59480886
5,6,1300.0,2-Car,No injury/unknown,UNSAFE SPEED,39.17933976,-86.51900944
12,3,2100.0,1-Car,No injury/unknown,UNSAFE BACKING,39.17928115,-86.495296
3,6,1200.0,2-Car,No injury/unknown,,39.1792808,-86.511088
1,6,400.0,1-Car,No injury/unknown,OTHER (DRIVER) - EXPLAIN IN NARRATIVE,39.17927183,-86.53769396
10,6,2100.0,1-Car,No injury/unknown,RAN OFF ROAD RIGHT,39.17924801,-86.55153334
5,6,1600.0,2-Car,Non-incapacitating,CELL PHONE USAGE,39.179248,-86.5832
5,5,1500.0,3+ Cars,No injury/unknown,DRIVER DISTRACTED - EXPLAIN IN NARRATIVE,39.179248,-86.5832
6,6,1700.0,2-Car,No injury/unknown,FOLLOWING TOO CLOSELY,39.179248,-86.5832
7,3,1700.0,2-Car,No injury/unknown,DISREGARD SIGNAL/REG SIGN,39.179248,-86.5832
9,6,2000.0,Moped/Motorcycle,No injury/unknown,FAILURE TO YIELD RIGHT OF WAY,39.179248,-86.5832
11,6,1700.0,2-Car,No injury/unknown,FAILURE TO YIELD RIGHT OF WAY,39.179248,-86.5832
12,3,700.0,2-Car,No injury/unknown,FAILURE TO YIELD RIGHT OF WAY,39.179248,-86.580384
11,5,2100.0,1-Car,No injury/unknown,LEFT OF CENTER,39.179248,-86.556592
6,2,2300.0,1-Car,No injury/unknown,RAN OFF ROAD RIGHT,39.179248,-86.552592
1,3,1700.0,2-Car,Non-incapacitating,SPEED TOO FAST FOR WEATHER CONDITIONS,39.179248,-86.547104
3,4,1500.0,Cyclist,Non-incapacitating,FAILURE TO YIELD RIGHT OF WAY,39.179248,-86.547104
6,2,1900.0,2-Car,Non-incapacitating,FAILURE TO YIELD RIGHT OF WAY,39.179248,-86.547104
5,2,1600.0,2-Car,No injury/unknown,FAILURE TO YIELD RIGHT OF WAY,39.179248,-86.547104
10,2,1500.0,1-Car,Non-incapacitating,SPEED TOO FAST FOR WEATHER CONDITIONS,39.179248,-86.547104
12,6,1000.0,1-Car,No injury/unknown,RAN OFF ROAD RIGHT,39.179248,-86.547104