Month,Day,Hour,Collision Type,Injury Type,Primary Factor,Latitude,Longitude
12,6,1100.0,2-Car,No injury/unknown,UNSAFE BACKING,39.1791687,-86.52874755
3,2,1700.0,2-Car,No injury/unknown,DRIVER DISTRACTED - EXPLAIN IN NARRATIVE,39.17915046,-86.52837328
9,5,2000.0,2-Car,No injury/unknown,FOLLOWING TOO CLOSELY,39.1791163,-86.54436853
12,4,1200.0,2-Car,No injury/unknown,FAILURE TO YIELD RIGHT OF WAY,39.179104,-86.544016
5,4,1700.0,Pedestrian,Non-incapacitating,UNSAFE BACKING,39.17909481,-86.58143542
4,3,1300.0,2-Car,No injury/unknown,UNSAFE BACKING,39.17906329,-86.5209221
10,6,1600.0,2-Car,No injury/unknown,UNSAFE BACKING,39.17906329,-86.5209221
4,3,2300.0,1-Car,No injury/unknown,UNSAFE SPEED,39.17904,-86.532096
11,7,1000.0,2-Car,Non-incapacitating,FAILURE TO YIELD RIGHT OF WAY,39.17904,-86.532096
12,2,1400.0,2-Car,No injury/unknown,OTHER (DRIVER) - EXPLAIN IN NARRATIVE,39.17904,-86.532096
7,4,1700.0,3+ Cars,Non-incapacitating,FAILURE TO YIELD RIGHT OF WAY,39.17904,-86.530848
8,6,2300.0,3+ Cars,No injury/unknown,LEFT OF CENTER,39.17904,-86.530848
11,5,1800.0,2-Car,No injury/unknown,FAILURE TO YIELD RIGHT OF WAY,39.17904,-86.530848
12,7,600.0,2-Car,No injury/unknown,FOLLOWING TOO CLOSELY,39.17904,-86.530848
1,6,200.0,1-Car,No injury/unknown,ROADWAY SURFACE CONDITION,39.17904,-86.5284
1,2,1600.0,1-Car,No injury/unknown,ROADWAY SURFACE CONDITION,39.17904,-86.5284
1,2,1600.0,2-Car,No injury/unknown,ROADWAY SURFACE CONDITION,39.17904,-86.5284
1,4,1200.0,2-Car,No injury/unknown,FOLLOWING TOO CLOSELY,39.17904,-86.5284
3,4,1900.0,2-Car,Non-incapacitating,FAILURE TO YIELD RIGHT OF WAY,39.17904,-86.5284
9,6,1300.0,1-Car,No injury/unknown,BRAKE FAILURE OR DEFECTIVE,39.17904,-86.5284
10,7,2300.0,2-Car,No injury/unknown,IMPROPER TURNING,39.17904,-86.5284
7,2,1700.0,2-Car,No injury/unknown,FOLLOWING TOO CLOSELY,39.17903982,-86.53775028
10,7,1700.0,2-Car,Non-incapacitating,DRIVER DISTRACTED - EXPLAIN IN NARRATIVE,39.17903982,-86.53775028
3,7,2200.0,2-Car,No injury/unknown,FAILURE TO YIELD RIGHT OF WAY,39.17903982,-86.52360029
11,7,1600.0,Pedestrian,Non-incapacitating,PEDESTRIAN ACTION,39.17903982,-86.52360029
10,3,1900.0,2-Car,No injury/unknown,FOLLOWING TOO CLOSELY,39.17903046,-86.52109943
2,7,1000.0,2-Car,No injury/unknown,FOLLOWING TOO CLOSELY,39.179024,-86.539616
4,4,1600.0,2-Car,Non-incapacitating,DRIVER DISTRACTED - EXPLAIN IN NARRATIVE,39.179024,-86.539616
2,3,1900.0,3+ Cars,Non-incapacitating,FOLLOWING TOO CLOSELY,39.179024,-86.5272
2,6,2300.0,2-Car,No injury/unknown,FAILURE TO YIELD RIGHT OF WAY,39.179024,-86.5272
2,7,1500.0,2-Car,No injury/unknown,FOLLOWING TOO CLOSELY,39.179024,-86.5272
3,4,1600.0,2-Car,No injury/unknown,DRIVER DISTRACTED - EXPLAIN IN NARRATIVE,39.179024,-86.5272
7,1,600.0,1-Car,No injury/unknown,RAN OFF ROAD RIGHT,39.179024,-86.5272
10,5,2000.0,2-Car,No injury/unknown,FAILURE TO YIELD RIGHT OF WAY,39.1790197,-86.53471
8,5,1200.0,2-Car,Non-incapacitating,FAILURE TO YIELD RIGHT OF WAY,39.1790197,-86.5210998
11,7,1200.0,2-Car,No injury/unknown,OTHER (DRIVER) - EXPLAIN IN NARRATIVE,39.17901032,-86.5283297
9,1,2300.0,2-Car,No injury/unknown,UNSAFE BACKING,39.179008,-86.525888
10,7,1500.0,2-Car,No injury/unknown,UNSAFE BACKING,39.179008,-86.525888
10,3,1200.0,1-Car,No injury/unknown,UNSAFE BACKING,39.179008,-86.525888
8,5,1000.0,2-Car,No injury/unknown,FAILURE TO YIELD RIGHT OF WAY,39.17899556,-86.52403331
1,3,1200.0,2-Car,Non-incapacitating,FOLLOWING TOO CLOSELY,39.178992,-86.537792
1,6,1200.0,Pedestrian,Incapacitating,OTHER (DRIVER) - EXPLAIN IN NARRATIVE,39.178992,-86.537792
2,4,1400.0,2-Car,No injury/unknown,FOLLOWING TOO CLOSELY,39.178992,-86.537792
6,6,1000.0,2-Car,No injury/unknown,FAILURE TO YIELD RIGHT OF WAY,39.178992,-86.537792
7,7,1200.0,2-Car,No injury/unknown,VIEW OBSTRUCTED,39.178992,-86.537792
11,6,2300.0,2-Car,No injury/unknown,FAILURE TO YIELD RIGHT OF WAY,39.178992,-86.537792
12,6,1900.0,2-Car,No injury/unknown,SPEED TOO FAST FOR WEATHER CONDITIONS,39.178992,-86.537792
6,3,1700.0,2-Car,Non-incapacitating,FAILURE TO YIELD RIGHT OF WAY,39.178992,-86.523504
10,7,1900.0,2-Car,Non-incapacitating,FOLLOWING TOO CLOSELY,39.178976,-86.536032
1,3,1700.0,2-Car,No injury/unknown,FOLLOWING TOO CLOSELY,39.17897008,-86.53349027
10,7,1900.0,2-Car,No injury/unknown,FAILURE TO YIELD RIGHT OF WAY,39.17897008,-86.53097033
12,4,1500.0,2-Car,No injury/unknown,LEFT OF CENTER,39.17897008,-86.53097033
3,5,1200.0,2-Car,No injury/unknown,FAILURE TO YIELD RIGHT OF WAY,39.17896,-86.53472
3,3,1600.0,2-Car,No injury/unknown,FAILURE TO YIELD RIGHT OF WAY,39.17896,-86.53472
4,7,1900.0,2-Car,No injury/unknown,FAILURE TO YIELD RIGHT OF WAY,39.17896,-86.53472
12,1,700.0,2-Car,No injury/unknown,IMPROPER TURNING,39.17896,-86.53472
9,4,1100.0,2-Car,No injury/unknown,UNSAFE LANE MOVEMENT,39.17896,-86.521088
9,4,1700.0,2-Car,No injury/unknown,UNSAFE BACKING,39.17896,-86.521088
9,7,1700.0,2-Car,No injury/unknown,FOLLOWING TOO CLOSELY,39.17896,-86.521088
10,2,1400.0,2-Car,Non-incapacitating,IMPROPER TURNING,39.17896,-86.521088
11,3,1800.0,2-Car,No injury/unknown,FAILURE TO YIELD RIGHT OF WAY,39.17896,-86.521088
8,6,2200.0,2-Car,No injury/unknown,OTHER (VEHICLE) - EXPLAIN IN NARRATIVE,39.17894926,-86.52038464
3,3,1100.0,2-Car,No injury/unknown,OTHER (DRIVER) - EXPLAIN IN NARRATIVE,39.17894733,-86.5295756
1,3,1900.0,2-Car,No injury/unknown,FOLLOWING TOO CLOSELY,39.178944,-86.533392
4,4,1600.0,2-Car,No injury/unknown,OTHER (DRIVER) - EXPLAIN IN NARRATIVE,39.178944,-86.533392
4,2,700.0,2-Car,No injury/unknown,FAILURE TO YIELD RIGHT OF WAY,39.178944,-86.533392
6,4,1700.0,Moped/Motorcycle,Incapacitating,FAILURE TO YIELD RIGHT OF WAY,39.178944,-86.533392
11,4,1300.0,2-Car,No injury/unknown,IMPROPER TURNING,39.178944,-86.533392
1,3,200.0,2-Car,No injury/unknown,DISREGARD SIGNAL/REG SIGN,39.178928,-86.518992
2,3,1700.0,2-Car,No injury/unknown,UNSAFE BACKING,39.178928,-86.518992
5,1,1500.0,2-Car,No injury/unknown,UNSAFE BACKING,39.178928,-86.518992
9,6,1200.0,2-Car,Non-incapacitating,FOLLOWING TOO CLOSELY,39.178928,-86.518992
1,2,1700.0,2-Car,No injury/unknown,SPEED TOO FAST FOR WEATHER CONDITIONS,39.1788756,-86.51086138
4,1,1800.0,2-Car,No injury/unknown,FAILURE TO YIELD RIGHT OF WAY,39.17887129,-86.51438724
3,5,1300.0,2-Car,No injury/unknown,SPEED TOO FAST FOR WEATHER CONDITIONS,39.178848,-86.51135266
1,1,1300.0,2-Car,Non-incapacitating,FOLLOWING TOO CLOSELY,39.178848,-86.511088
1,1,1700.0,2-Car,No injury/unknown,FAILURE TO YIELD RIGHT OF WAY,39.178848,-86.511088
5,3,2300.0,Pedestrian,Non-incapacitating,PEDESTRIAN ACTION,39.178848,-86.511088
4,1,1200.0,2-Car,No injury/unknown,DRIVER DISTRACTED - EXPLAIN IN NARRATIVE,39.178848,-86.511088
10,7,1300.0,2-Car,No injury/unknown,FAILURE TO YIELD RIGHT OF WAY,39.178848,-86.511088
3,4,1600.0,1-Car,No injury/unknown,DRIVER DISTRACTED - EXPLAIN IN NARRATIVE,39.178848,-86.495296
4,5,1400.0,2-Car,No injury/unknown,FAILURE TO YIELD RIGHT OF WAY,39.17878971,-86.56250976
3,4,1600.0,2-Car,No injury/unknown,FOLLOWING TOO CLOSELY,39.17866376,-86.50618143
10,3,900.0,Bus,Non-incapacitating,FOLLOWING TOO CLOSELY,39.17856817,-86.53479985
9,6,1600.0,2-Car,No injury/unknown,FAILURE TO YIELD RIGHT OF WAY,39.178464,-86.537776
7,2,0.0,2-Car,No injury/unknown,UNSAFE BACKING,39.178222,-86.535953
4,2,1200.0,2-Car,No injury/unknown,FAILURE TO YIELD RIGHT OF WAY,39.17821603,-86.542096
10,1,1500.0,2-Car,No injury/unknown,IMPROPER TURNING,39.17820707,-86.52109785
10,3,0.0,2-Car,No injury/unknown,IMPROPER LANE USAGE,39.17813726,-86.51241146
12,2,2100.0,2-Car,No injury/unknown,UNSAFE BACKING,39.17813726,-86.51241146
10,5,1800.0,2-Car,No injury/unknown,IMPROPER TURNING,39.17807388,-86.52803802
6,5,900.0,1-Car,No injury/unknown,RAN OFF ROAD RIGHT,39.17799577,-86.52829416
9,3,300.0,1-Car,No injury/unknown,RAN OFF ROAD RIGHT,39.17796398,-86.547104
9,4,1000.0,2-Car,No injury/unknown,OTHER (DRIVER) - EXPLAIN IN NARRATIVE,39.177952,-86.523504
9,2,900.0,2-Car,No injury/unknown,FAILURE TO YIELD RIGHT OF WAY,39.177952,-86.523504
8,5,1200.0,2-Car,No injury/unknown,UNSAFE BACKING,39.17793341,-86.53345875
4,1,200.0,1-Car,No injury/unknown,RAN OFF ROAD RIGHT,39.17790877,-86.53776366
4,7,1800.0,2-Car,No injury/unknown,FOLLOWING TOO CLOSELY,39.17784,-86.533408
8,7,1600.0,2-Car,No injury/unknown,DISREGARD SIGNAL/REG SIGN,39.17784,-86.533408
7,5,100.0,2-Car,No injury/unknown,OTHER (DRIVER) - EXPLAIN IN NARRATIVE,39.17778307,-86.53015834
7,7,200.0,2-Car,No injury/unknown,OTHER (DRIVER) - EXPLAIN IN NARRATIVE,39.17775282,-86.5286727
3,6,1200.0,2-Car,Non-incapacitating,FOLLOWING TOO CLOSELY,39.17770395,-86.53472966
1,6,1300.0,2-Car,No injury/unknown,IMPROPER TURNING,39.17758675,-86.53473056
9,3,900.0,2-Car,No injury/unknown,OTHER (VEHICLE) - EXPLAIN IN NARRATIVE,39.17758179,-86.51197814
11,6,1600.0,2-Car,Non-incapacitating,FOLLOWING TOO CLOSELY,39.1775537,-86.5612041
5,4,1900.0,2-Car,No injury/unknown,DRIVER DISTRACTED - EXPLAIN IN NARRATIVE,39.177552,-86.547104
8,6,1800.0,2-Car,No injury/unknown,UNSAFE BACKING,39.177552,-86.547104
4,1,400.0,1-Car,No injury/unknown,RAN OFF ROAD RIGHT,39.17750426,-86.55644796
3,2,900.0,2-Car,No injury/unknown,OTHER (DRIVER) - EXPLAIN IN NARRATIVE,39.17729391,-86.5189799
12,3,2300.0,2-Car,No injury/unknown,OTHER (DRIVER) - EXPLAIN IN NARRATIVE,39.1771502,-86.5125336
2,6,800.0,3+ Cars,No injury/unknown,DRIVER DISTRACTED - EXPLAIN IN NARRATIVE,39.17714982,-86.56168247
1,6,2000.0,1-Car,No injury/unknown,ANIMAL/OBJECT IN ROADWAY,39.17714235,-86.47775636
1,6,1000.0,3+ Cars,Non-incapacitating,FAILURE TO YIELD RIGHT OF WAY,39.17711807,-86.47779229
1,7,1800.0,Bus,No injury/unknown,LEFT OF CENTER,39.17702805,-86.47792553
4,5,1900.0,2-Car,No injury/unknown,FAILURE TO YIELD RIGHT OF WAY,39.176944,-86.528272
5,4,2200.0,2-Car,No injury/unknown,UNSAFE BACKING,39.176944,-86.528272
5,1,1100.0,2-Car,No injury/unknown,FOLLOWING TOO CLOSELY,39.17693803,-86.47805876
6,5,1400.0,2-Car,No injury/unknown,FOLLOWING TOO CLOSELY,39.17693803,-86.47805876
6,6,1900.0,2-Car,Non-incapacitating,FAILURE TO YIELD RIGHT OF WAY,39.176912,-86.536064
6,6,2100.0,3+ Cars,No injury/unknown,DRIVER DISTRACTED - EXPLAIN IN NARRATIVE,39.176912,-86.536064
3,5,0.0,2-Car,No injury/unknown,UNSAFE SPEED,39.176896,-86.53088
8,2,2300.0,2-Car,No injury/unknown,RAN OFF ROAD RIGHT,39.17686187,-86.54898203
12,3,1500.0,3+ Cars,No injury/unknown,FOLLOWING TOO CLOSELY,39.17685986,-86.53353989
3,5,900.0,2-Car,No injury/unknown,OTHER (DRIVER) - EXPLAIN IN NARRATIVE,39.176848,-86.552592
9,5,900.0,1-Car,Non-incapacitating,RAN OFF ROAD RIGHT,39.176848,-86.551792
4,6,1500.0,2-Car,No injury/unknown,FAILURE TO YIELD RIGHT OF WAY,39.176848,-86.533424
1,7,1800.0,2-Car,No injury/unknown,DRIVER DISTRACTED - EXPLAIN IN NARRATIVE,39.176848,-86.478192
2,1,1400.0,2-Car,Non-incapacitating,FOLLOWING TOO CLOSELY,39.176848,-86.478192
2,4,800.0,2-Car,No injury/unknown,OTHER (DRIVER) - EXPLAIN IN NARRATIVE,39.176848,-86.478192
4,2,1700.0,2-Car,Non-incapacitating,SPEED TOO FAST FOR WEATHER CONDITIONS,39.176848,-86.478192
3,2,900.0,2-Car,Non-incapacitating,FAILURE TO YIELD RIGHT OF WAY,39.176848,-86.478192
6,7,1600.0,2-Car,No injury/unknown,OVERCORRECTING/OVERSTEERING,39.176848,-86.478192
8,2,800.0,2-Car,No injury/unknown,IMPROPER LANE USAGE,39.176848,-86.478192
9,6,700.0,2-Car,No injury/unknown,IMPROPER PASSING,39.176848,-86.478192
10,7,1500.0,2-Car,Non-incapacitating,FOLLOWING TOO CLOSELY,39.176848,-86.478192
11,3,1000.0,2-Car,Non-incapacitating,OTHER (DRIVER) - EXPLAIN IN NARRATIVE,39.17672749,-86.57777018
5,4,1600.0,2-Car,No injury/unknown,LEFT OF CENTER,39.17672676,-86.47840596
9,6,1900.0,2-Car,No injury/unknown,UNSAFE LANE MOVEMENT,39.17668836,-86.53859987
3,5,1800.0,2-Car,No injury/unknown,UNSAFE SPEED,39.17668635,-86.47847728
5,7,2100.0,2-Car,No injury/unknown,UNSAFE LANE MOVEMENT,39.17668635,-86.47847728
12,5,2200.0,1-Car,Non-incapacitating,SPEED TOO FAST FOR WEATHER CONDITIONS,39.17666003,-86.54892973
2,2,500.0,1-Car,No injury/unknown,RAN OFF ROAD RIGHT,39.17664,-86.540992
7,7,2100.0,1-Car,No injury/unknown,IMPROPER TURNING,39.17664,-86.538496
2,2,200.0,1-Car,Non-incapacitating,RAN OFF ROAD RIGHT,39.17664,-86.537712
10,4,1700.0,3+ Cars,No injury/unknown,FOLLOWING TOO CLOSELY,39.17662383,-86.56252708
10,1,1800.0,2-Car,No injury/unknown,UNSAFE BACKING,39.17658828,-86.51891313
12,4,1300.0,1-Car,No injury/unknown,UNSAFE BACKING,39.17658828,-86.51891313
1,4,1300.0,2-Car,Non-incapacitating,FOLLOWING TOO CLOSELY,39.176544,-86.5624
3,2,1500.0,2-Car,No injury/unknown,FOLLOWING TOO CLOSELY,39.176544,-86.5624
5,7,1800.0,2-Car,Incapacitating,DISREGARD SIGNAL/REG SIGN,39.176544,-86.5624
3,2,800.0,2-Car,No injury/unknown,FAILURE TO YIELD RIGHT OF WAY,39.176544,-86.5624
6,2,1000.0,2-Car,No injury/unknown,FOLLOWING TOO CLOSELY,39.176544,-86.5624
8,7,1600.0,2-Car,No injury/unknown,DISREGARD SIGNAL/REG SIGN,39.176544,-86.5624
10,4,1300.0,3+ Cars,No injury/unknown,FOLLOWING TOO CLOSELY,39.176544,-86.5624
12,7,1600.0,3+ Cars,Non-incapacitating,FOLLOWING TOO CLOSELY,39.176544,-86.5624
12,2,1200.0,2-Car,No injury/unknown,OTHER (DRIVER) - EXPLAIN IN NARRATIVE,39.17652994,-86.50994564
10,2,1600.0,1-Car,No injury/unknown,OBSTRUCTION NOT MARKED,39.17647126,-86.52702007
1,1,1600.0,2-Car,Non-incapacitating,FOLLOWING TOO CLOSELY,39.17646021,-86.56233005
6,4,1700.0,2-Car,No injury/unknown,FOLLOWING TOO CLOSELY,39.17646021,-86.56233005
8,5,1000.0,2-Car,No injury/unknown,OTHER (VEHICLE) - EXPLAIN IN NARRATIVE,39.17646021,-86.56233005
8,6,1500.0,2-Car,Non-incapacitating,DRIVER DISTRACTED - EXPLAIN IN NARRATIVE,39.17646021,-86.56233005
4,4,1400.0,2-Car,No injury/unknown,UNSAFE BACKING,39.17645015,-86.51888611
1,1,1000.0,2-Car,Non-incapacitating,FAILURE TO YIELD RIGHT OF WAY,39.17645015,-86.51886016
1,4,1800.0,2-Car,No injury/unknown,FAILURE TO YIELD RIGHT OF WAY,39.17645015,-86.51886016
10,6,1600.0,2-Car,No injury/unknown,IMPROPER TURNING,39.17643103,-86.56174573
4,7,1100.0,2-Car,No injury/unknown,FOLLOWING TOO CLOSELY,39.17635934,-86.56266121
4,4,2000.0,2-Car,No injury/unknown,FAILURE TO YIELD RIGHT OF WAY,39.176192,-86.52712
10,7,2200.0,2-Car,Non-incapacitating,FAILURE TO YIELD RIGHT OF WAY,39.176192,-86.52712
10,7,300.0,2-Car,No injury/unknown,UNSAFE LANE MOVEMENT,39.176192,-86.52712
12,6,600.0,2-Car,No injury/unknown,UNSAFE LANE MOVEMENT,39.176192,-86.52712
6,7,100.0,2-Car,No injury/unknown,OTHER (DRIVER) - EXPLAIN IN NARRATIVE,39.17617022,-86.52787137
7,4,900.0,2-Car,No injury/unknown,,39.17616,-86.528224
11,4,1700.0,2-Car,No injury/unknown,FAILURE TO YIELD RIGHT OF WAY,39.17611018,-86.52701005
1,2,1600.0,2-Car,No injury/unknown,OTHER (DRIVER) - EXPLAIN IN NARRATIVE,39.17608604,-86.53349898
6,4,1500.0,2-Car,No injury/unknown,VIEW OBSTRUCTED,39.176,-86.530896
12,4,1800.0,2-Car,Non-incapacitating,UNSAFE SPEED,39.17599001,-86.56318363
1,6,700.0,Bus,No injury/unknown,FAILURE TO YIELD RIGHT OF WAY,39.175984,-86.534736
1,5,2200.0,2-Car,No injury/unknown,FAILURE TO YIELD RIGHT OF WAY,39.175984,-86.534736
7,2,2000.0,2-Car,No injury/unknown,BRAKE FAILURE OR DEFECTIVE,39.175984,-86.534736
12,5,1500.0,2-Car,No injury/unknown,UNSAFE BACKING,39.175984,-86.534736
11,5,1100.0,2-Car,No injury/unknown,FAILURE TO YIELD RIGHT OF WAY,39.175984,-86.534736
12,1,1500.0,2-Car,No injury/unknown,FAILURE TO YIELD RIGHT OF WAY,39.175984,-86.534736
9,7,2200.0,2-Car,No injury/unknown,FAILURE TO YIELD RIGHT OF WAY,39.17597478,-86.51640996
1,4,2000.0,2-Car,No injury/unknown,UNSAFE LANE MOVEMENT,39.175952,-86.53344
2,3,2300.0,Cyclist,Non-incapacitating,FAILURE TO YIELD RIGHT OF WAY,39.175952,-86.53344
4,1,1100.0,2-Car,No injury/unknown,FAILURE TO YIELD RIGHT OF WAY,39.175952,-86.53344
5,3,1900.0,Cyclist,Non-incapacitating,FAILURE TO YIELD RIGHT OF WAY,39.175952,-86.53344
4,7,100.0,2-Car,No injury/unknown,UNSAFE LANE MOVEMENT,39.175952,-86.53344
4,7,300.0,2-Car,No injury/unknown,FAILURE TO YIELD RIGHT OF WAY,39.175952,-86.53344
4,5,1800.0,2-Car,No injury/unknown,FAILURE TO YIELD RIGHT OF WAY,39.175952,-86.53344
7,3,1200.0,2-Car,No injury/unknown,FAILURE TO YIELD RIGHT OF WAY,39.175952,-86.53344
9,4,1200.0,2-Car,No injury/unknown,IMPROPER TURNING,39.175952,-86.53344
9,6,1300.0,2-Car,No injury/unknown,IMPROPER TURNING,39.175952,-86.53344
7,5,1000.0,Bus,No injury/unknown,IMPROPER TURNING,39.17594992,-86.53476968
8,3,1400.0,2-Car,Non-incapacitating,FAILURE TO YIELD RIGHT OF WAY,39.17594992,-86.53356
11,2,1300.0,2-Car,No injury/unknown,FAILURE TO YIELD RIGHT OF WAY,39.17594992,-86.53356
12,3,1700.0,2-Car,No injury/unknown,FOLLOWING TOO CLOSELY,39.17590336,-86.52827453
8,6,1900.0,2-Car,No injury/unknown,UNSAFE BACKING,39.17586006,-86.50989018
1,5,800.0,Pedestrian,Non-incapacitating,FAILURE TO YIELD RIGHT OF WAY,39.17583995,-86.5471702
3,7,0.0,3+ Cars,Non-incapacitating,OVERCORRECTING/OVERSTEERING,39.17583846,-86.51357311
12,6,1800.0,2-Car,Non-incapacitating,FOLLOWING TOO CLOSELY,39.17580534,-86.56344483
11,5,1800.0,1-Car,No injury/unknown,ANIMAL/OBJECT IN ROADWAY,39.17574371,-86.53452023
8,7,1400.0,2-Car,No injury/unknown,UNSAFE LANE MOVEMENT,39.17567738,-86.53344549
3,3,400.0,1-Car,No injury/unknown,SPEED TOO FAST FOR WEATHER CONDITIONS,39.175552,-86.528192
3,6,100.0,1-Car,No injury/unknown,RAN OFF ROAD RIGHT,39.175552,-86.528192
8,1,1300.0,1-Car,No injury/unknown,OTHER (DRIVER) - EXPLAIN IN NARRATIVE,39.175552,-86.528192
1,6,1500.0,2-Car,No injury/unknown,FAILURE TO YIELD RIGHT OF WAY,39.175504,-86.527104
3,6,1000.0,2-Car,No injury/unknown,FAILURE TO YIELD RIGHT OF WAY,39.175504,-86.527104
2,5,1300.0,2-Car,No injury/unknown,FAILURE TO YIELD RIGHT OF WAY,39.175504,-86.527104
3,6,1800.0,2-Car,No injury/unknown,OVERCORRECTING/OVERSTEERING,39.175504,-86.527104
3,6,1400.0,2-Car,No injury/unknown,FAILURE TO YIELD RIGHT OF WAY,39.175504,-86.527104
3,7,0.0,2-Car,No injury/unknown,FAILURE TO YIELD RIGHT OF WAY,39.175504,-86.527104
11,1,0.0,2-Car,No injury/unknown,DISREGARD SIGNAL/REG SIGN,39.175504,-86.527104
10,2,1300.0,2-Car,No injury/unknown,UNSAFE BACKING,39.17549998,-86.5360102
10,6,0.0,2-Car,No injury/unknown,UNSAFE BACKING,39.17542251,-86.51393703
5,6,1000.0,1-Car,Non-incapacitating,RAN OFF ROAD RIGHT,39.17538323,-86.56356264
3,1,1700.0,2-Car,No injury/unknown,UNSAFE LANE MOVEMENT,39.175344,-86.523488
5,3,1200.0,2-Car,No injury/unknown,OTHER (VEHICLE) - EXPLAIN IN NARRATIVE,39.175344,-86.523488
12,5,2300.0,1-Car,No injury/unknown,UNSAFE SPEED,39.17532027,-86.52828267
2,5,900.0,1-Car,Non-incapacitating,SPEED TOO FAST FOR WEATHER CONDITIONS,39.17532027,-86.52828007
6,5,1300.0,2-Car,No injury/unknown,VIEW OBSTRUCTED,39.17530552,-86.56534686
2,5,100.0,1-Car,No injury/unknown,RAN OFF ROAD RIGHT,39.17528784,-86.53474939
9,3,1400.0,2-Car,No injury/unknown,DISREGARD SIGNAL/REG SIGN,39.1752398,-86.52699999
10,7,1200.0,2-Car,No injury/unknown,OTHER (DRIVER) - EXPLAIN IN NARRATIVE,39.1752398,-86.52699999
10,3,1600.0,2-Car,No injury/unknown,FAILURE TO YIELD RIGHT OF WAY,39.1752398,-86.52699999
9,2,1000.0,2-Car,No injury/unknown,FAILURE TO YIELD RIGHT OF WAY,39.175232,-86.520976
10,5,1100.0,2-Car,No injury/unknown,FAILURE TO YIELD RIGHT OF WAY,39.175232,-86.520976
8,3,900.0,2-Car,No injury/unknown,OTHER (DRIVER) - EXPLAIN IN NARRATIVE,39.175152,-86.538512
1,6,2000.0,2-Car,No injury/unknown,OTHER (DRIVER) - EXPLAIN IN NARRATIVE,39.175152,-86.518992
4,3,1100.0,Moped/Motorcycle,Non-incapacitating,UNSAFE SPEED,39.175152,-86.518992
4,6,1200.0,2-Car,Non-incapacitating,UNSAFE SPEED,39.175152,-86.518992
9,1,1300.0,2-Car,No injury/unknown,FAILURE TO YIELD RIGHT OF WAY,39.175152,-86.518992
10,6,1800.0,2-Car,No injury/unknown,DISREGARD SIGNAL/REG SIGN,39.17512983,-86.52103006
10,4,1500.0,2-Car,No injury/unknown,DISREGARD SIGNAL/REG SIGN,39.17512983,-86.52103006
12,7,2000.0,2-Car,No injury/unknown,FAILURE TO YIELD RIGHT OF WAY,39.17510971,-86.51903986
7,2,2200.0,2-Car,No injury/unknown,IMPROPER TURNING,39.17504,-86.556496
7,4,1200.0,Moped/Motorcycle,Incapacitating,RAN OFF ROAD RIGHT,39.17489326,-86.48131836
10,3,1700.0,2-Car,No injury/unknown,FOLLOWING TOO CLOSELY,39.17488201,-86.56475085
1,4,2200.0,2-Car,Non-incapacitating,FAILURE TO YIELD RIGHT OF WAY,39.17476808,-86.51466999
1,7,800.0,1-Car,Non-incapacitating,SPEED TOO FAST FOR WEATHER CONDITIONS,39.17469734,-86.56501204
6,4,1700.0,2-Car,No injury/unknown,DRIVER DISTRACTED - EXPLAIN IN NARRATIVE,39.17469734,-86.56501204
12,6,1800.0,Bus,No injury/unknown,FOLLOWING TOO CLOSELY,39.17469734,-86.56501204
8,6,200.0,1-Car,No injury/unknown,SPEED TOO FAST FOR WEATHER CONDITIONS,39.17457889,-86.53346746
11,6,1800.0,1-Car,No injury/unknown,OTHER (VEHICLE) - EXPLAIN IN NARRATIVE,39.174448,-86.529696
5,5,1800.0,2-Car,No injury/unknown,OTHER (DRIVER) - EXPLAIN IN NARRATIVE,39.17443951,-86.52932669
1,2,100.0,1-Car,No injury/unknown,RAN OFF ROAD RIGHT,39.174416,-86.530992
2,7,100.0,2-Car,No injury/unknown,UNSAFE BACKING,39.174416,-86.530992
3,7,0.0,2-Car,No injury/unknown,UNSAFE LANE MOVEMENT,39.174416,-86.530992
5,4,700.0,Cyclist,Non-incapacitating,FAILURE TO YIELD RIGHT OF WAY,39.174416,-86.528304
4,1,900.0,2-Car,No injury/unknown,,39.174416,-86.528304
5,7,200.0,Moped/Motorcycle,Non-incapacitating,RAN OFF ROAD RIGHT,39.17441364,-86.53835177
3,1,200.0,1-Car,Non-incapacitating,OTHER (DRIVER) - EXPLAIN IN NARRATIVE,39.17439204,-86.53169495
11,2,1600.0,2-Car,No injury/unknown,IMPROPER TURNING,39.17438793,-86.5173362
11,6,0.0,2-Car,No injury/unknown,UNSAFE LANE MOVEMENT,39.17438015,-86.53229571
3,1,1500.0,2-Car,No injury/unknown,UNSAFE SPEED,39.174368,-86.5324
1,4,1400.0,2-Car,No injury/unknown,FAILURE TO YIELD RIGHT OF WAY,39.174368,-86.527088
3,5,1500.0,2-Car,No injury/unknown,FOLLOWING TOO CLOSELY,39.174368,-86.527088
3,2,900.0,2-Car,No injury/unknown,FAILURE TO YIELD RIGHT OF WAY,39.174368,-86.527088
11,3,1700.0,2-Car,Non-incapacitating,FAILURE TO YIELD RIGHT OF WAY,39.17436283,-86.52699273
12,2,1300.0,2-Car,No injury/unknown,FAILURE TO YIELD RIGHT OF WAY,39.174352,-86.55101751