Month,Day,Hour,Collision Type,Injury Type,Primary Factor,Latitude,Longitude
5,1,600.0,1-Car,Non-incapacitating,UNSAFE SPEED,39.174352,-86.552592
8,5,1900.0,2-Car,No injury/unknown,IMPROPER TURNING,39.174352,-86.5504
6,2,1600.0,2-Car,Non-incapacitating,FAILURE TO YIELD RIGHT OF WAY,39.17434998,-86.52698993
8,4,1900.0,Cyclist,Non-incapacitating,FAILURE TO YIELD RIGHT OF WAY,39.17434998,-86.52698993
12,4,700.0,2-Car,No injury/unknown,FAILURE TO YIELD RIGHT OF WAY,39.17423385,-86.53134986
5,6,1300.0,Moped/Motorcycle,No injury/unknown,UNSAFE BACKING,39.17419418,-86.52469993
8,6,1300.0,2-Car,No injury/unknown,UNSAFE SPEED,39.17414769,-86.50355804
12,4,1200.0,2-Car,No injury/unknown,FAILURE TO YIELD RIGHT OF WAY,39.174048,-86.518896
9,3,1800.0,2-Car,No injury/unknown,FAILURE TO YIELD RIGHT OF WAY,39.17395972,-86.51891984
11,6,800.0,2-Car,No injury/unknown,FOLLOWING TOO CLOSELY,39.17395972,-86.51891984
10,4,1100.0,2-Car,No injury/unknown,UNSAFE BACKING,39.1739175,-86.51802993
11,2,1200.0,2-Car,No injury/unknown,UNSAFE BACKING,39.17360768,-86.52824386
1,6,1300.0,2-Car,No injury/unknown,OTHER (DRIVER) - EXPLAIN IN NARRATIVE,39.173552,-86.515488
1,3,1700.0,2-Car,No injury/unknown,FAILURE TO YIELD RIGHT OF WAY,39.173552,-86.515488
1,6,2000.0,2-Car,No injury/unknown,OVERCORRECTING/OVERSTEERING,39.173552,-86.515488
8,2,1300.0,2-Car,No injury/unknown,FAILURE TO YIELD RIGHT OF WAY,39.173552,-86.515488
11,1,1700.0,Bus,No injury/unknown,IMPROPER PASSING,39.173552,-86.515488
12,3,2200.0,2-Car,No injury/unknown,FAILURE TO YIELD RIGHT OF WAY,39.173552,-86.515488
10,3,300.0,1-Car,No injury/unknown,RAN OFF ROAD RIGHT,39.17351913,-86.53903198
11,2,900.0,2-Car,No injury/unknown,IMPROPER LANE USAGE,39.17348027,-86.53100989
9,6,1600.0,2-Car,No injury/unknown,DISREGARD SIGNAL/REG SIGN,39.17347021,-86.52973987
4,5,700.0,2-Car,No injury/unknown,UNSAFE BACKING,39.1734577,-86.50320498
8,7,1000.0,2-Car,No injury/unknown,OTHER (DRIVER) - EXPLAIN IN NARRATIVE,39.17344,-86.530992
8,1,1300.0,2-Car,No injury/unknown,OTHER (DRIVER) - EXPLAIN IN NARRATIVE,39.17344,-86.529696
10,7,1000.0,Pedestrian,Incapacitating,PEDESTRIAN ACTION,39.17344,-86.527056
2,6,1300.0,2-Car,No injury/unknown,FAILURE TO YIELD RIGHT OF WAY,39.17344,-86.523616
10,4,1600.0,2-Car,No injury/unknown,FAILURE TO YIELD RIGHT OF WAY,39.17344,-86.523616
2,5,900.0,2-Car,No injury/unknown,UNSAFE SPEED,39.17344,-86.522464
8,3,1600.0,2-Car,No injury/unknown,UNSAFE BACKING,39.17344,-86.52206074
11,6,1400.0,1-Car,No injury/unknown,FAILURE TO YIELD RIGHT OF WAY,39.17344,-86.520944
1,3,1000.0,2-Car,No injury/unknown,FAILURE TO YIELD RIGHT OF WAY,39.17342157,-86.5235201
11,5,900.0,2-Car,No injury/unknown,FAILURE TO YIELD RIGHT OF WAY,39.17341992,-86.52241006
2,7,0.0,3+ Cars,No injury/unknown,SPEED TOO FAST FOR WEATHER CONDITIONS,39.17340986,-86.51543967
8,2,1100.0,2-Car,No injury/unknown,FAILURE TO YIELD RIGHT OF WAY,39.173344,-86.555104
12,7,0.0,1-Car,No injury/unknown,SPEED TOO FAST FOR WEATHER CONDITIONS,39.173344,-86.555104
1,2,1500.0,2-Car,No injury/unknown,FOLLOWING TOO CLOSELY,39.173344,-86.549792
12,4,1700.0,2-Car,Non-incapacitating,BRAKE FAILURE OR DEFECTIVE,39.173344,-86.549792
5,7,2100.0,Pedestrian,Non-incapacitating,UNSAFE BACKING,39.173344,-86.54734825
6,2,1700.0,Pedestrian,No injury/unknown,OTHER (DRIVER) - EXPLAIN IN NARRATIVE,39.173344,-86.547104
9,3,1600.0,2-Car,No injury/unknown,FAILURE TO YIELD RIGHT OF WAY,39.173344,-86.547104
8,6,700.0,2-Car,No injury/unknown,FAILURE TO YIELD RIGHT OF WAY,39.173344,-86.547104
2,3,700.0,2-Car,Non-incapacitating,FAILURE TO YIELD RIGHT OF WAY,39.1733407,-86.51893258
10,5,900.0,2-Car,No injury/unknown,FOLLOWING TOO CLOSELY,39.17333111,-86.51640996
2,2,1900.0,Cyclist,Non-incapacitating,IMPROPER PASSING,39.17330743,-86.51891112
2,2,1600.0,Cyclist,Non-incapacitating,FAILURE TO YIELD RIGHT OF WAY,39.173287,-86.5189
12,6,1300.0,2-Car,Non-incapacitating,FAILURE TO YIELD RIGHT OF WAY,39.17327978,-86.53359018
4,7,900.0,1-Car,No injury/unknown,SPEED TOO FAST FOR WEATHER CONDITIONS,39.173248,-86.533488
8,6,0.0,2-Car,No injury/unknown,IMPROPER TURNING,39.173248,-86.533488
10,1,100.0,2-Car,No injury/unknown,IMPROPER TURNING,39.173248,-86.533488
10,7,1500.0,2-Car,Non-incapacitating,FAILURE TO YIELD RIGHT OF WAY,39.173248,-86.533488
8,4,200.0,1-Car,Non-incapacitating,RAN OFF ROAD RIGHT,39.17323818,-86.55512325
1,4,1200.0,2-Car,Non-incapacitating,FOLLOWING TOO CLOSELY,39.173232,-86.534752
3,4,2000.0,2-Car,No injury/unknown,FOLLOWING TOO CLOSELY,39.173232,-86.534752
4,5,1200.0,2-Car,Non-incapacitating,FOLLOWING TOO CLOSELY,39.173232,-86.534752
9,7,1500.0,2-Car,No injury/unknown,FAILURE TO YIELD RIGHT OF WAY,39.173232,-86.534752
10,5,1100.0,2-Car,No injury/unknown,FAILURE TO YIELD RIGHT OF WAY,39.173232,-86.534752
12,4,2100.0,2-Car,No injury/unknown,OTHER (DRIVER) - EXPLAIN IN NARRATIVE,39.173232,-86.534752
10,5,1600.0,2-Car,No injury/unknown,FAILURE TO YIELD RIGHT OF WAY,39.17322748,-86.53510481
5,6,1200.0,2-Car,No injury/unknown,FAILURE TO YIELD RIGHT OF WAY,39.17322053,-86.53564719
10,4,1200.0,2-Car,No injury/unknown,UNSAFE BACKING,39.17319967,-86.53691429
5,3,1500.0,2-Car,Incapacitating,FOLLOWING TOO CLOSELY,39.173184,-86.538528
5,2,1300.0,1-Car,Non-incapacitating,UNSAFE SPEED,39.173152,-86.5408
1,1,1400.0,2-Car,No injury/unknown,UNSAFE BACKING,39.17302832,-86.51339918
2,4,1700.0,3+ Cars,No injury/unknown,UNSAFE BACKING,39.17281455,-86.51879273
1,7,2100.0,1-Car,No injury/unknown,SPEED TOO FAST FOR WEATHER CONDITIONS,39.172752,-86.482288
5,2,500.0,1-Car,No injury/unknown,RAN OFF ROAD RIGHT,39.172752,-86.482288
6,1,1200.0,2-Car,Non-incapacitating,DISREGARD SIGNAL/REG SIGN,39.172752,-86.482288
8,7,1100.0,2-Car,No injury/unknown,FAILURE TO YIELD RIGHT OF WAY,39.172752,-86.482288
8,6,1100.0,2-Car,No injury/unknown,FAILURE TO YIELD RIGHT OF WAY,39.172752,-86.482288
10,3,1600.0,2-Car,Non-incapacitating,SPEED TOO FAST FOR WEATHER CONDITIONS,39.172752,-86.482288
8,6,1500.0,1-Car,No injury/unknown,OTHER (DRIVER) - EXPLAIN IN NARRATIVE,39.1726803,-86.48266113
9,7,1600.0,2-Car,No injury/unknown,UNSAFE BACKING,39.17264,-86.52446357
4,3,1800.0,2-Car,Incapacitating,FAILURE TO YIELD RIGHT OF WAY,39.17264,-86.52704
4,5,1700.0,2-Car,No injury/unknown,FAILURE TO YIELD RIGHT OF WAY,39.17264,-86.52704
3,4,1900.0,2-Car,Non-incapacitating,DISREGARD SIGNAL/REG SIGN,39.17264,-86.523584
12,4,1600.0,2-Car,No injury/unknown,IMPROPER PASSING,39.17259598,-86.57152557
10,6,1700.0,2-Car,No injury/unknown,FAILURE TO YIELD RIGHT OF WAY,39.17256027,-86.52696982
8,5,1800.0,2-Car,No injury/unknown,FAILURE TO YIELD RIGHT OF WAY,39.1725301,-86.52351982
10,3,1600.0,2-Car,No injury/unknown,FAILURE TO YIELD RIGHT OF WAY,39.1725301,-86.52351982
10,4,1700.0,Moped/Motorcycle,Non-incapacitating,FAILURE TO YIELD RIGHT OF WAY,39.1725301,-86.52351982
4,4,1000.0,2-Car,No injury/unknown,OTHER (DRIVER) - EXPLAIN IN NARRATIVE,39.17252004,-86.52240346
1,3,1600.0,2-Car,No injury/unknown,FOLLOWING TOO CLOSELY,39.17252004,-86.5224
11,6,1000.0,2-Car,No injury/unknown,DRIVER DISTRACTED - EXPLAIN IN NARRATIVE,39.17250318,-86.53475984
4,3,1000.0,2-Car,No injury/unknown,OVERCORRECTING/OVERSTEERING,39.17250261,-86.51898354
5,5,1500.0,2-Car,No injury/unknown,OTHER (DRIVER) - EXPLAIN IN NARRATIVE,39.17250261,-86.51898354
9,3,1600.0,2-Car,No injury/unknown,IMPROPER LANE USAGE,39.17250261,-86.51898354
2,6,200.0,1-Car,No injury/unknown,UNSAFE SPEED,39.17234033,-86.50966018
1,2,1600.0,2-Car,No injury/unknown,IMPROPER TURNING,39.17234033,-86.50963855
10,4,1300.0,2-Car,No injury/unknown,OTHER (DRIVER) - EXPLAIN IN NARRATIVE,39.17222927,-86.52703315
1,6,0.0,2-Car,No injury/unknown,UNSAFE BACKING,39.172144,-86.509392
10,2,0.0,2-Car,No injury/unknown,OTHER (DRIVER) - EXPLAIN IN NARRATIVE,39.172144,-86.509392
11,1,900.0,2-Car,No injury/unknown,OTHER (DRIVER) - EXPLAIN IN NARRATIVE,39.172144,-86.509392
9,1,1100.0,Pedestrian,Non-incapacitating,PEDESTRIAN ACTION,39.17212343,-86.547104
12,3,2100.0,2-Car,No injury/unknown,FAILURE TO YIELD RIGHT OF WAY,39.17209692,-86.4954552
1,2,1600.0,2-Car,No injury/unknown,ROADWAY SURFACE CONDITION,39.17201865,-86.53476505
12,4,1100.0,2-Car,No injury/unknown,UNSAFE BACKING,39.17200261,-86.53854563
3,3,1300.0,2-Car,No injury/unknown,OTHER (DRIVER) - EXPLAIN IN NARRATIVE,39.17197421,-86.49072378
1,2,1700.0,2-Car,No injury/unknown,FOLLOWING TOO CLOSELY,39.17197385,-86.53867028
7,5,1000.0,2-Car,Non-incapacitating,FOLLOWING TOO CLOSELY,39.17196569,-86.53866899
8,2,1600.0,2-Car,Non-incapacitating,FAILURE TO YIELD RIGHT OF WAY,39.17196013,-86.5829797
6,6,1500.0,2-Car,No injury/unknown,FAILURE TO YIELD RIGHT OF WAY,39.17191721,-86.57243661
1,4,1500.0,2-Car,No injury/unknown,FOLLOWING TOO CLOSELY,39.17189797,-86.5022422
7,5,1200.0,1-Car,No injury/unknown,OTHER (DRIVER) - EXPLAIN IN NARRATIVE,39.17186547,-86.53476669
7,2,1800.0,2-Car,No injury/unknown,UNSAFE LANE MOVEMENT,39.17183004,-86.57166011
11,6,0.0,2-Car,No injury/unknown,,39.17182654,-86.51259852
6,2,800.0,1-Car,No injury/unknown,IMPROPER TURNING,39.17177865,-86.49531066
9,5,1800.0,2-Car,No injury/unknown,OTHER (DRIVER) - EXPLAIN IN NARRATIVE,39.17174757,-86.5209335
7,4,300.0,1-Car,Non-incapacitating,UNSAFE SPEED,39.171744,-86.536
8,1,1500.0,2-Car,No injury/unknown,OTHER (DRIVER) - EXPLAIN IN NARRATIVE,39.171744,-86.53489371
1,2,1600.0,2-Car,No injury/unknown,SPEED TOO FAST FOR WEATHER CONDITIONS,39.171744,-86.534768
4,1,100.0,Cyclist,Non-incapacitating,FAILURE TO YIELD RIGHT OF WAY,39.171744,-86.534768
7,5,1700.0,2-Car,No injury/unknown,FAILURE TO YIELD RIGHT OF WAY,39.171744,-86.534768
7,4,1900.0,2-Car,Non-incapacitating,DISREGARD SIGNAL/REG SIGN,39.171744,-86.534768
8,5,600.0,2-Car,Non-incapacitating,FOLLOWING TOO CLOSELY,39.171744,-86.534768
8,6,0.0,2-Car,No injury/unknown,FAILURE TO YIELD RIGHT OF WAY,39.171744,-86.534768
10,5,2300.0,2-Car,No injury/unknown,FOLLOWING TOO CLOSELY,39.171744,-86.534768
10,6,1000.0,2-Car,No injury/unknown,UNSAFE LANE MOVEMENT,39.171744,-86.534768
11,6,300.0,Pedestrian,Non-incapacitating,FAILURE TO YIELD RIGHT OF WAY,39.171744,-86.534768
1,1,0.0,2-Car,No injury/unknown,IMPROPER TURNING,39.171744,-86.53352
4,1,100.0,2-Car,No injury/unknown,IMPROPER TURNING,39.171744,-86.53352
9,7,1300.0,2-Car,No injury/unknown,DISREGARD SIGNAL/REG SIGN,39.171744,-86.53352
10,2,2000.0,Pedestrian,Non-incapacitating,FAILURE TO YIELD RIGHT OF WAY,39.171744,-86.53352
9,3,1900.0,2-Car,No injury/unknown,OTHER (DRIVER) - EXPLAIN IN NARRATIVE,39.171728,-86.5324
10,2,1200.0,2-Car,No injury/unknown,FAILURE TO YIELD RIGHT OF WAY,39.171728,-86.5324
7,4,900.0,2-Car,No injury/unknown,FAILURE TO YIELD RIGHT OF WAY,39.17172611,-86.51559859
10,5,1800.0,2-Car,No injury/unknown,FOLLOWING TOO CLOSELY,39.171726,-86.5322236
3,3,1400.0,Moped/Motorcycle,Non-incapacitating,FAILURE TO YIELD RIGHT OF WAY,39.171712,-86.530992
3,4,1900.0,2-Car,No injury/unknown,DISREGARD SIGNAL/REG SIGN,39.171712,-86.530992
3,7,1400.0,2-Car,No injury/unknown,FAILURE TO YIELD RIGHT OF WAY,39.171712,-86.530992
4,6,1500.0,2-Car,Non-incapacitating,FAILURE TO YIELD RIGHT OF WAY,39.171712,-86.530992
4,4,1700.0,2-Car,No injury/unknown,FAILURE TO YIELD RIGHT OF WAY,39.171712,-86.530992
6,6,1700.0,2-Car,No injury/unknown,FAILURE TO YIELD RIGHT OF WAY,39.171712,-86.530992
11,4,400.0,2-Car,No injury/unknown,DISREGARD SIGNAL/REG SIGN,39.171712,-86.530992
8,2,700.0,1-Car,No injury/unknown,UNSAFE SPEED,39.17170543,-86.5696614
7,4,200.0,3+ Cars,Non-incapacitating,FAILURE TO YIELD RIGHT OF WAY,39.1717046,-86.58299109
1,4,800.0,2-Car,No injury/unknown,FAILURE TO YIELD RIGHT OF WAY,39.171696,-86.529696
3,7,1700.0,2-Car,No injury/unknown,FOLLOWING TOO CLOSELY,39.171696,-86.529696
9,6,900.0,2-Car,No injury/unknown,LEFT OF CENTER,39.171696,-86.529696
7,4,400.0,1-Car,No injury/unknown,RAN OFF ROAD RIGHT,39.17169459,-86.59827031
7,6,1400.0,2-Car,No injury/unknown,FAILURE TO YIELD RIGHT OF WAY,39.1716899,-86.53103001
11,5,900.0,2-Car,No injury/unknown,UNSAFE BACKING,39.1716813,-86.53446994
10,5,1200.0,3+ Cars,No injury/unknown,OTHER (DRIVER) - EXPLAIN IN NARRATIVE,39.17168,-86.52799136
1,1,200.0,2-Car,No injury/unknown,ROADWAY SURFACE CONDITION,39.17168,-86.528256
4,1,1500.0,3+ Cars,Non-incapacitating,DRIVER DISTRACTED - EXPLAIN IN NARRATIVE,39.17168,-86.528256
10,6,1700.0,2-Car,No injury/unknown,FOLLOWING TOO CLOSELY,39.17168,-86.527024
11,5,1800.0,2-Car,No injury/unknown,FAILURE TO YIELD RIGHT OF WAY,39.17168,-86.527024
12,6,1000.0,2-Car,No injury/unknown,FOLLOWING TOO CLOSELY,39.17167238,-86.52828953
7,3,1500.0,2-Car,No injury/unknown,FAILURE TO YIELD RIGHT OF WAY,39.17166978,-86.52975998
8,3,1500.0,2-Car,Non-incapacitating,FAILURE TO YIELD RIGHT OF WAY,39.17166978,-86.52975998
10,5,1700.0,2-Car,Non-incapacitating,FAILURE TO YIELD RIGHT OF WAY,39.17166978,-86.52975998
11,7,1000.0,2-Car,No injury/unknown,OTHER (ENVIRONMENTAL) - EXPLAIN IN NARR,39.17166978,-86.52975998
11,3,2000.0,2-Car,Non-incapacitating,FAILURE TO YIELD RIGHT OF WAY,39.17166978,-86.52975998
8,4,900.0,2-Car,Non-incapacitating,OTHER TELEMATICS IN USE,39.17166978,-86.5282844
10,6,1800.0,2-Car,No injury/unknown,FAILURE TO YIELD RIGHT OF WAY,39.17166978,-86.52828007
11,6,1600.0,2-Car,No injury/unknown,FAILURE TO YIELD RIGHT OF WAY,39.17166978,-86.48929014
5,7,1700.0,2-Car,No injury/unknown,FAILURE TO YIELD RIGHT OF WAY,39.171664,-86.52576
11,5,1800.0,2-Car,No injury/unknown,FOLLOWING TOO CLOSELY,39.171661,-86.52613932
8,2,1900.0,2-Car,No injury/unknown,DISREGARD SIGNAL/REG SIGN,39.17165972,-86.53483003
8,4,1300.0,2-Car,Non-incapacitating,FAILURE TO YIELD RIGHT OF WAY,39.17165972,-86.53483003
8,5,1600.0,2-Car,No injury/unknown,IMPROPER TURNING,39.17165972,-86.53483003
9,5,1000.0,2-Car,Non-incapacitating,FOLLOWING TOO CLOSELY,39.17165972,-86.53483003
10,2,1000.0,2-Car,No injury/unknown,UNSAFE LANE MOVEMENT,39.17165972,-86.53483003
9,6,1500.0,2-Car,No injury/unknown,FOLLOWING TOO CLOSELY,39.17165972,-86.53358012
12,2,2200.0,2-Car,No injury/unknown,FAILURE TO YIELD RIGHT OF WAY,39.17165972,-86.53358012
8,4,1100.0,3+ Cars,No injury/unknown,FOLLOWING TOO CLOSELY,39.17165972,-86.52698712
10,2,1600.0,2-Car,No injury/unknown,FOLLOWING TOO CLOSELY,39.17165972,-86.52696982
12,6,2100.0,2-Car,No injury/unknown,SPEED TOO FAST FOR WEATHER CONDITIONS,39.17165972,-86.52696982
5,2,1100.0,1-Car,No injury/unknown,OTHER (DRIVER) - EXPLAIN IN NARRATIVE,39.17164801,-86.50655873
12,4,1500.0,1-Car,No injury/unknown,UNSAFE BACKING,39.17164801,-86.50673515
12,6,100.0,2-Car,No injury/unknown,LEFT OF CENTER,39.17164801,-86.50673515
2,4,100.0,1-Car,Non-incapacitating,RAN OFF ROAD RIGHT,39.17164801,-86.50684101
2,7,1900.0,2-Car,No injury/unknown,FAILURE TO YIELD RIGHT OF WAY,39.171648,-86.524608
5,6,1500.0,2-Car,No injury/unknown,FOLLOWING TOO CLOSELY,39.171648,-86.524608
4,7,1200.0,2-Car,No injury/unknown,FAILURE TO YIELD RIGHT OF WAY,39.171648,-86.524608
8,3,1500.0,Moped/Motorcycle,Non-incapacitating,FAILURE TO YIELD RIGHT OF WAY,39.171648,-86.524608
1,3,800.0,2-Car,No injury/unknown,FOLLOWING TOO CLOSELY,39.171648,-86.507088
1,7,200.0,1-Car,No injury/unknown,SPEED TOO FAST FOR WEATHER CONDITIONS,39.171648,-86.507088
4,7,2000.0,1-Car,Non-incapacitating,SPEED TOO FAST FOR WEATHER CONDITIONS,39.171648,-86.507088
4,1,100.0,1-Car,No injury/unknown,SPEED TOO FAST FOR WEATHER CONDITIONS,39.171648,-86.507088
4,2,1700.0,2-Car,No injury/unknown,FOLLOWING TOO CLOSELY,39.171648,-86.507088
5,4,900.0,2-Car,Non-incapacitating,UNSAFE SPEED,39.171648,-86.507088
10,7,1500.0,Moped/Motorcycle,Incapacitating,OTHER (DRIVER) - EXPLAIN IN NARRATIVE,39.171648,-86.507088
10,5,1200.0,1-Car,No injury/unknown,OTHER (VEHICLE) - EXPLAIN IN NARRATIVE,39.171648,-86.507088
10,6,1400.0,2-Car,No injury/unknown,FOLLOWING TOO CLOSELY,39.171648,-86.507088
11,6,400.0,2-Car,No injury/unknown,FOLLOWING TOO CLOSELY,39.171648,-86.507088
5,7,1900.0,2-Car,No injury/unknown,UNSAFE BACKING,39.171648,-86.50369927
7,1,100.0,1-Car,No injury/unknown,OTHER (DRIVER) - EXPLAIN IN NARRATIVE,39.171648,-86.50295229
1,3,1300.0,2-Car,No injury/unknown,UNSAFE SPEED,39.171648,-86.502096
4,7,300.0,2-Car,Non-incapacitating,OTHER (DRIVER) - EXPLAIN IN NARRATIVE,39.171648,-86.502096
5,7,1900.0,2-Car,No injury/unknown,DRIVER DISTRACTED - EXPLAIN IN NARRATIVE,39.171648,-86.502096
5,3,1500.0,2-Car,No injury/unknown,DRIVER DISTRACTED - EXPLAIN IN NARRATIVE,39.171648,-86.502096
7,1,1200.0,2-Car,Non-incapacitating,FAILURE TO YIELD RIGHT OF WAY,39.171648,-86.502096
8,6,1300.0,2-Car,No injury/unknown,UNSAFE SPEED,39.171648,-86.502096
5,3,2100.0,2-Car,No injury/unknown,IMPROPER TURNING,39.17164591,-86.50199444
11,1,1600.0,1-Car,No injury/unknown,UNSAFE BACKING,39.17164435,-86.50191826
11,6,1500.0,1-Car,No injury/unknown,UNSAFE BACKING,39.17164435,-86.50191826
8,6,1700.0,2-Car,No injury/unknown,UNSAFE BACKING,39.17164278,-86.50184209
10,6,2100.0,2-Car,No injury/unknown,,39.17164278,-86.50184209
9,3,900.0,2-Car,No injury/unknown,OTHER (DRIVER) - EXPLAIN IN NARRATIVE,39.17164076,-86.50174328
8,7,100.0,2-Car,No injury/unknown,FAILURE TO YIELD RIGHT OF WAY,39.17164028,-86.52349971
10,2,1800.0,2-Car,No injury/unknown,FOLLOWING TOO CLOSELY,39.17164028,-86.52349971
12,3,1500.0,2-Car,No injury/unknown,FOLLOWING TOO CLOSELY,39.17163204,-86.522386
1,4,2200.0,2-Car,Non-incapacitating,FAILURE TO YIELD RIGHT OF WAY,39.171632,-86.52353600000001
2,2,2300.0,2-Car,No injury/unknown,UNSAFE BACKING,39.171632,-86.52353600000001
2,5,1900.0,2-Car,No injury/unknown,UNSAFE BACKING,39.171632,-86.52353600000001
6,1,800.0,2-Car,No injury/unknown,FAILURE TO YIELD RIGHT OF WAY,39.171632,-86.52353600000001
10,2,2100.0,3+ Cars,Non-incapacitating,DRIVER DISTRACTED - EXPLAIN IN NARRATIVE,39.171632,-86.52353600000001
10,6,1200.0,3+ Cars,No injury/unknown,FOLLOWING TOO CLOSELY,39.17163022,-86.52237989
10,1,1700.0,3+ Cars,No injury/unknown,FOLLOWING TOO CLOSELY,39.17163022,-86.52237989
11,5,1600.0,2-Car,No injury/unknown,FOLLOWING TOO CLOSELY,39.17163022,-86.52237989
12,4,1100.0,2-Car,No injury/unknown,UNSAFE BACKING,39.17162998,-86.52351778
9,2,1600.0,Bus,No injury/unknown,FAILURE TO YIELD RIGHT OF WAY,39.17161805,-86.52351755
8,3,900.0,2-Car,No injury/unknown,DRIVER DISTRACTED - EXPLAIN IN NARRATIVE,39.1716101,-86.52098983
8,6,1800.0,2-Car,No injury/unknown,FAILURE TO YIELD RIGHT OF WAY,39.1716101,-86.52098983
2,7,200.0,2-Car,No injury/unknown,FAILURE TO YIELD RIGHT OF WAY,39.1716101,-86.51901975
8,7,1600.0,3+ Cars,No injury/unknown,FOLLOWING TOO CLOSELY,39.17160188,-86.52107241
6,3,1200.0,2-Car,No injury/unknown,UNSAFE BACKING,39.17160138,-86.51021338
1,5,1600.0,2-Car,No injury/unknown,FOLLOWING TOO CLOSELY,39.1716,-86.520896
10,6,1900.0,2-Car,No injury/unknown,FAILURE TO YIELD RIGHT OF WAY,39.17159826,-86.5156478
12,7,2300.0,2-Car,Non-incapacitating,FAILURE TO YIELD RIGHT OF WAY,39.17159826,-86.5156478
9,7,1400.0,1-Car,Non-incapacitating,OVERCORRECTING/OVERSTEERING,39.17159402,-86.50451571
10,6,1400.0,2-Car,No injury/unknown,FOLLOWING TOO CLOSELY,39.17158999,-86.51565379
2,2,1900.0,2-Car,No injury/unknown,UNSAFE SPEED,39.17158999,-86.51394031
2,2,1100.0,2-Car,No injury/unknown,IMPROPER TURNING,39.171584,-86.518688
3,2,1200.0,2-Car,No injury/unknown,UNSAFE BACKING,39.171584,-86.518688
4,6,300.0,2-Car,No injury/unknown,FAILURE TO YIELD RIGHT OF WAY,39.171584,-86.518688
7,5,1300.0,2-Car,No injury/unknown,FOLLOWING TOO CLOSELY,39.171584,-86.518688
10,6,2100.0,2-Car,No injury/unknown,FOLLOWING TOO CLOSELY,39.171584,-86.518688
5,4,1200.0,2-Car,No injury/unknown,UNSAFE SPEED,39.17157993,-86.51250581
8,5,1200.0,2-Car,No injury/unknown,UNSAFE BACKING,39.17157993,-86.51249283
10,6,1300.0,1-Car,Non-incapacitating,UNSAFE SPEED,39.17157993,-86.5124885
10,6,1900.0,2-Car,No injury/unknown,FOLLOWING TOO CLOSELY,39.17157993,-86.51248418
10,4,1900.0,2-Car,No injury/unknown,FAILURE TO YIELD RIGHT OF WAY,39.17157993,-86.51247985
5,4,1700.0,2-Car,Non-incapacitating,FOLLOWING TOO CLOSELY,39.17157828,-86.51815878
8,5,1600.0,2-Car,No injury/unknown,UNSAFE BACKING,39.17157747,-86.51808392
9,2,2100.0,2-Car,No injury/unknown,UNSAFE BACKING,39.17157747,-86.51808392
1,6,400.0,1-Car,No injury/unknown,SPEED TOO FAST FOR WEATHER CONDITIONS,39.17157638,-86.51798237
8,6,1500.0,1-Car,No injury/unknown,FOLLOWING TOO CLOSELY,39.17157638,-86.51798237
6,3,1800.0,2-Car,No injury/unknown,IMPROPER TURNING,39.1715658,-86.50228603
7,4,1700.0,2-Car,No injury/unknown,UNSAFE LANE MOVEMENT,39.1715658,-86.50228603
2,1,1000.0,2-Car,No injury/unknown,OTHER (DRIVER) - EXPLAIN IN NARRATIVE,39.17156383,-86.51814334
5,3,900.0,2-Car,No injury/unknown,UNSAFE BACKING,39.17156383,-86.51814334
9,3,1900.0,2-Car,No injury/unknown,UNSAFE BACKING,39.17156383,-86.51814334
1,3,1300.0,2-Car,No injury/unknown,UNSAFE LANE MOVEMENT,39.171552,-86.515728
2,4,0.0,2-Car,No injury/unknown,FAILURE TO YIELD RIGHT OF WAY,39.171552,-86.515728
3,6,1300.0,2-Car,No injury/unknown,IMPROPER TURNING,39.171552,-86.515728
4,7,1900.0,2-Car,No injury/unknown,FOLLOWING TOO CLOSELY,39.171552,-86.515728
4,1,1400.0,2-Car,No injury/unknown,FAILURE TO YIELD RIGHT OF WAY,39.171552,-86.515728
4,5,1000.0,2-Car,No injury/unknown,IMPROPER TURNING,39.171552,-86.515728
5,3,1100.0,Bus,No injury/unknown,FOLLOWING TOO CLOSELY,39.171552,-86.515728
5,6,1400.0,2-Car,No injury/unknown,,39.171552,-86.515728
10,6,1000.0,2-Car,No injury/unknown,UNSAFE BACKING,39.171552,-86.515728
10,6,1100.0,2-Car,No injury/unknown,FAILURE TO YIELD RIGHT OF WAY,39.17154975,-86.50942867
4,7,1800.0,2-Car,No injury/unknown,FOLLOWING TOO CLOSELY,39.17154708,-86.51537521
10,1,1300.0,3+ Cars,Non-incapacitating,FOLLOWING TOO CLOSELY,39.17154567,-86.49707538
10,1,1300.0,2-Car,No injury/unknown,FOLLOWING TOO CLOSELY,39.17154567,-86.49707538
2,3,1200.0,1-Car,No injury/unknown,ACCELERATOR FAILURE OR DEFECTIVE,39.17154036,-86.51313968
12,7,1400.0,2-Car,No injury/unknown,UNSAFE BACKING,39.17154036,-86.51313968
2,6,1600.0,1-Car,No injury/unknown,ANIMAL/OBJECT IN ROADWAY,39.17153535,-86.4017051