Month,Day,Hour,Collision Type,Injury Type,Primary Factor,Latitude,Longitude
8,3,1200.0,2-Car,Non-incapacitating,FOLLOWING TOO CLOSELY,39.17153031,-86.50220967
9,6,1600.0,2-Car,No injury/unknown,FOLLOWING TOO CLOSELY,39.17153031,-86.50220967
9,7,1800.0,2-Car,No injury/unknown,FOLLOWING TOO CLOSELY,39.17153031,-86.50220967
9,4,800.0,2-Car,No injury/unknown,OTHER (DRIVER) - EXPLAIN IN NARRATIVE,39.17153031,-86.50220967
10,6,1000.0,2-Car,No injury/unknown,FOLLOWING TOO CLOSELY,39.17153031,-86.50220967
10,6,2000.0,2-Car,No injury/unknown,FAILURE TO YIELD RIGHT OF WAY,39.17153031,-86.50220967
6,1,1700.0,2-Car,No injury/unknown,OTHER (DRIVER) - EXPLAIN IN NARRATIVE,39.17152695,-86.49442523
7,6,1300.0,2-Car,No injury/unknown,FAILURE TO YIELD RIGHT OF WAY,39.17152628,-86.49444334
2,3,600.0,1-Car,No injury/unknown,ANIMAL/OBJECT IN ROADWAY,39.17152424,-86.4960172
10,3,1500.0,Bus,No injury/unknown,IMPROPER TURNING,39.17151399,-86.50678277
1,2,1900.0,2-Car,No injury/unknown,UNSAFE BACKING,39.171504,-86.512288
4,3,1800.0,2-Car,No injury/unknown,OVERCORRECTING/OVERSTEERING,39.171504,-86.512288
8,6,1800.0,2-Car,No injury/unknown,IMPROPER TURNING,39.171504,-86.512288
9,6,1200.0,2-Car,No injury/unknown,OVERCORRECTING/OVERSTEERING,39.171504,-86.512288
12,3,1900.0,2-Car,No injury/unknown,UNSAFE BACKING,39.171504,-86.512288
3,7,500.0,2-Car,Non-incapacitating,DISREGARD SIGNAL/REG SIGN,39.171504,-86.495312
4,3,1600.0,2-Car,No injury/unknown,FOLLOWING TOO CLOSELY,39.171504,-86.495312
8,2,500.0,2-Car,No injury/unknown,UNSAFE SPEED,39.171504,-86.495312
8,2,1400.0,2-Car,No injury/unknown,FOLLOWING TOO CLOSELY,39.171504,-86.495312
9,2,1500.0,2-Car,No injury/unknown,FOLLOWING TOO CLOSELY,39.171504,-86.495312
11,5,700.0,2-Car,Non-incapacitating,FOLLOWING TOO CLOSELY,39.171504,-86.495312
1,4,0.0,2-Car,No injury/unknown,,39.171504,-86.49509867
3,7,2300.0,2-Car,No injury/unknown,UNSAFE BACKING,39.171504,-86.49509867
4,2,2000.0,3+ Cars,Non-incapacitating,FAILURE TO YIELD RIGHT OF WAY,39.171504,-86.494992
2,5,2100.0,2-Car,Non-incapacitating,DRIVER ASLEEP OR FATIGUED,39.171504,-86.49296
12,4,2200.0,1-Car,No injury/unknown,OTHER (DRIVER) - EXPLAIN IN NARRATIVE,39.17149074,-86.50190256
7,1,2100.0,Moped/Motorcycle,Non-incapacitating,OVERCORRECTING/OVERSTEERING,39.17149007,-86.4953801
10,6,1300.0,2-Car,No injury/unknown,FAILURE TO YIELD RIGHT OF WAY,39.17149007,-86.4953801
12,2,1400.0,2-Car,Non-incapacitating,DISREGARD SIGNAL/REG SIGN,39.17149007,-86.4953801
10,5,1700.0,2-Car,No injury/unknown,FOLLOWING TOO CLOSELY,39.17149007,-86.49537577
9,5,1600.0,2-Car,Non-incapacitating,FAILURE TO YIELD RIGHT OF WAY,39.17149007,-86.4953628
9,2,1500.0,3+ Cars,No injury/unknown,SPEED TOO FAST FOR WEATHER CONDITIONS,39.17148519,-86.49626951
10,7,2000.0,2-Car,No injury/unknown,IMPROPER TURNING,39.17148317,-86.51039227
9,3,1600.0,2-Car,No injury/unknown,UNSAFE BACKING,39.17148166,-86.51025546
1,5,1600.0,2-Car,No injury/unknown,FOLLOWING TOO CLOSELY,39.17147976,-86.51008162
1,2,1700.0,2-Car,No injury/unknown,FOLLOWING TOO CLOSELY,39.17147588,-86.50972881
9,7,0.0,2-Car,No injury/unknown,FAILURE TO YIELD RIGHT OF WAY,39.17147588,-86.50972881
1,5,2200.0,2-Car,No injury/unknown,SPEED TOO FAST FOR WEATHER CONDITIONS,39.171472,-86.509376
1,3,700.0,2-Car,No injury/unknown,FAILURE TO YIELD RIGHT OF WAY,39.171472,-86.509376
3,7,2100.0,2-Car,No injury/unknown,FAILURE TO YIELD RIGHT OF WAY,39.171472,-86.509376
4,1,900.0,2-Car,No injury/unknown,FOLLOWING TOO CLOSELY,39.171472,-86.509376
6,4,1200.0,2-Car,No injury/unknown,UNSAFE LANE MOVEMENT,39.171472,-86.509376
8,2,1700.0,2-Car,Non-incapacitating,FOLLOWING TOO CLOSELY,39.171472,-86.509376
9,3,1800.0,Moped/Motorcycle,No injury/unknown,FAILURE TO YIELD RIGHT OF WAY,39.171472,-86.509376
11,5,1200.0,2-Car,No injury/unknown,UNSAFE BACKING,39.171472,-86.509376
12,5,2000.0,3+ Cars,No injury/unknown,SPEED TOO FAST FOR WEATHER CONDITIONS,39.171472,-86.509376
9,7,1900.0,2-Car,No injury/unknown,FAILURE TO YIELD RIGHT OF WAY,39.17146936,-86.53352366
2,1,1500.0,3+ Cars,No injury/unknown,WRONG WAY ON ONE WAY,39.17146934,-86.534768
9,2,1400.0,3+ Cars,No injury/unknown,FOLLOWING TOO CLOSELY,39.17146934,-86.534768
10,7,1800.0,2-Car,No injury/unknown,IMPROPER TURNING,39.17141028,-86.50720998
7,3,1900.0,1-Car,Non-incapacitating,RAN OFF ROAD RIGHT,39.17140022,-86.53859987
10,4,1600.0,3+ Cars,No injury/unknown,FAILURE TO YIELD RIGHT OF WAY,39.17133202,-86.534768
11,6,500.0,2-Car,No injury/unknown,UNSAFE BACKING,39.171312,-86.5492
4,2,2000.0,2-Car,Non-incapacitating,FAILURE TO YIELD RIGHT OF WAY,39.17127835,-86.51575822
9,3,200.0,2-Car,No injury/unknown,UNSAFE BACKING,39.171135,-86.53522392
9,1,1300.0,3+ Cars,No injury/unknown,FOLLOWING TOO CLOSELY,39.17095598,-86.534768
3,6,1800.0,2-Car,No injury/unknown,FOLLOWING TOO CLOSELY,39.17092115,-86.56889006
9,6,1500.0,2-Car,No injury/unknown,UNSAFE BACKING,39.17088686,-86.534768
8,7,2300.0,1-Car,Non-incapacitating,OTHER (DRIVER) - EXPLAIN IN NARRATIVE,39.17085388,-86.530992
9,7,1400.0,2-Car,Non-incapacitating,FOLLOWING TOO CLOSELY,39.17085256,-86.49555389
10,4,1300.0,2-Car,No injury/unknown,FAILURE TO YIELD RIGHT OF WAY,39.17084706,-86.52981966
6,6,1900.0,1-Car,No injury/unknown,OTHER (DRIVER) - EXPLAIN IN NARRATIVE,39.17074911,-86.49035096
2,2,2000.0,2-Car,No injury/unknown,OVERCORRECTING/OVERSTEERING,39.1707471,-86.51252947
10,6,1500.0,2-Car,No injury/unknown,FOLLOWING TOO CLOSELY,39.17073106,-86.51581866
2,6,1500.0,2-Car,No injury/unknown,FAILURE TO YIELD RIGHT OF WAY,39.17072,-86.4956
5,5,1400.0,Bus,No injury/unknown,IMPROPER TURNING,39.17072,-86.4956
10,3,900.0,2-Car,No injury/unknown,UNSAFE BACKING,39.17064987,-86.57224014
1,6,2100.0,1-Car,No injury/unknown,ROADWAY SURFACE CONDITION,39.17064,-86.680896
1,6,2200.0,1-Car,No injury/unknown,ROADWAY SURFACE CONDITION,39.17064,-86.680896
12,3,900.0,2-Car,No injury/unknown,IMPROPER TURNING,39.17061234,-86.5968399
10,1,1200.0,2-Car,No injury/unknown,OTHER (DRIVER) - EXPLAIN IN NARRATIVE,39.170544,-86.53582358
9,1,1300.0,2-Car,No injury/unknown,FOLLOWING TOO CLOSELY,39.170544,-86.534768
9,5,1100.0,Bus,No injury/unknown,RAN OFF ROAD RIGHT,39.170544,-86.534768
12,5,1100.0,Pedestrian,Non-incapacitating,FAILURE TO YIELD RIGHT OF WAY,39.170544,-86.534768
5,6,2000.0,2-Car,No injury/unknown,UNSAFE LANE MOVEMENT,39.170544,-86.533536
8,2,1300.0,2-Car,No injury/unknown,IMPROPER TURNING,39.170544,-86.533536
9,3,1000.0,2-Car,No injury/unknown,FAILURE TO YIELD RIGHT OF WAY,39.170544,-86.5324
11,6,0.0,2-Car,No injury/unknown,FAILURE TO YIELD RIGHT OF WAY,39.170544,-86.5324
2,4,0.0,2-Car,No injury/unknown,OTHER (DRIVER) - EXPLAIN IN NARRATIVE,39.170544,-86.529696
8,3,1600.0,2-Car,Non-incapacitating,DISREGARD SIGNAL/REG SIGN,39.170544,-86.529696
9,4,1800.0,2-Car,No injury/unknown,DISREGARD SIGNAL/REG SIGN,39.170544,-86.529696
2,3,1700.0,2-Car,Non-incapacitating,FAILURE TO YIELD RIGHT OF WAY,39.170544,-86.526992
4,5,200.0,2-Car,No injury/unknown,WRONG WAY ON ONE WAY,39.170544,-86.526992
10,3,500.0,1-Car,Non-incapacitating,RAN OFF ROAD RIGHT,39.170544,-86.526992
6,6,900.0,2-Car,No injury/unknown,UNSAFE BACKING,39.170544,-86.52456
10,2,1200.0,2-Car,No injury/unknown,UNSAFE BACKING,39.170544,-86.523488
5,7,1700.0,2-Car,No injury/unknown,UNSAFE LANE MOVEMENT,39.17048907,-86.53353689
6,2,300.0,2-Car,No injury/unknown,DISREGARD SIGNAL/REG SIGN,39.17048022,-86.59237012
10,7,1800.0,2-Car,No injury/unknown,FAILURE TO YIELD RIGHT OF WAY,39.17045005,-86.52827002
8,5,1900.0,2-Car,No injury/unknown,UNSAFE BACKING,39.17045005,-86.52697328
10,3,1600.0,2-Car,No injury/unknown,UNSAFE LANE MOVEMENT,39.17033802,-86.53477132
8,6,1800.0,2-Car,No injury/unknown,FOLLOWING TOO CLOSELY,39.17026937,-86.53477243
3,5,1300.0,2-Car,No injury/unknown,IMPROPER LANE USAGE,39.17026937,-86.53354043
1,7,1400.0,2-Car,No injury/unknown,FAILURE TO YIELD RIGHT OF WAY,39.17024,-86.501392
3,4,1600.0,Bus,No injury/unknown,OVERCORRECTING/OVERSTEERING,39.17024,-86.501392
3,7,1600.0,2-Car,No injury/unknown,FAILURE TO YIELD RIGHT OF WAY,39.17024,-86.501392
4,5,200.0,Pedestrian,Incapacitating,OTHER (DRIVER) - EXPLAIN IN NARRATIVE,39.17024,-86.501392
8,2,1900.0,2-Car,No injury/unknown,OTHER (VEHICLE) - EXPLAIN IN NARRATIVE,39.17024,-86.501392
10,5,1500.0,2-Car,Non-incapacitating,FAILURE TO YIELD RIGHT OF WAY,39.17024,-86.501392
12,3,1900.0,2-Car,No injury/unknown,,39.17024,-86.501392
2,6,300.0,3+ Cars,Non-incapacitating,DRIVER DISTRACTED - EXPLAIN IN NARRATIVE,39.17023859,-86.53477293
2,6,1400.0,2-Car,No injury/unknown,,39.17017438,-86.50122511
6,1,1600.0,Moped/Motorcycle,Non-incapacitating,FAILURE TO YIELD RIGHT OF WAY,39.17016962,-86.50148749
4,2,1500.0,2-Car,No injury/unknown,FAILURE TO YIELD RIGHT OF WAY,39.17015031,-86.59829981
10,5,1100.0,2-Car,No injury/unknown,UNSAFE BACKING,39.17012767,-86.50208277
1,1,1400.0,2-Car,No injury/unknown,UNSAFE BACKING,39.17012013,-86.57636806
4,7,1200.0,2-Car,No injury/unknown,UNSAFE BACKING,39.17012013,-86.57636806
1,4,1300.0,3+ Cars,No injury/unknown,IMPROPER PASSING,39.17011202,-86.50132801
12,5,1600.0,2-Car,No injury/unknown,UNSAFE BACKING,39.17009861,-86.53477518
12,3,900.0,2-Car,No injury/unknown,FAILURE TO YIELD RIGHT OF WAY,39.1700674,-86.53369009
9,6,1600.0,2-Car,No injury/unknown,UNSAFE BACKING,39.1698761,-86.57495117
3,5,700.0,1-Car,No injury/unknown,OTHER (DRIVER) - EXPLAIN IN NARRATIVE,39.169856,-86.50376
11,2,700.0,1-Car,No injury/unknown,OTHER (DRIVER) - EXPLAIN IN NARRATIVE,39.16974407,-86.54968801
12,6,1500.0,1-Car,No injury/unknown,RAN OFF ROAD RIGHT,39.16972931,-86.55493061
1,7,1600.0,2-Car,No injury/unknown,ROADWAY SURFACE CONDITION,39.16971396,-86.529696
6,5,2100.0,2-Car,No injury/unknown,IMPROPER TURNING,39.16969371,-86.53354971
5,6,2100.0,2-Car,No injury/unknown,UNSAFE LANE MOVEMENT,39.16968932,-86.53354979
10,4,2000.0,Moped/Motorcycle,Incapacitating,ANIMAL/OBJECT IN ROADWAY,39.16968,-86.552192
8,5,1900.0,2-Car,No injury/unknown,UNSAFE BACKING,39.16964203,-86.51621751
4,5,800.0,1-Car,No injury/unknown,OTHER (DRIVER) - EXPLAIN IN NARRATIVE,39.16962795,-86.59242242
10,4,1200.0,2-Car,No injury/unknown,OTHER (DRIVER) - EXPLAIN IN NARRATIVE,39.16960144,-86.50052642
7,4,2200.0,2-Car,No injury/unknown,UNSAFE BACKING,39.169584,-86.495904
9,7,1100.0,2-Car,No injury/unknown,OVERCORRECTING/OVERSTEERING,39.169568,-86.536
1,7,1700.0,2-Car,No injury/unknown,IMPROPER TURNING,39.169552,-86.534784
1,3,1200.0,2-Car,No injury/unknown,FAILURE TO YIELD RIGHT OF WAY,39.169552,-86.534784
5,5,1100.0,2-Car,No injury/unknown,IMPROPER TURNING,39.169552,-86.534784
6,6,1200.0,2-Car,No injury/unknown,FAILURE TO YIELD RIGHT OF WAY,39.169552,-86.534784
8,5,1600.0,2-Car,No injury/unknown,UNSAFE LANE MOVEMENT,39.169552,-86.534784
9,2,1400.0,2-Car,No injury/unknown,UNSAFE LANE MOVEMENT,39.169552,-86.534784
10,6,1200.0,Cyclist,Non-incapacitating,PEDESTRIAN ACTION,39.169552,-86.534784
11,6,1100.0,2-Car,No injury/unknown,IMPROPER TURNING,39.169552,-86.534784
1,2,2000.0,2-Car,No injury/unknown,FAILURE TO YIELD RIGHT OF WAY,39.169552,-86.533552
1,1,300.0,2-Car,No injury/unknown,WRONG WAY ON ONE WAY,39.169552,-86.533552
3,2,0.0,2-Car,No injury/unknown,IMPROPER LANE USAGE,39.169552,-86.533552
8,4,1100.0,2-Car,No injury/unknown,FAILURE TO YIELD RIGHT OF WAY,39.169552,-86.533552
11,3,2200.0,2-Car,No injury/unknown,DISREGARD SIGNAL/REG SIGN,39.169552,-86.533552
10,7,300.0,2-Car,No injury/unknown,FAILURE TO YIELD RIGHT OF WAY,39.169552,-86.530992
4,7,0.0,2-Car,No injury/unknown,UNSAFE BACKING,39.169552,-86.529696
5,5,2200.0,2-Car,No injury/unknown,OTHER (DRIVER) - EXPLAIN IN NARRATIVE,39.169552,-86.529696
1,1,1500.0,2-Car,No injury/unknown,UNSAFE BACKING,39.169552,-86.52344
1,4,1100.0,Bus,No injury/unknown,FAILURE TO YIELD RIGHT OF WAY,39.169552,-86.52344
1,2,1100.0,2-Car,No injury/unknown,FAILURE TO YIELD RIGHT OF WAY,39.169552,-86.52344
10,5,1400.0,Cyclist,Non-incapacitating,IMPROPER PASSING,39.169552,-86.52344
12,4,2300.0,2-Car,No injury/unknown,RAN OFF ROAD RIGHT,39.16952074,-86.481392
1,4,1800.0,2-Car,No injury/unknown,RAN OFF ROAD RIGHT,39.16952,-86.505968
6,4,1100.0,2-Car,No injury/unknown,UNSAFE BACKING,39.16952,-86.505968
6,3,1100.0,2-Car,No injury/unknown,FAILURE TO YIELD RIGHT OF WAY,39.16951999,-86.53866022
8,4,1100.0,2-Car,No injury/unknown,FAILURE TO YIELD RIGHT OF WAY,39.16950993,-86.53484009
9,6,1700.0,3+ Cars,No injury/unknown,FOLLOWING TOO CLOSELY,39.16950993,-86.53484009
10,2,1400.0,1-Car,No injury/unknown,RAN OFF ROAD RIGHT,39.16950993,-86.53484009
11,2,1300.0,2-Car,No injury/unknown,IMPROPER TURNING,39.16950993,-86.53484009
2,4,1400.0,2-Car,No injury/unknown,FAILURE TO YIELD RIGHT OF WAY,39.16949706,-86.49495966
8,1,1700.0,2-Car,No injury/unknown,FAILURE TO YIELD RIGHT OF WAY,39.16949706,-86.49495966
4,3,1700.0,Cyclist,No injury/unknown,FAILURE TO YIELD RIGHT OF WAY,39.16949129,-86.51595557
9,4,2200.0,Pedestrian,Incapacitating,PEDESTRIAN ACTION,39.16949129,-86.51595557
10,4,1500.0,2-Car,No injury/unknown,FAILURE TO YIELD RIGHT OF WAY,39.16947976,-86.5297801
4,3,2000.0,2-Car,Non-incapacitating,FAILURE TO YIELD RIGHT OF WAY,39.16947976,-86.52349032
4,6,2000.0,Bus,No injury/unknown,IMPROPER TURNING,39.16947214,-86.52234779
8,3,1700.0,2-Car,No injury/unknown,FAILURE TO YIELD RIGHT OF WAY,39.16947034,-86.52295802
3,6,1200.0,2-Car,No injury/unknown,UNSAFE BACKING,39.1694697,-86.52234032
1,6,1800.0,2-Car,No injury/unknown,IMPROPER TURNING,39.169448,-86.495896
12,7,2200.0,2-Car,No injury/unknown,OTHER (DRIVER) - EXPLAIN IN NARRATIVE,39.16944215,-86.53355393
1,1,1200.0,2-Car,No injury/unknown,UNSAFE BACKING,39.169349,-86.49868592
10,5,1600.0,Bus,No injury/unknown,UNSAFE BACKING,39.16934204,-86.55295562
1,2,1600.0,1-Car,No injury/unknown,SPEED TOO FAST FOR WEATHER CONDITIONS,39.169312,-86.495888
1,2,1600.0,1-Car,No injury/unknown,SPEED TOO FAST FOR WEATHER CONDITIONS,39.169312,-86.495888
11,7,900.0,1-Car,No injury/unknown,ROADWAY SURFACE CONDITION,39.169312,-86.495888
5,5,1400.0,2-Car,No injury/unknown,LEFT OF CENTER,39.16931007,-86.53521023
2,7,0.0,1-Car,No injury/unknown,ROADWAY SURFACE CONDITION,39.1692397,-86.49592995
2,6,700.0,2-Car,No injury/unknown,FAILURE TO YIELD RIGHT OF WAY,39.16921844,-86.49621973
1,4,1600.0,2-Car,No injury/unknown,FOLLOWING TOO CLOSELY,39.16920531,-86.534784
7,3,1800.0,Moped/Motorcycle,Non-incapacitating,FOLLOWING TOO CLOSELY,39.16915613,-86.50098606
9,2,1800.0,1-Car,No injury/unknown,SPEED TOO FAST FOR WEATHER CONDITIONS,39.16910601,-86.495888
10,7,800.0,2-Car,No injury/unknown,UNSAFE BACKING,39.16908218,-86.47513628
9,5,600.0,2-Car,No injury/unknown,UNSAFE BACKING,39.16908206,-86.47691699
10,5,1400.0,Cyclist,No injury/unknown,FAILURE TO YIELD RIGHT OF WAY,39.16908082,-86.51600089
4,4,100.0,1-Car,No injury/unknown,ANIMAL/OBJECT IN ROADWAY,39.1690084,-86.66526028
10,4,1900.0,2-Car,No injury/unknown,,39.16900098,-86.53490915
11,7,900.0,2-Car,No injury/unknown,,39.16896024,-86.5152499
1,5,1200.0,2-Car,No injury/unknown,FOLLOWING TOO CLOSELY,39.168944,-86.516016
2,5,2200.0,Pedestrian,Non-incapacitating,FAILURE TO YIELD RIGHT OF WAY,39.168944,-86.516016
3,6,1800.0,2-Car,No injury/unknown,SPEED TOO FAST FOR WEATHER CONDITIONS,39.168944,-86.516016
4,5,2200.0,Cyclist,Non-incapacitating,DISREGARD SIGNAL/REG SIGN,39.168944,-86.516016
8,2,1600.0,2-Car,No injury/unknown,IMPROPER TURNING,39.16892456,-86.52233093
11,6,1300.0,2-Car,No injury/unknown,FAILURE TO YIELD RIGHT OF WAY,39.16888914,-86.51549146
10,4,1000.0,Cyclist,Non-incapacitating,DRIVER DISTRACTED - EXPLAIN IN NARRATIVE,39.16887956,-86.5161565
8,1,200.0,2-Car,No injury/unknown,OTHER (DRIVER) - EXPLAIN IN NARRATIVE,39.16887492,-86.49914123
8,5,1700.0,2-Car,No injury/unknown,UNSAFE BACKING,39.1688723,-86.4813007
9,2,1700.0,Cyclist,Non-incapacitating,UNSAFE LANE MOVEMENT,39.16885011,-86.51615984
9,2,1900.0,Cyclist,Incapacitating,FAILURE TO YIELD RIGHT OF WAY,39.16885011,-86.51615984
2,6,1500.0,2-Car,No injury/unknown,OTHER (DRIVER) - EXPLAIN IN NARRATIVE,39.168848,-86.481296
8,7,1200.0,2-Car,Non-incapacitating,FAILURE TO YIELD RIGHT OF WAY,39.16883876,-86.57359064
1,7,1200.0,1-Car,No injury/unknown,RAN OFF ROAD RIGHT,39.16881186,-86.48182316
1,4,1600.0,Bus,No injury/unknown,IMPROPER PASSING,39.16877721,-86.52339922
2,6,1300.0,2-Car,No injury/unknown,FOLLOWING TOO CLOSELY,39.16877031,-86.57355979
12,5,900.0,2-Car,No injury/unknown,OTHER (DRIVER) - EXPLAIN IN NARRATIVE,39.16876025,-86.57644566
8,2,1200.0,Bus,No injury/unknown,FAILURE TO YIELD RIGHT OF WAY,39.16876025,-86.57641969
3,1,1200.0,2-Car,No injury/unknown,OTHER (DRIVER) - EXPLAIN IN NARRATIVE,39.168752,-86.5436
2,5,1700.0,1-Car,No injury/unknown,OTHER (ENVIRONMENTAL) - EXPLAIN IN NARR,39.168752,-86.5436
5,6,1200.0,2-Car,No injury/unknown,UNSAFE BACKING,39.168752,-86.5436
7,5,1000.0,2-Car,No injury/unknown,UNSAFE BACKING,39.168752,-86.5436
2,5,0.0,1-Car,No injury/unknown,RAN OFF ROAD RIGHT,39.16873829,-86.48725029
4,1,2300.0,Moped/Motorcycle,No injury/unknown,IMPROPER PASSING,39.16872525,-86.50932267
6,6,1200.0,2-Car,No injury/unknown,IMPROPER TURNING,39.16872,-86.541104
6,6,1800.0,2-Car,No injury/unknown,IMPROPER TURNING,39.16871445,-86.53356669
4,2,1500.0,2-Car,No injury/unknown,IMPROPER LANE USAGE,39.16870996,-86.51389359
12,1,1000.0,1-Car,No injury/unknown,OTHER (DRIVER) - EXPLAIN IN NARRATIVE,39.16870996,-86.51388278
9,5,1800.0,2-Car,No injury/unknown,UNSAFE BACKING,39.168704,-86.5452
1,2,1600.0,2-Car,Non-incapacitating,SPEED TOO FAST FOR WEATHER CONDITIONS,39.168704,-86.538576
5,4,600.0,2-Car,No injury/unknown,FAILURE TO YIELD RIGHT OF WAY,39.168704,-86.538576
6,3,1300.0,2-Car,Non-incapacitating,FAILURE TO YIELD RIGHT OF WAY,39.168704,-86.538576
6,6,1300.0,2-Car,No injury/unknown,UNSAFE BACKING,39.168672,-86.536
9,7,1400.0,Bus,No injury/unknown,OTHER (DRIVER) - EXPLAIN IN NARRATIVE,39.168672,-86.536
11,3,2000.0,2-Car,No injury/unknown,UNSAFE BACKING,39.168672,-86.536
8,5,1700.0,2-Car,No injury/unknown,UNSAFE BACKING,39.16866968,-86.53582361
5,4,700.0,1-Car,No injury/unknown,RAN OFF ROAD RIGHT,39.16866405,-86.66248778
8,2,1500.0,1-Car,No injury/unknown,OTHER (DRIVER) - EXPLAIN IN NARRATIVE,39.16865967,-86.54967002
1,4,600.0,2-Car,No injury/unknown,UNSAFE LANE MOVEMENT,39.168656,-86.534784
2,3,1200.0,2-Car,Non-incapacitating,IMPROPER TURNING,39.168656,-86.534784
2,4,1600.0,2-Car,No injury/unknown,DRIVER DISTRACTED - EXPLAIN IN NARRATIVE,39.168656,-86.534784
4,1,300.0,1-Car,No injury/unknown,IMPROPER TURNING,39.168656,-86.534784
5,6,1100.0,2-Car,No injury/unknown,FAILURE TO YIELD RIGHT OF WAY,39.168656,-86.534784
3,6,2000.0,2-Car,No injury/unknown,IMPROPER TURNING,39.168656,-86.534784
4,5,1200.0,1-Car,No injury/unknown,OTHER (DRIVER) - EXPLAIN IN NARRATIVE,39.168656,-86.534784
6,2,1300.0,3+ Cars,Non-incapacitating,FOLLOWING TOO CLOSELY,39.168656,-86.534784
8,3,900.0,2-Car,No injury/unknown,IMPROPER LANE USAGE,39.168656,-86.534784
9,6,1000.0,2-Car,No injury/unknown,FAILURE TO YIELD RIGHT OF WAY,39.168656,-86.534784
3,1,1900.0,2-Car,No injury/unknown,OTHER (DRIVER) - EXPLAIN IN NARRATIVE,39.16864093,-86.53363856
11,7,1000.0,2-Car,No injury/unknown,FAILURE TO YIELD RIGHT OF WAY,39.16864,-86.53116842
1,2,1600.0,1-Car,No injury/unknown,OVERCORRECTING/OVERSTEERING,39.16864,-86.533568
1,3,700.0,2-Car,No injury/unknown,IMPROPER TURNING,39.16864,-86.533568
2,5,200.0,2-Car,No injury/unknown,UNSAFE BACKING,39.16864,-86.533568
3,5,2000.0,2-Car,No injury/unknown,,39.16864,-86.533568
3,7,300.0,2-Car,No injury/unknown,,39.16864,-86.533568
8,4,700.0,3+ Cars,Non-incapacitating,DISREGARD SIGNAL/REG SIGN,39.16864,-86.533568
9,3,1200.0,2-Car,No injury/unknown,UNSAFE LANE MOVEMENT,39.16864,-86.533568
12,7,2300.0,1-Car,No injury/unknown,SPEED TOO FAST FOR WEATHER CONDITIONS,39.16864,-86.533568
5,5,1700.0,2-Car,No injury/unknown,DISREGARD SIGNAL/REG SIGN,39.16864,-86.5324
5,1,1800.0,2-Car,No injury/unknown,UNSAFE LANE MOVEMENT,39.16864,-86.529696
8,3,1700.0,2-Car,No injury/unknown,OTHER (DRIVER) - EXPLAIN IN NARRATIVE,39.16864,-86.529696
4,4,900.0,3+ Cars,Non-incapacitating,FOLLOWING TOO CLOSELY,39.16864,-86.526944
9,3,800.0,Bus,No injury/unknown,FAILURE TO YIELD RIGHT OF WAY,39.16864,-86.526944
10,3,2100.0,2-Car,No injury/unknown,UNSAFE BACKING,39.16864,-86.526944
5,3,1500.0,1-Car,No injury/unknown,RAN OFF ROAD RIGHT,39.16864,-86.525696
7,2,1000.0,2-Car,No injury/unknown,UNSAFE BACKING,39.16864,-86.52567151
2,4,1100.0,Cyclist,Non-incapacitating,IMPROPER LANE USAGE,39.16864,-86.523392
3,6,1400.0,1-Car,No injury/unknown,UNSAFE BACKING,39.16861911,-86.51913114
3,7,2000.0,3+ Cars,Non-incapacitating,FAILURE TO YIELD RIGHT OF WAY,39.16860211,-86.51605622
10,7,1200.0,1-Car,No injury/unknown,UNSAFE BACKING,39.16858296,-86.54933553
2,7,900.0,2-Car,Non-incapacitating,OTHER (DRIVER) - EXPLAIN IN NARRATIVE,39.16855976,-86.5348602
8,2,2200.0,2-Car,No injury/unknown,FAILURE TO YIELD RIGHT OF WAY,39.16855976,-86.5348602
9,1,1800.0,Cyclist,Non-incapacitating,FAILURE TO YIELD RIGHT OF WAY,39.16855976,-86.5348602
12,3,1400.0,2-Car,No injury/unknown,DISREGARD SIGNAL/REG SIGN,39.16855976,-86.5348602
11,2,1800.0,1-Car,No injury/unknown,ANIMAL/OBJECT IN ROADWAY,39.16855303,-86.53358714
9,2,1200.0,2-Car,No injury/unknown,IMPROPER LANE USAGE,39.1685497,-86.53359018
10,6,1900.0,2-Car,No injury/unknown,FAILURE TO YIELD RIGHT OF WAY,39.1685497,-86.53359018
9,4,1100.0,2-Car,No injury/unknown,FAILURE TO YIELD RIGHT OF WAY,39.16853026,-86.51242017
10,2,900.0,2-Car,No injury/unknown,FAILURE TO YIELD RIGHT OF WAY,39.16851014,-86.5282499
11,3,1900.0,Bus,No injury/unknown,IMPROPER LANE USAGE,39.16851014,-86.5282499
9,6,1000.0,2-Car,No injury/unknown,UNSAFE BACKING,39.16851014,-86.52824384
8,1,1800.0,2-Car,No injury/unknown,UNSAFE BACKING,39.16850746,-86.57636202
2,3,1400.0,Bus,No injury/unknown,OTHER (DRIVER) - EXPLAIN IN NARRATIVE,39.16850008,-86.5269497
10,5,1500.0,Bus,No injury/unknown,IMPROPER LANE USAGE,39.16850008,-86.5269497