Month,Day,Hour,Collision Type,Injury Type,Primary Factor,Latitude,Longitude
11,2,1300.0,2-Car,No injury/unknown,UNSAFE SPEED,39.16846991,-86.52234971
10,4,1200.0,2-Car,No injury/unknown,UNSAFE BACKING,39.16846848,-86.5732727
2,2,1800.0,2-Car,No injury/unknown,,39.16846361,-86.52234876
12,7,2100.0,1-Car,No injury/unknown,RAN OFF ROAD RIGHT,39.16842275,-86.66122004
6,6,1700.0,2-Car,No injury/unknown,FAILURE TO YIELD RIGHT OF WAY,39.16839836,-86.55382007
12,6,1400.0,1-Car,No injury/unknown,RAN OFF ROAD RIGHT,39.16835994,-86.58300568
5,4,1700.0,2-Car,No injury/unknown,LEFT OF CENTER,39.16835994,-86.5829797
9,7,1200.0,2-Car,Non-incapacitating,FAILURE TO YIELD RIGHT OF WAY,39.16835994,-86.5829797
10,6,1600.0,2-Car,No injury/unknown,BRAKE FAILURE OR DEFECTIVE,39.16835994,-86.5829797
11,6,1100.0,3+ Cars,No injury/unknown,FAILURE TO YIELD RIGHT OF WAY,39.16832931,-86.50702723
6,4,1500.0,2-Car,No injury/unknown,FAILURE TO YIELD RIGHT OF WAY,39.16830909,-86.58298388
12,4,1400.0,2-Car,No injury/unknown,FOLLOWING TOO CLOSELY,39.16826022,-86.51609645
6,6,1400.0,2-Car,No injury/unknown,FAILURE TO YIELD RIGHT OF WAY,39.168192,-86.507024
1,2,1700.0,2-Car,No injury/unknown,SPEED TOO FAST FOR WEATHER CONDITIONS,39.168192,-86.49504
3,2,0.0,2-Car,No injury/unknown,FOLLOWING TOO CLOSELY,39.168192,-86.49504
12,4,2000.0,2-Car,No injury/unknown,FAILURE TO YIELD RIGHT OF WAY,39.168176,-86.509312
11,7,300.0,3+ Cars,Non-incapacitating,UNSAFE SPEED,39.168176,-86.509312
4,6,1300.0,2-Car,No injury/unknown,FOLLOWING TOO CLOSELY,39.16812347,-86.51611253
9,5,1900.0,Bus,No injury/unknown,IMPROPER TURNING,39.16808031,-86.51091009
4,1,1200.0,2-Car,No injury/unknown,UNSAFE BACKING,39.16803807,-86.57621853
10,7,1100.0,2-Car,Non-incapacitating,IMPROPER PASSING,39.16803807,-86.57621853
4,5,1300.0,2-Car,No injury/unknown,UNSAFE BACKING,39.16792542,-86.57614074
5,7,1300.0,2-Car,No injury/unknown,UNSAFE BACKING,39.16792542,-86.57614074
11,6,2200.0,2-Car,No injury/unknown,UNSAFE BACKING,39.16789246,-86.57160186
10,5,1500.0,2-Car,No injury/unknown,UNSAFE BACKING,39.16783247,-86.52196983
3,3,1800.0,2-Car,No injury/unknown,IMPROPER TURNING,39.16781209,-86.57606229
7,5,1500.0,2-Car,No injury/unknown,FAILURE TO YIELD RIGHT OF WAY,39.16781209,-86.57606229
7,3,1100.0,2-Car,No injury/unknown,UNSAFE BACKING,39.16781209,-86.57606229
9,5,1200.0,2-Car,No injury/unknown,UNSAFE BACKING,39.16781209,-86.57606229
8,7,500.0,2-Car,No injury/unknown,OTHER (DRIVER) - EXPLAIN IN NARRATIVE,39.16776,-86.503616
6,7,0.0,Bus,No injury/unknown,IMPROPER TURNING,39.1677418,-86.52710439
8,5,1100.0,3+ Cars,Non-incapacitating,FAILURE TO YIELD RIGHT OF WAY,39.167728,-86.5496
6,7,1500.0,1-Car,No injury/unknown,RAN OFF ROAD RIGHT,39.1677169,-86.5472702
5,6,1000.0,2-Car,No injury/unknown,OTHER (DRIVER) - EXPLAIN IN NARRATIVE,39.167712,-86.54644717
3,1,2200.0,2-Car,No injury/unknown,OTHER (DRIVER) - EXPLAIN IN NARRATIVE,39.167712,-86.5452
8,3,1100.0,2-Car,No injury/unknown,OTHER (DRIVER) - EXPLAIN IN NARRATIVE,39.167712,-86.5452
6,2,1300.0,2-Car,No injury/unknown,FAILURE TO YIELD RIGHT OF WAY,39.16768,-86.538592
7,1,2200.0,2-Car,No injury/unknown,FAILURE TO YIELD RIGHT OF WAY,39.16768,-86.538592
6,1,1400.0,2-Car,No injury/unknown,FAILURE TO YIELD RIGHT OF WAY,39.16766433,-86.53237127
5,4,1600.0,Moped/Motorcycle,No injury/unknown,CELL PHONE USAGE,39.167664,-86.537296
9,4,1100.0,2-Car,No injury/unknown,OTHER (DRIVER) - EXPLAIN IN NARRATIVE,39.167664,-86.537296
1,2,200.0,2-Car,No injury/unknown,FAILURE TO YIELD RIGHT OF WAY,39.167664,-86.536
9,4,1600.0,2-Car,No injury/unknown,FAILURE TO YIELD RIGHT OF WAY,39.167664,-86.5324
9,2,900.0,2-Car,No injury/unknown,DRIVER ILLNESS,39.167664,-86.5324
1,1,1500.0,2-Car,No injury/unknown,UNSAFE LANE MOVEMENT,39.167648,-86.534784
1,3,1200.0,2-Car,No injury/unknown,UNSAFE BACKING,39.167648,-86.534784
3,7,1500.0,2-Car,No injury/unknown,UNSAFE BACKING,39.167648,-86.534784
4,4,2200.0,2-Car,No injury/unknown,FOLLOWING TOO CLOSELY,39.167648,-86.534784
5,7,1600.0,2-Car,No injury/unknown,IMPROPER TURNING,39.167648,-86.534784
7,2,1000.0,Bus,Non-incapacitating,LEFT OF CENTER,39.167648,-86.534784
8,7,1000.0,2-Car,No injury/unknown,UNSAFE BACKING,39.167648,-86.534784
9,5,800.0,2-Car,No injury/unknown,FAILURE TO YIELD RIGHT OF WAY,39.167648,-86.534784
10,5,1100.0,Bus,No injury/unknown,UNSAFE BACKING,39.167648,-86.534784
11,3,1100.0,2-Car,No injury/unknown,DISREGARD SIGNAL/REG SIGN,39.167648,-86.534784
9,2,1500.0,2-Car,No injury/unknown,IMPROPER TURNING,39.167648,-86.533584
12,4,2200.0,2-Car,No injury/unknown,UNSAFE LANE MOVEMENT,39.167648,-86.533584
11,7,1800.0,2-Car,No injury/unknown,UNSAFE BACKING,39.16763976,-86.54527992
10,6,1400.0,2-Car,No injury/unknown,UNSAFE BACKING,39.16757002,-86.5348602
11,1,1900.0,2-Car,No injury/unknown,DISREGARD SIGNAL/REG SIGN,39.16757002,-86.5348602
12,5,1400.0,Bus,No injury/unknown,OTHER (DRIVER) - EXPLAIN IN NARRATIVE,39.16754991,-86.53360024
8,4,1300.0,2-Car,No injury/unknown,UNSAFE BACKING,39.16753088,-86.5298011
8,7,1100.0,2-Car,No injury/unknown,UNSAFE BACKING,39.16747603,-86.52829483
5,6,1100.0,2-Car,No injury/unknown,FOLLOWING TOO CLOSELY,39.16747214,-86.57272682
4,6,2200.0,2-Car,No injury/unknown,UNSAFE BACKING,39.16726761,-86.57099694
9,1,1300.0,2-Car,No injury/unknown,UNSAFE BACKING,39.1672661,-86.51619777
10,1,100.0,2-Car,No injury/unknown,,39.16719126,-86.50480798
12,3,300.0,2-Car,No injury/unknown,OTHER (DRIVER) - EXPLAIN IN NARRATIVE,39.16717746,-86.50589963
2,7,1500.0,1-Car,No injury/unknown,OVERCORRECTING/OVERSTEERING,39.16711271,-86.51624433
4,7,300.0,1-Car,No injury/unknown,UNSAFE SPEED,39.16711271,-86.51624433
2,7,1600.0,Bus,No injury/unknown,VIEW OBSTRUCTED,39.16711003,-86.51624299
11,3,1500.0,2-Car,Non-incapacitating,FOLLOWING TOO CLOSELY,39.16708131,-86.49505346
11,2,1200.0,2-Car,No injury/unknown,UNSAFE BACKING,39.16706644,-86.51601031
10,3,1400.0,Cyclist,Non-incapacitating,FAILURE TO YIELD RIGHT OF WAY,39.16698592,-86.5160948
4,3,2200.0,1-Car,No injury/unknown,BRAKE FAILURE OR DEFECTIVE,39.16697619,-86.59830402
2,3,900.0,2-Car,No injury/unknown,FAILURE TO YIELD RIGHT OF WAY,39.166944,-86.495056
7,5,1700.0,2-Car,No injury/unknown,FAILURE TO YIELD RIGHT OF WAY,39.166944,-86.495056
8,5,1200.0,Pedestrian,Non-incapacitating,FAILURE TO YIELD RIGHT OF WAY,39.166944,-86.495056
9,1,1400.0,Bus,No injury/unknown,OVERCORRECTING/OVERSTEERING,39.16693039,-86.50929699
8,5,1200.0,1-Car,Non-incapacitating,DRIVER DISTRACTED - EXPLAIN IN NARRATIVE,39.16691464,-86.53359564
5,6,1700.0,3+ Cars,Non-incapacitating,FOLLOWING TOO CLOSELY,39.1669102,-86.4949201
12,2,1200.0,3+ Cars,Non-incapacitating,FAILURE TO YIELD RIGHT OF WAY,39.1669102,-86.4949201
12,6,1900.0,Bus,No injury/unknown,IMPROPER TURNING,39.1669102,-86.4949201
8,3,500.0,1-Car,No injury/unknown,ANIMAL/OBJECT IN ROADWAY,39.16685824,-86.45847637
8,7,0.0,Pedestrian,Non-incapacitating,FAILURE TO YIELD RIGHT OF WAY,39.16685283,-86.5169102
1,2,1500.0,3+ Cars,No injury/unknown,DISREGARD SIGNAL/REG SIGN,39.166848,-86.506992
6,2,1400.0,2-Car,Non-incapacitating,DISREGARD SIGNAL/REG SIGN,39.166848,-86.506992
8,4,700.0,2-Car,No injury/unknown,RAN OFF ROAD RIGHT,39.166848,-86.506992
5,4,1100.0,2-Car,No injury/unknown,UNSAFE BACKING,39.166848,-86.495088
8,4,300.0,2-Car,No injury/unknown,UNSAFE BACKING,39.166848,-86.495088
12,1,100.0,2-Car,No injury/unknown,OTHER (DRIVER) - EXPLAIN IN NARRATIVE,39.166816,-86.549488
11,6,700.0,2-Car,No injury/unknown,FAILURE TO YIELD RIGHT OF WAY,39.166816,-86.549488
1,6,1300.0,2-Car,Non-incapacitating,FAILURE TO YIELD RIGHT OF WAY,39.16681029,-86.50715969
4,5,2000.0,2-Car,No injury/unknown,FAILURE TO YIELD RIGHT OF WAY,39.16679285,-86.52686722
2,3,1400.0,2-Car,No injury/unknown,UNSAFE BACKING,39.16678078,-86.52203053
7,7,1400.0,2-Car,No injury/unknown,UNSAFE BACKING,39.16678078,-86.52203053
9,5,1500.0,1-Car,No injury/unknown,OTHER (DRIVER) - EXPLAIN IN NARRATIVE,39.16678078,-86.52203053
3,5,1600.0,2-Car,No injury/unknown,UNSAFE BACKING,39.16677732,-86.53359782
5,3,1400.0,2-Car,No injury/unknown,UNSAFE BACKING,39.16677486,-86.53860637
10,2,1000.0,2-Car,No injury/unknown,UNSAFE BACKING,39.16677486,-86.53860637
10,5,2000.0,2-Car,No injury/unknown,FOLLOWING TOO CLOSELY,39.166768,-86.5452
2,4,1400.0,2-Car,No injury/unknown,OTHER (DRIVER) - EXPLAIN IN NARRATIVE,39.16673116,-86.59909039
3,2,1200.0,2-Car,No injury/unknown,FAILURE TO YIELD RIGHT OF WAY,39.16673116,-86.59909039
4,4,1400.0,2-Car,No injury/unknown,FAILURE TO YIELD RIGHT OF WAY,39.16673116,-86.59909039
9,4,1400.0,2-Car,No injury/unknown,OTHER (DRIVER) - EXPLAIN IN NARRATIVE,39.16673116,-86.59909039
11,5,1500.0,Moped/Motorcycle,No injury/unknown,OTHER (VEHICLE) - EXPLAIN IN NARRATIVE,39.16673116,-86.59909039
10,5,1800.0,2-Car,Non-incapacitating,DISREGARD SIGNAL/REG SIGN,39.16672,-86.542096
12,4,1400.0,Cyclist,Non-incapacitating,FOLLOWING TOO CLOSELY,39.16672,-86.542096
10,3,1200.0,2-Car,Non-incapacitating,FOLLOWING TOO CLOSELY,39.16671916,-86.544296
1,5,1500.0,2-Car,No injury/unknown,FAILURE TO YIELD RIGHT OF WAY,39.16670032,-86.54963985
2,4,1400.0,Moped/Motorcycle,Incapacitating,IMPROPER TURNING,39.16670032,-86.54963985
5,6,700.0,Cyclist,Non-incapacitating,OTHER (DRIVER) - EXPLAIN IN NARRATIVE,39.166688,-86.539808
10,4,1200.0,2-Car,No injury/unknown,DRIVER DISTRACTED - EXPLAIN IN NARRATIVE,39.166688,-86.539808
1,1,1200.0,2-Car,No injury/unknown,OTHER (DRIVER) - EXPLAIN IN NARRATIVE,39.16668236,-86.53938467
9,3,1000.0,2-Car,No injury/unknown,UNSAFE LANE MOVEMENT,39.16667823,-86.46179207
2,3,1000.0,2-Car,Non-incapacitating,FAILURE TO YIELD RIGHT OF WAY,39.16667553,-86.53887258
5,5,1500.0,2-Car,No injury/unknown,OTHER (DRIVER) - EXPLAIN IN NARRATIVE,39.16667233,-86.53863249
1,3,1700.0,2-Car,No injury/unknown,FAILURE TO YIELD RIGHT OF WAY,39.166672,-86.538608
2,2,1300.0,2-Car,No injury/unknown,FOLLOWING TOO CLOSELY,39.166672,-86.538608
4,6,1800.0,Cyclist,Non-incapacitating,FOLLOWING TOO CLOSELY,39.166672,-86.538608
6,4,1500.0,2-Car,No injury/unknown,UNSAFE LANE MOVEMENT,39.166672,-86.538608
8,2,1700.0,2-Car,No injury/unknown,UNSAFE BACKING,39.166672,-86.538608
10,4,1600.0,2-Car,No injury/unknown,FAILURE TO YIELD RIGHT OF WAY,39.166672,-86.538608
10,6,1600.0,3+ Cars,No injury/unknown,FOLLOWING TOO CLOSELY,39.166672,-86.538608
11,5,1400.0,2-Car,Non-incapacitating,FOLLOWING TOO CLOSELY,39.166672,-86.538608
12,6,600.0,1-Car,No injury/unknown,ANIMAL/OBJECT IN ROADWAY,39.16666479,-86.45516551
11,5,1800.0,2-Car,No injury/unknown,OTHER (DRIVER) - EXPLAIN IN NARRATIVE,39.16666009,-86.54528424
5,6,2300.0,2-Car,No injury/unknown,SPEED TOO FAST FOR WEATHER CONDITIONS,39.166656,-86.537296
4,2,700.0,2-Car,Non-incapacitating,FAILURE TO YIELD RIGHT OF WAY,39.166656,-86.537296
5,5,1400.0,2-Car,No injury/unknown,FAILURE TO YIELD RIGHT OF WAY,39.166656,-86.537296
6,6,1700.0,2-Car,Non-incapacitating,FAILURE TO YIELD RIGHT OF WAY,39.166656,-86.537296
7,3,1600.0,2-Car,Non-incapacitating,FAILURE TO YIELD RIGHT OF WAY,39.166656,-86.537296
8,7,1100.0,2-Car,No injury/unknown,FAILURE TO YIELD RIGHT OF WAY,39.166656,-86.537296
8,2,1400.0,2-Car,No injury/unknown,FAILURE TO YIELD RIGHT OF WAY,39.166656,-86.537296
4,5,100.0,2-Car,No injury/unknown,OTHER (DRIVER) - EXPLAIN IN NARRATIVE,39.16665247,-86.53703142
10,2,900.0,2-Car,No injury/unknown,DRIVER DISTRACTED - EXPLAIN IN NARRATIVE,39.16664001,-86.58802788
6,2,1300.0,2-Car,Non-incapacitating,FOLLOWING TOO CLOSELY,39.16664,-86.53307077
6,5,1200.0,Bus,No injury/unknown,IMPROPER LANE USAGE,39.16664,-86.52760165
2,2,1600.0,Moped/Motorcycle,No injury/unknown,UNSAFE BACKING,39.16664,-86.52748636
4,2,1000.0,Cyclist,Non-incapacitating,FAILURE TO YIELD RIGHT OF WAY,39.16664,-86.52801559
8,2,1600.0,2-Car,No injury/unknown,DRIVER DISTRACTED - EXPLAIN IN NARRATIVE,39.16664,-86.582992
1,7,1500.0,2-Car,No injury/unknown,FAILURE TO YIELD RIGHT OF WAY,39.16664,-86.5348
1,6,1100.0,2-Car,No injury/unknown,DISREGARD SIGNAL/REG SIGN,39.16664,-86.5348
2,4,1600.0,2-Car,No injury/unknown,FOLLOWING TOO CLOSELY,39.16664,-86.5348
2,1,1300.0,Cyclist,Non-incapacitating,FAILURE TO YIELD RIGHT OF WAY,39.16664,-86.5348
5,1,1700.0,2-Car,Non-incapacitating,DISREGARD SIGNAL/REG SIGN,39.16664,-86.5348
6,1,1600.0,Moped/Motorcycle,Incapacitating,OTHER (VEHICLE) - EXPLAIN IN NARRATIVE,39.16664,-86.5348
10,7,1500.0,2-Car,No injury/unknown,UNSAFE BACKING,39.16664,-86.5348
10,6,1300.0,2-Car,No injury/unknown,FOLLOWING TOO CLOSELY,39.16664,-86.5348
3,4,1200.0,2-Car,No injury/unknown,FAILURE TO YIELD RIGHT OF WAY,39.16664,-86.5336
3,5,300.0,2-Car,Non-incapacitating,DISREGARD SIGNAL/REG SIGN,39.16664,-86.5336
4,7,2200.0,2-Car,No injury/unknown,UNSAFE LANE MOVEMENT,39.16664,-86.5336
6,3,1800.0,2-Car,No injury/unknown,UNSAFE LANE MOVEMENT,39.16664,-86.5336
7,3,1700.0,Moped/Motorcycle,No injury/unknown,FOLLOWING TOO CLOSELY,39.16664,-86.5336
8,4,2200.0,2-Car,Non-incapacitating,DISREGARD SIGNAL/REG SIGN,39.16664,-86.5336
8,6,0.0,Moped/Motorcycle,Non-incapacitating,FAILURE TO YIELD RIGHT OF WAY,39.16664,-86.5336
9,5,1700.0,2-Car,No injury/unknown,UNSAFE LANE MOVEMENT,39.16664,-86.5336
9,5,1900.0,2-Car,No injury/unknown,UNSAFE BACKING,39.16664,-86.5336
9,4,1600.0,Moped/Motorcycle,Incapacitating,FAILURE TO YIELD RIGHT OF WAY,39.16664,-86.5336
10,3,1900.0,2-Car,Non-incapacitating,FAILURE TO YIELD RIGHT OF WAY,39.16664,-86.5336
11,3,1900.0,2-Car,No injury/unknown,UNSAFE LANE MOVEMENT,39.16664,-86.5336
1,5,1900.0,2-Car,No injury/unknown,FAILURE TO YIELD RIGHT OF WAY,39.16664,-86.53340408
11,7,0.0,2-Car,No injury/unknown,UNSAFE BACKING,39.16664,-86.5333551
4,6,1600.0,2-Car,No injury/unknown,FAILURE TO YIELD RIGHT OF WAY,39.16664,-86.530992
6,2,1100.0,2-Car,Non-incapacitating,DISREGARD SIGNAL/REG SIGN,39.16664,-86.530992
5,3,1900.0,2-Car,No injury/unknown,IMPROPER TURNING,39.16664,-86.53080686
5,7,700.0,2-Car,No injury/unknown,DRIVER DISTRACTED - EXPLAIN IN NARRATIVE,39.16664,-86.529696
3,4,1800.0,2-Car,No injury/unknown,FAILURE TO YIELD RIGHT OF WAY,39.16664,-86.528192
4,7,1600.0,Bus,No injury/unknown,OTHER (DRIVER) - EXPLAIN IN NARRATIVE,39.16664,-86.528192
9,7,1300.0,2-Car,No injury/unknown,UNSAFE LANE MOVEMENT,39.16664,-86.528192
10,3,1600.0,Cyclist,No injury/unknown,FAILURE TO YIELD RIGHT OF WAY,39.16664,-86.528192
9,6,2300.0,2-Car,No injury/unknown,IMPROPER PASSING,39.16664,-86.52768947
2,7,0.0,2-Car,No injury/unknown,,39.16664,-86.526896
4,6,1300.0,2-Car,No injury/unknown,UNSAFE SPEED,39.16664,-86.526896
7,6,1700.0,2-Car,No injury/unknown,UNSAFE BACKING,39.16664,-86.526896
12,3,1200.0,2-Car,No injury/unknown,UNSAFE LANE MOVEMENT,39.16664,-86.526896
4,1,1300.0,2-Car,Non-incapacitating,FAILURE TO YIELD RIGHT OF WAY,39.16664,-86.462496
6,6,1700.0,1-Car,No injury/unknown,RAN OFF ROAD RIGHT,39.16664,-86.462496
9,6,1200.0,3+ Cars,Non-incapacitating,FOLLOWING TOO CLOSELY,39.16664,-86.462496
6,6,1300.0,2-Car,Non-incapacitating,FOLLOWING TOO CLOSELY,39.16664,-86.454992
9,5,1700.0,2-Car,No injury/unknown,FOLLOWING TOO CLOSELY,39.16663997,-86.54220007
10,3,1100.0,1-Car,No injury/unknown,UNSAFE BACKING,39.16662072,-86.46284795
10,3,1600.0,2-Car,No injury/unknown,UNSAFE BACKING,39.1666165,-86.51632212
10,6,1600.0,2-Car,No injury/unknown,OTHER (VEHICLE) - EXPLAIN IN NARRATIVE,39.1666165,-86.51632212
10,4,1100.0,2-Car,No injury/unknown,FAILURE TO YIELD RIGHT OF WAY,39.16660979,-86.53869838
1,6,1700.0,2-Car,No injury/unknown,FAILURE TO YIELD RIGHT OF WAY,39.16660979,-86.53868973
9,3,1500.0,2-Car,No injury/unknown,FAILURE TO YIELD RIGHT OF WAY,39.16660979,-86.5374197
7,4,1100.0,3+ Cars,No injury/unknown,UNSAFE BACKING,39.16660376,-86.53088383
10,6,1200.0,2-Car,No injury/unknown,FAILURE TO YIELD RIGHT OF WAY,39.16660129,-86.53561059
4,2,1600.0,2-Car,No injury/unknown,UNSAFE BACKING,39.16659974,-86.53488032
8,6,1300.0,2-Car,Non-incapacitating,DISREGARD SIGNAL/REG SIGN,39.16659974,-86.53488032
2,7,1700.0,1-Car,No injury/unknown,RAN OFF ROAD RIGHT,39.16659657,-86.542096
1,1,200.0,2-Car,No injury/unknown,UNSAFE BACKING,39.16659303,-86.52953468
3,5,1200.0,2-Car,No injury/unknown,FOLLOWING TOO CLOSELY,39.16658968,-86.53605582
8,5,1500.0,2-Car,No injury/unknown,IMPROPER TURNING,39.16658029,-86.53359299
4,2,1100.0,1-Car,No injury/unknown,BRAKE FAILURE OR DEFECTIVE,39.16656822,-86.53888486
8,3,600.0,2-Car,No injury/unknown,DISREGARD SIGNAL/REG SIGN,39.16656017,-86.5310803
1,3,1100.0,2-Car,No injury/unknown,OTHER (DRIVER) - EXPLAIN IN NARRATIVE,39.16655902,-86.52969731
5,2,1700.0,2-Car,No injury/unknown,UNSAFE BACKING,39.16655822,-86.492816
2,6,2200.0,2-Car,No injury/unknown,UNSAFE BACKING,39.16654006,-86.52825336
11,4,1300.0,2-Car,No injury/unknown,OTHER (DRIVER) - EXPLAIN IN NARRATIVE,39.16654006,-86.5282499
8,4,700.0,2-Car,No injury/unknown,,39.166496,-86.571216
9,5,1900.0,1-Car,No injury/unknown,OTHER (DRIVER) - EXPLAIN IN NARRATIVE,39.166496,-86.571216
2,3,100.0,1-Car,No injury/unknown,RAN OFF ROAD RIGHT,39.166448,-86.466
6,1,2100.0,2-Car,No injury/unknown,UNSAFE BACKING,39.16643681,-86.50585511
1,5,1000.0,2-Car,No injury/unknown,FAILURE TO YIELD RIGHT OF WAY,39.166432,-86.4812
2,7,1800.0,2-Car,No injury/unknown,DRIVER DISTRACTED - EXPLAIN IN NARRATIVE,39.166432,-86.4812
2,3,1400.0,Bus,Incapacitating,FOLLOWING TOO CLOSELY,39.166432,-86.4812
5,2,1700.0,2-Car,No injury/unknown,IMPROPER TURNING,39.16639737,-86.5386035
2,2,1500.0,2-Car,Non-incapacitating,FOLLOWING TOO CLOSELY,39.16637453,-86.57602072
12,5,1700.0,2-Car,No injury/unknown,SPEED TOO FAST FOR WEATHER CONDITIONS,39.16636188,-86.57601351
12,2,1300.0,2-Car,No injury/unknown,DISREGARD SIGNAL/REG SIGN,39.16635968,-86.57598401
10,6,1600.0,2-Car,No injury/unknown,FAILURE TO YIELD RIGHT OF WAY,39.16630182,-86.51566028
8,4,1800.0,2-Car,Non-incapacitating,FAILURE TO YIELD RIGHT OF WAY,39.16629176,-86.51247985
12,7,1900.0,2-Car,No injury/unknown,FOLLOWING TOO CLOSELY,39.16624971,-86.48128978
3,4,0.0,2-Car,No injury/unknown,UNSAFE BACKING,39.16621786,-86.54973883
3,1,400.0,2-Car,No injury/unknown,OTHER (VEHICLE) - EXPLAIN IN NARRATIVE,39.1662177,-86.51097988
3,4,1100.0,2-Car,No injury/unknown,OTHER (DRIVER) - EXPLAIN IN NARRATIVE,39.1662177,-86.51097988
8,6,1600.0,2-Car,No injury/unknown,UNSAFE BACKING,39.1662177,-86.51097988
10,4,1800.0,2-Car,No injury/unknown,UNSAFE BACKING,39.1662177,-86.51097988
10,6,1100.0,Moped/Motorcycle,Non-incapacitating,TIRE FAILURE OR DEFECTIVE,39.16620219,-86.54330983
8,4,1600.0,Bus,No injury/unknown,OTHER (DRIVER) - EXPLAIN IN NARRATIVE,39.16619731,-86.5324
7,1,500.0,1-Car,No injury/unknown,RAN OFF ROAD RIGHT,39.16619049,-86.46728758
7,1,500.0,2-Car,Non-incapacitating,ANIMAL/OBJECT IN ROADWAY,39.16619049,-86.46728758
9,3,1600.0,Moped/Motorcycle,Non-incapacitating,FAILURE TO YIELD RIGHT OF WAY,39.16617195,-86.51651859
5,6,1800.0,2-Car,No injury/unknown,OTHER (VEHICLE) - EXPLAIN IN NARRATIVE,39.16611862,-86.65584564
2,1,1900.0,2-Car,No injury/unknown,UNSAFE BACKING,39.16609012,-86.57594829
5,1,1400.0,2-Car,No injury/unknown,FAILURE TO YIELD RIGHT OF WAY,39.16609012,-86.57594829
5,3,1400.0,2-Car,No injury/unknown,UNSAFE BACKING,39.16609012,-86.57594829
5,5,1200.0,2-Car,No injury/unknown,FAILURE TO YIELD RIGHT OF WAY,39.16609012,-86.57594829
10,6,1800.0,2-Car,No injury/unknown,OTHER (DRIVER) - EXPLAIN IN NARRATIVE,39.1660538,-86.46797102
11,3,1100.0,2-Car,No injury/unknown,FAILURE TO YIELD RIGHT OF WAY,39.16603654,-86.54850997
4,3,200.0,1-Car,Non-incapacitating,OTHER (VEHICLE) - EXPLAIN IN NARRATIVE,39.16599471,-86.4681295
2,4,700.0,2-Car,No injury/unknown,OTHER (DRIVER) - EXPLAIN IN NARRATIVE,39.16599143,-86.50083204
12,5,1000.0,2-Car,No injury/unknown,UNSAFE LANE MOVEMENT,39.16581279,-86.5336
7,6,1500.0,2-Car,No injury/unknown,FOLLOWING TOO CLOSELY,39.16580218,-86.46859738
9,3,1400.0,2-Car,No injury/unknown,IMPROPER PASSING,39.16576211,-86.52340156
5,2,1800.0,Cyclist,Non-incapacitating,FAILURE TO YIELD RIGHT OF WAY,39.165728,-86.543632
7,3,1200.0,2-Car,Non-incapacitating,FOLLOWING TOO CLOSELY,39.165696,-86.538592
9,4,1700.0,2-Car,No injury/unknown,FAILURE TO YIELD RIGHT OF WAY,39.165696,-86.538592
4,5,1800.0,3+ Cars,No injury/unknown,UNSAFE BACKING,39.16568196,-86.53745469
5,5,1500.0,2-Car,No injury/unknown,FOLLOWING TOO CLOSELY,39.16568,-86.537296
4,7,1500.0,2-Car,No injury/unknown,UNSAFE BACKING,39.16568,-86.537296
5,6,1200.0,2-Car,No injury/unknown,OTHER (DRIVER) - EXPLAIN IN NARRATIVE,39.165664,-86.53501169
1,6,1800.0,2-Car,No injury/unknown,FOLLOWING TOO CLOSELY,39.165664,-86.5348
2,7,0.0,2-Car,No injury/unknown,DISREGARD SIGNAL/REG SIGN,39.165664,-86.5348
2,7,0.0,2-Car,Non-incapacitating,SPEED TOO FAST FOR WEATHER CONDITIONS,39.165664,-86.5348
4,1,300.0,3+ Cars,No injury/unknown,RAN OFF ROAD RIGHT,39.165664,-86.5348
10,1,1700.0,2-Car,Non-incapacitating,DISREGARD SIGNAL/REG SIGN,39.165664,-86.5348
8,3,1400.0,1-Car,No injury/unknown,UNSAFE BACKING,39.16566165,-86.53462362
4,4,800.0,2-Car,No injury/unknown,FAILURE TO YIELD RIGHT OF WAY,39.1656562,-86.58297258
6,4,1700.0,2-Car,No injury/unknown,UNSAFE BACKING,39.165648,-86.52935918
12,1,2000.0,2-Car,No injury/unknown,UNSAFE BACKING,39.165648,-86.52935918
9,4,1700.0,2-Car,Non-incapacitating,FOLLOWING TOO CLOSELY,39.165648,-86.53324718
1,3,1500.0,1-Car,No injury/unknown,OTHER (DRIVER) - EXPLAIN IN NARRATIVE,39.165648,-86.5336
1,3,1200.0,2-Car,No injury/unknown,DISREGARD SIGNAL/REG SIGN,39.165648,-86.5336
1,4,1500.0,2-Car,No injury/unknown,FAILURE TO YIELD RIGHT OF WAY,39.165648,-86.5336
2,6,1400.0,2-Car,No injury/unknown,FAILURE TO YIELD RIGHT OF WAY,39.165648,-86.5336
3,5,1200.0,3+ Cars,Non-incapacitating,FAILURE TO YIELD RIGHT OF WAY,39.165648,-86.5336
6,4,2100.0,2-Car,No injury/unknown,OTHER (DRIVER) - EXPLAIN IN NARRATIVE,39.165648,-86.5336
5,5,1200.0,2-Car,No injury/unknown,UNSAFE BACKING,39.165648,-86.5336
10,6,800.0,2-Car,No injury/unknown,FAILURE TO YIELD RIGHT OF WAY,39.165648,-86.5336
10,6,1300.0,2-Car,No injury/unknown,DISREGARD SIGNAL/REG SIGN,39.165648,-86.5336