Month,Day,Hour,Collision Type,Injury Type,Primary Factor,Latitude,Longitude
12,5,1000.0,2-Car,No injury/unknown,OTHER (DRIVER) - EXPLAIN IN NARRATIVE,39.165648,-86.5336
4,4,1900.0,Bus,No injury/unknown,IMPROPER TURNING,39.165648,-86.5324
3,3,1500.0,2-Car,No injury/unknown,UNSAFE BACKING,39.165648,-86.531008
10,2,1500.0,2-Car,No injury/unknown,OTHER (DRIVER) - EXPLAIN IN NARRATIVE,39.165648,-86.531008
12,2,1100.0,2-Car,No injury/unknown,FAILURE TO YIELD RIGHT OF WAY,39.165648,-86.531008
9,6,2200.0,2-Car,No injury/unknown,UNSAFE BACKING,39.165648,-86.529392
2,6,1800.0,2-Car,No injury/unknown,OTHER (VEHICLE) - EXPLAIN IN NARRATIVE,39.165648,-86.528144
11,3,900.0,Pedestrian,Non-incapacitating,FAILURE TO YIELD RIGHT OF WAY,39.165648,-86.528144
4,6,2100.0,2-Car,No injury/unknown,IMPROPER TURNING,39.165648,-86.526848
9,5,700.0,2-Car,No injury/unknown,UNSAFE BACKING,39.165648,-86.526848
11,5,1200.0,Bus,No injury/unknown,OVERCORRECTING/OVERSTEERING,39.165648,-86.526848
4,6,0.0,2-Car,No injury/unknown,,39.16564018,-86.54219001
4,2,1700.0,2-Car,No injury/unknown,FAILURE TO YIELD RIGHT OF WAY,39.16563012,-86.53869979
3,5,1200.0,2-Car,No injury/unknown,FAILURE TO YIELD RIGHT OF WAY,39.16563012,-86.53869113
4,5,1100.0,2-Car,No injury/unknown,FAILURE TO YIELD RIGHT OF WAY,39.16562006,-86.57599993
4,5,1200.0,2-Car,Non-incapacitating,FOLLOWING TOO CLOSELY,39.16562006,-86.57599993
6,6,1400.0,2-Car,No injury/unknown,FAILURE TO YIELD RIGHT OF WAY,39.16562006,-86.57599993
5,5,1900.0,2-Car,No injury/unknown,FAILURE TO YIELD RIGHT OF WAY,39.16562006,-86.57599993
12,6,1900.0,2-Car,No injury/unknown,FOLLOWING TOO CLOSELY,39.16562006,-86.57599993
11,7,1800.0,2-Car,No injury/unknown,FAILURE TO YIELD RIGHT OF WAY,39.16562006,-86.57599993
10,3,1800.0,Cyclist,Non-incapacitating,FAILURE TO YIELD RIGHT OF WAY,39.16561,-86.53742976
5,4,1200.0,2-Car,No injury/unknown,FAILURE TO YIELD RIGHT OF WAY,39.16560464,-86.52959235
9,1,1400.0,2-Car,No injury/unknown,UNSAFE LANE MOVEMENT,39.16558988,-86.53488971
9,6,900.0,2-Car,No injury/unknown,FOLLOWING TOO CLOSELY,39.16557983,-86.53361968
8,2,1600.0,Cyclist,Non-incapacitating,FAILURE TO YIELD RIGHT OF WAY,39.16557983,-86.53235033
9,3,1000.0,2-Car,No injury/unknown,DISREGARD SIGNAL/REG SIGN,39.16557983,-86.53235033
7,5,1000.0,2-Car,No injury/unknown,FAILURE TO YIELD RIGHT OF WAY,39.16555971,-86.52822978
11,6,900.0,2-Car,No injury/unknown,FAILURE TO YIELD RIGHT OF WAY,39.16555971,-86.52822978
10,6,2100.0,2-Car,No injury/unknown,IMPROPER TURNING,39.16555032,-86.52691014
12,6,800.0,2-Car,No injury/unknown,OTHER (DRIVER) - EXPLAIN IN NARRATIVE,39.16554898,-86.49269722
11,2,1700.0,2-Car,No injury/unknown,OVERCORRECTING/OVERSTEERING,39.1655457,-86.52823704
3,2,1700.0,3+ Cars,No injury/unknown,UNSAFE LANE MOVEMENT,39.16552668,-86.53480215
4,6,1400.0,2-Car,No injury/unknown,UNSAFE BACKING,39.16552457,-86.52971396
4,2,1100.0,2-Car,No injury/unknown,UNSAFE BACKING,39.16551344,-86.52805343
9,7,1600.0,3+ Cars,No injury/unknown,UNSAFE BACKING,39.16550106,-86.52684212
4,4,800.0,Cyclist,Non-incapacitating,IMPROPER PASSING,39.16547615,-86.51549935
4,4,1500.0,2-Car,No injury/unknown,FAILURE TO YIELD RIGHT OF WAY,39.16546286,-86.5336
10,6,1000.0,2-Car,No injury/unknown,OTHER (DRIVER) - EXPLAIN IN NARRATIVE,39.16542816,-86.4920578
11,7,1600.0,1-Car,No injury/unknown,RAN OFF ROAD RIGHT,39.16541263,-86.52833975
10,3,1100.0,2-Car,No injury/unknown,UNSAFE BACKING,39.16540012,-86.51642294
11,3,900.0,2-Car,No injury/unknown,UNSAFE BACKING,39.16540012,-86.51642294
1,7,1600.0,Bus,Non-incapacitating,FAILURE TO YIELD RIGHT OF WAY,39.16540012,-86.51640996
2,1,800.0,2-Car,No injury/unknown,IMPROPER PASSING,39.16540012,-86.51640996
6,3,1200.0,Cyclist,Non-incapacitating,FAILURE TO YIELD RIGHT OF WAY,39.16506397,-86.495088
3,2,1300.0,1-Car,Non-incapacitating,OTHER (DRIVER) - EXPLAIN IN NARRATIVE,39.16499973,-86.4523412
5,2,800.0,1-Car,No injury/unknown,,39.16499973,-86.4523412
9,2,1800.0,1-Car,Incapacitating,SPEED TOO FAST FOR WEATHER CONDITIONS,39.16498559,-86.43110494
4,5,400.0,1-Car,No injury/unknown,ANIMAL/OBJECT IN ROADWAY,39.16494012,-86.61103025
1,5,1600.0,2-Car,No injury/unknown,FAILURE TO YIELD RIGHT OF WAY,39.164848,-86.58360163
7,7,1800.0,1-Car,No injury/unknown,,39.164848,-86.580096
10,3,1500.0,2-Car,No injury/unknown,FAILURE TO YIELD RIGHT OF WAY,39.164848,-86.57962482
12,1,700.0,2-Car,No injury/unknown,FAILURE TO YIELD RIGHT OF WAY,39.164848,-86.5761011
3,3,1400.0,2-Car,No injury/unknown,OTHER (DRIVER) - EXPLAIN IN NARRATIVE,39.164848,-86.575104
12,2,1600.0,3+ Cars,No injury/unknown,OTHER (DRIVER) - EXPLAIN IN NARRATIVE,39.164848,-86.57487674
1,6,1200.0,Pedestrian,Incapacitating,OTHER (DRIVER) - EXPLAIN IN NARRATIVE,39.164848,-86.57464947
8,4,1400.0,2-Car,No injury/unknown,FAILURE TO YIELD RIGHT OF WAY,39.164848,-86.57450741
2,6,1500.0,2-Car,No injury/unknown,FOLLOWING TOO CLOSELY,39.16484767,-86.58010841
1,7,1200.0,1-Car,No injury/unknown,OTHER (DRIVER) - EXPLAIN IN NARRATIVE,39.16484267,-86.58123733
1,5,1100.0,2-Car,No injury/unknown,FAILURE TO YIELD RIGHT OF WAY,39.164816,-86.573888
6,7,1500.0,Moped/Motorcycle,Non-incapacitating,FAILURE TO YIELD RIGHT OF WAY,39.164816,-86.573888
3,6,1300.0,2-Car,Non-incapacitating,FOLLOWING TOO CLOSELY,39.1648,-86.573792
8,4,2000.0,2-Car,Non-incapacitating,FOLLOWING TOO CLOSELY,39.1648,-86.573792
1,4,1600.0,2-Car,No injury/unknown,FAILURE TO YIELD RIGHT OF WAY,39.16478931,-86.495088
6,2,1400.0,2-Car,No injury/unknown,FAILURE TO YIELD RIGHT OF WAY,39.16478931,-86.495088
6,6,300.0,1-Car,No injury/unknown,UNSAFE BACKING,39.16477966,-86.45194244
7,6,1500.0,3+ Cars,Non-incapacitating,FOLLOWING TOO CLOSELY,39.16476916,-86.57334998
3,4,1200.0,3+ Cars,Non-incapacitating,FOLLOWING TOO CLOSELY,39.16476426,-86.5732797
2,2,900.0,2-Car,No injury/unknown,DISREGARD SIGNAL/REG SIGN,39.164752,-86.573104
2,6,1400.0,2-Car,No injury/unknown,IMPROPER TURNING,39.164752,-86.573104
2,1,100.0,2-Car,No injury/unknown,FOLLOWING TOO CLOSELY,39.164752,-86.573104
3,5,1600.0,2-Car,No injury/unknown,FOLLOWING TOO CLOSELY,39.164752,-86.573104
3,7,2000.0,2-Car,Non-incapacitating,FAILURE TO YIELD RIGHT OF WAY,39.164752,-86.573104
4,6,600.0,2-Car,No injury/unknown,DISREGARD SIGNAL/REG SIGN,39.164752,-86.573104
7,1,1200.0,2-Car,No injury/unknown,FAILURE TO YIELD RIGHT OF WAY,39.164752,-86.573104
8,7,900.0,2-Car,Non-incapacitating,CELL PHONE USAGE,39.164752,-86.573104
8,4,1700.0,2-Car,No injury/unknown,OTHER (DRIVER) - EXPLAIN IN NARRATIVE,39.164752,-86.573104
9,7,2100.0,2-Car,No injury/unknown,DISREGARD SIGNAL/REG SIGN,39.164752,-86.573104
9,6,1200.0,2-Car,Non-incapacitating,DISREGARD SIGNAL/REG SIGN,39.164752,-86.573104
10,2,600.0,2-Car,No injury/unknown,FAILURE TO YIELD RIGHT OF WAY,39.164752,-86.573104
10,4,800.0,2-Car,Non-incapacitating,FOLLOWING TOO CLOSELY,39.164752,-86.573104
11,5,0.0,2-Car,No injury/unknown,FAILURE TO YIELD RIGHT OF WAY,39.164752,-86.573104
11,7,1000.0,2-Car,Non-incapacitating,FOLLOWING TOO CLOSELY,39.164752,-86.573104
12,7,600.0,2-Car,No injury/unknown,FAILURE TO YIELD RIGHT OF WAY,39.164752,-86.573104
12,3,1400.0,3+ Cars,No injury/unknown,FOLLOWING TOO CLOSELY,39.164752,-86.573104
1,7,2200.0,2-Car,No injury/unknown,FAILURE TO YIELD RIGHT OF WAY,39.16474251,-86.57282163
3,7,1700.0,2-Car,No injury/unknown,OTHER (DRIVER) - EXPLAIN IN NARRATIVE,39.16474251,-86.57282163
6,6,2200.0,2-Car,No injury/unknown,UNSAFE BACKING,39.16474251,-86.57282163
4,4,700.0,2-Car,No injury/unknown,FOLLOWING TOO CLOSELY,39.16474029,-86.59259006
10,2,1900.0,2-Car,Non-incapacitating,DISREGARD SIGNAL/REG SIGN,39.16474029,-86.59259006
2,3,1800.0,2-Car,Non-incapacitating,OTHER (DRIVER) - EXPLAIN IN NARRATIVE,39.16473871,-86.57270868
10,2,1200.0,2-Car,No injury/unknown,UNSAFE BACKING,39.16473389,-86.49459838
12,7,1000.0,2-Car,No injury/unknown,OTHER (DRIVER) - EXPLAIN IN NARRATIVE,39.16472732,-86.57236983
8,7,2300.0,2-Car,No injury/unknown,FAILURE TO YIELD RIGHT OF WAY,39.16472,-86.538592
8,6,1100.0,2-Car,No injury/unknown,FOLLOWING TOO CLOSELY,39.16472,-86.538592
9,7,1700.0,2-Car,No injury/unknown,FAILURE TO YIELD RIGHT OF WAY,39.16472,-86.538592
10,1,400.0,2-Car,No injury/unknown,IMPROPER LANE USAGE,39.16472,-86.538592
1,4,1900.0,2-Car,No injury/unknown,UNSAFE BACKING,39.16470933,-86.57183467
6,2,1600.0,2-Car,No injury/unknown,UNSAFE BACKING,39.16470933,-86.57183467
12,7,1200.0,2-Car,No injury/unknown,UNSAFE BACKING,39.16470933,-86.57183467
12,4,1300.0,2-Car,No injury/unknown,UNSAFE BACKING,39.16470933,-86.57183467
12,6,1900.0,3+ Cars,No injury/unknown,SPEED TOO FAST FOR WEATHER CONDITIONS,39.16470933,-86.57183467
12,7,1600.0,2-Car,No injury/unknown,SPEED TOO FAST FOR WEATHER CONDITIONS,39.16470933,-86.57183467
12,7,1600.0,2-Car,No injury/unknown,SPEED TOO FAST FOR WEATHER CONDITIONS,39.16470933,-86.57183467
1,4,1600.0,2-Car,No injury/unknown,DISREGARD SIGNAL/REG SIGN,39.164704,-86.537296
6,6,2100.0,2-Car,Non-incapacitating,DISREGARD SIGNAL/REG SIGN,39.164704,-86.537296
8,6,1400.0,2-Car,No injury/unknown,UNSAFE LANE MOVEMENT,39.16470006,-86.58646993
9,5,1600.0,3+ Cars,No injury/unknown,FOLLOWING TOO CLOSELY,39.16470006,-86.58646993
5,6,1900.0,2-Car,No injury/unknown,UNSAFE BACKING,39.16469993,-86.57155498
11,1,1200.0,2-Car,No injury/unknown,IMPROPER LANE USAGE,39.16469,-86.58588417
2,3,1900.0,2-Car,No injury/unknown,FAILURE TO YIELD RIGHT OF WAY,39.164688,-86.5712
12,5,1100.0,3+ Cars,No injury/unknown,BRAKE FAILURE OR DEFECTIVE,39.164688,-86.5712
12,6,1600.0,2-Car,No injury/unknown,FOLLOWING TOO CLOSELY,39.164688,-86.5712
10,4,100.0,1-Car,Incapacitating,OBSTRUCTION NOT MARKED,39.16468175,-86.58296764
4,2,1500.0,2-Car,No injury/unknown,UNSAFE BACKING,39.164672,-86.536192
3,6,1800.0,2-Car,No injury/unknown,IMPROPER TURNING,39.16466933,-86.57021333
10,7,1700.0,2-Car,No injury/unknown,OTHER (DRIVER) - EXPLAIN IN NARRATIVE,39.16466933,-86.57021333
10,6,1600.0,Pedestrian,Incapacitating,FAILURE TO YIELD RIGHT OF WAY,39.16466933,-86.57021333
11,6,0.0,2-Car,No injury/unknown,FOLLOWING TOO CLOSELY,39.16466933,-86.57021333
6,6,900.0,2-Car,No injury/unknown,OTHER (ENVIRONMENTAL) - EXPLAIN IN NARR,39.1646605,-86.57929301
10,6,1400.0,2-Car,No injury/unknown,FOLLOWING TOO CLOSELY,39.16465983,-86.58298063
4,3,1000.0,3+ Cars,No injury/unknown,FOLLOWING TOO CLOSELY,39.16465983,-86.58292435
1,6,1600.0,2-Car,No injury/unknown,IMPROPER TURNING,39.16465983,-86.58292002
4,3,400.0,2-Car,No injury/unknown,UNSAFE LANE MOVEMENT,39.16465983,-86.58292002
6,6,1500.0,2-Car,No injury/unknown,UNSAFE BACKING,39.16465983,-86.58292002
8,2,2100.0,Pedestrian,Non-incapacitating,FAILURE TO YIELD RIGHT OF WAY,39.16465983,-86.58292002
10,3,1400.0,2-Car,No injury/unknown,FOLLOWING TOO CLOSELY,39.16465983,-86.58292002
10,2,1600.0,2-Car,No injury/unknown,FAILURE TO YIELD RIGHT OF WAY,39.16465983,-86.58292002
10,3,0.0,2-Car,Non-incapacitating,DISREGARD SIGNAL/REG SIGN,39.16465983,-86.58292002
10,5,1400.0,3+ Cars,No injury/unknown,FOLLOWING TOO CLOSELY,39.16465983,-86.58292002
10,4,1600.0,2-Car,No injury/unknown,IMPROPER LANE USAGE,39.16465983,-86.58292002
6,2,1500.0,2-Car,No injury/unknown,FOLLOWING TOO CLOSELY,39.16465983,-86.5829131
8,4,2100.0,2-Car,No injury/unknown,UNSAFE LANE MOVEMENT,39.16465983,-86.58289405
3,6,1500.0,2-Car,No injury/unknown,FAILURE TO YIELD RIGHT OF WAY,39.16465983,-86.58283344
3,6,2000.0,2-Car,No injury/unknown,FAILURE TO YIELD RIGHT OF WAY,39.16465508,-86.5829194
9,4,1500.0,2-Car,No injury/unknown,OTHER (DRIVER) - EXPLAIN IN NARRATIVE,39.16465198,-86.495088
11,7,200.0,2-Car,No injury/unknown,FOLLOWING TOO CLOSELY,39.16464,-86.52925994
8,7,1400.0,2-Car,No injury/unknown,UNSAFE BACKING,39.16464,-86.56913891
3,7,1500.0,2-Car,No injury/unknown,OTHER (DRIVER) - EXPLAIN IN NARRATIVE,39.16464,-86.56905455
8,3,1500.0,2-Car,No injury/unknown,UNSAFE BACKING,39.16464,-86.56905455
8,4,1800.0,2-Car,No injury/unknown,OTHER (DRIVER) - EXPLAIN IN NARRATIVE,39.16464,-86.56905455
2,4,1800.0,2-Car,No injury/unknown,FOLLOWING TOO CLOSELY,39.16464,-86.568
3,6,1700.0,2-Car,No injury/unknown,FOLLOWING TOO CLOSELY,39.16464,-86.568
3,4,1300.0,2-Car,No injury/unknown,BRAKE FAILURE OR DEFECTIVE,39.16464,-86.568
4,6,1700.0,2-Car,Non-incapacitating,DISREGARD SIGNAL/REG SIGN,39.16464,-86.568
6,2,1600.0,3+ Cars,No injury/unknown,FAILURE TO YIELD RIGHT OF WAY,39.16464,-86.568
8,4,900.0,2-Car,No injury/unknown,UNSAFE LANE MOVEMENT,39.16464,-86.568
9,6,1600.0,3+ Cars,Non-incapacitating,FOLLOWING TOO CLOSELY,39.16464,-86.568
10,2,1500.0,2-Car,Non-incapacitating,FOLLOWING TOO CLOSELY,39.16464,-86.568
5,1,100.0,1-Car,No injury/unknown,RAN OFF ROAD RIGHT,39.16464,-86.56783019
7,6,1600.0,2-Car,No injury/unknown,FAILURE TO YIELD RIGHT OF WAY,39.16464,-86.56764719
1,3,1700.0,2-Car,No injury/unknown,UNSAFE BACKING,39.16464,-86.564992
3,6,1700.0,2-Car,No injury/unknown,FAILURE TO YIELD RIGHT OF WAY,39.16464,-86.564992
1,2,1600.0,2-Car,No injury/unknown,IMPROPER TURNING,39.16464,-86.534816
2,7,900.0,2-Car,No injury/unknown,FAILURE TO YIELD RIGHT OF WAY,39.16464,-86.534816
2,2,900.0,2-Car,No injury/unknown,FAILURE TO YIELD RIGHT OF WAY,39.16464,-86.534816
3,6,1200.0,2-Car,Incapacitating,DISREGARD SIGNAL/REG SIGN,39.16464,-86.534816
3,6,1100.0,2-Car,No injury/unknown,SPEED TOO FAST FOR WEATHER CONDITIONS,39.16464,-86.534816
6,1,2200.0,2-Car,No injury/unknown,DISREGARD SIGNAL/REG SIGN,39.16464,-86.534816
6,2,1300.0,2-Car,Non-incapacitating,FOLLOWING TOO CLOSELY,39.16464,-86.534816
7,3,1900.0,2-Car,No injury/unknown,DISREGARD SIGNAL/REG SIGN,39.16464,-86.534816
7,2,1600.0,2-Car,No injury/unknown,DISREGARD SIGNAL/REG SIGN,39.16464,-86.534816
8,2,1600.0,2-Car,No injury/unknown,FAILURE TO YIELD RIGHT OF WAY,39.16464,-86.534816
8,2,1900.0,Bus,No injury/unknown,DISREGARD SIGNAL/REG SIGN,39.16464,-86.534816
9,5,1600.0,2-Car,No injury/unknown,UNSAFE LANE MOVEMENT,39.16464,-86.534816
10,2,1900.0,2-Car,No injury/unknown,UNSAFE LANE MOVEMENT,39.16464,-86.534816
11,5,1600.0,2-Car,Non-incapacitating,FOLLOWING TOO CLOSELY,39.16464,-86.534816
11,7,900.0,2-Car,Non-incapacitating,FAILURE TO YIELD RIGHT OF WAY,39.16464,-86.534816
9,7,1800.0,2-Car,No injury/unknown,FOLLOWING TOO CLOSELY,39.16464,-86.53446319
1,7,1300.0,2-Car,No injury/unknown,DISREGARD SIGNAL/REG SIGN,39.16464,-86.5336
1,7,1200.0,2-Car,No injury/unknown,SPEED TOO FAST FOR WEATHER CONDITIONS,39.16464,-86.5336
1,6,1400.0,Bus,No injury/unknown,DISREGARD SIGNAL/REG SIGN,39.16464,-86.5336
2,4,1700.0,2-Car,No injury/unknown,DISREGARD SIGNAL/REG SIGN,39.16464,-86.5336
5,5,2200.0,2-Car,No injury/unknown,DISREGARD SIGNAL/REG SIGN,39.16464,-86.5336
3,2,1300.0,2-Car,No injury/unknown,UNSAFE BACKING,39.16464,-86.5336
4,5,300.0,1-Car,No injury/unknown,IMPROPER TURNING,39.16464,-86.5336
4,4,1700.0,Bus,No injury/unknown,BRAKE FAILURE OR DEFECTIVE,39.16464,-86.5336
4,6,1100.0,2-Car,No injury/unknown,UNSAFE BACKING,39.16464,-86.5336
4,1,300.0,2-Car,No injury/unknown,,39.16464,-86.5336
6,2,200.0,2-Car,No injury/unknown,UNSAFE BACKING,39.16464,-86.5336
6,2,1300.0,2-Car,No injury/unknown,FAILURE TO YIELD RIGHT OF WAY,39.16464,-86.5336
9,1,1400.0,2-Car,Incapacitating,WRONG WAY ON ONE WAY,39.16464,-86.5336
10,2,1700.0,2-Car,No injury/unknown,FAILURE TO YIELD RIGHT OF WAY,39.16464,-86.5336
11,1,1800.0,2-Car,Non-incapacitating,DISREGARD SIGNAL/REG SIGN,39.16464,-86.5336
1,1,1500.0,2-Car,No injury/unknown,DISREGARD SIGNAL/REG SIGN,39.16464,-86.5324
3,4,1700.0,2-Car,No injury/unknown,UNSAFE BACKING,39.16464,-86.5324
6,4,900.0,2-Car,No injury/unknown,DISREGARD SIGNAL/REG SIGN,39.16464,-86.5324
8,5,500.0,2-Car,No injury/unknown,UNSAFE BACKING,39.16464,-86.5324
9,2,1400.0,Cyclist,Non-incapacitating,OTHER (DRIVER) - EXPLAIN IN NARRATIVE,39.16464,-86.5324
12,7,300.0,2-Car,No injury/unknown,UNSAFE BACKING,39.16464,-86.5324
11,6,2300.0,2-Car,No injury/unknown,FAILURE TO YIELD RIGHT OF WAY,39.16464,-86.5324
11,6,700.0,2-Car,No injury/unknown,OTHER (DRIVER) - EXPLAIN IN NARRATIVE,39.16464,-86.5324
7,2,1500.0,2-Car,No injury/unknown,UNSAFE BACKING,39.16464,-86.53211918
1,6,1200.0,2-Car,No injury/unknown,DISREGARD SIGNAL/REG SIGN,39.16464,-86.531024
4,5,1800.0,2-Car,No injury/unknown,FOLLOWING TOO CLOSELY,39.16464,-86.531024
7,2,1600.0,2-Car,No injury/unknown,FOLLOWING TOO CLOSELY,39.16464,-86.531024
1,5,1100.0,2-Car,No injury/unknown,FAILURE TO YIELD RIGHT OF WAY,39.16464,-86.529728
2,2,1700.0,2-Car,Non-incapacitating,FOLLOWING TOO CLOSELY,39.16464,-86.529728
6,7,1500.0,Pedestrian,Incapacitating,DISREGARD SIGNAL/REG SIGN,39.16464,-86.529728
8,1,1200.0,2-Car,No injury/unknown,FAILURE TO YIELD RIGHT OF WAY,39.16464,-86.529728
8,3,1800.0,2-Car,No injury/unknown,FAILURE TO YIELD RIGHT OF WAY,39.16464,-86.529728
8,6,1300.0,2-Car,Non-incapacitating,FAILURE TO YIELD RIGHT OF WAY,39.16464,-86.529728
9,5,1700.0,2-Car,No injury/unknown,FAILURE TO YIELD RIGHT OF WAY,39.16464,-86.529728
9,2,0.0,2-Car,No injury/unknown,FAILURE TO YIELD RIGHT OF WAY,39.16464,-86.529728
10,2,1600.0,2-Car,Non-incapacitating,FAILURE TO YIELD RIGHT OF WAY,39.16464,-86.529728
2,7,0.0,1-Car,No injury/unknown,ROADWAY SURFACE CONDITION,39.16464,-86.52906697
10,6,2300.0,2-Car,No injury/unknown,FAILURE TO YIELD RIGHT OF WAY,39.16463032,-86.53869979
6,6,2300.0,2-Car,Non-incapacitating,FAILURE TO YIELD RIGHT OF WAY,39.16462591,-86.53489203
2,6,1100.0,3+ Cars,Non-incapacitating,FOLLOWING TOO CLOSELY,39.16461055,-86.57908936
3,1,1200.0,2-Car,No injury/unknown,DRIVER DISTRACTED - EXPLAIN IN NARRATIVE,39.16461021,-86.57914738
1,2,1300.0,2-Car,No injury/unknown,FOLLOWING TOO CLOSELY,39.16461021,-86.57913006
5,5,1900.0,2-Car,No injury/unknown,FAILURE TO YIELD RIGHT OF WAY,39.16461021,-86.57913006
6,5,700.0,3+ Cars,Non-incapacitating,DRIVER DISTRACTED - EXPLAIN IN NARRATIVE,39.16461021,-86.57913006
6,6,2000.0,3+ Cars,No injury/unknown,FOLLOWING TOO CLOSELY,39.16461021,-86.57913006
8,5,800.0,2-Car,Non-incapacitating,DISREGARD SIGNAL/REG SIGN,39.16461021,-86.57913006
11,5,1500.0,2-Car,Non-incapacitating,FAILURE TO YIELD RIGHT OF WAY,39.16461021,-86.57913006
11,2,1600.0,2-Car,No injury/unknown,FOLLOWING TOO CLOSELY,39.16461021,-86.57913006
11,4,1200.0,2-Car,Non-incapacitating,FOLLOWING TOO CLOSELY,39.16461021,-86.57913006
12,5,1600.0,2-Car,No injury/unknown,DISREGARD SIGNAL/REG SIGN,39.16461021,-86.57913006
6,7,1900.0,2-Car,Non-incapacitating,FAILURE TO YIELD RIGHT OF WAY,39.16461021,-86.57912487
6,2,1800.0,2-Car,Non-incapacitating,FOLLOWING TOO CLOSELY,39.16461021,-86.57912141
4,5,1100.0,Pedestrian,Non-incapacitating,FAILURE TO YIELD RIGHT OF WAY,39.16461021,-86.57911275
6,3,1700.0,2-Car,Non-incapacitating,FAILURE TO YIELD RIGHT OF WAY,39.16460969,-86.57911485
7,7,800.0,2-Car,No injury/unknown,UNSAFE BACKING,39.16460343,-86.5336
10,5,800.0,2-Car,No injury/unknown,OTHER (DRIVER) - EXPLAIN IN NARRATIVE,39.16460037,-86.47589874
6,5,1400.0,2-Car,No injury/unknown,DISREGARD SIGNAL/REG SIGN,39.16460015,-86.53489977
8,3,1700.0,2-Car,No injury/unknown,FOLLOWING TOO CLOSELY,39.16460015,-86.53489977
9,2,2100.0,2-Car,No injury/unknown,FAILURE TO YIELD RIGHT OF WAY,39.16460015,-86.53489977
11,7,1500.0,2-Car,No injury/unknown,FOLLOWING TOO CLOSELY,39.16460015,-86.53489977
12,2,1000.0,2-Car,Incapacitating,DISREGARD SIGNAL/REG SIGN,39.16460015,-86.53489977
12,6,1900.0,2-Car,No injury/unknown,SPEED TOO FAST FOR WEATHER CONDITIONS,39.16460015,-86.53489977
1,4,1300.0,3+ Cars,Non-incapacitating,FOLLOWING TOO CLOSELY,39.16460015,-86.53362974
5,4,1300.0,2-Car,No injury/unknown,UNSAFE BACKING,39.16460015,-86.53362974
8,2,500.0,2-Car,No injury/unknown,FAILURE TO YIELD RIGHT OF WAY,39.16460015,-86.53362974
11,5,1200.0,2-Car,No injury/unknown,FOLLOWING TOO CLOSELY,39.16460015,-86.53362974
12,2,700.0,2-Car,Non-incapacitating,DISREGARD SIGNAL/REG SIGN,39.16460015,-86.53235971
4,5,1500.0,2-Car,No injury/unknown,IMPROPER TURNING,39.16459009,-86.57619975
6,6,1500.0,2-Car,No injury/unknown,FAILURE TO YIELD RIGHT OF WAY,39.16459009,-86.57619975
6,1,1300.0,2-Car,No injury/unknown,UNSAFE LANE MOVEMENT,39.16459009,-86.57619975
8,1,2200.0,2-Car,No injury/unknown,FAILURE TO YIELD RIGHT OF WAY,39.16459009,-86.57619975
8,6,1700.0,2-Car,No injury/unknown,FOLLOWING TOO CLOSELY,39.16459009,-86.57619975
8,2,1500.0,2-Car,No injury/unknown,OTHER (DRIVER) - EXPLAIN IN NARRATIVE,39.16459009,-86.57619975
9,6,2200.0,2-Car,No injury/unknown,FAILURE TO YIELD RIGHT OF WAY,39.16459009,-86.57619975
9,7,1300.0,3+ Cars,No injury/unknown,OTHER (DRIVER) - EXPLAIN IN NARRATIVE,39.16459009,-86.57619975
12,4,1400.0,2-Car,No injury/unknown,FOLLOWING TOO CLOSELY,39.16459009,-86.57619975
11,4,1200.0,2-Car,No injury/unknown,FOLLOWING TOO CLOSELY,39.16459009,-86.57619975
4,6,1300.0,2-Car,No injury/unknown,FOLLOWING TOO CLOSELY,39.16459009,-86.57615646
6,3,1200.0,2-Car,No injury/unknown,BRAKE FAILURE OR DEFECTIVE,39.16458676,-86.57619637
4,6,1400.0,2-Car,No injury/unknown,UNSAFE BACKING,39.16458526,-86.52680549
10,6,1300.0,2-Car,No injury/unknown,FAILURE TO YIELD RIGHT OF WAY,39.16457468,-86.52984374
2,7,2200.0,2-Car,Incapacitating,RAN OFF ROAD RIGHT,39.16456462,-86.55869926
12,1,1000.0,2-Car,Non-incapacitating,FOLLOWING TOO CLOSELY,39.16455992,-86.57019026
2,5,200.0,1-Car,No injury/unknown,RAN OFF ROAD RIGHT,39.16455992,-86.57017295
2,4,1200.0,2-Car,No injury/unknown,FAILURE TO YIELD RIGHT OF WAY,39.16455992,-86.56948015
7,3,1700.0,2-Car,No injury/unknown,FOLLOWING TOO CLOSELY,39.16455992,-86.56948015
5,5,1200.0,2-Car,Non-incapacitating,FAILURE TO YIELD RIGHT OF WAY,39.16455992,-86.56948015
6,6,1100.0,3+ Cars,No injury/unknown,FOLLOWING TOO CLOSELY,39.16455992,-86.56947365
3,7,2200.0,2-Car,No injury/unknown,UNSAFE BACKING,39.16455981,-86.55584763
7,7,100.0,2-Car,No injury/unknown,OTHER (DRIVER) - EXPLAIN IN NARRATIVE,39.16455981,-86.55584763
5,6,2000.0,1-Car,No injury/unknown,RAN OFF ROAD RIGHT,39.1645579,-86.52841284
7,2,1000.0,2-Car,No injury/unknown,FOLLOWING TOO CLOSELY,39.16455521,-86.538592