Month,Day,Hour,Collision Type,Injury Type,Primary Factor,Latitude,Longitude
1,1,2300.0,2-Car,No injury/unknown,IMPROPER TURNING,39.16455254,-86.5320003
2,2,1800.0,1-Car,Non-incapacitating,OTHER (DRIVER) - EXPLAIN IN NARRATIVE,39.16455254,-86.5320003
3,6,1100.0,2-Car,No injury/unknown,OTHER (DRIVER) - EXPLAIN IN NARRATIVE,39.16454994,-86.5539388
3,3,1100.0,2-Car,No injury/unknown,UNSAFE BACKING,39.16454535,-86.55367667
10,5,2100.0,1-Car,No injury/unknown,RAN OFF ROAD RIGHT,39.16454406,-86.55360366
1,3,1600.0,2-Car,No injury/unknown,FOLLOWING TOO CLOSELY,39.164544,-86.560096
3,3,1900.0,2-Car,Incapacitating,FOLLOWING TOO CLOSELY,39.164544,-86.560096
3,4,600.0,2-Car,Non-incapacitating,FAILURE TO YIELD RIGHT OF WAY,39.164544,-86.560096
4,7,700.0,2-Car,Non-incapacitating,OTHER (ENVIRONMENTAL) - EXPLAIN IN NARR,39.164544,-86.560096
5,4,1400.0,2-Car,No injury/unknown,FOLLOWING TOO CLOSELY,39.164544,-86.560096
5,4,1700.0,3+ Cars,No injury/unknown,FOLLOWING TOO CLOSELY,39.164544,-86.560096
7,5,1500.0,2-Car,Non-incapacitating,FAILURE TO YIELD RIGHT OF WAY,39.164544,-86.560096
9,3,1700.0,Cyclist,Non-incapacitating,OTHER (DRIVER) - EXPLAIN IN NARRATIVE,39.164544,-86.560096
12,2,1500.0,2-Car,Non-incapacitating,FOLLOWING TOO CLOSELY,39.164544,-86.560096
6,6,1400.0,1-Car,No injury/unknown,OTHER (DRIVER) - EXPLAIN IN NARRATIVE,39.164544,-86.552192
11,3,700.0,1-Car,No injury/unknown,BRAKE FAILURE OR DEFECTIVE,39.164544,-86.552192
4,1,1300.0,2-Car,No injury/unknown,FAILURE TO YIELD RIGHT OF WAY,39.16451466,-86.495088
6,5,1100.0,2-Car,No injury/unknown,FAILURE TO YIELD RIGHT OF WAY,39.16451466,-86.495088
11,6,1400.0,2-Car,No injury/unknown,FAILURE TO YIELD RIGHT OF WAY,39.16451466,-86.495088
10,6,1700.0,2-Car,No injury/unknown,UNSAFE SPEED,39.16451401,-86.538592
9,6,1600.0,2-Car,No injury/unknown,UNSAFE LANE MOVEMENT,39.16451029,-86.56500019
5,3,1300.0,2-Car,No injury/unknown,LEFT OF CENTER,39.16450286,-86.55027138
2,7,100.0,2-Car,No injury/unknown,ROADWAY SURFACE CONDITION,39.16450024,-86.56270019
3,6,1100.0,2-Car,No injury/unknown,FOLLOWING TOO CLOSELY,39.16450024,-86.56270019
2,7,100.0,2-Car,No injury/unknown,ROADWAY SURFACE CONDITION,39.16450024,-86.56270019
10,6,0.0,2-Car,No injury/unknown,UNSAFE BACKING,39.16449371,-86.5336
11,2,900.0,Moped/Motorcycle,Non-incapacitating,DISREGARD SIGNAL/REG SIGN,39.16448012,-86.56015008
7,3,1700.0,1-Car,No injury/unknown,OTHER (VEHICLE) - EXPLAIN IN NARRATIVE,39.16447742,-86.54929031
9,6,400.0,1-Car,No injury/unknown,RAN OFF ROAD RIGHT,39.16446694,-86.53481763
2,1,200.0,2-Car,No injury/unknown,UNSAFE BACKING,39.164465,-86.54881114
6,4,800.0,2-Car,No injury/unknown,UNSAFE BACKING,39.16445714,-86.53102563
3,7,1700.0,2-Car,Non-incapacitating,FOLLOWING TOO CLOSELY,39.164448,-86.528096
5,6,2000.0,2-Car,No injury/unknown,FOLLOWING TOO CLOSELY,39.164448,-86.528096
5,3,2300.0,1-Car,No injury/unknown,OTHER (DRIVER) - EXPLAIN IN NARRATIVE,39.164448,-86.528096
7,3,800.0,2-Car,No injury/unknown,FOLLOWING TOO CLOSELY,39.164448,-86.528096
8,7,1100.0,2-Car,No injury/unknown,FOLLOWING TOO CLOSELY,39.164448,-86.528096
10,4,0.0,1-Car,No injury/unknown,DRIVER DISTRACTED - EXPLAIN IN NARRATIVE,39.164448,-86.528096
10,6,1500.0,2-Car,No injury/unknown,FOLLOWING TOO CLOSELY,39.164448,-86.528096
8,4,1800.0,2-Car,No injury/unknown,UNSAFE BACKING,39.164448,-86.527744
2,5,1700.0,2-Car,No injury/unknown,UNSAFE BACKING,39.164448,-86.5268
2,6,1000.0,2-Car,No injury/unknown,UNSAFE SPEED,39.164448,-86.5268
3,6,1700.0,2-Car,No injury/unknown,OTHER (DRIVER) - EXPLAIN IN NARRATIVE,39.164448,-86.5268
4,5,1200.0,2-Car,Non-incapacitating,FOLLOWING TOO CLOSELY,39.164448,-86.5268
11,1,400.0,1-Car,No injury/unknown,UNSAFE SPEED,39.164448,-86.5268
1,5,1700.0,2-Car,No injury/unknown,FOLLOWING TOO CLOSELY,39.164448,-86.525792
7,2,1100.0,2-Car,No injury/unknown,UNSAFE BACKING,39.164448,-86.525792
3,6,1400.0,3+ Cars,No injury/unknown,FOLLOWING TOO CLOSELY,39.164448,-86.471888
5,3,1100.0,2-Car,No injury/unknown,LEFT OF CENTER,39.164448,-86.471888
7,3,700.0,2-Car,No injury/unknown,FOLLOWING TOO CLOSELY,39.164448,-86.471888
7,6,1500.0,2-Car,Non-incapacitating,OTHER (DRIVER) - EXPLAIN IN NARRATIVE,39.164448,-86.471888
7,2,800.0,1-Car,No injury/unknown,OTHER (DRIVER) - EXPLAIN IN NARRATIVE,39.164448,-86.471888
10,1,2100.0,2-Car,Non-incapacitating,DRIVER DISTRACTED - EXPLAIN IN NARRATIVE,39.164448,-86.471888
1,2,1900.0,2-Car,No injury/unknown,FAILURE TO YIELD RIGHT OF WAY,39.16444703,-86.52575968
5,5,1700.0,Moped/Motorcycle,Non-incapacitating,FOLLOWING TOO CLOSELY,39.16444271,-86.52561573
9,2,900.0,Bus,No injury/unknown,FAILURE TO YIELD RIGHT OF WAY,39.16444007,-86.52552759
1,4,100.0,2-Car,No injury/unknown,UNSAFE BACKING,39.16443758,-86.54775367
12,6,1000.0,2-Car,No injury/unknown,UNSAFE BACKING,39.16443539,-86.5253718
1,2,200.0,1-Car,No injury/unknown,OTHER (DRIVER) - EXPLAIN IN NARRATIVE,39.16443442,-86.52533948
11,5,1600.0,2-Car,No injury/unknown,FOLLOWING TOO CLOSELY,39.16443182,-86.55631245
1,4,1000.0,2-Car,No injury/unknown,LEFT OF CENTER,39.16442983,-86.55630983
6,3,800.0,Cyclist,Non-incapacitating,FAILURE TO YIELD RIGHT OF WAY,39.16442983,-86.55630983
9,5,1500.0,2-Car,Incapacitating,OTHER (DRIVER) - EXPLAIN IN NARRATIVE,39.16442983,-86.55630983
6,5,1700.0,3+ Cars,Non-incapacitating,DRIVER DISTRACTED - EXPLAIN IN NARRATIVE,39.16442686,-86.5250869
9,2,200.0,1-Car,Non-incapacitating,RAN OFF ROAD RIGHT,39.16442416,-86.62164454
6,5,1000.0,2-Car,No injury/unknown,FAILURE TO YIELD RIGHT OF WAY,39.16440479,-86.495088
4,1,800.0,1-Car,No injury/unknown,ANIMAL/OBJECT IN ROADWAY,39.1644,-86.546304
11,6,1300.0,Bus,No injury/unknown,UNSAFE LANE MOVEMENT,39.16437845,-86.52347337
6,3,2100.0,2-Car,Non-incapacitating,OTHER (VEHICLE) - EXPLAIN IN NARRATIVE,39.16436535,-86.53481859
12,3,1400.0,3+ Cars,No injury/unknown,FOLLOWING TOO CLOSELY,39.16436258,-86.52294455
3,6,1400.0,2-Car,Non-incapacitating,IMPROPER TURNING,39.164352,-86.522592
4,4,1200.0,3+ Cars,No injury/unknown,SPEED TOO FAST FOR WEATHER CONDITIONS,39.164352,-86.522592
11,6,1400.0,2-Car,No injury/unknown,UNSAFE SPEED,39.164352,-86.522592
6,7,0.0,2-Car,Non-incapacitating,DISREGARD SIGNAL/REG SIGN,39.164352,-86.510944
10,6,1500.0,Bus,No injury/unknown,FAILURE TO YIELD RIGHT OF WAY,39.164352,-86.510944
2,1,1300.0,2-Car,No injury/unknown,FAILURE TO YIELD RIGHT OF WAY,39.164352,-86.5088
6,3,900.0,3+ Cars,No injury/unknown,DRIVER DISTRACTED - EXPLAIN IN NARRATIVE,39.164352,-86.5088
11,1,1200.0,2-Car,No injury/unknown,FAILURE TO YIELD RIGHT OF WAY,39.164352,-86.5088
1,2,1800.0,3+ Cars,No injury/unknown,SPEED TOO FAST FOR WEATHER CONDITIONS,39.164352,-86.508288
1,7,1300.0,2-Car,No injury/unknown,DRIVER DISTRACTED - EXPLAIN IN NARRATIVE,39.164352,-86.508288
9,3,2000.0,3+ Cars,Non-incapacitating,OTHER (DRIVER) - EXPLAIN IN NARRATIVE,39.164352,-86.508288
12,2,1700.0,Cyclist,Non-incapacitating,DISREGARD SIGNAL/REG SIGN,39.164352,-86.508288
12,2,500.0,1-Car,No injury/unknown,ANIMAL/OBJECT IN ROADWAY,39.16432,-86.50824
9,1,600.0,3+ Cars,No injury/unknown,OTHER (DRIVER) - EXPLAIN IN NARRATIVE,39.16431516,-86.51286542
7,2,1300.0,2-Car,No injury/unknown,FAILURE TO YIELD RIGHT OF WAY,39.16430692,-86.50721965
12,1,1100.0,2-Car,No injury/unknown,DISREGARD SIGNAL/REG SIGN,39.16430652,-86.52691309
11,4,200.0,1-Car,No injury/unknown,RAN OFF ROAD RIGHT,39.164304,-86.50628638
4,7,1400.0,2-Car,Non-incapacitating,FOLLOWING TOO CLOSELY,39.164304,-86.50621537
1,4,1700.0,2-Car,No injury/unknown,FAILURE TO YIELD RIGHT OF WAY,39.164304,-86.506992
2,6,1600.0,3+ Cars,No injury/unknown,SPEED TOO FAST FOR WEATHER CONDITIONS,39.164304,-86.506992
3,3,1700.0,3+ Cars,No injury/unknown,DRIVER DISTRACTED - EXPLAIN IN NARRATIVE,39.164304,-86.506992
3,6,2100.0,2-Car,No injury/unknown,SPEED TOO FAST FOR WEATHER CONDITIONS,39.164304,-86.506992
4,4,1500.0,2-Car,No injury/unknown,FOLLOWING TOO CLOSELY,39.164304,-86.506992
10,5,1800.0,2-Car,No injury/unknown,FOLLOWING TOO CLOSELY,39.164304,-86.506992
10,3,1100.0,2-Car,No injury/unknown,OTHER (DRIVER) - EXPLAIN IN NARRATIVE,39.164304,-86.506992
10,7,1100.0,2-Car,No injury/unknown,OTHER (DRIVER) - EXPLAIN IN NARRATIVE,39.164304,-86.506992
11,3,1300.0,2-Car,No injury/unknown,FOLLOWING TOO CLOSELY,39.164304,-86.506992
9,6,1200.0,Moped/Motorcycle,Incapacitating,SPEED TOO FAST FOR WEATHER CONDITIONS,39.164304,-86.505792
10,7,500.0,1-Car,Non-incapacitating,OBSTRUCTION NOT MARKED,39.164304,-86.505792
11,2,1600.0,2-Car,No injury/unknown,IMPROPER TURNING,39.164304,-86.505792
6,2,1600.0,2-Car,No injury/unknown,FOLLOWING TOO CLOSELY,39.16429831,-86.50543927
8,3,1400.0,2-Car,No injury/unknown,OTHER (DRIVER) - EXPLAIN IN NARRATIVE,39.16429555,-86.50526814
8,5,1400.0,3+ Cars,Non-incapacitating,UNSAFE SPEED,39.16429078,-86.5200752
10,6,1800.0,2-Car,No injury/unknown,FAILURE TO YIELD RIGHT OF WAY,39.16428968,-86.52587011
10,4,2100.0,2-Car,Non-incapacitating,DRIVER DISTRACTED - EXPLAIN IN NARRATIVE,39.16428968,-86.52587011
9,2,1900.0,2-Car,No injury/unknown,FOLLOWING TOO CLOSELY,39.16428968,-86.52586795
10,4,1500.0,2-Car,No injury/unknown,FOLLOWING TOO CLOSELY,39.16428968,-86.52586578
8,7,1600.0,Pedestrian,Incapacitating,OTHER (VEHICLE) - EXPLAIN IN NARRATIVE,39.16428499,-86.47356033
9,7,900.0,2-Car,No injury/unknown,UNSAFE BACKING,39.16428499,-86.47356033
10,3,1300.0,2-Car,No injury/unknown,FOLLOWING TOO CLOSELY,39.1642803,-86.50968968
5,3,700.0,2-Car,No injury/unknown,FOLLOWING TOO CLOSELY,39.16427966,-86.62220519
11,4,1800.0,2-Car,No injury/unknown,FOLLOWING TOO CLOSELY,39.16427453,-86.51911919
8,4,1300.0,3+ Cars,Non-incapacitating,FAILURE TO YIELD RIGHT OF WAY,39.16427429,-86.5324
1,2,1300.0,2-Car,Non-incapacitating,FOLLOWING TOO CLOSELY,39.164272,-86.502416
3,3,2000.0,2-Car,No injury/unknown,OTHER (VEHICLE) - EXPLAIN IN NARRATIVE,39.164272,-86.502416
7,5,1400.0,2-Car,No injury/unknown,FOLLOWING TOO CLOSELY,39.164272,-86.502416
9,1,1600.0,2-Car,No injury/unknown,FAILURE TO YIELD RIGHT OF WAY,39.164272,-86.502416
10,6,1400.0,2-Car,No injury/unknown,FAILURE TO YIELD RIGHT OF WAY,39.164272,-86.502416
8,2,1800.0,2-Car,No injury/unknown,IMPROPER TURNING,39.164272,-86.50232131
3,6,1900.0,Bus,No injury/unknown,IMPROPER PASSING,39.164272,-86.50230237
10,6,1200.0,Pedestrian,Non-incapacitating,FAILURE TO YIELD RIGHT OF WAY,39.164272,-86.50230237
4,6,2100.0,2-Car,No injury/unknown,OTHER (DRIVER) - EXPLAIN IN NARRATIVE,39.164272,-86.50194253
8,7,1700.0,2-Car,No injury/unknown,,39.164272,-86.50177208
8,5,1400.0,2-Car,Non-incapacitating,ANIMAL/OBJECT IN ROADWAY,39.1642718,-86.52442326
9,2,2100.0,2-Car,No injury/unknown,FOLLOWING TOO CLOSELY,39.16427024,-86.52105364
9,3,1600.0,Bus,No injury/unknown,UNSAFE SPEED,39.16427024,-86.52104153
6,4,1100.0,2-Car,No injury/unknown,IMPROPER TURNING,39.16427024,-86.51912972
9,6,1200.0,2-Car,No injury/unknown,FAILURE TO YIELD RIGHT OF WAY,39.16427024,-86.51912972
10,4,1800.0,3+ Cars,No injury/unknown,FOLLOWING TOO CLOSELY,39.16427024,-86.51912972
11,5,1800.0,3+ Cars,Non-incapacitating,DRIVER DISTRACTED - EXPLAIN IN NARRATIVE,39.16427024,-86.51772281
1,4,1600.0,2-Car,No injury/unknown,FAILURE TO YIELD RIGHT OF WAY,39.16427024,-86.51772022
2,7,1200.0,2-Car,No injury/unknown,IMPROPER TURNING,39.16427024,-86.51772022
4,7,2100.0,2-Car,Non-incapacitating,UNSAFE LANE MOVEMENT,39.16427024,-86.51772022
6,5,800.0,1-Car,No injury/unknown,OVERCORRECTING/OVERSTEERING,39.16427024,-86.51772022
6,5,1600.0,2-Car,No injury/unknown,IMPROPER TURNING,39.16427024,-86.51772022
8,4,1500.0,Cyclist,Non-incapacitating,PEDESTRIAN ACTION,39.16427024,-86.51772022
8,5,1900.0,2-Car,No injury/unknown,IMPROPER TURNING,39.16427024,-86.51772022
8,6,1900.0,2-Car,No injury/unknown,IMPROPER TURNING,39.16427024,-86.51772022
8,7,1200.0,2-Car,Non-incapacitating,IMPROPER TURNING,39.16427024,-86.51772022
9,1,1100.0,2-Car,No injury/unknown,IMPROPER TURNING,39.16427024,-86.51772022
9,3,1600.0,2-Car,No injury/unknown,IMPROPER TURNING,39.16427024,-86.51772022
1,4,2100.0,2-Car,Non-incapacitating,FOLLOWING TOO CLOSELY,39.16427024,-86.51321008
10,7,1600.0,3+ Cars,Non-incapacitating,FOLLOWING TOO CLOSELY,39.16427024,-86.50710001
2,6,1700.0,2-Car,No injury/unknown,FOLLOWING TOO CLOSELY,39.16427024,-86.50601834
1,4,1500.0,3+ Cars,No injury/unknown,FOLLOWING TOO CLOSELY,39.16427024,-86.50264158
9,7,1300.0,2-Car,No injury/unknown,FAILURE TO YIELD RIGHT OF WAY,39.16427024,-86.50242747
6,2,1600.0,2-Car,No injury/unknown,FOLLOWING TOO CLOSELY,39.16427024,-86.50241449
8,4,1400.0,2-Car,Non-incapacitating,FAILURE TO YIELD RIGHT OF WAY,39.16426998,-86.49831176
8,2,1900.0,2-Car,No injury/unknown,UNSAFE LANE MOVEMENT,39.16426988,-86.51527565
2,6,1600.0,1-Car,No injury/unknown,UNSAFE LANE MOVEMENT,39.16426849,-86.51913452
1,4,1600.0,2-Car,No injury/unknown,FAILURE TO YIELD RIGHT OF WAY,39.16426611,-86.51913098
11,2,1800.0,2-Car,No injury/unknown,UNSAFE LANE MOVEMENT,39.16426509,-86.51972257
12,4,800.0,2-Car,No injury/unknown,UNSAFE LANE MOVEMENT,39.16426449,-86.5226336
11,1,1700.0,3+ Cars,No injury/unknown,FOLLOWING TOO CLOSELY,39.16426449,-86.5226336
9,2,1500.0,2-Car,No injury/unknown,UNSAFE LANE MOVEMENT,39.16426229,-86.51775641
11,6,1100.0,2-Car,No injury/unknown,UNSAFE BACKING,39.16426048,-86.50037632
2,7,1400.0,3+ Cars,No injury/unknown,UNSAFE LANE MOVEMENT,39.16426018,-86.5163999
2,3,2000.0,2-Car,No injury/unknown,FOLLOWING TOO CLOSELY,39.16426018,-86.5163999
3,5,700.0,2-Car,Non-incapacitating,DISREGARD SIGNAL/REG SIGN,39.16426018,-86.5163999
4,4,1700.0,3+ Cars,No injury/unknown,FOLLOWING TOO CLOSELY,39.16426018,-86.5163999
7,5,800.0,2-Car,No injury/unknown,OTHER (DRIVER) - EXPLAIN IN NARRATIVE,39.16426018,-86.5163999
6,3,2300.0,2-Car,No injury/unknown,IMPROPER TURNING,39.16426018,-86.5163999
6,4,600.0,2-Car,No injury/unknown,DISREGARD SIGNAL/REG SIGN,39.16426018,-86.5163999
9,7,300.0,2-Car,No injury/unknown,IMPROPER TURNING,39.16426018,-86.5163999
9,4,2100.0,2-Car,Non-incapacitating,DRIVER DISTRACTED - EXPLAIN IN NARRATIVE,39.16426018,-86.5163999
10,3,900.0,Moped/Motorcycle,Non-incapacitating,OTHER (DRIVER) - EXPLAIN IN NARRATIVE,39.16426018,-86.5163999
10,5,1900.0,2-Car,No injury/unknown,IMPROPER TURNING,39.16426018,-86.5163999
8,6,1100.0,Pedestrian,Non-incapacitating,FAILURE TO YIELD RIGHT OF WAY,39.16425817,-86.49533249
12,6,1700.0,2-Car,No injury/unknown,IMPROPER LANE USAGE,39.16425481,-86.49418115
4,2,1500.0,2-Car,No injury/unknown,,39.16425481,-86.49131186
2,4,2100.0,2-Car,No injury/unknown,SPEED TOO FAST FOR WEATHER CONDITIONS,39.16425429,-86.52008405
1,2,1300.0,1-Car,No injury/unknown,OTHER (DRIVER) - EXPLAIN IN NARRATIVE,39.16425429,-86.52007712
3,6,1100.0,2-Car,No injury/unknown,UNSAFE BACKING,39.16425055,-86.52010271
10,5,1600.0,2-Car,No injury/unknown,,39.16425012,-86.52263292
11,3,1200.0,3+ Cars,No injury/unknown,FOLLOWING TOO CLOSELY,39.16425012,-86.5226286
11,4,1100.0,2-Car,No injury/unknown,IMPROPER LANE USAGE,39.16425012,-86.52261994
3,2,1400.0,Bus,No injury/unknown,UNSAFE LANE MOVEMENT,39.16425012,-86.52009428
3,3,1300.0,2-Car,Non-incapacitating,UNSAFE SPEED,39.16425012,-86.52008995
4,6,1000.0,2-Car,Non-incapacitating,UNSAFE SPEED,39.16425012,-86.52008476
1,7,100.0,2-Car,No injury/unknown,FAILURE TO YIELD RIGHT OF WAY,39.16425012,-86.51525996
1,4,1400.0,2-Car,Non-incapacitating,UNSAFE LANE MOVEMENT,39.16425012,-86.51525996
2,6,1600.0,2-Car,No injury/unknown,IMPROPER TURNING,39.16425012,-86.51525996
3,5,1600.0,2-Car,Non-incapacitating,IMPROPER TURNING,39.16425012,-86.51525996
4,6,1800.0,2-Car,Non-incapacitating,IMPROPER TURNING,39.16425012,-86.51525996
8,7,1300.0,2-Car,No injury/unknown,IMPROPER TURNING,39.16425012,-86.51525996
10,2,1400.0,2-Car,No injury/unknown,IMPROPER TURNING,39.16425012,-86.51525996
12,7,1700.0,2-Car,Non-incapacitating,FAILURE TO YIELD RIGHT OF WAY,39.16425012,-86.51525996
1,7,200.0,2-Car,No injury/unknown,IMPROPER TURNING,39.16425012,-86.51422999
8,6,1900.0,2-Car,No injury/unknown,FOLLOWING TOO CLOSELY,39.16424732,-86.49910556
7,1,1400.0,2-Car,No injury/unknown,FAILURE TO YIELD RIGHT OF WAY,39.16424548,-86.48442755
8,2,1300.0,2-Car,Non-incapacitating,FAILURE TO YIELD RIGHT OF WAY,39.16424006,-86.49835668
10,6,2100.0,2-Car,No injury/unknown,FOLLOWING TOO CLOSELY,39.16424006,-86.49828748
11,3,1400.0,3+ Cars,No injury/unknown,FOLLOWING TOO CLOSELY,39.16424006,-86.49827018
11,5,2000.0,2-Car,No injury/unknown,DRIVER DISTRACTED - EXPLAIN IN NARRATIVE,39.16424006,-86.49827018
11,5,1800.0,3+ Cars,Non-incapacitating,FOLLOWING TOO CLOSELY,39.16424006,-86.47367969
3,5,1200.0,2-Car,No injury/unknown,FOLLOWING TOO CLOSELY,39.16424,-86.49473519
3,1,1600.0,2-Car,No injury/unknown,FOLLOWING TOO CLOSELY,39.16424,-86.49482339
11,7,2000.0,1-Car,No injury/unknown,ANIMAL/OBJECT IN ROADWAY,39.16424,-86.48294481
10,1,1500.0,2-Car,No injury/unknown,FAILURE TO YIELD RIGHT OF WAY,39.16424,-86.51666461
9,6,1200.0,2-Car,No injury/unknown,FOLLOWING TOO CLOSELY,39.16424,-86.48814157
2,3,2000.0,2-Car,No injury/unknown,UNSAFE BACKING,39.16424,-86.5152
9,2,700.0,Moped/Motorcycle,Non-incapacitating,WRONG WAY ON ONE WAY,39.16424,-86.514096
5,4,1400.0,3+ Cars,No injury/unknown,DRIVER DISTRACTED - EXPLAIN IN NARRATIVE,39.16424,-86.513088
1,4,700.0,3+ Cars,Non-incapacitating,FAILURE TO YIELD RIGHT OF WAY,39.16424,-86.4984
1,5,2100.0,2-Car,No injury/unknown,FOLLOWING TOO CLOSELY,39.16424,-86.4984
1,1,300.0,2-Car,No injury/unknown,FOLLOWING TOO CLOSELY,39.16424,-86.4984
1,4,1900.0,2-Car,Non-incapacitating,FAILURE TO YIELD RIGHT OF WAY,39.16424,-86.4984
2,5,1700.0,2-Car,No injury/unknown,FOLLOWING TOO CLOSELY,39.16424,-86.4984
3,2,1300.0,2-Car,No injury/unknown,FAILURE TO YIELD RIGHT OF WAY,39.16424,-86.4984
3,2,1600.0,3+ Cars,No injury/unknown,FOLLOWING TOO CLOSELY,39.16424,-86.4984
4,2,1400.0,3+ Cars,No injury/unknown,FOLLOWING TOO CLOSELY,39.16424,-86.4984
6,2,1600.0,2-Car,Non-incapacitating,FAILURE TO YIELD RIGHT OF WAY,39.16424,-86.4984
7,3,1500.0,2-Car,No injury/unknown,FOLLOWING TOO CLOSELY,39.16424,-86.4984
7,2,1400.0,2-Car,No injury/unknown,FAILURE TO YIELD RIGHT OF WAY,39.16424,-86.4984
5,7,2100.0,2-Car,Non-incapacitating,FOLLOWING TOO CLOSELY,39.16424,-86.4984
5,1,1400.0,2-Car,No injury/unknown,DRIVER ILLNESS,39.16424,-86.4984
5,7,1400.0,3+ Cars,No injury/unknown,FAILURE TO YIELD RIGHT OF WAY,39.16424,-86.4984
7,2,1600.0,2-Car,No injury/unknown,IMPROPER TURNING,39.16424,-86.4984
8,6,800.0,2-Car,No injury/unknown,FAILURE TO YIELD RIGHT OF WAY,39.16424,-86.4984
9,7,1800.0,3+ Cars,No injury/unknown,FOLLOWING TOO CLOSELY,39.16424,-86.4984
10,6,1600.0,2-Car,No injury/unknown,FAILURE TO YIELD RIGHT OF WAY,39.16424,-86.4984
11,4,2000.0,2-Car,Non-incapacitating,FAILURE TO YIELD RIGHT OF WAY,39.16424,-86.4984
11,5,1500.0,2-Car,No injury/unknown,FAILURE TO YIELD RIGHT OF WAY,39.16424,-86.4984
12,7,1000.0,2-Car,No injury/unknown,UNSAFE LANE MOVEMENT,39.16424,-86.4984
1,2,1600.0,1-Car,No injury/unknown,SPEED TOO FAST FOR WEATHER CONDITIONS,39.16424,-86.495088
1,6,800.0,2-Car,Non-incapacitating,FAILURE TO YIELD RIGHT OF WAY,39.16424,-86.495088
4,3,1600.0,3+ Cars,Non-incapacitating,FAILURE TO YIELD RIGHT OF WAY,39.16424,-86.495088
4,4,1400.0,3+ Cars,No injury/unknown,FAILURE TO YIELD RIGHT OF WAY,39.16424,-86.495088
7,6,1300.0,2-Car,Non-incapacitating,FAILURE TO YIELD RIGHT OF WAY,39.16424,-86.495088
12,3,1500.0,2-Car,Non-incapacitating,FOLLOWING TOO CLOSELY,39.16424,-86.495088
6,4,600.0,1-Car,Non-incapacitating,RAN OFF ROAD RIGHT,39.16424,-86.49494053
4,6,1400.0,2-Car,No injury/unknown,IMPROPER TURNING,39.16424,-86.49425989
7,2,1000.0,2-Car,No injury/unknown,FAILURE TO YIELD RIGHT OF WAY,39.16424,-86.49425989
7,5,1700.0,2-Car,No injury/unknown,UNSAFE BACKING,39.16424,-86.49425989
6,1,2000.0,Pedestrian,Non-incapacitating,OTHER (DRIVER) - EXPLAIN IN NARRATIVE,39.16424,-86.49425989
1,3,0.0,Pedestrian,Non-incapacitating,OTHER (DRIVER) - EXPLAIN IN NARRATIVE,39.16424,-86.4939483
6,3,1200.0,2-Car,No injury/unknown,UNSAFE BACKING,39.16424,-86.49368135
1,4,1100.0,2-Car,No injury/unknown,DISREGARD SIGNAL/REG SIGN,39.16424,-86.492944
1,3,800.0,2-Car,No injury/unknown,FOLLOWING TOO CLOSELY,39.16424,-86.492944
1,3,1200.0,2-Car,No injury/unknown,FOLLOWING TOO CLOSELY,39.16424,-86.492944
1,4,1200.0,2-Car,No injury/unknown,UNSAFE LANE MOVEMENT,39.16424,-86.492944
3,7,1600.0,2-Car,No injury/unknown,DISREGARD SIGNAL/REG SIGN,39.16424,-86.492944
1,5,1600.0,2-Car,No injury/unknown,FOLLOWING TOO CLOSELY,39.16424,-86.492944
2,6,1600.0,2-Car,No injury/unknown,FOLLOWING TOO CLOSELY,39.16424,-86.492944
2,7,1400.0,2-Car,No injury/unknown,FOLLOWING TOO CLOSELY,39.16424,-86.492944
2,7,1500.0,2-Car,No injury/unknown,FAILURE TO YIELD RIGHT OF WAY,39.16424,-86.492944
3,6,700.0,2-Car,No injury/unknown,FOLLOWING TOO CLOSELY,39.16424,-86.492944
3,7,1700.0,2-Car,No injury/unknown,UNSAFE BACKING,39.16424,-86.492944
5,6,2000.0,2-Car,No injury/unknown,FAILURE TO YIELD RIGHT OF WAY,39.16424,-86.492944
3,5,1300.0,3+ Cars,Non-incapacitating,FOLLOWING TOO CLOSELY,39.16424,-86.492944
4,5,700.0,2-Car,Non-incapacitating,FAILURE TO YIELD RIGHT OF WAY,39.16424,-86.492944
4,7,1000.0,Moped/Motorcycle,Non-incapacitating,ROADWAY SURFACE CONDITION,39.16424,-86.492944
4,7,1000.0,2-Car,No injury/unknown,FOLLOWING TOO CLOSELY,39.16424,-86.492944
4,3,1300.0,2-Car,No injury/unknown,FAILURE TO YIELD RIGHT OF WAY,39.16424,-86.492944
4,3,1600.0,3+ Cars,No injury/unknown,FOLLOWING TOO CLOSELY,39.16424,-86.492944
4,4,1500.0,2-Car,No injury/unknown,FOLLOWING TOO CLOSELY,39.16424,-86.492944
5,7,1000.0,3+ Cars,Non-incapacitating,FOLLOWING TOO CLOSELY,39.16424,-86.492944
6,3,700.0,2-Car,Non-incapacitating,FOLLOWING TOO CLOSELY,39.16424,-86.492944
6,4,1100.0,2-Car,Non-incapacitating,FOLLOWING TOO CLOSELY,39.16424,-86.492944
6,3,800.0,2-Car,No injury/unknown,FAILURE TO YIELD RIGHT OF WAY,39.16424,-86.492944
7,3,1700.0,Moped/Motorcycle,Non-incapacitating,FAILURE TO YIELD RIGHT OF WAY,39.16424,-86.492944
7,7,1600.0,2-Car,No injury/unknown,UNSAFE BACKING,39.16424,-86.492944