Month,Day,Hour,Collision Type,Injury Type,Primary Factor,Latitude,Longitude
7,6,1400.0,2-Car,Non-incapacitating,FOLLOWING TOO CLOSELY,39.16424,-86.492944
8,7,1000.0,2-Car,Non-incapacitating,FOLLOWING TOO CLOSELY,39.16424,-86.492944
8,6,1100.0,2-Car,No injury/unknown,FAILURE TO YIELD RIGHT OF WAY,39.16424,-86.492944
8,3,800.0,2-Car,No injury/unknown,FAILURE TO YIELD RIGHT OF WAY,39.16424,-86.492944
10,3,1400.0,3+ Cars,Non-incapacitating,DRIVER DISTRACTED - EXPLAIN IN NARRATIVE,39.16424,-86.492944
10,6,1800.0,2-Car,No injury/unknown,FAILURE TO YIELD RIGHT OF WAY,39.16424,-86.492944
10,6,1200.0,2-Car,Non-incapacitating,FAILURE TO YIELD RIGHT OF WAY,39.16424,-86.492944
12,7,1000.0,2-Car,Non-incapacitating,FOLLOWING TOO CLOSELY,39.16424,-86.492944
11,6,1800.0,2-Car,No injury/unknown,FAILURE TO YIELD RIGHT OF WAY,39.16424,-86.492944
12,7,1800.0,3+ Cars,No injury/unknown,FOLLOWING TOO CLOSELY,39.16424,-86.492944
2,6,1700.0,2-Car,No injury/unknown,FAILURE TO YIELD RIGHT OF WAY,39.16424,-86.49259396
1,5,1900.0,2-Car,No injury/unknown,DRIVER DISTRACTED - EXPLAIN IN NARRATIVE,39.16424,-86.4908
2,5,2200.0,2-Car,No injury/unknown,FOLLOWING TOO CLOSELY,39.16424,-86.4908
7,2,2100.0,1-Car,No injury/unknown,OTHER (DRIVER) - EXPLAIN IN NARRATIVE,39.16424,-86.4908
10,1,1400.0,2-Car,No injury/unknown,FOLLOWING TOO CLOSELY,39.16424,-86.4908
10,4,800.0,2-Car,No injury/unknown,FOLLOWING TOO CLOSELY,39.16424,-86.4908
11,4,900.0,2-Car,No injury/unknown,FAILURE TO YIELD RIGHT OF WAY,39.16424,-86.4908
3,2,1400.0,2-Car,No injury/unknown,OTHER (VEHICLE) - EXPLAIN IN NARRATIVE,39.16424,-86.48595093
1,1,1300.0,1-Car,No injury/unknown,RAN OFF ROAD RIGHT,39.16424,-86.48537741
5,5,1600.0,3+ Cars,Non-incapacitating,FOLLOWING TOO CLOSELY,39.16424,-86.484384
10,1,1300.0,3+ Cars,No injury/unknown,FOLLOWING TOO CLOSELY,39.16424,-86.484384
11,5,1800.0,3+ Cars,Non-incapacitating,FOLLOWING TOO CLOSELY,39.16424,-86.484384
5,2,1100.0,2-Car,No injury/unknown,BRAKE FAILURE OR DEFECTIVE,39.16424,-86.48434743
4,6,800.0,1-Car,Non-incapacitating,DRIVER ILLNESS,39.16424,-86.48346971
3,6,700.0,2-Car,Non-incapacitating,IMPROPER TURNING,39.16424,-86.482592
12,5,1200.0,2-Car,No injury/unknown,UNSAFE BACKING,39.16424,-86.48244996
3,4,1800.0,2-Car,No injury/unknown,FOLLOWING TOO CLOSELY,39.16424,-86.480688
5,1,800.0,Cyclist,Non-incapacitating,FAILURE TO YIELD RIGHT OF WAY,39.16424,-86.480688
4,2,800.0,2-Car,Non-incapacitating,FOLLOWING TOO CLOSELY,39.16424,-86.480688
4,2,2200.0,Moped/Motorcycle,No injury/unknown,OTHER (DRIVER) - EXPLAIN IN NARRATIVE,39.16424,-86.480688
4,5,2200.0,2-Car,Non-incapacitating,DISREGARD SIGNAL/REG SIGN,39.16424,-86.480688
6,3,1200.0,2-Car,No injury/unknown,FAILURE TO YIELD RIGHT OF WAY,39.16424,-86.480688
7,4,1000.0,2-Car,No injury/unknown,UNSAFE BACKING,39.16424,-86.480688
5,5,1300.0,2-Car,No injury/unknown,FAILURE TO YIELD RIGHT OF WAY,39.16424,-86.480688
6,7,1200.0,2-Car,Non-incapacitating,FOLLOWING TOO CLOSELY,39.16424,-86.480688
7,5,1700.0,3+ Cars,No injury/unknown,LEFT OF CENTER,39.16424,-86.480688
8,3,1300.0,2-Car,Non-incapacitating,FOLLOWING TOO CLOSELY,39.16424,-86.480688
8,3,1700.0,2-Car,No injury/unknown,UNSAFE BACKING,39.16424,-86.480688
10,3,1900.0,2-Car,No injury/unknown,SPEED TOO FAST FOR WEATHER CONDITIONS,39.16424,-86.480688
10,5,700.0,1-Car,No injury/unknown,ANIMAL/OBJECT IN ROADWAY,39.16424,-86.480688
11,6,1800.0,2-Car,No injury/unknown,FOLLOWING TOO CLOSELY,39.16424,-86.480688
12,1,900.0,2-Car,No injury/unknown,SPEED TOO FAST FOR WEATHER CONDITIONS,39.16424,-86.480688
12,2,1300.0,2-Car,No injury/unknown,OTHER (DRIVER) - EXPLAIN IN NARRATIVE,39.16424,-86.480688
12,7,1400.0,2-Car,No injury/unknown,FOLLOWING TOO CLOSELY,39.16424,-86.480688
7,5,900.0,2-Car,No injury/unknown,UNSAFE BACKING,39.16424,-86.48057698
4,6,1500.0,2-Car,No injury/unknown,FAILURE TO YIELD RIGHT OF WAY,39.16424,-86.476096
4,6,1900.0,2-Car,Non-incapacitating,FAILURE TO YIELD RIGHT OF WAY,39.16424,-86.476096
5,7,1100.0,2-Car,No injury/unknown,IMPROPER LANE USAGE,39.16424,-86.476096
6,1,1400.0,2-Car,No injury/unknown,FAILURE TO YIELD RIGHT OF WAY,39.16424,-86.476096
2,3,700.0,Bus,No injury/unknown,OTHER (DRIVER) - EXPLAIN IN NARRATIVE,39.16424,-86.47599804
1,3,1200.0,2-Car,No injury/unknown,IMPROPER LANE USAGE,39.16424,-86.473296
4,6,1300.0,2-Car,No injury/unknown,IMPROPER PASSING,39.16424,-86.473296
5,6,1100.0,2-Car,No injury/unknown,IMPROPER PASSING,39.16424,-86.473296
6,2,2300.0,2-Car,Non-incapacitating,OTHER (DRIVER) - EXPLAIN IN NARRATIVE,39.16424,-86.473296
10,3,1800.0,2-Car,No injury/unknown,FAILURE TO YIELD RIGHT OF WAY,39.16424,-86.473296
10,1,0.0,2-Car,No injury/unknown,FOLLOWING TOO CLOSELY,39.16424,-86.473296
1,2,1700.0,2-Car,No injury/unknown,UNSAFE BACKING,39.16423861,-86.49522852
3,2,1800.0,2-Car,No injury/unknown,,39.16423861,-86.49522852
5,5,1800.0,2-Car,No injury/unknown,UNSAFE BACKING,39.16423861,-86.49522852
11,7,1600.0,2-Car,No injury/unknown,UNSAFE BACKING,39.16423861,-86.49522852
3,6,1700.0,2-Car,No injury/unknown,FOLLOWING TOO CLOSELY,39.16423826,-86.49526439
10,7,1400.0,2-Car,No injury/unknown,UNSAFE BACKING,39.16423804,-86.49819233
11,1,300.0,2-Car,No injury/unknown,UNSAFE BACKING,39.16423771,-86.52973159
7,3,1500.0,2-Car,No injury/unknown,IMPROPER TURNING,39.16423733,-86.49811733
1,6,1800.0,2-Car,No injury/unknown,,39.16423674,-86.49805388
12,6,1200.0,2-Car,No injury/unknown,OTHER (DRIVER) - EXPLAIN IN NARRATIVE,39.16423674,-86.49805388
8,2,1000.0,2-Car,No injury/unknown,FAILURE TO YIELD RIGHT OF WAY,39.16423476,-86.49561717
2,4,1400.0,2-Car,Non-incapacitating,FAILURE TO YIELD RIGHT OF WAY,39.16423335,-86.49769443
2,4,1700.0,2-Car,No injury/unknown,UNSAFE BACKING,39.164232,-86.497552
4,7,1000.0,2-Car,No injury/unknown,FAILURE TO YIELD RIGHT OF WAY,39.16422546,-86.49655709
3,1,2200.0,2-Car,No injury/unknown,UNSAFE BACKING,39.16422436,-86.49666727
7,3,1100.0,2-Car,No injury/unknown,FAILURE TO YIELD RIGHT OF WAY,39.16422436,-86.49666727
11,7,1200.0,2-Car,No injury/unknown,OTHER (DRIVER) - EXPLAIN IN NARRATIVE,39.1642233,-86.50477454
12,6,1200.0,2-Car,No injury/unknown,OTHER (DRIVER) - EXPLAIN IN NARRATIVE,39.16422272,-86.47916412
12,5,1400.0,2-Car,No injury/unknown,FOLLOWING TOO CLOSELY,39.16422272,-86.47916412
2,6,2000.0,2-Car,Non-incapacitating,FOLLOWING TOO CLOSELY,39.16421995,-86.4965862
2,6,900.0,2-Car,No injury/unknown,FAILURE TO YIELD RIGHT OF WAY,39.16421995,-86.49657972
4,4,800.0,2-Car,No injury/unknown,FAILURE TO YIELD RIGHT OF WAY,39.16421995,-86.49657972
6,6,1400.0,2-Car,No injury/unknown,FAILURE TO YIELD RIGHT OF WAY,39.16421995,-86.49657972
8,4,1800.0,2-Car,No injury/unknown,FAILURE TO YIELD RIGHT OF WAY,39.16421995,-86.49657972
9,6,2000.0,2-Car,No injury/unknown,FAILURE TO YIELD RIGHT OF WAY,39.16421995,-86.49657972
2,7,1200.0,2-Car,No injury/unknown,FOLLOWING TOO CLOSELY,39.16421995,-86.49657626
8,2,2300.0,2-Car,No injury/unknown,UNSAFE BACKING,39.1642186,-86.50438696
6,2,1100.0,2-Car,No injury/unknown,FAILURE TO YIELD RIGHT OF WAY,39.1642155,-86.49657913
7,4,1100.0,1-Car,No injury/unknown,OTHER (DRIVER) - EXPLAIN IN NARRATIVE,39.1642119,-86.5220949
1,3,1400.0,2-Car,No injury/unknown,FAILURE TO YIELD RIGHT OF WAY,39.16420989,-86.49495966
7,1,1600.0,Moped/Motorcycle,Non-incapacitating,FOLLOWING TOO CLOSELY,39.16420989,-86.49495966
6,2,1600.0,2-Car,No injury/unknown,FAILURE TO YIELD RIGHT OF WAY,39.16420989,-86.49303987
8,6,1600.0,2-Car,No injury/unknown,DISREGARD SIGNAL/REG SIGN,39.16420989,-86.49303987
11,6,1600.0,2-Car,No injury/unknown,FAILURE TO YIELD RIGHT OF WAY,39.16420989,-86.49303987
10,1,2000.0,2-Car,No injury/unknown,FOLLOWING TOO CLOSELY,39.16420989,-86.49303122
6,6,0.0,1-Car,Incapacitating,RAN OFF ROAD RIGHT,39.16420989,-86.48803892
5,7,900.0,2-Car,No injury/unknown,FAILURE TO YIELD RIGHT OF WAY,39.16420989,-86.48799135
7,2,1300.0,Cyclist,Non-incapacitating,FAILURE TO YIELD RIGHT OF WAY,39.16420989,-86.48122005
2,7,1000.0,2-Car,No injury/unknown,SPEED TOO FAST FOR WEATHER CONDITIONS,39.16419987,-86.49304909
3,2,1700.0,2-Car,No injury/unknown,FOLLOWING TOO CLOSELY,39.16418648,-86.53482028
11,6,2300.0,2-Car,No injury/unknown,DISREGARD SIGNAL/REG SIGN,39.164184,-86.526915
11,6,1300.0,2-Car,No injury/unknown,FAILURE TO YIELD RIGHT OF WAY,39.16417837,-86.49679496
2,3,1500.0,2-Car,No injury/unknown,,39.164171,-86.4956282
10,6,1800.0,1-Car,No injury/unknown,OTHER (DRIVER) - EXPLAIN IN NARRATIVE,39.16417069,-86.538592
8,6,1200.0,2-Car,No injury/unknown,FAILURE TO YIELD RIGHT OF WAY,39.16416831,-86.49533383
11,1,1700.0,2-Car,No injury/unknown,IMPROPER TURNING,39.16416496,-86.49338722
12,6,600.0,1-Car,No injury/unknown,OVERCORRECTING/OVERSTEERING,39.16415523,-86.5715332
12,5,1200.0,2-Car,Non-incapacitating,UNSAFE BACKING,39.16410464,-86.49837029
8,2,1200.0,2-Car,No injury/unknown,UNSAFE BACKING,39.16406237,-86.52593381
12,7,1200.0,2-Car,No injury/unknown,OTHER (DRIVER) - EXPLAIN IN NARRATIVE,39.16398239,-86.51751708
2,5,1200.0,2-Car,No injury/unknown,OTHER (DRIVER) - EXPLAIN IN NARRATIVE,39.16394514,-86.5336
10,7,1200.0,2-Car,No injury/unknown,,39.1639061,-86.53722381
12,4,0.0,2-Car,No injury/unknown,OTHER (ENVIRONMENTAL) - EXPLAIN IN NARR,39.16387595,-86.49826213
2,6,300.0,1-Car,No injury/unknown,ANIMAL/OBJECT IN ROADWAY,39.16375183,-86.63254693
4,2,1500.0,3+ Cars,Non-incapacitating,DRIVER DISTRACTED - EXPLAIN IN NARRATIVE,39.16372977,-86.53866022
8,7,1400.0,1-Car,No injury/unknown,RAN OFF ROAD RIGHT,39.16368859,-86.64281076
8,4,2200.0,2-Car,No injury/unknown,UNSAFE LANE MOVEMENT,39.16365774,-86.51394031
5,1,1200.0,1-Car,Incapacitating,RAN OFF ROAD RIGHT,39.16365347,-86.57311806
9,3,1600.0,3+ Cars,Non-incapacitating,FOLLOWING TOO CLOSELY,39.16364648,-86.51640498
6,6,2200.0,1-Car,No injury/unknown,ANIMAL/OBJECT IN ROADWAY,39.16363992,-86.64993202
2,3,100.0,1-Car,No injury/unknown,ANIMAL/OBJECT IN ROADWAY,39.16363992,-86.64985404
3,2,1000.0,1-Car,No injury/unknown,CELL PHONE USAGE,39.16363992,-86.64960275
9,3,1200.0,3+ Cars,No injury/unknown,FOLLOWING TOO CLOSELY,39.16362,-86.49514
4,1,1700.0,Moped/Motorcycle,No injury/unknown,FOLLOWING TOO CLOSELY,39.1636198,-86.43828952
1,6,2000.0,2-Car,No injury/unknown,ROADWAY SURFACE CONDITION,39.1636198,-86.43815986
4,3,1800.0,1-Car,No injury/unknown,RAN OFF ROAD RIGHT,39.16361443,-86.4397635
7,2,1300.0,2-Car,No injury/unknown,UNSAFE BACKING,39.16360237,-86.51532769
4,1,900.0,Pedestrian,Non-incapacitating,OTHER (DRIVER) - EXPLAIN IN NARRATIVE,39.1635767,-86.5004602
9,5,1600.0,3+ Cars,No injury/unknown,FAILURE TO YIELD RIGHT OF WAY,39.16356231,-86.51615984
3,2,600.0,Bus,No injury/unknown,UNSAFE BACKING,39.163552,-86.583792
1,7,1900.0,2-Car,Incapacitating,ANIMAL/OBJECT IN ROADWAY,39.16345193,-86.63082546
11,6,400.0,1-Car,No injury/unknown,ANIMAL/OBJECT IN ROADWAY,39.16345193,-86.63082546
1,2,1300.0,2-Car,Non-incapacitating,FAILURE TO YIELD RIGHT OF WAY,39.16344009,-86.551293
3,2,2000.0,2-Car,No injury/unknown,FAILURE TO YIELD RIGHT OF WAY,39.16344009,-86.55128002
5,1,1000.0,Moped/Motorcycle,No injury/unknown,UNSAFE LANE MOVEMENT,39.16344009,-86.55128002
4,6,800.0,Pedestrian,Non-incapacitating,FAILURE TO YIELD RIGHT OF WAY,39.16344009,-86.55128002
6,4,1300.0,3+ Cars,No injury/unknown,FOLLOWING TOO CLOSELY,39.16344009,-86.55128002
9,3,1300.0,2-Car,Incapacitating,OTHER (DRIVER) - EXPLAIN IN NARRATIVE,39.16344009,-86.55128002
9,2,900.0,Cyclist,No injury/unknown,OTHER (DRIVER) - EXPLAIN IN NARRATIVE,39.16344009,-86.55128002
9,3,1500.0,Moped/Motorcycle,Non-incapacitating,FAILURE TO YIELD RIGHT OF WAY,39.16344009,-86.55128002
9,3,1200.0,2-Car,Non-incapacitating,FOLLOWING TOO CLOSELY,39.16344009,-86.55128002
10,6,1700.0,2-Car,No injury/unknown,UNSAFE LANE MOVEMENT,39.16344009,-86.55128002
11,6,1100.0,2-Car,Non-incapacitating,FOLLOWING TOO CLOSELY,39.16344009,-86.55128002
10,4,1200.0,2-Car,No injury/unknown,FOLLOWING TOO CLOSELY,39.16344009,-86.55126271
9,7,1300.0,1-Car,No injury/unknown,UNSAFE BACKING,39.16344,-86.5888
8,2,2100.0,Moped/Motorcycle,Non-incapacitating,RAN OFF ROAD RIGHT,39.16344,-86.58584
12,1,1000.0,2-Car,No injury/unknown,IMPROPER TURNING,39.16344,-86.58584
8,6,1300.0,2-Car,No injury/unknown,FAILURE TO YIELD RIGHT OF WAY,39.16343004,-86.49082973
2,3,1800.0,2-Car,Non-incapacitating,FAILURE TO YIELD RIGHT OF WAY,39.163344,-86.5272
3,4,1400.0,2-Car,No injury/unknown,UNSAFE LANE MOVEMENT,39.163344,-86.5272
10,4,1500.0,2-Car,Non-incapacitating,DISREGARD SIGNAL/REG SIGN,39.163344,-86.5272
5,7,800.0,2-Car,No injury/unknown,FAILURE TO YIELD RIGHT OF WAY,39.163328,-86.525808
5,4,2200.0,2-Car,No injury/unknown,IMPROPER TURNING,39.163328,-86.525808
2,2,1400.0,2-Car,No injury/unknown,FOLLOWING TOO CLOSELY,39.16328,-86.522592
11,5,1400.0,2-Car,No injury/unknown,UNSAFE LANE MOVEMENT,39.16326195,-86.53359018
3,3,800.0,1-Car,Non-incapacitating,OTHER (DRIVER) - EXPLAIN IN NARRATIVE,39.16321865,-86.53482941
3,7,1100.0,3+ Cars,No injury/unknown,UNSAFE LANE MOVEMENT,39.163216,-86.519024
12,4,1400.0,2-Car,No injury/unknown,FAILURE TO YIELD RIGHT OF WAY,39.163216,-86.519024
12,5,2100.0,1-Car,No injury/unknown,ANIMAL/OBJECT IN ROADWAY,39.16320326,-86.62875739
1,7,700.0,1-Car,No injury/unknown,,39.1632,-86.517584
4,1,1900.0,Moped/Motorcycle,No injury/unknown,OTHER (DRIVER) - EXPLAIN IN NARRATIVE,39.1632,-86.517584
10,3,1700.0,2-Car,Non-incapacitating,FAILURE TO YIELD RIGHT OF WAY,39.1632,-86.517584
1,6,2000.0,1-Car,Non-incapacitating,OTHER (ENVIRONMENTAL) - EXPLAIN IN NARR,39.16319044,-86.62884404
6,6,1900.0,2-Car,Non-incapacitating,DISREGARD SIGNAL/REG SIGN,39.163168,-86.516384
11,4,1900.0,2-Car,Non-incapacitating,DISREGARD SIGNAL/REG SIGN,39.163168,-86.516384
3,3,1200.0,2-Car,No injury/unknown,UNSAFE BACKING,39.16315913,-86.52214653
4,4,2000.0,2-Car,No injury/unknown,OTHER (DRIVER) - EXPLAIN IN NARRATIVE,39.16315913,-86.52214653
9,5,1500.0,2-Car,No injury/unknown,UNSAFE BACKING,39.16315913,-86.52214653
5,3,1400.0,2-Car,Incapacitating,FOLLOWING TOO CLOSELY,39.163152,-86.629104
5,5,1400.0,2-Car,No injury/unknown,FAILURE TO YIELD RIGHT OF WAY,39.163152,-86.515168
6,4,900.0,1-Car,Non-incapacitating,ROADWAY SURFACE CONDITION,39.16314974,-86.62921642
3,6,900.0,3+ Cars,No injury/unknown,OTHER (DRIVER) - EXPLAIN IN NARRATIVE,39.1631484,-86.55621595
1,6,1300.0,Bus,No injury/unknown,UNSAFE LANE MOVEMENT,39.16314127,-86.51444874
2,7,0.0,1-Car,No injury/unknown,RAN OFF ROAD RIGHT,39.16313969,-86.52727022
6,6,900.0,2-Car,Non-incapacitating,OTHER (DRIVER) - EXPLAIN IN NARRATIVE,39.16313969,-86.52727022
7,3,900.0,2-Car,Non-incapacitating,DISREGARD SIGNAL/REG SIGN,39.16313969,-86.52727022
7,5,1600.0,2-Car,No injury/unknown,DISREGARD SIGNAL/REG SIGN,39.16313969,-86.52727022
11,7,1400.0,2-Car,Incapacitating,FAILURE TO YIELD RIGHT OF WAY,39.16313969,-86.52727022
7,5,300.0,2-Car,Non-incapacitating,FOLLOWING TOO CLOSELY,39.16313803,-86.52726846
11,2,100.0,2-Car,No injury/unknown,OTHER (DRIVER) - EXPLAIN IN NARRATIVE,39.163136,-86.546224
8,1,1000.0,2-Car,No injury/unknown,DISREGARD SIGNAL/REG SIGN,39.163136,-86.514096
1,3,1100.0,2-Car,No injury/unknown,UNSAFE BACKING,39.16312164,-86.52262999
10,6,1100.0,3+ Cars,No injury/unknown,UNSAFE SPEED,39.16312024,-86.52590721
9,7,1700.0,3+ Cars,No injury/unknown,FOLLOWING TOO CLOSELY,39.16312024,-86.52590245
9,7,1700.0,2-Car,No injury/unknown,FOLLOWING TOO CLOSELY,39.16312024,-86.52590245
6,6,1400.0,2-Car,Non-incapacitating,FAILURE TO YIELD RIGHT OF WAY,39.16312024,-86.52590028
8,7,2300.0,2-Car,No injury/unknown,FAILURE TO YIELD RIGHT OF WAY,39.16312024,-86.52590028
8,3,1000.0,3+ Cars,No injury/unknown,FOLLOWING TOO CLOSELY,39.16312024,-86.52261994
10,2,1800.0,2-Car,No injury/unknown,FOLLOWING TOO CLOSELY,39.16312024,-86.52261994
10,1,100.0,2-Car,Non-incapacitating,FAILURE TO YIELD RIGHT OF WAY,39.16312024,-86.52261994
11,3,900.0,2-Car,No injury/unknown,FOLLOWING TOO CLOSELY,39.16311791,-86.52403493
2,4,1600.0,2-Car,No injury/unknown,SPEED TOO FAST FOR WEATHER CONDITIONS,39.16311018,-86.52403011
11,6,1400.0,3+ Cars,Non-incapacitating,FOLLOWING TOO CLOSELY,39.16310012,-86.52106456
2,3,1000.0,Moped/Motorcycle,Incapacitating,IMPROPER TURNING,39.16309007,-86.52020998
3,5,1200.0,2-Car,No injury/unknown,FAILURE TO YIELD RIGHT OF WAY,39.16309007,-86.52020998
6,1,1800.0,2-Car,No injury/unknown,FAILURE TO YIELD RIGHT OF WAY,39.16309007,-86.52020998
10,7,1000.0,2-Car,No injury/unknown,FAILURE TO YIELD RIGHT OF WAY,39.16309007,-86.52020998
11,4,1900.0,2-Car,No injury/unknown,UNSAFE LANE MOVEMENT,39.16309007,-86.52020998
10,3,1300.0,2-Car,Non-incapacitating,FAILURE TO YIELD RIGHT OF WAY,39.16309007,-86.5096803
3,2,300.0,1-Car,No injury/unknown,ANIMAL/OBJECT IN ROADWAY,39.1630837,-86.51055924
1,1,1600.0,2-Car,No injury/unknown,IMPROPER TURNING,39.16308001,-86.51527002
12,5,1800.0,1-Car,No injury/unknown,RAN OFF ROAD RIGHT,39.16308001,-86.51527002
1,1,1500.0,2-Car,No injury/unknown,FAILURE TO YIELD RIGHT OF WAY,39.16308001,-86.50846995
9,5,1700.0,Bus,No injury/unknown,OVERCORRECTING/OVERSTEERING,39.16307054,-86.51639895
3,5,2200.0,2-Car,No injury/unknown,IMPROPER TURNING,39.16306014,-86.51913137
1,3,1800.0,2-Car,No injury/unknown,FAILURE TO YIELD RIGHT OF WAY,39.16305989,-86.51773028
4,4,1800.0,2-Car,No injury/unknown,DISREGARD SIGNAL/REG SIGN,39.16304983,-86.51638984
5,3,1900.0,Cyclist,Non-incapacitating,BRAKE FAILURE OR DEFECTIVE,39.16304983,-86.51638984
6,5,1400.0,2-Car,No injury/unknown,IMPROPER TURNING,39.16304983,-86.51638984
7,5,1500.0,2-Car,Non-incapacitating,DRIVER DISTRACTED - EXPLAIN IN NARRATIVE,39.16304,-86.508288
5,1,1400.0,2-Car,Non-incapacitating,FOLLOWING TOO CLOSELY,39.16303569,-86.498065
9,5,1600.0,2-Car,Non-incapacitating,OTHER (DRIVER) - EXPLAIN IN NARRATIVE,39.16303068,-86.51638163
11,5,600.0,1-Car,Incapacitating,OVERCORRECTING/OVERSTEERING,39.16301027,-86.41432727
11,5,1800.0,1-Car,No injury/unknown,ANIMAL/OBJECT IN ROADWAY,39.16297065,-86.41444359
2,7,2200.0,1-Car,Non-incapacitating,RAN OFF ROAD RIGHT,39.16294992,-86.48080028
1,4,1100.0,2-Car,No injury/unknown,IMPROPER TURNING,39.162944,-86.534832
5,1,1200.0,2-Car,No injury/unknown,IMPROPER TURNING,39.162944,-86.534832
3,4,1300.0,2-Car,No injury/unknown,UNSAFE BACKING,39.162944,-86.534832
10,5,1200.0,2-Car,No injury/unknown,IMPROPER TURNING,39.162944,-86.534832
3,6,1700.0,Cyclist,No injury/unknown,UNSAFE BACKING,39.16287501,-86.53395109
4,2,1600.0,2-Car,No injury/unknown,FAILURE TO YIELD RIGHT OF WAY,39.16287012,-86.53867028
10,6,2100.0,2-Car,No injury/unknown,UNSAFE BACKING,39.16285001,-86.53494
3,1,1600.0,2-Car,Non-incapacitating,FAILURE TO YIELD RIGHT OF WAY,39.162848,-86.53218878
5,3,1300.0,2-Car,No injury/unknown,FAILURE TO YIELD RIGHT OF WAY,39.162848,-86.5336
5,6,1600.0,Cyclist,Non-incapacitating,FAILURE TO YIELD RIGHT OF WAY,39.162848,-86.5324
1,7,2000.0,2-Car,No injury/unknown,ROADWAY SURFACE CONDITION,39.162848,-86.52945841
1,1,800.0,2-Car,No injury/unknown,ROADWAY SURFACE CONDITION,39.162848,-86.52945841
7,2,1900.0,2-Car,Non-incapacitating,DISREGARD SIGNAL/REG SIGN,39.162848,-86.5284
1,7,1400.0,1-Car,No injury/unknown,SPEED TOO FAST FOR WEATHER CONDITIONS,39.162848,-86.527184
10,3,1000.0,2-Car,No injury/unknown,IMPROPER TURNING,39.162848,-86.527184
10,2,2200.0,2-Car,No injury/unknown,UNSAFE BACKING,39.16283304,-86.51543967
4,2,1700.0,2-Car,No injury/unknown,FAILURE TO YIELD RIGHT OF WAY,39.16282989,-86.53117015
5,3,1100.0,Cyclist,Non-incapacitating,FAILURE TO YIELD RIGHT OF WAY,39.16280611,-86.52841933
9,2,2100.0,3+ Cars,No injury/unknown,OTHER (VEHICLE) - EXPLAIN IN NARRATIVE,39.1627618,-86.53104098
10,7,2300.0,2-Car,No injury/unknown,,39.16273681,-86.51322057
10,3,2200.0,1-Car,Non-incapacitating,UNSAFE SPEED,39.16273117,-86.47593688
7,3,2200.0,1-Car,No injury/unknown,ANIMAL/OBJECT IN ROADWAY,39.16268975,-86.4133501
4,3,2100.0,2-Car,Non-incapacitating,FAILURE TO YIELD RIGHT OF WAY,39.16267559,-86.5336
7,2,2300.0,1-Car,No injury/unknown,RAN OFF ROAD RIGHT,39.16267307,-86.55049987
1,5,1200.0,2-Car,No injury/unknown,FOLLOWING TOO CLOSELY,39.16267307,-86.55049554
1,1,1200.0,2-Car,No injury/unknown,IMPROPER LANE USAGE,39.16266935,-86.53483492
4,2,900.0,1-Car,Non-incapacitating,RAN OFF ROAD RIGHT,39.16266024,-86.55622668
3,5,2100.0,2-Car,No injury/unknown,IMPROPER PASSING,39.162656,-86.413296
5,7,1300.0,2-Car,No injury/unknown,OTHER (VEHICLE) - EXPLAIN IN NARRATIVE,39.16262671,-86.47631965
10,3,1400.0,2-Car,No injury/unknown,OTHER (DRIVER) - EXPLAIN IN NARRATIVE,39.16260391,-86.50247789
11,6,1400.0,2-Car,No injury/unknown,,39.16258939,-86.5336
1,1,0.0,2-Car,No injury/unknown,ROADWAY SURFACE CONDITION,39.16256065,-86.52974727
12,1,2100.0,2-Car,No injury/unknown,OTHER (DRIVER) - EXPLAIN IN NARRATIVE,39.16255295,-86.47619962
3,5,1400.0,2-Car,No injury/unknown,FOLLOWING TOO CLOSELY,39.16248064,-86.53776973
5,6,0.0,2-Car,No injury/unknown,UNSAFE BACKING,39.16244571,-86.5324
5,6,1500.0,2-Car,No injury/unknown,UNSAFE BACKING,39.16244571,-86.5324
6,5,1500.0,3+ Cars,No injury/unknown,FOLLOWING TOO CLOSELY,39.1624,-86.538592
7,2,1600.0,2-Car,No injury/unknown,FOLLOWING TOO CLOSELY,39.1624,-86.538592
7,6,800.0,2-Car,No injury/unknown,OTHER (DRIVER) - EXPLAIN IN NARRATIVE,39.162392,-86.527172
11,3,1000.0,1-Car,No injury/unknown,RAN OFF ROAD RIGHT,39.16237861,-86.5559256
11,3,1600.0,2-Car,No injury/unknown,UNSAFE LANE MOVEMENT,39.1622824,-86.5348602
3,4,1200.0,2-Car,No injury/unknown,UNSAFE BACKING,39.16228071,-86.55596919
4,6,1400.0,2-Car,No injury/unknown,UNSAFE BACKING,39.16228071,-86.55596919
9,6,2000.0,2-Car,No injury/unknown,FAILURE TO YIELD RIGHT OF WAY,39.16226959,-86.52758026
9,3,2000.0,2-Car,No injury/unknown,IMPROPER TURNING,39.16225992,-86.52724005
12,2,1000.0,2-Car,No injury/unknown,FOLLOWING TOO CLOSELY,39.162254,-86.589249
5,6,1000.0,2-Car,Non-incapacitating,FAILURE TO YIELD RIGHT OF WAY,39.16224,-86.5237034
4,2,1700.0,2-Car,Non-incapacitating,FAILURE TO YIELD RIGHT OF WAY,39.16224,-86.525824