Month,Day,Hour,Collision Type,Injury Type,Primary Factor,Latitude,Longitude
4,2,800.0,2-Car,No injury/unknown,FAILURE TO YIELD RIGHT OF WAY,39.16224,-86.522576
11,6,800.0,2-Car,No injury/unknown,FAILURE TO YIELD RIGHT OF WAY,39.16224,-86.52016
3,5,1500.0,2-Car,No injury/unknown,FAILURE TO YIELD RIGHT OF WAY,39.16224,-86.5176
4,1,1200.0,2-Car,No injury/unknown,,39.16224,-86.5176
4,7,1200.0,2-Car,No injury/unknown,FAILURE TO YIELD RIGHT OF WAY,39.16224,-86.516368
4,6,1800.0,2-Car,No injury/unknown,FAILURE TO YIELD RIGHT OF WAY,39.16224,-86.516368
12,5,1300.0,2-Car,No injury/unknown,OTHER (DRIVER) - EXPLAIN IN NARRATIVE,39.16222595,-86.52261675
11,5,1100.0,2-Car,No injury/unknown,OTHER LIGHTS DEFECTIVE,39.16222,-86.58271026
2,6,1300.0,2-Car,Non-incapacitating,FAILURE TO YIELD RIGHT OF WAY,39.16221969,-86.52402006
1,6,1600.0,2-Car,No injury/unknown,FAILURE TO YIELD RIGHT OF WAY,39.1622144,-86.52401608
1,1,1200.0,2-Car,No injury/unknown,OTHER (DRIVER) - EXPLAIN IN NARRATIVE,39.16218195,-86.51637282
7,2,1200.0,2-Car,No injury/unknown,FAILURE TO YIELD RIGHT OF WAY,39.16212662,-86.5348407
8,3,1700.0,Cyclist,Non-incapacitating,FAILURE TO YIELD RIGHT OF WAY,39.16211951,-86.508288
10,3,2200.0,2-Car,No injury/unknown,FAILURE TO YIELD RIGHT OF WAY,39.16203403,-86.52582812
12,6,200.0,1-Car,No injury/unknown,RAN OFF ROAD RIGHT,39.16200597,-86.57316611
7,5,1000.0,1-Car,No injury/unknown,OTHER (DRIVER) - EXPLAIN IN NARRATIVE,39.16198929,-86.53484216
10,3,1200.0,2-Car,No injury/unknown,IMPROPER LANE USAGE,39.16198929,-86.53484216
3,5,1400.0,2-Car,No injury/unknown,OTHER (DRIVER) - EXPLAIN IN NARRATIVE,39.16191346,-86.49789927
3,5,1600.0,Moped/Motorcycle,Incapacitating,RAN OFF ROAD RIGHT,39.16182004,-86.56742624
9,3,800.0,2-Car,No injury/unknown,LEFT OF CENTER,39.16180998,-86.56743228
12,1,1500.0,3+ Cars,No injury/unknown,IMPROPER LANE USAGE,39.1617503,-86.56746782
3,5,1700.0,Bus,No injury/unknown,UNSAFE BACKING,39.16172281,-86.56735651
10,4,100.0,2-Car,No injury/unknown,IMPROPER TURNING,39.16169129,-86.56750336
5,2,500.0,2-Car,No injury/unknown,IMPROPER TURNING,39.16167855,-86.49788863
7,3,500.0,3+ Cars,No injury/unknown,OTHER (DRIVER) - EXPLAIN IN NARRATIVE,39.16160345,-86.56742826
4,6,1700.0,2-Car,Non-incapacitating,FOLLOWING TOO CLOSELY,39.161568,-86.542096
8,5,1400.0,2-Car,Non-incapacitating,BRAKE FAILURE OR DEFECTIVE,39.161568,-86.542096
1,2,1700.0,1-Car,No injury/unknown,SPEED TOO FAST FOR WEATHER CONDITIONS,39.16154417,-86.54035571
1,2,900.0,2-Car,No injury/unknown,OTHER (DRIVER) - EXPLAIN IN NARRATIVE,39.16153611,-86.53976784
4,5,900.0,2-Car,No injury/unknown,OTHER (DRIVER) - EXPLAIN IN NARRATIVE,39.16153611,-86.53976784
4,5,1700.0,2-Car,No injury/unknown,FAILURE TO YIELD RIGHT OF WAY,39.16153611,-86.53976784
12,1,800.0,2-Car,No injury/unknown,,39.16153611,-86.53976784
12,3,1300.0,Cyclist,Incapacitating,FAILURE TO YIELD RIGHT OF WAY,39.16153451,-86.53965023
11,1,2000.0,2-Car,No injury/unknown,UNSAFE BACKING,39.16152567,-86.47653557
5,2,600.0,2-Car,No injury/unknown,OTHER (DRIVER) - EXPLAIN IN NARRATIVE,39.16152231,-86.56760461
2,4,1500.0,2-Car,Non-incapacitating,FOLLOWING TOO CLOSELY,39.16152,-86.538592
4,6,1400.0,2-Car,No injury/unknown,FOLLOWING TOO CLOSELY,39.16152,-86.538592
6,3,1500.0,2-Car,No injury/unknown,IMPROPER PASSING,39.16152,-86.538592
12,4,700.0,1-Car,No injury/unknown,SPEED TOO FAST FOR WEATHER CONDITIONS,39.16152,-86.538592
1,6,1200.0,2-Car,No injury/unknown,ACCELERATOR FAILURE OR DEFECTIVE,39.161472,-86.53624
1,4,1400.0,2-Car,No injury/unknown,FOLLOWING TOO CLOSELY,39.16144343,-86.5349714
2,5,800.0,2-Car,No injury/unknown,LEFT OF CENTER,39.16144,-86.5254872
12,5,1500.0,2-Car,No injury/unknown,UNSAFE BACKING,39.16144,-86.5281116
9,7,1500.0,2-Car,No injury/unknown,DISREGARD SIGNAL/REG SIGN,39.16144,-86.534848
5,4,1400.0,3+ Cars,No injury/unknown,DRIVER DISTRACTED - EXPLAIN IN NARRATIVE,39.16144,-86.5339528
2,2,1600.0,2-Car,No injury/unknown,FOLLOWING TOO CLOSELY,39.16144,-86.5337764
1,1,800.0,2-Car,No injury/unknown,DISREGARD SIGNAL/REG SIGN,39.16144,-86.5336
1,7,2200.0,3+ Cars,No injury/unknown,SPEED TOO FAST FOR WEATHER CONDITIONS,39.16144,-86.5336
4,6,1100.0,Cyclist,Non-incapacitating,OTHER (DRIVER) - EXPLAIN IN NARRATIVE,39.16144,-86.5336
9,3,1200.0,2-Car,No injury/unknown,FAILURE TO YIELD RIGHT OF WAY,39.16144,-86.5336
4,7,1700.0,2-Car,No injury/unknown,,39.16144,-86.5324
10,2,2100.0,2-Car,No injury/unknown,UNSAFE BACKING,39.16144,-86.53212571
3,6,900.0,2-Car,Non-incapacitating,FAILURE TO YIELD RIGHT OF WAY,39.16144,-86.531056
4,5,1400.0,2-Car,No injury/unknown,FAILURE TO YIELD RIGHT OF WAY,39.16144,-86.531056
5,4,1900.0,2-Car,Non-incapacitating,FAILURE TO YIELD RIGHT OF WAY,39.16144,-86.531056
5,5,1500.0,2-Car,No injury/unknown,FAILURE TO YIELD RIGHT OF WAY,39.16144,-86.531056
10,3,1400.0,2-Car,No injury/unknown,,39.16144,-86.531056
9,2,1500.0,2-Car,No injury/unknown,OTHER (DRIVER) - EXPLAIN IN NARRATIVE,39.16144,-86.531056
3,6,300.0,3+ Cars,Non-incapacitating,DRIVER DISTRACTED - EXPLAIN IN NARRATIVE,39.16144,-86.52976
10,7,1500.0,2-Car,No injury/unknown,OTHER (DRIVER) - EXPLAIN IN NARRATIVE,39.16144,-86.52976
9,6,1600.0,2-Car,No injury/unknown,OTHER (VEHICLE) - EXPLAIN IN NARRATIVE,39.16144,-86.52805616
7,2,2000.0,2-Car,No injury/unknown,,39.16144,-86.527152
11,4,1500.0,Pedestrian,Non-incapacitating,FAILURE TO YIELD RIGHT OF WAY,39.16144,-86.527152
3,5,1600.0,1-Car,No injury/unknown,OTHER (DRIVER) - EXPLAIN IN NARRATIVE,39.16144,-86.52709845
8,1,1300.0,2-Car,No injury/unknown,OTHER (DRIVER) - EXPLAIN IN NARRATIVE,39.16144,-86.52584
12,5,1000.0,1-Car,No injury/unknown,RAN OFF ROAD RIGHT,39.16144,-86.523952
1,5,1200.0,2-Car,No injury/unknown,FOLLOWING TOO CLOSELY,39.16142978,-86.54614023
1,5,1200.0,2-Car,No injury/unknown,LEFT OF CENTER,39.16142978,-86.54614023
1,2,1600.0,2-Car,Non-incapacitating,FAILURE TO YIELD RIGHT OF WAY,39.16142978,-86.54614023
6,2,2100.0,2-Car,No injury/unknown,FAILURE TO YIELD RIGHT OF WAY,39.16142978,-86.54614023
7,7,1100.0,2-Car,No injury/unknown,DISREGARD SIGNAL/REG SIGN,39.16142978,-86.54614023
8,3,300.0,1-Car,No injury/unknown,RAN OFF ROAD RIGHT,39.16142978,-86.54614023
10,5,1000.0,1-Car,Non-incapacitating,RAN OFF ROAD RIGHT,39.16142978,-86.54612725
4,7,2300.0,2-Car,No injury/unknown,IMPROPER TURNING,39.16142508,-86.56753487
9,1,1000.0,2-Car,No injury/unknown,FOLLOWING TOO CLOSELY,39.16141033,-86.54224969
11,2,1000.0,2-Car,No injury/unknown,FOLLOWING TOO CLOSELY,39.16141033,-86.54224969
1,5,1800.0,3+ Cars,No injury/unknown,FOLLOWING TOO CLOSELY,39.16141033,-86.54224536
9,2,1100.0,2-Car,No injury/unknown,FOLLOWING TOO CLOSELY,39.16141033,-86.5422432
2,4,1600.0,2-Car,No injury/unknown,IMPROPER PASSING,39.16141033,-86.53743982
8,5,1100.0,1-Car,Non-incapacitating,BRAKE FAILURE OR DEFECTIVE,39.16141033,-86.53743549
4,3,1800.0,2-Car,Non-incapacitating,FOLLOWING TOO CLOSELY,39.16140027,-86.53868759
3,1,1600.0,2-Car,Non-incapacitating,OTHER (DRIVER) - EXPLAIN IN NARRATIVE,39.16140027,-86.53867028
3,2,800.0,2-Car,Non-incapacitating,FOLLOWING TOO CLOSELY,39.16140027,-86.53362974
4,4,1800.0,1-Car,No injury/unknown,OVERCORRECTING/OVERSTEERING,39.16140027,-86.53362974
10,6,1900.0,2-Car,No injury/unknown,FOLLOWING TOO CLOSELY,39.16140027,-86.53362974
10,7,2100.0,3+ Cars,Non-incapacitating,CELL PHONE USAGE,39.16140027,-86.53362974
3,2,1600.0,3+ Cars,No injury/unknown,FOLLOWING TOO CLOSELY,39.16138016,-86.53492994
10,3,1500.0,Pedestrian,Non-incapacitating,FAILURE TO YIELD RIGHT OF WAY,39.16138016,-86.53492994
11,4,500.0,2-Car,Non-incapacitating,OTHER (DRIVER) - EXPLAIN IN NARRATIVE,39.16138016,-86.53492994
5,5,1700.0,2-Car,No injury/unknown,FAILURE TO YIELD RIGHT OF WAY,39.16136004,-86.53123989
8,2,1400.0,Bus,No injury/unknown,FAILURE TO YIELD RIGHT OF WAY,39.16136004,-86.53123989
3,2,1000.0,2-Car,No injury/unknown,UNSAFE BACKING,39.16135535,-86.53977066
4,5,800.0,1-Car,No injury/unknown,IMPROPER TURNING,39.16135535,-86.53977066
4,7,800.0,2-Car,Non-incapacitating,FAILURE TO YIELD RIGHT OF WAY,39.16134254,-86.52719974
10,4,1200.0,2-Car,No injury/unknown,OTHER (DRIVER) - EXPLAIN IN NARRATIVE,39.16133992,-86.52720847
1,4,1600.0,1-Car,No injury/unknown,IMPROPER TURNING,39.16131981,-86.52399994
10,6,1100.0,2-Car,No injury/unknown,UNSAFE LANE MOVEMENT,39.16131224,-86.53488032
2,5,800.0,2-Car,No injury/unknown,IMPROPER PASSING,39.161312,-86.522576
7,6,1400.0,2-Car,No injury/unknown,OTHER (DRIVER) - EXPLAIN IN NARRATIVE,39.16130268,-86.5348502
5,4,300.0,2-Car,No injury/unknown,IMPROPER LANE USAGE,39.16130268,-86.52584196
5,5,1500.0,Bus,No injury/unknown,OTHER (DRIVER) - EXPLAIN IN NARRATIVE,39.16119737,-86.53624439
6,6,1700.0,2-Car,No injury/unknown,,39.16117094,-86.47675484
3,7,1400.0,2-Car,No injury/unknown,FAILURE TO YIELD RIGHT OF WAY,39.161168,-86.516352
11,5,1900.0,3+ Cars,No injury/unknown,FOLLOWING TOO CLOSELY,39.16116537,-86.53485239
7,4,1700.0,Moped/Motorcycle,Non-incapacitating,UNSAFE SPEED,39.16115717,-86.53485253
9,3,1300.0,2-Car,No injury/unknown,UNSAFE BACKING,39.16115717,-86.53485253
10,2,1200.0,2-Car,No injury/unknown,FAILURE TO YIELD RIGHT OF WAY,39.16115717,-86.53485253
2,3,1000.0,2-Car,No injury/unknown,FOLLOWING TOO CLOSELY,39.1611519,-86.48072644
3,5,1100.0,2-Car,No injury/unknown,UNSAFE SPEED,39.16115016,-86.48071981
2,6,900.0,2-Car,No injury/unknown,UNSAFE BACKING,39.16114057,-86.5336
1,2,1600.0,2-Car,Non-incapacitating,SPEED TOO FAST FOR WEATHER CONDITIONS,39.16112,-86.514096
4,7,0.0,2-Car,No injury/unknown,,39.16112,-86.514096
5,5,100.0,Moped/Motorcycle,Non-incapacitating,FAILURE TO YIELD RIGHT OF WAY,39.16111574,-86.54512971
8,6,1400.0,2-Car,No injury/unknown,UNSAFE BACKING,39.16106384,-86.53624653
10,3,900.0,2-Car,No injury/unknown,UNSAFE BACKING,39.161048890000004,-86.55483245
12,2,1100.0,2-Car,No injury/unknown,UNSAFE BACKING,39.161048890000004,-86.55483245
10,7,1300.0,1-Car,No injury/unknown,RAN OFF ROAD RIGHT,39.16103013,-86.51320002
5,2,1700.0,2-Car,No injury/unknown,UNSAFE BACKING,39.16101225,-86.5336
12,2,100.0,2-Car,No injury/unknown,UNSAFE BACKING,39.16097447,-86.49940006
10,1,200.0,2-Car,No injury/unknown,OTHER (DRIVER) - EXPLAIN IN NARRATIVE,39.16095737,-86.51906066
11,3,1700.0,2-Car,No injury/unknown,UNSAFE LANE MOVEMENT,39.16094401,-86.4979606
10,6,1200.0,2-Car,No injury/unknown,IMPROPER TURNING,39.160944,-86.49783712
2,6,1400.0,2-Car,No injury/unknown,FAILURE TO YIELD RIGHT OF WAY,39.160944,-86.508288
3,2,1700.0,2-Car,No injury/unknown,FAILURE TO YIELD RIGHT OF WAY,39.160944,-86.497696
3,3,1400.0,3+ Cars,Non-incapacitating,FOLLOWING TOO CLOSELY,39.160944,-86.497696
3,7,1100.0,2-Car,No injury/unknown,UNSAFE LANE MOVEMENT,39.160944,-86.497696
4,1,1300.0,2-Car,Non-incapacitating,FAILURE TO YIELD RIGHT OF WAY,39.160944,-86.497696
7,1,1500.0,2-Car,Non-incapacitating,LEFT OF CENTER,39.160944,-86.497696
5,1,2200.0,2-Car,No injury/unknown,OTHER (DRIVER) - EXPLAIN IN NARRATIVE,39.16094027,-86.49772033
9,5,1200.0,2-Car,No injury/unknown,FAILURE TO YIELD RIGHT OF WAY,39.16094027,-86.49771168
6,4,1000.0,2-Car,No injury/unknown,IMPROPER LANE USAGE,39.16093797,-86.49771967
12,6,1200.0,2-Car,Non-incapacitating,FOLLOWING TOO CLOSELY,39.16093004,-86.4978075
4,6,1800.0,2-Car,No injury/unknown,DRIVER DISTRACTED - EXPLAIN IN NARRATIVE,39.16092322,-86.50243435
7,4,2000.0,2-Car,No injury/unknown,OTHER (DRIVER) - EXPLAIN IN NARRATIVE,39.16092016,-86.50248433
3,2,1100.0,2-Car,No injury/unknown,SPEED TOO FAST FOR WEATHER CONDITIONS,39.16092016,-86.50244973
2,6,0.0,2-Car,Non-incapacitating,FOLLOWING TOO CLOSELY,39.16092016,-86.50244973
2,4,800.0,2-Car,No injury/unknown,FOLLOWING TOO CLOSELY,39.16092016,-86.50244973
4,1,2200.0,2-Car,No injury/unknown,DISREGARD SIGNAL/REG SIGN,39.16092016,-86.50244973
12,7,1200.0,2-Car,No injury/unknown,FOLLOWING TOO CLOSELY,39.16092016,-86.50244973
7,2,1800.0,3+ Cars,No injury/unknown,FOLLOWING TOO CLOSELY,39.16081318,-86.53485803
12,7,1400.0,2-Car,No injury/unknown,UNSAFE LANE MOVEMENT,39.16075336,-86.5324
3,4,1100.0,Cyclist,Non-incapacitating,DISREGARD SIGNAL/REG SIGN,39.16074984,-86.54850997
4,1,1200.0,2-Car,No injury/unknown,FOLLOWING TOO CLOSELY,39.16074984,-86.54850997
5,6,500.0,2-Car,No injury/unknown,FAILURE TO YIELD RIGHT OF WAY,39.16074984,-86.54850997
5,7,2000.0,2-Car,No injury/unknown,UNSAFE BACKING,39.16074984,-86.54850997
7,3,1300.0,2-Car,No injury/unknown,FOLLOWING TOO CLOSELY,39.16074984,-86.54850997
7,5,1200.0,3+ Cars,Non-incapacitating,FOLLOWING TOO CLOSELY,39.16074984,-86.54850997
10,2,1400.0,2-Car,No injury/unknown,DISREGARD SIGNAL/REG SIGN,39.16074984,-86.54850997
12,2,1600.0,2-Car,No injury/unknown,OTHER (DRIVER) - EXPLAIN IN NARRATIVE,39.16074984,-86.54850997
6,6,1000.0,1-Car,No injury/unknown,RAN OFF ROAD RIGHT,39.160544,-86.5508
11,2,2100.0,2-Car,No injury/unknown,FOLLOWING TOO CLOSELY,39.160544,-86.5508
6,2,1800.0,2-Car,No injury/unknown,UNSAFE BACKING,39.16051246,-86.55401453
12,6,1400.0,2-Car,No injury/unknown,UNSAFE BACKING,39.16051246,-86.55401453
2,1,1600.0,Pedestrian,Non-incapacitating,PEDESTRIAN ACTION,39.1604501,-86.47678032
6,4,1700.0,2-Car,No injury/unknown,UNSAFE BACKING,39.16041255,-86.53861261
5,7,2300.0,2-Car,No injury/unknown,UNSAFE LANE MOVEMENT,39.16039489,-86.49771494
5,4,1500.0,2-Car,Non-incapacitating,FAILURE TO YIELD RIGHT OF WAY,39.16038975,-86.52718976
2,3,1500.0,1-Car,No injury/unknown,OTHER TELEMATICS IN USE,39.16038015,-86.55083273
11,3,1700.0,2-Car,No injury/unknown,FAILURE TO YIELD RIGHT OF WAY,39.16037969,-86.55083008
10,4,200.0,2-Car,No injury/unknown,,39.16037031,-86.52593985
5,1,800.0,2-Car,No injury/unknown,UNSAFE SPEED,39.16034013,-86.60384126
6,2,800.0,Cyclist,Non-incapacitating,UNSAFE LANE MOVEMENT,39.160272,-86.516336
4,2,1100.0,2-Car,No injury/unknown,FAILURE TO YIELD RIGHT OF WAY,39.16026962,-86.55078432
3,6,1200.0,2-Car,No injury/unknown,OTHER (DRIVER) - EXPLAIN IN NARRATIVE,39.16025765,-86.55395418
5,5,1600.0,2-Car,No injury/unknown,OTHER (VEHICLE) - EXPLAIN IN NARRATIVE,39.16025765,-86.55395418
3,3,700.0,2-Car,Non-incapacitating,LEFT OF CENTER,39.16003226,-86.52311012
4,3,1200.0,2-Car,No injury/unknown,IMPROPER LANE USAGE,39.15998927,-86.53487121
2,6,2000.0,2-Car,No injury/unknown,FOLLOWING TOO CLOSELY,39.15993981,-86.55382007
3,5,1900.0,2-Car,Non-incapacitating,FOLLOWING TOO CLOSELY,39.15993981,-86.55382007
5,1,1500.0,2-Car,No injury/unknown,FOLLOWING TOO CLOSELY,39.15993981,-86.55382007
12,2,900.0,2-Car,Non-incapacitating,ROADWAY SURFACE CONDITION,39.15993981,-86.55382007
5,3,2000.0,1-Car,No injury/unknown,ANIMAL/OBJECT IN ROADWAY,39.1599148,-86.48039996
2,5,1700.0,2-Car,No injury/unknown,FOLLOWING TOO CLOSELY,39.15967782,-86.53494
10,1,100.0,2-Car,No injury/unknown,FOLLOWING TOO CLOSELY,39.15961848,-86.53360024
5,1,0.0,Cyclist,Non-incapacitating,FAILURE TO YIELD RIGHT OF WAY,39.15957122,-86.49774334
5,2,1500.0,Bus,No injury/unknown,IMPROPER TURNING,39.159504,-86.538592
4,2,2100.0,2-Car,No injury/unknown,FAILURE TO YIELD RIGHT OF WAY,39.159504,-86.538592
10,3,1400.0,Bus,No injury/unknown,DRIVER DISTRACTED - EXPLAIN IN NARRATIVE,39.159504,-86.538592
5,3,800.0,3+ Cars,Non-incapacitating,FOLLOWING TOO CLOSELY,39.15948133,-86.5336
2,3,1000.0,1-Car,No injury/unknown,RAN OFF ROAD RIGHT,39.159472,-86.536272
9,7,1600.0,2-Car,No injury/unknown,FAILURE TO YIELD RIGHT OF WAY,39.159472,-86.536272
10,6,1700.0,2-Car,No injury/unknown,FAILURE TO YIELD RIGHT OF WAY,39.15945031,-86.54343278
4,5,2000.0,2-Car,No injury/unknown,FAILURE TO YIELD RIGHT OF WAY,39.15944,-86.53488
5,7,1600.0,2-Car,Non-incapacitating,IMPROPER TURNING,39.15944,-86.53488
6,2,1100.0,3+ Cars,No injury/unknown,FOLLOWING TOO CLOSELY,39.15944,-86.53488
6,7,2300.0,Moped/Motorcycle,Non-incapacitating,IMPROPER TURNING,39.15944,-86.53488
7,5,1100.0,2-Car,No injury/unknown,OTHER (DRIVER) - EXPLAIN IN NARRATIVE,39.15944,-86.53488
9,5,1100.0,Pedestrian,Non-incapacitating,PEDESTRIAN ACTION,39.15944,-86.53488
9,5,2300.0,Cyclist,Non-incapacitating,FAILURE TO YIELD RIGHT OF WAY,39.15944,-86.53488
10,3,500.0,2-Car,No injury/unknown,DISREGARD SIGNAL/REG SIGN,39.15944,-86.53488
10,2,1800.0,Cyclist,Non-incapacitating,FAILURE TO YIELD RIGHT OF WAY,39.15944,-86.53488
10,2,1700.0,2-Car,No injury/unknown,FAILURE TO YIELD RIGHT OF WAY,39.15944,-86.53488
11,7,800.0,2-Car,No injury/unknown,DISREGARD SIGNAL/REG SIGN,39.15944,-86.53488
12,2,1300.0,2-Car,Non-incapacitating,LEFT OF CENTER,39.15943019,-86.49054342
11,2,1700.0,3+ Cars,No injury/unknown,FAILURE TO YIELD RIGHT OF WAY,39.15942013,-86.53871355
2,3,800.0,1-Car,No injury/unknown,ANIMAL/OBJECT IN ROADWAY,39.15939583,-86.52264006
7,3,1600.0,3+ Cars,No injury/unknown,FOLLOWING TOO CLOSELY,39.15936984,-86.53499029
10,2,1700.0,2-Car,Non-incapacitating,FOLLOWING TOO CLOSELY,39.15936984,-86.53499029
11,5,700.0,2-Car,No injury/unknown,OTHER (DRIVER) - EXPLAIN IN NARRATIVE,39.15936984,-86.53499029
7,2,900.0,2-Car,No injury/unknown,FAILURE TO YIELD RIGHT OF WAY,39.159344,-86.5336
10,3,1000.0,2-Car,Non-incapacitating,DISREGARD SIGNAL/REG SIGN,39.159344,-86.5336
1,1,1000.0,2-Car,Non-incapacitating,DISREGARD SIGNAL/REG SIGN,39.159344,-86.5324
3,7,1900.0,2-Car,No injury/unknown,FAILURE TO YIELD RIGHT OF WAY,39.159344,-86.5324
4,3,1700.0,2-Car,No injury/unknown,FAILURE TO YIELD RIGHT OF WAY,39.159344,-86.5324
12,2,1100.0,2-Car,No injury/unknown,FAILURE TO YIELD RIGHT OF WAY,39.159344,-86.5324
2,4,800.0,2-Car,No injury/unknown,FAILURE TO YIELD RIGHT OF WAY,39.159344,-86.5176
10,3,1700.0,2-Car,No injury/unknown,FAILURE TO YIELD RIGHT OF WAY,39.15932022,-86.52714014
9,4,800.0,2-Car,No injury/unknown,OTHER (DRIVER) - EXPLAIN IN NARRATIVE,39.15932022,-86.52712283
1,3,1800.0,2-Car,Non-incapacitating,FAILURE TO YIELD RIGHT OF WAY,39.15930784,-86.52021468
8,6,1600.0,2-Car,Non-incapacitating,DISREGARD SIGNAL/REG SIGN,39.15929005,-86.52264006
10,6,1000.0,2-Car,No injury/unknown,FOLLOWING TOO CLOSELY,39.15927503,-86.55557806
9,1,1300.0,2-Car,No injury/unknown,OTHER (DRIVER) - EXPLAIN IN NARRATIVE,39.15925182,-86.49775452
1,5,1200.0,2-Car,Non-incapacitating,LEFT OF CENTER,39.15921217,-86.56822085
2,4,300.0,1-Car,No injury/unknown,RAN OFF ROAD RIGHT,39.15910967,-86.47156007
4,7,2100.0,2-Car,No injury/unknown,FOLLOWING TOO CLOSELY,39.158973,-86.5163999
5,3,1600.0,2-Car,No injury/unknown,UNSAFE BACKING,39.15888637,-86.56751409
4,6,1600.0,2-Car,No injury/unknown,UNSAFE BACKING,39.15883943,-86.56759187
3,6,1700.0,3+ Cars,Incapacitating,UNSAFE SPEED,39.15870911,-86.49777307
8,3,1300.0,3+ Cars,No injury/unknown,FOLLOWING TOO CLOSELY,39.15862042,-86.53494
3,5,1300.0,2-Car,No injury/unknown,FOLLOWING TOO CLOSELY,39.15861513,-86.55670627
2,1,1700.0,2-Car,No injury/unknown,UNSAFE BACKING,39.15855945,-86.54163329
4,2,1300.0,2-Car,No injury/unknown,UNSAFE BACKING,39.158448,-86.53257639
7,7,900.0,2-Car,No injury/unknown,SPEED TOO FAST FOR WEATHER CONDITIONS,39.1584083,-86.50843977
1,3,1900.0,2-Car,No injury/unknown,OTHER (DRIVER) - EXPLAIN IN NARRATIVE,39.15838458,-86.540947
3,6,200.0,2-Car,No injury/unknown,FAILURE TO YIELD RIGHT OF WAY,39.15835389,-86.53242422
7,5,1700.0,3+ Cars,Non-incapacitating,FAILURE TO YIELD RIGHT OF WAY,39.15831976,-86.49611033
7,2,1400.0,2-Car,No injury/unknown,FAILURE TO YIELD RIGHT OF WAY,39.15829025,-86.52710996
1,4,1100.0,2-Car,No injury/unknown,FOLLOWING TOO CLOSELY,39.15816,-86.497792
1,3,1900.0,2-Car,No injury/unknown,FAILURE TO YIELD RIGHT OF WAY,39.15816,-86.497792
1,5,1400.0,1-Car,No injury/unknown,OTHER (DRIVER) - EXPLAIN IN NARRATIVE,39.15814541,-86.49706318
7,4,900.0,2-Car,No injury/unknown,OTHER (DRIVER) - EXPLAIN IN NARRATIVE,39.15814541,-86.49706318
2,7,1100.0,2-Car,No injury/unknown,FAILURE TO YIELD RIGHT OF WAY,39.15812848,-86.49787779
9,5,800.0,2-Car,No injury/unknown,FAILURE TO YIELD RIGHT OF WAY,39.15812261,-86.57082997
7,4,1000.0,2-Car,No injury/unknown,FAILURE TO YIELD RIGHT OF WAY,39.15810987,-86.49788998
12,4,1700.0,2-Car,No injury/unknown,SPEED TOO FAST FOR WEATHER CONDITIONS,39.15810987,-86.49788998
6,2,1600.0,2-Car,Non-incapacitating,DISREGARD SIGNAL/REG SIGN,39.15794022,-86.61046028
1,7,2000.0,1-Car,No injury/unknown,ROADWAY SURFACE CONDITION,39.157936,-86.5336
6,2,700.0,2-Car,No injury/unknown,UNSAFE BACKING,39.15789442,-86.52234971
12,5,0.0,1-Car,No injury/unknown,RAN OFF ROAD RIGHT,39.15789032,-86.61998748
1,7,100.0,1-Car,No injury/unknown,RAN OFF ROAD RIGHT,39.15785841,-86.51649965
11,3,1000.0,1-Car,No injury/unknown,RAN OFF ROAD RIGHT,39.15779348,-86.50846438
12,4,1800.0,2-Car,No injury/unknown,FAILURE TO YIELD RIGHT OF WAY,39.157792,-86.508288
2,3,2300.0,1-Car,No injury/unknown,RAN OFF ROAD RIGHT,39.15775436,-86.50476055
5,7,2300.0,2-Car,Non-incapacitating,LEFT OF CENTER,39.15771888,-86.57117128
10,3,1300.0,2-Car,No injury/unknown,FOLLOWING TOO CLOSELY,39.15763103,-86.55885497
4,2,2000.0,2-Car,Non-incapacitating,FOLLOWING TOO CLOSELY,39.157616,-86.538592
7,5,1100.0,2-Car,Non-incapacitating,FOLLOWING TOO CLOSELY,39.157616,-86.538592
9,3,1800.0,2-Car,Non-incapacitating,DISREGARD SIGNAL/REG SIGN,39.157616,-86.538592
4,7,1600.0,2-Car,No injury/unknown,IMPROPER TURNING,39.15757343,-86.496168
9,2,1000.0,1-Car,No injury/unknown,OTHER (DRIVER) - EXPLAIN IN NARRATIVE,39.15757225,-86.5351889
10,4,1800.0,2-Car,No injury/unknown,OTHER (DRIVER) - EXPLAIN IN NARRATIVE,39.15753253,-86.55889011
7,7,1800.0,2-Car,No injury/unknown,FOLLOWING TOO CLOSELY,39.15747017,-86.53869979
7,5,1600.0,2-Car,No injury/unknown,FOLLOWING TOO CLOSELY,39.15747017,-86.53869979
10,7,400.0,1-Car,No injury/unknown,RAN OFF ROAD RIGHT,39.15743026,-86.53446227
8,5,1100.0,2-Car,No injury/unknown,FAILURE TO YIELD RIGHT OF WAY,39.15741988,-86.53364986
10,7,1100.0,2-Car,No injury/unknown,OTHER (DRIVER) - EXPLAIN IN NARRATIVE,39.15741988,-86.53364986
10,4,1600.0,2-Car,No injury/unknown,FAILURE TO YIELD RIGHT OF WAY,39.15741988,-86.53364986
4,2,1400.0,2-Car,No injury/unknown,OTHER (DRIVER) - EXPLAIN IN NARRATIVE,39.15735483,-86.58270411