Month,Day,Hour,Collision Type,Injury Type,Primary Factor,Latitude,Longitude
8,7,1500.0,2-Car,No injury/unknown,FAILURE TO YIELD RIGHT OF WAY,39.15735483,-86.58270411
5,5,100.0,2-Car,No injury/unknown,OTHER (DRIVER) - EXPLAIN IN NARRATIVE,39.15726565,-86.51181735
6,6,2300.0,2-Car,No injury/unknown,FAILURE TO YIELD RIGHT OF WAY,39.15710002,-86.55969008
9,4,600.0,2-Car,Incapacitating,FAILURE TO YIELD RIGHT OF WAY,39.15710002,-86.55969008
11,3,1600.0,2-Car,No injury/unknown,FOLLOWING TOO CLOSELY,39.15710002,-86.55969008
11,2,1500.0,2-Car,No injury/unknown,FAILURE TO YIELD RIGHT OF WAY,39.15710002,-86.55969008
9,6,1300.0,2-Car,Non-incapacitating,FAILURE TO YIELD RIGHT OF WAY,39.15701981,-86.51259988
5,4,1100.0,2-Car,Non-incapacitating,FOLLOWING TOO CLOSELY,39.156896,-86.582704
5,4,1500.0,2-Car,No injury/unknown,UNSAFE SPEED,39.156896,-86.582704
6,2,2100.0,2-Car,Non-incapacitating,LEFT OF CENTER,39.156896,-86.582704
10,4,1500.0,2-Car,No injury/unknown,FAILURE TO YIELD RIGHT OF WAY,39.156896,-86.582704
10,2,1500.0,2-Car,No injury/unknown,FOLLOWING TOO CLOSELY,39.156896,-86.582704
2,5,1900.0,2-Car,No injury/unknown,FAILURE TO YIELD RIGHT OF WAY,39.156752,-86.540976
3,3,700.0,2-Car,No injury/unknown,UNSAFE BACKING,39.15664172,-86.55753494
5,3,1000.0,1-Car,No injury/unknown,OTHER (DRIVER) - EXPLAIN IN NARRATIVE,39.15664081,-86.49784049
8,4,1400.0,2-Car,No injury/unknown,FAILURE TO YIELD RIGHT OF WAY,39.15664,-86.527072
8,5,1500.0,2-Car,No injury/unknown,FOLLOWING TOO CLOSELY,39.15652048,-86.54850997
7,4,1200.0,2-Car,No injury/unknown,FOLLOWING TOO CLOSELY,39.15649108,-86.53363931
7,2,2300.0,Moped/Motorcycle,Non-incapacitating,LEFT OF CENTER,39.15640805,-86.5835568
10,6,1500.0,1-Car,No injury/unknown,OTHER (ENVIRONMENTAL) - EXPLAIN IN NARR,39.15640805,-86.5835568
12,5,1100.0,2-Car,No injury/unknown,FAILURE TO YIELD RIGHT OF WAY,39.15627913,-86.49303987
1,6,1200.0,2-Car,Non-incapacitating,DISREGARD SIGNAL/REG SIGN,39.15624,-86.5156
4,4,1400.0,2-Car,No injury/unknown,FAILURE TO YIELD RIGHT OF WAY,39.156144,-86.561296
6,3,600.0,1-Car,No injury/unknown,OTHER (DRIVER) - EXPLAIN IN NARRATIVE,39.156144,-86.561296
7,3,1500.0,2-Car,No injury/unknown,FAILURE TO YIELD RIGHT OF WAY,39.156144,-86.561296
9,5,2000.0,1-Car,No injury/unknown,RAN OFF ROAD RIGHT,39.156144,-86.561296
2,6,1400.0,2-Car,No injury/unknown,FAILURE TO YIELD RIGHT OF WAY,39.15612973,-86.56139999
9,6,900.0,2-Car,No injury/unknown,FAILURE TO YIELD RIGHT OF WAY,39.15612973,-86.56139999
6,4,1300.0,2-Car,No injury/unknown,UNSAFE BACKING,39.156128,-86.560912
9,3,800.0,2-Car,No injury/unknown,FOLLOWING TOO CLOSELY,39.15607203,-86.5827073
1,6,2300.0,1-Car,Non-incapacitating,ROADWAY SURFACE CONDITION,39.15597014,-86.55749
5,6,0.0,1-Car,No injury/unknown,RAN OFF ROAD RIGHT,39.15590979,-86.55508004
10,2,1700.0,2-Car,Incapacitating,FAILURE TO YIELD RIGHT OF WAY,39.15590979,-86.55508004
2,5,1500.0,2-Car,No injury/unknown,FAILURE TO YIELD RIGHT OF WAY,39.15586017,-86.55054979
11,6,1500.0,2-Car,No injury/unknown,IMPROPER PASSING,39.15586017,-86.55054979
5,2,900.0,2-Car,No injury/unknown,OTHER (DRIVER) - EXPLAIN IN NARRATIVE,39.15579781,-86.57020635
8,1,1300.0,2-Car,No injury/unknown,OTHER (DRIVER) - EXPLAIN IN NARRATIVE,39.15579781,-86.57020635
12,6,800.0,2-Car,No injury/unknown,LEFT OF CENTER,39.155776,-86.538592
3,4,800.0,2-Car,No injury/unknown,OTHER (VEHICLE) - EXPLAIN IN NARRATIVE,39.15577367,-86.54967136
1,7,2200.0,1-Car,No injury/unknown,UNSAFE BACKING,39.155744,-86.537296
7,7,2300.0,2-Car,No injury/unknown,LEFT OF CENTER,39.155744,-86.537296
5,4,900.0,2-Car,Non-incapacitating,IMPROPER PASSING,39.15570997,-86.56207993
10,3,1800.0,2-Car,No injury/unknown,FOLLOWING TOO CLOSELY,39.15565029,-86.54431968
5,2,700.0,2-Car,No injury/unknown,UNSAFE LANE MOVEMENT,39.155648,-86.5336
4,4,800.0,2-Car,No injury/unknown,FAILURE TO YIELD RIGHT OF WAY,39.15563017,-86.54330983
4,5,600.0,Cyclist,Non-incapacitating,IMPROPER PASSING,39.15563017,-86.54327522
11,5,1800.0,Cyclist,Non-incapacitating,,39.15554971,-86.52703016
6,5,900.0,1-Car,Non-incapacitating,RAN OFF ROAD RIGHT,39.15541358,-86.52696847
8,3,1400.0,1-Car,No injury/unknown,DISREGARD SIGNAL/REG SIGN,39.15519172,-86.508288
7,1,1800.0,2-Car,Non-incapacitating,DISREGARD SIGNAL/REG SIGN,39.15518023,-86.49773977
10,6,2100.0,2-Car,No injury/unknown,FAILURE TO YIELD RIGHT OF WAY,39.15518023,-86.49773977
12,1,800.0,1-Car,Non-incapacitating,UNSAFE SPEED,39.15518023,-86.49773977
1,4,1800.0,2-Car,No injury/unknown,FAILURE TO YIELD RIGHT OF WAY,39.155152,-86.497888
6,5,1000.0,2-Car,No injury/unknown,IMPROPER TURNING,39.155152,-86.497888
11,5,1600.0,1-Car,No injury/unknown,UNSAFE SPEED,39.155152,-86.497888
1,7,500.0,2-Car,No injury/unknown,UNSAFE BACKING,39.15514737,-86.49091087
6,6,1400.0,2-Car,No injury/unknown,FAILURE TO YIELD RIGHT OF WAY,39.15514523,-86.59259006
8,5,1500.0,2-Car,No injury/unknown,FAILURE TO YIELD RIGHT OF WAY,39.15514216,-86.49774746
9,7,1100.0,2-Car,No injury/unknown,,39.15512848,-86.53839111
2,7,100.0,2-Car,No injury/unknown,ROADWAY SURFACE CONDITION,39.15503003,-86.49613628
4,3,1100.0,2-Car,No injury/unknown,FAILURE TO YIELD RIGHT OF WAY,39.15503003,-86.49611682
2,7,2200.0,2-Car,No injury/unknown,FAILURE TO YIELD RIGHT OF WAY,39.15503003,-86.49611033
9,5,1300.0,2-Car,Non-incapacitating,FOLLOWING TOO CLOSELY,39.15496723,-86.49768412
4,4,800.0,2-Car,No injury/unknown,FAILURE TO YIELD RIGHT OF WAY,39.15464,-86.538592
10,7,200.0,3+ Cars,Non-incapacitating,RAN OFF ROAD RIGHT,39.15462032,-86.49175537
10,7,300.0,1-Car,No injury/unknown,RAN OFF ROAD RIGHT,39.15460136,-86.55672021
2,6,2200.0,1-Car,Non-incapacitating,ROADWAY SURFACE CONDITION,39.154448,-86.591696
1,4,1200.0,2-Car,Non-incapacitating,LEFT OF CENTER,39.15441428,-86.56414234
11,3,800.0,2-Car,No injury/unknown,FAILURE TO YIELD RIGHT OF WAY,39.15440977,-86.58883966
1,4,1200.0,2-Car,Non-incapacitating,LEFT OF CENTER,39.15438694,-86.56413853
10,5,2200.0,1-Car,No injury/unknown,ANIMAL/OBJECT IN ROADWAY,39.154352,-86.39595281
6,4,1600.0,2-Car,Non-incapacitating,DRIVER DISTRACTED - EXPLAIN IN NARRATIVE,39.154352,-86.5336
6,7,1700.0,1-Car,Non-incapacitating,UNSAFE SPEED,39.154272,-86.564176
11,1,1200.0,2-Car,No injury/unknown,FAILURE TO YIELD RIGHT OF WAY,39.154272,-86.564176
3,6,1500.0,2-Car,No injury/unknown,BRAKE FAILURE OR DEFECTIVE,39.15427029,-86.49764657
9,1,2000.0,2-Car,No injury/unknown,UNSAFE BACKING,39.15427029,-86.49764657
10,2,2200.0,2-Car,No injury/unknown,OTHER (VEHICLE) - EXPLAIN IN NARRATIVE,39.15427029,-86.49764657
10,4,1600.0,2-Car,No injury/unknown,FAILURE TO YIELD RIGHT OF WAY,39.15424012,-86.56434975
11,7,1700.0,2-Car,Non-incapacitating,FOLLOWING TOO CLOSELY,39.15424012,-86.56434975
11,6,1400.0,1-Car,No injury/unknown,BRAKE FAILURE OR DEFECTIVE,39.15424012,-86.56434975
9,6,1200.0,2-Car,Non-incapacitating,FAILURE TO YIELD RIGHT OF WAY,39.15420569,-86.56428851
2,2,1700.0,2-Car,No injury/unknown,LEFT OF CENTER,39.15419988,-86.50844983
5,1,1300.0,2-Car,No injury/unknown,UNSAFE BACKING,39.15412578,-86.49786768
1,1,2300.0,1-Car,No injury/unknown,LEFT OF CENTER,39.15411003,-86.52273523
9,7,100.0,1-Car,Non-incapacitating,SPEED TOO FAST FOR WEATHER CONDITIONS,39.15411003,-86.52268332
5,3,2300.0,Cyclist,Non-incapacitating,HEADLIGHT DEFECTIVE OR NOT ON,39.15411003,-86.52264006
8,6,1100.0,2-Car,No injury/unknown,FAILURE TO YIELD RIGHT OF WAY,39.15408537,-86.58292002
8,1,1600.0,2-Car,Non-incapacitating,FAILURE TO YIELD RIGHT OF WAY,39.15405761,-86.5826409
7,2,2300.0,2-Car,No injury/unknown,DRIVER DISTRACTED - EXPLAIN IN NARRATIVE,39.15396732,-86.54180867
1,2,900.0,1-Car,No injury/unknown,ROADWAY SURFACE CONDITION,39.15394977,-86.40669065
6,4,1100.0,Bus,No injury/unknown,IMPROPER PASSING,39.15394373,-86.56493045
1,2,1200.0,2-Car,No injury/unknown,UNSAFE BACKING,39.153936,-86.538592
1,2,1500.0,2-Car,No injury/unknown,IMPROPER TURNING,39.15388669,-86.5336
1,5,300.0,1-Car,No injury/unknown,UNSAFE SPEED,39.15388669,-86.5336
9,1,1600.0,1-Car,No injury/unknown,RAN OFF ROAD RIGHT,39.153856,-86.406688
2,7,1300.0,3+ Cars,Non-incapacitating,DISREGARD SIGNAL/REG SIGN,39.15379295,-86.53875212
1,5,1200.0,2-Car,No injury/unknown,FOLLOWING TOO CLOSELY,39.15379018,-86.53875008
3,3,1100.0,2-Car,No injury/unknown,OTHER (DRIVER) - EXPLAIN IN NARRATIVE,39.15379018,-86.53875008
3,6,1100.0,2-Car,Non-incapacitating,FOLLOWING TOO CLOSELY,39.15379018,-86.53875008
6,5,1900.0,1-Car,Non-incapacitating,IMPROPER TURNING,39.15379018,-86.53875008
7,3,1200.0,2-Car,Non-incapacitating,FAILURE TO YIELD RIGHT OF WAY,39.15379018,-86.53875008
10,2,700.0,2-Car,No injury/unknown,FAILURE TO YIELD RIGHT OF WAY,39.15379018,-86.53875008
11,4,1600.0,2-Car,No injury/unknown,UNSAFE SPEED,39.15379018,-86.53875008
12,2,1600.0,2-Car,Non-incapacitating,OTHER (DRIVER) - EXPLAIN IN NARRATIVE,39.15379018,-86.53875008
11,6,1300.0,2-Car,No injury/unknown,UNSAFE BACKING,39.15367577,-86.52008995
2,7,1600.0,2-Car,No injury/unknown,FOLLOWING TOO CLOSELY,39.15366572,-86.49827018
4,6,1600.0,2-Car,Non-incapacitating,FOLLOWING TOO CLOSELY,39.15363997,-86.53762323
1,3,1600.0,2-Car,Non-incapacitating,FOLLOWING TOO CLOSELY,39.15363997,-86.53757996
4,4,1700.0,2-Car,Non-incapacitating,FOLLOWING TOO CLOSELY,39.15362891,-86.50843361
2,4,600.0,2-Car,No injury/unknown,FAILURE TO YIELD RIGHT OF WAY,39.15357733,-86.5336
11,3,1400.0,Cyclist,Non-incapacitating,FAILURE TO YIELD RIGHT OF WAY,39.15344,-86.53430551
10,5,200.0,1-Car,No injury/unknown,DRIVER DISTRACTED - EXPLAIN IN NARRATIVE,39.15344,-86.5376
4,4,1300.0,2-Car,Non-incapacitating,FAILURE TO YIELD RIGHT OF WAY,39.15344,-86.536304
9,1,1200.0,2-Car,No injury/unknown,IMPROPER TURNING,39.15344,-86.5336
10,6,1100.0,2-Car,Non-incapacitating,FOLLOWING TOO CLOSELY,39.15344,-86.5336
11,7,1000.0,2-Car,No injury/unknown,OTHER (DRIVER) - EXPLAIN IN NARRATIVE,39.15344,-86.5336
11,7,1700.0,2-Car,No injury/unknown,UNSAFE BACKING,39.15342171,-86.5336
7,2,1900.0,Bus,No injury/unknown,,39.15339924,-86.53423592
12,6,2100.0,2-Car,No injury/unknown,FAILURE TO YIELD RIGHT OF WAY,39.153392,-86.527008
7,7,1000.0,2-Car,Non-incapacitating,SPEED TOO FAST FOR WEATHER CONDITIONS,39.15336974,-86.53637375
5,3,1700.0,2-Car,No injury/unknown,FAILURE TO YIELD RIGHT OF WAY,39.15336,-86.524688
10,5,2300.0,2-Car,Non-incapacitating,FAILURE TO YIELD RIGHT OF WAY,39.15335029,-86.53371021
12,6,1600.0,3+ Cars,No injury/unknown,FOLLOWING TOO CLOSELY,39.15335029,-86.53371021
10,3,2100.0,2-Car,Non-incapacitating,FOLLOWING TOO CLOSELY,39.15335029,-86.53370155
10,4,1500.0,2-Car,No injury/unknown,FOLLOWING TOO CLOSELY,39.15335029,-86.53370155
11,6,800.0,2-Car,No injury/unknown,FAILURE TO YIELD RIGHT OF WAY,39.1533,-86.57250031
12,7,0.0,2-Car,No injury/unknown,UNSAFE BACKING,39.15327517,-86.52373756
8,4,1900.0,1-Car,No injury/unknown,OTHER (DRIVER) - EXPLAIN IN NARRATIVE,39.15325977,-86.48580864
4,7,100.0,2-Car,No injury/unknown,,39.15316388,-86.57256133
1,3,600.0,1-Car,Fatal,RAN OFF ROAD RIGHT,39.15310483,-86.53135124
2,1,1500.0,2-Car,No injury/unknown,UNSAFE BACKING,39.153101,-86.53143972
9,7,0.0,2-Car,No injury/unknown,UNSAFE BACKING,39.15304586,-86.48636788
1,5,1600.0,2-Car,No injury/unknown,FOLLOWING TOO CLOSELY,39.15298672,-86.51615984
7,1,2100.0,Moped/Motorcycle,Non-incapacitating,UNSAFE SPEED,39.15298082,-86.54525443
12,4,600.0,1-Car,No injury/unknown,ANIMAL/OBJECT IN ROADWAY,39.15285526,-86.39266882
12,2,1500.0,1-Car,Non-incapacitating,RAN OFF ROAD RIGHT,39.152656,-86.3777883
5,5,1700.0,2-Car,No injury/unknown,FOLLOWING TOO CLOSELY,39.15264,-86.538592
2,2,1500.0,1-Car,No injury/unknown,RAN OFF ROAD RIGHT,39.15263012,-86.37109131
3,5,1000.0,1-Car,No injury/unknown,SPEED TOO FAST FOR WEATHER CONDITIONS,39.15263012,-86.37105244
10,6,1700.0,2-Car,No injury/unknown,FAILURE TO YIELD RIGHT OF WAY,39.152544,-86.530064
10,2,2100.0,1-Car,No injury/unknown,LEFT OF CENTER,39.152544,-86.526992
10,4,2300.0,1-Car,No injury/unknown,ANIMAL/OBJECT IN ROADWAY,39.15252015,-86.4003435
11,5,1100.0,1-Car,No injury/unknown,OVERCORRECTING/OVERSTEERING,39.15252015,-86.4002139
3,7,2100.0,2-Car,No injury/unknown,OTHER (DRIVER) - EXPLAIN IN NARRATIVE,39.15250667,-86.497904
1,6,1800.0,2-Car,No injury/unknown,FAILURE TO YIELD RIGHT OF WAY,39.15246986,-86.49051994
11,1,1200.0,2-Car,No injury/unknown,FAILURE TO YIELD RIGHT OF WAY,39.15246986,-86.49051994
2,6,2000.0,Cyclist,Incapacitating,ROADWAY SURFACE CONDITION,39.15217012,-86.53369009
9,1,1100.0,1-Car,Non-incapacitating,RAN OFF ROAD RIGHT,39.15216446,-86.6340866
1,6,1500.0,2-Car,No injury/unknown,FAILURE TO YIELD RIGHT OF WAY,39.15209638,-86.55050016
7,3,1500.0,1-Car,No injury/unknown,DRIVER ASLEEP OR FATIGUED,39.152,-86.3812
3,7,100.0,Pedestrian,Incapacitating,PEDESTRIAN ACTION,39.15182206,-86.53372748
7,2,900.0,2-Car,No injury/unknown,UNSAFE BACKING,39.15182009,-86.5269497
3,3,1600.0,1-Car,Non-incapacitating,RAN OFF ROAD RIGHT,39.15175974,-86.38290328
5,4,1500.0,Bus,No injury/unknown,OTHER (ENVIRONMENTAL) - EXPLAIN IN NARR,39.15166557,-86.65662125
5,7,1500.0,2-Car,No injury/unknown,LEFT OF CENTER,39.15166557,-86.65662125
10,6,1600.0,2-Car,No injury/unknown,SPEED TOO FAST FOR WEATHER CONDITIONS,39.151648,-86.5336
9,6,900.0,2-Car,No injury/unknown,UNSAFE BACKING,39.15162764,-86.48757219
8,4,1600.0,2-Car,No injury/unknown,FAILURE TO YIELD RIGHT OF WAY,39.151552,-86.643504
12,5,1500.0,2-Car,No injury/unknown,LEFT OF CENTER,39.151552,-86.643504
1,1,300.0,1-Car,No injury/unknown,ANIMAL/OBJECT IN ROADWAY,39.1515387,-86.38465412
5,3,1500.0,2-Car,No injury/unknown,FOLLOWING TOO CLOSELY,39.15149018,-86.53369009
5,2,100.0,2-Car,No injury/unknown,OTHER (DRIVER) - EXPLAIN IN NARRATIVE,39.15147867,-86.5324
5,6,1800.0,1-Car,Non-incapacitating,RAN OFF ROAD RIGHT,39.15144,-86.6288
6,7,1100.0,2-Car,No injury/unknown,UNSAFE BACKING,39.15140152,-86.38205718
12,3,1600.0,1-Car,Non-incapacitating,ANIMAL/OBJECT IN ROADWAY,39.15138405,-86.58263973
10,7,100.0,Moped/Motorcycle,No injury/unknown,UNSAFE BACKING,39.15137863,-86.53105163
6,5,2200.0,2-Car,No injury/unknown,FAILURE TO YIELD RIGHT OF WAY,39.15134698,-86.61031799
10,5,1600.0,2-Car,No injury/unknown,DRIVER DISTRACTED - EXPLAIN IN NARRATIVE,39.151344,-86.5964
2,4,1600.0,2-Car,No injury/unknown,DRIVER DISTRACTED - EXPLAIN IN NARRATIVE,39.15129371,-86.57996624
12,3,1800.0,2-Car,Incapacitating,FAILURE TO YIELD RIGHT OF WAY,39.15127024,-86.58262029
10,3,1600.0,2-Car,No injury/unknown,FAILURE TO YIELD RIGHT OF WAY,39.15127024,-86.58262029
3,2,600.0,1-Car,Incapacitating,UNSAFE SPEED,39.15125366,-86.49055011
2,6,600.0,2-Car,No injury/unknown,OTHER (DRIVER) - EXPLAIN IN NARRATIVE,39.1509638,-86.49129711
4,2,1600.0,2-Car,No injury/unknown,OTHER (DRIVER) - EXPLAIN IN NARRATIVE,39.1509638,-86.49129711
5,4,1700.0,2-Car,No injury/unknown,UNSAFE BACKING,39.1509638,-86.49129711
8,7,100.0,2-Car,No injury/unknown,UNSAFE BACKING,39.1509638,-86.49129711
9,7,900.0,1-Car,No injury/unknown,RAN OFF ROAD RIGHT,39.15096246,-86.48668974
3,6,1200.0,2-Car,Non-incapacitating,FOLLOWING TOO CLOSELY,39.15072204,-86.57132685
6,2,1400.0,2-Car,Non-incapacitating,FAILURE TO YIELD RIGHT OF WAY,39.15072,-86.522496
12,7,1200.0,2-Car,No injury/unknown,FAILURE TO YIELD RIGHT OF WAY,39.15072,-86.522496
9,2,1400.0,3+ Cars,Non-incapacitating,FOLLOWING TOO CLOSELY,39.15067858,-86.52590322
2,7,1000.0,2-Car,No injury/unknown,SPEED TOO FAST FOR WEATHER CONDITIONS,39.15064,-86.52696
3,4,1000.0,Bus,No injury/unknown,FAILURE TO YIELD RIGHT OF WAY,39.15064,-86.52696
5,2,1600.0,2-Car,Non-incapacitating,FOLLOWING TOO CLOSELY,39.15064,-86.52696
4,3,1800.0,2-Car,No injury/unknown,UNSAFE BACKING,39.15064,-86.52696
10,6,1800.0,3+ Cars,Non-incapacitating,UNSAFE SPEED,39.15064,-86.52696
11,3,600.0,2-Car,Non-incapacitating,OTHER (DRIVER) - EXPLAIN IN NARRATIVE,39.15064,-86.52696
11,3,1300.0,Pedestrian,Non-incapacitating,PEDESTRIAN ACTION,39.15064,-86.52696
4,6,1100.0,2-Car,No injury/unknown,FAILURE TO YIELD RIGHT OF WAY,39.150608,-86.529104
3,2,1100.0,2-Car,No injury/unknown,UNSAFE BACKING,39.15058963,-86.58256262
7,6,1700.0,2-Car,No injury/unknown,FOLLOWING TOO CLOSELY,39.150576,-86.515088
8,4,1600.0,2-Car,No injury/unknown,FOLLOWING TOO CLOSELY,39.150576,-86.515088
10,2,1700.0,2-Car,No injury/unknown,FOLLOWING TOO CLOSELY,39.15057018,-86.53876014
9,3,1200.0,2-Car,No injury/unknown,FAILURE TO YIELD RIGHT OF WAY,39.15056013,-86.52691014
9,2,1300.0,3+ Cars,No injury/unknown,FAILURE TO YIELD RIGHT OF WAY,39.15056,-86.5324
10,6,2100.0,2-Car,No injury/unknown,OTHER (DRIVER) - EXPLAIN IN NARRATIVE,39.15056,-86.5324
12,5,1300.0,2-Car,No injury/unknown,FOLLOWING TOO CLOSELY,39.150544,-86.51144074
9,4,1100.0,2-Car,No injury/unknown,FOLLOWING TOO CLOSELY,39.150544,-86.50652429
4,7,2100.0,2-Car,No injury/unknown,DISREGARD SIGNAL/REG SIGN,39.150544,-86.5336
5,7,700.0,2-Car,No injury/unknown,OTHER (DRIVER) - EXPLAIN IN NARRATIVE,39.150544,-86.5336
9,3,1500.0,2-Car,Non-incapacitating,FOLLOWING TOO CLOSELY,39.150544,-86.5336
9,7,1200.0,2-Car,Non-incapacitating,FAILURE TO YIELD RIGHT OF WAY,39.150544,-86.5336
11,2,1800.0,2-Car,Non-incapacitating,FAILURE TO YIELD RIGHT OF WAY,39.150544,-86.5336
12,1,1700.0,2-Car,No injury/unknown,UNSAFE BACKING,39.150544,-86.5136
6,6,900.0,2-Car,No injury/unknown,FAILURE TO YIELD RIGHT OF WAY,39.150544,-86.512592
5,2,1600.0,2-Car,No injury/unknown,DRIVER DISTRACTED - EXPLAIN IN NARRATIVE,39.150544,-86.511088
4,6,1800.0,3+ Cars,Non-incapacitating,FOLLOWING TOO CLOSELY,39.150544,-86.5096
5,5,2100.0,1-Car,No injury/unknown,ANIMAL/OBJECT IN ROADWAY,39.150544,-86.5096
3,2,1900.0,1-Car,No injury/unknown,ANIMAL/OBJECT IN ROADWAY,39.150544,-86.508288
4,3,1600.0,2-Car,Incapacitating,FOLLOWING TOO CLOSELY,39.150544,-86.508288
10,3,1600.0,3+ Cars,Non-incapacitating,FOLLOWING TOO CLOSELY,39.150544,-86.508288
10,3,1800.0,3+ Cars,No injury/unknown,FOLLOWING TOO CLOSELY,39.150544,-86.502992
7,5,1700.0,2-Car,No injury/unknown,FOLLOWING TOO CLOSELY,39.15052995,-86.52261994
10,7,1200.0,2-Car,No injury/unknown,FAILURE TO YIELD RIGHT OF WAY,39.15052995,-86.52261994
11,7,1500.0,2-Car,No injury/unknown,FAILURE TO YIELD RIGHT OF WAY,39.15051989,-86.53366997
1,5,2300.0,2-Car,No injury/unknown,LEFT OF CENTER,39.15050983,-86.52924969
8,2,1500.0,3+ Cars,Non-incapacitating,FOLLOWING TOO CLOSELY,39.15050983,-86.5125402
8,3,1500.0,2-Car,Non-incapacitating,FOLLOWING TOO CLOSELY,39.15050983,-86.51106894
1,4,1500.0,2-Car,No injury/unknown,BRAKE FAILURE OR DEFECTIVE,39.15050983,-86.51106029
12,4,1300.0,2-Car,No injury/unknown,FOLLOWING TOO CLOSELY,39.15050983,-86.51106029
8,2,1700.0,2-Car,No injury/unknown,CELL PHONE USAGE,39.15048972,-86.50665148
1,5,900.0,2-Car,No injury/unknown,UNSAFE BACKING,39.15048838,-86.5229807
8,2,1400.0,2-Car,No injury/unknown,FOLLOWING TOO CLOSELY,39.15048033,-86.49825006
10,4,700.0,1-Car,No injury/unknown,ANIMAL/OBJECT IN ROADWAY,39.15046021,-86.49918877
5,4,1200.0,2-Car,Non-incapacitating,FOLLOWING TOO CLOSELY,39.150448,-86.4992
8,3,1900.0,1-Car,No injury/unknown,ANIMAL/OBJECT IN ROADWAY,39.150448,-86.49814178
7,5,1700.0,2-Car,No injury/unknown,FAILURE TO YIELD RIGHT OF WAY,39.150448,-86.498
11,6,700.0,2-Car,No injury/unknown,UNSAFE SPEED,39.150448,-86.498
9,5,1500.0,2-Car,No injury/unknown,SPEED TOO FAST FOR WEATHER CONDITIONS,39.15041557,-86.4969426
5,6,2100.0,Bus,No injury/unknown,UNSAFE LANE MOVEMENT,39.15036682,-86.49772033
4,3,1600.0,2-Car,No injury/unknown,FAILURE TO YIELD RIGHT OF WAY,39.150352,-86.471296
5,2,2000.0,1-Car,No injury/unknown,UNSAFE SPEED,39.150352,-86.471296
5,7,1500.0,2-Car,No injury/unknown,FAILURE TO YIELD RIGHT OF WAY,39.150352,-86.471296
6,7,1100.0,2-Car,No injury/unknown,FOLLOWING TOO CLOSELY,39.150352,-86.471296
7,5,100.0,1-Car,No injury/unknown,RAN OFF ROAD RIGHT,39.15035024,-86.47138975
8,2,1700.0,2-Car,Non-incapacitating,FOLLOWING TOO CLOSELY,39.15035024,-86.47138975
9,7,1900.0,2-Car,No injury/unknown,FAILURE TO YIELD RIGHT OF WAY,39.15035024,-86.47138975
12,5,1800.0,2-Car,Non-incapacitating,FOLLOWING TOO CLOSELY,39.15035024,-86.47138975
1,3,1800.0,1-Car,No injury/unknown,ANIMAL/OBJECT IN ROADWAY,39.15034018,-86.4913199
1,2,1700.0,3+ Cars,No injury/unknown,FAILURE TO YIELD RIGHT OF WAY,39.15034018,-86.4913199
5,6,1500.0,2-Car,No injury/unknown,FOLLOWING TOO CLOSELY,39.15034018,-86.4913199
3,7,1300.0,1-Car,No injury/unknown,DRIVER DISTRACTED - EXPLAIN IN NARRATIVE,39.15023021,-86.47827292
4,6,1500.0,Cyclist,No injury/unknown,FOLLOWING TOO CLOSELY,39.150224,-86.480464
8,5,1900.0,2-Car,Non-incapacitating,DISREGARD SIGNAL/REG SIGN,39.15022016,-86.48046031
9,3,700.0,Moped/Motorcycle,Fatal,FOLLOWING TOO CLOSELY,39.15018998,-86.4850007
2,5,1900.0,1-Car,Non-incapacitating,ANIMAL/OBJECT IN ROADWAY,39.15018998,-86.48498989
5,6,1600.0,2-Car,No injury/unknown,FAILURE TO YIELD RIGHT OF WAY,39.15018998,-86.48498989
10,5,1700.0,2-Car,No injury/unknown,FAILURE TO YIELD RIGHT OF WAY,39.15018998,-86.48498989
12,6,1000.0,2-Car,No injury/unknown,FOLLOWING TOO CLOSELY,39.15013969,-86.50094032
4,3,100.0,1-Car,No injury/unknown,RAN OFF ROAD RIGHT,39.14994938,-86.48045809
11,6,1500.0,2-Car,No injury/unknown,FAILURE TO YIELD RIGHT OF WAY,39.14984,-86.533392
12,6,1400.0,Pedestrian,Non-incapacitating,PEDESTRIAN ACTION,39.14984,-86.533392
1,3,1600.0,2-Car,No injury/unknown,UNSAFE BACKING,39.14984,-86.53213111
2,2,1900.0,2-Car,No injury/unknown,OTHER (DRIVER) - EXPLAIN IN NARRATIVE,39.14984,-86.52990593
6,4,1300.0,Moped/Motorcycle,Non-incapacitating,OVERCORRECTING/OVERSTEERING,39.14983448,-86.52695976
2,3,800.0,2-Car,No injury/unknown,UNSAFE BACKING,39.14982139,-86.53338645
3,2,400.0,1-Car,Non-incapacitating,SPEED TOO FAST FOR WEATHER CONDITIONS,39.14978027,-86.56897663
1,4,400.0,1-Car,No injury/unknown,RAN OFF ROAD RIGHT,39.14978027,-86.56891603
5,1,2100.0,2-Car,No injury/unknown,FAILURE TO YIELD RIGHT OF WAY,39.14978027,-86.56889006
7,5,1500.0,Moped/Motorcycle,Non-incapacitating,FOLLOWING TOO CLOSELY,39.14978027,-86.56889006
8,3,1200.0,2-Car,No injury/unknown,FAILURE TO YIELD RIGHT OF WAY,39.14978027,-86.56889006