Month,Day,Hour,Collision Type,Injury Type,Primary Factor,Latitude,Longitude
11,1,1900.0,2-Car,No injury/unknown,UNSAFE LANE MOVEMENT,39.14978027,-86.56889006
12,3,1500.0,2-Car,No injury/unknown,FOLLOWING TOO CLOSELY,39.14978027,-86.56889006
4,5,700.0,2-Car,No injury/unknown,FAILURE TO YIELD RIGHT OF WAY,39.14977022,-86.53350032
7,4,1700.0,Pedestrian,Non-incapacitating,FAILURE TO YIELD RIGHT OF WAY,39.14977022,-86.53350032
2,7,300.0,1-Car,Non-incapacitating,RAN OFF ROAD RIGHT,39.14972778,-86.53881311
4,2,900.0,2-Car,No injury/unknown,FAILURE TO YIELD RIGHT OF WAY,39.14956157,-86.53875008
1,5,800.0,2-Car,No injury/unknown,FAILURE TO YIELD RIGHT OF WAY,39.149552,-86.575936
7,2,1200.0,2-Car,No injury/unknown,FOLLOWING TOO CLOSELY,39.149552,-86.575936
7,3,1300.0,2-Car,No injury/unknown,FAILURE TO YIELD RIGHT OF WAY,39.149552,-86.575936
8,6,1100.0,2-Car,No injury/unknown,FOLLOWING TOO CLOSELY,39.149552,-86.575936
12,2,1600.0,2-Car,Non-incapacitating,FAILURE TO YIELD RIGHT OF WAY,39.149552,-86.575936
12,3,1200.0,2-Car,No injury/unknown,FAILURE TO YIELD RIGHT OF WAY,39.149552,-86.575936
12,7,800.0,2-Car,No injury/unknown,UNSAFE BACKING,39.14936,-86.57008
12,6,1200.0,1-Car,No injury/unknown,RAN OFF ROAD RIGHT,39.14934777,-86.49972461
6,5,2300.0,2-Car,No injury/unknown,IMPROPER TURNING,39.14930016,-86.52083024
8,6,1400.0,2-Car,No injury/unknown,FOLLOWING TOO CLOSELY,39.14927792,-86.57591316
8,3,1600.0,2-Car,No injury/unknown,FOLLOWING TOO CLOSELY,39.14927792,-86.57591316
8,5,100.0,2-Car,No injury/unknown,,39.14920494,-86.51172213
8,6,900.0,2-Car,No injury/unknown,OTHER (DRIVER) - EXPLAIN IN NARRATIVE,39.14920494,-86.51172213
3,2,700.0,Pedestrian,Non-incapacitating,PEDESTRIAN ACTION,39.148928,-86.53312
11,7,1900.0,2-Car,No injury/unknown,IMPROPER TURNING,39.14891995,-86.53324015
2,5,1900.0,1-Car,No injury/unknown,TIRE FAILURE OR DEFECTIVE,39.14882004,-86.49905003
10,3,1200.0,2-Car,No injury/unknown,LEFT OF CENTER,39.14874025,-86.45438651
7,1,2000.0,Moped/Motorcycle,Non-incapacitating,IMPROPER TURNING,39.1486247,-86.58267896
3,6,1700.0,2-Car,No injury/unknown,UNSAFE BACKING,39.148544,-86.571504
2,1,1000.0,2-Car,No injury/unknown,FAILURE TO YIELD RIGHT OF WAY,39.148544,-86.571504
12,7,1500.0,2-Car,No injury/unknown,FAILURE TO YIELD RIGHT OF WAY,39.14849919,-86.57167071
3,1,900.0,2-Car,No injury/unknown,FAILURE TO YIELD RIGHT OF WAY,39.148464,-86.471256
11,2,1700.0,2-Car,Non-incapacitating,FOLLOWING TOO CLOSELY,39.148448,-86.573
2,1,1300.0,2-Car,No injury/unknown,IMPROPER LANE USAGE,39.14837855,-86.49827018
1,7,1600.0,2-Car,No injury/unknown,SPEED TOO FAST FOR WEATHER CONDITIONS,39.14827019,-86.51748881
1,3,1800.0,2-Car,No injury/unknown,FAILURE TO YIELD RIGHT OF WAY,39.14823363,-86.57265858
5,3,2000.0,1-Car,No injury/unknown,OTHER (DRIVER) - EXPLAIN IN NARRATIVE,39.14818514,-86.511792
8,3,1000.0,2-Car,No injury/unknown,FOLLOWING TOO CLOSELY,39.14818059,-86.57595154
1,5,1300.0,3+ Cars,No injury/unknown,FOLLOWING TOO CLOSELY,39.148144,-86.572992
3,6,1100.0,1-Car,Non-incapacitating,RAN OFF ROAD RIGHT,39.148144,-86.572992
1,4,1700.0,2-Car,Non-incapacitating,FOLLOWING TOO CLOSELY,39.148144,-86.572992
2,4,1300.0,2-Car,No injury/unknown,FOLLOWING TOO CLOSELY,39.148144,-86.572992
2,6,1300.0,2-Car,No injury/unknown,TIRE FAILURE OR DEFECTIVE,39.148144,-86.572992
4,4,1600.0,2-Car,Non-incapacitating,FOLLOWING TOO CLOSELY,39.148144,-86.572992
4,6,1100.0,2-Car,No injury/unknown,OTHER (DRIVER) - EXPLAIN IN NARRATIVE,39.148144,-86.572992
4,7,1400.0,2-Car,No injury/unknown,DISREGARD SIGNAL/REG SIGN,39.148144,-86.572992
5,6,1500.0,2-Car,No injury/unknown,FOLLOWING TOO CLOSELY,39.148144,-86.572992
7,5,1900.0,2-Car,Non-incapacitating,FAILURE TO YIELD RIGHT OF WAY,39.148144,-86.572992
6,6,700.0,2-Car,Non-incapacitating,FOLLOWING TOO CLOSELY,39.148144,-86.572992
6,6,1200.0,2-Car,No injury/unknown,FOLLOWING TOO CLOSELY,39.148144,-86.572992
6,6,1800.0,2-Car,Non-incapacitating,FOLLOWING TOO CLOSELY,39.148144,-86.572992
8,7,1400.0,2-Car,No injury/unknown,FAILURE TO YIELD RIGHT OF WAY,39.148144,-86.572992
8,3,1800.0,2-Car,No injury/unknown,FAILURE TO YIELD RIGHT OF WAY,39.148144,-86.572992
8,3,1500.0,2-Car,No injury/unknown,UNSAFE LANE MOVEMENT,39.148144,-86.572992
9,2,1500.0,2-Car,No injury/unknown,FOLLOWING TOO CLOSELY,39.148144,-86.572992
11,4,1600.0,2-Car,Non-incapacitating,DISREGARD SIGNAL/REG SIGN,39.148144,-86.572992
12,7,1200.0,2-Car,No injury/unknown,FOLLOWING TOO CLOSELY,39.148144,-86.572992
10,1,2100.0,1-Car,No injury/unknown,OVERCORRECTING/OVERSTEERING,39.14800381,-86.4490069
11,6,1500.0,2-Car,No injury/unknown,FOLLOWING TOO CLOSELY,39.14789704,-86.53869304
4,6,1100.0,Moped/Motorcycle,No injury/unknown,OTHER (DRIVER) - EXPLAIN IN NARRATIVE,39.14778453,-86.5948002
2,4,1000.0,2-Car,Non-incapacitating,LEFT OF CENTER,39.14776038,-86.57428005
6,3,1900.0,2-Car,Non-incapacitating,FOLLOWING TOO CLOSELY,39.14773506,-86.57308102
6,3,1500.0,2-Car,Non-incapacitating,UNSAFE LANE MOVEMENT,39.14773506,-86.57295227
6,5,1600.0,2-Car,No injury/unknown,FAILURE TO YIELD RIGHT OF WAY,39.14768705,-86.57294151
3,4,800.0,2-Car,No injury/unknown,DRIVER DISTRACTED - EXPLAIN IN NARRATIVE,39.14756885,-86.49082973
12,2,1300.0,2-Car,No injury/unknown,OTHER (DRIVER) - EXPLAIN IN NARRATIVE,39.14755997,-86.57323676
7,2,1400.0,2-Car,No injury/unknown,FOLLOWING TOO CLOSELY,39.1475299,-86.57295025
8,6,2200.0,3+ Cars,No injury/unknown,FOLLOWING TOO CLOSELY,39.1475299,-86.57295025
11,4,1500.0,2-Car,No injury/unknown,LEFT OF CENTER,39.14739684,-86.58261023
8,5,1700.0,2-Car,Non-incapacitating,FOLLOWING TOO CLOSELY,39.14736064,-86.57355309
12,4,1400.0,Cyclist,No injury/unknown,FAILURE TO YIELD RIGHT OF WAY,39.14734171,-86.53265829
4,4,900.0,2-Car,No injury/unknown,UNSAFE BACKING,39.14728047,-86.56919577
7,5,2300.0,2-Car,No injury/unknown,IMPROPER PASSING,39.14727911,-86.58099554
1,6,1700.0,2-Car,Non-incapacitating,FOLLOWING TOO CLOSELY,39.14719999,-86.58259011
2,7,1400.0,2-Car,No injury/unknown,FOLLOWING TOO CLOSELY,39.14719999,-86.58259011
8,4,1100.0,Moped/Motorcycle,Incapacitating,OTHER (DRIVER) - EXPLAIN IN NARRATIVE,39.14719999,-86.58259011
1,3,800.0,2-Car,No injury/unknown,FAILURE TO YIELD RIGHT OF WAY,39.147152,-86.526896
6,5,0.0,2-Car,No injury/unknown,UNSAFE BACKING,39.14713279,-86.5274177
6,4,700.0,Moped/Motorcycle,Non-incapacitating,VIEW OBSTRUCTED,39.14709603,-86.52841574
3,2,2200.0,1-Car,No injury/unknown,RAN OFF ROAD RIGHT,39.14704308,-86.52681022
3,1,1000.0,Moped/Motorcycle,Non-incapacitating,OTHER (DRIVER) - EXPLAIN IN NARRATIVE,39.146992,-86.5388
12,7,1500.0,Pedestrian,Non-incapacitating,DISREGARD SIGNAL/REG SIGN,39.146992,-86.517392
1,4,1800.0,2-Car,No injury/unknown,FOLLOWING TOO CLOSELY,39.146944,-86.532544
5,2,1600.0,Bus,No injury/unknown,IMPROPER PASSING,39.146944,-86.532544
8,7,2200.0,2-Car,No injury/unknown,UNSAFE BACKING,39.146944,-86.532544
9,4,800.0,2-Car,No injury/unknown,FAILURE TO YIELD RIGHT OF WAY,39.146944,-86.532544
10,1,1400.0,2-Car,No injury/unknown,FAILURE TO YIELD RIGHT OF WAY,39.146944,-86.532544
9,5,800.0,Pedestrian,Non-incapacitating,PEDESTRIAN ACTION,39.14691031,-86.52693025
9,4,1400.0,2-Car,Non-incapacitating,FAILURE TO YIELD RIGHT OF WAY,39.14689019,-86.53265006
12,3,1400.0,2-Car,No injury/unknown,UNSAFE LANE MOVEMENT,39.14689019,-86.53265006
10,5,800.0,Bus,No injury/unknown,FAILURE TO YIELD RIGHT OF WAY,39.14686002,-86.5208403
2,4,1900.0,2-Car,No injury/unknown,FOLLOWING TOO CLOSELY,39.14680973,-86.51504424
5,5,1500.0,2-Car,No injury/unknown,UNSAFE LANE MOVEMENT,39.14661715,-86.57467102
12,2,1400.0,Bus,No injury/unknown,FAILURE TO YIELD RIGHT OF WAY,39.14653696,-86.5311098
4,2,2100.0,2-Car,No injury/unknown,FOLLOWING TOO CLOSELY,39.146448,-86.5388
7,4,1700.0,2-Car,No injury/unknown,FAILURE TO YIELD RIGHT OF WAY,39.14642014,-86.50834992
2,3,700.0,1-Car,No injury/unknown,SPEED TOO FAST FOR WEATHER CONDITIONS,39.14611801,-86.57108008
10,6,1300.0,2-Car,No injury/unknown,UNSAFE LANE MOVEMENT,39.14609163,-86.57574127
5,6,1100.0,2-Car,No injury/unknown,UNSAFE BACKING,39.14609156,-86.53228889
10,4,800.0,1-Car,Incapacitating,RAN OFF ROAD RIGHT,39.14606696,-86.64312008
2,7,2000.0,2-Car,No injury/unknown,FOLLOWING TOO CLOSELY,39.146014,-86.575846
8,2,600.0,Moped/Motorcycle,Non-incapacitating,FAILURE TO YIELD RIGHT OF WAY,39.145856,-86.582592
5,4,800.0,2-Car,No injury/unknown,FOLLOWING TOO CLOSELY,39.145848,-86.532216
7,6,1700.0,2-Car,No injury/unknown,UNSAFE BACKING,39.145848,-86.532216
4,6,1600.0,2-Car,No injury/unknown,FOLLOWING TOO CLOSELY,39.14579957,-86.57646028
3,4,2000.0,2-Car,No injury/unknown,UNSAFE LANE MOVEMENT,39.14563768,-86.57674521
7,5,1600.0,3+ Cars,Non-incapacitating,FAILURE TO YIELD RIGHT OF WAY,39.14531378,-86.57803237
1,3,1000.0,2-Car,No injury/unknown,,39.145264,-86.577616
1,2,1400.0,1-Car,No injury/unknown,IMPROPER LANE USAGE,39.145264,-86.577616
3,7,2100.0,3+ Cars,No injury/unknown,UNSAFE BACKING,39.145264,-86.577616
5,3,1600.0,2-Car,No injury/unknown,UNSAFE BACKING,39.145264,-86.577616
5,5,1200.0,2-Car,No injury/unknown,FAILURE TO YIELD RIGHT OF WAY,39.145264,-86.577616
6,2,100.0,Moped/Motorcycle,Non-incapacitating,UNSAFE SPEED,39.145264,-86.577616
6,3,2200.0,2-Car,Non-incapacitating,UNSAFE BACKING,39.145264,-86.577616
6,1,1700.0,2-Car,No injury/unknown,UNSAFE BACKING,39.145264,-86.577616
8,7,1900.0,2-Car,No injury/unknown,UNSAFE BACKING,39.145264,-86.577616
10,6,1900.0,2-Car,No injury/unknown,,39.145264,-86.577616
11,6,900.0,2-Car,No injury/unknown,OTHER (DRIVER) - EXPLAIN IN NARRATIVE,39.145264,-86.577616
12,2,800.0,2-Car,No injury/unknown,,39.145264,-86.577616
7,3,1700.0,1-Car,No injury/unknown,OTHER (VEHICLE) - EXPLAIN IN NARRATIVE,39.14515902,-86.57793328
7,3,700.0,2-Car,No injury/unknown,FAILURE TO YIELD RIGHT OF WAY,39.14515324,-86.53200808
1,6,1300.0,2-Car,No injury/unknown,FAILURE TO YIELD RIGHT OF WAY,39.145152,-86.5776
2,4,1600.0,2-Car,No injury/unknown,UNSAFE LANE MOVEMENT,39.145152,-86.5776
3,7,1100.0,2-Car,Non-incapacitating,FAILURE TO YIELD RIGHT OF WAY,39.145152,-86.5776
6,5,1000.0,2-Car,No injury/unknown,FAILURE TO YIELD RIGHT OF WAY,39.145152,-86.5776
12,3,1300.0,2-Car,No injury/unknown,SPEED TOO FAST FOR WEATHER CONDITIONS,39.145152,-86.5776
12,6,700.0,2-Car,No injury/unknown,FAILURE TO YIELD RIGHT OF WAY,39.145152,-86.5776
6,2,1100.0,2-Car,No injury/unknown,SPEED TOO FAST FOR WEATHER CONDITIONS,39.14514916,-86.51566028
8,6,1600.0,1-Car,No injury/unknown,IMPROPER LANE USAGE,39.14508199,-86.52653999
11,3,1000.0,2-Car,No injury/unknown,FAILURE TO YIELD RIGHT OF WAY,39.14504,-86.54
10,6,1200.0,2-Car,No injury/unknown,FOLLOWING TOO CLOSELY,39.14502123,-86.57776834
7,2,1700.0,3+ Cars,No injury/unknown,FOLLOWING TOO CLOSELY,39.14502002,-86.5777875
7,4,1400.0,2-Car,No injury/unknown,FOLLOWING TOO CLOSELY,39.14502002,-86.57777884
8,3,1100.0,2-Car,No injury/unknown,FOLLOWING TOO CLOSELY,39.14502002,-86.57777018
3,2,1100.0,2-Car,Non-incapacitating,DRIVER DISTRACTED - EXPLAIN IN NARRATIVE,39.14488973,-86.54850997
5,6,1500.0,2-Car,No injury/unknown,FOLLOWING TOO CLOSELY,39.144848,-86.526848
11,5,1900.0,2-Car,Non-incapacitating,FAILURE TO YIELD RIGHT OF WAY,39.144848,-86.526848
3,2,1500.0,3+ Cars,Non-incapacitating,FOLLOWING TOO CLOSELY,39.144752,-86.531888
3,2,1200.0,2-Car,No injury/unknown,FAILURE TO YIELD RIGHT OF WAY,39.144752,-86.531888
4,7,1400.0,2-Car,No injury/unknown,SPEED TOO FAST FOR WEATHER CONDITIONS,39.144752,-86.531888
5,5,1900.0,2-Car,No injury/unknown,FAILURE TO YIELD RIGHT OF WAY,39.144752,-86.531888
5,2,1800.0,3+ Cars,Non-incapacitating,FOLLOWING TOO CLOSELY,39.144752,-86.531888
11,3,1800.0,1-Car,No injury/unknown,IMPROPER TURNING,39.144752,-86.531888
4,1,1400.0,2-Car,No injury/unknown,UNSAFE LANE MOVEMENT,39.14472727,-86.56233005
7,5,1400.0,2-Car,Non-incapacitating,FAILURE TO YIELD RIGHT OF WAY,39.14454997,-86.52695976
10,4,1400.0,Pedestrian,Non-incapacitating,FAILURE TO YIELD RIGHT OF WAY,39.14454997,-86.52695976
5,2,1700.0,2-Car,No injury/unknown,UNSAFE BACKING,39.14445341,-86.52036957
6,5,900.0,2-Car,Non-incapacitating,FOLLOWING TOO CLOSELY,39.14429874,-86.52683825
10,5,2100.0,2-Car,No injury/unknown,FAILURE TO YIELD RIGHT OF WAY,39.14422005,-86.50152973
4,2,1700.0,1-Car,No injury/unknown,OTHER (ENVIRONMENTAL) - EXPLAIN IN NARR,39.14411784,-86.49918012
10,6,1400.0,2-Car,No injury/unknown,FOLLOWING TOO CLOSELY,39.14411008,-86.53180986
12,3,1200.0,2-Car,No injury/unknown,FOLLOWING TOO CLOSELY,39.14411008,-86.53180986
7,6,1400.0,3+ Cars,No injury/unknown,FOLLOWING TOO CLOSELY,39.14392971,-86.58262029
4,2,1300.0,2-Car,No injury/unknown,FAILURE TO YIELD RIGHT OF WAY,39.143808,-86.582592
7,7,1400.0,2-Car,No injury/unknown,OTHER (DRIVER) - EXPLAIN IN NARRATIVE,39.143808,-86.582592
8,2,600.0,2-Car,Non-incapacitating,DRIVER DISTRACTED - EXPLAIN IN NARRATIVE,39.143808,-86.582592
7,2,1500.0,3+ Cars,No injury/unknown,DRIVER DISTRACTED - EXPLAIN IN NARRATIVE,39.14371187,-86.582592
5,2,700.0,3+ Cars,No injury/unknown,FOLLOWING TOO CLOSELY,39.14363485,-86.53324015
8,2,1600.0,2-Car,No injury/unknown,DRIVER DISTRACTED - EXPLAIN IN NARRATIVE,39.14359979,-86.58031889
3,7,2200.0,2-Car,Non-incapacitating,DISREGARD SIGNAL/REG SIGN,39.14359979,-86.58031024
10,7,1700.0,2-Car,Non-incapacitating,FAILURE TO YIELD RIGHT OF WAY,39.14359979,-86.58031024
10,7,2200.0,2-Car,Non-incapacitating,OTHER (DRIVER) - EXPLAIN IN NARRATIVE,39.14359979,-86.58031024
3,6,1200.0,3+ Cars,Non-incapacitating,FOLLOWING TOO CLOSELY,39.143552,-86.580528
7,2,1700.0,2-Car,No injury/unknown,FAILURE TO YIELD RIGHT OF WAY,39.143552,-86.580528
7,2,1900.0,2-Car,No injury/unknown,FOLLOWING TOO CLOSELY,39.143552,-86.580528
6,6,1800.0,Pedestrian,Non-incapacitating,FAILURE TO YIELD RIGHT OF WAY,39.14339997,-86.54181987
2,6,1600.0,2-Car,No injury/unknown,UNSAFE BACKING,39.14310143,-86.51422999
9,1,1000.0,2-Car,No injury/unknown,UNSAFE BACKING,39.142902,-86.54795236
11,3,1500.0,2-Car,No injury/unknown,UNSAFE BACKING,39.142555,-86.531238
3,4,1600.0,2-Car,Non-incapacitating,FOLLOWING TOO CLOSELY,39.14229184,-86.55128002
8,6,2200.0,2-Car,No injury/unknown,UNSAFE BACKING,39.142217,-86.531138
1,6,1300.0,2-Car,No injury/unknown,FAILURE TO YIELD RIGHT OF WAY,39.142048,-86.582592
2,6,1600.0,2-Car,No injury/unknown,FOLLOWING TOO CLOSELY,39.142048,-86.582592
2,6,400.0,2-Car,Non-incapacitating,DISREGARD SIGNAL/REG SIGN,39.142048,-86.582592
3,4,700.0,2-Car,No injury/unknown,FAILURE TO YIELD RIGHT OF WAY,39.142048,-86.582592
4,5,1700.0,2-Car,No injury/unknown,FAILURE TO YIELD RIGHT OF WAY,39.142048,-86.582592
4,5,1800.0,Bus,No injury/unknown,IMPROPER TURNING,39.142048,-86.582592
4,5,2000.0,2-Car,No injury/unknown,FAILURE TO YIELD RIGHT OF WAY,39.142048,-86.582592
4,5,1600.0,2-Car,No injury/unknown,FAILURE TO YIELD RIGHT OF WAY,39.142048,-86.582592
7,7,1100.0,2-Car,Non-incapacitating,DRIVER DISTRACTED - EXPLAIN IN NARRATIVE,39.142048,-86.582592
9,6,1400.0,2-Car,No injury/unknown,UNSAFE BACKING,39.142048,-86.582592
9,7,1100.0,Moped/Motorcycle,Non-incapacitating,IMPROPER PASSING,39.142048,-86.582592
10,1,1100.0,2-Car,Non-incapacitating,FAILURE TO YIELD RIGHT OF WAY,39.142048,-86.582592
10,3,800.0,2-Car,No injury/unknown,OTHER (DRIVER) - EXPLAIN IN NARRATIVE,39.142048,-86.582592
4,5,1600.0,2-Car,No injury/unknown,FAILURE TO YIELD RIGHT OF WAY,39.142048,-86.531088
5,7,1700.0,2-Car,Non-incapacitating,FOLLOWING TOO CLOSELY,39.142048,-86.531088
7,7,1900.0,2-Car,Non-incapacitating,FOLLOWING TOO CLOSELY,39.14195023,-86.58260743
9,5,1600.0,2-Car,Non-incapacitating,LEFT OF CENTER,39.14195023,-86.58259011
9,3,2000.0,2-Car,No injury/unknown,FAILURE TO YIELD RIGHT OF WAY,39.14195023,-86.58259011
8,6,700.0,2-Car,No injury/unknown,IMPROPER PASSING,39.14195023,-86.58257972
5,4,800.0,2-Car,No injury/unknown,FAILURE TO YIELD RIGHT OF WAY,39.14195023,-86.58256414
10,4,2100.0,3+ Cars,Non-incapacitating,DRIVER DISTRACTED - EXPLAIN IN NARRATIVE,39.14195023,-86.58254682
7,1,1500.0,Moped/Motorcycle,Non-incapacitating,FAILURE TO YIELD RIGHT OF WAY,39.14190066,-86.5828886
1,3,1600.0,2-Car,No injury/unknown,UNSAFE BACKING,39.14166186,-86.52843028
2,7,1900.0,2-Car,No injury/unknown,LEFT OF CENTER,39.141648,-86.6428
3,1,1800.0,Moped/Motorcycle,No injury/unknown,OTHER (ENVIRONMENTAL) - EXPLAIN IN NARR,39.141648,-86.6428
10,6,2100.0,1-Car,No injury/unknown,ROADWAY SURFACE CONDITION,39.14153958,-86.5963441
7,3,1700.0,2-Car,No injury/unknown,OTHER (DRIVER) - EXPLAIN IN NARRATIVE,39.14145928,-86.58418054
11,3,1900.0,1-Car,No injury/unknown,ANIMAL/OBJECT IN ROADWAY,39.14145928,-86.58418054
4,1,1500.0,2-Car,No injury/unknown,UNSAFE BACKING,39.14130718,-86.58264778
6,6,1100.0,2-Car,No injury/unknown,ENGINE FAILURE OR DEFECTIVE,39.14130718,-86.58264778
7,7,400.0,2-Car,No injury/unknown,OVERCORRECTING/OVERSTEERING,39.14128587,-86.54106947
5,5,1200.0,2-Car,No injury/unknown,FAILURE TO YIELD RIGHT OF WAY,39.14121185,-86.58422591
3,4,1500.0,2-Car,No injury/unknown,UNSAFE BACKING,39.14108992,-86.49248701
12,4,800.0,2-Car,No injury/unknown,LEFT OF CENTER,39.14107986,-86.52172006
10,3,1300.0,2-Car,No injury/unknown,BRAKE FAILURE OR DEFECTIVE,39.14107513,-86.58297729
10,5,1800.0,2-Car,No injury/unknown,FAILURE TO YIELD RIGHT OF WAY,39.14095043,-86.48266978
7,6,1300.0,2-Car,No injury/unknown,FOLLOWING TOO CLOSELY,39.14090754,-86.58579544
6,2,2200.0,2-Car,Non-incapacitating,UNSAFE SPEED,39.14085811,-86.53117015
3,5,900.0,2-Car,No injury/unknown,UNSAFE LANE MOVEMENT,39.14052448,-86.53258033
7,6,1700.0,2-Car,Non-incapacitating,UNSAFE LANE MOVEMENT,39.14052448,-86.53258033
10,2,1700.0,3+ Cars,Non-incapacitating,FAILURE TO YIELD RIGHT OF WAY,39.140352,-86.582576
3,3,1500.0,Moped/Motorcycle,Non-incapacitating,ANIMAL/OBJECT IN ROADWAY,39.14025312,-86.53867028
9,6,1200.0,2-Car,No injury/unknown,FAILURE TO YIELD RIGHT OF WAY,39.14023137,-86.53492981
11,6,1400.0,2-Car,No injury/unknown,DISREGARD SIGNAL/REG SIGN,39.140144,-86.54496
3,6,200.0,1-Car,No injury/unknown,RAN OFF ROAD RIGHT,39.140144,-86.544688
9,5,1300.0,2-Car,No injury/unknown,FOLLOWING TOO CLOSELY,39.14010455,-86.49999015
3,3,1800.0,2-Car,No injury/unknown,UNSAFE BACKING,39.14003983,-86.49072982
5,7,1000.0,1-Car,No injury/unknown,UNSAFE SPEED,39.13996004,-86.54481992
9,2,1500.0,2-Car,No injury/unknown,IMPROPER PASSING,39.1398208,-86.5094503
1,4,1800.0,2-Car,Non-incapacitating,CELL PHONE USAGE,39.13980983,-86.53866022
11,5,1500.0,2-Car,No injury/unknown,FOLLOWING TOO CLOSELY,39.13980983,-86.53866022
2,3,700.0,2-Car,Non-incapacitating,IMPROPER LANE USAGE,39.13978646,-86.57292991
10,6,1600.0,1-Car,Non-incapacitating,OVERCORRECTING/OVERSTEERING,39.139584,-86.526768
4,2,2000.0,2-Car,No injury/unknown,OTHER (DRIVER) - EXPLAIN IN NARRATIVE,39.13951412,-86.51756532
1,6,400.0,1-Car,No injury/unknown,RAN OFF ROAD RIGHT,39.13943525,-86.53054507
9,7,1300.0,2-Car,No injury/unknown,OTHER (DRIVER) - EXPLAIN IN NARRATIVE,39.13943525,-86.53054507
4,6,1500.0,2-Car,No injury/unknown,FOLLOWING TOO CLOSELY,39.13937194,-86.53836834
8,2,600.0,2-Car,No injury/unknown,UNSAFE BACKING,39.13936324,-86.61030806
3,7,1500.0,2-Car,No injury/unknown,OTHER (DRIVER) - EXPLAIN IN NARRATIVE,39.138688,-86.465968
10,1,2000.0,2-Car,No injury/unknown,OVERCORRECTING/OVERSTEERING,39.138688,-86.465968
9,1,1800.0,2-Car,No injury/unknown,IMPROPER LANE USAGE,39.138688,-86.465968
11,6,1700.0,2-Car,No injury/unknown,UNSAFE BACKING,39.138688,-86.465968
3,3,2100.0,1-Car,No injury/unknown,ANIMAL/OBJECT IN ROADWAY,39.13851891,-86.59099291
5,5,1900.0,2-Car,No injury/unknown,OTHER (VEHICLE) - EXPLAIN IN NARRATIVE,39.13851891,-86.59099291
2,3,2300.0,2-Car,No injury/unknown,IMPROPER LANE USAGE,39.13846001,-86.49337119
2,4,900.0,Bus,No injury/unknown,OVERCORRECTING/OVERSTEERING,39.13736,-86.529904
11,3,1400.0,2-Car,No injury/unknown,IMPROPER TURNING,39.137264,-86.529808
11,3,2100.0,Pedestrian,No injury/unknown,OTHER (DRIVER) - EXPLAIN IN NARRATIVE,39.13726277,-86.52401169
3,1,2000.0,2-Car,No injury/unknown,UNSAFE LANE MOVEMENT,39.13724598,-86.57289854
5,3,1600.0,3+ Cars,No injury/unknown,VIEW OBSTRUCTED,39.13718219,-86.59323219
11,2,1100.0,2-Car,No injury/unknown,FAILURE TO YIELD RIGHT OF WAY,39.13717426,-86.49611033
4,2,1400.0,2-Car,No injury/unknown,UNSAFE BACKING,39.137088,-86.53056
6,7,1800.0,1-Car,No injury/unknown,IMPROPER LANE USAGE,39.137088,-86.53056
7,6,200.0,1-Car,No injury/unknown,RAN OFF ROAD RIGHT,39.13704001,-86.57820935
3,5,1500.0,2-Car,Non-incapacitating,FAILURE TO YIELD RIGHT OF WAY,39.13704,-86.642832
12,1,1400.0,2-Car,No injury/unknown,IMPROPER TURNING,39.13704,-86.642832
12,4,1500.0,2-Car,No injury/unknown,OTHER (ENVIRONMENTAL) - EXPLAIN IN NARR,39.13704,-86.58215932
3,6,1600.0,2-Car,Non-incapacitating,OTHER (DRIVER) - EXPLAIN IN NARRATIVE,39.13704,-86.572896
1,3,700.0,2-Car,No injury/unknown,FAILURE TO YIELD RIGHT OF WAY,39.13704,-86.572896
7,5,1100.0,2-Car,No injury/unknown,DISREGARD SIGNAL/REG SIGN,39.13704,-86.572896
9,7,1300.0,2-Car,No injury/unknown,IMPROPER LANE USAGE,39.13704,-86.572896
11,4,700.0,2-Car,No injury/unknown,FOLLOWING TOO CLOSELY,39.13704,-86.572896
7,5,1200.0,1-Car,No injury/unknown,OBSTRUCTION NOT MARKED,39.13688,-86.628768
2,3,700.0,1-Car,No injury/unknown,RAN OFF ROAD RIGHT,39.136848,-86.606
3,4,1000.0,2-Car,Non-incapacitating,OTHER (DRIVER) - EXPLAIN IN NARRATIVE,39.136848,-86.593792
8,3,1000.0,2-Car,Non-incapacitating,FAILURE TO YIELD RIGHT OF WAY,39.1368299,-86.58261023
8,3,1600.0,2-Car,No injury/unknown,RAN OFF ROAD RIGHT,39.13679949,-86.49636375
2,5,900.0,2-Car,No injury/unknown,SPEED TOO FAST FOR WEATHER CONDITIONS,39.13679034,-86.5731997
3,5,1900.0,2-Car,No injury/unknown,DRIVER DISTRACTED - EXPLAIN IN NARRATIVE,39.13679034,-86.5731997
4,3,700.0,2-Car,No injury/unknown,FOLLOWING TOO CLOSELY,39.13679034,-86.5731997
9,5,1600.0,2-Car,No injury/unknown,FOLLOWING TOO CLOSELY,39.13678957,-86.59378836
7,6,1800.0,1-Car,No injury/unknown,ANIMAL/OBJECT IN ROADWAY,39.13676894,-86.57289398