Month,Day,Hour,Collision Type,Injury Type,Primary Factor,Latitude,Longitude
10,3,900.0,2-Car,No injury/unknown,FAILURE TO YIELD RIGHT OF WAY,39.13676894,-86.57289398
5,5,800.0,1-Car,Non-incapacitating,RAN OFF ROAD RIGHT,39.13675748,-86.57470978
12,6,1000.0,3+ Cars,Non-incapacitating,DRIVER DISTRACTED - EXPLAIN IN NARRATIVE,39.13666541,-86.59405546
9,1,800.0,1-Car,Non-incapacitating,SPEED TOO FAST FOR WEATHER CONDITIONS,39.13666025,-86.56792654
5,5,600.0,1-Car,No injury/unknown,ANIMAL/OBJECT IN ROADWAY,39.13666025,-86.56783998
10,7,1700.0,2-Car,No injury/unknown,FAILURE TO YIELD RIGHT OF WAY,39.13666025,-86.56783998
2,1,1300.0,2-Car,No injury/unknown,FOLLOWING TOO CLOSELY,39.13666025,-86.56783348
10,2,1100.0,2-Car,No injury/unknown,FAILURE TO YIELD RIGHT OF WAY,39.13663356,-86.5829797
8,3,800.0,2-Car,Non-incapacitating,FOLLOWING TOO CLOSELY,39.13662001,-86.55431673
5,1,1900.0,3+ Cars,No injury/unknown,UNSAFE LANE MOVEMENT,39.13657022,-86.52381328
4,6,1900.0,2-Car,No injury/unknown,FAILURE TO YIELD RIGHT OF WAY,39.13653016,-86.56207664
6,4,1600.0,2-Car,No injury/unknown,FOLLOWING TOO CLOSELY,39.13653016,-86.56199008
7,2,1300.0,2-Car,No injury/unknown,FOLLOWING TOO CLOSELY,39.13653016,-86.56199008
4,5,2200.0,2-Car,No injury/unknown,FOLLOWING TOO CLOSELY,39.136512,-86.562016
5,5,1800.0,1-Car,No injury/unknown,RAN OFF ROAD RIGHT,39.13645967,-86.51847542
1,4,1800.0,2-Car,No injury/unknown,FAILURE TO YIELD RIGHT OF WAY,39.136448,-86.548704
5,5,1800.0,2-Car,No injury/unknown,FOLLOWING TOO CLOSELY,39.136448,-86.548704
7,5,1600.0,2-Car,No injury/unknown,FOLLOWING TOO CLOSELY,39.136448,-86.548704
7,3,1200.0,2-Car,No injury/unknown,FAILURE TO YIELD RIGHT OF WAY,39.13642254,-86.50808314
10,5,700.0,1-Car,No injury/unknown,ANIMAL/OBJECT IN ROADWAY,39.13639002,-86.59442586
1,4,1700.0,2-Car,No injury/unknown,SPEED TOO FAST FOR WEATHER CONDITIONS,39.13637399,-86.5465901
1,6,800.0,2-Car,Non-incapacitating,FAILURE TO YIELD RIGHT OF WAY,39.136368,-86.505056
12,4,1100.0,2-Car,No injury/unknown,FOLLOWING TOO CLOSELY,39.13634978,-86.5487933
10,2,1800.0,2-Car,No injury/unknown,FAILURE TO YIELD RIGHT OF WAY,39.13634978,-86.54875002
3,6,1700.0,2-Car,No injury/unknown,FAILURE TO YIELD RIGHT OF WAY,39.13632869,-86.54529663
1,4,1700.0,2-Car,No injury/unknown,LEFT OF CENTER,39.13632463,-86.54518084
6,3,1700.0,2-Car,Non-incapacitating,FOLLOWING TOO CLOSELY,39.136304,-86.544592
11,2,1800.0,2-Car,Non-incapacitating,FOLLOWING TOO CLOSELY,39.13628485,-86.52882885
8,1,1700.0,2-Car,Non-incapacitating,LEFT OF CENTER,39.13627689,-86.54209614
10,4,1100.0,1-Car,No injury/unknown,CELL PHONE USAGE,39.13618469,-86.56938171
4,1,1200.0,1-Car,No injury/unknown,RAN OFF ROAD RIGHT,39.136144,-86.51023799
5,5,1600.0,2-Car,Non-incapacitating,FOLLOWING TOO CLOSELY,39.136144,-86.50862501
4,3,1600.0,2-Car,No injury/unknown,FAILURE TO YIELD RIGHT OF WAY,39.136144,-86.580704
1,2,1300.0,2-Car,No injury/unknown,FAILURE TO YIELD RIGHT OF WAY,39.136144,-86.528688
5,2,1400.0,2-Car,No injury/unknown,FOLLOWING TOO CLOSELY,39.136144,-86.528688
3,6,1800.0,2-Car,Non-incapacitating,FAILURE TO YIELD RIGHT OF WAY,39.136144,-86.528688
4,6,1400.0,Moped/Motorcycle,Non-incapacitating,RAN OFF ROAD RIGHT,39.136144,-86.528688
5,4,800.0,2-Car,No injury/unknown,FOLLOWING TOO CLOSELY,39.136144,-86.528688
5,6,1100.0,2-Car,No injury/unknown,FOLLOWING TOO CLOSELY,39.136144,-86.528688
5,2,1800.0,2-Car,Non-incapacitating,FAILURE TO YIELD RIGHT OF WAY,39.136144,-86.528688
5,7,1300.0,2-Car,No injury/unknown,DISREGARD SIGNAL/REG SIGN,39.136144,-86.528688
6,4,800.0,Cyclist,Non-incapacitating,FAILURE TO YIELD RIGHT OF WAY,39.136144,-86.528688
7,6,1600.0,Pedestrian,Non-incapacitating,FAILURE TO YIELD RIGHT OF WAY,39.136144,-86.528688
12,1,2100.0,2-Car,No injury/unknown,FAILURE TO YIELD RIGHT OF WAY,39.136144,-86.528688
12,6,1000.0,2-Car,No injury/unknown,DISREGARD SIGNAL/REG SIGN,39.136144,-86.5268
2,2,1800.0,2-Car,No injury/unknown,FOLLOWING TOO CLOSELY,39.136144,-86.52296
6,6,1500.0,2-Car,No injury/unknown,FOLLOWING TOO CLOSELY,39.136144,-86.508096
6,6,1600.0,1-Car,Non-incapacitating,RAN OFF ROAD RIGHT,39.136144,-86.508096
12,2,2100.0,1-Car,No injury/unknown,ANIMAL/OBJECT IN ROADWAY,39.136144,-86.508096
1,6,1700.0,2-Car,No injury/unknown,FAILURE TO YIELD RIGHT OF WAY,39.1361266,-86.52763029
2,7,1100.0,2-Car,No injury/unknown,IMPROPER PASSING,39.1361266,-86.52763029
2,2,1700.0,2-Car,Non-incapacitating,FAILURE TO YIELD RIGHT OF WAY,39.13609028,-86.53937107
8,4,700.0,2-Car,No injury/unknown,FOLLOWING TOO CLOSELY,39.13608777,-86.53827205
7,5,900.0,2-Car,No injury/unknown,LEFT OF CENTER,39.13608583,-86.51652884
4,4,1700.0,3+ Cars,Non-incapacitating,FOLLOWING TOO CLOSELY,39.13608,-86.538096
6,4,1900.0,2-Car,No injury/unknown,FOLLOWING TOO CLOSELY,39.13608,-86.538096
6,5,2200.0,2-Car,No injury/unknown,FOLLOWING TOO CLOSELY,39.13608,-86.538096
6,1,2000.0,2-Car,No injury/unknown,FOLLOWING TOO CLOSELY,39.13608,-86.538096
8,3,1200.0,2-Car,Non-incapacitating,DRIVER DISTRACTED - EXPLAIN IN NARRATIVE,39.13607234,-86.53783168
3,4,1700.0,2-Car,No injury/unknown,DRIVER DISTRACTED - EXPLAIN IN NARRATIVE,39.136048,-86.518496
6,6,1100.0,2-Car,No injury/unknown,OTHER (DRIVER) - EXPLAIN IN NARRATIVE,39.136048,-86.518496
5,5,1800.0,2-Car,Non-incapacitating,FOLLOWING TOO CLOSELY,39.136048,-86.518496
2,7,200.0,2-Car,No injury/unknown,IMPROPER PASSING,39.13603999,-86.53826996
9,5,1400.0,2-Car,No injury/unknown,UNSAFE LANE MOVEMENT,39.13603999,-86.53826996
12,2,1500.0,2-Car,No injury/unknown,FOLLOWING TOO CLOSELY,39.13603999,-86.53826996
5,6,2000.0,1-Car,Non-incapacitating,OTHER (DRIVER) - EXPLAIN IN NARRATIVE,39.13603999,-86.52688861
7,6,1500.0,3+ Cars,No injury/unknown,FOLLOWING TOO CLOSELY,39.13603999,-86.52687996
7,6,2300.0,2-Car,Non-incapacitating,FOLLOWING TOO CLOSELY,39.13603999,-86.52687996
10,3,1800.0,1-Car,Non-incapacitating,RAN OFF ROAD RIGHT,39.13599975,-86.50409996
2,7,1800.0,2-Car,No injury/unknown,FAILURE TO YIELD RIGHT OF WAY,39.13598615,-86.52880354
12,3,1200.0,2-Car,Non-incapacitating,FAILURE TO YIELD RIGHT OF WAY,39.13597025,-86.53111846
6,3,1200.0,Moped/Motorcycle,Non-incapacitating,FOLLOWING TOO CLOSELY,39.13597025,-86.53111413
1,7,800.0,2-Car,No injury/unknown,CELL PHONE USAGE,39.13597025,-86.5311098
1,4,1700.0,2-Car,No injury/unknown,FAILURE TO YIELD RIGHT OF WAY,39.13597025,-86.5311098
5,2,1600.0,2-Car,Non-incapacitating,FAILURE TO YIELD RIGHT OF WAY,39.13597025,-86.5311098
3,2,1200.0,2-Car,No injury/unknown,UNSAFE BACKING,39.13597025,-86.5311098
4,2,1600.0,2-Car,Non-incapacitating,FAILURE TO YIELD RIGHT OF WAY,39.13597025,-86.5311098
5,2,500.0,2-Car,No injury/unknown,LEFT OF CENTER,39.13597025,-86.5311098
8,2,1600.0,2-Car,Non-incapacitating,FOLLOWING TOO CLOSELY,39.13597025,-86.5311098
8,5,1100.0,2-Car,Non-incapacitating,FAILURE TO YIELD RIGHT OF WAY,39.13597025,-86.5311098
8,1,1400.0,2-Car,Non-incapacitating,FOLLOWING TOO CLOSELY,39.13597025,-86.53110115
5,6,1500.0,2-Car,No injury/unknown,FOLLOWING TOO CLOSELY,39.13597025,-86.5310925
8,4,700.0,3+ Cars,Non-incapacitating,FAILURE TO YIELD RIGHT OF WAY,39.13597025,-86.5310925
1,4,1700.0,2-Car,Non-incapacitating,FAILURE TO YIELD RIGHT OF WAY,39.13597025,-86.53108385
12,3,1700.0,2-Car,No injury/unknown,FAILURE TO YIELD RIGHT OF WAY,39.13597025,-86.53108385
3,5,1700.0,2-Car,Incapacitating,FOLLOWING TOO CLOSELY,39.13597025,-86.53102327
1,1,1500.0,2-Car,No injury/unknown,UNSAFE BACKING,39.13596054,-86.49332016
10,6,900.0,Pedestrian,Non-incapacitating,OTHER (DRIVER) - EXPLAIN IN NARRATIVE,39.13596019,-86.4965301
7,3,1000.0,2-Car,Non-incapacitating,LEFT OF CENTER,39.13588978,-86.58094994
2,7,1400.0,2-Car,No injury/unknown,FAILURE TO YIELD RIGHT OF WAY,39.13584,-86.496288
1,1,900.0,1-Car,No injury/unknown,ROADWAY SURFACE CONDITION,39.1358119,-86.48437517
1,1,900.0,2-Car,No injury/unknown,LEFT OF CENTER,39.1358119,-86.48437517
5,3,1200.0,2-Car,No injury/unknown,TIRE FAILURE OR DEFECTIVE,39.13575755,-86.48984065
4,5,700.0,3+ Cars,Non-incapacitating,FAILURE TO YIELD RIGHT OF WAY,39.13566671,-86.572896
5,7,600.0,1-Car,No injury/unknown,DRIVER ILLNESS,39.135648,-86.462
11,2,1500.0,2-Car,Non-incapacitating,FAILURE TO YIELD RIGHT OF WAY,39.13543097,-86.52815779
5,3,1600.0,2-Car,No injury/unknown,UNSAFE BACKING,39.13530573,-86.56985834
6,4,700.0,2-Car,Incapacitating,FAILURE TO YIELD RIGHT OF WAY,39.13504,-86.596192
3,3,800.0,2-Car,No injury/unknown,FOLLOWING TOO CLOSELY,39.13484273,-86.572896
3,2,800.0,2-Car,No injury/unknown,UNSAFE BACKING,39.13432546,-86.52733091
5,3,1700.0,2-Car,No injury/unknown,FAILURE TO YIELD RIGHT OF WAY,39.13432546,-86.52733091
7,4,1400.0,2-Car,No injury/unknown,IMPROPER TURNING,39.13432546,-86.52733091
8,6,1200.0,2-Car,No injury/unknown,FAILURE TO YIELD RIGHT OF WAY,39.13432546,-86.52733091
4,1,1400.0,1-Car,No injury/unknown,ANIMAL/OBJECT IN ROADWAY,39.13429342,-86.572896
2,5,1500.0,2-Car,No injury/unknown,FOLLOWING TOO CLOSELY,39.13414963,-86.56233005
1,5,2300.0,1-Car,No injury/unknown,ROADWAY SURFACE CONDITION,39.13386729,-86.64823206
12,4,1600.0,2-Car,No injury/unknown,IMPROPER TURNING,39.133744,-86.526896
4,6,2100.0,2-Car,No injury/unknown,IMPROPER TURNING,39.133744,-86.50592
9,4,1500.0,1-Car,No injury/unknown,RAN OFF ROAD RIGHT,39.13357252,-86.64860162
4,7,600.0,1-Car,No injury/unknown,RAN OFF ROAD RIGHT,39.13338326,-86.52182266
5,7,1500.0,2-Car,No injury/unknown,UNSAFE BACKING,39.13312241,-86.57425582
12,5,2100.0,1-Car,No injury/unknown,ANIMAL/OBJECT IN ROADWAY,39.13295416,-86.45328513
9,4,2200.0,2-Car,No injury/unknown,OTHER (DRIVER) - EXPLAIN IN NARRATIVE,39.13289443,-86.58253245
6,5,800.0,2-Car,No injury/unknown,TIRE FAILURE OR DEFECTIVE,39.1327829,-86.57137982
10,6,700.0,2-Car,No injury/unknown,UNSAFE SPEED,39.13264281,-86.57289535
2,6,1900.0,2-Car,Non-incapacitating,FOLLOWING TOO CLOSELY,39.13218029,-86.49999015
10,6,1700.0,2-Car,Non-incapacitating,LEFT OF CENTER,39.13218029,-86.49999015
5,1,200.0,2-Car,No injury/unknown,UNSAFE BACKING,39.1319809,-86.53210449
1,7,0.0,1-Car,No injury/unknown,ROADWAY SURFACE CONDITION,39.13166801,-86.53844215
8,5,1700.0,2-Car,Non-incapacitating,FAILURE TO YIELD RIGHT OF WAY,39.13151605,-86.67303912
7,4,1300.0,Moped/Motorcycle,Non-incapacitating,FAILURE TO YIELD RIGHT OF WAY,39.13149029,-86.58259011
8,2,2000.0,1-Car,No injury/unknown,IMPROPER LANE USAGE,39.13142726,-86.53203181
4,7,2100.0,1-Car,No injury/unknown,OTHER (ENVIRONMENTAL) - EXPLAIN IN NARR,39.13141787,-86.48967236
6,1,1400.0,2-Car,No injury/unknown,DISREGARD SIGNAL/REG SIGN,39.131408,-86.541504
8,6,1500.0,1-Car,No injury/unknown,ROADWAY SURFACE CONDITION,39.1313205,-86.42514981
3,3,1400.0,2-Car,No injury/unknown,IMPROPER LANE USAGE,39.13104,-86.521792
6,7,1300.0,Bus,No injury/unknown,OVERCORRECTING/OVERSTEERING,39.13087181,-86.5168599
2,1,100.0,2-Car,No injury/unknown,,39.13053161,-86.52255984
12,3,1800.0,2-Car,Non-incapacitating,FAILURE TO YIELD RIGHT OF WAY,39.130177,-86.526808
5,7,200.0,3+ Cars,No injury/unknown,OTHER (DRIVER) - EXPLAIN IN NARRATIVE,39.130144,-86.577024
8,3,1200.0,2-Car,No injury/unknown,UNSAFE BACKING,39.12992825,-86.50649258
3,7,1700.0,2-Car,No injury/unknown,FAILURE TO YIELD RIGHT OF WAY,39.12936,-86.604336
8,2,1000.0,2-Car,No injury/unknown,FOLLOWING TOO CLOSELY,39.12936,-86.604336
12,5,1600.0,2-Car,No injury/unknown,FOLLOWING TOO CLOSELY,39.12936,-86.604336
8,5,1900.0,2-Car,No injury/unknown,FOLLOWING TOO CLOSELY,39.12924998,-86.60429991
11,6,1600.0,2-Car,Non-incapacitating,DRIVER DISTRACTED - EXPLAIN IN NARRATIVE,39.12924998,-86.60429991
1,6,1000.0,2-Car,No injury/unknown,OTHER (DRIVER) - EXPLAIN IN NARRATIVE,39.12912995,-86.49925991
10,7,200.0,1-Car,No injury/unknown,RAN OFF ROAD RIGHT,39.12902963,-86.54850997
6,7,1300.0,2-Car,No injury/unknown,UNSAFE BACKING,39.12901992,-86.52678557
9,6,600.0,2-Car,No injury/unknown,UNSAFE BACKING,39.12891805,-86.49947315
9,7,100.0,1-Car,Incapacitating,SPEED TOO FAST FOR WEATHER CONDITIONS,39.12867299,-86.4053481
2,4,700.0,2-Car,No injury/unknown,IMPROPER TURNING,39.12838149,-86.5267942
7,3,1200.0,2-Car,No injury/unknown,OTHER (DRIVER) - EXPLAIN IN NARRATIVE,39.12807641,-86.49141982
10,7,300.0,2-Car,No injury/unknown,OTHER (DRIVER) - EXPLAIN IN NARRATIVE,39.12800598,-86.53055572
6,6,1600.0,2-Car,No injury/unknown,FOLLOWING TOO CLOSELY,39.12788004,-86.60652011
1,5,1100.0,2-Car,No injury/unknown,ACCELERATOR FAILURE OR DEFECTIVE,39.12787247,-86.50183105
7,6,1700.0,3+ Cars,Non-incapacitating,FOLLOWING TOO CLOSELY,39.12784655,-86.50148011
4,5,900.0,2-Car,No injury/unknown,UNSAFE BACKING,39.12776,-86.585024
2,6,1700.0,Pedestrian,Non-incapacitating,FAILURE TO YIELD RIGHT OF WAY,39.127711,-86.556339
10,5,500.0,2-Car,No injury/unknown,FAILURE TO YIELD RIGHT OF WAY,39.127664,-86.57891232
12,3,1900.0,1-Car,No injury/unknown,ANIMAL/OBJECT IN ROADWAY,39.12734433,-86.60379058
3,5,2100.0,1-Car,No injury/unknown,RAN OFF ROAD RIGHT,39.12719636,-86.55259028
7,6,1100.0,2-Car,No injury/unknown,FAILURE TO YIELD RIGHT OF WAY,39.12716835,-86.52677353
2,7,900.0,Pedestrian,No injury/unknown,IMPROPER PASSING,39.126976,-86.582464
9,6,1300.0,2-Car,No injury/unknown,FAILURE TO YIELD RIGHT OF WAY,39.12671462,-86.58263772
1,6,1800.0,2-Car,No injury/unknown,FOLLOWING TOO CLOSELY,39.12666969,-86.53136998
9,3,2100.0,2-Car,Non-incapacitating,FOLLOWING TOO CLOSELY,39.12666969,-86.53136998
6,5,1000.0,2-Car,No injury/unknown,BRAKE FAILURE OR DEFECTIVE,39.126592,-86.59046624
6,1,0.0,2-Car,No injury/unknown,OTHER (DRIVER) - EXPLAIN IN NARRATIVE,39.12655771,-86.55168436
12,5,1300.0,2-Car,No injury/unknown,DRIVER DISTRACTED - EXPLAIN IN NARRATIVE,39.12646272,-86.64291031
4,2,1200.0,2-Car,No injury/unknown,,39.12641137,-86.52674795
5,7,1400.0,2-Car,No injury/unknown,IMPROPER TURNING,39.12633358,-86.52674532
5,7,1400.0,2-Car,No injury/unknown,UNSAFE SPEED,39.12631655,-86.52674475
8,6,1200.0,2-Car,No injury/unknown,UNSAFE BACKING,39.12631655,-86.52674475
12,7,1500.0,2-Car,No injury/unknown,LEFT OF CENTER,39.12564751,-86.61780394
5,7,2100.0,2-Car,No injury/unknown,FAILURE TO YIELD RIGHT OF WAY,39.12556998,-86.52668509
2,5,1400.0,1-Car,No injury/unknown,IMPROPER LANE USAGE,39.125552,-86.610192
5,1,200.0,2-Car,No injury/unknown,UNSAFE BACKING,39.125552,-86.610192
7,2,2100.0,2-Car,No injury/unknown,,39.125476,-86.540226
1,3,1500.0,2-Car,No injury/unknown,DRIVER DISTRACTED - EXPLAIN IN NARRATIVE,39.125312,-86.610496
1,7,2000.0,2-Car,No injury/unknown,UNSAFE BACKING,39.125312,-86.610496
1,7,1900.0,2-Car,No injury/unknown,,39.125312,-86.610496
1,5,1400.0,2-Car,No injury/unknown,OTHER (DRIVER) - EXPLAIN IN NARRATIVE,39.125312,-86.610496
1,5,1100.0,2-Car,No injury/unknown,FAILURE TO YIELD RIGHT OF WAY,39.125312,-86.610496
2,4,1000.0,2-Car,No injury/unknown,FAILURE TO YIELD RIGHT OF WAY,39.125312,-86.610496
2,7,1200.0,3+ Cars,No injury/unknown,IMPROPER TURNING,39.125312,-86.610496
2,7,0.0,2-Car,No injury/unknown,ROADWAY SURFACE CONDITION,39.125312,-86.610496
3,5,1200.0,2-Car,No injury/unknown,UNSAFE BACKING,39.125312,-86.610496
3,7,1700.0,2-Car,No injury/unknown,OTHER (DRIVER) - EXPLAIN IN NARRATIVE,39.125312,-86.610496
3,7,2000.0,2-Car,No injury/unknown,OTHER (DRIVER) - EXPLAIN IN NARRATIVE,39.125312,-86.610496
7,5,1500.0,2-Car,No injury/unknown,FAILURE TO YIELD RIGHT OF WAY,39.125312,-86.610496
5,7,1400.0,2-Car,No injury/unknown,OTHER (DRIVER) - EXPLAIN IN NARRATIVE,39.125312,-86.610496
6,2,1800.0,2-Car,No injury/unknown,UNSAFE BACKING,39.125312,-86.610496
6,1,1100.0,2-Car,No injury/unknown,OTHER (DRIVER) - EXPLAIN IN NARRATIVE,39.125312,-86.610496
7,1,2200.0,2-Car,No injury/unknown,FAILURE TO YIELD RIGHT OF WAY,39.125312,-86.610496
7,5,1800.0,1-Car,No injury/unknown,RAN OFF ROAD RIGHT,39.125312,-86.610496
7,4,1300.0,2-Car,No injury/unknown,LEFT OF CENTER,39.125312,-86.610496
7,1,1100.0,2-Car,No injury/unknown,IMPROPER LANE USAGE,39.125312,-86.610496
8,1,900.0,1-Car,No injury/unknown,UNSAFE BACKING,39.125312,-86.610496
8,1,1500.0,2-Car,No injury/unknown,UNSAFE LANE MOVEMENT,39.125312,-86.610496
9,1,1600.0,2-Car,No injury/unknown,OTHER (DRIVER) - EXPLAIN IN NARRATIVE,39.125312,-86.610496
9,5,1300.0,Pedestrian,Non-incapacitating,ANIMAL/OBJECT IN ROADWAY,39.125312,-86.610496
11,7,1700.0,2-Car,No injury/unknown,FAILURE TO YIELD RIGHT OF WAY,39.125312,-86.610496
12,4,1500.0,2-Car,No injury/unknown,FAILURE TO YIELD RIGHT OF WAY,39.125312,-86.610496
4,5,1500.0,2-Car,No injury/unknown,FAILURE TO YIELD RIGHT OF WAY,39.125072,-86.6108
1,6,2000.0,2-Car,No injury/unknown,ROADWAY SURFACE CONDITION,39.12504,-86.5388
2,3,600.0,1-Car,No injury/unknown,ANIMAL/OBJECT IN ROADWAY,39.12497215,-86.57225753
4,5,700.0,3+ Cars,No injury/unknown,FOLLOWING TOO CLOSELY,39.12489443,-86.526808
11,1,1800.0,1-Car,No injury/unknown,ANIMAL/OBJECT IN ROADWAY,39.12466863,-86.57248671
12,6,1800.0,2-Car,Non-incapacitating,FOLLOWING TOO CLOSELY,39.12455872,-86.55998992
4,3,1900.0,Moped/Motorcycle,Non-incapacitating,RAN OFF ROAD RIGHT,39.12440926,-86.5455126
5,3,2200.0,Moped/Motorcycle,No injury/unknown,ANIMAL/OBJECT IN ROADWAY,39.12440105,-86.56053861
1,2,1600.0,2-Car,No injury/unknown,FAILURE TO YIELD RIGHT OF WAY,39.12438323,-86.58261023
2,7,700.0,1-Car,Non-incapacitating,RAN OFF ROAD RIGHT,39.12426608,-86.57197254
11,4,800.0,2-Car,No injury/unknown,SPEED TOO FAST FOR WEATHER CONDITIONS,39.123856,-86.526656
1,1,1000.0,2-Car,No injury/unknown,FOLLOWING TOO CLOSELY,39.12377022,-86.50865033
1,5,2300.0,1-Car,Non-incapacitating,RAN OFF ROAD RIGHT,39.1236321,-86.49852968
1,2,1700.0,2-Car,No injury/unknown,UNSAFE SPEED,39.123472,-86.6194277
1,6,2100.0,1-Car,No injury/unknown,ANIMAL/OBJECT IN ROADWAY,39.12321587,-86.61315954
10,4,1200.0,2-Car,No injury/unknown,FAILURE TO YIELD RIGHT OF WAY,39.12310741,-86.512695
8,5,1800.0,1-Car,No injury/unknown,OTHER (ENVIRONMENTAL) - EXPLAIN IN NARR,39.12306238,-86.53356
9,4,2300.0,Moped/Motorcycle,Non-incapacitating,RAN OFF ROAD RIGHT,39.122944,-86.576992
3,6,1800.0,2-Car,No injury/unknown,OTHER (DRIVER) - EXPLAIN IN NARRATIVE,39.12248746,-86.52844235
6,2,1700.0,2-Car,No injury/unknown,UNSAFE BACKING,39.12241779,-86.55153238
4,5,1800.0,2-Car,Non-incapacitating,LEFT OF CENTER,39.122416,-86.64296
4,7,1700.0,1-Car,No injury/unknown,RAN OFF ROAD RIGHT,39.122416,-86.64296
6,4,1700.0,1-Car,No injury/unknown,RAN OFF ROAD RIGHT,39.122416,-86.64296
6,6,700.0,2-Car,No injury/unknown,FAILURE TO YIELD RIGHT OF WAY,39.12240055,-86.61426547
5,5,1700.0,2-Car,No injury/unknown,SPEED TOO FAST FOR WEATHER CONDITIONS,39.12235221,-86.61466183
2,4,1000.0,3+ Cars,Non-incapacitating,FOLLOWING TOO CLOSELY,39.122352,-86.5712
3,5,1100.0,2-Car,Non-incapacitating,DISREGARD SIGNAL/REG SIGN,39.122352,-86.5712
3,2,1200.0,2-Car,No injury/unknown,DISREGARD SIGNAL/REG SIGN,39.122352,-86.5712
5,1,1800.0,2-Car,No injury/unknown,FAILURE TO YIELD RIGHT OF WAY,39.122352,-86.5712
5,2,1600.0,3+ Cars,Non-incapacitating,UNSAFE SPEED,39.122352,-86.5712
6,5,1800.0,3+ Cars,No injury/unknown,FOLLOWING TOO CLOSELY,39.122352,-86.5712
7,6,1600.0,3+ Cars,Incapacitating,FOLLOWING TOO CLOSELY,39.122352,-86.5712
12,2,900.0,2-Car,No injury/unknown,FAILURE TO YIELD RIGHT OF WAY,39.122352,-86.5712
6,1,1600.0,2-Car,No injury/unknown,UNSAFE BACKING,39.12232988,-86.54792994
6,6,1600.0,Moped/Motorcycle,Non-incapacitating,FAILURE TO YIELD RIGHT OF WAY,39.12231243,-86.57913006
7,2,800.0,2-Car,No injury/unknown,DISREGARD SIGNAL/REG SIGN,39.12230666,-86.60577149
10,2,1200.0,1-Car,No injury/unknown,IMPROPER LANE USAGE,39.12228964,-86.59485653
4,6,1900.0,2-Car,Non-incapacitating,FAILURE TO YIELD RIGHT OF WAY,39.12224,-86.6144
6,7,1200.0,1-Car,No injury/unknown,ANIMAL/OBJECT IN ROADWAY,39.12224,-86.6144
11,7,1700.0,2-Car,Incapacitating,FAILURE TO YIELD RIGHT OF WAY,39.12221999,-86.57108545
5,7,1700.0,2-Car,No injury/unknown,DISREGARD SIGNAL/REG SIGN,39.12221991,-86.57137982
12,2,2000.0,3+ Cars,Non-incapacitating,FAILURE TO YIELD RIGHT OF WAY,39.12221377,-86.57112747
10,5,1700.0,2-Car,Non-incapacitating,FAILURE TO YIELD RIGHT OF WAY,39.12219208,-86.57102913
10,4,1800.0,2-Car,No injury/unknown,FAILURE TO YIELD RIGHT OF WAY,39.12217967,-86.56260028
12,7,1300.0,2-Car,No injury/unknown,FAILURE TO YIELD RIGHT OF WAY,39.12217967,-86.56260028
2,2,1500.0,1-Car,No injury/unknown,RAN OFF ROAD RIGHT,39.12216626,-86.57352291
5,6,900.0,2-Car,No injury/unknown,FOLLOWING TOO CLOSELY,39.12216626,-86.57352291
5,3,700.0,1-Car,Non-incapacitating,RAN OFF ROAD RIGHT,39.12182041,-86.50019399
9,7,1200.0,2-Car,No injury/unknown,UNSAFE BACKING,39.12179565,-86.59577178
6,4,1700.0,1-Car,No injury/unknown,BRAKE FAILURE OR DEFECTIVE,39.12177324,-86.52651807
5,3,1300.0,2-Car,No injury/unknown,FOLLOWING TOO CLOSELY,39.12165468,-86.4934987
3,4,300.0,Moped/Motorcycle,No injury/unknown,OTHER (DRIVER) - EXPLAIN IN NARRATIVE,39.121648,-86.539088
12,6,1700.0,1-Car,No injury/unknown,ROADWAY SURFACE CONDITION,39.121648,-86.539088
12,6,2200.0,1-Car,No injury/unknown,RAN OFF ROAD RIGHT,39.12160266,-86.53838521
12,6,800.0,2-Car,Non-incapacitating,LEFT OF CENTER,39.12156008,-86.5391944
3,2,1600.0,2-Car,No injury/unknown,OTHER (DRIVER) - EXPLAIN IN NARRATIVE,39.12156008,-86.5391706
6,5,500.0,2-Car,No injury/unknown,OTHER (DRIVER) - EXPLAIN IN NARRATIVE,39.12154418,-86.53386009
1,5,1600.0,2-Car,No injury/unknown,FOLLOWING TOO CLOSELY,39.12152523,-86.51721484
2,5,900.0,2-Car,No injury/unknown,FOLLOWING TOO CLOSELY,39.12152131,-86.51774371
8,6,2100.0,2-Car,No injury/unknown,FAILURE TO YIELD RIGHT OF WAY,39.12152,-86.51792
9,2,1700.0,Moped/Motorcycle,Incapacitating,UNSAFE LANE MOVEMENT,39.12149199,-86.53531213
9,6,1700.0,2-Car,Non-incapacitating,UNSAFE LANE MOVEMENT,39.12146951,-86.53338981
12,7,1600.0,2-Car,No injury/unknown,UNSAFE BACKING,39.12146755,-86.53137074
12,2,1700.0,2-Car,No injury/unknown,UNSAFE BACKING,39.12146755,-86.53137074
12,6,1200.0,2-Car,No injury/unknown,FOLLOWING TOO CLOSELY,39.1214541,-86.52473311
12,5,700.0,Pedestrian,Fatal,PEDESTRIAN ACTION,39.12145011,-86.52382713