Month,Day,Hour,Collision Type,Injury Type,Primary Factor,Latitude,Longitude
2,5,1600.0,2-Car,No injury/unknown,FOLLOWING TOO CLOSELY,39.12144005,-86.52662985
9,2,700.0,2-Car,Non-incapacitating,UNSAFE SPEED,39.12144005,-86.51763761
12,3,1700.0,2-Car,No injury/unknown,VIEW OBSTRUCTED,39.12144005,-86.5171058
6,4,700.0,2-Car,No injury/unknown,FAILURE TO YIELD RIGHT OF WAY,39.12144005,-86.51157997
6,3,800.0,2-Car,Incapacitating,FAILURE TO YIELD RIGHT OF WAY,39.12144005,-86.51157997
2,4,1300.0,2-Car,No injury/unknown,FAILURE TO YIELD RIGHT OF WAY,39.12144,-86.526496
2,6,1600.0,2-Car,No injury/unknown,FOLLOWING TOO CLOSELY,39.12144,-86.526496
4,2,2100.0,2-Car,Non-incapacitating,DISREGARD SIGNAL/REG SIGN,39.12144,-86.526496
4,3,800.0,3+ Cars,Non-incapacitating,FAILURE TO YIELD RIGHT OF WAY,39.12144,-86.526496
6,5,400.0,2-Car,No injury/unknown,FAILURE TO YIELD RIGHT OF WAY,39.12144,-86.526496
6,4,700.0,3+ Cars,No injury/unknown,FOLLOWING TOO CLOSELY,39.12144,-86.526496
8,3,1800.0,2-Car,No injury/unknown,FOLLOWING TOO CLOSELY,39.12144,-86.526496
10,3,1200.0,2-Car,Incapacitating,FAILURE TO YIELD RIGHT OF WAY,39.12144,-86.526496
11,7,1300.0,2-Car,No injury/unknown,ROADWAY SURFACE CONDITION,39.12144,-86.526496
11,1,1100.0,2-Car,No injury/unknown,FAILURE TO YIELD RIGHT OF WAY,39.12144,-86.526496
12,2,1900.0,2-Car,No injury/unknown,FAILURE TO YIELD RIGHT OF WAY,39.12144,-86.526496
12,3,1200.0,2-Car,No injury/unknown,OTHER (DRIVER) - EXPLAIN IN NARRATIVE,39.12144,-86.526496
1,3,1900.0,2-Car,Non-incapacitating,FAILURE TO YIELD RIGHT OF WAY,39.12141994,-86.53134986
8,4,1900.0,2-Car,Non-incapacitating,FOLLOWING TOO CLOSELY,39.12141994,-86.53134986
8,5,1300.0,2-Car,No injury/unknown,DISREGARD SIGNAL/REG SIGN,39.12141994,-86.53134986
9,2,1800.0,3+ Cars,No injury/unknown,FOLLOWING TOO CLOSELY,39.12141994,-86.5313239
7,2,1800.0,1-Car,Non-incapacitating,RAN OFF ROAD RIGHT,39.12135758,-86.51039779
11,6,0.0,2-Car,No injury/unknown,SPEED TOO FAST FOR WEATHER CONDITIONS,39.12134014,-86.48951008
12,7,1100.0,1-Car,No injury/unknown,SPEED TOO FAST FOR WEATHER CONDITIONS,39.12105985,-86.48850958
4,1,1400.0,2-Car,No injury/unknown,UNSAFE BACKING,39.12103906,-86.52657084
5,3,1700.0,2-Car,No injury/unknown,OTHER (DRIVER) - EXPLAIN IN NARRATIVE,39.12103906,-86.52657084
8,7,1600.0,2-Car,No injury/unknown,OTHER (DRIVER) - EXPLAIN IN NARRATIVE,39.12102766,-86.53128348
4,6,2100.0,Moped/Motorcycle,Incapacitating,UNSAFE SPEED,39.12095079,-86.5916
2,2,1700.0,1-Car,No injury/unknown,ANIMAL/OBJECT IN ROADWAY,39.11950015,-86.61879993
11,1,1200.0,2-Car,No injury/unknown,FOLLOWING TOO CLOSELY,39.11950015,-86.61879993
11,2,700.0,2-Car,No injury/unknown,SPEED TOO FAST FOR WEATHER CONDITIONS,39.11950015,-86.61877395
8,5,1700.0,2-Car,Non-incapacitating,UNSAFE LANE MOVEMENT,39.11934418,-86.53131902
7,5,1700.0,2-Car,No injury/unknown,FOLLOWING TOO CLOSELY,39.11902366,-86.61946886
12,1,1800.0,2-Car,Non-incapacitating,LEFT OF CENTER,39.11899691,-86.57508999
8,5,1400.0,2-Car,Non-incapacitating,FOLLOWING TOO CLOSELY,39.11885822,-86.53876014
7,2,1700.0,1-Car,No injury/unknown,ANIMAL/OBJECT IN ROADWAY,39.11842102,-86.56830283
11,7,2000.0,1-Car,No injury/unknown,ANIMAL/OBJECT IN ROADWAY,39.11839078,-86.62104121
5,6,1600.0,2-Car,No injury/unknown,DRIVER DISTRACTED - EXPLAIN IN NARRATIVE,39.11833841,-86.62114559
5,5,500.0,2-Car,Non-incapacitating,LEFT OF CENTER,39.11790246,-86.62147383
1,6,1600.0,3+ Cars,Non-incapacitating,UNSAFE SPEED,39.11774229,-86.62176025
3,2,600.0,1-Car,No injury/unknown,ANIMAL/OBJECT IN ROADWAY,39.117648,-86.567104
8,3,1700.0,2-Car,No injury/unknown,IMPROPER LANE USAGE,39.117648,-86.567104
11,3,600.0,1-Car,No injury/unknown,ANIMAL/OBJECT IN ROADWAY,39.11755374,-86.56705561
12,6,1800.0,Pedestrian,Non-incapacitating,LEFT OF CENTER,39.1170867,-86.526496
7,1,1700.0,Moped/Motorcycle,Non-incapacitating,OVERCORRECTING/OVERSTEERING,39.11698878,-86.59665748
11,3,2100.0,1-Car,No injury/unknown,OTHER (VEHICLE) - EXPLAIN IN NARRATIVE,39.11655737,-86.53358624
12,5,0.0,1-Car,Non-incapacitating,RAN OFF ROAD RIGHT,39.116464,-86.428672
6,6,1100.0,Moped/Motorcycle,No injury/unknown,RAN OFF ROAD RIGHT,39.11623454,-86.64015832
9,4,800.0,2-Car,Non-incapacitating,FAILURE TO YIELD RIGHT OF WAY,39.11584,-86.5312
10,3,1000.0,1-Car,No injury/unknown,UNSAFE SPEED,39.1156733,-86.56408659
1,4,1800.0,2-Car,Non-incapacitating,FAILURE TO YIELD RIGHT OF WAY,39.115552,-86.564592
6,3,1400.0,2-Car,No injury/unknown,FAILURE TO YIELD RIGHT OF WAY,39.115552,-86.564592
5,2,1700.0,2-Car,No injury/unknown,FOLLOWING TOO CLOSELY,39.115552,-86.564592
7,1,700.0,2-Car,Non-incapacitating,FAILURE TO YIELD RIGHT OF WAY,39.115552,-86.564592
7,6,600.0,1-Car,No injury/unknown,RAN OFF ROAD RIGHT,39.115552,-86.564592
12,1,1200.0,1-Car,No injury/unknown,UNSAFE SPEED,39.11551975,-86.48614694
6,4,900.0,Moped/Motorcycle,Fatal,LEFT OF CENTER,39.11542516,-86.62555683
2,3,1600.0,2-Car,No injury/unknown,VIEW OBSTRUCTED,39.1151791,-86.53149001
2,2,2200.0,1-Car,Non-incapacitating,RAN OFF ROAD RIGHT,39.11509998,-86.62771471
1,3,1600.0,2-Car,No injury/unknown,FAILURE TO YIELD RIGHT OF WAY,39.11504,-86.630992
2,5,1900.0,3+ Cars,No injury/unknown,UNSAFE SPEED,39.11504,-86.630992
5,5,1700.0,1-Car,No injury/unknown,RAN OFF ROAD RIGHT,39.11504,-86.630992
5,5,700.0,2-Car,No injury/unknown,FAILURE TO YIELD RIGHT OF WAY,39.11504,-86.630992
6,7,1400.0,Moped/Motorcycle,Non-incapacitating,FOLLOWING TOO CLOSELY,39.114992,-86.62768
7,5,1700.0,2-Car,No injury/unknown,LEFT OF CENTER,39.11497794,-86.56255938
10,5,1500.0,2-Car,No injury/unknown,FOLLOWING TOO CLOSELY,39.11466493,-86.54675111
5,4,1400.0,2-Car,No injury/unknown,OTHER (DRIVER) - EXPLAIN IN NARRATIVE,39.11464,-86.539392
12,5,900.0,2-Car,Non-incapacitating,FAILURE TO YIELD RIGHT OF WAY,39.11395264,-86.53115844
10,4,0.0,1-Car,No injury/unknown,RAN OFF ROAD RIGHT,39.11371798,-86.57508999
12,1,1500.0,1-Car,No injury/unknown,RAN OFF ROAD RIGHT,39.11346156,-86.56240817
3,7,300.0,2-Car,No injury/unknown,UNSAFE SPEED,39.11319669,-86.53974202
2,6,1500.0,2-Car,No injury/unknown,FOLLOWING TOO CLOSELY,39.11299434,-86.56233005
4,6,1400.0,2-Car,No injury/unknown,OVERCORRECTING/OVERSTEERING,39.11272295,-86.49266973
3,1,300.0,1-Car,No injury/unknown,OVERCORRECTING/OVERSTEERING,39.11219984,-86.43133968
10,1,1700.0,2-Car,No injury/unknown,FAILURE TO YIELD RIGHT OF WAY,39.11178754,-86.58292002
12,5,2100.0,1-Car,No injury/unknown,SPEED TOO FAST FOR WEATHER CONDITIONS,39.11144326,-86.55227661
7,5,1500.0,1-Car,No injury/unknown,RAN OFF ROAD RIGHT,39.11119704,-86.63803021
7,3,1800.0,3+ Cars,No injury/unknown,FOLLOWING TOO CLOSELY,39.11109624,-86.63820374
8,4,1700.0,2-Car,No injury/unknown,DRIVER DISTRACTED - EXPLAIN IN NARRATIVE,39.11109624,-86.63820374
8,7,2200.0,2-Car,Non-incapacitating,FOLLOWING TOO CLOSELY,39.11108002,-86.63819968
3,5,800.0,2-Car,No injury/unknown,FAILURE TO YIELD RIGHT OF WAY,39.111024,-86.638304
2,2,700.0,1-Car,No injury/unknown,ANIMAL/OBJECT IN ROADWAY,39.11098415,-86.65871992
10,3,2100.0,2-Car,No injury/unknown,UNSAFE LANE MOVEMENT,39.10979517,-86.60952015
10,3,2100.0,1-Car,No injury/unknown,RAN OFF ROAD RIGHT,39.10971025,-86.60961235
1,6,1700.0,2-Car,Non-incapacitating,FOLLOWING TOO CLOSELY,39.109264,-86.64112
2,5,1600.0,2-Car,Non-incapacitating,FOLLOWING TOO CLOSELY,39.109264,-86.64112
1,7,1200.0,1-Car,No injury/unknown,ROADWAY SURFACE CONDITION,39.10861588,-86.57626342
12,5,200.0,1-Car,No injury/unknown,RAN OFF ROAD RIGHT,39.10851229,-86.53492994
5,6,2100.0,1-Car,No injury/unknown,RAN OFF ROAD RIGHT,39.10824,-86.666192
8,1,1600.0,Moped/Motorcycle,Non-incapacitating,RAN OFF ROAD RIGHT,39.1082111,-86.43107683
10,4,1700.0,2-Car,Non-incapacitating,LEFT OF CENTER,39.10795104,-86.62414378
10,7,500.0,1-Car,No injury/unknown,OVERCORRECTING/OVERSTEERING,39.10781178,-86.5220316
6,4,1200.0,2-Car,No injury/unknown,FAILURE TO YIELD RIGHT OF WAY,39.107344,-86.5264
9,2,1300.0,2-Car,Non-incapacitating,FAILURE TO YIELD RIGHT OF WAY,39.107344,-86.5264
10,1,1700.0,1-Car,Incapacitating,DRIVER ILLNESS,39.10729381,-86.39923967
3,6,1700.0,2-Car,No injury/unknown,OTHER (DRIVER) - EXPLAIN IN NARRATIVE,39.10725988,-86.53149001
8,3,600.0,3+ Cars,Non-incapacitating,FAILURE TO YIELD RIGHT OF WAY,39.10725988,-86.53149001
12,2,1600.0,2-Car,No injury/unknown,FAILURE TO YIELD RIGHT OF WAY,39.10725988,-86.53149001
11,1,1500.0,2-Car,No injury/unknown,FAILURE TO YIELD RIGHT OF WAY,39.107248,-86.531392
12,1,1800.0,2-Car,No injury/unknown,DISREGARD SIGNAL/REG SIGN,39.107248,-86.531392
9,6,1600.0,2-Car,No injury/unknown,FAILURE TO YIELD RIGHT OF WAY,39.10723985,-86.53149584
1,5,1700.0,2-Car,Non-incapacitating,SPEED TOO FAST FOR WEATHER CONDITIONS,39.10716361,-86.52650724
4,1,1200.0,1-Car,Non-incapacitating,UNSAFE SPEED,39.10716361,-86.52650724
4,1,1200.0,1-Car,Non-incapacitating,UNSAFE SPEED,39.10716361,-86.52650724
10,6,1500.0,1-Car,No injury/unknown,OTHER (DRIVER) - EXPLAIN IN NARRATIVE,39.10715997,-86.52650982
11,4,900.0,2-Car,No injury/unknown,ROADWAY SURFACE CONDITION,39.10715997,-86.52650982
12,7,1500.0,1-Car,No injury/unknown,ROADWAY SURFACE CONDITION,39.10708395,-86.50383156
6,4,1900.0,2-Car,No injury/unknown,OTHER LIGHTS DEFECTIVE,39.10704,-86.523488
9,6,1900.0,2-Car,Non-incapacitating,DRIVER DISTRACTED - EXPLAIN IN NARRATIVE,39.10704,-86.523488
6,7,2000.0,1-Car,No injury/unknown,RAN OFF ROAD RIGHT,39.10688057,-86.52373622
7,4,1200.0,2-Car,No injury/unknown,UNSAFE BACKING,39.106848,-86.531568
8,3,1300.0,2-Car,No injury/unknown,FAILURE TO YIELD RIGHT OF WAY,39.10678983,-86.55017025
11,6,400.0,2-Car,No injury/unknown,IMPROPER TURNING,39.1066416,-86.55027985
7,7,1900.0,1-Car,No injury/unknown,RAN OFF ROAD RIGHT,39.10564948,-86.55126849
9,4,700.0,2-Car,Non-incapacitating,SPEED TOO FAST FOR WEATHER CONDITIONS,39.10564948,-86.55126849
3,7,1700.0,2-Car,No injury/unknown,FAILURE TO YIELD RIGHT OF WAY,39.105552,-86.551104
4,4,2200.0,2-Car,Non-incapacitating,FAILURE TO YIELD RIGHT OF WAY,39.105552,-86.551104
11,3,900.0,2-Car,No injury/unknown,FOLLOWING TOO CLOSELY,39.105552,-86.551104
5,6,1600.0,2-Car,No injury/unknown,FOLLOWING TOO CLOSELY,39.10532541,-86.55090477
12,6,1300.0,1-Car,No injury/unknown,SPEED TOO FAST FOR WEATHER CONDITIONS,39.10406785,-86.64820861
8,1,400.0,1-Car,No injury/unknown,ANIMAL/OBJECT IN ROADWAY,39.10368,-86.461792
6,3,2000.0,Moped/Motorcycle,Non-incapacitating,OVERCORRECTING/OVERSTEERING,39.10342224,-86.53329696
6,4,0.0,1-Car,No injury/unknown,RAN OFF ROAD RIGHT,39.10252261,-86.46318265
5,2,1500.0,2-Car,No injury/unknown,OTHER (ENVIRONMENTAL) - EXPLAIN IN NARR,39.10250779,-86.57542611
7,5,1300.0,3+ Cars,No injury/unknown,OVERSIZE/OVERWEIGHT LOAD,39.10190717,-86.5765543
1,7,200.0,Moped/Motorcycle,Non-incapacitating,UNSAFE SPEED,39.101776,-86.576864
10,7,2000.0,2-Car,No injury/unknown,UNSAFE BACKING,39.10133362,-86.53951263
10,7,400.0,2-Car,Non-incapacitating,OTHER (DRIVER) - EXPLAIN IN NARRATIVE,39.10099199,-86.53630257
1,2,2100.0,1-Car,No injury/unknown,ROADWAY SURFACE CONDITION,39.100752,-86.593504
3,3,800.0,2-Car,No injury/unknown,FAILURE TO YIELD RIGHT OF WAY,39.10069783,-86.54263995
9,7,1700.0,1-Car,No injury/unknown,RAN OFF ROAD RIGHT,39.1004743,-86.42239987
2,7,1300.0,2-Car,No injury/unknown,FAILURE TO YIELD RIGHT OF WAY,39.10029437,-86.53134986
10,3,1700.0,2-Car,No injury/unknown,IMPROPER TURNING,39.10024993,-86.55795
12,2,1100.0,2-Car,No injury/unknown,CELL PHONE USAGE,39.10024487,-86.65093271
6,7,0.0,2-Car,No injury/unknown,FAILURE TO YIELD RIGHT OF WAY,39.09990996,-86.5178503
7,6,1300.0,1-Car,Non-incapacitating,OVERCORRECTING/OVERSTEERING,39.09990996,-86.5178503
12,3,1800.0,1-Car,No injury/unknown,ANIMAL/OBJECT IN ROADWAY,39.09974031,-86.49385855
7,2,2200.0,1-Car,No injury/unknown,ANIMAL/OBJECT IN ROADWAY,39.09974031,-86.4938499
11,5,1200.0,2-Car,No injury/unknown,FAILURE TO YIELD RIGHT OF WAY,39.099408,-86.537904
12,2,1700.0,2-Car,No injury/unknown,OTHER (DRIVER) - EXPLAIN IN NARRATIVE,39.099408,-86.537904
4,4,1700.0,2-Car,No injury/unknown,DRIVER ASLEEP OR FATIGUED,39.09930982,-86.53789982
11,3,1600.0,3+ Cars,No injury/unknown,OTHER (VEHICLE) - EXPLAIN IN NARRATIVE,39.09902014,-86.65217415
2,5,1500.0,2-Car,Incapacitating,FOLLOWING TOO CLOSELY,39.09834571,-86.5768703
12,2,500.0,1-Car,No injury/unknown,RAN OFF ROAD RIGHT,39.09823709,-86.65331172
7,7,2200.0,1-Car,No injury/unknown,ANIMAL/OBJECT IN ROADWAY,39.098041,-86.63828015
10,1,2200.0,1-Car,No injury/unknown,RAN OFF ROAD RIGHT,39.09791987,-86.65502648
12,1,500.0,2-Car,Incapacitating,LEFT OF CENTER,39.09791987,-86.65502648
5,3,1100.0,2-Car,Non-incapacitating,FAILURE TO YIELD RIGHT OF WAY,39.09784,-86.5168
11,6,1400.0,1-Car,No injury/unknown,RAN OFF ROAD RIGHT,39.09749727,-86.47138975
10,4,1500.0,2-Car,Non-incapacitating,FOLLOWING TOO CLOSELY,39.09676402,-86.584885
1,4,1800.0,1-Car,No injury/unknown,RAN OFF ROAD RIGHT,39.09464,-86.516896
7,3,1100.0,1-Car,No injury/unknown,SPEED TOO FAST FOR WEATHER CONDITIONS,39.093744,-86.638304
3,5,400.0,1-Car,Non-incapacitating,ANIMAL/OBJECT IN ROADWAY,39.093344,-86.5868
10,5,1700.0,2-Car,No injury/unknown,DRIVER DISTRACTED - EXPLAIN IN NARRATIVE,39.093344,-86.5868
3,5,1100.0,2-Car,Non-incapacitating,FAILURE TO YIELD RIGHT OF WAY,39.09298161,-86.54577872
10,6,700.0,1-Car,No injury/unknown,ANIMAL/OBJECT IN ROADWAY,39.09298161,-86.54577872
12,3,1900.0,2-Car,No injury/unknown,OTHER (DRIVER) - EXPLAIN IN NARRATIVE,39.092976,-86.545648
6,7,1600.0,3+ Cars,No injury/unknown,UNSAFE LANE MOVEMENT,39.09296938,-86.54417255
12,1,1900.0,2-Car,No injury/unknown,OVERCORRECTING/OVERSTEERING,39.09296938,-86.54417255
5,2,800.0,2-Car,Non-incapacitating,FAILURE TO YIELD RIGHT OF WAY,39.09295969,-86.54603026
12,1,1300.0,2-Car,Non-incapacitating,FAILURE TO YIELD RIGHT OF WAY,39.09295969,-86.54420336
7,7,700.0,2-Car,No injury/unknown,FAILURE TO YIELD RIGHT OF WAY,39.09295969,-86.54416009
12,1,1100.0,1-Car,No injury/unknown,OVERCORRECTING/OVERSTEERING,39.09295969,-86.54411682
5,1,1200.0,2-Car,No injury/unknown,FAILURE TO YIELD RIGHT OF WAY,39.092944,-86.544
7,7,1700.0,2-Car,Non-incapacitating,FAILURE TO YIELD RIGHT OF WAY,39.092944,-86.544
8,6,1600.0,2-Car,Incapacitating,FAILURE TO YIELD RIGHT OF WAY,39.092944,-86.544
1,4,800.0,1-Car,No injury/unknown,ROADWAY SURFACE CONDITION,39.09282781,-86.58704112
12,3,1800.0,1-Car,No injury/unknown,ANIMAL/OBJECT IN ROADWAY,39.09265226,-86.51577025
6,7,1500.0,2-Car,Non-incapacitating,DISREGARD SIGNAL/REG SIGN,39.09264,-86.51672
4,7,800.0,2-Car,No injury/unknown,FAILURE TO YIELD RIGHT OF WAY,39.092112,-86.422832
6,2,1600.0,2-Car,No injury/unknown,FOLLOWING TOO CLOSELY,39.09143201,-86.66411277
6,6,1100.0,1-Car,No injury/unknown,OBSTRUCTION NOT MARKED,39.09090559,-86.66269718
5,5,1700.0,2-Car,No injury/unknown,FAILURE TO YIELD RIGHT OF WAY,39.09054631,-86.54273986
1,6,1200.0,2-Car,No injury/unknown,FOLLOWING TOO CLOSELY,39.09040189,-86.66553064
12,2,1200.0,2-Car,No injury/unknown,SPEED TOO FAST FOR WEATHER CONDITIONS,39.090400700000004,-86.56349182
9,1,1800.0,2-Car,No injury/unknown,ANIMAL/OBJECT IN ROADWAY,39.09029922,-86.46886982
7,2,1500.0,1-Car,No injury/unknown,TIRE FAILURE OR DEFECTIVE,39.09023917,-86.54535097
2,4,1600.0,2-Car,Non-incapacitating,UNSAFE SPEED,39.08993365,-86.66617511
6,1,1500.0,2-Car,No injury/unknown,FAILURE TO YIELD RIGHT OF WAY,39.08984,-86.666304
9,3,1200.0,2-Car,No injury/unknown,FOLLOWING TOO CLOSELY,39.08984,-86.666304
11,3,200.0,1-Car,No injury/unknown,RAN OFF ROAD RIGHT,39.08972025,-86.47732275
7,4,800.0,2-Car,Non-incapacitating,FOLLOWING TOO CLOSELY,39.08958316,-86.66671737
5,7,1700.0,2-Car,No injury/unknown,FAILURE TO YIELD RIGHT OF WAY,39.0891086,-86.58259011
11,2,700.0,1-Car,No injury/unknown,SPEED TOO FAST FOR WEATHER CONDITIONS,39.08906981,-86.42326019
6,7,0.0,1-Car,Non-incapacitating,RAN OFF ROAD RIGHT,39.08847697,-86.66866422
6,2,1500.0,2-Car,No injury/unknown,FOLLOWING TOO CLOSELY,39.0873269,-86.67043562
8,6,1700.0,1-Car,Non-incapacitating,RAN OFF ROAD RIGHT,39.08690307,-86.67518735
6,5,300.0,1-Car,No injury/unknown,RAN OFF ROAD RIGHT,39.08687965,-86.4953801
3,2,600.0,1-Car,Non-incapacitating,RAN OFF ROAD RIGHT,39.086848,-86.671296
3,5,1300.0,3+ Cars,Fatal,FAILURE TO YIELD RIGHT OF WAY,39.0868228,-86.67304122
6,3,900.0,2-Car,Incapacitating,FAILURE TO YIELD RIGHT OF WAY,39.08680128,-86.67550806
10,1,1800.0,1-Car,No injury/unknown,RAN OFF ROAD RIGHT,39.08673061,-86.63810729
5,3,2000.0,Moped/Motorcycle,Non-incapacitating,IMPROPER TURNING,39.08664,-86.6536
10,2,700.0,1-Car,No injury/unknown,ANIMAL/OBJECT IN ROADWAY,39.0862206,-86.50779001
2,5,1700.0,Moped/Motorcycle,Non-incapacitating,UNSAFE SPEED,39.085632,-86.542304
3,2,100.0,1-Car,No injury/unknown,RAN OFF ROAD RIGHT,39.085632,-86.542304
5,4,1600.0,2-Car,No injury/unknown,FOLLOWING TOO CLOSELY,39.085632,-86.542304
3,5,1400.0,2-Car,No injury/unknown,FAILURE TO YIELD RIGHT OF WAY,39.085632,-86.542304
6,6,1300.0,2-Car,Incapacitating,LEFT OF CENTER,39.08561508,-86.42188971
4,6,1500.0,2-Car,Non-incapacitating,FAILURE TO YIELD RIGHT OF WAY,39.08547972,-86.54257852
2,7,1400.0,1-Car,Non-incapacitating,OTHER (DRIVER) - EXPLAIN IN NARRATIVE,39.08531247,-86.54273987
12,7,500.0,1-Car,No injury/unknown,ANIMAL/OBJECT IN ROADWAY,39.08528942,-86.54201035
7,6,1800.0,2-Car,Non-incapacitating,DISREGARD SIGNAL/REG SIGN,39.08528745,-86.54275023
1,7,200.0,1-Car,No injury/unknown,RAN OFF ROAD RIGHT,39.08526979,-86.54273986
3,6,1400.0,2-Car,Non-incapacitating,FAILURE TO YIELD RIGHT OF WAY,39.08526979,-86.54273986
7,5,1800.0,1-Car,No injury/unknown,RAN OFF ROAD RIGHT,39.08526979,-86.54273986
4,7,1900.0,1-Car,No injury/unknown,SPEED TOO FAST FOR WEATHER CONDITIONS,39.08457966,-86.42065175
7,1,2100.0,1-Car,No injury/unknown,RAN OFF ROAD RIGHT,39.08384,-86.540768
6,7,1500.0,3+ Cars,No injury/unknown,BRAKE FAILURE OR DEFECTIVE,39.08384,-86.540768
1,4,800.0,1-Car,No injury/unknown,RAN OFF ROAD RIGHT,39.08326966,-86.63533103
3,4,700.0,2-Car,No injury/unknown,FOLLOWING TOO CLOSELY,39.08314838,-86.54019332
11,2,1000.0,1-Car,No injury/unknown,LEFT OF CENTER,39.0829698,-86.47282342
6,6,2300.0,1-Car,No injury/unknown,RAN OFF ROAD RIGHT,39.08272533,-86.54089956
3,7,1100.0,2-Car,No injury/unknown,FAILURE TO YIELD RIGHT OF WAY,39.082144,-86.515488
5,6,800.0,2-Car,No injury/unknown,FAILURE TO YIELD RIGHT OF WAY,39.082144,-86.515488
10,1,200.0,1-Car,No injury/unknown,ANIMAL/OBJECT IN ROADWAY,39.08210009,-86.51577025
11,2,700.0,2-Car,No injury/unknown,FAILURE TO YIELD RIGHT OF WAY,39.08210009,-86.51577025
6,7,100.0,1-Car,Incapacitating,RAN OFF ROAD RIGHT,39.08097237,-86.51104651
9,6,2200.0,1-Car,Non-incapacitating,RAN OFF ROAD RIGHT,39.07913621,-86.51293143
2,1,2100.0,1-Car,No injury/unknown,ANIMAL/OBJECT IN ROADWAY,39.07681561,-86.66628795
4,2,2300.0,1-Car,Fatal,RAN OFF ROAD RIGHT,39.07609299,-86.5712142
12,1,300.0,1-Car,Non-incapacitating,LEFT OF CENTER,39.07540405,-86.66614219
9,3,800.0,1-Car,No injury/unknown,RAN OFF ROAD RIGHT,39.07399982,-86.48465998
8,2,1600.0,2-Car,Non-incapacitating,FOLLOWING TOO CLOSELY,39.07384869,-86.53136998
5,5,200.0,1-Car,No injury/unknown,RAN OFF ROAD RIGHT,39.07375714,-86.54116078
7,1,2000.0,1-Car,No injury/unknown,UNSAFE SPEED,39.073088,-86.461184
6,5,700.0,1-Car,No injury/unknown,RAN OFF ROAD RIGHT,39.07141421,-86.54152013
9,1,100.0,1-Car,Non-incapacitating,RAN OFF ROAD RIGHT,39.0712328,-86.50310097
3,3,700.0,2-Car,No injury/unknown,OTHER (DRIVER) - EXPLAIN IN NARRATIVE,39.071152,-86.503088
6,7,1500.0,Moped/Motorcycle,No injury/unknown,DISREGARD SIGNAL/REG SIGN,39.071152,-86.503088
6,3,1600.0,2-Car,Non-incapacitating,FAILURE TO YIELD RIGHT OF WAY,39.071152,-86.503088
4,4,1400.0,2-Car,Non-incapacitating,FAILURE TO YIELD RIGHT OF WAY,39.071056,-86.5356
6,7,1600.0,3+ Cars,Non-incapacitating,FAILURE TO YIELD RIGHT OF WAY,39.071056,-86.5356
8,4,1200.0,2-Car,Incapacitating,FAILURE TO YIELD RIGHT OF WAY,39.071056,-86.5356
2,3,500.0,1-Car,No injury/unknown,RAN OFF ROAD RIGHT,39.071056,-86.517488
7,7,1600.0,2-Car,Non-incapacitating,FAILURE TO YIELD RIGHT OF WAY,39.07097027,-86.53639979
1,2,1800.0,2-Car,Non-incapacitating,OTHER (ENVIRONMENTAL) - EXPLAIN IN NARR,39.07094096,-86.48046031
2,3,1200.0,2-Car,Incapacitating,FAILURE TO YIELD RIGHT OF WAY,39.0709012,-86.53613118
2,4,1900.0,1-Car,No injury/unknown,OVERCORRECTING/OVERSTEERING,39.07059744,-86.52021937
7,3,1600.0,1-Car,No injury/unknown,RAN OFF ROAD RIGHT,39.07045003,-86.5749944
10,4,1600.0,1-Car,Non-incapacitating,ANIMAL/OBJECT IN ROADWAY,39.07025895,-86.53198551
4,4,600.0,2-Car,No injury/unknown,FOLLOWING TOO CLOSELY,39.06944026,-86.54273986
9,3,2100.0,1-Car,No injury/unknown,ANIMAL/OBJECT IN ROADWAY,39.06919371,-86.54097028
7,3,1500.0,1-Car,No injury/unknown,RAN OFF ROAD RIGHT,39.06446591,-86.60382449
4,6,600.0,2-Car,No injury/unknown,LEFT OF CENTER,39.06204386,-86.49845522
1,3,1900.0,1-Car,No injury/unknown,RAN OFF ROAD RIGHT,39.0611224,-86.49844859
1,7,200.0,1-Car,No injury/unknown,RAN OFF ROAD RIGHT,39.059984,-86.498432
6,6,1000.0,1-Car,No injury/unknown,DRIVER ASLEEP OR FATIGUED,39.05939837,-86.43133968
9,2,600.0,2-Car,No injury/unknown,UNSAFE BACKING,39.05935287,-86.58028411
6,6,1700.0,2-Car,No injury/unknown,FOLLOWING TOO CLOSELY,39.05891525,-86.58292002
3,2,1600.0,1-Car,No injury/unknown,ENGINE FAILURE OR DEFECTIVE,39.05855969,-86.51102408
2,4,1700.0,2-Car,No injury/unknown,LEFT OF CENTER,39.05844087,-86.65073773
7,5,400.0,1-Car,No injury/unknown,ANIMAL/OBJECT IN ROADWAY,39.05655466,-86.53579011
8,4,1000.0,1-Car,No injury/unknown,ANIMAL/OBJECT IN ROADWAY,39.056544,-86.541088
12,6,0.0,2-Car,No injury/unknown,RAN OFF ROAD RIGHT,39.05585861,-86.61653446
12,2,2200.0,1-Car,No injury/unknown,UNSAFE BACKING,39.05532616,-86.50319002
8,6,2200.0,1-Car,Non-incapacitating,RAN OFF ROAD RIGHT,39.05494892,-86.53581235
11,5,2000.0,1-Car,No injury/unknown,ANIMAL/OBJECT IN ROADWAY,39.05471043,-86.49841014
3,6,200.0,1-Car,No injury/unknown,UNSAFE SPEED,39.05446508,-86.53149001