Month,Day,Hour,Collision Type,Injury Type,Primary Factor,Latitude,Longitude
6,7,1900.0,1-Car,No injury/unknown,RAN OFF ROAD RIGHT,39.05399699,-86.5615797
2,7,900.0,2-Car,No injury/unknown,UNSAFE SPEED,39.05038163,-86.6089978
2,2,1100.0,2-Car,Non-incapacitating,FOLLOWING TOO CLOSELY,39.049456,-86.535888
5,1,2000.0,1-Car,No injury/unknown,ANIMAL/OBJECT IN ROADWAY,39.049456,-86.535888
6,1,700.0,1-Car,No injury/unknown,RAN OFF ROAD RIGHT,39.04938519,-86.51057749
3,5,1600.0,1-Car,Non-incapacitating,RAN OFF ROAD RIGHT,39.0493424,-86.51104651
12,6,100.0,1-Car,No injury/unknown,RAN OFF ROAD RIGHT,39.04934026,-86.51104018
4,1,1900.0,Moped/Motorcycle,Non-incapacitating,RAN OFF ROAD RIGHT,39.04715121,-86.40881182
6,6,2300.0,1-Car,Non-incapacitating,RAN OFF ROAD RIGHT,39.04715121,-86.40881182
11,7,800.0,1-Car,Non-incapacitating,RAN OFF ROAD RIGHT,39.0456693,-86.51194811
4,1,2300.0,1-Car,No injury/unknown,OVERCORRECTING/OVERSTEERING,39.04421854,-86.54273986
8,2,2200.0,1-Car,Non-incapacitating,ANIMAL/OBJECT IN ROADWAY,39.04396287,-86.53584423
4,1,400.0,1-Car,No injury/unknown,RAN OFF ROAD RIGHT,39.03958976,-86.54120635
8,2,1100.0,1-Car,No injury/unknown,SPEED TOO FAST FOR WEATHER CONDITIONS,39.03898619,-86.42302013
3,5,0.0,2-Car,Incapacitating,UNSAFE SPEED,39.03690325,-86.535559
9,1,100.0,2-Car,No injury/unknown,OTHER (DRIVER) - EXPLAIN IN NARRATIVE,39.03646469,-86.5127182
9,7,0.0,2-Car,No injury/unknown,OTHER (DRIVER) - EXPLAIN IN NARRATIVE,39.03646469,-86.5127182
10,4,1300.0,2-Car,No injury/unknown,DRIVER DISTRACTED - EXPLAIN IN NARRATIVE,39.03613374,-86.4911174
6,1,2000.0,Moped/Motorcycle,Incapacitating,RAN OFF ROAD RIGHT,39.0350413,-86.42239987
10,3,1700.0,1-Car,No injury/unknown,RAN OFF ROAD RIGHT,39.03492004,-86.51686271
7,1,100.0,2-Car,No injury/unknown,UNSAFE BACKING,39.03486505,-86.51013895
10,6,1600.0,3+ Cars,Non-incapacitating,SPEED TOO FAST FOR WEATHER CONDITIONS,39.03434192,-86.58308029
8,4,1400.0,2-Car,No injury/unknown,,39.03424546,-86.32086016
11,6,2200.0,1-Car,Non-incapacitating,RAN OFF ROAD RIGHT,39.03410465,-86.56690746
5,6,2100.0,2-Car,No injury/unknown,IMPROPER TURNING,39.03383969,-86.52416863
5,7,2000.0,2-Car,No injury/unknown,UNSAFE SPEED,39.03321013,-86.49016991
11,7,900.0,1-Car,No injury/unknown,RAN OFF ROAD RIGHT,39.03300095,-86.50893402
2,7,1800.0,1-Car,No injury/unknown,OVERCORRECTING/OVERSTEERING,39.0324799,-86.48991713
8,3,700.0,3+ Cars,Non-incapacitating,FOLLOWING TOO CLOSELY,39.03030313,-86.5311098
9,3,1300.0,1-Car,No injury/unknown,ANIMAL/OBJECT IN ROADWAY,39.03014083,-86.40774745
7,7,700.0,2-Car,No injury/unknown,UNSAFE BACKING,39.02923107,-86.50658807
9,7,1100.0,1-Car,No injury/unknown,ROADWAY SURFACE CONDITION,39.02758297,-86.40724404
9,1,1400.0,2-Car,No injury/unknown,OTHER (DRIVER) - EXPLAIN IN NARRATIVE,39.02541212,-86.53789982
4,5,2000.0,Moped/Motorcycle,Non-incapacitating,RAN OFF ROAD RIGHT,39.02483704,-86.40536989
12,1,1400.0,2-Car,Fatal,LEFT OF CENTER,39.02457064,-86.405296
6,4,2200.0,1-Car,No injury/unknown,ANIMAL/OBJECT IN ROADWAY,39.02402132,-86.405296
9,2,1400.0,1-Car,No injury/unknown,SPEED TOO FAST FOR WEATHER CONDITIONS,39.02173938,-86.4321485
3,6,2200.0,1-Car,No injury/unknown,ANIMAL/OBJECT IN ROADWAY,39.01938728,-86.53459712
6,4,1200.0,3+ Cars,No injury/unknown,UNSAFE LANE MOVEMENT,39.01916087,-86.53651915
7,3,2100.0,1-Car,Non-incapacitating,RAN OFF ROAD RIGHT,39.01879242,-86.52259042
4,5,300.0,1-Car,No injury/unknown,ANIMAL/OBJECT IN ROADWAY,39.01866987,-86.53941411
1,6,900.0,1-Car,Non-incapacitating,RAN OFF ROAD RIGHT,39.018656,-86.522896
11,4,1200.0,1-Car,No injury/unknown,RAN OFF ROAD RIGHT,39.016853,-86.50781505
11,6,700.0,2-Car,No injury/unknown,FOLLOWING TOO CLOSELY,39.01630535,-86.53697023
4,2,2300.0,1-Car,No injury/unknown,ANIMAL/OBJECT IN ROADWAY,39.01561701,-86.53702247
9,4,1500.0,1-Car,Non-incapacitating,RAN OFF ROAD RIGHT,39.01509586,-86.39920394
12,2,1300.0,2-Car,No injury/unknown,LEFT OF CENTER,39.015088,-86.401232
1,3,600.0,1-Car,No injury/unknown,RAN OFF ROAD RIGHT,39.01368968,-86.54097966
5,4,1100.0,1-Car,Non-incapacitating,RAN OFF ROAD RIGHT,39.01236758,-86.50779001
5,7,100.0,Moped/Motorcycle,Non-incapacitating,FAILURE TO YIELD RIGHT OF WAY,39.012048,-86.545088
1,7,0.0,1-Car,No injury/unknown,RAN OFF ROAD RIGHT,39.01050784,-86.53705079
4,1,100.0,1-Car,Fatal,RAN OFF ROAD RIGHT,39.00978613,-86.56394108
9,7,600.0,1-Car,No injury/unknown,BRAKE FAILURE OR DEFECTIVE,39.009344,-86.510096
6,6,2300.0,1-Car,No injury/unknown,RAN OFF ROAD RIGHT,39.00869022,-86.56645895
9,4,2200.0,1-Car,No injury/unknown,RAN OFF ROAD RIGHT,39.00725238,-86.51641599
1,6,1800.0,2-Car,No injury/unknown,DRIVER DISTRACTED - EXPLAIN IN NARRATIVE,39.00599302,-86.57913216
11,2,2200.0,1-Car,No injury/unknown,ANIMAL/OBJECT IN ROADWAY,39.004288,-86.395616
4,3,1400.0,1-Car,Non-incapacitating,RAN OFF ROAD RIGHT,39.00356032,-86.5011435
2,7,900.0,1-Car,No injury/unknown,RAN OFF ROAD RIGHT,39.002752,-86.59
8,6,1400.0,2-Car,No injury/unknown,LEFT OF CENTER,38.99470299,-86.46484673
2,5,300.0,1-Car,Non-incapacitating,RAN OFF ROAD RIGHT,38.98793083,-86.53779269
7,1,2000.0,1-Car,No injury/unknown,OVERCORRECTING/OVERSTEERING,38.97993605,-86.54174007
11,6,2000.0,1-Car,Incapacitating,RAN OFF ROAD RIGHT,38.97993605,-86.54174007
6,2,700.0,2-Car,No injury/unknown,FAILURE TO YIELD RIGHT OF WAY,38.97744578,-86.47290989
12,4,2200.0,1-Car,Non-incapacitating,RAN OFF ROAD RIGHT,38.97052497,-86.67456977
3,2,1400.0,1-Car,No injury/unknown,RAN OFF ROAD RIGHT,38.96564784,-86.52540005
11,5,500.0,1-Car,No injury/unknown,ANIMAL/OBJECT IN ROADWAY,38.95143498,-86.52629089
9,3,1000.0,1-Car,Non-incapacitating,RAN OFF ROAD RIGHT,38.93344093,-86.4008963
12,5,2000.0,1-Car,No injury/unknown,ANIMAL/OBJECT IN ROADWAY,38.93213349,-86.6633702
10,4,1300.0,1-Car,Non-incapacitating,LEFT OF CENTER,38.9270922,-86.49009011
12,1,1200.0,1-Car,Non-incapacitating,RAN OFF ROAD RIGHT,38.80609898,-86.5615797
8,1,600.0,1-Car,No injury/unknown,RAN OFF ROAD RIGHT,38.80047148,-86.54309329
8,3,1400.0,2-Car,No injury/unknown,UNSAFE SPEED,38.39655258,-86.51713013
7,3,2200.0,1-Car,No injury/unknown,ANIMAL/OBJECT IN ROADWAY,38.38267105,-86.55361019
9,7,1700.0,2-Car,No injury/unknown,FAILURE TO YIELD RIGHT OF WAY,40.51038334,-88.95539078
11,3,1100.0,2-Car,No injury/unknown,IMPROPER LANE USAGE,40.51038334,-88.95539078
10,5,1500.0,2-Car,No injury/unknown,LEFT OF CENTER,40.491821,-88.959213
8,4,1700.0,2-Car,Incapacitating,DISREGARD SIGNAL/REG SIGN,40.3683484,-86.8247366
9,4,1100.0,2-Car,Incapacitating,FOLLOWING TOO CLOSELY,39.99085376,-86.54117
12,3,1300.0,1-Car,No injury/unknown,OTHER (ENVIRONMENTAL) - EXPLAIN IN NARR,39.52667999,-87.093544
2,1,2300.0,1-Car,No injury/unknown,ANIMAL/OBJECT IN ROADWAY,39.50660092,-86.59632117
12,6,1600.0,2-Car,Non-incapacitating,DRIVER DISTRACTED - EXPLAIN IN NARRATIVE,39.45379834,-86.5731997
11,7,300.0,1-Car,Non-incapacitating,UNSAFE SPEED,39.4259468,-86.56154014
2,5,700.0,1-Car,No injury/unknown,ANIMAL/OBJECT IN ROADWAY,39.41041946,-86.52922139
1,3,2000.0,2-Car,No injury/unknown,ROADWAY SURFACE CONDITION,39.40391508,-86.51840237
2,7,1000.0,1-Car,No injury/unknown,SPEED TOO FAST FOR WEATHER CONDITIONS,39.38963331,-86.42414576
1,6,2000.0,1-Car,Non-incapacitating,SPEED TOO FAST FOR WEATHER CONDITIONS,39.36715793,-86.51169512
11,4,1200.0,2-Car,No injury/unknown,SEVERE CROSSWINDS,39.34986026,-86.51242017
7,7,100.0,1-Car,Non-incapacitating,OTHER (DRIVER) - EXPLAIN IN NARRATIVE,39.34072834,-86.65174484
1,3,1000.0,1-Car,No injury/unknown,SPEED TOO FAST FOR WEATHER CONDITIONS,39.3388297,-86.50937286
7,4,1900.0,1-Car,No injury/unknown,RAN OFF ROAD RIGHT,39.33448,-86.614368
11,5,1600.0,1-Car,No injury/unknown,RAN OFF ROAD RIGHT,39.33393002,-86.51242017
1,5,1200.0,Pedestrian,Incapacitating,SPEED TOO FAST FOR WEATHER CONDITIONS,39.33333355,-86.51329012
2,6,800.0,1-Car,Non-incapacitating,SPEED TOO FAST FOR WEATHER CONDITIONS,39.32548404,-86.6864419
5,7,1000.0,3+ Cars,No injury/unknown,UNSAFE BACKING,39.3212,-86.48072
9,5,1300.0,2-Car,Non-incapacitating,LEFT OF CENTER,39.32106,-86.48081
6,5,1700.0,2-Car,No injury/unknown,UNSAFE LANE MOVEMENT,39.31968099,-86.51067443
4,6,500.0,1-Car,No injury/unknown,ANIMAL/OBJECT IN ROADWAY,39.31831096,-86.51055935
1,6,1400.0,2-Car,No injury/unknown,OTHER (ENVIRONMENTAL) - EXPLAIN IN NARR,39.31734664,-86.51169016
1,6,1400.0,2-Car,No injury/unknown,OTHER (ENVIRONMENTAL) - EXPLAIN IN NARR,39.31734664,-86.51169016
11,6,500.0,1-Car,No injury/unknown,ANIMAL/OBJECT IN ROADWAY,39.31561299,-86.51117113
8,4,1000.0,1-Car,Non-incapacitating,RAN OFF ROAD RIGHT,39.3145402,-86.51147583
1,6,1300.0,1-Car,No injury/unknown,SPEED TOO FAST FOR WEATHER CONDITIONS,39.314272,-86.511552
9,1,0.0,2-Car,No injury/unknown,RAN OFF ROAD RIGHT,39.314272,-86.511552
5,2,2100.0,1-Car,No injury/unknown,ANIMAL/OBJECT IN ROADWAY,39.31400279,-86.511622
1,6,1300.0,1-Car,Incapacitating,RAN OFF ROAD RIGHT,39.310944,-86.633184
11,4,1700.0,1-Car,Non-incapacitating,ANIMAL/OBJECT IN ROADWAY,39.31089221,-86.65668011
4,1,1600.0,2-Car,No injury/unknown,OTHER (DRIVER) - EXPLAIN IN NARRATIVE,39.30673,-86.47693972
5,4,2100.0,1-Car,No injury/unknown,ANIMAL/OBJECT IN ROADWAY,39.30584,-86.631008
6,7,300.0,1-Car,Non-incapacitating,SPEED TOO FAST FOR WEATHER CONDITIONS,39.305712,-86.486608
8,7,1800.0,1-Car,No injury/unknown,RAN OFF ROAD RIGHT,39.30403671,-86.51659464
10,1,600.0,1-Car,No injury/unknown,ANIMAL/OBJECT IN ROADWAY,39.30403671,-86.51668116
7,6,1800.0,1-Car,No injury/unknown,OVERCORRECTING/OVERSTEERING,39.3031162,-86.51840237
2,7,600.0,1-Car,Non-incapacitating,OTHER (DRIVER) - EXPLAIN IN NARRATIVE,39.30239747,-86.51856628
1,5,0.0,1-Car,Non-incapacitating,SPEED TOO FAST FOR WEATHER CONDITIONS,39.30207196,-86.51238497
2,5,1500.0,2-Car,No injury/unknown,UNSAFE LANE MOVEMENT,39.30043495,-86.51891463
5,5,1600.0,2-Car,Non-incapacitating,FAILURE TO YIELD RIGHT OF WAY,39.296976,-86.658576
10,2,2000.0,1-Car,Non-incapacitating,RAN OFF ROAD RIGHT,39.29577725,-86.65953753
1,6,1300.0,1-Car,No injury/unknown,ROADWAY SURFACE CONDITION,39.292718,-86.51840237
10,7,1600.0,2-Car,Non-incapacitating,UNSAFE SPEED,39.29097999,-86.53521
12,5,2000.0,2-Car,No injury/unknown,LEFT OF CENTER,39.28924335,-86.57655438
9,5,1100.0,1-Car,No injury/unknown,ANIMAL/OBJECT IN ROADWAY,39.28858226,-86.51866137
1,5,1900.0,1-Car,No injury/unknown,RAN OFF ROAD RIGHT,39.28813201,-86.57759672
12,6,1500.0,1-Car,No injury/unknown,RAN OFF ROAD RIGHT,39.287808,-86.519024
2,7,1200.0,1-Car,No injury/unknown,ROADWAY SURFACE CONDITION,39.28634016,-86.51998784
1,5,1500.0,1-Car,No injury/unknown,RAN OFF ROAD RIGHT,39.28585103,-86.54219875
5,3,1600.0,2-Car,No injury/unknown,FOLLOWING TOO CLOSELY,39.28565093,-86.52758897
2,7,900.0,1-Car,Fatal,UNSAFE SPEED,39.28183228,-86.52258039
1,5,800.0,1-Car,No injury/unknown,ROADWAY SURFACE CONDITION,39.28139481,-86.49578712
7,6,1300.0,1-Car,Non-incapacitating,RAN OFF ROAD RIGHT,39.28040426,-86.52269173
2,6,900.0,2-Car,No injury/unknown,SPEED TOO FAST FOR WEATHER CONDITIONS,39.28037081,-86.66297393
11,2,1700.0,1-Car,No injury/unknown,ANIMAL/OBJECT IN ROADWAY,39.27913436,-86.52306942
8,4,500.0,Moped/Motorcycle,Incapacitating,ANIMAL/OBJECT IN ROADWAY,39.27899761,-86.66295586
12,7,2000.0,1-Car,Non-incapacitating,RAN OFF ROAD RIGHT,39.27735598,-86.67709708
10,1,0.0,1-Car,No injury/unknown,ANIMAL/OBJECT IN ROADWAY,39.27659018,-86.51840237
5,3,800.0,3+ Cars,Non-incapacitating,UNSAFE SPEED,39.27575308,-86.67573452
9,6,2300.0,2-Car,No injury/unknown,OTHER (DRIVER) - EXPLAIN IN NARRATIVE,39.27428503,-86.51242
8,2,600.0,2-Car,No injury/unknown,OTHER (DRIVER) - EXPLAIN IN NARRATIVE,39.27413636,-86.53351758
4,5,1500.0,1-Car,No injury/unknown,UNSAFE BACKING,39.27404877,-86.5263049
11,4,400.0,1-Car,No injury/unknown,RAN OFF ROAD RIGHT,39.273888,-86.621456
4,4,0.0,1-Car,No injury/unknown,RAN OFF ROAD RIGHT,39.27168,-86.522992
1,6,1300.0,1-Car,Non-incapacitating,SPEED TOO FAST FOR WEATHER CONDITIONS,39.27128497,-86.51840237
4,1,1500.0,1-Car,No injury/unknown,ENGINE FAILURE OR DEFECTIVE,39.27037,-86.522749
7,6,1500.0,1-Car,No injury/unknown,OTHER (VEHICLE) - EXPLAIN IN NARRATIVE,39.26884344,-86.66789
6,7,0.0,1-Car,No injury/unknown,ANIMAL/OBJECT IN ROADWAY,39.26779516,-86.66674898
12,3,1100.0,1-Car,No injury/unknown,RAN OFF ROAD RIGHT,39.26753244,-86.5228128
12,3,1100.0,1-Car,No injury/unknown,RAN OFF ROAD RIGHT,39.26753244,-86.5228128
8,2,500.0,Moped/Motorcycle,Non-incapacitating,ANIMAL/OBJECT IN ROADWAY,39.26716926,-86.66605959
12,2,1600.0,2-Car,No injury/unknown,FAILURE TO YIELD RIGHT OF WAY,39.266864,-86.620704
1,2,1500.0,2-Car,No injury/unknown,FAILURE TO YIELD RIGHT OF WAY,39.266752,-86.6656
5,6,1600.0,2-Car,No injury/unknown,FAILURE TO YIELD RIGHT OF WAY,39.266752,-86.6656
10,7,2100.0,1-Car,No injury/unknown,ANIMAL/OBJECT IN ROADWAY,39.26657173,-86.52277024
4,6,800.0,2-Car,No injury/unknown,DRIVER DISTRACTED - EXPLAIN IN NARRATIVE,39.26656091,-86.66541545
1,6,1800.0,1-Car,No injury/unknown,FOLLOWING TOO CLOSELY,39.26643449,-86.52276416
9,7,200.0,1-Car,Non-incapacitating,RAN OFF ROAD RIGHT,39.26631271,-86.66517575
1,5,400.0,1-Car,No injury/unknown,ROADWAY SURFACE CONDITION,39.2659,-86.50196325
12,3,1600.0,1-Car,Non-incapacitating,RAN OFF ROAD RIGHT,39.26455844,-86.54191978
7,1,1600.0,3+ Cars,Non-incapacitating,SPEED TOO FAST FOR WEATHER CONDITIONS,39.26439673,-86.52268903
2,3,2000.0,1-Car,No injury/unknown,RAN OFF ROAD RIGHT,39.26366078,-86.52088856
11,7,1700.0,2-Car,No injury/unknown,FAILURE TO YIELD RIGHT OF WAY,39.26305216,-86.52252097
2,6,1300.0,2-Car,Non-incapacitating,FAILURE TO YIELD RIGHT OF WAY,39.263024,-86.52264
3,4,1600.0,2-Car,No injury/unknown,FAILURE TO YIELD RIGHT OF WAY,39.263024,-86.52264
4,1,1100.0,2-Car,No injury/unknown,FAILURE TO YIELD RIGHT OF WAY,39.263024,-86.52264
6,7,1500.0,2-Car,No injury/unknown,FAILURE TO YIELD RIGHT OF WAY,39.263024,-86.52264
7,1,1000.0,2-Car,Fatal,FAILURE TO YIELD RIGHT OF WAY,39.263024,-86.52264
4,4,100.0,1-Car,No injury/unknown,ANIMAL/OBJECT IN ROADWAY,39.2623377,-86.52261255
11,7,1600.0,1-Car,No injury/unknown,RAN OFF ROAD RIGHT,39.26220126,-86.52261598
12,3,1300.0,1-Car,No injury/unknown,RAN OFF ROAD RIGHT,39.26132574,-86.51236988
10,7,300.0,1-Car,No injury/unknown,ANIMAL/OBJECT IN ROADWAY,39.26041222,-86.52349167
1,6,1900.0,1-Car,No injury/unknown,RAN OFF ROAD RIGHT,39.259776,-86.645216
10,2,1700.0,1-Car,No injury/unknown,UNSAFE BACKING,39.25915271,-86.60196974
7,5,1400.0,2-Car,No injury/unknown,UNSAFE BACKING,39.25864,-86.5012
1,2,1500.0,2-Car,No injury/unknown,UNSAFE BACKING,39.258336,-86.523037
10,5,600.0,Pedestrian,Non-incapacitating,OTHER (DRIVER) - EXPLAIN IN NARRATIVE,39.255568,-86.469632
8,2,1900.0,1-Car,No injury/unknown,OVERCORRECTING/OVERSTEERING,39.25373018,-86.6545366
9,7,1400.0,1-Car,No injury/unknown,ACCELERATOR FAILURE OR DEFECTIVE,39.25371,-86.59236
8,1,600.0,1-Car,Non-incapacitating,ANIMAL/OBJECT IN ROADWAY,39.25264,-86.684096
2,7,900.0,2-Car,Non-incapacitating,ROADWAY SURFACE CONDITION,39.252448,-86.653904
3,3,1200.0,2-Car,Incapacitating,OTHER (DRIVER) - EXPLAIN IN NARRATIVE,39.252336,-86.620512
4,7,900.0,1-Car,Non-incapacitating,OTHER (DRIVER) - EXPLAIN IN NARRATIVE,39.25213753,-86.6535557
3,2,1500.0,1-Car,Non-incapacitating,RAN OFF ROAD RIGHT,39.251904,-86.592816
7,3,400.0,1-Car,Non-incapacitating,UNSAFE SPEED,39.251904,-86.592816
10,5,2000.0,1-Car,No injury/unknown,ANIMAL/OBJECT IN ROADWAY,39.251648,-86.529056
8,7,600.0,2-Car,No injury/unknown,OTHER (VEHICLE) - EXPLAIN IN NARRATIVE,39.251632,-86.566448
10,6,1700.0,1-Car,No injury/unknown,RAN OFF ROAD RIGHT,39.251536,-86.400816
12,5,800.0,2-Car,Non-incapacitating,FAILURE TO YIELD RIGHT OF WAY,39.25141308,-86.652743
8,1,1300.0,1-Car,No injury/unknown,RAN OFF ROAD RIGHT,39.25137028,-86.40089996
6,7,1700.0,1-Car,Non-incapacitating,OTHER (DRIVER) - EXPLAIN IN NARRATIVE,39.25128,-86.388368
1,6,1000.0,1-Car,No injury/unknown,DRIVER ILLNESS,39.2512,-86.652504
6,7,1600.0,2-Car,No injury/unknown,FAILURE TO YIELD RIGHT OF WAY,39.2512,-86.652504
7,6,1800.0,1-Car,No injury/unknown,OTHER (DRIVER) - EXPLAIN IN NARRATIVE,39.2512,-86.652504
8,4,1600.0,2-Car,No injury/unknown,UNSAFE BACKING,39.2512,-86.652504
11,6,2000.0,2-Car,No injury/unknown,FOLLOWING TOO CLOSELY,39.2512,-86.652504
11,2,1500.0,2-Car,No injury/unknown,UNSAFE BACKING,39.2512,-86.652504
9,7,500.0,1-Car,No injury/unknown,OTHER (DRIVER) - EXPLAIN IN NARRATIVE,39.2509599,-86.46768026
1,7,1300.0,2-Car,Non-incapacitating,DISREGARD SIGNAL/REG SIGN,39.250688,-86.529744
11,5,300.0,1-Car,No injury/unknown,ANIMAL/OBJECT IN ROADWAY,39.25037815,-86.65158204
2,2,700.0,1-Car,No injury/unknown,OTHER (DRIVER) - EXPLAIN IN NARRATIVE,39.24957511,-86.42069774
11,5,1700.0,1-Car,No injury/unknown,ANIMAL/OBJECT IN ROADWAY,39.24949408,-86.65024812
4,3,2100.0,1-Car,No injury/unknown,ANIMAL/OBJECT IN ROADWAY,39.24889361,-86.42153288
4,3,1800.0,1-Car,No injury/unknown,ANIMAL/OBJECT IN ROADWAY,39.24793707,-86.64733819
8,7,400.0,1-Car,No injury/unknown,RAN OFF ROAD RIGHT,39.24744,-86.547792
12,3,600.0,1-Car,No injury/unknown,SPEED TOO FAST FOR WEATHER CONDITIONS,39.24744,-86.547792
8,2,600.0,1-Car,No injury/unknown,ANIMAL/OBJECT IN ROADWAY,39.24706328,-86.64570525
10,7,1000.0,1-Car,No injury/unknown,RAN OFF ROAD RIGHT,39.246426,-86.48298
12,6,1300.0,1-Car,Non-incapacitating,SPEED TOO FAST FOR WEATHER CONDITIONS,39.246208,-86.431904
1,3,700.0,2-Car,No injury/unknown,FAILURE TO YIELD RIGHT OF WAY,39.24568299,-86.63668392
5,1,1700.0,2-Car,No injury/unknown,FOLLOWING TOO CLOSELY,39.24568299,-86.63672724
5,4,400.0,2-Car,No injury/unknown,DISREGARD SIGNAL/REG SIGN,39.24568299,-86.63670124
11,6,1100.0,1-Car,No injury/unknown,RAN OFF ROAD RIGHT,39.24557816,-86.60837452
10,5,200.0,1-Car,No injury/unknown,ROADWAY SURFACE CONDITION,39.245408,-86.6204
12,3,1100.0,2-Car,Non-incapacitating,LEFT OF CENTER,39.245408,-86.6204
6,4,1100.0,1-Car,No injury/unknown,OTHER (ENVIRONMENTAL) - EXPLAIN IN NARR,39.24534,-86.62044334
5,4,1300.0,2-Car,Non-incapacitating,FAILURE TO YIELD RIGHT OF WAY,39.24354736,-86.58311
4,5,800.0,2-Car,No injury/unknown,DRIVER DISTRACTED - EXPLAIN IN NARRATIVE,39.24353902,-86.58309109
1,1,0.0,1-Car,Non-incapacitating,OVERCORRECTING/OVERSTEERING,39.24154266,-86.40646483
5,7,100.0,1-Car,No injury/unknown,ANIMAL/OBJECT IN ROADWAY,39.24095991,-86.6321047
3,2,0.0,1-Car,Non-incapacitating,RAN OFF ROAD RIGHT,39.24065354,-86.43981986
7,4,1200.0,1-Car,No injury/unknown,RAN OFF ROAD RIGHT,39.24064407,-86.43734756
1,6,1900.0,1-Car,No injury/unknown,RAN OFF ROAD RIGHT,39.24064,-86.436288
6,7,1800.0,1-Car,No injury/unknown,UNSAFE SPEED,39.24051394,-86.38485993
10,5,700.0,1-Car,No injury/unknown,OVERCORRECTING/OVERSTEERING,39.23974,-86.49909725
12,6,1900.0,2-Car,No injury/unknown,IMPROPER LANE USAGE,39.23905806,-86.49578006
10,7,2200.0,2-Car,No injury/unknown,OTHER (DRIVER) - EXPLAIN IN NARRATIVE,39.238848,-86.630096
11,7,1800.0,2-Car,No injury/unknown,DRIVER DISTRACTED - EXPLAIN IN NARRATIVE,39.238848,-86.630096
4,4,2300.0,1-Car,No injury/unknown,RAN OFF ROAD RIGHT,39.238624,-86.640096
8,4,900.0,2-Car,Incapacitating,UNSAFE SPEED,39.23807999,-86.53521
11,3,700.0,1-Car,Non-incapacitating,UNSAFE SPEED,39.23801785,-86.37323206
5,3,700.0,2-Car,Non-incapacitating,FAILURE TO YIELD RIGHT OF WAY,39.23765,-86.60692
10,2,1400.0,1-Car,Non-incapacitating,RAN OFF ROAD RIGHT,39.23750514,-86.59280598
7,7,1000.0,2-Car,No injury/unknown,DRIVER DISTRACTED - EXPLAIN IN NARRATIVE,39.23749991,-86.59277983
8,6,800.0,2-Car,No injury/unknown,ANIMAL/OBJECT IN ROADWAY,39.237248,-86.528896
9,6,1200.0,1-Car,No injury/unknown,RAN OFF ROAD RIGHT,39.23704,-86.5016
2,1,200.0,2-Car,No injury/unknown,SPEED TOO FAST FOR WEATHER CONDITIONS,39.2370189,-86.50500154
11,1,2100.0,1-Car,No injury/unknown,SPEED TOO FAST FOR WEATHER CONDITIONS,39.236997,-86.67145853
2,7,2000.0,2-Car,No injury/unknown,FAILURE TO YIELD RIGHT OF WAY,39.236096,-86.625168
6,5,1600.0,2-Car,Non-incapacitating,DISREGARD SIGNAL/REG SIGN,39.236096,-86.625168
4,4,1600.0,2-Car,No injury/unknown,FAILURE TO YIELD RIGHT OF WAY,39.235996,-86.46801
1,7,1000.0,2-Car,Non-incapacitating,FAILURE TO YIELD RIGHT OF WAY,39.23598071,-86.62501479
8,2,1700.0,2-Car,No injury/unknown,FAILURE TO YIELD RIGHT OF WAY,39.23598071,-86.62501479
10,6,500.0,1-Car,No injury/unknown,RAN OFF ROAD RIGHT,39.23563868,-86.39085808
10,6,500.0,1-Car,No injury/unknown,RAN OFF ROAD RIGHT,39.23563868,-86.39085808
5,5,700.0,2-Car,No injury/unknown,FAILURE TO YIELD RIGHT OF WAY,39.234944,-86.623392
8,4,1800.0,Moped/Motorcycle,Non-incapacitating,DISREGARD SIGNAL/REG SIGN,39.234768,-86.626384
8,4,1700.0,2-Car,No injury/unknown,FAILURE TO YIELD RIGHT OF WAY,39.234768,-86.626384
8,5,1700.0,2-Car,No injury/unknown,FOLLOWING TOO CLOSELY,39.234768,-86.626384
9,4,1300.0,2-Car,Non-incapacitating,DISREGARD SIGNAL/REG SIGN,39.234768,-86.626384
9,4,1100.0,1-Car,No injury/unknown,OTHER (VEHICLE) - EXPLAIN IN NARRATIVE,39.23414396,-86.62434641
5,7,1600.0,2-Car,No injury/unknown,FAILURE TO YIELD RIGHT OF WAY,39.23402598,-86.62517669
7,4,900.0,2-Car,No injury/unknown,ACCELERATOR FAILURE OR DEFECTIVE,39.23384776,-86.62472372
2,7,1100.0,2-Car,No injury/unknown,FAILURE TO YIELD RIGHT OF WAY,39.23384,-86.624704
2,6,1200.0,2-Car,No injury/unknown,FAILURE TO YIELD RIGHT OF WAY,39.23384,-86.624704
2,6,1600.0,2-Car,No injury/unknown,FOLLOWING TOO CLOSELY,39.23384,-86.624704
6,7,1700.0,2-Car,No injury/unknown,UNSAFE LANE MOVEMENT,39.23384,-86.624704
3,5,700.0,3+ Cars,No injury/unknown,FAILURE TO YIELD RIGHT OF WAY,39.23374723,-86.62467328
9,6,1200.0,2-Car,Non-incapacitating,DISREGARD SIGNAL/REG SIGN,39.23374723,-86.62467328
10,2,800.0,2-Car,No injury/unknown,FAILURE TO YIELD RIGHT OF WAY,39.23374723,-86.62467328
10,6,2000.0,1-Car,No injury/unknown,OTHER (DRIVER) - EXPLAIN IN NARRATIVE,39.23363022,-86.61876
5,5,1600.0,1-Car,No injury/unknown,RAN OFF ROAD RIGHT,39.23352,-86.62424