Month,Day,Hour,Collision Type,Injury Type,Primary Factor,Latitude,Longitude
7,7,1800.0,2-Car,No injury/unknown,IMPROPER TURNING,39.23352,-86.62424
11,3,700.0,1-Car,No injury/unknown,OTHER (DRIVER) - EXPLAIN IN NARRATIVE,39.23342589,-86.62612219
3,6,2200.0,1-Car,No injury/unknown,RAN OFF ROAD RIGHT,39.23317,-86.62559
5,2,1700.0,2-Car,No injury/unknown,FOLLOWING TOO CLOSELY,39.23308732,-86.62363063
5,6,2100.0,1-Car,No injury/unknown,ANIMAL/OBJECT IN ROADWAY,39.23288663,-86.54219875
1,7,1700.0,2-Car,No injury/unknown,FOLLOWING TOO CLOSELY,39.232688,-86.623056
7,7,0.0,2-Car,No injury/unknown,UNSAFE BACKING,39.23266,-86.61114866
7,2,1700.0,2-Car,No injury/unknown,FAILURE TO YIELD RIGHT OF WAY,39.23254854,-86.62304087
9,3,0.0,2-Car,No injury/unknown,IMPROPER TURNING,39.232544,-86.540704
11,3,1500.0,2-Car,No injury/unknown,VIEW OBSTRUCTED,39.232352,-86.621904
3,3,300.0,Moped/Motorcycle,Incapacitating,ANIMAL/OBJECT IN ROADWAY,39.23176,-86.60599
9,7,800.0,2-Car,Non-incapacitating,UNSAFE SPEED,39.23169718,-86.51891463
1,6,1400.0,1-Car,No injury/unknown,RAN OFF ROAD RIGHT,39.23168861,-86.67482678
2,4,700.0,2-Car,No injury/unknown,FAILURE TO YIELD RIGHT OF WAY,39.23144,-86.621296
1,4,700.0,2-Car,No injury/unknown,FOLLOWING TOO CLOSELY,39.23134596,-86.64020192
10,6,800.0,2-Car,No injury/unknown,FAILURE TO YIELD RIGHT OF WAY,39.23133887,-86.64145588
8,3,1200.0,1-Car,No injury/unknown,OTHER (VEHICLE) - EXPLAIN IN NARRATIVE,39.2309216,-86.6239251
5,6,2100.0,2-Car,No injury/unknown,LEFT OF CENTER,39.23077305,-86.4160652
7,4,700.0,1-Car,No injury/unknown,ANIMAL/OBJECT IN ROADWAY,39.23074878,-86.42444824
10,1,200.0,1-Car,No injury/unknown,UNSAFE SPEED,39.23074878,-86.42758817
10,6,1600.0,2-Car,No injury/unknown,FOLLOWING TOO CLOSELY,39.23074878,-86.42423218
4,3,1200.0,2-Car,Non-incapacitating,FAILURE TO YIELD RIGHT OF WAY,39.230544,-86.42
6,4,600.0,2-Car,Non-incapacitating,SPEED TOO FAST FOR WEATHER CONDITIONS,39.230544,-86.42
7,2,600.0,1-Car,No injury/unknown,ANIMAL/OBJECT IN ROADWAY,39.230544,-86.42
12,2,1500.0,2-Car,No injury/unknown,FAILURE TO YIELD RIGHT OF WAY,39.23051334,-86.61999286
12,3,1300.0,2-Car,No injury/unknown,UNSAFE BACKING,39.23031025,-86.473207
7,6,1800.0,2-Car,No injury/unknown,FOLLOWING TOO CLOSELY,39.23026714,-86.5609886
7,5,800.0,2-Car,No injury/unknown,FAILURE TO YIELD RIGHT OF WAY,39.230048,-86.4316
1,1,0.0,1-Car,No injury/unknown,ROADWAY SURFACE CONDITION,39.229952,-86.416096
10,2,1500.0,1-Car,No injury/unknown,RAN OFF ROAD RIGHT,39.229464,-86.585408
9,5,1600.0,2-Car,Non-incapacitating,ROADWAY SURFACE CONDITION,39.229424,-86.623584
2,7,1400.0,2-Car,No injury/unknown,FAILURE TO YIELD RIGHT OF WAY,39.22936567,-86.62355313
6,7,1500.0,Cyclist,Non-incapacitating,FAILURE TO YIELD RIGHT OF WAY,39.229344,-86.618704
12,2,1800.0,1-Car,No injury/unknown,OTHER (VEHICLE) - EXPLAIN IN NARRATIVE,39.228944,-86.627504
11,7,1600.0,2-Car,No injury/unknown,OTHER (ENVIRONMENTAL) - EXPLAIN IN NARR,39.22874987,-86.5927302
11,6,800.0,2-Car,No injury/unknown,FAILURE TO YIELD RIGHT OF WAY,39.22851987,-86.62455998
2,2,1600.0,2-Car,No injury/unknown,UNSAFE BACKING,39.2283992,-86.61715324
8,4,1700.0,2-Car,No injury/unknown,FAILURE TO YIELD RIGHT OF WAY,39.22628023,-86.61640003
3,3,1600.0,Moped/Motorcycle,Non-incapacitating,RAN OFF ROAD RIGHT,39.2261364,-86.48712158
9,6,300.0,3+ Cars,No injury/unknown,OTHER (DRIVER) - EXPLAIN IN NARRATIVE,39.22607704,-86.54663581
2,5,1600.0,2-Car,No injury/unknown,LEFT OF CENTER,39.22592361,-86.41449856
11,5,1600.0,2-Car,No injury/unknown,FAILURE TO YIELD RIGHT OF WAY,39.225536,-86.454592
1,5,1500.0,2-Car,No injury/unknown,RAN OFF ROAD RIGHT,39.22366371,-86.52303324
2,6,700.0,1-Car,No injury/unknown,RAN OFF ROAD RIGHT,39.22356482,-86.52286248
7,7,1300.0,2-Car,No injury/unknown,FOLLOWING TOO CLOSELY,39.22319037,-86.60908281
10,3,2100.0,1-Car,No injury/unknown,ANIMAL/OBJECT IN ROADWAY,39.22319037,-86.60910879
7,4,1300.0,2-Car,No injury/unknown,FOLLOWING TOO CLOSELY,39.22298533,-86.592704
8,5,1600.0,2-Car,Non-incapacitating,FAILURE TO YIELD RIGHT OF WAY,39.222848,-86.592704
8,1,1500.0,2-Car,No injury/unknown,UNSAFE BACKING,39.222752,-86.550096
12,3,900.0,1-Car,No injury/unknown,BRAKE FAILURE OR DEFECTIVE,39.22268674,-86.51923902
11,3,700.0,Moped/Motorcycle,Non-incapacitating,ANIMAL/OBJECT IN ROADWAY,39.22215594,-86.54933828
5,1,1700.0,1-Car,No injury/unknown,UNSAFE SPEED,39.22163783,-86.57642
10,2,800.0,2-Car,No injury/unknown,FAILURE TO YIELD RIGHT OF WAY,39.22155931,-86.60552041
2,2,1500.0,2-Car,No injury/unknown,OVERCORRECTING/OVERSTEERING,39.22136752,-86.55001248
5,7,1200.0,2-Car,No injury/unknown,FAILURE TO YIELD RIGHT OF WAY,39.221248,-86.55
8,6,1500.0,2-Car,No injury/unknown,FAILURE TO YIELD RIGHT OF WAY,39.221248,-86.55
8,5,1200.0,2-Car,Non-incapacitating,FAILURE TO YIELD RIGHT OF WAY,39.221152,-86.6056
9,1,1100.0,3+ Cars,Non-incapacitating,FAILURE TO YIELD RIGHT OF WAY,39.221152,-86.6056
3,2,700.0,2-Car,No injury/unknown,UNSAFE BACKING,39.221062,-86.441987
4,6,1700.0,2-Car,Non-incapacitating,DRIVER DISTRACTED - EXPLAIN IN NARRATIVE,39.22105821,-86.60547104
4,7,1900.0,1-Car,No injury/unknown,OTHER (DRIVER) - EXPLAIN IN NARRATIVE,39.22044931,-86.54856384
10,5,1700.0,2-Car,Non-incapacitating,FAILURE TO YIELD RIGHT OF WAY,39.219552,-86.444592
11,6,1600.0,Bus,No injury/unknown,DRIVER DISTRACTED - EXPLAIN IN NARRATIVE,39.21936967,-86.44920774
12,2,2200.0,1-Car,Incapacitating,OTHER (DRIVER) - EXPLAIN IN NARRATIVE,39.21904006,-86.44433603
8,5,1500.0,2-Car,No injury/unknown,FAILURE TO YIELD RIGHT OF WAY,39.21904,-86.472896
6,2,900.0,1-Car,No injury/unknown,RAN OFF ROAD RIGHT,39.218786,-86.567307
4,3,1500.0,2-Car,No injury/unknown,IMPROPER TURNING,39.21827329,-86.51641
12,4,1900.0,2-Car,No injury/unknown,FAILURE TO YIELD RIGHT OF WAY,39.21770267,-86.59910984
9,6,1200.0,2-Car,No injury/unknown,UNSAFE BACKING,39.21755399,-86.52027
7,1,1100.0,3+ Cars,Non-incapacitating,FOLLOWING TOO CLOSELY,39.2171903,-86.59883544
9,7,1100.0,2-Car,No injury/unknown,UNSAFE BACKING,39.21687,-86.65872
4,5,1100.0,2-Car,Non-incapacitating,FAILURE TO YIELD RIGHT OF WAY,39.21660701,-86.59636259
11,5,1900.0,1-Car,No injury/unknown,ANIMAL/OBJECT IN ROADWAY,39.21658518,-86.59635392
7,3,2000.0,1-Car,No injury/unknown,RAN OFF ROAD RIGHT,39.21650314,-86.59526824
2,6,1600.0,2-Car,No injury/unknown,FAILURE TO YIELD RIGHT OF WAY,39.21584,-86.5928
7,2,1500.0,2-Car,No injury/unknown,FAILURE TO YIELD RIGHT OF WAY,39.21569341,-86.59442231
12,1,1900.0,1-Car,No injury/unknown,ROADWAY SURFACE CONDITION,39.21550417,-86.5990017
7,5,1600.0,2-Car,No injury/unknown,IMPROPER LANE USAGE,39.2154804,-86.59377143
12,6,1800.0,2-Car,No injury/unknown,DRIVER DISTRACTED - EXPLAIN IN NARRATIVE,39.21547801,-86.53700724
10,6,1300.0,2-Car,Non-incapacitating,DISREGARD SIGNAL/REG SIGN,39.21538925,-86.59300447
11,4,1600.0,2-Car,No injury/unknown,FOLLOWING TOO CLOSELY,39.21525091,-86.59309122
5,5,1700.0,Moped/Motorcycle,Non-incapacitating,LEFT OF CENTER,39.21517201,-86.51138259
1,1,2100.0,2-Car,No injury/unknown,UNSAFE LANE MOVEMENT,39.215152,-86.5928
1,6,1700.0,3+ Cars,No injury/unknown,DRIVER DISTRACTED - EXPLAIN IN NARRATIVE,39.215152,-86.5928
3,3,1500.0,2-Car,No injury/unknown,FOLLOWING TOO CLOSELY,39.215152,-86.5928
4,2,1800.0,3+ Cars,Non-incapacitating,FAILURE TO YIELD RIGHT OF WAY,39.215152,-86.5928
7,2,1600.0,2-Car,Non-incapacitating,FAILURE TO YIELD RIGHT OF WAY,39.215152,-86.5928
8,4,500.0,1-Car,No injury/unknown,UNSAFE LANE MOVEMENT,39.215152,-86.5928
9,3,1200.0,3+ Cars,Non-incapacitating,DISREGARD SIGNAL/REG SIGN,39.215152,-86.5928
11,2,700.0,2-Car,No injury/unknown,FOLLOWING TOO CLOSELY,39.21513028,-86.59269723
10,2,1700.0,Moped/Motorcycle,Non-incapacitating,FAILURE TO YIELD RIGHT OF WAY,39.21496137,-86.59254583
8,3,300.0,1-Car,No injury/unknown,RAN OFF ROAD RIGHT,39.2149,-86.46903
10,3,2000.0,2-Car,No injury/unknown,DRIVER DISTRACTED - EXPLAIN IN NARRATIVE,39.21477514,-86.59228631
1,6,1700.0,1-Car,No injury/unknown,RAN OFF ROAD RIGHT,39.214752,-86.477504
1,6,2200.0,1-Car,No injury/unknown,ROADWAY SURFACE CONDITION,39.21440323,-86.61138
5,3,1900.0,Moped/Motorcycle,Incapacitating,FAILURE TO YIELD RIGHT OF WAY,39.21421656,-86.59150766
7,6,400.0,1-Car,No injury/unknown,ANIMAL/OBJECT IN ROADWAY,39.21421656,-86.59150766
1,6,1600.0,1-Car,No injury/unknown,RAN OFF ROAD RIGHT,39.214084,-86.479105
11,5,1300.0,1-Car,Non-incapacitating,RAN OFF ROAD RIGHT,39.21408399,-86.47960539
9,4,200.0,1-Car,No injury/unknown,OTHER (DRIVER) - EXPLAIN IN NARRATIVE,39.213789,-86.631282
1,6,1500.0,1-Car,No injury/unknown,SPEED TOO FAST FOR WEATHER CONDITIONS,39.212944,-86.486896
7,4,2300.0,1-Car,Non-incapacitating,UNSAFE SPEED,39.21287961,-86.49042556
9,5,1700.0,2-Car,No injury/unknown,LEFT OF CENTER,39.212848,-86.505392
7,6,1100.0,2-Car,No injury/unknown,FAILURE TO YIELD RIGHT OF WAY,39.21206495,-86.58700777
5,3,700.0,3+ Cars,Non-incapacitating,FAILURE TO YIELD RIGHT OF WAY,39.21202382,-86.58704577
1,1,1600.0,2-Car,No injury/unknown,FAILURE TO YIELD RIGHT OF WAY,39.212016,-86.59872
5,3,1400.0,2-Car,No injury/unknown,FOLLOWING TOO CLOSELY,39.21193,-86.49604
2,2,1700.0,2-Car,No injury/unknown,UNSAFE BACKING,39.211744,-86.572192
5,4,1100.0,2-Car,No injury/unknown,OTHER (DRIVER) - EXPLAIN IN NARRATIVE,39.21168,-86.559184
7,6,1100.0,2-Car,Non-incapacitating,UNSAFE BACKING,39.21168,-86.559184
6,7,400.0,1-Car,No injury/unknown,ANIMAL/OBJECT IN ROADWAY,39.21065481,-86.50636
10,2,1800.0,Pedestrian,Incapacitating,PEDESTRIAN ACTION,39.21045,-86.51202
3,3,1200.0,Moped/Motorcycle,Incapacitating,OTHER (DRIVER) - EXPLAIN IN NARRATIVE,39.21041269,-86.48065
6,2,1500.0,2-Car,Non-incapacitating,FAILURE TO YIELD RIGHT OF WAY,39.210144,-86.5832
10,7,1500.0,2-Car,Non-incapacitating,DISREGARD SIGNAL/REG SIGN,39.210144,-86.5832
10,3,500.0,2-Car,No injury/unknown,DRIVER DISTRACTED - EXPLAIN IN NARRATIVE,39.210144,-86.5832
11,4,2000.0,2-Car,No injury/unknown,OTHER (DRIVER) - EXPLAIN IN NARRATIVE,39.210144,-86.5832
6,7,1300.0,1-Car,No injury/unknown,ANIMAL/OBJECT IN ROADWAY,39.21013821,-86.55431179
7,5,1900.0,2-Car,No injury/unknown,DRIVER DISTRACTED - EXPLAIN IN NARRATIVE,39.21005745,-86.58306296
6,4,1300.0,2-Car,Incapacitating,DRIVER ILLNESS,39.20990698,-86.58277988
6,6,200.0,2-Car,No injury/unknown,IMPROPER TURNING,39.20986935,-86.5832
1,5,1400.0,2-Car,No injury/unknown,FOLLOWING TOO CLOSELY,39.209808,-86.582672
6,7,900.0,2-Car,Non-incapacitating,FAILURE TO YIELD RIGHT OF WAY,39.209808,-86.582672
11,6,1800.0,1-Car,No injury/unknown,ANIMAL/OBJECT IN ROADWAY,39.20959587,-86.55442385
12,1,1900.0,1-Car,No injury/unknown,ANIMAL/OBJECT IN ROADWAY,39.20959587,-86.55442385
6,2,1600.0,2-Car,No injury/unknown,FAILURE TO YIELD RIGHT OF WAY,39.20959469,-86.5832
7,4,1700.0,2-Car,No injury/unknown,FOLLOWING TOO CLOSELY,39.20911007,-86.61138027
7,4,1600.0,1-Car,No injury/unknown,RAN OFF ROAD RIGHT,39.20864,-86.5588
4,7,1700.0,1-Car,No injury/unknown,RAN OFF ROAD RIGHT,39.20824,-86.5557631
5,2,100.0,1-Car,No injury/unknown,UNSAFE SPEED,39.20824,-86.55646916
2,7,1200.0,2-Car,No injury/unknown,LEFT OF CENTER,39.20824,-86.554704
2,2,1400.0,2-Car,Incapacitating,FAILURE TO YIELD RIGHT OF WAY,39.20824,-86.554704
3,4,1800.0,2-Car,Incapacitating,FAILURE TO YIELD RIGHT OF WAY,39.20824,-86.554704
4,7,900.0,2-Car,Incapacitating,FAILURE TO YIELD RIGHT OF WAY,39.20824,-86.554704
5,4,700.0,2-Car,Non-incapacitating,FAILURE TO YIELD RIGHT OF WAY,39.20824,-86.554704
6,7,1300.0,2-Car,No injury/unknown,OTHER (DRIVER) - EXPLAIN IN NARRATIVE,39.20824,-86.554704
10,4,1500.0,2-Car,No injury/unknown,ROADWAY SURFACE CONDITION,39.20824,-86.554704
10,3,1800.0,2-Car,No injury/unknown,FAILURE TO YIELD RIGHT OF WAY,39.20824,-86.554704
11,7,1300.0,1-Car,No injury/unknown,RAN OFF ROAD RIGHT,39.20822024,-86.58315002
6,6,1500.0,2-Car,No injury/unknown,FOLLOWING TOO CLOSELY,39.20822,-86.58315
11,5,1400.0,2-Car,No injury/unknown,LEFT OF CENTER,39.20822,-86.58315
4,4,1200.0,2-Car,No injury/unknown,UNSAFE BACKING,39.208144,-86.5832
12,3,900.0,1-Car,No injury/unknown,RAN OFF ROAD RIGHT,39.208144,-86.5832
1,6,1700.0,2-Car,Non-incapacitating,LEFT OF CENTER,39.208048,-86.528704
6,1,900.0,1-Car,No injury/unknown,SPEED TOO FAST FOR WEATHER CONDITIONS,39.208048,-86.528704
8,3,200.0,Moped/Motorcycle,Fatal,UNSAFE SPEED,39.208048,-86.528704
10,1,1100.0,1-Car,No injury/unknown,RAN OFF ROAD RIGHT,39.208048,-86.528704
12,2,2200.0,1-Car,No injury/unknown,SPEED TOO FAST FOR WEATHER CONDITIONS,39.208048,-86.528704
1,3,1700.0,2-Car,Non-incapacitating,SPEED TOO FAST FOR WEATHER CONDITIONS,39.20802,-86.52874596
4,2,1600.0,2-Car,Non-incapacitating,LEFT OF CENTER,39.20802,-86.52872519
10,6,700.0,1-Car,No injury/unknown,ANIMAL/OBJECT IN ROADWAY,39.20782802,-86.55470103
9,2,1500.0,1-Car,No injury/unknown,RAN OFF ROAD RIGHT,39.20766033,-86.57368987
7,6,600.0,1-Car,Non-incapacitating,DRIVER ASLEEP OR FATIGUED,39.207648,-86.573792
8,3,1000.0,2-Car,Non-incapacitating,FAILURE TO YIELD RIGHT OF WAY,39.207648,-86.573792
2,3,1400.0,2-Car,No injury/unknown,IMPROPER PASSING,39.20764225,-86.5737269
2,6,800.0,1-Car,No injury/unknown,SPEED TOO FAST FOR WEATHER CONDITIONS,39.20764225,-86.57374422
9,2,800.0,2-Car,No injury/unknown,FAILURE TO YIELD RIGHT OF WAY,39.20749068,-86.53453968
10,1,1500.0,2-Car,No injury/unknown,UNSAFE SPEED,39.20741605,-86.55469806
10,1,300.0,1-Car,No injury/unknown,TIRE FAILURE OR DEFECTIVE,39.20713,-86.53484
1,7,1700.0,1-Car,No injury/unknown,RAN OFF ROAD RIGHT,39.20704,-86.534704
4,3,900.0,2-Car,No injury/unknown,OTHER (VEHICLE) - EXPLAIN IN NARRATIVE,39.20704,-86.534704
6,3,900.0,3+ Cars,No injury/unknown,FAILURE TO YIELD RIGHT OF WAY,39.20704,-86.534704
8,5,1300.0,2-Car,Non-incapacitating,FAILURE TO YIELD RIGHT OF WAY,39.20704,-86.534704
10,7,900.0,2-Car,No injury/unknown,DRIVER DISTRACTED - EXPLAIN IN NARRATIVE,39.20704,-86.534704
10,6,1700.0,2-Car,No injury/unknown,UNSAFE LANE MOVEMENT,39.20704,-86.534704
1,6,2200.0,1-Car,No injury/unknown,RAN OFF ROAD RIGHT,39.20698707,-86.55649557
3,5,1700.0,2-Car,No injury/unknown,UNSAFE BACKING,39.206658,-86.571585
9,7,2100.0,1-Car,Non-incapacitating,RAN OFF ROAD RIGHT,39.2064,-86.5575
6,5,1400.0,2-Car,No injury/unknown,UNSAFE BACKING,39.206312,-86.571312
6,5,1300.0,2-Car,No injury/unknown,OTHER (DRIVER) - EXPLAIN IN NARRATIVE,39.206312,-86.571312
9,1,1100.0,1-Car,No injury/unknown,OTHER (DRIVER) - EXPLAIN IN NARRATIVE,39.206312,-86.571312
3,7,900.0,1-Car,No injury/unknown,RAN OFF ROAD RIGHT,39.20521753,-86.46336695
5,1,200.0,1-Car,No injury/unknown,SPEED TOO FAST FOR WEATHER CONDITIONS,39.20521753,-86.46332372
11,1,1400.0,2-Car,No injury/unknown,SPEED TOO FAST FOR WEATHER CONDITIONS,39.204864,-86.463472
12,2,600.0,Bus,No injury/unknown,FOLLOWING TOO CLOSELY,39.204864,-86.463472
1,5,1800.0,1-Car,No injury/unknown,ROADWAY SURFACE CONDITION,39.20450971,-86.547392
2,6,900.0,1-Car,No injury/unknown,SPEED TOO FAST FOR WEATHER CONDITIONS,39.20449471,-86.64364
12,4,600.0,1-Car,No injury/unknown,ROADWAY SURFACE CONDITION,39.204448,-86.583168
2,3,1000.0,2-Car,No injury/unknown,IMPROPER PASSING,39.20336252,-86.53360637
8,4,1300.0,1-Car,No injury/unknown,OTHER (DRIVER) - EXPLAIN IN NARRATIVE,39.20336252,-86.53360637
12,3,1100.0,2-Car,No injury/unknown,UNSAFE SPEED,39.20325925,-86.50220967
3,3,700.0,1-Car,No injury/unknown,OTHER (DRIVER) - EXPLAIN IN NARRATIVE,39.20304,-86.547392
9,5,1800.0,2-Car,No injury/unknown,UNSAFE BACKING,39.20304,-86.547392
10,1,2300.0,2-Car,Non-incapacitating,FAILURE TO YIELD RIGHT OF WAY,39.20219569,-86.52844958
9,7,500.0,1-Car,No injury/unknown,UNSAFE SPEED,39.201952,-86.5288
10,1,300.0,1-Car,No injury/unknown,RAN OFF ROAD RIGHT,39.201952,-86.5288
3,3,1500.0,2-Car,No injury/unknown,OTHER (DRIVER) - EXPLAIN IN NARRATIVE,39.201135,-86.547265
8,6,1900.0,1-Car,Non-incapacitating,IMPROPER TURNING,39.201135,-86.547265
10,5,1500.0,Pedestrian,Non-incapacitating,PEDESTRIAN ACTION,39.201135,-86.547265
1,6,1400.0,2-Car,No injury/unknown,FOLLOWING TOO CLOSELY,39.2008428,-86.54288177
6,4,800.0,1-Car,No injury/unknown,SPEED TOO FAST FOR WEATHER CONDITIONS,39.20059824,-86.55464886
9,5,1100.0,1-Car,No injury/unknown,OTHER (DRIVER) - EXPLAIN IN NARRATIVE,39.200448,-86.514192
1,1,1500.0,2-Car,No injury/unknown,FOLLOWING TOO CLOSELY,39.20037678,-86.5471
1,3,1100.0,3+ Cars,Non-incapacitating,IMPROPER PASSING,39.19989121,-86.509455
1,6,1200.0,1-Car,No injury/unknown,ROADWAY SURFACE CONDITION,39.19968,-86.55968
9,4,2000.0,1-Car,No injury/unknown,OTHER (VEHICLE) - EXPLAIN IN NARRATIVE,39.19968,-86.55968
9,4,200.0,1-Car,Incapacitating,RAN OFF ROAD RIGHT,39.198528,-86.528624
11,1,1100.0,1-Car,Non-incapacitating,DRIVER ASLEEP OR FATIGUED,39.198528,-86.528624
10,4,1700.0,1-Car,Incapacitating,DRIVER ILLNESS,39.19808325,-86.54244024
2,7,1100.0,3+ Cars,No injury/unknown,FAILURE TO YIELD RIGHT OF WAY,39.19807657,-86.55860486
4,2,1500.0,2-Car,Non-incapacitating,OTHER (DRIVER) - EXPLAIN IN NARRATIVE,39.19689046,-86.55462122
2,5,800.0,2-Car,No injury/unknown,LEFT OF CENTER,39.196848,-86.5344
5,6,1100.0,2-Car,No injury/unknown,FAILURE TO YIELD RIGHT OF WAY,39.196848,-86.5344
10,5,1700.0,3+ Cars,No injury/unknown,FOLLOWING TOO CLOSELY,39.196848,-86.5344
10,2,1900.0,2-Car,Non-incapacitating,IMPROPER TURNING,39.19655351,-86.59911
11,7,2300.0,1-Car,Non-incapacitating,UNSAFE SPEED,39.196116,-86.596067
8,3,800.0,1-Car,No injury/unknown,OVERCORRECTING/OVERSTEERING,39.19597304,-86.52009
1,4,700.0,1-Car,Non-incapacitating,ROADWAY SURFACE CONDITION,39.19596698,-86.644698
8,3,1300.0,2-Car,No injury/unknown,FAILURE TO YIELD RIGHT OF WAY,39.19487315,-86.53364715
4,4,1300.0,2-Car,No injury/unknown,UNSAFE LANE MOVEMENT,39.19469329,-86.55459784
10,7,200.0,1-Car,No injury/unknown,ANIMAL/OBJECT IN ROADWAY,39.19455597,-86.55459638
6,5,1500.0,1-Car,No injury/unknown,ANIMAL/OBJECT IN ROADWAY,39.19441865,-86.55459492
11,1,1500.0,2-Car,No injury/unknown,OTHER (DRIVER) - EXPLAIN IN NARRATIVE,39.19424459,-86.54623411
9,2,500.0,2-Car,No injury/unknown,UNSAFE LANE MOVEMENT,39.194192,-86.542208
1,3,900.0,2-Car,No injury/unknown,SPEED TOO FAST FOR WEATHER CONDITIONS,39.194144,-86.554592
2,4,1700.0,2-Car,Non-incapacitating,BRAKE FAILURE OR DEFECTIVE,39.194144,-86.554592
3,7,1300.0,2-Car,No injury/unknown,FOLLOWING TOO CLOSELY,39.194144,-86.554592
7,7,1600.0,Moped/Motorcycle,Non-incapacitating,OTHER (DRIVER) - EXPLAIN IN NARRATIVE,39.194144,-86.554592
8,3,1000.0,2-Car,No injury/unknown,FOLLOWING TOO CLOSELY,39.194144,-86.554592
11,7,2100.0,1-Car,No injury/unknown,ANIMAL/OBJECT IN ROADWAY,39.194144,-86.554592
1,7,1700.0,1-Car,No injury/unknown,SPEED TOO FAST FOR WEATHER CONDITIONS,39.193872,-86.590784
5,5,1700.0,2-Car,No injury/unknown,OTHER (DRIVER) - EXPLAIN IN NARRATIVE,39.19377697,-86.57123388
10,1,2000.0,1-Car,No injury/unknown,ANIMAL/OBJECT IN ROADWAY,39.19377697,-86.5710088
10,1,2000.0,1-Car,No injury/unknown,ANIMAL/OBJECT IN ROADWAY,39.19377697,-86.5711906
6,6,700.0,3+ Cars,Non-incapacitating,DRIVER DISTRACTED - EXPLAIN IN NARRATIVE,39.19369005,-86.57138339
9,4,400.0,1-Car,No injury/unknown,RAN OFF ROAD RIGHT,39.19344,-86.436288
4,2,2200.0,1-Car,Non-incapacitating,UNSAFE SPEED,39.19338683,-86.46384282
9,1,1500.0,2-Car,No injury/unknown,LEFT OF CENTER,39.19332654,-86.42243138
1,4,1500.0,2-Car,No injury/unknown,FAILURE TO YIELD RIGHT OF WAY,39.1928127,-86.53483
1,7,800.0,1-Car,No injury/unknown,SPEED TOO FAST FOR WEATHER CONDITIONS,39.19254,-86.5233
11,3,1400.0,2-Car,No injury/unknown,FAILURE TO YIELD RIGHT OF WAY,39.192352,-86.552592
12,3,1600.0,3+ Cars,No injury/unknown,FOLLOWING TOO CLOSELY,39.19232667,-86.56233005
12,6,2000.0,1-Car,No injury/unknown,ANIMAL/OBJECT IN ROADWAY,39.19184573,-86.51870995
8,5,800.0,1-Car,No injury/unknown,RAN OFF ROAD RIGHT,39.19144,-86.529504
8,5,1700.0,2-Car,Non-incapacitating,FAILURE TO YIELD RIGHT OF WAY,39.191248,-86.532896
2,5,1900.0,2-Car,No injury/unknown,OTHER (DRIVER) - EXPLAIN IN NARRATIVE,39.190672,-86.582992
3,2,1600.0,1-Car,No injury/unknown,FAILURE TO YIELD RIGHT OF WAY,39.190672,-86.582992
3,5,1300.0,Moped/Motorcycle,Incapacitating,FAILURE TO YIELD RIGHT OF WAY,39.190672,-86.582992
9,5,1200.0,2-Car,No injury/unknown,FAILURE TO YIELD RIGHT OF WAY,39.190672,-86.582992
10,3,2200.0,2-Car,Non-incapacitating,FAILURE TO YIELD RIGHT OF WAY,39.190672,-86.582992
3,5,1500.0,2-Car,No injury/unknown,FAILURE TO YIELD RIGHT OF WAY,39.19064,-86.58311
8,4,1500.0,2-Car,No injury/unknown,FOLLOWING TOO CLOSELY,39.19064,-86.58311
1,1,0.0,2-Car,No injury/unknown,SPEED TOO FAST FOR WEATHER CONDITIONS,39.19028,-86.58253
1,4,200.0,1-Car,No injury/unknown,ANIMAL/OBJECT IN ROADWAY,39.19003157,-86.58143093
8,4,100.0,1-Car,Non-incapacitating,RAN OFF ROAD RIGHT,39.18965,-86.58066987
10,2,800.0,2-Car,Non-incapacitating,FAILURE TO YIELD RIGHT OF WAY,39.18936083,-86.50717
1,1,0.0,1-Car,No injury/unknown,RAN OFF ROAD RIGHT,39.189248,-86.531472
6,7,300.0,2-Car,No injury/unknown,UNSAFE BACKING,39.189248,-86.53344
7,6,1300.0,2-Car,No injury/unknown,,39.189248,-86.531472
7,3,1900.0,1-Car,No injury/unknown,OVERCORRECTING/OVERSTEERING,39.189248,-86.660704
8,3,1200.0,2-Car,No injury/unknown,UNSAFE BACKING,39.189248,-86.531472
8,3,1100.0,2-Car,No injury/unknown,IMPROPER TURNING,39.189248,-86.53344
8,5,1500.0,2-Car,No injury/unknown,DRIVER DISTRACTED - EXPLAIN IN NARRATIVE,39.189248,-86.53344
9,6,1700.0,Pedestrian,Non-incapacitating,FAILURE TO YIELD RIGHT OF WAY,39.189248,-86.53344
9,6,1200.0,3+ Cars,No injury/unknown,OTHER (VEHICLE) - EXPLAIN IN NARRATIVE,39.189248,-86.531472
7,6,1200.0,1-Car,No injury/unknown,RAN OFF ROAD RIGHT,39.18924098,-86.59269
12,6,500.0,1-Car,No injury/unknown,DISREGARD SIGNAL/REG SIGN,39.18904,-86.630096
11,5,100.0,1-Car,No injury/unknown,UNSAFE SPEED,39.18902423,-86.58302201
1,4,700.0,1-Car,No injury/unknown,RAN OFF ROAD RIGHT,39.189022,-86.629046
9,3,500.0,2-Car,No injury/unknown,UNSAFE BACKING,39.18901,-86.5145
8,2,1000.0,2-Car,No injury/unknown,UNSAFE BACKING,39.188416,-86.54008