Month,Day,Hour,Collision Type,Injury Type,Primary Factor,Latitude,Longitude
10,5,700.0,2-Car,No injury/unknown,OTHER (ENVIRONMENTAL) - EXPLAIN IN NARR,39.188144,-86.5376
9,3,1500.0,2-Car,No injury/unknown,FAILURE TO YIELD RIGHT OF WAY,39.188128,-86.540112
12,7,1200.0,2-Car,No injury/unknown,UNSAFE BACKING,39.188128,-86.540112
10,4,1000.0,2-Car,No injury/unknown,FAILURE TO YIELD RIGHT OF WAY,39.18769245,-86.53393365
2,2,1600.0,3+ Cars,Non-incapacitating,FOLLOWING TOO CLOSELY,39.187344,-86.5552
6,6,1700.0,2-Car,Non-incapacitating,FAILURE TO YIELD RIGHT OF WAY,39.187344,-86.5552
9,2,1600.0,2-Car,No injury/unknown,DRIVER DISTRACTED - EXPLAIN IN NARRATIVE,39.187344,-86.5552
3,4,1100.0,2-Car,Non-incapacitating,SPEED TOO FAST FOR WEATHER CONDITIONS,39.18725755,-86.55810774
9,5,2000.0,1-Car,Non-incapacitating,RAN OFF ROAD RIGHT,39.18719976,-86.55167597
1,6,1800.0,3+ Cars,No injury/unknown,FAILURE TO YIELD RIGHT OF WAY,39.187184,-86.551408
6,3,1700.0,2-Car,No injury/unknown,OTHER (DRIVER) - EXPLAIN IN NARRATIVE,39.18717477,-86.53784615
7,6,1100.0,2-Car,No injury/unknown,DRIVER DISTRACTED - EXPLAIN IN NARRATIVE,39.18717263,-86.55118967
2,4,800.0,1-Car,Non-incapacitating,OTHER (DRIVER) - EXPLAIN IN NARRATIVE,39.18717217,-86.55525124
9,6,1100.0,2-Car,No injury/unknown,FAILURE TO YIELD RIGHT OF WAY,39.1870868,-86.55138535
7,4,1900.0,2-Car,Non-incapacitating,FAILURE TO YIELD RIGHT OF WAY,39.18703012,-86.5550103
7,3,1600.0,2-Car,Non-incapacitating,FAILURE TO YIELD RIGHT OF WAY,39.18703012,-86.5550103
2,6,600.0,1-Car,No injury/unknown,OTHER (DRIVER) - EXPLAIN IN NARRATIVE,39.18696235,-86.54715214
1,7,1600.0,2-Car,No injury/unknown,FOLLOWING TOO CLOSELY,39.186944,-86.5468
2,6,1500.0,2-Car,No injury/unknown,FOLLOWING TOO CLOSELY,39.186944,-86.5468
3,6,800.0,2-Car,No injury/unknown,DRIVER DISTRACTED - EXPLAIN IN NARRATIVE,39.186944,-86.5468
4,7,1800.0,2-Car,Non-incapacitating,FAILURE TO YIELD RIGHT OF WAY,39.186944,-86.5468
5,6,1500.0,2-Car,Non-incapacitating,FAILURE TO YIELD RIGHT OF WAY,39.186944,-86.5468
6,6,800.0,3+ Cars,Non-incapacitating,FOLLOWING TOO CLOSELY,39.186944,-86.5468
8,7,1300.0,2-Car,Non-incapacitating,FAILURE TO YIELD RIGHT OF WAY,39.186944,-86.5468
10,2,1900.0,2-Car,No injury/unknown,FAILURE TO YIELD RIGHT OF WAY,39.186941,-86.53775
5,6,1300.0,1-Car,No injury/unknown,RAN OFF ROAD RIGHT,39.18692254,-86.54627164
12,1,1100.0,1-Car,No injury/unknown,ANIMAL/OBJECT IN ROADWAY,39.18692015,-86.5466412
2,7,1700.0,2-Car,No injury/unknown,FOLLOWING TOO CLOSELY,39.18691229,-86.54609567
10,1,1400.0,1-Car,No injury/unknown,ANIMAL/OBJECT IN ROADWAY,39.186752,-86.611504
5,7,300.0,2-Car,Non-incapacitating,FOLLOWING TOO CLOSELY,39.18657543,-86.53859269
12,5,1600.0,2-Car,No injury/unknown,FAILURE TO YIELD RIGHT OF WAY,39.18657543,-86.53859269
9,5,100.0,1-Car,No injury/unknown,RAN OFF ROAD RIGHT,39.18654932,-86.51641
1,7,1600.0,2-Car,Non-incapacitating,FOLLOWING TOO CLOSELY,39.186544,-86.537888
2,6,2100.0,2-Car,No injury/unknown,FAILURE TO YIELD RIGHT OF WAY,39.186544,-86.537888
3,6,1700.0,2-Car,No injury/unknown,SPEED TOO FAST FOR WEATHER CONDITIONS,39.186544,-86.551168
3,5,1200.0,2-Car,Non-incapacitating,FAILURE TO YIELD RIGHT OF WAY,39.186544,-86.537888
4,5,800.0,2-Car,No injury/unknown,FOLLOWING TOO CLOSELY,39.186544,-86.537888
5,4,1500.0,2-Car,No injury/unknown,FOLLOWING TOO CLOSELY,39.186544,-86.537888
5,6,1600.0,2-Car,No injury/unknown,FOLLOWING TOO CLOSELY,39.186544,-86.537888
8,7,0.0,3+ Cars,No injury/unknown,FOLLOWING TOO CLOSELY,39.186544,-86.537888
9,7,1300.0,2-Car,No injury/unknown,FOLLOWING TOO CLOSELY,39.186544,-86.537888
9,7,1100.0,2-Car,Non-incapacitating,FAILURE TO YIELD RIGHT OF WAY,39.186544,-86.537888
10,4,1400.0,2-Car,Non-incapacitating,FAILURE TO YIELD RIGHT OF WAY,39.186544,-86.537888
10,1,600.0,2-Car,Non-incapacitating,OTHER (DRIVER) - EXPLAIN IN NARRATIVE,39.186544,-86.537888
11,2,900.0,2-Car,No injury/unknown,FOLLOWING TOO CLOSELY,39.186544,-86.537888
11,5,1800.0,3+ Cars,No injury/unknown,FAILURE TO YIELD RIGHT OF WAY,39.186544,-86.537888
12,5,1700.0,2-Car,No injury/unknown,FOLLOWING TOO CLOSELY,39.186544,-86.537888
7,3,1600.0,2-Car,Non-incapacitating,FOLLOWING TOO CLOSELY,39.18654025,-86.5554331
3,6,1200.0,2-Car,No injury/unknown,OTHER (DRIVER) - EXPLAIN IN NARRATIVE,39.18653339,-86.53771207
2,6,2300.0,2-Car,No injury/unknown,IMPROPER TURNING,39.18651609,-86.51642161
9,2,2200.0,2-Car,No injury/unknown,FOLLOWING TOO CLOSELY,39.18648027,-86.53773017
1,3,1500.0,1-Car,Non-incapacitating,SPEED TOO FAST FOR WEATHER CONDITIONS,39.18646982,-86.63578101
7,6,1700.0,1-Car,Non-incapacitating,RAN OFF ROAD RIGHT,39.18642776,-86.59395029
1,2,900.0,2-Car,Non-incapacitating,FOLLOWING TOO CLOSELY,39.18636871,-86.52438819
1,5,400.0,2-Car,Non-incapacitating,FAILURE TO YIELD RIGHT OF WAY,39.186368,-86.5344
1,6,2300.0,2-Car,No injury/unknown,FOLLOWING TOO CLOSELY,39.186368,-86.5344
2,5,2000.0,1-Car,Non-incapacitating,HOLES/RUTS IN SURFACE,39.186368,-86.5344
2,6,1700.0,2-Car,No injury/unknown,FAILURE TO YIELD RIGHT OF WAY,39.186368,-86.5344
3,6,1700.0,3+ Cars,No injury/unknown,FOLLOWING TOO CLOSELY,39.186368,-86.5344
4,1,1500.0,2-Car,No injury/unknown,FAILURE TO YIELD RIGHT OF WAY,39.186368,-86.5344
4,2,1100.0,2-Car,No injury/unknown,DISREGARD SIGNAL/REG SIGN,39.186368,-86.5344
5,2,1500.0,2-Car,No injury/unknown,FOLLOWING TOO CLOSELY,39.186368,-86.5344
5,7,1200.0,2-Car,No injury/unknown,LEFT OF CENTER,39.186368,-86.5344
5,3,1800.0,1-Car,No injury/unknown,IMPROPER TURNING,39.186368,-86.5344
6,5,900.0,2-Car,No injury/unknown,DRIVER DISTRACTED - EXPLAIN IN NARRATIVE,39.186368,-86.5344
7,3,900.0,2-Car,No injury/unknown,OTHER (DRIVER) - EXPLAIN IN NARRATIVE,39.186368,-86.5344
8,2,1500.0,2-Car,Non-incapacitating,FOLLOWING TOO CLOSELY,39.186368,-86.5344
9,5,1400.0,2-Car,No injury/unknown,FAILURE TO YIELD RIGHT OF WAY,39.186368,-86.5344
10,2,1500.0,2-Car,Non-incapacitating,FOLLOWING TOO CLOSELY,39.186368,-86.5344
10,1,1800.0,2-Car,No injury/unknown,DRIVER DISTRACTED - EXPLAIN IN NARRATIVE,39.186368,-86.5344
11,5,1700.0,2-Car,No injury/unknown,IMPROPER PASSING,39.186368,-86.5344
9,6,900.0,2-Car,No injury/unknown,IMPROPER PASSING,39.18636383,-86.53369418
6,5,1700.0,2-Car,No injury/unknown,IMPROPER TURNING,39.18636,-86.533048
12,6,1400.0,2-Car,No injury/unknown,FAILURE TO YIELD RIGHT OF WAY,39.18636,-86.533048
10,2,700.0,2-Car,No injury/unknown,FAILURE TO YIELD RIGHT OF WAY,39.186354,-86.535259
11,7,1000.0,2-Car,No injury/unknown,FOLLOWING TOO CLOSELY,39.18635204,-86.52637847
5,7,900.0,2-Car,No injury/unknown,FOLLOWING TOO CLOSELY,39.186352,-86.52863717
1,2,1600.0,2-Car,Non-incapacitating,FAILURE TO YIELD RIGHT OF WAY,39.186352,-86.528496
1,3,1600.0,2-Car,No injury/unknown,FOLLOWING TOO CLOSELY,39.186352,-86.528496
1,7,2200.0,2-Car,No injury/unknown,FOLLOWING TOO CLOSELY,39.186352,-86.529792
1,2,1200.0,2-Car,No injury/unknown,OTHER (DRIVER) - EXPLAIN IN NARRATIVE,39.186352,-86.534704
2,3,900.0,2-Car,No injury/unknown,UNSAFE SPEED,39.186352,-86.528496
3,3,1400.0,2-Car,No injury/unknown,FOLLOWING TOO CLOSELY,39.186352,-86.528496
3,3,1700.0,2-Car,No injury/unknown,FOLLOWING TOO CLOSELY,39.186352,-86.528496
5,6,1300.0,2-Car,No injury/unknown,FOLLOWING TOO CLOSELY,39.186352,-86.528496
5,1,600.0,2-Car,Non-incapacitating,FAILURE TO YIELD RIGHT OF WAY,39.186352,-86.534704
7,4,2300.0,2-Car,No injury/unknown,FOLLOWING TOO CLOSELY,39.186352,-86.531696
9,7,0.0,1-Car,No injury/unknown,IMPROPER TURNING,39.186352,-86.534704
10,7,1600.0,1-Car,No injury/unknown,IMPROPER TURNING,39.186352,-86.534704
10,1,1800.0,2-Car,No injury/unknown,FOLLOWING TOO CLOSELY,39.186352,-86.528496
10,1,1600.0,2-Car,Non-incapacitating,FAILURE TO YIELD RIGHT OF WAY,39.186352,-86.528496
11,4,1200.0,2-Car,No injury/unknown,BRAKE FAILURE OR DEFECTIVE,39.186352,-86.531696
10,1,200.0,2-Car,No injury/unknown,IMPROPER TURNING,39.18633007,-86.53453968
3,4,800.0,2-Car,No injury/unknown,FOLLOWING TOO CLOSELY,39.18631477,-86.52192606
1,2,900.0,2-Car,Non-incapacitating,UNSAFE SPEED,39.18624327,-86.52217946
5,5,1200.0,2-Car,No injury/unknown,FOLLOWING TOO CLOSELY,39.18624327,-86.52217514
8,2,1700.0,2-Car,No injury/unknown,FOLLOWING TOO CLOSELY,39.18624327,-86.52218292
4,1,1100.0,2-Car,No injury/unknown,FAILURE TO YIELD RIGHT OF WAY,39.18624,-86.514496
12,4,200.0,1-Car,No injury/unknown,BRAKE FAILURE OR DEFECTIVE,39.18624,-86.514496
11,1,2200.0,2-Car,No injury/unknown,UNSAFE BACKING,39.18619007,-86.53441873
7,2,900.0,3+ Cars,Non-incapacitating,FOLLOWING TOO CLOSELY,39.18616889,-86.52088402
2,7,1900.0,2-Car,No injury/unknown,FOLLOWING TOO CLOSELY,39.18614457,-86.52071035
12,3,1100.0,2-Car,Non-incapacitating,ROADWAY SURFACE CONDITION,39.18611012,-86.59628011
6,4,1700.0,2-Car,No injury/unknown,UNSAFE SPEED,39.18611,-86.59635794
8,2,1500.0,2-Car,No injury/unknown,FAILURE TO YIELD RIGHT OF WAY,39.18611,-86.59625402
5,4,1700.0,2-Car,Non-incapacitating,FAILURE TO YIELD RIGHT OF WAY,39.18609426,-86.53442882
1,2,1600.0,2-Car,Non-incapacitating,LEFT OF CENTER,39.186048,-86.550976
7,7,1800.0,2-Car,No injury/unknown,FOLLOWING TOO CLOSELY,39.186032,-86.51984
11,2,1000.0,2-Car,No injury/unknown,UNSAFE SPEED,39.186032,-86.51984
12,5,1100.0,Bus,No injury/unknown,LEFT OF CENTER,39.18584,-86.537872
3,4,900.0,2-Car,No injury/unknown,FAILURE TO YIELD RIGHT OF WAY,39.18582052,-86.53445763
4,3,1200.0,2-Car,No injury/unknown,FAILURE TO YIELD RIGHT OF WAY,39.18582052,-86.53445763
11,3,1700.0,2-Car,Non-incapacitating,FOLLOWING TOO CLOSELY,39.18582052,-86.53445763
9,5,1900.0,2-Car,No injury/unknown,UNSAFE BACKING,39.185803,-86.54184
2,6,1800.0,1-Car,Non-incapacitating,ENGINE FAILURE OR DEFECTIVE,39.18556623,-86.57157898
12,7,1400.0,2-Car,No injury/unknown,,39.18543153,-86.53772145
1,6,2200.0,2-Car,No injury/unknown,FAILURE TO YIELD RIGHT OF WAY,39.185392,-86.537856
3,5,900.0,2-Car,Non-incapacitating,FAILURE TO YIELD RIGHT OF WAY,39.185392,-86.537856
4,6,1700.0,2-Car,No injury/unknown,FAILURE TO YIELD RIGHT OF WAY,39.185392,-86.537856
5,7,1600.0,2-Car,Non-incapacitating,FAILURE TO YIELD RIGHT OF WAY,39.185392,-86.537856
9,6,1500.0,2-Car,Non-incapacitating,FAILURE TO YIELD RIGHT OF WAY,39.185392,-86.537856
10,3,1700.0,2-Car,No injury/unknown,FAILURE TO YIELD RIGHT OF WAY,39.18535867,-86.49496
11,2,800.0,1-Car,No injury/unknown,RAN OFF ROAD RIGHT,39.185232,-86.54124768
1,4,1900.0,2-Car,No injury/unknown,UNSAFE BACKING,39.185232,-86.54060206
1,5,800.0,2-Car,No injury/unknown,LEFT OF CENTER,39.185232,-86.54060206
7,3,1200.0,2-Car,No injury/unknown,OTHER (DRIVER) - EXPLAIN IN NARRATIVE,39.185232,-86.54060206
9,6,1000.0,1-Car,No injury/unknown,UNSAFE SPEED,39.185232,-86.54060206
8,6,1100.0,Cyclist,Non-incapacitating,FAILURE TO YIELD RIGHT OF WAY,39.18522527,-86.53522968
11,2,1700.0,2-Car,No injury/unknown,UNSAFE LANE MOVEMENT,39.1852,-86.541952
2,3,1800.0,2-Car,No injury/unknown,UNSAFE BACKING,39.185152,-86.535296
2,7,2200.0,2-Car,No injury/unknown,UNSAFE BACKING,39.185152,-86.535296
8,6,2000.0,Pedestrian,Non-incapacitating,PEDESTRIAN ACTION,39.185152,-86.535296
9,7,1700.0,2-Car,No injury/unknown,,39.18508,-86.540075
10,2,1200.0,2-Car,No injury/unknown,,39.18508,-86.540075
7,4,0.0,2-Car,No injury/unknown,IMPROPER TURNING,39.18506,-86.537779
8,4,2100.0,1-Car,No injury/unknown,ANIMAL/OBJECT IN ROADWAY,39.18464387,-86.63040988
11,7,1000.0,2-Car,No injury/unknown,FAILURE TO YIELD RIGHT OF WAY,39.18458,-86.519245
11,4,1400.0,2-Car,No injury/unknown,FOLLOWING TOO CLOSELY,39.18453593,-86.53775967
2,4,1000.0,1-Car,No injury/unknown,UNSAFE BACKING,39.184208,-86.492816
4,7,500.0,2-Car,No injury/unknown,OTHER (DRIVER) - EXPLAIN IN NARRATIVE,39.1841412,-86.5344552
6,1,1900.0,2-Car,No injury/unknown,UNSAFE LANE MOVEMENT,39.184048,-86.546896
6,3,1600.0,2-Car,No injury/unknown,FOLLOWING TOO CLOSELY,39.184048,-86.550192
10,7,200.0,1-Car,No injury/unknown,RAN OFF ROAD RIGHT,39.184048,-86.550192
10,7,1000.0,2-Car,No injury/unknown,,39.184048,-86.54816
4,6,1500.0,2-Car,No injury/unknown,IMPROPER TURNING,39.18384,-86.5192
2,3,100.0,2-Car,No injury/unknown,SPEED TOO FAST FOR WEATHER CONDITIONS,39.18377,-86.5168773
3,3,1200.0,2-Car,No injury/unknown,,39.18377,-86.51686
1,6,2200.0,3+ Cars,No injury/unknown,ROADWAY SURFACE CONDITION,39.18367,-86.530282
1,7,0.0,2-Car,No injury/unknown,SPEED TOO FAST FOR WEATHER CONDITIONS,39.183668,-86.530209
8,6,2000.0,2-Car,No injury/unknown,UNSAFE BACKING,39.183655,-86.53061
12,3,1700.0,2-Car,No injury/unknown,FOLLOWING TOO CLOSELY,39.18365387,-86.59265227
8,6,2300.0,2-Car,No injury/unknown,,39.183625,-86.530775
6,4,2200.0,1-Car,No injury/unknown,OTHER (DRIVER) - EXPLAIN IN NARRATIVE,39.18350109,-86.53424
8,2,1100.0,2-Car,No injury/unknown,OTHER (DRIVER) - EXPLAIN IN NARRATIVE,39.18347943,-86.53423289
10,5,1700.0,2-Car,No injury/unknown,OTHER (VEHICLE) - EXPLAIN IN NARRATIVE,39.18341,-86.539668
10,5,1400.0,2-Car,No injury/unknown,SPEED TOO FAST FOR WEATHER CONDITIONS,39.18336744,-86.58312501
6,1,0.0,2-Car,No injury/unknown,FOLLOWING TOO CLOSELY,39.18336,-86.53415
8,6,1800.0,2-Car,No injury/unknown,FOLLOWING TOO CLOSELY,39.18336,-86.53415
2,5,200.0,2-Car,No injury/unknown,UNSAFE BACKING,39.18335771,-86.53469029
4,5,200.0,2-Car,No injury/unknown,OTHER (DRIVER) - EXPLAIN IN NARRATIVE,39.18335771,-86.53469029
10,1,400.0,2-Car,No injury/unknown,,39.18335771,-86.53469029
11,4,2000.0,2-Car,Non-incapacitating,OTHER (DRIVER) - EXPLAIN IN NARRATIVE,39.18335771,-86.53469029
5,2,2000.0,1-Car,Non-incapacitating,OTHER (DRIVER) - EXPLAIN IN NARRATIVE,39.18323799,-86.51178391
7,6,700.0,2-Car,Non-incapacitating,UNSAFE SPEED,39.18323799,-86.51177959
9,3,1600.0,2-Car,Non-incapacitating,FOLLOWING TOO CLOSELY,39.18323799,-86.51177743
2,3,1500.0,2-Car,No injury/unknown,UNSAFE BACKING,39.183142,-86.52933
7,3,1900.0,2-Car,Non-incapacitating,UNSAFE BACKING,39.183091,-86.544049
5,6,1000.0,2-Car,No injury/unknown,FOLLOWING TOO CLOSELY,39.1830262,-86.53781943
3,6,0.0,2-Car,No injury/unknown,,39.182976,-86.528416
4,4,900.0,2-Car,No injury/unknown,UNSAFE BACKING,39.182976,-86.528416
11,7,1900.0,2-Car,No injury/unknown,UNSAFE LANE MOVEMENT,39.182976,-86.528416
6,1,600.0,1-Car,No injury/unknown,RAN OFF ROAD RIGHT,39.18296686,-86.54692408
3,2,800.0,1-Car,No injury/unknown,RAN OFF ROAD RIGHT,39.18291657,-86.54692539
4,4,1400.0,2-Car,No injury/unknown,FOLLOWING TOO CLOSELY,39.18288252,-86.53403688
9,1,2000.0,2-Car,Non-incapacitating,FOLLOWING TOO CLOSELY,39.18288252,-86.53403688
8,2,900.0,1-Car,No injury/unknown,UNSAFE BACKING,39.18275511,-86.52009
4,6,1300.0,2-Car,No injury/unknown,UNSAFE BACKING,39.18270085,-86.51294939
8,4,1600.0,Cyclist,No injury/unknown,FAILURE TO YIELD RIGHT OF WAY,39.18265,-86.53777
3,4,1900.0,2-Car,No injury/unknown,FAILURE TO YIELD RIGHT OF WAY,39.18242962,-86.51914028
5,4,200.0,1-Car,No injury/unknown,UNSAFE BACKING,39.18242962,-86.51914028
6,5,1300.0,1-Car,No injury/unknown,IMPROPER TURNING,39.18223883,-86.53357828
2,1,100.0,2-Car,No injury/unknown,OTHER (DRIVER) - EXPLAIN IN NARRATIVE,39.18220833,-86.53381551
3,1,300.0,2-Car,No injury/unknown,OTHER (DRIVER) - EXPLAIN IN NARRATIVE,39.18220833,-86.53381551
8,3,1600.0,2-Car,No injury/unknown,,39.18216633,-86.51394
4,5,1100.0,2-Car,Non-incapacitating,FOLLOWING TOO CLOSELY,39.18213773,-86.5609886
1,2,900.0,2-Car,No injury/unknown,FAILURE TO YIELD RIGHT OF WAY,39.18213127,-86.50224214
7,1,400.0,2-Car,No injury/unknown,OTHER (DRIVER) - EXPLAIN IN NARRATIVE,39.18203331,-86.53375804
12,3,2100.0,2-Car,No injury/unknown,FAILURE TO YIELD RIGHT OF WAY,39.18203331,-86.53375804
10,7,1100.0,2-Car,No injury/unknown,UNSAFE BACKING,39.18192,-86.543984
8,5,1900.0,Moped/Motorcycle,Incapacitating,OVERCORRECTING/OVERSTEERING,39.18189681,-86.54851
1,1,1400.0,2-Car,No injury/unknown,UNSAFE BACKING,39.18184,-86.532192
10,5,1800.0,2-Car,No injury/unknown,OTHER (DRIVER) - EXPLAIN IN NARRATIVE,39.18184,-86.532192
12,7,0.0,2-Car,No injury/unknown,IMPROPER TURNING,39.18184,-86.532192
12,3,1800.0,2-Car,No injury/unknown,FAILURE TO YIELD RIGHT OF WAY,39.18184,-86.5284
11,3,1500.0,2-Car,No injury/unknown,FAILURE TO YIELD RIGHT OF WAY,39.1818181,-86.53368738
10,6,200.0,1-Car,No injury/unknown,RAN OFF ROAD RIGHT,39.18181026,-86.52892797
4,6,1600.0,3+ Cars,Non-incapacitating,SPEED TOO FAST FOR WEATHER CONDITIONS,39.181552,-86.5336
6,6,2000.0,3+ Cars,No injury/unknown,UNSAFE SPEED,39.181552,-86.5336
8,4,1600.0,2-Car,No injury/unknown,FOLLOWING TOO CLOSELY,39.181552,-86.5336
11,1,1300.0,2-Car,No injury/unknown,,39.181552,-86.5336
4,5,1700.0,2-Car,No injury/unknown,FOLLOWING TOO CLOSELY,39.18142462,-86.54940688
3,1,1800.0,2-Car,No injury/unknown,IMPROPER TURNING,39.18137612,-86.51547905
3,4,100.0,3+ Cars,Non-incapacitating,CELL PHONE USAGE,39.18128,-86.531792
6,1,1800.0,Pedestrian,Non-incapacitating,OTHER (DRIVER) - EXPLAIN IN NARRATIVE,39.18128,-86.542064
8,1,1700.0,2-Car,No injury/unknown,FAILURE TO YIELD RIGHT OF WAY,39.18128,-86.531792
11,2,1600.0,2-Car,No injury/unknown,UNSAFE BACKING,39.18126199,-86.51641
4,5,1900.0,Cyclist,Non-incapacitating,FAILURE TO YIELD RIGHT OF WAY,39.18112,-86.530816
6,4,1700.0,2-Car,No injury/unknown,FAILURE TO YIELD RIGHT OF WAY,39.18112,-86.53093
7,5,1400.0,2-Car,No injury/unknown,FOLLOWING TOO CLOSELY,39.18104146,-86.53453308
5,5,1100.0,2-Car,No injury/unknown,FAILURE TO YIELD RIGHT OF WAY,39.18104,-86.5284
7,5,2300.0,2-Car,No injury/unknown,IMPROPER TURNING,39.18104,-86.52943151
11,4,1100.0,2-Car,No injury/unknown,IMPROPER TURNING,39.18104,-86.5284
5,2,1700.0,1-Car,No injury/unknown,OBSTRUCTION NOT MARKED,39.18101306,-86.55672
7,6,1200.0,1-Car,Non-incapacitating,RAN OFF ROAD RIGHT,39.18101306,-86.55672
5,2,1700.0,1-Car,No injury/unknown,OBSTRUCTION NOT MARKED,39.18097552,-86.5567129
6,6,1000.0,2-Car,No injury/unknown,UNSAFE BACKING,39.18082416,-86.54076308
7,2,1400.0,2-Car,No injury/unknown,OTHER (DRIVER) - EXPLAIN IN NARRATIVE,39.18069732,-86.54396962
8,1,0.0,2-Car,No injury/unknown,UNSAFE BACKING,39.18067914,-86.54081131
9,3,1000.0,2-Car,Non-incapacitating,FAILURE TO YIELD RIGHT OF WAY,39.18062115,-86.583175
6,4,400.0,2-Car,No injury/unknown,UNSAFE SPEED,39.18060101,-86.54089686
12,5,1000.0,2-Car,No injury/unknown,OTHER (DRIVER) - EXPLAIN IN NARRATIVE,39.18056,-86.543968
11,6,900.0,2-Car,Non-incapacitating,FAILURE TO YIELD RIGHT OF WAY,39.18039903,-86.50786573
6,1,1300.0,2-Car,No injury/unknown,UNSAFE BACKING,39.180375,-86.540719
4,7,1800.0,1-Car,No injury/unknown,UNSAFE BACKING,39.180357,-86.519098
1,6,100.0,2-Car,No injury/unknown,,39.180352,-86.529792
9,1,300.0,1-Car,No injury/unknown,OTHER (DRIVER) - EXPLAIN IN NARRATIVE,39.180352,-86.5284
9,3,1400.0,2-Car,No injury/unknown,FAILURE TO YIELD RIGHT OF WAY,39.180352,-86.5284
11,1,2100.0,2-Car,Non-incapacitating,CELL PHONE USAGE,39.180352,-86.5284
9,2,900.0,Bus,No injury/unknown,FAILURE TO YIELD RIGHT OF WAY,39.18019,-86.528309
10,4,1400.0,Bus,No injury/unknown,UNSAFE BACKING,39.18019,-86.528309
11,7,0.0,2-Car,No injury/unknown,UNSAFE BACKING,39.180185,-86.539774
11,7,0.0,Pedestrian,Incapacitating,OTHER (DRIVER) - EXPLAIN IN NARRATIVE,39.18017976,-86.53969958
1,4,1100.0,2-Car,No injury/unknown,OTHER (DRIVER) - EXPLAIN IN NARRATIVE,39.18008727,-86.53212331
2,2,700.0,2-Car,No injury/unknown,IMPROPER LANE USAGE,39.18008244,-86.51092331
5,7,2300.0,2-Car,No injury/unknown,LEFT OF CENTER,39.18002634,-86.50734724
9,2,0.0,2-Car,No injury/unknown,,39.18001455,-86.53214352
8,4,700.0,2-Car,No injury/unknown,OTHER (VEHICLE) - EXPLAIN IN NARRATIVE,39.17997932,-86.53330441
5,4,0.0,3+ Cars,No injury/unknown,IMPROPER LANE USAGE,39.17985094,-86.53083879
3,5,700.0,2-Car,No injury/unknown,UNSAFE SPEED,39.17984,-86.507088
3,1,1600.0,2-Car,No injury/unknown,FOLLOWING TOO CLOSELY,39.17984,-86.507088
4,6,900.0,2-Car,Non-incapacitating,UNSAFE SPEED,39.17984,-86.507088
4,7,2300.0,Pedestrian,Non-incapacitating,PEDESTRIAN ACTION,39.17984,-86.507088
7,2,1900.0,2-Car,No injury/unknown,FOLLOWING TOO CLOSELY,39.17984,-86.507088
9,7,100.0,2-Car,No injury/unknown,LEFT OF CENTER,39.17984,-86.507088
9,1,0.0,1-Car,No injury/unknown,BRAKE FAILURE OR DEFECTIVE,39.17984,-86.507088
11,6,1600.0,3+ Cars,Non-incapacitating,FAILURE TO YIELD RIGHT OF WAY,39.17984,-86.507088
11,7,2200.0,1-Car,No injury/unknown,ANIMAL/OBJECT IN ROADWAY,39.17984,-86.507088
12,7,2000.0,2-Car,No injury/unknown,FOLLOWING TOO CLOSELY,39.17984,-86.507088
12,7,2000.0,2-Car,Non-incapacitating,FAILURE TO YIELD RIGHT OF WAY,39.17984,-86.507088
12,7,1400.0,1-Car,No injury/unknown,UNSAFE LANE MOVEMENT,39.17977042,-86.50724012
4,5,1800.0,2-Car,No injury/unknown,UNSAFE BACKING,39.17967426,-86.511088
8,5,1000.0,1-Car,No injury/unknown,UNSAFE BACKING,39.17965751,-86.51902289
7,2,2200.0,1-Car,No injury/unknown,OTHER (DRIVER) - EXPLAIN IN NARRATIVE,39.179632,-86.539136
8,6,1600.0,2-Car,No injury/unknown,FAILURE TO YIELD RIGHT OF WAY,39.1793458,-86.54728221
4,3,1400.0,1-Car,No injury/unknown,RAN OFF ROAD RIGHT,39.17924801,-86.55153334
1,6,2000.0,2-Car,Non-incapacitating,SPEED TOO FAST FOR WEATHER CONDITIONS,39.179248,-86.552592
1,3,1700.0,1-Car,No injury/unknown,FAILURE TO YIELD RIGHT OF WAY,39.179248,-86.547104
2,4,1100.0,2-Car,No injury/unknown,FAILURE TO YIELD RIGHT OF WAY,39.179248,-86.547104
5,2,1500.0,2-Car,No injury/unknown,DRIVER DISTRACTED - EXPLAIN IN NARRATIVE,39.179248,-86.5832
5,3,1400.0,2-Car,Non-incapacitating,FAILURE TO YIELD RIGHT OF WAY,39.179248,-86.547104
6,2,1700.0,2-Car,Non-incapacitating,FOLLOWING TOO CLOSELY,39.179248,-86.5832
6,7,800.0,1-Car,No injury/unknown,UNSAFE SPEED,39.179248,-86.547104
8,5,1800.0,2-Car,No injury/unknown,FOLLOWING TOO CLOSELY,39.179248,-86.547104
8,4,1700.0,2-Car,No injury/unknown,FAILURE TO YIELD RIGHT OF WAY,39.179248,-86.5832
9,6,1400.0,2-Car,No injury/unknown,FAILURE TO YIELD RIGHT OF WAY,39.179248,-86.547104
10,5,1600.0,2-Car,Non-incapacitating,BRAKE FAILURE OR DEFECTIVE,39.179248,-86.547104
10,5,900.0,1-Car,No injury/unknown,OVERCORRECTING/OVERSTEERING,39.179248,-86.556592