Month,Day,Hour,Collision Type,Injury Type,Primary Factor,Latitude,Longitude
11,4,800.0,2-Car,Non-incapacitating,FOLLOWING TOO CLOSELY,39.179248,-86.54698049
11,1,900.0,1-Car,No injury/unknown,SPEED TOO FAST FOR WEATHER CONDITIONS,39.179248,-86.556592
10,5,1400.0,1-Car,No injury/unknown,SPEED TOO FAST FOR WEATHER CONDITIONS,39.17922,-86.5471
1,5,1000.0,1-Car,No injury/unknown,SPEED TOO FAST FOR WEATHER CONDITIONS,39.17921191,-86.57320781
4,4,1500.0,Bus,No injury/unknown,FAILURE TO YIELD RIGHT OF WAY,39.17920134,-86.58322096
7,1,400.0,1-Car,No injury/unknown,RAN OFF ROAD RIGHT,39.179143,-86.53775
9,2,700.0,1-Car,No injury/unknown,ANIMAL/OBJECT IN ROADWAY,39.17914212,-86.50652519
1,5,2300.0,2-Car,No injury/unknown,UNSAFE BACKING,39.17912342,-86.511088
1,7,1800.0,2-Car,No injury/unknown,UNSAFE BACKING,39.179104,-86.544016
4,3,1200.0,2-Car,No injury/unknown,FAILURE TO YIELD RIGHT OF WAY,39.179104,-86.544016
12,5,2000.0,2-Car,Non-incapacitating,FAILURE TO YIELD RIGHT OF WAY,39.179104,-86.544016
1,6,2100.0,2-Car,Non-incapacitating,ROADWAY SURFACE CONDITION,39.17909548,-86.5525943
4,3,200.0,2-Car,No injury/unknown,UNSAFE BACKING,39.17908408,-86.511088
4,7,1600.0,2-Car,No injury/unknown,UNSAFE BACKING,39.17908408,-86.511088
6,5,1200.0,2-Car,No injury/unknown,UNSAFE BACKING,39.17908005,-86.55264575
6,1,1300.0,2-Car,No injury/unknown,DRIVER DISTRACTED - EXPLAIN IN NARRATIVE,39.17906329,-86.5209221
1,7,2200.0,2-Car,Non-incapacitating,LEFT OF CENTER,39.17904,-86.530848
1,7,1600.0,2-Car,No injury/unknown,FAILURE TO YIELD RIGHT OF WAY,39.17904,-86.5284
2,5,1700.0,2-Car,Non-incapacitating,FAILURE TO YIELD RIGHT OF WAY,39.17904,-86.530848
2,3,1900.0,2-Car,No injury/unknown,UNSAFE BACKING,39.17904,-86.5284
2,4,2300.0,2-Car,No injury/unknown,FAILURE TO YIELD RIGHT OF WAY,39.17904,-86.530848
3,6,1300.0,2-Car,Non-incapacitating,FOLLOWING TOO CLOSELY,39.17904,-86.532096
3,2,2000.0,2-Car,No injury/unknown,UNSAFE BACKING,39.17904,-86.5284
3,4,2100.0,1-Car,No injury/unknown,ANIMAL/OBJECT IN ROADWAY,39.17904,-86.5284
3,6,1400.0,3+ Cars,No injury/unknown,FOLLOWING TOO CLOSELY,39.17904,-86.532096
3,5,1700.0,2-Car,No injury/unknown,FAILURE TO YIELD RIGHT OF WAY,39.17904,-86.530848
4,6,1300.0,2-Car,Non-incapacitating,FAILURE TO YIELD RIGHT OF WAY,39.17904,-86.530848
4,5,1500.0,3+ Cars,No injury/unknown,FOLLOWING TOO CLOSELY,39.17904,-86.532096
5,6,1600.0,Pedestrian,Non-incapacitating,PEDESTRIAN ACTION,39.17904,-86.5284
5,3,1000.0,2-Car,No injury/unknown,FAILURE TO YIELD RIGHT OF WAY,39.17904,-86.5284
6,4,1900.0,2-Car,No injury/unknown,FAILURE TO YIELD RIGHT OF WAY,39.17904,-86.5284
8,3,1700.0,3+ Cars,Non-incapacitating,OTHER (DRIVER) - EXPLAIN IN NARRATIVE,39.17904,-86.532096
8,3,2000.0,2-Car,No injury/unknown,UNSAFE BACKING,39.17904,-86.5284
10,4,700.0,Bus,No injury/unknown,FAILURE TO YIELD RIGHT OF WAY,39.17904,-86.5284
10,5,1200.0,2-Car,No injury/unknown,FOLLOWING TOO CLOSELY,39.17904,-86.530848
10,7,1100.0,2-Car,No injury/unknown,UNSAFE BACKING,39.17904,-86.530848
11,2,1800.0,2-Car,Non-incapacitating,FOLLOWING TOO CLOSELY,39.17904,-86.542096
11,4,200.0,1-Car,No injury/unknown,RAN OFF ROAD RIGHT,39.17904,-86.5284
11,1,2100.0,2-Car,No injury/unknown,FOLLOWING TOO CLOSELY,39.17904,-86.530848
12,6,1500.0,2-Car,No injury/unknown,FAILURE TO YIELD RIGHT OF WAY,39.17904,-86.5284
12,7,1700.0,1-Car,No injury/unknown,OTHER (DRIVER) - EXPLAIN IN NARRATIVE,39.17904,-86.5284
12,2,2000.0,3+ Cars,Non-incapacitating,FOLLOWING TOO CLOSELY,39.17903982,-86.52360029
3,3,1600.0,2-Car,No injury/unknown,UNSAFE BACKING,39.17903837,-86.52827755
7,4,1000.0,1-Car,No injury/unknown,OTHER (DRIVER) - EXPLAIN IN NARRATIVE,39.17903837,-86.52827755
2,1,400.0,1-Car,No injury/unknown,FOLLOWING TOO CLOSELY,39.17902717,-86.52707671
2,4,2300.0,2-Car,No injury/unknown,FOLLOWING TOO CLOSELY,39.17902717,-86.52100467
3,5,1200.0,2-Car,No injury/unknown,,39.17902717,-86.52590192
11,4,2100.0,2-Car,No injury/unknown,OTHER (DRIVER) - EXPLAIN IN NARRATIVE,39.17902596,-86.5403409
2,6,500.0,3+ Cars,No injury/unknown,RAN OFF ROAD RIGHT,39.179024,-86.5272
4,6,1500.0,2-Car,No injury/unknown,FOLLOWING TOO CLOSELY,39.179024,-86.539616
8,2,1500.0,2-Car,No injury/unknown,FOLLOWING TOO CLOSELY,39.179024,-86.5272
10,6,1400.0,2-Car,Non-incapacitating,FOLLOWING TOO CLOSELY,39.179024,-86.539616
11,3,1100.0,2-Car,Non-incapacitating,FAILURE TO YIELD RIGHT OF WAY,39.179024,-86.5272
11,1,1800.0,Pedestrian,Non-incapacitating,OTHER (DRIVER) - EXPLAIN IN NARRATIVE,39.179024,-86.5272
4,5,1200.0,2-Car,No injury/unknown,UNSAFE BACKING,39.179022,-86.528328
4,3,1400.0,2-Car,No injury/unknown,UNSAFE BACKING,39.17902034,-86.52837376
8,4,1300.0,2-Car,No injury/unknown,FAILURE TO YIELD RIGHT OF WAY,39.17902034,-86.52836511
1,4,1700.0,2-Car,No injury/unknown,FOLLOWING TOO CLOSELY,39.17902,-86.52705
1,5,1500.0,2-Car,No injury/unknown,SPEED TOO FAST FOR WEATHER CONDITIONS,39.17902,-86.5211
9,6,2100.0,2-Car,No injury/unknown,FAILURE TO YIELD RIGHT OF WAY,39.17902,-86.52705
11,7,2100.0,3+ Cars,Non-incapacitating,FOLLOWING TOO CLOSELY,39.17902,-86.5225
6,1,200.0,1-Car,No injury/unknown,DISREGARD SIGNAL/REG SIGN,39.1790197,-86.52705028
10,6,1400.0,2-Car,No injury/unknown,FOLLOWING TOO CLOSELY,39.17901822,-86.53067379
6,2,2100.0,2-Car,No injury/unknown,UNSAFE BACKING,39.17900881,-86.53875006
1,2,700.0,2-Car,No injury/unknown,UNSAFE BACKING,39.179008,-86.525888
5,2,1200.0,2-Car,No injury/unknown,UNSAFE BACKING,39.179008,-86.525888
7,5,1600.0,2-Car,No injury/unknown,UNSAFE BACKING,39.179008,-86.525888
7,3,1200.0,3+ Cars,No injury/unknown,DRIVER DISTRACTED - EXPLAIN IN NARRATIVE,39.179008,-86.525888
8,3,2200.0,2-Car,No injury/unknown,UNSAFE BACKING,39.179008,-86.525888
10,1,900.0,2-Car,No injury/unknown,UNSAFE SPEED,39.179008,-86.525888
11,4,1800.0,3+ Cars,No injury/unknown,FOLLOWING TOO CLOSELY,39.179008,-86.525888
11,2,2300.0,1-Car,No injury/unknown,OTHER (DRIVER) - EXPLAIN IN NARRATIVE,39.179008,-86.525888
7,3,1600.0,2-Car,Non-incapacitating,OTHER (DRIVER) - EXPLAIN IN NARRATIVE,39.1790062,-86.51178391
10,7,1100.0,2-Car,No injury/unknown,FOLLOWING TOO CLOSELY,39.1789951,-86.5379684
3,7,1400.0,2-Car,No injury/unknown,FAILURE TO YIELD RIGHT OF WAY,39.178992,-86.537792
4,5,2000.0,2-Car,No injury/unknown,DISREGARD SIGNAL/REG SIGN,39.178992,-86.537792
5,5,1400.0,2-Car,Non-incapacitating,FOLLOWING TOO CLOSELY,39.178992,-86.537792
5,1,1700.0,2-Car,No injury/unknown,FOLLOWING TOO CLOSELY,39.178992,-86.523504
6,7,1600.0,2-Car,No injury/unknown,FOLLOWING TOO CLOSELY,39.178992,-86.523504
6,5,1200.0,2-Car,No injury/unknown,FAILURE TO YIELD RIGHT OF WAY,39.178992,-86.537792
7,7,100.0,Moped/Motorcycle,Non-incapacitating,FAILURE TO YIELD RIGHT OF WAY,39.178992,-86.537792
8,1,2300.0,2-Car,No injury/unknown,DISREGARD SIGNAL/REG SIGN,39.178992,-86.537792
9,1,1900.0,2-Car,No injury/unknown,UNSAFE BACKING,39.178992,-86.537792
10,5,1500.0,2-Car,Non-incapacitating,DRIVER DISTRACTED - EXPLAIN IN NARRATIVE,39.178992,-86.537792
10,4,1800.0,3+ Cars,No injury/unknown,FOLLOWING TOO CLOSELY,39.178992,-86.537792
10,6,800.0,2-Car,No injury/unknown,DISREGARD SIGNAL/REG SIGN,39.178992,-86.537792
10,7,1700.0,2-Car,No injury/unknown,FOLLOWING TOO CLOSELY,39.178992,-86.537792
11,4,1700.0,2-Car,No injury/unknown,FAILURE TO YIELD RIGHT OF WAY,39.178992,-86.537792
11,1,1900.0,2-Car,No injury/unknown,IMPROPER TURNING,39.178992,-86.523504
7,7,500.0,Pedestrian,Non-incapacitating,OTHER (DRIVER) - EXPLAIN IN NARRATIVE,39.17898879,-86.53743914
2,3,1700.0,3+ Cars,No injury/unknown,FOLLOWING TOO CLOSELY,39.17897761,-86.53620843
1,3,1800.0,2-Car,No injury/unknown,SPEED TOO FAST FOR WEATHER CONDITIONS,39.178976,-86.536032
2,5,900.0,2-Car,No injury/unknown,FAILURE TO YIELD RIGHT OF WAY,39.178976,-86.536032
10,6,2000.0,2-Car,No injury/unknown,UNSAFE BACKING,39.1789711,-86.52199837
11,5,1600.0,2-Car,No injury/unknown,FOLLOWING TOO CLOSELY,39.17897,-86.53349
11,7,0.0,1-Car,No injury/unknown,OTHER (DRIVER) - EXPLAIN IN NARRATIVE,39.1789674,-86.51087388
4,6,1600.0,3+ Cars,Non-incapacitating,FOLLOWING TOO CLOSELY,39.17896215,-86.52126442
4,6,900.0,1-Car,No injury/unknown,UNSAFE BACKING,39.17896,-86.521088
4,7,1200.0,2-Car,No injury/unknown,IMPROPER TURNING,39.17896,-86.53472
4,4,2200.0,2-Car,No injury/unknown,UNSAFE BACKING,39.17896,-86.53472
5,2,2100.0,2-Car,No injury/unknown,DISREGARD SIGNAL/REG SIGN,39.17896,-86.53472
8,7,1200.0,2-Car,No injury/unknown,FOLLOWING TOO CLOSELY,39.17896,-86.521088
9,6,1000.0,2-Car,No injury/unknown,UNSAFE SPEED,39.17896,-86.521088
9,6,1900.0,2-Car,No injury/unknown,FAILURE TO YIELD RIGHT OF WAY,39.17896,-86.53472
10,5,900.0,2-Car,Non-incapacitating,FAILURE TO YIELD RIGHT OF WAY,39.17896,-86.53472
10,6,1200.0,2-Car,No injury/unknown,IMPROPER PASSING,39.17896,-86.53472
10,4,2100.0,2-Car,No injury/unknown,UNSAFE SPEED,39.17896,-86.53472
10,6,1500.0,2-Car,No injury/unknown,FAILURE TO YIELD RIGHT OF WAY,39.17896,-86.53472
11,2,1600.0,2-Car,No injury/unknown,FAILURE TO YIELD RIGHT OF WAY,39.17896,-86.521088
11,7,800.0,2-Car,No injury/unknown,IMPROPER LANE USAGE,39.17896,-86.521088
12,1,1700.0,2-Car,No injury/unknown,OTHER (DRIVER) - EXPLAIN IN NARRATIVE,39.17896,-86.53472
12,1,0.0,2-Car,No injury/unknown,FAILURE TO YIELD RIGHT OF WAY,39.17896,-86.53472
5,4,1400.0,2-Car,No injury/unknown,FOLLOWING TOO CLOSELY,39.17895785,-86.52094687
7,4,1500.0,2-Car,Non-incapacitating,FOLLOWING TOO CLOSELY,39.17895701,-86.53321635
12,7,1200.0,Moped/Motorcycle,No injury/unknown,OTHER (DRIVER) - EXPLAIN IN NARRATIVE,39.17895065,-86.52955121
8,2,1100.0,2-Car,No injury/unknown,OTHER (VEHICLE) - EXPLAIN IN NARRATIVE,39.1789454,-86.52013144
3,3,1500.0,3+ Cars,Non-incapacitating,DISREGARD SIGNAL/REG SIGN,39.178944,-86.533392
3,4,1600.0,3+ Cars,No injury/unknown,UNSAFE LANE MOVEMENT,39.178944,-86.533392
6,2,800.0,2-Car,Non-incapacitating,SPEED TOO FAST FOR WEATHER CONDITIONS,39.178944,-86.533392
8,2,1500.0,2-Car,No injury/unknown,FOLLOWING TOO CLOSELY,39.178944,-86.533392
8,6,1600.0,3+ Cars,No injury/unknown,FOLLOWING TOO CLOSELY,39.178944,-86.5296
12,2,2000.0,2-Car,No injury/unknown,FAILURE TO YIELD RIGHT OF WAY,39.17893608,-86.51952122
8,4,400.0,2-Car,No injury/unknown,OTHER (DRIVER) - EXPLAIN IN NARRATIVE,39.17893546,-86.58298
4,6,1400.0,2-Car,No injury/unknown,DISREGARD SIGNAL/REG SIGN,39.178928,-86.518992
4,3,1700.0,Bus,No injury/unknown,UNSAFE BACKING,39.178928,-86.518992
4,6,1600.0,2-Car,No injury/unknown,IMPROPER LANE USAGE,39.178928,-86.518992
8,2,1600.0,2-Car,No injury/unknown,IMPROPER PASSING,39.178928,-86.518992
11,4,1800.0,2-Car,No injury/unknown,UNSAFE BACKING,39.1788867,-86.52719648
1,3,1500.0,Bus,No injury/unknown,FOLLOWING TOO CLOSELY,39.17885983,-86.51246693
4,1,1800.0,2-Car,No injury/unknown,FAILURE TO YIELD RIGHT OF WAY,39.17885983,-86.51089736
2,7,1800.0,2-Car,No injury/unknown,UNSAFE BACKING,39.178848,-86.511088
3,6,1600.0,2-Car,No injury/unknown,FOLLOWING TOO CLOSELY,39.178848,-86.511088
3,6,1100.0,2-Car,No injury/unknown,IMPROPER TURNING,39.178848,-86.511088
3,6,1400.0,2-Car,No injury/unknown,FOLLOWING TOO CLOSELY,39.178848,-86.511088
4,3,1700.0,2-Car,No injury/unknown,FAILURE TO YIELD RIGHT OF WAY,39.178848,-86.511088
4,7,1100.0,1-Car,No injury/unknown,OTHER (DRIVER) - EXPLAIN IN NARRATIVE,39.178848,-86.511088
4,2,1200.0,2-Car,No injury/unknown,FOLLOWING TOO CLOSELY,39.178848,-86.511088
4,6,1600.0,2-Car,No injury/unknown,FOLLOWING TOO CLOSELY,39.178848,-86.511088
4,4,1900.0,Pedestrian,Non-incapacitating,PEDESTRIAN ACTION,39.178848,-86.511088
5,5,2300.0,2-Car,No injury/unknown,UNSAFE BACKING,39.178848,-86.51144
5,7,1300.0,3+ Cars,No injury/unknown,FOLLOWING TOO CLOSELY,39.178848,-86.511088
6,5,1300.0,1-Car,No injury/unknown,OTHER (VEHICLE) - EXPLAIN IN NARRATIVE,39.178848,-86.495296
8,3,1500.0,Moped/Motorcycle,Non-incapacitating,VIEW OBSTRUCTED,39.178848,-86.51192519
8,7,700.0,1-Car,No injury/unknown,ANIMAL/OBJECT IN ROADWAY,39.178848,-86.51144088
9,5,1600.0,2-Car,No injury/unknown,FOLLOWING TOO CLOSELY,39.178848,-86.511088
11,6,1900.0,1-Car,No injury/unknown,IMPROPER LANE USAGE,39.178848,-86.51144
11,2,1300.0,2-Car,No injury/unknown,UNSAFE BACKING,39.178848,-86.511088
12,6,0.0,2-Car,No injury/unknown,FAILURE TO YIELD RIGHT OF WAY,39.178848,-86.511088
12,4,1900.0,2-Car,No injury/unknown,FAILURE TO YIELD RIGHT OF WAY,39.178848,-86.511088
12,3,1100.0,2-Car,No injury/unknown,OTHER (ENVIRONMENTAL) - EXPLAIN IN NARR,39.178848,-86.511088
2,6,200.0,1-Car,No injury/unknown,RAN OFF ROAD RIGHT,39.17876566,-86.52838307
9,7,2100.0,3+ Cars,No injury/unknown,OTHER (DRIVER) - EXPLAIN IN NARRATIVE,39.17876536,-86.53085152
5,7,900.0,3+ Cars,Incapacitating,FAILURE TO YIELD RIGHT OF WAY,39.17869919,-86.58316993
9,6,1700.0,3+ Cars,Non-incapacitating,FOLLOWING TOO CLOSELY,39.17867905,-86.53884
7,6,1600.0,2-Car,No injury/unknown,LEFT OF CENTER,39.17828808,-86.50596415
6,4,0.0,1-Car,No injury/unknown,ANIMAL/OBJECT IN ROADWAY,39.17818586,-86.4759551
12,1,1100.0,2-Car,No injury/unknown,OTHER (DRIVER) - EXPLAIN IN NARRATIVE,39.17800784,-86.51889301
6,7,2000.0,2-Car,No injury/unknown,TIRE FAILURE OR DEFECTIVE,39.177952,-86.523504
10,5,900.0,2-Car,No injury/unknown,FOLLOWING TOO CLOSELY,39.17784,-86.533408
10,2,1700.0,3+ Cars,Non-incapacitating,FOLLOWING TOO CLOSELY,39.17784,-86.533408
10,7,2000.0,2-Car,No injury/unknown,IMPROPER LANE USAGE,39.17782174,-86.53270502
2,7,1200.0,2-Car,No injury/unknown,UNSAFE BACKING,39.17781747,-86.53086367
1,2,1600.0,2-Car,No injury/unknown,UNSAFE LANE MOVEMENT,39.177808,-86.532176
10,2,1500.0,2-Car,No injury/unknown,FAILURE TO YIELD RIGHT OF WAY,39.177808,-86.532176
1,6,1900.0,2-Car,No injury/unknown,UNSAFE BACKING,39.177792,-86.530864
2,4,2100.0,2-Car,No injury/unknown,UNSAFE BACKING,39.177792,-86.530864
12,7,1700.0,2-Car,No injury/unknown,FAILURE TO YIELD RIGHT OF WAY,39.177792,-86.530864
3,3,1700.0,2-Car,No injury/unknown,FAILURE TO YIELD RIGHT OF WAY,39.177776,-86.5296
10,1,300.0,2-Car,No injury/unknown,OTHER (DRIVER) - EXPLAIN IN NARRATIVE,39.17777208,-86.52944327
5,4,1900.0,Pedestrian,Non-incapacitating,FAILURE TO YIELD RIGHT OF WAY,39.177744,-86.53776
5,2,1800.0,2-Car,No injury/unknown,FAILURE TO YIELD RIGHT OF WAY,39.177744,-86.536048
8,2,1700.0,2-Car,No injury/unknown,FOLLOWING TOO CLOSELY,39.177744,-86.53776
9,7,2000.0,2-Car,No injury/unknown,UNSAFE LANE MOVEMENT,39.177744,-86.536048
10,7,1500.0,2-Car,No injury/unknown,UNSAFE BACKING,39.177744,-86.52832
10,6,1900.0,2-Car,No injury/unknown,IMPROPER PASSING,39.177744,-86.583079
10,5,2000.0,2-Car,No injury/unknown,UNSAFE SPEED,39.177744,-86.52832
9,6,0.0,2-Car,No injury/unknown,FOLLOWING TOO CLOSELY,39.17762944,-86.56951267
5,1,2100.0,1-Car,No injury/unknown,ANIMAL/OBJECT IN ROADWAY,39.1775537,-86.5612041
7,3,1400.0,2-Car,Non-incapacitating,DRIVER DISTRACTED - EXPLAIN IN NARRATIVE,39.1775537,-86.5612041
4,7,1000.0,2-Car,No injury/unknown,SPEED TOO FAST FOR WEATHER CONDITIONS,39.177552,-86.547104
1,3,1100.0,1-Car,No injury/unknown,SPEED TOO FAST FOR WEATHER CONDITIONS,39.1774,-86.56199941
3,4,1300.0,2-Car,No injury/unknown,SPEED TOO FAST FOR WEATHER CONDITIONS,39.17737768,-86.5609886
8,5,1500.0,2-Car,No injury/unknown,IMPROPER PASSING,39.17737768,-86.5609886
6,5,2300.0,1-Car,Non-incapacitating,ANIMAL/OBJECT IN ROADWAY,39.1773722,-86.47737644
11,1,1100.0,2-Car,Non-incapacitating,UNSAFE SPEED,39.1773722,-86.47737644
9,7,1300.0,2-Car,No injury/unknown,FOLLOWING TOO CLOSELY,39.17729242,-86.47752004
11,2,900.0,1-Car,No injury/unknown,RAN OFF ROAD RIGHT,39.17721444,-86.55907256
1,4,1000.0,2-Car,No injury/unknown,IMPROPER PASSING,39.17715465,-86.53473389
8,2,1400.0,2-Car,No injury/unknown,UNSAFE BACKING,39.17704,-86.52342171
12,3,1300.0,1-Car,No injury/unknown,IMPROPER TURNING,39.17704,-86.5588
10,7,1100.0,2-Car,No injury/unknown,UNSAFE BACKING,39.17697,-86.52702
1,6,1700.0,2-Car,No injury/unknown,OTHER (DRIVER) - EXPLAIN IN NARRATIVE,39.17694817,-86.53483
2,7,300.0,2-Car,No injury/unknown,FAILURE TO YIELD RIGHT OF WAY,39.176944,-86.528272
3,4,1700.0,2-Car,No injury/unknown,FAILURE TO YIELD RIGHT OF WAY,39.176944,-86.528272
4,3,1900.0,Moped/Motorcycle,Non-incapacitating,FAILURE TO YIELD RIGHT OF WAY,39.176944,-86.528272
3,4,2200.0,2-Car,Non-incapacitating,FOLLOWING TOO CLOSELY,39.1769145,-86.53970007
12,7,1500.0,2-Car,No injury/unknown,OTHER (DRIVER) - EXPLAIN IN NARRATIVE,39.176896,-86.53088
9,5,1000.0,2-Car,No injury/unknown,UNSAFE BACKING,39.17685832,-86.542096
1,6,1300.0,2-Car,No injury/unknown,UNSAFE BACKING,39.176848,-86.552592
2,7,1000.0,1-Car,No injury/unknown,RAN OFF ROAD RIGHT,39.176848,-86.533424
3,3,1500.0,2-Car,No injury/unknown,FOLLOWING TOO CLOSELY,39.176848,-86.478192
4,2,1600.0,2-Car,No injury/unknown,UNSAFE LANE MOVEMENT,39.176848,-86.533424
4,5,1700.0,2-Car,No injury/unknown,FAILURE TO YIELD RIGHT OF WAY,39.176848,-86.478192
4,2,1700.0,2-Car,No injury/unknown,FOLLOWING TOO CLOSELY,39.176848,-86.478192
5,2,1600.0,2-Car,No injury/unknown,FOLLOWING TOO CLOSELY,39.176848,-86.478192
6,7,2300.0,3+ Cars,No injury/unknown,DRIVER DISTRACTED - EXPLAIN IN NARRATIVE,39.176848,-86.478192
8,3,2100.0,2-Car,No injury/unknown,DRIVER DISTRACTED - EXPLAIN IN NARRATIVE,39.176848,-86.478192
9,5,1600.0,2-Car,No injury/unknown,DISREGARD SIGNAL/REG SIGN,39.176848,-86.478192
11,6,100.0,2-Car,No injury/unknown,DISREGARD SIGNAL/REG SIGN,39.176848,-86.478192
11,2,1800.0,2-Car,No injury/unknown,FAILURE TO YIELD RIGHT OF WAY,39.176848,-86.478192
12,1,1800.0,2-Car,Non-incapacitating,FOLLOWING TOO CLOSELY,39.176848,-86.478192
9,5,1100.0,2-Car,Non-incapacitating,DRIVER DISTRACTED - EXPLAIN IN NARRATIVE,39.17678633,-86.56211299
10,1,1200.0,Moped/Motorcycle,Non-incapacitating,IMPROPER PASSING,39.17677649,-86.47139
5,2,1300.0,2-Car,No injury/unknown,UNSAFE LANE MOVEMENT,39.17676129,-86.542096
6,4,1000.0,2-Car,Non-incapacitating,DRIVER DISTRACTED - EXPLAIN IN NARRATIVE,39.17674594,-86.56216082
11,6,1900.0,Bus,No injury/unknown,FOLLOWING TOO CLOSELY,39.17668635,-86.47847728
9,6,900.0,2-Car,No injury/unknown,FOLLOWING TOO CLOSELY,39.17664497,-86.56228041
4,3,1700.0,Cyclist,Non-incapacitating,FAILURE TO YIELD RIGHT OF WAY,39.17664,-86.539712
9,2,900.0,2-Car,No injury/unknown,DISREGARD SIGNAL/REG SIGN,39.17664,-86.538496
1,7,1900.0,2-Car,No injury/unknown,OTHER (DRIVER) - EXPLAIN IN NARRATIVE,39.176544,-86.5624
3,6,1600.0,3+ Cars,No injury/unknown,UNSAFE LANE MOVEMENT,39.176544,-86.5624
8,7,1400.0,2-Car,Non-incapacitating,FOLLOWING TOO CLOSELY,39.176544,-86.5624
9,5,1400.0,3+ Cars,No injury/unknown,UNSAFE LANE MOVEMENT,39.176544,-86.5624
9,7,1400.0,3+ Cars,Non-incapacitating,FOLLOWING TOO CLOSELY,39.176544,-86.5624
11,3,1100.0,2-Car,No injury/unknown,FOLLOWING TOO CLOSELY,39.176544,-86.5624
11,4,1800.0,2-Car,Non-incapacitating,FOLLOWING TOO CLOSELY,39.176544,-86.5624
12,4,1700.0,3+ Cars,No injury/unknown,FOLLOWING TOO CLOSELY,39.176544,-86.5624
9,2,2000.0,Bus,No injury/unknown,OTHER (DRIVER) - EXPLAIN IN NARRATIVE,39.17653,-86.5099373
10,4,1600.0,Bus,No injury/unknown,IMPROPER LANE USAGE,39.17653,-86.50991611
10,5,1800.0,2-Car,No injury/unknown,UNSAFE BACKING,39.17653,-86.5099373
10,1,1200.0,2-Car,No injury/unknown,OTHER (VEHICLE) - EXPLAIN IN NARRATIVE,39.17653,-86.50992
4,6,1800.0,2-Car,No injury/unknown,UNSAFE BACKING,39.17649317,-86.51882584
8,5,1600.0,3+ Cars,No injury/unknown,FOLLOWING TOO CLOSELY,39.17646468,-86.56232831
1,5,1300.0,1-Car,No injury/unknown,ROADWAY SURFACE CONDITION,39.17643097,-86.5364409
5,3,600.0,1-Car,No injury/unknown,ANIMAL/OBJECT IN ROADWAY,39.17635934,-86.56266121
6,1,1200.0,2-Car,No injury/unknown,SPEED TOO FAST FOR WEATHER CONDITIONS,39.17635934,-86.56266121
4,5,2000.0,2-Car,No injury/unknown,UNSAFE BACKING,39.17632928,-86.52712458
11,7,1000.0,3+ Cars,No injury/unknown,OTHER (DRIVER) - EXPLAIN IN NARRATIVE,39.17626701,-86.56279182
11,3,1200.0,2-Car,No injury/unknown,UNSAFE BACKING,39.17625234,-86.49542234
9,3,1200.0,2-Car,No injury/unknown,,39.17624,-86.52584
12,2,1600.0,3+ Cars,No injury/unknown,FAILURE TO YIELD RIGHT OF WAY,39.176192,-86.52712
4,2,1700.0,2-Car,No injury/unknown,FAILURE TO YIELD RIGHT OF WAY,39.17616,-86.528224
3,2,1100.0,2-Car,No injury/unknown,FAILURE TO YIELD RIGHT OF WAY,39.176144,-86.523504
3,2,0.0,2-Car,No injury/unknown,UNSAFE BACKING,39.17612549,-86.51898236
3,4,1600.0,2-Car,No injury/unknown,IMPROPER TURNING,39.17611,-86.52701
10,3,1500.0,1-Car,No injury/unknown,RAN OFF ROAD RIGHT,39.17604,-86.52245346
4,7,2100.0,2-Car,No injury/unknown,FAILURE TO YIELD RIGHT OF WAY,39.176,-86.530896
2,6,700.0,2-Car,No injury/unknown,OTHER (DRIVER) - EXPLAIN IN NARRATIVE,39.175984,-86.534736
9,3,1900.0,2-Car,No injury/unknown,OTHER (DRIVER) - EXPLAIN IN NARRATIVE,39.175984,-86.534736
11,3,300.0,1-Car,No injury/unknown,OTHER (DRIVER) - EXPLAIN IN NARRATIVE,39.175984,-86.534736
12,6,700.0,Bus,No injury/unknown,DISREGARD SIGNAL/REG SIGN,39.175984,-86.534736
9,1,2100.0,2-Car,No injury/unknown,FOLLOWING TOO CLOSELY,39.17597466,-86.51641
2,7,1000.0,2-Car,No injury/unknown,SPEED TOO FAST FOR WEATHER CONDITIONS,39.175952,-86.53344
8,4,0.0,2-Car,No injury/unknown,IMPROPER LANE USAGE,39.175952,-86.53344
9,4,1800.0,2-Car,Non-incapacitating,FAILURE TO YIELD RIGHT OF WAY,39.175952,-86.53344
9,6,1500.0,2-Car,No injury/unknown,IMPROPER LANE USAGE,39.175952,-86.53344
11,2,1100.0,2-Car,Non-incapacitating,FAILURE TO YIELD RIGHT OF WAY,39.175952,-86.53344
4,1,300.0,2-Car,Non-incapacitating,UNSAFE SPEED,39.17595,-86.53356
11,4,2100.0,1-Car,No injury/unknown,ANIMAL/OBJECT IN ROADWAY,39.17590674,-86.46687023
2,4,1400.0,2-Car,No injury/unknown,FOLLOWING TOO CLOSELY,39.17562068,-86.56370604
9,2,1200.0,2-Car,No injury/unknown,IMPROPER TURNING,39.175594,-86.531515
1,4,1600.0,2-Car,No injury/unknown,OTHER (DRIVER) - EXPLAIN IN NARRATIVE,39.175553,-86.509179
5,2,0.0,1-Car,No injury/unknown,UNSAFE SPEED,39.175552,-86.528192
7,6,1600.0,1-Car,No injury/unknown,UNSAFE SPEED,39.17551488,-86.52735061
7,4,1800.0,2-Car,No injury/unknown,FAILURE TO YIELD RIGHT OF WAY,39.17550727,-86.52349127