Month,Day,Hour,Collision Type,Injury Type,Primary Factor,Latitude,Longitude
1,4,1100.0,2-Car,No injury/unknown,FAILURE TO YIELD RIGHT OF WAY,39.175504,-86.527104
2,2,1300.0,2-Car,No injury/unknown,FAILURE TO YIELD RIGHT OF WAY,39.175504,-86.527104
3,7,1300.0,3+ Cars,No injury/unknown,FAILURE TO YIELD RIGHT OF WAY,39.175504,-86.527104
4,6,1300.0,2-Car,No injury/unknown,FAILURE TO YIELD RIGHT OF WAY,39.175504,-86.527104
4,5,1400.0,3+ Cars,No injury/unknown,FAILURE TO YIELD RIGHT OF WAY,39.175504,-86.527104
5,7,700.0,1-Car,Non-incapacitating,OTHER (DRIVER) - EXPLAIN IN NARRATIVE,39.175504,-86.527104
11,6,1600.0,2-Car,No injury/unknown,FAILURE TO YIELD RIGHT OF WAY,39.175504,-86.527104
11,1,1600.0,2-Car,Non-incapacitating,FAILURE TO YIELD RIGHT OF WAY,39.175504,-86.527104
11,4,1700.0,Cyclist,Non-incapacitating,FAILURE TO YIELD RIGHT OF WAY,39.175504,-86.527104
11,3,1500.0,2-Car,No injury/unknown,FAILURE TO YIELD RIGHT OF WAY,39.175504,-86.527104
1,7,2200.0,2-Car,Non-incapacitating,FAILURE TO YIELD RIGHT OF WAY,39.17544,-86.525824
2,7,2100.0,2-Car,No injury/unknown,DISREGARD SIGNAL/REG SIGN,39.17544,-86.525824
2,4,2300.0,2-Car,No injury/unknown,FAILURE TO YIELD RIGHT OF WAY,39.17544,-86.525824
2,7,200.0,3+ Cars,No injury/unknown,RAN OFF ROAD RIGHT,39.17536961,-86.49557588
5,6,2300.0,2-Car,No injury/unknown,OTHER (DRIVER) - EXPLAIN IN NARRATIVE,39.17536961,-86.49557588
4,4,1400.0,2-Car,No injury/unknown,,39.175344,-86.523488
6,6,0.0,2-Car,No injury/unknown,UNSAFE SPEED,39.17529894,-86.538512
11,4,1500.0,2-Car,Non-incapacitating,UNSAFE BACKING,39.17524114,-86.51896409
1,6,1500.0,3+ Cars,No injury/unknown,FAILURE TO YIELD RIGHT OF WAY,39.175232,-86.520976
9,1,1900.0,2-Car,No injury/unknown,FAILURE TO YIELD RIGHT OF WAY,39.175232,-86.520976
10,7,0.0,2-Car,No injury/unknown,OTHER (DRIVER) - EXPLAIN IN NARRATIVE,39.17521746,-86.52061527
1,5,900.0,2-Car,No injury/unknown,SPEED TOO FAST FOR WEATHER CONDITIONS,39.175152,-86.518992
3,1,1700.0,1-Car,No injury/unknown,OVERCORRECTING/OVERSTEERING,39.175152,-86.518992
9,5,0.0,2-Car,No injury/unknown,UNSAFE BACKING,39.175152,-86.548048
10,1,1700.0,Pedestrian,Incapacitating,UNSAFE BACKING,39.175152,-86.54949273
10,4,2200.0,3+ Cars,No injury/unknown,OVERCORRECTING/OVERSTEERING,39.175152,-86.518992
11,6,1600.0,2-Car,No injury/unknown,UNSAFE BACKING,39.175152,-86.538512
3,7,400.0,1-Car,No injury/unknown,BRAKE FAILURE OR DEFECTIVE,39.17513055,-86.4814988
5,6,1200.0,2-Car,No injury/unknown,OTHER (VEHICLE) - EXPLAIN IN NARRATIVE,39.17513055,-86.4814694
1,5,1600.0,2-Car,No injury/unknown,SPEED TOO FAST FOR WEATHER CONDITIONS,39.175113,-86.519036
4,7,1400.0,2-Car,No injury/unknown,IMPROPER TURNING,39.17488547,-86.534752
8,3,1100.0,2-Car,No injury/unknown,UNSAFE BACKING,39.174544,-86.479792
9,6,100.0,2-Car,No injury/unknown,IMPROPER LANE USAGE,39.174448,-86.529696
3,2,1900.0,2-Car,No injury/unknown,LEFT OF CENTER,39.174416,-86.530992
12,7,2200.0,3+ Cars,No injury/unknown,OTHER (DRIVER) - EXPLAIN IN NARRATIVE,39.174416,-86.530992
9,1,2300.0,2-Car,No injury/unknown,IMPROPER TURNING,39.17437653,-86.53612
10,4,1800.0,Bus,No injury/unknown,OVERCORRECTING/OVERSTEERING,39.174368,-86.527088
11,2,1800.0,Cyclist,Non-incapacitating,OTHER (DRIVER) - EXPLAIN IN NARRATIVE,39.174368,-86.527088
8,2,2100.0,2-Car,Non-incapacitating,DISREGARD SIGNAL/REG SIGN,39.17435958,-86.52698457
10,6,900.0,2-Car,No injury/unknown,OTHER (DRIVER) - EXPLAIN IN NARRATIVE,39.17435201,-86.54951785
5,6,1600.0,2-Car,Non-incapacitating,BRAKE FAILURE OR DEFECTIVE,39.174352,-86.547104
8,5,1900.0,Pedestrian,Non-incapacitating,PEDESTRIAN ACTION,39.174352,-86.548
9,6,2000.0,2-Car,No injury/unknown,SPEED TOO FAST FOR WEATHER CONDITIONS,39.174352,-86.533472
3,7,800.0,2-Car,No injury/unknown,DISREGARD SIGNAL/REG SIGN,39.17435,-86.52699
11,3,1300.0,2-Car,No injury/unknown,FAILURE TO YIELD RIGHT OF WAY,39.17434998,-86.52698993
10,7,1800.0,2-Car,No injury/unknown,FAILURE TO YIELD RIGHT OF WAY,39.17434,-86.52584
1,5,1200.0,1-Car,No injury/unknown,SPEED TOO FAST FOR WEATHER CONDITIONS,39.174336,-86.525808
4,4,1300.0,2-Car,No injury/unknown,UNSAFE LANE MOVEMENT,39.17433062,-86.534752
12,3,800.0,1-Car,Non-incapacitating,RAN OFF ROAD RIGHT,39.1742456,-86.51158275
1,7,1200.0,2-Car,No injury/unknown,LEFT OF CENTER,39.1741,-86.492509
5,7,1600.0,Moped/Motorcycle,Non-incapacitating,UNSAFE SPEED,39.1741,-86.492509
1,4,1500.0,2-Car,No injury/unknown,SPEED TOO FAST FOR WEATHER CONDITIONS,39.1740787,-86.49051471
12,1,1100.0,2-Car,No injury/unknown,OTHER (DRIVER) - EXPLAIN IN NARRATIVE,39.17405597,-86.534752
12,1,1100.0,2-Car,No injury/unknown,OTHER (DRIVER) - EXPLAIN IN NARRATIVE,39.17405597,-86.534752
4,4,1400.0,Bus,No injury/unknown,FAILURE TO YIELD RIGHT OF WAY,39.174048,-86.518896
11,3,1900.0,Cyclist,Non-incapacitating,FAILURE TO YIELD RIGHT OF WAY,39.174048,-86.518896
11,3,1900.0,Pedestrian,Non-incapacitating,FAILURE TO YIELD RIGHT OF WAY,39.174048,-86.518896
11,4,2300.0,3+ Cars,No injury/unknown,FAILURE TO YIELD RIGHT OF WAY,39.173884,-86.526979
4,2,1100.0,1-Car,No injury/unknown,,39.17378527,-86.52828
5,4,1100.0,2-Car,No injury/unknown,UNSAFE BACKING,39.17364542,-86.51618343
2,7,300.0,3+ Cars,No injury/unknown,OTHER (DRIVER) - EXPLAIN IN NARRATIVE,39.173552,-86.515488
4,2,1300.0,2-Car,No injury/unknown,IMPROPER TURNING,39.173552,-86.515488
10,6,1700.0,2-Car,No injury/unknown,FOLLOWING TOO CLOSELY,39.173552,-86.515488
11,2,1400.0,2-Car,No injury/unknown,FAILURE TO YIELD RIGHT OF WAY,39.173552,-86.515488
11,1,1800.0,3+ Cars,No injury/unknown,CELL PHONE USAGE,39.173552,-86.515488
5,1,2000.0,1-Car,No injury/unknown,CELL PHONE USAGE,39.17352489,-86.55523062
11,4,1400.0,2-Car,No injury/unknown,,39.17350763,-86.51532103
9,2,1100.0,Cyclist,Non-incapacitating,FAILURE TO YIELD RIGHT OF WAY,39.17344883,-86.52583659
2,3,400.0,2-Car,No injury/unknown,RAN OFF ROAD RIGHT,39.17344,-86.527056
3,6,1500.0,2-Car,No injury/unknown,FAILURE TO YIELD RIGHT OF WAY,39.17344,-86.523616
4,2,2300.0,2-Car,No injury/unknown,FAILURE TO YIELD RIGHT OF WAY,39.17344,-86.523616
5,4,1500.0,2-Car,No injury/unknown,UNSAFE BACKING,39.17344,-86.522464
6,3,2300.0,2-Car,No injury/unknown,IMPROPER LANE USAGE,39.17344,-86.530992
10,5,2100.0,2-Car,No injury/unknown,FAILURE TO YIELD RIGHT OF WAY,39.17344,-86.523616
10,6,1200.0,2-Car,No injury/unknown,FAILURE TO YIELD RIGHT OF WAY,39.17344,-86.523616
10,2,900.0,2-Car,No injury/unknown,FAILURE TO YIELD RIGHT OF WAY,39.17344,-86.523616
11,5,1100.0,2-Car,No injury/unknown,FAILURE TO YIELD RIGHT OF WAY,39.17344,-86.523616
12,1,1900.0,2-Car,No injury/unknown,SPEED TOO FAST FOR WEATHER CONDITIONS,39.17344,-86.520944
4,4,1100.0,2-Car,No injury/unknown,UNSAFE BACKING,39.17342,-86.522409
9,6,1500.0,Bus,No injury/unknown,IMPROPER TURNING,39.17342,-86.52352
6,1,1800.0,2-Car,No injury/unknown,RAN OFF ROAD RIGHT,39.173344,-86.54505686
1,1,900.0,2-Car,No injury/unknown,OTHER (DRIVER) - EXPLAIN IN NARRATIVE,39.173344,-86.54980245
2,4,1500.0,2-Car,No injury/unknown,FAILURE TO YIELD RIGHT OF WAY,39.173344,-86.555104
5,3,1700.0,2-Car,No injury/unknown,UNSAFE BACKING,39.173344,-86.54734825
9,4,1100.0,3+ Cars,No injury/unknown,UNSAFE BACKING,39.173344,-86.544272
9,6,1400.0,2-Car,Non-incapacitating,UNSAFE SPEED,39.173344,-86.550304
12,6,300.0,1-Car,No injury/unknown,UNSAFE SPEED,39.173344,-86.5493208
10,3,1900.0,2-Car,No injury/unknown,SPEED TOO FAST FOR WEATHER CONDITIONS,39.17328,-86.5348
10,3,1600.0,2-Car,No injury/unknown,FAILURE TO YIELD RIGHT OF WAY,39.17328,-86.53478702
2,4,1400.0,2-Car,No injury/unknown,UNSAFE BACKING,39.17326249,-86.53670727
4,7,1500.0,2-Car,Non-incapacitating,IMPROPER TURNING,39.173248,-86.533488
8,4,1900.0,2-Car,No injury/unknown,FAILURE TO YIELD RIGHT OF WAY,39.173248,-86.533488
8,6,1900.0,2-Car,No injury/unknown,FAILURE TO YIELD RIGHT OF WAY,39.173248,-86.533488
3,5,1300.0,2-Car,No injury/unknown,FOLLOWING TOO CLOSELY,39.173232,-86.534752
4,5,1600.0,2-Car,No injury/unknown,FOLLOWING TOO CLOSELY,39.173232,-86.534752
7,2,1100.0,3+ Cars,No injury/unknown,FOLLOWING TOO CLOSELY,39.173232,-86.534752
7,5,300.0,2-Car,No injury/unknown,UNSAFE LANE MOVEMENT,39.173232,-86.534752
8,6,1700.0,Pedestrian,Non-incapacitating,RAN OFF ROAD RIGHT,39.173232,-86.534752
11,1,2100.0,2-Car,No injury/unknown,SPEED TOO FAST FOR WEATHER CONDITIONS,39.173232,-86.534752
1,4,2000.0,3+ Cars,No injury/unknown,OTHER (VEHICLE) - EXPLAIN IN NARRATIVE,39.173216,-86.536
1,4,1100.0,Bus,No injury/unknown,FAILURE TO YIELD RIGHT OF WAY,39.173216,-86.536
3,2,1400.0,2-Car,No injury/unknown,FAILURE TO YIELD RIGHT OF WAY,39.173216,-86.536
9,6,1900.0,2-Car,No injury/unknown,IMPROPER TURNING,39.17319967,-86.53691429
3,5,1200.0,Moped/Motorcycle,Incapacitating,DISREGARD SIGNAL/REG SIGN,39.173184,-86.538528
7,7,1200.0,1-Car,No injury/unknown,,39.173184,-86.537792
8,4,800.0,2-Car,No injury/unknown,DISREGARD SIGNAL/REG SIGN,39.173184,-86.538528
8,6,2100.0,2-Car,No injury/unknown,FAILURE TO YIELD RIGHT OF WAY,39.173184,-86.538528
7,7,400.0,1-Car,No injury/unknown,RAN OFF ROAD RIGHT,39.17315946,-86.5402708
12,4,900.0,2-Car,No injury/unknown,FOLLOWING TOO CLOSELY,39.173056,-86.55464
7,5,800.0,2-Car,No injury/unknown,UNSAFE LANE MOVEMENT,39.17302422,-86.56737844
1,5,2000.0,1-Car,No injury/unknown,OTHER (DRIVER) - EXPLAIN IN NARRATIVE,39.17300295,-86.51342316
2,7,1900.0,2-Car,No injury/unknown,IMPROPER TURNING,39.17300295,-86.51342316
5,4,1200.0,2-Car,No injury/unknown,UNSAFE BACKING,39.172986,-86.513406
9,3,2100.0,1-Car,No injury/unknown,RAN OFF ROAD RIGHT,39.17297448,-86.51331469
11,3,1000.0,2-Car,No injury/unknown,OVERCORRECTING/OVERSTEERING,39.17295735,-86.53475495
12,1,900.0,1-Car,No injury/unknown,RAN OFF ROAD RIGHT,39.17286025,-86.56761135
4,6,1900.0,2-Car,No injury/unknown,UNSAFE LANE MOVEMENT,39.17280226,-86.51641
3,6,1500.0,1-Car,No injury/unknown,SPEED TOO FAST FOR WEATHER CONDITIONS,39.172752,-86.482288
6,5,1600.0,2-Car,No injury/unknown,FAILURE TO YIELD RIGHT OF WAY,39.172752,-86.482288
6,2,900.0,2-Car,No injury/unknown,FOLLOWING TOO CLOSELY,39.172752,-86.482288
6,4,200.0,1-Car,No injury/unknown,DRIVER DISTRACTED - EXPLAIN IN NARRATIVE,39.172752,-86.482288
7,6,1600.0,2-Car,No injury/unknown,FOLLOWING TOO CLOSELY,39.172752,-86.482288
8,3,1200.0,Moped/Motorcycle,Non-incapacitating,DRIVER DISTRACTED - EXPLAIN IN NARRATIVE,39.172752,-86.482288
2,4,2200.0,2-Car,No injury/unknown,FAILURE TO YIELD RIGHT OF WAY,39.17264,-86.52704
5,2,700.0,2-Car,No injury/unknown,UNSAFE BACKING,39.17264,-86.528272
8,5,0.0,Moped/Motorcycle,Incapacitating,SPEED TOO FAST FOR WEATHER CONDITIONS,39.17264,-86.529696
10,6,1600.0,2-Car,No injury/unknown,FAILURE TO YIELD RIGHT OF WAY,39.17264,-86.52464
11,4,1600.0,2-Car,No injury/unknown,FAILURE TO YIELD RIGHT OF WAY,39.17264,-86.52704
10,2,1100.0,Moped/Motorcycle,No injury/unknown,FAILURE TO YIELD RIGHT OF WAY,39.17253,-86.52352
2,2,1200.0,2-Car,No injury/unknown,FAILURE TO YIELD RIGHT OF WAY,39.17252825,-86.51891463
12,2,2000.0,2-Car,No injury/unknown,FAILURE TO YIELD RIGHT OF WAY,39.17252004,-86.5224
12,7,1200.0,3+ Cars,No injury/unknown,FAILURE TO YIELD RIGHT OF WAY,39.17252004,-86.53101995
8,7,1300.0,2-Car,No injury/unknown,FAILURE TO YIELD RIGHT OF WAY,39.17252,-86.53234
6,2,700.0,Pedestrian,Non-incapacitating,DRIVER DISTRACTED - EXPLAIN IN NARRATIVE,39.1725,-86.52099308
3,5,1800.0,1-Car,No injury/unknown,OTHER (DRIVER) - EXPLAIN IN NARRATIVE,39.172342,-86.509659
3,3,300.0,1-Car,No injury/unknown,RAN OFF ROAD RIGHT,39.17234,-86.50966
4,4,2000.0,2-Car,No injury/unknown,UNSAFE BACKING,39.17234,-86.5096427
8,6,1100.0,2-Car,No injury/unknown,OTHER (VEHICLE) - EXPLAIN IN NARRATIVE,39.17234,-86.5096773
10,3,1700.0,2-Car,No injury/unknown,FOLLOWING TOO CLOSELY,39.17234,-86.50963405
4,6,500.0,1-Car,No injury/unknown,ANIMAL/OBJECT IN ROADWAY,39.17232796,-86.49530798
7,1,1300.0,2-Car,No injury/unknown,UNSAFE BACKING,39.172272,-86.487489
10,3,700.0,2-Car,No injury/unknown,OTHER (DRIVER) - EXPLAIN IN NARRATIVE,39.17220565,-86.48175371
12,3,900.0,2-Car,No injury/unknown,,39.17219684,-86.48835472
11,1,1700.0,2-Car,No injury/unknown,FAILURE TO YIELD RIGHT OF WAY,39.17215597,-86.53476357
12,6,1400.0,3+ Cars,Non-incapacitating,FOLLOWING TOO CLOSELY,39.17214794,-86.5023884
6,1,1600.0,3+ Cars,No injury/unknown,OTHER (DRIVER) - EXPLAIN IN NARRATIVE,39.172144,-86.509392
6,6,1000.0,2-Car,No injury/unknown,UNSAFE BACKING,39.172144,-86.509392
10,6,1900.0,2-Car,No injury/unknown,IMPROPER TURNING,39.172144,-86.509392
12,4,1500.0,2-Car,No injury/unknown,FAILURE TO YIELD RIGHT OF WAY,39.172144,-86.509392
10,2,700.0,2-Car,No injury/unknown,UNSAFE BACKING,39.172134,-86.481902
12,6,1900.0,1-Car,No injury/unknown,ANIMAL/OBJECT IN ROADWAY,39.172096260000004,-86.48164705
10,5,1300.0,2-Car,No injury/unknown,FOLLOWING TOO CLOSELY,39.17207328,-86.53776591
1,4,1100.0,2-Car,No injury/unknown,UNSAFE BACKING,39.17204506,-86.582992
3,2,1300.0,2-Car,Non-incapacitating,UNSAFE SPEED,39.17202295,-86.5023153
10,4,1400.0,1-Car,No injury/unknown,IMPROPER TURNING,39.172015,-86.495392
8,2,1200.0,2-Car,No injury/unknown,IMPROPER PASSING,39.17197358,-86.53867
10,4,1700.0,2-Car,Non-incapacitating,SPEED TOO FAST FOR WEATHER CONDITIONS,39.17196,-86.58298
1,4,1700.0,2-Car,No injury/unknown,FAILURE TO YIELD RIGHT OF WAY,39.17190647,-86.52354907
12,1,500.0,1-Car,No injury/unknown,RAN OFF ROAD RIGHT,39.17187028,-86.41666749
4,3,800.0,2-Car,No injury/unknown,OTHER (DRIVER) - EXPLAIN IN NARRATIVE,39.171867,-86.572395
8,1,1500.0,2-Car,No injury/unknown,UNSAFE BACKING,39.171867,-86.572395
11,5,1300.0,2-Car,No injury/unknown,,39.171867,-86.572395
1,6,1500.0,2-Car,No injury/unknown,VIEW OBSTRUCTED,39.17184,-86.582992
8,2,1600.0,2-Car,Incapacitating,DISREGARD SIGNAL/REG SIGN,39.17183,-86.57166
3,6,1600.0,2-Car,No injury/unknown,FAILURE TO YIELD RIGHT OF WAY,39.171793,-86.598321
8,3,1600.0,2-Car,Non-incapacitating,FOLLOWING TOO CLOSELY,39.171793,-86.598321
9,2,1700.0,2-Car,No injury/unknown,FAILURE TO YIELD RIGHT OF WAY,39.171793,-86.598321
7,4,1600.0,1-Car,No injury/unknown,OTHER (VEHICLE) - EXPLAIN IN NARRATIVE,39.17177667,-86.48823267
4,7,100.0,1-Car,No injury/unknown,IMPROPER TURNING,39.17177404,-86.536
1,2,1400.0,2-Car,No injury/unknown,IMPROPER TURNING,39.171744,-86.53352
1,3,800.0,2-Car,No injury/unknown,SPEED TOO FAST FOR WEATHER CONDITIONS,39.171744,-86.534768
1,5,2100.0,2-Car,Non-incapacitating,IMPROPER LANE USAGE,39.171744,-86.534768
2,3,300.0,1-Car,No injury/unknown,RAN OFF ROAD RIGHT,39.171744,-86.53352
2,5,1400.0,2-Car,No injury/unknown,DISREGARD SIGNAL/REG SIGN,39.171744,-86.534768
4,6,1500.0,2-Car,No injury/unknown,IMPROPER TURNING,39.171744,-86.534768
4,7,300.0,1-Car,Non-incapacitating,UNSAFE BACKING,39.171744,-86.53352
4,7,400.0,2-Car,No injury/unknown,OTHER (DRIVER) - EXPLAIN IN NARRATIVE,39.171744,-86.534768
5,5,1600.0,2-Car,Non-incapacitating,FOLLOWING TOO CLOSELY,39.171744,-86.534768
5,1,1100.0,2-Car,No injury/unknown,SPEED TOO FAST FOR WEATHER CONDITIONS,39.171744,-86.534768
5,5,1100.0,1-Car,No injury/unknown,OVERSIZE/OVERWEIGHT LOAD,39.171744,-86.534768
5,3,900.0,2-Car,No injury/unknown,DISREGARD SIGNAL/REG SIGN,39.171744,-86.53352
6,5,1800.0,2-Car,No injury/unknown,DISREGARD SIGNAL/REG SIGN,39.171744,-86.53352
8,4,1500.0,Moped/Motorcycle,Non-incapacitating,UNSAFE LANE MOVEMENT,39.171744,-86.534768
8,7,1400.0,2-Car,No injury/unknown,FOLLOWING TOO CLOSELY,39.171744,-86.53352
8,7,1500.0,2-Car,No injury/unknown,FOLLOWING TOO CLOSELY,39.171744,-86.534768
8,2,1700.0,2-Car,No injury/unknown,IMPROPER TURNING,39.171744,-86.534768
9,7,1800.0,2-Car,Non-incapacitating,DISREGARD SIGNAL/REG SIGN,39.171744,-86.534768
10,3,1000.0,2-Car,No injury/unknown,IMPROPER TURNING,39.171744,-86.534768
10,5,1800.0,2-Car,No injury/unknown,UNSAFE LANE MOVEMENT,39.171744,-86.534768
10,5,1900.0,2-Car,No injury/unknown,DISREGARD SIGNAL/REG SIGN,39.171744,-86.53352
10,1,100.0,2-Car,No injury/unknown,UNSAFE LANE MOVEMENT,39.171744,-86.53352
11,6,1200.0,2-Car,No injury/unknown,FAILURE TO YIELD RIGHT OF WAY,39.171744,-86.534768
12,7,1900.0,2-Car,No injury/unknown,UNSAFE LANE MOVEMENT,39.171744,-86.534768
4,5,1500.0,2-Car,No injury/unknown,FAILURE TO YIELD RIGHT OF WAY,39.171728,-86.5324
10,4,2000.0,3+ Cars,Non-incapacitating,UNSAFE SPEED,39.171728,-86.5324
5,6,1400.0,2-Car,No injury/unknown,UNSAFE BACKING,39.171712,-86.530992
5,6,1700.0,2-Car,No injury/unknown,FAILURE TO YIELD RIGHT OF WAY,39.171712,-86.530992
9,2,1800.0,2-Car,No injury/unknown,FAILURE TO YIELD RIGHT OF WAY,39.171712,-86.530992
10,7,1500.0,2-Car,No injury/unknown,FAILURE TO YIELD RIGHT OF WAY,39.171712,-86.530992
5,4,200.0,2-Car,No injury/unknown,FAILURE TO YIELD RIGHT OF WAY,39.171696,-86.529696
8,2,1700.0,Moped/Motorcycle,Non-incapacitating,FAILURE TO YIELD RIGHT OF WAY,39.171696,-86.529696
10,1,2100.0,2-Car,No injury/unknown,FAILURE TO YIELD RIGHT OF WAY,39.171696,-86.529696
10,6,1900.0,2-Car,No injury/unknown,FAILURE TO YIELD RIGHT OF WAY,39.171696,-86.529696
8,4,200.0,1-Car,No injury/unknown,RAN OFF ROAD RIGHT,39.17169236,-86.52875055
1,3,900.0,2-Car,No injury/unknown,SPEED TOO FAST FOR WEATHER CONDITIONS,39.17168,-86.527024
2,2,200.0,2-Car,No injury/unknown,FAILURE TO YIELD RIGHT OF WAY,39.17168,-86.527024
4,7,1000.0,2-Car,No injury/unknown,FOLLOWING TOO CLOSELY,39.17168,-86.527024
4,7,1600.0,2-Car,No injury/unknown,FOLLOWING TOO CLOSELY,39.17168,-86.527024
4,4,1400.0,Moped/Motorcycle,No injury/unknown,FAILURE TO YIELD RIGHT OF WAY,39.17168,-86.527024
8,3,1800.0,2-Car,No injury/unknown,FAILURE TO YIELD RIGHT OF WAY,39.17168,-86.528256
9,1,700.0,Cyclist,Non-incapacitating,DISREGARD SIGNAL/REG SIGN,39.17168,-86.527024
10,2,2200.0,2-Car,Non-incapacitating,FAILURE TO YIELD RIGHT OF WAY,39.17168,-86.528256
10,2,1000.0,2-Car,No injury/unknown,CELL PHONE USAGE,39.17168,-86.528256
12,1,1700.0,2-Car,No injury/unknown,FOLLOWING TOO CLOSELY,39.17166978,-86.48929014
9,7,2000.0,2-Car,No injury/unknown,FOLLOWING TOO CLOSELY,39.171664,-86.52576
5,2,1700.0,1-Car,No injury/unknown,OTHER (ENVIRONMENTAL) - EXPLAIN IN NARR,39.17166,-86.53358
8,6,2200.0,2-Car,No injury/unknown,IMPROPER TURNING,39.17166,-86.53358
6,5,1300.0,3+ Cars,Non-incapacitating,FOLLOWING TOO CLOSELY,39.17164801,-86.50236635
1,5,1100.0,2-Car,No injury/unknown,UNSAFE SPEED,39.171648,-86.50691158
5,1,1500.0,1-Car,No injury/unknown,UNSAFE SPEED,39.171648,-86.50691158
11,1,1800.0,2-Car,No injury/unknown,FOLLOWING TOO CLOSELY,39.171648,-86.50694686
1,2,1000.0,2-Car,No injury/unknown,OVERSIZE/OVERWEIGHT LOAD,39.171648,-86.50295229
1,7,1400.0,2-Car,No injury/unknown,OTHER (DRIVER) - EXPLAIN IN NARRATIVE,39.171648,-86.502096
1,7,1800.0,2-Car,Non-incapacitating,FOLLOWING TOO CLOSELY,39.171648,-86.502096
2,3,700.0,2-Car,No injury/unknown,OTHER (DRIVER) - EXPLAIN IN NARRATIVE,39.171648,-86.50249682
3,6,1200.0,2-Car,No injury/unknown,UNSAFE BACKING,39.171648,-86.50435515
4,6,1600.0,2-Car,No injury/unknown,FAILURE TO YIELD RIGHT OF WAY,39.171648,-86.507088
4,7,1600.0,2-Car,No injury/unknown,FAILURE TO YIELD RIGHT OF WAY,39.171648,-86.524608
4,5,700.0,2-Car,No injury/unknown,FOLLOWING TOO CLOSELY,39.171648,-86.524608
4,5,800.0,2-Car,No injury/unknown,FOLLOWING TOO CLOSELY,39.171648,-86.524608
5,1,1500.0,1-Car,No injury/unknown,RAN OFF ROAD RIGHT,39.171648,-86.507088
7,3,900.0,2-Car,No injury/unknown,DRIVER DISTRACTED - EXPLAIN IN NARRATIVE,39.171648,-86.507088
7,5,1100.0,1-Car,No injury/unknown,IMPROPER TURNING,39.171648,-86.50362639
8,6,1600.0,2-Car,No injury/unknown,UNSAFE BACKING,39.171648,-86.50435515
8,6,1700.0,2-Car,No injury/unknown,IMPROPER TURNING,39.171648,-86.50360818
8,4,1500.0,2-Car,No injury/unknown,FAILURE TO YIELD RIGHT OF WAY,39.171648,-86.524608
8,6,2100.0,2-Car,No injury/unknown,DRIVER DISTRACTED - EXPLAIN IN NARRATIVE,39.171648,-86.502096
8,3,1200.0,2-Car,No injury/unknown,UNSAFE BACKING,39.171648,-86.50643212
9,2,800.0,2-Car,No injury/unknown,FAILURE TO YIELD RIGHT OF WAY,39.171648,-86.507088
9,7,1100.0,1-Car,No injury/unknown,OVERSIZE/OVERWEIGHT LOAD,39.171648,-86.507088
10,4,2000.0,2-Car,No injury/unknown,SPEED TOO FAST FOR WEATHER CONDITIONS,39.171648,-86.502096
10,6,2200.0,2-Car,No injury/unknown,UNSAFE BACKING,39.171648,-86.50362639
11,1,200.0,2-Car,No injury/unknown,UNSAFE BACKING,39.171648,-86.50369927
11,6,1800.0,2-Car,No injury/unknown,FOLLOWING TOO CLOSELY,39.171648,-86.524608
12,7,400.0,1-Car,No injury/unknown,OVERCORRECTING/OVERSTEERING,39.171648,-86.507088
12,4,2200.0,2-Car,No injury/unknown,LEFT OF CENTER,39.171648,-86.507088
12,5,1900.0,2-Car,No injury/unknown,FOLLOWING TOO CLOSELY,39.171648,-86.502096
11,2,1400.0,2-Car,Non-incapacitating,FOLLOWING TOO CLOSELY,39.17164537,-86.52443161
8,6,1900.0,1-Car,Non-incapacitating,RAN OFF ROAD RIGHT,39.17164185,-86.56945199
3,3,1500.0,2-Car,No injury/unknown,FOLLOWING TOO CLOSELY,39.17164,-86.5235
9,6,1500.0,3+ Cars,No injury/unknown,FOLLOWING TOO CLOSELY,39.17164,-86.5235
10,2,1900.0,2-Car,Non-incapacitating,FOLLOWING TOO CLOSELY,39.17164,-86.5235
4,2,800.0,2-Car,No injury/unknown,FAILURE TO YIELD RIGHT OF WAY,39.17163713,-86.50156691
4,2,1800.0,2-Car,No injury/unknown,FOLLOWING TOO CLOSELY,39.17163351,-86.50139055
3,5,1600.0,2-Car,No injury/unknown,FOLLOWING TOO CLOSELY,39.171632,-86.52353600000001
4,1,1800.0,2-Car,No injury/unknown,OTHER (DRIVER) - EXPLAIN IN NARRATIVE,39.171632,-86.52353600000001
4,7,1300.0,2-Car,No injury/unknown,FAILURE TO YIELD RIGHT OF WAY,39.171632,-86.52353600000001
4,4,1900.0,2-Car,No injury/unknown,UNSAFE BACKING,39.171632,-86.52353600000001
5,4,700.0,Bus,No injury/unknown,FAILURE TO YIELD RIGHT OF WAY,39.171632,-86.52353600000001
8,3,1700.0,3+ Cars,Non-incapacitating,DRIVER ILLNESS,39.171632,-86.52353600000001
11,3,1800.0,2-Car,No injury/unknown,SPEED TOO FAST FOR WEATHER CONDITIONS,39.17163022,-86.52237989
4,5,1800.0,2-Car,Non-incapacitating,FOLLOWING TOO CLOSELY,39.17163,-86.52238
9,4,1900.0,2-Car,No injury/unknown,DRIVER DISTRACTED - EXPLAIN IN NARRATIVE,39.17163,-86.52238