Month,Day,Hour,Collision Type,Injury Type,Primary Factor,Latitude,Longitude
9,2,1900.0,2-Car,No injury/unknown,SPEED TOO FAST FOR WEATHER CONDITIONS,39.17163,-86.52238
10,4,1900.0,3+ Cars,Non-incapacitating,FOLLOWING TOO CLOSELY,39.17163,-86.52238303
10,6,1500.0,2-Car,No injury/unknown,FOLLOWING TOO CLOSELY,39.17163,-86.52238
10,1,2000.0,2-Car,Non-incapacitating,FAILURE TO YIELD RIGHT OF WAY,39.17161,-86.51902
11,5,1500.0,3+ Cars,No injury/unknown,FOLLOWING TOO CLOSELY,39.17161,-86.52099433
3,5,1500.0,2-Car,No injury/unknown,FAILURE TO YIELD RIGHT OF WAY,39.17160835,-86.50016626
8,3,1400.0,3+ Cars,No injury/unknown,FOLLOWING TOO CLOSELY,39.1716,-86.520896
9,4,2000.0,2-Car,No injury/unknown,FOLLOWING TOO CLOSELY,39.1716,-86.520896
11,2,1400.0,Pedestrian,Non-incapacitating,FAILURE TO YIELD RIGHT OF WAY,39.1716,-86.520896
1,4,1100.0,2-Car,No injury/unknown,DRIVER DISTRACTED - EXPLAIN IN NARRATIVE,39.171584,-86.518688
1,5,1400.0,2-Car,No injury/unknown,FOLLOWING TOO CLOSELY,39.171584,-86.518688
2,4,1900.0,2-Car,No injury/unknown,FOLLOWING TOO CLOSELY,39.171584,-86.518688
2,6,2200.0,Bus,No injury/unknown,IMPROPER LANE USAGE,39.171584,-86.518688
3,5,1000.0,1-Car,No injury/unknown,UNSAFE BACKING,39.171584,-86.518688
3,1,100.0,2-Car,Non-incapacitating,FAILURE TO YIELD RIGHT OF WAY,39.171584,-86.518688
3,3,1800.0,Pedestrian,Non-incapacitating,DISREGARD SIGNAL/REG SIGN,39.171584,-86.518688
4,2,2200.0,2-Car,No injury/unknown,FOLLOWING TOO CLOSELY,39.171584,-86.518688
6,6,700.0,1-Car,No injury/unknown,UNSAFE BACKING,39.171584,-86.518688
9,6,1100.0,2-Car,No injury/unknown,UNSAFE BACKING,39.171584,-86.518688
9,2,1900.0,Cyclist,Non-incapacitating,FAILURE TO YIELD RIGHT OF WAY,39.171584,-86.518688
9,1,1800.0,3+ Cars,No injury/unknown,SPEED TOO FAST FOR WEATHER CONDITIONS,39.171584,-86.518688
10,1,1900.0,2-Car,No injury/unknown,FOLLOWING TOO CLOSELY,39.171584,-86.518688
11,3,2200.0,1-Car,No injury/unknown,RAN OFF ROAD RIGHT,39.171584,-86.518688
5,6,1300.0,2-Car,No injury/unknown,UNSAFE LANE MOVEMENT,39.17158,-86.51248
6,2,1700.0,2-Car,No injury/unknown,FOLLOWING TOO CLOSELY,39.17158,-86.51249298
7,4,2100.0,Moped/Motorcycle,Non-incapacitating,IMPROPER PASSING,39.17158,-86.51248
8,1,1200.0,2-Car,No injury/unknown,DRIVER DISTRACTED - EXPLAIN IN NARRATIVE,39.17158,-86.51248
9,7,2000.0,3+ Cars,No injury/unknown,CELL PHONE USAGE,39.17158,-86.51248
9,6,1600.0,2-Car,No injury/unknown,FOLLOWING TOO CLOSELY,39.17158,-86.51247741
12,6,800.0,1-Car,No injury/unknown,OVERSIZE/OVERWEIGHT LOAD,39.17157993,-86.51247985
12,1,1400.0,2-Car,No injury/unknown,FOLLOWING TOO CLOSELY,39.17157993,-86.51249715
12,5,1800.0,2-Car,No injury/unknown,UNSAFE BACKING,39.17157993,-86.51247985
2,4,1400.0,2-Car,No injury/unknown,UNSAFE BACKING,39.17157747,-86.51808392
3,1,1300.0,2-Car,No injury/unknown,UNSAFE BACKING,39.17157747,-86.51808392
8,2,1800.0,2-Car,No injury/unknown,UNSAFE BACKING,39.17157747,-86.51808392
10,2,2300.0,1-Car,No injury/unknown,ACCELERATOR FAILURE OR DEFECTIVE,39.17157747,-86.51808392
10,4,0.0,2-Car,No injury/unknown,OTHER (DRIVER) - EXPLAIN IN NARRATIVE,39.171558,-86.510279
2,5,2300.0,Pedestrian,Non-incapacitating,FAILURE TO YIELD RIGHT OF WAY,39.17155495,-86.50940701
2,6,1900.0,2-Car,No injury/unknown,UNSAFE BACKING,39.17155495,-86.49926418
2,6,1200.0,2-Car,No injury/unknown,OTHER (DRIVER) - EXPLAIN IN NARRATIVE,39.17155495,-86.50224214
2,1,1400.0,2-Car,No injury/unknown,FOLLOWING TOO CLOSELY,39.17155495,-86.50944435
3,6,2100.0,2-Car,Non-incapacitating,DISREGARD SIGNAL/REG SIGN,39.17155495,-86.50224214
12,7,1900.0,2-Car,No injury/unknown,FOLLOWING TOO CLOSELY,39.17155391,-86.51590441
1,3,1800.0,2-Car,No injury/unknown,FAILURE TO YIELD RIGHT OF WAY,39.171552,-86.515728
2,2,1700.0,2-Car,Non-incapacitating,FOLLOWING TOO CLOSELY,39.171552,-86.515728
4,7,1000.0,2-Car,Non-incapacitating,DISREGARD SIGNAL/REG SIGN,39.171552,-86.515728
4,6,1300.0,2-Car,No injury/unknown,FOLLOWING TOO CLOSELY,39.171552,-86.515728
4,5,1200.0,2-Car,No injury/unknown,UNSAFE SPEED,39.171552,-86.515728
8,2,1600.0,Pedestrian,Non-incapacitating,OTHER (DRIVER) - EXPLAIN IN NARRATIVE,39.171552,-86.515728
8,2,1700.0,2-Car,No injury/unknown,IMPROPER PASSING,39.171552,-86.515728
2,6,1500.0,Pedestrian,Non-incapacitating,PEDESTRIAN ACTION,39.17155153,-86.51247991
5,2,1600.0,2-Car,No injury/unknown,IMPROPER TURNING,39.17155,-86.509449
11,5,2100.0,2-Car,No injury/unknown,UNSAFE BACKING,39.17155,-86.509449
12,6,1400.0,2-Car,No injury/unknown,UNSAFE SPEED,39.17154708,-86.51537521
11,5,1400.0,2-Car,No injury/unknown,FOLLOWING TOO CLOSELY,39.17154567,-86.49707538
3,3,2200.0,1-Car,No injury/unknown,ANIMAL/OBJECT IN ROADWAY,39.171538,-86.498594
5,4,1400.0,2-Car,No injury/unknown,UNSAFE BACKING,39.17153496,-86.49654629
8,3,1400.0,2-Car,No injury/unknown,FOLLOWING TOO CLOSELY,39.17153031,-86.50220967
9,1,1700.0,2-Car,No injury/unknown,FOLLOWING TOO CLOSELY,39.17153031,-86.50220967
2,3,1700.0,2-Car,Non-incapacitating,IMPROPER LANE USAGE,39.171504,-86.495312
3,4,1200.0,2-Car,No injury/unknown,UNSAFE LANE MOVEMENT,39.171504,-86.495312
5,7,2300.0,2-Car,No injury/unknown,FAILURE TO YIELD RIGHT OF WAY,39.171504,-86.495312
5,7,1500.0,2-Car,No injury/unknown,BRAKE FAILURE OR DEFECTIVE,39.171504,-86.495312
5,6,500.0,1-Car,Non-incapacitating,UNSAFE SPEED,39.171504,-86.495312
7,6,1700.0,1-Car,No injury/unknown,RAN OFF ROAD RIGHT,39.171504,-86.495312
8,4,1300.0,2-Car,No injury/unknown,OTHER (DRIVER) - EXPLAIN IN NARRATIVE,39.171504,-86.512288
9,5,2200.0,2-Car,No injury/unknown,FOLLOWING TOO CLOSELY,39.171504,-86.495312
11,1,1500.0,2-Car,Non-incapacitating,SPEED TOO FAST FOR WEATHER CONDITIONS,39.171504,-86.495312
9,4,1200.0,1-Car,Non-incapacitating,OTHER (DRIVER) - EXPLAIN IN NARRATIVE,39.1715,-86.493134
1,7,1000.0,1-Car,No injury/unknown,SPEED TOO FAST FOR WEATHER CONDITIONS,39.17149,-86.49538
6,4,1200.0,2-Car,No injury/unknown,UNSAFE BACKING,39.17148231,-86.51031409
2,6,1600.0,2-Car,No injury/unknown,UNSAFE BACKING,39.17148188,-86.51027501
9,4,1300.0,2-Car,No injury/unknown,UNSAFE BACKING,39.17148145,-86.51023592
8,6,2000.0,Cyclist,Non-incapacitating,FAILURE TO YIELD RIGHT OF WAY,39.17147588,-86.50972881
3,6,1200.0,2-Car,No injury/unknown,FAILURE TO YIELD RIGHT OF WAY,39.17147491,-86.50964061
4,6,1900.0,2-Car,No injury/unknown,FOLLOWING TOO CLOSELY,39.17147491,-86.50964061
12,7,1500.0,3+ Cars,No injury/unknown,FOLLOWING TOO CLOSELY,39.17147491,-86.50964061
8,2,2200.0,2-Car,No injury/unknown,FAILURE TO YIELD RIGHT OF WAY,39.17147433,-86.50958769
1,4,1700.0,2-Car,Non-incapacitating,FAILURE TO YIELD RIGHT OF WAY,39.171472,-86.509376
4,2,1200.0,2-Car,No injury/unknown,IMPROPER TURNING,39.171472,-86.509376
8,7,0.0,2-Car,No injury/unknown,FAILURE TO YIELD RIGHT OF WAY,39.171472,-86.509376
9,5,1500.0,2-Car,No injury/unknown,OTHER (DRIVER) - EXPLAIN IN NARRATIVE,39.171472,-86.509376
9,6,2100.0,2-Car,No injury/unknown,UNSAFE BACKING,39.171472,-86.509376
9,5,0.0,2-Car,No injury/unknown,FOLLOWING TOO CLOSELY,39.171472,-86.509376
10,4,2000.0,2-Car,No injury/unknown,UNSAFE BACKING,39.171472,-86.509376
1,6,800.0,3+ Cars,No injury/unknown,OTHER (DRIVER) - EXPLAIN IN NARRATIVE,39.17146957,-86.49538394
8,4,1900.0,2-Car,No injury/unknown,FOLLOWING TOO CLOSELY,39.17146936,-86.53352366
10,2,2200.0,2-Car,No injury/unknown,,39.17142613,-86.52352692
1,5,1500.0,1-Car,No injury/unknown,SPEED TOO FAST FOR WEATHER CONDITIONS,39.17141,-86.50721865
8,4,1100.0,2-Car,No injury/unknown,FAILURE TO YIELD RIGHT OF WAY,39.17134677,-86.51575067
6,3,700.0,2-Car,No injury/unknown,,39.171248,-86.481328
6,3,800.0,2-Car,No injury/unknown,,39.171248,-86.481328
12,5,1800.0,1-Car,No injury/unknown,OTHER (VEHICLE) - EXPLAIN IN NARRATIVE,39.171248,-86.481328
8,1,1900.0,2-Car,No injury/unknown,FAILURE TO YIELD RIGHT OF WAY,39.17119738,-86.50937067
10,4,1200.0,2-Car,No injury/unknown,UNSAFE BACKING,39.17105829,-86.53352914
5,3,700.0,1-Car,Incapacitating,UNSAFE SPEED,39.17095389,-86.6813754
12,4,2100.0,1-Car,No injury/unknown,UNSAFE SPEED,39.17095028,-86.57031029
8,4,900.0,1-Car,No injury/unknown,OTHER (DRIVER) - EXPLAIN IN NARRATIVE,39.17093584,-86.536
10,6,800.0,Pedestrian,Non-incapacitating,OTHER (ENVIRONMENTAL) - EXPLAIN IN NARR,39.17093144,-86.56891162
10,6,800.0,Pedestrian,No injury/unknown,OTHER (ENVIRONMENTAL) - EXPLAIN IN NARR,39.17093144,-86.56891162
10,6,800.0,2-Car,No injury/unknown,OTHER (ENVIRONMENTAL) - EXPLAIN IN NARR,39.17093144,-86.56891162
8,2,2200.0,2-Car,Non-incapacitating,OTHER (DRIVER) - EXPLAIN IN NARRATIVE,39.17092315,-86.57029132
1,4,2200.0,2-Car,No injury/unknown,IMPROPER TURNING,39.17091135,-86.534768
7,2,2000.0,2-Car,No injury/unknown,UNSAFE BACKING,39.17091135,-86.534768
8,2,1200.0,2-Car,No injury/unknown,UNSAFE BACKING,39.17088686,-86.534768
1,3,1700.0,1-Car,No injury/unknown,SPEED TOO FAST FOR WEATHER CONDITIONS,39.17087,-86.49085
5,5,1400.0,Cyclist,Non-incapacitating,FAILURE TO YIELD RIGHT OF WAY,39.17086788,-86.51580355
11,3,1600.0,2-Car,No injury/unknown,FAILURE TO YIELD RIGHT OF WAY,39.1707889,-86.53353274
3,7,1100.0,2-Car,No injury/unknown,FOLLOWING TOO CLOSELY,39.17072,-86.4956
11,2,1400.0,2-Car,No injury/unknown,FOLLOWING TOO CLOSELY,39.17072,-86.4956
9,4,1500.0,2-Car,No injury/unknown,UNSAFE LANE MOVEMENT,39.17068125,-86.52349406
8,6,1500.0,1-Car,No injury/unknown,IMPROPER TURNING,39.17065502,-86.5234929
1,5,900.0,2-Car,No injury/unknown,OTHER (DRIVER) - EXPLAIN IN NARRATIVE,39.17064813,-86.50936
11,1,1900.0,Pedestrian,Non-incapacitating,FAILURE TO YIELD RIGHT OF WAY,39.170624,-86.512468
9,7,1100.0,2-Car,No injury/unknown,UNSAFE LANE MOVEMENT,39.170544,-86.52555158
1,3,500.0,2-Car,No injury/unknown,SPEED TOO FAST FOR WEATHER CONDITIONS,39.170544,-86.534768
2,3,2100.0,2-Car,No injury/unknown,FAILURE TO YIELD RIGHT OF WAY,39.170544,-86.526992
4,1,0.0,2-Car,No injury/unknown,FAILURE TO YIELD RIGHT OF WAY,39.170544,-86.52824
4,6,1000.0,2-Car,No injury/unknown,FAILURE TO YIELD RIGHT OF WAY,39.170544,-86.534768
5,2,1900.0,2-Car,No injury/unknown,FAILURE TO YIELD RIGHT OF WAY,39.170544,-86.533536
8,4,1700.0,1-Car,No injury/unknown,IMPROPER TURNING,39.170544,-86.52456
8,1,100.0,2-Car,No injury/unknown,IMPROPER TURNING,39.170544,-86.533536
9,1,300.0,2-Car,No injury/unknown,OTHER (DRIVER) - EXPLAIN IN NARRATIVE,39.170544,-86.52824
9,5,1300.0,Moped/Motorcycle,Non-incapacitating,FAILURE TO YIELD RIGHT OF WAY,39.170544,-86.536
9,1,100.0,2-Car,No injury/unknown,UNSAFE BACKING,39.170544,-86.534768
9,6,1700.0,Cyclist,Non-incapacitating,WRONG WAY ON ONE WAY,39.170544,-86.530992
11,1,200.0,2-Car,No injury/unknown,FAILURE TO YIELD RIGHT OF WAY,39.170544,-86.52946312
9,5,2000.0,2-Car,No injury/unknown,UNSAFE LANE MOVEMENT,39.17051654,-86.53476844
10,1,1700.0,2-Car,No injury/unknown,FAILURE TO YIELD RIGHT OF WAY,39.17046,-86.52977
3,4,1800.0,2-Car,No injury/unknown,UNSAFE BACKING,39.17045,-86.527941
10,4,1600.0,2-Car,No injury/unknown,FAILURE TO YIELD RIGHT OF WAY,39.170448,-86.540992
2,6,1900.0,2-Car,No injury/unknown,IMPROPER TURNING,39.17043138,-86.53480848
7,3,500.0,2-Car,No injury/unknown,,39.17040668,-86.53477022
12,7,1600.0,2-Car,No injury/unknown,OTHER (VEHICLE) - EXPLAIN IN NARRATIVE,39.17040668,-86.53477022
10,5,1200.0,2-Car,No injury/unknown,SPEED TOO FAST FOR WEATHER CONDITIONS,39.17026746,-86.57269554
5,4,700.0,2-Car,No injury/unknown,FOLLOWING TOO CLOSELY,39.17024,-86.501392
6,4,0.0,1-Car,No injury/unknown,DRIVER ASLEEP OR FATIGUED,39.17024,-86.501392
9,1,1700.0,2-Car,No injury/unknown,FOLLOWING TOO CLOSELY,39.17024,-86.501392
12,1,2200.0,2-Car,No injury/unknown,DRIVER DISTRACTED - EXPLAIN IN NARRATIVE,39.17024,-86.501392
12,6,1900.0,2-Car,Non-incapacitating,FOLLOWING TOO CLOSELY,39.17024,-86.501392
12,6,2100.0,3+ Cars,No injury/unknown,FOLLOWING TOO CLOSELY,39.17024,-86.501392
6,5,900.0,2-Car,No injury/unknown,,39.17015035,-86.52402
1,7,1100.0,2-Car,No injury/unknown,OTHER (DRIVER) - EXPLAIN IN NARRATIVE,39.17013213,-86.55274
1,7,1500.0,2-Car,No injury/unknown,UNSAFE BACKING,39.170074,-86.576423
3,4,1400.0,2-Car,No injury/unknown,UNSAFE BACKING,39.170074,-86.576423
8,7,1800.0,2-Car,No injury/unknown,UNSAFE BACKING,39.170074,-86.576423
10,5,1200.0,2-Car,No injury/unknown,UNSAFE BACKING,39.170074,-86.576423
3,2,1400.0,2-Car,No injury/unknown,UNSAFE BACKING,39.16999083,-86.49227006
1,2,900.0,2-Car,No injury/unknown,FAILURE TO YIELD RIGHT OF WAY,39.16995,-86.55009269
7,2,1300.0,2-Car,No injury/unknown,FOLLOWING TOO CLOSELY,39.16985607,-86.50120003
6,1,1700.0,2-Car,No injury/unknown,UNSAFE BACKING,39.16985,-86.489225
4,3,1500.0,1-Car,Non-incapacitating,DISREGARD SIGNAL/REG SIGN,39.16984,-86.549696
8,6,1400.0,2-Car,No injury/unknown,IMPROPER TURNING,39.16975445,-86.53354874
4,7,1600.0,1-Car,No injury/unknown,OTHER (DRIVER) - EXPLAIN IN NARRATIVE,39.1697342,-86.53478106
8,2,1200.0,2-Car,No injury/unknown,OTHER (DRIVER) - EXPLAIN IN NARRATIVE,39.1697342,-86.53478106
8,3,1600.0,2-Car,No injury/unknown,OTHER (DRIVER) - EXPLAIN IN NARRATIVE,39.1697342,-86.53478106
11,3,1700.0,2-Car,Non-incapacitating,UNSAFE SPEED,39.169728,-86.5548
11,6,2300.0,Moped/Motorcycle,Non-incapacitating,UNSAFE SPEED,39.1697,-86.54964
2,6,1300.0,2-Car,No injury/unknown,LEFT OF CENTER,39.16968,-86.552192
2,2,1000.0,2-Car,No injury/unknown,OTHER (DRIVER) - EXPLAIN IN NARRATIVE,39.16968,-86.552192
1,6,1300.0,2-Car,No injury/unknown,UNSAFE LANE MOVEMENT,39.169648,-86.52824
3,6,1600.0,2-Car,No injury/unknown,FAILURE TO YIELD RIGHT OF WAY,39.169648,-86.52824
10,4,1500.0,2-Car,No injury/unknown,IMPROPER TURNING,39.169632,-86.544192
11,3,800.0,2-Car,No injury/unknown,LEFT OF CENTER,39.1696,-86.54104
9,6,1200.0,2-Car,No injury/unknown,IMPROPER LANE USAGE,39.16959,-86.54644
11,2,1300.0,2-Car,Non-incapacitating,FAILURE TO YIELD RIGHT OF WAY,39.169584,-86.538576
10,6,1300.0,2-Car,No injury/unknown,UNSAFE BACKING,39.169568,-86.536
1,6,1500.0,2-Car,No injury/unknown,FAILURE TO YIELD RIGHT OF WAY,39.169552,-86.534784
1,5,1500.0,Pedestrian,Non-incapacitating,SPEED TOO FAST FOR WEATHER CONDITIONS,39.169552,-86.534784
2,7,1000.0,1-Car,No injury/unknown,SPEED TOO FAST FOR WEATHER CONDITIONS,39.169552,-86.534784
5,5,1600.0,2-Car,No injury/unknown,UNSAFE LANE MOVEMENT,39.169552,-86.534784
6,7,0.0,2-Car,No injury/unknown,UNSAFE LANE MOVEMENT,39.169552,-86.533552
6,7,2300.0,2-Car,No injury/unknown,UNSAFE BACKING,39.169552,-86.533552
7,5,1400.0,2-Car,No injury/unknown,FAILURE TO YIELD RIGHT OF WAY,39.169552,-86.533552
7,7,2000.0,2-Car,No injury/unknown,UNSAFE LANE MOVEMENT,39.169552,-86.533552
8,4,1700.0,2-Car,No injury/unknown,FAILURE TO YIELD RIGHT OF WAY,39.169552,-86.529696
9,7,100.0,2-Car,No injury/unknown,OTHER (DRIVER) - EXPLAIN IN NARRATIVE,39.169552,-86.529264
9,7,2300.0,2-Car,Non-incapacitating,FAILURE TO YIELD RIGHT OF WAY,39.169552,-86.534784
10,7,400.0,2-Car,No injury/unknown,OTHER (DRIVER) - EXPLAIN IN NARRATIVE,39.169552,-86.533552
11,3,300.0,Pedestrian,Incapacitating,PEDESTRIAN ACTION,39.169552,-86.5324
12,2,1500.0,2-Car,Non-incapacitating,FAILURE TO YIELD RIGHT OF WAY,39.169552,-86.530992
12,5,1700.0,2-Car,No injury/unknown,FAILURE TO YIELD RIGHT OF WAY,39.169552,-86.533552
12,7,1300.0,2-Car,No injury/unknown,IMPROPER TURNING,39.169552,-86.533552
11,6,1700.0,2-Car,No injury/unknown,FAILURE TO YIELD RIGHT OF WAY,39.16951,-86.53484
1,1,1500.0,2-Car,No injury/unknown,UNSAFE BACKING,39.1695,-86.50502
2,7,400.0,2-Car,No injury/unknown,UNSAFE BACKING,39.1694854,-86.53360637
6,7,2300.0,2-Car,No injury/unknown,UNSAFE BACKING,39.16944422,-86.49792484
10,2,2200.0,2-Car,No injury/unknown,IMPROPER PASSING,39.16944214,-86.5324
10,1,1600.0,2-Car,No injury/unknown,OTHER (VEHICLE) - EXPLAIN IN NARRATIVE,39.16938894,-86.51771252
1,5,700.0,1-Car,Non-incapacitating,SPEED TOO FAST FOR WEATHER CONDITIONS,39.169312,-86.495888
1,5,1000.0,1-Car,No injury/unknown,SPEED TOO FAST FOR WEATHER CONDITIONS,39.169312,-86.495888
11,5,1600.0,2-Car,No injury/unknown,FAILURE TO YIELD RIGHT OF WAY,39.169312,-86.495888
3,6,1600.0,2-Car,Non-incapacitating,FOLLOWING TOO CLOSELY,39.16921765,-86.51598578
9,4,2000.0,2-Car,No injury/unknown,FAILURE TO YIELD RIGHT OF WAY,39.16921765,-86.51598578
9,2,1900.0,1-Car,No injury/unknown,OVERCORRECTING/OVERSTEERING,39.16906734,-86.54286
1,7,2100.0,2-Car,No injury/unknown,DRIVER DISTRACTED - EXPLAIN IN NARRATIVE,39.16906146,-86.52699
3,3,1900.0,2-Car,No injury/unknown,UNSAFE BACKING,39.16904296,-86.51526
1,7,400.0,3+ Cars,No injury/unknown,ROADWAY SURFACE CONDITION,39.16899,-86.47933
4,2,900.0,2-Car,Non-incapacitating,DRIVER DISTRACTED - EXPLAIN IN NARRATIVE,39.16897866,-86.538576
12,7,1800.0,3+ Cars,No injury/unknown,DRIVER DISTRACTED - EXPLAIN IN NARRATIVE,39.16896024,-86.50075211
2,5,1100.0,2-Car,No injury/unknown,FOLLOWING TOO CLOSELY,39.168944,-86.516016
9,4,2000.0,2-Car,No injury/unknown,SPEED TOO FAST FOR WEATHER CONDITIONS,39.168944,-86.516016
9,2,800.0,2-Car,No injury/unknown,FAILURE TO YIELD RIGHT OF WAY,39.168944,-86.516016
9,4,1200.0,Moped/Motorcycle,Non-incapacitating,FAILURE TO YIELD RIGHT OF WAY,39.168944,-86.516016
10,4,1500.0,2-Car,No injury/unknown,FOLLOWING TOO CLOSELY,39.168944,-86.516016
11,3,1400.0,2-Car,No injury/unknown,FOLLOWING TOO CLOSELY,39.168944,-86.516016
9,2,1300.0,Cyclist,Non-incapacitating,IMPROPER PASSING,39.16890743,-86.51566631
9,1,1900.0,2-Car,Non-incapacitating,SPEED TOO FAST FOR WEATHER CONDITIONS,39.16888243,-86.51617527
10,3,900.0,Cyclist,Non-incapacitating,FAILURE TO YIELD RIGHT OF WAY,39.16885,-86.51616
10,2,1700.0,Cyclist,No injury/unknown,DISREGARD SIGNAL/REG SIGN,39.16885,-86.51616
10,2,1700.0,Cyclist,Non-incapacitating,DISREGARD SIGNAL/REG SIGN,39.16885,-86.51616
11,5,1200.0,2-Car,No injury/unknown,FAILURE TO YIELD RIGHT OF WAY,39.168848,-86.481296
5,6,600.0,1-Car,No injury/unknown,RAN OFF ROAD RIGHT,39.16884494,-86.47939506
4,1,2300.0,1-Car,No injury/unknown,RAN OFF ROAD RIGHT,39.16882608,-86.66352563
5,3,1300.0,2-Car,Non-incapacitating,FOLLOWING TOO CLOSELY,39.16879717,-86.57458574
7,2,800.0,2-Car,No injury/unknown,UNSAFE BACKING,39.16877732,-86.52822618
5,7,1200.0,2-Car,No injury/unknown,FAILURE TO YIELD RIGHT OF WAY,39.16876,-86.57642
2,2,2100.0,2-Car,No injury/unknown,UNSAFE BACKING,39.168752,-86.5436
7,3,1700.0,2-Car,No injury/unknown,UNSAFE BACKING,39.168752,-86.5436
3,1,100.0,1-Car,No injury/unknown,UNSAFE BACKING,39.16871445,-86.53356669
10,7,300.0,2-Car,No injury/unknown,UNSAFE BACKING,39.16871445,-86.53356669
8,6,1400.0,Cyclist,Non-incapacitating,IMPROPER PASSING,39.16871,-86.5139
10,5,2300.0,2-Car,No injury/unknown,OTHER (VEHICLE) - EXPLAIN IN NARRATIVE,39.16871,-86.51389567
8,4,1800.0,2-Car,No injury/unknown,IMPROPER LANE USAGE,39.168704,-86.53875242
6,5,800.0,2-Car,No injury/unknown,UNSAFE BACKING,39.168704,-86.5452
8,3,1600.0,2-Car,No injury/unknown,FOLLOWING TOO CLOSELY,39.168704,-86.538576
8,4,800.0,2-Car,No injury/unknown,FAILURE TO YIELD RIGHT OF WAY,39.16869518,-86.53787042
2,2,1600.0,2-Car,No injury/unknown,UNSAFE BACKING,39.16869029,-86.53747886
2,5,1700.0,2-Car,No injury/unknown,IMPROPER PASSING,39.16868989,-86.48675014
3,6,1400.0,2-Car,No injury/unknown,FOLLOWING TOO CLOSELY,39.168672,-86.536
9,3,1000.0,2-Car,No injury/unknown,OTHER (DRIVER) - EXPLAIN IN NARRATIVE,39.168672,-86.536
11,3,1100.0,2-Car,Non-incapacitating,SPEED TOO FAST FOR WEATHER CONDITIONS,39.168672,-86.536
5,5,1300.0,2-Car,No injury/unknown,UNSAFE BACKING,39.16865646,-86.53481928
5,6,500.0,Pedestrian,Non-incapacitating,PEDESTRIAN ACTION,39.168656,-86.534784
8,7,1000.0,2-Car,No injury/unknown,FAILURE TO YIELD RIGHT OF WAY,39.168656,-86.534784
10,5,1800.0,Pedestrian,Non-incapacitating,FAILURE TO YIELD RIGHT OF WAY,39.168656,-86.534784
12,4,1400.0,2-Car,No injury/unknown,UNSAFE BACKING,39.168656,-86.534784
3,3,2000.0,2-Car,No injury/unknown,,39.16864,-86.528224
3,5,1800.0,2-Car,No injury/unknown,DRIVER DISTRACTED - EXPLAIN IN NARRATIVE,39.16864,-86.530992
3,1,2000.0,2-Car,No injury/unknown,FAILURE TO YIELD RIGHT OF WAY,39.16864,-86.533568
4,4,1200.0,3+ Cars,No injury/unknown,FOLLOWING TOO CLOSELY,39.16864,-86.533568
4,6,1800.0,2-Car,No injury/unknown,UNSAFE BACKING,39.16864,-86.526944
7,2,1100.0,2-Car,No injury/unknown,BRAKE FAILURE OR DEFECTIVE,39.16864,-86.528224
7,5,1500.0,1-Car,No injury/unknown,,39.16864,-86.529696
7,1,1900.0,2-Car,No injury/unknown,IMPROPER TURNING,39.16864,-86.533568
7,6,1100.0,2-Car,No injury/unknown,IMPROPER LANE USAGE,39.16864,-86.533568
8,7,300.0,2-Car,No injury/unknown,UNSAFE LANE MOVEMENT,39.16864,-86.530992
8,6,1400.0,2-Car,No injury/unknown,IMPROPER TURNING,39.16864,-86.530992
9,4,900.0,Bus,No injury/unknown,FAILURE TO YIELD RIGHT OF WAY,39.16864,-86.533568
9,3,2000.0,2-Car,No injury/unknown,UNSAFE LANE MOVEMENT,39.16864,-86.533568
9,4,2100.0,Pedestrian,Non-incapacitating,FAILURE TO YIELD RIGHT OF WAY,39.16864,-86.529696
9,4,700.0,2-Car,No injury/unknown,UNSAFE LANE MOVEMENT,39.16864,-86.533568
10,5,100.0,2-Car,No injury/unknown,UNSAFE LANE MOVEMENT,39.16864,-86.533568
10,6,1200.0,Cyclist,Non-incapacitating,FAILURE TO YIELD RIGHT OF WAY,39.16864,-86.533568
10,1,300.0,2-Car,No injury/unknown,IMPROPER TURNING,39.16864,-86.5324
11,6,1700.0,2-Car,No injury/unknown,OTHER (DRIVER) - EXPLAIN IN NARRATIVE,39.16864,-86.529696
11,1,1300.0,2-Car,Non-incapacitating,DISREGARD SIGNAL/REG SIGN,39.16864,-86.5324
11,3,1200.0,2-Car,No injury/unknown,UNSAFE BACKING,39.16864,-86.533568
11,2,2300.0,2-Car,No injury/unknown,UNSAFE BACKING,39.16864,-86.5324
12,1,0.0,2-Car,No injury/unknown,OTHER (DRIVER) - EXPLAIN IN NARRATIVE,39.16864,-86.529696
12,1,1200.0,2-Car,Non-incapacitating,UNSAFE SPEED,39.16864,-86.530992
9,4,1700.0,2-Car,No injury/unknown,UNSAFE BACKING,39.16861781,-86.52243407
8,5,1800.0,1-Car,No injury/unknown,UNSAFE BACKING,39.16858267,-86.52091725
3,7,1500.0,Moped/Motorcycle,Non-incapacitating,FAILURE TO YIELD RIGHT OF WAY,39.168576,-86.5496
1,3,1900.0,2-Car,No injury/unknown,FOLLOWING TOO CLOSELY,39.16856,-86.53486