Month,Day,Hour,Collision Type,Injury Type,Primary Factor,Latitude,Longitude
11,4,900.0,Cyclist,Non-incapacitating,LEFT OF CENTER,39.16855314,-86.51964238
4,2,1400.0,2-Car,No injury/unknown,FOLLOWING TOO CLOSELY,39.16854625,-86.51238497
2,3,1800.0,2-Car,No injury/unknown,FAILURE TO YIELD RIGHT OF WAY,39.16854283,-86.53101937
8,4,700.0,2-Car,No injury/unknown,UNSAFE BACKING,39.16851,-86.52823702
11,6,1500.0,2-Car,No injury/unknown,FOLLOWING TOO CLOSELY,39.16850269,-86.52694155
4,2,1400.0,3+ Cars,No injury/unknown,OTHER (DRIVER) - EXPLAIN IN NARRATIVE,39.16847,-86.520745
2,3,2300.0,2-Car,No injury/unknown,UNSAFE BACKING,39.16846087,-86.52108527
2,2,1900.0,Bus,No injury/unknown,OTHER (DRIVER) - EXPLAIN IN NARRATIVE,39.16845746,-86.52346354
12,1,1900.0,1-Car,No injury/unknown,HOLES/RUTS IN SURFACE,39.16839618,-86.55259028
2,4,1800.0,2-Car,Non-incapacitating,FAILURE TO YIELD RIGHT OF WAY,39.16837891,-86.5830023
4,7,1700.0,1-Car,No injury/unknown,ROADWAY SURFACE CONDITION,39.16836,-86.58300598
7,5,1700.0,2-Car,No injury/unknown,FAILURE TO YIELD RIGHT OF WAY,39.168269,-86.576396
1,6,1900.0,1-Car,No injury/unknown,ROADWAY SURFACE CONDITION,39.168192,-86.49504
9,5,1400.0,1-Car,No injury/unknown,ANIMAL/OBJECT IN ROADWAY,39.168192,-86.49504
10,4,200.0,2-Car,No injury/unknown,RAN OFF ROAD RIGHT,39.168192,-86.507024
6,5,1700.0,2-Car,No injury/unknown,FAILURE TO YIELD RIGHT OF WAY,39.16815393,-86.53497924
11,2,100.0,2-Car,No injury/unknown,,39.16814669,-86.51085091
4,1,1400.0,2-Car,No injury/unknown,UNSAFE BACKING,39.168144,-86.510992
2,2,1800.0,2-Car,No injury/unknown,FOLLOWING TOO CLOSELY,39.16812347,-86.51611253
3,4,2100.0,3+ Cars,No injury/unknown,IMPROPER LANE USAGE,39.16811698,-86.53117
7,4,1000.0,2-Car,No injury/unknown,,39.16811657,-86.536
12,7,1100.0,2-Car,No injury/unknown,OTHER (DRIVER) - EXPLAIN IN NARRATIVE,39.16803807,-86.57621853
5,6,1500.0,2-Car,No injury/unknown,FOLLOWING TOO CLOSELY,39.16803046,-86.53265697
4,5,1300.0,3+ Cars,No injury/unknown,OTHER (DRIVER) - EXPLAIN IN NARRATIVE,39.167817,-86.576129
8,2,800.0,2-Car,No injury/unknown,OTHER (DRIVER) - EXPLAIN IN NARRATIVE,39.167802,-86.538677
10,3,2100.0,2-Car,No injury/unknown,IMPROPER TURNING,39.16778743,-86.536
11,3,1400.0,2-Car,No injury/unknown,OTHER (DRIVER) - EXPLAIN IN NARRATIVE,39.16776,-86.503616
4,7,1300.0,2-Car,No injury/unknown,IMPROPER LANE USAGE,39.167744,-86.526928
7,6,1300.0,Pedestrian,Incapacitating,OTHER (DRIVER) - EXPLAIN IN NARRATIVE,39.167744,-86.526928
10,5,1600.0,2-Car,No injury/unknown,OVERCORRECTING/OVERSTEERING,39.167728,-86.528208
8,1,1600.0,2-Car,No injury/unknown,,39.16771527,-86.52939233
2,5,1400.0,2-Car,No injury/unknown,UNSAFE BACKING,39.167712,-86.529696
5,1,1200.0,2-Car,No injury/unknown,FAILURE TO YIELD RIGHT OF WAY,39.16768,-86.538592
5,7,1900.0,1-Car,No injury/unknown,RAN OFF ROAD RIGHT,39.16768,-86.539808
5,6,1500.0,2-Car,No injury/unknown,FAILURE TO YIELD RIGHT OF WAY,39.16768,-86.538592
10,4,1500.0,2-Car,No injury/unknown,FAILURE TO YIELD RIGHT OF WAY,39.16768,-86.538592
10,7,1000.0,2-Car,No injury/unknown,FAILURE TO YIELD RIGHT OF WAY,39.16767782,-86.53841561
5,3,1100.0,2-Car,No injury/unknown,UNSAFE BACKING,39.16767,-86.576029
8,1,1200.0,2-Car,No injury/unknown,IMPROPER TURNING,39.16767,-86.576029
10,6,1400.0,2-Car,No injury/unknown,FOLLOWING TOO CLOSELY,39.16767,-86.576029
1,6,1700.0,2-Car,No injury/unknown,DRIVER DISTRACTED - EXPLAIN IN NARRATIVE,39.167664,-86.536
4,3,1800.0,3+ Cars,No injury/unknown,DRIVER DISTRACTED - EXPLAIN IN NARRATIVE,39.167664,-86.537296
6,3,1500.0,2-Car,No injury/unknown,IMPROPER TURNING,39.167664,-86.537296
6,3,1300.0,2-Car,No injury/unknown,OTHER (DRIVER) - EXPLAIN IN NARRATIVE,39.167664,-86.5324
7,6,1300.0,2-Car,No injury/unknown,UNSAFE BACKING,39.167664,-86.5324
10,1,1300.0,2-Car,Non-incapacitating,FAILURE TO YIELD RIGHT OF WAY,39.167664,-86.5324
10,5,1300.0,2-Car,No injury/unknown,UNSAFE BACKING,39.167664,-86.53659813
10,6,1300.0,Cyclist,Non-incapacitating,OTHER (DRIVER) - EXPLAIN IN NARRATIVE,39.167664,-86.536
11,2,1400.0,2-Car,No injury/unknown,OTHER (DRIVER) - EXPLAIN IN NARRATIVE,39.16766168,-86.53582361
6,5,1400.0,Moped/Motorcycle,Non-incapacitating,RAN OFF ROAD RIGHT,39.16766013,-86.49653
2,6,2300.0,2-Car,No injury/unknown,UNSAFE BACKING,39.167648,-86.534784
4,6,400.0,3+ Cars,No injury/unknown,RAN OFF ROAD RIGHT,39.167648,-86.533584
5,1,1900.0,Moped/Motorcycle,Non-incapacitating,FAILURE TO YIELD RIGHT OF WAY,39.167648,-86.533584
7,7,2300.0,2-Car,No injury/unknown,INSECURE/LEAKY LOAD,39.167648,-86.533584
7,4,800.0,2-Car,No injury/unknown,FAILURE TO YIELD RIGHT OF WAY,39.167648,-86.534784
8,5,1400.0,2-Car,No injury/unknown,IMPROPER TURNING,39.167648,-86.533584
9,1,1100.0,2-Car,No injury/unknown,IMPROPER LANE USAGE,39.167648,-86.534784
10,7,1000.0,2-Car,No injury/unknown,FAILURE TO YIELD RIGHT OF WAY,39.167648,-86.533584
11,6,1000.0,2-Car,No injury/unknown,UNSAFE BACKING,39.167648,-86.534784
11,6,1500.0,2-Car,No injury/unknown,UNSAFE BACKING,39.167648,-86.533584
11,2,1900.0,2-Car,No injury/unknown,UNSAFE LANE MOVEMENT,39.167648,-86.534784
4,4,1000.0,1-Car,No injury/unknown,OTHER (DRIVER) - EXPLAIN IN NARRATIVE,39.1676,-86.516168
11,6,900.0,1-Car,No injury/unknown,OTHER (DRIVER) - EXPLAIN IN NARRATIVE,39.1676,-86.516168
2,2,1600.0,2-Car,No injury/unknown,IMPROPER TURNING,39.16759344,-86.53489044
10,6,1800.0,2-Car,No injury/unknown,IMPROPER LANE USAGE,39.16759068,-86.52820598
2,2,0.0,2-Car,No injury/unknown,LEFT OF CENTER,39.16758661,-86.54374237
1,6,2100.0,Bus,No injury/unknown,IMPROPER TURNING,39.16755,-86.5336
4,5,1600.0,2-Car,No injury/unknown,FOLLOWING TOO CLOSELY,39.16754,-86.52979
7,2,1000.0,2-Car,No injury/unknown,OTHER (DRIVER) - EXPLAIN IN NARRATIVE,39.16752979,-86.52825996
2,2,1700.0,2-Car,No injury/unknown,FAILURE TO YIELD RIGHT OF WAY,39.16751148,-86.53231546
6,7,100.0,2-Car,No injury/unknown,IMPROPER TURNING,39.16744798,-86.57099492
8,3,2100.0,2-Car,No injury/unknown,UNSAFE BACKING,39.167344,-86.515792
10,2,800.0,2-Car,No injury/unknown,IMPROPER TURNING,39.16723171,-86.5224
5,2,1800.0,2-Car,No injury/unknown,IMPROPER LANE USAGE,39.16718931,-86.529696
4,5,1400.0,2-Car,No injury/unknown,IMPROPER LANE USAGE,39.16718917,-86.52691192
7,1,2100.0,1-Car,No injury/unknown,UNSAFE SPEED,39.16708441,-86.564992
3,3,1500.0,2-Car,No injury/unknown,UNSAFE BACKING,39.16704361,-86.51616207
3,6,2300.0,2-Car,No injury/unknown,FAILURE TO YIELD RIGHT OF WAY,39.16704361,-86.51616207
3,2,2200.0,2-Car,No injury/unknown,UNSAFE BACKING,39.167006,-86.516145
3,5,1700.0,Pedestrian,Non-incapacitating,FAILURE TO YIELD RIGHT OF WAY,39.166992,-86.51614
11,7,2100.0,Bus,No injury/unknown,OVERSIZE/OVERWEIGHT LOAD,39.166992,-86.51614
11,3,2000.0,2-Car,No injury/unknown,OTHER (DRIVER) - EXPLAIN IN NARRATIVE,39.16695782,-86.50589188
3,6,1200.0,2-Car,Non-incapacitating,FAILURE TO YIELD RIGHT OF WAY,39.166944,-86.495056
4,7,1100.0,3+ Cars,Incapacitating,FAILURE TO YIELD RIGHT OF WAY,39.166944,-86.495056
11,6,1800.0,2-Car,No injury/unknown,FAILURE TO YIELD RIGHT OF WAY,39.166944,-86.495056
9,1,1800.0,2-Car,No injury/unknown,UNSAFE BACKING,39.16694335,-86.568
7,7,1700.0,2-Car,No injury/unknown,UNSAFE BACKING,39.166912,-86.516224
8,3,1200.0,2-Car,No injury/unknown,IMPROPER TURNING,39.166912,-86.516224
10,2,1300.0,2-Car,No injury/unknown,IMPROPER PASSING,39.16691,-86.49492
6,6,1600.0,2-Car,No injury/unknown,UNSAFE BACKING,39.16685,-86.52154404
1,7,1200.0,2-Car,No injury/unknown,FAILURE TO YIELD RIGHT OF WAY,39.166848,-86.506992
11,2,1300.0,2-Car,No injury/unknown,FAILURE TO YIELD RIGHT OF WAY,39.166848,-86.506992
11,1,1900.0,2-Car,No injury/unknown,FAILURE TO YIELD RIGHT OF WAY,39.166848,-86.506992
6,2,200.0,2-Car,No injury/unknown,UNSAFE BACKING,39.166828,-86.521999
8,3,1600.0,Moped/Motorcycle,No injury/unknown,OTHER (DRIVER) - EXPLAIN IN NARRATIVE,39.166816,-86.549488
9,6,1600.0,3+ Cars,No injury/unknown,UNSAFE SPEED,39.166816,-86.549488
11,4,700.0,2-Car,Non-incapacitating,FAILURE TO YIELD RIGHT OF WAY,39.166816,-86.549488
9,6,1700.0,2-Car,No injury/unknown,FAILURE TO YIELD RIGHT OF WAY,39.16681,-86.50716
1,6,2100.0,2-Car,No injury/unknown,ROADWAY SURFACE CONDITION,39.1668,-86.548288
6,3,1600.0,2-Car,No injury/unknown,UNSAFE BACKING,39.166787,-86.525016
9,1,1300.0,1-Car,No injury/unknown,OVERCORRECTING/OVERSTEERING,39.16678468,-86.41173876
1,7,1300.0,2-Car,No injury/unknown,FAILURE TO YIELD RIGHT OF WAY,39.166784,-86.5468
12,2,2100.0,2-Car,Non-incapacitating,UNSAFE BACKING,39.16678078,-86.52203053
5,6,200.0,Moped/Motorcycle,Non-incapacitating,DISREGARD SIGNAL/REG SIGN,39.166768,-86.5452
9,6,1700.0,2-Car,Incapacitating,FOLLOWING TOO CLOSELY,39.166768,-86.5452
1,7,1600.0,2-Car,Non-incapacitating,FOLLOWING TOO CLOSELY,39.166736,-86.5436
5,7,1900.0,1-Car,No injury/unknown,RAN OFF ROAD RIGHT,39.166736,-86.5436
10,4,1600.0,Cyclist,Non-incapacitating,FAILURE TO YIELD RIGHT OF WAY,39.16673225,-86.54324721
11,3,800.0,Bus,No injury/unknown,OTHER (VEHICLE) - EXPLAIN IN NARRATIVE,39.16672,-86.542096
3,3,1400.0,2-Car,No injury/unknown,UNSAFE BACKING,39.16671234,-86.5991352
4,6,2200.0,2-Car,No injury/unknown,FOLLOWING TOO CLOSELY,39.1667,-86.54964
9,1,300.0,2-Car,No injury/unknown,UNSAFE LANE MOVEMENT,39.1667,-86.54964
2,3,800.0,2-Car,No injury/unknown,IMPROPER PASSING,39.166688,-86.539808
10,3,1300.0,2-Car,No injury/unknown,FAILURE TO YIELD RIGHT OF WAY,39.166688,-86.539808
2,5,1100.0,2-Car,No injury/unknown,OTHER (DRIVER) - EXPLAIN IN NARRATIVE,39.166678,-86.599144
9,5,1100.0,3+ Cars,No injury/unknown,OTHER (DRIVER) - EXPLAIN IN NARRATIVE,39.166678,-86.599144
5,4,1000.0,2-Car,Non-incapacitating,FAILURE TO YIELD RIGHT OF WAY,39.16667671,-86.53896077
11,4,1600.0,2-Car,No injury/unknown,FAILURE TO YIELD RIGHT OF WAY,39.16667671,-86.53896077
11,3,900.0,2-Car,No injury/unknown,UNSAFE BACKING,39.16667233,-86.53863249
2,2,1700.0,2-Car,Non-incapacitating,FOLLOWING TOO CLOSELY,39.166672,-86.538608
5,5,1700.0,3+ Cars,Non-incapacitating,FAILURE TO YIELD RIGHT OF WAY,39.166672,-86.538608
8,2,2000.0,2-Car,Non-incapacitating,DISREGARD SIGNAL/REG SIGN,39.166672,-86.538608
10,6,1700.0,Bus,No injury/unknown,IMPROPER LANE USAGE,39.166672,-86.538608
11,3,1600.0,Pedestrian,Non-incapacitating,FAILURE TO YIELD RIGHT OF WAY,39.166672,-86.538608
12,7,1300.0,2-Car,Non-incapacitating,FOLLOWING TOO CLOSELY,39.166672,-86.538608
12,3,900.0,Bus,No injury/unknown,DISREGARD SIGNAL/REG SIGN,39.166672,-86.538608
2,3,900.0,2-Car,Non-incapacitating,FAILURE TO YIELD RIGHT OF WAY,39.166656,-86.537296
4,6,1200.0,2-Car,No injury/unknown,DISREGARD SIGNAL/REG SIGN,39.166656,-86.537296
6,4,1600.0,2-Car,Non-incapacitating,FAILURE TO YIELD RIGHT OF WAY,39.166656,-86.537296
9,6,1000.0,2-Car,No injury/unknown,DISREGARD SIGNAL/REG SIGN,39.166656,-86.537296
10,1,1900.0,2-Car,No injury/unknown,FAILURE TO YIELD RIGHT OF WAY,39.166656,-86.537296
12,3,1900.0,2-Car,No injury/unknown,FAILURE TO YIELD RIGHT OF WAY,39.166656,-86.537296
2,4,2100.0,1-Car,No injury/unknown,IMPROPER LANE USAGE,39.16664404,-86.54561384
2,3,2300.0,2-Car,No injury/unknown,UNSAFE BACKING,39.16664404,-86.54689109
9,7,1600.0,2-Car,No injury/unknown,FOLLOWING TOO CLOSELY,39.16664,-86.52934318
2,7,1500.0,2-Car,No injury/unknown,UNSAFE BACKING,39.16664,-86.52806851
6,7,1000.0,2-Car,No injury/unknown,OVERSIZE/OVERWEIGHT LOAD,39.16664,-86.53386462
9,6,900.0,2-Car,No injury/unknown,FAILURE TO YIELD RIGHT OF WAY,39.16664,-86.52836841
12,5,1300.0,2-Car,No injury/unknown,LEFT OF CENTER,39.16664,-86.53453538
1,6,2000.0,2-Car,No injury/unknown,ROADWAY SURFACE CONDITION,39.16664,-86.462496
1,5,1100.0,1-Car,No injury/unknown,SPEED TOO FAST FOR WEATHER CONDITIONS,39.16664,-86.5348
1,6,1200.0,2-Car,No injury/unknown,FAILURE TO YIELD RIGHT OF WAY,39.16664,-86.530992
2,7,1100.0,2-Car,No injury/unknown,SPEED TOO FAST FOR WEATHER CONDITIONS,39.16664,-86.52816555
2,1,1300.0,2-Car,No injury/unknown,UNSAFE BACKING,39.16664,-86.530992
2,4,2000.0,2-Car,No injury/unknown,,39.16664,-86.5336
2,7,1200.0,2-Car,No injury/unknown,UNSAFE BACKING,39.16664,-86.5348
2,1,2000.0,2-Car,Non-incapacitating,DRIVER DISTRACTED - EXPLAIN IN NARRATIVE,39.16664,-86.5336
2,2,1700.0,2-Car,No injury/unknown,UNSAFE BACKING,39.16664,-86.526896
3,5,1200.0,2-Car,No injury/unknown,FOLLOWING TOO CLOSELY,39.16664,-86.5324
3,1,1200.0,2-Car,No injury/unknown,IMPROPER LANE USAGE,39.16664,-86.5348
3,6,800.0,2-Car,Non-incapacitating,IMPROPER TURNING,39.16664,-86.5336
3,2,1700.0,2-Car,No injury/unknown,UNSAFE BACKING,39.16664,-86.52798041
4,3,900.0,2-Car,No injury/unknown,DRIVER DISTRACTED - EXPLAIN IN NARRATIVE,39.16664,-86.582992
4,2,1400.0,2-Car,No injury/unknown,UNSAFE LANE MOVEMENT,39.16664,-86.528192
4,7,200.0,2-Car,No injury/unknown,UNSAFE BACKING,39.16664,-86.52798041
6,6,200.0,1-Car,Non-incapacitating,RAN OFF ROAD RIGHT,39.16664,-86.526896
7,6,1600.0,2-Car,No injury/unknown,UNSAFE LANE MOVEMENT,39.16664,-86.526896
7,1,1800.0,Moped/Motorcycle,Non-incapacitating,FAILURE TO YIELD RIGHT OF WAY,39.16664,-86.462496
7,2,1400.0,2-Car,Non-incapacitating,FOLLOWING TOO CLOSELY,39.16664,-86.454992
8,3,1700.0,2-Car,No injury/unknown,FAILURE TO YIELD RIGHT OF WAY,39.16664,-86.53096555
8,3,1500.0,Moped/Motorcycle,No injury/unknown,IMPROPER TURNING,39.16664,-86.526896
9,7,1200.0,2-Car,No injury/unknown,FOLLOWING TOO CLOSELY,39.16664,-86.5336
9,6,2300.0,Moped/Motorcycle,No injury/unknown,FOLLOWING TOO CLOSELY,39.16664,-86.529696
9,7,1100.0,3+ Cars,No injury/unknown,FOLLOWING TOO CLOSELY,39.16664,-86.5336
9,3,1300.0,1-Car,No injury/unknown,OTHER (DRIVER) - EXPLAIN IN NARRATIVE,39.16664,-86.53091265
10,1,1000.0,2-Car,No injury/unknown,LEFT OF CENTER,39.16664,-86.462496
10,6,2100.0,Pedestrian,No injury/unknown,FAILURE TO YIELD RIGHT OF WAY,39.16664,-86.5324
10,7,1600.0,2-Car,No injury/unknown,IMPROPER TURNING,39.16664,-86.5336
11,4,1700.0,2-Car,No injury/unknown,FAILURE TO YIELD RIGHT OF WAY,39.16664,-86.5336
11,6,1700.0,3+ Cars,No injury/unknown,UNSAFE LANE MOVEMENT,39.16664,-86.5336
11,2,1600.0,2-Car,No injury/unknown,UNSAFE BACKING,39.16664,-86.5336
11,7,100.0,2-Car,No injury/unknown,RAN OFF ROAD RIGHT,39.16664,-86.5336
11,2,1200.0,2-Car,No injury/unknown,UNSAFE BACKING,39.16664,-86.5336
11,2,1700.0,2-Car,No injury/unknown,UNSAFE LANE MOVEMENT,39.16664,-86.528192
10,7,1400.0,Pedestrian,Non-incapacitating,DISREGARD SIGNAL/REG SIGN,39.16664,-86.529696
5,1,1900.0,2-Car,No injury/unknown,UNSAFE BACKING,39.16662014,-86.51636697
9,2,1700.0,2-Car,No injury/unknown,FAILURE TO YIELD RIGHT OF WAY,39.16661,-86.53869
1,1,1300.0,2-Car,No injury/unknown,DISREGARD SIGNAL/REG SIGN,39.1666,-86.53488
8,3,1000.0,2-Car,No injury/unknown,FOLLOWING TOO CLOSELY,39.16659,-86.53605
12,5,1300.0,2-Car,No injury/unknown,UNSAFE BACKING,39.16656822,-86.53888486
5,6,1200.0,2-Car,No injury/unknown,FAILURE TO YIELD RIGHT OF WAY,39.16656208,-86.5360054
10,3,1800.0,2-Car,No injury/unknown,OTHER (DRIVER) - EXPLAIN IN NARRATIVE,39.16656,-86.53104
11,1,1500.0,2-Car,No injury/unknown,UNSAFE BACKING,39.16655822,-86.492816
5,6,1300.0,2-Car,No injury/unknown,UNSAFE BACKING,39.166548,-86.529462
4,6,1700.0,2-Car,No injury/unknown,,39.166543,-86.526918
6,7,2100.0,Pedestrian,Non-incapacitating,IMPROPER TURNING,39.16654,-86.52692
7,1,2300.0,2-Car,No injury/unknown,IMPROPER TURNING,39.166496,-86.571216
1,3,1600.0,2-Car,No injury/unknown,UNSAFE BACKING,39.16648695,-86.58282913
4,5,1400.0,2-Car,No injury/unknown,FAILURE TO YIELD RIGHT OF WAY,39.16648,-86.503472
9,7,2100.0,2-Car,No injury/unknown,UNSAFE BACKING,39.16647804,-86.52688816
7,1,1500.0,2-Car,Non-incapacitating,SPEED TOO FAST FOR WEATHER CONDITIONS,39.166432,-86.4812
9,6,1600.0,2-Car,No injury/unknown,FOLLOWING TOO CLOSELY,39.166432,-86.4812
9,4,1800.0,3+ Cars,No injury/unknown,FOLLOWING TOO CLOSELY,39.166432,-86.4812
10,7,1200.0,3+ Cars,No injury/unknown,OTHER (DRIVER) - EXPLAIN IN NARRATIVE,39.166432,-86.4812
8,5,800.0,Bus,No injury/unknown,UNSAFE BACKING,39.166416,-86.482592
4,2,400.0,1-Car,No injury/unknown,ANIMAL/OBJECT IN ROADWAY,39.16634549,-86.46651258
3,3,1600.0,2-Car,No injury/unknown,UNSAFE BACKING,39.166344,-86.492798
4,6,1300.0,2-Car,No injury/unknown,DRIVER DISTRACTED - EXPLAIN IN NARRATIVE,39.16626253,-86.495088
8,5,1700.0,2-Car,No injury/unknown,UNSAFE BACKING,39.1662177,-86.51097988
10,2,1300.0,2-Car,No injury/unknown,FOLLOWING TOO CLOSELY,39.16613201,-86.46757996
12,5,1700.0,2-Car,No injury/unknown,IMPROPER TURNING,39.16609012,-86.57594829
2,4,1500.0,Cyclist,Incapacitating,FAILURE TO YIELD RIGHT OF WAY,39.16606467,-86.52897745
5,6,1500.0,2-Car,No injury/unknown,FAILURE TO YIELD RIGHT OF WAY,39.16586999,-86.5348
4,7,300.0,1-Car,No injury/unknown,ROADWAY SURFACE CONDITION,39.16579568,-86.6549245
4,6,100.0,1-Car,No injury/unknown,RAN OFF ROAD RIGHT,39.165744,-86.545296
8,3,2200.0,2-Car,No injury/unknown,UNSAFE BACKING,39.165712,-86.54108226
4,7,1600.0,2-Car,No injury/unknown,UNSAFE BACKING,39.165696,-86.538592
7,3,1700.0,1-Car,No injury/unknown,UNSAFE BACKING,39.165696,-86.538592
10,3,1000.0,2-Car,Non-incapacitating,FAILURE TO YIELD RIGHT OF WAY,39.165696,-86.538592
11,3,1800.0,2-Car,Non-incapacitating,FAILURE TO YIELD RIGHT OF WAY,39.165696,-86.538592
11,6,1000.0,2-Car,No injury/unknown,UNSAFE BACKING,39.16568,-86.537296
2,5,1300.0,2-Car,Non-incapacitating,FOLLOWING TOO CLOSELY,39.165664,-86.5348
5,3,1400.0,2-Car,No injury/unknown,FOLLOWING TOO CLOSELY,39.165664,-86.5348
5,3,2000.0,2-Car,No injury/unknown,UNSAFE BACKING,39.165664,-86.536
10,2,1400.0,2-Car,No injury/unknown,UNSAFE BACKING,39.165664,-86.5348
11,1,1000.0,2-Car,No injury/unknown,DISREGARD SIGNAL/REG SIGN,39.165664,-86.5348
5,3,1200.0,2-Car,No injury/unknown,OTHER (DRIVER) - EXPLAIN IN NARRATIVE,39.165648,-86.52935918
11,6,1600.0,2-Car,No injury/unknown,FAILURE TO YIELD RIGHT OF WAY,39.165648,-86.53136082
1,5,1400.0,1-Car,No injury/unknown,UNSAFE BACKING,39.165648,-86.5336
1,6,1900.0,2-Car,No injury/unknown,FAILURE TO YIELD RIGHT OF WAY,39.165648,-86.529712
1,6,1200.0,2-Car,Non-incapacitating,FAILURE TO YIELD RIGHT OF WAY,39.165648,-86.528144
3,3,1300.0,1-Car,No injury/unknown,OTHER (DRIVER) - EXPLAIN IN NARRATIVE,39.165648,-86.52968
4,2,1600.0,3+ Cars,No injury/unknown,DISREGARD SIGNAL/REG SIGN,39.165648,-86.5336
4,6,1700.0,2-Car,No injury/unknown,UNSAFE LANE MOVEMENT,39.165648,-86.5336
4,1,300.0,2-Car,No injury/unknown,OTHER (DRIVER) - EXPLAIN IN NARRATIVE,39.165648,-86.526848
4,7,200.0,2-Car,No injury/unknown,FAILURE TO YIELD RIGHT OF WAY,39.165648,-86.5336
4,3,1500.0,2-Car,No injury/unknown,UNSAFE BACKING,39.165648,-86.526848
5,1,1500.0,2-Car,No injury/unknown,DISREGARD SIGNAL/REG SIGN,39.165648,-86.5324
5,5,1300.0,2-Car,No injury/unknown,OTHER (DRIVER) - EXPLAIN IN NARRATIVE,39.165648,-86.528144
6,5,1700.0,2-Car,No injury/unknown,UNSAFE BACKING,39.165648,-86.528144
6,7,1300.0,2-Car,No injury/unknown,OTHER (DRIVER) - EXPLAIN IN NARRATIVE,39.165648,-86.529712
7,6,1200.0,2-Car,No injury/unknown,UNSAFE BACKING,39.165648,-86.528144
7,6,2000.0,2-Car,No injury/unknown,FAILURE TO YIELD RIGHT OF WAY,39.165648,-86.531008
7,3,1000.0,2-Car,No injury/unknown,FAILURE TO YIELD RIGHT OF WAY,39.165648,-86.528144
7,7,1700.0,2-Car,No injury/unknown,UNSAFE BACKING,39.165648,-86.5336
7,4,1600.0,2-Car,No injury/unknown,OTHER (VEHICLE) - EXPLAIN IN NARRATIVE,39.165648,-86.526848
7,5,1600.0,2-Car,No injury/unknown,IMPROPER TURNING,39.165648,-86.5324
8,3,1800.0,2-Car,No injury/unknown,FAILURE TO YIELD RIGHT OF WAY,39.165648,-86.5324
8,1,300.0,2-Car,No injury/unknown,UNSAFE BACKING,39.165648,-86.5336
9,7,1700.0,2-Car,No injury/unknown,FOLLOWING TOO CLOSELY,39.165648,-86.5336
10,4,1500.0,Cyclist,Incapacitating,FAILURE TO YIELD RIGHT OF WAY,39.165648,-86.529712
10,4,1300.0,Pedestrian,Non-incapacitating,FAILURE TO YIELD RIGHT OF WAY,39.165648,-86.5336
10,6,700.0,2-Car,No injury/unknown,OTHER (DRIVER) - EXPLAIN IN NARRATIVE,39.165648,-86.5336
11,3,1000.0,2-Car,No injury/unknown,OTHER (DRIVER) - EXPLAIN IN NARRATIVE,39.165648,-86.5324
11,4,1300.0,2-Car,Non-incapacitating,FAILURE TO YIELD RIGHT OF WAY,39.165648,-86.531008
12,1,1700.0,2-Car,No injury/unknown,OTHER (DRIVER) - EXPLAIN IN NARRATIVE,39.165648,-86.529712
12,7,1500.0,2-Car,No injury/unknown,IMPROPER TURNING,39.165648,-86.526848
12,5,1300.0,2-Car,No injury/unknown,FOLLOWING TOO CLOSELY,39.165648,-86.5336
8,1,200.0,1-Car,No injury/unknown,SPEED TOO FAST FOR WEATHER CONDITIONS,39.16564621,-86.56891162
3,2,800.0,2-Car,No injury/unknown,FAILURE TO YIELD RIGHT OF WAY,39.16564,-86.54219
7,4,1400.0,2-Car,No injury/unknown,FAILURE TO YIELD RIGHT OF WAY,39.16563012,-86.53869979
10,6,2000.0,2-Car,No injury/unknown,OTHER (DRIVER) - EXPLAIN IN NARRATIVE,39.16563012,-86.53869979
11,2,1500.0,2-Car,No injury/unknown,FAILURE TO YIELD RIGHT OF WAY,39.16563012,-86.53869979
11,7,1000.0,2-Car,No injury/unknown,FAILURE TO YIELD RIGHT OF WAY,39.16562006,-86.57604321
4,6,1500.0,2-Car,No injury/unknown,DRIVER DISTRACTED - EXPLAIN IN NARRATIVE,39.16562,-86.57600866
6,3,1200.0,2-Car,No injury/unknown,FAILURE TO YIELD RIGHT OF WAY,39.16562,-86.576
8,4,1500.0,2-Car,No injury/unknown,UNSAFE BACKING,39.16562,-86.576
9,6,2000.0,2-Car,Non-incapacitating,FOLLOWING TOO CLOSELY,39.16562,-86.576
8,5,1300.0,1-Car,No injury/unknown,UNSAFE BACKING,39.16558739,-86.51096776
7,1,2200.0,1-Car,No injury/unknown,UNSAFE BACKING,39.165576,-86.516312
12,7,2200.0,2-Car,No injury/unknown,FAILURE TO YIELD RIGHT OF WAY,39.16555971,-86.52822978
8,3,900.0,1-Car,Non-incapacitating,OTHER (DRIVER) - EXPLAIN IN NARRATIVE,39.16555,-86.520939
9,5,1300.0,2-Car,No injury/unknown,OTHER (DRIVER) - EXPLAIN IN NARRATIVE,39.16554,-86.492754
2,2,1400.0,2-Car,No injury/unknown,OTHER (DRIVER) - EXPLAIN IN NARRATIVE,39.16553755,-86.52819003
2,6,400.0,2-Car,No injury/unknown,OTHER (DRIVER) - EXPLAIN IN NARRATIVE,39.16553755,-86.52817705
2,7,2000.0,1-Car,No injury/unknown,IMPROPER TURNING,39.16553755,-86.53366101