Month,Day,Hour,Collision Type,Injury Type,Primary Factor,Latitude,Longitude
1,1,2300.0,2-Car,No injury/unknown,OTHER (DRIVER) - EXPLAIN IN NARRATIVE,39.165531,-86.533619
11,4,900.0,1-Car,No injury/unknown,OBSTRUCTION NOT MARKED,39.16540012,-86.51643159
5,4,1100.0,2-Car,No injury/unknown,UNSAFE BACKING,39.1654,-86.51641692
6,6,2200.0,1-Car,No injury/unknown,DRIVER DISTRACTED - EXPLAIN IN NARRATIVE,39.1654,-86.51641
10,7,1200.0,3+ Cars,No injury/unknown,OTHER (DRIVER) - EXPLAIN IN NARRATIVE,39.16537337,-86.52971636
4,2,1800.0,2-Car,No injury/unknown,FAILURE TO YIELD RIGHT OF WAY,39.16529,-86.51089567
9,6,1400.0,2-Car,No injury/unknown,UNSAFE BACKING,39.165279,-86.494933
12,7,1200.0,2-Car,No injury/unknown,UNSAFE BACKING,39.16513726,-86.57609179
5,1,1900.0,1-Car,Non-incapacitating,RAN OFF ROAD RIGHT,39.16510298,-86.42990248
8,3,1200.0,2-Car,No injury/unknown,IMPROPER PASSING,39.16506397,-86.495088
6,5,1700.0,1-Car,Incapacitating,RAN OFF ROAD RIGHT,39.16497725,-86.4311555
1,6,600.0,2-Car,Non-incapacitating,SPEED TOO FAST FOR WEATHER CONDITIONS,39.16485453,-86.59907373
10,3,900.0,2-Car,No injury/unknown,FOLLOWING TOO CLOSELY,39.16485453,-86.59907373
3,6,1800.0,2-Car,No injury/unknown,UNSAFE BACKING,39.164848,-86.57487674
3,7,1500.0,3+ Cars,No injury/unknown,UNSAFE BACKING,39.164848,-86.57594157
4,7,1100.0,2-Car,No injury/unknown,UNSAFE BACKING,39.164848,-86.581504
8,3,1300.0,2-Car,No injury/unknown,UNSAFE BACKING,39.164848,-86.581504
9,6,2000.0,2-Car,No injury/unknown,OTHER (DRIVER) - EXPLAIN IN NARRATIVE,39.164848,-86.57568232
9,7,1300.0,2-Car,No injury/unknown,UNSAFE BACKING,39.164848,-86.581504
12,4,1100.0,2-Car,No injury/unknown,UNSAFE BACKING,39.164848,-86.581504
12,6,0.0,1-Car,Non-incapacitating,UNSAFE SPEED,39.164848,-86.5780112
2,2,1300.0,2-Car,No injury/unknown,UNSAFE BACKING,39.16483984,-86.5804062
9,5,1200.0,2-Car,No injury/unknown,UNSAFE BACKING,39.16483984,-86.5804062
10,2,1500.0,2-Car,No injury/unknown,UNSAFE BACKING,39.164832,-86.582048
11,4,2100.0,1-Car,No injury/unknown,ANIMAL/OBJECT IN ROADWAY,39.16483015,-86.59902324
8,1,2300.0,2-Car,No injury/unknown,FOLLOWING TOO CLOSELY,39.1648224,-86.45156267
7,3,1800.0,2-Car,No injury/unknown,UNSAFE BACKING,39.16482122,-86.5789551
9,1,1600.0,1-Car,No injury/unknown,SPEED TOO FAST FOR WEATHER CONDITIONS,39.16482122,-86.5789551
9,5,1000.0,1-Car,No injury/unknown,RAN OFF ROAD RIGHT,39.16482,-86.62013701
2,7,1400.0,2-Car,No injury/unknown,,39.164816,-86.573888
10,4,2100.0,2-Car,No injury/unknown,DISREGARD SIGNAL/REG SIGN,39.1648,-86.573792
8,3,1600.0,2-Car,No injury/unknown,FOLLOWING TOO CLOSELY,39.16476574,-86.59263469
9,4,1700.0,2-Car,Non-incapacitating,OTHER (VEHICLE) - EXPLAIN IN NARRATIVE,39.16476574,-86.59262603
4,2,1400.0,2-Car,No injury/unknown,FOLLOWING TOO CLOSELY,39.164752,-86.573104
4,7,1300.0,2-Car,No injury/unknown,FAILURE TO YIELD RIGHT OF WAY,39.164752,-86.573104
5,2,1500.0,2-Car,No injury/unknown,FOLLOWING TOO CLOSELY,39.164752,-86.573104
5,3,2100.0,Pedestrian,Non-incapacitating,OTHER (DRIVER) - EXPLAIN IN NARRATIVE,39.164752,-86.573104
6,3,700.0,2-Car,No injury/unknown,DISREGARD SIGNAL/REG SIGN,39.164752,-86.573104
7,6,1200.0,2-Car,No injury/unknown,OTHER (DRIVER) - EXPLAIN IN NARRATIVE,39.164752,-86.573104
7,3,1000.0,2-Car,No injury/unknown,FOLLOWING TOO CLOSELY,39.164752,-86.573104
7,4,2200.0,2-Car,No injury/unknown,FOLLOWING TOO CLOSELY,39.164752,-86.573104
8,4,900.0,2-Car,No injury/unknown,OTHER (DRIVER) - EXPLAIN IN NARRATIVE,39.164752,-86.53984
8,4,2100.0,2-Car,No injury/unknown,WRONG WAY ON ONE WAY,39.164752,-86.53984
8,6,800.0,Bus,No injury/unknown,IMPROPER TURNING,39.164752,-86.573104
9,6,600.0,2-Car,Non-incapacitating,FAILURE TO YIELD RIGHT OF WAY,39.164752,-86.573104
9,1,2000.0,1-Car,Non-incapacitating,RAN OFF ROAD RIGHT,39.164752,-86.573104
12,1,1800.0,2-Car,Non-incapacitating,FAILURE TO YIELD RIGHT OF WAY,39.164752,-86.573104
8,2,1400.0,3+ Cars,No injury/unknown,OTHER (DRIVER) - EXPLAIN IN NARRATIVE,39.16474489,-86.57289251
2,1,1400.0,2-Car,No injury/unknown,IMPROPER TURNING,39.16474251,-86.57282163
6,1,2200.0,2-Car,No injury/unknown,OTHER (VEHICLE) - EXPLAIN IN NARRATIVE,39.16474251,-86.57282163
7,6,2100.0,2-Car,No injury/unknown,FAILURE TO YIELD RIGHT OF WAY,39.16474251,-86.57282163
12,7,2200.0,2-Car,No injury/unknown,UNSAFE BACKING,39.16474251,-86.57282163
12,7,2100.0,2-Car,No injury/unknown,UNSAFE LANE MOVEMENT,39.16474029,-86.59259006
11,7,1400.0,1-Car,Non-incapacitating,OTHER (DRIVER) - EXPLAIN IN NARRATIVE,39.16472651,-86.57234563
3,4,200.0,1-Car,No injury/unknown,OTHER (DRIVER) - EXPLAIN IN NARRATIVE,39.16472,-86.538592
10,7,1700.0,1-Car,No injury/unknown,RAN OFF ROAD RIGHT,39.16472,-86.538592
12,5,1100.0,2-Car,No injury/unknown,FAILURE TO YIELD RIGHT OF WAY,39.16472,-86.538592
7,1,1500.0,2-Car,No injury/unknown,OTHER (DRIVER) - EXPLAIN IN NARRATIVE,39.16470933,-86.57183467
11,4,1600.0,2-Car,No injury/unknown,FAILURE TO YIELD RIGHT OF WAY,39.16470933,-86.57183467
8,4,1600.0,2-Car,No injury/unknown,FAILURE TO YIELD RIGHT OF WAY,39.164704,-86.537296
8,3,1600.0,1-Car,No injury/unknown,RAN OFF ROAD RIGHT,39.16469985,-86.57155249
5,5,2100.0,2-Car,No injury/unknown,FOLLOWING TOO CLOSELY,39.164688,-86.5712
8,2,1200.0,Moped/Motorcycle,Non-incapacitating,UNSAFE LANE MOVEMENT,39.164688,-86.5712
10,4,1600.0,2-Car,No injury/unknown,UNSAFE LANE MOVEMENT,39.164688,-86.5712
12,7,2100.0,3+ Cars,No injury/unknown,IMPROPER TURNING,39.164688,-86.5712
5,5,1600.0,2-Car,No injury/unknown,FAILURE TO YIELD RIGHT OF WAY,39.16468554,-86.58588018
1,7,700.0,3+ Cars,Non-incapacitating,SPEED TOO FAST FOR WEATHER CONDITIONS,39.16468378,-86.58292033
2,6,1600.0,2-Car,Non-incapacitating,FAILURE TO YIELD RIGHT OF WAY,39.16468378,-86.58584548
5,2,1500.0,2-Car,Non-incapacitating,SPEED TOO FAST FOR WEATHER CONDITIONS,39.16468378,-86.58584548
9,2,1500.0,2-Car,Non-incapacitating,DRIVER ILLNESS,39.16468378,-86.58716188
10,5,800.0,3+ Cars,Non-incapacitating,DISREGARD SIGNAL/REG SIGN,39.16468378,-86.58292033
10,7,1500.0,2-Car,No injury/unknown,BRAKE FAILURE OR DEFECTIVE,39.16468378,-86.58297498
11,6,1300.0,2-Car,No injury/unknown,IMPROPER LANE USAGE,39.16468378,-86.58296363
3,4,800.0,2-Car,No injury/unknown,OTHER (DRIVER) - EXPLAIN IN NARRATIVE,39.16467533,-86.570478
12,6,1700.0,2-Car,No injury/unknown,UNSAFE BACKING,39.16467067,-86.57025067
7,6,1700.0,2-Car,No injury/unknown,FAILURE TO YIELD RIGHT OF WAY,39.16465983,-86.58292002
12,3,1300.0,2-Car,No injury/unknown,FOLLOWING TOO CLOSELY,39.16465983,-86.58292002
7,3,1400.0,2-Car,No injury/unknown,FAILURE TO YIELD RIGHT OF WAY,39.16464843,-86.57720692
3,7,1000.0,Cyclist,Non-incapacitating,PEDESTRIAN ACTION,39.16464,-86.53266461
1,7,2000.0,2-Car,No injury/unknown,,39.16464,-86.56632619
1,5,2200.0,2-Car,No injury/unknown,FAILURE TO YIELD RIGHT OF WAY,39.16464,-86.534816
1,5,1400.0,2-Car,No injury/unknown,DISREGARD SIGNAL/REG SIGN,39.16464,-86.5324
1,5,2000.0,2-Car,No injury/unknown,FOLLOWING TOO CLOSELY,39.16464,-86.5336
2,5,2100.0,2-Car,No injury/unknown,,39.16464,-86.529728
2,5,2100.0,2-Car,No injury/unknown,FAILURE TO YIELD RIGHT OF WAY,39.16464,-86.529728
2,1,1400.0,2-Car,No injury/unknown,DISREGARD SIGNAL/REG SIGN,39.16464,-86.5336
2,6,1300.0,2-Car,No injury/unknown,DISREGARD SIGNAL/REG SIGN,39.16464,-86.534816
2,2,900.0,2-Car,No injury/unknown,DISREGARD SIGNAL/REG SIGN,39.16464,-86.5324
3,7,300.0,Pedestrian,Non-incapacitating,SPEED TOO FAST FOR WEATHER CONDITIONS,39.16464,-86.5324
3,2,1200.0,2-Car,No injury/unknown,FAILURE TO YIELD RIGHT OF WAY,39.16464,-86.534816
3,4,1200.0,2-Car,No injury/unknown,OTHER (DRIVER) - EXPLAIN IN NARRATIVE,39.16464,-86.534816
3,6,2300.0,2-Car,No injury/unknown,IMPROPER LANE USAGE,39.16464,-86.534816
3,6,1800.0,3+ Cars,Non-incapacitating,FOLLOWING TOO CLOSELY,39.16464,-86.5336
4,5,1000.0,2-Car,No injury/unknown,DISREGARD SIGNAL/REG SIGN,39.16464,-86.531024
4,3,100.0,2-Car,No injury/unknown,OTHER (DRIVER) - EXPLAIN IN NARRATIVE,39.16464,-86.529728
4,5,800.0,2-Car,No injury/unknown,FAILURE TO YIELD RIGHT OF WAY,39.16464,-86.564992
4,5,1700.0,Moped/Motorcycle,Incapacitating,FOLLOWING TOO CLOSELY,39.16464,-86.568
4,7,1200.0,2-Car,No injury/unknown,OVERCORRECTING/OVERSTEERING,39.16464,-86.529728
4,2,1100.0,2-Car,No injury/unknown,OTHER (DRIVER) - EXPLAIN IN NARRATIVE,39.16464,-86.53211918
4,7,2000.0,2-Car,No injury/unknown,FOLLOWING TOO CLOSELY,39.16464,-86.531024
4,3,1400.0,2-Car,No injury/unknown,OTHER (DRIVER) - EXPLAIN IN NARRATIVE,39.16464,-86.5324
4,2,1500.0,2-Car,No injury/unknown,FAILURE TO YIELD RIGHT OF WAY,39.16464,-86.568
5,3,900.0,2-Car,Non-incapacitating,FAILURE TO YIELD RIGHT OF WAY,39.16464,-86.5336
5,3,1500.0,2-Car,No injury/unknown,FAILURE TO YIELD RIGHT OF WAY,39.16464,-86.5336
5,6,1100.0,2-Car,No injury/unknown,OTHER (DRIVER) - EXPLAIN IN NARRATIVE,39.16464,-86.56905455
5,1,1500.0,1-Car,No injury/unknown,RAN OFF ROAD RIGHT,39.16464,-86.534816
5,5,600.0,1-Car,Non-incapacitating,BRAKE FAILURE OR DEFECTIVE,39.16464,-86.564992
5,3,900.0,2-Car,No injury/unknown,FAILURE TO YIELD RIGHT OF WAY,39.16464,-86.534816
6,1,200.0,2-Car,No injury/unknown,UNSAFE LANE MOVEMENT,39.16464,-86.5336
6,4,1300.0,2-Car,No injury/unknown,FOLLOWING TOO CLOSELY,39.16464,-86.5336
6,4,800.0,2-Car,Non-incapacitating,IMPROPER TURNING,39.16464,-86.534816
6,4,900.0,2-Car,No injury/unknown,DISREGARD SIGNAL/REG SIGN,39.16464,-86.534816
6,5,700.0,2-Car,Non-incapacitating,UNSAFE BACKING,39.16464,-86.5336
6,6,1100.0,2-Car,Non-incapacitating,FOLLOWING TOO CLOSELY,39.16464,-86.568
7,6,1700.0,2-Car,Non-incapacitating,FOLLOWING TOO CLOSELY,39.16464,-86.5628
7,4,1000.0,2-Car,No injury/unknown,UNSAFE BACKING,39.16464,-86.5662049
7,7,300.0,2-Car,No injury/unknown,UNSAFE BACKING,39.16464,-86.5336
7,7,1600.0,2-Car,No injury/unknown,UNSAFE BACKING,39.16464,-86.5324
8,5,1700.0,2-Car,No injury/unknown,UNSAFE LANE MOVEMENT,39.16464,-86.529728
8,4,1500.0,3+ Cars,Non-incapacitating,FOLLOWING TOO CLOSELY,39.16464,-86.564992
8,3,1200.0,2-Car,No injury/unknown,FOLLOWING TOO CLOSELY,39.16464,-86.529728
8,3,2300.0,Pedestrian,Non-incapacitating,PEDESTRIAN ACTION,39.16464,-86.529728
8,1,1000.0,2-Car,No injury/unknown,UNSAFE LANE MOVEMENT,39.16464,-86.534816
9,5,2200.0,2-Car,No injury/unknown,DISREGARD SIGNAL/REG SIGN,39.16464,-86.5324
9,5,1200.0,2-Car,No injury/unknown,DISREGARD SIGNAL/REG SIGN,39.16464,-86.534816
9,2,1000.0,2-Car,No injury/unknown,FAILURE TO YIELD RIGHT OF WAY,39.16464,-86.529728
9,6,2100.0,2-Car,No injury/unknown,FAILURE TO YIELD RIGHT OF WAY,39.16464,-86.529728
9,3,500.0,1-Car,Non-incapacitating,SPEED TOO FAST FOR WEATHER CONDITIONS,39.16464,-86.534816
9,4,800.0,2-Car,Non-incapacitating,FAILURE TO YIELD RIGHT OF WAY,39.16464,-86.534816
9,7,900.0,2-Car,Non-incapacitating,FOLLOWING TOO CLOSELY,39.16464,-86.568
10,5,1200.0,2-Car,No injury/unknown,DISREGARD SIGNAL/REG SIGN,39.16464,-86.5324
10,5,1000.0,2-Car,No injury/unknown,FAILURE TO YIELD RIGHT OF WAY,39.16464,-86.534816
11,1,1500.0,2-Car,Non-incapacitating,FOLLOWING TOO CLOSELY,39.16464,-86.568
11,2,1800.0,2-Car,No injury/unknown,SPEED TOO FAST FOR WEATHER CONDITIONS,39.16464,-86.5324
11,1,1500.0,2-Car,No injury/unknown,SPEED TOO FAST FOR WEATHER CONDITIONS,39.16464,-86.531024
11,1,1100.0,2-Car,No injury/unknown,DISREGARD SIGNAL/REG SIGN,39.16464,-86.5324
11,1,1700.0,Pedestrian,No injury/unknown,FAILURE TO YIELD RIGHT OF WAY,39.16464,-86.56763613
12,1,1800.0,2-Car,No injury/unknown,SPEED TOO FAST FOR WEATHER CONDITIONS,39.16464,-86.5324
12,1,1900.0,2-Car,No injury/unknown,,39.16464,-86.56535587
12,2,2000.0,2-Car,Non-incapacitating,DISREGARD SIGNAL/REG SIGN,39.16464,-86.531024
12,4,1000.0,2-Car,No injury/unknown,DRIVER DISTRACTED - EXPLAIN IN NARRATIVE,39.16464,-86.5336
5,6,1700.0,2-Car,Non-incapacitating,FOLLOWING TOO CLOSELY,39.16463184,-86.57619774
3,6,1600.0,2-Car,Non-incapacitating,BRAKE FAILURE OR DEFECTIVE,39.16463,-86.5387
12,4,1200.0,2-Car,No injury/unknown,UNSAFE BACKING,39.16462161,-86.58339142
7,7,1900.0,2-Car,No injury/unknown,DISREGARD SIGNAL/REG SIGN,39.16461146,-86.57327667
7,6,1400.0,2-Car,No injury/unknown,FAILURE TO YIELD RIGHT OF WAY,39.16461021,-86.57912141
2,6,1500.0,2-Car,No injury/unknown,FAILURE TO YIELD RIGHT OF WAY,39.16460864,-86.58014045
12,6,1800.0,2-Car,No injury/unknown,FOLLOWING TOO CLOSELY,39.16460015,-86.53489977
6,4,1700.0,2-Car,No injury/unknown,FOLLOWING TOO CLOSELY,39.1646,-86.5349
9,2,0.0,2-Car,No injury/unknown,UNSAFE LANE MOVEMENT,39.1646,-86.5349
1,2,1900.0,2-Car,No injury/unknown,OTHER (DRIVER) - EXPLAIN IN NARRATIVE,39.1645984,-86.57874026
1,6,1100.0,2-Car,No injury/unknown,BRAKE FAILURE OR DEFECTIVE,39.1645984,-86.57913641
1,5,1100.0,2-Car,No injury/unknown,UNSAFE BACKING,39.1645984,-86.57786599
1,3,1500.0,Bus,No injury/unknown,IMPROPER TURNING,39.1645984,-86.57871294
1,5,800.0,2-Car,No injury/unknown,FAILURE TO YIELD RIGHT OF WAY,39.1645984,-86.57913641
2,5,1500.0,2-Car,No injury/unknown,UNSAFE SPEED,39.1645984,-86.57942328
3,4,1800.0,2-Car,Non-incapacitating,FAILURE TO YIELD RIGHT OF WAY,39.1645984,-86.57913641
4,4,1100.0,2-Car,No injury/unknown,FAILURE TO YIELD RIGHT OF WAY,39.1645984,-86.57871294
5,5,900.0,3+ Cars,Non-incapacitating,DRIVER DISTRACTED - EXPLAIN IN NARRATIVE,39.1645984,-86.57913641
5,6,1700.0,2-Car,No injury/unknown,FAILURE TO YIELD RIGHT OF WAY,39.1645984,-86.57855584
5,1,1400.0,2-Car,No injury/unknown,FAILURE TO YIELD RIGHT OF WAY,39.1645984,-86.57913641
5,6,1400.0,2-Car,No injury/unknown,FOLLOWING TOO CLOSELY,39.1645984,-86.57913641
5,5,1500.0,2-Car,No injury/unknown,IMPROPER PASSING,39.1645984,-86.57911909
6,1,1100.0,2-Car,No injury/unknown,DISREGARD SIGNAL/REG SIGN,39.1645984,-86.57913641
7,6,1400.0,2-Car,No injury/unknown,FOLLOWING TOO CLOSELY,39.1645984,-86.57914334
7,7,1100.0,2-Car,Non-incapacitating,FAILURE TO YIELD RIGHT OF WAY,39.1645984,-86.57907148
8,3,2000.0,2-Car,No injury/unknown,FAILURE TO YIELD RIGHT OF WAY,39.1645984,-86.57911044
9,3,1200.0,2-Car,Non-incapacitating,FAILURE TO YIELD RIGHT OF WAY,39.1645984,-86.57913641
10,6,1800.0,2-Car,No injury/unknown,FAILURE TO YIELD RIGHT OF WAY,39.1645984,-86.57855584
1,5,1600.0,2-Car,No injury/unknown,FAILURE TO YIELD RIGHT OF WAY,39.16459498,-86.57621992
2,6,1300.0,2-Car,No injury/unknown,UNSAFE LANE MOVEMENT,39.16459498,-86.57621992
5,5,0.0,2-Car,No injury/unknown,,39.16459498,-86.57615845
5,5,1700.0,2-Car,No injury/unknown,FOLLOWING TOO CLOSELY,39.16459498,-86.57621992
6,4,1700.0,2-Car,No injury/unknown,FOLLOWING TOO CLOSELY,39.16459498,-86.57621992
6,4,1400.0,2-Car,No injury/unknown,FAILURE TO YIELD RIGHT OF WAY,39.16459498,-86.57621992
7,1,2000.0,2-Car,No injury/unknown,FAILURE TO YIELD RIGHT OF WAY,39.16459498,-86.57621992
8,6,2200.0,2-Car,Non-incapacitating,FAILURE TO YIELD RIGHT OF WAY,39.16459498,-86.57621992
9,7,1100.0,3+ Cars,No injury/unknown,FOLLOWING TOO CLOSELY,39.16459498,-86.57621992
9,6,1400.0,2-Car,No injury/unknown,DISREGARD SIGNAL/REG SIGN,39.16459498,-86.57621992
10,7,1700.0,2-Car,No injury/unknown,FAILURE TO YIELD RIGHT OF WAY,39.16459498,-86.57621992
10,2,1200.0,2-Car,No injury/unknown,FOLLOWING TOO CLOSELY,39.16459498,-86.57621126
10,4,1900.0,3+ Cars,Non-incapacitating,OTHER (DRIVER) - EXPLAIN IN NARRATIVE,39.16459498,-86.57621992
11,4,1700.0,2-Car,Non-incapacitating,OTHER (DRIVER) - EXPLAIN IN NARRATIVE,39.16459498,-86.57621992
6,4,1700.0,2-Car,No injury/unknown,FOLLOWING TOO CLOSELY,39.16459009,-86.57619975
10,2,800.0,Cyclist,No injury/unknown,FAILURE TO YIELD RIGHT OF WAY,39.16459009,-86.57619975
6,4,1600.0,2-Car,No injury/unknown,FAILURE TO YIELD RIGHT OF WAY,39.16457,-86.52983
11,5,1700.0,2-Car,No injury/unknown,OTHER (DRIVER) - EXPLAIN IN NARRATIVE,39.16456766,-86.57086505
7,6,1500.0,2-Car,Non-incapacitating,FAILURE TO YIELD RIGHT OF WAY,39.16456529,-86.5740788
4,6,2300.0,2-Car,No injury/unknown,FOLLOWING TOO CLOSELY,39.16456,-86.57019
5,5,1800.0,2-Car,No injury/unknown,FAILURE TO YIELD RIGHT OF WAY,39.16456,-86.56948
5,5,1700.0,3+ Cars,Non-incapacitating,FOLLOWING TOO CLOSELY,39.16456,-86.56948
9,6,2200.0,1-Car,No injury/unknown,OTHER (DRIVER) - EXPLAIN IN NARRATIVE,39.16456,-86.5550845
10,5,1400.0,2-Car,No injury/unknown,UNSAFE BACKING,39.16456,-86.569485
10,1,1300.0,2-Car,No injury/unknown,UNSAFE SPEED,39.16456,-86.5550845
11,5,1900.0,2-Car,No injury/unknown,DISREGARD SIGNAL/REG SIGN,39.16456,-86.57019
11,4,2200.0,1-Car,Non-incapacitating,OVERCORRECTING/OVERSTEERING,39.16456,-86.5550845
11,6,1700.0,1-Car,No injury/unknown,OVERCORRECTING/OVERSTEERING,39.16456,-86.5550845
1,6,1500.0,2-Car,Non-incapacitating,LEFT OF CENTER,39.164544,-86.560096
2,5,2200.0,2-Car,No injury/unknown,UNSAFE BACKING,39.164544,-86.552192
3,4,1500.0,2-Car,No injury/unknown,FOLLOWING TOO CLOSELY,39.164544,-86.560096
5,4,1600.0,2-Car,Non-incapacitating,FOLLOWING TOO CLOSELY,39.164544,-86.560096
8,1,1000.0,2-Car,No injury/unknown,FOLLOWING TOO CLOSELY,39.164544,-86.560096
8,7,2100.0,2-Car,No injury/unknown,FAILURE TO YIELD RIGHT OF WAY,39.164544,-86.560096
9,3,1100.0,Moped/Motorcycle,Non-incapacitating,IMPROPER LANE USAGE,39.164544,-86.560096
9,4,1500.0,Cyclist,Non-incapacitating,FAILURE TO YIELD RIGHT OF WAY,39.164544,-86.560096
10,2,1600.0,2-Car,No injury/unknown,IMPROPER TURNING,39.164544,-86.552192
10,2,1500.0,3+ Cars,Non-incapacitating,FAILURE TO YIELD RIGHT OF WAY,39.164544,-86.560096
11,4,300.0,2-Car,No injury/unknown,UNSAFE SPEED,39.164544,-86.552192
12,1,2000.0,2-Car,No injury/unknown,OTHER (DRIVER) - EXPLAIN IN NARRATIVE,39.164544,-86.552192
6,3,1700.0,3+ Cars,Non-incapacitating,DRIVER DISTRACTED - EXPLAIN IN NARRATIVE,39.16454,-86.56799
6,3,800.0,3+ Cars,No injury/unknown,FOLLOWING TOO CLOSELY,39.16453,-86.56706731
9,2,1200.0,2-Car,No injury/unknown,,39.164526,-86.566518
10,4,900.0,2-Car,No injury/unknown,OTHER (VEHICLE) - EXPLAIN IN NARRATIVE,39.164526,-86.566609
4,2,1800.0,2-Car,No injury/unknown,UNSAFE BACKING,39.1645218,-86.551104
6,5,2000.0,2-Car,No injury/unknown,UNSAFE BACKING,39.16452114,-86.551072
1,7,800.0,2-Car,No injury/unknown,SPEED TOO FAST FOR WEATHER CONDITIONS,39.164517,-86.565379
12,7,1300.0,2-Car,No injury/unknown,FAILURE TO YIELD RIGHT OF WAY,39.16451466,-86.495088
8,3,1800.0,2-Car,No injury/unknown,UNSAFE BACKING,39.164512,-86.550624
2,2,2200.0,2-Car,No injury/unknown,UNSAFE BACKING,39.16450961,-86.5756735
9,4,1700.0,1-Car,No injury/unknown,ANIMAL/OBJECT IN ROADWAY,39.1645,-86.5627
10,7,1500.0,2-Car,No injury/unknown,FAILURE TO YIELD RIGHT OF WAY,39.1645,-86.5627
1,7,1500.0,2-Car,No injury/unknown,FAILURE TO YIELD RIGHT OF WAY,39.16448,-86.56014567
1,2,1000.0,2-Car,Non-incapacitating,DISREGARD SIGNAL/REG SIGN,39.16448,-86.56015
4,7,1800.0,2-Car,No injury/unknown,FAILURE TO YIELD RIGHT OF WAY,39.16448,-86.56015
4,4,2000.0,2-Car,No injury/unknown,UNSAFE LANE MOVEMENT,39.16448,-86.56015
5,1,2100.0,Moped/Motorcycle,Non-incapacitating,FAILURE TO YIELD RIGHT OF WAY,39.16448,-86.56015433
6,2,1700.0,2-Car,No injury/unknown,FOLLOWING TOO CLOSELY,39.16448,-86.56015
7,7,1100.0,2-Car,Non-incapacitating,UNSAFE SPEED,39.16448,-86.56015
7,1,1300.0,2-Car,No injury/unknown,FAILURE TO YIELD RIGHT OF WAY,39.16448,-86.56013702
8,2,1100.0,2-Car,No injury/unknown,FAILURE TO YIELD RIGHT OF WAY,39.16448,-86.56015
8,6,1500.0,2-Car,Non-incapacitating,FAILURE TO YIELD RIGHT OF WAY,39.16448,-86.56013269
9,7,1400.0,2-Car,No injury/unknown,FAILURE TO YIELD RIGHT OF WAY,39.16448,-86.56015
10,6,2000.0,2-Car,No injury/unknown,FAILURE TO YIELD RIGHT OF WAY,39.16448,-86.56015
10,2,1500.0,Cyclist,Non-incapacitating,FAILURE TO YIELD RIGHT OF WAY,39.16448,-86.56015
10,4,1500.0,2-Car,Non-incapacitating,FAILURE TO YIELD RIGHT OF WAY,39.16448,-86.56014134
11,3,900.0,2-Car,Non-incapacitating,FAILURE TO YIELD RIGHT OF WAY,39.16448,-86.56014567
11,6,1600.0,2-Car,Non-incapacitating,FAILURE TO YIELD RIGHT OF WAY,39.16448,-86.56015
1,4,800.0,2-Car,No injury/unknown,DISREGARD SIGNAL/REG SIGN,39.164448,-86.5268
1,7,1600.0,2-Car,Non-incapacitating,FAILURE TO YIELD RIGHT OF WAY,39.164448,-86.471888
1,6,2300.0,Pedestrian,Non-incapacitating,PEDESTRIAN ACTION,39.164448,-86.528096
2,2,1600.0,2-Car,No injury/unknown,OTHER (DRIVER) - EXPLAIN IN NARRATIVE,39.164448,-86.5268
4,3,1400.0,2-Car,No injury/unknown,FAILURE TO YIELD RIGHT OF WAY,39.164448,-86.5268
4,6,1200.0,2-Car,No injury/unknown,FOLLOWING TOO CLOSELY,39.164448,-86.5268
4,6,1600.0,2-Car,No injury/unknown,FOLLOWING TOO CLOSELY,39.164448,-86.5268
6,6,1200.0,2-Car,No injury/unknown,UNSAFE BACKING,39.164448,-86.528096
7,2,1200.0,2-Car,No injury/unknown,FOLLOWING TOO CLOSELY,39.164448,-86.525792
7,6,1300.0,2-Car,No injury/unknown,FOLLOWING TOO CLOSELY,39.164448,-86.5268
9,3,1400.0,3+ Cars,Non-incapacitating,FOLLOWING TOO CLOSELY,39.164448,-86.525792
9,7,2200.0,2-Car,No injury/unknown,DISREGARD SIGNAL/REG SIGN,39.164448,-86.5268
9,4,1900.0,2-Car,No injury/unknown,SPEED TOO FAST FOR WEATHER CONDITIONS,39.164448,-86.525792
10,6,1200.0,2-Car,No injury/unknown,OTHER (DRIVER) - EXPLAIN IN NARRATIVE,39.164448,-86.471888
10,4,2100.0,2-Car,No injury/unknown,FOLLOWING TOO CLOSELY,39.164448,-86.525792
10,7,1400.0,2-Car,Non-incapacitating,UNSAFE LANE MOVEMENT,39.164448,-86.525792
12,6,1200.0,2-Car,No injury/unknown,IMPROPER LANE USAGE,39.164448,-86.5268
12,3,1100.0,2-Car,No injury/unknown,FOLLOWING TOO CLOSELY,39.164448,-86.5268
8,5,1700.0,2-Car,No injury/unknown,FAILURE TO YIELD RIGHT OF WAY,39.16444599,-86.495088
1,5,1800.0,2-Car,Non-incapacitating,FOLLOWING TOO CLOSELY,39.16444271,-86.52561573
10,7,1700.0,2-Car,No injury/unknown,UNSAFE BACKING,39.16443758,-86.54775367
9,1,2000.0,2-Car,No injury/unknown,FOLLOWING TOO CLOSELY,39.16442686,-86.5250869
9,4,1900.0,2-Car,No injury/unknown,UNSAFE BACKING,39.16442667,-86.52508089
1,7,2200.0,2-Car,No injury/unknown,FAILURE TO YIELD RIGHT OF WAY,39.16442423,-86.5732966
12,6,1700.0,2-Car,No injury/unknown,FAILURE TO YIELD RIGHT OF WAY,39.16440971,-86.55389986
4,5,1500.0,3+ Cars,No injury/unknown,SPEED TOO FAST FOR WEATHER CONDITIONS,39.16440374,-86.55627394