Month,Day,Hour,Collision Type,Injury Type,Primary Factor,Latitude,Longitude
7,1,1400.0,2-Car,No injury/unknown,FAILURE TO YIELD RIGHT OF WAY,39.16440374,-86.55629125
8,4,900.0,2-Car,No injury/unknown,FOLLOWING TOO CLOSELY,39.16440374,-86.5562826
9,5,1400.0,2-Car,Non-incapacitating,FOLLOWING TOO CLOSELY,39.16440374,-86.55625663
11,4,1600.0,2-Car,No injury/unknown,UNSAFE BACKING,39.16440374,-86.55628692
4,5,1900.0,2-Car,No injury/unknown,VIEW OBSTRUCTED,39.1644,-86.531138
11,4,1900.0,2-Car,No injury/unknown,FOLLOWING TOO CLOSELY,39.164352,-86.52241559
2,6,1300.0,Bus,No injury/unknown,LEFT OF CENTER,39.164352,-86.508288
2,6,1000.0,2-Car,No injury/unknown,UNSAFE LANE MOVEMENT,39.164352,-86.522592
4,6,1200.0,2-Car,No injury/unknown,FOLLOWING TOO CLOSELY,39.164352,-86.522592
4,6,1100.0,2-Car,No injury/unknown,UNSAFE SPEED,39.164352,-86.5088
4,2,1100.0,2-Car,No injury/unknown,FAILURE TO YIELD RIGHT OF WAY,39.164352,-86.510944
6,2,1700.0,3+ Cars,No injury/unknown,FOLLOWING TOO CLOSELY,39.164352,-86.522592
7,5,900.0,2-Car,No injury/unknown,FOLLOWING TOO CLOSELY,39.164352,-86.522592
7,6,1400.0,2-Car,No injury/unknown,DRIVER DISTRACTED - EXPLAIN IN NARRATIVE,39.164352,-86.5088
10,5,1200.0,2-Car,No injury/unknown,FOLLOWING TOO CLOSELY,39.164352,-86.522592
10,4,100.0,2-Car,Non-incapacitating,FOLLOWING TOO CLOSELY,39.164352,-86.522592
10,1,1200.0,2-Car,Non-incapacitating,UNSAFE SPEED,39.164352,-86.522592
11,3,1400.0,1-Car,No injury/unknown,DRIVER ILLNESS,39.164352,-86.52237714
11,4,1000.0,2-Car,No injury/unknown,IMPROPER PASSING,39.164352,-86.522592
11,4,1000.0,2-Car,No injury/unknown,IMPROPER PASSING,39.164352,-86.522592
11,1,1300.0,2-Car,No injury/unknown,SPEED TOO FAST FOR WEATHER CONDITIONS,39.164352,-86.522592
11,3,600.0,2-Car,No injury/unknown,OTHER (DRIVER) - EXPLAIN IN NARRATIVE,39.164352,-86.522592
11,2,1900.0,2-Car,No injury/unknown,FAILURE TO YIELD RIGHT OF WAY,39.164352,-86.508288
1,4,1500.0,2-Car,No injury/unknown,WRONG WAY ON ONE WAY,39.16432,-86.52691
7,6,1900.0,Moped/Motorcycle,No injury/unknown,OTHER (DRIVER) - EXPLAIN IN NARRATIVE,39.16432,-86.50824
10,3,1600.0,2-Car,No injury/unknown,FOLLOWING TOO CLOSELY,39.16432,-86.50824
12,3,1700.0,2-Car,No injury/unknown,FOLLOWING TOO CLOSELY,39.16431986,-86.52691014
4,7,1100.0,3+ Cars,No injury/unknown,FOLLOWING TOO CLOSELY,39.164304,-86.506992
4,3,800.0,2-Car,No injury/unknown,DRIVER DISTRACTED - EXPLAIN IN NARRATIVE,39.164304,-86.506992
4,4,1100.0,2-Car,No injury/unknown,IMPROPER LANE USAGE,39.164304,-86.506992
6,3,1400.0,2-Car,No injury/unknown,FAILURE TO YIELD RIGHT OF WAY,39.164304,-86.505792
6,5,2000.0,2-Car,Non-incapacitating,FOLLOWING TOO CLOSELY,39.164304,-86.506992
8,4,1700.0,3+ Cars,No injury/unknown,DRIVER DISTRACTED - EXPLAIN IN NARRATIVE,39.164304,-86.506992
9,5,1300.0,2-Car,Non-incapacitating,FAILURE TO YIELD RIGHT OF WAY,39.164304,-86.505792
9,2,1400.0,2-Car,Non-incapacitating,FOLLOWING TOO CLOSELY,39.164304,-86.505792
10,6,1800.0,2-Car,No injury/unknown,IMPROPER PASSING,39.164304,-86.506992
10,6,1600.0,2-Car,No injury/unknown,FAILURE TO YIELD RIGHT OF WAY,39.164304,-86.506992
10,1,1100.0,3+ Cars,No injury/unknown,IMPROPER LANE USAGE,39.164304,-86.506992
11,6,1800.0,2-Car,No injury/unknown,FOLLOWING TOO CLOSELY,39.164304,-86.506992
8,1,2000.0,2-Car,Non-incapacitating,LEFT OF CENTER,39.16430148,-86.47354192
10,6,1000.0,2-Car,No injury/unknown,FOLLOWING TOO CLOSELY,39.16430116,-86.50561563
9,3,1000.0,2-Car,No injury/unknown,UNSAFE BACKING,39.16429555,-86.50526814
9,5,1900.0,2-Car,No injury/unknown,FOLLOWING TOO CLOSELY,39.16429,-86.52587
9,6,0.0,2-Car,No injury/unknown,DISREGARD SIGNAL/REG SIGN,39.16429,-86.52587
11,5,1800.0,2-Car,Non-incapacitating,FOLLOWING TOO CLOSELY,39.16429,-86.52588298
1,6,1800.0,2-Car,Non-incapacitating,FOLLOWING TOO CLOSELY,39.164288,-86.5048
5,3,1600.0,2-Car,Non-incapacitating,UNSAFE LANE MOVEMENT,39.164288,-86.5048
6,7,1800.0,1-Car,No injury/unknown,UNSAFE BACKING,39.16428767,-86.47308692
4,7,2300.0,Pedestrian,Incapacitating,PEDESTRIAN ACTION,39.16428662,-86.47433281
7,4,1000.0,2-Car,No injury/unknown,DRIVER DISTRACTED - EXPLAIN IN NARRATIVE,39.16428,-86.50969
10,7,1500.0,2-Car,No injury/unknown,FOLLOWING TOO CLOSELY,39.16428,-86.50969
12,7,2000.0,2-Car,No injury/unknown,IMPROPER TURNING,39.16427225,-86.49709202
1,7,1400.0,3+ Cars,No injury/unknown,FOLLOWING TOO CLOSELY,39.164272,-86.502416
1,7,1600.0,2-Car,No injury/unknown,FAILURE TO YIELD RIGHT OF WAY,39.164272,-86.501488
3,6,1200.0,2-Car,No injury/unknown,IMPROPER LANE USAGE,39.164272,-86.501488
3,6,1300.0,3+ Cars,No injury/unknown,FOLLOWING TOO CLOSELY,39.164272,-86.502416
4,5,1900.0,2-Car,Non-incapacitating,DRIVER DISTRACTED - EXPLAIN IN NARRATIVE,39.164272,-86.501488
9,6,1900.0,2-Car,No injury/unknown,FAILURE TO YIELD RIGHT OF WAY,39.164272,-86.501488
9,6,1400.0,Moped/Motorcycle,No injury/unknown,HOLES/RUTS IN SURFACE,39.164272,-86.501488
10,1,1200.0,2-Car,No injury/unknown,UNSAFE BACKING,39.164272,-86.502416
11,7,1300.0,2-Car,No injury/unknown,UNSAFE BACKING,39.164272,-86.50177208
12,4,1000.0,2-Car,No injury/unknown,FOLLOWING TOO CLOSELY,39.164272,-86.501488
12,7,1600.0,2-Car,No injury/unknown,UNSAFE LANE MOVEMENT,39.16427024,-86.51913404
12,6,1700.0,3+ Cars,No injury/unknown,FOLLOWING TOO CLOSELY,39.16427024,-86.51321008
12,6,1100.0,2-Car,No injury/unknown,IMPROPER TURNING,39.16427024,-86.51772022
4,6,1200.0,2-Car,No injury/unknown,FOLLOWING TOO CLOSELY,39.16427,-86.5024273
5,3,1500.0,2-Car,No injury/unknown,UNSAFE BACKING,39.16427,-86.517692
5,2,1000.0,3+ Cars,No injury/unknown,FAILURE TO YIELD RIGHT OF WAY,39.16427,-86.50241
6,2,900.0,2-Car,No injury/unknown,FAILURE TO YIELD RIGHT OF WAY,39.16427,-86.51913
9,4,1700.0,2-Car,No injury/unknown,IMPROPER TURNING,39.16427,-86.51913
9,6,1400.0,3+ Cars,Non-incapacitating,FOLLOWING TOO CLOSELY,39.16427,-86.5026327
10,1,1700.0,2-Car,No injury/unknown,FOLLOWING TOO CLOSELY,39.16427,-86.50601
10,5,1200.0,2-Car,No injury/unknown,SPEED TOO FAST FOR WEATHER CONDITIONS,39.16427,-86.51913
11,4,1700.0,2-Car,No injury/unknown,IMPROPER TURNING,39.16427,-86.51913
11,5,1500.0,2-Car,No injury/unknown,FOLLOWING TOO CLOSELY,39.16427,-86.5071
11,5,1800.0,2-Car,No injury/unknown,FOLLOWING TOO CLOSELY,39.16427,-86.5210673
11,1,1300.0,2-Car,No injury/unknown,IMPROPER TURNING,39.16427,-86.51913
6,1,1900.0,2-Car,No injury/unknown,IMPROPER TURNING,39.16426736,-86.51640012
12,3,2000.0,2-Car,No injury/unknown,FAILURE TO YIELD RIGHT OF WAY,39.16426678,-86.50098384
1,5,1200.0,2-Car,No injury/unknown,OTHER (DRIVER) - EXPLAIN IN NARRATIVE,39.16426112,-86.50043808
1,2,1000.0,Bus,No injury/unknown,OTHER (DRIVER) - EXPLAIN IN NARRATIVE,39.16426,-86.5163827
3,3,1800.0,2-Car,No injury/unknown,IMPROPER PASSING,39.16426,-86.5164
3,6,1600.0,2-Car,Non-incapacitating,FOLLOWING TOO CLOSELY,39.16426,-86.5164
4,5,1900.0,Bus,No injury/unknown,UNSAFE LANE MOVEMENT,39.16426,-86.5164
4,1,2000.0,2-Car,No injury/unknown,FOLLOWING TOO CLOSELY,39.16426,-86.5164
6,5,1200.0,2-Car,No injury/unknown,IMPROPER LANE USAGE,39.16426,-86.51640865
7,2,700.0,2-Car,No injury/unknown,IMPROPER TURNING,39.16426,-86.5164
8,6,2100.0,2-Car,No injury/unknown,UNSAFE LANE MOVEMENT,39.16426,-86.5164
8,1,1600.0,2-Car,No injury/unknown,IMPROPER TURNING,39.16426,-86.5164
8,3,2100.0,3+ Cars,Non-incapacitating,IMPROPER TURNING,39.16426,-86.5164
9,2,1600.0,2-Car,No injury/unknown,FOLLOWING TOO CLOSELY,39.16426,-86.5164
9,2,1500.0,2-Car,Non-incapacitating,FOLLOWING TOO CLOSELY,39.16426,-86.5164
9,4,1500.0,2-Car,No injury/unknown,FOLLOWING TOO CLOSELY,39.16426,-86.5164
9,2,1200.0,2-Car,Non-incapacitating,FOLLOWING TOO CLOSELY,39.16426,-86.5164
10,3,1600.0,2-Car,No injury/unknown,FOLLOWING TOO CLOSELY,39.16426,-86.5164
10,2,1700.0,Pedestrian,Non-incapacitating,FAILURE TO YIELD RIGHT OF WAY,39.16426,-86.5164
10,3,1500.0,2-Car,No injury/unknown,UNSAFE BACKING,39.16425856,-86.50019104
1,1,0.0,2-Car,No injury/unknown,,39.164251,-86.514198
1,1,0.0,2-Car,No injury/unknown,,39.164251,-86.514198
1,1,0.0,2-Car,No injury/unknown,,39.164251,-86.514198
7,6,1200.0,2-Car,No injury/unknown,FAILURE TO YIELD RIGHT OF WAY,39.16425098,-86.49945834
8,2,1200.0,Moped/Motorcycle,No injury/unknown,FAILURE TO YIELD RIGHT OF WAY,39.16425098,-86.49945834
11,3,700.0,2-Car,No injury/unknown,IMPROPER TURNING,39.16425012,-86.51525996
12,6,1800.0,2-Car,No injury/unknown,FAILURE TO YIELD RIGHT OF WAY,39.16425012,-86.52008562
12,2,1600.0,2-Car,No injury/unknown,IMPROPER LANE USAGE,39.16425012,-86.51525996
1,2,1700.0,2-Car,No injury/unknown,IMPROPER TURNING,39.16425006,-86.5152195
2,5,2200.0,Pedestrian,Incapacitating,PEDESTRIAN ACTION,39.16425006,-86.51642161
3,6,1600.0,2-Car,Non-incapacitating,FAILURE TO YIELD RIGHT OF WAY,39.16425006,-86.49308148
5,1,1100.0,2-Car,No injury/unknown,UNSAFE LANE MOVEMENT,39.16425006,-86.51642161
6,2,1300.0,2-Car,No injury/unknown,UNSAFE BACKING,39.16425006,-86.51521517
9,7,1000.0,2-Car,No injury/unknown,UNSAFE LANE MOVEMENT,39.16425006,-86.52011675
9,2,900.0,2-Car,No injury/unknown,FOLLOWING TOO CLOSELY,39.16425006,-86.49833754
4,2,1500.0,Bus,No injury/unknown,UNSAFE LANE MOVEMENT,39.16425,-86.52009
4,2,1600.0,Bus,Non-incapacitating,FAILURE TO YIELD RIGHT OF WAY,39.16425,-86.51423
5,1,100.0,2-Car,Non-incapacitating,LEFT OF CENTER,39.16425,-86.51423
5,6,1300.0,2-Car,No injury/unknown,UNSAFE LANE MOVEMENT,39.16425,-86.51525567
5,6,800.0,2-Car,Non-incapacitating,FOLLOWING TOO CLOSELY,39.16425,-86.51423
7,4,1500.0,2-Car,No injury/unknown,IMPROPER TURNING,39.16425,-86.51526
9,1,1300.0,2-Car,No injury/unknown,IMPROPER TURNING,39.16425,-86.51526
9,3,1900.0,2-Car,No injury/unknown,UNSAFE BACKING,39.16425,-86.52009
9,5,1600.0,2-Car,No injury/unknown,UNSAFE BACKING,39.16425,-86.515259
10,4,1300.0,2-Car,No injury/unknown,IMPROPER TURNING,39.16425,-86.499448
11,4,0.0,2-Car,No injury/unknown,IMPROPER TURNING,39.16425,-86.51526
1,2,1300.0,Bus,No injury/unknown,OTHER (DRIVER) - EXPLAIN IN NARRATIVE,39.16424732,-86.49910556
2,4,1500.0,2-Car,No injury/unknown,IMPROPER TURNING,39.16424664,-86.52553992
2,4,1300.0,2-Car,No injury/unknown,UNSAFE LANE MOVEMENT,39.16424664,-86.51772117
2,2,1100.0,2-Car,No injury/unknown,FOLLOWING TOO CLOSELY,39.16424664,-86.52258381
2,6,2100.0,3+ Cars,No injury/unknown,FOLLOWING TOO CLOSELY,39.16424664,-86.52260111
3,7,1100.0,2-Car,No injury/unknown,UNSAFE LANE MOVEMENT,39.16424664,-86.51771252
4,2,1000.0,2-Car,No injury/unknown,UNSAFE LANE MOVEMENT,39.16424664,-86.51771252
7,4,1400.0,2-Car,No injury/unknown,UNSAFE LANE MOVEMENT,39.16424664,-86.51771252
8,5,1300.0,1-Car,Non-incapacitating,OVERCORRECTING/OVERSTEERING,39.16424664,-86.51771252
8,3,2200.0,2-Car,No injury/unknown,FAILURE TO YIELD RIGHT OF WAY,39.16424664,-86.51771252
9,6,1700.0,2-Car,Non-incapacitating,OTHER (DRIVER) - EXPLAIN IN NARRATIVE,39.16424664,-86.51771252
10,2,1300.0,2-Car,No injury/unknown,IMPROPER TURNING,39.16424664,-86.51771252
5,1,1600.0,Moped/Motorcycle,Non-incapacitating,FOLLOWING TOO CLOSELY,39.16424,-86.48955281
9,6,1100.0,2-Car,No injury/unknown,SPEED TOO FAST FOR WEATHER CONDITIONS,39.16424,-86.48955281
7,2,2200.0,Pedestrian,Non-incapacitating,PEDESTRIAN ACTION,39.16424,-86.49312041
1,5,1600.0,2-Car,No injury/unknown,FOLLOWING TOO CLOSELY,39.16424,-86.484384
1,7,1600.0,2-Car,No injury/unknown,FOLLOWING TOO CLOSELY,39.16424,-86.495088
1,6,900.0,2-Car,No injury/unknown,FOLLOWING TOO CLOSELY,39.16424,-86.4908
1,6,500.0,2-Car,Non-incapacitating,SPEED TOO FAST FOR WEATHER CONDITIONS,39.16424,-86.4908
2,5,1500.0,1-Car,No injury/unknown,IMPROPER TURNING,39.16424,-86.49827
2,6,1100.0,2-Car,No injury/unknown,OTHER (DRIVER) - EXPLAIN IN NARRATIVE,39.16424,-86.492944
2,4,1100.0,2-Car,Incapacitating,FAILURE TO YIELD RIGHT OF WAY,39.16424,-86.480688
2,6,1600.0,2-Car,No injury/unknown,FOLLOWING TOO CLOSELY,39.16424,-86.4984
2,3,1000.0,2-Car,No injury/unknown,UNSAFE BACKING,39.16424,-86.4984
2,6,1700.0,2-Car,No injury/unknown,FAILURE TO YIELD RIGHT OF WAY,39.16424,-86.49307941
2,2,800.0,2-Car,No injury/unknown,OTHER (DRIVER) - EXPLAIN IN NARRATIVE,39.16424,-86.495088
2,2,1700.0,2-Car,No injury/unknown,UNSAFE BACKING,39.16424,-86.5152
3,3,1300.0,2-Car,No injury/unknown,FOLLOWING TOO CLOSELY,39.16424,-86.495088
3,1,2300.0,2-Car,No injury/unknown,FAILURE TO YIELD RIGHT OF WAY,39.16424,-86.495088
4,7,1000.0,2-Car,No injury/unknown,FAILURE TO YIELD RIGHT OF WAY,39.16424,-86.4984
4,1,1300.0,2-Car,No injury/unknown,FOLLOWING TOO CLOSELY,39.16424,-86.473296
3,3,1500.0,2-Car,No injury/unknown,FAILURE TO YIELD RIGHT OF WAY,39.16424,-86.49368135
4,3,900.0,2-Car,No injury/unknown,FAILURE TO YIELD RIGHT OF WAY,39.16424,-86.492944
4,5,1000.0,2-Car,No injury/unknown,FOLLOWING TOO CLOSELY,39.16424,-86.4984
4,3,1900.0,2-Car,No injury/unknown,FOLLOWING TOO CLOSELY,39.16424,-86.480688
4,6,1500.0,2-Car,Non-incapacitating,DISREGARD SIGNAL/REG SIGN,39.16424,-86.480688
4,5,1100.0,2-Car,No injury/unknown,DRIVER ILLNESS,39.16424,-86.480688
4,6,1400.0,2-Car,No injury/unknown,OTHER (DRIVER) - EXPLAIN IN NARRATIVE,39.16424,-86.498269
5,4,1200.0,Pedestrian,Non-incapacitating,UNSAFE BACKING,39.16424,-86.49250645
5,5,900.0,1-Car,No injury/unknown,ANIMAL/OBJECT IN ROADWAY,39.16424,-86.484384
5,5,1500.0,2-Car,Non-incapacitating,FAILURE TO YIELD RIGHT OF WAY,39.16424,-86.4984
5,1,1500.0,2-Car,No injury/unknown,IMPROPER LANE USAGE,39.16424,-86.4984
5,4,700.0,2-Car,No injury/unknown,FOLLOWING TOO CLOSELY,39.16424,-86.4984
5,3,1600.0,2-Car,Non-incapacitating,FAILURE TO YIELD RIGHT OF WAY,39.16424,-86.480688
5,6,700.0,1-Car,No injury/unknown,RAN OFF ROAD RIGHT,39.16424,-86.473296
5,2,1800.0,2-Car,No injury/unknown,IMPROPER TURNING,39.16424,-86.4939483
6,3,1400.0,2-Car,Non-incapacitating,DRIVER DISTRACTED - EXPLAIN IN NARRATIVE,39.16424,-86.480688
6,4,1400.0,2-Car,No injury/unknown,FAILURE TO YIELD RIGHT OF WAY,39.16424,-86.4984
6,7,200.0,1-Car,No injury/unknown,OVERCORRECTING/OVERSTEERING,39.16424,-86.473296
6,7,1000.0,Moped/Motorcycle,No injury/unknown,FAILURE TO YIELD RIGHT OF WAY,39.16424,-86.4984
6,2,1600.0,2-Car,Non-incapacitating,FAILURE TO YIELD RIGHT OF WAY,39.16424,-86.480688
6,3,1800.0,2-Car,No injury/unknown,FOLLOWING TOO CLOSELY,39.16424,-86.4984
6,6,1000.0,Cyclist,Non-incapacitating,FAILURE TO YIELD RIGHT OF WAY,39.16424,-86.4908
6,3,900.0,3+ Cars,No injury/unknown,OTHER (DRIVER) - EXPLAIN IN NARRATIVE,39.16424,-86.492944
7,3,1400.0,2-Car,No injury/unknown,FAILURE TO YIELD RIGHT OF WAY,39.16424,-86.48434743
7,4,2100.0,2-Car,No injury/unknown,FAILURE TO YIELD RIGHT OF WAY,39.16424,-86.4984
7,7,2000.0,2-Car,No injury/unknown,FAILURE TO YIELD RIGHT OF WAY,39.16424,-86.492944
7,3,1500.0,2-Car,Non-incapacitating,FAILURE TO YIELD RIGHT OF WAY,39.16424,-86.480688
7,5,1700.0,2-Car,No injury/unknown,UNSAFE BACKING,39.16424,-86.49425989
7,5,2000.0,2-Car,Non-incapacitating,FAILURE TO YIELD RIGHT OF WAY,39.16424,-86.4984
8,4,1500.0,2-Car,Non-incapacitating,FOLLOWING TOO CLOSELY,39.16424,-86.492944
8,5,0.0,2-Car,No injury/unknown,FOLLOWING TOO CLOSELY,39.16424,-86.495088
8,7,1700.0,2-Car,No injury/unknown,FOLLOWING TOO CLOSELY,39.16424,-86.4984
8,7,1200.0,2-Car,No injury/unknown,UNSAFE BACKING,39.16424,-86.49425989
8,5,1900.0,2-Car,No injury/unknown,FOLLOWING TOO CLOSELY,39.16424,-86.480688
8,2,1200.0,2-Car,No injury/unknown,OTHER (DRIVER) - EXPLAIN IN NARRATIVE,39.16424,-86.49425989
8,2,1400.0,2-Car,No injury/unknown,FOLLOWING TOO CLOSELY,39.16424,-86.476096
8,7,1400.0,3+ Cars,No injury/unknown,FOLLOWING TOO CLOSELY,39.16424,-86.492944
8,2,1400.0,2-Car,No injury/unknown,UNSAFE BACKING,39.16424,-86.492944
9,1,1400.0,2-Car,No injury/unknown,UNSAFE BACKING,39.16424,-86.49494053
9,2,1600.0,2-Car,No injury/unknown,FAILURE TO YIELD RIGHT OF WAY,39.16424,-86.473296
9,7,2000.0,2-Car,No injury/unknown,UNSAFE LANE MOVEMENT,39.16424,-86.4939483
9,3,1300.0,2-Car,No injury/unknown,IMPROPER TURNING,39.16424,-86.4908
9,6,1500.0,2-Car,No injury/unknown,FOLLOWING TOO CLOSELY,39.16424,-86.49259396
9,7,1500.0,2-Car,No injury/unknown,IMPROPER LANE USAGE,39.16424,-86.4984
9,1,1900.0,2-Car,No injury/unknown,FAILURE TO YIELD RIGHT OF WAY,39.16424,-86.4984
9,2,1700.0,2-Car,No injury/unknown,FOLLOWING TOO CLOSELY,39.16424,-86.492944
10,7,900.0,2-Car,Non-incapacitating,FAILURE TO YIELD RIGHT OF WAY,39.16424,-86.476096
10,7,1700.0,3+ Cars,Non-incapacitating,FOLLOWING TOO CLOSELY,39.16424,-86.495088
10,1,100.0,2-Car,No injury/unknown,DISREGARD SIGNAL/REG SIGN,39.16424,-86.4984
10,4,1900.0,3+ Cars,No injury/unknown,FAILURE TO YIELD RIGHT OF WAY,39.16424,-86.476096
10,5,800.0,2-Car,No injury/unknown,FAILURE TO YIELD RIGHT OF WAY,39.16424,-86.476096
10,4,1700.0,3+ Cars,Incapacitating,FOLLOWING TOO CLOSELY,39.16424,-86.495088
10,1,1100.0,1-Car,Non-incapacitating,DRIVER DISTRACTED - EXPLAIN IN NARRATIVE,39.16424,-86.480688
10,4,1400.0,2-Car,Non-incapacitating,FAILURE TO YIELD RIGHT OF WAY,39.16424,-86.4908
10,5,1300.0,2-Car,No injury/unknown,FOLLOWING TOO CLOSELY,39.16424,-86.473696
10,5,1400.0,2-Car,No injury/unknown,FAILURE TO YIELD RIGHT OF WAY,39.16424,-86.4984
10,5,1800.0,2-Car,No injury/unknown,FAILURE TO YIELD RIGHT OF WAY,39.16424,-86.4984
10,7,1600.0,2-Car,No injury/unknown,FAILURE TO YIELD RIGHT OF WAY,39.16424,-86.4984
10,6,1600.0,2-Car,No injury/unknown,OTHER (DRIVER) - EXPLAIN IN NARRATIVE,39.16424,-86.5161551
10,2,1500.0,2-Car,Non-incapacitating,FAILURE TO YIELD RIGHT OF WAY,39.16424,-86.4984
10,4,1700.0,2-Car,No injury/unknown,FOLLOWING TOO CLOSELY,39.16424,-86.4984
10,5,700.0,2-Car,No injury/unknown,SPEED TOO FAST FOR WEATHER CONDITIONS,39.16424,-86.480688
10,6,1400.0,2-Car,No injury/unknown,FAILURE TO YIELD RIGHT OF WAY,39.16424,-86.49307941
10,6,1800.0,3+ Cars,Non-incapacitating,FAILURE TO YIELD RIGHT OF WAY,39.16424,-86.476096
11,2,1900.0,2-Car,No injury/unknown,FAILURE TO YIELD RIGHT OF WAY,39.16424,-86.492944
11,6,1800.0,3+ Cars,No injury/unknown,FAILURE TO YIELD RIGHT OF WAY,39.16424,-86.4984
11,7,1600.0,2-Car,No injury/unknown,IMPROPER PASSING,39.16424,-86.476096
11,2,1700.0,2-Car,No injury/unknown,FAILURE TO YIELD RIGHT OF WAY,39.16424,-86.4984
11,4,900.0,2-Car,No injury/unknown,FAILURE TO YIELD RIGHT OF WAY,39.16424,-86.4984
11,5,1300.0,2-Car,No injury/unknown,DISREGARD SIGNAL/REG SIGN,39.16424,-86.495088
11,5,1600.0,2-Car,No injury/unknown,FAILURE TO YIELD RIGHT OF WAY,39.16424,-86.492944
11,5,2200.0,2-Car,No injury/unknown,UNSAFE BACKING,39.16424,-86.4812
11,6,900.0,2-Car,No injury/unknown,UNSAFE BACKING,39.16424,-86.5164
11,1,1200.0,2-Car,No injury/unknown,UNSAFE LANE MOVEMENT,39.16424,-86.480688
11,2,1300.0,2-Car,No injury/unknown,FAILURE TO YIELD RIGHT OF WAY,39.16424,-86.476096
11,2,2000.0,2-Car,No injury/unknown,UNSAFE BACKING,39.16424,-86.51605714
11,1,300.0,1-Car,No injury/unknown,IMPROPER TURNING,39.16424,-86.495088
11,3,1300.0,2-Car,No injury/unknown,FAILURE TO YIELD RIGHT OF WAY,39.16424,-86.476096
12,1,1500.0,2-Car,No injury/unknown,DRIVER DISTRACTED - EXPLAIN IN NARRATIVE,39.16424,-86.4984
12,2,700.0,2-Car,No injury/unknown,FOLLOWING TOO CLOSELY,39.16424,-86.4984
12,7,2200.0,2-Car,No injury/unknown,UNSAFE BACKING,39.16424,-86.4984
12,7,800.0,2-Car,No injury/unknown,OTHER (DRIVER) - EXPLAIN IN NARRATIVE,39.16424,-86.48955556
8,2,1600.0,2-Car,No injury/unknown,IMPROPER TURNING,39.16423861,-86.49522852
6,6,1200.0,2-Car,No injury/unknown,FOLLOWING TOO CLOSELY,39.16423804,-86.49819233
12,7,1300.0,2-Car,No injury/unknown,UNSAFE BACKING,39.16423674,-86.49805388
9,5,1300.0,2-Car,No injury/unknown,IMPROPER TURNING,39.16423,-86.497269
11,3,2000.0,2-Car,No injury/unknown,FAILURE TO YIELD RIGHT OF WAY,39.16422979,-86.4961192
11,2,900.0,1-Car,No injury/unknown,ANIMAL/OBJECT IN ROADWAY,39.16422803,-86.65123152
4,3,1900.0,2-Car,No injury/unknown,UNSAFE BACKING,39.16422615,-86.48113686
10,4,1700.0,1-Car,No injury/unknown,IMPROPER TURNING,39.16422615,-86.481194
7,7,1000.0,3+ Cars,No injury/unknown,OTHER (VEHICLE) - EXPLAIN IN NARRATIVE,39.16422546,-86.49655709
5,1,1800.0,2-Car,No injury/unknown,UNSAFE BACKING,39.16422436,-86.49666727
6,2,1200.0,2-Car,No injury/unknown,FAILURE TO YIELD RIGHT OF WAY,39.16422436,-86.49666727
10,2,1700.0,1-Car,No injury/unknown,DRIVER DISTRACTED - EXPLAIN IN NARRATIVE,39.16422436,-86.49666727
5,1,1500.0,2-Car,No injury/unknown,UNSAFE BACKING,39.164221,-86.476167
1,6,500.0,1-Car,No injury/unknown,OTHER (DRIVER) - EXPLAIN IN NARRATIVE,39.16422,-86.4763
10,5,1300.0,2-Car,No injury/unknown,FAILURE TO YIELD RIGHT OF WAY,39.16422,-86.47630649
6,2,1500.0,2-Car,No injury/unknown,UNSAFE BACKING,39.1642186,-86.52076385
3,7,1700.0,2-Car,No injury/unknown,DRIVER DISTRACTED - EXPLAIN IN NARRATIVE,39.164214,-86.49524
11,4,1000.0,2-Car,No injury/unknown,UNSAFE BACKING,39.1642119,-86.5220949
2,7,2100.0,2-Car,No injury/unknown,FOLLOWING TOO CLOSELY,39.16421,-86.494467
4,4,1800.0,2-Car,No injury/unknown,UNSAFE LANE MOVEMENT,39.16421,-86.493962
5,3,2200.0,2-Car,No injury/unknown,UNSAFE BACKING,39.16421,-86.481219
7,6,1700.0,2-Car,No injury/unknown,FAILURE TO YIELD RIGHT OF WAY,39.16421,-86.491164
7,1,100.0,2-Car,Non-incapacitating,UNSAFE BACKING,39.16421,-86.481219
8,5,1900.0,2-Car,No injury/unknown,UNSAFE BACKING,39.16421,-86.494412
9,5,1800.0,3+ Cars,No injury/unknown,FOLLOWING TOO CLOSELY,39.16421,-86.49496
12,6,1400.0,2-Car,Non-incapacitating,FOLLOWING TOO CLOSELY,39.16420989,-86.49303987
12,6,1600.0,2-Car,No injury/unknown,FAILURE TO YIELD RIGHT OF WAY,39.16420989,-86.49495966
4,3,100.0,1-Car,Non-incapacitating,ANIMAL/OBJECT IN ROADWAY,39.16408692,-86.4274321
10,7,1700.0,2-Car,No injury/unknown,UNSAFE BACKING,39.16399576,-86.51519282
12,7,1300.0,2-Car,No injury/unknown,FAILURE TO YIELD RIGHT OF WAY,39.16396927,-86.49834057
1,3,1700.0,1-Car,No injury/unknown,SPEED TOO FAST FOR WEATHER CONDITIONS,39.16395215,-86.49593
11,2,1100.0,2-Car,Non-incapacitating,LEFT OF CENTER,39.16395185,-86.49592995
7,1,1200.0,2-Car,No injury/unknown,OTHER (DRIVER) - EXPLAIN IN NARRATIVE,39.16394547,-86.49833535