Month,Day,Hour,Collision Type,Injury Type,Primary Factor,Latitude,Longitude
10,4,2200.0,1-Car,No injury/unknown,ANIMAL/OBJECT IN ROADWAY,39.16392566,-86.62390602
7,6,300.0,2-Car,No injury/unknown,OTHER (DRIVER) - EXPLAIN IN NARRATIVE,39.16388003,-86.537296
9,6,1600.0,2-Car,Non-incapacitating,FAILURE TO YIELD RIGHT OF WAY,39.16381603,-86.5324
12,5,1400.0,1-Car,No injury/unknown,RAN OFF ROAD RIGHT,39.16377142,-86.64091963
7,6,2100.0,2-Car,No injury/unknown,OTHER (DRIVER) - EXPLAIN IN NARRATIVE,39.163744,-86.538592
11,7,0.0,2-Car,No injury/unknown,OTHER (DRIVER) - EXPLAIN IN NARRATIVE,39.163744,-86.538592
10,4,2300.0,2-Car,No injury/unknown,UNSAFE BACKING,39.16372571,-86.53103216
8,3,800.0,3+ Cars,Non-incapacitating,UNSAFE SPEED,39.1636669,-86.53144
7,7,0.0,1-Car,No injury/unknown,LEFT OF CENTER,39.16366451,-86.62563787
3,5,1700.0,2-Car,Non-incapacitating,OTHER (DRIVER) - EXPLAIN IN NARRATIVE,39.163648,-86.438
7,6,1100.0,1-Car,Non-incapacitating,FOLLOWING TOO CLOSELY,39.16364389,-86.63601307
9,2,1000.0,1-Car,No injury/unknown,RAN OFF ROAD RIGHT,39.16364217,-86.43815448
12,4,2000.0,1-Car,No injury/unknown,ANIMAL/OBJECT IN ROADWAY,39.16363992,-86.64996668
10,2,700.0,3+ Cars,Non-incapacitating,SPEED TOO FAST FOR WEATHER CONDITIONS,39.16363672,-86.53145486
4,7,500.0,1-Car,No injury/unknown,ANIMAL/OBJECT IN ROADWAY,39.1636251,-86.64998661
7,7,1600.0,1-Car,No injury/unknown,RAN OFF ROAD RIGHT,39.1636251,-86.64980603
11,7,100.0,1-Car,No injury/unknown,ANIMAL/OBJECT IN ROADWAY,39.1636198,-86.43798699
1,4,1300.0,2-Car,Non-incapacitating,BRAKE FAILURE OR DEFECTIVE,39.16360223,-86.42236567
6,7,200.0,1-Car,No injury/unknown,OTHER (DRIVER) - EXPLAIN IN NARRATIVE,39.16355934,-86.42589328
4,6,1700.0,2-Car,No injury/unknown,UNSAFE LANE MOVEMENT,39.163552,-86.582896
10,5,1300.0,2-Car,No injury/unknown,LEFT OF CENTER,39.163552,-86.582896
10,7,1200.0,3+ Cars,Non-incapacitating,FOLLOWING TOO CLOSELY,39.163552,-86.582896
10,1,0.0,1-Car,Non-incapacitating,RAN OFF ROAD RIGHT,39.163464,-86.647688
1,7,2000.0,1-Car,Non-incapacitating,OTHER (DRIVER) - EXPLAIN IN NARRATIVE,39.16346117,-86.55130339
2,1,1800.0,2-Car,Non-incapacitating,FOLLOWING TOO CLOSELY,39.16346117,-86.55130339
3,7,200.0,1-Car,No injury/unknown,RAN OFF ROAD RIGHT,39.16346117,-86.55131204
6,4,1200.0,3+ Cars,Incapacitating,DRIVER ILLNESS,39.16346117,-86.55130339
8,7,1200.0,3+ Cars,Non-incapacitating,OTHER (DRIVER) - EXPLAIN IN NARRATIVE,39.16346117,-86.55128608
11,3,1800.0,2-Car,No injury/unknown,SPEED TOO FAST FOR WEATHER CONDITIONS,39.16344009,-86.55128002
11,1,300.0,3+ Cars,No injury/unknown,LEFT OF CENTER,39.16344009,-86.55125405
1,5,1400.0,2-Car,No injury/unknown,UNSAFE BACKING,39.16338115,-86.587792
8,1,2100.0,1-Car,Non-incapacitating,UNSAFE SPEED,39.16338115,-86.587792
1,7,1300.0,2-Car,No injury/unknown,FAILURE TO YIELD RIGHT OF WAY,39.163344,-86.5272
4,5,1100.0,2-Car,No injury/unknown,FAILURE TO YIELD RIGHT OF WAY,39.163344,-86.5272
5,5,1500.0,2-Car,No injury/unknown,FAILURE TO YIELD RIGHT OF WAY,39.163344,-86.5272
7,5,0.0,2-Car,Non-incapacitating,DISREGARD SIGNAL/REG SIGN,39.163344,-86.5272
3,5,1500.0,2-Car,No injury/unknown,FAILURE TO YIELD RIGHT OF WAY,39.163328,-86.525808
6,6,1500.0,2-Car,No injury/unknown,FAILURE TO YIELD RIGHT OF WAY,39.163328,-86.525808
8,7,1400.0,2-Car,Non-incapacitating,FAILURE TO YIELD RIGHT OF WAY,39.16331,-86.5838
11,3,1900.0,2-Car,No injury/unknown,FOLLOWING TOO CLOSELY,39.16329995,-86.58274032
11,2,1200.0,2-Car,No injury/unknown,FAILURE TO YIELD RIGHT OF WAY,39.16328,-86.522592
1,2,1600.0,2-Car,No injury/unknown,UNSAFE BACKING,39.163234,-86.587918
7,3,1600.0,2-Car,No injury/unknown,FAILURE TO YIELD RIGHT OF WAY,39.163232,-86.520176
7,7,1000.0,2-Car,Non-incapacitating,FOLLOWING TOO CLOSELY,39.16321653,-86.53143
2,2,1200.0,1-Car,No injury/unknown,RAN OFF ROAD RIGHT,39.163168,-86.516384
11,2,1800.0,2-Car,No injury/unknown,FAILURE TO YIELD RIGHT OF WAY,39.163168,-86.516384
11,4,1600.0,2-Car,Non-incapacitating,LEFT OF CENTER,39.163168,-86.516384
2,5,1700.0,2-Car,No injury/unknown,FOLLOWING TOO CLOSELY,39.16316336,-86.51603125
1,5,1200.0,2-Car,No injury/unknown,FAILURE TO YIELD RIGHT OF WAY,39.163152,-86.515168
4,3,2000.0,2-Car,No injury/unknown,UNSAFE LANE MOVEMENT,39.163152,-86.515168
9,6,1100.0,2-Car,No injury/unknown,IMPROPER TURNING,39.163152,-86.515168
2,6,1500.0,2-Car,No injury/unknown,FAILURE TO YIELD RIGHT OF WAY,39.16314,-86.52727
6,5,1700.0,2-Car,Non-incapacitating,FAILURE TO YIELD RIGHT OF WAY,39.16314,-86.52727
9,2,2100.0,2-Car,Non-incapacitating,FAILURE TO YIELD RIGHT OF WAY,39.16314,-86.52727
1,5,1300.0,2-Car,No injury/unknown,FAILURE TO YIELD RIGHT OF WAY,39.163136,-86.546224
1,6,1300.0,2-Car,No injury/unknown,FOLLOWING TOO CLOSELY,39.163136,-86.514096
5,6,1400.0,2-Car,No injury/unknown,IMPROPER LANE USAGE,39.163136,-86.514096
8,5,1600.0,2-Car,No injury/unknown,OTHER (DRIVER) - EXPLAIN IN NARRATIVE,39.163136,-86.546224
4,3,2000.0,Pedestrian,Non-incapacitating,FAILURE TO YIELD RIGHT OF WAY,39.16313034,-86.52019322
2,2,1500.0,2-Car,Non-incapacitating,FAILURE TO YIELD RIGHT OF WAY,39.16312649,-86.52587459
2,6,1500.0,2-Car,No injury/unknown,FAILURE TO YIELD RIGHT OF WAY,39.16312649,-86.52724746
2,2,500.0,2-Car,Non-incapacitating,DISREGARD SIGNAL/REG SIGN,39.16312649,-86.52724746
3,5,1100.0,2-Car,No injury/unknown,FAILURE TO YIELD RIGHT OF WAY,39.16312649,-86.52724746
11,2,800.0,2-Car,No injury/unknown,IMPROPER PASSING,39.16312024,-86.52260696
5,1,500.0,2-Car,No injury/unknown,IMPROPER TURNING,39.16312,-86.5259
5,5,1300.0,2-Car,No injury/unknown,UNSAFE BACKING,39.16312,-86.522619
7,3,1700.0,2-Car,No injury/unknown,FAILURE TO YIELD RIGHT OF WAY,39.16312,-86.5259
8,5,1500.0,2-Car,No injury/unknown,FAILURE TO YIELD RIGHT OF WAY,39.16312,-86.513088
8,6,1300.0,2-Car,No injury/unknown,UNSAFE BACKING,39.16312,-86.5259
10,3,2100.0,2-Car,No injury/unknown,FAILURE TO YIELD RIGHT OF WAY,39.16312,-86.5259
11,5,1500.0,2-Car,No injury/unknown,FOLLOWING TOO CLOSELY,39.16312,-86.52262
2,6,1300.0,2-Car,No injury/unknown,OTHER (DRIVER) - EXPLAIN IN NARRATIVE,39.16311625,-86.5106501
1,5,1700.0,2-Car,No injury/unknown,FAILURE TO YIELD RIGHT OF WAY,39.16309,-86.52021
4,5,1400.0,2-Car,No injury/unknown,FAILURE TO YIELD RIGHT OF WAY,39.16309,-86.50968
8,6,700.0,2-Car,Non-incapacitating,FAILURE TO YIELD RIGHT OF WAY,39.16309,-86.52021
11,2,2200.0,1-Car,No injury/unknown,RAN OFF ROAD RIGHT,39.16308001,-86.51527002
4,5,1200.0,2-Car,No injury/unknown,FAILURE TO YIELD RIGHT OF WAY,39.16308,-86.50847
6,7,1700.0,2-Car,No injury/unknown,IMPROPER TURNING,39.16308,-86.51527
6,2,1500.0,2-Car,No injury/unknown,FOLLOWING TOO CLOSELY,39.16308,-86.50847
8,6,1600.0,2-Car,No injury/unknown,FOLLOWING TOO CLOSELY,39.16308,-86.51418
10,7,1600.0,2-Car,No injury/unknown,,39.16308,-86.515258
11,5,1400.0,2-Car,No injury/unknown,FAILURE TO YIELD RIGHT OF WAY,39.16308,-86.51321
3,5,1400.0,2-Car,No injury/unknown,DISREGARD SIGNAL/REG SIGN,39.16305,-86.51639
5,4,1500.0,2-Car,Non-incapacitating,FAILURE TO YIELD RIGHT OF WAY,39.16305,-86.51639
8,4,1400.0,2-Car,No injury/unknown,FOLLOWING TOO CLOSELY,39.16305,-86.51639
9,6,1900.0,2-Car,No injury/unknown,FOLLOWING TOO CLOSELY,39.16305,-86.51639
11,3,2100.0,Bus,No injury/unknown,LEFT OF CENTER,39.16304983,-86.51638984
2,6,1400.0,2-Car,No injury/unknown,FOLLOWING TOO CLOSELY,39.16304795,-86.5097212
8,4,1100.0,2-Car,No injury/unknown,FOLLOWING TOO CLOSELY,39.16304453,-86.51771252
8,6,1500.0,2-Car,No injury/unknown,FAILURE TO YIELD RIGHT OF WAY,39.16304453,-86.51771252
10,5,1400.0,2-Car,No injury/unknown,FAILURE TO YIELD RIGHT OF WAY,39.16304453,-86.51771252
10,4,1700.0,2-Car,Non-incapacitating,FAILURE TO YIELD RIGHT OF WAY,39.16304453,-86.51771252
4,1,1200.0,2-Car,No injury/unknown,UNSAFE BACKING,39.16304,-86.508288
4,2,1500.0,2-Car,No injury/unknown,OTHER (DRIVER) - EXPLAIN IN NARRATIVE,39.16304,-86.508288
5,6,2300.0,1-Car,No injury/unknown,ANIMAL/OBJECT IN ROADWAY,39.16304,-86.5408
10,2,1600.0,2-Car,No injury/unknown,FAILURE TO YIELD RIGHT OF WAY,39.16304,-86.508288
9,7,1900.0,2-Car,Non-incapacitating,FAILURE TO YIELD RIGHT OF WAY,39.16300972,-86.49801135
10,1,1400.0,2-Car,Non-incapacitating,FAILURE TO YIELD RIGHT OF WAY,39.16300972,-86.49805963
5,3,1400.0,2-Car,No injury/unknown,UNSAFE BACKING,39.16296,-86.476279
5,5,1600.0,2-Car,No injury/unknown,,39.16296,-86.476279
5,2,400.0,1-Car,Non-incapacitating,ANIMAL/OBJECT IN ROADWAY,39.16295,-86.4808
9,7,1900.0,2-Car,No injury/unknown,UNSAFE LANE MOVEMENT,39.162928,-86.498112
3,6,0.0,2-Car,No injury/unknown,UNSAFE BACKING,39.16289085,-86.47629425
11,5,1900.0,Moped/Motorcycle,Incapacitating,FOLLOWING TOO CLOSELY,39.16287012,-86.53867028
2,4,2200.0,1-Car,No injury/unknown,RAN OFF ROAD RIGHT,39.16287,-86.53867
5,5,1300.0,2-Car,Non-incapacitating,FOLLOWING TOO CLOSELY,39.16286695,-86.53497924
9,7,1900.0,2-Car,No injury/unknown,OTHER (VEHICLE) - EXPLAIN IN NARRATIVE,39.162848,-86.5284
9,3,1600.0,2-Car,No injury/unknown,FOLLOWING TOO CLOSELY,39.16280668,-86.53483346
1,7,1500.0,2-Car,No injury/unknown,IMPROPER LANE USAGE,39.16278498,-86.53119748
5,4,1100.0,1-Car,No injury/unknown,RAN OFF ROAD RIGHT,39.16278414,-86.64931207
1,5,2000.0,2-Car,No injury/unknown,OTHER (DRIVER) - EXPLAIN IN NARRATIVE,39.162752,-86.4624
6,2,1600.0,1-Car,No injury/unknown,DRIVER ASLEEP OR FATIGUED,39.16270985,-86.41331991
10,7,0.0,1-Car,No injury/unknown,ANIMAL/OBJECT IN ROADWAY,39.16270985,-86.41332855
2,7,600.0,2-Car,Non-incapacitating,SPEED TOO FAST FOR WEATHER CONDITIONS,39.16269236,-86.57314202
2,4,1000.0,2-Car,No injury/unknown,UNSAFE BACKING,39.162521,-86.476255
5,3,2200.0,2-Car,No injury/unknown,UNSAFE BACKING,39.16250318,-86.5336
1,7,1800.0,2-Car,No injury/unknown,UNSAFE BACKING,39.16244571,-86.5336
3,7,1700.0,1-Car,No injury/unknown,OTHER (VEHICLE) - EXPLAIN IN NARRATIVE,39.16244006,-86.52724746
10,2,1500.0,2-Car,No injury/unknown,OTHER (DRIVER) - EXPLAIN IN NARRATIVE,39.1624264,-86.55602305
11,7,1200.0,2-Car,No injury/unknown,FAILURE TO YIELD RIGHT OF WAY,39.1624,-86.538592
8,5,1200.0,1-Car,No injury/unknown,OTHER (DRIVER) - EXPLAIN IN NARRATIVE,39.16225,-86.527239
3,5,1800.0,2-Car,No injury/unknown,DISREGARD SIGNAL/REG SIGN,39.16224,-86.523968
4,3,1100.0,2-Car,Non-incapacitating,FAILURE TO YIELD RIGHT OF WAY,39.16224,-86.52016
6,2,1000.0,2-Car,No injury/unknown,OTHER (DRIVER) - EXPLAIN IN NARRATIVE,39.16224,-86.522576
6,2,1300.0,2-Car,No injury/unknown,DISREGARD SIGNAL/REG SIGN,39.16224,-86.522576
9,4,100.0,2-Car,No injury/unknown,IMPROPER LANE USAGE,39.16224,-86.522576
9,3,1400.0,2-Car,No injury/unknown,FAILURE TO YIELD RIGHT OF WAY,39.16224,-86.525824
9,4,1700.0,2-Car,No injury/unknown,DISREGARD SIGNAL/REG SIGN,39.16224,-86.523968
11,5,1500.0,2-Car,No injury/unknown,FAILURE TO YIELD RIGHT OF WAY,39.16224,-86.515152
12,6,1700.0,2-Car,No injury/unknown,FAILURE TO YIELD RIGHT OF WAY,39.16224,-86.5176
8,4,0.0,2-Car,No injury/unknown,OTHER (DRIVER) - EXPLAIN IN NARRATIVE,39.16222,-86.52402
5,3,1100.0,2-Car,Non-incapacitating,FAILURE TO YIELD RIGHT OF WAY,39.16221113,-86.55581832
12,7,1400.0,2-Car,No injury/unknown,UNSAFE BACKING,39.16208491,-86.55574992
7,4,1200.0,2-Car,Non-incapacitating,FAILURE TO YIELD RIGHT OF WAY,39.16204873,-86.49792764
9,7,1500.0,Moped/Motorcycle,No injury/unknown,FAILURE TO YIELD RIGHT OF WAY,39.1619073,-86.47161557
9,2,1500.0,Moped/Motorcycle,Non-incapacitating,FAILURE TO YIELD RIGHT OF WAY,39.1618364,-86.56015
11,6,1300.0,2-Car,No injury/unknown,,39.161835,-86.497851
12,3,1200.0,1-Car,No injury/unknown,ROADWAY SURFACE CONDITION,39.16179724,-86.61047168
8,2,1300.0,2-Car,No injury/unknown,UNSAFE BACKING,39.161785,-86.567382
9,2,800.0,2-Car,No injury/unknown,UNSAFE BACKING,39.161754,-86.5674
4,6,1400.0,2-Car,No injury/unknown,OTHER (DRIVER) - EXPLAIN IN NARRATIVE,39.161723,-86.567419
12,6,1600.0,2-Car,No injury/unknown,UNSAFE BACKING,39.16167587,-86.57919779
1,6,2200.0,3+ Cars,No injury/unknown,SPEED TOO FAST FOR WEATHER CONDITIONS,39.161662,-86.567456
7,2,1700.0,2-Car,No injury/unknown,FOLLOWING TOO CLOSELY,39.161648,-86.546128
2,4,0.0,2-Car,No injury/unknown,,39.161569,-86.567511
2,2,1200.0,2-Car,No injury/unknown,OTHER (DRIVER) - EXPLAIN IN NARRATIVE,39.161568,-86.542096
9,4,1400.0,2-Car,No injury/unknown,UNSAFE BACKING,39.16153675,-86.53981487
7,1,1000.0,2-Car,No injury/unknown,,39.16153611,-86.53976784
9,6,1300.0,2-Car,No injury/unknown,UNSAFE BACKING,39.16153611,-86.53976784
10,3,1200.0,2-Car,No injury/unknown,FOLLOWING TOO CLOSELY,39.16152,-86.538592
11,7,1700.0,2-Car,No injury/unknown,LEFT OF CENTER,39.161508,-86.567548
9,4,1700.0,2-Car,Non-incapacitating,FOLLOWING TOO CLOSELY,39.161488,-86.537296
1,7,200.0,1-Car,No injury/unknown,ROADWAY SURFACE CONDITION,39.16144,-86.5336
1,4,1100.0,2-Car,No injury/unknown,UNSAFE BACKING,39.16144,-86.52584
2,6,0.0,2-Car,No injury/unknown,DISREGARD SIGNAL/REG SIGN,39.16144,-86.534848
2,6,1700.0,2-Car,No injury/unknown,FOLLOWING TOO CLOSELY,39.16144,-86.534848
3,6,1300.0,2-Car,No injury/unknown,OTHER (DRIVER) - EXPLAIN IN NARRATIVE,39.16144,-86.527152
3,4,1700.0,Cyclist,Non-incapacitating,UNSAFE LANE MOVEMENT,39.16144,-86.5324
4,7,1200.0,2-Car,No injury/unknown,FAILURE TO YIELD RIGHT OF WAY,39.16144,-86.52584
4,4,1900.0,2-Car,No injury/unknown,UNSAFE LANE MOVEMENT,39.16144,-86.534848
5,1,1100.0,2-Car,No injury/unknown,DISREGARD SIGNAL/REG SIGN,39.16144,-86.534848
6,6,400.0,2-Car,No injury/unknown,IMPROPER TURNING,39.16144,-86.527152
7,5,1000.0,2-Car,No injury/unknown,FOLLOWING TOO CLOSELY,39.16144,-86.5336
8,4,1100.0,2-Car,Non-incapacitating,FOLLOWING TOO CLOSELY,39.16144,-86.534848
10,2,1500.0,3+ Cars,No injury/unknown,ANIMAL/OBJECT IN ROADWAY,39.16144,-86.52976
10,7,0.0,2-Car,No injury/unknown,UNSAFE BACKING,39.16144,-86.52807935
10,3,1900.0,2-Car,No injury/unknown,LEFT OF CENTER,39.16144,-86.534848
10,4,1200.0,2-Car,Non-incapacitating,FOLLOWING TOO CLOSELY,39.16144,-86.5324
12,6,1300.0,2-Car,No injury/unknown,FAILURE TO YIELD RIGHT OF WAY,39.16144,-86.52976
12,6,1600.0,Bus,No injury/unknown,FAILURE TO YIELD RIGHT OF WAY,39.16144,-86.523952
1,3,900.0,2-Car,Non-incapacitating,SPEED TOO FAST FOR WEATHER CONDITIONS,39.16143,-86.54614
10,3,1600.0,2-Car,No injury/unknown,DISREGARD SIGNAL/REG SIGN,39.16143,-86.54614
3,4,0.0,1-Car,No injury/unknown,IMPROPER TURNING,39.1614087,-86.5365092
1,5,1300.0,2-Car,No injury/unknown,FAILURE TO YIELD RIGHT OF WAY,39.16140529,-86.53867437
2,5,1600.0,Pedestrian,Non-incapacitating,PEDESTRIAN ACTION,39.16140529,-86.54340086
3,3,1600.0,2-Car,Non-incapacitating,FOLLOWING TOO CLOSELY,39.16140529,-86.53627014
4,4,700.0,1-Car,Non-incapacitating,OTHER (DRIVER) - EXPLAIN IN NARRATIVE,39.16140529,-86.53993112
12,4,1300.0,2-Car,No injury/unknown,IMPROPER TURNING,39.16140027,-86.53362974
12,5,800.0,2-Car,Non-incapacitating,OTHER (DRIVER) - EXPLAIN IN NARRATIVE,39.16140027,-86.53867028
3,6,1400.0,2-Car,No injury/unknown,FOLLOWING TOO CLOSELY,39.1614,-86.53867
4,7,0.0,2-Car,Non-incapacitating,FAILURE TO YIELD RIGHT OF WAY,39.1614,-86.53867
5,7,1200.0,Bus,No injury/unknown,FOLLOWING TOO CLOSELY,39.1614,-86.53363
6,5,1600.0,3+ Cars,No injury/unknown,IMPROPER LANE USAGE,39.1614,-86.539916
8,5,1700.0,2-Car,Non-incapacitating,ACCELERATOR FAILURE OR DEFECTIVE,39.1614,-86.53867
7,6,1200.0,Bus,No injury/unknown,IMPROPER LANE USAGE,39.16138016,-86.53491956
8,3,1400.0,2-Car,Non-incapacitating,FOLLOWING TOO CLOSELY,39.16138,-86.53493
9,5,1100.0,2-Car,No injury/unknown,FOLLOWING TOO CLOSELY,39.16138,-86.53493
1,2,0.0,3+ Cars,No injury/unknown,RAN OFF ROAD RIGHT,39.16136,-86.52988346
6,1,2300.0,Cyclist,Non-incapacitating,WRONG WAY ON ONE WAY,39.16136,-86.53241
8,6,1900.0,2-Car,No injury/unknown,FAILURE TO YIELD RIGHT OF WAY,39.16136,-86.52988
5,3,900.0,3+ Cars,No injury/unknown,OTHER (DRIVER) - EXPLAIN IN NARRATIVE,39.16135,-86.52840135
8,4,1800.0,2-Car,No injury/unknown,DRIVER DISTRACTED - EXPLAIN IN NARRATIVE,39.16134,-86.5272
8,5,1800.0,2-Car,No injury/unknown,FAILURE TO YIELD RIGHT OF WAY,39.16134,-86.52720433
2,2,2300.0,3+ Cars,No injury/unknown,IMPROPER TURNING,39.16132332,-86.53240426
7,2,1500.0,2-Car,Non-incapacitating,DISREGARD SIGNAL/REG SIGN,39.161312,-86.522576
8,5,1900.0,2-Car,No injury/unknown,FAILURE TO YIELD RIGHT OF WAY,39.161312,-86.522576
11,1,1500.0,1-Car,No injury/unknown,OVERCORRECTING/OVERSTEERING,39.161312,-86.522576
10,5,1400.0,1-Car,No injury/unknown,IMPROPER TURNING,39.161205,-86.524
5,1,0.0,2-Car,No injury/unknown,OTHER (DRIVER) - EXPLAIN IN NARRATIVE,39.16115717,-86.53485253
6,6,1700.0,2-Car,No injury/unknown,OTHER (DRIVER) - EXPLAIN IN NARRATIVE,39.16115717,-86.53485253
10,3,1200.0,2-Car,No injury/unknown,VIEW OBSTRUCTED,39.16115717,-86.53485253
7,3,1100.0,2-Car,Non-incapacitating,DISREGARD SIGNAL/REG SIGN,39.16107978,-86.5177685
3,2,900.0,2-Car,No injury/unknown,FAILURE TO YIELD RIGHT OF WAY,39.161059,-86.551447
8,3,1100.0,1-Car,No injury/unknown,OTHER (DRIVER) - EXPLAIN IN NARRATIVE,39.16104,-86.51639
1,6,2000.0,2-Car,No injury/unknown,SPEED TOO FAST FOR WEATHER CONDITIONS,39.16099,-86.50847
2,5,1700.0,2-Car,No injury/unknown,LEFT OF CENTER,39.16098864,-86.50843029
8,4,900.0,2-Car,No injury/unknown,UNSAFE BACKING,39.160963,-86.507148
12,6,1600.0,2-Car,No injury/unknown,FOLLOWING TOO CLOSELY,39.16096226,-86.48128978
10,6,1700.0,3+ Cars,No injury/unknown,FOLLOWING TOO CLOSELY,39.16095,-86.50584
1,2,1500.0,2-Car,No injury/unknown,FAILURE TO YIELD RIGHT OF WAY,39.160944,-86.497696
5,2,900.0,2-Car,No injury/unknown,FAILURE TO YIELD RIGHT OF WAY,39.160944,-86.497696
7,6,1100.0,2-Car,No injury/unknown,FAILURE TO YIELD RIGHT OF WAY,39.160944,-86.497696
9,7,1600.0,2-Car,No injury/unknown,FAILURE TO YIELD RIGHT OF WAY,39.160944,-86.497696
11,4,800.0,2-Car,No injury/unknown,SPEED TOO FAST FOR WEATHER CONDITIONS,39.160944,-86.508288
11,4,1700.0,2-Car,No injury/unknown,UNSAFE LANE MOVEMENT,39.160944,-86.497696
11,6,800.0,2-Car,Non-incapacitating,FOLLOWING TOO CLOSELY,39.160944,-86.497696
12,3,1200.0,2-Car,No injury/unknown,DISREGARD SIGNAL/REG SIGN,39.160944,-86.497696
7,1,300.0,2-Car,No injury/unknown,UNSAFE LANE MOVEMENT,39.16094,-86.49772
11,2,1800.0,2-Car,No injury/unknown,FOLLOWING TOO CLOSELY,39.16092016,-86.50244973
7,2,800.0,2-Car,No injury/unknown,FOLLOWING TOO CLOSELY,39.16092,-86.50245
10,5,2200.0,2-Car,No injury/unknown,DISREGARD SIGNAL/REG SIGN,39.16092,-86.50245
12,4,1600.0,2-Car,Non-incapacitating,FAILURE TO YIELD RIGHT OF WAY,39.1609101,-86.55405007
3,4,1700.0,3+ Cars,No injury/unknown,FOLLOWING TOO CLOSELY,39.16090327,-86.50241973
8,5,1200.0,2-Car,Non-incapacitating,OTHER (DRIVER) - EXPLAIN IN NARRATIVE,39.16088278,-86.55404913
11,7,1400.0,2-Car,Non-incapacitating,FAILURE TO YIELD RIGHT OF WAY,39.16085065,-86.49769922
10,4,1200.0,Cyclist,Non-incapacitating,UNSAFE SPEED,39.160826,-86.497717
8,3,1900.0,2-Car,No injury/unknown,FAILURE TO YIELD RIGHT OF WAY,39.16075,-86.54851
9,3,1000.0,2-Car,No injury/unknown,FOLLOWING TOO CLOSELY,39.16075,-86.54851
9,2,0.0,2-Car,Non-incapacitating,DISREGARD SIGNAL/REG SIGN,39.16075,-86.54851
11,3,900.0,2-Car,No injury/unknown,OTHER (DRIVER) - EXPLAIN IN NARRATIVE,39.16075,-86.54851
10,5,1100.0,2-Car,No injury/unknown,FOLLOWING TOO CLOSELY,39.16071544,-86.54846886
8,4,700.0,Pedestrian,Non-incapacitating,DISREGARD SIGNAL/REG SIGN,39.160544,-86.5508
1,2,1200.0,2-Car,No injury/unknown,OTHER (DRIVER) - EXPLAIN IN NARRATIVE,39.16053785,-86.55396033
9,1,200.0,2-Car,No injury/unknown,LEFT OF CENTER,39.16038637,-86.52392254
4,7,100.0,2-Car,No injury/unknown,FAILURE TO YIELD RIGHT OF WAY,39.16038076,-86.52715867
10,2,1600.0,2-Car,No injury/unknown,FOLLOWING TOO CLOSELY,39.16038,-86.55083
7,5,1800.0,2-Car,No injury/unknown,,39.16033949,-86.4715755
1,4,200.0,2-Car,No injury/unknown,UNSAFE BACKING,39.1603205,-86.5310725
5,2,800.0,2-Car,Non-incapacitating,DISREGARD SIGNAL/REG SIGN,39.16032,-86.527136
7,3,1300.0,2-Car,Non-incapacitating,FAILURE TO YIELD RIGHT OF WAY,39.16032,-86.527136
11,3,1800.0,2-Car,No injury/unknown,FAILURE TO YIELD RIGHT OF WAY,39.16021541,-86.55312471
5,3,1700.0,3+ Cars,Non-incapacitating,FAILURE TO YIELD RIGHT OF WAY,39.16015,-86.51639
10,3,1900.0,1-Car,No injury/unknown,ANIMAL/OBJECT IN ROADWAY,39.16006682,-86.53486997
9,5,2100.0,2-Car,No injury/unknown,UNSAFE BACKING,39.15998862,-86.55307876
5,6,1500.0,1-Car,No injury/unknown,ANIMAL/OBJECT IN ROADWAY,39.15995467,-86.52651
3,6,1700.0,2-Car,No injury/unknown,FAILURE TO YIELD RIGHT OF WAY,39.15994021,-86.55379641
3,3,900.0,2-Car,No injury/unknown,FOLLOWING TOO CLOSELY,39.15994021,-86.55375313
5,4,1600.0,2-Car,Non-incapacitating,FOLLOWING TOO CLOSELY,39.15994021,-86.5538016
8,2,1400.0,2-Car,No injury/unknown,UNSAFE BACKING,39.15994021,-86.55379641
4,1,100.0,2-Car,No injury/unknown,FAILURE TO YIELD RIGHT OF WAY,39.15988398,-86.53485
8,2,2000.0,Moped/Motorcycle,Non-incapacitating,RAN OFF ROAD RIGHT,39.1596,-86.490784
1,6,1200.0,3+ Cars,Non-incapacitating,DISREGARD SIGNAL/REG SIGN,39.15944,-86.53488
3,6,1600.0,1-Car,Non-incapacitating,SPEED TOO FAST FOR WEATHER CONDITIONS,39.15944,-86.555296
10,4,1200.0,2-Car,No injury/unknown,FAILURE TO YIELD RIGHT OF WAY,39.1593726,-86.58292002
4,2,1400.0,2-Car,No injury/unknown,FAILURE TO YIELD RIGHT OF WAY,39.15936,-86.53366
1,5,1000.0,2-Car,No injury/unknown,FOLLOWING TOO CLOSELY,39.159344,-86.5336
4,3,500.0,1-Car,No injury/unknown,RAN OFF ROAD RIGHT,39.159344,-86.523888
4,4,1200.0,2-Car,No injury/unknown,UNSAFE LANE MOVEMENT,39.159344,-86.5336
4,5,1400.0,2-Car,Non-incapacitating,FAILURE TO YIELD RIGHT OF WAY,39.159344,-86.52712
5,2,2200.0,2-Car,Non-incapacitating,FAILURE TO YIELD RIGHT OF WAY,39.159344,-86.5336
5,5,1000.0,Bus,No injury/unknown,OTHER (VEHICLE) - EXPLAIN IN NARRATIVE,39.159344,-86.5324
6,2,1700.0,2-Car,No injury/unknown,FOLLOWING TOO CLOSELY,39.159344,-86.5336
6,4,1300.0,2-Car,No injury/unknown,FOLLOWING TOO CLOSELY,39.159344,-86.5336