Month,Day,Hour,Collision Type,Injury Type,Primary Factor,Latitude,Longitude
8,3,1600.0,Moped/Motorcycle,Non-incapacitating,OTHER (DRIVER) - EXPLAIN IN NARRATIVE,39.159344,-86.525872
10,7,1200.0,2-Car,No injury/unknown,UNSAFE BACKING,39.159344,-86.53071771
11,2,900.0,2-Car,No injury/unknown,SPEED TOO FAST FOR WEATHER CONDITIONS,39.15932022,-86.52714014
1,3,1600.0,2-Car,No injury/unknown,SPEED TOO FAST FOR WEATHER CONDITIONS,39.15932,-86.52594
10,3,1500.0,Moped/Motorcycle,Incapacitating,FAILURE TO YIELD RIGHT OF WAY,39.15932,-86.52594
1,6,2200.0,Pedestrian,Non-incapacitating,SPEED TOO FAST FOR WEATHER CONDITIONS,39.15929,-86.52264
3,7,2000.0,2-Car,No injury/unknown,OTHER (DRIVER) - EXPLAIN IN NARRATIVE,39.15926,-86.55528
10,5,1600.0,Pedestrian,No injury/unknown,DISREGARD SIGNAL/REG SIGN,39.159248,-86.508288
6,3,900.0,2-Car,No injury/unknown,UNSAFE BACKING,39.159235,-86.497809
8,7,1600.0,1-Car,No injury/unknown,BRAKE FAILURE OR DEFECTIVE,39.158956,-86.559889
6,7,800.0,2-Car,No injury/unknown,OTHER (VEHICLE) - EXPLAIN IN NARRATIVE,39.15895544,-86.56739205
10,2,1100.0,2-Car,No injury/unknown,FOLLOWING TOO CLOSELY,39.15895283,-86.49827
2,3,900.0,2-Car,No injury/unknown,SPEED TOO FAST FOR WEATHER CONDITIONS,39.1588,-86.60463
9,6,1000.0,Bus,No injury/unknown,OTHER (DRIVER) - EXPLAIN IN NARRATIVE,39.15860878,-86.52692
11,3,600.0,2-Car,No injury/unknown,,39.15859,-86.56791
11,4,1200.0,2-Car,No injury/unknown,,39.15858999,-86.56790971
11,2,2200.0,1-Car,No injury/unknown,SPEED TOO FAST FOR WEATHER CONDITIONS,39.15849455,-86.53488808
11,4,1800.0,Cyclist,Non-incapacitating,FAILURE TO YIELD RIGHT OF WAY,39.158448,-86.527104
5,7,2000.0,2-Car,No injury/unknown,FOLLOWING TOO CLOSELY,39.158352,-86.582752
8,6,1600.0,2-Car,No injury/unknown,DRIVER DISTRACTED - EXPLAIN IN NARRATIVE,39.158352,-86.582752
12,3,100.0,1-Car,Non-incapacitating,SPEED TOO FAST FOR WEATHER CONDITIONS,39.15834323,-86.50050915
10,6,1900.0,1-Car,No injury/unknown,OTHER (DRIVER) - EXPLAIN IN NARRATIVE,39.15834137,-86.58275165
10,1,1000.0,2-Car,No injury/unknown,,39.15834,-86.53027
9,3,900.0,2-Car,No injury/unknown,IMPROPER PASSING,39.15832,-86.49611
11,6,2100.0,1-Car,No injury/unknown,RAN OFF ROAD RIGHT,39.1583097,-86.50002387
2,2,1900.0,2-Car,No injury/unknown,UNSAFE BACKING,39.15829072,-86.56911652
4,2,1500.0,2-Car,Non-incapacitating,FOLLOWING TOO CLOSELY,39.15816,-86.497792
4,6,2000.0,2-Car,No injury/unknown,FAILURE TO YIELD RIGHT OF WAY,39.15816,-86.497792
9,7,1900.0,2-Car,No injury/unknown,DISREGARD SIGNAL/REG SIGN,39.15811,-86.49789
10,6,1400.0,2-Car,Non-incapacitating,DISREGARD SIGNAL/REG SIGN,39.15811,-86.49789
9,7,2000.0,2-Car,Non-incapacitating,FOLLOWING TOO CLOSELY,39.15803917,-86.55758858
10,5,1300.0,2-Car,No injury/unknown,IMPROPER TURNING,39.157952,-86.527088
10,1,1400.0,2-Car,No injury/unknown,OTHER (DRIVER) - EXPLAIN IN NARRATIVE,39.15792,-86.523696
2,4,0.0,2-Car,No injury/unknown,UNSAFE SPEED,39.157904,-86.5216
4,6,1600.0,2-Car,No injury/unknown,FAILURE TO YIELD RIGHT OF WAY,39.157888,-86.520272
10,5,1500.0,2-Car,No injury/unknown,FOLLOWING TOO CLOSELY,39.15786,-86.52709
8,1,1300.0,2-Car,No injury/unknown,OTHER (DRIVER) - EXPLAIN IN NARRATIVE,39.15781336,-86.5297
11,1,1300.0,2-Car,No injury/unknown,FAILURE TO YIELD RIGHT OF WAY,39.15780008,-86.5201798
6,4,800.0,Bus,No injury/unknown,DISREGARD SIGNAL/REG SIGN,39.157792,-86.508288
1,5,1600.0,2-Car,No injury/unknown,VIEW OBSTRUCTED,39.157787,-86.497866
6,7,1600.0,2-Car,No injury/unknown,FAILURE TO YIELD RIGHT OF WAY,39.157744,-86.503792
4,7,1100.0,2-Car,No injury/unknown,UNSAFE LANE MOVEMENT,39.157696,-86.646528
1,6,2100.0,2-Car,No injury/unknown,ROADWAY SURFACE CONDITION,39.157616,-86.538592
2,2,1500.0,2-Car,Non-incapacitating,FOLLOWING TOO CLOSELY,39.157616,-86.538592
8,3,0.0,2-Car,No injury/unknown,FAILURE TO YIELD RIGHT OF WAY,39.157616,-86.538592
10,2,1700.0,2-Car,Non-incapacitating,IMPROPER LANE USAGE,39.15759409,-86.49038315
10,5,1900.0,Pedestrian,Non-incapacitating,PEDESTRIAN ACTION,39.15757365,-86.48885116
1,5,1100.0,1-Car,No injury/unknown,SPEED TOO FAST FOR WEATHER CONDITIONS,39.157552,-86.480592
4,6,1200.0,2-Car,No injury/unknown,FAILURE TO YIELD RIGHT OF WAY,39.15752,-86.54103606
11,4,2200.0,2-Car,No injury/unknown,IMPROPER TURNING,39.15751979,-86.54102995
7,3,1300.0,2-Car,No injury/unknown,FAILURE TO YIELD RIGHT OF WAY,39.157504,-86.531104
4,1,0.0,2-Car,No injury/unknown,OTHER (DRIVER) - EXPLAIN IN NARRATIVE,39.15748476,-86.57118607
10,6,700.0,Moped/Motorcycle,Non-incapacitating,FAILURE TO YIELD RIGHT OF WAY,39.15743952,-86.55932349
6,4,1600.0,2-Car,No injury/unknown,FAILURE TO YIELD RIGHT OF WAY,39.15742,-86.53365
4,1,100.0,1-Car,No injury/unknown,RAN OFF ROAD RIGHT,39.15727,-86.503055
7,5,1700.0,2-Car,No injury/unknown,UNSAFE BACKING,39.157248,-86.559792
8,6,1000.0,2-Car,No injury/unknown,FOLLOWING TOO CLOSELY,39.157248,-86.559792
2,7,1700.0,2-Car,No injury/unknown,ACCELERATOR FAILURE OR DEFECTIVE,39.15720813,-86.49780252
8,5,1600.0,2-Car,No injury/unknown,FAILURE TO YIELD RIGHT OF WAY,39.15719629,-86.57913641
11,4,1500.0,2-Car,No injury/unknown,UNSAFE BACKING,39.157142,-86.497819
9,2,1700.0,2-Car,Non-incapacitating,FOLLOWING TOO CLOSELY,39.1571,-86.55969866
9,6,1700.0,2-Car,No injury/unknown,UNSAFE BACKING,39.157064,-86.497814
1,4,2000.0,2-Car,No injury/unknown,FOLLOWING TOO CLOSELY,39.156896,-86.582704
3,2,1500.0,2-Car,No injury/unknown,FOLLOWING TOO CLOSELY,39.156896,-86.582704
8,4,1200.0,2-Car,No injury/unknown,DISREGARD SIGNAL/REG SIGN,39.156896,-86.582704
7,2,700.0,2-Car,No injury/unknown,FAILURE TO YIELD RIGHT OF WAY,39.15686675,-86.59122834
5,3,1200.0,2-Car,No injury/unknown,OTHER (DRIVER) - EXPLAIN IN NARRATIVE,39.15684613,-86.57111094
11,5,1300.0,2-Car,No injury/unknown,IMPROPER TURNING,39.15676251,-86.54124493
9,4,1200.0,2-Car,Non-incapacitating,FAILURE TO YIELD RIGHT OF WAY,39.156752,-86.540976
10,6,400.0,2-Car,Non-incapacitating,UNSAFE SPEED,39.1567164,-86.49040997
9,6,1300.0,2-Car,No injury/unknown,UNSAFE BACKING,39.156689,-86.571074
3,6,1500.0,2-Car,Non-incapacitating,OTHER (DRIVER) - EXPLAIN IN NARRATIVE,39.15668145,-86.64602861
8,5,1900.0,2-Car,No injury/unknown,FAILURE TO YIELD RIGHT OF WAY,39.15667937,-86.57913006
5,3,2200.0,2-Car,Non-incapacitating,DRIVER ASLEEP OR FATIGUED,39.15667,-86.58264
6,1,1300.0,2-Car,Non-incapacitating,DISREGARD SIGNAL/REG SIGN,39.15667,-86.58264
1,2,2100.0,Pedestrian,Non-incapacitating,PEDESTRIAN ACTION,39.15664,-86.538592
10,7,1800.0,2-Car,No injury/unknown,OTHER (DRIVER) - EXPLAIN IN NARRATIVE,39.156576,-86.541368
6,4,1300.0,2-Car,No injury/unknown,IMPROPER LANE USAGE,39.15657029,-86.54106046
2,7,1600.0,2-Car,No injury/unknown,OTHER (DRIVER) - EXPLAIN IN NARRATIVE,39.15632597,-86.58747135
5,2,1700.0,2-Car,No injury/unknown,IMPROPER PASSING,39.156144,-86.561296
9,5,1700.0,2-Car,No injury/unknown,FAILURE TO YIELD RIGHT OF WAY,39.156144,-86.561296
1,7,300.0,1-Car,No injury/unknown,SPEED TOO FAST FOR WEATHER CONDITIONS,39.15613,-86.5614
9,3,1300.0,1-Car,Non-incapacitating,BRAKE FAILURE OR DEFECTIVE,39.156128,-86.560912
8,4,2200.0,3+ Cars,No injury/unknown,DRIVER DISTRACTED - EXPLAIN IN NARRATIVE,39.156076,-86.571501
2,6,1500.0,2-Car,No injury/unknown,FAILURE TO YIELD RIGHT OF WAY,39.15606749,-86.56143939
1,6,900.0,2-Car,No injury/unknown,SPEED TOO FAST FOR WEATHER CONDITIONS,39.155952,-86.550592
5,6,800.0,2-Car,No injury/unknown,DISREGARD SIGNAL/REG SIGN,39.155952,-86.550592
9,5,1200.0,2-Car,Non-incapacitating,SPEED TOO FAST FOR WEATHER CONDITIONS,39.155952,-86.550592
9,2,1900.0,1-Car,No injury/unknown,BRAKE FAILURE OR DEFECTIVE,39.155952,-86.513888
11,4,2100.0,2-Car,Non-incapacitating,FOLLOWING TOO CLOSELY,39.15586017,-86.55054979
11,4,1800.0,2-Car,Non-incapacitating,FAILURE TO YIELD RIGHT OF WAY,39.15586017,-86.55054979
7,7,1200.0,1-Car,No injury/unknown,UNSAFE LANE MOVEMENT,39.15585533,-86.53876
12,2,800.0,1-Car,No injury/unknown,RAN OFF ROAD RIGHT,39.15584,-86.522528
12,6,1500.0,2-Car,No injury/unknown,UNSAFE BACKING,39.15584,-86.506496
7,3,800.0,2-Car,No injury/unknown,UNSAFE BACKING,39.15583671,-86.5408686
3,7,0.0,2-Car,No injury/unknown,OTHER (DRIVER) - EXPLAIN IN NARRATIVE,39.1558,-86.57002
2,6,2200.0,2-Car,Non-incapacitating,FAILURE TO YIELD RIGHT OF WAY,39.15572257,-86.56204045
5,2,900.0,2-Car,No injury/unknown,FAILURE TO YIELD RIGHT OF WAY,39.155664,-86.5324
11,2,1000.0,2-Car,No injury/unknown,FAILURE TO YIELD RIGHT OF WAY,39.15565029,-86.54431968
9,6,1500.0,2-Car,Non-incapacitating,FOLLOWING TOO CLOSELY,39.15564402,-86.54339861
6,1,1300.0,2-Car,No injury/unknown,INSECURE/LEAKY LOAD,39.15563,-86.54331
6,6,1200.0,2-Car,No injury/unknown,SPEED TOO FAST FOR WEATHER CONDITIONS,39.15563,-86.54330135
9,5,1500.0,2-Car,No injury/unknown,SPEED TOO FAST FOR WEATHER CONDITIONS,39.15563,-86.54331
6,7,2100.0,2-Car,No injury/unknown,FAILURE TO YIELD RIGHT OF WAY,39.15559068,-86.53873596
9,7,1500.0,2-Car,No injury/unknown,OTHER (DRIVER) - EXPLAIN IN NARRATIVE,39.15546442,-86.56251981
11,6,1300.0,1-Car,Non-incapacitating,DRIVER ASLEEP OR FATIGUED,39.15537524,-86.56230201
4,7,1200.0,2-Car,No injury/unknown,,39.155344,-86.503088
1,7,300.0,2-Car,No injury/unknown,UNSAFE BACKING,39.15533405,-86.53734856
7,3,1200.0,1-Car,No injury/unknown,RAN OFF ROAD RIGHT,39.15533,-86.50320703
10,7,0.0,2-Car,No injury/unknown,UNSAFE BACKING,39.155264,-86.57042
10,6,2100.0,2-Car,Non-incapacitating,FAILURE TO YIELD RIGHT OF WAY,39.15518,-86.49774
3,3,2000.0,2-Car,No injury/unknown,FAILURE TO YIELD RIGHT OF WAY,39.155152,-86.497888
5,6,2200.0,2-Car,No injury/unknown,FOLLOWING TOO CLOSELY,39.155152,-86.497888
12,5,2300.0,1-Car,No injury/unknown,UNSAFE SPEED,39.155152,-86.497888
12,1,2200.0,1-Car,No injury/unknown,IMPROPER TURNING,39.155152,-86.497888
11,4,700.0,1-Car,No injury/unknown,SPEED TOO FAST FOR WEATHER CONDITIONS,39.15496029,-86.5632256
9,5,1800.0,1-Car,No injury/unknown,OTHER (VEHICLE) - EXPLAIN IN NARRATIVE,39.15496,-86.56323866
1,2,400.0,1-Car,No injury/unknown,RAN OFF ROAD RIGHT,39.15494734,-86.56324256
9,6,1700.0,2-Car,No injury/unknown,,39.15494,-86.490859
1,4,200.0,1-Car,No injury/unknown,OTHER (DRIVER) - EXPLAIN IN NARRATIVE,39.154924,-86.49353
12,7,700.0,1-Car,No injury/unknown,ANIMAL/OBJECT IN ROADWAY,39.15487887,-86.49695992
10,5,700.0,2-Car,No injury/unknown,FAILURE TO YIELD RIGHT OF WAY,39.15487,-86.5826113
10,3,1800.0,2-Car,No injury/unknown,OTHER (DRIVER) - EXPLAIN IN NARRATIVE,39.154784,-86.542608
12,2,1400.0,2-Car,No injury/unknown,LEFT OF CENTER,39.15473297,-86.5426319
7,6,2300.0,2-Car,No injury/unknown,OTHER (DRIVER) - EXPLAIN IN NARRATIVE,39.154624,-86.49179
10,5,1200.0,3+ Cars,No injury/unknown,SPEED TOO FAST FOR WEATHER CONDITIONS,39.15459181,-86.53454312
1,2,1500.0,2-Car,No injury/unknown,FAILURE TO YIELD RIGHT OF WAY,39.15454,-86.4806
8,3,2100.0,Moped/Motorcycle,Non-incapacitating,UNSAFE SPEED,39.154448,-86.591696
1,1,1600.0,1-Car,No injury/unknown,ROADWAY SURFACE CONDITION,39.15441,-86.588838
4,2,1000.0,1-Car,No injury/unknown,OTHER (DRIVER) - EXPLAIN IN NARRATIVE,39.154402,-86.582609
6,5,1000.0,2-Car,Fatal,OVERCORRECTING/OVERSTEERING,39.154352,-86.39562221
7,5,1400.0,2-Car,No injury/unknown,UNSAFE BACKING,39.154352,-86.531152
12,3,700.0,2-Car,No injury/unknown,FOLLOWING TOO CLOSELY,39.154272,-86.564176
12,2,100.0,1-Car,No injury/unknown,RAN OFF ROAD RIGHT,39.154272,-86.564176
11,3,1700.0,2-Car,No injury/unknown,,39.15427029,-86.49764657
2,6,2100.0,Pedestrian,Non-incapacitating,UNSAFE BACKING,39.154261,-86.497703
5,7,1200.0,2-Car,No injury/unknown,OTHER (DRIVER) - EXPLAIN IN NARRATIVE,39.154261,-86.497703
5,7,1300.0,2-Car,No injury/unknown,IMPROPER TURNING,39.154261,-86.497703
8,5,1600.0,2-Car,No injury/unknown,FAILURE TO YIELD RIGHT OF WAY,39.154261,-86.497703
9,2,1100.0,2-Car,No injury/unknown,OTHER (DRIVER) - EXPLAIN IN NARRATIVE,39.154261,-86.497703
9,4,1400.0,2-Car,No injury/unknown,OTHER (DRIVER) - EXPLAIN IN NARRATIVE,39.154261,-86.497703
3,3,300.0,2-Car,No injury/unknown,OTHER (DRIVER) - EXPLAIN IN NARRATIVE,39.15426091,-86.49772739
4,4,1500.0,2-Car,No injury/unknown,FOLLOWING TOO CLOSELY,39.15424,-86.56434481
5,6,1400.0,2-Car,Non-incapacitating,FOLLOWING TOO CLOSELY,39.15424,-86.56435
10,5,1500.0,3+ Cars,No injury/unknown,FOLLOWING TOO CLOSELY,39.15424,-86.56435
3,5,100.0,2-Car,No injury/unknown,IMPROPER TURNING,39.15423017,-86.51543807
8,3,1500.0,2-Car,No injury/unknown,UNSAFE BACKING,39.15423017,-86.51543807
3,1,1900.0,2-Car,No injury/unknown,IMPROPER TURNING,39.15420038,-86.53484
1,1,1300.0,2-Car,No injury/unknown,DISREGARD SIGNAL/REG SIGN,39.15412578,-86.49786768
4,1,1800.0,2-Car,Non-incapacitating,UNSAFE BACKING,39.15412578,-86.49786768
8,6,1600.0,2-Car,No injury/unknown,UNSAFE BACKING,39.15412578,-86.49786768
8,4,1300.0,2-Car,No injury/unknown,UNSAFE BACKING,39.15412578,-86.49786768
1,6,1800.0,2-Car,No injury/unknown,FAILURE TO YIELD RIGHT OF WAY,39.15402396,-86.57913641
3,6,1500.0,2-Car,No injury/unknown,,39.153968,-86.497692
6,2,700.0,3+ Cars,Non-incapacitating,DRIVER DISTRACTED - EXPLAIN IN NARRATIVE,39.15387112,-86.53875411
6,6,900.0,3+ Cars,No injury/unknown,FOLLOWING TOO CLOSELY,39.15379295,-86.53873482
7,1,1500.0,2-Car,No injury/unknown,DISREGARD SIGNAL/REG SIGN,39.15379295,-86.53875212
1,6,1300.0,2-Car,No injury/unknown,DISREGARD SIGNAL/REG SIGN,39.15379,-86.53875
4,6,1600.0,2-Car,No injury/unknown,FOLLOWING TOO CLOSELY,39.15379,-86.53875
7,6,2000.0,2-Car,Non-incapacitating,DISREGARD SIGNAL/REG SIGN,39.15379,-86.53875
6,3,1300.0,2-Car,No injury/unknown,UNSAFE BACKING,39.1537305,-86.57182037
9,4,2100.0,Bus,No injury/unknown,DRIVER DISTRACTED - EXPLAIN IN NARRATIVE,39.15368565,-86.5164
1,7,1100.0,2-Car,No injury/unknown,DRIVER DISTRACTED - EXPLAIN IN NARRATIVE,39.15344,-86.536304
3,2,700.0,Bus,No injury/unknown,LEFT OF CENTER,39.15344,-86.5336
8,6,700.0,2-Car,Non-incapacitating,FAILURE TO YIELD RIGHT OF WAY,39.15344,-86.5336
8,7,900.0,2-Car,No injury/unknown,UNSAFE BACKING,39.15344,-86.5336
4,7,1900.0,1-Car,No injury/unknown,IMPROPER TURNING,39.15343837,-86.53227265
8,5,1500.0,2-Car,No injury/unknown,FAILURE TO YIELD RIGHT OF WAY,39.153408,-86.530048
4,7,700.0,2-Car,No injury/unknown,FAILURE TO YIELD RIGHT OF WAY,39.153392,-86.527008
5,3,2300.0,1-Car,Incapacitating,DRIVER ILLNESS,39.15338233,-86.53653592
6,6,1700.0,Cyclist,No injury/unknown,FAILURE TO YIELD RIGHT OF WAY,39.15337,-86.53637433
7,7,1700.0,2-Car,No injury/unknown,UNSAFE BACKING,39.15336,-86.52377638
12,6,1500.0,2-Car,Non-incapacitating,IMPROPER PASSING,39.15335487,-86.53371457
8,4,1800.0,3+ Cars,No injury/unknown,UNSAFE SPEED,39.15335,-86.53371
10,6,2000.0,3+ Cars,Incapacitating,FAILURE TO YIELD RIGHT OF WAY,39.15335,-86.53371
1,1,900.0,2-Car,No injury/unknown,FAILURE TO YIELD RIGHT OF WAY,39.15334,-86.53134
7,7,200.0,2-Car,No injury/unknown,FAILURE TO YIELD RIGHT OF WAY,39.15334,-86.53249
10,2,2000.0,Pedestrian,Non-incapacitating,FAILURE TO YIELD RIGHT OF WAY,39.15334,-86.53134
11,3,1300.0,2-Car,No injury/unknown,SPEED TOO FAST FOR WEATHER CONDITIONS,39.15331167,-86.49999015
7,6,1800.0,2-Car,No injury/unknown,UNSAFE BACKING,39.15297,-86.570073
6,6,1900.0,1-Car,No injury/unknown,OTHER (VEHICLE) - EXPLAIN IN NARRATIVE,39.152889,-86.587915
5,5,1100.0,1-Car,Non-incapacitating,RAN OFF ROAD RIGHT,39.15266671,-86.58359594
8,4,1300.0,2-Car,No injury/unknown,FOLLOWING TOO CLOSELY,39.15263532,-86.37105029
8,5,2200.0,1-Car,No injury/unknown,SPEED TOO FAST FOR WEATHER CONDITIONS,39.15263532,-86.37112802
12,2,200.0,1-Car,No injury/unknown,ANIMAL/OBJECT IN ROADWAY,39.15263012,-86.37084083
9,2,1000.0,1-Car,No injury/unknown,DRIVER DISTRACTED - EXPLAIN IN NARRATIVE,39.15248164,-86.40039497
1,1,1200.0,2-Car,No injury/unknown,FOLLOWING TOO CLOSELY,39.152448,-86.400288
12,3,1700.0,2-Car,No injury/unknown,UNSAFE LANE MOVEMENT,39.15234137,-86.5336
2,3,1200.0,2-Car,Non-incapacitating,IMPROPER LANE USAGE,39.15217596,-86.53265697
6,7,1500.0,Moped/Motorcycle,No injury/unknown,FOLLOWING TOO CLOSELY,39.15217,-86.53369
1,2,600.0,1-Car,Non-incapacitating,OTHER (VEHICLE) - EXPLAIN IN NARRATIVE,39.15209407,-86.5379
2,6,2200.0,1-Car,Non-incapacitating,LEFT OF CENTER,39.15179179,-86.52698792
8,6,700.0,2-Car,No injury/unknown,FOLLOWING TOO CLOSELY,39.15175116,-86.40480905
7,2,1300.0,1-Car,Non-incapacitating,RAN OFF ROAD RIGHT,39.15172508,-86.47132585
10,7,2000.0,1-Car,No injury/unknown,ANIMAL/OBJECT IN ROADWAY,39.15168251,-86.38995586
8,2,1500.0,2-Car,Non-incapacitating,FAILURE TO YIELD RIGHT OF WAY,39.151616,-86.5324
1,5,1600.0,2-Car,No injury/unknown,OTHER (DRIVER) - EXPLAIN IN NARRATIVE,39.151554,-86.576847
4,1,100.0,2-Car,No injury/unknown,OTHER (DRIVER) - EXPLAIN IN NARRATIVE,39.151552,-86.522496
8,1,1700.0,2-Car,No injury/unknown,FAILURE TO YIELD RIGHT OF WAY,39.151552,-86.643504
4,2,1200.0,2-Car,No injury/unknown,FAILURE TO YIELD RIGHT OF WAY,39.15148,-86.53251
6,5,2200.0,2-Car,No injury/unknown,IMPROPER TURNING,39.15148,-86.53251
11,1,200.0,1-Car,No injury/unknown,RAN OFF ROAD RIGHT,39.15143524,-86.60979053
7,1,1100.0,1-Car,No injury/unknown,RAN OFF ROAD RIGHT,39.151424,-86.592179
9,7,500.0,1-Car,No injury/unknown,RAN OFF ROAD RIGHT,39.15134472,-86.53888
4,5,700.0,2-Car,No injury/unknown,UNSAFE LANE MOVEMENT,39.151344,-86.567792
9,7,400.0,1-Car,No injury/unknown,UNSAFE SPEED,39.151344,-86.5964
1,5,1500.0,2-Car,Non-incapacitating,FAILURE TO YIELD RIGHT OF WAY,39.15127953,-86.58266079
3,7,0.0,1-Car,No injury/unknown,BRAKE FAILURE OR DEFECTIVE,39.15127143,-86.4979616
5,3,1100.0,3+ Cars,Non-incapacitating,FAILURE TO YIELD RIGHT OF WAY,39.15127,-86.58262
8,4,100.0,1-Car,Non-incapacitating,RAN OFF ROAD RIGHT,39.15127,-86.58262
4,5,1200.0,2-Car,No injury/unknown,FOLLOWING TOO CLOSELY,39.1512,-86.57687
11,7,1200.0,2-Car,No injury/unknown,FOLLOWING TOO CLOSELY,39.15119983,-86.5768703
3,3,1700.0,2-Car,No injury/unknown,FAILURE TO YIELD RIGHT OF WAY,39.15115482,-86.58269835
2,6,2300.0,1-Car,No injury/unknown,UNSAFE BACKING,39.15113929,-86.58269741
12,7,100.0,2-Car,No injury/unknown,RAN OFF ROAD RIGHT,39.1509638,-86.49129711
4,6,1800.0,2-Car,No injury/unknown,IMPROPER TURNING,39.150846,-86.491271
4,4,0.0,2-Car,No injury/unknown,OTHER (DRIVER) - EXPLAIN IN NARRATIVE,39.150846,-86.491271
6,4,800.0,2-Car,No injury/unknown,,39.150846,-86.491271
10,6,1700.0,2-Car,No injury/unknown,FOLLOWING TOO CLOSELY,39.150846,-86.491271
5,6,900.0,2-Car,No injury/unknown,FOLLOWING TOO CLOSELY,39.15080643,-86.53493
11,6,1200.0,2-Car,No injury/unknown,UNSAFE BACKING,39.15069899,-86.5214455
7,6,1300.0,2-Car,Non-incapacitating,VIEW OBSTRUCTED,39.15064,-86.52696
9,4,1000.0,2-Car,No injury/unknown,FOLLOWING TOO CLOSELY,39.15064,-86.52696
12,6,1800.0,1-Car,Incapacitating,LEFT OF CENTER,39.15064,-86.538592
3,5,600.0,1-Car,Non-incapacitating,ANIMAL/OBJECT IN ROADWAY,39.150576,-86.515088
8,4,300.0,Moped/Motorcycle,Non-incapacitating,RAN OFF ROAD RIGHT,39.150576,-86.515088
7,2,1200.0,3+ Cars,Non-incapacitating,FOLLOWING TOO CLOSELY,39.15056,-86.51511
10,7,1500.0,Moped/Motorcycle,No injury/unknown,FOLLOWING TOO CLOSELY,39.15056,-86.51511
10,4,1600.0,2-Car,No injury/unknown,FOLLOWING TOO CLOSELY,39.15056,-86.52697057
11,1,800.0,2-Car,No injury/unknown,UNSAFE BACKING,39.15056,-86.5324
11,4,1900.0,2-Car,No injury/unknown,FOLLOWING TOO CLOSELY,39.15056,-86.52691
10,5,300.0,1-Car,No injury/unknown,OVERCORRECTING/OVERSTEERING,39.15055,-86.52082
11,5,1700.0,2-Car,No injury/unknown,SPEED TOO FAST FOR WEATHER CONDITIONS,39.15055,-86.52082
9,5,1100.0,2-Car,No injury/unknown,UNSAFE BACKING,39.15054529,-86.49817818
5,4,2200.0,2-Car,Non-incapacitating,SPEED TOO FAST FOR WEATHER CONDITIONS,39.150544,-86.5336
5,5,1300.0,2-Car,No injury/unknown,FOLLOWING TOO CLOSELY,39.150544,-86.511088
5,5,1300.0,2-Car,No injury/unknown,FOLLOWING TOO CLOSELY,39.150544,-86.511088
10,5,900.0,Pedestrian,Non-incapacitating,PEDESTRIAN ACTION,39.150544,-86.512592
12,1,1100.0,2-Car,No injury/unknown,FOLLOWING TOO CLOSELY,39.150544,-86.51276837
12,3,1100.0,2-Car,No injury/unknown,RAN OFF ROAD RIGHT,39.150544,-86.511088
8,5,1200.0,2-Car,Non-incapacitating,FAILURE TO YIELD RIGHT OF WAY,39.15054,-86.53252
9,5,1400.0,2-Car,No injury/unknown,FOLLOWING TOO CLOSELY,39.15053,-86.52262
6,2,1900.0,Cyclist,Non-incapacitating,DISREGARD SIGNAL/REG SIGN,39.15052,-86.53367
9,6,1300.0,2-Car,No injury/unknown,FOLLOWING TOO CLOSELY,39.15052,-86.53367
4,6,1400.0,2-Car,Non-incapacitating,DRIVER DISTRACTED - EXPLAIN IN NARRATIVE,39.15051,-86.51106
2,7,1300.0,2-Car,Non-incapacitating,FAILURE TO YIELD RIGHT OF WAY,39.1505043,-86.51255573
1,2,2000.0,3+ Cars,No injury/unknown,FOLLOWING TOO CLOSELY,39.15049747,-86.53368833
1,5,1000.0,2-Car,Non-incapacitating,SPEED TOO FAST FOR WEATHER CONDITIONS,39.15048,-86.49825
10,2,1600.0,1-Car,No injury/unknown,RAN OFF ROAD RIGHT,39.15048,-86.5084573
11,5,1600.0,2-Car,Non-incapacitating,OTHER (DRIVER) - EXPLAIN IN NARRATIVE,39.15047659,-86.49828494
3,1,1900.0,Moped/Motorcycle,Non-incapacitating,VIEW OBSTRUCTED,39.15047,-86.498715
5,7,1200.0,2-Car,No injury/unknown,OTHER (DRIVER) - EXPLAIN IN NARRATIVE,39.15047,-86.498715
9,4,1900.0,3+ Cars,Non-incapacitating,SPEED TOO FAST FOR WEATHER CONDITIONS,39.15047,-86.498715
5,3,1900.0,2-Car,No injury/unknown,FOLLOWING TOO CLOSELY,39.150448,-86.498
6,6,1600.0,2-Car,No injury/unknown,OTHER (DRIVER) - EXPLAIN IN NARRATIVE,39.150448,-86.498
8,1,1200.0,2-Car,No injury/unknown,UNSAFE BACKING,39.15039736,-86.50945
5,5,1500.0,2-Car,No injury/unknown,FOLLOWING TOO CLOSELY,39.15034,-86.49132
3,4,0.0,1-Car,Non-incapacitating,RAN OFF ROAD RIGHT,39.150224,-86.480464
8,6,1700.0,2-Car,No injury/unknown,IMPROPER TURNING,39.150224,-86.480464
12,4,100.0,1-Car,No injury/unknown,UNSAFE SPEED,39.1502101,-86.48310966
10,5,1100.0,2-Car,No injury/unknown,FOLLOWING TOO CLOSELY,39.150145,-86.501045
12,3,1700.0,2-Car,No injury/unknown,FAILURE TO YIELD RIGHT OF WAY,39.15013969,-86.50094032
12,1,1300.0,2-Car,Non-incapacitating,LEFT OF CENTER,39.14994007,-86.47128727