Month,Day,Hour,Collision Type,Injury Type,Primary Factor,Latitude,Longitude
3,4,500.0,1-Car,No injury/unknown,OTHER (DRIVER) - EXPLAIN IN NARRATIVE,39.14987508,-86.64338734
12,1,1500.0,2-Car,No injury/unknown,UNSAFE BACKING,39.14984,-86.5300168
7,3,900.0,1-Car,No injury/unknown,OTHER (DRIVER) - EXPLAIN IN NARRATIVE,39.149824,-86.51242311
3,5,1000.0,1-Car,No injury/unknown,OTHER (DRIVER) - EXPLAIN IN NARRATIVE,39.14982139,-86.53338645
1,7,2000.0,2-Car,No injury/unknown,FAILURE TO YIELD RIGHT OF WAY,39.14979055,-86.56891162
2,6,1900.0,2-Car,No injury/unknown,DISREGARD SIGNAL/REG SIGN,39.14979055,-86.56891162
3,4,1000.0,2-Car,No injury/unknown,FOLLOWING TOO CLOSELY,39.14979055,-86.56888565
4,3,1700.0,2-Car,No injury/unknown,FAILURE TO YIELD RIGHT OF WAY,39.14979055,-86.56892027
5,3,1100.0,2-Car,No injury/unknown,BRAKE FAILURE OR DEFECTIVE,39.14979055,-86.56891162
7,3,1400.0,3+ Cars,Non-incapacitating,FOLLOWING TOO CLOSELY,39.14979055,-86.56891162
7,5,1000.0,2-Car,Non-incapacitating,OTHER (DRIVER) - EXPLAIN IN NARRATIVE,39.14979055,-86.56891162
8,5,1900.0,2-Car,No injury/unknown,FAILURE TO YIELD RIGHT OF WAY,39.14979055,-86.56891162
10,3,1700.0,2-Car,Non-incapacitating,DRIVER DISTRACTED - EXPLAIN IN NARRATIVE,39.14979055,-86.56891162
1,1,1600.0,2-Car,Non-incapacitating,DISREGARD SIGNAL/REG SIGN,39.14978,-86.56889
2,4,1600.0,3+ Cars,No injury/unknown,FOLLOWING TOO CLOSELY,39.149552,-86.575936
5,7,1200.0,2-Car,No injury/unknown,FAILURE TO YIELD RIGHT OF WAY,39.149552,-86.575936
10,5,1500.0,2-Car,No injury/unknown,FOLLOWING TOO CLOSELY,39.149552,-86.575936
11,3,2200.0,1-Car,No injury/unknown,RAN OFF ROAD RIGHT,39.14954137,-86.538592
8,5,1900.0,2-Car,Non-incapacitating,SPEED TOO FAST FOR WEATHER CONDITIONS,39.149456,-86.57024
6,3,1600.0,2-Car,No injury/unknown,UNSAFE BACKING,39.14936,-86.57008
9,3,500.0,1-Car,No injury/unknown,ANIMAL/OBJECT IN ROADWAY,39.14911906,-86.47140384
4,7,1500.0,2-Car,No injury/unknown,IMPROPER PASSING,39.14903239,-86.57065172
1,4,1400.0,3+ Cars,Non-incapacitating,FOLLOWING TOO CLOSELY,39.14892,-86.53324
1,5,400.0,1-Car,Non-incapacitating,RAN OFF ROAD RIGHT,39.1487882,-86.57107786
11,5,1100.0,2-Car,Non-incapacitating,FOLLOWING TOO CLOSELY,39.14873674,-86.57913641
6,5,1900.0,Moped/Motorcycle,No injury/unknown,OTHER (DRIVER) - EXPLAIN IN NARRATIVE,39.148624,-86.582595
4,7,100.0,2-Car,No injury/unknown,OTHER (DRIVER) - EXPLAIN IN NARRATIVE,39.14855374,-86.58267339
1,3,1300.0,2-Car,No injury/unknown,FAILURE TO YIELD RIGHT OF WAY,39.148544,-86.526912
2,6,1600.0,2-Car,Non-incapacitating,FAILURE TO YIELD RIGHT OF WAY,39.148544,-86.571504
7,2,1900.0,Moped/Motorcycle,Non-incapacitating,DISREGARD SIGNAL/REG SIGN,39.148544,-86.571504
7,1,0.0,1-Car,Fatal,RAN OFF ROAD RIGHT,39.148464,-86.471256
5,1,1800.0,1-Car,No injury/unknown,OTHER (DRIVER) - EXPLAIN IN NARRATIVE,39.148448,-86.573
4,7,1900.0,2-Car,No injury/unknown,FAILURE TO YIELD RIGHT OF WAY,39.14838854,-86.49829429
7,5,1600.0,2-Car,No injury/unknown,UNSAFE BACKING,39.148336,-86.532944
1,3,800.0,2-Car,No injury/unknown,FOLLOWING TOO CLOSELY,39.148144,-86.572992
2,4,1100.0,2-Car,No injury/unknown,FOLLOWING TOO CLOSELY,39.148144,-86.572992
4,4,800.0,2-Car,No injury/unknown,FOLLOWING TOO CLOSELY,39.148144,-86.572992
4,6,1300.0,2-Car,Non-incapacitating,OTHER (DRIVER) - EXPLAIN IN NARRATIVE,39.148144,-86.572992
4,3,1700.0,2-Car,No injury/unknown,FOLLOWING TOO CLOSELY,39.148144,-86.572992
5,6,600.0,2-Car,No injury/unknown,IMPROPER PASSING,39.148144,-86.572992
5,6,1700.0,2-Car,No injury/unknown,FOLLOWING TOO CLOSELY,39.148144,-86.572992
6,4,1000.0,2-Car,Non-incapacitating,OTHER (DRIVER) - EXPLAIN IN NARRATIVE,39.148144,-86.572992
7,3,1100.0,2-Car,Non-incapacitating,FOLLOWING TOO CLOSELY,39.148144,-86.572992
7,3,1600.0,2-Car,Non-incapacitating,FAILURE TO YIELD RIGHT OF WAY,39.148144,-86.572992
7,5,1600.0,2-Car,No injury/unknown,FOLLOWING TOO CLOSELY,39.148144,-86.572992
7,2,900.0,2-Car,Non-incapacitating,DRIVER DISTRACTED - EXPLAIN IN NARRATIVE,39.148144,-86.572992
7,7,1800.0,2-Car,No injury/unknown,FOLLOWING TOO CLOSELY,39.148144,-86.572992
8,5,600.0,2-Car,Non-incapacitating,OTHER (DRIVER) - EXPLAIN IN NARRATIVE,39.148144,-86.572992
8,5,700.0,2-Car,Non-incapacitating,FOLLOWING TOO CLOSELY,39.148144,-86.572992
10,2,1000.0,2-Car,No injury/unknown,FAILURE TO YIELD RIGHT OF WAY,39.148144,-86.572992
10,4,900.0,2-Car,Non-incapacitating,DISREGARD SIGNAL/REG SIGN,39.148144,-86.572992
10,6,800.0,2-Car,No injury/unknown,OTHER (DRIVER) - EXPLAIN IN NARRATIVE,39.148144,-86.572992
10,4,1100.0,2-Car,Non-incapacitating,FAILURE TO YIELD RIGHT OF WAY,39.148144,-86.572992
11,4,1800.0,2-Car,No injury/unknown,FOLLOWING TOO CLOSELY,39.148144,-86.572992
12,5,1600.0,2-Car,No injury/unknown,FOLLOWING TOO CLOSELY,39.148144,-86.572992
12,3,1500.0,2-Car,No injury/unknown,,39.148144,-86.572992
12,5,1500.0,2-Car,Non-incapacitating,DISREGARD SIGNAL/REG SIGN,39.148144,-86.572992
12,5,1700.0,3+ Cars,No injury/unknown,FOLLOWING TOO CLOSELY,39.148144,-86.572992
4,6,1500.0,2-Car,No injury/unknown,OTHER (VEHICLE) - EXPLAIN IN NARRATIVE,39.148128,-86.581536
9,5,1600.0,2-Car,No injury/unknown,FOLLOWING TOO CLOSELY,39.14812543,-86.58263989
5,2,300.0,1-Car,No injury/unknown,UNSAFE BACKING,39.148064,-86.526912
11,6,1300.0,2-Car,No injury/unknown,FAILURE TO YIELD RIGHT OF WAY,39.148064,-86.526912
12,6,1400.0,2-Car,No injury/unknown,UNSAFE BACKING,39.147904,-86.556464
12,6,1300.0,2-Car,No injury/unknown,FOLLOWING TOO CLOSELY,39.14779809,-86.53136998
4,5,1700.0,2-Car,No injury/unknown,FOLLOWING TOO CLOSELY,39.1477325,-86.57296628
5,6,1800.0,2-Car,No injury/unknown,FOLLOWING TOO CLOSELY,39.147504,-86.508256
2,1,1300.0,2-Car,No injury/unknown,FOLLOWING TOO CLOSELY,39.14750244,-86.57320781
5,3,1200.0,2-Car,Non-incapacitating,DRIVER DISTRACTED - EXPLAIN IN NARRATIVE,39.14750244,-86.57320781
5,2,1900.0,2-Car,No injury/unknown,SPEED TOO FAST FOR WEATHER CONDITIONS,39.14744,-86.582592
7,6,1600.0,2-Car,Non-incapacitating,FOLLOWING TOO CLOSELY,39.14744,-86.582592
1,2,1400.0,2-Car,No injury/unknown,FAILURE TO YIELD RIGHT OF WAY,39.14721203,-86.53262102
6,6,1300.0,2-Car,No injury/unknown,FOLLOWING TOO CLOSELY,39.14721203,-86.53262102
10,3,1700.0,3+ Cars,Non-incapacitating,FOLLOWING TOO CLOSELY,39.1472,-86.58259
4,3,200.0,2-Car,No injury/unknown,OTHER (DRIVER) - EXPLAIN IN NARRATIVE,39.14716534,-86.582592
9,2,600.0,2-Car,No injury/unknown,FAILURE TO YIELD RIGHT OF WAY,39.147152,-86.526896
2,6,1900.0,2-Car,Non-incapacitating,FOLLOWING TOO CLOSELY,39.14710614,-86.57621208
10,3,1600.0,2-Car,Incapacitating,OTHER (DRIVER) - EXPLAIN IN NARRATIVE,39.146992,-86.517392
3,4,2000.0,2-Car,No injury/unknown,UNSAFE BACKING,39.146984,-86.532672
4,1,1500.0,Pedestrian,Non-incapacitating,UNSAFE BACKING,39.146984,-86.532672
3,3,900.0,Moped/Motorcycle,Incapacitating,FAILURE TO YIELD RIGHT OF WAY,39.146944,-86.532544
4,2,1300.0,2-Car,No injury/unknown,FAILURE TO YIELD RIGHT OF WAY,39.146944,-86.532544
5,2,1500.0,2-Car,No injury/unknown,FOLLOWING TOO CLOSELY,39.146944,-86.532544
10,6,1900.0,2-Car,No injury/unknown,FOLLOWING TOO CLOSELY,39.146944,-86.532544
11,3,700.0,Pedestrian,Non-incapacitating,PEDESTRIAN ACTION,39.146944,-86.532544
12,3,1600.0,2-Car,No injury/unknown,FAILURE TO YIELD RIGHT OF WAY,39.146944,-86.532544
5,3,1800.0,Pedestrian,Non-incapacitating,PEDESTRIAN ACTION,39.14691,-86.52693
2,3,1800.0,Pedestrian,Non-incapacitating,UNSAFE BACKING,39.14689796,-86.57707369
10,3,1100.0,2-Car,Non-incapacitating,FOLLOWING TOO CLOSELY,39.14689,-86.53266731
1,2,1700.0,Bus,No injury/unknown,LEFT OF CENTER,39.14680917,-86.51745297
10,1,1600.0,2-Car,No injury/unknown,FAILURE TO YIELD RIGHT OF WAY,39.14680917,-86.51745297
5,6,1200.0,2-Car,No injury/unknown,FAILURE TO YIELD RIGHT OF WAY,39.14669781,-86.52672
2,6,1500.0,2-Car,No injury/unknown,FAILURE TO YIELD RIGHT OF WAY,39.14653671,-86.53111
9,7,2200.0,1-Car,No injury/unknown,RAN OFF ROAD RIGHT,39.146496,-86.507072
1,4,1400.0,1-Car,Non-incapacitating,OVERCORRECTING/OVERSTEERING,39.146448,-86.5388
8,2,700.0,Moped/Motorcycle,Non-incapacitating,FAILURE TO YIELD RIGHT OF WAY,39.146448,-86.5388
3,6,2300.0,1-Car,No injury/unknown,OTHER (DRIVER) - EXPLAIN IN NARRATIVE,39.146128,-86.538784
3,7,1700.0,2-Car,Non-incapacitating,FAILURE TO YIELD RIGHT OF WAY,39.14601004,-86.57589207
4,6,1600.0,2-Car,No injury/unknown,UNSAFE BACKING,39.146001,-86.575876
9,3,2100.0,Cyclist,Non-incapacitating,OTHER LIGHTS DEFECTIVE,39.14592125,-86.56951267
5,6,1000.0,2-Car,Non-incapacitating,FOLLOWING TOO CLOSELY,39.145848,-86.532216
5,3,1300.0,3+ Cars,No injury/unknown,FOLLOWING TOO CLOSELY,39.14584,-86.58261
3,2,1600.0,1-Car,No injury/unknown,RAN OFF ROAD RIGHT,39.14575966,-86.50822911
5,6,1300.0,2-Car,No injury/unknown,UNSAFE BACKING,39.14564462,-86.57660241
5,2,1700.0,2-Car,Non-incapacitating,FOLLOWING TOO CLOSELY,39.14563768,-86.57674521
2,7,1400.0,2-Car,No injury/unknown,FOLLOWING TOO CLOSELY,39.145467,-86.568052
10,7,1900.0,2-Car,No injury/unknown,UNSAFE BACKING,39.145362,-86.526945
1,5,1400.0,1-Car,No injury/unknown,OTHER (DRIVER) - EXPLAIN IN NARRATIVE,39.145264,-86.577616
5,7,1100.0,2-Car,No injury/unknown,OTHER (DRIVER) - EXPLAIN IN NARRATIVE,39.145264,-86.577616
8,3,1200.0,2-Car,No injury/unknown,OTHER (DRIVER) - EXPLAIN IN NARRATIVE,39.145264,-86.577616
11,1,1000.0,2-Car,No injury/unknown,,39.145264,-86.577616
5,2,2000.0,3+ Cars,No injury/unknown,RAN OFF ROAD RIGHT,39.14519,-86.568647
4,6,1700.0,3+ Cars,No injury/unknown,DRIVER DISTRACTED - EXPLAIN IN NARRATIVE,39.145152,-86.5776
11,4,2000.0,2-Car,No injury/unknown,FAILURE TO YIELD RIGHT OF WAY,39.145152,-86.5776
2,2,1300.0,2-Car,Non-incapacitating,FOLLOWING TOO CLOSELY,39.14508912,-86.57783657
9,3,1400.0,2-Car,Non-incapacitating,FAILURE TO YIELD RIGHT OF WAY,39.14507664,-86.57782853
1,5,1600.0,Bus,Non-incapacitating,FOLLOWING TOO CLOSELY,39.14507343,-86.57774464
6,1,1600.0,2-Car,Non-incapacitating,FAILURE TO YIELD RIGHT OF WAY,39.14502002,-86.57777018
2,1,1700.0,2-Car,No injury/unknown,IMPROPER TURNING,39.14500942,-86.57776354
3,4,700.0,2-Car,No injury/unknown,FAILURE TO YIELD RIGHT OF WAY,39.14500942,-86.57776354
5,2,700.0,3+ Cars,Non-incapacitating,FAILURE TO YIELD RIGHT OF WAY,39.14500942,-86.57776354
7,7,1300.0,2-Car,No injury/unknown,DISREGARD SIGNAL/REG SIGN,39.14500942,-86.57776354
8,3,1700.0,2-Car,No injury/unknown,FOLLOWING TOO CLOSELY,39.14500942,-86.57776354
1,1,1600.0,2-Car,No injury/unknown,FAILURE TO YIELD RIGHT OF WAY,39.144848,-86.526848
8,3,1700.0,2-Car,No injury/unknown,FAILURE TO YIELD RIGHT OF WAY,39.144848,-86.526848
6,3,800.0,2-Car,No injury/unknown,IMPROPER LANE USAGE,39.14477309,-86.53749011
3,6,1200.0,2-Car,No injury/unknown,FOLLOWING TOO CLOSELY,39.144752,-86.531888
12,3,1500.0,2-Car,No injury/unknown,DRIVER DISTRACTED - EXPLAIN IN NARRATIVE,39.144752,-86.531888
1,5,700.0,2-Car,No injury/unknown,SPEED TOO FAST FOR WEATHER CONDITIONS,39.14455,-86.52696
11,5,1700.0,2-Car,No injury/unknown,UNSAFE BACKING,39.14455,-86.52696
9,6,800.0,2-Car,No injury/unknown,FOLLOWING TOO CLOSELY,39.14451979,-86.58262029
7,7,200.0,1-Car,No injury/unknown,ANIMAL/OBJECT IN ROADWAY,39.14438,-86.582592
11,2,2200.0,1-Car,No injury/unknown,ANIMAL/OBJECT IN ROADWAY,39.14430991,-86.49695992
3,1,1600.0,Moped/Motorcycle,Fatal,IMPROPER LANE USAGE,39.14426308,-86.53635211
3,5,1500.0,2-Car,No injury/unknown,FOLLOWING TOO CLOSELY,39.14411,-86.53181
10,3,1400.0,Pedestrian,Non-incapacitating,FAILURE TO YIELD RIGHT OF WAY,39.14394906,-86.53165044
3,4,700.0,2-Car,No injury/unknown,FAILURE TO YIELD RIGHT OF WAY,39.143808,-86.582592
4,6,1600.0,2-Car,No injury/unknown,OTHER (DRIVER) - EXPLAIN IN NARRATIVE,39.143808,-86.582592
5,7,1100.0,2-Car,No injury/unknown,BRAKE FAILURE OR DEFECTIVE,39.143808,-86.582592
7,5,1000.0,Bus,No injury/unknown,OTHER (DRIVER) - EXPLAIN IN NARRATIVE,39.143808,-86.582592
10,5,1300.0,1-Car,No injury/unknown,SPEED TOO FAST FOR WEATHER CONDITIONS,39.143808,-86.582592
7,4,500.0,1-Car,No injury/unknown,OTHER (DRIVER) - EXPLAIN IN NARRATIVE,39.143772,-86.496832
8,6,500.0,1-Car,No injury/unknown,OTHER (DRIVER) - EXPLAIN IN NARRATIVE,39.14370551,-86.59907373
5,5,1000.0,2-Car,Non-incapacitating,FAILURE TO YIELD RIGHT OF WAY,39.14367457,-86.5803659
1,3,600.0,2-Car,Non-incapacitating,OTHER (DRIVER) - EXPLAIN IN NARRATIVE,39.14365793,-86.58033371
6,6,900.0,1-Car,No injury/unknown,OTHER (DRIVER) - EXPLAIN IN NARRATIVE,39.14361119,-86.54152549
12,3,2200.0,2-Car,Non-incapacitating,FAILURE TO YIELD RIGHT OF WAY,39.14359979,-86.58031024
12,5,1200.0,2-Car,No injury/unknown,DISREGARD SIGNAL/REG SIGN,39.143552,-86.580528
5,6,1600.0,1-Car,Non-incapacitating,RAN OFF ROAD RIGHT,39.14348133,-86.538704
8,3,1300.0,2-Car,No injury/unknown,IMPROPER PASSING,39.14344952,-86.57913641
5,6,600.0,2-Car,No injury/unknown,UNSAFE BACKING,39.14317,-86.54633731
4,1,600.0,Cyclist,Incapacitating,FAILURE TO YIELD RIGHT OF WAY,39.14314,-86.54469
7,2,1800.0,2-Car,No injury/unknown,OTHER (DRIVER) - EXPLAIN IN NARRATIVE,39.14310212,-86.57320781
5,2,200.0,1-Car,No injury/unknown,RAN OFF ROAD RIGHT,39.14271973,-86.57140464
11,3,2000.0,1-Car,No injury/unknown,ANIMAL/OBJECT IN ROADWAY,39.14265302,-86.57296346
9,7,800.0,1-Car,No injury/unknown,OTHER (DRIVER) - EXPLAIN IN NARRATIVE,39.142633,-86.596312
8,5,1600.0,2-Car,No injury/unknown,FOLLOWING TOO CLOSELY,39.14261099,-86.5818194
6,5,1400.0,1-Car,No injury/unknown,OTHER (ENVIRONMENTAL) - EXPLAIN IN NARR,39.142608,-86.562048
11,4,1500.0,2-Car,No injury/unknown,FAILURE TO YIELD RIGHT OF WAY,39.142555,-86.531238
9,1,1100.0,3+ Cars,No injury/unknown,FOLLOWING TOO CLOSELY,39.14253563,-86.53144
2,5,700.0,Pedestrian,Non-incapacitating,PEDESTRIAN ACTION,39.14242078,-86.53893392
3,1,1400.0,2-Car,No injury/unknown,OTHER (DRIVER) - EXPLAIN IN NARRATIVE,39.14239004,-86.58196411
1,3,1900.0,2-Car,No injury/unknown,OTHER (DRIVER) - EXPLAIN IN NARRATIVE,39.142381,-86.581967
1,7,1200.0,2-Car,No injury/unknown,UNSAFE BACKING,39.142381,-86.581967
1,2,1100.0,3+ Cars,No injury/unknown,UNSAFE SPEED,39.142381,-86.581967
5,5,1700.0,2-Car,No injury/unknown,DRIVER DISTRACTED - EXPLAIN IN NARRATIVE,39.142381,-86.581967
1,6,2100.0,2-Car,No injury/unknown,SPEED TOO FAST FOR WEATHER CONDITIONS,39.14209,-86.52551
2,7,1300.0,2-Car,Non-incapacitating,DISREGARD SIGNAL/REG SIGN,39.142048,-86.582592
3,4,1600.0,2-Car,No injury/unknown,FAILURE TO YIELD RIGHT OF WAY,39.142048,-86.582592
4,5,1600.0,3+ Cars,No injury/unknown,OTHER (DRIVER) - EXPLAIN IN NARRATIVE,39.142048,-86.582592
4,5,1800.0,2-Car,No injury/unknown,UNSAFE BACKING,39.142048,-86.582592
6,6,900.0,2-Car,No injury/unknown,FOLLOWING TOO CLOSELY,39.142048,-86.582592
6,4,1600.0,2-Car,No injury/unknown,FAILURE TO YIELD RIGHT OF WAY,39.142048,-86.582592
7,7,1200.0,2-Car,No injury/unknown,UNSAFE LANE MOVEMENT,39.142048,-86.582592
7,3,1600.0,2-Car,No injury/unknown,FOLLOWING TOO CLOSELY,39.142048,-86.582592
8,5,1600.0,2-Car,No injury/unknown,DRIVER ILLNESS,39.142048,-86.582592
9,6,1600.0,2-Car,No injury/unknown,OTHER (VEHICLE) - EXPLAIN IN NARRATIVE,39.142048,-86.582592
10,2,1400.0,2-Car,No injury/unknown,FOLLOWING TOO CLOSELY,39.142048,-86.582592
11,5,2000.0,2-Car,No injury/unknown,FAILURE TO YIELD RIGHT OF WAY,39.142048,-86.582592
2,6,700.0,2-Car,Non-incapacitating,OTHER (DRIVER) - EXPLAIN IN NARRATIVE,39.14202701,-86.58260822
4,6,1800.0,2-Car,Non-incapacitating,IMPROPER LANE USAGE,39.14195,-86.58259
11,6,1700.0,2-Car,No injury/unknown,DRIVER DISTRACTED - EXPLAIN IN NARRATIVE,39.14191534,-86.582572
1,3,1500.0,Bus,No injury/unknown,FAILURE TO YIELD RIGHT OF WAY,39.14191047,-86.49056252
3,2,1400.0,2-Car,No injury/unknown,FOLLOWING TOO CLOSELY,39.14191,-86.52694
5,3,2000.0,Pedestrian,Incapacitating,UNSAFE BACKING,39.14187494,-86.58259037
7,1,1200.0,2-Car,No injury/unknown,UNSAFE BACKING,39.14187494,-86.58259037
9,3,1400.0,Pedestrian,Non-incapacitating,FAILURE TO YIELD RIGHT OF WAY,39.14187494,-86.58259037
10,4,1400.0,2-Car,No injury/unknown,UNSAFE BACKING,39.14187494,-86.58259037
5,6,1800.0,2-Car,No injury/unknown,FAILURE TO YIELD RIGHT OF WAY,39.141847,-86.582755
6,6,1400.0,2-Car,Non-incapacitating,DRIVER DISTRACTED - EXPLAIN IN NARRATIVE,39.14173578,-86.53114736
8,6,700.0,1-Car,No injury/unknown,OTHER (DRIVER) - EXPLAIN IN NARRATIVE,39.14159445,-86.54202808
3,3,1600.0,2-Car,Non-incapacitating,FOLLOWING TOO CLOSELY,39.14145928,-86.58418054
2,3,1200.0,Bus,No injury/unknown,UNSAFE BACKING,39.14144,-86.543632
6,7,500.0,2-Car,No injury/unknown,IMPROPER LANE USAGE,39.14138005,-86.53088525
6,6,700.0,3+ Cars,No injury/unknown,FOLLOWING TOO CLOSELY,39.14134894,-86.58450352
4,6,1400.0,2-Car,No injury/unknown,FAILURE TO YIELD RIGHT OF WAY,39.141328,-86.538528
11,3,800.0,2-Car,No injury/unknown,UNSAFE BACKING,39.14127968,-86.55037477
9,4,800.0,2-Car,Non-incapacitating,UNSAFE SPEED,39.14127899,-86.54379699
10,3,1500.0,2-Car,Non-incapacitating,FOLLOWING TOO CLOSELY,39.14125315,-86.53882921
1,1,2300.0,3+ Cars,No injury/unknown,RAN OFF ROAD RIGHT,39.14124,-86.53881
10,2,1500.0,1-Car,No injury/unknown,UNSAFE SPEED,39.14108,-86.52172
10,5,2000.0,2-Car,No injury/unknown,OTHER (DRIVER) - EXPLAIN IN NARRATIVE,39.14106,-86.544119
11,5,1300.0,2-Car,Non-incapacitating,OTHER TELEMATICS IN USE,39.14106,-86.544119
5,6,1600.0,2-Car,No injury/unknown,UNSAFE BACKING,39.14093,-86.49658
6,5,900.0,1-Car,No injury/unknown,OTHER (ENVIRONMENTAL) - EXPLAIN IN NARR,39.14071977,-86.6529525
1,1,300.0,1-Car,Non-incapacitating,RAN OFF ROAD RIGHT,39.14031428,-86.51688
11,3,800.0,2-Car,No injury/unknown,OTHER (DRIVER) - EXPLAIN IN NARRATIVE,39.14009301,-86.51259988
11,3,1000.0,2-Car,No injury/unknown,FAILURE TO YIELD RIGHT OF WAY,39.14001101,-86.54112041
6,6,700.0,2-Car,Non-incapacitating,FOLLOWING TOO CLOSELY,39.13999935,-86.53876
2,7,1900.0,2-Car,No injury/unknown,FOLLOWING TOO CLOSELY,39.13992,-86.538416
12,4,2300.0,1-Car,No injury/unknown,RAN OFF ROAD RIGHT,39.13986897,-86.59634723
5,4,1400.0,2-Car,No injury/unknown,OTHER (DRIVER) - EXPLAIN IN NARRATIVE,39.13986101,-86.51394
6,3,1000.0,1-Car,No injury/unknown,ANIMAL/OBJECT IN ROADWAY,39.13978646,-86.57292991
4,1,1900.0,1-Car,No injury/unknown,UNSAFE SPEED,39.13976,-86.53642
10,1,300.0,2-Car,No injury/unknown,OTHER (DRIVER) - EXPLAIN IN NARRATIVE,39.139587,-86.492698
3,1,2300.0,2-Car,No injury/unknown,OTHER (DRIVER) - EXPLAIN IN NARRATIVE,39.139576,-86.55035399
12,5,1900.0,2-Car,No injury/unknown,IMPROPER LANE USAGE,39.13951412,-86.51756532
12,2,900.0,2-Car,No injury/unknown,IMPROPER TURNING,39.13951412,-86.51756532
6,3,1600.0,2-Car,No injury/unknown,IMPROPER TURNING,39.13950428,-86.51762373
11,7,1600.0,1-Car,Non-incapacitating,RAN OFF ROAD RIGHT,39.13925856,-86.56203042
12,2,1700.0,2-Car,No injury/unknown,FOLLOWING TOO CLOSELY,39.13920969,-86.49654015
2,7,1500.0,2-Car,No injury/unknown,UNSAFE BACKING,39.138811,-86.528022
6,6,1400.0,1-Car,No injury/unknown,UNSAFE SPEED,39.13875444,-86.55672021
7,6,1800.0,2-Car,No injury/unknown,UNSAFE BACKING,39.138688,-86.465968
4,3,1500.0,1-Car,No injury/unknown,OTHER (VEHICLE) - EXPLAIN IN NARRATIVE,39.13868787,-86.57291634
11,5,800.0,1-Car,Non-incapacitating,OTHER (DRIVER) - EXPLAIN IN NARRATIVE,39.138602,-86.490665
12,7,200.0,1-Car,No injury/unknown,ANIMAL/OBJECT IN ROADWAY,39.13858559,-86.48040205
1,6,2200.0,3+ Cars,No injury/unknown,SPEED TOO FAST FOR WEATHER CONDITIONS,39.138576,-86.528144
4,7,1300.0,3+ Cars,Non-incapacitating,OTHER (DRIVER) - EXPLAIN IN NARRATIVE,39.13845082,-86.50147033
10,2,1900.0,1-Car,No injury/unknown,ANIMAL/OBJECT IN ROADWAY,39.13841323,-86.57291295
8,2,1900.0,2-Car,Non-incapacitating,OTHER (DRIVER) - EXPLAIN IN NARRATIVE,39.138336,-86.582528
9,1,2000.0,Moped/Motorcycle,Non-incapacitating,RAN OFF ROAD RIGHT,39.138336,-86.582528
5,3,800.0,2-Car,No injury/unknown,FOLLOWING TOO CLOSELY,39.13822295,-86.53845
11,4,1400.0,2-Car,No injury/unknown,INSECURE/LEAKY LOAD,39.13822079,-86.61024005
1,7,0.0,2-Car,No injury/unknown,IMPROPER LANE USAGE,39.13817397,-86.52594
12,4,800.0,1-Car,No injury/unknown,,39.1381704,-86.52016671
5,1,2000.0,2-Car,No injury/unknown,OBSTRUCTION NOT MARKED,39.13805706,-86.59176662
1,4,500.0,2-Car,No injury/unknown,,39.13794514,-86.524
4,6,2300.0,1-Car,No injury/unknown,ANIMAL/OBJECT IN ROADWAY,39.13785055,-86.59211256
4,3,1600.0,2-Car,No injury/unknown,FAILURE TO YIELD RIGHT OF WAY,39.137744,-86.530288
5,2,1300.0,2-Car,Incapacitating,LEFT OF CENTER,39.13772661,-86.57290448
6,4,1700.0,2-Car,No injury/unknown,UNSAFE BACKING,39.13753631,-86.582655
7,6,1700.0,2-Car,No injury/unknown,UNSAFE BACKING,39.137392,-86.529936
11,5,800.0,1-Car,No injury/unknown,OTHER (VEHICLE) - EXPLAIN IN NARRATIVE,39.13725282,-86.53144
8,1,1600.0,Moped/Motorcycle,Non-incapacitating,UNSAFE LANE MOVEMENT,39.13724251,-86.52678154
3,5,2000.0,2-Car,No injury/unknown,UNSAFE BACKING,39.1372,-86.537088
11,6,1700.0,2-Car,No injury/unknown,FOLLOWING TOO CLOSELY,39.13718219,-86.59323219
2,6,1600.0,2-Car,No injury/unknown,FAILURE TO YIELD RIGHT OF WAY,39.137088,-86.53056
7,1,1400.0,2-Car,No injury/unknown,OTHER (DRIVER) - EXPLAIN IN NARRATIVE,39.137088,-86.53056
3,4,1600.0,2-Car,No injury/unknown,SPEED TOO FAST FOR WEATHER CONDITIONS,39.13704,-86.577504
3,7,2300.0,2-Car,No injury/unknown,DISREGARD SIGNAL/REG SIGN,39.13704,-86.572896
5,4,2200.0,1-Car,No injury/unknown,ANIMAL/OBJECT IN ROADWAY,39.13704,-86.582512
7,6,700.0,2-Car,No injury/unknown,OTHER (VEHICLE) - EXPLAIN IN NARRATIVE,39.13704,-86.572896
7,2,1700.0,2-Car,No injury/unknown,FOLLOWING TOO CLOSELY,39.13704,-86.582512
8,3,700.0,3+ Cars,No injury/unknown,DISREGARD SIGNAL/REG SIGN,39.13704,-86.572896
8,5,1800.0,2-Car,No injury/unknown,IMPROPER TURNING,39.13704,-86.572896
9,5,1400.0,2-Car,No injury/unknown,FOLLOWING TOO CLOSELY,39.13704,-86.572896
9,2,1000.0,2-Car,No injury/unknown,FAILURE TO YIELD RIGHT OF WAY,39.13704,-86.572896
9,7,900.0,2-Car,No injury/unknown,FAILURE TO YIELD RIGHT OF WAY,39.13704,-86.582512
9,6,800.0,2-Car,No injury/unknown,DISREGARD SIGNAL/REG SIGN,39.13704,-86.572896