Month,Day,Hour,Collision Type,Injury Type,Primary Factor,Latitude,Longitude
12,6,1600.0,2-Car,Non-incapacitating,FOLLOWING TOO CLOSELY,39.13704,-86.572896
6,3,1000.0,2-Car,No injury/unknown,UNSAFE LANE MOVEMENT,39.13701449,-86.57219163
7,6,1800.0,2-Car,No injury/unknown,BRAKE FAILURE OR DEFECTIVE,39.13687521,-86.572896
7,5,1700.0,1-Car,No injury/unknown,OTHER (DRIVER) - EXPLAIN IN NARRATIVE,39.13686477,-86.60612717
1,2,1400.0,2-Car,No injury/unknown,DISREGARD SIGNAL/REG SIGN,39.136848,-86.593792
1,6,2300.0,1-Car,No injury/unknown,DRIVER DISTRACTED - EXPLAIN IN NARRATIVE,39.136848,-86.593792
1,6,2300.0,1-Car,No injury/unknown,CELL PHONE USAGE,39.136848,-86.593792
4,2,800.0,2-Car,No injury/unknown,FOLLOWING TOO CLOSELY,39.136848,-86.593792
6,5,1400.0,2-Car,Non-incapacitating,UNSAFE SPEED,39.136848,-86.593792
6,6,0.0,1-Car,Non-incapacitating,UNSAFE SPEED,39.136848,-86.593792
8,1,2000.0,1-Car,No injury/unknown,RAN OFF ROAD RIGHT,39.136848,-86.5964
8,5,1300.0,2-Car,No injury/unknown,FOLLOWING TOO CLOSELY,39.136848,-86.593792
9,4,1900.0,2-Car,No injury/unknown,FAILURE TO YIELD RIGHT OF WAY,39.136848,-86.606
11,2,700.0,2-Car,No injury/unknown,DISREGARD SIGNAL/REG SIGN,39.136848,-86.593792
1,5,400.0,2-Car,No injury/unknown,SPEED TOO FAST FOR WEATHER CONDITIONS,39.13683,-86.58261
6,7,1500.0,2-Car,No injury/unknown,FOLLOWING TOO CLOSELY,39.13683,-86.58261
8,2,1800.0,Cyclist,Non-incapacitating,FAILURE TO YIELD RIGHT OF WAY,39.13683,-86.58261
11,3,1100.0,2-Car,Non-incapacitating,LEFT OF CENTER,39.13679972,-86.57611995
1,5,2300.0,2-Car,No injury/unknown,OTHER (DRIVER) - EXPLAIN IN NARRATIVE,39.136783,-86.593838
11,4,1600.0,2-Car,No injury/unknown,FOLLOWING TOO CLOSELY,39.13676196,-86.57320781
6,4,1200.0,1-Car,Non-incapacitating,RAN OFF ROAD RIGHT,39.13675123,-86.52690411
1,5,1400.0,2-Car,No injury/unknown,BRAKE FAILURE OR DEFECTIVE,39.136739,-86.57087
2,7,900.0,1-Car,No injury/unknown,SPEED TOO FAST FOR WEATHER CONDITIONS,39.13662,-86.55432298
5,4,1100.0,2-Car,No injury/unknown,OTHER (DRIVER) - EXPLAIN IN NARRATIVE,39.13662,-86.55431
10,5,1600.0,2-Car,Non-incapacitating,FOLLOWING TOO CLOSELY,39.13662,-86.55432731
12,4,1400.0,1-Car,Non-incapacitating,STEERING FAILURE,39.13661786,-86.55431056
2,1,900.0,2-Car,No injury/unknown,UNSAFE SPEED,39.1365673,-86.55430867
5,6,1900.0,Pedestrian,Non-incapacitating,PEDESTRIAN ACTION,39.1365673,-86.55430867
3,6,800.0,2-Car,Non-incapacitating,OTHER (DRIVER) - EXPLAIN IN NARRATIVE,39.136512,-86.562016
4,3,800.0,2-Car,Non-incapacitating,FOLLOWING TOO CLOSELY,39.136512,-86.562016
7,6,1200.0,3+ Cars,Non-incapacitating,FOLLOWING TOO CLOSELY,39.136512,-86.562016
7,3,1200.0,2-Car,No injury/unknown,FAILURE TO YIELD RIGHT OF WAY,39.136512,-86.562016
9,3,700.0,2-Car,Non-incapacitating,FOLLOWING TOO CLOSELY,39.136512,-86.562016
1,3,800.0,2-Car,No injury/unknown,IMPROPER PASSING,39.136448,-86.548704
5,4,200.0,2-Car,Non-incapacitating,FOLLOWING TOO CLOSELY,39.136448,-86.548704
9,5,1500.0,3+ Cars,No injury/unknown,,39.136448,-86.548704
3,7,2100.0,1-Car,Non-incapacitating,SPEED TOO FAST FOR WEATHER CONDITIONS,39.13641362,-86.50834833
5,6,900.0,2-Car,No injury/unknown,FAILURE TO YIELD RIGHT OF WAY,39.13641362,-86.50808878
6,2,1200.0,2-Car,No injury/unknown,FOLLOWING TOO CLOSELY,39.13641362,-86.50808878
6,6,1600.0,Moped/Motorcycle,Non-incapacitating,FAILURE TO YIELD RIGHT OF WAY,39.13640588,-86.54995501
9,6,1500.0,2-Car,Non-incapacitating,FOLLOWING TOO CLOSELY,39.1364,-86.504896
6,4,1900.0,2-Car,No injury/unknown,DISREGARD SIGNAL/REG SIGN,39.13635,-86.54875
9,2,1800.0,2-Car,No injury/unknown,FOLLOWING TOO CLOSELY,39.13635,-86.54875
10,5,1400.0,2-Car,No injury/unknown,FOLLOWING TOO CLOSELY,39.13635,-86.54876731
7,2,1700.0,Pedestrian,Non-incapacitating,VIEW OBSTRUCTED,39.136212,-86.543504
2,1,1100.0,2-Car,No injury/unknown,UNSAFE BACKING,39.13620872,-86.53099724
1,5,1200.0,1-Car,No injury/unknown,ROADWAY SURFACE CONDITION,39.136144,-86.508096
1,5,1200.0,1-Car,No injury/unknown,ROADWAY SURFACE CONDITION,39.136144,-86.508096
1,2,900.0,2-Car,No injury/unknown,FAILURE TO YIELD RIGHT OF WAY,39.136144,-86.528688
2,6,800.0,2-Car,No injury/unknown,FAILURE TO YIELD RIGHT OF WAY,39.136144,-86.5268
3,7,800.0,1-Car,No injury/unknown,RAN OFF ROAD RIGHT,39.136144,-86.511296
4,6,800.0,Bus,No injury/unknown,OTHER (DRIVER) - EXPLAIN IN NARRATIVE,39.136144,-86.5268
5,6,1200.0,2-Car,No injury/unknown,FAILURE TO YIELD RIGHT OF WAY,39.136144,-86.528688
6,6,1900.0,2-Car,Non-incapacitating,FAILURE TO YIELD RIGHT OF WAY,39.136144,-86.5268
9,1,1500.0,2-Car,No injury/unknown,FOLLOWING TOO CLOSELY,39.136144,-86.528688
9,2,1900.0,2-Car,No injury/unknown,FOLLOWING TOO CLOSELY,39.136144,-86.511296
9,5,1700.0,3+ Cars,No injury/unknown,BRAKE FAILURE OR DEFECTIVE,39.136144,-86.5268
10,5,1600.0,2-Car,No injury/unknown,FAILURE TO YIELD RIGHT OF WAY,39.136144,-86.528688
10,4,800.0,2-Car,No injury/unknown,FAILURE TO YIELD RIGHT OF WAY,39.136144,-86.521888
10,6,700.0,Bus,No injury/unknown,UNSAFE BACKING,39.136144,-86.528688
12,3,1400.0,2-Car,Non-incapacitating,FOLLOWING TOO CLOSELY,39.136144,-86.523744
4,2,1600.0,2-Car,No injury/unknown,FAILURE TO YIELD RIGHT OF WAY,39.1361416,-86.52833537
10,4,1700.0,2-Car,No injury/unknown,SPEED TOO FAST FOR WEATHER CONDITIONS,39.1361416,-86.52833537
7,2,1600.0,3+ Cars,No injury/unknown,DRIVER ASLEEP OR FATIGUED,39.1361266,-86.52763029
7,5,1300.0,2-Car,Non-incapacitating,UNSAFE SPEED,39.136096,-86.516
10,2,1000.0,2-Car,Non-incapacitating,FOLLOWING TOO CLOSELY,39.13609,-86.53936269
3,6,1500.0,2-Car,No injury/unknown,FAILURE TO YIELD RIGHT OF WAY,39.13608,-86.538096
4,6,1000.0,2-Car,No injury/unknown,OTHER (DRIVER) - EXPLAIN IN NARRATIVE,39.13608,-86.529792
4,2,2200.0,2-Car,Non-incapacitating,FOLLOWING TOO CLOSELY,39.13606885,-86.53826058
8,3,1200.0,2-Car,No injury/unknown,FOLLOWING TOO CLOSELY,39.13606468,-86.53756736
2,6,2100.0,1-Car,No injury/unknown,SPEED TOO FAST FOR WEATHER CONDITIONS,39.13604479,-86.48067059
4,6,1000.0,2-Car,No injury/unknown,FAILURE TO YIELD RIGHT OF WAY,39.13604,-86.53827
5,5,1400.0,2-Car,Non-incapacitating,FAILURE TO YIELD RIGHT OF WAY,39.13604,-86.52688
8,6,800.0,2-Car,No injury/unknown,FOLLOWING TOO CLOSELY,39.13604,-86.52688865
8,1,1900.0,3+ Cars,No injury/unknown,FOLLOWING TOO CLOSELY,39.13604,-86.53827
9,3,1700.0,2-Car,No injury/unknown,FOLLOWING TOO CLOSELY,39.13604,-86.53827
10,7,2000.0,2-Car,No injury/unknown,FOLLOWING TOO CLOSELY,39.13604,-86.53827
11,3,1700.0,2-Car,No injury/unknown,FAILURE TO YIELD RIGHT OF WAY,39.13604,-86.52688
12,2,600.0,2-Car,No injury/unknown,FOLLOWING TOO CLOSELY,39.13603619,-86.53826525
11,2,1500.0,2-Car,No injury/unknown,FOLLOWING TOO CLOSELY,39.13601383,-86.53628803
9,4,1700.0,2-Car,No injury/unknown,FAILURE TO YIELD RIGHT OF WAY,39.13601,-86.53712
4,1,1700.0,2-Car,No injury/unknown,FAILURE TO YIELD RIGHT OF WAY,39.13599,-86.5288
5,7,1100.0,2-Car,No injury/unknown,OTHER (DRIVER) - EXPLAIN IN NARRATIVE,39.13599,-86.528726
3,5,1600.0,2-Car,No injury/unknown,FAILURE TO YIELD RIGHT OF WAY,39.13597991,-86.52879109
6,6,1100.0,3+ Cars,No injury/unknown,DRIVER DISTRACTED - EXPLAIN IN NARRATIVE,39.13597991,-86.5311047
1,1,1000.0,2-Car,No injury/unknown,FAILURE TO YIELD RIGHT OF WAY,39.13597,-86.53111
3,4,1700.0,2-Car,No injury/unknown,FAILURE TO YIELD RIGHT OF WAY,39.13597,-86.53111
5,2,1600.0,2-Car,Non-incapacitating,FAILURE TO YIELD RIGHT OF WAY,39.13597,-86.53111
9,3,400.0,2-Car,No injury/unknown,FAILURE TO YIELD RIGHT OF WAY,39.13597,-86.53111
10,3,1800.0,Moped/Motorcycle,Non-incapacitating,FAILURE TO YIELD RIGHT OF WAY,39.13597,-86.53111
10,4,1600.0,Moped/Motorcycle,Non-incapacitating,DISREGARD SIGNAL/REG SIGN,39.13597,-86.53111
10,4,1500.0,2-Car,Non-incapacitating,FOLLOWING TOO CLOSELY,39.13597,-86.53111
11,5,1500.0,2-Car,No injury/unknown,FOLLOWING TOO CLOSELY,39.13597,-86.53111
9,3,1400.0,2-Car,No injury/unknown,FOLLOWING TOO CLOSELY,39.13596101,-86.53523221
12,2,1200.0,2-Car,No injury/unknown,FAILURE TO YIELD RIGHT OF WAY,39.13596019,-86.4965301
3,2,2100.0,2-Car,No injury/unknown,FAILURE TO YIELD RIGHT OF WAY,39.13596,-86.49653
6,6,1400.0,2-Car,Non-incapacitating,FAILURE TO YIELD RIGHT OF WAY,39.13596,-86.49653
10,1,1900.0,2-Car,No injury/unknown,FAILURE TO YIELD RIGHT OF WAY,39.13596,-86.49653
8,3,1200.0,2-Car,No injury/unknown,FOLLOWING TOO CLOSELY,39.13589,-86.58261
10,7,1400.0,1-Car,No injury/unknown,OTHER (DRIVER) - EXPLAIN IN NARRATIVE,39.135888,-86.498304
7,7,2300.0,2-Car,Non-incapacitating,UNSAFE BACKING,39.13584,-86.496288
11,3,1700.0,2-Car,No injury/unknown,SPEED TOO FAST FOR WEATHER CONDITIONS,39.13584,-86.496288
8,3,1500.0,1-Car,No injury/unknown,UNSAFE SPEED,39.13578496,-86.54933215
6,6,2100.0,2-Car,No injury/unknown,LEFT OF CENTER,39.13576,-86.489488
1,5,2000.0,1-Car,No injury/unknown,RAN OFF ROAD RIGHT,39.1357306,-86.48727174
2,6,400.0,1-Car,No injury/unknown,LEFT OF CENTER,39.135648,-86.462
9,6,1000.0,1-Car,No injury/unknown,UNSAFE SPEED,39.135648,-86.462
12,3,700.0,2-Car,Non-incapacitating,FOLLOWING TOO CLOSELY,39.135648,-86.462
5,6,1500.0,2-Car,No injury/unknown,FOLLOWING TOO CLOSELY,39.13545218,-86.59573464
7,2,1500.0,2-Car,No injury/unknown,UNSAFE BACKING,39.135418,-86.520921
9,7,1100.0,2-Car,No injury/unknown,UNSAFE BACKING,39.135152,-86.521696
3,3,1600.0,Pedestrian,Non-incapacitating,PEDESTRIAN ACTION,39.13507491,-86.5312841
4,6,1500.0,2-Car,No injury/unknown,FOLLOWING TOO CLOSELY,39.13504,-86.596192
11,4,1500.0,2-Car,Non-incapacitating,DRIVER DISTRACTED - EXPLAIN IN NARRATIVE,39.13504,-86.596192
11,3,700.0,2-Car,No injury/unknown,FOLLOWING TOO CLOSELY,39.13504,-86.596192
11,2,2300.0,1-Car,No injury/unknown,ANIMAL/OBJECT IN ROADWAY,39.13494797,-86.59632288
5,1,1500.0,2-Car,No injury/unknown,UNSAFE BACKING,39.13493147,-86.5313046
2,2,1500.0,2-Car,No injury/unknown,FAILURE TO YIELD RIGHT OF WAY,39.13476755,-86.53133875
3,3,1600.0,2-Car,No injury/unknown,UNSAFE BACKING,39.13476755,-86.53133875
7,7,1900.0,2-Car,No injury/unknown,UNSAFE BACKING,39.13464,-86.518951
9,7,1700.0,2-Car,No injury/unknown,OTHER (DRIVER) - EXPLAIN IN NARRATIVE,39.134544,-86.575312
5,5,1600.0,2-Car,No injury/unknown,FOLLOWING TOO CLOSELY,39.1344878,-86.59697726
8,4,1300.0,2-Car,No injury/unknown,UNSAFE BACKING,39.13432546,-86.52733091
10,4,600.0,2-Car,No injury/unknown,FAILURE TO YIELD RIGHT OF WAY,39.133744,-86.526896
9,2,1900.0,2-Car,No injury/unknown,,39.13368491,-86.51916735
4,5,800.0,2-Car,No injury/unknown,FOLLOWING TOO CLOSELY,39.13363424,-86.572896
7,7,2300.0,1-Car,No injury/unknown,RAN OFF ROAD RIGHT,39.13317311,-86.5459
10,5,1600.0,2-Car,No injury/unknown,FAILURE TO YIELD RIGHT OF WAY,39.13264695,-86.53875
12,7,1200.0,2-Car,No injury/unknown,FAILURE TO YIELD RIGHT OF WAY,39.13251703,-86.49827018
12,7,2000.0,2-Car,Non-incapacitating,FOLLOWING TOO CLOSELY,39.13251703,-86.49827018
5,4,0.0,1-Car,No injury/unknown,UNSAFE SPEED,39.13244808,-86.6523423
9,7,0.0,1-Car,No injury/unknown,OVERCORRECTING/OVERSTEERING,39.13230004,-86.53977
10,7,2200.0,1-Car,No injury/unknown,RAN OFF ROAD RIGHT,39.132258,-86.642917
9,1,2000.0,2-Car,No injury/unknown,LEFT OF CENTER,39.13152,-86.677664
10,5,700.0,Pedestrian,Non-incapacitating,FAILURE TO YIELD RIGHT OF WAY,39.13152,-86.53143
9,4,900.0,3+ Cars,No injury/unknown,DRIVER DISTRACTED - EXPLAIN IN NARRATIVE,39.13113338,-86.60164378
11,6,1900.0,1-Car,No injury/unknown,ANIMAL/OBJECT IN ROADWAY,39.13113338,-86.60164378
8,3,2200.0,1-Car,No injury/unknown,OTHER (DRIVER) - EXPLAIN IN NARRATIVE,39.1310152,-86.44649921
9,4,700.0,1-Car,No injury/unknown,ANIMAL/OBJECT IN ROADWAY,39.13101474,-86.44632879
1,2,1900.0,2-Car,No injury/unknown,FAILURE TO YIELD RIGHT OF WAY,39.130944,-86.526688
2,6,1700.0,2-Car,Non-incapacitating,UNSAFE BACKING,39.13071042,-86.50185282
1,7,300.0,1-Car,No injury/unknown,RAN OFF ROAD RIGHT,39.13024098,-86.60298341
7,7,1500.0,2-Car,Non-incapacitating,FOLLOWING TOO CLOSELY,39.130177,-86.526808
12,3,700.0,2-Car,No injury/unknown,FOLLOWING TOO CLOSELY,39.12989888,-86.572896
10,1,1500.0,Bus,No injury/unknown,OTHER (DRIVER) - EXPLAIN IN NARRATIVE,39.12948117,-86.51263769
3,4,1700.0,3+ Cars,Non-incapacitating,SPEED TOO FAST FOR WEATHER CONDITIONS,39.12936,-86.604336
6,5,1500.0,3+ Cars,Non-incapacitating,OTHER (DRIVER) - EXPLAIN IN NARRATIVE,39.12936,-86.604336
6,7,1300.0,2-Car,No injury/unknown,DRIVER DISTRACTED - EXPLAIN IN NARRATIVE,39.12925452,-86.60449857
9,5,1800.0,2-Car,No injury/unknown,UNSAFE BACKING,39.128921,-86.585135
5,6,800.0,2-Car,No injury/unknown,UNSAFE BACKING,39.12881845,-86.60504332
3,1,0.0,1-Car,No injury/unknown,RAN OFF ROAD RIGHT,39.12842216,-86.50779
5,7,0.0,2-Car,No injury/unknown,OTHER (DRIVER) - EXPLAIN IN NARRATIVE,39.12828863,-86.52679545
9,7,1600.0,2-Car,No injury/unknown,OTHER (DRIVER) - EXPLAIN IN NARRATIVE,39.12826,-86.58257329
9,1,2000.0,2-Car,No injury/unknown,DISREGARD SIGNAL/REG SIGN,39.12821,-86.55501
4,2,1700.0,2-Car,No injury/unknown,UNSAFE BACKING,39.127952,-86.5268
1,2,1900.0,2-Car,No injury/unknown,FOLLOWING TOO CLOSELY,39.12790321,-86.60654596
9,4,800.0,1-Car,No injury/unknown,FOLLOWING TOO CLOSELY,39.12790321,-86.60655029
11,6,1700.0,2-Car,No injury/unknown,DRIVER DISTRACTED - EXPLAIN IN NARRATIVE,39.12790321,-86.60655462
6,7,1100.0,2-Car,No injury/unknown,FOLLOWING TOO CLOSELY,39.12788004,-86.60652011
11,5,1900.0,1-Car,No injury/unknown,ANIMAL/OBJECT IN ROADWAY,39.12788004,-86.60651578
12,1,1900.0,1-Car,No injury/unknown,ANIMAL/OBJECT IN ROADWAY,39.12788004,-86.60649846
4,5,1300.0,3+ Cars,Non-incapacitating,FOLLOWING TOO CLOSELY,39.12787487,-86.50147033
10,2,700.0,2-Car,No injury/unknown,DISREGARD SIGNAL/REG SIGN,39.12781,-86.51012
6,1,900.0,2-Car,No injury/unknown,OTHER (VEHICLE) - EXPLAIN IN NARRATIVE,39.127664,-86.578736
5,2,1500.0,2-Car,No injury/unknown,IMPROPER PASSING,39.127616,-86.538688
5,7,1700.0,Moped/Motorcycle,No injury/unknown,FAILURE TO YIELD RIGHT OF WAY,39.127616,-86.538688
9,6,1800.0,2-Car,No injury/unknown,FAILURE TO YIELD RIGHT OF WAY,39.12716835,-86.52677353
3,2,1100.0,Pedestrian,Non-incapacitating,OTHER (DRIVER) - EXPLAIN IN NARRATIVE,39.127123,-86.584206
10,2,600.0,3+ Cars,Non-incapacitating,LEFT OF CENTER,39.12709947,-86.6110129
6,4,2300.0,Pedestrian,Non-incapacitating,ENGINE FAILURE OR DEFECTIVE,39.126976,-86.582464
10,6,1100.0,2-Car,Non-incapacitating,FOLLOWING TOO CLOSELY,39.126976,-86.582464
6,5,1300.0,1-Car,No injury/unknown,RAN OFF ROAD RIGHT,39.12679,-86.58253671
2,4,1200.0,2-Car,No injury/unknown,FOLLOWING TOO CLOSELY,39.12669768,-86.5313729
12,7,1100.0,Pedestrian,Non-incapacitating,UNSAFE BACKING,39.1266194,-86.52957223
11,2,1200.0,2-Car,No injury/unknown,SPEED TOO FAST FOR WEATHER CONDITIONS,39.12658989,-86.50429978
3,5,600.0,1-Car,No injury/unknown,DRIVER ILLNESS,39.12631655,-86.52674475
8,4,1100.0,2-Car,No injury/unknown,IMPROPER LANE USAGE,39.12631655,-86.52674475
8,6,300.0,1-Car,No injury/unknown,OTHER (DRIVER) - EXPLAIN IN NARRATIVE,39.12631655,-86.52674475
8,4,200.0,1-Car,No injury/unknown,DRIVER DISTRACTED - EXPLAIN IN NARRATIVE,39.12614,-86.55259
3,2,1100.0,2-Car,No injury/unknown,LEFT OF CENTER,39.12579,-86.51913
9,6,1700.0,Cyclist,Non-incapacitating,DISREGARD SIGNAL/REG SIGN,39.12569911,-86.61621094
3,7,1300.0,1-Car,Incapacitating,OTHER (DRIVER) - EXPLAIN IN NARRATIVE,39.12557,-86.52672
7,2,1200.0,2-Car,No injury/unknown,OTHER (VEHICLE) - EXPLAIN IN NARRATIVE,39.12557,-86.52672
8,5,1300.0,2-Car,Non-incapacitating,FOLLOWING TOO CLOSELY,39.12557,-86.52672
1,3,1600.0,1-Car,No injury/unknown,FAILURE TO YIELD RIGHT OF WAY,39.125552,-86.610192
1,6,1600.0,1-Car,No injury/unknown,UNSAFE BACKING,39.125552,-86.610192
11,4,1600.0,2-Car,No injury/unknown,OTHER (DRIVER) - EXPLAIN IN NARRATIVE,39.125552,-86.610192
4,1,1100.0,2-Car,No injury/unknown,UNSAFE BACKING,39.12548063,-86.52671031
1,1,2300.0,1-Car,No injury/unknown,RAN OFF ROAD RIGHT,39.125312,-86.610496
4,3,1700.0,2-Car,No injury/unknown,UNSAFE BACKING,39.125312,-86.610496
4,4,1900.0,2-Car,No injury/unknown,FAILURE TO YIELD RIGHT OF WAY,39.125312,-86.610496
5,5,1500.0,2-Car,No injury/unknown,OTHER (VEHICLE) - EXPLAIN IN NARRATIVE,39.125312,-86.610496
5,6,1900.0,1-Car,No injury/unknown,UNSAFE BACKING,39.125312,-86.610496
6,4,1300.0,2-Car,No injury/unknown,OTHER (DRIVER) - EXPLAIN IN NARRATIVE,39.125312,-86.610496
6,5,1600.0,2-Car,No injury/unknown,UNSAFE BACKING,39.125312,-86.610496
6,4,1200.0,2-Car,No injury/unknown,UNSAFE BACKING,39.125312,-86.610496
7,1,1500.0,1-Car,No injury/unknown,UNSAFE BACKING,39.125312,-86.610496
7,3,1200.0,2-Car,No injury/unknown,UNSAFE BACKING,39.125312,-86.610496
7,6,1600.0,2-Car,No injury/unknown,FAILURE TO YIELD RIGHT OF WAY,39.125312,-86.610496
7,1,1300.0,2-Car,No injury/unknown,OTHER (DRIVER) - EXPLAIN IN NARRATIVE,39.125312,-86.610496
8,2,1400.0,2-Car,No injury/unknown,FOLLOWING TOO CLOSELY,39.125312,-86.610496
8,2,1100.0,1-Car,No injury/unknown,OTHER (DRIVER) - EXPLAIN IN NARRATIVE,39.125312,-86.610496
8,6,1500.0,2-Car,No injury/unknown,UNSAFE BACKING,39.125312,-86.610496
9,1,1900.0,1-Car,No injury/unknown,UNSAFE BACKING,39.125312,-86.610496
9,3,1400.0,2-Car,No injury/unknown,UNSAFE BACKING,39.125312,-86.610496
10,7,2200.0,1-Car,No injury/unknown,DRIVER DISTRACTED - EXPLAIN IN NARRATIVE,39.125312,-86.610496
11,7,1500.0,2-Car,No injury/unknown,UNSAFE BACKING,39.125312,-86.610496
11,2,1100.0,2-Car,No injury/unknown,OTHER (DRIVER) - EXPLAIN IN NARRATIVE,39.125312,-86.610496
11,1,0.0,2-Car,No injury/unknown,IMPROPER PASSING,39.125312,-86.610496
12,3,1100.0,2-Car,No injury/unknown,FAILURE TO YIELD RIGHT OF WAY,39.125312,-86.610496
12,2,1900.0,2-Car,No injury/unknown,FAILURE TO YIELD RIGHT OF WAY,39.125312,-86.610496
5,2,1800.0,3+ Cars,No injury/unknown,UNSAFE SPEED,39.12521864,-86.61061426
7,4,1800.0,3+ Cars,Non-incapacitating,FOLLOWING TOO CLOSELY,39.12504,-86.5388
2,7,800.0,1-Car,Non-incapacitating,SPEED TOO FAST FOR WEATHER CONDITIONS,39.12497215,-86.57225753
8,3,1400.0,2-Car,No injury/unknown,OTHER (DRIVER) - EXPLAIN IN NARRATIVE,39.12448109,-86.54671
1,7,1100.0,2-Car,No injury/unknown,OTHER (DRIVER) - EXPLAIN IN NARRATIVE,39.12418335,-86.52666031
6,7,900.0,1-Car,No injury/unknown,UNSAFE BACKING,39.12377991,-86.52665096
2,4,2100.0,2-Car,No injury/unknown,FAILURE TO YIELD RIGHT OF WAY,39.12347042,-86.57686196
11,5,1300.0,1-Car,No injury/unknown,SPEED TOO FAST FOR WEATHER CONDITIONS,39.1234,-86.58254
5,3,1800.0,1-Car,Incapacitating,RAN OFF ROAD RIGHT,39.123376,-86.582592
3,7,2000.0,2-Car,No injury/unknown,UNSAFE BACKING,39.12337598,-86.58223939
1,1,1100.0,2-Car,No injury/unknown,FOLLOWING TOO CLOSELY,39.12308576,-86.52660499
2,7,1400.0,1-Car,No injury/unknown,RAN OFF ROAD RIGHT,39.12295683,-86.48969874
3,7,1900.0,1-Car,No injury/unknown,RAN OFF ROAD RIGHT,39.122416,-86.64296
2,4,1700.0,2-Car,No injury/unknown,FAILURE TO YIELD RIGHT OF WAY,39.12240491,-86.61427773
7,6,1000.0,2-Car,Non-incapacitating,OTHER (DRIVER) - EXPLAIN IN NARRATIVE,39.12239023,-86.61427974
9,4,800.0,2-Car,No injury/unknown,DISREGARD SIGNAL/REG SIGN,39.122352,-86.5712
11,7,1000.0,1-Car,No injury/unknown,ANIMAL/OBJECT IN ROADWAY,39.122352,-86.5964
1,2,1700.0,2-Car,No injury/unknown,FAILURE TO YIELD RIGHT OF WAY,39.12224,-86.6144
2,7,2200.0,1-Car,No injury/unknown,ROADWAY SURFACE CONDITION,39.12224,-86.6144
7,5,1600.0,2-Car,Non-incapacitating,FAILURE TO YIELD RIGHT OF WAY,39.12224,-86.6144
10,7,1200.0,2-Car,Non-incapacitating,FAILURE TO YIELD RIGHT OF WAY,39.12224,-86.6144
11,5,1700.0,2-Car,No injury/unknown,UNSAFE LANE MOVEMENT,39.12224,-86.6144
11,3,1900.0,2-Car,No injury/unknown,FAILURE TO YIELD RIGHT OF WAY,39.12224,-86.6144
11,3,700.0,2-Car,No injury/unknown,FAILURE TO YIELD RIGHT OF WAY,39.12224,-86.6144
12,6,1200.0,2-Car,No injury/unknown,FAILURE TO YIELD RIGHT OF WAY,39.12224,-86.6144
12,6,1300.0,2-Car,No injury/unknown,FAILURE TO YIELD RIGHT OF WAY,39.122224,-86.562688
5,5,1700.0,2-Car,No injury/unknown,FAILURE TO YIELD RIGHT OF WAY,39.12221991,-86.57137982
11,6,1800.0,2-Car,Non-incapacitating,FAILURE TO YIELD RIGHT OF WAY,39.12221991,-86.57137982
1,5,1500.0,1-Car,No injury/unknown,SPEED TOO FAST FOR WEATHER CONDITIONS,39.12220683,-86.57140464
3,6,1500.0,2-Car,Non-incapacitating,FAILURE TO YIELD RIGHT OF WAY,39.12220683,-86.57140464
5,3,1400.0,3+ Cars,Incapacitating,DISREGARD SIGNAL/REG SIGN,39.12220683,-86.57140464
7,6,1200.0,2-Car,No injury/unknown,FAILURE TO YIELD RIGHT OF WAY,39.12220683,-86.57140464
9,4,1900.0,2-Car,Non-incapacitating,FAILURE TO YIELD RIGHT OF WAY,39.12220683,-86.57140464
10,3,1700.0,2-Car,Incapacitating,DISREGARD SIGNAL/REG SIGN,39.12220683,-86.57140464
11,6,1900.0,2-Car,Non-incapacitating,FAILURE TO YIELD RIGHT OF WAY,39.12220683,-86.57140464
7,4,1500.0,2-Car,No injury/unknown,UNSAFE BACKING,39.12216626,-86.57352291
12,3,800.0,2-Car,No injury/unknown,FAILURE TO YIELD RIGHT OF WAY,39.12209988,-86.57402984
4,5,2000.0,1-Car,Non-incapacitating,RAN OFF ROAD RIGHT,39.122049,-86.573333
7,3,700.0,2-Car,No injury/unknown,FOLLOWING TOO CLOSELY,39.121808,-86.498784
12,4,1000.0,1-Car,No injury/unknown,RAN OFF ROAD RIGHT,39.12178125,-86.50230898
2,6,1600.0,Bus,No injury/unknown,FAILURE TO YIELD RIGHT OF WAY,39.121648,-86.539088
3,3,900.0,2-Car,No injury/unknown,IMPROPER TURNING,39.121648,-86.539088
4,7,1400.0,Moped/Motorcycle,Incapacitating,FAILURE TO YIELD RIGHT OF WAY,39.121648,-86.539088
7,7,900.0,2-Car,No injury/unknown,FOLLOWING TOO CLOSELY,39.121648,-86.539088
1,1,1400.0,2-Car,Non-incapacitating,FOLLOWING TOO CLOSELY,39.121552,-86.531296
4,7,1400.0,2-Car,No injury/unknown,UNSAFE LANE MOVEMENT,39.121552,-86.531296
6,6,1800.0,2-Car,No injury/unknown,FAILURE TO YIELD RIGHT OF WAY,39.121552,-86.531296
11,3,700.0,2-Car,No injury/unknown,SPEED TOO FAST FOR WEATHER CONDITIONS,39.121552,-86.531296
9,4,2100.0,3+ Cars,No injury/unknown,OVERCORRECTING/OVERSTEERING,39.12154418,-86.53386009
7,1,1300.0,2-Car,No injury/unknown,FAILURE TO YIELD RIGHT OF WAY,39.12153441,-86.53693451