Month,Day,Hour,Collision Type,Injury Type,Primary Factor,Latitude,Longitude
1,4,1300.0,1-Car,No injury/unknown,DRIVER DISTRACTED - EXPLAIN IN NARRATIVE,39.12152921,-86.51238497
4,7,1900.0,2-Car,No injury/unknown,FOLLOWING TOO CLOSELY,39.12152,-86.51792
6,7,1200.0,3+ Cars,No injury/unknown,FOLLOWING TOO CLOSELY,39.12152,-86.51792
9,3,1800.0,1-Car,No injury/unknown,UNSAFE SPEED,39.12152,-86.51792
6,2,800.0,2-Car,No injury/unknown,LEFT OF CENTER,39.121488,-86.52048
6,3,700.0,2-Car,No injury/unknown,IMPROPER TURNING,39.121488,-86.528304
8,3,1500.0,Pedestrian,Non-incapacitating,OTHER (DRIVER) - EXPLAIN IN NARRATIVE,39.12148,-86.535479
4,2,1700.0,2-Car,No injury/unknown,ROADWAY SURFACE CONDITION,39.12144282,-86.52614342
12,3,1000.0,2-Car,No injury/unknown,FAILURE TO YIELD RIGHT OF WAY,39.12144005,-86.52662985
1,3,1000.0,2-Car,No injury/unknown,FAILURE TO YIELD RIGHT OF WAY,39.12144,-86.526496
4,7,1300.0,2-Car,No injury/unknown,FAILURE TO YIELD RIGHT OF WAY,39.12144,-86.526496
5,2,1700.0,1-Car,No injury/unknown,ANIMAL/OBJECT IN ROADWAY,39.12144,-86.526496
6,2,1500.0,2-Car,Non-incapacitating,OTHER (DRIVER) - EXPLAIN IN NARRATIVE,39.12144,-86.526496
7,6,1300.0,2-Car,Non-incapacitating,OTHER (DRIVER) - EXPLAIN IN NARRATIVE,39.12144,-86.51158
9,6,600.0,2-Car,Non-incapacitating,DRIVER DISTRACTED - EXPLAIN IN NARRATIVE,39.12144,-86.526496
9,1,1100.0,2-Car,Non-incapacitating,SPEED TOO FAST FOR WEATHER CONDITIONS,39.12144,-86.51158
9,3,700.0,1-Car,No injury/unknown,ANIMAL/OBJECT IN ROADWAY,39.12144,-86.5115973
10,6,700.0,2-Car,No injury/unknown,FAILURE TO YIELD RIGHT OF WAY,39.12144,-86.52663
10,1,400.0,1-Car,No injury/unknown,RAN OFF ROAD RIGHT,39.12144,-86.51770652
11,5,900.0,2-Car,No injury/unknown,FOLLOWING TOO CLOSELY,39.12144,-86.526496
11,5,1600.0,2-Car,No injury/unknown,FOLLOWING TOO CLOSELY,39.12144,-86.526496
12,6,1800.0,2-Car,No injury/unknown,OTHER (DRIVER) - EXPLAIN IN NARRATIVE,39.12144,-86.526496
12,3,1000.0,1-Car,No injury/unknown,RAN OFF ROAD RIGHT,39.12144,-86.526496
10,2,2300.0,1-Car,No injury/unknown,UNSAFE BACKING,39.12143201,-86.53530478
9,5,1600.0,2-Car,No injury/unknown,DRIVER ILLNESS,39.12141994,-86.53134986
12,2,1900.0,2-Car,No injury/unknown,FAILURE TO YIELD RIGHT OF WAY,39.12141994,-86.53133256
3,1,1200.0,2-Car,No injury/unknown,FOLLOWING TOO CLOSELY,39.12138379,-86.49167584
8,2,1200.0,1-Car,No injury/unknown,DRIVER DISTRACTED - EXPLAIN IN NARRATIVE,39.12137,-86.49171325
10,6,800.0,1-Car,No injury/unknown,ANIMAL/OBJECT IN ROADWAY,39.12137,-86.49162675
1,2,1400.0,2-Car,No injury/unknown,UNSAFE BACKING,39.12124411,-86.581967
9,2,700.0,2-Car,No injury/unknown,FAILURE TO YIELD RIGHT OF WAY,39.121122,-86.531339
10,4,1800.0,2-Car,No injury/unknown,OTHER (DRIVER) - EXPLAIN IN NARRATIVE,39.121122,-86.531339
9,4,1900.0,2-Car,No injury/unknown,FOLLOWING TOO CLOSELY,39.1209245,-86.58259
9,2,2100.0,1-Car,No injury/unknown,RAN OFF ROAD RIGHT,39.12075711,-86.42517712
10,3,1700.0,2-Car,No injury/unknown,DRIVER ILLNESS,39.11998809,-86.55094
5,6,1300.0,2-Car,No injury/unknown,DRIVER DISTRACTED - EXPLAIN IN NARRATIVE,39.11869837,-86.51248
1,5,1100.0,2-Car,Non-incapacitating,LEFT OF CENTER,39.11822281,-86.62090099
9,7,1600.0,2-Car,Non-incapacitating,LEFT OF CENTER,39.11765901,-86.56408
8,2,1100.0,3+ Cars,Non-incapacitating,FAILURE TO YIELD RIGHT OF WAY,39.117648,-86.567104
8,5,1500.0,3+ Cars,Non-incapacitating,FAILURE TO YIELD RIGHT OF WAY,39.117648,-86.567104
11,3,600.0,2-Car,No injury/unknown,LEFT OF CENTER,39.117648,-86.567104
12,7,2300.0,1-Car,No injury/unknown,RAN OFF ROAD RIGHT,39.11724579,-86.51012018
8,2,1000.0,1-Car,Non-incapacitating,RAN OFF ROAD RIGHT,39.11665629,-86.54097
7,2,2200.0,1-Car,No injury/unknown,ANIMAL/OBJECT IN ROADWAY,39.1164671,-86.62404041
2,6,2100.0,1-Car,No injury/unknown,ANIMAL/OBJECT IN ROADWAY,39.116464,-86.428672
10,6,1000.0,1-Car,No injury/unknown,IMPROPER TURNING,39.115587,-86.531203
3,1,1200.0,2-Car,No injury/unknown,FAILURE TO YIELD RIGHT OF WAY,39.115552,-86.564592
4,4,1500.0,2-Car,No injury/unknown,FOLLOWING TOO CLOSELY,39.115552,-86.564592
5,5,1800.0,2-Car,Non-incapacitating,FAILURE TO YIELD RIGHT OF WAY,39.115552,-86.564592
9,6,1000.0,2-Car,Non-incapacitating,FAILURE TO YIELD RIGHT OF WAY,39.115552,-86.564592
10,2,1000.0,2-Car,No injury/unknown,FOLLOWING TOO CLOSELY,39.115552,-86.564592
1,2,1200.0,1-Car,No injury/unknown,RAN OFF ROAD RIGHT,39.11541083,-86.42894531
11,7,1800.0,3+ Cars,Non-incapacitating,FAILURE TO YIELD RIGHT OF WAY,39.11531992,-86.56495995
5,1,200.0,1-Car,Non-incapacitating,IMPROPER TURNING,39.11525711,-86.56496377
8,3,1000.0,2-Car,No injury/unknown,UNSAFE BACKING,39.115248,-86.573504
11,6,1200.0,2-Car,No injury/unknown,FAILURE TO YIELD RIGHT OF WAY,39.115248,-86.573504
2,2,1900.0,1-Car,Non-incapacitating,RAN OFF ROAD RIGHT,39.11520506,-86.63959166
4,3,1700.0,1-Car,No injury/unknown,DRIVER ASLEEP OR FATIGUED,39.11510002,-86.62767856
10,7,0.0,1-Car,No injury/unknown,RAN OFF ROAD RIGHT,39.11503745,-86.63081575
11,2,1200.0,2-Car,No injury/unknown,FOLLOWING TOO CLOSELY,39.11502029,-86.62963132
5,2,600.0,1-Car,No injury/unknown,ANIMAL/OBJECT IN ROADWAY,39.11500223,-86.62838501
8,7,1700.0,1-Car,No injury/unknown,FAILURE TO YIELD RIGHT OF WAY,39.11499711,-86.62803251
5,1,200.0,1-Car,No injury/unknown,ANIMAL/OBJECT IN ROADWAY,39.11476466,-86.54815554
9,5,1400.0,2-Car,No injury/unknown,DRIVER DISTRACTED - EXPLAIN IN NARRATIVE,39.11474,-86.55655
11,4,800.0,2-Car,Non-incapacitating,FAILURE TO YIELD RIGHT OF WAY,39.11462992,-86.53982028
1,5,1500.0,2-Car,No injury/unknown,ROADWAY SURFACE CONDITION,39.11459454,-86.56332826
4,6,100.0,2-Car,No injury/unknown,UNSAFE BACKING,39.11441614,-86.52853154
4,7,2100.0,1-Car,No injury/unknown,RAN OFF ROAD RIGHT,39.11383211,-86.4885
12,3,1100.0,1-Car,No injury/unknown,ROADWAY SURFACE CONDITION,39.11363707,-86.56206455
5,2,1100.0,2-Car,No injury/unknown,FAILURE TO YIELD RIGHT OF WAY,39.1133693,-86.6344467
1,5,1300.0,2-Car,No injury/unknown,UNSAFE BACKING,39.11329079,-86.53972066
12,1,1200.0,1-Car,No injury/unknown,DRIVER DISTRACTED - EXPLAIN IN NARRATIVE,39.11324993,-86.63472356
5,2,0.0,1-Car,No injury/unknown,RAN OFF ROAD RIGHT,39.112654,-86.466054
7,2,800.0,2-Car,Non-incapacitating,LEFT OF CENTER,39.11253948,-86.53149
1,7,1100.0,1-Car,Non-incapacitating,RAN OFF ROAD RIGHT,39.112009,-86.431229
10,7,1000.0,1-Car,No injury/unknown,RAN OFF ROAD RIGHT,39.11162963,-86.63734574
8,7,1200.0,1-Car,Non-incapacitating,RAN OFF ROAD RIGHT,39.11105313,-86.63820622
4,4,1600.0,3+ Cars,Non-incapacitating,FOLLOWING TOO CLOSELY,39.111024,-86.638304
5,1,1600.0,2-Car,No injury/unknown,FAILURE TO YIELD RIGHT OF WAY,39.111024,-86.638304
8,3,1700.0,2-Car,No injury/unknown,FOLLOWING TOO CLOSELY,39.111024,-86.638304
8,7,1300.0,3+ Cars,Non-incapacitating,UNSAFE SPEED,39.111024,-86.638304
12,1,1900.0,2-Car,No injury/unknown,FAILURE TO YIELD RIGHT OF WAY,39.111024,-86.638304
9,2,1900.0,2-Car,No injury/unknown,FAILURE TO YIELD RIGHT OF WAY,39.11095525,-86.638414
1,4,1800.0,2-Car,No injury/unknown,FOLLOWING TOO CLOSELY,39.11049731,-86.54706
10,3,1500.0,2-Car,No injury/unknown,UNSAFE BACKING,39.11039,-86.57256649
7,2,1800.0,1-Car,No injury/unknown,STEERING FAILURE,39.1101851,-86.42329198
7,6,1600.0,2-Car,No injury/unknown,FOLLOWING TOO CLOSELY,39.10999279,-86.63995397
9,7,200.0,1-Car,No injury/unknown,ANIMAL/OBJECT IN ROADWAY,39.10958848,-86.53700999
10,3,1000.0,Moped/Motorcycle,Non-incapacitating,FAILURE TO YIELD RIGHT OF WAY,39.10920924,-86.53119028
3,2,700.0,2-Car,No injury/unknown,FOLLOWING TOO CLOSELY,39.10918,-86.53117
4,2,1400.0,2-Car,No injury/unknown,FOLLOWING TOO CLOSELY,39.10917483,-86.53119531
9,7,2200.0,1-Car,No injury/unknown,OTHER (DRIVER) - EXPLAIN IN NARRATIVE,39.10910105,-86.43057773
1,6,200.0,1-Car,No injury/unknown,RAN OFF ROAD RIGHT,39.10891498,-86.54957639
5,6,1700.0,2-Car,No injury/unknown,OTHER (DRIVER) - EXPLAIN IN NARRATIVE,39.10851331,-86.53132114
7,2,1300.0,2-Car,No injury/unknown,UNSAFE BACKING,39.10851331,-86.53132114
12,3,1100.0,1-Car,No injury/unknown,RAN OFF ROAD RIGHT,39.10835423,-86.65087617
11,5,1100.0,1-Car,Non-incapacitating,BRAKE FAILURE OR DEFECTIVE,39.107904,-86.462368
1,7,200.0,1-Car,No injury/unknown,RAN OFF ROAD RIGHT,39.10771,-86.46233
1,3,400.0,1-Car,No injury/unknown,ANIMAL/OBJECT IN ROADWAY,39.107648,-86.643696
8,4,1700.0,2-Car,No injury/unknown,FAILURE TO YIELD RIGHT OF WAY,39.107648,-86.643696
1,5,1300.0,1-Car,No injury/unknown,SPEED TOO FAST FOR WEATHER CONDITIONS,39.10762745,-86.61031436
11,2,1500.0,2-Car,No injury/unknown,FAILURE TO YIELD RIGHT OF WAY,39.10761866,-86.52640101
1,3,800.0,1-Car,Non-incapacitating,RAN OFF ROAD RIGHT,39.10761072,-86.64322799
11,1,600.0,2-Car,Incapacitating,LEFT OF CENTER,39.10756539,-86.6437769
1,1,1400.0,1-Car,No injury/unknown,RAN OFF ROAD RIGHT,39.107552,-86.549792
11,7,400.0,1-Car,No injury/unknown,ANIMAL/OBJECT IN ROADWAY,39.10743375,-86.55367188
1,1,0.0,1-Car,No injury/unknown,RAN OFF ROAD RIGHT,39.107424,-86.538896
3,3,1800.0,1-Car,No injury/unknown,RAN OFF ROAD RIGHT,39.107423,-86.573993
1,3,1100.0,2-Car,Non-incapacitating,LEFT OF CENTER,39.107344,-86.5264
6,6,900.0,2-Car,No injury/unknown,FAILURE TO YIELD RIGHT OF WAY,39.107344,-86.5264
10,4,1300.0,2-Car,Non-incapacitating,FAILURE TO YIELD RIGHT OF WAY,39.107344,-86.5264
6,6,1300.0,2-Car,No injury/unknown,OTHER (DRIVER) - EXPLAIN IN NARRATIVE,39.10725988,-86.53149001
6,2,1800.0,2-Car,Non-incapacitating,DRIVER DISTRACTED - EXPLAIN IN NARRATIVE,39.107248,-86.531392
8,7,1400.0,2-Car,Non-incapacitating,FOLLOWING TOO CLOSELY,39.10716,-86.52651
8,3,1700.0,3+ Cars,No injury/unknown,FOLLOWING TOO CLOSELY,39.10716,-86.52651
11,3,500.0,1-Car,No injury/unknown,RAN OFF ROAD RIGHT,39.10716,-86.5264927
3,3,1800.0,2-Car,Non-incapacitating,UNSAFE SPEED,39.10704,-86.523488
3,2,1600.0,2-Car,No injury/unknown,UNSAFE BACKING,39.106787,-86.53159
9,5,1500.0,2-Car,Fatal,LEFT OF CENTER,39.10657706,-86.52310847
11,2,900.0,2-Car,No injury/unknown,FOLLOWING TOO CLOSELY,39.10568006,-86.5224798
12,6,1500.0,Bus,No injury/unknown,UNSAFE SPEED,39.10568006,-86.5224798
11,4,600.0,1-Car,No injury/unknown,RAN OFF ROAD RIGHT,39.10567763,-86.57604455
9,7,1700.0,1-Car,No injury/unknown,SPEED TOO FAST FOR WEATHER CONDITIONS,39.105654,-86.576242
8,6,1100.0,2-Car,Non-incapacitating,DISREGARD SIGNAL/REG SIGN,39.10555824,-86.55147414
9,6,1700.0,2-Car,No injury/unknown,OTHER (DRIVER) - EXPLAIN IN NARRATIVE,39.10555824,-86.55147414
4,6,1900.0,2-Car,Non-incapacitating,FAILURE TO YIELD RIGHT OF WAY,39.105552,-86.551104
5,5,1100.0,2-Car,Incapacitating,FAILURE TO YIELD RIGHT OF WAY,39.105552,-86.551104
9,7,1300.0,2-Car,Non-incapacitating,FAILURE TO YIELD RIGHT OF WAY,39.105552,-86.551104
9,2,1100.0,2-Car,No injury/unknown,DISREGARD SIGNAL/REG SIGN,39.105552,-86.551104
11,4,1800.0,2-Car,No injury/unknown,FAILURE TO YIELD RIGHT OF WAY,39.105552,-86.551104
4,1,800.0,1-Car,Incapacitating,RAN OFF ROAD RIGHT,39.105461,-86.638358
9,3,1800.0,1-Car,Non-incapacitating,UNSAFE SPEED,39.104944,-86.61032
5,1,1300.0,1-Car,No injury/unknown,SPEED TOO FAST FOR WEATHER CONDITIONS,39.10490807,-86.42329198
1,3,600.0,1-Car,No injury/unknown,ROADWAY SURFACE CONDITION,39.10441906,-86.55010785
6,6,2000.0,1-Car,No injury/unknown,OVERCORRECTING/OVERSTEERING,39.10368,-86.461792
4,5,400.0,1-Car,No injury/unknown,SPEED TOO FAST FOR WEATHER CONDITIONS,39.102736,-86.63832
4,2,1100.0,1-Car,Non-incapacitating,OVERCORRECTING/OVERSTEERING,39.102704,-86.461792
12,7,1400.0,1-Car,Incapacitating,RAN OFF ROAD RIGHT,39.102704,-86.461792
10,1,1800.0,1-Car,No injury/unknown,ANIMAL/OBJECT IN ROADWAY,39.1025275,-86.55361882
11,5,0.0,1-Car,No injury/unknown,ANIMAL/OBJECT IN ROADWAY,39.1025275,-86.55361882
1,3,2300.0,1-Car,No injury/unknown,RAN OFF ROAD RIGHT,39.10200236,-86.48143176
11,4,1300.0,2-Car,No injury/unknown,UNSAFE SPEED,39.10163,-86.57703329
10,7,1400.0,Moped/Motorcycle,Non-incapacitating,UNSAFE SPEED,39.10162665,-86.43136527
8,1,100.0,1-Car,No injury/unknown,LEFT OF CENTER,39.10112513,-86.54182
6,5,1700.0,2-Car,Non-incapacitating,FOLLOWING TOO CLOSELY,39.10096164,-86.51864405
9,7,2300.0,1-Car,No injury/unknown,OVERCORRECTING/OVERSTEERING,39.10025,-86.55794048
1,1,1900.0,1-Car,No injury/unknown,ANIMAL/OBJECT IN ROADWAY,39.10005311,-86.65130419
2,7,600.0,1-Car,No injury/unknown,RAN OFF ROAD RIGHT,39.10005311,-86.65130419
12,2,2300.0,1-Car,Non-incapacitating,RAN OFF ROAD RIGHT,39.1000263,-86.65114617
7,7,400.0,1-Car,Non-incapacitating,RAN OFF ROAD RIGHT,39.09991,-86.5178673
8,7,2300.0,1-Car,No injury/unknown,RAN OFF ROAD RIGHT,39.09991,-86.51785
9,1,1100.0,1-Car,No injury/unknown,RAN OFF ROAD RIGHT,39.09991,-86.51785
6,7,2200.0,1-Car,No injury/unknown,DRIVER DISTRACTED - EXPLAIN IN NARRATIVE,39.099843,-86.51557
9,1,1200.0,2-Car,No injury/unknown,FAILURE TO YIELD RIGHT OF WAY,39.09984,-86.5176
10,1,200.0,2-Car,Non-incapacitating,FOLLOWING TOO CLOSELY,39.09982347,-86.53143
2,4,700.0,3+ Cars,No injury/unknown,FOLLOWING TOO CLOSELY,39.09981303,-86.53145486
12,2,900.0,2-Car,No injury/unknown,IMPROPER TURNING,39.099792,-86.498448
7,5,1900.0,2-Car,No injury/unknown,LEFT OF CENTER,39.09974031,-86.49382395
1,7,2300.0,1-Car,No injury/unknown,RAN OFF ROAD RIGHT,39.099734,-86.503533
1,4,900.0,3+ Cars,No injury/unknown,OTHER (DRIVER) - EXPLAIN IN NARRATIVE,39.099408,-86.537904
6,1,1700.0,2-Car,No injury/unknown,FOLLOWING TOO CLOSELY,39.09937058,-86.65178655
4,4,1100.0,1-Car,Incapacitating,RAN OFF ROAD RIGHT,39.099152,-86.652
1,1,300.0,2-Car,No injury/unknown,UNSAFE LANE MOVEMENT,39.0972,-86.51707596
10,3,1900.0,2-Car,No injury/unknown,FAILURE TO YIELD RIGHT OF WAY,39.096656,-86.516832
1,5,800.0,1-Car,No injury/unknown,SPEED TOO FAST FOR WEATHER CONDITIONS,39.09571236,-86.54595204
6,2,800.0,1-Car,No injury/unknown,OVERCORRECTING/OVERSTEERING,39.09571236,-86.54595204
8,4,2000.0,1-Car,Non-incapacitating,RAN OFF ROAD RIGHT,39.09383131,-86.49441719
9,7,2000.0,1-Car,No injury/unknown,ANIMAL/OBJECT IN ROADWAY,39.09379691,-86.54573921
9,7,1400.0,2-Car,No injury/unknown,IMPROPER TURNING,39.093744,-86.638304
8,1,2100.0,2-Car,No injury/unknown,FAILURE TO YIELD RIGHT OF WAY,39.09373144,-86.63477942
5,4,2000.0,1-Car,Non-incapacitating,DRIVER ILLNESS,39.09356485,-86.60084724
3,2,1100.0,2-Car,No injury/unknown,UNSAFE BACKING,39.093344,-86.5868
1,3,1900.0,2-Car,Non-incapacitating,BRAKE FAILURE OR DEFECTIVE,39.092976,-86.545648
3,6,1400.0,2-Car,No injury/unknown,FAILURE TO YIELD RIGHT OF WAY,39.092976,-86.545648
3,5,1200.0,2-Car,Incapacitating,FAILURE TO YIELD RIGHT OF WAY,39.092976,-86.545648
5,6,900.0,2-Car,No injury/unknown,FAILURE TO YIELD RIGHT OF WAY,39.092976,-86.545648
10,2,1700.0,2-Car,Non-incapacitating,FOLLOWING TOO CLOSELY,39.092976,-86.545648
7,1,1700.0,2-Car,No injury/unknown,FAILURE TO YIELD RIGHT OF WAY,39.092944,-86.544
8,6,1900.0,2-Car,No injury/unknown,UNSAFE SPEED,39.092944,-86.544
10,1,1600.0,2-Car,No injury/unknown,UNSAFE SPEED,39.092944,-86.544
10,5,1900.0,1-Car,No injury/unknown,RAN OFF ROAD RIGHT,39.0929195,-86.42304235
7,1,1700.0,2-Car,Non-incapacitating,DISREGARD SIGNAL/REG SIGN,39.09264,-86.51672
9,5,1900.0,2-Car,No injury/unknown,ROADWAY SURFACE CONDITION,39.09261,-86.51656319
10,6,1700.0,Moped/Motorcycle,No injury/unknown,FAILURE TO YIELD RIGHT OF WAY,39.09261,-86.51702
1,5,700.0,1-Car,No injury/unknown,SPEED TOO FAST FOR WEATHER CONDITIONS,39.09260982,-86.57509977
11,1,1400.0,1-Car,No injury/unknown,DRIVER DISTRACTED - EXPLAIN IN NARRATIVE,39.09247756,-86.42310529
9,2,2000.0,1-Car,No injury/unknown,ANIMAL/OBJECT IN ROADWAY,39.092112,-86.422832
3,4,1400.0,2-Car,No injury/unknown,DRIVER DISTRACTED - EXPLAIN IN NARRATIVE,39.09126997,-86.51659862
1,5,500.0,1-Car,No injury/unknown,ROADWAY SURFACE CONDITION,39.09076622,-86.58801583
4,6,1600.0,2-Car,No injury/unknown,UNSAFE LANE MOVEMENT,39.08949755,-86.66685515
5,1,1900.0,1-Car,No injury/unknown,SPEED TOO FAST FOR WEATHER CONDITIONS,39.08945721,-86.42305431
8,6,1600.0,2-Car,No injury/unknown,ROADWAY SURFACE CONDITION,39.08945721,-86.42305431
12,6,1900.0,2-Car,Non-incapacitating,LEFT OF CENTER,39.08924071,-86.66726851
8,5,1700.0,2-Car,No injury/unknown,UNSAFE BACKING,39.0888618,-86.54300612
9,1,2200.0,2-Car,Non-incapacitating,LEFT OF CENTER,39.08864142,-86.66823301
10,4,2000.0,2-Car,No injury/unknown,ROADWAY SURFACE CONDITION,39.0882209,-86.657296
11,5,1100.0,1-Car,No injury/unknown,SPEED TOO FAST FOR WEATHER CONDITIONS,39.08780679,-86.66957619
5,1,2000.0,1-Car,No injury/unknown,SPEED TOO FAST FOR WEATHER CONDITIONS,39.08778951,-86.42243138
5,1,200.0,3+ Cars,Non-incapacitating,RAN OFF ROAD RIGHT,39.086848,-86.671296
7,2,500.0,1-Car,Fatal,RAN OFF ROAD RIGHT,39.086848,-86.671296
9,1,2100.0,1-Car,No injury/unknown,RAN OFF ROAD RIGHT,39.08684694,-86.6714036
5,1,2100.0,1-Car,No injury/unknown,OVERCORRECTING/OVERSTEERING,39.08684429,-86.67145559
9,7,1300.0,2-Car,No injury/unknown,FOLLOWING TOO CLOSELY,39.086832,-86.671984
11,6,1800.0,1-Car,No injury/unknown,ANIMAL/OBJECT IN ROADWAY,39.08681358,-86.67409844
12,3,1300.0,1-Car,No injury/unknown,RAN OFF ROAD RIGHT,39.08681273,-86.67102053
7,7,100.0,1-Car,Non-incapacitating,RAN OFF ROAD RIGHT,39.08678588,-86.6772701
6,7,1100.0,Moped/Motorcycle,No injury/unknown,FOLLOWING TOO CLOSELY,39.08675815,-86.67201332
8,4,1600.0,3+ Cars,No injury/unknown,OTHER (DRIVER) - EXPLAIN IN NARRATIVE,39.08675815,-86.67201332
1,5,1600.0,2-Car,Non-incapacitating,LEFT OF CENTER,39.08666936,-86.68232875
10,1,500.0,1-Car,No injury/unknown,RAN OFF ROAD RIGHT,39.08666936,-86.68232658
6,7,1100.0,Moped/Motorcycle,Non-incapacitating,ENGINE FAILURE OR DEFECTIVE,39.08636,-86.51703
6,7,1500.0,2-Car,No injury/unknown,FOLLOWING TOO CLOSELY,39.08624,-86.542
5,7,600.0,1-Car,No injury/unknown,ANIMAL/OBJECT IN ROADWAY,39.08618689,-86.66640361
4,3,1700.0,2-Car,No injury/unknown,SPEED TOO FAST FOR WEATHER CONDITIONS,39.085632,-86.542304
4,5,1700.0,2-Car,No injury/unknown,SPEED TOO FAST FOR WEATHER CONDITIONS,39.085632,-86.542304
12,6,0.0,1-Car,No injury/unknown,RAN OFF ROAD RIGHT,39.085632,-86.542304
1,4,1700.0,3+ Cars,No injury/unknown,FOLLOWING TOO CLOSELY,39.08535794,-86.54206908
3,7,2100.0,2-Car,No injury/unknown,FAILURE TO YIELD RIGHT OF WAY,39.08528624,-86.54271101
8,6,1100.0,1-Car,Non-incapacitating,TIRE FAILURE OR DEFECTIVE,39.08517523,-86.54191247
8,1,1800.0,1-Car,No injury/unknown,RAN OFF ROAD RIGHT,39.08314,-86.582651
6,6,100.0,1-Car,No injury/unknown,OTHER (DRIVER) - EXPLAIN IN NARRATIVE,39.08312,-86.473089
5,5,2200.0,1-Car,No injury/unknown,RAN OFF ROAD RIGHT,39.083024,-86.472912
9,3,1400.0,1-Car,Non-incapacitating,RAN OFF ROAD RIGHT,39.082199,-86.51582056
1,1,300.0,1-Car,No injury/unknown,RAN OFF ROAD RIGHT,39.08035,-86.51451865
3,6,200.0,1-Car,No injury/unknown,UNSAFE SPEED,39.07916578,-86.47715
4,2,1500.0,1-Car,Non-incapacitating,OTHER (DRIVER) - EXPLAIN IN NARRATIVE,39.078944,-86.596304
12,5,2200.0,1-Car,No injury/unknown,ANIMAL/OBJECT IN ROADWAY,39.0788322,-86.48962005
1,1,200.0,2-Car,No injury/unknown,FOLLOWING TOO CLOSELY,39.078128,-86.41736
9,6,1200.0,3+ Cars,No injury/unknown,UNSAFE LANE MOVEMENT,39.07658496,-86.51263769
11,5,300.0,1-Car,No injury/unknown,UNSAFE SPEED,39.07576879,-86.51577025
8,7,1700.0,2-Car,No injury/unknown,DRIVER DISTRACTED - EXPLAIN IN NARRATIVE,39.07559,-86.62764
3,3,1800.0,1-Car,No injury/unknown,RAN OFF ROAD RIGHT,39.07515592,-86.50674155
3,4,1200.0,2-Car,No injury/unknown,OTHER (DRIVER) - EXPLAIN IN NARRATIVE,39.075,-86.484631
5,4,800.0,2-Car,No injury/unknown,FAILURE TO YIELD RIGHT OF WAY,39.07378,-86.57107
9,4,1900.0,1-Car,No injury/unknown,OTHER (DRIVER) - EXPLAIN IN NARRATIVE,39.071952,-86.600704
9,4,1600.0,2-Car,No injury/unknown,FOLLOWING TOO CLOSELY,39.07159876,-86.5609886
4,4,700.0,2-Car,No injury/unknown,LEFT OF CENTER,39.0712,-86.498544
4,1,2200.0,1-Car,No injury/unknown,ANIMAL/OBJECT IN ROADWAY,39.071152,-86.503088
8,7,1600.0,2-Car,No injury/unknown,FAILURE TO YIELD RIGHT OF WAY,39.071152,-86.503088
8,4,1700.0,2-Car,No injury/unknown,FOLLOWING TOO CLOSELY,39.071152,-86.503088
2,5,1200.0,2-Car,Non-incapacitating,FAILURE TO YIELD RIGHT OF WAY,39.071056,-86.5356
12,4,1800.0,2-Car,No injury/unknown,FAILURE TO YIELD RIGHT OF WAY,39.071056,-86.5356
8,3,1500.0,1-Car,No injury/unknown,TOW HITCH FAILURE,39.07009474,-86.53561229
10,7,2000.0,1-Car,No injury/unknown,RAN OFF ROAD RIGHT,39.06930102,-86.6007325
10,7,200.0,1-Car,No injury/unknown,ANIMAL/OBJECT IN ROADWAY,39.068496,-86.50312
4,4,1800.0,2-Car,No injury/unknown,UNSAFE BACKING,39.067632,-86.507632
9,7,1800.0,1-Car,No injury/unknown,RAN OFF ROAD RIGHT,39.06580013,-86.53977
1,3,1800.0,2-Car,No injury/unknown,OTHER (VEHICLE) - EXPLAIN IN NARRATIVE,39.064288,-86.541328
5,2,1600.0,2-Car,No injury/unknown,UNSAFE BACKING,39.064288,-86.541328
6,2,2000.0,1-Car,No injury/unknown,UNSAFE BACKING,39.064288,-86.541328
12,6,1800.0,2-Car,No injury/unknown,UNSAFE BACKING,39.064288,-86.541328
8,5,100.0,1-Car,No injury/unknown,OTHER (DRIVER) - EXPLAIN IN NARRATIVE,39.06392824,-86.41456115
10,7,1800.0,2-Car,No injury/unknown,IMPROPER TURNING,39.06316528,-86.49611
6,7,2000.0,1-Car,No injury/unknown,UNSAFE SPEED,39.061184,-86.414416
3,5,1300.0,1-Car,No injury/unknown,CELL PHONE USAGE,39.06045993,-86.50310274
11,3,1500.0,2-Car,No injury/unknown,UNSAFE BACKING,39.06038916,-86.52689673
1,6,500.0,1-Car,No injury/unknown,RAN OFF ROAD RIGHT,39.05847661,-86.4763
9,7,1600.0,Moped/Motorcycle,Fatal,LEFT OF CENTER,39.05728114,-86.4096688
6,7,2100.0,1-Car,Non-incapacitating,RAN OFF ROAD RIGHT,39.056848,-86.507776
2,4,900.0,1-Car,No injury/unknown,ACCELERATOR FAILURE OR DEFECTIVE,39.056544,-86.541088
12,2,1600.0,2-Car,No injury/unknown,UNSAFE BACKING,39.056544,-86.541088
3,4,200.0,1-Car,No injury/unknown,SPEED TOO FAST FOR WEATHER CONDITIONS,39.054608,-86.498432
1,2,500.0,1-Car,No injury/unknown,RAN OFF ROAD RIGHT,39.05056467,-86.4093708
10,2,1300.0,1-Car,Non-incapacitating,ACCELERATOR FAILURE OR DEFECTIVE,39.049379,-86.53089
8,1,1000.0,1-Car,No injury/unknown,UNSAFE SPEED,39.04934,-86.51104433