Month,Day,Hour,Collision Type,Injury Type,Primary Factor,Latitude,Longitude
12,3,800.0,2-Car,Non-incapacitating,UNSAFE LANE MOVEMENT,39.04847734,-86.51983983
10,1,1900.0,1-Car,No injury/unknown,ANIMAL/OBJECT IN ROADWAY,39.04670943,-86.53586743
1,3,600.0,2-Car,No injury/unknown,LEFT OF CENTER,39.0451038,-86.40832057
10,3,1900.0,1-Car,No injury/unknown,ANIMAL/OBJECT IN ROADWAY,39.04396287,-86.53584423
3,6,1700.0,1-Car,No injury/unknown,OTHER (DRIVER) - EXPLAIN IN NARRATIVE,39.039836,-86.49203
3,4,1300.0,1-Car,Non-incapacitating,ANIMAL/OBJECT IN ROADWAY,39.03531959,-86.5145874
6,3,2000.0,2-Car,Non-incapacitating,DISREGARD SIGNAL/REG SIGN,39.034112,-86.408208
1,5,1600.0,2-Car,No injury/unknown,FAILURE TO YIELD RIGHT OF WAY,39.032811,-86.512266
4,6,2200.0,Bus,No injury/unknown,IMPROPER TURNING,39.03245814,-86.49018686
7,7,1800.0,1-Car,No injury/unknown,NONE (DRIVER),39.03126907,-86.42193603
6,3,0.0,1-Car,Non-incapacitating,ANIMAL/OBJECT IN ROADWAY,39.03069,-86.66118665
3,5,1800.0,2-Car,Non-incapacitating,LEFT OF CENTER,39.03010902,-86.40775852
7,4,1500.0,2-Car,Non-incapacitating,SPEED TOO FAST FOR WEATHER CONDITIONS,39.02880379,-86.40804595
11,2,800.0,1-Car,Non-incapacitating,SPEED TOO FAST FOR WEATHER CONDITIONS,39.02793878,-86.40749234
5,1,1300.0,Moped/Motorcycle,Non-incapacitating,OVERCORRECTING/OVERSTEERING,39.02746225,-86.64284
6,5,1600.0,3+ Cars,No injury/unknown,LEFT OF CENTER,39.02677,-86.66894867
1,1,0.0,1-Car,Non-incapacitating,RAN OFF ROAD RIGHT,39.02553894,-86.53437818
1,5,1000.0,1-Car,No injury/unknown,SPEED TOO FAST FOR WEATHER CONDITIONS,39.02500117,-86.5364409
9,7,2000.0,2-Car,No injury/unknown,UNSAFE BACKING,39.024599,-86.508382
11,4,1900.0,1-Car,No injury/unknown,DRIVER ILLNESS,39.02012967,-86.53660967
8,2,1600.0,3+ Cars,Non-incapacitating,DRIVER DISTRACTED - EXPLAIN IN NARRATIVE,39.02008393,-86.5363133
6,6,600.0,1-Car,No injury/unknown,ANIMAL/OBJECT IN ROADWAY,39.020048,-86.536096
4,7,2000.0,1-Car,No injury/unknown,ANIMAL/OBJECT IN ROADWAY,39.01962151,-86.64821011
10,5,2100.0,1-Car,No injury/unknown,ANIMAL/OBJECT IN ROADWAY,39.01951172,-86.5362479
7,2,1400.0,2-Car,No injury/unknown,FAILURE TO YIELD RIGHT OF WAY,39.01919277,-86.6008801
10,3,1100.0,2-Car,No injury/unknown,IMPROPER TURNING,39.018656,-86.522896
1,5,400.0,1-Car,No injury/unknown,RAN OFF ROAD RIGHT,39.0186502,-86.40272217
9,4,800.0,1-Car,No injury/unknown,ANIMAL/OBJECT IN ROADWAY,39.01733966,-86.53666059
2,3,900.0,2-Car,No injury/unknown,LEFT OF CENTER,39.015088,-86.401232
5,4,1400.0,2-Car,Non-incapacitating,FAILURE TO YIELD RIGHT OF WAY,39.014048,-86.544896
6,6,1700.0,2-Car,No injury/unknown,UNSAFE LANE MOVEMENT,39.01361,-86.54497731
3,2,1800.0,2-Car,Non-incapacitating,UNSAFE BACKING,39.01205,-86.54486691
3,6,1100.0,2-Car,No injury/unknown,LEFT OF CENTER,39.01175,-86.56183672
8,7,1600.0,2-Car,No injury/unknown,LEFT OF CENTER,39.011744,-86.553888
8,6,1900.0,1-Car,Non-incapacitating,RAN OFF ROAD RIGHT,39.01098071,-86.52176228
9,1,1000.0,2-Car,No injury/unknown,SPEED TOO FAST FOR WEATHER CONDITIONS,39.01065123,-86.401183
9,1,1100.0,1-Car,Non-incapacitating,ENGINE FAILURE OR DEFECTIVE,39.01058429,-86.42825685
7,1,1000.0,1-Car,No injury/unknown,VIEW OBSTRUCTED,39.009952,-86.428256
5,4,1800.0,2-Car,No injury/unknown,LEFT OF CENTER,39.00992,-86.544672
4,7,100.0,1-Car,No injury/unknown,ROADWAY SURFACE CONDITION,39.0016704,-86.53149
10,3,1700.0,2-Car,No injury/unknown,LEFT OF CENTER,38.99758147,-86.57509
12,4,700.0,1-Car,No injury/unknown,ANIMAL/OBJECT IN ROADWAY,38.99596825,-86.53729524
6,6,2300.0,2-Car,No injury/unknown,FOLLOWING TOO CLOSELY,38.992016,-86.537248
5,2,900.0,1-Car,No injury/unknown,RAN OFF ROAD RIGHT,38.99070362,-86.56158
9,1,700.0,1-Car,No injury/unknown,RAN OFF ROAD RIGHT,38.98101632,-86.63852
12,4,1700.0,1-Car,No injury/unknown,RAN OFF ROAD RIGHT,38.97384594,-86.51332005
11,5,1200.0,2-Car,Non-incapacitating,LEFT OF CENTER,38.95378259,-86.43136527
9,3,1000.0,2-Car,No injury/unknown,IMPROPER PASSING,38.95310957,-86.57913641
10,3,1100.0,2-Car,No injury/unknown,DRIVER DISTRACTED - EXPLAIN IN NARRATIVE,38.95310957,-86.57913641
1,1,1800.0,1-Car,No injury/unknown,ANIMAL/OBJECT IN ROADWAY,38.94006514,-86.51688
8,7,1700.0,2-Car,No injury/unknown,OTHER (DRIVER) - EXPLAIN IN NARRATIVE,38.92394483,-86.489529
1,6,800.0,1-Car,No injury/unknown,ROADWAY SURFACE CONDITION,38.91016433,-86.53135
1,5,1500.0,1-Car,No injury/unknown,SPEED TOO FAST FOR WEATHER CONDITIONS,38.84159573,-86.55147414
6,7,0.0,1-Car,No injury/unknown,OTHER (DRIVER) - EXPLAIN IN NARRATIVE,38.79742458,-86.59514
3,6,1500.0,1-Car,No injury/unknown,OTHER (DRIVER) - EXPLAIN IN NARRATIVE,38.77382061,-86.66333215
1,4,400.0,1-Car,No injury/unknown,ROADWAY SURFACE CONDITION,38.68772152,-86.54777901
1,7,2000.0,1-Car,No injury/unknown,ANIMAL/OBJECT IN ROADWAY,39.70666003,-86.55548
7,4,1600.0,2-Car,No injury/unknown,FOLLOWING TOO CLOSELY,39.53339372,-86.48081
1,6,500.0,1-Car,No injury/unknown,ANIMAL/OBJECT IN ROADWAY,39.42722686,-86.48081
12,1,1400.0,2-Car,No injury/unknown,ROADWAY SURFACE CONDITION,39.37191793,-86.50192
12,2,900.0,1-Car,Non-incapacitating,SPEED TOO FAST FOR WEATHER CONDITIONS,39.36591888,-86.53484
1,6,2300.0,1-Car,No injury/unknown,ANIMAL/OBJECT IN ROADWAY,39.35086304,-86.51840237
12,3,1100.0,1-Car,Non-incapacitating,SPEED TOO FAST FOR WEATHER CONDITIONS,39.33668731,-86.53621674
5,4,1500.0,2-Car,Non-incapacitating,LEFT OF CENTER,39.33448,-86.614368
10,6,0.0,1-Car,No injury/unknown,ANIMAL/OBJECT IN ROADWAY,39.334368,-86.5124
12,6,1100.0,1-Car,No injury/unknown,OTHER (VEHICLE) - EXPLAIN IN NARRATIVE,39.334368,-86.5124
10,6,1800.0,Moped/Motorcycle,Non-incapacitating,RAN OFF ROAD RIGHT,39.33024773,-86.67243004
4,4,1900.0,1-Car,Non-incapacitating,OTHER (ENVIRONMENTAL) - EXPLAIN IN NARR,39.32235817,-86.63043113
5,3,200.0,1-Car,No injury/unknown,RAN OFF ROAD RIGHT,39.32227983,-86.6382
5,1,0.0,1-Car,Non-incapacitating,RAN OFF ROAD RIGHT,39.319424,-86.59912
12,5,600.0,2-Car,No injury/unknown,SPEED TOO FAST FOR WEATHER CONDITIONS,39.31749561,-86.51067266
8,1,400.0,1-Car,No injury/unknown,RAN OFF ROAD RIGHT,39.31695399,-86.51079025
4,1,100.0,1-Car,No injury/unknown,UNSAFE SPEED,39.3150766,-86.51132348
5,1,600.0,1-Car,Incapacitating,DRIVER ASLEEP OR FATIGUED,39.314272,-86.511552
6,6,1200.0,2-Car,Non-incapacitating,FAILURE TO YIELD RIGHT OF WAY,39.314272,-86.511552
9,1,1400.0,1-Car,Non-incapacitating,LEFT OF CENTER,39.31404656,-86.43553734
11,7,2200.0,1-Car,No injury/unknown,RAN OFF ROAD RIGHT,39.308592,-86.602176
1,6,1800.0,1-Car,No injury/unknown,ANIMAL/OBJECT IN ROADWAY,39.308064,-86.482752
12,1,1400.0,1-Car,No injury/unknown,SPEED TOO FAST FOR WEATHER CONDITIONS,39.30565079,-86.51636386
5,4,1300.0,1-Car,Non-incapacitating,DRIVER DISTRACTED - EXPLAIN IN NARRATIVE,39.3048949,-86.42414576
6,1,2000.0,1-Car,Non-incapacitating,OVERCORRECTING/OVERSTEERING,39.30432,-86.5168
10,7,800.0,Moped/Motorcycle,Non-incapacitating,ANIMAL/OBJECT IN ROADWAY,39.30295589,-86.48870945
5,4,1400.0,2-Car,No injury/unknown,FAILURE TO YIELD RIGHT OF WAY,39.30223,-86.53498731
5,6,1900.0,2-Car,No injury/unknown,FAILURE TO YIELD RIGHT OF WAY,39.29781099,-86.51840237
9,7,2100.0,1-Car,No injury/unknown,ANIMAL/OBJECT IN ROADWAY,39.29781099,-86.51840237
10,6,800.0,1-Car,No injury/unknown,ANIMAL/OBJECT IN ROADWAY,39.29781099,-86.51840237
1,7,1500.0,1-Car,Non-incapacitating,UNSAFE SPEED,39.29618595,-86.66746293
7,7,2300.0,1-Car,No injury/unknown,RAN OFF ROAD RIGHT,39.29600979,-86.64245352
3,3,1900.0,1-Car,No injury/unknown,UNSAFE SPEED,39.29554626,-86.66591426
12,7,900.0,1-Car,Non-incapacitating,SPEED TOO FAST FOR WEATHER CONDITIONS,39.29325842,-86.43562317
6,4,1700.0,1-Car,Non-incapacitating,RAN OFF ROAD RIGHT,39.29060135,-86.57501221
10,6,600.0,1-Car,No injury/unknown,ANIMAL/OBJECT IN ROADWAY,39.28909855,-86.51842001
9,4,2000.0,1-Car,No injury/unknown,ANIMAL/OBJECT IN ROADWAY,39.28447513,-86.62183875
1,4,800.0,2-Car,Non-incapacitating,ROADWAY SURFACE CONDITION,39.28344,-86.624192
3,7,1900.0,1-Car,No injury/unknown,ANIMAL/OBJECT IN ROADWAY,39.283378,-86.53635211
4,5,1600.0,1-Car,No injury/unknown,RAN OFF ROAD RIGHT,39.2823816,-86.41254985
5,3,500.0,1-Car,No injury/unknown,GLARE,39.281744,-86.6848
1,6,400.0,1-Car,No injury/unknown,ALCOHOLIC BEVERAGES,39.281388,-86.59397
1,7,600.0,2-Car,No injury/unknown,FOLLOWING TOO CLOSELY,39.27986175,-86.53135
3,5,1900.0,2-Car,Non-incapacitating,FAILURE TO YIELD RIGHT OF WAY,39.27917821,-86.51544
5,6,2300.0,1-Car,Non-incapacitating,RAN OFF ROAD RIGHT,39.278832,-86.623456
10,4,200.0,1-Car,No injury/unknown,ANIMAL/OBJECT IN ROADWAY,39.27721187,-86.52304892
1,3,1300.0,2-Car,No injury/unknown,ROADWAY SURFACE CONDITION,39.27625122,-86.66291973
12,7,1000.0,1-Car,No injury/unknown,ROADWAY SURFACE CONDITION,39.27451974,-86.50128
8,1,500.0,1-Car,No injury/unknown,RAN OFF ROAD RIGHT,39.2739473,-86.49839
11,5,1100.0,1-Car,No injury/unknown,SPEED TOO FAST FOR WEATHER CONDITIONS,39.273888,-86.621456
12,6,1400.0,1-Car,No injury/unknown,RAN OFF ROAD RIGHT,39.27321602,-86.53111593
9,3,2100.0,1-Car,No injury/unknown,UNSAFE SPEED,39.27318342,-86.62090642
1,5,1200.0,2-Car,Non-incapacitating,LEFT OF CENTER,39.27306702,-86.67240776
5,2,400.0,1-Car,No injury/unknown,ANIMAL/OBJECT IN ROADWAY,39.27246255,-86.54488198
1,2,2100.0,1-Car,No injury/unknown,ROADWAY SURFACE CONDITION,39.2715891,-86.55639781
9,2,2000.0,1-Car,No injury/unknown,RAN OFF ROAD RIGHT,39.27075954,-86.68455123
5,4,1600.0,1-Car,Non-incapacitating,ANIMAL/OBJECT IN ROADWAY,39.270704,-86.555456
1,5,600.0,1-Car,No injury/unknown,RAN OFF ROAD RIGHT,39.27068534,-86.61103
7,7,2000.0,2-Car,No injury/unknown,OTHER (DRIVER) - EXPLAIN IN NARRATIVE,39.27016818,-86.5732966
5,5,2300.0,1-Car,No injury/unknown,RAN OFF ROAD RIGHT,39.26992873,-86.4590933
12,5,1800.0,1-Car,No injury/unknown,ANIMAL/OBJECT IN ROADWAY,39.26976,-86.5476
7,6,600.0,1-Car,Non-incapacitating,UNSAFE SPEED,39.26958199,-86.63480938
7,7,2300.0,1-Car,No injury/unknown,RAN OFF ROAD RIGHT,39.2690811,-86.54746781
6,2,1800.0,1-Car,No injury/unknown,UNSAFE BACKING,39.26891991,-86.52287428
9,7,1800.0,2-Car,No injury/unknown,FAILURE TO YIELD RIGHT OF WAY,39.266928,-86.501424
7,7,1200.0,2-Car,No injury/unknown,BRAKE FAILURE OR DEFECTIVE,39.266752,-86.6656
10,6,600.0,2-Car,Non-incapacitating,FAILURE TO YIELD RIGHT OF WAY,39.266752,-86.6656
9,6,1800.0,2-Car,No injury/unknown,FAILURE TO YIELD RIGHT OF WAY,39.2667,-86.62076
5,4,1800.0,2-Car,Non-incapacitating,FAILURE TO YIELD RIGHT OF WAY,39.26616,-86.522752
12,5,1500.0,2-Car,Non-incapacitating,FAILURE TO YIELD RIGHT OF WAY,39.26616,-86.522752
10,6,2000.0,1-Car,No injury/unknown,ANIMAL/OBJECT IN ROADWAY,39.266,-86.501696
12,7,900.0,2-Car,Non-incapacitating,LEFT OF CENTER,39.26597207,-86.52307879
12,2,900.0,2-Car,Fatal,FAILURE TO YIELD RIGHT OF WAY,39.26597207,-86.52286248
12,5,800.0,1-Car,No injury/unknown,SPEED TOO FAST FOR WEATHER CONDITIONS,39.26543411,-86.66432726
7,1,1500.0,2-Car,No injury/unknown,FOLLOWING TOO CLOSELY,39.26478727,-86.52270297
12,1,1400.0,1-Car,No injury/unknown,ROADWAY SURFACE CONDITION,39.2647804,-86.51740774
2,7,800.0,1-Car,No injury/unknown,SPEED TOO FAST FOR WEATHER CONDITIONS,39.26341455,-86.52265395
11,3,2000.0,1-Car,No injury/unknown,ANIMAL/OBJECT IN ROADWAY,39.26329855,-86.52264981
2,7,1300.0,1-Car,No injury/unknown,OTHER (DRIVER) - EXPLAIN IN NARRATIVE,39.2630278,-86.62355313
7,6,1400.0,2-Car,Fatal,UNSAFE SPEED,39.263024,-86.52264
8,1,1700.0,2-Car,No injury/unknown,DRIVER DISTRACTED - EXPLAIN IN NARRATIVE,39.263024,-86.52264
6,5,900.0,1-Car,No injury/unknown,RAN OFF ROAD RIGHT,39.26247496,-86.52261804
1,2,2000.0,1-Car,No injury/unknown,SPEED TOO FAST FOR WEATHER CONDITIONS,39.26167132,-86.52280192
6,1,1900.0,2-Car,No injury/unknown,FAILURE TO YIELD RIGHT OF WAY,39.26128885,-86.52247292
6,1,2300.0,1-Car,No injury/unknown,RAN OFF ROAD RIGHT,39.259744,-86.657504
8,4,1200.0,2-Car,No injury/unknown,IMPROPER TURNING,39.25967813,-86.48138
2,7,200.0,1-Car,No injury/unknown,RAN OFF ROAD RIGHT,39.25958926,-86.65762446
7,7,1300.0,2-Car,No injury/unknown,UNSAFE SPEED,39.25958926,-86.65766779
12,7,900.0,1-Car,No injury/unknown,SPEED TOO FAST FOR WEATHER CONDITIONS,39.25917759,-86.52426508
10,7,1600.0,1-Car,No injury/unknown,RAN OFF ROAD RIGHT,39.25862,-86.50125838
3,4,1600.0,1-Car,Non-incapacitating,OVERCORRECTING/OVERSTEERING,39.25837102,-86.54598111
12,3,1500.0,Bus,No injury/unknown,UNSAFE BACKING,39.255568,-86.469632
12,1,1800.0,1-Car,No injury/unknown,SPEED TOO FAST FOR WEATHER CONDITIONS,39.25481066,-86.61876
5,4,1700.0,2-Car,No injury/unknown,FAILURE TO YIELD RIGHT OF WAY,39.254128,-86.592464
12,3,300.0,1-Car,Non-incapacitating,RAN OFF ROAD RIGHT,39.25376595,-86.4698467
1,1,200.0,1-Car,Non-incapacitating,RAN OFF ROAD RIGHT,39.25373018,-86.6545366
12,1,1200.0,1-Car,No injury/unknown,RAN OFF ROAD RIGHT,39.25257622,-86.65396726
4,6,2300.0,1-Car,Non-incapacitating,DRIVER ASLEEP OR FATIGUED,39.25248,-86.659104
11,3,600.0,1-Car,No injury/unknown,ANIMAL/OBJECT IN ROADWAY,39.25237316,-86.65414341
11,1,1900.0,1-Car,No injury/unknown,ANIMAL/OBJECT IN ROADWAY,39.252336,-86.620512
4,6,700.0,Bus,Non-incapacitating,UNSAFE SPEED,39.251904,-86.592816
7,1,0.0,1-Car,No injury/unknown,RAN OFF ROAD RIGHT,39.251904,-86.592816
12,1,1400.0,1-Car,No injury/unknown,SPEED TOO FAST FOR WEATHER CONDITIONS,39.25146839,-86.52918572
2,6,1400.0,1-Car,No injury/unknown,RAN OFF ROAD RIGHT,39.25145108,-86.52922139
10,4,500.0,1-Car,No injury/unknown,ANIMAL/OBJECT IN ROADWAY,39.25141308,-86.652743
11,6,1000.0,2-Car,No injury/unknown,UNSAFE BACKING,39.251296,-86.500832
4,3,900.0,1-Car,No injury/unknown,FOLLOWING TOO CLOSELY,39.25128827,-86.52931524
2,6,1500.0,1-Car,No injury/unknown,OTHER (DRIVER) - EXPLAIN IN NARRATIVE,39.2512,-86.652504
2,7,200.0,1-Car,No injury/unknown,RAN OFF ROAD RIGHT,39.2512,-86.652504
3,1,2000.0,2-Car,No injury/unknown,ALCOHOLIC BEVERAGES,39.2512,-86.652504
6,3,1900.0,2-Car,No injury/unknown,UNSAFE BACKING,39.2512,-86.652504
7,2,1300.0,2-Car,No injury/unknown,UNSAFE BACKING,39.2512,-86.652504
3,6,1700.0,1-Car,Non-incapacitating,DRIVER DISTRACTED - EXPLAIN IN NARRATIVE,39.25113262,-86.47519788
11,1,800.0,2-Car,No injury/unknown,LEFT OF CENTER,39.251056,-86.469904
2,6,1200.0,3+ Cars,Non-incapacitating,OTHER (DRIVER) - EXPLAIN IN NARRATIVE,39.250688,-86.529744
11,2,800.0,2-Car,No injury/unknown,UNSAFE LANE MOVEMENT,39.250688,-86.529744
1,3,2100.0,1-Car,Fatal,RAN OFF ROAD RIGHT,39.25046943,-86.52995711
7,7,1300.0,1-Car,Non-incapacitating,RAN OFF ROAD RIGHT,39.249248,-86.463888
4,4,0.0,1-Car,No injury/unknown,UNSAFE SPEED,39.24884527,-86.42169678
8,2,1400.0,Moped/Motorcycle,Non-incapacitating,LEFT OF CENTER,39.24744,-86.547792
3,1,1300.0,2-Car,No injury/unknown,FAILURE TO YIELD RIGHT OF WAY,39.24585283,-86.51263769
3,7,2000.0,2-Car,No injury/unknown,DISREGARD SIGNAL/REG SIGN,39.245744,-86.636896
11,5,1900.0,1-Car,No injury/unknown,ANIMAL/OBJECT IN ROADWAY,39.245744,-86.636896
2,4,1900.0,1-Car,No injury/unknown,ANIMAL/OBJECT IN ROADWAY,39.24568299,-86.6368312
6,4,1100.0,2-Car,No injury/unknown,FAILURE TO YIELD RIGHT OF WAY,39.24568299,-86.63670124
9,2,800.0,3+ Cars,No injury/unknown,FOLLOWING TOO CLOSELY,39.24568299,-86.63670124
10,3,2200.0,1-Car,No injury/unknown,ANIMAL/OBJECT IN ROADWAY,39.24568299,-86.6367359
6,7,900.0,1-Car,No injury/unknown,RAN OFF ROAD RIGHT,39.245408,-86.6204
7,6,1600.0,2-Car,No injury/unknown,FAILURE TO YIELD RIGHT OF WAY,39.245408,-86.6204
9,1,1200.0,2-Car,No injury/unknown,FAILURE TO YIELD RIGHT OF WAY,39.245408,-86.6204
3,7,1000.0,2-Car,Non-incapacitating,FAILURE TO YIELD RIGHT OF WAY,39.24534085,-86.62052393
1,5,700.0,1-Car,No injury/unknown,RAN OFF ROAD RIGHT,39.244752,-86.5928
4,6,900.0,2-Car,No injury/unknown,LEFT OF CENTER,39.244752,-86.5928
11,6,2200.0,1-Car,No injury/unknown,RAN OFF ROAD RIGHT,39.24445316,-86.40435415
1,1,1500.0,1-Car,No injury/unknown,RAN OFF ROAD RIGHT,39.24187658,-86.43555289
2,3,800.0,2-Car,No injury/unknown,OVERCORRECTING/OVERSTEERING,39.24095991,-86.63196609
2,5,1400.0,2-Car,No injury/unknown,FOLLOWING TOO CLOSELY,39.24084504,-86.5609886
10,5,500.0,1-Car,Non-incapacitating,RAN OFF ROAD RIGHT,39.24065,-86.44314356
2,1,1700.0,1-Car,Non-incapacitating,DRIVER DISTRACTED - EXPLAIN IN NARRATIVE,39.24028,-86.49948625
11,1,2200.0,1-Car,No injury/unknown,ANIMAL/OBJECT IN ROADWAY,39.23990387,-86.55499852
9,3,1100.0,2-Car,No injury/unknown,UNSAFE SPEED,39.23938934,-86.51642161
7,7,800.0,1-Car,Incapacitating,ANIMAL/OBJECT IN ROADWAY,39.23821147,-86.5928328
11,7,1300.0,1-Car,No injury/unknown,SPEED TOO FAST FOR WEATHER CONDITIONS,39.23815635,-86.53862087
11,4,2000.0,1-Car,No injury/unknown,RAN OFF ROAD RIGHT,39.23801465,-86.6296838
3,6,100.0,1-Car,Non-incapacitating,RAN OFF ROAD RIGHT,39.23783338,-86.61385596
7,5,700.0,1-Car,Non-incapacitating,DRIVER ASLEEP OR FATIGUED,39.23769211,-86.60690367
9,7,1300.0,2-Car,No injury/unknown,UNSAFE SPEED,39.23756627,-86.62946203
1,2,1200.0,2-Car,No injury/unknown,LEFT OF CENTER,39.237248,-86.528896
1,2,1900.0,2-Car,No injury/unknown,ROADWAY SURFACE CONDITION,39.237152,-86.6304
1,6,1100.0,1-Car,No injury/unknown,ROADWAY SURFACE CONDITION,39.23643086,-86.67776136
4,1,700.0,1-Car,No injury/unknown,RAN OFF ROAD RIGHT,39.2364,-86.631248
5,5,2100.0,2-Car,No injury/unknown,FAILURE TO YIELD RIGHT OF WAY,39.2364,-86.631248
1,7,1500.0,1-Car,No injury/unknown,UNSAFE SPEED,39.236288,-86.628336
8,6,1900.0,2-Car,Non-incapacitating,DISREGARD SIGNAL/REG SIGN,39.236096,-86.625168
10,6,1600.0,2-Car,No injury/unknown,FAILURE TO YIELD RIGHT OF WAY,39.236096,-86.625168
7,7,1800.0,2-Car,Non-incapacitating,FAILURE TO YIELD RIGHT OF WAY,39.23598071,-86.62501479
10,3,500.0,1-Car,No injury/unknown,ANIMAL/OBJECT IN ROADWAY,39.2358685,-86.53257501
11,7,400.0,2-Car,Non-incapacitating,UNSAFE SPEED,39.2358685,-86.53257501
2,6,2200.0,2-Car,No injury/unknown,UNSAFE BACKING,39.235728,-86.626032
12,6,1900.0,2-Car,No injury/unknown,FOLLOWING TOO CLOSELY,39.23543088,-86.63941283
4,5,1300.0,2-Car,No injury/unknown,FAILURE TO YIELD RIGHT OF WAY,39.234944,-86.623392
4,6,800.0,2-Car,No injury/unknown,FAILURE TO YIELD RIGHT OF WAY,39.234944,-86.623392
5,6,1200.0,2-Car,No injury/unknown,FAILURE TO YIELD RIGHT OF WAY,39.234944,-86.623392
11,2,1500.0,2-Car,No injury/unknown,IMPROPER TURNING,39.23493,-86.62341567
9,2,900.0,2-Car,No injury/unknown,FAILURE TO YIELD RIGHT OF WAY,39.23486056,-86.6263057
3,5,1100.0,2-Car,Non-incapacitating,FAILURE TO YIELD RIGHT OF WAY,39.234768,-86.626384
4,2,2100.0,2-Car,No injury/unknown,IMPROPER TURNING,39.234768,-86.626384
5,7,1300.0,3+ Cars,Non-incapacitating,DISREGARD SIGNAL/REG SIGN,39.234768,-86.626384
8,3,1600.0,2-Car,No injury/unknown,FAILURE TO YIELD RIGHT OF WAY,39.234768,-86.626384
8,4,1800.0,2-Car,No injury/unknown,FAILURE TO YIELD RIGHT OF WAY,39.234768,-86.626384
7,3,300.0,1-Car,No injury/unknown,OTHER (VEHICLE) - EXPLAIN IN NARRATIVE,39.234724,-86.624617
1,5,2200.0,1-Car,No injury/unknown,ANIMAL/OBJECT IN ROADWAY,39.23414854,-86.51840237
5,2,0.0,1-Car,No injury/unknown,RAN OFF ROAD RIGHT,39.2339214,-86.62200951
6,6,1300.0,1-Car,No injury/unknown,OTHER (DRIVER) - EXPLAIN IN NARRATIVE,39.23384776,-86.62472372
1,2,1500.0,2-Car,No injury/unknown,UNSAFE BACKING,39.23384,-86.624704
2,3,1200.0,2-Car,No injury/unknown,IMPROPER TURNING,39.23384,-86.624704
2,1,1800.0,2-Car,No injury/unknown,FOLLOWING TOO CLOSELY,39.23384,-86.624704
5,6,1600.0,2-Car,No injury/unknown,FAILURE TO YIELD RIGHT OF WAY,39.23384,-86.624704
8,4,2100.0,2-Car,No injury/unknown,WRONG WAY ON ONE WAY,39.23384,-86.624704
9,7,1500.0,2-Car,No injury/unknown,FOLLOWING TOO CLOSELY,39.23384,-86.624704
10,2,800.0,2-Car,No injury/unknown,IMPROPER TURNING,39.23384,-86.624704
12,4,700.0,2-Car,No injury/unknown,ROADWAY SURFACE CONDITION,39.23384,-86.624704
1,2,800.0,2-Car,No injury/unknown,FAILURE TO YIELD RIGHT OF WAY,39.23371244,-86.62451904
9,5,800.0,Pedestrian,Non-incapacitating,PEDESTRIAN ACTION,39.233574,-86.481128
8,6,1500.0,Bus,No injury/unknown,UNSAFE LANE MOVEMENT,39.23317,-86.62389
11,5,700.0,2-Car,No injury/unknown,FAILURE TO YIELD RIGHT OF WAY,39.233056,-86.6256
8,1,1700.0,1-Car,No injury/unknown,STEERING FAILURE,39.23288663,-86.54219875
11,2,600.0,2-Car,Non-incapacitating,FAILURE TO YIELD RIGHT OF WAY,39.23288663,-86.54219875
12,1,1400.0,3+ Cars,Non-incapacitating,SPEED TOO FAST FOR WEATHER CONDITIONS,39.232688,-86.623056
1,1,1100.0,2-Car,No injury/unknown,UNSAFE BACKING,39.232544,-86.540704
2,7,2100.0,2-Car,No injury/unknown,ROADWAY SURFACE CONDITION,39.232544,-86.540704
2,3,1200.0,2-Car,No injury/unknown,UNSAFE BACKING,39.232544,-86.540704
2,6,1500.0,1-Car,No injury/unknown,OTHER (DRIVER) - EXPLAIN IN NARRATIVE,39.232544,-86.540704
5,1,0.0,2-Car,No injury/unknown,,39.232544,-86.540704
5,6,2200.0,2-Car,No injury/unknown,UNSAFE BACKING,39.232544,-86.540704
6,5,1600.0,2-Car,No injury/unknown,IMPROPER TURNING,39.232544,-86.540704
7,6,1500.0,Pedestrian,Non-incapacitating,PEDESTRIAN ACTION,39.232544,-86.540704
8,1,1900.0,1-Car,No injury/unknown,RAN OFF ROAD RIGHT,39.232544,-86.540704
9,6,1600.0,2-Car,Non-incapacitating,LEFT OF CENTER,39.232544,-86.540704
7,7,100.0,Moped/Motorcycle,No injury/unknown,RAN OFF ROAD RIGHT,39.23209316,-86.61975454
5,6,1500.0,2-Car,No injury/unknown,FAILURE TO YIELD RIGHT OF WAY,39.23206802,-86.54073897
7,2,1600.0,2-Car,No injury/unknown,FOLLOWING TOO CLOSELY,39.231936,-86.506288
12,1,2200.0,2-Car,No injury/unknown,ROADWAY SURFACE CONDITION,39.2319,-86.46848
12,5,1900.0,1-Car,No injury/unknown,UNSAFE SPEED,39.23185677,-86.67152548
8,6,1200.0,1-Car,No injury/unknown,UNSAFE SPEED,39.23177326,-86.67143369
9,6,1800.0,1-Car,No injury/unknown,UNSAFE SPEED,39.231696,-86.67408
2,6,1800.0,1-Car,No injury/unknown,ROADWAY SURFACE CONDITION,39.231648,-86.671296
3,6,2300.0,2-Car,Incapacitating,DISREGARD SIGNAL/REG SIGN,39.231536,-86.6588
9,3,1700.0,2-Car,No injury/unknown,FOLLOWING TOO CLOSELY,39.23144,-86.621296