Month,Day,Hour,Collision Type,Injury Type,Primary Factor,Latitude,Longitude
10,3,800.0,2-Car,No injury/unknown,FAILURE TO YIELD RIGHT OF WAY,39.231424,-86.622944
10,2,1400.0,2-Car,No injury/unknown,FOLLOWING TOO CLOSELY,39.231312,-86.63816
4,2,2100.0,2-Car,No injury/unknown,ALCOHOLIC BEVERAGES,39.23125422,-86.61856927
12,1,1500.0,Moped/Motorcycle,No injury/unknown,SPEED TOO FAST FOR WEATHER CONDITIONS,39.23125422,-86.61866455
8,3,1800.0,2-Car,Incapacitating,DRIVER ILLNESS,39.23123779,-86.63046452
2,6,900.0,2-Car,Non-incapacitating,FAILURE TO YIELD RIGHT OF WAY,39.230752,-86.424096
12,7,0.0,1-Car,No injury/unknown,RAN OFF ROAD RIGHT,39.23031,-86.47342324
4,5,1000.0,2-Car,No injury/unknown,IMPROPER TURNING,39.229904,-86.619136
3,7,1600.0,2-Car,No injury/unknown,FAILURE TO YIELD RIGHT OF WAY,39.229424,-86.623584
9,5,700.0,3+ Cars,No injury/unknown,FOLLOWING TOO CLOSELY,39.22921334,-86.64004
12,3,1500.0,2-Car,Non-incapacitating,FAILURE TO YIELD RIGHT OF WAY,39.22877098,-86.51049972
1,3,700.0,1-Car,No injury/unknown,RAN OFF ROAD RIGHT,39.22830445,-86.62805
9,7,1400.0,2-Car,No injury/unknown,FOLLOWING TOO CLOSELY,39.227856,-86.621584
8,1,400.0,1-Car,No injury/unknown,RAN OFF ROAD RIGHT,39.22773083,-86.51238497
12,4,1300.0,3+ Cars,Non-incapacitating,FOLLOWING TOO CLOSELY,39.22767562,-86.47208686
10,3,1600.0,2-Car,No injury/unknown,FAILURE TO YIELD RIGHT OF WAY,39.22764788,-86.61591015
5,4,100.0,1-Car,Non-incapacitating,RAN OFF ROAD RIGHT,39.22718514,-86.43497044
12,4,700.0,2-Car,Non-incapacitating,ROADWAY SURFACE CONDITION,39.22714,-86.59272
3,3,2100.0,2-Car,Non-incapacitating,ANIMAL/OBJECT IN ROADWAY,39.22528865,-86.61249876
11,4,100.0,1-Car,No injury/unknown,RAN OFF ROAD RIGHT,39.225278,-86.61579
6,4,1400.0,2-Car,Non-incapacitating,DRIVER DISTRACTED - EXPLAIN IN NARRATIVE,39.22394222,-86.516819
7,4,1900.0,1-Car,Non-incapacitating,RAN OFF ROAD RIGHT,39.22304,-86.569696
8,3,1800.0,1-Car,No injury/unknown,RAN OFF ROAD RIGHT,39.22304,-86.569696
3,5,2000.0,1-Car,No injury/unknown,RAN OFF ROAD RIGHT,39.222848,-86.592704
5,3,1800.0,2-Car,No injury/unknown,IMPROPER TURNING,39.222752,-86.550096
8,3,1100.0,2-Car,No injury/unknown,IMPROPER TURNING,39.222752,-86.550096
10,2,1300.0,2-Car,No injury/unknown,UNSAFE BACKING,39.222752,-86.550096
12,6,700.0,2-Car,No injury/unknown,UNSAFE BACKING,39.222752,-86.550096
5,2,200.0,2-Car,No injury/unknown,SPEED TOO FAST FOR WEATHER CONDITIONS,39.222544,-86.5172
9,6,2000.0,2-Car,No injury/unknown,UNSAFE SPEED,39.22217991,-86.62234256
5,5,1500.0,Bus,No injury/unknown,UNSAFE BACKING,39.22186,-86.59092
11,2,800.0,2-Car,No injury/unknown,FOLLOWING TOO CLOSELY,39.22148334,-86.60616326
6,4,1800.0,2-Car,No injury/unknown,FAILURE TO YIELD RIGHT OF WAY,39.22128777,-86.60557347
1,5,800.0,1-Car,No injury/unknown,SPEED TOO FAST FOR WEATHER CONDITIONS,39.221248,-86.55
3,6,1400.0,2-Car,No injury/unknown,FAILURE TO YIELD RIGHT OF WAY,39.221248,-86.55
2,6,500.0,2-Car,Non-incapacitating,FAILURE TO YIELD RIGHT OF WAY,39.221152,-86.6056
8,5,1900.0,Moped/Motorcycle,Non-incapacitating,FAILURE TO YIELD RIGHT OF WAY,39.221152,-86.6056
9,1,1500.0,2-Car,No injury/unknown,FOLLOWING TOO CLOSELY,39.221152,-86.6056
12,6,700.0,2-Car,No injury/unknown,FAILURE TO YIELD RIGHT OF WAY,39.221152,-86.6056
5,6,300.0,1-Car,No injury/unknown,RAN OFF ROAD RIGHT,39.2210903,-86.61237843
10,1,2000.0,2-Car,Non-incapacitating,RAN OFF ROAD RIGHT,39.22100456,-86.5501635
10,4,1600.0,2-Car,No injury/unknown,DRIVER DISTRACTED - EXPLAIN IN NARRATIVE,39.22096442,-86.60534208
1,6,0.0,1-Car,No injury/unknown,ANIMAL/OBJECT IN ROADWAY,39.220944,-86.612192
12,2,1800.0,1-Car,No injury/unknown,ROADWAY SURFACE CONDITION,39.220944,-86.612192
6,6,1400.0,2-Car,Non-incapacitating,SPEED TOO FAST FOR WEATHER CONDITIONS,39.22085,-86.612159
11,2,500.0,1-Car,Non-incapacitating,ANIMAL/OBJECT IN ROADWAY,39.22076113,-86.550327
9,6,1300.0,2-Car,No injury/unknown,FOLLOWING TOO CLOSELY,39.22025919,-86.60427519
7,5,2100.0,1-Car,No injury/unknown,RAN OFF ROAD RIGHT,39.21943,-86.44453864
12,1,1700.0,1-Car,Non-incapacitating,RAN OFF ROAD RIGHT,39.21940042,-86.44468627
9,5,700.0,Bus,No injury/unknown,UNSAFE SPEED,39.21904,-86.472896
10,6,2300.0,1-Car,No injury/unknown,ANIMAL/OBJECT IN ROADWAY,39.21900618,-86.52654
11,5,1000.0,1-Car,No injury/unknown,SPEED TOO FAST FOR WEATHER CONDITIONS,39.21845444,-86.45352621
12,7,900.0,1-Car,No injury/unknown,ROADWAY SURFACE CONDITION,39.21845444,-86.45338226
2,6,1700.0,1-Car,Non-incapacitating,ROADWAY SURFACE CONDITION,39.218448,-86.4536
1,3,1600.0,1-Car,Non-incapacitating,UNSAFE SPEED,39.21817582,-86.45364726
2,1,1300.0,1-Car,No injury/unknown,RAN OFF ROAD RIGHT,39.21813706,-86.56359851
9,3,2300.0,1-Car,No injury/unknown,OTHER (ENVIRONMENTAL) - EXPLAIN IN NARR,39.217866,-86.402626
12,5,1100.0,1-Car,No injury/unknown,ROADWAY SURFACE CONDITION,39.21691557,-86.59802648
12,1,2100.0,1-Car,No injury/unknown,SPEED TOO FAST FOR WEATHER CONDITIONS,39.21681835,-86.53111335
3,1,1700.0,2-Car,Non-incapacitating,FAILURE TO YIELD RIGHT OF WAY,39.21658207,-86.63987339
7,6,700.0,2-Car,No injury/unknown,IMPROPER LANE USAGE,39.21624589,-86.59603849
8,6,0.0,1-Car,No injury/unknown,RAN OFF ROAD RIGHT,39.21606,-86.59272299
2,5,1500.0,3+ Cars,No injury/unknown,FAILURE TO YIELD RIGHT OF WAY,39.21580294,-86.46332372
2,5,2100.0,2-Car,Non-incapacitating,FAILURE TO YIELD RIGHT OF WAY,39.21569341,-86.59442231
11,1,1900.0,3+ Cars,Non-incapacitating,FAILURE TO YIELD RIGHT OF WAY,39.21547,-86.53701
5,6,2200.0,1-Car,No injury/unknown,OTHER (DRIVER) - EXPLAIN IN NARRATIVE,39.2154352,-86.61208
12,4,1600.0,2-Car,No injury/unknown,FOLLOWING TOO CLOSELY,39.21539,-86.52157
4,6,1800.0,2-Car,Non-incapacitating,DRIVER DISTRACTED - EXPLAIN IN NARRATIVE,39.21537678,-86.59298837
2,6,700.0,2-Car,No injury/unknown,FAILURE TO YIELD RIGHT OF WAY,39.215344,-86.521392
1,1,2000.0,2-Car,Non-incapacitating,OTHER (DRIVER) - EXPLAIN IN NARRATIVE,39.215152,-86.5928
2,6,700.0,2-Car,No injury/unknown,OTHER (DRIVER) - EXPLAIN IN NARRATIVE,39.215152,-86.5928
8,3,1300.0,2-Car,No injury/unknown,FAILURE TO YIELD RIGHT OF WAY,39.215152,-86.5928
9,5,1200.0,2-Car,Non-incapacitating,FAILURE TO YIELD RIGHT OF WAY,39.215152,-86.5928
10,6,800.0,2-Car,Non-incapacitating,DISREGARD SIGNAL/REG SIGN,39.215152,-86.5928
10,7,1000.0,Cyclist,Non-incapacitating,PEDESTRIAN ACTION,39.21496137,-86.59254583
6,5,1700.0,2-Car,No injury/unknown,FAILURE TO YIELD RIGHT OF WAY,39.21477514,-86.59228631
2,3,300.0,3+ Cars,No injury/unknown,SPEED TOO FAST FOR WEATHER CONDITIONS,39.21421782,-86.52841
12,6,1300.0,2-Car,No injury/unknown,FOLLOWING TOO CLOSELY,39.21421656,-86.59150766
12,5,1600.0,2-Car,No injury/unknown,UNSAFE BACKING,39.214144,-86.48349352
8,2,1300.0,2-Car,No injury/unknown,FAILURE TO YIELD RIGHT OF WAY,39.21414,-86.52234
3,2,1800.0,1-Car,No injury/unknown,UNSAFE BACKING,39.21392327,-86.58824425
5,5,1500.0,3+ Cars,Non-incapacitating,FOLLOWING TOO CLOSELY,39.21328558,-86.59020994
8,5,1700.0,Moped/Motorcycle,Non-incapacitating,DRIVER ASLEEP OR FATIGUED,39.212848,-86.505392
11,7,1700.0,2-Car,No injury/unknown,ROADWAY SURFACE CONDITION,39.21282,-86.50541
10,6,1500.0,2-Car,No injury/unknown,FOLLOWING TOO CLOSELY,39.21257534,-86.58882993
4,6,1400.0,2-Car,No injury/unknown,FOLLOWING TOO CLOSELY,39.2123644,-86.58817795
6,6,2000.0,1-Car,No injury/unknown,RAN OFF ROAD RIGHT,39.21233309,-86.49385169
8,3,1600.0,2-Car,No injury/unknown,DRIVER DISTRACTED - EXPLAIN IN NARRATIVE,39.21215347,-86.58752598
6,2,1400.0,2-Car,No injury/unknown,FAILURE TO YIELD RIGHT OF WAY,39.212048,-86.5872
12,2,1500.0,2-Car,No injury/unknown,FAILURE TO YIELD RIGHT OF WAY,39.212048,-86.5872
1,1,1500.0,2-Car,No injury/unknown,OTHER (ENVIRONMENTAL) - EXPLAIN IN NARR,39.211632,-86.598234
10,2,1000.0,2-Car,No injury/unknown,UNSAFE BACKING,39.211504,-86.529696
7,7,600.0,1-Car,No injury/unknown,ANIMAL/OBJECT IN ROADWAY,39.21149408,-86.55403162
11,3,1700.0,3+ Cars,Non-incapacitating,SPEED TOO FAST FOR WEATHER CONDITIONS,39.21140422,-86.54286
2,2,1900.0,1-Car,No injury/unknown,ROADWAY SURFACE CONDITION,39.21138135,-86.58531691
1,1,800.0,2-Car,No injury/unknown,UNSAFE BACKING,39.211376,-86.598
12,2,1500.0,2-Car,No injury/unknown,FAILURE TO YIELD RIGHT OF WAY,39.21047397,-86.5837645
3,5,900.0,2-Car,Non-incapacitating,UNSAFE SPEED,39.210144,-86.5832
3,6,700.0,2-Car,No injury/unknown,FOLLOWING TOO CLOSELY,39.210144,-86.5832
3,6,1800.0,2-Car,No injury/unknown,DISREGARD SIGNAL/REG SIGN,39.210144,-86.5832
6,3,1700.0,2-Car,No injury/unknown,OTHER (DRIVER) - EXPLAIN IN NARRATIVE,39.210144,-86.5832
7,5,100.0,2-Car,No injury/unknown,FAILURE TO YIELD RIGHT OF WAY,39.210144,-86.5832
11,3,1700.0,1-Car,No injury/unknown,RAN OFF ROAD RIGHT,39.210144,-86.5832
12,7,1500.0,2-Car,No injury/unknown,FAILURE TO YIELD RIGHT OF WAY,39.210144,-86.5832
12,5,1200.0,2-Car,No injury/unknown,FOLLOWING TOO CLOSELY,39.210144,-86.5832
5,1,1400.0,2-Car,No injury/unknown,UNSAFE SPEED,39.210026,-86.463301
10,4,1400.0,2-Car,Non-incapacitating,DRIVER DISTRACTED - EXPLAIN IN NARRATIVE,39.20997089,-86.58292591
3,4,2100.0,2-Car,No injury/unknown,FAILURE TO YIELD RIGHT OF WAY,39.209952,-86.463392
3,2,1700.0,Moped/Motorcycle,No injury/unknown,FAILURE TO YIELD RIGHT OF WAY,39.209952,-86.463392
4,5,1800.0,3+ Cars,No injury/unknown,FAILURE TO YIELD RIGHT OF WAY,39.209952,-86.463392
12,5,1500.0,2-Car,Non-incapacitating,FAILURE TO YIELD RIGHT OF WAY,39.209952,-86.463392
8,2,1500.0,3+ Cars,No injury/unknown,FAILURE TO YIELD RIGHT OF WAY,39.20986935,-86.5832
8,5,1600.0,2-Car,No injury/unknown,DRIVER DISTRACTED - EXPLAIN IN NARRATIVE,39.209808,-86.582672
10,4,1500.0,2-Car,No injury/unknown,IMPROPER PASSING,39.209808,-86.582672
11,3,2300.0,2-Car,No injury/unknown,DRIVER DISTRACTED - EXPLAIN IN NARRATIVE,39.20970376,-86.57307
3,3,700.0,2-Car,No injury/unknown,OTHER (DRIVER) - EXPLAIN IN NARRATIVE,39.209658,-86.582275
4,5,700.0,2-Car,No injury/unknown,UNSAFE BACKING,39.209658,-86.582275
12,5,1400.0,2-Car,Non-incapacitating,FAILURE TO YIELD RIGHT OF WAY,39.20878235,-86.55459194
4,7,400.0,1-Car,No injury/unknown,RAN OFF ROAD RIGHT,39.20865995,-86.5474375
1,1,1900.0,1-Car,No injury/unknown,ANIMAL/OBJECT IN ROADWAY,39.20859,-86.61155322
3,3,1500.0,1-Car,No injury/unknown,RAN OFF ROAD RIGHT,39.20857457,-86.61178747
2,2,700.0,1-Car,No injury/unknown,ROADWAY SURFACE CONDITION,39.208544,-86.611504
2,1,800.0,1-Car,No injury/unknown,ANIMAL/OBJECT IN ROADWAY,39.208544,-86.611504
7,3,2100.0,1-Car,Non-incapacitating,ANIMAL/OBJECT IN ROADWAY,39.20851117,-86.55464797
4,6,1300.0,2-Car,No injury/unknown,FAILURE TO YIELD RIGHT OF WAY,39.20839016,-86.55361882
1,5,600.0,2-Car,Incapacitating,DRIVER DISTRACTED - EXPLAIN IN NARRATIVE,39.20824,-86.580208
2,1,1600.0,2-Car,Incapacitating,OTHER (DRIVER) - EXPLAIN IN NARRATIVE,39.20824,-86.580208
3,7,1600.0,2-Car,Non-incapacitating,FAILURE TO YIELD RIGHT OF WAY,39.20824,-86.554704
5,5,1300.0,2-Car,No injury/unknown,FAILURE TO YIELD RIGHT OF WAY,39.20824,-86.554704
7,4,1800.0,2-Car,Non-incapacitating,ROADWAY SURFACE CONDITION,39.20824,-86.552192
10,4,1600.0,2-Car,No injury/unknown,DRIVER DISTRACTED - EXPLAIN IN NARRATIVE,39.20824,-86.554704
11,4,1900.0,1-Car,No injury/unknown,ANIMAL/OBJECT IN ROADWAY,39.20824,-86.554704
10,4,1800.0,2-Car,No injury/unknown,SPEED TOO FAST FOR WEATHER CONDITIONS,39.20822,-86.58315
6,7,1200.0,2-Car,Non-incapacitating,OTHER (DRIVER) - EXPLAIN IN NARRATIVE,39.208144,-86.5832
10,6,2300.0,1-Car,No injury/unknown,ANIMAL/OBJECT IN ROADWAY,39.20806914,-86.57889235
4,6,1300.0,2-Car,No injury/unknown,LEFT OF CENTER,39.208048,-86.528704
4,1,1400.0,1-Car,Non-incapacitating,SPEED TOO FAST FOR WEATHER CONDITIONS,39.208048,-86.528704
7,3,2200.0,2-Car,No injury/unknown,SPEED TOO FAST FOR WEATHER CONDITIONS,39.208048,-86.528704
7,3,2200.0,1-Car,No injury/unknown,SPEED TOO FAST FOR WEATHER CONDITIONS,39.208048,-86.528704
10,7,1400.0,2-Car,No injury/unknown,SPEED TOO FAST FOR WEATHER CONDITIONS,39.208048,-86.528704
11,7,1700.0,2-Car,Incapacitating,SPEED TOO FAST FOR WEATHER CONDITIONS,39.208048,-86.528704
11,3,1400.0,1-Car,No injury/unknown,SPEED TOO FAST FOR WEATHER CONDITIONS,39.208048,-86.528704
12,5,400.0,1-Car,No injury/unknown,OTHER (DRIVER) - EXPLAIN IN NARRATIVE,39.208048,-86.528704
12,2,900.0,1-Car,Non-incapacitating,SPEED TOO FAST FOR WEATHER CONDITIONS,39.20796585,-86.53231144
8,5,800.0,1-Car,Non-incapacitating,RAN OFF ROAD RIGHT,39.20775802,-86.52649641
1,3,2200.0,1-Car,No injury/unknown,ANIMAL/OBJECT IN ROADWAY,39.207696,-86.46328
10,5,1000.0,2-Car,No injury/unknown,FOLLOWING TOO CLOSELY,39.207696,-86.46328
2,7,2000.0,1-Car,Non-incapacitating,ANIMAL/OBJECT IN ROADWAY,39.207648,-86.573792
3,6,1800.0,2-Car,No injury/unknown,FAILURE TO YIELD RIGHT OF WAY,39.207648,-86.573792
3,6,900.0,2-Car,No injury/unknown,FAILURE TO YIELD RIGHT OF WAY,39.207648,-86.573792
5,2,1400.0,2-Car,No injury/unknown,FAILURE TO YIELD RIGHT OF WAY,39.207648,-86.573792
6,7,1100.0,2-Car,No injury/unknown,DRIVER ASLEEP OR FATIGUED,39.207648,-86.573792
9,5,1300.0,1-Car,No injury/unknown,RAN OFF ROAD RIGHT,39.207648,-86.573792
9,5,1300.0,3+ Cars,No injury/unknown,FAILURE TO YIELD RIGHT OF WAY,39.207648,-86.573792
11,5,700.0,2-Car,No injury/unknown,FAILURE TO YIELD RIGHT OF WAY,39.207648,-86.573792
11,2,1100.0,2-Car,No injury/unknown,FAILURE TO YIELD RIGHT OF WAY,39.207648,-86.573792
12,2,1100.0,2-Car,No injury/unknown,FAILURE TO YIELD RIGHT OF WAY,39.207648,-86.573792
12,6,800.0,2-Car,No injury/unknown,OTHER (DRIVER) - EXPLAIN IN NARRATIVE,39.207648,-86.573792
5,3,1700.0,Moped/Motorcycle,Non-incapacitating,FAILURE TO YIELD RIGHT OF WAY,39.20764225,-86.5737269
10,5,800.0,1-Car,No injury/unknown,ANIMAL/OBJECT IN ROADWAY,39.20755337,-86.55469905
5,4,2100.0,Moped/Motorcycle,Non-incapacitating,SPEED TOO FAST FOR WEATHER CONDITIONS,39.20750031,-86.52707577
1,3,900.0,1-Car,No injury/unknown,ROADWAY SURFACE CONDITION,39.20725197,-86.55813024
1,3,1700.0,1-Car,No injury/unknown,DRIVER ASLEEP OR FATIGUED,39.20713,-86.53484
4,1,500.0,1-Car,No injury/unknown,RAN OFF ROAD RIGHT,39.20704,-86.534704
4,5,1900.0,2-Car,No injury/unknown,FOLLOWING TOO CLOSELY,39.20704,-86.534704
7,2,1100.0,2-Car,Non-incapacitating,FAILURE TO YIELD RIGHT OF WAY,39.20704,-86.534704
8,7,600.0,2-Car,No injury/unknown,FAILURE TO YIELD RIGHT OF WAY,39.20704,-86.534704
8,7,1400.0,2-Car,No injury/unknown,FOLLOWING TOO CLOSELY,39.20704,-86.534704
10,4,1600.0,2-Car,No injury/unknown,FOLLOWING TOO CLOSELY,39.20704,-86.534704
11,3,1400.0,2-Car,No injury/unknown,UNSAFE LANE MOVEMENT,39.20704,-86.534704
11,2,400.0,2-Car,No injury/unknown,FOLLOWING TOO CLOSELY,39.20704,-86.534704
11,5,1800.0,Moped/Motorcycle,Non-incapacitating,ANIMAL/OBJECT IN ROADWAY,39.20649051,-86.51238497
8,7,1400.0,2-Car,No injury/unknown,UNSAFE BACKING,39.206312,-86.571312
10,4,800.0,1-Car,No injury/unknown,RAN OFF ROAD RIGHT,39.20578347,-86.532736
10,7,100.0,2-Car,No injury/unknown,IMPROPER LANE USAGE,39.20545,-86.54582827
7,6,1700.0,1-Car,No injury/unknown,RAN OFF ROAD RIGHT,39.20430316,-86.53489182
1,3,1600.0,1-Car,Non-incapacitating,UNSAFE SPEED,39.204137,-86.402155
7,5,400.0,1-Car,No injury/unknown,RAN OFF ROAD RIGHT,39.203861,-86.583126
5,5,1400.0,3+ Cars,No injury/unknown,FAILURE TO YIELD RIGHT OF WAY,39.20304,-86.547392
8,2,1500.0,1-Car,No injury/unknown,OTHER (DRIVER) - EXPLAIN IN NARRATIVE,39.20304,-86.547392
9,4,1400.0,2-Car,No injury/unknown,UNSAFE BACKING,39.20304,-86.547392
9,4,2000.0,2-Car,No injury/unknown,OTHER (DRIVER) - EXPLAIN IN NARRATIVE,39.20304,-86.547392
12,7,1800.0,1-Car,No injury/unknown,ROADWAY SURFACE CONDITION,39.2026516,-86.57029132
10,4,1200.0,2-Car,No injury/unknown,OTHER (DRIVER) - EXPLAIN IN NARRATIVE,39.202144,-86.531504
5,7,2200.0,2-Car,No injury/unknown,CELL PHONE USAGE,39.20202,-86.52896567
3,5,1700.0,1-Car,No injury/unknown,OVERCORRECTING/OVERSTEERING,39.201952,-86.5288
2,7,1200.0,2-Car,No injury/unknown,DISREGARD SIGNAL/REG SIGN,39.20188,-86.58312
7,3,1900.0,1-Car,No injury/unknown,UNSAFE SPEED,39.20082,-86.542859
4,2,1500.0,1-Car,Non-incapacitating,UNSAFE BACKING,39.200684,-86.529937
4,2,1500.0,1-Car,No injury/unknown,UNSAFE SPEED,39.200684,-86.529937
11,5,800.0,1-Car,No injury/unknown,ANIMAL/OBJECT IN ROADWAY,39.200352,-86.468
5,2,1700.0,2-Car,No injury/unknown,FOLLOWING TOO CLOSELY,39.19988316,-86.55980697
6,5,1500.0,2-Car,No injury/unknown,FOLLOWING TOO CLOSELY,39.19968,-86.55968
12,7,2000.0,1-Car,No injury/unknown,ROADWAY SURFACE CONDITION,39.19968,-86.55968
12,2,1800.0,1-Car,No injury/unknown,ROADWAY SURFACE CONDITION,39.19955081,-86.61208
12,7,700.0,1-Car,No injury/unknown,ROADWAY SURFACE CONDITION,39.199072,-86.583152
8,2,2000.0,Pedestrian,Non-incapacitating,OTHER (DRIVER) - EXPLAIN IN NARRATIVE,39.19749971,-86.54191817
4,7,2100.0,2-Car,No injury/unknown,IMPROPER PASSING,39.19691,-86.53452
5,4,800.0,2-Car,No injury/unknown,FAILURE TO YIELD RIGHT OF WAY,39.19690554,-86.53454894
9,4,1700.0,2-Car,No injury/unknown,FAILURE TO YIELD RIGHT OF WAY,39.19689046,-86.55462122
3,7,300.0,1-Car,Non-incapacitating,UNSAFE SPEED,39.196848,-86.5344
5,6,1800.0,2-Car,No injury/unknown,FOLLOWING TOO CLOSELY,39.196848,-86.5344
7,6,1900.0,1-Car,No injury/unknown,ANIMAL/OBJECT IN ROADWAY,39.196848,-86.5344
12,5,1300.0,1-Car,Non-incapacitating,RAN OFF ROAD RIGHT,39.196848,-86.5344
5,3,200.0,1-Car,Fatal,UNSAFE SPEED,39.19596216,-86.55669061
7,5,1400.0,2-Car,No injury/unknown,UNSAFE BACKING,39.19512368,-86.51245541
12,1,1300.0,2-Car,No injury/unknown,ROADWAY SURFACE CONDITION,39.19504,-86.489488
10,4,1800.0,2-Car,No injury/unknown,FAILURE TO YIELD RIGHT OF WAY,39.19461751,-86.42329198
10,2,700.0,2-Car,No injury/unknown,ANIMAL/OBJECT IN ROADWAY,39.19441865,-86.55459492
4,7,1800.0,1-Car,No injury/unknown,RAN OFF ROAD RIGHT,39.194144,-86.540992
7,2,1600.0,Moped/Motorcycle,Incapacitating,DISREGARD SIGNAL/REG SIGN,39.194144,-86.554592
11,7,600.0,1-Car,Non-incapacitating,RAN OFF ROAD RIGHT,39.194144,-86.554592
11,2,800.0,2-Car,No injury/unknown,TIRE FAILURE OR DEFECTIVE,39.194144,-86.554592
10,5,1800.0,2-Car,No injury/unknown,FAILURE TO YIELD RIGHT OF WAY,39.193872,-86.590784
5,7,900.0,Moped/Motorcycle,No injury/unknown,FOLLOWING TOO CLOSELY,39.19377697,-86.57123388
10,6,1500.0,2-Car,No injury/unknown,DRIVER DISTRACTED - EXPLAIN IN NARRATIVE,39.19377697,-86.57123388
11,3,900.0,2-Car,No injury/unknown,SPEED TOO FAST FOR WEATHER CONDITIONS,39.19377697,-86.57123388
11,2,1000.0,2-Car,No injury/unknown,OTHER (DRIVER) - EXPLAIN IN NARRATIVE,39.19349306,-86.50966
5,2,100.0,1-Car,No injury/unknown,ANIMAL/OBJECT IN ROADWAY,39.19348232,-86.53257501
2,2,200.0,3+ Cars,No injury/unknown,RAN OFF ROAD RIGHT,39.19347981,-86.50963241
10,4,1500.0,2-Car,Non-incapacitating,LEFT OF CENTER,39.193248,-86.539696
8,5,1400.0,2-Car,No injury/unknown,UNSAFE BACKING,39.19301981,-86.572395
12,4,1500.0,1-Car,Non-incapacitating,RAN OFF ROAD RIGHT,39.192694,-86.399199
6,2,1000.0,2-Car,No injury/unknown,IMPROPER TURNING,39.19268414,-86.52278052
6,2,1100.0,Bus,No injury/unknown,OTHER (DRIVER) - EXPLAIN IN NARRATIVE,39.192352,-86.552592
10,6,1400.0,2-Car,Non-incapacitating,FOLLOWING TOO CLOSELY,39.192352,-86.552592
2,7,0.0,1-Car,No injury/unknown,ANIMAL/OBJECT IN ROADWAY,39.19204513,-86.58301815
10,6,2100.0,3+ Cars,Non-incapacitating,DRIVER DISTRACTED - EXPLAIN IN NARRATIVE,39.19161539,-86.53454894
11,2,1900.0,2-Car,No injury/unknown,DRIVER DISTRACTED - EXPLAIN IN NARRATIVE,39.19129549,-86.58312
9,6,1700.0,2-Car,Non-incapacitating,FAILURE TO YIELD RIGHT OF WAY,39.191248,-86.532896
2,6,1600.0,2-Car,No injury/unknown,FAILURE TO YIELD RIGHT OF WAY,39.190672,-86.582992
8,1,1000.0,2-Car,No injury/unknown,UNSAFE LANE MOVEMENT,39.190672,-86.582992
9,3,1600.0,2-Car,No injury/unknown,UNSAFE LANE MOVEMENT,39.190672,-86.582992
9,3,1700.0,2-Car,No injury/unknown,FAILURE TO YIELD RIGHT OF WAY,39.190672,-86.582992
11,3,700.0,1-Car,No injury/unknown,ANIMAL/OBJECT IN ROADWAY,39.190672,-86.582992
11,2,600.0,1-Car,Non-incapacitating,ANIMAL/OBJECT IN ROADWAY,39.190672,-86.582992
2,2,1500.0,2-Car,No injury/unknown,FAILURE TO YIELD RIGHT OF WAY,39.19064,-86.58311
6,1,1200.0,2-Car,Non-incapacitating,FOLLOWING TOO CLOSELY,39.19064,-86.58311
8,2,1800.0,2-Car,Non-incapacitating,FOLLOWING TOO CLOSELY,39.19064,-86.58311
4,7,1100.0,2-Car,No injury/unknown,FOLLOWING TOO CLOSELY,39.19063167,-86.58309109
4,4,1900.0,2-Car,No injury/unknown,SPEED TOO FAST FOR WEATHER CONDITIONS,39.190544,-86.537712
9,4,1900.0,1-Car,No injury/unknown,RAN OFF ROAD RIGHT,39.190544,-86.537712
10,4,2000.0,1-Car,No injury/unknown,ANIMAL/OBJECT IN ROADWAY,39.190544,-86.537712
12,1,1400.0,2-Car,Non-incapacitating,LEFT OF CENTER,39.19046603,-86.58299575
10,7,1700.0,Moped/Motorcycle,Fatal,ANIMAL/OBJECT IN ROADWAY,39.19042258,-86.53467178
1,5,700.0,2-Car,No injury/unknown,FOLLOWING TOO CLOSELY,39.189968,-86.533232
12,5,1700.0,1-Car,No injury/unknown,OTHER (DRIVER) - EXPLAIN IN NARRATIVE,39.189968,-86.52128
12,2,1600.0,2-Car,No injury/unknown,UNSAFE BACKING,39.189968,-86.52128
4,4,0.0,2-Car,No injury/unknown,OTHER (DRIVER) - EXPLAIN IN NARRATIVE,39.1898611,-86.5139
2,1,1900.0,Bus,No injury/unknown,FAILURE TO YIELD RIGHT OF WAY,39.189248,-86.53344
4,3,1000.0,2-Car,No injury/unknown,DRIVER DISTRACTED - EXPLAIN IN NARRATIVE,39.189248,-86.531472
11,6,400.0,1-Car,Non-incapacitating,RAN OFF ROAD RIGHT,39.189248,-86.660704
1,7,1400.0,1-Car,No injury/unknown,ROADWAY SURFACE CONDITION,39.18904,-86.630096
2,7,2200.0,1-Car,No injury/unknown,ROADWAY SURFACE CONDITION,39.18904,-86.630096
8,1,800.0,1-Car,No injury/unknown,ANIMAL/OBJECT IN ROADWAY,39.18902285,-86.53349925
5,7,2200.0,Pedestrian,Non-incapacitating,OTHER (DRIVER) - EXPLAIN IN NARRATIVE,39.18882359,-86.52393
7,7,400.0,1-Car,Non-incapacitating,RAN OFF ROAD RIGHT,39.18830989,-86.55169286
2,2,1100.0,1-Car,No injury/unknown,RAN OFF ROAD RIGHT,39.188256,-86.456464
4,6,1400.0,3+ Cars,No injury/unknown,FAILURE TO YIELD RIGHT OF WAY,39.188144,-86.5376