Month,Day,Hour,Collision Type,Injury Type,Primary Factor,Latitude,Longitude
2,6,1200.0,2-Car,Non-incapacitating,OTHER (DRIVER) - EXPLAIN IN NARRATIVE,39.187344,-86.5552
3,3,1600.0,2-Car,Non-incapacitating,FAILURE TO YIELD RIGHT OF WAY,39.187344,-86.5552
4,1,1300.0,2-Car,Non-incapacitating,FOLLOWING TOO CLOSELY,39.187344,-86.5552
5,4,800.0,2-Car,No injury/unknown,DISREGARD SIGNAL/REG SIGN,39.187344,-86.5552
5,6,1600.0,2-Car,No injury/unknown,FAILURE TO YIELD RIGHT OF WAY,39.187344,-86.5552
7,6,1700.0,2-Car,Non-incapacitating,FOLLOWING TOO CLOSELY,39.187344,-86.5552
9,5,1800.0,2-Car,No injury/unknown,FOLLOWING TOO CLOSELY,39.187344,-86.5552
11,2,1000.0,2-Car,No injury/unknown,IMPROPER TURNING,39.187331,-86.63907087
10,7,1500.0,3+ Cars,No injury/unknown,FOLLOWING TOO CLOSELY,39.18730139,-86.53407135
7,4,1200.0,2-Car,No injury/unknown,BRAKE FAILURE OR DEFECTIVE,39.18723683,-86.55523108
1,5,1200.0,1-Car,Non-incapacitating,SPEED TOO FAST FOR WEATHER CONDITIONS,39.18717217,-86.55524025
2,6,1900.0,2-Car,No injury/unknown,SPEED TOO FAST FOR WEATHER CONDITIONS,39.18717217,-86.55525124
3,6,800.0,2-Car,Non-incapacitating,GLARE,39.18717217,-86.55525124
4,5,1600.0,Moped/Motorcycle,Incapacitating,FAILURE TO YIELD RIGHT OF WAY,39.18717217,-86.55525124
5,6,1100.0,2-Car,Non-incapacitating,DISREGARD SIGNAL/REG SIGN,39.18717217,-86.55525124
8,4,1100.0,3+ Cars,Non-incapacitating,DISREGARD SIGNAL/REG SIGN,39.18717217,-86.55525124
12,3,0.0,1-Car,No injury/unknown,RAN OFF ROAD RIGHT,39.18717217,-86.55516468
9,5,1400.0,2-Car,No injury/unknown,OTHER (DRIVER) - EXPLAIN IN NARRATIVE,39.187154,-86.537762
4,7,2100.0,2-Car,Non-incapacitating,FOLLOWING TOO CLOSELY,39.18714624,-86.55501366
5,6,1100.0,2-Car,No injury/unknown,FAILURE TO YIELD RIGHT OF WAY,39.187136,-86.537856
9,2,1600.0,2-Car,No injury/unknown,OTHER (DRIVER) - EXPLAIN IN NARRATIVE,39.1870868,-86.55138535
12,3,1700.0,2-Car,No injury/unknown,FOLLOWING TOO CLOSELY,39.1870868,-86.55138535
12,2,1700.0,2-Car,No injury/unknown,FOLLOWING TOO CLOSELY,39.1870868,-86.55138535
7,2,1600.0,3+ Cars,Non-incapacitating,FOLLOWING TOO CLOSELY,39.186944,-86.5468
9,6,800.0,2-Car,No injury/unknown,DRIVER DISTRACTED - EXPLAIN IN NARRATIVE,39.186944,-86.5468
11,4,700.0,2-Car,Non-incapacitating,FAILURE TO YIELD RIGHT OF WAY,39.186944,-86.5468
10,7,1400.0,2-Car,Non-incapacitating,FOLLOWING TOO CLOSELY,39.18693279,-86.54644761
12,6,1600.0,2-Car,Non-incapacitating,FOLLOWING TOO CLOSELY,39.18693279,-86.54644761
2,7,400.0,1-Car,Non-incapacitating,RAN OFF ROAD RIGHT,39.18689677,-86.54594779
6,5,400.0,1-Car,Non-incapacitating,RAN OFF ROAD RIGHT,39.18677635,-86.54327784
12,4,600.0,1-Car,No injury/unknown,ROADWAY SURFACE CONDITION,39.186752,-86.611504
2,2,700.0,2-Car,No injury/unknown,OTHER (ENVIRONMENTAL) - EXPLAIN IN NARR,39.18663826,-86.54000207
2,7,1900.0,1-Car,No injury/unknown,ROADWAY SURFACE CONDITION,39.18662255,-86.53964972
12,6,1600.0,2-Car,Non-incapacitating,FOLLOWING TOO CLOSELY,39.18660685,-86.53929738
1,5,900.0,2-Car,Non-incapacitating,SPEED TOO FAST FOR WEATHER CONDITIONS,39.18659114,-86.53894503
2,7,1900.0,1-Car,No injury/unknown,ROADWAY SURFACE CONDITION,39.18659114,-86.53894503
1,3,600.0,1-Car,No injury/unknown,SPEED TOO FAST FOR WEATHER CONDITIONS,39.18658328,-86.53876886
2,3,0.0,1-Car,No injury/unknown,SPEED TOO FAST FOR WEATHER CONDITIONS,39.18657543,-86.53859269
7,5,700.0,2-Car,Non-incapacitating,OTHER (DRIVER) - EXPLAIN IN NARRATIVE,39.18657543,-86.53859269
4,4,1600.0,2-Car,No injury/unknown,IMPROPER LANE USAGE,39.186544,-86.537888
5,5,900.0,2-Car,No injury/unknown,FAILURE TO YIELD RIGHT OF WAY,39.186544,-86.537888
7,2,1400.0,3+ Cars,Non-incapacitating,FAILURE TO YIELD RIGHT OF WAY,39.186544,-86.537888
7,2,1500.0,2-Car,Non-incapacitating,FAILURE TO YIELD RIGHT OF WAY,39.186544,-86.537888
9,4,1600.0,2-Car,No injury/unknown,FOLLOWING TOO CLOSELY,39.186544,-86.537888
10,7,1200.0,3+ Cars,No injury/unknown,FOLLOWING TOO CLOSELY,39.186544,-86.537888
10,1,100.0,2-Car,No injury/unknown,DISREGARD SIGNAL/REG SIGN,39.186544,-86.537888
10,1,2200.0,Moped/Motorcycle,Non-incapacitating,HOLES/RUTS IN SURFACE,39.186544,-86.537888
11,3,1500.0,Bus,No injury/unknown,IMPROPER PASSING,39.186544,-86.537888
12,2,800.0,2-Car,No injury/unknown,DRIVER DISTRACTED - EXPLAIN IN NARRATIVE,39.186544,-86.537888
12,2,1900.0,2-Car,Non-incapacitating,FAILURE TO YIELD RIGHT OF WAY,39.186544,-86.537888
12,5,600.0,3+ Cars,Non-incapacitating,DISREGARD SIGNAL/REG SIGN,39.186544,-86.537888
7,1,300.0,1-Car,No injury/unknown,,39.18646208,-86.54611039
7,4,1100.0,2-Car,Non-incapacitating,OTHER (DRIVER) - EXPLAIN IN NARRATIVE,39.18643792,-86.53612866
11,1,1500.0,2-Car,Non-incapacitating,FOLLOWING TOO CLOSELY,39.18643792,-86.53612866
1,1,1900.0,2-Car,No injury/unknown,UNSAFE BACKING,39.186368,-86.5344
1,1,1000.0,2-Car,No injury/unknown,FOLLOWING TOO CLOSELY,39.186368,-86.5344
2,5,1900.0,2-Car,Non-incapacitating,FAILURE TO YIELD RIGHT OF WAY,39.186368,-86.5344
2,6,1800.0,2-Car,No injury/unknown,LEFT OF CENTER,39.186368,-86.5344
4,4,1600.0,2-Car,No injury/unknown,FOLLOWING TOO CLOSELY,39.186368,-86.5344
4,6,1200.0,2-Car,No injury/unknown,FOLLOWING TOO CLOSELY,39.186368,-86.5344
4,1,1700.0,2-Car,No injury/unknown,FOLLOWING TOO CLOSELY,39.186368,-86.5344
5,4,1000.0,2-Car,Non-incapacitating,DISREGARD SIGNAL/REG SIGN,39.186368,-86.5344
6,2,0.0,2-Car,Non-incapacitating,SPEED TOO FAST FOR WEATHER CONDITIONS,39.186368,-86.5344
7,4,1000.0,2-Car,No injury/unknown,DISREGARD SIGNAL/REG SIGN,39.186368,-86.5344
9,6,1500.0,2-Car,Non-incapacitating,FOLLOWING TOO CLOSELY,39.186368,-86.5344
11,4,100.0,1-Car,No injury/unknown,RAN OFF ROAD RIGHT,39.186368,-86.5344
10,2,2000.0,3+ Cars,No injury/unknown,FOLLOWING TOO CLOSELY,39.186368,-86.5344
11,1,1800.0,2-Car,No injury/unknown,IMPROPER LANE USAGE,39.186368,-86.5344
12,3,1300.0,2-Car,No injury/unknown,UNSAFE LANE MOVEMENT,39.186368,-86.5344
11,4,1400.0,2-Car,No injury/unknown,FAILURE TO YIELD RIGHT OF WAY,39.18636612,-86.53408238
8,6,1500.0,2-Car,No injury/unknown,FAILURE TO YIELD RIGHT OF WAY,39.18636487,-86.53387063
6,1,1200.0,2-Car,No injury/unknown,FAILURE TO YIELD RIGHT OF WAY,39.18636383,-86.53369418
7,1,900.0,2-Car,Non-incapacitating,FOLLOWING TOO CLOSELY,39.18636174,-86.53334127
4,6,700.0,2-Car,No injury/unknown,DRIVER ILLNESS,39.18635873,-86.53457606
11,1,1600.0,2-Car,Non-incapacitating,FOLLOWING TOO CLOSELY,39.18635624,-86.52943611
9,4,1800.0,2-Car,No injury/unknown,UNSAFE BACKING,39.186354,-86.535259
11,1,1800.0,Pedestrian,Incapacitating,PEDESTRIAN ACTION,39.18635204,-86.52496679
6,6,900.0,2-Car,Non-incapacitating,DRIVER DISTRACTED - EXPLAIN IN NARRATIVE,39.18635203,-86.52673139
9,7,2000.0,2-Car,Non-incapacitating,LEFT OF CENTER,39.18635203,-86.52673139
12,7,2100.0,1-Car,No injury/unknown,ANIMAL/OBJECT IN ROADWAY,39.18635202,-86.52779016
1,7,1000.0,2-Car,No injury/unknown,DRIVER DISTRACTED - EXPLAIN IN NARRATIVE,39.186352,-86.52943908
12,2,1000.0,3+ Cars,Non-incapacitating,DRIVER DISTRACTED - EXPLAIN IN NARRATIVE,39.186352,-86.52955476
1,7,2200.0,2-Car,No injury/unknown,IMPROPER LANE USAGE,39.186352,-86.528496
1,6,1900.0,2-Car,No injury/unknown,FAILURE TO YIELD RIGHT OF WAY,39.186352,-86.531696
1,1,1200.0,2-Car,No injury/unknown,DISREGARD SIGNAL/REG SIGN,39.186352,-86.528496
2,5,2300.0,3+ Cars,Non-incapacitating,CELL PHONE USAGE,39.186352,-86.528496
3,7,1600.0,2-Car,No injury/unknown,DISREGARD SIGNAL/REG SIGN,39.186352,-86.528496
4,5,2000.0,2-Car,No injury/unknown,FOLLOWING TOO CLOSELY,39.186352,-86.528496
4,6,1200.0,2-Car,No injury/unknown,FOLLOWING TOO CLOSELY,39.186352,-86.529792
4,6,2000.0,3+ Cars,Non-incapacitating,FOLLOWING TOO CLOSELY,39.186352,-86.531696
5,3,700.0,2-Car,No injury/unknown,OTHER (DRIVER) - EXPLAIN IN NARRATIVE,39.186352,-86.528496
6,7,1400.0,2-Car,Non-incapacitating,FOLLOWING TOO CLOSELY,39.186352,-86.528496
8,6,1700.0,3+ Cars,Non-incapacitating,FOLLOWING TOO CLOSELY,39.186352,-86.528496
8,2,1500.0,2-Car,No injury/unknown,FOLLOWING TOO CLOSELY,39.186352,-86.528496
8,3,1300.0,2-Car,No injury/unknown,OTHER (DRIVER) - EXPLAIN IN NARRATIVE,39.186352,-86.531696
9,4,1500.0,3+ Cars,No injury/unknown,FOLLOWING TOO CLOSELY,39.186352,-86.528496
10,3,1300.0,1-Car,No injury/unknown,BRAKE FAILURE OR DEFECTIVE,39.186352,-86.534704
10,1,1600.0,2-Car,No injury/unknown,FAILURE TO YIELD RIGHT OF WAY,39.186352,-86.528496
11,4,800.0,1-Car,No injury/unknown,GLARE,39.186352,-86.534704
11,1,1000.0,2-Car,No injury/unknown,FOLLOWING TOO CLOSELY,39.186352,-86.534704
11,1,1300.0,2-Car,Non-incapacitating,FOLLOWING TOO CLOSELY,39.186352,-86.529792
11,1,1300.0,2-Car,Non-incapacitating,FOLLOWING TOO CLOSELY,39.186352,-86.529792
7,2,2000.0,2-Car,Non-incapacitating,FOLLOWING TOO CLOSELY,39.18632523,-86.53454894
7,3,1300.0,2-Car,Non-incapacitating,DISREGARD SIGNAL/REG SIGN,39.18632523,-86.53454894
9,2,1800.0,2-Car,Non-incapacitating,FAILURE TO YIELD RIGHT OF WAY,39.18632523,-86.53454894
11,5,1700.0,2-Car,No injury/unknown,FAILURE TO YIELD RIGHT OF WAY,39.18632523,-86.53454894
12,1,2200.0,2-Car,No injury/unknown,IMPROPER PASSING,39.18632523,-86.53454894
3,6,1000.0,1-Car,Non-incapacitating,RAN OFF ROAD RIGHT,39.186325,-86.532807
1,5,1000.0,2-Car,Non-incapacitating,DRIVER DISTRACTED - EXPLAIN IN NARRATIVE,39.18624327,-86.52216216
3,3,1900.0,2-Car,Non-incapacitating,FOLLOWING TOO CLOSELY,39.18624327,-86.52217946
9,6,200.0,1-Car,No injury/unknown,ANIMAL/OBJECT IN ROADWAY,39.18624327,-86.52217514
2,3,1200.0,3+ Cars,No injury/unknown,UNSAFE BACKING,39.186048,-86.550976
11,2,700.0,2-Car,Non-incapacitating,LEFT OF CENTER,39.186048,-86.550976
1,7,1400.0,2-Car,No injury/unknown,FOLLOWING TOO CLOSELY,39.186032,-86.51984
5,2,1300.0,2-Car,No injury/unknown,OTHER (DRIVER) - EXPLAIN IN NARRATIVE,39.186032,-86.51984
9,2,1400.0,2-Car,No injury/unknown,OTHER (DRIVER) - EXPLAIN IN NARRATIVE,39.18595815,-86.53484
4,2,1600.0,2-Car,No injury/unknown,FOLLOWING TOO CLOSELY,39.18593682,-86.51914577
4,3,1600.0,2-Car,No injury/unknown,UNSAFE BACKING,39.18589867,-86.53787333
3,2,1300.0,1-Car,No injury/unknown,OTHER (VEHICLE) - EXPLAIN IN NARRATIVE,39.18584,-86.537872
4,1,2200.0,Bus,No injury/unknown,IMPROPER TURNING,39.18584,-86.537872
11,5,1600.0,2-Car,No injury/unknown,UNSAFE BACKING,39.18566953,-86.51800622
4,4,2000.0,2-Car,Non-incapacitating,FAILURE TO YIELD RIGHT OF WAY,39.185392,-86.537856
9,2,1500.0,2-Car,No injury/unknown,LEFT OF CENTER,39.185392,-86.537856
10,7,1100.0,2-Car,Non-incapacitating,FAILURE TO YIELD RIGHT OF WAY,39.185392,-86.537856
10,7,2000.0,2-Car,No injury/unknown,FAILURE TO YIELD RIGHT OF WAY,39.185392,-86.537856
3,5,1700.0,2-Car,No injury/unknown,UNSAFE BACKING,39.185232,-86.54060206
4,6,1600.0,2-Car,No injury/unknown,UNSAFE BACKING,39.185232,-86.54060206
10,4,1900.0,2-Car,No injury/unknown,SPEED TOO FAST FOR WEATHER CONDITIONS,39.1852,-86.541952
12,7,0.0,2-Car,No injury/unknown,OTHER (DRIVER) - EXPLAIN IN NARRATIVE,39.185152,-86.535296
11,4,2300.0,2-Car,No injury/unknown,OTHER (DRIVER) - EXPLAIN IN NARRATIVE,39.18508,-86.540075
12,1,1400.0,1-Car,No injury/unknown,UNSAFE SPEED,39.18506,-86.53778
1,2,1300.0,2-Car,No injury/unknown,UNSAFE BACKING,39.18503091,-86.54002675
1,2,900.0,1-Car,Non-incapacitating,RAN OFF ROAD RIGHT,39.18466483,-86.55597698
4,2,2000.0,2-Car,No injury/unknown,LEFT OF CENTER,39.18454,-86.538343
8,3,0.0,1-Car,Non-incapacitating,RAN OFF ROAD RIGHT,39.18453,-86.53777
9,1,200.0,Pedestrian,No injury/unknown,OTHER (DRIVER) - EXPLAIN IN NARRATIVE,39.1845,-86.539055
11,3,500.0,2-Car,No injury/unknown,OTHER (DRIVER) - EXPLAIN IN NARRATIVE,39.1841412,-86.5344552
11,4,200.0,1-Car,No injury/unknown,BRAKE FAILURE OR DEFECTIVE,39.1841412,-86.5344552
1,1,400.0,1-Car,No injury/unknown,RAN OFF ROAD RIGHT,39.18391089,-86.55017804
10,6,900.0,2-Car,No injury/unknown,DISREGARD SIGNAL/REG SIGN,39.18384,-86.5192
2,7,1300.0,2-Car,No injury/unknown,SPEED TOO FAST FOR WEATHER CONDITIONS,39.18377,-86.5168773
9,5,1800.0,Pedestrian,Incapacitating,PEDESTRIAN ACTION,39.18377,-86.51686
4,1,1300.0,2-Car,No injury/unknown,UNSAFE BACKING,39.183756,-86.518438
5,4,800.0,2-Car,Non-incapacitating,FAILURE TO YIELD RIGHT OF WAY,39.183696,-86.534304
12,5,1400.0,2-Car,No injury/unknown,,39.183664,-86.530416
4,6,2000.0,2-Car,No injury/unknown,UNSAFE BACKING,39.183662,-86.530469
11,3,1400.0,2-Car,No injury/unknown,UNSAFE BACKING,39.18350109,-86.53424
4,6,1300.0,2-Car,No injury/unknown,UNSAFE BACKING,39.18341216,-86.53878365
8,6,200.0,2-Car,No injury/unknown,OTHER (VEHICLE) - EXPLAIN IN NARRATIVE,39.18341,-86.539163
8,6,1400.0,2-Car,No injury/unknown,UNSAFE BACKING,39.18341,-86.538878
10,1,0.0,2-Car,No injury/unknown,IMPROPER TURNING,39.183389,-86.53112
3,4,100.0,1-Car,Non-incapacitating,LEFT OF CENTER,39.18336,-86.53419327
5,1,1000.0,2-Car,Non-incapacitating,DISREGARD SIGNAL/REG SIGN,39.18336,-86.53415
12,2,2000.0,2-Car,Non-incapacitating,FAILURE TO YIELD RIGHT OF WAY,39.18336,-86.53415
7,4,1200.0,2-Car,No injury/unknown,OTHER (DRIVER) - EXPLAIN IN NARRATIVE,39.183325,-86.534144
2,6,1700.0,2-Car,Non-incapacitating,FOLLOWING TOO CLOSELY,39.18332088,-86.51173353
2,6,1700.0,2-Car,Non-incapacitating,FOLLOWING TOO CLOSELY,39.18330425,-86.51171744
9,6,0.0,1-Car,Non-incapacitating,RAN OFF ROAD RIGHT,39.18325344,-86.47083133
2,5,2300.0,Pedestrian,Non-incapacitating,PEDESTRIAN ACTION,39.18325061,-86.52842251
12,6,2100.0,3+ Cars,Non-incapacitating,FOLLOWING TOO CLOSELY,39.18323799,-86.51177094
11,6,800.0,2-Car,No injury/unknown,FAILURE TO YIELD RIGHT OF WAY,39.1832,-86.531219
12,4,800.0,1-Car,No injury/unknown,ROADWAY SURFACE CONDITION,39.18311,-86.537759
3,1,700.0,2-Car,No injury/unknown,OTHER (VEHICLE) - EXPLAIN IN NARRATIVE,39.183091,-86.544049
8,2,2200.0,2-Car,No injury/unknown,UNSAFE BACKING,39.182976,-86.528416
3,7,2100.0,2-Car,No injury/unknown,UNSAFE BACKING,39.18293877,-86.52903226
2,1,1400.0,2-Car,No injury/unknown,OTHER (DRIVER) - EXPLAIN IN NARRATIVE,39.18293354,-86.52915251
10,1,200.0,2-Car,No injury/unknown,FAILURE TO YIELD RIGHT OF WAY,39.182925,-86.534639
2,3,1800.0,2-Car,No injury/unknown,ROADWAY SURFACE CONDITION,39.18291965,-86.52947214
4,3,2100.0,2-Car,No injury/unknown,UNSAFE BACKING,39.182649,-86.53777
5,2,2200.0,1-Car,No injury/unknown,SPEED TOO FAST FOR WEATHER CONDITIONS,39.18257879,-86.47143913
2,4,2000.0,2-Car,Non-incapacitating,FAILURE TO YIELD RIGHT OF WAY,39.18242962,-86.51914028
3,1,100.0,2-Car,No injury/unknown,FOLLOWING TOO CLOSELY,39.18237738,-86.51263769
4,6,2200.0,2-Car,No injury/unknown,SPEED TOO FAST FOR WEATHER CONDITIONS,39.18237738,-86.51262039
12,4,900.0,3+ Cars,Non-incapacitating,FAILURE TO YIELD RIGHT OF WAY,39.18237738,-86.51264201
8,6,1900.0,2-Car,No injury/unknown,IMPROPER LANE USAGE,39.18218696,-86.51639
8,2,1700.0,2-Car,No injury/unknown,UNSAFE BACKING,39.18218533,-86.518314
5,7,1100.0,2-Car,No injury/unknown,UNSAFE BACKING,39.18217024,-86.51912929
8,1,100.0,2-Car,No injury/unknown,,39.18215633,-86.51248
4,3,2000.0,2-Car,No injury/unknown,,39.18203331,-86.53375804
2,1,1900.0,1-Car,No injury/unknown,ANIMAL/OBJECT IN ROADWAY,39.18193019,-86.55702423
10,2,200.0,2-Car,No injury/unknown,,39.181888,-86.542016
2,5,2000.0,2-Car,No injury/unknown,SPEED TOO FAST FOR WEATHER CONDITIONS,39.18184,-86.5284
11,1,1600.0,2-Car,No injury/unknown,UNSAFE BACKING,39.181744,-86.530192
5,5,1100.0,2-Car,No injury/unknown,UNSAFE BACKING,39.18173882,-86.51886
3,7,300.0,2-Car,No injury/unknown,UNSAFE SPEED,39.181552,-86.5336
9,1,1200.0,2-Car,No injury/unknown,FAILURE TO YIELD RIGHT OF WAY,39.181552,-86.5336
9,4,1800.0,2-Car,No injury/unknown,UNSAFE BACKING,39.18139,-86.534672
1,6,300.0,1-Car,No injury/unknown,RAN OFF ROAD RIGHT,39.181344,-86.637104
8,7,1400.0,2-Car,No injury/unknown,FAILURE TO YIELD RIGHT OF WAY,39.181344,-86.637104
10,7,100.0,2-Car,No injury/unknown,LEFT OF CENTER,39.18128,-86.531792
7,6,800.0,2-Car,No injury/unknown,UNSAFE BACKING,39.18125061,-86.53612
10,5,1900.0,1-Car,Non-incapacitating,ANIMAL/OBJECT IN ROADWAY,39.1811444,-86.50890273
1,2,1600.0,2-Car,No injury/unknown,FAILURE TO YIELD RIGHT OF WAY,39.18112,-86.530816
10,1,2200.0,2-Car,No injury/unknown,UNSAFE BACKING,39.18112,-86.530816
1,3,1200.0,2-Car,No injury/unknown,OTHER (DRIVER) - EXPLAIN IN NARRATIVE,39.181101,-86.530839
1,6,1100.0,2-Car,No injury/unknown,FAILURE TO YIELD RIGHT OF WAY,39.18108658,-86.55379641
1,3,2100.0,3+ Cars,Non-incapacitating,FOLLOWING TOO CLOSELY,39.18104,-86.5284
3,4,1000.0,2-Car,No injury/unknown,IMPROPER TURNING,39.18104,-86.5284
9,7,1600.0,Cyclist,Non-incapacitating,UNSAFE LANE MOVEMENT,39.18104,-86.5284
9,2,1200.0,2-Car,No injury/unknown,FAILURE TO YIELD RIGHT OF WAY,39.18104,-86.5284
12,4,1100.0,2-Car,No injury/unknown,FAILURE TO YIELD RIGHT OF WAY,39.18104,-86.5284
12,6,1700.0,2-Car,No injury/unknown,FAILURE TO YIELD RIGHT OF WAY,39.18104,-86.5284
12,6,800.0,2-Car,Non-incapacitating,FAILURE TO YIELD RIGHT OF WAY,39.18104,-86.5284
1,1,300.0,2-Car,No injury/unknown,OTHER (DRIVER) - EXPLAIN IN NARRATIVE,39.180944,-86.540496
7,7,1700.0,2-Car,No injury/unknown,OTHER (DRIVER) - EXPLAIN IN NARRATIVE,39.18079265,-86.54067618
5,5,400.0,1-Car,No injury/unknown,ANIMAL/OBJECT IN ROADWAY,39.1807259,-86.55787222
8,2,1200.0,2-Car,Non-incapacitating,FAILURE TO YIELD RIGHT OF WAY,39.18056,-86.543968
9,1,600.0,2-Car,No injury/unknown,,39.18056,-86.543968
3,7,1300.0,2-Car,No injury/unknown,UNSAFE BACKING,39.18054912,-86.51906065
2,7,0.0,2-Car,No injury/unknown,UNSAFE BACKING,39.180529,-86.511011
5,3,600.0,1-Car,No injury/unknown,ANIMAL/OBJECT IN ROADWAY,39.18039903,-86.50786573
3,6,1800.0,1-Car,No injury/unknown,VIEW OBSTRUCTED,39.180357,-86.519098
11,4,1100.0,3+ Cars,No injury/unknown,OVERCORRECTING/OVERSTEERING,39.180352,-86.5284
11,5,1600.0,2-Car,No injury/unknown,OTHER (DRIVER) - EXPLAIN IN NARRATIVE,39.180352,-86.5284
11,6,1600.0,2-Car,Incapacitating,BRAKE FAILURE OR DEFECTIVE,39.180352,-86.5284
12,2,900.0,Bus,No injury/unknown,FAILURE TO YIELD RIGHT OF WAY,39.180352,-86.5284
6,7,0.0,Pedestrian,No injury/unknown,PEDESTRIAN ACTION,39.18012565,-86.54852324
10,2,1900.0,1-Car,No injury/unknown,ANIMAL/OBJECT IN ROADWAY,39.18011952,-86.50747687
5,1,0.0,Cyclist,Non-incapacitating,IMPROPER PASSING,39.18005,-86.53995
8,3,1800.0,1-Car,No injury/unknown,BRAKE FAILURE OR DEFECTIVE,39.180048,-86.544
11,5,1700.0,2-Car,No injury/unknown,UNSAFE BACKING,39.17997438,-86.54842034
1,1,2300.0,2-Car,No injury/unknown,FOLLOWING TOO CLOSELY,39.17984,-86.507088
4,2,700.0,2-Car,No injury/unknown,FOLLOWING TOO CLOSELY,39.17984,-86.507088
6,1,2100.0,1-Car,No injury/unknown,ANIMAL/OBJECT IN ROADWAY,39.17984,-86.507088
6,2,1500.0,3+ Cars,Incapacitating,LEFT OF CENTER,39.17984,-86.507088
10,7,2000.0,2-Car,No injury/unknown,FAILURE TO YIELD RIGHT OF WAY,39.17984,-86.507088
10,6,1400.0,2-Car,No injury/unknown,FOLLOWING TOO CLOSELY,39.17984,-86.507088
6,7,1400.0,2-Car,No injury/unknown,UNSAFE BACKING,39.17983827,-86.53471672
9,3,1900.0,2-Car,No injury/unknown,FOLLOWING TOO CLOSELY,39.17971702,-86.50722818
11,5,1600.0,2-Car,No injury/unknown,FAILURE TO YIELD RIGHT OF WAY,39.17971702,-86.50722818
12,2,1100.0,2-Car,No injury/unknown,FOLLOWING TOO CLOSELY,39.17971702,-86.50722818
5,7,2100.0,3+ Cars,Non-incapacitating,RAN OFF ROAD RIGHT,39.17957095,-86.55823894
1,4,900.0,1-Car,No injury/unknown,UNSAFE SPEED,39.17952,-86.5948
2,2,1700.0,1-Car,No injury/unknown,SPEED TOO FAST FOR WEATHER CONDITIONS,39.17937475,-86.50671279
4,6,1500.0,1-Car,No injury/unknown,OTHER (DRIVER) - EXPLAIN IN NARRATIVE,39.1793458,-86.54728221
8,7,2000.0,2-Car,No injury/unknown,UNSAFE BACKING,39.179319,-86.510935
2,7,600.0,1-Car,No injury/unknown,ROADWAY SURFACE CONDITION,39.17925,-86.5084
3,5,1500.0,2-Car,No injury/unknown,OTHER (DRIVER) - EXPLAIN IN NARRATIVE,39.17925,-86.5084
4,2,1000.0,2-Car,No injury/unknown,FAILURE TO YIELD RIGHT OF WAY,39.17925,-86.5084
9,7,1800.0,1-Car,Non-incapacitating,RAN OFF ROAD RIGHT,39.179248,-86.54745689
1,2,1800.0,2-Car,No injury/unknown,OTHER (DRIVER) - EXPLAIN IN NARRATIVE,39.179248,-86.547104
1,5,1400.0,2-Car,No injury/unknown,LEFT OF CENTER,39.179248,-86.5832
2,6,1800.0,2-Car,Non-incapacitating,ROADWAY SURFACE CONDITION,39.179248,-86.552592
5,7,700.0,2-Car,No injury/unknown,OTHER (DRIVER) - EXPLAIN IN NARRATIVE,39.179248,-86.547104
5,2,1400.0,2-Car,No injury/unknown,FAILURE TO YIELD RIGHT OF WAY,39.179248,-86.547104
5,6,600.0,Pedestrian,No injury/unknown,NONE (DRIVER),39.179248,-86.5832
8,3,1700.0,2-Car,No injury/unknown,DRIVER DISTRACTED - EXPLAIN IN NARRATIVE,39.179248,-86.5832
8,2,1000.0,2-Car,No injury/unknown,UNSAFE SPEED,39.179248,-86.5832
9,3,1300.0,2-Car,No injury/unknown,OTHER (DRIVER) - EXPLAIN IN NARRATIVE,39.179248,-86.5832
9,3,1700.0,2-Car,No injury/unknown,FAILURE TO YIELD RIGHT OF WAY,39.179248,-86.547104
10,2,2000.0,1-Car,No injury/unknown,ANIMAL/OBJECT IN ROADWAY,39.179248,-86.5832
11,7,2100.0,1-Car,No injury/unknown,SPEED TOO FAST FOR WEATHER CONDITIONS,39.179248,-86.556592
11,2,1600.0,2-Car,No injury/unknown,FAILURE TO YIELD RIGHT OF WAY,39.179248,-86.5832
1,2,1600.0,2-Car,No injury/unknown,FAILURE TO YIELD RIGHT OF WAY,39.17922,-86.5471
3,6,800.0,2-Car,No injury/unknown,OTHER (DRIVER) - EXPLAIN IN NARRATIVE,39.17921,-86.56804
12,4,1500.0,1-Car,Non-incapacitating,SPEED TOO FAST FOR WEATHER CONDITIONS,39.17921,-86.56804
9,7,700.0,2-Car,Non-incapacitating,FAILURE TO YIELD RIGHT OF WAY,39.17920007,-86.58308566
9,3,1300.0,2-Car,Non-incapacitating,FAILURE TO YIELD RIGHT OF WAY,39.17920007,-86.58309102
1,5,1200.0,2-Car,No injury/unknown,FOLLOWING TOO CLOSELY,39.17917052,-86.5377895
7,6,1400.0,3+ Cars,Non-incapacitating,FOLLOWING TOO CLOSELY,39.17913551,-86.53486
6,3,1500.0,2-Car,No injury/unknown,IMPROPER TURNING,39.17913551,-86.53486
2,6,400.0,1-Car,No injury/unknown,OTHER (DRIVER) - EXPLAIN IN NARRATIVE,39.1791262,-86.53084702
3,6,1500.0,2-Car,No injury/unknown,UNSAFE BACKING,39.179104,-86.544016
9,5,700.0,2-Car,Non-incapacitating,FAILURE TO YIELD RIGHT OF WAY,39.179104,-86.544016