Month,Day,Hour,Collision Type,Injury Type,Primary Factor,Latitude,Longitude
10,1,1700.0,2-Car,No injury/unknown,IMPROPER TURNING,39.179104,-86.544016
11,2,1800.0,Moped/Motorcycle,Non-incapacitating,FOLLOWING TOO CLOSELY,39.179104,-86.544016
12,3,1500.0,2-Car,Non-incapacitating,FAILURE TO YIELD RIGHT OF WAY,39.179104,-86.544016
1,6,2000.0,2-Car,No injury/unknown,UNSAFE BACKING,39.17908408,-86.511088
7,3,1900.0,1-Car,No injury/unknown,DRIVER DISTRACTED - EXPLAIN IN NARRATIVE,39.17908,-86.550437
1,2,1100.0,2-Car,No injury/unknown,FOLLOWING TOO CLOSELY,39.17904,-86.5284
1,6,1100.0,1-Car,Non-incapacitating,OTHER (VEHICLE) - EXPLAIN IN NARRATIVE,39.17904,-86.5284
2,6,1400.0,2-Car,No injury/unknown,UNSAFE SPEED,39.17904,-86.5284
3,3,1100.0,2-Car,No injury/unknown,OTHER (DRIVER) - EXPLAIN IN NARRATIVE,39.17904,-86.530848
4,6,1200.0,2-Car,No injury/unknown,OTHER (DRIVER) - EXPLAIN IN NARRATIVE,39.17904,-86.530848
4,3,700.0,2-Car,No injury/unknown,DRIVER DISTRACTED - EXPLAIN IN NARRATIVE,39.17904,-86.542096
4,5,1700.0,2-Car,No injury/unknown,FOLLOWING TOO CLOSELY,39.17904,-86.5284
9,3,1700.0,2-Car,No injury/unknown,FAILURE TO YIELD RIGHT OF WAY,39.17904,-86.530848
9,7,0.0,2-Car,No injury/unknown,OTHER (DRIVER) - EXPLAIN IN NARRATIVE,39.17904,-86.532096
9,3,1700.0,2-Car,No injury/unknown,FOLLOWING TOO CLOSELY,39.17904,-86.530848
10,4,2000.0,2-Car,No injury/unknown,FAILURE TO YIELD RIGHT OF WAY,39.17904,-86.530848
10,5,1200.0,2-Car,No injury/unknown,UNSAFE SPEED,39.17904,-86.5284
10,6,1200.0,1-Car,No injury/unknown,BRAKE FAILURE OR DEFECTIVE,39.17904,-86.532096
10,7,1600.0,2-Car,No injury/unknown,FAILURE TO YIELD RIGHT OF WAY,39.17904,-86.530848
11,2,1400.0,Bus,No injury/unknown,OTHER (DRIVER) - EXPLAIN IN NARRATIVE,39.17904,-86.5284
11,3,1700.0,2-Car,Non-incapacitating,FOLLOWING TOO CLOSELY,39.17904,-86.542096
12,4,900.0,2-Car,No injury/unknown,OTHER (DRIVER) - EXPLAIN IN NARRATIVE,39.17904,-86.542096
10,5,1500.0,2-Car,No injury/unknown,IMPROPER TURNING,39.17902717,-86.52590192
11,6,1100.0,2-Car,No injury/unknown,WRONG WAY ON ONE WAY,39.17902717,-86.52707238
3,5,1600.0,2-Car,Non-incapacitating,FAILURE TO YIELD RIGHT OF WAY,39.179024,-86.539616
8,1,300.0,1-Car,No injury/unknown,RAN OFF ROAD RIGHT,39.179024,-86.5272
8,5,500.0,1-Car,No injury/unknown,RAN OFF ROAD RIGHT,39.179024,-86.5272
9,5,1700.0,2-Car,No injury/unknown,FOLLOWING TOO CLOSELY,39.179024,-86.5272
10,6,1200.0,2-Car,No injury/unknown,UNSAFE BACKING,39.179024,-86.5272
10,7,900.0,Moped/Motorcycle,Non-incapacitating,FOLLOWING TOO CLOSELY,39.179024,-86.539616
1,5,1200.0,2-Car,No injury/unknown,FAILURE TO YIELD RIGHT OF WAY,39.17902034,-86.52837809
8,2,800.0,2-Car,No injury/unknown,FAILURE TO YIELD RIGHT OF WAY,39.17902034,-86.52835732
3,3,1400.0,2-Car,No injury/unknown,IMPROPER TURNING,39.17902,-86.525975
4,6,1200.0,2-Car,No injury/unknown,FOLLOWING TOO CLOSELY,39.17902,-86.5211
4,6,1700.0,2-Car,No injury/unknown,BRAKE FAILURE OR DEFECTIVE,39.17902,-86.525975
6,1,500.0,1-Car,No injury/unknown,RAN OFF ROAD RIGHT,39.17902,-86.52705
7,4,1700.0,2-Car,No injury/unknown,FAILURE TO YIELD RIGHT OF WAY,39.17902,-86.52705
8,2,1700.0,Moped/Motorcycle,No injury/unknown,FOLLOWING TOO CLOSELY,39.17902,-86.525975
9,5,1500.0,2-Car,No injury/unknown,FAILURE TO YIELD RIGHT OF WAY,39.17902,-86.521092
11,6,2000.0,2-Car,No injury/unknown,FOLLOWING TOO CLOSELY,39.17902,-86.52110865
12,1,1600.0,2-Car,No injury/unknown,UNSAFE BACKING,39.17902,-86.525975
3,5,1200.0,1-Car,No injury/unknown,UNSAFE BACKING,39.179008,-86.525888
4,3,1200.0,2-Car,No injury/unknown,UNSAFE BACKING,39.179008,-86.525888
10,4,1500.0,Bus,No injury/unknown,UNSAFE BACKING,39.179008,-86.525888
10,6,1600.0,3+ Cars,No injury/unknown,FOLLOWING TOO CLOSELY,39.179008,-86.525888
11,4,900.0,1-Car,No injury/unknown,OTHER (DRIVER) - EXPLAIN IN NARRATIVE,39.179008,-86.525888
2,3,100.0,1-Car,No injury/unknown,SPEED TOO FAST FOR WEATHER CONDITIONS,39.17899984,-86.52467167
1,7,2300.0,2-Car,Non-incapacitating,FAILURE TO YIELD RIGHT OF WAY,39.178992,-86.537792
2,2,1400.0,2-Car,Non-incapacitating,FOLLOWING TOO CLOSELY,39.178992,-86.537792
2,6,1500.0,2-Car,Non-incapacitating,UNSAFE BACKING,39.178992,-86.537792
2,3,100.0,2-Car,Non-incapacitating,SPEED TOO FAST FOR WEATHER CONDITIONS,39.178992,-86.537792
2,3,100.0,2-Car,No injury/unknown,UNSAFE BACKING,39.178992,-86.537792
3,7,1300.0,2-Car,No injury/unknown,UNSAFE SPEED,39.178992,-86.523504
4,7,2200.0,Moped/Motorcycle,Non-incapacitating,FAILURE TO YIELD RIGHT OF WAY,39.178992,-86.537792
5,2,1000.0,Moped/Motorcycle,Incapacitating,DISREGARD SIGNAL/REG SIGN,39.178992,-86.537792
5,7,1200.0,2-Car,No injury/unknown,FAILURE TO YIELD RIGHT OF WAY,39.178992,-86.523504
8,2,1100.0,2-Car,No injury/unknown,FOLLOWING TOO CLOSELY,39.178992,-86.537792
8,7,700.0,2-Car,No injury/unknown,DISREGARD SIGNAL/REG SIGN,39.178992,-86.537792
8,4,1700.0,2-Car,No injury/unknown,UNSAFE LANE MOVEMENT,39.178992,-86.537792
9,4,800.0,Bus,No injury/unknown,FAILURE TO YIELD RIGHT OF WAY,39.178992,-86.523504
10,2,1600.0,2-Car,No injury/unknown,FAILURE TO YIELD RIGHT OF WAY,39.178992,-86.537792
10,5,1500.0,2-Car,No injury/unknown,LEFT OF CENTER,39.178992,-86.537792
12,1,1600.0,2-Car,No injury/unknown,SPEED TOO FAST FOR WEATHER CONDITIONS,39.17899,-86.51895
10,4,1500.0,3+ Cars,No injury/unknown,FOLLOWING TOO CLOSELY,39.178976,-86.536032
11,3,1800.0,2-Car,No injury/unknown,DRIVER DISTRACTED - EXPLAIN IN NARRATIVE,39.178976,-86.536032
5,7,1900.0,2-Car,No injury/unknown,UNSAFE BACKING,39.17896033,-86.53474678
1,3,1700.0,2-Car,Non-incapacitating,UNSAFE BACKING,39.17896,-86.53472
2,6,1400.0,2-Car,No injury/unknown,FAILURE TO YIELD RIGHT OF WAY,39.17896,-86.53472
4,7,100.0,2-Car,No injury/unknown,UNSAFE BACKING,39.17896,-86.53472
4,6,1200.0,Moped/Motorcycle,Non-incapacitating,SPEED TOO FAST FOR WEATHER CONDITIONS,39.17896,-86.53472
5,4,1700.0,2-Car,No injury/unknown,DRIVER DISTRACTED - EXPLAIN IN NARRATIVE,39.17896,-86.53472
8,4,1700.0,2-Car,Non-incapacitating,DRIVER DISTRACTED - EXPLAIN IN NARRATIVE,39.17896,-86.521088
9,1,1000.0,2-Car,No injury/unknown,UNSAFE BACKING,39.17896,-86.521088
10,3,800.0,2-Car,No injury/unknown,UNSAFE BACKING,39.17896,-86.521088
10,5,900.0,2-Car,No injury/unknown,DRIVER DISTRACTED - EXPLAIN IN NARRATIVE,39.17896,-86.53472
10,7,1900.0,2-Car,No injury/unknown,UNSAFE BACKING,39.17896,-86.53472
11,1,900.0,2-Car,No injury/unknown,CELL PHONE USAGE,39.17896,-86.53472
2,4,800.0,2-Car,No injury/unknown,FAILURE TO YIELD RIGHT OF WAY,39.178944,-86.533392
3,3,1200.0,2-Car,Non-incapacitating,FAILURE TO YIELD RIGHT OF WAY,39.178944,-86.5296
7,5,1400.0,2-Car,Non-incapacitating,FOLLOWING TOO CLOSELY,39.178944,-86.533392
9,5,1100.0,1-Car,Non-incapacitating,DISREGARD SIGNAL/REG SIGN,39.178944,-86.533392
3,2,1700.0,2-Car,No injury/unknown,FOLLOWING TOO CLOSELY,39.17893878,-86.51969763
12,4,1600.0,2-Car,Non-incapacitating,FAILURE TO YIELD RIGHT OF WAY,39.17893838,-86.5309426
1,7,2200.0,Pedestrian,Non-incapacitating,OTHER (DRIVER) - EXPLAIN IN NARRATIVE,39.178928,-86.518992
3,4,1700.0,2-Car,Non-incapacitating,FOLLOWING TOO CLOSELY,39.178928,-86.518992
4,4,1700.0,Pedestrian,Non-incapacitating,PEDESTRIAN ACTION,39.178928,-86.518992
4,7,1600.0,2-Car,No injury/unknown,FAILURE TO YIELD RIGHT OF WAY,39.178928,-86.518992
12,4,700.0,1-Car,No injury/unknown,OVERCORRECTING/OVERSTEERING,39.178928,-86.518992
6,5,900.0,1-Car,No injury/unknown,OTHER (ENVIRONMENTAL) - EXPLAIN IN NARR,39.17891499,-86.51793348
12,6,1600.0,2-Car,No injury/unknown,FAILURE TO YIELD RIGHT OF WAY,39.178891,-86.515253
4,6,1800.0,3+ Cars,Non-incapacitating,FOLLOWING TOO CLOSELY,39.178848,-86.51197021
8,2,1700.0,2-Car,No injury/unknown,FAILURE TO YIELD RIGHT OF WAY,39.178848,-86.51214665
1,4,1000.0,2-Car,No injury/unknown,IMPROPER LANE USAGE,39.178848,-86.511088
1,2,2100.0,2-Car,No injury/unknown,ROADWAY SURFACE CONDITION,39.178848,-86.511088
1,3,1100.0,2-Car,No injury/unknown,UNSAFE BACKING,39.178848,-86.511088
2,6,2000.0,Bus,No injury/unknown,ROADWAY SURFACE CONDITION,39.178848,-86.511088
2,3,700.0,1-Car,No injury/unknown,TOW HITCH FAILURE,39.178848,-86.511088
4,4,1200.0,2-Car,No injury/unknown,UNSAFE SPEED,39.178848,-86.511088
9,4,1000.0,2-Car,No injury/unknown,UNSAFE BACKING,39.178848,-86.511088
10,4,800.0,2-Car,No injury/unknown,FOLLOWING TOO CLOSELY,39.178848,-86.511088
10,4,1600.0,2-Car,No injury/unknown,FOLLOWING TOO CLOSELY,39.178848,-86.51126444
12,6,500.0,2-Car,No injury/unknown,FOLLOWING TOO CLOSELY,39.178848,-86.511088
3,5,900.0,1-Car,Non-incapacitating,LEFT OF CENTER,39.17883607,-86.55658335
3,7,1900.0,2-Car,No injury/unknown,OTHER (DRIVER) - EXPLAIN IN NARRATIVE,39.178811,-86.475008
10,7,1300.0,2-Car,Non-incapacitating,SPEED TOO FAST FOR WEATHER CONDITIONS,39.17871742,-86.53778368
10,3,1200.0,1-Car,No injury/unknown,RAN OFF ROAD RIGHT,39.17869876,-86.55658046
11,3,2100.0,2-Car,No injury/unknown,OTHER (DRIVER) - EXPLAIN IN NARRATIVE,39.17857146,-86.53893392
2,7,1400.0,2-Car,No injury/unknown,FAILURE TO YIELD RIGHT OF WAY,39.17856339,-86.56000817
11,2,2000.0,2-Car,No injury/unknown,UNSAFE BACKING,39.17839758,-86.53339992
8,5,1700.0,2-Car,Non-incapacitating,FAILURE TO YIELD RIGHT OF WAY,39.17838952,-86.52672
8,4,1500.0,2-Car,No injury/unknown,FAILURE TO YIELD RIGHT OF WAY,39.17830692,-86.52688
12,5,300.0,3+ Cars,No injury/unknown,OTHER (DRIVER) - EXPLAIN IN NARRATIVE,39.178112,-86.512471
4,6,1900.0,2-Car,No injury/unknown,UNSAFE BACKING,39.178036,-86.512474
4,5,1700.0,2-Car,No injury/unknown,FAILURE TO YIELD RIGHT OF WAY,39.177942,-86.529705
1,3,900.0,2-Car,No injury/unknown,SPEED TOO FAST FOR WEATHER CONDITIONS,39.17791996,-86.50310274
10,4,1400.0,1-Car,Non-incapacitating,LEFT OF CENTER,39.17785275,-86.55653447
4,2,1000.0,2-Car,No injury/unknown,DISREGARD SIGNAL/REG SIGN,39.17784,-86.533408
6,4,1700.0,2-Car,No injury/unknown,FAILURE TO YIELD RIGHT OF WAY,39.17784,-86.533408
10,1,2100.0,2-Car,Non-incapacitating,UNSAFE LANE MOVEMENT,39.17784,-86.533408
7,3,1700.0,2-Car,Non-incapacitating,FAILURE TO YIELD RIGHT OF WAY,39.177808,-86.532176
10,7,1700.0,2-Car,Non-incapacitating,DISREGARD SIGNAL/REG SIGN,39.177808,-86.532176
12,6,100.0,3+ Cars,No injury/unknown,RAN OFF ROAD RIGHT,39.177805,-86.528349
9,4,1700.0,1-Car,No injury/unknown,UNSAFE LANE MOVEMENT,39.17778749,-86.58309109
8,3,1700.0,2-Car,No injury/unknown,OTHER (DRIVER) - EXPLAIN IN NARRATIVE,39.17776555,-86.52918204
2,2,2200.0,2-Car,No injury/unknown,FOLLOWING TOO CLOSELY,39.17775761,-86.53340933
2,3,1000.0,1-Car,No injury/unknown,RAN OFF ROAD RIGHT,39.177744,-86.53776
7,7,2000.0,2-Car,No injury/unknown,OVERCORRECTING/OVERSTEERING,39.177744,-86.583079
1,1,400.0,2-Car,No injury/unknown,UNSAFE BACKING,39.17772,-86.535969
3,7,1700.0,3+ Cars,Non-incapacitating,UNSAFE SPEED,39.1775537,-86.5612041
9,6,800.0,2-Car,No injury/unknown,FAILURE TO YIELD RIGHT OF WAY,39.1775537,-86.5612041
5,1,1100.0,2-Car,Non-incapacitating,UNSAFE SPEED,39.17737768,-86.5609886
8,4,1600.0,2-Car,No injury/unknown,FOLLOWING TOO CLOSELY,39.17737768,-86.5609886
3,3,1700.0,2-Car,No injury/unknown,DRIVER DISTRACTED - EXPLAIN IN NARRATIVE,39.17737085,-86.56095262
10,7,1100.0,2-Car,No injury/unknown,FOLLOWING TOO CLOSELY,39.17737085,-86.56096128
7,3,1900.0,1-Car,No injury/unknown,ANIMAL/OBJECT IN ROADWAY,39.1773049,-86.6242
2,2,1300.0,2-Car,No injury/unknown,IMPROPER PASSING,39.17729391,-86.5189799
3,2,100.0,1-Car,No injury/unknown,UNSAFE BACKING,39.17729391,-86.5189799
9,3,2000.0,Bus,No injury/unknown,UNSAFE BACKING,39.17729391,-86.5189799
10,7,1900.0,2-Car,No injury/unknown,OTHER (DRIVER) - EXPLAIN IN NARRATIVE,39.177152,-86.527152
8,6,1300.0,2-Car,No injury/unknown,RAN OFF ROAD RIGHT,39.176962,-86.533535
5,1,1900.0,2-Car,Non-incapacitating,IMPROPER LANE USAGE,39.17694922,-86.53342237
7,2,1500.0,2-Car,No injury/unknown,FOLLOWING TOO CLOSELY,39.17694788,-86.56192165
4,1,2100.0,1-Car,No injury/unknown,BRAKE FAILURE OR DEFECTIVE,39.17693682,-86.53223608
2,7,1500.0,2-Car,No injury/unknown,OTHER (DRIVER) - EXPLAIN IN NARRATIVE,39.176896,-86.53088
1,4,1200.0,2-Car,No injury/unknown,FOLLOWING TOO CLOSELY,39.17688,-86.534736
2,5,1300.0,2-Car,No injury/unknown,FAILURE TO YIELD RIGHT OF WAY,39.17688,-86.534736
4,6,1000.0,2-Car,Incapacitating,OTHER (DRIVER) - EXPLAIN IN NARRATIVE,39.17688,-86.534736
10,6,1500.0,2-Car,No injury/unknown,DISREGARD SIGNAL/REG SIGN,39.17688,-86.534736
11,7,0.0,3+ Cars,No injury/unknown,RAN OFF ROAD RIGHT,39.17685257,-86.53361143
1,6,1800.0,3+ Cars,Non-incapacitating,FOLLOWING TOO CLOSELY,39.176848,-86.478192
1,7,1200.0,2-Car,No injury/unknown,FAILURE TO YIELD RIGHT OF WAY,39.176848,-86.533424
2,5,1900.0,2-Car,No injury/unknown,VIEW OBSTRUCTED,39.176848,-86.533424
2,7,2000.0,Cyclist,Non-incapacitating,HEADLIGHT DEFECTIVE OR NOT ON,39.176848,-86.533424
7,6,1400.0,Pedestrian,Non-incapacitating,FAILURE TO YIELD RIGHT OF WAY,39.176848,-86.478192
8,2,1600.0,2-Car,No injury/unknown,UNSAFE LANE MOVEMENT,39.176848,-86.533424
8,3,1000.0,2-Car,No injury/unknown,FAILURE TO YIELD RIGHT OF WAY,39.176848,-86.478192
8,7,1100.0,2-Car,Non-incapacitating,FOLLOWING TOO CLOSELY,39.176848,-86.533424
9,6,1600.0,2-Car,No injury/unknown,FAILURE TO YIELD RIGHT OF WAY,39.176848,-86.533424
10,5,1400.0,Cyclist,Incapacitating,OVERCORRECTING/OVERSTEERING,39.176848,-86.533424
10,7,900.0,1-Car,No injury/unknown,IMPROPER TURNING,39.176848,-86.478192
10,7,100.0,2-Car,Non-incapacitating,UNSAFE LANE MOVEMENT,39.176848,-86.533424
11,3,1200.0,2-Car,No injury/unknown,DISREGARD SIGNAL/REG SIGN,39.176848,-86.478192
5,6,1700.0,Pedestrian,Non-incapacitating,PEDESTRIAN ACTION,39.17682561,-86.55648083
7,3,1000.0,2-Car,No injury/unknown,FOLLOWING TOO CLOSELY,39.17675101,-86.47836317
1,4,700.0,2-Car,No injury/unknown,FAILURE TO YIELD RIGHT OF WAY,39.17674594,-86.56216082
4,6,2000.0,3+ Cars,Non-incapacitating,DRIVER DISTRACTED - EXPLAIN IN NARRATIVE,39.17674594,-86.56216082
2,5,1000.0,2-Car,Non-incapacitating,FAILURE TO YIELD RIGHT OF WAY,39.17665,-86.55259
4,7,1600.0,2-Car,Non-incapacitating,FAILURE TO YIELD RIGHT OF WAY,39.17664,-86.539712
5,1,1400.0,2-Car,No injury/unknown,UNSAFE BACKING,39.17664,-86.542096
10,7,1300.0,2-Car,Non-incapacitating,FOLLOWING TOO CLOSELY,39.17664,-86.537712
1,4,1800.0,3+ Cars,Non-incapacitating,IMPROPER LANE USAGE,39.176544,-86.5624
2,6,2000.0,2-Car,No injury/unknown,FOLLOWING TOO CLOSELY,39.176544,-86.5624
3,6,1100.0,2-Car,Non-incapacitating,FOLLOWING TOO CLOSELY,39.176544,-86.5624
3,3,1100.0,2-Car,No injury/unknown,IMPROPER LANE USAGE,39.176544,-86.5624
2,5,2000.0,3+ Cars,Non-incapacitating,UNSAFE LANE MOVEMENT,39.176544,-86.5624
4,7,1400.0,2-Car,No injury/unknown,FOLLOWING TOO CLOSELY,39.176544,-86.5624
6,7,1000.0,2-Car,No injury/unknown,FOLLOWING TOO CLOSELY,39.176544,-86.5624
6,4,1000.0,2-Car,Non-incapacitating,DISREGARD SIGNAL/REG SIGN,39.176544,-86.5624
6,3,1200.0,2-Car,No injury/unknown,UNSAFE BACKING,39.176544,-86.5624
7,3,1800.0,2-Car,No injury/unknown,UNSAFE BACKING,39.176544,-86.5624
8,5,1300.0,2-Car,No injury/unknown,OTHER (DRIVER) - EXPLAIN IN NARRATIVE,39.176544,-86.5624
10,3,1200.0,2-Car,No injury/unknown,UNSAFE SPEED,39.176544,-86.5624
11,5,1700.0,2-Car,No injury/unknown,FOLLOWING TOO CLOSELY,39.176544,-86.5624
2,1,100.0,2-Car,No injury/unknown,,39.176467,-86.51886
4,1,1400.0,2-Car,No injury/unknown,OTHER (DRIVER) - EXPLAIN IN NARRATIVE,39.176467,-86.51886
10,4,1700.0,2-Car,No injury/unknown,FOLLOWING TOO CLOSELY,39.176467,-86.51886
8,4,1600.0,2-Car,No injury/unknown,OTHER (DRIVER) - EXPLAIN IN NARRATIVE,39.17635934,-86.56266121
9,2,1100.0,2-Car,No injury/unknown,UNSAFE BACKING,39.176288,-86.545584
1,6,1400.0,2-Car,Non-incapacitating,FAILURE TO YIELD RIGHT OF WAY,39.176192,-86.52712
11,6,1500.0,2-Car,No injury/unknown,FAILURE TO YIELD RIGHT OF WAY,39.176192,-86.52712
4,1,600.0,2-Car,No injury/unknown,UNSAFE BACKING,39.17617667,-86.52764894
9,5,1500.0,2-Car,No injury/unknown,FOLLOWING TOO CLOSELY,39.17617467,-86.56292242
8,3,1400.0,2-Car,No injury/unknown,FAILURE TO YIELD RIGHT OF WAY,39.17616,-86.528224
12,7,1500.0,2-Car,No injury/unknown,FAILURE TO YIELD RIGHT OF WAY,39.17616,-86.528224
8,2,2300.0,2-Car,No injury/unknown,UNSAFE BACKING,39.176144,-86.52456261
5,4,1200.0,1-Car,No injury/unknown,OTHER (ENVIRONMENTAL) - EXPLAIN IN NARR,39.176144,-86.520992
2,1,1200.0,2-Car,No injury/unknown,UNSAFE BACKING,39.17612549,-86.51898236
8,6,800.0,Pedestrian,Non-incapacitating,UNSAFE SPEED,39.17612549,-86.51898236
10,7,1200.0,2-Car,No injury/unknown,FOLLOWING TOO CLOSELY,39.176048,-86.537696
11,4,1000.0,2-Car,No injury/unknown,OTHER (DRIVER) - EXPLAIN IN NARRATIVE,39.17602997,-86.53678551
11,2,1800.0,2-Car,No injury/unknown,OTHER (DRIVER) - EXPLAIN IN NARRATIVE,39.17600436,-86.53054318
5,7,600.0,2-Car,Non-incapacitating,DRIVER DISTRACTED - EXPLAIN IN NARRATIVE,39.17599001,-86.56318363
1,7,2200.0,2-Car,No injury/unknown,FAILURE TO YIELD RIGHT OF WAY,39.175984,-86.534736
5,1,100.0,2-Car,No injury/unknown,FAILURE TO YIELD RIGHT OF WAY,39.175984,-86.534736
11,3,1600.0,2-Car,No injury/unknown,IMPROPER LANE USAGE,39.175984,-86.534736
4,7,1800.0,2-Car,No injury/unknown,,39.17596931,-86.53223118
9,6,2200.0,2-Car,No injury/unknown,UNSAFE BACKING,39.175959,-86.51336
5,3,200.0,2-Car,No injury/unknown,UNSAFE BACKING,39.17595494,-86.53322841
5,1,1300.0,2-Car,No injury/unknown,FAILURE TO YIELD RIGHT OF WAY,39.175952,-86.53344
6,6,1600.0,2-Car,No injury/unknown,IMPROPER LANE USAGE,39.175952,-86.53344
10,3,1600.0,2-Car,No injury/unknown,UNSAFE BACKING,39.175952,-86.53344
10,4,1000.0,2-Car,No injury/unknown,UNSAFE BACKING,39.17595,-86.534769
9,3,1600.0,Bus,No injury/unknown,UNSAFE BACKING,39.175897,-86.481528
11,4,700.0,2-Car,No injury/unknown,OTHER (DRIVER) - EXPLAIN IN NARRATIVE,39.175897,-86.481528
10,5,800.0,2-Car,No injury/unknown,IMPROPER TURNING,39.17579176,-86.5347397
2,5,800.0,3+ Cars,No injury/unknown,FAILURE TO YIELD RIGHT OF WAY,39.17562068,-86.56370604
1,2,100.0,1-Car,No injury/unknown,RAN OFF ROAD RIGHT,39.175552,-86.528192
2,6,500.0,1-Car,No injury/unknown,RAN OFF ROAD RIGHT,39.175552,-86.528192
3,6,500.0,1-Car,No injury/unknown,RAN OFF ROAD RIGHT,39.175552,-86.528192
11,7,300.0,Moped/Motorcycle,Non-incapacitating,DRIVER ILLNESS,39.175552,-86.528192
4,6,1100.0,2-Car,No injury/unknown,OTHER (DRIVER) - EXPLAIN IN NARRATIVE,39.1755262,-86.537696
1,6,2100.0,2-Car,Non-incapacitating,DISREGARD SIGNAL/REG SIGN,39.175504,-86.527104
6,7,200.0,2-Car,Non-incapacitating,FAILURE TO YIELD RIGHT OF WAY,39.175504,-86.527104
6,2,1400.0,2-Car,No injury/unknown,FAILURE TO YIELD RIGHT OF WAY,39.175504,-86.527104
8,2,1600.0,Cyclist,Non-incapacitating,FAILURE TO YIELD RIGHT OF WAY,39.175504,-86.527104
9,7,2300.0,3+ Cars,Non-incapacitating,FAILURE TO YIELD RIGHT OF WAY,39.175504,-86.527104
10,1,1100.0,2-Car,No injury/unknown,DRIVER DISTRACTED - EXPLAIN IN NARRATIVE,39.175504,-86.527104
10,5,2100.0,2-Car,No injury/unknown,FAILURE TO YIELD RIGHT OF WAY,39.175504,-86.527104
11,6,1300.0,Moped/Motorcycle,No injury/unknown,FAILURE TO YIELD RIGHT OF WAY,39.175504,-86.527104
11,7,1700.0,2-Car,No injury/unknown,FAILURE TO YIELD RIGHT OF WAY,39.175504,-86.527104
5,2,1500.0,2-Car,No injury/unknown,,39.175443,-86.513899
10,7,1500.0,2-Car,Non-incapacitating,DRIVER DISTRACTED - EXPLAIN IN NARRATIVE,39.17544,-86.525824
10,3,1400.0,2-Car,Non-incapacitating,FAILURE TO YIELD RIGHT OF WAY,39.17539053,-86.51397285
3,4,800.0,3+ Cars,No injury/unknown,OTHER (DRIVER) - EXPLAIN IN NARRATIVE,39.175344,-86.523488
4,7,1500.0,2-Car,No injury/unknown,FAILURE TO YIELD RIGHT OF WAY,39.175344,-86.523488
1,7,700.0,2-Car,No injury/unknown,SPEED TOO FAST FOR WEATHER CONDITIONS,39.175328,-86.484249
12,2,1600.0,2-Car,No injury/unknown,,39.175303,-86.495549
4,6,2000.0,2-Car,No injury/unknown,FAILURE TO YIELD RIGHT OF WAY,39.17524,-86.527
8,3,1300.0,Cyclist,Non-incapacitating,FAILURE TO YIELD RIGHT OF WAY,39.17523983,-86.52698792
1,3,1400.0,2-Car,No injury/unknown,UNSAFE BACKING,39.17521746,-86.52061527
8,6,1900.0,2-Car,No injury/unknown,UNSAFE BACKING,39.17519445,-86.53741
1,5,700.0,2-Car,Non-incapacitating,FOLLOWING TOO CLOSELY,39.17517726,-86.55650149
4,4,1600.0,3+ Cars,Non-incapacitating,FOLLOWING TOO CLOSELY,39.17515901,-86.56435905
1,6,300.0,2-Car,No injury/unknown,OTHER (DRIVER) - EXPLAIN IN NARRATIVE,39.175152,-86.55152
4,5,1600.0,2-Car,No injury/unknown,UNSAFE BACKING,39.175152,-86.518992
12,1,1400.0,1-Car,No injury/unknown,RAN OFF ROAD RIGHT,39.17513055,-86.48154205
1,1,1300.0,2-Car,No injury/unknown,UNSAFE BACKING,39.175113,-86.519036
12,5,800.0,2-Car,No injury/unknown,OTHER (DRIVER) - EXPLAIN IN NARRATIVE,39.175113,-86.519036
4,1,2100.0,1-Car,No injury/unknown,OTHER (DRIVER) - EXPLAIN IN NARRATIVE,39.17504,-86.547104
10,7,200.0,2-Car,No injury/unknown,OTHER (DRIVER) - EXPLAIN IN NARRATIVE,39.175016,-86.548996
10,6,1100.0,2-Car,No injury/unknown,UNSAFE BACKING,39.17499,-86.50882568
11,3,0.0,1-Car,Non-incapacitating,ANIMAL/OBJECT IN ROADWAY,39.17489326,-86.48131836
2,2,1000.0,2-Car,Non-incapacitating,FAILURE TO YIELD RIGHT OF WAY,39.17479434,-86.49658
7,2,1600.0,2-Car,No injury/unknown,FAILURE TO YIELD RIGHT OF WAY,39.17478434,-86.49496
3,2,700.0,2-Car,No injury/unknown,FAILURE TO YIELD RIGHT OF WAY,39.17469734,-86.56501204
3,6,0.0,2-Car,No injury/unknown,IMPROPER PASSING,39.174416,-86.530992
4,7,1900.0,2-Car,No injury/unknown,OTHER (DRIVER) - EXPLAIN IN NARRATIVE,39.174416,-86.528304
5,6,1700.0,2-Car,Non-incapacitating,FAILURE TO YIELD RIGHT OF WAY,39.174368,-86.527088
7,4,900.0,2-Car,No injury/unknown,UNSAFE BACKING,39.174368,-86.527088
10,4,1100.0,2-Car,No injury/unknown,UNSAFE BACKING,39.174368,-86.527088
5,6,1700.0,Moped/Motorcycle,Non-incapacitating,IMPROPER LANE USAGE,39.174353,-86.492725
1,3,2000.0,2-Car,No injury/unknown,OVERCORRECTING/OVERSTEERING,39.174352,-86.5504
2,7,200.0,2-Car,No injury/unknown,IMPROPER TURNING,39.174352,-86.552592