Month,Day,Hour,Collision Type,Injury Type,Primary Factor,Latitude,Longitude
3,5,900.0,Bus,No injury/unknown,FAILURE TO YIELD RIGHT OF WAY,39.174352,-86.533472
4,5,1700.0,2-Car,No injury/unknown,FAILURE TO YIELD RIGHT OF WAY,39.174352,-86.5504
4,5,2100.0,2-Car,No injury/unknown,UNSAFE BACKING,39.174352,-86.548
5,5,1000.0,1-Car,Non-incapacitating,DRIVER ILLNESS,39.174352,-86.548
5,1,300.0,Pedestrian,Non-incapacitating,IMPROPER TURNING,39.174352,-86.548
10,1,200.0,2-Car,No injury/unknown,,39.17434482,-86.52616068
11,2,900.0,2-Car,No injury/unknown,FAILURE TO YIELD RIGHT OF WAY,39.17428,-86.52355
3,5,2000.0,3+ Cars,No injury/unknown,SPEED TOO FAST FOR WEATHER CONDITIONS,39.17405597,-86.534752
1,2,1500.0,3+ Cars,Non-incapacitating,SPEED TOO FAST FOR WEATHER CONDITIONS,39.174048,-86.518896
4,5,1700.0,3+ Cars,No injury/unknown,FOLLOWING TOO CLOSELY,39.174048,-86.518896
10,2,1400.0,2-Car,No injury/unknown,FAILURE TO YIELD RIGHT OF WAY,39.174048,-86.518896
10,5,1700.0,Pedestrian,Non-incapacitating,FAILURE TO YIELD RIGHT OF WAY,39.174048,-86.518896
10,6,1100.0,2-Car,No injury/unknown,UNSAFE BACKING,39.174048,-86.518896
11,3,1100.0,Pedestrian,Non-incapacitating,PEDESTRIAN ACTION,39.174048,-86.518896
5,6,1300.0,1-Car,Non-incapacitating,OTHER (DRIVER) - EXPLAIN IN NARRATIVE,39.17404742,-86.55565346
4,2,1400.0,2-Car,No injury/unknown,FOLLOWING TOO CLOSELY,39.17396,-86.51892
4,4,200.0,2-Car,No injury/unknown,OTHER (DRIVER) - EXPLAIN IN NARRATIVE,39.17396,-86.51894163
10,3,1700.0,2-Car,No injury/unknown,UNSAFE BACKING,39.1739436,-86.51820314
12,3,2300.0,2-Car,No injury/unknown,ENGINE FAILURE OR DEFECTIVE,39.17359871,-86.51583572
4,1,900.0,1-Car,No injury/unknown,BRAKE FAILURE OR DEFECTIVE,39.173584,-86.555272
3,3,1900.0,2-Car,No injury/unknown,FAILURE TO YIELD RIGHT OF WAY,39.17358351,-86.48214089
10,3,900.0,2-Car,No injury/unknown,OTHER (DRIVER) - EXPLAIN IN NARRATIVE,39.17358351,-86.48214089
1,7,1200.0,2-Car,No injury/unknown,DISREGARD SIGNAL/REG SIGN,39.173552,-86.515488
2,4,900.0,2-Car,No injury/unknown,UNSAFE BACKING,39.173552,-86.515488
2,4,2200.0,2-Car,Non-incapacitating,FAILURE TO YIELD RIGHT OF WAY,39.173552,-86.515488
3,4,1300.0,2-Car,No injury/unknown,UNSAFE BACKING,39.173552,-86.515488
4,4,1400.0,2-Car,No injury/unknown,OTHER (VEHICLE) - EXPLAIN IN NARRATIVE,39.173552,-86.515488
6,2,1500.0,2-Car,No injury/unknown,OTHER (DRIVER) - EXPLAIN IN NARRATIVE,39.173552,-86.515488
10,5,1800.0,Cyclist,Incapacitating,FAILURE TO YIELD RIGHT OF WAY,39.173552,-86.515488
11,2,1900.0,2-Car,No injury/unknown,DRIVER DISTRACTED - EXPLAIN IN NARRATIVE,39.173552,-86.515488
11,3,2100.0,2-Car,No injury/unknown,FAILURE TO YIELD RIGHT OF WAY,39.173552,-86.515488
9,7,100.0,1-Car,No injury/unknown,RAN OFF ROAD RIGHT,39.17344,-86.530992
10,3,1300.0,2-Car,Non-incapacitating,FAILURE TO YIELD RIGHT OF WAY,39.17344,-86.523616
10,6,2200.0,2-Car,No injury/unknown,FAILURE TO YIELD RIGHT OF WAY,39.17344,-86.527056
2,6,1500.0,2-Car,No injury/unknown,,39.173432,-86.534798
9,5,900.0,2-Car,No injury/unknown,FAILURE TO YIELD RIGHT OF WAY,39.17342,-86.52352
4,6,1500.0,2-Car,No injury/unknown,UNSAFE BACKING,39.17341,-86.51544
12,1,1500.0,2-Car,No injury/unknown,SPEED TOO FAST FOR WEATHER CONDITIONS,39.17341,-86.51544
12,4,2300.0,2-Car,No injury/unknown,SPEED TOO FAST FOR WEATHER CONDITIONS,39.17341,-86.5210273
12,4,1400.0,1-Car,No injury/unknown,OTHER (VEHICLE) - EXPLAIN IN NARRATIVE,39.173409,-86.515439
7,6,1200.0,Moped/Motorcycle,Non-incapacitating,FAILURE TO YIELD RIGHT OF WAY,39.17339421,-86.53884
6,4,1800.0,2-Car,No injury/unknown,UNSAFE BACKING,39.17336622,-86.55511956
2,4,1700.0,2-Car,No injury/unknown,OTHER (DRIVER) - EXPLAIN IN NARRATIVE,39.173344,-86.550304
2,4,1600.0,2-Car,No injury/unknown,UNSAFE BACKING,39.173344,-86.54734825
2,4,700.0,2-Car,Non-incapacitating,FOLLOWING TOO CLOSELY,39.173344,-86.555104
4,5,1100.0,Moped/Motorcycle,Non-incapacitating,BRAKE FAILURE OR DEFECTIVE,39.173344,-86.549792
5,5,1500.0,2-Car,No injury/unknown,FAILURE TO YIELD RIGHT OF WAY,39.173344,-86.555104
10,3,1300.0,2-Car,No injury/unknown,FAILURE TO YIELD RIGHT OF WAY,39.173344,-86.549792
12,2,1900.0,1-Car,No injury/unknown,RAN OFF ROAD RIGHT,39.173344,-86.548192
9,4,1400.0,3+ Cars,Non-incapacitating,FAILURE TO YIELD RIGHT OF WAY,39.17332407,-86.51891649
1,2,2000.0,1-Car,No injury/unknown,SPEED TOO FAST FOR WEATHER CONDITIONS,39.17328,-86.53359
11,5,2200.0,2-Car,No injury/unknown,,39.173269,-86.536476
1,5,1500.0,1-Car,No injury/unknown,UNSAFE SPEED,39.17326,-86.53858
12,2,1500.0,2-Car,No injury/unknown,OTHER (DRIVER) - EXPLAIN IN NARRATIVE,39.17325908,-86.54984173
3,5,1500.0,2-Car,No injury/unknown,FOLLOWING TOO CLOSELY,39.173248,-86.533488
2,6,1900.0,2-Car,No injury/unknown,FOLLOWING TOO CLOSELY,39.173232,-86.534752
2,3,2300.0,2-Car,No injury/unknown,FOLLOWING TOO CLOSELY,39.173232,-86.534752
5,7,1200.0,2-Car,No injury/unknown,FAILURE TO YIELD RIGHT OF WAY,39.173232,-86.534752
9,1,1300.0,2-Car,No injury/unknown,IMPROPER TURNING,39.173232,-86.534752
10,2,1300.0,2-Car,Non-incapacitating,FAILURE TO YIELD RIGHT OF WAY,39.173232,-86.534752
4,5,1700.0,Moped/Motorcycle,Incapacitating,FAILURE TO YIELD RIGHT OF WAY,39.173216,-86.536
10,3,1100.0,2-Car,No injury/unknown,UNSAFE BACKING,39.173216,-86.536
12,4,900.0,2-Car,No injury/unknown,DISREGARD SIGNAL/REG SIGN,39.173184,-86.538528
3,4,900.0,1-Car,No injury/unknown,RAN OFF ROAD RIGHT,39.17315449,-86.5406236
1,3,1500.0,Bus,No injury/unknown,FOLLOWING TOO CLOSELY,39.173152,-86.5408
4,1,1200.0,1-Car,Non-incapacitating,OTHER (VEHICLE) - EXPLAIN IN NARRATIVE,39.173152,-86.5408
5,4,600.0,1-Car,No injury/unknown,OTHER (DRIVER) - EXPLAIN IN NARRATIVE,39.173152,-86.5408
5,5,1200.0,2-Car,No injury/unknown,FAILURE TO YIELD RIGHT OF WAY,39.173152,-86.5408
7,6,1800.0,2-Car,No injury/unknown,FAILURE TO YIELD RIGHT OF WAY,39.173152,-86.5408
9,3,1700.0,2-Car,No injury/unknown,UNSAFE BACKING,39.172986,-86.513406
4,3,1500.0,2-Car,Incapacitating,OTHER (DRIVER) - EXPLAIN IN NARRATIVE,39.17285105,-86.56762445
4,1,1500.0,2-Car,No injury/unknown,OTHER (DRIVER) - EXPLAIN IN NARRATIVE,39.17281455,-86.51879273
6,3,1200.0,2-Car,No injury/unknown,UNSAFE BACKING,39.17281455,-86.51879273
8,4,1600.0,2-Car,No injury/unknown,UNSAFE BACKING,39.17281455,-86.51879273
9,4,1900.0,2-Car,No injury/unknown,IMPROPER TURNING,39.17281455,-86.51879273
10,7,400.0,1-Car,No injury/unknown,,39.17277061,-86.52704261
3,4,1200.0,2-Car,No injury/unknown,DRIVER DISTRACTED - EXPLAIN IN NARRATIVE,39.172752,-86.482288
3,4,1400.0,2-Car,No injury/unknown,FOLLOWING TOO CLOSELY,39.172752,-86.482288
4,7,1700.0,2-Car,No injury/unknown,FOLLOWING TOO CLOSELY,39.172752,-86.482288
7,3,1700.0,1-Car,No injury/unknown,RAN OFF ROAD RIGHT,39.172752,-86.482288
8,1,1300.0,1-Car,Non-incapacitating,OVERCORRECTING/OVERSTEERING,39.172752,-86.482288
12,4,800.0,1-Car,No injury/unknown,SPEED TOO FAST FOR WEATHER CONDITIONS,39.172752,-86.482288
1,4,1100.0,2-Car,Non-incapacitating,FAILURE TO YIELD RIGHT OF WAY,39.17264,-86.52704
2,7,300.0,2-Car,No injury/unknown,DISREGARD SIGNAL/REG SIGN,39.17264,-86.529696
2,3,1700.0,2-Car,No injury/unknown,FAILURE TO YIELD RIGHT OF WAY,39.17264,-86.52464
2,6,1300.0,3+ Cars,No injury/unknown,DRIVER DISTRACTED - EXPLAIN IN NARRATIVE,39.17264,-86.475872
4,2,1700.0,2-Car,Non-incapacitating,FAILURE TO YIELD RIGHT OF WAY,39.17264,-86.52704
4,4,1900.0,2-Car,No injury/unknown,FAILURE TO YIELD RIGHT OF WAY,39.17264,-86.52704
4,6,1500.0,2-Car,No injury/unknown,FAILURE TO YIELD RIGHT OF WAY,39.17264,-86.52704
5,4,1600.0,2-Car,No injury/unknown,DRIVER DISTRACTED - EXPLAIN IN NARRATIVE,39.17264,-86.533504
11,5,1100.0,2-Car,Non-incapacitating,FAILURE TO YIELD RIGHT OF WAY,39.17264,-86.522432
12,5,1400.0,2-Car,No injury/unknown,FAILURE TO YIELD RIGHT OF WAY,39.17264,-86.52704
11,2,1500.0,2-Car,Non-incapacitating,FOLLOWING TOO CLOSELY,39.17252923,-86.57913641
4,4,1200.0,2-Car,No injury/unknown,FAILURE TO YIELD RIGHT OF WAY,39.17252825,-86.51891463
7,6,1500.0,1-Car,Non-incapacitating,STEERING FAILURE,39.172519,-86.51892
12,6,2300.0,2-Car,No injury/unknown,UNSAFE BACKING,39.172342,-86.509659
2,5,900.0,2-Car,No injury/unknown,SPEED TOO FAST FOR WEATHER CONDITIONS,39.17234,-86.50963405
12,2,1800.0,1-Car,No injury/unknown,IMPROPER TURNING,39.17234,-86.50966
2,2,300.0,2-Car,No injury/unknown,SPEED TOO FAST FOR WEATHER CONDITIONS,39.17229329,-86.53476209
12,4,700.0,1-Car,No injury/unknown,SPEED TOO FAST FOR WEATHER CONDITIONS,39.17223204,-86.48308653
11,4,1400.0,2-Car,No injury/unknown,UNSAFE BACKING,39.172189,-86.490871
9,6,0.0,2-Car,No injury/unknown,OTHER (DRIVER) - EXPLAIN IN NARRATIVE,39.172154,-86.488497
1,4,1900.0,2-Car,No injury/unknown,UNSAFE BACKING,39.172144,-86.509392
8,1,1400.0,1-Car,No injury/unknown,UNSAFE BACKING,39.172144,-86.509392
10,6,1900.0,2-Car,No injury/unknown,UNSAFE BACKING,39.172144,-86.509392
8,4,1500.0,2-Car,Non-incapacitating,FOLLOWING TOO CLOSELY,39.17211939,-86.5830023
2,3,300.0,2-Car,No injury/unknown,FAILURE TO YIELD RIGHT OF WAY,39.17201865,-86.53476505
7,3,1400.0,Moped/Motorcycle,No injury/unknown,LEFT OF CENTER,39.17196,-86.582979
9,2,1400.0,2-Car,No injury/unknown,UNSAFE LANE MOVEMENT,39.17196,-86.58298
11,2,2000.0,Cyclist,No injury/unknown,DISREGARD SIGNAL/REG SIGN,39.17196,-86.58298
5,3,1700.0,1-Car,No injury/unknown,OTHER (DRIVER) - EXPLAIN IN NARRATIVE,39.17189584,-86.53476637
1,2,1600.0,2-Car,No injury/unknown,UNSAFE BACKING,39.171876,-86.572446
2,6,1600.0,2-Car,No injury/unknown,UNSAFE BACKING,39.171867,-86.572395
4,5,1900.0,Pedestrian,Non-incapacitating,OTHER (DRIVER) - EXPLAIN IN NARRATIVE,39.171867,-86.572395
1,4,0.0,1-Car,Non-incapacitating,RAN OFF ROAD RIGHT,39.17184,-86.487488
2,6,1500.0,2-Car,No injury/unknown,UNSAFE BACKING,39.171793,-86.598321
4,3,1200.0,2-Car,No injury/unknown,FAILURE TO YIELD RIGHT OF WAY,39.17177404,-86.536
9,2,1500.0,2-Car,No injury/unknown,FOLLOWING TOO CLOSELY,39.1717448,-86.51641
11,7,0.0,2-Car,No injury/unknown,FAILURE TO YIELD RIGHT OF WAY,39.171744,-86.53387285
1,4,1300.0,1-Car,No injury/unknown,ACCELERATOR FAILURE OR DEFECTIVE,39.171744,-86.53352
1,1,2000.0,2-Car,No injury/unknown,FAILURE TO YIELD RIGHT OF WAY,39.171744,-86.534768
1,2,2100.0,2-Car,No injury/unknown,ROADWAY SURFACE CONDITION,39.171744,-86.534768
2,4,1600.0,2-Car,No injury/unknown,UNSAFE LANE MOVEMENT,39.171744,-86.53352
2,2,2000.0,2-Car,No injury/unknown,FOLLOWING TOO CLOSELY,39.171744,-86.534768
3,5,2100.0,2-Car,No injury/unknown,DISREGARD SIGNAL/REG SIGN,39.171744,-86.534768
3,6,1100.0,2-Car,No injury/unknown,UNSAFE LANE MOVEMENT,39.171744,-86.534768
3,7,300.0,1-Car,No injury/unknown,DRIVER DISTRACTED - EXPLAIN IN NARRATIVE,39.171744,-86.53352
4,1,2200.0,2-Car,Non-incapacitating,FAILURE TO YIELD RIGHT OF WAY,39.171744,-86.53352
4,5,0.0,2-Car,No injury/unknown,FOLLOWING TOO CLOSELY,39.171744,-86.534768
5,7,400.0,1-Car,No injury/unknown,OVERCORRECTING/OVERSTEERING,39.171744,-86.534768
6,4,1100.0,2-Car,No injury/unknown,FOLLOWING TOO CLOSELY,39.171744,-86.534768
7,7,700.0,2-Car,No injury/unknown,IMPROPER LANE USAGE,39.171744,-86.534768
7,3,1600.0,2-Car,No injury/unknown,FOLLOWING TOO CLOSELY,39.171744,-86.53352
8,7,1200.0,2-Car,No injury/unknown,FAILURE TO YIELD RIGHT OF WAY,39.171744,-86.534768
8,2,1500.0,2-Car,No injury/unknown,LEFT OF CENTER,39.171744,-86.534768
8,2,2000.0,2-Car,No injury/unknown,DISREGARD SIGNAL/REG SIGN,39.171744,-86.53352
9,7,1000.0,2-Car,No injury/unknown,IMPROPER TURNING,39.171744,-86.534768
9,6,1400.0,2-Car,No injury/unknown,FOLLOWING TOO CLOSELY,39.171744,-86.534768
10,7,1200.0,3+ Cars,No injury/unknown,SPEED TOO FAST FOR WEATHER CONDITIONS,39.171744,-86.53352
10,1,900.0,2-Car,No injury/unknown,UNSAFE LANE MOVEMENT,39.171744,-86.534768
11,7,1800.0,2-Car,No injury/unknown,IMPROPER TURNING,39.171744,-86.534768
11,4,800.0,2-Car,Non-incapacitating,DISREGARD SIGNAL/REG SIGN,39.171744,-86.534768
12,5,1300.0,2-Car,No injury/unknown,DISREGARD SIGNAL/REG SIGN,39.171744,-86.534768
4,4,1400.0,2-Car,No injury/unknown,UNSAFE BACKING,39.171742,-86.5235
9,1,1700.0,2-Car,No injury/unknown,UNSAFE BACKING,39.17173878,-86.53315429
1,5,900.0,1-Car,No injury/unknown,SPEED TOO FAST FOR WEATHER CONDITIONS,39.171712,-86.530992
11,6,200.0,2-Car,No injury/unknown,DISREGARD SIGNAL/REG SIGN,39.171712,-86.530992
8,4,1800.0,2-Car,No injury/unknown,,39.17170939,-86.53078041
9,5,1300.0,2-Car,No injury/unknown,UNSAFE BACKING,39.171704,-86.533578
4,6,900.0,2-Car,No injury/unknown,,39.17170384,-86.52576065
1,7,300.0,2-Car,No injury/unknown,IMPROPER LANE USAGE,39.171696,-86.529696
3,2,900.0,2-Car,No injury/unknown,FAILURE TO YIELD RIGHT OF WAY,39.171696,-86.529696
10,6,0.0,2-Car,Non-incapacitating,FAILURE TO YIELD RIGHT OF WAY,39.171696,-86.529696
3,6,1600.0,Cyclist,Non-incapacitating,FAILURE TO YIELD RIGHT OF WAY,39.17168,-86.528256
5,1,300.0,1-Car,No injury/unknown,RAN OFF ROAD RIGHT,39.17168,-86.528256
5,7,400.0,1-Car,No injury/unknown,RAN OFF ROAD RIGHT,39.17168,-86.528256
9,3,1800.0,2-Car,Non-incapacitating,FOLLOWING TOO CLOSELY,39.17168,-86.527024
10,2,2200.0,Cyclist,Non-incapacitating,PEDESTRIAN ACTION,39.17168,-86.527024
12,7,1500.0,2-Car,No injury/unknown,FOLLOWING TOO CLOSELY,39.17168,-86.528256
3,3,900.0,2-Car,Incapacitating,FAILURE TO YIELD RIGHT OF WAY,39.171664,-86.52576
4,1,1500.0,Moped/Motorcycle,Non-incapacitating,FOLLOWING TOO CLOSELY,39.171664,-86.52576
4,7,2000.0,2-Car,No injury/unknown,FAILURE TO YIELD RIGHT OF WAY,39.171664,-86.52576
5,1,1900.0,2-Car,No injury/unknown,FOLLOWING TOO CLOSELY,39.171664,-86.52576
8,3,1800.0,2-Car,No injury/unknown,DRIVER DISTRACTED - EXPLAIN IN NARRATIVE,39.171664,-86.52576
2,6,0.0,2-Car,No injury/unknown,FAILURE TO YIELD RIGHT OF WAY,39.17166,-86.53483
3,6,1700.0,1-Car,No injury/unknown,RAN OFF ROAD RIGHT,39.171659,-86.533453
3,2,2000.0,2-Car,Non-incapacitating,OTHER (DRIVER) - EXPLAIN IN NARRATIVE,39.17165433,-86.52688265
8,4,2000.0,2-Car,No injury/unknown,FAILURE TO YIELD RIGHT OF WAY,39.17165,-86.53233
1,2,2200.0,1-Car,No injury/unknown,SPEED TOO FAST FOR WEATHER CONDITIONS,39.17164801,-86.50673515
6,1,2000.0,1-Car,No injury/unknown,SPEED TOO FAST FOR WEATHER CONDITIONS,39.17164801,-86.50673515
10,3,1000.0,1-Car,No injury/unknown,OTHER (DRIVER) - EXPLAIN IN NARRATIVE,39.17164801,-86.50682337
12,5,100.0,2-Car,No injury/unknown,OTHER (DRIVER) - EXPLAIN IN NARRATIVE,39.171648,-86.50691158
1,7,500.0,1-Car,Non-incapacitating,ANIMAL/OBJECT IN ROADWAY,39.171648,-86.502096
1,4,1800.0,2-Car,No injury/unknown,LEFT OF CENTER,39.171648,-86.502096
1,2,2200.0,2-Car,No injury/unknown,ROADWAY SURFACE CONDITION,39.171648,-86.507088
2,2,1500.0,2-Car,No injury/unknown,UNSAFE BACKING,39.171648,-86.50435515
2,5,1600.0,2-Car,Non-incapacitating,FOLLOWING TOO CLOSELY,39.171648,-86.502096
2,4,1700.0,Pedestrian,Non-incapacitating,FAILURE TO YIELD RIGHT OF WAY,39.171648,-86.524608
1,6,2300.0,2-Car,Non-incapacitating,DRIVER DISTRACTED - EXPLAIN IN NARRATIVE,39.171648,-86.502096
1,5,2200.0,2-Car,No injury/unknown,LEFT OF CENTER,39.171648,-86.502096
3,6,1400.0,2-Car,Non-incapacitating,FOLLOWING TOO CLOSELY,39.171648,-86.502096
3,7,1600.0,2-Car,Non-incapacitating,OTHER (DRIVER) - EXPLAIN IN NARRATIVE,39.171648,-86.502096
4,4,1800.0,2-Car,No injury/unknown,FAILURE TO YIELD RIGHT OF WAY,39.171648,-86.502096
4,4,1800.0,3+ Cars,No injury/unknown,FOLLOWING TOO CLOSELY,39.171648,-86.524608
4,7,1600.0,3+ Cars,No injury/unknown,FAILURE TO YIELD RIGHT OF WAY,39.171648,-86.524608
4,2,1400.0,Pedestrian,Non-incapacitating,OTHER (DRIVER) - EXPLAIN IN NARRATIVE,39.171648,-86.502096
5,5,1500.0,2-Car,No injury/unknown,UNSAFE BACKING,39.171648,-86.507088
5,1,1400.0,3+ Cars,No injury/unknown,FOLLOWING TOO CLOSELY,39.171648,-86.502096
5,3,900.0,2-Car,Non-incapacitating,FAILURE TO YIELD RIGHT OF WAY,39.171648,-86.507088
6,2,1400.0,1-Car,No injury/unknown,ROADWAY SURFACE CONDITION,39.171648,-86.507088
8,5,1800.0,2-Car,No injury/unknown,FAILURE TO YIELD RIGHT OF WAY,39.171648,-86.502096
9,4,1700.0,2-Car,Non-incapacitating,FAILURE TO YIELD RIGHT OF WAY,39.171648,-86.524608
9,4,1700.0,3+ Cars,No injury/unknown,FOLLOWING TOO CLOSELY,39.171648,-86.502096
11,5,300.0,1-Car,Non-incapacitating,RAN OFF ROAD RIGHT,39.171648,-86.507088
11,4,1800.0,2-Car,No injury/unknown,IMPROPER LANE USAGE,39.171648,-86.502096
12,6,1600.0,2-Car,No injury/unknown,,39.171648,-86.502096
12,4,1300.0,2-Car,No injury/unknown,OTHER (DRIVER) - EXPLAIN IN NARRATIVE,39.17164,-86.523488
10,4,1600.0,2-Car,No injury/unknown,UNSAFE BACKING,39.17163861,-86.50163896
9,4,1800.0,2-Car,No injury/unknown,OTHER (DRIVER) - EXPLAIN IN NARRATIVE,39.17163691,-86.51839554
10,6,2200.0,2-Car,Non-incapacitating,FOLLOWING TOO CLOSELY,39.17163691,-86.52097735
1,7,200.0,2-Car,No injury/unknown,FAILURE TO YIELD RIGHT OF WAY,39.171632,-86.52353600000001
1,5,1800.0,2-Car,Non-incapacitating,FAILURE TO YIELD RIGHT OF WAY,39.171632,-86.52353600000001
2,2,2300.0,2-Car,No injury/unknown,FAILURE TO YIELD RIGHT OF WAY,39.171632,-86.52353600000001
3,4,2200.0,3+ Cars,No injury/unknown,FOLLOWING TOO CLOSELY,39.171632,-86.52353600000001
3,2,1700.0,2-Car,Non-incapacitating,FAILURE TO YIELD RIGHT OF WAY,39.171632,-86.52353600000001
4,3,1800.0,2-Car,No injury/unknown,FOLLOWING TOO CLOSELY,39.171632,-86.52353600000001
6,2,1800.0,2-Car,No injury/unknown,FOLLOWING TOO CLOSELY,39.171632,-86.52353600000001
8,5,1200.0,2-Car,No injury/unknown,FAILURE TO YIELD RIGHT OF WAY,39.171632,-86.52353600000001
9,7,2100.0,2-Car,No injury/unknown,DRIVER DISTRACTED - EXPLAIN IN NARRATIVE,39.171632,-86.52353600000001
12,3,1400.0,2-Car,No injury/unknown,OTHER (DRIVER) - EXPLAIN IN NARRATIVE,39.171632,-86.52353600000001
11,2,2100.0,2-Car,No injury/unknown,SPEED TOO FAST FOR WEATHER CONDITIONS,39.17163001,-86.52339488
1,4,1200.0,2-Car,No injury/unknown,FOLLOWING TOO CLOSELY,39.17163,-86.52238
1,4,1200.0,2-Car,Non-incapacitating,UNSAFE SPEED,39.17163,-86.52238
12,4,1000.0,2-Car,No injury/unknown,FOLLOWING TOO CLOSELY,39.17163,-86.52238
7,3,1700.0,2-Car,No injury/unknown,UNSAFE BACKING,39.171616,-86.5224
9,4,1300.0,2-Car,No injury/unknown,UNSAFE BACKING,39.171616,-86.5224
11,6,2300.0,2-Car,No injury/unknown,IMPROPER TURNING,39.171616,-86.5224
7,4,1000.0,2-Car,No injury/unknown,OTHER (DRIVER) - EXPLAIN IN NARRATIVE,39.17161,-86.518435
11,4,1400.0,2-Car,No injury/unknown,UNSAFE BACKING,39.17161,-86.5186853
3,4,1700.0,2-Car,No injury/unknown,FAILURE TO YIELD RIGHT OF WAY,39.1716093,-86.50937927
1,3,800.0,1-Car,No injury/unknown,UNSAFE BACKING,39.171609,-86.518314
2,2,900.0,2-Car,No injury/unknown,OTHER (ENVIRONMENTAL) - EXPLAIN IN NARR,39.171609,-86.518314
2,2,1400.0,2-Car,No injury/unknown,UNSAFE BACKING,39.171609,-86.518314
5,4,1500.0,2-Car,No injury/unknown,UNSAFE BACKING,39.171609,-86.518314
5,1,2100.0,2-Car,No injury/unknown,RAN OFF ROAD RIGHT,39.171609,-86.518314
8,2,1900.0,2-Car,No injury/unknown,OTHER (DRIVER) - EXPLAIN IN NARRATIVE,39.171609,-86.518314
10,3,0.0,2-Car,No injury/unknown,UNSAFE BACKING,39.171609,-86.518314
10,5,1800.0,2-Car,No injury/unknown,UNSAFE BACKING,39.171609,-86.518314
2,3,200.0,1-Car,No injury/unknown,OVERCORRECTING/OVERSTEERING,39.1716,-86.520896
2,3,1300.0,2-Car,No injury/unknown,UNSAFE SPEED,39.17159809,-86.52063138
1,5,1200.0,2-Car,Non-incapacitating,FOLLOWING TOO CLOSELY,39.17159731,-86.49962693
1,4,800.0,1-Car,No injury/unknown,ROADWAY SURFACE CONDITION,39.17159,-86.51394
3,7,1600.0,2-Car,No injury/unknown,OTHER (DRIVER) - EXPLAIN IN NARRATIVE,39.17159,-86.513939
5,3,1700.0,2-Car,No injury/unknown,FOLLOWING TOO CLOSELY,39.17159,-86.51394
11,3,2200.0,2-Car,No injury/unknown,FOLLOWING TOO CLOSELY,39.17159,-86.51566
12,1,2000.0,2-Car,No injury/unknown,FOLLOWING TOO CLOSELY,39.17159,-86.51565567
1,1,2100.0,2-Car,No injury/unknown,OTHER (DRIVER) - EXPLAIN IN NARRATIVE,39.171584,-86.518688
1,1,0.0,2-Car,No injury/unknown,FAILURE TO YIELD RIGHT OF WAY,39.171584,-86.518688
2,2,1600.0,2-Car,No injury/unknown,SPEED TOO FAST FOR WEATHER CONDITIONS,39.171584,-86.518688
4,5,1900.0,2-Car,No injury/unknown,FOLLOWING TOO CLOSELY,39.171584,-86.518688
6,4,1400.0,2-Car,No injury/unknown,FOLLOWING TOO CLOSELY,39.171584,-86.518688
7,7,2300.0,1-Car,Non-incapacitating,OBSTRUCTION NOT MARKED,39.171584,-86.518688
8,6,1200.0,2-Car,Non-incapacitating,FOLLOWING TOO CLOSELY,39.171584,-86.518688
9,4,1800.0,Moped/Motorcycle,Non-incapacitating,FAILURE TO YIELD RIGHT OF WAY,39.171584,-86.518688
9,3,1500.0,Cyclist,Non-incapacitating,FAILURE TO YIELD RIGHT OF WAY,39.171584,-86.518688
10,6,2100.0,2-Car,No injury/unknown,FAILURE TO YIELD RIGHT OF WAY,39.171584,-86.518688
10,7,1600.0,2-Car,No injury/unknown,CELL PHONE USAGE,39.171584,-86.518688
11,2,1800.0,2-Car,No injury/unknown,FOLLOWING TOO CLOSELY,39.171584,-86.518688
3,3,1700.0,2-Car,No injury/unknown,FOLLOWING TOO CLOSELY,39.17158,-86.51250595
3,5,1200.0,3+ Cars,Non-incapacitating,CELL PHONE USAGE,39.17158,-86.51248649
4,7,0.0,1-Car,Non-incapacitating,UNSAFE SPEED,39.17158,-86.51248
6,5,1600.0,2-Car,No injury/unknown,FOLLOWING TOO CLOSELY,39.17158,-86.51248
8,3,1700.0,2-Car,No injury/unknown,FOLLOWING TOO CLOSELY,39.17158,-86.51248433
9,4,1800.0,2-Car,No injury/unknown,FOLLOWING TOO CLOSELY,39.17158,-86.51248
9,6,1400.0,3+ Cars,No injury/unknown,FOLLOWING TOO CLOSELY,39.17158,-86.51248
9,2,1900.0,2-Car,No injury/unknown,FOLLOWING TOO CLOSELY,39.17158,-86.51248
10,7,1200.0,2-Car,No injury/unknown,SPEED TOO FAST FOR WEATHER CONDITIONS,39.17158,-86.51248
10,5,2200.0,2-Car,No injury/unknown,OTHER (DRIVER) - EXPLAIN IN NARRATIVE,39.17158,-86.512479
10,7,2300.0,2-Car,No injury/unknown,FOLLOWING TOO CLOSELY,39.17158,-86.51248
10,7,1600.0,2-Car,No injury/unknown,FOLLOWING TOO CLOSELY,39.17158,-86.51248
12,2,1500.0,2-Car,No injury/unknown,UNSAFE BACKING,39.17158,-86.51248
1,5,1700.0,3+ Cars,No injury/unknown,DRIVER DISTRACTED - EXPLAIN IN NARRATIVE,39.17157828,-86.51815878
1,3,1600.0,2-Car,Non-incapacitating,FAILURE TO YIELD RIGHT OF WAY,39.17157747,-86.51808392