Month,Day,Hour,Collision Type,Injury Type,Primary Factor,Latitude,Longitude
9,3,1800.0,Cyclist,Non-incapacitating,WRONG WAY ON ONE WAY,39.17157747,-86.51808392
9,6,2200.0,2-Car,No injury/unknown,,39.17157747,-86.51808392
11,2,1100.0,1-Car,No injury/unknown,UNSAFE BACKING,39.17157747,-86.51808392
2,4,1600.0,Bus,No injury/unknown,DRIVER DISTRACTED - EXPLAIN IN NARRATIVE,39.17157638,-86.51798237
11,2,1800.0,2-Car,No injury/unknown,FOLLOWING TOO CLOSELY,39.17157638,-86.51798237
7,6,600.0,1-Car,No injury/unknown,OBSTRUCTION NOT MARKED,39.17156345,-86.51678644
8,7,500.0,1-Car,Non-incapacitating,RAN OFF ROAD RIGHT,39.17155964,-86.51643363
4,3,0.0,2-Car,No injury/unknown,OTHER (DRIVER) - EXPLAIN IN NARRATIVE,39.171558,-86.510279
12,5,1800.0,2-Car,No injury/unknown,IMPROPER PASSING,39.17155582,-86.51608081
2,4,900.0,2-Car,No injury/unknown,UNSAFE BACKING,39.17155495,-86.50946165
3,3,800.0,2-Car,No injury/unknown,FAILURE TO YIELD RIGHT OF WAY,39.17155495,-86.50224214
6,1,1100.0,2-Car,No injury/unknown,DISREGARD SIGNAL/REG SIGN,39.17155495,-86.50224214
6,1,1300.0,2-Car,No injury/unknown,FAILURE TO YIELD RIGHT OF WAY,39.17155495,-86.50224214
7,5,700.0,2-Car,No injury/unknown,FOLLOWING TOO CLOSELY,39.17155495,-86.50224214
8,6,700.0,2-Car,Non-incapacitating,FAILURE TO YIELD RIGHT OF WAY,39.17155495,-86.50229404
12,6,1200.0,2-Car,Non-incapacitating,OTHER (DRIVER) - EXPLAIN IN NARRATIVE,39.17155495,-86.50224214
1,6,1600.0,3+ Cars,Non-incapacitating,FOLLOWING TOO CLOSELY,39.17155281,-86.4974281
1,1,900.0,2-Car,No injury/unknown,FOLLOWING TOO CLOSELY,39.171552,-86.515728
2,2,1700.0,Bus,No injury/unknown,SPEED TOO FAST FOR WEATHER CONDITIONS,39.171552,-86.515728
2,2,1700.0,2-Car,No injury/unknown,SPEED TOO FAST FOR WEATHER CONDITIONS,39.171552,-86.515728
2,6,1300.0,2-Car,No injury/unknown,UNSAFE BACKING,39.171552,-86.515728
5,1,1800.0,2-Car,No injury/unknown,FAILURE TO YIELD RIGHT OF WAY,39.171552,-86.515728
5,1,1700.0,Pedestrian,Non-incapacitating,OTHER (DRIVER) - EXPLAIN IN NARRATIVE,39.171552,-86.515728
10,4,1900.0,2-Car,Non-incapacitating,FAILURE TO YIELD RIGHT OF WAY,39.171552,-86.515728
10,7,1400.0,2-Car,No injury/unknown,IMPROPER LANE USAGE,39.171552,-86.515728
10,7,800.0,2-Car,No injury/unknown,DISREGARD SIGNAL/REG SIGN,39.171552,-86.515728
10,6,2100.0,2-Car,No injury/unknown,IMPROPER LANE USAGE,39.171552,-86.515728
11,2,1800.0,2-Car,No injury/unknown,FOLLOWING TOO CLOSELY,39.171552,-86.515728
4,2,1300.0,2-Car,No injury/unknown,UNSAFE BACKING,39.17155153,-86.5156498
9,3,1900.0,2-Car,No injury/unknown,FAILURE TO YIELD RIGHT OF WAY,39.17155,-86.50945
9,6,1800.0,Moped/Motorcycle,Non-incapacitating,DRIVER DISTRACTED - EXPLAIN IN NARRATIVE,39.17154828,-86.49329066
12,3,800.0,2-Car,No injury/unknown,OVERCORRECTING/OVERSTEERING,39.171547,-86.499113
9,4,1100.0,2-Car,No injury/unknown,FOLLOWING TOO CLOSELY,39.171539,-86.498632
9,1,2300.0,1-Car,No injury/unknown,ANIMAL/OBJECT IN ROADWAY,39.17153535,-86.4017051
8,5,1700.0,2-Car,No injury/unknown,DRIVER DISTRACTED - EXPLAIN IN NARRATIVE,39.171535,-86.501929
2,2,1300.0,2-Car,No injury/unknown,UNSAFE BACKING,39.171532,-86.502078
1,3,1900.0,2-Car,No injury/unknown,FOLLOWING TOO CLOSELY,39.17153,-86.5022263
5,2,2100.0,1-Car,No injury/unknown,RAN OFF ROAD RIGHT,39.17151537,-86.49566454
9,5,900.0,2-Car,No injury/unknown,FOLLOWING TOO CLOSELY,39.17151537,-86.49566454
2,3,800.0,2-Car,No injury/unknown,OTHER (DRIVER) - EXPLAIN IN NARRATIVE,39.171504,-86.49504533
2,3,1600.0,3+ Cars,Non-incapacitating,FOLLOWING TOO CLOSELY,39.171504,-86.49460631
3,3,2100.0,2-Car,No injury/unknown,FOLLOWING TOO CLOSELY,39.171504,-86.495312
3,6,1200.0,2-Car,No injury/unknown,FOLLOWING TOO CLOSELY,39.171504,-86.495312
4,4,200.0,1-Car,No injury/unknown,RAN OFF ROAD RIGHT,39.171504,-86.512288
5,2,300.0,1-Car,Non-incapacitating,LEFT OF CENTER,39.171504,-86.495312
7,1,1300.0,2-Car,No injury/unknown,IMPROPER TURNING,39.171504,-86.495312
7,5,1700.0,Cyclist,Non-incapacitating,OTHER (DRIVER) - EXPLAIN IN NARRATIVE,39.171504,-86.49296
8,6,1900.0,2-Car,No injury/unknown,UNSAFE SPEED,39.171504,-86.49509867
10,3,1700.0,2-Car,No injury/unknown,FAILURE TO YIELD RIGHT OF WAY,39.171504,-86.495312
10,1,1100.0,2-Car,No injury/unknown,FAILURE TO YIELD RIGHT OF WAY,39.171504,-86.495312
11,4,1800.0,2-Car,No injury/unknown,IMPROPER PASSING,39.171504,-86.49296
5,5,1600.0,3+ Cars,Non-incapacitating,FOLLOWING TOO CLOSELY,39.17149,-86.4953281
4,6,1900.0,2-Car,No injury/unknown,UNSAFE BACKING,39.17148274,-86.51035318
4,1,1300.0,2-Car,Non-incapacitating,SPEED TOO FAST FOR WEATHER CONDITIONS,39.17147588,-86.50972881
5,7,1900.0,2-Car,Non-incapacitating,DISREGARD SIGNAL/REG SIGN,39.171472,-86.509376
8,3,2100.0,2-Car,No injury/unknown,OTHER (DRIVER) - EXPLAIN IN NARRATIVE,39.171472,-86.509376
9,3,1500.0,2-Car,No injury/unknown,FAILURE TO YIELD RIGHT OF WAY,39.171472,-86.509376
10,7,400.0,2-Car,No injury/unknown,FAILURE TO YIELD RIGHT OF WAY,39.171472,-86.509376
12,1,800.0,2-Car,No injury/unknown,ROADWAY SURFACE CONDITION,39.171472,-86.509376
10,6,1000.0,2-Car,No injury/unknown,IMPROPER TURNING,39.17146934,-86.534768
10,1,200.0,2-Car,No injury/unknown,UNSAFE BACKING,39.17146707,-86.50902321
12,1,1500.0,2-Car,No injury/unknown,SPEED TOO FAST FOR WEATHER CONDITIONS,39.17141,-86.50721
10,1,1200.0,2-Car,No injury/unknown,FOLLOWING TOO CLOSELY,39.1714,-86.5386
1,6,1500.0,2-Car,No injury/unknown,FAILURE TO YIELD RIGHT OF WAY,39.17137588,-86.50937413
6,6,1200.0,2-Car,No injury/unknown,OTHER (DRIVER) - EXPLAIN IN NARRATIVE,39.171344,-86.49296
1,1,700.0,1-Car,No injury/unknown,SPEED TOO FAST FOR WEATHER CONDITIONS,39.171248,-86.481328
9,5,1600.0,2-Car,No injury/unknown,UNSAFE BACKING,39.171248,-86.549696
3,3,2000.0,2-Car,No injury/unknown,FOLLOWING TOO CLOSELY,39.17110474,-86.52105931
11,1,100.0,2-Car,No injury/unknown,IMPROPER TURNING,39.17106006,-86.509368
1,5,1100.0,1-Car,No injury/unknown,RAN OFF ROAD RIGHT,39.17095389,-86.68193883
12,6,900.0,1-Car,No injury/unknown,SPEED TOO FAST FOR WEATHER CONDITIONS,39.17095389,-86.68152709
11,6,1600.0,2-Car,No injury/unknown,FAILURE TO YIELD RIGHT OF WAY,39.17093965,-86.57621992
1,2,800.0,2-Car,No injury/unknown,FOLLOWING TOO CLOSELY,39.17092315,-86.57029132
11,7,2100.0,2-Car,No injury/unknown,IMPROPER TURNING,39.17081864,-86.52824387
8,3,1100.0,1-Car,No injury/unknown,IMPROPER TURNING,39.17071314,-86.5324
10,5,1200.0,2-Car,No injury/unknown,IMPROPER LANE USAGE,39.17068129,-86.52573192
8,5,1800.0,2-Car,No injury/unknown,OTHER (DRIVER) - EXPLAIN IN NARRATIVE,39.17064,-86.680896
2,2,1500.0,2-Car,No injury/unknown,,39.170623,-86.572334
1,1,1900.0,2-Car,No injury/unknown,FAILURE TO YIELD RIGHT OF WAY,39.170544,-86.52824
1,6,1500.0,2-Car,No injury/unknown,FAILURE TO YIELD RIGHT OF WAY,39.170544,-86.534768
1,7,1900.0,2-Car,No injury/unknown,IMPROPER LANE USAGE,39.170544,-86.534768
2,6,1300.0,2-Car,Non-incapacitating,FAILURE TO YIELD RIGHT OF WAY,39.170544,-86.530992
4,7,2300.0,2-Car,No injury/unknown,FAILURE TO YIELD RIGHT OF WAY,39.170544,-86.533536
4,5,1000.0,2-Car,Non-incapacitating,FAILURE TO YIELD RIGHT OF WAY,39.170544,-86.530992
4,7,1700.0,2-Car,No injury/unknown,IMPROPER LANE USAGE,39.170544,-86.534768
4,3,1200.0,2-Car,No injury/unknown,UNSAFE LANE MOVEMENT,39.170544,-86.534768
4,6,100.0,2-Car,No injury/unknown,FAILURE TO YIELD RIGHT OF WAY,39.170544,-86.52824
5,4,1400.0,2-Car,No injury/unknown,FAILURE TO YIELD RIGHT OF WAY,39.170544,-86.529696
6,3,1300.0,Cyclist,Non-incapacitating,PEDESTRIAN ACTION,39.170544,-86.534768
8,1,1100.0,2-Car,No injury/unknown,IMPROPER LANE USAGE,39.170544,-86.534768
9,2,1500.0,2-Car,No injury/unknown,UNSAFE LANE MOVEMENT,39.170544,-86.534768
9,2,1600.0,2-Car,No injury/unknown,FAILURE TO YIELD RIGHT OF WAY,39.170544,-86.526992
9,6,200.0,2-Car,No injury/unknown,DISREGARD SIGNAL/REG SIGN,39.170544,-86.526992
10,5,900.0,2-Car,No injury/unknown,FAILURE TO YIELD RIGHT OF WAY,39.170544,-86.529696
10,2,1500.0,2-Car,No injury/unknown,FAILURE TO YIELD RIGHT OF WAY,39.170544,-86.52824
10,3,1800.0,2-Car,No injury/unknown,FAILURE TO YIELD RIGHT OF WAY,39.170544,-86.534768
11,3,1900.0,2-Car,No injury/unknown,FOLLOWING TOO CLOSELY,39.170544,-86.534768
11,3,2100.0,2-Car,No injury/unknown,IMPROPER TURNING,39.170544,-86.534768
3,5,1900.0,2-Car,No injury/unknown,OTHER (DRIVER) - EXPLAIN IN NARRATIVE,39.17048,-86.59236134
1,6,1100.0,2-Car,No injury/unknown,UNSAFE BACKING,39.1704689,-86.53351758
2,5,1100.0,2-Car,No injury/unknown,FAILURE TO YIELD RIGHT OF WAY,39.17046,-86.53485
2,7,1900.0,2-Car,No injury/unknown,UNSAFE BACKING,39.170437,-86.572506
8,5,1500.0,2-Car,No injury/unknown,UNSAFE LANE MOVEMENT,39.17040668,-86.53353822
6,6,1400.0,3+ Cars,Non-incapacitating,SPEED TOO FAST FOR WEATHER CONDITIONS,39.17036824,-86.50145612
2,7,1100.0,2-Car,No injury/unknown,UNSAFE BACKING,39.170262,-86.572671
1,5,2000.0,3+ Cars,Non-incapacitating,FOLLOWING TOO CLOSELY,39.17024,-86.501392
1,3,900.0,Bus,No injury/unknown,UNSAFE LANE MOVEMENT,39.17024,-86.501392
2,5,900.0,2-Car,No injury/unknown,OTHER (DRIVER) - EXPLAIN IN NARRATIVE,39.17024,-86.501392
2,1,700.0,1-Car,No injury/unknown,LEFT OF CENTER,39.17024,-86.501392
3,1,1700.0,2-Car,No injury/unknown,FOLLOWING TOO CLOSELY,39.17024,-86.501392
3,1,1800.0,2-Car,No injury/unknown,FOLLOWING TOO CLOSELY,39.17024,-86.501392
5,5,800.0,Cyclist,Non-incapacitating,FAILURE TO YIELD RIGHT OF WAY,39.17024,-86.501392
6,6,1700.0,2-Car,No injury/unknown,IMPROPER TURNING,39.17024,-86.501392
7,7,1500.0,1-Car,No injury/unknown,OTHER (DRIVER) - EXPLAIN IN NARRATIVE,39.17024,-86.501392
7,7,1300.0,2-Car,No injury/unknown,IMPROPER LANE USAGE,39.17024,-86.501392
11,2,1900.0,2-Car,No injury/unknown,IMPROPER PASSING,39.17024,-86.501392
4,4,1200.0,2-Car,No injury/unknown,IMPROPER PASSING,39.17017866,-86.50147033
5,6,1700.0,2-Car,No injury/unknown,FOLLOWING TOO CLOSELY,39.17017866,-86.50147033
1,3,800.0,2-Car,No injury/unknown,ROADWAY SURFACE CONDITION,39.17015,-86.5983
8,3,1800.0,2-Car,No injury/unknown,FOLLOWING TOO CLOSELY,39.17015,-86.50148
12,2,1900.0,2-Car,No injury/unknown,LEFT OF CENTER,39.17015,-86.5983
1,1,1800.0,1-Car,No injury/unknown,ANIMAL/OBJECT IN ROADWAY,39.17012479,-86.56719724
9,2,2000.0,2-Car,No injury/unknown,IMPROPER TURNING,39.17009861,-86.53477518
2,6,2100.0,2-Car,Non-incapacitating,UNSAFE SPEED,39.16999473,-86.53477686
2,5,1700.0,2-Car,Non-incapacitating,DRIVER DISTRACTED - EXPLAIN IN NARRATIVE,39.16998405,-86.50126402
7,4,1200.0,2-Car,No injury/unknown,OTHER (DRIVER) - EXPLAIN IN NARRATIVE,39.16998405,-86.50126402
12,1,1600.0,2-Car,No injury/unknown,SPEED TOO FAST FOR WEATHER CONDITIONS,39.16995,-86.55011
1,3,1400.0,1-Car,No injury/unknown,OTHER (VEHICLE) - EXPLAIN IN NARRATIVE,39.16984,-86.549696
3,5,2000.0,1-Car,No injury/unknown,OTHER (DRIVER) - EXPLAIN IN NARRATIVE,39.16984,-86.549696
7,6,1700.0,1-Car,No injury/unknown,OTHER (DRIVER) - EXPLAIN IN NARRATIVE,39.16984,-86.549696
10,5,2000.0,2-Car,No injury/unknown,IMPROPER LANE USAGE,39.16982663,-86.53477957
8,1,0.0,2-Car,No injury/unknown,OTHER (DRIVER) - EXPLAIN IN NARRATIVE,39.16979265,-86.52571527
4,5,1800.0,2-Car,No injury/unknown,IMPROPER PASSING,39.16977399,-86.536
12,4,800.0,1-Car,No injury/unknown,OTHER (ENVIRONMENTAL) - EXPLAIN IN NARR,39.16971882,-86.67330116
9,7,1300.0,3+ Cars,Non-incapacitating,IMPROPER TURNING,39.169696,-86.553392
4,1,100.0,1-Car,No injury/unknown,ALCOHOLIC BEVERAGES,39.169675,-86.567983
5,3,400.0,2-Car,No injury/unknown,UNSAFE LANE MOVEMENT,39.16966186,-86.5324
2,6,1900.0,2-Car,No injury/unknown,,39.16961661,-86.49980658
9,6,100.0,3+ Cars,No injury/unknown,UNSAFE SPEED,39.169616,-86.52696
6,3,800.0,2-Car,No injury/unknown,OTHER (DRIVER) - EXPLAIN IN NARRATIVE,39.169584,-86.538576
11,3,2300.0,2-Car,No injury/unknown,UNSAFE BACKING,39.1695838,-86.49972314
8,2,1500.0,1-Car,No injury/unknown,OTHER (DRIVER) - EXPLAIN IN NARRATIVE,39.169568,-86.536
6,5,1200.0,2-Car,No injury/unknown,,39.16956767,-86.5245058
7,3,1300.0,2-Car,No injury/unknown,IMPROPER TURNING,39.169562,-86.573293
9,1,0.0,2-Car,No injury/unknown,OTHER (DRIVER) - EXPLAIN IN NARRATIVE,39.169552,-86.53372842
3,4,1800.0,2-Car,No injury/unknown,CELL PHONE USAGE,39.169552,-86.533552
4,6,2300.0,2-Car,No injury/unknown,UNSAFE LANE MOVEMENT,39.169552,-86.534784
4,1,0.0,2-Car,No injury/unknown,FAILURE TO YIELD RIGHT OF WAY,39.169552,-86.533552
4,1,1000.0,2-Car,No injury/unknown,IMPROPER TURNING,39.169552,-86.534784
5,6,1500.0,2-Car,No injury/unknown,UNSAFE SPEED,39.169552,-86.534784
5,5,1500.0,2-Car,No injury/unknown,FAILURE TO YIELD RIGHT OF WAY,39.169552,-86.52344
5,1,1400.0,2-Car,No injury/unknown,FAILURE TO YIELD RIGHT OF WAY,39.169552,-86.5324
6,7,1100.0,2-Car,No injury/unknown,DISREGARD SIGNAL/REG SIGN,39.169552,-86.530992
6,4,1900.0,2-Car,No injury/unknown,IMPROPER LANE USAGE,39.169552,-86.534784
8,4,2200.0,2-Car,No injury/unknown,IMPROPER TURNING,39.169552,-86.534784
9,3,2100.0,2-Car,Non-incapacitating,IMPROPER TURNING,39.169552,-86.534784
9,1,0.0,Pedestrian,Non-incapacitating,FAILURE TO YIELD RIGHT OF WAY,39.169552,-86.529696
9,2,1100.0,2-Car,No injury/unknown,FAILURE TO YIELD RIGHT OF WAY,39.169552,-86.5324
11,5,2100.0,2-Car,No injury/unknown,,39.169552,-86.533552
11,2,1000.0,2-Car,Non-incapacitating,IMPROPER TURNING,39.169552,-86.534784
12,2,1000.0,2-Car,No injury/unknown,FAILURE TO YIELD RIGHT OF WAY,39.16952,-86.53866
3,3,1000.0,2-Car,No injury/unknown,OVERCORRECTING/OVERSTEERING,39.16948,-86.524534
9,6,1200.0,Bus,No injury/unknown,IMPROPER LANE USAGE,39.16948,-86.53357
11,7,2200.0,2-Car,No injury/unknown,IMPROPER TURNING,39.16947215,-86.50100806
1,7,1700.0,1-Car,No injury/unknown,OTHER (DRIVER) - EXPLAIN IN NARRATIVE,39.16947,-86.52234
4,2,1400.0,Moped/Motorcycle,Non-incapacitating,UNSAFE SPEED,39.16937735,-86.54964924
1,5,1000.0,1-Car,No injury/unknown,SPEED TOO FAST FOR WEATHER CONDITIONS,39.169312,-86.495888
2,4,800.0,1-Car,No injury/unknown,RAN OFF ROAD RIGHT,39.169312,-86.495888
8,7,400.0,1-Car,No injury/unknown,HEADLIGHT DEFECTIVE OR NOT ON,39.169312,-86.495888
9,5,1500.0,3+ Cars,No injury/unknown,FOLLOWING TOO CLOSELY,39.16921765,-86.51598578
10,6,1200.0,2-Car,No injury/unknown,FOLLOWING TOO CLOSELY,39.16921765,-86.51598578
9,1,300.0,2-Car,No injury/unknown,OTHER (DRIVER) - EXPLAIN IN NARRATIVE,39.16918927,-86.52823272
1,1,1100.0,2-Car,No injury/unknown,UNSAFE BACKING,39.16908,-86.47513081
5,3,1300.0,2-Car,No injury/unknown,UNSAFE BACKING,39.1690548,-86.50932906
5,5,1400.0,2-Car,No injury/unknown,FOLLOWING TOO CLOSELY,39.16896024,-86.50075211
1,7,2000.0,2-Car,No injury/unknown,FAILURE TO YIELD RIGHT OF WAY,39.168944,-86.516016
3,4,1300.0,Pedestrian,Non-incapacitating,PEDESTRIAN ACTION,39.168944,-86.516016
4,2,1600.0,Bus,No injury/unknown,IMPROPER TURNING,39.168944,-86.516016
8,3,1500.0,Cyclist,Non-incapacitating,FAILURE TO YIELD RIGHT OF WAY,39.168944,-86.516016
4,6,1000.0,2-Car,No injury/unknown,UNSAFE BACKING,39.16893066,-86.534784
4,1,0.0,3+ Cars,No injury/unknown,UNSAFE LANE MOVEMENT,39.16893066,-86.534784
5,4,1800.0,2-Car,No injury/unknown,IMPROPER LANE USAGE,39.16893066,-86.534784
2,3,200.0,1-Car,No injury/unknown,ROADWAY SURFACE CONDITION,39.16889591,-86.51671896
5,1,1800.0,2-Car,No injury/unknown,UNSAFE LANE MOVEMENT,39.16880921,-86.57355615
4,6,1800.0,2-Car,No injury/unknown,UNSAFE BACKING,39.16880238,-86.5182521
2,7,1600.0,2-Car,No injury/unknown,UNSAFE BACKING,39.168794,-86.518218
8,7,1100.0,2-Car,Non-incapacitating,OTHER (DRIVER) - EXPLAIN IN NARRATIVE,39.16876,-86.57642
4,5,1400.0,2-Car,No injury/unknown,UNSAFE BACKING,39.168752,-86.5436
9,5,1200.0,2-Car,No injury/unknown,UNSAFE BACKING,39.168752,-86.5436
12,7,1800.0,2-Car,No injury/unknown,FAILURE TO YIELD RIGHT OF WAY,39.16872042,-86.57639067
3,6,2200.0,2-Car,No injury/unknown,,39.168717,-86.51390697
8,2,1600.0,1-Car,No injury/unknown,RAN OFF ROAD RIGHT,39.168717,-86.51393292
3,4,1200.0,1-Car,No injury/unknown,OVERSIZE/OVERWEIGHT LOAD,39.16871282,-86.5495848
2,1,900.0,1-Car,No injury/unknown,OTHER (VEHICLE) - EXPLAIN IN NARRATIVE,39.168704,-86.538576
3,5,1500.0,2-Car,No injury/unknown,FOLLOWING TOO CLOSELY,39.168704,-86.538576
6,6,200.0,1-Car,No injury/unknown,DRIVER DISTRACTED - EXPLAIN IN NARRATIVE,39.168704,-86.538576
9,4,800.0,2-Car,No injury/unknown,FAILURE TO YIELD RIGHT OF WAY,39.168704,-86.538576
7,3,1100.0,2-Car,Non-incapacitating,FAILURE TO YIELD RIGHT OF WAY,39.168688,-86.537296
10,4,1400.0,2-Car,No injury/unknown,UNSAFE BACKING,39.168672,-86.536
11,3,1400.0,2-Car,No injury/unknown,UNSAFE BACKING,39.168672,-86.53646933
9,5,1700.0,2-Car,No injury/unknown,UNSAFE BACKING,39.16866318,-86.53532996
1,7,1600.0,2-Car,No injury/unknown,UNSAFE BACKING,39.16865861,-86.53356767
1,2,2300.0,2-Car,No injury/unknown,IMPROPER TURNING,39.168656,-86.534784
1,5,800.0,2-Car,No injury/unknown,FOLLOWING TOO CLOSELY,39.168656,-86.534784
1,5,1100.0,2-Car,No injury/unknown,IMPROPER TURNING,39.168656,-86.534784
2,3,800.0,2-Car,No injury/unknown,ROADWAY SURFACE CONDITION,39.168656,-86.534784
5,2,1300.0,2-Car,No injury/unknown,OTHER (DRIVER) - EXPLAIN IN NARRATIVE,39.168656,-86.534784
10,5,1200.0,2-Car,No injury/unknown,FAILURE TO YIELD RIGHT OF WAY,39.168656,-86.534784
10,4,1600.0,2-Car,Non-incapacitating,FAILURE TO YIELD RIGHT OF WAY,39.168656,-86.534784
11,3,200.0,1-Car,No injury/unknown,RAN OFF ROAD RIGHT,39.168656,-86.534784
12,7,0.0,2-Car,No injury/unknown,DISREGARD SIGNAL/REG SIGN,39.168656,-86.534784
9,3,900.0,2-Car,No injury/unknown,OTHER (DRIVER) - EXPLAIN IN NARRATIVE,39.16864327,-86.53381616
1,7,1700.0,2-Car,No injury/unknown,IMPROPER LANE USAGE,39.16864,-86.533568
1,1,300.0,Pedestrian,Incapacitating,UNSAFE BACKING,39.16864,-86.533568
1,6,2200.0,2-Car,No injury/unknown,OTHER (DRIVER) - EXPLAIN IN NARRATIVE,39.16864,-86.533568
2,6,100.0,2-Car,Non-incapacitating,FAILURE TO YIELD RIGHT OF WAY,39.16864,-86.533568
2,6,800.0,2-Car,No injury/unknown,DRIVER DISTRACTED - EXPLAIN IN NARRATIVE,39.16864,-86.526944
2,6,2300.0,Pedestrian,Non-incapacitating,FAILURE TO YIELD RIGHT OF WAY,39.16864,-86.533568
2,2,1200.0,2-Car,Non-incapacitating,DISREGARD SIGNAL/REG SIGN,39.16864,-86.533568
2,1,800.0,2-Car,No injury/unknown,FAILURE TO YIELD RIGHT OF WAY,39.16864,-86.526944
4,1,1000.0,2-Car,No injury/unknown,IMPROPER TURNING,39.16864,-86.533568
6,3,2000.0,2-Car,No injury/unknown,DISREGARD SIGNAL/REG SIGN,39.16864,-86.533568
7,7,2000.0,2-Car,Non-incapacitating,IMPROPER TURNING,39.16864,-86.533568
7,4,0.0,1-Car,No injury/unknown,RAN OFF ROAD RIGHT,39.16864,-86.529696
7,1,1000.0,2-Car,No injury/unknown,DISREGARD SIGNAL/REG SIGN,39.16864,-86.533568
8,3,800.0,Bus,No injury/unknown,OTHER (DRIVER) - EXPLAIN IN NARRATIVE,39.16864,-86.526944
8,3,1200.0,2-Car,No injury/unknown,,39.16864,-86.53176784
9,6,1900.0,1-Car,Incapacitating,DRIVER ILLNESS,39.16864,-86.524496
9,1,1300.0,2-Car,No injury/unknown,UNSAFE BACKING,39.16864,-86.5324
9,3,1300.0,1-Car,No injury/unknown,OTHER (DRIVER) - EXPLAIN IN NARRATIVE,39.16864,-86.523392
9,3,200.0,2-Car,No injury/unknown,UNSAFE BACKING,39.16864,-86.533568
10,1,300.0,2-Car,No injury/unknown,IMPROPER LANE USAGE,39.16864,-86.533568
9,7,1800.0,1-Car,Non-incapacitating,UNSAFE LANE MOVEMENT,39.16864,-86.526944
10,7,1500.0,2-Car,No injury/unknown,IMPROPER LANE USAGE,39.16864,-86.533568
12,7,0.0,Pedestrian,Non-incapacitating,PEDESTRIAN ACTION,39.16864,-86.533568
6,1,1000.0,2-Car,No injury/unknown,UNSAFE BACKING,39.16862958,-86.52294205
1,4,1000.0,2-Car,No injury/unknown,OTHER (DRIVER) - EXPLAIN IN NARRATIVE,39.168612,-86.57356
3,2,1700.0,2-Car,No injury/unknown,UNSAFE BACKING,39.168601,-86.576415
2,3,900.0,2-Car,No injury/unknown,UNSAFE BACKING,39.1685804,-86.57639067
10,2,1700.0,3+ Cars,Non-incapacitating,LEFT OF CENTER,39.16858,-86.53740649
10,6,1200.0,1-Car,No injury/unknown,DRIVER DISTRACTED - EXPLAIN IN NARRATIVE,39.16857,-86.534859
10,3,1900.0,2-Car,No injury/unknown,FAILURE TO YIELD RIGHT OF WAY,39.16855,-86.53359
6,4,100.0,1-Car,No injury/unknown,OTHER (DRIVER) - EXPLAIN IN NARRATIVE,39.16854388,-86.53356955
1,5,900.0,1-Car,No injury/unknown,OTHER (ENVIRONMENTAL) - EXPLAIN IN NARR,39.168531,-86.516145
2,5,1000.0,2-Car,No injury/unknown,UNSAFE BACKING,39.168531,-86.51615365
12,5,1600.0,2-Car,Non-incapacitating,DISREGARD SIGNAL/REG SIGN,39.16853,-86.52979
3,3,700.0,1-Car,No injury/unknown,ANIMAL/OBJECT IN ROADWAY,39.16852902,-86.66162292
1,3,1600.0,2-Car,No injury/unknown,OTHER (DRIVER) - EXPLAIN IN NARRATIVE,39.16848,-86.523479
2,2,1000.0,2-Car,No injury/unknown,UNSAFE BACKING,39.16848,-86.523479
3,4,1300.0,1-Car,No injury/unknown,LEFT OF CENTER,39.16848,-86.52349731
10,2,900.0,2-Car,No injury/unknown,UNSAFE BACKING,39.16848,-86.52348
7,4,1300.0,2-Car,No injury/unknown,UNSAFE BACKING,39.16846661,-86.50703046
4,6,1300.0,2-Car,No injury/unknown,FAILURE TO YIELD RIGHT OF WAY,39.16836,-86.58298
3,6,1600.0,2-Car,No injury/unknown,OTHER (DRIVER) - EXPLAIN IN NARRATIVE,39.168269,-86.576396
4,7,1200.0,2-Car,No injury/unknown,FAILURE TO YIELD RIGHT OF WAY,39.168269,-86.576396
1,5,1100.0,2-Car,No injury/unknown,OTHER (DRIVER) - EXPLAIN IN NARRATIVE,39.168224,-86.504832
1,6,1500.0,2-Car,No injury/unknown,FAILURE TO YIELD RIGHT OF WAY,39.168192,-86.49504
1,2,2100.0,2-Car,No injury/unknown,SPEED TOO FAST FOR WEATHER CONDITIONS,39.168192,-86.49504
3,4,1100.0,2-Car,No injury/unknown,DISREGARD SIGNAL/REG SIGN,39.168192,-86.507024
3,2,1600.0,2-Car,No injury/unknown,FAILURE TO YIELD RIGHT OF WAY,39.168192,-86.49504
10,1,2200.0,2-Car,No injury/unknown,UNSAFE BACKING,39.168192,-86.507024
2,3,1800.0,Bus,No injury/unknown,FAILURE TO YIELD RIGHT OF WAY,39.168176,-86.509312
9,3,1500.0,2-Car,No injury/unknown,FAILURE TO YIELD RIGHT OF WAY,39.168144,-86.510992
9,5,2300.0,1-Car,No injury/unknown,ANIMAL/OBJECT IN ROADWAY,39.16805036,-86.66017691
9,4,1300.0,2-Car,No injury/unknown,FOLLOWING TOO CLOSELY,39.16802932,-86.53265
1,1,300.0,2-Car,No injury/unknown,IMPROPER LANE USAGE,39.16793866,-86.5324