Month,Day,Hour,Collision Type,Injury Type,Primary Factor,Latitude,Longitude
8,7,800.0,2-Car,No injury/unknown,OTHER (DRIVER) - EXPLAIN IN NARRATIVE,39.16781732,-86.53858985
11,4,700.0,2-Car,No injury/unknown,OTHER (DRIVER) - EXPLAIN IN NARRATIVE,39.16778743,-86.536
2,3,1200.0,2-Car,No injury/unknown,FAILURE TO YIELD RIGHT OF WAY,39.167728,-86.528208
7,5,1200.0,1-Car,No injury/unknown,IMPROPER TURNING,39.167728,-86.528208
3,3,900.0,1-Car,No injury/unknown,LEFT OF CENTER,39.167712,-86.5468
4,7,1100.0,1-Car,No injury/unknown,,39.167712,-86.5452
9,5,1600.0,2-Car,No injury/unknown,UNSAFE BACKING,39.167712,-86.529696
11,2,700.0,2-Car,No injury/unknown,OTHER (DRIVER) - EXPLAIN IN NARRATIVE,39.167712,-86.529696
5,1,100.0,1-Car,No injury/unknown,CELL PHONE USAGE,39.167696,-86.5436
5,6,1700.0,3+ Cars,No injury/unknown,FOLLOWING TOO CLOSELY,39.16768048,-86.50011224
5,2,1000.0,2-Car,No injury/unknown,DISREGARD SIGNAL/REG SIGN,39.16768,-86.538592
5,4,1100.0,2-Car,No injury/unknown,FAILURE TO YIELD RIGHT OF WAY,39.16768,-86.538592
7,7,1600.0,2-Car,Non-incapacitating,FAILURE TO YIELD RIGHT OF WAY,39.16768,-86.538592
7,4,1200.0,2-Car,No injury/unknown,FAILURE TO YIELD RIGHT OF WAY,39.16768,-86.538592
7,2,1200.0,1-Car,Non-incapacitating,RAN OFF ROAD RIGHT,39.16768,-86.530992
12,3,1600.0,2-Car,No injury/unknown,FAILURE TO YIELD RIGHT OF WAY,39.16768,-86.538592
6,6,1100.0,2-Car,No injury/unknown,FAILURE TO YIELD RIGHT OF WAY,39.16767014,-86.53111
4,2,1800.0,2-Car,No injury/unknown,,39.16767,-86.576029
1,2,1400.0,2-Car,No injury/unknown,UNSAFE BACKING,39.167664,-86.5324
3,3,900.0,2-Car,No injury/unknown,UNSAFE BACKING,39.167664,-86.537296
4,4,1300.0,2-Car,No injury/unknown,FAILURE TO YIELD RIGHT OF WAY,39.167664,-86.5324
4,2,1600.0,2-Car,No injury/unknown,UNSAFE BACKING,39.167664,-86.53617641
7,6,900.0,2-Car,No injury/unknown,UNSAFE BACKING,39.167664,-86.537296
8,1,1600.0,2-Car,No injury/unknown,UNSAFE BACKING,39.167664,-86.5324
8,6,1500.0,2-Car,No injury/unknown,UNSAFE BACKING,39.16766209,-86.53254111
1,2,1000.0,2-Car,No injury/unknown,DISREGARD SIGNAL/REG SIGN,39.167648,-86.533584
2,2,1900.0,2-Car,No injury/unknown,OTHER (DRIVER) - EXPLAIN IN NARRATIVE,39.167648,-86.533584
2,1,300.0,2-Car,No injury/unknown,OTHER (DRIVER) - EXPLAIN IN NARRATIVE,39.167648,-86.533584
5,7,1600.0,2-Car,No injury/unknown,IMPROPER TURNING,39.167648,-86.534784
8,4,1600.0,2-Car,No injury/unknown,UNSAFE BACKING,39.167648,-86.533584
10,1,1200.0,2-Car,No injury/unknown,IMPROPER TURNING,39.167648,-86.534784
11,3,1300.0,3+ Cars,No injury/unknown,FAILURE TO YIELD RIGHT OF WAY,39.167648,-86.534784
11,5,900.0,1-Car,Non-incapacitating,OTHER (DRIVER) - EXPLAIN IN NARRATIVE,39.167648,-86.533584
11,5,1500.0,2-Car,No injury/unknown,FAILURE TO YIELD RIGHT OF WAY,39.167648,-86.534784
12,3,1400.0,2-Car,No injury/unknown,FAILURE TO YIELD RIGHT OF WAY,39.167648,-86.534784
1,6,1500.0,2-Car,No injury/unknown,UNSAFE BACKING,39.167598,-86.571046
2,7,1600.0,2-Car,No injury/unknown,FAILURE TO YIELD RIGHT OF WAY,39.16755,-86.5336
12,3,900.0,2-Car,No injury/unknown,FAILURE TO YIELD RIGHT OF WAY,39.16755,-86.5336
5,4,2000.0,2-Car,No injury/unknown,OTHER (DRIVER) - EXPLAIN IN NARRATIVE,39.16753,-86.52825135
9,4,1000.0,2-Car,No injury/unknown,UNSAFE BACKING,39.16753,-86.52826
9,6,1100.0,Cyclist,Non-incapacitating,PEDESTRIAN ACTION,39.16752,-86.52694
2,7,1600.0,2-Car,No injury/unknown,IMPROPER TURNING,39.16751068,-86.53358618
9,1,1400.0,1-Car,No injury/unknown,SPEED TOO FAST FOR WEATHER CONDITIONS,39.16749325,-86.49504583
10,6,1100.0,2-Car,No injury/unknown,UNSAFE BACKING,39.167344,-86.515792
3,4,100.0,1-Car,No injury/unknown,IMPROPER TURNING,39.16733692,-86.51619253
8,1,2000.0,1-Car,No injury/unknown,IMPROPER TURNING,39.16733692,-86.51619253
1,5,1500.0,1-Car,No injury/unknown,UNSAFE BACKING,39.167286,-86.52355
2,3,2200.0,2-Car,No injury/unknown,UNSAFE BACKING,39.167286,-86.52355
8,2,800.0,1-Car,No injury/unknown,OTHER (DRIVER) - EXPLAIN IN NARRATIVE,39.167283,-86.523439
4,7,1300.0,2-Car,No injury/unknown,UNSAFE BACKING,39.1672661,-86.51619777
12,4,2100.0,2-Car,No injury/unknown,UNSAFE BACKING,39.1672661,-86.51619777
2,3,2200.0,2-Car,No injury/unknown,UNSAFE BACKING,39.16725998,-86.508192
8,3,1200.0,Cyclist,Non-incapacitating,OTHER (DRIVER) - EXPLAIN IN NARRATIVE,39.16711069,-86.51599288
4,5,1500.0,2-Car,No injury/unknown,UNSAFE BACKING,39.167006,-86.516145
4,5,2300.0,2-Car,No injury/unknown,IMPROPER TURNING,39.167006,-86.516145
9,4,1500.0,2-Car,No injury/unknown,IMPROPER TURNING,39.167006,-86.516145
2,4,2300.0,2-Car,No injury/unknown,OTHER (DRIVER) - EXPLAIN IN NARRATIVE,39.166992,-86.51614
7,3,1600.0,2-Car,No injury/unknown,UNSAFE BACKING,39.16698971,-86.4924
9,5,900.0,2-Car,No injury/unknown,UNSAFE BACKING,39.16698971,-86.4924
4,1,1400.0,2-Car,No injury/unknown,OTHER (DRIVER) - EXPLAIN IN NARRATIVE,39.166952,-86.611066
1,5,900.0,2-Car,No injury/unknown,FAILURE TO YIELD RIGHT OF WAY,39.166944,-86.495056
6,7,1400.0,2-Car,No injury/unknown,FAILURE TO YIELD RIGHT OF WAY,39.166944,-86.495056
9,2,1600.0,2-Car,No injury/unknown,FAILURE TO YIELD RIGHT OF WAY,39.166944,-86.495056
12,4,1000.0,2-Car,No injury/unknown,FAILURE TO YIELD RIGHT OF WAY,39.166944,-86.495056
6,3,1900.0,2-Car,No injury/unknown,UNSAFE BACKING,39.166909,-86.494916
1,1,1200.0,2-Car,No injury/unknown,OTHER (DRIVER) - EXPLAIN IN NARRATIVE,39.166848,-86.495088
2,5,1400.0,2-Car,No injury/unknown,FAILURE TO YIELD RIGHT OF WAY,39.166848,-86.506992
6,4,800.0,2-Car,No injury/unknown,FAILURE TO YIELD RIGHT OF WAY,39.166848,-86.506992
10,6,100.0,2-Car,No injury/unknown,OTHER (DRIVER) - EXPLAIN IN NARRATIVE,39.166848,-86.506992
10,4,1900.0,Pedestrian,Non-incapacitating,PEDESTRIAN ACTION,39.166848,-86.4928
10,4,1300.0,2-Car,No injury/unknown,FAILURE TO YIELD RIGHT OF WAY,39.166848,-86.506992
12,5,1600.0,2-Car,No injury/unknown,FAILURE TO YIELD RIGHT OF WAY,39.166848,-86.506992
12,3,1100.0,2-Car,No injury/unknown,OTHER (DRIVER) - EXPLAIN IN NARRATIVE,39.16683225,-86.52819483
7,5,1800.0,1-Car,No injury/unknown,DRIVER DISTRACTED - EXPLAIN IN NARRATIVE,39.166828,-86.521999
2,5,1500.0,2-Car,No injury/unknown,UNSAFE LANE MOVEMENT,39.166816,-86.549488
5,5,100.0,1-Car,No injury/unknown,RAN OFF ROAD RIGHT,39.166816,-86.549488
9,7,100.0,2-Car,No injury/unknown,UNSAFE LANE MOVEMENT,39.166816,-86.549488
11,2,1900.0,2-Car,Non-incapacitating,FOLLOWING TOO CLOSELY,39.166816,-86.549488
4,6,1300.0,2-Car,No injury/unknown,FAILURE TO YIELD RIGHT OF WAY,39.16681,-86.50716
12,4,1700.0,2-Car,Non-incapacitating,DRIVER DISTRACTED - EXPLAIN IN NARRATIVE,39.16679979,-86.5609886
12,1,0.0,1-Car,No injury/unknown,SPEED TOO FAST FOR WEATHER CONDITIONS,39.16679313,-86.45603192
3,4,1300.0,Bus,No injury/unknown,FAILURE TO YIELD RIGHT OF WAY,39.16674985,-86.53359826
3,5,1300.0,2-Car,No injury/unknown,OTHER (DRIVER) - EXPLAIN IN NARRATIVE,39.166723759999996,-86.54244879
10,7,1200.0,2-Car,No injury/unknown,FOLLOWING TOO CLOSELY,39.16672188,-86.5422724
7,2,1700.0,2-Car,No injury/unknown,IMPROPER PASSING,39.166704,-86.5408
8,1,200.0,1-Car,No injury/unknown,UNSAFE SPEED,39.16669734,-86.4614401
3,3,1600.0,2-Car,No injury/unknown,FOLLOWING TOO CLOSELY,39.16668679,-86.53363
1,2,1200.0,2-Car,No injury/unknown,OTHER (DRIVER) - EXPLAIN IN NARRATIVE,39.166678,-86.599144
3,2,2000.0,2-Car,No injury/unknown,OTHER (DRIVER) - EXPLAIN IN NARRATIVE,39.166678,-86.599144
4,3,1200.0,2-Car,No injury/unknown,OTHER (DRIVER) - EXPLAIN IN NARRATIVE,39.166678,-86.599144
1,2,1700.0,2-Car,No injury/unknown,FAILURE TO YIELD RIGHT OF WAY,39.166672,-86.538608
4,2,1700.0,2-Car,No injury/unknown,FOLLOWING TOO CLOSELY,39.166672,-86.538608
5,6,800.0,2-Car,No injury/unknown,FAILURE TO YIELD RIGHT OF WAY,39.166672,-86.538608
8,3,2000.0,2-Car,No injury/unknown,FAILURE TO YIELD RIGHT OF WAY,39.166672,-86.538608
9,1,1000.0,1-Car,No injury/unknown,SPEED TOO FAST FOR WEATHER CONDITIONS,39.166672,-86.538608
12,2,1800.0,2-Car,No injury/unknown,FAILURE TO YIELD RIGHT OF WAY,39.166672,-86.538608
12,2,1600.0,2-Car,Non-incapacitating,DRIVER DISTRACTED - EXPLAIN IN NARRATIVE,39.16666,-86.54374
3,6,1000.0,1-Car,No injury/unknown,IMPROPER TURNING,39.166659,-86.516367
3,6,1700.0,2-Car,No injury/unknown,OTHER (VEHICLE) - EXPLAIN IN NARRATIVE,39.166659,-86.516367
1,4,1100.0,2-Car,No injury/unknown,DISREGARD SIGNAL/REG SIGN,39.166656,-86.537296
2,4,1000.0,2-Car,No injury/unknown,FAILURE TO YIELD RIGHT OF WAY,39.166656,-86.537296
4,5,1700.0,2-Car,Non-incapacitating,FAILURE TO YIELD RIGHT OF WAY,39.166656,-86.537296
10,6,1100.0,2-Car,No injury/unknown,FAILURE TO YIELD RIGHT OF WAY,39.166656,-86.537296
12,4,1400.0,2-Car,No injury/unknown,FAILURE TO YIELD RIGHT OF WAY,39.166656,-86.537296
1,7,1900.0,Cyclist,Non-incapacitating,IMPROPER TURNING,39.16664,-86.52748636
3,6,1300.0,2-Car,No injury/unknown,UNSAFE BACKING,39.16664,-86.53412923
5,4,1700.0,Moped/Motorcycle,Non-incapacitating,UNSAFE BACKING,39.16664,-86.53395282
10,5,1000.0,Cyclist,Non-incapacitating,LEFT OF CENTER,39.16664,-86.53275282
1,4,100.0,Pedestrian,No injury/unknown,OTHER (DRIVER) - EXPLAIN IN NARRATIVE,39.16664,-86.528192
1,5,1200.0,1-Car,No injury/unknown,OTHER (DRIVER) - EXPLAIN IN NARRATIVE,39.16664,-86.53211265
1,6,300.0,1-Car,No injury/unknown,RAN OFF ROAD RIGHT,39.16664,-86.526896
2,4,900.0,Pedestrian,Non-incapacitating,OTHER (DRIVER) - EXPLAIN IN NARRATIVE,39.16664,-86.53096555
2,6,200.0,Pedestrian,Non-incapacitating,OTHER (DRIVER) - EXPLAIN IN NARRATIVE,39.16664,-86.5336
2,6,1100.0,Pedestrian,No injury/unknown,OTHER (DRIVER) - EXPLAIN IN NARRATIVE,39.16664,-86.528192
2,4,1500.0,2-Car,No injury/unknown,OTHER (DRIVER) - EXPLAIN IN NARRATIVE,39.16664,-86.53096555
2,1,300.0,2-Car,No injury/unknown,FOLLOWING TOO CLOSELY,39.16664,-86.5348
2,3,1200.0,2-Car,No injury/unknown,UNSAFE BACKING,39.16664,-86.5348
2,7,700.0,1-Car,No injury/unknown,SPEED TOO FAST FOR WEATHER CONDITIONS,39.16664,-86.462496
3,1,1300.0,2-Car,No injury/unknown,UNSAFE BACKING,39.16664,-86.53096555
4,6,1900.0,Pedestrian,No injury/unknown,PEDESTRIAN ACTION,39.16664,-86.528192
4,7,1600.0,2-Car,No injury/unknown,UNSAFE BACKING,39.16664,-86.5348
4,4,2000.0,2-Car,No injury/unknown,FAILURE TO YIELD RIGHT OF WAY,39.16664,-86.528192
4,4,2100.0,2-Car,No injury/unknown,OTHER (DRIVER) - EXPLAIN IN NARRATIVE,39.16664,-86.528192
4,4,1800.0,2-Car,No injury/unknown,FAILURE TO YIELD RIGHT OF WAY,39.16664,-86.5336
5,1,1300.0,2-Car,No injury/unknown,OTHER (DRIVER) - EXPLAIN IN NARRATIVE,39.16664,-86.52779527
5,4,2300.0,2-Car,No injury/unknown,OTHER (VEHICLE) - EXPLAIN IN NARRATIVE,39.16664,-86.5336
5,6,1400.0,2-Car,No injury/unknown,DISREGARD SIGNAL/REG SIGN,39.16664,-86.5336
5,6,1300.0,Bus,No injury/unknown,OTHER (VEHICLE) - EXPLAIN IN NARRATIVE,39.16664,-86.5348
6,2,1700.0,2-Car,No injury/unknown,OTHER (DRIVER) - EXPLAIN IN NARRATIVE,39.16664,-86.5336
6,4,1500.0,2-Car,No injury/unknown,OTHER (DRIVER) - EXPLAIN IN NARRATIVE,39.16664,-86.462496
7,6,100.0,2-Car,No injury/unknown,IMPROPER TURNING,39.16664,-86.5348
8,4,1000.0,2-Car,No injury/unknown,UNSAFE BACKING,39.16664,-86.5336
8,5,1300.0,2-Car,Non-incapacitating,IMPROPER TURNING,39.16664,-86.5336
8,5,1800.0,2-Car,No injury/unknown,IMPROPER TURNING,39.16664,-86.530992
8,2,1200.0,2-Car,No injury/unknown,UNSAFE BACKING,39.16664,-86.526896
9,2,1400.0,2-Car,No injury/unknown,FAILURE TO YIELD RIGHT OF WAY,39.16664,-86.582992
9,4,1400.0,2-Car,No injury/unknown,UNSAFE BACKING,39.16664,-86.526896
9,5,1500.0,2-Car,No injury/unknown,UNSAFE BACKING,39.16664,-86.526896
10,1,500.0,2-Car,No injury/unknown,WRONG WAY ON ONE WAY,39.16664,-86.462496
10,6,1600.0,2-Car,No injury/unknown,,39.16664,-86.53096555
10,2,1100.0,2-Car,No injury/unknown,UNSAFE BACKING,39.16664,-86.5348
10,1,200.0,Bus,No injury/unknown,IMPROPER TURNING,39.16664,-86.526896
11,2,1700.0,2-Car,No injury/unknown,FOLLOWING TOO CLOSELY,39.16664,-86.462496
11,3,1100.0,2-Car,No injury/unknown,OTHER (DRIVER) - EXPLAIN IN NARRATIVE,39.16664,-86.528192
11,3,1700.0,Pedestrian,Non-incapacitating,FAILURE TO YIELD RIGHT OF WAY,39.16664,-86.530992
11,3,1300.0,2-Car,No injury/unknown,OTHER (DRIVER) - EXPLAIN IN NARRATIVE,39.16664,-86.529696
12,3,1400.0,Pedestrian,Non-incapacitating,FAILURE TO YIELD RIGHT OF WAY,39.16664,-86.528192
12,6,1400.0,2-Car,Non-incapacitating,OTHER (DRIVER) - EXPLAIN IN NARRATIVE,39.16664,-86.582992
12,7,100.0,Pedestrian,Incapacitating,PEDESTRIAN ACTION,39.16664,-86.529696
12,1,1600.0,2-Car,No injury/unknown,UNSAFE LANE MOVEMENT,39.16664,-86.5336
12,2,1800.0,2-Car,No injury/unknown,FOLLOWING TOO CLOSELY,39.16664,-86.462496
4,2,1000.0,2-Car,No injury/unknown,FAILURE TO YIELD RIGHT OF WAY,39.16661,-86.53869
6,2,1100.0,2-Car,No injury/unknown,FOLLOWING TOO CLOSELY,39.16661,-86.53869
11,2,1900.0,1-Car,No injury/unknown,ANIMAL/OBJECT IN ROADWAY,39.16660144,-86.4631999
8,4,1600.0,1-Car,No injury/unknown,IMPROPER TURNING,39.16659,-86.53605
12,4,800.0,2-Car,No injury/unknown,FAILURE TO YIELD RIGHT OF WAY,39.16659,-86.53605
11,1,0.0,2-Car,No injury/unknown,UNSAFE LANE MOVEMENT,39.16657,-86.53235
8,4,1800.0,2-Car,No injury/unknown,IMPROPER TURNING,39.16656891,-86.52690595
4,7,2300.0,1-Car,Fatal,UNSAFE SPEED,39.16655866,-86.45512291
12,1,600.0,1-Car,No injury/unknown,RAN OFF ROAD RIGHT,39.16655866,-86.45512291
12,1,600.0,3+ Cars,No injury/unknown,RAN OFF ROAD RIGHT,39.16655866,-86.45512291
5,7,2100.0,2-Car,No injury/unknown,,39.16655822,-86.492816
7,3,1700.0,2-Car,No injury/unknown,OTHER (DRIVER) - EXPLAIN IN NARRATIVE,39.16655822,-86.492816
11,1,2000.0,2-Car,No injury/unknown,,39.166548,-86.529494
4,2,1500.0,1-Car,No injury/unknown,OTHER (DRIVER) - EXPLAIN IN NARRATIVE,39.166544,-86.464248
9,3,1500.0,1-Car,No injury/unknown,OTHER (DRIVER) - EXPLAIN IN NARRATIVE,39.166544,-86.464248
9,6,1700.0,Moped/Motorcycle,Non-incapacitating,OTHER (DRIVER) - EXPLAIN IN NARRATIVE,39.16654359,-86.46425575
4,1,300.0,2-Car,No injury/unknown,,39.166543,-86.526918
10,5,1700.0,2-Car,No injury/unknown,UNSAFE BACKING,39.166543,-86.526918
9,1,1400.0,2-Car,No injury/unknown,OTHER (DRIVER) - EXPLAIN IN NARRATIVE,39.16654,-86.52825433
3,5,1500.0,2-Car,No injury/unknown,OTHER (DRIVER) - EXPLAIN IN NARRATIVE,39.166496,-86.571216
3,2,900.0,2-Car,No injury/unknown,OTHER (DRIVER) - EXPLAIN IN NARRATIVE,39.166496,-86.571216
3,1,2100.0,2-Car,No injury/unknown,UNSAFE BACKING,39.16648,-86.526918
2,7,2200.0,1-Car,No injury/unknown,OTHER (DRIVER) - EXPLAIN IN NARRATIVE,39.166432,-86.4812
10,1,1900.0,2-Car,No injury/unknown,CELL PHONE USAGE,39.166432,-86.4812
8,5,1200.0,Bus,No injury/unknown,OTHER (DRIVER) - EXPLAIN IN NARRATIVE,39.16642043,-86.52688538
4,2,1700.0,2-Car,No injury/unknown,BRAKE FAILURE OR DEFECTIVE,39.166394,-86.508286
6,4,1100.0,2-Car,No injury/unknown,FAILURE TO YIELD RIGHT OF WAY,39.16631065,-86.52688006
9,2,1600.0,2-Car,No injury/unknown,UNSAFE BACKING,39.16626253,-86.495088
7,6,1600.0,1-Car,Non-incapacitating,RAN OFF ROAD RIGHT,39.16626184,-86.50945
4,6,700.0,3+ Cars,No injury/unknown,FAILURE TO YIELD RIGHT OF WAY,39.16624144,-86.499396
10,4,1800.0,2-Car,Incapacitating,FAILURE TO YIELD RIGHT OF WAY,39.16621224,-86.582992
2,7,2300.0,2-Car,No injury/unknown,RAN OFF ROAD RIGHT,39.16621059,-86.4812
9,1,1200.0,2-Car,No injury/unknown,UNSAFE BACKING,39.16621059,-86.4812
11,5,2100.0,2-Car,No injury/unknown,OTHER (DRIVER) - EXPLAIN IN NARRATIVE,39.16619666,-86.48261901
5,3,1100.0,2-Car,Non-incapacitating,OTHER (DRIVER) - EXPLAIN IN NARRATIVE,39.166131,-86.576004
8,7,1500.0,2-Car,No injury/unknown,FAILURE TO YIELD RIGHT OF WAY,39.16612236,-86.57302593
8,7,1200.0,3+ Cars,Non-incapacitating,FOLLOWING TOO CLOSELY,39.16594828,-86.50147033
5,7,0.0,2-Car,No injury/unknown,OTHER (DRIVER) - EXPLAIN IN NARRATIVE,39.165776,-86.589792
12,4,700.0,1-Car,Non-incapacitating,SPEED TOO FAST FOR WEATHER CONDITIONS,39.16576795,-86.61130349
5,5,800.0,2-Car,No injury/unknown,FAILURE TO YIELD RIGHT OF WAY,39.165712,-86.542096
9,4,1400.0,2-Car,Non-incapacitating,FAILURE TO YIELD RIGHT OF WAY,39.165696,-86.538592
9,5,800.0,3+ Cars,Non-incapacitating,FAILURE TO YIELD RIGHT OF WAY,39.165696,-86.538592
7,3,1100.0,2-Car,No injury/unknown,LEFT OF CENTER,39.16568,-86.537296
9,4,1700.0,2-Car,No injury/unknown,,39.16568,-86.537296
5,5,1200.0,2-Car,No injury/unknown,LEFT OF CENTER,39.16567129,-86.53659045
4,6,1500.0,2-Car,No injury/unknown,OTHER (DRIVER) - EXPLAIN IN NARRATIVE,39.165664,-86.5348
7,2,1200.0,2-Car,Non-incapacitating,FOLLOWING TOO CLOSELY,39.165664,-86.5348
8,3,1700.0,2-Car,No injury/unknown,FOLLOWING TOO CLOSELY,39.165664,-86.5348
9,3,0.0,2-Car,No injury/unknown,UNSAFE BACKING,39.165648,-86.52935918
9,2,1700.0,2-Car,No injury/unknown,FAILURE TO YIELD RIGHT OF WAY,39.165648,-86.52720082
1,2,1800.0,Pedestrian,Non-incapacitating,PEDESTRIAN ACTION,39.165648,-86.5324
1,6,1200.0,2-Car,Non-incapacitating,FOLLOWING TOO CLOSELY,39.165648,-86.5336
2,1,1000.0,2-Car,No injury/unknown,OTHER (DRIVER) - EXPLAIN IN NARRATIVE,39.165648,-86.5336
3,3,1600.0,Bus,No injury/unknown,FOLLOWING TOO CLOSELY,39.165648,-86.5324
3,5,2300.0,2-Car,No injury/unknown,OTHER (VEHICLE) - EXPLAIN IN NARRATIVE,39.165648,-86.5336
4,1,2000.0,2-Car,No injury/unknown,FAILURE TO YIELD RIGHT OF WAY,39.165648,-86.528144
4,3,100.0,1-Car,No injury/unknown,OTHER (DRIVER) - EXPLAIN IN NARRATIVE,39.165648,-86.5336
4,5,1400.0,2-Car,No injury/unknown,UNSAFE BACKING,39.165648,-86.528144
5,5,1400.0,2-Car,No injury/unknown,UNSAFE BACKING,39.165648,-86.5336
5,6,1600.0,2-Car,No injury/unknown,UNSAFE BACKING,39.165648,-86.526848
6,2,1700.0,2-Car,No injury/unknown,FAILURE TO YIELD RIGHT OF WAY,39.165648,-86.528144
10,2,2100.0,Pedestrian,Non-incapacitating,OTHER (DRIVER) - EXPLAIN IN NARRATIVE,39.165648,-86.5336
10,4,2100.0,2-Car,No injury/unknown,FAILURE TO YIELD RIGHT OF WAY,39.165648,-86.5336
10,6,1700.0,Pedestrian,Non-incapacitating,FAILURE TO YIELD RIGHT OF WAY,39.165648,-86.5324
10,3,900.0,2-Car,No injury/unknown,OTHER (VEHICLE) - EXPLAIN IN NARRATIVE,39.165648,-86.5336
11,7,1100.0,2-Car,No injury/unknown,UNSAFE BACKING,39.165648,-86.5324
11,7,1400.0,2-Car,No injury/unknown,UNSAFE BACKING,39.165648,-86.528144
11,7,1500.0,2-Car,No injury/unknown,UNSAFE BACKING,39.165648,-86.5336
10,1,1500.0,Moped/Motorcycle,Non-incapacitating,UNSAFE SPEED,39.16564621,-86.56891162
5,4,1400.0,2-Car,Non-incapacitating,FAILURE TO YIELD RIGHT OF WAY,39.16562,-86.576
6,5,2000.0,Moped/Motorcycle,Non-incapacitating,FAILURE TO YIELD RIGHT OF WAY,39.16562,-86.576
7,7,2300.0,Moped/Motorcycle,Non-incapacitating,BRAKE FAILURE OR DEFECTIVE,39.16562,-86.53986
10,1,1900.0,2-Car,No injury/unknown,UNSAFE BACKING,39.16562,-86.575746
11,6,900.0,2-Car,No injury/unknown,DISREGARD SIGNAL/REG SIGN,39.1656161,-86.53489044
5,6,1700.0,2-Car,No injury/unknown,FAILURE TO YIELD RIGHT OF WAY,39.16561,-86.50828
1,6,1100.0,3+ Cars,No injury/unknown,FOLLOWING TOO CLOSELY,39.16558,-86.53362
4,3,1000.0,2-Car,No injury/unknown,FAILURE TO YIELD RIGHT OF WAY,39.16558,-86.53362433
8,4,1600.0,2-Car,No injury/unknown,FOLLOWING TOO CLOSELY,39.16558,-86.53362
12,6,900.0,Bus,No injury/unknown,DISREGARD SIGNAL/REG SIGN,39.16558,-86.53362
12,2,1800.0,2-Car,No injury/unknown,SPEED TOO FAST FOR WEATHER CONDITIONS,39.16558,-86.53235
3,4,1800.0,2-Car,No injury/unknown,UNSAFE BACKING,39.16557649,-86.538592
9,7,1300.0,2-Car,No injury/unknown,OTHER (DRIVER) - EXPLAIN IN NARRATIVE,39.16556,-86.528216
2,1,1000.0,2-Car,No injury/unknown,FAILURE TO YIELD RIGHT OF WAY,39.16555867,-86.538592
12,1,1500.0,2-Car,No injury/unknown,FAILURE TO YIELD RIGHT OF WAY,39.16553414,-86.53360637
6,4,2300.0,1-Car,No injury/unknown,OTHER (DRIVER) - EXPLAIN IN NARRATIVE,39.16552668,-86.53480215
7,3,1300.0,Cyclist,No injury/unknown,OTHER (VEHICLE) - EXPLAIN IN NARRATIVE,39.16541461,-86.52689912
6,6,2100.0,2-Car,No injury/unknown,FAILURE TO YIELD RIGHT OF WAY,39.16537348,-86.52683702
1,6,1900.0,2-Car,No injury/unknown,UNSAFE BACKING,39.16537337,-86.52971636
10,2,2000.0,2-Car,No injury/unknown,IMPROPER LANE USAGE,39.16537337,-86.52971636
5,7,2000.0,2-Car,No injury/unknown,OTHER (DRIVER) - EXPLAIN IN NARRATIVE,39.16535176,-86.479306
10,3,900.0,2-Car,No injury/unknown,UNSAFE LANE MOVEMENT,39.16529,-86.51089784
2,3,1800.0,2-Car,No injury/unknown,LEFT OF CENTER,39.16523731,-86.5712
9,7,2000.0,2-Car,No injury/unknown,,39.16523702,-86.49883388
2,4,1300.0,2-Car,No injury/unknown,UNSAFE BACKING,39.16509895,-86.52682604
6,2,1800.0,2-Car,No injury/unknown,DRIVER DISTRACTED - EXPLAIN IN NARRATIVE,39.16507098,-86.43058721
4,7,1900.0,2-Car,No injury/unknown,IMPROPER TURNING,39.16505796,-86.53480947
4,1,2000.0,2-Car,No injury/unknown,ALCOHOLIC BEVERAGES,39.165056,-86.653168
6,1,1200.0,2-Car,No injury/unknown,FAILURE TO YIELD RIGHT OF WAY,39.16504,-86.610704
7,5,2200.0,2-Car,No injury/unknown,IMPROPER LANE USAGE,39.16501659,-86.531821
8,7,1400.0,2-Car,Non-incapacitating,DRIVER DISTRACTED - EXPLAIN IN NARRATIVE,39.16494,-86.61094339
7,4,1800.0,2-Car,No injury/unknown,FAILURE TO YIELD RIGHT OF WAY,39.16489,-86.57026
8,4,1000.0,2-Car,No injury/unknown,FOLLOWING TOO CLOSELY,39.16485112,-86.42897833
1,7,2200.0,2-Car,No injury/unknown,UNSAFE BACKING,39.164848,-86.581504
2,2,1600.0,2-Car,No injury/unknown,OTHER (DRIVER) - EXPLAIN IN NARRATIVE,39.164848,-86.5767176
3,1,1400.0,2-Car,No injury/unknown,FOLLOWING TOO CLOSELY,39.164848,-86.582896
3,3,1300.0,2-Car,No injury/unknown,OTHER (DRIVER) - EXPLAIN IN NARRATIVE,39.164848,-86.57614099
4,2,1800.0,2-Car,Non-incapacitating,DISREGARD SIGNAL/REG SIGN,39.164848,-86.582896
4,7,200.0,1-Car,No injury/unknown,OTHER (DRIVER) - EXPLAIN IN NARRATIVE,39.164848,-86.581504
6,4,900.0,2-Car,No injury/unknown,OTHER (VEHICLE) - EXPLAIN IN NARRATIVE,39.164848,-86.5761011
12,5,1800.0,2-Car,No injury/unknown,FAILURE TO YIELD RIGHT OF WAY,39.164848,-86.57487674
4,5,1600.0,2-Car,No injury/unknown,VIEW OBSTRUCTED,39.16484767,-86.58010841
6,6,1400.0,2-Car,No injury/unknown,FOLLOWING TOO CLOSELY,39.16484599,-86.5336
9,4,1500.0,3+ Cars,Non-incapacitating,FOLLOWING TOO CLOSELY,39.16484565,-86.57415481