Month,Day,Hour,Collision Type,Injury Type,Primary Factor,Latitude,Longitude
11,6,1700.0,2-Car,No injury/unknown,UNSAFE BACKING,39.16484267,-86.57939467
4,7,900.0,2-Car,No injury/unknown,UNSAFE BACKING,39.16483984,-86.5804062
5,1,2200.0,2-Car,No injury/unknown,UNSAFE BACKING,39.164832,-86.582048
10,5,1800.0,2-Car,No injury/unknown,UNSAFE BACKING,39.164832,-86.582048
3,1,1500.0,2-Car,No injury/unknown,UNSAFE BACKING,39.16482122,-86.5789551
3,6,900.0,Bus,No injury/unknown,FOLLOWING TOO CLOSELY,39.1648,-86.573792
9,4,1800.0,2-Car,Non-incapacitating,DISREGARD SIGNAL/REG SIGN,39.1648,-86.573792
2,5,1000.0,2-Car,No injury/unknown,OTHER (DRIVER) - EXPLAIN IN NARRATIVE,39.16476574,-86.59262603
3,6,1900.0,2-Car,Non-incapacitating,DISREGARD SIGNAL/REG SIGN,39.164752,-86.573104
5,3,1300.0,2-Car,No injury/unknown,DISREGARD SIGNAL/REG SIGN,39.164752,-86.573104
8,3,1900.0,2-Car,No injury/unknown,FOLLOWING TOO CLOSELY,39.164752,-86.573104
8,3,1500.0,Moped/Motorcycle,Incapacitating,FAILURE TO YIELD RIGHT OF WAY,39.164752,-86.573104
10,7,1000.0,3+ Cars,No injury/unknown,FOLLOWING TOO CLOSELY,39.164752,-86.573104
10,5,1300.0,1-Car,No injury/unknown,DRIVER DISTRACTED - EXPLAIN IN NARRATIVE,39.164752,-86.573104
10,5,1400.0,3+ Cars,Non-incapacitating,FOLLOWING TOO CLOSELY,39.1647483,-86.49855852
7,3,1900.0,2-Car,No injury/unknown,UNSAFE BACKING,39.16474251,-86.57282163
9,2,1500.0,2-Car,No injury/unknown,UNSAFE BACKING,39.16472252,-86.52681098
12,1,1400.0,2-Car,No injury/unknown,OVERCORRECTING/OVERSTEERING,39.16472252,-86.52681098
4,6,1100.0,2-Car,Non-incapacitating,DISREGARD SIGNAL/REG SIGN,39.16472,-86.538592
10,7,1300.0,2-Car,No injury/unknown,FOLLOWING TOO CLOSELY,39.16472,-86.538592
11,2,1200.0,Cyclist,Non-incapacitating,UNSAFE SPEED,39.16472,-86.538592
11,6,1200.0,2-Car,No injury/unknown,FAILURE TO YIELD RIGHT OF WAY,39.16472,-86.538592
11,7,1300.0,2-Car,No injury/unknown,SPEED TOO FAST FOR WEATHER CONDITIONS,39.16472,-86.538592
12,4,1500.0,Pedestrian,Non-incapacitating,FAILURE TO YIELD RIGHT OF WAY,39.16472,-86.538592
2,6,1900.0,1-Car,No injury/unknown,ROADWAY SURFACE CONDITION,39.164704,-86.537296
4,2,600.0,1-Car,No injury/unknown,RAN OFF ROAD RIGHT,39.164704,-86.537296
4,2,1100.0,2-Car,No injury/unknown,OTHER (DRIVER) - EXPLAIN IN NARRATIVE,39.16469985,-86.57155249
1,4,1400.0,2-Car,No injury/unknown,FOLLOWING TOO CLOSELY,39.164688,-86.5712
1,2,1800.0,3+ Cars,No injury/unknown,FOLLOWING TOO CLOSELY,39.164688,-86.5712
2,2,1500.0,2-Car,No injury/unknown,FAILURE TO YIELD RIGHT OF WAY,39.164688,-86.5712
2,7,1000.0,2-Car,No injury/unknown,OTHER (DRIVER) - EXPLAIN IN NARRATIVE,39.164688,-86.5712
5,1,1300.0,2-Car,No injury/unknown,FAILURE TO YIELD RIGHT OF WAY,39.164688,-86.5712
7,7,1800.0,2-Car,Non-incapacitating,FOLLOWING TOO CLOSELY,39.164688,-86.5712
8,4,1200.0,2-Car,No injury/unknown,IMPROPER LANE USAGE,39.164688,-86.5712
8,5,1200.0,2-Car,No injury/unknown,OTHER (DRIVER) - EXPLAIN IN NARRATIVE,39.164688,-86.5712
10,7,1900.0,2-Car,No injury/unknown,FOLLOWING TOO CLOSELY,39.164688,-86.5712
1,5,900.0,2-Car,No injury/unknown,FOLLOWING TOO CLOSELY,39.16468378,-86.58292033
1,2,1600.0,3+ Cars,No injury/unknown,FOLLOWING TOO CLOSELY,39.16468378,-86.58583683
7,3,1700.0,2-Car,No injury/unknown,FOLLOWING TOO CLOSELY,39.16468378,-86.58292033
9,4,1200.0,2-Car,No injury/unknown,FAILURE TO YIELD RIGHT OF WAY,39.16468378,-86.58588012
12,6,1500.0,2-Car,Non-incapacitating,FAILURE TO YIELD RIGHT OF WAY,39.16468378,-86.58583683
12,5,1700.0,2-Car,No injury/unknown,FAILURE TO YIELD RIGHT OF WAY,39.16468378,-86.58583683
4,7,1400.0,2-Car,No injury/unknown,FOLLOWING TOO CLOSELY,39.16465198,-86.495088
6,2,1200.0,2-Car,No injury/unknown,FAILURE TO YIELD RIGHT OF WAY,39.16465198,-86.495088
2,6,1700.0,2-Car,Non-incapacitating,OTHER (DRIVER) - EXPLAIN IN NARRATIVE,39.16464,-86.53342359
1,1,1100.0,Pedestrian,Non-incapacitating,UNSAFE BACKING,39.16464,-86.56609698
1,3,1100.0,2-Car,No injury/unknown,FAILURE TO YIELD RIGHT OF WAY,39.16464,-86.534816
1,5,1200.0,2-Car,No injury/unknown,FAILURE TO YIELD RIGHT OF WAY,39.16464,-86.5336
1,5,1500.0,2-Car,No injury/unknown,SPEED TOO FAST FOR WEATHER CONDITIONS,39.16464,-86.5324
1,7,200.0,1-Car,No injury/unknown,ROADWAY SURFACE CONDITION,39.16464,-86.531024
1,2,1300.0,2-Car,No injury/unknown,IMPROPER PASSING,39.16464,-86.568
1,7,1800.0,3+ Cars,Non-incapacitating,DISREGARD SIGNAL/REG SIGN,39.16464,-86.5324
1,6,2000.0,2-Car,No injury/unknown,FAILURE TO YIELD RIGHT OF WAY,39.16464,-86.568
2,6,1300.0,2-Car,No injury/unknown,FAILURE TO YIELD RIGHT OF WAY,39.16464,-86.5324
2,3,1000.0,2-Car,Non-incapacitating,DISREGARD SIGNAL/REG SIGN,39.16464,-86.534816
2,5,500.0,2-Car,No injury/unknown,DISREGARD SIGNAL/REG SIGN,39.16464,-86.5324
2,2,1700.0,2-Car,No injury/unknown,UNSAFE LANE MOVEMENT,39.16464,-86.529728
2,4,600.0,2-Car,No injury/unknown,SPEED TOO FAST FOR WEATHER CONDITIONS,39.16464,-86.5336
2,1,400.0,2-Car,Non-incapacitating,FAILURE TO YIELD RIGHT OF WAY,39.16464,-86.5324
4,5,1700.0,2-Car,No injury/unknown,UNSAFE LANE MOVEMENT,39.16464,-86.531024
4,2,1300.0,2-Car,No injury/unknown,FAILURE TO YIELD RIGHT OF WAY,39.16464,-86.534816
4,7,1000.0,2-Car,Non-incapacitating,FOLLOWING TOO CLOSELY,39.16464,-86.531024
4,7,1800.0,2-Car,No injury/unknown,FAILURE TO YIELD RIGHT OF WAY,39.16464,-86.534816
4,1,300.0,2-Car,No injury/unknown,DISREGARD SIGNAL/REG SIGN,39.16464,-86.5324
4,3,1000.0,2-Car,No injury/unknown,FOLLOWING TOO CLOSELY,39.16464,-86.5336
5,4,2100.0,3+ Cars,Non-incapacitating,FOLLOWING TOO CLOSELY,39.16464,-86.534816
5,6,1900.0,2-Car,Non-incapacitating,FAILURE TO YIELD RIGHT OF WAY,39.16464,-86.534816
5,4,1600.0,2-Car,No injury/unknown,IMPROPER TURNING,39.16464,-86.5324
5,6,0.0,2-Car,No injury/unknown,FAILURE TO YIELD RIGHT OF WAY,39.16464,-86.534816
5,6,1400.0,2-Car,No injury/unknown,FAILURE TO YIELD RIGHT OF WAY,39.16464,-86.5336
6,4,1200.0,2-Car,No injury/unknown,UNSAFE BACKING,39.16464,-86.5336
6,4,1300.0,2-Car,No injury/unknown,UNSAFE BACKING,39.16464,-86.56913891
6,2,1200.0,2-Car,Non-incapacitating,DISREGARD SIGNAL/REG SIGN,39.16464,-86.5336
6,4,1500.0,2-Car,No injury/unknown,FOLLOWING TOO CLOSELY,39.16464,-86.568
8,5,1400.0,2-Car,Non-incapacitating,DISREGARD SIGNAL/REG SIGN,39.16464,-86.534816
8,2,1700.0,2-Car,No injury/unknown,IMPROPER LANE USAGE,39.16464,-86.56905455
8,5,1700.0,3+ Cars,Non-incapacitating,FOLLOWING TOO CLOSELY,39.16464,-86.564992
8,6,1500.0,2-Car,Non-incapacitating,FOLLOWING TOO CLOSELY,39.16464,-86.568
8,2,1200.0,2-Car,No injury/unknown,UNSAFE BACKING,39.16464,-86.5324
8,4,2100.0,2-Car,Non-incapacitating,DISREGARD SIGNAL/REG SIGN,39.16464,-86.5324
8,4,2200.0,Moped/Motorcycle,No injury/unknown,DRIVER DISTRACTED - EXPLAIN IN NARRATIVE,39.16464,-86.5324
8,2,800.0,3+ Cars,No injury/unknown,FOLLOWING TOO CLOSELY,39.16464,-86.5336
9,5,2300.0,2-Car,Non-incapacitating,DISREGARD SIGNAL/REG SIGN,39.16464,-86.534816
9,7,2000.0,2-Car,No injury/unknown,FAILURE TO YIELD RIGHT OF WAY,39.16464,-86.534816
9,6,700.0,2-Car,Non-incapacitating,FAILURE TO YIELD RIGHT OF WAY,39.16464,-86.5324
9,7,2300.0,2-Car,No injury/unknown,FAILURE TO YIELD RIGHT OF WAY,39.16464,-86.5324
9,5,2100.0,2-Car,No injury/unknown,IMPROPER LANE USAGE,39.16464,-86.534816
10,5,0.0,2-Car,Non-incapacitating,DISREGARD SIGNAL/REG SIGN,39.16464,-86.534816
10,5,1100.0,Pedestrian,Non-incapacitating,PEDESTRIAN ACTION,39.16464,-86.529728
10,6,1500.0,2-Car,No injury/unknown,FOLLOWING TOO CLOSELY,39.16464,-86.529728
10,7,800.0,1-Car,No injury/unknown,RAN OFF ROAD RIGHT,39.16464,-86.534816
11,1,1600.0,2-Car,No injury/unknown,UNSAFE BACKING,39.16464,-86.56535587
11,4,1700.0,2-Car,No injury/unknown,DISREGARD SIGNAL/REG SIGN,39.16464,-86.5324
11,6,1500.0,2-Car,No injury/unknown,OTHER (DRIVER) - EXPLAIN IN NARRATIVE,39.16464,-86.531024
11,6,1600.0,2-Car,Non-incapacitating,FAILURE TO YIELD RIGHT OF WAY,39.16464,-86.529728
11,7,1700.0,2-Car,No injury/unknown,DISREGARD SIGNAL/REG SIGN,39.16464,-86.5336
11,2,800.0,2-Car,No injury/unknown,DISREGARD SIGNAL/REG SIGN,39.16464,-86.5324
11,2,2000.0,2-Car,No injury/unknown,DISREGARD SIGNAL/REG SIGN,39.16464,-86.5324
12,2,2000.0,2-Car,Non-incapacitating,DISREGARD SIGNAL/REG SIGN,39.16464,-86.531024
12,5,800.0,2-Car,Non-incapacitating,FAILURE TO YIELD RIGHT OF WAY,39.16464,-86.534816
12,2,1100.0,3+ Cars,No injury/unknown,FOLLOWING TOO CLOSELY,39.16464,-86.564992
6,7,1500.0,2-Car,Non-incapacitating,DISREGARD SIGNAL/REG SIGN,39.16463,-86.5387
1,5,1200.0,2-Car,Non-incapacitating,SPEED TOO FAST FOR WEATHER CONDITIONS,39.16462,-86.53741
8,5,1900.0,2-Car,No injury/unknown,UNSAFE BACKING,39.16460864,-86.58014045
11,7,1600.0,2-Car,No injury/unknown,UNSAFE BACKING,39.16460864,-86.58014045
8,1,1700.0,2-Car,Non-incapacitating,FOLLOWING TOO CLOSELY,39.16460688,-86.57111764
10,7,0.0,2-Car,No injury/unknown,OTHER (DRIVER) - EXPLAIN IN NARRATIVE,39.16460539,-86.53481633
1,1,0.0,2-Car,No injury/unknown,DISREGARD SIGNAL/REG SIGN,39.1646,-86.5349
9,6,1600.0,2-Car,No injury/unknown,IMPROPER PASSING,39.1646,-86.53363
1,5,800.0,2-Car,No injury/unknown,SPEED TOO FAST FOR WEATHER CONDITIONS,39.1645984,-86.57913641
1,3,2000.0,2-Car,No injury/unknown,OTHER (DRIVER) - EXPLAIN IN NARRATIVE,39.1645984,-86.57926628
2,5,1700.0,2-Car,No injury/unknown,FAILURE TO YIELD RIGHT OF WAY,39.1645984,-86.57913641
2,4,1500.0,2-Car,No injury/unknown,FAILURE TO YIELD RIGHT OF WAY,39.1645984,-86.57912342
1,5,1300.0,2-Car,No injury/unknown,FOLLOWING TOO CLOSELY,39.1645984,-86.57913641
3,4,1800.0,2-Car,No injury/unknown,CELL PHONE USAGE,39.1645984,-86.57911044
4,6,1000.0,3+ Cars,Non-incapacitating,OTHER (DRIVER) - EXPLAIN IN NARRATIVE,39.1645984,-86.57912342
4,6,1600.0,2-Car,Non-incapacitating,FAILURE TO YIELD RIGHT OF WAY,39.1645984,-86.57884954
6,6,1000.0,2-Car,Non-incapacitating,DISREGARD SIGNAL/REG SIGN,39.1645984,-86.57913641
6,7,1600.0,2-Car,No injury/unknown,FAILURE TO YIELD RIGHT OF WAY,39.1645984,-86.57913641
7,6,1900.0,2-Car,No injury/unknown,FAILURE TO YIELD RIGHT OF WAY,39.1645984,-86.57913641
7,4,2000.0,2-Car,Non-incapacitating,DISREGARD SIGNAL/REG SIGN,39.1645984,-86.57913641
8,3,2000.0,2-Car,No injury/unknown,,39.1645984,-86.57871294
8,4,1500.0,2-Car,No injury/unknown,FOLLOWING TOO CLOSELY,39.1645984,-86.57911044
9,6,1200.0,2-Car,No injury/unknown,FAILURE TO YIELD RIGHT OF WAY,39.1645984,-86.57913641
9,7,1800.0,2-Car,Non-incapacitating,FAILURE TO YIELD RIGHT OF WAY,39.1645984,-86.57913641
10,6,1200.0,2-Car,No injury/unknown,UNSAFE BACKING,39.1645984,-86.57855584
10,2,1800.0,2-Car,No injury/unknown,OTHER (VEHICLE) - EXPLAIN IN NARRATIVE,39.1645984,-86.57871294
11,2,1700.0,2-Car,No injury/unknown,UNSAFE LANE MOVEMENT,39.1645984,-86.57911909
11,2,1300.0,2-Car,No injury/unknown,DRIVER DISTRACTED - EXPLAIN IN NARRATIVE,39.1645984,-86.57913641
12,5,1900.0,2-Car,Non-incapacitating,FAILURE TO YIELD RIGHT OF WAY,39.1645984,-86.57911909
12,3,1400.0,2-Car,Incapacitating,FAILURE TO YIELD RIGHT OF WAY,39.1645984,-86.57839875
1,3,1100.0,2-Car,No injury/unknown,OTHER (DRIVER) - EXPLAIN IN NARRATIVE,39.16459498,-86.57621992
1,4,1600.0,2-Car,Non-incapacitating,FOLLOWING TOO CLOSELY,39.16459498,-86.57621992
2,7,1500.0,2-Car,No injury/unknown,BRAKE FAILURE OR DEFECTIVE,39.16459498,-86.57621992
2,4,2100.0,2-Car,No injury/unknown,SPEED TOO FAST FOR WEATHER CONDITIONS,39.16459498,-86.57621992
3,7,2000.0,2-Car,No injury/unknown,FAILURE TO YIELD RIGHT OF WAY,39.16459498,-86.57621992
4,3,1900.0,3+ Cars,Non-incapacitating,FOLLOWING TOO CLOSELY,39.16459498,-86.57624589
4,6,1600.0,2-Car,No injury/unknown,FAILURE TO YIELD RIGHT OF WAY,39.16459498,-86.57621992
4,6,1200.0,Bus,No injury/unknown,OTHER (DRIVER) - EXPLAIN IN NARRATIVE,39.16459498,-86.57621992
6,7,2200.0,2-Car,No injury/unknown,DISREGARD SIGNAL/REG SIGN,39.16459498,-86.57621992
6,3,1600.0,3+ Cars,No injury/unknown,DISREGARD SIGNAL/REG SIGN,39.16459498,-86.57621992
7,6,900.0,1-Car,No injury/unknown,BRAKE FAILURE OR DEFECTIVE,39.16459498,-86.57621992
8,5,1500.0,2-Car,No injury/unknown,FOLLOWING TOO CLOSELY,39.16459498,-86.57621992
9,3,1300.0,3+ Cars,Non-incapacitating,FOLLOWING TOO CLOSELY,39.16459498,-86.57621992
9,6,1600.0,2-Car,Non-incapacitating,OTHER (DRIVER) - EXPLAIN IN NARRATIVE,39.16459498,-86.57621126
9,3,1200.0,2-Car,Non-incapacitating,DISREGARD SIGNAL/REG SIGN,39.16459498,-86.57621992
10,6,1600.0,2-Car,No injury/unknown,FAILURE TO YIELD RIGHT OF WAY,39.16459498,-86.57621992
10,4,1900.0,1-Car,No injury/unknown,RAN OFF ROAD RIGHT,39.16459498,-86.57622858
11,3,1500.0,2-Car,No injury/unknown,FAILURE TO YIELD RIGHT OF WAY,39.16459498,-86.57639067
9,7,0.0,2-Car,No injury/unknown,UNSAFE BACKING,39.16459157,-86.53213788
6,4,1200.0,2-Car,No injury/unknown,UNSAFE BACKING,39.164584,-86.534901
8,6,2100.0,3+ Cars,No injury/unknown,FOLLOWING TOO CLOSELY,39.16457233,-86.55903857
4,4,1400.0,3+ Cars,No injury/unknown,FOLLOWING TOO CLOSELY,39.16456918,-86.55939112
3,2,1500.0,2-Car,No injury/unknown,FAILURE TO YIELD RIGHT OF WAY,39.16456,-86.57019
8,7,1300.0,2-Car,Non-incapacitating,OTHER (DRIVER) - EXPLAIN IN NARRATIVE,39.16456,-86.57019
11,6,2300.0,2-Car,No injury/unknown,UNSAFE BACKING,39.16456,-86.5550845
4,1,200.0,1-Car,No injury/unknown,RAN OFF ROAD RIGHT,39.16455652,-86.56044845
1,1,1900.0,2-Car,No injury/unknown,,39.164544,-86.552192
5,7,1200.0,2-Car,No injury/unknown,FAILURE TO YIELD RIGHT OF WAY,39.164544,-86.560096
7,5,1700.0,3+ Cars,No injury/unknown,FOLLOWING TOO CLOSELY,39.164544,-86.560096
8,5,2000.0,1-Car,No injury/unknown,UNSAFE LANE MOVEMENT,39.164544,-86.560096
12,5,1000.0,2-Car,No injury/unknown,OTHER (DRIVER) - EXPLAIN IN NARRATIVE,39.164544,-86.552192
12,6,100.0,1-Car,No injury/unknown,UNSAFE BACKING,39.164544,-86.552192
2,7,1900.0,2-Car,No injury/unknown,UNSAFE BACKING,39.164533,-86.567167
2,2,1200.0,2-Car,Non-incapacitating,FOLLOWING TOO CLOSELY,39.16453,-86.56705433
6,6,700.0,2-Car,No injury/unknown,FAILURE TO YIELD RIGHT OF WAY,39.16453,-86.56705
11,7,1900.0,2-Car,No injury/unknown,UNSAFE BACKING,39.16452114,-86.551072
2,3,1400.0,2-Car,No injury/unknown,IMPROPER TURNING,39.16451984,-86.551008
9,5,1500.0,2-Car,Non-incapacitating,FAILURE TO YIELD RIGHT OF WAY,39.16451466,-86.495088
3,5,1800.0,1-Car,No injury/unknown,RAN OFF ROAD RIGHT,39.16451,-86.565
8,5,0.0,1-Car,No injury/unknown,ROADWAY SURFACE CONDITION,39.1645,-86.56269134
12,7,1600.0,2-Car,No injury/unknown,FOLLOWING TOO CLOSELY,39.1645,-86.5627
9,6,1000.0,2-Car,No injury/unknown,FOLLOWING TOO CLOSELY,39.16449611,-86.49852745
8,6,900.0,1-Car,Non-incapacitating,RAN OFF ROAD RIGHT,39.16449322,-86.42814313
6,4,1600.0,2-Car,No injury/unknown,FAILURE TO YIELD RIGHT OF WAY,39.16449253,-86.57165052
4,3,1900.0,Pedestrian,No injury/unknown,FAILURE TO YIELD RIGHT OF WAY,39.1644915,-86.54983329
6,3,1500.0,2-Car,No injury/unknown,UNSAFE BACKING,39.164488,-86.54969829
1,5,900.0,2-Car,No injury/unknown,FOLLOWING TOO CLOSELY,39.16448,-86.56015
2,7,1700.0,2-Car,No injury/unknown,FAILURE TO YIELD RIGHT OF WAY,39.16448,-86.56015
2,7,1000.0,2-Car,Non-incapacitating,FAILURE TO YIELD RIGHT OF WAY,39.16448,-86.56011538
3,6,1300.0,2-Car,No injury/unknown,FAILURE TO YIELD RIGHT OF WAY,39.16448,-86.56015866
4,4,1100.0,2-Car,No injury/unknown,FAILURE TO YIELD RIGHT OF WAY,39.16448,-86.56015
5,5,500.0,2-Car,No injury/unknown,FOLLOWING TOO CLOSELY,39.16448,-86.56012403
6,6,1500.0,2-Car,Non-incapacitating,DISREGARD SIGNAL/REG SIGN,39.16448,-86.56015
6,2,1200.0,2-Car,No injury/unknown,FOLLOWING TOO CLOSELY,39.16448,-86.56014654
7,4,900.0,2-Car,No injury/unknown,FAILURE TO YIELD RIGHT OF WAY,39.16448,-86.56016731
7,4,800.0,2-Car,No injury/unknown,FAILURE TO YIELD RIGHT OF WAY,39.16448,-86.56015
7,3,1700.0,3+ Cars,No injury/unknown,FOLLOWING TOO CLOSELY,39.16448,-86.56015
8,7,100.0,2-Car,No injury/unknown,FAILURE TO YIELD RIGHT OF WAY,39.16448,-86.56015
8,2,900.0,2-Car,No injury/unknown,FAILURE TO YIELD RIGHT OF WAY,39.16448,-86.56015
8,5,900.0,3+ Cars,No injury/unknown,FOLLOWING TOO CLOSELY,39.16448,-86.56015
9,6,1500.0,2-Car,No injury/unknown,FOLLOWING TOO CLOSELY,39.16448,-86.56015
10,3,1000.0,2-Car,No injury/unknown,FOLLOWING TOO CLOSELY,39.16448,-86.56015
10,6,1700.0,2-Car,No injury/unknown,FAILURE TO YIELD RIGHT OF WAY,39.16448,-86.56016731
11,2,1300.0,2-Car,No injury/unknown,IMPROPER LANE USAGE,39.16448,-86.56019328
5,1,200.0,1-Car,No injury/unknown,RAN OFF ROAD RIGHT,39.16447742,-86.54929031
9,3,2000.0,2-Car,No injury/unknown,UNSAFE LANE MOVEMENT,39.16445,-86.52822
10,7,1300.0,2-Car,No injury/unknown,FOLLOWING TOO CLOSELY,39.16445,-86.52822
8,3,1500.0,2-Car,No injury/unknown,FOLLOWING TOO CLOSELY,39.164448,-86.52609438
9,5,1700.0,2-Car,No injury/unknown,FOLLOWING TOO CLOSELY,39.164448,-86.52644719
2,7,200.0,1-Car,No injury/unknown,SPEED TOO FAST FOR WEATHER CONDITIONS,39.164448,-86.5268
2,4,1700.0,2-Car,No injury/unknown,IMPROPER TURNING,39.164448,-86.471888
2,2,1700.0,2-Car,No injury/unknown,SPEED TOO FAST FOR WEATHER CONDITIONS,39.164448,-86.525792
2,3,1800.0,3+ Cars,No injury/unknown,FOLLOWING TOO CLOSELY,39.164448,-86.471888
2,5,1700.0,2-Car,No injury/unknown,FOLLOWING TOO CLOSELY,39.164448,-86.525792
3,6,1100.0,2-Car,No injury/unknown,FOLLOWING TOO CLOSELY,39.164448,-86.525792
4,5,1700.0,2-Car,No injury/unknown,UNSAFE BACKING,39.164448,-86.52798769
4,7,1200.0,2-Car,Non-incapacitating,UNSAFE SPEED,39.164448,-86.5268
4,2,1300.0,2-Car,No injury/unknown,UNSAFE LANE MOVEMENT,39.164448,-86.528096
6,7,1600.0,2-Car,No injury/unknown,FOLLOWING TOO CLOSELY,39.164448,-86.471888
7,5,1700.0,2-Car,No injury/unknown,IMPROPER LANE USAGE,39.164448,-86.528096
8,4,2000.0,2-Car,No injury/unknown,OVERCORRECTING/OVERSTEERING,39.164448,-86.528096
8,2,1300.0,2-Car,No injury/unknown,,39.164448,-86.527744
8,5,2000.0,Moped/Motorcycle,Non-incapacitating,DISREGARD SIGNAL/REG SIGN,39.164448,-86.5268
9,7,1600.0,2-Car,No injury/unknown,UNSAFE LANE MOVEMENT,39.164448,-86.471888
9,3,1500.0,Moped/Motorcycle,Non-incapacitating,IMPROPER PASSING,39.164448,-86.5268
9,6,900.0,2-Car,No injury/unknown,FOLLOWING TOO CLOSELY,39.164448,-86.5268
9,3,1400.0,2-Car,Non-incapacitating,DISREGARD SIGNAL/REG SIGN,39.164448,-86.5268
11,4,1300.0,2-Car,No injury/unknown,UNSAFE BACKING,39.164448,-86.471888
11,6,1100.0,2-Car,No injury/unknown,LEFT OF CENTER,39.164448,-86.528096
11,2,1200.0,2-Car,No injury/unknown,OTHER (DRIVER) - EXPLAIN IN NARRATIVE,39.164448,-86.471888
11,2,800.0,2-Car,No injury/unknown,DISREGARD SIGNAL/REG SIGN,39.164448,-86.528096
12,7,800.0,3+ Cars,Non-incapacitating,DISREGARD SIGNAL/REG SIGN,39.164448,-86.528096
1,5,1700.0,3+ Cars,No injury/unknown,OTHER (DRIVER) - EXPLAIN IN NARRATIVE,39.16444377,-86.52565098
6,5,1600.0,3+ Cars,No injury/unknown,UNSAFE BACKING,39.1644383,-86.52546877
7,2,1500.0,2-Car,No injury/unknown,VIEW OBSTRUCTED,39.1644383,-86.52546877
4,3,2300.0,3+ Cars,Non-incapacitating,RAN OFF ROAD RIGHT,39.16442423,-86.5732966
4,4,1700.0,2-Car,No injury/unknown,FOLLOWING TOO CLOSELY,39.16442423,-86.5732966
10,6,1800.0,2-Car,Non-incapacitating,FAILURE TO YIELD RIGHT OF WAY,39.16442423,-86.5732966
10,2,1600.0,3+ Cars,No injury/unknown,FOLLOWING TOO CLOSELY,39.16442423,-86.5732966
1,5,1700.0,3+ Cars,No injury/unknown,SPEED TOO FAST FOR WEATHER CONDITIONS,39.1644174,-86.52819003
1,3,2000.0,Pedestrian,Non-incapacitating,FAILURE TO YIELD RIGHT OF WAY,39.16441,-86.55196
2,6,0.0,2-Car,No injury/unknown,UNSAFE BACKING,39.16441,-86.5539
2,4,700.0,2-Car,No injury/unknown,SPEED TOO FAST FOR WEATHER CONDITIONS,39.16441,-86.55196
6,4,200.0,1-Car,No injury/unknown,IMPROPER LANE USAGE,39.16441,-86.5539
1,5,900.0,2-Car,No injury/unknown,FOLLOWING TOO CLOSELY,39.16440374,-86.55627394
2,2,0.0,1-Car,No injury/unknown,RAN OFF ROAD RIGHT,39.16440374,-86.55626096
9,7,1900.0,Moped/Motorcycle,Non-incapacitating,FOLLOWING TOO CLOSELY,39.16440374,-86.5562826
9,3,1600.0,3+ Cars,No injury/unknown,BRAKE FAILURE OR DEFECTIVE,39.16440374,-86.55623932
11,6,1300.0,2-Car,No injury/unknown,FAILURE TO YIELD RIGHT OF WAY,39.16440374,-86.55629991
9,2,0.0,1-Car,No injury/unknown,UNSAFE SPEED,39.1644,-86.546304
10,3,1900.0,1-Car,No injury/unknown,UNSAFE SPEED,39.1644,-86.546304
9,5,1400.0,3+ Cars,Non-incapacitating,FOLLOWING TOO CLOSELY,39.16439952,-86.52417584
2,3,1500.0,2-Car,No injury/unknown,FAILURE TO YIELD RIGHT OF WAY,39.16437733,-86.495088
8,2,1000.0,2-Car,Non-incapacitating,UNSAFE LANE MOVEMENT,39.16437316,-86.5232971
12,6,900.0,1-Car,No injury/unknown,RAN OFF ROAD RIGHT,39.16435451,-86.42790039
1,3,1300.0,2-Car,No injury/unknown,UNSAFE LANE MOVEMENT,39.164352,-86.52223919
12,3,1100.0,2-Car,No injury/unknown,UNSAFE SPEED,39.164352,-86.52188638
1,3,800.0,1-Car,No injury/unknown,SPEED TOO FAST FOR WEATHER CONDITIONS,39.164352,-86.5088
2,7,700.0,1-Car,No injury/unknown,SPEED TOO FAST FOR WEATHER CONDITIONS,39.164352,-86.522592
3,3,2100.0,3+ Cars,No injury/unknown,DRIVER DISTRACTED - EXPLAIN IN NARRATIVE,39.164352,-86.522592
3,5,1600.0,2-Car,No injury/unknown,FOLLOWING TOO CLOSELY,39.164352,-86.522592
4,2,2000.0,3+ Cars,No injury/unknown,FOLLOWING TOO CLOSELY,39.164352,-86.522592
4,6,1300.0,2-Car,No injury/unknown,UNSAFE LANE MOVEMENT,39.164352,-86.522592
4,7,1200.0,2-Car,No injury/unknown,FOLLOWING TOO CLOSELY,39.164352,-86.5088
5,1,1700.0,2-Car,No injury/unknown,FAILURE TO YIELD RIGHT OF WAY,39.164352,-86.508288
6,4,1000.0,2-Car,No injury/unknown,FOLLOWING TOO CLOSELY,39.164352,-86.5088
6,7,1000.0,2-Car,Non-incapacitating,IMPROPER LANE USAGE,39.164352,-86.522592
6,3,1200.0,3+ Cars,No injury/unknown,DRIVER DISTRACTED - EXPLAIN IN NARRATIVE,39.164352,-86.5088
7,3,1800.0,2-Car,No injury/unknown,UNSAFE BACKING,39.164352,-86.5088
8,3,2300.0,2-Car,No injury/unknown,IMPROPER TURNING,39.164352,-86.522592
8,4,1400.0,2-Car,No injury/unknown,FOLLOWING TOO CLOSELY,39.164352,-86.508288
8,5,1100.0,2-Car,Non-incapacitating,UNSAFE SPEED,39.164352,-86.508288
8,2,900.0,2-Car,No injury/unknown,UNSAFE LANE MOVEMENT,39.164352,-86.522592