Month,Day,Hour,Collision Type,Injury Type,Primary Factor,Latitude,Longitude
9,7,400.0,2-Car,Non-incapacitating,OTHER (DRIVER) - EXPLAIN IN NARRATIVE,39.164352,-86.508288
9,2,1200.0,2-Car,Non-incapacitating,FOLLOWING TOO CLOSELY,39.164352,-86.521088
9,5,1400.0,2-Car,No injury/unknown,FOLLOWING TOO CLOSELY,39.164352,-86.521088
9,5,800.0,Cyclist,Non-incapacitating,IMPROPER LANE USAGE,39.164352,-86.5088
10,7,300.0,1-Car,No injury/unknown,RAN OFF ROAD RIGHT,39.164352,-86.521088
10,7,200.0,Bus,No injury/unknown,FOLLOWING TOO CLOSELY,39.164352,-86.522592
11,3,1800.0,2-Car,No injury/unknown,SPEED TOO FAST FOR WEATHER CONDITIONS,39.164352,-86.5088
11,2,2000.0,2-Car,Non-incapacitating,FOLLOWING TOO CLOSELY,39.164352,-86.522592
12,4,2300.0,2-Car,No injury/unknown,FAILURE TO YIELD RIGHT OF WAY,39.164352,-86.521088
1,5,1700.0,1-Car,No injury/unknown,SPEED TOO FAST FOR WEATHER CONDITIONS,39.16434,-86.54629
2,3,1200.0,2-Car,No injury/unknown,UNSAFE BACKING,39.16433371,-86.52579363
6,4,1700.0,2-Car,No injury/unknown,DISREGARD SIGNAL/REG SIGN,39.16432,-86.50824
7,5,1200.0,2-Car,No injury/unknown,FOLLOWING TOO CLOSELY,39.164304,-86.50663919
4,2,1600.0,2-Car,No injury/unknown,LEFT OF CENTER,39.164304,-86.506992
4,1,1600.0,3+ Cars,No injury/unknown,FOLLOWING TOO CLOSELY,39.164304,-86.506992
6,3,900.0,2-Car,No injury/unknown,FOLLOWING TOO CLOSELY,39.164304,-86.506992
6,3,1600.0,2-Car,No injury/unknown,IMPROPER PASSING,39.164304,-86.506992
9,6,1900.0,2-Car,No injury/unknown,FAILURE TO YIELD RIGHT OF WAY,39.164304,-86.505792
10,7,1300.0,2-Car,No injury/unknown,IMPROPER LANE USAGE,39.164304,-86.506992
11,6,1200.0,2-Car,No injury/unknown,OTHER (DRIVER) - EXPLAIN IN NARRATIVE,39.164304,-86.506992
11,1,900.0,1-Car,No injury/unknown,OTHER (DRIVER) - EXPLAIN IN NARRATIVE,39.164304,-86.506992
11,5,1200.0,2-Car,No injury/unknown,FOLLOWING TOO CLOSELY,39.164304,-86.505792
12,5,1700.0,2-Car,No injury/unknown,FAILURE TO YIELD RIGHT OF WAY,39.164304,-86.506992
5,5,800.0,2-Car,No injury/unknown,FAILURE TO YIELD RIGHT OF WAY,39.16429121,-86.47294938
3,5,1500.0,2-Car,No injury/unknown,FAILURE TO YIELD RIGHT OF WAY,39.16429,-86.52587
10,5,1700.0,2-Car,No injury/unknown,FAILURE TO YIELD RIGHT OF WAY,39.16429,-86.52587
12,7,2200.0,2-Car,No injury/unknown,FOLLOWING TOO CLOSELY,39.16429,-86.52587433
12,3,1300.0,2-Car,No injury/unknown,FOLLOWING TOO CLOSELY,39.16429,-86.52587
6,2,1800.0,2-Car,No injury/unknown,FAILURE TO YIELD RIGHT OF WAY,39.164288,-86.5048
8,2,0.0,1-Car,No injury/unknown,,39.164288,-86.473488
9,7,1400.0,3+ Cars,Non-incapacitating,FOLLOWING TOO CLOSELY,39.164288,-86.5048
10,6,1000.0,1-Car,No injury/unknown,UNSAFE BACKING,39.164285,-86.525426
5,3,1600.0,2-Car,No injury/unknown,FOLLOWING TOO CLOSELY,39.16428,-86.50969
11,4,1600.0,2-Car,Non-incapacitating,FOLLOWING TOO CLOSELY,39.16428,-86.50969
11,7,2300.0,2-Car,No injury/unknown,IMPROPER TURNING,39.164272,-86.50192783
3,5,1700.0,2-Car,No injury/unknown,FAILURE TO YIELD RIGHT OF WAY,39.164272,-86.501488
4,1,1300.0,2-Car,No injury/unknown,UNSAFE BACKING,39.164272,-86.50194253
4,3,1700.0,2-Car,No injury/unknown,FAILURE TO YIELD RIGHT OF WAY,39.164272,-86.501488
6,1,1200.0,2-Car,No injury/unknown,UNSAFE BACKING,39.164272,-86.502416
7,3,1600.0,Bus,No injury/unknown,UNSAFE BACKING,39.164272,-86.502416
10,4,1200.0,2-Car,No injury/unknown,FAILURE TO YIELD RIGHT OF WAY,39.164272,-86.50199935
10,6,1700.0,2-Car,No injury/unknown,FAILURE TO YIELD RIGHT OF WAY,39.164272,-86.501488
11,2,1800.0,2-Car,No injury/unknown,FOLLOWING TOO CLOSELY,39.164272,-86.501488
12,3,1600.0,2-Car,Non-incapacitating,FAILURE TO YIELD RIGHT OF WAY,39.164272,-86.501488
1,6,1100.0,Moped/Motorcycle,Incapacitating,FAILURE TO YIELD RIGHT OF WAY,39.16427,-86.51913
2,6,2200.0,2-Car,No injury/unknown,IMPROPER TURNING,39.16427,-86.51913
4,4,1000.0,2-Car,No injury/unknown,FAILURE TO YIELD RIGHT OF WAY,39.16427,-86.51913
4,1,1600.0,3+ Cars,No injury/unknown,FOLLOWING TOO CLOSELY,39.16427,-86.5071
4,3,1700.0,2-Car,No injury/unknown,UNSAFE BACKING,39.16427,-86.519115
4,4,1000.0,Bus,No injury/unknown,IMPROPER PASSING,39.16427,-86.50241
4,7,1200.0,2-Car,No injury/unknown,FAILURE TO YIELD RIGHT OF WAY,39.16427,-86.517692
4,3,1800.0,3+ Cars,Non-incapacitating,FOLLOWING TOO CLOSELY,39.16427,-86.50825
10,6,1900.0,2-Car,No injury/unknown,FOLLOWING TOO CLOSELY,39.16427,-86.509245
5,3,1200.0,2-Car,No injury/unknown,UNSAFE BACKING,39.16426808,-86.50110988
9,4,1900.0,2-Car,No injury/unknown,UNSAFE BACKING,39.16426678,-86.50098384
8,4,1600.0,3+ Cars,Non-incapacitating,FOLLOWING TOO CLOSELY,39.16426652,-86.50095883
5,5,1700.0,2-Car,No injury/unknown,UNSAFE BACKING,39.164265,-86.52085
2,6,1200.0,2-Car,No injury/unknown,FAILURE TO YIELD RIGHT OF WAY,39.16426112,-86.50043808
5,4,1100.0,2-Car,No injury/unknown,UNSAFE BACKING,39.16426112,-86.50043808
1,3,1400.0,2-Car,No injury/unknown,IMPROPER LANE USAGE,39.16426,-86.5164
1,1,1400.0,2-Car,No injury/unknown,FOLLOWING TOO CLOSELY,39.16426,-86.5164
1,7,800.0,3+ Cars,Non-incapacitating,DISREGARD SIGNAL/REG SIGN,39.16426,-86.5164
3,1,2000.0,2-Car,No injury/unknown,UNSAFE LANE MOVEMENT,39.16426,-86.5164
4,6,1700.0,3+ Cars,No injury/unknown,FAILURE TO YIELD RIGHT OF WAY,39.16426,-86.51092
4,2,1400.0,2-Car,Non-incapacitating,FOLLOWING TOO CLOSELY,39.16426,-86.5164
4,3,1700.0,2-Car,No injury/unknown,UNSAFE LANE MOVEMENT,39.16426,-86.5164
5,6,1200.0,2-Car,No injury/unknown,FOLLOWING TOO CLOSELY,39.16426,-86.5164
6,7,1800.0,2-Car,No injury/unknown,IMPROPER LANE USAGE,39.16426,-86.5164
6,3,1900.0,2-Car,No injury/unknown,UNSAFE LANE MOVEMENT,39.16426,-86.51639351
8,3,2200.0,2-Car,Non-incapacitating,OTHER (DRIVER) - EXPLAIN IN NARRATIVE,39.16426,-86.5164
10,3,1400.0,Moped/Motorcycle,Incapacitating,FAILURE TO YIELD RIGHT OF WAY,39.16426,-86.5164
11,5,1800.0,2-Car,No injury/unknown,FAILURE TO YIELD RIGHT OF WAY,39.16426,-86.5164
12,1,1600.0,2-Car,No injury/unknown,SPEED TOO FAST FOR WEATHER CONDITIONS,39.16426,-86.5164
11,3,1500.0,Moped/Motorcycle,No injury/unknown,UNSAFE BACKING,39.16425856,-86.50019104
12,2,1900.0,3+ Cars,No injury/unknown,SPEED TOO FAST FOR WEATHER CONDITIONS,39.16425689,-86.49444889
9,3,1400.0,2-Car,No injury/unknown,IMPROPER TURNING,39.164252,-86.500048
2,7,1500.0,2-Car,No injury/unknown,OTHER (DRIVER) - EXPLAIN IN NARRATIVE,39.16425006,-86.50178452
5,4,1600.0,2-Car,No injury/unknown,IMPROPER TURNING,39.16425006,-86.51642161
6,1,1500.0,Moped/Motorcycle,Non-incapacitating,LEFT OF CENTER,39.16425006,-86.52011675
8,6,1600.0,2-Car,No injury/unknown,FAILURE TO YIELD RIGHT OF WAY,39.16425006,-86.49081523
9,3,1500.0,Moped/Motorcycle,No injury/unknown,IMPROPER TURNING,39.16425006,-86.51643892
9,7,800.0,2-Car,No injury/unknown,DISREGARD SIGNAL/REG SIGN,39.16425006,-86.51642161
10,4,1400.0,2-Car,No injury/unknown,FOLLOWING TOO CLOSELY,39.16425006,-86.51642161
12,7,1900.0,2-Car,No injury/unknown,UNSAFE LANE MOVEMENT,39.16425006,-86.51642507
12,5,1100.0,2-Car,No injury/unknown,UNSAFE LANE MOVEMENT,39.16425006,-86.51521085
12,4,2200.0,2-Car,No injury/unknown,SPEED TOO FAST FOR WEATHER CONDITIONS,39.16425006,-86.49305554
1,1,1600.0,2-Car,No injury/unknown,IMPROPER PASSING,39.16425,-86.51526
3,5,1500.0,2-Car,No injury/unknown,FAILURE TO YIELD RIGHT OF WAY,39.16425,-86.51526
4,7,600.0,1-Car,No injury/unknown,WRONG WAY ON ONE WAY,39.16425,-86.51423
4,7,1500.0,2-Car,No injury/unknown,FOLLOWING TOO CLOSELY,39.16425,-86.51526865
4,4,1100.0,2-Car,No injury/unknown,IMPROPER LANE USAGE,39.16425,-86.51526
5,6,1900.0,2-Car,No injury/unknown,FOLLOWING TOO CLOSELY,39.16425,-86.47200676
6,5,2000.0,2-Car,No injury/unknown,FAILURE TO YIELD RIGHT OF WAY,39.16425,-86.51526
8,1,1500.0,2-Car,No injury/unknown,UNSAFE LANE MOVEMENT,39.16425,-86.52009
8,1,1300.0,2-Car,No injury/unknown,UNSAFE LANE MOVEMENT,39.16425,-86.51526
8,3,2000.0,2-Car,No injury/unknown,IMPROPER TURNING,39.16425,-86.51526
8,7,2000.0,1-Car,Non-incapacitating,WRONG WAY ON ONE WAY,39.16425,-86.51423
8,1,2000.0,2-Car,No injury/unknown,IMPROPER TURNING,39.16425,-86.51526
9,7,1700.0,2-Car,No injury/unknown,IMPROPER TURNING,39.16425,-86.51526
9,6,1800.0,Pedestrian,Incapacitating,IMPROPER TURNING,39.16425,-86.51526
9,1,1200.0,2-Car,No injury/unknown,FAILURE TO YIELD RIGHT OF WAY,39.16425,-86.51526
9,1,1300.0,2-Car,No injury/unknown,FOLLOWING TOO CLOSELY,39.16425,-86.51423
10,2,1800.0,2-Car,No injury/unknown,OTHER (DRIVER) - EXPLAIN IN NARRATIVE,39.16425,-86.52009
11,7,1500.0,2-Car,No injury/unknown,LEFT OF CENTER,39.16425,-86.51423
1,1,1400.0,2-Car,Non-incapacitating,IMPROPER TURNING,39.16424664,-86.51771252
3,3,1700.0,2-Car,No injury/unknown,UNSAFE LANE MOVEMENT,39.16424664,-86.51772982
3,7,1600.0,2-Car,No injury/unknown,IMPROPER TURNING,39.16424664,-86.51771252
3,2,1200.0,2-Car,No injury/unknown,FOLLOWING TOO CLOSELY,39.16424664,-86.51771252
3,3,1400.0,2-Car,No injury/unknown,IMPROPER LANE USAGE,39.16424664,-86.51771252
7,5,1500.0,2-Car,No injury/unknown,IMPROPER TURNING,39.16424664,-86.51771252
9,2,1300.0,2-Car,No injury/unknown,FAILURE TO YIELD RIGHT OF WAY,39.16424664,-86.51771252
9,2,1300.0,2-Car,No injury/unknown,UNSAFE LANE MOVEMENT,39.16424664,-86.51771252
9,5,1100.0,2-Car,No injury/unknown,FAILURE TO YIELD RIGHT OF WAY,39.16424664,-86.51771252
9,7,2200.0,2-Car,No injury/unknown,IMPROPER TURNING,39.16424664,-86.51771252
9,2,1600.0,2-Car,Non-incapacitating,IMPROPER TURNING,39.16424664,-86.51771252
10,1,1600.0,2-Car,Non-incapacitating,UNSAFE LANE MOVEMENT,39.16424664,-86.51771252
10,6,2300.0,2-Car,No injury/unknown,IMPROPER TURNING,39.16424664,-86.51771252
11,3,1200.0,2-Car,No injury/unknown,FOLLOWING TOO CLOSELY,39.16424664,-86.51771252
12,1,1200.0,2-Car,No injury/unknown,FOLLOWING TOO CLOSELY,39.164243,-86.49827
6,4,1800.0,1-Car,No injury/unknown,OTHER (DRIVER) - EXPLAIN IN NARRATIVE,39.164242,-86.498269
4,3,1000.0,3+ Cars,Non-incapacitating,OTHER (DRIVER) - EXPLAIN IN NARRATIVE,39.16424,-86.47422521
9,7,1600.0,2-Car,Non-incapacitating,FOLLOWING TOO CLOSELY,39.16424,-86.49259119
1,2,1900.0,2-Car,No injury/unknown,FAILURE TO YIELD RIGHT OF WAY,39.16424,-86.484384
1,7,1100.0,2-Car,No injury/unknown,FAILURE TO YIELD RIGHT OF WAY,39.16424,-86.4984
1,5,2100.0,2-Car,No injury/unknown,SPEED TOO FAST FOR WEATHER CONDITIONS,39.16424,-86.480688
1,2,1800.0,2-Car,No injury/unknown,UNSAFE BACKING,39.16424,-86.49494053
1,1,1000.0,2-Car,Non-incapacitating,FAILURE TO YIELD RIGHT OF WAY,39.16424,-86.480688
1,6,1900.0,2-Car,No injury/unknown,,39.16424,-86.49406114
1,7,2200.0,2-Car,No injury/unknown,UNSAFE BACKING,39.16424,-86.4984
2,1,1700.0,2-Car,No injury/unknown,FAILURE TO YIELD RIGHT OF WAY,39.16424,-86.49425989
2,2,1300.0,2-Car,No injury/unknown,OTHER (DRIVER) - EXPLAIN IN NARRATIVE,39.16424,-86.49425989
2,6,1300.0,2-Car,Non-incapacitating,FOLLOWING TOO CLOSELY,39.16424,-86.4908
3,2,1500.0,3+ Cars,Non-incapacitating,OTHER (DRIVER) - EXPLAIN IN NARRATIVE,39.16424,-86.4984
3,1,1700.0,2-Car,No injury/unknown,DISREGARD SIGNAL/REG SIGN,39.16424,-86.480688
3,1,2100.0,2-Car,No injury/unknown,FAILURE TO YIELD RIGHT OF WAY,39.16424,-86.495088
3,2,1700.0,2-Car,No injury/unknown,FAILURE TO YIELD RIGHT OF WAY,39.16424,-86.4984
3,4,1700.0,2-Car,No injury/unknown,ACCELERATOR FAILURE OR DEFECTIVE,39.16424,-86.4984
4,5,1100.0,2-Car,No injury/unknown,UNSAFE BACKING,39.16424,-86.4939483
4,6,1500.0,3+ Cars,No injury/unknown,FOLLOWING TOO CLOSELY,39.16424,-86.492944
4,2,1500.0,2-Car,No injury/unknown,OTHER (DRIVER) - EXPLAIN IN NARRATIVE,39.16424,-86.4984
4,5,1500.0,2-Car,No injury/unknown,FAILURE TO YIELD RIGHT OF WAY,39.16424,-86.4984
4,5,2000.0,2-Car,No injury/unknown,OTHER (DRIVER) - EXPLAIN IN NARRATIVE,39.16424,-86.49250645
4,3,1500.0,2-Car,No injury/unknown,FOLLOWING TOO CLOSELY,39.16424,-86.480688
4,7,1300.0,2-Car,No injury/unknown,FAILURE TO YIELD RIGHT OF WAY,39.16424,-86.4908
4,1,1300.0,3+ Cars,No injury/unknown,SPEED TOO FAST FOR WEATHER CONDITIONS,39.16424,-86.495088
4,4,1100.0,2-Car,No injury/unknown,FOLLOWING TOO CLOSELY,39.16424,-86.4908
4,5,1400.0,1-Car,No injury/unknown,DRIVER DISTRACTED - EXPLAIN IN NARRATIVE,39.16424,-86.4908
5,1,1200.0,2-Car,No injury/unknown,FOLLOWING TOO CLOSELY,39.16424,-86.492944
5,5,1500.0,3+ Cars,Non-incapacitating,FOLLOWING TOO CLOSELY,39.16424,-86.476096
5,6,1400.0,2-Car,Non-incapacitating,FOLLOWING TOO CLOSELY,39.16424,-86.495088
5,2,1700.0,2-Car,No injury/unknown,FAILURE TO YIELD RIGHT OF WAY,39.16424,-86.473296
5,5,0.0,Cyclist,Non-incapacitating,DISREGARD SIGNAL/REG SIGN,39.16424,-86.4984
5,4,1800.0,3+ Cars,Non-incapacitating,FOLLOWING TOO CLOSELY,39.16424,-86.4984
5,6,1500.0,2-Car,No injury/unknown,UNSAFE BACKING,39.16424,-86.49259396
5,6,1900.0,Moped/Motorcycle,Non-incapacitating,FAILURE TO YIELD RIGHT OF WAY,39.16424,-86.476096
5,1,900.0,2-Car,Non-incapacitating,FOLLOWING TOO CLOSELY,39.16424,-86.4984
6,7,1100.0,2-Car,No injury/unknown,FOLLOWING TOO CLOSELY,39.16424,-86.49368135
6,3,1500.0,2-Car,No injury/unknown,FOLLOWING TOO CLOSELY,39.16424,-86.4984
5,1,1800.0,2-Car,Non-incapacitating,FOLLOWING TOO CLOSELY,39.16424,-86.492944
6,5,1000.0,2-Car,No injury/unknown,UNSAFE BACKING,39.16424,-86.49368135
6,3,1100.0,2-Car,No injury/unknown,FAILURE TO YIELD RIGHT OF WAY,39.16424,-86.495088
6,5,1700.0,2-Car,No injury/unknown,OTHER (DRIVER) - EXPLAIN IN NARRATIVE,39.16424,-86.49368135
6,5,2200.0,2-Car,Non-incapacitating,HEADLIGHT DEFECTIVE OR NOT ON,39.16424,-86.495088
6,4,1300.0,2-Car,Non-incapacitating,FAILURE TO YIELD RIGHT OF WAY,39.16424,-86.4984
7,6,700.0,2-Car,No injury/unknown,UNSAFE LANE MOVEMENT,39.16424,-86.4984
7,3,1600.0,2-Car,Non-incapacitating,FOLLOWING TOO CLOSELY,39.16424,-86.476096
7,5,900.0,2-Car,No injury/unknown,OTHER (VEHICLE) - EXPLAIN IN NARRATIVE,39.16424,-86.49224392
8,5,1700.0,2-Car,No injury/unknown,UNSAFE BACKING,39.16424,-86.473696
8,6,300.0,2-Car,No injury/unknown,UNSAFE BACKING,39.16424,-86.48132949
8,2,1300.0,2-Car,No injury/unknown,OTHER (VEHICLE) - EXPLAIN IN NARRATIVE,39.16424,-86.4940557
8,1,1300.0,2-Car,No injury/unknown,FAILURE TO YIELD RIGHT OF WAY,39.16424,-86.495088
8,2,1300.0,2-Car,Non-incapacitating,FAILURE TO YIELD RIGHT OF WAY,39.16424,-86.473296
8,5,1900.0,2-Car,Non-incapacitating,DISREGARD SIGNAL/REG SIGN,39.16424,-86.4908
8,1,1800.0,2-Car,No injury/unknown,UNSAFE BACKING,39.16424,-86.49425989
8,3,1800.0,2-Car,No injury/unknown,,39.16424,-86.49425989
8,3,2200.0,2-Car,Non-incapacitating,FOLLOWING TOO CLOSELY,39.16424,-86.4908
8,7,1200.0,2-Car,No injury/unknown,FAILURE TO YIELD RIGHT OF WAY,39.16424,-86.4984
8,7,1700.0,3+ Cars,Non-incapacitating,FOLLOWING TOO CLOSELY,39.16424,-86.4984
8,7,1300.0,2-Car,No injury/unknown,FAILURE TO YIELD RIGHT OF WAY,39.16424,-86.495088
9,4,1800.0,2-Car,Non-incapacitating,FOLLOWING TOO CLOSELY,39.16424,-86.480688
8,2,2100.0,2-Car,No injury/unknown,OTHER (DRIVER) - EXPLAIN IN NARRATIVE,39.16424,-86.48664897
9,7,1800.0,2-Car,Non-incapacitating,FOLLOWING TOO CLOSELY,39.16424,-86.495088
9,3,1700.0,3+ Cars,Non-incapacitating,FOLLOWING TOO CLOSELY,39.16424,-86.4984
9,5,1200.0,2-Car,Non-incapacitating,FOLLOWING TOO CLOSELY,39.16424,-86.4908
9,6,2300.0,2-Car,No injury/unknown,OTHER (DRIVER) - EXPLAIN IN NARRATIVE,39.16424,-86.4984
9,7,1600.0,2-Car,No injury/unknown,FOLLOWING TOO CLOSELY,39.16424,-86.492944
9,2,1300.0,2-Car,Non-incapacitating,FAILURE TO YIELD RIGHT OF WAY,39.16424,-86.476096
9,2,1600.0,2-Car,No injury/unknown,FOLLOWING TOO CLOSELY,39.16424,-86.473696
10,6,1900.0,2-Car,No injury/unknown,UNSAFE BACKING,39.16424,-86.49414646
10,3,1300.0,2-Car,No injury/unknown,FAILURE TO YIELD RIGHT OF WAY,39.16424,-86.4984
10,4,1000.0,2-Car,No injury/unknown,UNSAFE BACKING,39.16424,-86.492944
10,5,1100.0,2-Car,No injury/unknown,IMPROPER TURNING,39.16424,-86.473696
10,7,1600.0,2-Car,No injury/unknown,OTHER (DRIVER) - EXPLAIN IN NARRATIVE,39.16424,-86.4984
10,7,1600.0,2-Car,Non-incapacitating,FAILURE TO YIELD RIGHT OF WAY,39.16424,-86.4984
10,5,1500.0,3+ Cars,Non-incapacitating,FOLLOWING TOO CLOSELY,39.16424,-86.4984
10,5,1100.0,Pedestrian,Non-incapacitating,FAILURE TO YIELD RIGHT OF WAY,39.16424,-86.492944
10,5,1900.0,2-Car,No injury/unknown,UNSAFE BACKING,39.16424,-86.480688
10,7,1700.0,2-Car,No injury/unknown,FAILURE TO YIELD RIGHT OF WAY,39.16424,-86.495088
10,7,1500.0,2-Car,No injury/unknown,UNSAFE BACKING,39.16424,-86.480688
10,6,1000.0,2-Car,No injury/unknown,OTHER (DRIVER) - EXPLAIN IN NARRATIVE,39.16424,-86.4984
10,6,1700.0,3+ Cars,No injury/unknown,FOLLOWING TOO CLOSELY,39.16424,-86.495088
10,3,1100.0,2-Car,No injury/unknown,FOLLOWING TOO CLOSELY,39.16424,-86.480688
11,4,700.0,Bus,No injury/unknown,DISREGARD SIGNAL/REG SIGN,39.16424,-86.492944
11,2,0.0,2-Car,No injury/unknown,OTHER (DRIVER) - EXPLAIN IN NARRATIVE,39.16424,-86.498269
11,3,1700.0,2-Car,No injury/unknown,SPEED TOO FAST FOR WEATHER CONDITIONS,39.16424,-86.495088
11,6,1600.0,2-Car,No injury/unknown,UNSAFE BACKING,39.16424,-86.4908
11,3,1900.0,2-Car,No injury/unknown,FOLLOWING TOO CLOSELY,39.16424,-86.492944
11,5,1800.0,2-Car,No injury/unknown,UNSAFE BACKING,39.16424,-86.4984
11,2,500.0,1-Car,No injury/unknown,ANIMAL/OBJECT IN ROADWAY,39.16424,-86.480688
12,6,1200.0,2-Car,No injury/unknown,UNSAFE BACKING,39.16424,-86.49425989
12,2,1600.0,2-Car,No injury/unknown,FAILURE TO YIELD RIGHT OF WAY,39.16424,-86.495088
12,3,1400.0,2-Car,Non-incapacitating,FOLLOWING TOO CLOSELY,39.16424,-86.492944
12,6,1900.0,3+ Cars,No injury/unknown,SPEED TOO FAST FOR WEATHER CONDITIONS,39.16424,-86.495088
12,5,2200.0,2-Car,No injury/unknown,,39.16424,-86.4984
12,5,1500.0,2-Car,Non-incapacitating,FOLLOWING TOO CLOSELY,39.16424,-86.495088
4,2,1900.0,2-Car,No injury/unknown,,39.1642393,-86.49515826
5,4,2000.0,2-Car,No injury/unknown,,39.1642393,-86.49515826
5,7,800.0,1-Car,No injury/unknown,RAN OFF ROAD RIGHT,39.16423861,-86.49522852
6,3,2100.0,2-Car,No injury/unknown,UNSAFE BACKING,39.16423861,-86.49522852
8,3,1900.0,2-Car,No injury/unknown,,39.16423861,-86.49522852
8,6,1900.0,2-Car,No injury/unknown,OTHER (DRIVER) - EXPLAIN IN NARRATIVE,39.16423861,-86.49522852
11,1,2000.0,2-Car,No injury/unknown,UNSAFE BACKING,39.16423861,-86.49522852
6,4,1000.0,2-Car,No injury/unknown,UNSAFE BACKING,39.16423733,-86.49811733
5,6,2200.0,1-Car,No injury/unknown,DRIVER DISTRACTED - EXPLAIN IN NARRATIVE,39.16423674,-86.49805388
5,5,1800.0,2-Car,No injury/unknown,OTHER (VEHICLE) - EXPLAIN IN NARRATIVE,39.16423674,-86.49805388
5,3,1700.0,2-Car,No injury/unknown,UNSAFE BACKING,39.16423,-86.497269
8,7,1500.0,2-Car,No injury/unknown,UNSAFE BACKING,39.16423,-86.497269
1,6,800.0,2-Car,Non-incapacitating,SPEED TOO FAST FOR WEATHER CONDITIONS,39.16422957,-86.47208686
3,4,1200.0,1-Car,No injury/unknown,ALCOHOLIC BEVERAGES,39.16422957,-86.47216468
1,1,1900.0,2-Car,No injury/unknown,OTHER (DRIVER) - EXPLAIN IN NARRATIVE,39.164229,-86.497124
12,1,1600.0,2-Car,No injury/unknown,UNSAFE BACKING,39.164229,-86.497124
8,6,2000.0,2-Car,No injury/unknown,FOLLOWING TOO CLOSELY,39.16422615,-86.47630541
12,6,2000.0,Bus,Non-incapacitating,UNSAFE LANE MOVEMENT,39.16422615,-86.47630108
12,5,1000.0,2-Car,No injury/unknown,UNSAFE BACKING,39.16422609,-86.49649322
2,3,1800.0,2-Car,No injury/unknown,FAILURE TO YIELD RIGHT OF WAY,39.164224,-86.496704
9,6,2000.0,2-Car,No injury/unknown,OTHER (DRIVER) - EXPLAIN IN NARRATIVE,39.164221,-86.477166
2,1,1800.0,3+ Cars,No injury/unknown,FOLLOWING TOO CLOSELY,39.16422,-86.4763
3,4,900.0,Bus,Non-incapacitating,FAILURE TO YIELD RIGHT OF WAY,39.16422,-86.4763
3,4,1300.0,2-Car,No injury/unknown,FAILURE TO YIELD RIGHT OF WAY,39.16422,-86.4763
3,2,1900.0,2-Car,No injury/unknown,FAILURE TO YIELD RIGHT OF WAY,39.16422,-86.4763
8,6,1300.0,2-Car,No injury/unknown,FAILURE TO YIELD RIGHT OF WAY,39.16422,-86.4763
12,1,1600.0,2-Car,No injury/unknown,FOLLOWING TOO CLOSELY,39.164217,-86.495697
12,2,1800.0,2-Car,No injury/unknown,SPEED TOO FAST FOR WEATHER CONDITIONS,39.164217,-86.495697
12,2,1800.0,2-Car,No injury/unknown,SPEED TOO FAST FOR WEATHER CONDITIONS,39.164217,-86.495697
1,1,1700.0,2-Car,No injury/unknown,OTHER (DRIVER) - EXPLAIN IN NARRATIVE,39.164214,-86.49524
6,3,1200.0,2-Car,No injury/unknown,FAILURE TO YIELD RIGHT OF WAY,39.164214,-86.495275
11,7,1500.0,2-Car,No injury/unknown,OTHER (VEHICLE) - EXPLAIN IN NARRATIVE,39.164214,-86.49524
5,2,1700.0,2-Car,Non-incapacitating,FOLLOWING TOO CLOSELY,39.164212,-86.495029
2,4,1500.0,2-Car,No injury/unknown,,39.16421,-86.49446
2,7,1200.0,2-Car,No injury/unknown,UNSAFE BACKING,39.16421,-86.494446
2,5,2200.0,2-Car,No injury/unknown,OTHER (DRIVER) - EXPLAIN IN NARRATIVE,39.16421,-86.493962
3,5,1400.0,1-Car,No injury/unknown,OTHER (DRIVER) - EXPLAIN IN NARRATIVE,39.16421,-86.481219
3,2,200.0,2-Car,No injury/unknown,,39.16421,-86.481219
4,4,1700.0,2-Car,No injury/unknown,FOLLOWING TOO CLOSELY,39.16421,-86.48122
6,4,1900.0,2-Car,No injury/unknown,FAILURE TO YIELD RIGHT OF WAY,39.16421,-86.49446
7,1,1900.0,Cyclist,Non-incapacitating,FAILURE TO YIELD RIGHT OF WAY,39.16421,-86.49496
9,4,1100.0,2-Car,No injury/unknown,FAILURE TO YIELD RIGHT OF WAY,39.16421,-86.49304865
9,6,800.0,1-Car,No injury/unknown,DRIVER DISTRACTED - EXPLAIN IN NARRATIVE,39.16421,-86.491719
9,3,1000.0,Bus,No injury/unknown,OTHER (DRIVER) - EXPLAIN IN NARRATIVE,39.16421,-86.48122
11,7,1800.0,2-Car,No injury/unknown,UNSAFE BACKING,39.16421,-86.49446
12,7,1700.0,2-Car,Non-incapacitating,SPEED TOO FAST FOR WEATHER CONDITIONS,39.16421,-86.49072
12,1,1600.0,2-Car,No injury/unknown,SPEED TOO FAST FOR WEATHER CONDITIONS,39.16421,-86.493255
2,4,1000.0,2-Car,No injury/unknown,UNSAFE BACKING,39.164151,-86.509096
11,5,1200.0,2-Car,No injury/unknown,OTHER (VEHICLE) - EXPLAIN IN NARRATIVE,39.16399393,-86.42286168
4,4,1800.0,2-Car,No injury/unknown,UNSAFE BACKING,39.163952,-86.5829056
8,5,1500.0,2-Car,No injury/unknown,UNSAFE BACKING,39.163936,-86.537416
4,6,1800.0,1-Car,Non-incapacitating,OVERCORRECTING/OVERSTEERING,39.16378263,-86.63496975
5,2,1100.0,2-Car,Non-incapacitating,DISREGARD SIGNAL/REG SIGN,39.16376671,-86.49810791