Month,Day,Hour,Collision Type,Injury Type,Primary Factor,Latitude,Longitude
8,6,1300.0,1-Car,No injury/unknown,DRIVER ASLEEP OR FATIGUED,39.16364217,-86.43831006
12,5,2000.0,2-Car,No injury/unknown,RAN OFF ROAD RIGHT,39.16362786,-86.4390581
11,7,2100.0,1-Car,No injury/unknown,ANIMAL/OBJECT IN ROADWAY,39.1636251,-86.64980603
12,4,700.0,1-Car,No injury/unknown,SPEED TOO FAST FOR WEATHER CONDITIONS,39.1636251,-86.64993601
12,1,1600.0,2-Car,No injury/unknown,ROADWAY SURFACE CONDITION,39.16360202,-86.63720419
1,5,700.0,2-Car,No injury/unknown,FOLLOWING TOO CLOSELY,39.16346117,-86.55130339
2,2,1100.0,2-Car,No injury/unknown,SPEED TOO FAST FOR WEATHER CONDITIONS,39.16346117,-86.55130339
2,2,800.0,1-Car,No injury/unknown,ROADWAY SURFACE CONDITION,39.16346117,-86.55130339
5,5,1100.0,Cyclist,Non-incapacitating,IMPROPER PASSING,39.16346117,-86.55130339
6,6,1300.0,2-Car,No injury/unknown,FAILURE TO YIELD RIGHT OF WAY,39.16346117,-86.55130339
7,1,400.0,1-Car,No injury/unknown,RAN OFF ROAD RIGHT,39.16346117,-86.55130339
7,5,1400.0,2-Car,No injury/unknown,FOLLOWING TOO CLOSELY,39.16346117,-86.55130339
10,5,1300.0,2-Car,No injury/unknown,UNSAFE LANE MOVEMENT,39.16346117,-86.55130339
12,6,2300.0,1-Car,No injury/unknown,RAN OFF ROAD RIGHT,39.16344361,-86.6444225
6,2,2200.0,2-Car,No injury/unknown,UNSAFE BACKING,39.16344,-86.5888
6,6,1400.0,2-Car,No injury/unknown,FOLLOWING TOO CLOSELY,39.16342781,-86.49822171
7,2,1000.0,1-Car,No injury/unknown,OTHER (VEHICLE) - EXPLAIN IN NARRATIVE,39.16342222,-86.5139
11,5,300.0,1-Car,No injury/unknown,SPEED TOO FAST FOR WEATHER CONDITIONS,39.16339037,-86.52751354
1,3,900.0,2-Car,Non-incapacitating,FAILURE TO YIELD RIGHT OF WAY,39.163344,-86.5272
1,3,800.0,2-Car,No injury/unknown,FAILURE TO YIELD RIGHT OF WAY,39.163344,-86.5272
2,6,1100.0,2-Car,No injury/unknown,DISREGARD SIGNAL/REG SIGN,39.163344,-86.5272
12,4,1200.0,2-Car,No injury/unknown,SPEED TOO FAST FOR WEATHER CONDITIONS,39.163344,-86.5272
12,4,1100.0,2-Car,No injury/unknown,FAILURE TO YIELD RIGHT OF WAY,39.163344,-86.5272
6,4,1700.0,2-Car,Non-incapacitating,FOLLOWING TOO CLOSELY,39.16332167,-86.49809182
12,6,2300.0,2-Car,No injury/unknown,SPEED TOO FAST FOR WEATHER CONDITIONS,39.1633,-86.58274
12,3,1400.0,2-Car,No injury/unknown,UNSAFE BACKING,39.163272,-86.476283
3,4,800.0,2-Car,No injury/unknown,DISREGARD SIGNAL/REG SIGN,39.163216,-86.519024
11,7,2300.0,2-Car,No injury/unknown,IMPROPER TURNING,39.163216,-86.519024
2,2,1600.0,2-Car,No injury/unknown,FAILURE TO YIELD RIGHT OF WAY,39.163168,-86.516384
12,4,900.0,Cyclist,Non-incapacitating,FAILURE TO YIELD RIGHT OF WAY,39.163168,-86.516384
2,1,2100.0,1-Car,No injury/unknown,UNSAFE SPEED,39.163152,-86.629104
2,5,1800.0,2-Car,No injury/unknown,FAILURE TO YIELD RIGHT OF WAY,39.16314,-86.52727
2,1,2100.0,2-Car,No injury/unknown,FAILURE TO YIELD RIGHT OF WAY,39.16314,-86.52727
8,5,1200.0,2-Car,No injury/unknown,FAILURE TO YIELD RIGHT OF WAY,39.16314,-86.52727
12,2,1100.0,2-Car,No injury/unknown,FAILURE TO YIELD RIGHT OF WAY,39.16314,-86.52727
7,3,1600.0,2-Car,Non-incapacitating,UNSAFE BACKING,39.163136,-86.546224
8,6,1100.0,1-Car,Non-incapacitating,DRIVER ILLNESS,39.163136,-86.546224
8,7,0.0,1-Car,No injury/unknown,RAN OFF ROAD RIGHT,39.163136,-86.514096
2,7,1100.0,2-Car,Non-incapacitating,FAILURE TO YIELD RIGHT OF WAY,39.16312,-86.5259
3,4,800.0,2-Car,No injury/unknown,IMPROPER TURNING,39.16312,-86.52262
6,3,1200.0,Pedestrian,Non-incapacitating,FAILURE TO YIELD RIGHT OF WAY,39.16312,-86.52262
8,4,1100.0,2-Car,No injury/unknown,FAILURE TO YIELD RIGHT OF WAY,39.16312,-86.5259
9,3,2300.0,2-Car,Non-incapacitating,FAILURE TO YIELD RIGHT OF WAY,39.16312,-86.5259
10,6,1400.0,Moped/Motorcycle,Non-incapacitating,FOLLOWING TOO CLOSELY,39.16312,-86.5259
11,2,1300.0,2-Car,No injury/unknown,FAILURE TO YIELD RIGHT OF WAY,39.16312,-86.513088
1,6,1300.0,2-Car,No injury/unknown,IMPROPER TURNING,39.163116,-86.522225
12,6,1800.0,2-Car,No injury/unknown,OTHER (DRIVER) - EXPLAIN IN NARRATIVE,39.163116,-86.522225
4,5,1600.0,2-Car,Incapacitating,FAILURE TO YIELD RIGHT OF WAY,39.16311,-86.52403
5,6,900.0,2-Car,No injury/unknown,UNSAFE LANE MOVEMENT,39.16311,-86.52403
6,3,1700.0,2-Car,No injury/unknown,FAILURE TO YIELD RIGHT OF WAY,39.16311,-86.52403
7,5,400.0,1-Car,No injury/unknown,RAN OFF ROAD RIGHT,39.16311,-86.52403
12,6,1300.0,2-Car,No injury/unknown,FAILURE TO YIELD RIGHT OF WAY,39.1631,-86.52106
8,6,1400.0,Bus,No injury/unknown,IMPROPER PASSING,39.163098,-86.550933
9,2,1300.0,2-Car,Non-incapacitating,FAILURE TO YIELD RIGHT OF WAY,39.16309707,-86.51772022
2,3,2100.0,2-Car,No injury/unknown,FAILURE TO YIELD RIGHT OF WAY,39.16309,-86.52021
2,4,800.0,Bus,No injury/unknown,FAILURE TO YIELD RIGHT OF WAY,39.16309,-86.52021
4,4,1100.0,2-Car,Non-incapacitating,FAILURE TO YIELD RIGHT OF WAY,39.16309,-86.52021
9,5,1700.0,2-Car,No injury/unknown,FOLLOWING TOO CLOSELY,39.16309,-86.52021
3,7,1500.0,2-Car,No injury/unknown,IMPROPER TURNING,39.16308,-86.51527
11,2,1500.0,3+ Cars,No injury/unknown,FOLLOWING TOO CLOSELY,39.16308,-86.51527
7,7,1300.0,2-Car,No injury/unknown,FAILURE TO YIELD RIGHT OF WAY,39.163072,-86.5096
2,6,2300.0,2-Car,No injury/unknown,IMPROPER LANE USAGE,39.16307,-86.51913
3,6,900.0,2-Car,No injury/unknown,UNSAFE BACKING,39.16305,-86.51639
4,3,1700.0,2-Car,No injury/unknown,FOLLOWING TOO CLOSELY,39.16305,-86.51639
9,1,1600.0,2-Car,No injury/unknown,FOLLOWING TOO CLOSELY,39.16305,-86.51639
11,6,2100.0,2-Car,No injury/unknown,IMPROPER TURNING,39.16305,-86.51639
8,1,1500.0,2-Car,No injury/unknown,FAILURE TO YIELD RIGHT OF WAY,39.16304453,-86.51771252
5,2,2100.0,Pedestrian,Incapacitating,PEDESTRIAN ACTION,39.16299725,-86.49802744
10,6,1300.0,1-Car,No injury/unknown,RAN OFF ROAD RIGHT,39.162992,-86.538592
11,3,1100.0,1-Car,Non-incapacitating,UNSAFE SPEED,39.16295,-86.4808
10,3,1100.0,1-Car,No injury/unknown,ACCELERATOR FAILURE OR DEFECTIVE,39.162928,-86.498112
11,5,1100.0,2-Car,No injury/unknown,FAILURE TO YIELD RIGHT OF WAY,39.162928,-86.498112
3,2,1500.0,2-Car,No injury/unknown,UNSAFE BACKING,39.16291476,-86.55624845
4,3,1600.0,2-Car,No injury/unknown,UNSAFE BACKING,39.16291331,-86.53483233
6,1,1400.0,Cyclist,Non-incapacitating,FAILURE TO YIELD RIGHT OF WAY,39.162878,-86.498021
8,6,1800.0,2-Car,No injury/unknown,OTHER (DRIVER) - EXPLAIN IN NARRATIVE,39.16286208,-86.53378304
1,6,1300.0,2-Car,No injury/unknown,FAILURE TO YIELD RIGHT OF WAY,39.162848,-86.53104
2,5,1400.0,2-Car,No injury/unknown,LEFT OF CENTER,39.162848,-86.5284
2,6,1200.0,2-Car,No injury/unknown,,39.162848,-86.527184
4,7,1400.0,2-Car,No injury/unknown,,39.162848,-86.529744
7,4,1500.0,Cyclist,Non-incapacitating,UNSAFE SPEED,39.162848,-86.53104
9,7,1300.0,2-Car,No injury/unknown,FAILURE TO YIELD RIGHT OF WAY,39.162848,-86.5284
10,6,1700.0,2-Car,No injury/unknown,IMPROPER TURNING,39.162848,-86.5336
3,6,2300.0,2-Car,No injury/unknown,FAILURE TO YIELD RIGHT OF WAY,39.16283,-86.53117
1,1,1500.0,2-Car,No injury/unknown,FAILURE TO YIELD RIGHT OF WAY,39.16281,-86.52843
4,5,1000.0,2-Car,No injury/unknown,FAILURE TO YIELD RIGHT OF WAY,39.16281,-86.52841269
12,5,1300.0,2-Car,No injury/unknown,SPEED TOO FAST FOR WEATHER CONDITIONS,39.16280112,-86.41408857
2,6,700.0,2-Car,No injury/unknown,FAILURE TO YIELD RIGHT OF WAY,39.16274449,-86.53265
6,4,1800.0,2-Car,No injury/unknown,FOLLOWING TOO CLOSELY,39.16270985,-86.41331991
5,1,1800.0,2-Car,No injury/unknown,DRIVER DISTRACTED - EXPLAIN IN NARRATIVE,39.16270985,-86.41331904
2,5,900.0,2-Car,No injury/unknown,FOLLOWING TOO CLOSELY,39.16267,-86.5505
1,3,1600.0,2-Car,No injury/unknown,UNSAFE BACKING,39.162531,-86.502419
9,2,1700.0,Cyclist,No injury/unknown,,39.162464,-86.542096
6,5,1500.0,2-Car,No injury/unknown,FAILURE TO YIELD RIGHT OF WAY,39.162432,-86.5408
9,3,300.0,2-Car,No injury/unknown,OTHER (DRIVER) - EXPLAIN IN NARRATIVE,39.16243,-86.54619
10,2,2000.0,2-Car,Non-incapacitating,FAILURE TO YIELD RIGHT OF WAY,39.16241698,-86.5324
6,1,0.0,2-Car,No injury/unknown,IMPROPER LANE USAGE,39.1624,-86.53869
11,3,1300.0,2-Car,No injury/unknown,FAILURE TO YIELD RIGHT OF WAY,39.1624,-86.538592
12,1,800.0,2-Car,No injury/unknown,FAILURE TO YIELD RIGHT OF WAY,39.16239669,-86.53111335
1,2,1100.0,2-Car,No injury/unknown,UNSAFE BACKING,39.16237859,-86.55598207
7,4,1200.0,2-Car,No injury/unknown,UNSAFE BACKING,39.16237859,-86.55598207
8,2,1800.0,2-Car,No injury/unknown,UNSAFE BACKING,39.16237732,-86.51903775
3,6,1700.0,2-Car,No injury/unknown,UNSAFE BACKING,39.16235951,-86.5336
8,7,1100.0,3+ Cars,No injury/unknown,FAILURE TO YIELD RIGHT OF WAY,39.16225,-86.52591
12,6,1200.0,1-Car,No injury/unknown,SPEED TOO FAST FOR WEATHER CONDITIONS,39.16224,-86.523968
1,3,800.0,2-Car,Non-incapacitating,DISREGARD SIGNAL/REG SIGN,39.16222,-86.52402
12,1,0.0,2-Car,No injury/unknown,OTHER (DRIVER) - EXPLAIN IN NARRATIVE,39.16219076,-86.51770387
11,3,1300.0,2-Car,No injury/unknown,FAILURE TO YIELD RIGHT OF WAY,39.16204732,-86.55561324
9,6,1200.0,1-Car,No injury/unknown,ANIMAL/OBJECT IN ROADWAY,39.16200597,-86.57316611
12,2,1200.0,2-Car,No injury/unknown,OTHER (DRIVER) - EXPLAIN IN NARRATIVE,39.161855,-86.497854
1,6,2100.0,2-Car,No injury/unknown,OTHER (DRIVER) - EXPLAIN IN NARRATIVE,39.161723,-86.567419
1,4,1700.0,3+ Cars,No injury/unknown,FOLLOWING TOO CLOSELY,39.16171465,-86.53484508
4,4,0.0,2-Car,No injury/unknown,,39.16165972,-86.5297575
5,3,1100.0,3+ Cars,Incapacitating,BRAKE FAILURE OR DEFECTIVE,39.161648,-86.546128
10,3,1200.0,Pedestrian,Incapacitating,FAILURE TO YIELD RIGHT OF WAY,39.161648,-86.546128
10,3,1800.0,2-Car,Non-incapacitating,FOLLOWING TOO CLOSELY,39.161648,-86.546128
10,4,1400.0,2-Car,No injury/unknown,FOLLOWING TOO CLOSELY,39.1616,-86.543296
5,4,1700.0,2-Car,No injury/unknown,FOLLOWING TOO CLOSELY,39.16158681,-86.54280118
7,1,300.0,1-Car,Non-incapacitating,ANIMAL/OBJECT IN ROADWAY,39.16158391,-86.41219366
1,4,900.0,2-Car,No injury/unknown,UNSAFE BACKING,39.161569,-86.567511
7,3,1700.0,3+ Cars,Non-incapacitating,FOLLOWING TOO CLOSELY,39.161568,-86.542096
5,6,1700.0,3+ Cars,No injury/unknown,SPEED TOO FAST FOR WEATHER CONDITIONS,39.16155352,-86.54103777
5,5,1900.0,2-Car,Non-incapacitating,OTHER (DRIVER) - EXPLAIN IN NARRATIVE,39.16153675,-86.53981487
11,1,1700.0,2-Car,No injury/unknown,IMPROPER TURNING,39.16153611,-86.53976784
1,1,1900.0,2-Car,No injury/unknown,FAILURE TO YIELD RIGHT OF WAY,39.16152,-86.538592
1,3,2300.0,2-Car,No injury/unknown,DISREGARD SIGNAL/REG SIGN,39.16152,-86.538592
1,1,2300.0,2-Car,No injury/unknown,FAILURE TO YIELD RIGHT OF WAY,39.16152,-86.538592
2,5,2300.0,2-Car,No injury/unknown,FAILURE TO YIELD RIGHT OF WAY,39.16152,-86.538592
3,6,0.0,2-Car,No injury/unknown,FAILURE TO YIELD RIGHT OF WAY,39.16152,-86.538592
5,3,1200.0,2-Car,No injury/unknown,FOLLOWING TOO CLOSELY,39.16152,-86.538592
9,7,2300.0,2-Car,No injury/unknown,FAILURE TO YIELD RIGHT OF WAY,39.16152,-86.538592
10,2,0.0,2-Car,Non-incapacitating,FAILURE TO YIELD RIGHT OF WAY,39.16152,-86.538592
10,3,1200.0,2-Car,Incapacitating,FOLLOWING TOO CLOSELY,39.16152,-86.538592
6,2,1600.0,2-Car,No injury/unknown,FOLLOWING TOO CLOSELY,39.16150106,-86.53782493
1,4,1600.0,2-Car,No injury/unknown,FOLLOWING TOO CLOSELY,39.161488,-86.537296
10,3,1400.0,2-Car,No injury/unknown,UNSAFE BACKING,39.16145993,-86.55452041
1,2,1100.0,2-Car,No injury/unknown,DISREGARD SIGNAL/REG SIGN,39.16144,-86.534848
2,1,1900.0,2-Car,No injury/unknown,DISREGARD SIGNAL/REG SIGN,39.16144,-86.5336
3,4,1400.0,3+ Cars,No injury/unknown,UNSAFE LANE MOVEMENT,39.16144,-86.531056
3,3,1900.0,2-Car,No injury/unknown,FAILURE TO YIELD RIGHT OF WAY,39.16144,-86.528288
5,5,2300.0,Cyclist,Non-incapacitating,FAILURE TO YIELD RIGHT OF WAY,39.16144,-86.5336
6,4,800.0,2-Car,Non-incapacitating,SPEED TOO FAST FOR WEATHER CONDITIONS,39.16144,-86.523952
9,4,1700.0,2-Car,No injury/unknown,FOLLOWING TOO CLOSELY,39.16144,-86.534848
10,2,1200.0,Moped/Motorcycle,Non-incapacitating,FOLLOWING TOO CLOSELY,39.16144,-86.534848
11,4,1500.0,2-Car,No injury/unknown,FAILURE TO YIELD RIGHT OF WAY,39.16144,-86.5324
12,2,1700.0,2-Car,No injury/unknown,DISREGARD SIGNAL/REG SIGN,39.16144,-86.5324
6,4,800.0,1-Car,Non-incapacitating,RAN OFF ROAD RIGHT,39.161429,-86.546139
8,2,1600.0,3+ Cars,No injury/unknown,FOLLOWING TOO CLOSELY,39.16142,-86.54337
8,6,200.0,2-Car,No injury/unknown,UNSAFE SPEED,39.16142,-86.543536
8,2,900.0,2-Car,No injury/unknown,UNSAFE BACKING,39.161411,-86.537441
1,2,1400.0,2-Car,No injury/unknown,FOLLOWING TOO CLOSELY,39.16141,-86.53744
7,3,800.0,2-Car,Non-incapacitating,FAILURE TO YIELD RIGHT OF WAY,39.16141,-86.54224135
10,7,1300.0,2-Car,No injury/unknown,FOLLOWING TOO CLOSELY,39.16141,-86.54225
1,3,1600.0,2-Car,Non-incapacitating,FOLLOWING TOO CLOSELY,39.16140529,-86.54339653
4,3,1400.0,2-Car,No injury/unknown,DRIVER DISTRACTED - EXPLAIN IN NARRATIVE,39.16140529,-86.53489044
1,7,1500.0,2-Car,No injury/unknown,FAILURE TO YIELD RIGHT OF WAY,39.1614,-86.53867
2,2,900.0,2-Car,Non-incapacitating,FAILURE TO YIELD RIGHT OF WAY,39.1614,-86.53867
2,7,700.0,2-Car,No injury/unknown,SPEED TOO FAST FOR WEATHER CONDITIONS,39.1614,-86.53867
3,1,2100.0,2-Car,No injury/unknown,FAILURE TO YIELD RIGHT OF WAY,39.1614,-86.53867
4,5,1700.0,Moped/Motorcycle,No injury/unknown,OTHER (DRIVER) - EXPLAIN IN NARRATIVE,39.1614,-86.53868731
6,2,800.0,1-Car,Non-incapacitating,ACCELERATOR FAILURE OR DEFECTIVE,39.1614,-86.539965
6,6,1100.0,Cyclist,Non-incapacitating,OTHER (DRIVER) - EXPLAIN IN NARRATIVE,39.1614,-86.53867
8,3,1100.0,2-Car,Non-incapacitating,OTHER (DRIVER) - EXPLAIN IN NARRATIVE,39.1614,-86.53363
12,1,0.0,2-Car,No injury/unknown,FAILURE TO YIELD RIGHT OF WAY,39.1614,-86.53867
12,2,1300.0,2-Car,No injury/unknown,FOLLOWING TOO CLOSELY,39.1614,-86.53862673
5,6,1000.0,2-Car,No injury/unknown,OTHER (DRIVER) - EXPLAIN IN NARRATIVE,39.16139,-86.53631433
6,4,1800.0,2-Car,No injury/unknown,CELL PHONE USAGE,39.16139,-86.53631
9,5,1300.0,2-Car,No injury/unknown,OTHER (DRIVER) - EXPLAIN IN NARRATIVE,39.16139,-86.53631
11,2,900.0,2-Car,No injury/unknown,FAILURE TO YIELD RIGHT OF WAY,39.16139,-86.53631632
8,7,1700.0,2-Car,No injury/unknown,UNSAFE BACKING,39.161384,-86.535221
4,6,900.0,3+ Cars,No injury/unknown,OTHER (DRIVER) - EXPLAIN IN NARRATIVE,39.16138,-86.53491269
4,4,1100.0,2-Car,No injury/unknown,FOLLOWING TOO CLOSELY,39.16138,-86.53493
5,5,1600.0,2-Car,Non-incapacitating,FOLLOWING TOO CLOSELY,39.16138,-86.53493
11,3,1700.0,2-Car,No injury/unknown,SPEED TOO FAST FOR WEATHER CONDITIONS,39.16138,-86.53493
12,6,0.0,2-Car,No injury/unknown,DISREGARD SIGNAL/REG SIGN,39.16138,-86.53493
12,2,1900.0,2-Car,No injury/unknown,WRONG WAY ON ONE WAY,39.16138,-86.53493
2,2,700.0,2-Car,No injury/unknown,FAILURE TO YIELD RIGHT OF WAY,39.16136,-86.52988
8,5,1900.0,2-Car,No injury/unknown,DISREGARD SIGNAL/REG SIGN,39.16134,-86.52592
11,4,1000.0,2-Car,Non-incapacitating,DISREGARD SIGNAL/REG SIGN,39.16134,-86.5272
1,1,2100.0,2-Car,Non-incapacitating,LEFT OF CENTER,39.16132674,-86.60703224
4,3,2000.0,Cyclist,Non-incapacitating,IMPROPER TURNING,39.16132332,-86.53119531
12,3,1200.0,2-Car,No injury/unknown,OTHER (DRIVER) - EXPLAIN IN NARRATIVE,39.16132332,-86.53222667
3,2,1000.0,2-Car,No injury/unknown,OTHER (DRIVER) - EXPLAIN IN NARRATIVE,39.161306,-86.502442
2,1,1700.0,2-Car,No injury/unknown,OTHER (DRIVER) - EXPLAIN IN NARRATIVE,39.161277,-86.602002
6,7,100.0,2-Car,No injury/unknown,IMPROPER LANE USAGE,39.161205,-86.52399351
11,4,1600.0,2-Car,No injury/unknown,SPEED TOO FAST FOR WEATHER CONDITIONS,39.161205,-86.524
7,6,1200.0,2-Car,No injury/unknown,UNSAFE BACKING,39.161197,-86.490767
9,6,1700.0,2-Car,No injury/unknown,FAILURE TO YIELD RIGHT OF WAY,39.161168,-86.516352
4,2,1300.0,2-Car,No injury/unknown,,39.16115717,-86.53485253
11,6,1400.0,2-Car,No injury/unknown,UNSAFE BACKING,39.16107061,-86.52260976
9,1,1200.0,2-Car,No injury/unknown,DISREGARD SIGNAL/REG SIGN,39.16107,-86.52264
12,4,200.0,1-Car,No injury/unknown,OTHER (DRIVER) - EXPLAIN IN NARRATIVE,39.16106,-86.51914
12,7,1600.0,2-Car,No injury/unknown,FAILURE TO YIELD RIGHT OF WAY,39.16104,-86.51639
12,7,800.0,2-Car,No injury/unknown,DISREGARD SIGNAL/REG SIGN,39.16104,-86.51639
12,5,2000.0,2-Car,Non-incapacitating,ROADWAY SURFACE CONDITION,39.16099,-86.50847
9,5,1100.0,1-Car,No injury/unknown,OTHER (DRIVER) - EXPLAIN IN NARRATIVE,39.16096487,-86.54814783
3,5,1700.0,2-Car,No injury/unknown,FOLLOWING TOO CLOSELY,39.160944,-86.497696
4,3,800.0,2-Car,Non-incapacitating,FAILURE TO YIELD RIGHT OF WAY,39.160944,-86.497696
7,6,2100.0,2-Car,Non-incapacitating,OTHER (DRIVER) - EXPLAIN IN NARRATIVE,39.160944,-86.497696
10,4,200.0,2-Car,No injury/unknown,FAILURE TO YIELD RIGHT OF WAY,39.160944,-86.497696
12,7,1600.0,2-Car,No injury/unknown,IMPROPER TURNING,39.160944,-86.497696
7,6,1700.0,2-Car,No injury/unknown,TRAFFIC CONTROL INOPERATIVE/MISSING/OBSC,39.16094,-86.49772
11,4,2200.0,2-Car,No injury/unknown,UNSAFE LANE MOVEMENT,39.16094,-86.49772
3,2,1000.0,2-Car,No injury/unknown,UNSAFE BACKING,39.16092,-86.50245
5,6,1600.0,2-Car,No injury/unknown,DISREGARD SIGNAL/REG SIGN,39.16090327,-86.49769323
3,5,1000.0,2-Car,No injury/unknown,OTHER (DRIVER) - EXPLAIN IN NARRATIVE,39.16088278,-86.55404913
2,6,1600.0,1-Car,No injury/unknown,OTHER (DRIVER) - EXPLAIN IN NARRATIVE,39.160826,-86.497717
10,2,1700.0,2-Car,No injury/unknown,UNSAFE BACKING,39.1608213,-86.53491777
1,6,1700.0,2-Car,No injury/unknown,OTHER (DRIVER) - EXPLAIN IN NARRATIVE,39.16081698,-86.5487311
5,6,1800.0,2-Car,Non-incapacitating,FOLLOWING TOO CLOSELY,39.16075341,-86.53485899
2,4,400.0,2-Car,No injury/unknown,SPEED TOO FAST FOR WEATHER CONDITIONS,39.16075,-86.54851
2,5,1300.0,3+ Cars,Non-incapacitating,FOLLOWING TOO CLOSELY,39.16075,-86.54851
3,6,1700.0,2-Car,Non-incapacitating,FOLLOWING TOO CLOSELY,39.16075,-86.54851
6,6,1100.0,2-Car,No injury/unknown,FOLLOWING TOO CLOSELY,39.16075,-86.54851
6,6,1000.0,2-Car,No injury/unknown,OTHER (DRIVER) - EXPLAIN IN NARRATIVE,39.16075,-86.54851
7,2,1000.0,2-Car,Non-incapacitating,FAILURE TO YIELD RIGHT OF WAY,39.16075,-86.54851
7,5,800.0,2-Car,Non-incapacitating,FOLLOWING TOO CLOSELY,39.16075,-86.54851
8,6,1400.0,2-Car,Non-incapacitating,DRIVER DISTRACTED - EXPLAIN IN NARRATIVE,39.16075,-86.54851
8,5,1600.0,2-Car,No injury/unknown,FOLLOWING TOO CLOSELY,39.16075,-86.54851
9,7,400.0,1-Car,No injury/unknown,RAN OFF ROAD RIGHT,39.16075,-86.54852731
12,1,2000.0,2-Car,No injury/unknown,OVERCORRECTING/OVERSTEERING,39.16075,-86.54851
12,6,1300.0,2-Car,No injury/unknown,UNSAFE BACKING,39.16075,-86.54851
12,7,2300.0,2-Car,No injury/unknown,FOLLOWING TOO CLOSELY,39.16075,-86.54851866
1,2,2100.0,2-Car,No injury/unknown,SPEED TOO FAST FOR WEATHER CONDITIONS,39.160544,-86.5508
12,6,1100.0,2-Car,No injury/unknown,UNSAFE BACKING,39.16053785,-86.55396033
1,3,2200.0,2-Car,No injury/unknown,FAILURE TO YIELD RIGHT OF WAY,39.16039,-86.52719
4,7,1600.0,3+ Cars,No injury/unknown,FAILURE TO YIELD RIGHT OF WAY,39.16039,-86.52719
4,2,1200.0,2-Car,No injury/unknown,DISREGARD SIGNAL/REG SIGN,39.16038,-86.55083
5,3,1300.0,2-Car,No injury/unknown,DISREGARD SIGNAL/REG SIGN,39.16038,-86.55083
11,2,900.0,2-Car,No injury/unknown,DISREGARD SIGNAL/REG SIGN,39.16038,-86.55083
12,5,1700.0,2-Car,No injury/unknown,DRIVER DISTRACTED - EXPLAIN IN NARRATIVE,39.16038,-86.55083
5,7,1200.0,2-Car,No injury/unknown,UNSAFE BACKING,39.160371,-86.533642
3,6,100.0,2-Car,No injury/unknown,,39.16034939,-86.53086041
12,1,1700.0,2-Car,No injury/unknown,OVERCORRECTING/OVERSTEERING,39.16026265,-86.52691
10,2,800.0,2-Car,No injury/unknown,UNSAFE BACKING,39.16019293,-86.55386471
2,1,1600.0,2-Car,No injury/unknown,OTHER (DRIVER) - EXPLAIN IN NARRATIVE,39.15998862,-86.55307876
1,3,1500.0,2-Car,No injury/unknown,FAILURE TO YIELD RIGHT OF WAY,39.15994021,-86.55379641
3,7,2100.0,2-Car,No injury/unknown,DISREGARD SIGNAL/REG SIGN,39.15994021,-86.55379641
4,4,1600.0,Pedestrian,Non-incapacitating,,39.15994021,-86.55379641
8,3,1500.0,2-Car,Non-incapacitating,OTHER (DRIVER) - EXPLAIN IN NARRATIVE,39.15994021,-86.55379641
6,3,1500.0,2-Car,No injury/unknown,UNSAFE BACKING,39.159921,-86.550794
9,7,100.0,2-Car,No injury/unknown,FOLLOWING TOO CLOSELY,39.15988398,-86.53485
8,3,1200.0,2-Car,No injury/unknown,UNSAFE BACKING,39.15961857,-86.5336
12,1,1400.0,3+ Cars,Non-incapacitating,SPEED TOO FAST FOR WEATHER CONDITIONS,39.1596,-86.490784
1,2,1700.0,2-Car,No injury/unknown,OTHER (DRIVER) - EXPLAIN IN NARRATIVE,39.159504,-86.538592
3,4,1500.0,2-Car,No injury/unknown,LEFT OF CENTER,39.159504,-86.538592
9,6,1300.0,2-Car,Non-incapacitating,FAILURE TO YIELD RIGHT OF WAY,39.15949582,-86.53369
11,5,0.0,2-Car,No injury/unknown,OTHER (DRIVER) - EXPLAIN IN NARRATIVE,39.159442,-86.542545
5,4,1200.0,2-Car,No injury/unknown,FOLLOWING TOO CLOSELY,39.15944,-86.53488
7,2,1700.0,2-Car,Non-incapacitating,FOLLOWING TOO CLOSELY,39.15941183,-86.53669953
11,7,1500.0,2-Car,No injury/unknown,IMPROPER TURNING,39.15934598,-86.53497924
1,3,1900.0,2-Car,No injury/unknown,FAILURE TO YIELD RIGHT OF WAY,39.159344,-86.525872
7,1,0.0,2-Car,No injury/unknown,DRIVER DISTRACTED - EXPLAIN IN NARRATIVE,39.159344,-86.525872
9,6,1600.0,2-Car,No injury/unknown,UNSAFE BACKING,39.159344,-86.52712
9,6,1900.0,Cyclist,Non-incapacitating,DISREGARD SIGNAL/REG SIGN,39.159344,-86.529792
9,6,1200.0,2-Car,Non-incapacitating,FAILURE TO YIELD RIGHT OF WAY,39.15932,-86.52594
12,3,1600.0,2-Car,Non-incapacitating,FAILURE TO YIELD RIGHT OF WAY,39.15928,-86.5202
2,2,1100.0,2-Car,No injury/unknown,DISREGARD SIGNAL/REG SIGN,39.15926402,-86.52019871
10,7,1200.0,2-Car,No injury/unknown,FOLLOWING TOO CLOSELY,39.15926,-86.55528
11,6,1800.0,Cyclist,Non-incapacitating,FAILURE TO YIELD RIGHT OF WAY,39.15926,-86.51638
12,2,1600.0,2-Car,No injury/unknown,FOLLOWING TOO CLOSELY,39.15926,-86.5552774
10,7,1100.0,2-Car,Non-incapacitating,FAILURE TO YIELD RIGHT OF WAY,39.159248,-86.508288
6,3,800.0,Bus,No injury/unknown,UNSAFE BACKING,39.15924,-86.566769