Month,Day,Hour,Collision Type,Injury Type,Primary Factor,Latitude,Longitude
5,5,1200.0,2-Car,No injury/unknown,OTHER (DRIVER) - EXPLAIN IN NARRATIVE,39.159235,-86.497809
5,7,1400.0,2-Car,No injury/unknown,UNSAFE BACKING,39.159182,-86.566875
4,5,1100.0,3+ Cars,No injury/unknown,ANIMAL/OBJECT IN ROADWAY,39.15917,-86.48072459
11,6,1400.0,2-Car,No injury/unknown,UNSAFE BACKING,39.15909668,-86.49782301
1,4,2000.0,2-Car,No injury/unknown,SPEED TOO FAST FOR WEATHER CONDITIONS,39.158893,-86.567406
1,1,2200.0,2-Car,No injury/unknown,DRIVER DISTRACTED - EXPLAIN IN NARRATIVE,39.15888,-86.59010649
7,3,1400.0,1-Car,Non-incapacitating,BRAKE FAILURE OR DEFECTIVE,39.158848,-86.647104
12,1,1100.0,1-Car,No injury/unknown,SPEED TOO FAST FOR WEATHER CONDITIONS,39.158848,-86.647104
2,3,1300.0,1-Car,Non-incapacitating,RAN OFF ROAD RIGHT,39.15873648,-86.54219875
4,7,1100.0,2-Car,No injury/unknown,OTHER (DRIVER) - EXPLAIN IN NARRATIVE,39.15859,-86.56791519
5,3,2000.0,2-Car,No injury/unknown,FAILURE TO YIELD RIGHT OF WAY,39.15859,-86.56791649
9,3,1000.0,2-Car,No injury/unknown,OTHER (DRIVER) - EXPLAIN IN NARRATIVE,39.15859,-86.56791
12,1,2200.0,2-Car,No injury/unknown,LEFT OF CENTER,39.15849,-86.47745
3,4,600.0,Cyclist,Non-incapacitating,IMPROPER TURNING,39.158448,-86.538592
6,5,1100.0,3+ Cars,No injury/unknown,BRAKE FAILURE OR DEFECTIVE,39.15836,-86.53365
4,4,1600.0,2-Car,Non-incapacitating,DRIVER DISTRACTED - EXPLAIN IN NARRATIVE,39.158352,-86.582752
7,5,1100.0,3+ Cars,No injury/unknown,FOLLOWING TOO CLOSELY,39.158352,-86.582752
4,7,2300.0,2-Car,No injury/unknown,UNSAFE LANE MOVEMENT,39.15829,-86.52711
11,7,2000.0,3+ Cars,No injury/unknown,OTHER (DRIVER) - EXPLAIN IN NARRATIVE,39.15825267,-86.55081
7,4,1100.0,2-Car,No injury/unknown,OTHER (DRIVER) - EXPLAIN IN NARRATIVE,39.15823592,-86.51253726
2,2,1400.0,2-Car,No injury/unknown,OTHER TELEMATICS IN USE,39.15816,-86.497792
4,6,1700.0,Bus,No injury/unknown,UNSAFE LANE MOVEMENT,39.15816,-86.497792
12,6,1300.0,3+ Cars,No injury/unknown,FOLLOWING TOO CLOSELY,39.15816,-86.497792
4,7,1600.0,2-Car,No injury/unknown,FAILURE TO YIELD RIGHT OF WAY,39.15811,-86.49789
7,7,1200.0,Bus,Non-incapacitating,OTHER (DRIVER) - EXPLAIN IN NARRATIVE,39.15811,-86.49789
3,5,1600.0,2-Car,No injury/unknown,ROADWAY SURFACE CONDITION,39.15802,-86.55757403
4,4,1500.0,2-Car,No injury/unknown,FOLLOWING TOO CLOSELY,39.15802,-86.5576
6,4,1500.0,1-Car,No injury/unknown,RAN OFF ROAD RIGHT,39.15797795,-86.48072
5,1,300.0,Pedestrian,Incapacitating,LEFT OF CENTER,39.15792,-86.523696
9,6,1500.0,2-Car,No injury/unknown,,39.157904,-86.522544
4,7,2200.0,1-Car,No injury/unknown,IMPROPER TURNING,39.157856,-86.516288
6,4,1900.0,2-Car,No injury/unknown,FAILURE TO YIELD RIGHT OF WAY,39.157856,-86.516288
9,2,1000.0,2-Car,No injury/unknown,DISREGARD SIGNAL/REG SIGN,39.157856,-86.516288
8,5,1800.0,2-Car,Non-incapacitating,DISREGARD SIGNAL/REG SIGN,39.157792,-86.508288
8,6,1700.0,2-Car,No injury/unknown,FAILURE TO YIELD RIGHT OF WAY,39.15778,-86.51373
6,3,1200.0,2-Car,No injury/unknown,UNSAFE BACKING,39.157552,-86.5336
5,6,300.0,1-Car,No injury/unknown,OTHER (DRIVER) - EXPLAIN IN NARRATIVE,39.157542,-86.542101
7,5,0.0,2-Car,No injury/unknown,RAN OFF ROAD RIGHT,39.1575394,-86.54209629
10,6,1600.0,2-Car,No injury/unknown,FOLLOWING TOO CLOSELY,39.15753383,-86.40905922
8,7,100.0,3+ Cars,No injury/unknown,OTHER (DRIVER) - EXPLAIN IN NARRATIVE,39.15752,-86.54101702
7,5,1000.0,2-Car,Non-incapacitating,FAILURE TO YIELD RIGHT OF WAY,39.157504,-86.531104
10,1,1300.0,2-Car,No injury/unknown,LEFT OF CENTER,39.157472,-86.529088
3,5,700.0,2-Car,Non-incapacitating,DISREGARD SIGNAL/REG SIGN,39.15747,-86.5387
10,1,0.0,2-Car,No injury/unknown,,39.157447,-86.490358
3,5,2100.0,2-Car,Non-incapacitating,FAILURE TO YIELD RIGHT OF WAY,39.15743952,-86.55932349
6,1,2300.0,2-Car,No injury/unknown,LEFT OF CENTER,39.157386,-86.585879
10,5,2300.0,2-Car,No injury/unknown,UNSAFE LANE MOVEMENT,39.15737206,-86.53368833
1,5,1500.0,2-Car,No injury/unknown,OTHER (DRIVER) - EXPLAIN IN NARRATIVE,39.157358,-86.582643
2,2,1900.0,2-Car,No injury/unknown,UNSAFE BACKING,39.15725,-86.54724
4,6,1400.0,2-Car,Non-incapacitating,FAILURE TO YIELD RIGHT OF WAY,39.157248,-86.559792
10,1,200.0,1-Car,Non-incapacitating,OVERCORRECTING/OVERSTEERING,39.15720471,-86.59170274
12,7,2300.0,1-Car,No injury/unknown,ROADWAY SURFACE CONDITION,39.1571,-86.55969
1,5,2200.0,2-Car,No injury/unknown,BRAKE FAILURE OR DEFECTIVE,39.15708178,-86.49901146
7,5,900.0,1-Car,Non-incapacitating,DRIVER ILLNESS,39.15704,-86.591696
2,1,300.0,Pedestrian,Incapacitating,PEDESTRIAN ACTION,39.15693469,-86.52707789
11,5,1600.0,2-Car,No injury/unknown,UNSAFE LANE MOVEMENT,39.156896,-86.582704
11,6,800.0,2-Car,No injury/unknown,UNSAFE BACKING,39.156821,-86.591228
11,4,1000.0,2-Car,No injury/unknown,UNSAFE BACKING,39.156768,-86.476032
12,3,1300.0,2-Car,Non-incapacitating,DISREGARD SIGNAL/REG SIGN,39.15674136,-86.58262968
5,7,2300.0,1-Car,Non-incapacitating,RAN OFF ROAD RIGHT,39.15667,-86.58264
2,2,1600.0,2-Car,No injury/unknown,OVERCORRECTING/OVERSTEERING,39.1564978,-86.4977752
1,2,1300.0,2-Car,No injury/unknown,FAILURE TO YIELD RIGHT OF WAY,39.156192,-86.517968
1,6,1400.0,2-Car,No injury/unknown,FAILURE TO YIELD RIGHT OF WAY,39.156144,-86.521648
5,3,200.0,Moped/Motorcycle,Non-incapacitating,UNSAFE SPEED,39.156144,-86.561296
7,2,1800.0,2-Car,No injury/unknown,FOLLOWING TOO CLOSELY,39.156144,-86.561296
7,4,1100.0,1-Car,No injury/unknown,RAN OFF ROAD RIGHT,39.156144,-86.561296
12,4,1500.0,2-Car,Non-incapacitating,FAILURE TO YIELD RIGHT OF WAY,39.15613,-86.5614
8,3,1400.0,2-Car,No injury/unknown,UNSAFE BACKING,39.15612519,-86.53240426
3,1,300.0,2-Car,No injury/unknown,IMPROPER LANE USAGE,39.15602502,-86.53488
6,4,400.0,1-Car,No injury/unknown,RAN OFF ROAD RIGHT,39.15602024,-86.55525412
11,7,0.0,2-Car,No injury/unknown,UNSAFE BACKING,39.156014,-86.571607
1,6,800.0,2-Car,No injury/unknown,FAILURE TO YIELD RIGHT OF WAY,39.155952,-86.550592
8,7,1100.0,2-Car,No injury/unknown,UNSAFE LANE MOVEMENT,39.155952,-86.550592
12,5,1200.0,2-Car,Non-incapacitating,FAILURE TO YIELD RIGHT OF WAY,39.155952,-86.550592
1,7,1600.0,2-Car,No injury/unknown,OTHER (DRIVER) - EXPLAIN IN NARRATIVE,39.15591038,-86.54988849
11,2,1100.0,2-Car,No injury/unknown,OTHER (DRIVER) - EXPLAIN IN NARRATIVE,39.15589674,-86.55369471
4,6,1300.0,1-Car,No injury/unknown,BRAKE FAILURE OR DEFECTIVE,39.155809,-86.549419
9,7,1000.0,2-Car,No injury/unknown,OTHER (DRIVER) - EXPLAIN IN NARRATIVE,39.155806,-86.570032
1,5,800.0,2-Car,No injury/unknown,FAILURE TO YIELD RIGHT OF WAY,39.155776,-86.538592
4,2,200.0,2-Car,No injury/unknown,UNSAFE BACKING,39.155734,-86.547484
3,3,1700.0,2-Car,No injury/unknown,FOLLOWING TOO CLOSELY,39.15572257,-86.56204045
1,4,1300.0,2-Car,No injury/unknown,FAILURE TO YIELD RIGHT OF WAY,39.15571,-86.56208
8,5,1200.0,2-Car,No injury/unknown,FAILURE TO YIELD RIGHT OF WAY,39.155664,-86.5324
2,7,1300.0,2-Car,No injury/unknown,FAILURE TO YIELD RIGHT OF WAY,39.15565327,-86.49772
3,5,300.0,1-Car,Incapacitating,OTHER (DRIVER) - EXPLAIN IN NARRATIVE,39.15564402,-86.54331207
2,7,1100.0,2-Car,No injury/unknown,FOLLOWING TOO CLOSELY,39.15563,-86.54331
7,4,1700.0,Moped/Motorcycle,Non-incapacitating,RAN OFF ROAD RIGHT,39.15563,-86.54331
3,6,1300.0,Cyclist,No injury/unknown,FAILURE TO YIELD RIGHT OF WAY,39.1556,-86.53368
4,1,200.0,2-Car,No injury/unknown,DISREGARD SIGNAL/REG SIGN,39.15559621,-86.57212864
6,5,1600.0,2-Car,No injury/unknown,FAILURE TO YIELD RIGHT OF WAY,39.15551576,-86.5336
4,6,1900.0,2-Car,No injury/unknown,UNSAFE BACKING,39.15544,-86.5625
9,2,0.0,2-Car,No injury/unknown,IMPROPER TURNING,39.15538351,-86.5336
11,2,1500.0,2-Car,No injury/unknown,IMPROPER LANE USAGE,39.155344,-86.5152
6,1,2300.0,2-Car,No injury/unknown,,39.155205,-86.571662
2,5,600.0,2-Car,No injury/unknown,FOLLOWING TOO CLOSELY,39.15518,-86.49774
4,6,2300.0,2-Car,Non-incapacitating,FAILURE TO YIELD RIGHT OF WAY,39.15518,-86.49774
8,7,1500.0,Pedestrian,Non-incapacitating,OTHER (DRIVER) - EXPLAIN IN NARRATIVE,39.15518,-86.49774
12,7,2100.0,1-Car,No injury/unknown,RAN OFF ROAD RIGHT,39.15518,-86.49774
5,5,2100.0,2-Car,No injury/unknown,FAILURE TO YIELD RIGHT OF WAY,39.15514883,-86.4977752
6,7,2300.0,2-Car,No injury/unknown,FAILURE TO YIELD RIGHT OF WAY,39.15506004,-86.49614278
11,7,2300.0,2-Car,No injury/unknown,FOLLOWING TOO CLOSELY,39.15506004,-86.49614278
9,2,1600.0,2-Car,No injury/unknown,DISREGARD SIGNAL/REG SIGN,39.15503,-86.49611
10,5,1500.0,2-Car,No injury/unknown,DISREGARD SIGNAL/REG SIGN,39.15503,-86.49611
3,7,1700.0,3+ Cars,No injury/unknown,OTHER (DRIVER) - EXPLAIN IN NARRATIVE,39.15496,-86.56323
4,6,1000.0,2-Car,No injury/unknown,OTHER (DRIVER) - EXPLAIN IN NARRATIVE,39.15494,-86.490859
4,1,600.0,1-Car,No injury/unknown,BRAKE FAILURE OR DEFECTIVE,39.15455,-86.493197
3,4,2200.0,1-Car,No injury/unknown,RAN OFF ROAD RIGHT,39.15441,-86.58834329
8,2,1500.0,2-Car,No injury/unknown,UNSAFE BACKING,39.15439708,-86.49787305
9,5,100.0,1-Car,No injury/unknown,ANIMAL/OBJECT IN ROADWAY,39.154352,-86.39740027
1,2,1700.0,2-Car,No injury/unknown,FOLLOWING TOO CLOSELY,39.154352,-86.5336
10,3,1300.0,Cyclist,Non-incapacitating,FAILURE TO YIELD RIGHT OF WAY,39.154352,-86.5336
12,6,1500.0,2-Car,Non-incapacitating,FOLLOWING TOO CLOSELY,39.154352,-86.5336
2,6,2300.0,Bus,No injury/unknown,UNSAFE BACKING,39.154286,-86.572499
4,5,2100.0,2-Car,Non-incapacitating,FOLLOWING TOO CLOSELY,39.154272,-86.564176
7,4,900.0,2-Car,No injury/unknown,OTHER (DRIVER) - EXPLAIN IN NARRATIVE,39.154272,-86.564176
4,2,1500.0,2-Car,No injury/unknown,UNSAFE BACKING,39.154261,-86.497703
11,5,1600.0,2-Car,Non-incapacitating,FOLLOWING TOO CLOSELY,39.15424,-86.56435
6,4,1600.0,2-Car,No injury/unknown,FOLLOWING TOO CLOSELY,39.15418911,-86.56431663
8,3,1700.0,2-Car,No injury/unknown,DRIVER DISTRACTED - EXPLAIN IN NARRATIVE,39.15414767,-86.56438695
1,1,1600.0,2-Car,No injury/unknown,,39.15412578,-86.49786768
4,6,1300.0,2-Car,No injury/unknown,OTHER (DRIVER) - EXPLAIN IN NARRATIVE,39.15412578,-86.49786768
5,3,1500.0,2-Car,No injury/unknown,,39.15412578,-86.49786768
8,6,1800.0,2-Car,No injury/unknown,FAILURE TO YIELD RIGHT OF WAY,39.15412578,-86.49786768
8,3,1600.0,2-Car,No injury/unknown,UNSAFE BACKING,39.15412578,-86.49786768
11,4,1400.0,2-Car,No injury/unknown,IMPROPER PASSING,39.15412578,-86.49786768
12,4,1500.0,2-Car,Non-incapacitating,FOLLOWING TOO CLOSELY,39.15402396,-86.57913641
1,6,1100.0,2-Car,No injury/unknown,UNSAFE BACKING,39.153996,-86.564756
8,1,1500.0,2-Car,No injury/unknown,OTHER (DRIVER) - EXPLAIN IN NARRATIVE,39.153996,-86.564756
12,6,1900.0,1-Car,No injury/unknown,RAN OFF ROAD RIGHT,39.15396,-86.57251
4,2,1700.0,1-Car,No injury/unknown,RAN OFF ROAD RIGHT,39.153856,-86.406688
4,1,1200.0,2-Car,No injury/unknown,FAILURE TO YIELD RIGHT OF WAY,39.153856,-86.406688
1,5,1400.0,Bus,No injury/unknown,SPEED TOO FAST FOR WEATHER CONDITIONS,39.15379,-86.53874135
3,4,500.0,2-Car,Non-incapacitating,DISREGARD SIGNAL/REG SIGN,39.15379,-86.53875
6,3,900.0,2-Car,No injury/unknown,FAILURE TO YIELD RIGHT OF WAY,39.15379,-86.53875
8,6,1700.0,2-Car,No injury/unknown,DISREGARD SIGNAL/REG SIGN,39.15379,-86.53875
10,7,1100.0,2-Car,Non-incapacitating,DISREGARD SIGNAL/REG SIGN,39.15379,-86.53875
3,4,1700.0,Cyclist,No injury/unknown,FAILURE TO YIELD RIGHT OF WAY,39.15375889,-86.53875633
3,7,2200.0,1-Car,No injury/unknown,RAN OFF ROAD RIGHT,39.15363,-86.50844
2,3,1200.0,2-Car,No injury/unknown,IMPROPER PASSING,39.153504,-86.58272
11,5,900.0,2-Car,No injury/unknown,OTHER (DRIVER) - EXPLAIN IN NARRATIVE,39.15346519,-86.49106112
8,2,1600.0,2-Car,No injury/unknown,OTHER (DRIVER) - EXPLAIN IN NARRATIVE,39.15344,-86.53430551
1,7,1500.0,1-Car,Non-incapacitating,OTHER (DRIVER) - EXPLAIN IN NARRATIVE,39.15344,-86.5336
3,5,2000.0,2-Car,No injury/unknown,FOLLOWING TOO CLOSELY,39.15344,-86.5336
8,3,1400.0,2-Car,Non-incapacitating,DISREGARD SIGNAL/REG SIGN,39.15344,-86.5336
9,4,1200.0,2-Car,No injury/unknown,FAILURE TO YIELD RIGHT OF WAY,39.153408,-86.530048
7,6,1700.0,2-Car,Non-incapacitating,DRIVER DISTRACTED - EXPLAIN IN NARRATIVE,39.15337,-86.53637
3,3,800.0,3+ Cars,Non-incapacitating,FOLLOWING TOO CLOSELY,39.15336361,-86.53618455
2,6,1600.0,2-Car,No injury/unknown,FOLLOWING TOO CLOSELY,39.15335,-86.53371
5,6,100.0,1-Car,No injury/unknown,ANIMAL/OBJECT IN ROADWAY,39.15335,-86.53371
7,3,1700.0,Cyclist,Non-incapacitating,OTHER (DRIVER) - EXPLAIN IN NARRATIVE,39.15335,-86.53370135
10,1,1000.0,Cyclist,No injury/unknown,FAILURE TO YIELD RIGHT OF WAY,39.15335,-86.53371
11,5,1200.0,2-Car,Non-incapacitating,DISREGARD SIGNAL/REG SIGN,39.15335,-86.53371
9,4,1500.0,2-Car,Non-incapacitating,DISREGARD SIGNAL/REG SIGN,39.153332,-86.53248622
11,7,1800.0,2-Car,No injury/unknown,FOLLOWING TOO CLOSELY,39.153332,-86.53368833
4,6,1300.0,2-Car,No injury/unknown,DISREGARD SIGNAL/REG SIGN,39.1533,-86.52697
4,1,1800.0,2-Car,No injury/unknown,DISREGARD SIGNAL/REG SIGN,39.1533,-86.52697
9,5,1000.0,2-Car,No injury/unknown,DISREGARD SIGNAL/REG SIGN,39.1533,-86.52697
12,5,1400.0,2-Car,No injury/unknown,IMPROPER TURNING,39.15326,-86.533708
11,2,1700.0,Moped/Motorcycle,Non-incapacitating,FAILURE TO YIELD RIGHT OF WAY,39.15316534,-86.5336
8,3,2100.0,1-Car,No injury/unknown,ANIMAL/OBJECT IN ROADWAY,39.15309816,-86.4713557
12,4,700.0,2-Car,Non-incapacitating,FOLLOWING TOO CLOSELY,39.1530711,-86.53145486
10,6,1800.0,2-Car,No injury/unknown,UNSAFE BACKING,39.153042,-86.497675
1,6,1500.0,3+ Cars,No injury/unknown,UNSAFE LANE MOVEMENT,39.15302802,-86.5336
6,7,1400.0,Moped/Motorcycle,Non-incapacitating,ANIMAL/OBJECT IN ROADWAY,39.15285526,-86.39266882
7,6,1400.0,3+ Cars,No injury/unknown,FOLLOWING TOO CLOSELY,39.15270883,-86.573301
11,2,2100.0,1-Car,No injury/unknown,RAN OFF ROAD RIGHT,39.15265601,-86.37531057
2,6,2000.0,1-Car,No injury/unknown,ANIMAL/OBJECT IN ROADWAY,39.15263532,-86.37113666
5,3,100.0,1-Car,Non-incapacitating,DRIVER ASLEEP OR FATIGUED,39.15263532,-86.3710071
5,2,1900.0,1-Car,No injury/unknown,SPEED TOO FAST FOR WEATHER CONDITIONS,39.15263532,-86.37111075
11,4,800.0,1-Car,No injury/unknown,ANIMAL/OBJECT IN ROADWAY,39.15263532,-86.37122294
6,3,1900.0,1-Car,No injury/unknown,ROADWAY SURFACE CONDITION,39.15262462,-86.36984156
12,4,600.0,1-Car,No injury/unknown,RAN OFF ROAD RIGHT,39.15251833,-86.58259
12,4,1600.0,2-Car,No injury/unknown,OTHER (DRIVER) - EXPLAIN IN NARRATIVE,39.15248164,-86.40043817
8,6,1700.0,2-Car,No injury/unknown,FAILURE TO YIELD RIGHT OF WAY,39.15247392,-86.50843029
9,7,1100.0,2-Car,No injury/unknown,FAILURE TO YIELD RIGHT OF WAY,39.15247,-86.49052
8,3,1800.0,2-Car,No injury/unknown,UNSAFE BACKING,39.15242321,-86.49790789
1,2,1500.0,2-Car,Non-incapacitating,FAILURE TO YIELD RIGHT OF WAY,39.15242,-86.52693404
10,2,1500.0,2-Car,No injury/unknown,FAILURE TO YIELD RIGHT OF WAY,39.1524,-86.582704
9,4,1700.0,2-Car,Non-incapacitating,FOLLOWING TOO CLOSELY,39.15212643,-86.53359
11,6,1900.0,3+ Cars,No injury/unknown,UNSAFE SPEED,39.152116,-86.497669
12,6,1100.0,2-Car,No injury/unknown,LEFT OF CENTER,39.152,-86.3812
12,3,300.0,1-Car,No injury/unknown,ANIMAL/OBJECT IN ROADWAY,39.152,-86.3812
10,3,300.0,1-Car,Non-incapacitating,LEFT OF CENTER,39.151952,-86.526976
8,7,1300.0,1-Car,Non-incapacitating,RAN OFF ROAD RIGHT,39.15194547,-86.3812363
10,3,1500.0,Bus,No injury/unknown,OTHER (DRIVER) - EXPLAIN IN NARRATIVE,39.151744,-86.538592
5,5,900.0,Moped/Motorcycle,Non-incapacitating,OTHER (DRIVER) - EXPLAIN IN NARRATIVE,39.15165388,-86.538592
11,6,2300.0,1-Car,No injury/unknown,ANIMAL/OBJECT IN ROADWAY,39.15149282,-86.38852851
4,5,300.0,2-Car,No injury/unknown,FAILURE TO YIELD RIGHT OF WAY,39.15148,-86.53251
11,5,1800.0,1-Car,No injury/unknown,DRIVER ASLEEP OR FATIGUED,39.151456,-86.38606101
3,1,1000.0,2-Car,No injury/unknown,OTHER (DRIVER) - EXPLAIN IN NARRATIVE,39.15137763,-86.5336
2,3,1500.0,1-Car,No injury/unknown,OVERCORRECTING/OVERSTEERING,39.15135006,-86.59728184
1,2,1800.0,2-Car,No injury/unknown,FOLLOWING TOO CLOSELY,39.15127,-86.58262
2,2,900.0,2-Car,No injury/unknown,GLARE,39.15127,-86.58262
1,3,1100.0,2-Car,No injury/unknown,FAILURE TO YIELD RIGHT OF WAY,39.1512,-86.57687
7,1,1800.0,2-Car,Non-incapacitating,BRAKE FAILURE OR DEFECTIVE,39.1512,-86.57687
3,5,2000.0,2-Car,No injury/unknown,OTHER (DRIVER) - EXPLAIN IN NARRATIVE,39.15089362,-86.49123871
12,5,1400.0,1-Car,Non-incapacitating,RAN OFF ROAD RIGHT,39.1508903,-86.57304073
1,6,1000.0,2-Car,No injury/unknown,OTHER (DRIVER) - EXPLAIN IN NARRATIVE,39.150846,-86.491271
2,6,800.0,2-Car,No injury/unknown,UNSAFE BACKING,39.150846,-86.491271
2,7,1700.0,2-Car,No injury/unknown,UNSAFE BACKING,39.150846,-86.491271
4,7,1500.0,2-Car,No injury/unknown,,39.150846,-86.491271
4,3,2100.0,2-Car,No injury/unknown,,39.150846,-86.491271
8,2,1300.0,2-Car,Non-incapacitating,IMPROPER PASSING,39.150846,-86.491271
8,2,1100.0,2-Car,Non-incapacitating,DRIVER DISTRACTED - EXPLAIN IN NARRATIVE,39.15067338,-86.57320781
1,2,1400.0,2-Car,No injury/unknown,FAILURE TO YIELD RIGHT OF WAY,39.15064,-86.52696
2,4,2200.0,2-Car,No injury/unknown,FOLLOWING TOO CLOSELY,39.15064,-86.52696
4,5,800.0,2-Car,No injury/unknown,DISREGARD SIGNAL/REG SIGN,39.15064,-86.52696
12,5,2300.0,2-Car,Non-incapacitating,FOLLOWING TOO CLOSELY,39.15064,-86.52696
10,4,2300.0,2-Car,No injury/unknown,UNSAFE BACKING,39.150576,-86.515088
8,2,1700.0,1-Car,Non-incapacitating,OVERCORRECTING/OVERSTEERING,39.15056,-86.5324
9,5,1900.0,2-Car,No injury/unknown,FOLLOWING TOO CLOSELY,39.15056,-86.52691
5,6,1700.0,2-Car,Non-incapacitating,FOLLOWING TOO CLOSELY,39.15055147,-86.5188092
2,5,700.0,2-Car,No injury/unknown,LEFT OF CENTER,39.150544,-86.506784
7,7,1600.0,2-Car,Non-incapacitating,FAILURE TO YIELD RIGHT OF WAY,39.150544,-86.5336
8,7,1000.0,2-Car,No injury/unknown,FOLLOWING TOO CLOSELY,39.150544,-86.511088
9,5,900.0,2-Car,Non-incapacitating,DRIVER DISTRACTED - EXPLAIN IN NARRATIVE,39.150544,-86.5336
10,4,1500.0,2-Car,No injury/unknown,FOLLOWING TOO CLOSELY,39.150544,-86.512592
10,7,500.0,1-Car,No injury/unknown,ANIMAL/OBJECT IN ROADWAY,39.150544,-86.502992
6,5,1600.0,2-Car,Non-incapacitating,FAILURE TO YIELD RIGHT OF WAY,39.15054,-86.52373
6,6,300.0,2-Car,Incapacitating,FAILURE TO YIELD RIGHT OF WAY,39.15054,-86.58262
4,2,1800.0,2-Car,No injury/unknown,FAILURE TO YIELD RIGHT OF WAY,39.15053,-86.52262
9,5,1300.0,2-Car,Non-incapacitating,FOLLOWING TOO CLOSELY,39.15053,-86.52262
10,6,1700.0,2-Car,No injury/unknown,DRIVER DISTRACTED - EXPLAIN IN NARRATIVE,39.15053,-86.52262
8,4,2300.0,2-Car,No injury/unknown,FAILURE TO YIELD RIGHT OF WAY,39.15052,-86.53367
5,1,100.0,2-Car,No injury/unknown,UNSAFE BACKING,39.15049712,-86.51771252
2,6,1800.0,2-Car,No injury/unknown,FOLLOWING TOO CLOSELY,39.15048,-86.49825
3,4,200.0,1-Car,No injury/unknown,RAN OFF ROAD RIGHT,39.15048,-86.49825
5,5,1500.0,2-Car,No injury/unknown,FOLLOWING TOO CLOSELY,39.15048,-86.49825
6,3,1100.0,2-Car,No injury/unknown,UNSAFE LANE MOVEMENT,39.15048,-86.49825
8,2,1400.0,3+ Cars,Non-incapacitating,DRIVER DISTRACTED - EXPLAIN IN NARRATIVE,39.15048,-86.5084573
10,2,800.0,2-Car,No injury/unknown,OTHER (DRIVER) - EXPLAIN IN NARRATIVE,39.15048,-86.50844
11,5,900.0,2-Car,No injury/unknown,FOLLOWING TOO CLOSELY,39.150448,-86.498
12,6,1400.0,2-Car,No injury/unknown,FOLLOWING TOO CLOSELY,39.150448,-86.498
8,4,1300.0,2-Car,No injury/unknown,FOLLOWING TOO CLOSELY,39.15040231,-86.50224214
4,5,1600.0,2-Car,No injury/unknown,OTHER (DRIVER) - EXPLAIN IN NARRATIVE,39.150352,-86.471296
6,7,1800.0,1-Car,No injury/unknown,ANIMAL/OBJECT IN ROADWAY,39.15035,-86.47156294
1,1,1400.0,2-Car,Non-incapacitating,FAILURE TO YIELD RIGHT OF WAY,39.15034,-86.49132
8,2,1400.0,2-Car,Non-incapacitating,FOLLOWING TOO CLOSELY,39.15034,-86.49132
12,4,0.0,2-Car,No injury/unknown,,39.15033399,-86.53751
7,5,1200.0,2-Car,Non-incapacitating,FOLLOWING TOO CLOSELY,39.15031306,-86.47140384
1,4,1400.0,2-Car,Non-incapacitating,FAILURE TO YIELD RIGHT OF WAY,39.150224,-86.480464
9,7,500.0,1-Car,No injury/unknown,ANIMAL/OBJECT IN ROADWAY,39.150224,-86.480464
1,4,1000.0,2-Car,No injury/unknown,IMPROPER PASSING,39.15022,-86.4804453
5,6,0.0,1-Car,Non-incapacitating,RAN OFF ROAD RIGHT,39.15022,-86.48726
7,6,1800.0,2-Car,Non-incapacitating,DISREGARD SIGNAL/REG SIGN,39.15022,-86.48046
11,3,800.0,1-Car,No injury/unknown,ROADWAY SURFACE CONDITION,39.15016621,-86.48497542
11,6,700.0,2-Car,No injury/unknown,FAILURE TO YIELD RIGHT OF WAY,39.150145,-86.501045
12,2,1600.0,2-Car,No injury/unknown,FAILURE TO YIELD RIGHT OF WAY,39.150145,-86.501045
6,5,1100.0,Cyclist,Non-incapacitating,FAILURE TO YIELD RIGHT OF WAY,39.14984,-86.533392
10,7,1800.0,2-Car,Non-incapacitating,FOLLOWING TOO CLOSELY,39.14984,-86.533392
8,3,1800.0,3+ Cars,No injury/unknown,UNSAFE SPEED,39.14982258,-86.49657308
12,3,1600.0,2-Car,No injury/unknown,IMPROPER TURNING,39.14982139,-86.53338645
1,1,600.0,1-Car,Non-incapacitating,RAN OFF ROAD RIGHT,39.14981603,-86.538592
3,1,1500.0,Moped/Motorcycle,Non-incapacitating,OTHER (DRIVER) - EXPLAIN IN NARRATIVE,39.14981603,-86.538592
1,2,1200.0,2-Car,No injury/unknown,DISREGARD SIGNAL/REG SIGN,39.14979055,-86.56891162
2,6,2000.0,2-Car,Non-incapacitating,SPEED TOO FAST FOR WEATHER CONDITIONS,39.14979055,-86.56886833
3,6,800.0,2-Car,No injury/unknown,OTHER (DRIVER) - EXPLAIN IN NARRATIVE,39.14979055,-86.56891162
4,7,900.0,2-Car,No injury/unknown,FOLLOWING TOO CLOSELY,39.14979055,-86.56891162
4,7,2200.0,2-Car,No injury/unknown,FOLLOWING TOO CLOSELY,39.14979055,-86.56891162
6,6,1700.0,3+ Cars,No injury/unknown,FOLLOWING TOO CLOSELY,39.14979055,-86.56886833
6,4,1500.0,2-Car,Non-incapacitating,FOLLOWING TOO CLOSELY,39.14979055,-86.56891162
12,1,1500.0,2-Car,No injury/unknown,SPEED TOO FAST FOR WEATHER CONDITIONS,39.14979055,-86.56890296
4,3,800.0,Bus,Non-incapacitating,DRIVER DISTRACTED - EXPLAIN IN NARRATIVE,39.14978,-86.56889
4,6,2300.0,1-Car,Non-incapacitating,RAN OFF ROAD RIGHT,39.14974026,-86.56882167