Month,Day,Hour,Collision Type,Injury Type,Primary Factor,Latitude,Longitude
1,3,1100.0,2-Car,Non-incapacitating,LEFT OF CENTER,39.149552,-86.575936
9,7,1100.0,2-Car,Non-incapacitating,UNSAFE SPEED,39.149552,-86.575936
10,3,1300.0,2-Car,No injury/unknown,IMPROPER PASSING,39.149552,-86.575936
10,3,100.0,Moped/Motorcycle,No injury/unknown,OTHER (DRIVER) - EXPLAIN IN NARRATIVE,39.149488,-86.57816
10,2,800.0,2-Car,Non-incapacitating,LEFT OF CENTER,39.149456,-86.57024
5,2,1900.0,1-Car,No injury/unknown,OTHER (VEHICLE) - EXPLAIN IN NARRATIVE,39.14936,-86.57008
11,3,1000.0,3+ Cars,No injury/unknown,OTHER (DRIVER) - EXPLAIN IN NARRATIVE,39.14936,-86.57008
3,5,1200.0,2-Car,Non-incapacitating,DRIVER DISTRACTED - EXPLAIN IN NARRATIVE,39.14919945,-86.57658935
2,2,1700.0,2-Car,Non-incapacitating,FOLLOWING TOO CLOSELY,39.14916616,-86.56983018
7,1,1400.0,1-Car,Fatal,RAN OFF ROAD RIGHT,39.149152,-86.582704
7,4,1600.0,2-Car,No injury/unknown,FAILURE TO YIELD RIGHT OF WAY,39.14906177,-86.5331599
3,3,1800.0,2-Car,No injury/unknown,FOLLOWING TOO CLOSELY,39.14895044,-86.53325803
7,5,1800.0,2-Car,No injury/unknown,FOLLOWING TOO CLOSELY,39.14892,-86.53324
4,3,1400.0,2-Car,Non-incapacitating,FAILURE TO YIELD RIGHT OF WAY,39.14884696,-86.54104
10,7,1300.0,2-Car,No injury/unknown,IMPROPER LANE USAGE,39.1487068,-86.57121991
11,6,1600.0,3+ Cars,No injury/unknown,BRAKE FAILURE OR DEFECTIVE,39.1485559,-86.57300284
4,5,1700.0,1-Car,No injury/unknown,RAN OFF ROAD RIGHT,39.148555,-86.453042
3,3,2000.0,2-Car,No injury/unknown,FAILURE TO YIELD RIGHT OF WAY,39.148544,-86.571504
12,1,1500.0,1-Car,No injury/unknown,SPEED TOO FAST FOR WEATHER CONDITIONS,39.14853,-86.48439
7,6,1200.0,2-Car,No injury/unknown,FOLLOWING TOO CLOSELY,39.14850424,-86.53875
7,7,800.0,2-Car,Non-incapacitating,BRAKE FAILURE OR DEFECTIVE,39.148448,-86.573
2,4,1500.0,2-Car,No injury/unknown,DISREGARD SIGNAL/REG SIGN,39.148144,-86.572992
3,4,700.0,2-Car,No injury/unknown,OTHER (DRIVER) - EXPLAIN IN NARRATIVE,39.148144,-86.572992
4,1,1400.0,2-Car,No injury/unknown,FOLLOWING TOO CLOSELY,39.148144,-86.572992
4,4,1400.0,2-Car,No injury/unknown,OTHER (DRIVER) - EXPLAIN IN NARRATIVE,39.148144,-86.572992
5,6,1300.0,2-Car,No injury/unknown,FAILURE TO YIELD RIGHT OF WAY,39.148144,-86.572992
6,6,600.0,2-Car,No injury/unknown,OTHER (DRIVER) - EXPLAIN IN NARRATIVE,39.148144,-86.572992
6,4,700.0,2-Car,No injury/unknown,FAILURE TO YIELD RIGHT OF WAY,39.148144,-86.572992
6,5,1500.0,2-Car,Non-incapacitating,OTHER (DRIVER) - EXPLAIN IN NARRATIVE,39.148144,-86.572992
6,4,1700.0,2-Car,No injury/unknown,FOLLOWING TOO CLOSELY,39.148144,-86.572992
7,7,1200.0,2-Car,No injury/unknown,OTHER (DRIVER) - EXPLAIN IN NARRATIVE,39.148144,-86.572992
8,5,1200.0,Moped/Motorcycle,Non-incapacitating,OTHER (DRIVER) - EXPLAIN IN NARRATIVE,39.148144,-86.572992
8,3,1300.0,2-Car,No injury/unknown,FOLLOWING TOO CLOSELY,39.148144,-86.572992
9,5,1100.0,2-Car,No injury/unknown,FOLLOWING TOO CLOSELY,39.148144,-86.572992
9,2,1400.0,2-Car,No injury/unknown,FOLLOWING TOO CLOSELY,39.148144,-86.572992
10,4,1300.0,2-Car,Non-incapacitating,FOLLOWING TOO CLOSELY,39.148144,-86.572992
10,5,800.0,2-Car,No injury/unknown,TIRE FAILURE OR DEFECTIVE,39.148144,-86.572992
11,3,1600.0,2-Car,No injury/unknown,UNSAFE BACKING,39.148144,-86.572992
12,2,1000.0,3+ Cars,No injury/unknown,OTHER (DRIVER) - EXPLAIN IN NARRATIVE,39.148144,-86.572992
12,5,1500.0,3+ Cars,Non-incapacitating,FOLLOWING TOO CLOSELY,39.148144,-86.572992
12,5,1600.0,2-Car,Non-incapacitating,FOLLOWING TOO CLOSELY,39.148144,-86.572992
5,3,1500.0,2-Car,No injury/unknown,OTHER (DRIVER) - EXPLAIN IN NARRATIVE,39.147964,-86.520832
7,6,1500.0,2-Car,No injury/unknown,FAILURE TO YIELD RIGHT OF WAY,39.1478759,-86.52817
3,6,1100.0,2-Car,Non-incapacitating,FAILURE TO YIELD RIGHT OF WAY,39.14757687,-86.58260641
4,3,2300.0,2-Car,No injury/unknown,OTHER (DRIVER) - EXPLAIN IN NARRATIVE,39.14752976,-86.57290728
1,4,2300.0,2-Car,Non-incapacitating,FAILURE TO YIELD RIGHT OF WAY,39.14750244,-86.57320781
1,5,1700.0,2-Car,No injury/unknown,SPEED TOO FAST FOR WEATHER CONDITIONS,39.14750244,-86.57320781
1,3,1800.0,2-Car,No injury/unknown,FAILURE TO YIELD RIGHT OF WAY,39.14750244,-86.57320781
2,7,1600.0,2-Car,No injury/unknown,FAILURE TO YIELD RIGHT OF WAY,39.14750244,-86.57320781
3,5,1100.0,2-Car,No injury/unknown,FOLLOWING TOO CLOSELY,39.14750244,-86.57320131
6,7,1100.0,2-Car,No injury/unknown,DRIVER DISTRACTED - EXPLAIN IN NARRATIVE,39.14750244,-86.57320781
8,7,1700.0,2-Car,No injury/unknown,FOLLOWING TOO CLOSELY,39.14750244,-86.57320781
9,4,1900.0,2-Car,No injury/unknown,FOLLOWING TOO CLOSELY,39.14750244,-86.57320781
10,5,1600.0,2-Car,No injury/unknown,FOLLOWING TOO CLOSELY,39.14750244,-86.57320781
11,6,700.0,3+ Cars,No injury/unknown,FOLLOWING TOO CLOSELY,39.14750244,-86.57320781
9,1,1800.0,2-Car,No injury/unknown,FAILURE TO YIELD RIGHT OF WAY,39.14748006,-86.53269804
3,6,1300.0,1-Car,No injury/unknown,OVERCORRECTING/OVERSTEERING,39.14744,-86.582592
5,7,1000.0,2-Car,No injury/unknown,FAILURE TO YIELD RIGHT OF WAY,39.14744,-86.582592
6,3,2000.0,1-Car,Incapacitating,DRIVER ASLEEP OR FATIGUED,39.14744,-86.582592
10,5,2000.0,2-Car,No injury/unknown,FOLLOWING TOO CLOSELY,39.14744,-86.582592
12,6,1800.0,1-Car,No injury/unknown,ROADWAY SURFACE CONDITION,39.14744,-86.582592
10,7,1500.0,2-Car,No injury/unknown,IMPROPER TURNING,39.14734604,-86.53265953
1,7,1400.0,2-Car,No injury/unknown,FAILURE TO YIELD RIGHT OF WAY,39.14732889,-86.57320781
3,2,1500.0,2-Car,No injury/unknown,FAILURE TO YIELD RIGHT OF WAY,39.14732889,-86.57320781
4,7,1400.0,2-Car,No injury/unknown,FAILURE TO YIELD RIGHT OF WAY,39.1472,-86.58259
6,6,1700.0,2-Car,No injury/unknown,FOLLOWING TOO CLOSELY,39.1472,-86.58259
11,2,1500.0,2-Car,No injury/unknown,FOLLOWING TOO CLOSELY,39.147152,-86.526896
11,4,1800.0,2-Car,No injury/unknown,DISREGARD SIGNAL/REG SIGN,39.147152,-86.526896
12,7,1800.0,2-Car,No injury/unknown,FAILURE TO YIELD RIGHT OF WAY,39.147152,-86.526896
3,7,300.0,1-Car,Non-incapacitating,RAN OFF ROAD RIGHT,39.14713362,-86.52739502
10,2,100.0,2-Car,No injury/unknown,UNSAFE BACKING,39.14705763,-86.53257665
5,2,1200.0,2-Car,No injury/unknown,,39.14694906,-86.52843
2,3,1500.0,2-Car,No injury/unknown,FAILURE TO YIELD RIGHT OF WAY,39.146944,-86.532544
2,5,1700.0,2-Car,No injury/unknown,FAILURE TO YIELD RIGHT OF WAY,39.146944,-86.532544
5,2,1000.0,2-Car,No injury/unknown,UNSAFE LANE MOVEMENT,39.146944,-86.532544
12,4,700.0,2-Car,No injury/unknown,FOLLOWING TOO CLOSELY,39.14691,-86.52429298
9,5,1000.0,2-Car,No injury/unknown,UNSAFE BACKING,39.146908,-86.527376
8,7,1700.0,1-Car,Non-incapacitating,RAN OFF ROAD RIGHT,39.14689113,-86.53240426
3,4,1500.0,2-Car,No injury/unknown,UNSAFE SPEED,39.14689068,-86.582592
12,5,900.0,1-Car,No injury/unknown,OTHER (DRIVER) - EXPLAIN IN NARRATIVE,39.14689,-86.53265
6,2,1700.0,2-Car,No injury/unknown,UNSAFE BACKING,39.146784,-86.5771
9,7,1600.0,2-Car,No injury/unknown,UNSAFE BACKING,39.146721,-86.521449
1,5,1800.0,Cyclist,No injury/unknown,,39.14660673,-86.52688
10,2,1800.0,2-Car,No injury/unknown,FOLLOWING TOO CLOSELY,39.14652758,-86.55969
12,7,0.0,1-Car,No injury/unknown,RAN OFF ROAD RIGHT,39.14628315,-86.582592
12,4,1300.0,1-Car,No injury/unknown,SPEED TOO FAST FOR WEATHER CONDITIONS,39.146121,-86.572073
11,1,2000.0,1-Car,No injury/unknown,OTHER (DRIVER) - EXPLAIN IN NARRATIVE,39.146061,-86.538876
2,2,700.0,2-Car,Non-incapacitating,FAILURE TO YIELD RIGHT OF WAY,39.14605352,-86.52687312
4,5,1700.0,2-Car,No injury/unknown,OTHER (DRIVER) - EXPLAIN IN NARRATIVE,39.1460389,-86.563792
8,7,1300.0,Moped/Motorcycle,No injury/unknown,OTHER (DRIVER) - EXPLAIN IN NARRATIVE,39.146014,-86.57585
4,2,2100.0,2-Car,No injury/unknown,DRIVER DISTRACTED - EXPLAIN IN NARRATIVE,39.14599773,-86.54105
11,5,1000.0,3+ Cars,Non-incapacitating,FAILURE TO YIELD RIGHT OF WAY,39.14596012,-86.57747102
7,7,1700.0,2-Car,Non-incapacitating,FOLLOWING TOO CLOSELY,39.14587002,-86.49752248
7,3,1500.0,Moped/Motorcycle,Non-incapacitating,DRIVER DISTRACTED - EXPLAIN IN NARRATIVE,39.14587002,-86.582572
5,4,1900.0,Cyclist,Non-incapacitating,FAILURE TO YIELD RIGHT OF WAY,39.145848,-86.532216
9,3,1300.0,2-Car,No injury/unknown,UNSAFE BACKING,39.145848,-86.532216
12,6,2200.0,Pedestrian,Non-incapacitating,UNSAFE SPEED,39.145762,-86.578144
12,7,2000.0,2-Car,No injury/unknown,,39.14572622,-86.53217956
1,7,1700.0,2-Car,No injury/unknown,NONE (DRIVER),39.145634,-86.576571
8,5,1500.0,2-Car,No injury/unknown,UNSAFE BACKING,39.145467,-86.5322
11,7,1400.0,2-Car,No injury/unknown,UNSAFE BACKING,39.14545004,-86.53561
10,7,900.0,2-Car,No injury/unknown,OTHER (DRIVER) - EXPLAIN IN NARRATIVE,39.145441,-86.525125
1,3,1800.0,2-Car,No injury/unknown,UNSAFE BACKING,39.145264,-86.577616
6,4,1200.0,2-Car,No injury/unknown,UNSAFE BACKING,39.145264,-86.577616
6,7,1600.0,1-Car,No injury/unknown,UNSAFE SPEED,39.145264,-86.577616
8,2,1500.0,2-Car,No injury/unknown,FAILURE TO YIELD RIGHT OF WAY,39.145264,-86.577616
9,4,100.0,2-Car,No injury/unknown,IMPROPER TURNING,39.145264,-86.577616
9,2,900.0,2-Car,No injury/unknown,OTHER (DRIVER) - EXPLAIN IN NARRATIVE,39.145264,-86.577616
9,5,900.0,2-Car,Non-incapacitating,OTHER (DRIVER) - EXPLAIN IN NARRATIVE,39.145264,-86.577616
11,6,1300.0,2-Car,No injury/unknown,UNSAFE BACKING,39.145264,-86.577616
11,2,1500.0,2-Car,No injury/unknown,FOLLOWING TOO CLOSELY,39.145264,-86.577616
12,2,900.0,2-Car,No injury/unknown,ROADWAY SURFACE CONDITION,39.145264,-86.577616
12,4,1100.0,2-Car,No injury/unknown,UNSAFE BACKING,39.145264,-86.577616
12,1,2200.0,2-Car,No injury/unknown,IMPROPER PASSING,39.1452539,-86.55113
1,5,1400.0,2-Car,No injury/unknown,FOLLOWING TOO CLOSELY,39.145152,-86.5776
2,5,900.0,2-Car,No injury/unknown,FOLLOWING TOO CLOSELY,39.145152,-86.5776
4,5,2100.0,2-Car,No injury/unknown,FAILURE TO YIELD RIGHT OF WAY,39.145152,-86.5776
5,1,2100.0,2-Car,Non-incapacitating,OTHER (DRIVER) - EXPLAIN IN NARRATIVE,39.145152,-86.5776
7,4,1600.0,2-Car,No injury/unknown,FOLLOWING TOO CLOSELY,39.145152,-86.5776
8,2,1400.0,2-Car,Non-incapacitating,FOLLOWING TOO CLOSELY,39.145152,-86.5776
9,1,1100.0,3+ Cars,Non-incapacitating,FAILURE TO YIELD RIGHT OF WAY,39.145152,-86.5776
10,3,1800.0,2-Car,Non-incapacitating,VIEW OBSTRUCTED,39.145152,-86.5776
3,7,300.0,1-Car,Non-incapacitating,LEFT OF CENTER,39.14512262,-86.52685372
9,4,1800.0,2-Car,No injury/unknown,FOLLOWING TOO CLOSELY,39.14502,-86.57780463
11,3,1600.0,2-Car,No injury/unknown,IMPROPER TURNING,39.14502,-86.57777
2,5,2000.0,Moped/Motorcycle,No injury/unknown,OTHER (DRIVER) - EXPLAIN IN NARRATIVE,39.14500942,-86.57778086
3,6,2000.0,2-Car,No injury/unknown,DISREGARD SIGNAL/REG SIGN,39.14500942,-86.57776354
6,4,1200.0,2-Car,No injury/unknown,FAILURE TO YIELD RIGHT OF WAY,39.14500942,-86.57776354
6,5,1500.0,3+ Cars,Non-incapacitating,FOLLOWING TOO CLOSELY,39.14500942,-86.57776354
6,6,1600.0,3+ Cars,No injury/unknown,FOLLOWING TOO CLOSELY,39.14500942,-86.57777653
8,5,1300.0,3+ Cars,Non-incapacitating,FAILURE TO YIELD RIGHT OF WAY,39.14500942,-86.57776354
9,5,1600.0,2-Car,No injury/unknown,IMPROPER LANE USAGE,39.14500942,-86.57779185
9,2,1200.0,2-Car,No injury/unknown,DISREGARD SIGNAL/REG SIGN,39.14500942,-86.57776354
10,4,1300.0,2-Car,No injury/unknown,OTHER (DRIVER) - EXPLAIN IN NARRATIVE,39.14500942,-86.5777722
11,6,1900.0,2-Car,Non-incapacitating,FOLLOWING TOO CLOSELY,39.14500942,-86.57776354
6,6,1600.0,2-Car,No injury/unknown,FOLLOWING TOO CLOSELY,39.14500942,-86.57778952
12,4,1600.0,2-Car,No injury/unknown,UNSAFE LANE MOVEMENT,39.14500942,-86.57776354
12,4,2300.0,2-Car,Non-incapacitating,SPEED TOO FAST FOR WEATHER CONDITIONS,39.14499759,-86.57775343
10,5,1900.0,3+ Cars,No injury/unknown,FOLLOWING TOO CLOSELY,39.14499486,-86.57788929
4,4,1600.0,3+ Cars,Non-incapacitating,IMPROPER TURNING,39.14498927,-86.57773197
11,3,700.0,3+ Cars,Non-incapacitating,OTHER (DRIVER) - EXPLAIN IN NARRATIVE,39.14485197,-86.58259213
1,7,2300.0,2-Car,No injury/unknown,FOLLOWING TOO CLOSELY,39.144848,-86.526848
10,7,1900.0,2-Car,No injury/unknown,FAILURE TO YIELD RIGHT OF WAY,39.144848,-86.526848
5,4,1200.0,2-Car,No injury/unknown,DRIVER DISTRACTED - EXPLAIN IN NARRATIVE,39.144752,-86.531888
9,6,1600.0,1-Car,No injury/unknown,DRIVER ASLEEP OR FATIGUED,39.144752,-86.531888
12,3,2300.0,1-Car,No injury/unknown,SPEED TOO FAST FOR WEATHER CONDITIONS,39.14474645,-86.52371876
11,5,1400.0,1-Car,Non-incapacitating,DRIVER DISTRACTED - EXPLAIN IN NARRATIVE,39.14471913,-86.48334301
1,2,2100.0,2-Car,No injury/unknown,ROADWAY SURFACE CONDITION,39.14455,-86.52696
8,4,2300.0,2-Car,No injury/unknown,LEFT OF CENTER,39.14449478,-86.56889
8,2,1600.0,2-Car,No injury/unknown,OTHER (DRIVER) - EXPLAIN IN NARRATIVE,39.14439,-86.49049
7,6,1700.0,2-Car,Non-incapacitating,DRIVER DISTRACTED - EXPLAIN IN NARRATIVE,39.1443663,-86.57904642
12,6,1200.0,2-Car,Fatal,ACCELERATOR FAILURE OR DEFECTIVE,39.14411,-86.53181
1,2,1100.0,2-Car,No injury/unknown,FOLLOWING TOO CLOSELY,39.14393,-86.58262
12,6,1500.0,2-Car,No injury/unknown,,39.14389503,-86.53111
1,5,900.0,1-Car,No injury/unknown,RAN OFF ROAD RIGHT,39.143888,-86.517296
4,6,1500.0,3+ Cars,Non-incapacitating,FOLLOWING TOO CLOSELY,39.143808,-86.582592
12,3,1200.0,1-Car,No injury/unknown,RAN OFF ROAD RIGHT,39.14371302,-86.61036053
3,5,1600.0,2-Car,No injury/unknown,FAILURE TO YIELD RIGHT OF WAY,39.14363313,-86.58033852
3,7,2300.0,2-Car,Non-incapacitating,FOLLOWING TOO CLOSELY,39.14363313,-86.58033852
6,6,1600.0,2-Car,Non-incapacitating,FAILURE TO YIELD RIGHT OF WAY,39.14358721,-86.58032298
2,6,1700.0,2-Car,No injury/unknown,FAILURE TO YIELD RIGHT OF WAY,39.143552,-86.580528
3,3,2200.0,2-Car,No injury/unknown,OTHER (DRIVER) - EXPLAIN IN NARRATIVE,39.143552,-86.580528
5,6,1400.0,2-Car,No injury/unknown,FAILURE TO YIELD RIGHT OF WAY,39.143552,-86.580528
11,6,1200.0,2-Car,No injury/unknown,FAILURE TO YIELD RIGHT OF WAY,39.143552,-86.580528
4,6,1200.0,2-Car,No injury/unknown,FAILURE TO YIELD RIGHT OF WAY,39.14344952,-86.57913641
12,5,1500.0,2-Car,No injury/unknown,DRIVER DISTRACTED - EXPLAIN IN NARRATIVE,39.14344952,-86.57913641
12,4,1400.0,2-Car,Non-incapacitating,IMPROPER PASSING,39.14344952,-86.57913641
2,2,1700.0,2-Car,No injury/unknown,OTHER (DRIVER) - EXPLAIN IN NARRATIVE,39.1434,-86.54182
9,5,1300.0,1-Car,No injury/unknown,ANIMAL/OBJECT IN ROADWAY,39.143344,-86.538704
6,5,1800.0,3+ Cars,Non-incapacitating,FOLLOWING TOO CLOSELY,39.14314663,-86.582592
2,6,1600.0,2-Car,Non-incapacitating,FAILURE TO YIELD RIGHT OF WAY,39.1427786,-86.53371
2,2,1700.0,2-Car,No injury/unknown,SPEED TOO FAST FOR WEATHER CONDITIONS,39.14258645,-86.53863543
5,2,1200.0,2-Car,No injury/unknown,UNSAFE BACKING,39.142555,-86.531238
11,6,1500.0,2-Car,No injury/unknown,FAILURE TO YIELD RIGHT OF WAY,39.142411,-86.581929
9,3,1900.0,Cyclist,Non-incapacitating,FAILURE TO YIELD RIGHT OF WAY,39.1424,-86.55081
3,2,1800.0,2-Car,No injury/unknown,OTHER (DRIVER) - EXPLAIN IN NARRATIVE,39.142381,-86.581967
4,1,1400.0,2-Car,No injury/unknown,FOLLOWING TOO CLOSELY,39.142381,-86.581967
5,2,1000.0,2-Car,No injury/unknown,UNSAFE BACKING,39.142381,-86.581967
5,2,1100.0,2-Car,No injury/unknown,UNSAFE BACKING,39.142381,-86.581967
5,6,400.0,1-Car,No injury/unknown,OTHER (DRIVER) - EXPLAIN IN NARRATIVE,39.142381,-86.581967
6,2,1400.0,2-Car,No injury/unknown,FAILURE TO YIELD RIGHT OF WAY,39.142381,-86.581967
7,5,100.0,2-Car,No injury/unknown,VIEW OBSTRUCTED,39.142381,-86.581967
7,4,1700.0,2-Car,No injury/unknown,UNSAFE BACKING,39.142381,-86.581967
9,4,1800.0,2-Car,No injury/unknown,OTHER (DRIVER) - EXPLAIN IN NARRATIVE,39.142381,-86.581967
9,5,1800.0,2-Car,Non-incapacitating,FOLLOWING TOO CLOSELY,39.142381,-86.581967
11,6,100.0,2-Car,No injury/unknown,UNSAFE BACKING,39.142381,-86.581967
11,7,1000.0,2-Car,No injury/unknown,UNSAFE BACKING,39.142381,-86.581967
10,7,1700.0,2-Car,No injury/unknown,FOLLOWING TOO CLOSELY,39.14223567,-86.58233447
10,3,2100.0,2-Car,No injury/unknown,OTHER (DRIVER) - EXPLAIN IN NARRATIVE,39.14217,-86.48038
11,1,0.0,1-Car,No injury/unknown,ANIMAL/OBJECT IN ROADWAY,39.14205869,-86.56204512
1,3,1600.0,2-Car,No injury/unknown,FOLLOWING TOO CLOSELY,39.142048,-86.582592
3,3,1000.0,2-Car,No injury/unknown,DISREGARD SIGNAL/REG SIGN,39.142048,-86.531088
3,3,1400.0,2-Car,No injury/unknown,FAILURE TO YIELD RIGHT OF WAY,39.142048,-86.582592
5,2,1100.0,2-Car,No injury/unknown,FAILURE TO YIELD RIGHT OF WAY,39.142048,-86.531088
6,7,1300.0,2-Car,No injury/unknown,FOLLOWING TOO CLOSELY,39.142048,-86.582592
6,7,1600.0,2-Car,No injury/unknown,FOLLOWING TOO CLOSELY,39.142048,-86.582592
7,6,1800.0,2-Car,No injury/unknown,FAILURE TO YIELD RIGHT OF WAY,39.142048,-86.582592
8,2,1700.0,2-Car,No injury/unknown,UNSAFE LANE MOVEMENT,39.142048,-86.582592
8,3,1400.0,2-Car,Non-incapacitating,FAILURE TO YIELD RIGHT OF WAY,39.142048,-86.582592
10,4,700.0,2-Car,No injury/unknown,FAILURE TO YIELD RIGHT OF WAY,39.142048,-86.582592
11,7,700.0,Pedestrian,Non-incapacitating,PEDESTRIAN ACTION,39.142048,-86.582592
12,3,1600.0,2-Car,Non-incapacitating,OTHER (DRIVER) - EXPLAIN IN NARRATIVE,39.142048,-86.582592
12,6,2000.0,2-Car,Non-incapacitating,FAILURE TO YIELD RIGHT OF WAY,39.142048,-86.582592
4,6,1300.0,2-Car,No injury/unknown,UNSAFE BACKING,39.14191534,-86.582572
5,5,900.0,2-Car,No injury/unknown,DISREGARD SIGNAL/REG SIGN,39.14191534,-86.582572
3,2,1500.0,Cyclist,Non-incapacitating,FAILURE TO YIELD RIGHT OF WAY,39.14191,-86.52694
9,3,1900.0,2-Car,No injury/unknown,FOLLOWING TOO CLOSELY,39.14191,-86.52694
8,3,1100.0,2-Car,No injury/unknown,UNSAFE BACKING,39.14179311,-86.53100751
2,7,600.0,2-Car,No injury/unknown,RAN OFF ROAD RIGHT,39.14175543,-86.53639086
11,3,800.0,1-Car,No injury/unknown,RAN OFF ROAD RIGHT,39.14164,-86.64287
1,3,1800.0,3+ Cars,No injury/unknown,DRIVER DISTRACTED - EXPLAIN IN NARRATIVE,39.14159891,-86.53369
8,5,400.0,1-Car,No injury/unknown,RAN OFF ROAD RIGHT,39.14152216,-86.5505
1,4,900.0,2-Car,No injury/unknown,FAILURE TO YIELD RIGHT OF WAY,39.14151127,-86.5313
12,7,0.0,2-Car,No injury/unknown,UNSAFE BACKING,39.14144747,-86.582572
3,6,1400.0,Bus,No injury/unknown,FOLLOWING TOO CLOSELY,39.14141586,-86.52672
1,4,1500.0,2-Car,No injury/unknown,FAILURE TO YIELD RIGHT OF WAY,39.141328,-86.538528
8,5,900.0,2-Car,No injury/unknown,UNSAFE BACKING,39.141294,-86.541124
12,5,1500.0,2-Car,No injury/unknown,FAILURE TO YIELD RIGHT OF WAY,39.14107669,-86.53265
1,4,1400.0,2-Car,No injury/unknown,LEFT OF CENTER,39.14090754,-86.58579544
7,6,500.0,1-Car,Non-incapacitating,ANIMAL/OBJECT IN ROADWAY,39.14090754,-86.58579544
6,6,1000.0,Moped/Motorcycle,Non-incapacitating,FOLLOWING TOO CLOSELY,39.14035578,-86.58741031
12,1,1900.0,1-Car,No injury/unknown,UNSAFE SPEED,39.14035578,-86.58741031
5,5,1500.0,2-Car,No injury/unknown,FAILURE TO YIELD RIGHT OF WAY,39.14016,-86.58259
1,1,1300.0,2-Car,No injury/unknown,DRIVER DISTRACTED - EXPLAIN IN NARRATIVE,39.14007739,-86.58256946
5,5,1800.0,2-Car,Non-incapacitating,SPEED TOO FAST FOR WEATHER CONDITIONS,39.14003609,-86.54506907
6,2,2300.0,2-Car,Non-incapacitating,FAILURE TO YIELD RIGHT OF WAY,39.13998,-86.54513
9,1,1400.0,1-Car,No injury/unknown,BRAKE FAILURE OR DEFECTIVE,39.13998,-86.54513866
5,7,1900.0,2-Car,No injury/unknown,FOLLOWING TOO CLOSELY,39.13981,-86.53866
8,2,1800.0,2-Car,No injury/unknown,FAILURE TO YIELD RIGHT OF WAY,39.13981,-86.53866
6,4,1500.0,2-Car,No injury/unknown,FOLLOWING TOO CLOSELY,39.139584,-86.526768
7,6,1000.0,2-Car,No injury/unknown,UNSAFE BACKING,39.139584,-86.5268407
4,5,1300.0,2-Car,No injury/unknown,UNSAFE SPEED,39.13954936,-86.50814069
10,5,1900.0,1-Car,Non-incapacitating,OTHER (DRIVER) - EXPLAIN IN NARRATIVE,39.139519,-86.522012
11,4,1500.0,2-Car,No injury/unknown,IMPROPER TURNING,39.13951,-86.52417
7,6,900.0,2-Car,Non-incapacitating,UNSAFE BACKING,39.13950428,-86.51762373
12,3,700.0,3+ Cars,Non-incapacitating,FAILURE TO YIELD RIGHT OF WAY,39.13944,-86.52692
6,3,2000.0,Pedestrian,Non-incapacitating,UNSAFE BACKING,39.13937451,-86.52552626
2,6,1400.0,2-Car,No injury/unknown,OTHER (DRIVER) - EXPLAIN IN NARRATIVE,39.138688,-86.465968
7,6,700.0,2-Car,Non-incapacitating,FAILURE TO YIELD RIGHT OF WAY,39.13864,-86.54648
8,1,200.0,2-Car,No injury/unknown,FAILURE TO YIELD RIGHT OF WAY,39.13864,-86.54648
7,3,1200.0,2-Car,Non-incapacitating,FAILURE TO YIELD RIGHT OF WAY,39.138592,-86.544656
7,1,700.0,2-Car,No injury/unknown,LEFT OF CENTER,39.13859,-86.54864866
7,1,1300.0,Moped/Motorcycle,Incapacitating,LEFT OF CENTER,39.13858767,-86.43136527
9,5,1700.0,2-Car,No injury/unknown,FOLLOWING TOO CLOSELY,39.13857,-86.49653
5,3,1200.0,3+ Cars,Non-incapacitating,CELL PHONE USAGE,39.13851891,-86.59099291
10,3,1700.0,3+ Cars,Non-incapacitating,FOLLOWING TOO CLOSELY,39.13851891,-86.59099291
5,5,2000.0,Moped/Motorcycle,No injury/unknown,UNSAFE BACKING,39.138157,-86.529081
7,3,600.0,2-Car,Fatal,IMPROPER PASSING,39.13814923,-86.582528
7,1,2300.0,2-Car,No injury/unknown,OTHER (DRIVER) - EXPLAIN IN NARRATIVE,39.13810971,-86.524
9,2,1600.0,2-Car,No injury/unknown,BRAKE FAILURE OR DEFECTIVE,39.13801764,-86.59183265
12,5,0.0,1-Car,No injury/unknown,RAN OFF ROAD RIGHT,39.13788528,-86.56202321
8,7,1600.0,2-Car,No injury/unknown,IMPROPER PASSING,39.137744,-86.530288
1,7,1900.0,1-Car,No injury/unknown,ANIMAL/OBJECT IN ROADWAY,39.13768346,-86.59239247
7,7,2100.0,2-Car,No injury/unknown,IMPROPER PASSING,39.137632,-86.536032
7,5,1400.0,2-Car,No injury/unknown,FAILURE TO YIELD RIGHT OF WAY,39.13758929,-86.57290278
7,6,1300.0,2-Car,No injury/unknown,OTHER (DRIVER) - EXPLAIN IN NARRATIVE,39.137424,-86.529968
3,2,1200.0,2-Car,No injury/unknown,FAILURE TO YIELD RIGHT OF WAY,39.13736,-86.52084389
8,7,1200.0,2-Car,No injury/unknown,UNSAFE BACKING,39.137321,-86.530525
2,6,800.0,2-Car,No injury/unknown,FOLLOWING TOO CLOSELY,39.13726573,-86.59309224
12,1,1400.0,2-Car,No injury/unknown,UNSAFE SPEED,39.137088,-86.53056
1,2,1800.0,2-Car,No injury/unknown,SPEED TOO FAST FOR WEATHER CONDITIONS,39.13704005,-86.64106861