Month,Day,Hour,Collision Type,Injury Type,Primary Factor,Latitude,Longitude
5,4,600.0,1-Car,No injury/unknown,OTHER (VEHICLE) - EXPLAIN IN NARRATIVE,39.13704001,-86.57820935
1,2,1400.0,2-Car,No injury/unknown,RAN OFF ROAD RIGHT,39.13704,-86.577504
1,5,1400.0,2-Car,No injury/unknown,ROADWAY SURFACE CONDITION,39.13704,-86.572896
2,2,1500.0,2-Car,No injury/unknown,UNSAFE SPEED,39.13704,-86.577504
2,6,1100.0,2-Car,Non-incapacitating,FAILURE TO YIELD RIGHT OF WAY,39.13704,-86.572896
2,5,1100.0,2-Car,No injury/unknown,FOLLOWING TOO CLOSELY,39.13704,-86.572896
3,6,1600.0,2-Car,No injury/unknown,FOLLOWING TOO CLOSELY,39.13704,-86.572896
3,6,900.0,2-Car,No injury/unknown,UNSAFE LANE MOVEMENT,39.13704,-86.572896
3,6,1800.0,2-Car,No injury/unknown,FOLLOWING TOO CLOSELY,39.13704,-86.582512
3,4,1500.0,2-Car,No injury/unknown,OTHER (DRIVER) - EXPLAIN IN NARRATIVE,39.13704,-86.572896
4,1,1900.0,2-Car,No injury/unknown,FOLLOWING TOO CLOSELY,39.13704,-86.572896
4,1,2000.0,2-Car,Non-incapacitating,DISREGARD SIGNAL/REG SIGN,39.13704,-86.572896
5,6,1600.0,2-Car,No injury/unknown,OTHER (DRIVER) - EXPLAIN IN NARRATIVE,39.13704,-86.572896
5,4,1800.0,2-Car,No injury/unknown,DRIVER DISTRACTED - EXPLAIN IN NARRATIVE,39.13704,-86.572896
5,6,1900.0,2-Car,Non-incapacitating,SPEED TOO FAST FOR WEATHER CONDITIONS,39.13704,-86.582512
6,2,1200.0,2-Car,No injury/unknown,FOLLOWING TOO CLOSELY,39.13704,-86.575296
6,7,1400.0,2-Car,Non-incapacitating,FAILURE TO YIELD RIGHT OF WAY,39.13704,-86.582512
6,6,1900.0,3+ Cars,No injury/unknown,FOLLOWING TOO CLOSELY,39.13704,-86.572896
6,1,1200.0,3+ Cars,Non-incapacitating,OTHER (DRIVER) - EXPLAIN IN NARRATIVE,39.13704,-86.582512
7,3,1100.0,Pedestrian,Non-incapacitating,OTHER (VEHICLE) - EXPLAIN IN NARRATIVE,39.13704,-86.529584
7,3,1700.0,2-Car,No injury/unknown,FOLLOWING TOO CLOSELY,39.13704,-86.572896
10,6,1600.0,2-Car,Non-incapacitating,DISREGARD SIGNAL/REG SIGN,39.13704,-86.572896
10,2,1600.0,2-Car,No injury/unknown,FOLLOWING TOO CLOSELY,39.13704,-86.572896
10,2,1200.0,2-Car,No injury/unknown,FAILURE TO YIELD RIGHT OF WAY,39.13704,-86.575296
10,5,1700.0,2-Car,No injury/unknown,FOLLOWING TOO CLOSELY,39.13704,-86.572896
11,5,1400.0,2-Car,Non-incapacitating,UNSAFE SPEED,39.13704,-86.572896
11,4,1600.0,2-Car,No injury/unknown,FAILURE TO YIELD RIGHT OF WAY,39.13704,-86.642832
12,5,1900.0,3+ Cars,No injury/unknown,DRIVER DISTRACTED - EXPLAIN IN NARRATIVE,39.13704,-86.572896
12,1,1000.0,1-Car,No injury/unknown,RAN OFF ROAD RIGHT,39.13704,-86.577504
1,2,1800.0,1-Car,No injury/unknown,ROADWAY SURFACE CONDITION,39.13703,-86.64306596
9,5,2200.0,1-Car,Non-incapacitating,RAN OFF ROAD RIGHT,39.13688,-86.628768
11,7,2200.0,1-Car,No injury/unknown,OTHER (DRIVER) - EXPLAIN IN NARRATIVE,39.13686512,-86.61107342
3,7,1300.0,2-Car,No injury/unknown,FOLLOWING TOO CLOSELY,39.136848,-86.593792
3,1,1500.0,3+ Cars,No injury/unknown,SPEED TOO FAST FOR WEATHER CONDITIONS,39.136848,-86.593792
5,4,2100.0,2-Car,Non-incapacitating,CELL PHONE USAGE,39.136848,-86.593792
7,3,1800.0,Pedestrian,Non-incapacitating,ANIMAL/OBJECT IN ROADWAY,39.136848,-86.610192
8,2,1800.0,2-Car,No injury/unknown,DRIVER DISTRACTED - EXPLAIN IN NARRATIVE,39.136848,-86.593792
8,5,700.0,2-Car,No injury/unknown,FOLLOWING TOO CLOSELY,39.136848,-86.593792
12,7,1500.0,2-Car,No injury/unknown,OTHER (DRIVER) - EXPLAIN IN NARRATIVE,39.13683,-86.58261
2,2,1700.0,2-Car,Non-incapacitating,OTHER (DRIVER) - EXPLAIN IN NARRATIVE,39.13680949,-86.57802165
6,7,1100.0,2-Car,No injury/unknown,FAILURE TO YIELD RIGHT OF WAY,39.13679409,-86.52933809
9,3,1100.0,2-Car,No injury/unknown,FAILURE TO YIELD RIGHT OF WAY,39.13679409,-86.52933809
12,4,800.0,1-Car,No injury/unknown,OTHER (ENVIRONMENTAL) - EXPLAIN IN NARR,39.13677275,-86.58259
8,5,1500.0,1-Car,No injury/unknown,BRAKE FAILURE OR DEFECTIVE,39.136767,-86.524082
3,5,1600.0,2-Car,No injury/unknown,FAILURE TO YIELD RIGHT OF WAY,39.13676196,-86.57320781
4,4,1800.0,2-Car,No injury/unknown,FAILURE TO YIELD RIGHT OF WAY,39.13676196,-86.57320781
4,3,1300.0,2-Car,No injury/unknown,FOLLOWING TOO CLOSELY,39.13676196,-86.57320781
6,6,1300.0,2-Car,No injury/unknown,UNSAFE LANE MOVEMENT,39.13676196,-86.57320781
12,3,1800.0,2-Car,Non-incapacitating,FAILURE TO YIELD RIGHT OF WAY,39.13676196,-86.57320781
12,1,1900.0,2-Car,No injury/unknown,OTHER (ENVIRONMENTAL) - EXPLAIN IN NARR,39.13676196,-86.57318183
5,4,1700.0,2-Car,No injury/unknown,FAILURE TO YIELD RIGHT OF WAY,39.13672781,-86.57089237
8,1,200.0,1-Car,Non-incapacitating,RAN OFF ROAD RIGHT,39.13671106,-86.59398959
9,6,1700.0,3+ Cars,Non-incapacitating,FOLLOWING TOO CLOSELY,39.13669322,-86.52678692
5,6,1800.0,2-Car,No injury/unknown,OTHER (VEHICLE) - EXPLAIN IN NARRATIVE,39.136692,-86.513828
8,2,1400.0,2-Car,Non-incapacitating,DRIVER DISTRACTED - EXPLAIN IN NARRATIVE,39.13666541,-86.59405546
1,6,0.0,1-Car,No injury/unknown,SPEED TOO FAST FOR WEATHER CONDITIONS,39.13662,-86.55431
2,4,700.0,2-Car,No injury/unknown,SPEED TOO FAST FOR WEATHER CONDITIONS,39.13662,-86.55431
11,5,0.0,1-Car,No injury/unknown,RAN OFF ROAD RIGHT,39.13662,-86.55431
10,7,1200.0,1-Car,No injury/unknown,SPEED TOO FAST FOR WEATHER CONDITIONS,39.13651201,-86.56183966
1,1,1700.0,2-Car,Non-incapacitating,FAILURE TO YIELD RIGHT OF WAY,39.136448,-86.548704
2,7,1100.0,1-Car,No injury/unknown,OTHER (DRIVER) - EXPLAIN IN NARRATIVE,39.136448,-86.548704
4,2,2000.0,2-Car,No injury/unknown,FOLLOWING TOO CLOSELY,39.136448,-86.548704
9,7,800.0,1-Car,No injury/unknown,RAN OFF ROAD RIGHT,39.136448,-86.548704
10,5,2300.0,1-Car,No injury/unknown,RAN OFF ROAD RIGHT,39.136448,-86.548704
11,3,1200.0,2-Car,Non-incapacitating,FOLLOWING TOO CLOSELY,39.136448,-86.548704
12,4,800.0,1-Car,No injury/unknown,ROADWAY SURFACE CONDITION,39.136448,-86.548704
1,6,1600.0,2-Car,No injury/unknown,FAILURE TO YIELD RIGHT OF WAY,39.13638633,-86.54694242
10,3,1400.0,2-Car,No injury/unknown,OTHER (DRIVER) - EXPLAIN IN NARRATIVE,39.13637076,-86.523744
2,4,700.0,2-Car,Non-incapacitating,FOLLOWING TOO CLOSELY,39.13635,-86.54875
5,5,2100.0,1-Car,No injury/unknown,OTHER (VEHICLE) - EXPLAIN IN NARRATIVE,39.13635,-86.54883655
3,5,1800.0,2-Car,No injury/unknown,FOLLOWING TOO CLOSELY,39.13631459,-86.54872158
11,5,1100.0,2-Car,No injury/unknown,FOLLOWING TOO CLOSELY,39.136304,-86.544592
1,3,2100.0,2-Car,No injury/unknown,UNSAFE BACKING,39.136176,-86.52295733
3,1,1300.0,1-Car,No injury/unknown,UNSAFE SPEED,39.136144,-86.50950668
1,4,800.0,2-Car,Non-incapacitating,FOLLOWING TOO CLOSELY,39.136144,-86.5268
1,2,1800.0,2-Car,No injury/unknown,VIEW OBSTRUCTED,39.136144,-86.528688
3,3,1900.0,2-Car,No injury/unknown,OTHER (DRIVER) - EXPLAIN IN NARRATIVE,39.136144,-86.5776
5,1,2000.0,2-Car,No injury/unknown,FAILURE TO YIELD RIGHT OF WAY,39.136144,-86.528688
4,6,1100.0,2-Car,No injury/unknown,FAILURE TO YIELD RIGHT OF WAY,39.136144,-86.528688
5,7,1200.0,3+ Cars,Non-incapacitating,DISREGARD SIGNAL/REG SIGN,39.136144,-86.5268
6,7,1100.0,2-Car,No injury/unknown,FAILURE TO YIELD RIGHT OF WAY,39.136144,-86.528688
7,6,1100.0,2-Car,Non-incapacitating,FOLLOWING TOO CLOSELY,39.136144,-86.511296
9,5,800.0,2-Car,No injury/unknown,FOLLOWING TOO CLOSELY,39.136144,-86.528688
9,6,1000.0,2-Car,No injury/unknown,UNSAFE BACKING,39.136144,-86.52423669
9,3,1100.0,2-Car,Non-incapacitating,FAILURE TO YIELD RIGHT OF WAY,39.136144,-86.528688
10,2,1600.0,2-Car,No injury/unknown,FOLLOWING TOO CLOSELY,39.136144,-86.508096
10,2,800.0,1-Car,Non-incapacitating,RAN OFF ROAD RIGHT,39.136144,-86.528688
11,2,1900.0,2-Car,Non-incapacitating,FAILURE TO YIELD RIGHT OF WAY,39.136144,-86.528688
11,2,1800.0,2-Car,No injury/unknown,FAILURE TO YIELD RIGHT OF WAY,39.136144,-86.5268
12,7,300.0,1-Car,No injury/unknown,IMPROPER TURNING,39.136144,-86.528688
5,6,2200.0,2-Car,No injury/unknown,UNSAFE BACKING,39.13611,-86.512253
12,3,1000.0,2-Car,Non-incapacitating,FOLLOWING TOO CLOSELY,39.136096,-86.516
1,4,1400.0,3+ Cars,Non-incapacitating,FOLLOWING TOO CLOSELY,39.13609554,-86.53844811
9,5,1100.0,2-Car,No injury/unknown,FOLLOWING TOO CLOSELY,39.13608777,-86.53827205
3,4,1300.0,2-Car,Non-incapacitating,FOLLOWING TOO CLOSELY,39.13608,-86.538096
6,3,700.0,2-Car,No injury/unknown,FOLLOWING TOO CLOSELY,39.13608,-86.538096
11,3,1700.0,2-Car,No injury/unknown,UNSAFE BACKING,39.13608,-86.529792
7,2,1200.0,1-Car,No injury/unknown,UNSAFE SPEED,39.136048,-86.518496
2,1,2200.0,2-Car,No injury/unknown,FOLLOWING TOO CLOSELY,39.13604,-86.53827
11,6,1600.0,2-Car,No injury/unknown,FOLLOWING TOO CLOSELY,39.13604,-86.53827
5,2,1500.0,Moped/Motorcycle,Non-incapacitating,FAILURE TO YIELD RIGHT OF WAY,39.13602,-86.52195
11,4,1600.0,2-Car,No injury/unknown,OTHER (VEHICLE) - EXPLAIN IN NARRATIVE,39.136011,-86.525067
4,6,1200.0,2-Car,Non-incapacitating,DRIVER DISTRACTED - EXPLAIN IN NARRATIVE,39.13601,-86.53712865
9,4,800.0,2-Car,No injury/unknown,FOLLOWING TOO CLOSELY,39.13601,-86.53712
12,6,2200.0,1-Car,No injury/unknown,SPEED TOO FAST FOR WEATHER CONDITIONS,39.13601,-86.53716327
5,6,1700.0,2-Car,No injury/unknown,FOLLOWING TOO CLOSELY,39.136,-86.51592
2,5,1000.0,2-Car,No injury/unknown,FAILURE TO YIELD RIGHT OF WAY,39.13599,-86.5288
10,5,700.0,2-Car,No injury/unknown,FOLLOWING TOO CLOSELY,39.13599,-86.5288
5,1,0.0,1-Car,Non-incapacitating,RAN OFF ROAD RIGHT,39.13598332,-86.51207989
2,6,1100.0,2-Car,No injury/unknown,OTHER (DRIVER) - EXPLAIN IN NARRATIVE,39.13598,-86.499585
3,7,1400.0,2-Car,No injury/unknown,UNSAFE BACKING,39.13598,-86.499585
8,7,500.0,1-Car,No injury/unknown,RAN OFF ROAD RIGHT,39.13597991,-86.52878243
5,7,1000.0,2-Car,No injury/unknown,UNSAFE BACKING,39.135978,-86.535107
4,2,1700.0,2-Car,No injury/unknown,FAILURE TO YIELD RIGHT OF WAY,39.13597,-86.53113596
5,3,1800.0,2-Car,No injury/unknown,FAILURE TO YIELD RIGHT OF WAY,39.13597,-86.53111
5,1,1500.0,2-Car,No injury/unknown,OTHER (ENVIRONMENTAL) - EXPLAIN IN NARR,39.13597,-86.53111
7,6,1300.0,2-Car,Non-incapacitating,FOLLOWING TOO CLOSELY,39.13597,-86.53111
9,2,1000.0,2-Car,Non-incapacitating,FOLLOWING TOO CLOSELY,39.13597,-86.53111
10,6,2200.0,2-Car,No injury/unknown,UNSAFE LANE MOVEMENT,39.13597,-86.53111
12,1,2100.0,3+ Cars,Non-incapacitating,DISREGARD SIGNAL/REG SIGN,39.13597,-86.53111
10,2,700.0,2-Car,No injury/unknown,FOLLOWING TOO CLOSELY,39.13596,-86.49648675
9,5,1600.0,2-Car,No injury/unknown,FAILURE TO YIELD RIGHT OF WAY,39.13584,-86.496288
12,6,1900.0,1-Car,Non-incapacitating,RAN OFF ROAD RIGHT,39.13584,-86.496288
12,4,900.0,1-Car,No injury/unknown,ROADWAY SURFACE CONDITION,39.135808,-86.484912
6,3,1100.0,2-Car,No injury/unknown,FAILURE TO YIELD RIGHT OF WAY,39.13576,-86.489488
10,6,900.0,2-Car,Incapacitating,FAILURE TO YIELD RIGHT OF WAY,39.135648,-86.462
10,3,800.0,1-Car,No injury/unknown,ANIMAL/OBJECT IN ROADWAY,39.135648,-86.462
8,6,1700.0,2-Car,No injury/unknown,FAILURE TO YIELD RIGHT OF WAY,39.135609,-86.58259
1,4,700.0,3+ Cars,No injury/unknown,FOLLOWING TOO CLOSELY,39.13545452,-86.59573186
2,5,0.0,2-Car,No injury/unknown,UNSAFE BACKING,39.135284,-86.528241
3,2,700.0,2-Car,Non-incapacitating,FOLLOWING TOO CLOSELY,39.135248,-86.582496
11,6,1700.0,2-Car,No injury/unknown,OTHER (VEHICLE) - EXPLAIN IN NARRATIVE,39.135248,-86.582496
11,4,1200.0,2-Car,No injury/unknown,UNSAFE BACKING,39.13511247,-86.5312841
10,7,1600.0,2-Car,No injury/unknown,DRIVER DISTRACTED - EXPLAIN IN NARRATIVE,39.13504,-86.596192
6,4,1300.0,2-Car,No injury/unknown,FAILURE TO YIELD RIGHT OF WAY,39.13495,-86.58255372
3,5,1600.0,2-Car,No injury/unknown,FAILURE TO YIELD RIGHT OF WAY,39.13494583,-86.59632591
6,7,400.0,1-Car,No injury/unknown,UNSAFE SPEED,39.13493114,-86.52778394
8,2,1500.0,2-Car,No injury/unknown,UNSAFE BACKING,39.13466464,-86.52758461
10,4,1700.0,Bus,No injury/unknown,SPEED TOO FAST FOR WEATHER CONDITIONS,39.13449997,-86.54331207
2,6,700.0,2-Car,No injury/unknown,FOLLOWING TOO CLOSELY,39.1344878,-86.59697726
11,7,1600.0,2-Car,No injury/unknown,,39.13442,-86.518308
2,3,1800.0,1-Car,No injury/unknown,RAN OFF ROAD RIGHT,39.13426528,-86.55084379
2,6,700.0,2-Car,No injury/unknown,FOLLOWING TOO CLOSELY,39.13410649,-86.5975195
6,7,900.0,1-Car,No injury/unknown,ROADWAY SURFACE CONDITION,39.1340255,-86.59763467
3,4,700.0,1-Car,No injury/unknown,ANIMAL/OBJECT IN ROADWAY,39.13354109,-86.50832
11,2,1900.0,1-Car,Non-incapacitating,RAN OFF ROAD RIGHT,39.133376,-86.648848
10,1,700.0,1-Car,Non-incapacitating,ANIMAL/OBJECT IN ROADWAY,39.13319751,-86.59880735
10,1,1300.0,2-Car,No injury/unknown,LEFT OF CENTER,39.13314766,-86.53980173
9,4,1200.0,2-Car,Incapacitating,FAILURE TO YIELD RIGHT OF WAY,39.13287507,-86.57913641
8,3,1400.0,Moped/Motorcycle,Non-incapacitating,IMPROPER TURNING,39.13286143,-86.53360637
6,3,0.0,2-Car,Non-incapacitating,OTHER (DRIVER) - EXPLAIN IN NARRATIVE,39.13207097,-86.60035542
10,3,1300.0,2-Car,Incapacitating,FOLLOWING TOO CLOSELY,39.13200353,-86.53142631
1,2,700.0,1-Car,No injury/unknown,ANIMAL/OBJECT IN ROADWAY,39.13176339,-86.44845359
1,4,1600.0,2-Car,No injury/unknown,FOLLOWING TOO CLOSELY,39.13152,-86.53143
9,4,1600.0,Bus,No injury/unknown,UNSAFE SPEED,39.13152,-86.53142135
4,2,2300.0,2-Car,No injury/unknown,UNSAFE BACKING,39.13146515,-86.53145486
5,2,900.0,2-Car,No injury/unknown,UNSAFE BACKING,39.131052,-86.585451
5,7,1400.0,2-Car,Non-incapacitating,FAILURE TO YIELD RIGHT OF WAY,39.130944,-86.526688
1,4,2300.0,1-Car,No injury/unknown,RAN OFF ROAD RIGHT,39.12980181,-86.54795
11,3,600.0,2-Car,No injury/unknown,LEFT OF CENTER,39.12969,-86.53862
1,2,1900.0,1-Car,No injury/unknown,ROADWAY SURFACE CONDITION,39.12955,-86.44695
8,6,1600.0,2-Car,No injury/unknown,VIEW OBSTRUCTED,39.12936,-86.604336
8,6,1600.0,2-Car,No injury/unknown,OTHER (DRIVER) - EXPLAIN IN NARRATIVE,39.12936,-86.604336
11,7,1500.0,2-Car,No injury/unknown,FAILURE TO YIELD RIGHT OF WAY,39.12936,-86.604336
10,1,1400.0,2-Car,Non-incapacitating,DRIVER DISTRACTED - EXPLAIN IN NARRATIVE,39.12925,-86.6043
1,3,1000.0,Bus,No injury/unknown,SPEED TOO FAST FOR WEATHER CONDITIONS,39.12914628,-86.59631
2,5,1600.0,2-Car,Non-incapacitating,OTHER (DRIVER) - EXPLAIN IN NARRATIVE,39.12901992,-86.52678557
4,5,2100.0,2-Car,No injury/unknown,UNSAFE BACKING,39.128848,-86.58797527
10,5,2000.0,Moped/Motorcycle,Non-incapacitating,OTHER (DRIVER) - EXPLAIN IN NARRATIVE,39.128848,-86.587328
11,5,100.0,2-Car,No injury/unknown,UNSAFE BACKING,39.128848,-86.587456
6,3,1200.0,1-Car,No injury/unknown,UNSAFE BACKING,39.12837108,-86.58554313
8,7,100.0,1-Car,Non-incapacitating,RAN OFF ROAD RIGHT,39.12836029,-86.4668481
2,2,700.0,2-Car,No injury/unknown,ROADWAY SURFACE CONDITION,39.12819,-86.55672
11,1,1300.0,2-Car,No injury/unknown,UNSAFE BACKING,39.1279476,-86.5267352
3,1,1100.0,1-Car,No injury/unknown,,39.127931,-86.526769
12,6,1400.0,2-Car,No injury/unknown,UNSAFE BACKING,39.127931,-86.526769
3,1,1400.0,3+ Cars,No injury/unknown,ROADWAY SURFACE CONDITION,39.12790321,-86.60654596
8,1,700.0,1-Car,No injury/unknown,DRIVER ASLEEP OR FATIGUED,39.12790321,-86.60646801
9,6,1600.0,3+ Cars,No injury/unknown,DRIVER DISTRACTED - EXPLAIN IN NARRATIVE,39.12790321,-86.60654596
1,2,2200.0,3+ Cars,Non-incapacitating,ALCOHOLIC BEVERAGES,39.127466,-86.517574
8,7,300.0,1-Car,No injury/unknown,RAN OFF ROAD RIGHT,39.12741047,-86.57441294
4,3,1900.0,Pedestrian,Non-incapacitating,PEDESTRIAN ACTION,39.12716835,-86.52677353
1,5,1100.0,2-Car,No injury/unknown,UNSAFE BACKING,39.126921,-86.50403
1,3,1500.0,Bus,No injury/unknown,ANIMAL/OBJECT IN ROADWAY,39.12669,-86.43573287
2,7,1500.0,2-Car,No injury/unknown,UNSAFE SPEED,39.12615419,-86.58252391
12,4,900.0,1-Car,Non-incapacitating,ROADWAY SURFACE CONDITION,39.12603203,-86.55917645
4,3,1400.0,2-Car,Non-incapacitating,FAILURE TO YIELD RIGHT OF WAY,39.12594463,-86.55359745
1,5,800.0,1-Car,No injury/unknown,ROADWAY SURFACE CONDITION,39.12572725,-86.49855384
7,4,1300.0,2-Car,No injury/unknown,IMPROPER TURNING,39.12557,-86.52672
8,7,1600.0,2-Car,Non-incapacitating,LEFT OF CENTER,39.1255,-86.51765433
2,3,2300.0,3+ Cars,No injury/unknown,SPEED TOO FAST FOR WEATHER CONDITIONS,39.125465,-86.539218
1,5,600.0,3+ Cars,No injury/unknown,SPEED TOO FAST FOR WEATHER CONDITIONS,39.125312,-86.610496
4,5,1600.0,2-Car,No injury/unknown,NONE (DRIVER),39.125312,-86.610496
4,4,100.0,1-Car,No injury/unknown,UNSAFE BACKING,39.125312,-86.610496
4,6,1100.0,2-Car,No injury/unknown,UNSAFE BACKING,39.125312,-86.610496
7,6,1400.0,2-Car,No injury/unknown,FAILURE TO YIELD RIGHT OF WAY,39.125312,-86.610496
7,6,1400.0,2-Car,No injury/unknown,IMPROPER TURNING,39.125312,-86.610496
8,2,1900.0,2-Car,No injury/unknown,UNSAFE BACKING,39.125312,-86.610496
9,7,1700.0,2-Car,No injury/unknown,UNSAFE BACKING,39.125312,-86.610496
11,7,1200.0,2-Car,No injury/unknown,OTHER (DRIVER) - EXPLAIN IN NARRATIVE,39.125312,-86.610496
12,6,2000.0,2-Car,No injury/unknown,OTHER (DRIVER) - EXPLAIN IN NARRATIVE,39.125312,-86.610496
11,3,2000.0,2-Car,No injury/unknown,OTHER (DRIVER) - EXPLAIN IN NARRATIVE,39.125312,-86.610496
7,3,1000.0,1-Car,No injury/unknown,DRIVER ILLNESS,39.12456,-86.578144
3,5,1700.0,2-Car,No injury/unknown,UNSAFE SPEED,39.12452,-86.54795
12,7,700.0,1-Car,No injury/unknown,SPEED TOO FAST FOR WEATHER CONDITIONS,39.12448822,-86.5609886
4,6,700.0,1-Car,Non-incapacitating,RAN OFF ROAD RIGHT,39.12380844,-86.52665285
1,1,1900.0,1-Car,No injury/unknown,RAN OFF ROAD RIGHT,39.12378791,-86.58258191
7,7,1100.0,2-Car,No injury/unknown,LEFT OF CENTER,39.12356379,-86.52687
2,4,700.0,1-Car,No injury/unknown,ANIMAL/OBJECT IN ROADWAY,39.12353107,-86.57167588
11,3,1900.0,1-Car,No injury/unknown,SPEED TOO FAST FOR WEATHER CONDITIONS,39.123376,-86.582592
4,4,1800.0,2-Car,Non-incapacitating,FAILURE TO YIELD RIGHT OF WAY,39.123248,-86.578192
11,6,1600.0,2-Car,No injury/unknown,FAILURE TO YIELD RIGHT OF WAY,39.123248,-86.578192
5,3,900.0,2-Car,No injury/unknown,OTHER (VEHICLE) - EXPLAIN IN NARRATIVE,39.12269493,-86.57133841
5,6,1100.0,3+ Cars,Non-incapacitating,FAILURE TO YIELD RIGHT OF WAY,39.12240491,-86.61427773
10,6,800.0,2-Car,No injury/unknown,FAILURE TO YIELD RIGHT OF WAY,39.12240491,-86.61426474
11,6,1800.0,2-Car,No injury/unknown,FAILURE TO YIELD RIGHT OF WAY,39.12240491,-86.61426041
1,6,1800.0,1-Car,No injury/unknown,ANIMAL/OBJECT IN ROADWAY,39.122352,-86.5712
2,6,1800.0,2-Car,Non-incapacitating,HEADLIGHT DEFECTIVE OR NOT ON,39.122352,-86.5712
5,4,800.0,2-Car,Non-incapacitating,GLARE,39.122352,-86.5964
2,7,1500.0,2-Car,No injury/unknown,FAILURE TO YIELD RIGHT OF WAY,39.12224,-86.6144
3,2,1200.0,2-Car,Non-incapacitating,FAILURE TO YIELD RIGHT OF WAY,39.12224,-86.6144
4,4,800.0,3+ Cars,No injury/unknown,FAILURE TO YIELD RIGHT OF WAY,39.12224,-86.6144
5,7,2200.0,3+ Cars,No injury/unknown,FAILURE TO YIELD RIGHT OF WAY,39.12224,-86.6144
5,5,1900.0,1-Car,No injury/unknown,CELL PHONE USAGE,39.12224,-86.6144
12,4,700.0,2-Car,Non-incapacitating,FAILURE TO YIELD RIGHT OF WAY,39.12224,-86.6144
2,5,1600.0,2-Car,No injury/unknown,NONE (DRIVER),39.122231,-86.573393
12,4,1000.0,2-Car,No injury/unknown,UNSAFE BACKING,39.122231,-86.573393
1,2,1600.0,2-Car,No injury/unknown,FAILURE TO YIELD RIGHT OF WAY,39.122224,-86.562688
9,1,2000.0,1-Car,No injury/unknown,RAN OFF ROAD RIGHT,39.122224,-86.562688
1,4,1500.0,Moped/Motorcycle,Non-incapacitating,FAILURE TO YIELD RIGHT OF WAY,39.12220683,-86.57140464
3,2,2000.0,2-Car,Non-incapacitating,FAILURE TO YIELD RIGHT OF WAY,39.12220683,-86.57140464
3,5,1600.0,2-Car,Non-incapacitating,DISREGARD SIGNAL/REG SIGN,39.12220683,-86.57140464
5,4,1700.0,2-Car,Non-incapacitating,FAILURE TO YIELD RIGHT OF WAY,39.12220683,-86.57140464
8,6,700.0,1-Car,No injury/unknown,ANIMAL/OBJECT IN ROADWAY,39.12220683,-86.57140464
9,7,300.0,2-Car,No injury/unknown,OVERCORRECTING/OVERSTEERING,39.12220683,-86.57140464
9,6,1800.0,2-Car,No injury/unknown,FOLLOWING TOO CLOSELY,39.12220683,-86.57140464
12,2,1000.0,2-Car,Non-incapacitating,DISREGARD SIGNAL/REG SIGN,39.12220683,-86.57140464
12,6,1800.0,2-Car,No injury/unknown,LANE MARKING OBSCURED,39.12218,-86.56260866
1,3,500.0,2-Car,No injury/unknown,OTHER (DRIVER) - EXPLAIN IN NARRATIVE,39.1218974,-86.57080413
2,4,800.0,2-Car,No injury/unknown,ROADWAY SURFACE CONDITION,39.121808,-86.498784
11,4,1100.0,2-Car,No injury/unknown,FAILURE TO YIELD RIGHT OF WAY,39.121808,-86.498784
9,7,300.0,Moped/Motorcycle,Non-incapacitating,RAN OFF ROAD RIGHT,39.1218,-86.54793
2,7,1600.0,2-Car,No injury/unknown,OTHER (DRIVER) - EXPLAIN IN NARRATIVE,39.121648,-86.539088
12,4,2200.0,1-Car,No injury/unknown,SPEED TOO FAST FOR WEATHER CONDITIONS,39.121648,-86.539088
2,4,700.0,1-Car,Non-incapacitating,SPEED TOO FAST FOR WEATHER CONDITIONS,39.12159989,-86.53137803
3,6,1700.0,2-Car,No injury/unknown,DRIVER DISTRACTED - EXPLAIN IN NARRATIVE,39.12158151,-86.53803368
11,4,700.0,Pedestrian,Incapacitating,PEDESTRIAN ACTION,39.12156724,-86.53768156
4,2,900.0,2-Car,No injury/unknown,FOLLOWING TOO CLOSELY,39.121552,-86.531296
7,6,2200.0,2-Car,No injury/unknown,OTHER (DRIVER) - EXPLAIN IN NARRATIVE,39.121552,-86.531296
12,1,2000.0,1-Car,No injury/unknown,RAN OFF ROAD RIGHT,39.121552,-86.531296
2,5,1900.0,1-Car,No injury/unknown,ANIMAL/OBJECT IN ROADWAY,39.12152,-86.51792
2,6,800.0,2-Car,No injury/unknown,FOLLOWING TOO CLOSELY,39.12152,-86.51792
4,6,1600.0,Moped/Motorcycle,Non-incapacitating,OTHER (DRIVER) - EXPLAIN IN NARRATIVE,39.12152,-86.51792
9,6,1500.0,2-Car,No injury/unknown,,39.12148,-86.535479
2,2,1600.0,1-Car,No injury/unknown,BRAKE FAILURE OR DEFECTIVE,39.12145892,-86.53543686
7,6,2200.0,2-Car,Non-incapacitating,DRIVER DISTRACTED - EXPLAIN IN NARRATIVE,39.12145892,-86.53543686
1,3,2000.0,2-Car,No injury/unknown,ROADWAY SURFACE CONDITION,39.12144,-86.526496
2,4,1400.0,2-Car,No injury/unknown,OTHER (DRIVER) - EXPLAIN IN NARRATIVE,39.12144,-86.526496
3,5,1400.0,2-Car,No injury/unknown,FOLLOWING TOO CLOSELY,39.12144,-86.526496
4,7,800.0,2-Car,Non-incapacitating,DISREGARD SIGNAL/REG SIGN,39.12144,-86.526496
4,3,1800.0,2-Car,No injury/unknown,FOLLOWING TOO CLOSELY,39.12144,-86.52663