Month,Day,Hour,Collision Type,Injury Type,Primary Factor,Latitude,Longitude
5,2,1700.0,2-Car,Non-incapacitating,FOLLOWING TOO CLOSELY,39.12144,-86.51158
7,2,1500.0,3+ Cars,No injury/unknown,DRIVER DISTRACTED - EXPLAIN IN NARRATIVE,39.12144,-86.526496
7,6,2100.0,2-Car,No injury/unknown,FAILURE TO YIELD RIGHT OF WAY,39.12144,-86.526496
8,7,1400.0,2-Car,No injury/unknown,OTHER (DRIVER) - EXPLAIN IN NARRATIVE,39.12144,-86.526496
8,2,1700.0,2-Car,No injury/unknown,FAILURE TO YIELD RIGHT OF WAY,39.12144,-86.526496
8,3,1400.0,2-Car,No injury/unknown,FAILURE TO YIELD RIGHT OF WAY,39.12144,-86.52663
9,3,700.0,2-Car,No injury/unknown,FAILURE TO YIELD RIGHT OF WAY,39.12144,-86.526496
10,2,2300.0,2-Car,No injury/unknown,DISREGARD SIGNAL/REG SIGN,39.12144,-86.526496
12,6,1600.0,2-Car,No injury/unknown,FOLLOWING TOO CLOSELY,39.12144,-86.526496
4,3,1400.0,2-Car,Non-incapacitating,FOLLOWING TOO CLOSELY,39.12142,-86.53135
5,5,1700.0,3+ Cars,No injury/unknown,DRIVER DISTRACTED - EXPLAIN IN NARRATIVE,39.12142,-86.53135
7,5,2200.0,2-Car,No injury/unknown,FAILURE TO YIELD RIGHT OF WAY,39.12142,-86.53135
11,4,2000.0,3+ Cars,Non-incapacitating,FAILURE TO YIELD RIGHT OF WAY,39.12142,-86.53135
10,1,2000.0,2-Car,No injury/unknown,ACCELERATOR FAILURE OR DEFECTIVE,39.121122,-86.531339
10,1,1800.0,2-Car,No injury/unknown,UNSAFE BACKING,39.121122,-86.531339
3,5,800.0,Bus,No injury/unknown,OTHER (DRIVER) - EXPLAIN IN NARRATIVE,39.12106,-86.54708596
11,5,700.0,1-Car,No injury/unknown,ROADWAY SURFACE CONDITION,39.12073915,-86.42329198
6,3,2200.0,2-Car,Non-incapacitating,FOLLOWING TOO CLOSELY,39.119344,-86.618896
4,7,1100.0,2-Car,No injury/unknown,OTHER (DRIVER) - EXPLAIN IN NARRATIVE,39.11919422,-86.55386
2,7,300.0,3+ Cars,No injury/unknown,FAILURE TO YIELD RIGHT OF WAY,39.11890193,-86.51263769
6,2,1500.0,2-Car,Non-incapacitating,FAILURE TO YIELD RIGHT OF WAY,39.11838298,-86.62061456
1,1,1800.0,1-Car,No injury/unknown,ANIMAL/OBJECT IN ROADWAY,39.11832992,-86.56769774
7,2,1900.0,1-Car,No injury/unknown,UNSAFE SPEED,39.11811834,-86.58254
10,6,1100.0,2-Car,No injury/unknown,UNSAFE BACKING,39.1179298,-86.53126269
4,5,1900.0,3+ Cars,No injury/unknown,OTHER (DRIVER) - EXPLAIN IN NARRATIVE,39.11774229,-86.62176025
2,3,0.0,1-Car,No injury/unknown,RAN OFF ROAD RIGHT,39.117648,-86.567104
11,7,300.0,1-Car,No injury/unknown,ANIMAL/OBJECT IN ROADWAY,39.11755967,-86.566998
10,1,1500.0,Moped/Motorcycle,Non-incapacitating,ROADWAY SURFACE CONDITION,39.11746709,-86.43136527
12,7,1200.0,2-Car,Non-incapacitating,FOLLOWING TOO CLOSELY,39.11694764,-86.62318118
1,5,700.0,2-Car,No injury/unknown,ROADWAY SURFACE CONDITION,39.11664474,-86.5659002
8,7,400.0,Moped/Motorcycle,Non-incapacitating,ANIMAL/OBJECT IN ROADWAY,39.11664474,-86.5659002
6,6,1500.0,1-Car,Non-incapacitating,RAN OFF ROAD RIGHT,39.11623853,-86.52248
6,5,2000.0,1-Car,No injury/unknown,ANIMAL/OBJECT IN ROADWAY,39.11595373,-86.56507293
10,4,1800.0,2-Car,Incapacitating,LEFT OF CENTER,39.11584744,-86.50865
5,5,1600.0,2-Car,No injury/unknown,SPEED TOO FAST FOR WEATHER CONDITIONS,39.11562811,-86.57320781
8,3,800.0,1-Car,No injury/unknown,OTHER (DRIVER) - EXPLAIN IN NARRATIVE,39.11525711,-86.56526674
12,5,100.0,1-Car,No injury/unknown,RAN OFF ROAD RIGHT,39.11503,-86.4711
2,2,1700.0,1-Car,No injury/unknown,DRIVER DISTRACTED - EXPLAIN IN NARRATIVE,39.11500139,-86.62746724
12,2,2000.0,1-Car,No injury/unknown,ROADWAY SURFACE CONDITION,39.11497753,-86.56383375
6,2,2100.0,2-Car,No injury/unknown,FOLLOWING TOO CLOSELY,39.11474277,-86.54114609
4,2,1500.0,Cyclist,No injury/unknown,OTHER (DRIVER) - EXPLAIN IN NARRATIVE,39.11467333,-86.53974196
2,4,900.0,2-Car,No injury/unknown,OTHER (DRIVER) - EXPLAIN IN NARRATIVE,39.11464,-86.539392
7,5,1100.0,2-Car,No injury/unknown,OTHER (DRIVER) - EXPLAIN IN NARRATIVE,39.11462147,-86.5054
11,3,1500.0,2-Car,No injury/unknown,FAILURE TO YIELD RIGHT OF WAY,39.114606,-86.545574
11,7,300.0,1-Car,No injury/unknown,ANIMAL/OBJECT IN ROADWAY,39.11459454,-86.56332826
7,6,1700.0,2-Car,No injury/unknown,FAILURE TO YIELD RIGHT OF WAY,39.11431572,-86.63248973
10,1,1500.0,1-Car,No injury/unknown,ROADWAY SURFACE CONDITION,39.11407221,-86.43017343
1,4,1500.0,2-Car,Non-incapacitating,OTHER (DRIVER) - EXPLAIN IN NARRATIVE,39.11274605,-86.63555756
7,7,1200.0,Moped/Motorcycle,Non-incapacitating,RAN OFF ROAD RIGHT,39.11218694,-86.43136527
12,1,1600.0,1-Car,No injury/unknown,RAN OFF ROAD RIGHT,39.11155226,-86.5732966
6,6,2200.0,2-Car,No injury/unknown,FOLLOWING TOO CLOSELY,39.11108,-86.6382
9,3,700.0,2-Car,Non-incapacitating,FOLLOWING TOO CLOSELY,39.11108,-86.6382
5,5,1800.0,2-Car,Non-incapacitating,FAILURE TO YIELD RIGHT OF WAY,39.11105313,-86.63807627
12,2,800.0,1-Car,No injury/unknown,IMPROPER TURNING,39.11105313,-86.6381629
1,2,2100.0,2-Car,Non-incapacitating,ALCOHOLIC BEVERAGES,39.111024,-86.638304
4,5,2000.0,3+ Cars,No injury/unknown,FAILURE TO YIELD RIGHT OF WAY,39.111024,-86.638304
6,4,1200.0,2-Car,No injury/unknown,FAILURE TO YIELD RIGHT OF WAY,39.111024,-86.638304
8,6,1600.0,2-Car,Non-incapacitating,FAILURE TO YIELD RIGHT OF WAY,39.111024,-86.638304
12,5,700.0,3+ Cars,No injury/unknown,DRIVER DISTRACTED - EXPLAIN IN NARRATIVE,39.111024,-86.638304
2,2,1300.0,1-Car,No injury/unknown,SPEED TOO FAST FOR WEATHER CONDITIONS,39.11090296,-86.5046532
7,2,1600.0,2-Car,No injury/unknown,FOLLOWING TOO CLOSELY,39.11068027,-86.638854
3,2,1800.0,2-Car,No injury/unknown,ROADWAY SURFACE CONDITION,39.11045982,-86.51788327
6,2,1100.0,3+ Cars,Incapacitating,FOLLOWING TOO CLOSELY,39.11000843,-86.53115273
4,1,1300.0,1-Car,No injury/unknown,STEERING FAILURE,39.10896,-86.66950833
4,6,200.0,1-Car,Incapacitating,RAN OFF ROAD RIGHT,39.108848,-86.6384
3,3,1500.0,2-Car,No injury/unknown,LEFT OF CENTER,39.10838522,-86.67147594
2,2,800.0,1-Car,Non-incapacitating,OTHER (DRIVER) - EXPLAIN IN NARRATIVE,39.10824,-86.666192
7,5,1400.0,1-Car,Non-incapacitating,RAN OFF ROAD RIGHT,39.108032,-86.575552
4,6,700.0,1-Car,No injury/unknown,UNSAFE SPEED,39.107904,-86.462368
5,6,500.0,1-Car,No injury/unknown,ANIMAL/OBJECT IN ROADWAY,39.107552,-86.549792
6,6,0.0,1-Car,No injury/unknown,UNSAFE SPEED,39.107456,-86.540064
12,6,1400.0,2-Car,No injury/unknown,ROADWAY SURFACE CONDITION,39.107456,-86.540064
11,7,2100.0,1-Car,No injury/unknown,ANIMAL/OBJECT IN ROADWAY,39.10743375,-86.55367188
3,6,1800.0,Moped/Motorcycle,Non-incapacitating,FAILURE TO YIELD RIGHT OF WAY,39.107344,-86.5264
12,3,1400.0,2-Car,Non-incapacitating,FAILURE TO YIELD RIGHT OF WAY,39.107344,-86.5264
5,6,1800.0,2-Car,No injury/unknown,UNSAFE BACKING,39.10732129,-86.50779
2,5,1600.0,2-Car,No injury/unknown,FAILURE TO YIELD RIGHT OF WAY,39.10728287,-86.53145486
6,7,1800.0,2-Car,Non-incapacitating,FAILURE TO YIELD RIGHT OF WAY,39.10726,-86.53149
8,6,1300.0,2-Car,No injury/unknown,FOLLOWING TOO CLOSELY,39.10726,-86.53149
9,7,1700.0,2-Car,No injury/unknown,UNSAFE BACKING,39.107248,-86.531392
6,6,1700.0,2-Car,No injury/unknown,FOLLOWING TOO CLOSELY,39.10716,-86.52651
10,3,1700.0,Moped/Motorcycle,Incapacitating,FOLLOWING TOO CLOSELY,39.10716,-86.52651
4,5,1600.0,2-Car,No injury/unknown,ROADWAY SURFACE CONDITION,39.10704,-86.523488
4,6,1800.0,2-Car,No injury/unknown,DRIVER DISTRACTED - EXPLAIN IN NARRATIVE,39.10704,-86.523488
11,5,1200.0,2-Car,Non-incapacitating,SPEED TOO FAST FOR WEATHER CONDITIONS,39.10704,-86.523488
2,7,500.0,1-Car,No injury/unknown,ANIMAL/OBJECT IN ROADWAY,39.10696332,-86.5530299
5,6,1900.0,1-Car,No injury/unknown,UNSAFE BACKING,39.106848,-86.531568
5,7,1700.0,2-Car,No injury/unknown,OTHER (DRIVER) - EXPLAIN IN NARRATIVE,39.106659,-86.550268
12,4,400.0,2-Car,No injury/unknown,UNSAFE BACKING,39.106659,-86.550268
1,4,1100.0,2-Car,Non-incapacitating,DRIVER ASLEEP OR FATIGUED,39.1060873,-86.55179501
7,4,100.0,1-Car,No injury/unknown,DRIVER DISTRACTED - EXPLAIN IN NARRATIVE,39.10594138,-86.55021
6,7,1900.0,2-Car,Non-incapacitating,FOLLOWING TOO CLOSELY,39.10575184,-86.43053908
1,5,1600.0,2-Car,No injury/unknown,DISREGARD SIGNAL/REG SIGN,39.105552,-86.551104
2,2,1900.0,2-Car,No injury/unknown,DISREGARD SIGNAL/REG SIGN,39.105552,-86.551104
5,2,1600.0,2-Car,Non-incapacitating,DISREGARD SIGNAL/REG SIGN,39.105552,-86.551104
6,7,1000.0,2-Car,Incapacitating,DISREGARD SIGNAL/REG SIGN,39.105552,-86.551104
6,3,1400.0,2-Car,No injury/unknown,DISREGARD SIGNAL/REG SIGN,39.105552,-86.551104
8,7,800.0,2-Car,No injury/unknown,DRIVER DISTRACTED - EXPLAIN IN NARRATIVE,39.105552,-86.551104
8,4,1500.0,2-Car,Non-incapacitating,DISREGARD SIGNAL/REG SIGN,39.105552,-86.551104
9,6,700.0,2-Car,Incapacitating,FAILURE TO YIELD RIGHT OF WAY,39.105552,-86.551104
10,4,900.0,2-Car,Non-incapacitating,UNSAFE SPEED,39.105552,-86.551104
12,7,2200.0,2-Car,Non-incapacitating,FAILURE TO YIELD RIGHT OF WAY,39.105552,-86.551104
12,3,1600.0,2-Car,No injury/unknown,DRIVER DISTRACTED - EXPLAIN IN NARRATIVE,39.105552,-86.551104
8,3,1200.0,2-Car,No injury/unknown,UNSAFE BACKING,39.10555134,-86.47715
1,5,700.0,2-Car,No injury/unknown,SPEED TOO FAST FOR WEATHER CONDITIONS,39.10441906,-86.55010785
1,6,1600.0,2-Car,No injury/unknown,FOLLOWING TOO CLOSELY,39.10408634,-86.64816679
5,3,700.0,1-Car,Non-incapacitating,DRIVER ILLNESS,39.10395597,-86.55497074
12,7,100.0,Pedestrian,Fatal,OTHER (DRIVER) - EXPLAIN IN NARRATIVE,39.10273157,-86.57699859
8,4,300.0,1-Car,Non-incapacitating,RAN OFF ROAD RIGHT,39.1003,-86.49090974
11,7,1800.0,2-Car,No injury/unknown,SPEED TOO FAST FOR WEATHER CONDITIONS,39.10024487,-86.65093271
3,5,700.0,1-Car,No injury/unknown,ANIMAL/OBJECT IN ROADWAY,39.10005311,-86.65130419
7,5,1900.0,1-Car,No injury/unknown,RAN OFF ROAD RIGHT,39.10005311,-86.65130419
6,4,1700.0,2-Car,No injury/unknown,OTHER (DRIVER) - EXPLAIN IN NARRATIVE,39.09991,-86.51785
1,6,1200.0,1-Car,No injury/unknown,ROADWAY SURFACE CONDITION,39.09984,-86.5176
9,4,1800.0,2-Car,No injury/unknown,DRIVER DISTRACTED - EXPLAIN IN NARRATIVE,39.09984,-86.5176
10,6,2200.0,Pedestrian,Non-incapacitating,PEDESTRIAN ACTION,39.099792,-86.498448
1,5,700.0,1-Car,No injury/unknown,ROADWAY SURFACE CONDITION,39.09978122,-86.54720088
1,5,700.0,1-Car,Non-incapacitating,ROADWAY SURFACE CONDITION,39.09978122,-86.54720088
10,3,700.0,3+ Cars,No injury/unknown,SPEED TOO FAST FOR WEATHER CONDITIONS,39.0996433,-86.42517712
2,2,900.0,1-Car,No injury/unknown,SPEED TOO FAST FOR WEATHER CONDITIONS,39.09951918,-86.54709526
4,3,1500.0,2-Car,No injury/unknown,OTHER (DRIVER) - EXPLAIN IN NARRATIVE,39.099408,-86.537904
12,7,1900.0,1-Car,No injury/unknown,RAN OFF ROAD RIGHT,39.099408,-86.537904
1,4,800.0,2-Car,Incapacitating,FOLLOWING TOO CLOSELY,39.09890013,-86.65235792
3,3,800.0,2-Car,No injury/unknown,FOLLOWING TOO CLOSELY,39.09834588,-86.57687
12,7,0.0,2-Car,Non-incapacitating,ROADWAY SURFACE CONDITION,39.09834588,-86.57687
1,3,900.0,3+ Cars,No injury/unknown,FOLLOWING TOO CLOSELY,39.09791987,-86.65502648
5,5,1700.0,1-Car,Non-incapacitating,RAN OFF ROAD RIGHT,39.09791987,-86.65502648
9,5,800.0,2-Car,No injury/unknown,LEFT OF CENTER,39.09711093,-86.64364
12,7,1000.0,1-Car,No injury/unknown,SPEED TOO FAST FOR WEATHER CONDITIONS,39.09706786,-86.62076
12,4,700.0,2-Car,No injury/unknown,UNSAFE SPEED,39.09660107,-86.52651
2,7,600.0,1-Car,No injury/unknown,ROADWAY SURFACE CONDITION,39.09571236,-86.54595204
10,3,2000.0,1-Car,No injury/unknown,RAN OFF ROAD RIGHT,39.09571236,-86.54595204
6,3,600.0,1-Car,No injury/unknown,RAN OFF ROAD RIGHT,39.095445,-86.542624
3,3,900.0,2-Car,Non-incapacitating,OTHER (DRIVER) - EXPLAIN IN NARRATIVE,39.09532657,-86.65881744
11,2,1800.0,2-Car,No injury/unknown,IMPROPER LANE USAGE,39.09466068,-86.51719798
4,1,1300.0,Cyclist,Non-incapacitating,FAILURE TO YIELD RIGHT OF WAY,39.09464,-86.516896
9,5,800.0,2-Car,Non-incapacitating,OTHER (ENVIRONMENTAL) - EXPLAIN IN NARR,39.09432,-86.55907866
12,3,2300.0,2-Car,Incapacitating,LEFT OF CENTER,39.09401398,-86.6383688
9,1,700.0,1-Car,No injury/unknown,OTHER (ENVIRONMENTAL) - EXPLAIN IN NARR,39.093744,-86.638304
11,3,1400.0,2-Car,Incapacitating,LEFT OF CENTER,39.09358585,-86.661148
10,1,1700.0,2-Car,Non-incapacitating,LEFT OF CENTER,39.09344,-86.61231
8,7,1300.0,1-Car,No injury/unknown,SPEED TOO FAST FOR WEATHER CONDITIONS,39.093088,-86.559312
4,3,1100.0,2-Car,Non-incapacitating,FAILURE TO YIELD RIGHT OF WAY,39.092976,-86.545648
5,1,1300.0,2-Car,Non-incapacitating,FAILURE TO YIELD RIGHT OF WAY,39.092976,-86.545648
6,4,1200.0,2-Car,Non-incapacitating,FAILURE TO YIELD RIGHT OF WAY,39.092976,-86.545648
6,2,1300.0,2-Car,No injury/unknown,FAILURE TO YIELD RIGHT OF WAY,39.092976,-86.545648
7,7,1300.0,3+ Cars,Non-incapacitating,FAILURE TO YIELD RIGHT OF WAY,39.092976,-86.545648
7,4,1500.0,2-Car,No injury/unknown,FAILURE TO YIELD RIGHT OF WAY,39.092976,-86.545648
8,2,1700.0,2-Car,No injury/unknown,FAILURE TO YIELD RIGHT OF WAY,39.092976,-86.545648
9,6,1000.0,2-Car,Non-incapacitating,FAILURE TO YIELD RIGHT OF WAY,39.092976,-86.545648
9,1,1300.0,2-Car,Non-incapacitating,FAILURE TO YIELD RIGHT OF WAY,39.092976,-86.545648
10,4,1500.0,2-Car,Non-incapacitating,FAILURE TO YIELD RIGHT OF WAY,39.092976,-86.545648
10,3,1600.0,2-Car,Non-incapacitating,FAILURE TO YIELD RIGHT OF WAY,39.092976,-86.545648
12,1,1300.0,2-Car,No injury/unknown,FAILURE TO YIELD RIGHT OF WAY,39.092976,-86.545648
6,1,1000.0,2-Car,Non-incapacitating,DISREGARD SIGNAL/REG SIGN,39.09296,-86.54416
7,5,1400.0,2-Car,No injury/unknown,FAILURE TO YIELD RIGHT OF WAY,39.09296,-86.54416
2,6,1400.0,2-Car,No injury/unknown,FAILURE TO YIELD RIGHT OF WAY,39.092944,-86.544
4,5,1500.0,2-Car,No injury/unknown,FAILURE TO YIELD RIGHT OF WAY,39.092944,-86.544
7,2,1300.0,2-Car,Non-incapacitating,FAILURE TO YIELD RIGHT OF WAY,39.092944,-86.544
8,2,1200.0,2-Car,No injury/unknown,FAILURE TO YIELD RIGHT OF WAY,39.092944,-86.544
10,7,1000.0,3+ Cars,No injury/unknown,FAILURE TO YIELD RIGHT OF WAY,39.092944,-86.544
12,2,100.0,1-Car,No injury/unknown,ANIMAL/OBJECT IN ROADWAY,39.092944,-86.544
2,7,400.0,1-Car,No injury/unknown,RAN OFF ROAD RIGHT,39.0928,-86.52710539
12,6,1700.0,1-Car,No injury/unknown,RAN OFF ROAD RIGHT,39.09264,-86.51672
9,3,1500.0,2-Car,No injury/unknown,OTHER (ENVIRONMENTAL) - EXPLAIN IN NARR,39.09261,-86.51702
11,7,2100.0,1-Car,No injury/unknown,SPEED TOO FAST FOR WEATHER CONDITIONS,39.09260215,-86.57509
1,1,100.0,1-Car,No injury/unknown,ANIMAL/OBJECT IN ROADWAY,39.09242863,-86.54558859
10,2,500.0,2-Car,Non-incapacitating,DRIVER DISTRACTED - EXPLAIN IN NARRATIVE,39.09207433,-86.54438674
1,5,800.0,2-Car,No injury/unknown,FAILURE TO YIELD RIGHT OF WAY,39.09174861,-86.49774
5,4,800.0,2-Car,No injury/unknown,OTHER LIGHTS DEFECTIVE,39.09171295,-86.66372607
2,2,700.0,1-Car,No injury/unknown,RAN OFF ROAD RIGHT,39.09147022,-86.56184974
10,4,1700.0,2-Car,No injury/unknown,FOLLOWING TOO CLOSELY,39.09133837,-86.66424167
11,2,1600.0,2-Car,No injury/unknown,DRIVER DISTRACTED - EXPLAIN IN NARRATIVE,39.09040189,-86.66553064
1,4,2200.0,1-Car,Non-incapacitating,RAN OFF ROAD RIGHT,39.089226,-86.543479
11,7,1700.0,2-Car,Non-incapacitating,LEFT OF CENTER,39.08922068,-86.66055086
10,4,1700.0,Cyclist,Incapacitating,SPEED TOO FAST FOR WEATHER CONDITIONS,39.089077,-86.42329198
2,6,1900.0,2-Car,No injury/unknown,IMPROPER LANE USAGE,39.08751686,-86.53257501
12,7,600.0,1-Car,Non-incapacitating,SPEED TOO FAST FOR WEATHER CONDITIONS,39.08700763,-86.67100921
12,1,1400.0,2-Car,Incapacitating,ROADWAY SURFACE CONDITION,39.08688641,-86.68174267
3,5,500.0,2-Car,No injury/unknown,FOLLOWING TOO CLOSELY,39.086832,-86.671984
8,5,1200.0,2-Car,No injury/unknown,FOLLOWING TOO CLOSELY,39.086832,-86.671984
8,7,900.0,2-Car,No injury/unknown,FOLLOWING TOO CLOSELY,39.086832,-86.671984
2,2,900.0,1-Car,No injury/unknown,ROADWAY SURFACE CONDITION,39.08682265,-86.67305777
10,6,2300.0,Moped/Motorcycle,Non-incapacitating,ANIMAL/OBJECT IN ROADWAY,39.08680128,-86.67550806
12,6,1900.0,3+ Cars,No injury/unknown,SPEED TOO FAST FOR WEATHER CONDITIONS,39.08680128,-86.67550806
8,7,1400.0,2-Car,No injury/unknown,FOLLOWING TOO CLOSELY,39.08675815,-86.67200899
4,5,2000.0,2-Car,No injury/unknown,DRIVER DISTRACTED - EXPLAIN IN NARRATIVE,39.0866567,-86.68252471
4,6,1000.0,1-Car,Non-incapacitating,OTHER (DRIVER) - EXPLAIN IN NARRATIVE,39.08624,-86.542
11,3,1600.0,2-Car,No injury/unknown,SPEED TOO FAST FOR WEATHER CONDITIONS,39.08624,-86.542
12,1,1000.0,2-Car,Non-incapacitating,ROADWAY SURFACE CONDITION,39.086144,-86.590992
4,2,500.0,1-Car,No injury/unknown,RAN OFF ROAD RIGHT,39.085632,-86.542304
8,7,1800.0,2-Car,No injury/unknown,DRIVER ASLEEP OR FATIGUED,39.085632,-86.542304
10,1,1100.0,2-Car,Non-incapacitating,FOLLOWING TOO CLOSELY,39.085632,-86.542304
4,3,2300.0,1-Car,Non-incapacitating,DRIVER ILLNESS,39.08494684,-86.54171671
12,1,1600.0,2-Car,No injury/unknown,ROADWAY SURFACE CONDITION,39.08453948,-86.6664588
4,5,1500.0,2-Car,No injury/unknown,IMPROPER TURNING,39.08395464,-86.58308
12,7,900.0,2-Car,No injury/unknown,SPEED TOO FAST FOR WEATHER CONDITIONS,39.08372473,-86.54067222
9,3,1900.0,2-Car,No injury/unknown,FOLLOWING TOO CLOSELY,39.08313644,-86.53111
5,7,1500.0,1-Car,Non-incapacitating,ALCOHOLIC BEVERAGES,39.083024,-86.472912
9,2,1600.0,1-Car,No injury/unknown,RAN OFF ROAD RIGHT,39.083024,-86.472912
2,1,100.0,1-Car,No injury/unknown,RAN OFF ROAD RIGHT,39.08297,-86.47282353
1,2,1800.0,2-Car,Non-incapacitating,FOLLOWING TOO CLOSELY,39.08281,-86.51598
6,6,2200.0,1-Car,Non-incapacitating,UNSAFE SPEED,39.08254049,-86.51563165
11,5,1600.0,1-Car,No injury/unknown,RAN OFF ROAD RIGHT,39.080346,-86.51523
7,5,1700.0,1-Car,Non-incapacitating,SPEED TOO FAST FOR WEATHER CONDITIONS,39.07994707,-86.676
2,6,1700.0,1-Car,No injury/unknown,SPEED TOO FAST FOR WEATHER CONDITIONS,39.079248,-86.6304
6,3,1100.0,2-Car,No injury/unknown,LEFT OF CENTER,39.07904,-86.594
3,1,0.0,1-Car,No injury/unknown,RAN OFF ROAD RIGHT,39.07885,-86.59419732
1,2,1600.0,1-Car,No injury/unknown,ALCOHOLIC BEVERAGES,39.07882,-86.5965034
9,7,1700.0,1-Car,No injury/unknown,RAN OFF ROAD RIGHT,39.078486,-86.596798
6,7,2000.0,Moped/Motorcycle,Incapacitating,ANIMAL/OBJECT IN ROADWAY,39.07845328,-86.41744871
4,5,600.0,2-Car,No injury/unknown,SPEED TOO FAST FOR WEATHER CONDITIONS,39.07818173,-86.41737465
5,7,300.0,1-Car,Non-incapacitating,ANIMAL/OBJECT IN ROADWAY,39.07700117,-86.62837319
3,3,0.0,1-Car,No injury/unknown,RAN OFF ROAD RIGHT,39.07567,-86.50787651
9,2,1600.0,2-Car,No injury/unknown,FAILURE TO YIELD RIGHT OF WAY,39.07439,-86.50583
2,3,600.0,1-Car,No injury/unknown,ANIMAL/OBJECT IN ROADWAY,39.0737952,-86.53585859
6,6,1500.0,2-Car,No injury/unknown,ROADWAY SURFACE CONDITION,39.07378,-86.57107
7,4,500.0,1-Car,Non-incapacitating,RAN OFF ROAD RIGHT,39.073088,-86.461184
8,4,2300.0,2-Car,No injury/unknown,LEFT OF CENTER,39.073088,-86.461184
1,6,1200.0,1-Car,No injury/unknown,RAN OFF ROAD RIGHT,39.07224,-86.591696
12,7,200.0,1-Car,No injury/unknown,ROADWAY SURFACE CONDITION,39.0717408,-86.53566465
8,7,1300.0,1-Car,No injury/unknown,RAN OFF ROAD RIGHT,39.07148644,-86.57509
9,1,1700.0,Moped/Motorcycle,Non-incapacitating,RAN OFF ROAD RIGHT,39.071344,-86.5252
9,7,1500.0,1-Car,No injury/unknown,ROADWAY SURFACE CONDITION,39.07117013,-86.49572549
4,1,1100.0,2-Car,No injury/unknown,FAILURE TO YIELD RIGHT OF WAY,39.071152,-86.503088
7,6,1600.0,2-Car,No injury/unknown,UNSAFE BACKING,39.07115,-86.54461309
9,1,1300.0,2-Car,No injury/unknown,FOLLOWING TOO CLOSELY,39.07115,-86.50319
4,5,1600.0,2-Car,Non-incapacitating,FAILURE TO YIELD RIGHT OF WAY,39.071056,-86.5356
7,7,100.0,1-Car,Non-incapacitating,RAN OFF ROAD RIGHT,39.07093943,-86.53639763
5,6,2100.0,1-Car,No injury/unknown,ANIMAL/OBJECT IN ROADWAY,39.07091868,-86.53560176
8,7,700.0,1-Car,No injury/unknown,LEFT OF CENTER,39.07042664,-86.51104
1,4,900.0,Bus,No injury/unknown,FAILURE TO YIELD RIGHT OF WAY,39.06845303,-86.50766269
12,1,1800.0,2-Car,No injury/unknown,IMPROPER TURNING,39.06838,-86.503139
12,4,600.0,1-Car,No injury/unknown,ANIMAL/OBJECT IN ROADWAY,39.06830953,-86.5356351
10,5,1100.0,2-Car,No injury/unknown,FOLLOWING TOO CLOSELY,39.06663341,-86.57687
8,7,1500.0,1-Car,No injury/unknown,UNSAFE SPEED,39.065523,-86.56485
12,2,1000.0,1-Car,No injury/unknown,OTHER (ENVIRONMENTAL) - EXPLAIN IN NARR,39.06415889,-86.67278894
11,3,700.0,1-Car,Non-incapacitating,LEFT OF CENTER,39.06400761,-86.60370816
10,7,200.0,1-Car,Non-incapacitating,UNSAFE SPEED,39.0639995,-86.49859
6,1,100.0,Moped/Motorcycle,Incapacitating,OVERCORRECTING/OVERSTEERING,39.06135722,-86.49845028
1,6,400.0,1-Car,Incapacitating,RAN OFF ROAD RIGHT,39.05993196,-86.65165454
12,6,1800.0,1-Car,No injury/unknown,RAN OFF ROAD RIGHT,39.05915762,-86.60518406
1,5,1100.0,1-Car,No injury/unknown,RAN OFF ROAD RIGHT,39.05902087,-86.59520785
3,5,1700.0,2-Car,No injury/unknown,FAILURE TO YIELD RIGHT OF WAY,39.05885398,-86.57913641
1,4,2200.0,1-Car,No injury/unknown,OVERCORRECTING/OVERSTEERING,39.0586107,-86.498432
4,1,0.0,1-Car,No injury/unknown,RAN OFF ROAD RIGHT,39.05636256,-86.40909802
8,4,1600.0,2-Car,No injury/unknown,OVERCORRECTING/OVERSTEERING,39.05533669,-86.40859877
11,2,700.0,2-Car,Non-incapacitating,FAILURE TO YIELD RIGHT OF WAY,39.05481,-86.50794
8,5,500.0,1-Car,Non-incapacitating,RAN OFF ROAD RIGHT,39.05455581,-86.60612295
7,2,800.0,1-Car,No injury/unknown,UNSAFE SPEED,39.05385,-86.60649
12,6,2300.0,1-Car,No injury/unknown,ROADWAY SURFACE CONDITION,39.053744,-86.606304
8,4,500.0,1-Car,No injury/unknown,RAN OFF ROAD RIGHT,39.05369468,-86.40773567
12,1,400.0,1-Car,No injury/unknown,SPEED TOO FAST FOR WEATHER CONDITIONS,39.05321086,-86.64721
3,5,600.0,1-Car,No injury/unknown,TIRE FAILURE OR DEFECTIVE,39.05257843,-86.60723543
10,7,300.0,1-Car,Non-incapacitating,RAN OFF ROAD RIGHT,39.05232151,-86.61140222
9,3,700.0,1-Car,No injury/unknown,UNSAFE SPEED,39.05024,-86.609104
1,6,0.0,1-Car,No injury/unknown,ANIMAL/OBJECT IN ROADWAY,39.049456,-86.535888
12,4,1400.0,1-Car,Non-incapacitating,UNSAFE SPEED,39.04941,-86.54124501
1,1,200.0,1-Car,Non-incapacitating,RAN OFF ROAD RIGHT,39.04934,-86.51108326
4,7,2200.0,1-Car,Non-incapacitating,ROADWAY SURFACE CONDITION,39.04890383,-86.510741