Month,Day,Hour,Collision Type,Injury Type,Primary Factor,Latitude,Longitude
12,1,1800.0,1-Car,No injury/unknown,ANIMAL/OBJECT IN ROADWAY,39.04725874,-86.53587154
4,6,2200.0,1-Car,Incapacitating,OVERCORRECTING/OVERSTEERING,39.04712512,-86.51785
2,7,0.0,1-Car,No injury/unknown,RAN OFF ROAD RIGHT,39.04688424,-86.49055
9,5,600.0,1-Car,No injury/unknown,ANIMAL/OBJECT IN ROADWAY,39.04670943,-86.53586743
6,2,300.0,1-Car,No injury/unknown,RAN OFF ROAD RIGHT,39.04583,-86.49037702
5,5,1500.0,2-Car,No injury/unknown,LEFT OF CENTER,39.04485898,-86.4081609
3,6,1500.0,1-Car,No injury/unknown,ROADWAY SURFACE CONDITION,39.04406099,-86.66611924
5,5,1700.0,1-Car,Non-incapacitating,ROADWAY SURFACE CONDITION,39.04403837,-86.40723003
7,5,700.0,1-Car,No injury/unknown,ANIMAL/OBJECT IN ROADWAY,39.04396287,-86.53584423
11,5,200.0,1-Car,No injury/unknown,RAN OFF ROAD RIGHT,39.039804,-86.492033
12,1,500.0,1-Car,No injury/unknown,SPEED TOO FAST FOR WEATHER CONDITIONS,39.03690868,-86.6714
5,2,0.0,1-Car,No injury/unknown,RAN OFF ROAD RIGHT,39.03492,-86.51686702
6,5,1400.0,2-Car,Non-incapacitating,VIEW OBSTRUCTED,39.03492,-86.51688
12,2,1500.0,1-Car,No injury/unknown,SPEED TOO FAST FOR WEATHER CONDITIONS,39.03491,-86.510142
8,1,0.0,2-Car,No injury/unknown,OTHER (DRIVER) - EXPLAIN IN NARRATIVE,39.03490677,-86.51014467
1,2,1600.0,1-Car,No injury/unknown,ALCOHOLIC BEVERAGES,39.034704,-86.635552
5,3,700.0,2-Car,No injury/unknown,LEFT OF CENTER,39.03442182,-86.63588432
8,2,200.0,Pedestrian,Non-incapacitating,OTHER (DRIVER) - EXPLAIN IN NARRATIVE,39.03383332,-86.52417
2,3,300.0,1-Car,No injury/unknown,ANIMAL/OBJECT IN ROADWAY,39.032544,-86.541696
6,4,1700.0,2-Car,Non-incapacitating,FAILURE TO YIELD RIGHT OF WAY,39.03248,-86.49009
3,1,300.0,1-Car,No injury/unknown,OTHER (DRIVER) - EXPLAIN IN NARRATIVE,39.03245814,-86.48995923
12,6,1800.0,1-Car,No injury/unknown,SPEED TOO FAST FOR WEATHER CONDITIONS,39.03052845,-86.53635211
7,6,1700.0,2-Car,No injury/unknown,IMPROPER TURNING,39.029324,-86.489529
4,4,1700.0,1-Car,Fatal,UNSAFE SPEED,39.02920697,-86.408064
2,6,1300.0,2-Car,Non-incapacitating,FOLLOWING TOO CLOSELY,39.02631368,-86.53144
6,6,1900.0,1-Car,Non-incapacitating,DRIVER DISTRACTED - EXPLAIN IN NARRATIVE,39.02601386,-86.50598507
4,1,1900.0,Moped/Motorcycle,Non-incapacitating,UNSAFE SPEED,39.02476833,-86.40534639
2,2,1400.0,1-Car,No injury/unknown,OVERCORRECTING/OVERSTEERING,39.02410387,-86.53519208
9,1,1300.0,1-Car,Non-incapacitating,UNSAFE SPEED,39.023472,-86.405296
3,7,600.0,1-Car,No injury/unknown,ANIMAL/OBJECT IN ROADWAY,39.02291785,-86.50779
12,4,800.0,1-Car,No injury/unknown,ROADWAY SURFACE CONDITION,39.02254389,-86.55672
10,7,200.0,1-Car,No injury/unknown,RAN OFF ROAD RIGHT,39.02236142,-86.52168857
10,1,300.0,1-Car,No injury/unknown,RAN OFF ROAD RIGHT,39.02207764,-86.53566808
12,6,500.0,1-Car,Non-incapacitating,ROADWAY SURFACE CONDITION,39.02146761,-86.53591633
11,5,2000.0,1-Car,No injury/unknown,ANIMAL/OBJECT IN ROADWAY,39.0208619,-86.53595367
5,7,200.0,1-Car,Fatal,OTHER (DRIVER) - EXPLAIN IN NARRATIVE,39.02062537,-86.52523843
12,7,1900.0,1-Car,Non-incapacitating,SPEED TOO FAST FOR WEATHER CONDITIONS,39.01999305,-86.53635211
11,4,2200.0,1-Car,No injury/unknown,ANIMAL/OBJECT IN ROADWAY,39.01897096,-86.53637182
2,5,1800.0,2-Car,No injury/unknown,FOLLOWING TOO CLOSELY,39.0187093,-86.5609886
9,7,1300.0,1-Car,No injury/unknown,SPEED TOO FAST FOR WEATHER CONDITIONS,39.01734445,-86.41590172
3,6,1200.0,2-Car,No injury/unknown,OVERCORRECTING/OVERSTEERING,39.01707574,-86.56158
2,4,1300.0,2-Car,Incapacitating,LEFT OF CENTER,39.01695121,-86.41849569
11,2,700.0,1-Car,No injury/unknown,ANIMAL/OBJECT IN ROADWAY,39.01657687,-86.57140464
5,7,1700.0,2-Car,No injury/unknown,FAILURE TO YIELD RIGHT OF WAY,39.01369,-86.54098865
5,4,1500.0,1-Car,Non-incapacitating,OVERCORRECTING/OVERSTEERING,39.01358194,-86.42832756
1,7,100.0,2-Car,No injury/unknown,RAN OFF ROAD RIGHT,39.01353,-86.54874
9,4,1800.0,2-Car,No injury/unknown,FAILURE TO YIELD RIGHT OF WAY,39.012048,-86.545088
12,6,900.0,1-Car,Non-incapacitating,RAN OFF ROAD RIGHT,39.01170362,-86.56216825
1,4,1900.0,1-Car,No injury/unknown,ROADWAY SURFACE CONDITION,39.01152283,-86.56292153
3,4,1300.0,1-Car,No injury/unknown,RAN OFF ROAD RIGHT,39.009344,-86.510096
8,2,2100.0,1-Car,No injury/unknown,ANIMAL/OBJECT IN ROADWAY,39.00908905,-86.50947234
12,6,1900.0,2-Car,No injury/unknown,LEFT OF CENTER,39.00870724,-86.51076629
8,4,1100.0,1-Car,No injury/unknown,OTHER (DRIVER) - EXPLAIN IN NARRATIVE,39.008304,-86.507552
1,7,1800.0,1-Car,No injury/unknown,ROADWAY SURFACE CONDITION,39.0080622,-86.50698258
5,2,100.0,1-Car,No injury/unknown,OTHER (DRIVER) - EXPLAIN IN NARRATIVE,39.00764749,-86.50600599
11,7,1700.0,1-Car,No injury/unknown,SPEED TOO FAST FOR WEATHER CONDITIONS,39.00740568,-86.50543658
5,1,1400.0,1-Car,Non-incapacitating,RAN OFF ROAD RIGHT,39.00658404,-86.43136527
1,1,500.0,1-Car,No injury/unknown,OVERCORRECTING/OVERSTEERING,39.00396445,-86.58313339
10,7,400.0,1-Car,No injury/unknown,RAN OFF ROAD RIGHT,39.00335828,-86.58656672
12,2,1500.0,1-Car,Non-incapacitating,ROADWAY SURFACE CONDITION,39.002752,-86.59
9,4,2100.0,1-Car,No injury/unknown,UNSAFE SPEED,39.00140352,-86.60907213
6,5,100.0,1-Car,No injury/unknown,ANIMAL/OBJECT IN ROADWAY,38.99967886,-86.61567809
11,1,1900.0,1-Car,Non-incapacitating,UNSAFE SPEED,38.99866384,-86.50543
8,2,500.0,1-Car,No injury/unknown,ANIMAL/OBJECT IN ROADWAY,38.99338926,-86.53726441
7,5,1900.0,1-Car,Non-incapacitating,UNSAFE SPEED,38.98647004,-86.53686
12,1,2000.0,1-Car,No injury/unknown,SPEED TOO FAST FOR WEATHER CONDITIONS,38.98183521,-86.43645
5,1,1000.0,1-Car,Non-incapacitating,DRIVER ASLEEP OR FATIGUED,38.95699136,-86.49853
3,7,100.0,3+ Cars,No injury/unknown,UNSAFE SPEED,38.9530117,-86.5627
4,1,2100.0,1-Car,No injury/unknown,ANIMAL/OBJECT IN ROADWAY,38.9272419,-86.54174
6,7,1700.0,1-Car,No injury/unknown,UNSAFE BACKING,38.9270923,-86.49009
1,7,1600.0,2-Car,No injury/unknown,NONE (DRIVER),38.92530714,-86.66097
2,4,1700.0,2-Car,No injury/unknown,TIRE FAILURE OR DEFECTIVE,38.90023736,-86.57913641
3,3,1700.0,2-Car,No injury/unknown,FOLLOWING TOO CLOSELY,38.90023736,-86.57913641
2,1,100.0,1-Car,No injury/unknown,RAN OFF ROAD RIGHT,38.89510426,-86.50794
6,6,1600.0,1-Car,No injury/unknown,ANIMAL/OBJECT IN ROADWAY,38.86501944,-86.67457
5,5,1600.0,2-Car,Fatal,OVERCORRECTING/OVERSTEERING,38.83339527,-86.43136527
3,6,1700.0,2-Car,No injury/unknown,UNSAFE BACKING,38.82108393,-86.50541
12,6,1900.0,1-Car,No injury/unknown,RAN OFF ROAD RIGHT,38.81003199,-86.57107
4,4,900.0,Bus,No injury/unknown,LEFT OF CENTER,38.64875534,-86.51688
12,2,1300.0,1-Car,Non-incapacitating,DISREGARD SIGNAL/REG SIGN,38.35408736,-86.58309109
8,1,300.0,2-Car,No injury/unknown,FOLLOWING TOO CLOSELY,39.70627228,-86.5609886
8,5,700.0,1-Car,No injury/unknown,RAN OFF ROAD RIGHT,39.57225631,-86.46258
10,1,2000.0,1-Car,No injury/unknown,OTHER (DRIVER) - EXPLAIN IN NARRATIVE,39.51124656,-86.57123388
12,4,2100.0,1-Car,No injury/unknown,ANIMAL/OBJECT IN ROADWAY,39.44474422,-86.54219875
8,2,1700.0,1-Car,No injury/unknown,DRIVER DISTRACTED - EXPLAIN IN NARRATIVE,39.37634475,-86.59907373
8,7,300.0,1-Car,No injury/unknown,RAN OFF ROAD RIGHT,39.35215128,-86.61336
4,1,0.0,1-Car,No injury/unknown,ANIMAL/OBJECT IN ROADWAY,39.34433063,-86.48756946
4,7,1800.0,2-Car,Non-incapacitating,OTHER (DRIVER) - EXPLAIN IN NARRATIVE,39.339104,-86.540544
10,1,2100.0,1-Car,No injury/unknown,ANIMAL/OBJECT IN ROADWAY,39.33712424,-86.59277
9,3,700.0,1-Car,No injury/unknown,DRIVER ASLEEP OR FATIGUED,39.33425382,-86.51249825
5,2,2300.0,1-Car,No injury/unknown,UNSAFE SPEED,39.33420893,-86.62115646
5,6,1000.0,1-Car,Non-incapacitating,OVERCORRECTING/OVERSTEERING,39.328412,-86.51546925
12,1,1600.0,1-Car,No injury/unknown,RAN OFF ROAD RIGHT,39.32100204,-86.51111253
6,2,400.0,1-Car,No injury/unknown,DRIVER ASLEEP OR FATIGUED,39.31968099,-86.51067443
7,2,1300.0,2-Car,No injury/unknown,FAILURE TO YIELD RIGHT OF WAY,39.31940745,-86.583111
12,1,1600.0,2-Car,No injury/unknown,OTHER (ENVIRONMENTAL) - EXPLAIN IN NARR,39.31561299,-86.51117113
9,3,1100.0,1-Car,No injury/unknown,OTHER (DRIVER) - EXPLAIN IN NARRATIVE,39.3146153,-86.5114545
4,3,1700.0,1-Car,No injury/unknown,ANIMAL/OBJECT IN ROADWAY,39.31346474,-86.51176363
11,3,1800.0,2-Car,No injury/unknown,FAILURE TO YIELD RIGHT OF WAY,39.31299352,-86.54102
11,4,1800.0,1-Car,Non-incapacitating,RAN OFF ROAD RIGHT,39.31068375,-86.64461612
4,3,2300.0,1-Car,Non-incapacitating,OVERCORRECTING/OVERSTEERING,39.30604982,-86.57320781
1,3,800.0,2-Car,Non-incapacitating,FAILURE TO YIELD RIGHT OF WAY,39.30584,-86.631008
8,7,700.0,1-Car,Non-incapacitating,ANIMAL/OBJECT IN ROADWAY,39.30428421,-86.58754349
9,6,1200.0,1-Car,Non-incapacitating,ROADWAY SURFACE CONDITION,39.297952,-86.6563316
9,6,900.0,1-Car,No injury/unknown,ROADWAY SURFACE CONDITION,39.297952,-86.6563316
10,5,700.0,1-Car,No injury/unknown,SPEED TOO FAST FOR WEATHER CONDITIONS,39.2978847,-86.65757792
9,1,0.0,1-Car,Non-incapacitating,UNSAFE SPEED,39.29781099,-86.51840237
10,7,1800.0,2-Car,No injury/unknown,UNSAFE BACKING,39.29781099,-86.51840237
9,1,2000.0,2-Car,Non-incapacitating,IMPROPER TURNING,39.296352,-86.684896
12,2,700.0,1-Car,No injury/unknown,TIRE FAILURE OR DEFECTIVE,39.29624,-86.662608
12,2,1800.0,1-Car,No injury/unknown,ANIMAL/OBJECT IN ROADWAY,39.295952,-86.639808
11,5,900.0,1-Car,Non-incapacitating,UNSAFE SPEED,39.295232,-86.57744
8,2,1600.0,2-Car,No injury/unknown,OTHER (VEHICLE) - EXPLAIN IN NARRATIVE,39.290441,-86.629772
2,7,1300.0,1-Car,No injury/unknown,SPEED TOO FAST FOR WEATHER CONDITIONS,39.2893577,-86.51830297
11,3,2100.0,1-Car,Non-incapacitating,OVERCORRECTING/OVERSTEERING,39.28797406,-86.50158
1,6,1400.0,2-Car,No injury/unknown,FAILURE TO YIELD RIGHT OF WAY,39.287808,-86.519024
1,5,1000.0,Bus,Non-incapacitating,LEFT OF CENTER,39.287728,-86.515696
10,2,800.0,2-Car,No injury/unknown,LEFT OF CENTER,39.28771,-86.51565
1,4,800.0,1-Car,Non-incapacitating,SPEED TOO FAST FOR WEATHER CONDITIONS,39.28535333,-86.44360542
9,1,1100.0,2-Car,No injury/unknown,SPEED TOO FAST FOR WEATHER CONDITIONS,39.28477327,-86.51895
2,1,200.0,1-Car,Non-incapacitating,DRIVER ASLEEP OR FATIGUED,39.28184359,-86.68832904
6,2,2200.0,1-Car,Non-incapacitating,RAN OFF ROAD RIGHT,39.281744,-86.662992
6,7,700.0,1-Car,No injury/unknown,ANIMAL/OBJECT IN ROADWAY,39.28083164,-86.51238497
2,1,1100.0,2-Car,Non-incapacitating,FAILURE TO YIELD RIGHT OF WAY,39.280496,-86.522864
4,1,0.0,1-Car,Non-incapacitating,RAN OFF ROAD RIGHT,39.28044537,-86.58340346
9,4,2300.0,1-Car,No injury/unknown,RAN OFF ROAD RIGHT,39.279744,-86.464416
11,3,2300.0,1-Car,No injury/unknown,RAN OFF ROAD RIGHT,39.27852482,-86.50784
12,6,1700.0,1-Car,No injury/unknown,ANIMAL/OBJECT IN ROADWAY,39.278,-86.46897677
11,2,2000.0,1-Car,No injury/unknown,ANIMAL/OBJECT IN ROADWAY,39.27776116,-86.52305477
12,2,1700.0,2-Car,No injury/unknown,UNSAFE BACKING,39.274559,-86.499272
5,7,1500.0,1-Car,No injury/unknown,DRIVER ILLNESS,39.273888,-86.621456
3,1,0.0,1-Car,No injury/unknown,ROADWAY SURFACE CONDITION,39.272208,-86.41408
8,7,1500.0,Moped/Motorcycle,Non-incapacitating,RAN OFF ROAD RIGHT,39.272208,-86.41408
10,5,600.0,1-Car,No injury/unknown,ALCOHOLIC BEVERAGES,39.272208,-86.41408
12,7,1800.0,1-Car,No injury/unknown,ANIMAL/OBJECT IN ROADWAY,39.27093674,-86.67017741
11,1,1800.0,1-Car,No injury/unknown,ROADWAY SURFACE CONDITION,39.26947987,-86.6382
10,4,600.0,1-Car,No injury/unknown,ANIMAL/OBJECT IN ROADWAY,39.26890488,-86.52287361
12,1,1400.0,2-Car,No injury/unknown,FAILURE TO YIELD RIGHT OF WAY,39.266752,-86.6656
3,4,2200.0,1-Car,No injury/unknown,RAN OFF ROAD RIGHT,39.266,-86.501696
12,4,1800.0,1-Car,No injury/unknown,RAN OFF ROAD RIGHT,39.266,-86.501696
10,4,700.0,1-Car,Non-incapacitating,RAN OFF ROAD RIGHT,39.26597,-86.52290609
9,5,900.0,1-Car,Non-incapacitating,RAN OFF ROAD RIGHT,39.2658691,-86.49980307
4,5,2100.0,1-Car,No injury/unknown,ANIMAL/OBJECT IN ROADWAY,39.26329855,-86.52264981
5,7,500.0,1-Car,No injury/unknown,RAN OFF ROAD RIGHT,39.263024,-86.52264
7,2,1700.0,2-Car,No injury/unknown,DRIVER DISTRACTED - EXPLAIN IN NARRATIVE,39.263024,-86.52264
8,5,1400.0,2-Car,No injury/unknown,DRIVER DISTRACTED - EXPLAIN IN NARRATIVE,39.263024,-86.52264
9,5,1600.0,2-Car,No injury/unknown,FAILURE TO YIELD RIGHT OF WAY,39.263024,-86.52264
8,1,2300.0,2-Car,Non-incapacitating,DRIVER DISTRACTED - EXPLAIN IN NARRATIVE,39.261153,-86.52302761
8,6,1800.0,1-Car,No injury/unknown,ROADWAY SURFACE CONDITION,39.26095083,-86.52872
7,7,2000.0,1-Car,No injury/unknown,ALCOHOLIC BEVERAGES,39.2596,-86.64544329
3,7,1400.0,1-Car,Non-incapacitating,RAN OFF ROAD RIGHT,39.25958926,-86.65754647
12,4,500.0,1-Car,Non-incapacitating,RAN OFF ROAD RIGHT,39.25958926,-86.65749448
4,5,200.0,1-Car,No injury/unknown,ANIMAL/OBJECT IN ROADWAY,39.25917759,-86.52426508
7,4,1700.0,1-Car,Non-incapacitating,RAN OFF ROAD RIGHT,39.25862,-86.50158275
2,7,1600.0,2-Car,Non-incapacitating,SPEED TOO FAST FOR WEATHER CONDITIONS,39.25776154,-86.43681407
4,4,600.0,1-Car,No injury/unknown,ANIMAL/OBJECT IN ROADWAY,39.25501235,-86.65516921
11,2,2100.0,1-Car,No injury/unknown,OVERCORRECTING/OVERSTEERING,39.25371,-86.59218682
11,2,1600.0,1-Car,No injury/unknown,ANIMAL/OBJECT IN ROADWAY,39.25311166,-86.57320781
1,4,1700.0,1-Car,Non-incapacitating,OVERCORRECTING/OVERSTEERING,39.25296087,-86.65415704
8,4,1200.0,3+ Cars,Non-incapacitating,FOLLOWING TOO CLOSELY,39.25296087,-86.65415704
2,6,1200.0,2-Car,No injury/unknown,OTHER (DRIVER) - EXPLAIN IN NARRATIVE,39.252448,-86.653904
8,6,1900.0,2-Car,No injury/unknown,FAILURE TO YIELD RIGHT OF WAY,39.252448,-86.653904
2,4,700.0,1-Car,No injury/unknown,DRIVER ILLNESS,39.25203,-86.6206648
7,1,2200.0,1-Car,No injury/unknown,OTHER (DRIVER) - EXPLAIN IN NARRATIVE,39.25182705,-86.6532074
5,1,1800.0,1-Car,No injury/unknown,OVERCORRECTING/OVERSTEERING,39.251648,-86.529056
6,3,1000.0,1-Car,No injury/unknown,SPEED TOO FAST FOR WEATHER CONDITIONS,39.251648,-86.529056
9,1,800.0,Moped/Motorcycle,No injury/unknown,TIRE FAILURE OR DEFECTIVE,39.251648,-86.529056
7,2,1400.0,1-Car,No injury/unknown,UNSAFE SPEED,39.251536,-86.400816
1,3,1400.0,1-Car,No injury/unknown,DRIVER DISTRACTED - EXPLAIN IN NARRATIVE,39.2512,-86.652504
5,3,1800.0,2-Car,No injury/unknown,UNSAFE BACKING,39.2512,-86.652504
11,4,500.0,1-Car,No injury/unknown,OTHER (DRIVER) - EXPLAIN IN NARRATIVE,39.25096944,-86.51702267
8,6,2100.0,2-Car,No injury/unknown,FAILURE TO YIELD RIGHT OF WAY,39.250688,-86.529744
10,1,400.0,1-Car,No injury/unknown,RAN OFF ROAD RIGHT,39.250688,-86.529744
5,7,1600.0,1-Car,Non-incapacitating,DRIVER ILLNESS,39.24990308,-86.4668481
5,7,0.0,2-Car,No injury/unknown,OTHER (DRIVER) - EXPLAIN IN NARRATIVE,39.24972762,-86.65068462
5,7,0.0,1-Car,No injury/unknown,UNSAFE SPEED,39.24972762,-86.65068462
3,4,1600.0,3+ Cars,Fatal,LEFT OF CENTER,39.24949408,-86.65024812
11,2,1900.0,1-Car,No injury/unknown,OVERCORRECTING/OVERSTEERING,39.24949408,-86.65024812
8,6,2300.0,1-Car,Non-incapacitating,RAN OFF ROAD RIGHT,39.24905395,-86.4023099
7,5,900.0,1-Car,Non-incapacitating,RAN OFF ROAD RIGHT,39.24883484,-86.46328751
7,3,1300.0,2-Car,No injury/unknown,FOLLOWING TOO CLOSELY,39.24793707,-86.64733819
5,1,0.0,1-Car,Non-incapacitating,ANIMAL/OBJECT IN ROADWAY,39.24744,-86.547792
12,5,2200.0,1-Car,No injury/unknown,ANIMAL/OBJECT IN ROADWAY,39.24732668,-86.43088113
2,3,200.0,1-Car,No injury/unknown,ANIMAL/OBJECT IN ROADWAY,39.2466358,-86.53291652
7,4,1600.0,2-Car,No injury/unknown,OTHER (DRIVER) - EXPLAIN IN NARRATIVE,39.24619333,-86.60907411
12,5,1900.0,2-Car,No injury/unknown,ANIMAL/OBJECT IN ROADWAY,39.24584846,-86.63927002
6,3,1900.0,1-Car,No injury/unknown,OTHER (DRIVER) - EXPLAIN IN NARRATIVE,39.24573,-86.631684
9,1,1200.0,2-Car,No injury/unknown,RAN OFF ROAD RIGHT,39.24571714,-86.6367354
1,4,1900.0,2-Car,No injury/unknown,FOLLOWING TOO CLOSELY,39.24568299,-86.63652797
3,3,1600.0,2-Car,No injury/unknown,SPEED TOO FAST FOR WEATHER CONDITIONS,39.24568299,-86.63661461
7,6,1700.0,2-Car,No injury/unknown,DRIVER DISTRACTED - EXPLAIN IN NARRATIVE,39.24568299,-86.63657129
3,5,2100.0,1-Car,No injury/unknown,OTHER (DRIVER) - EXPLAIN IN NARRATIVE,39.245408,-86.6204
9,6,1600.0,2-Car,No injury/unknown,FAILURE TO YIELD RIGHT OF WAY,39.245408,-86.6204
9,3,1700.0,2-Car,Non-incapacitating,DRIVER DISTRACTED - EXPLAIN IN NARRATIVE,39.24354736,-86.58311
8,1,2300.0,1-Car,No injury/unknown,OTHER (DRIVER) - EXPLAIN IN NARRATIVE,39.24337876,-86.59278922
1,4,800.0,1-Car,No injury/unknown,OTHER (ENVIRONMENTAL) - EXPLAIN IN NARR,39.24200551,-86.59277843
4,1,1700.0,2-Car,No injury/unknown,OTHER (DRIVER) - EXPLAIN IN NARRATIVE,39.24090933,-86.63838667
5,2,1100.0,2-Car,No injury/unknown,FOLLOWING TOO CLOSELY,39.24058917,-86.63169243
3,5,2100.0,1-Car,Non-incapacitating,ALCOHOLIC BEVERAGES,39.24032,-86.49928
11,6,1200.0,1-Car,Incapacitating,RAN OFF ROAD RIGHT,39.24032,-86.49928
11,4,2300.0,1-Car,Non-incapacitating,RAN OFF ROAD RIGHT,39.23970721,-86.49937391
4,4,400.0,1-Car,Non-incapacitating,RAN OFF ROAD RIGHT,39.23947,-86.49951
6,3,1500.0,2-Car,Non-incapacitating,DRIVER DISTRACTED - EXPLAIN IN NARRATIVE,39.23947,-86.49951
7,3,1700.0,1-Car,No injury/unknown,UNSAFE BACKING,39.239072,-86.611087
2,3,700.0,2-Car,No injury/unknown,FOLLOWING TOO CLOSELY,39.238848,-86.630096
9,5,1300.0,1-Car,Non-incapacitating,RAN OFF ROAD RIGHT,39.23843583,-86.37296677
2,3,1100.0,1-Car,No injury/unknown,SPEED TOO FAST FOR WEATHER CONDITIONS,39.23815635,-86.53862087
8,6,1500.0,1-Car,Non-incapacitating,RAN OFF ROAD RIGHT,39.23813668,-86.62209034
8,4,1800.0,1-Car,No injury/unknown,ANIMAL/OBJECT IN ROADWAY,39.23777705,-86.37516718
10,2,400.0,1-Car,No injury/unknown,ANIMAL/OBJECT IN ROADWAY,39.23777705,-86.37526651
2,4,1700.0,1-Car,Non-incapacitating,OVERCORRECTING/OVERSTEERING,39.23765,-86.60692
2,4,700.0,1-Car,No injury/unknown,HOLES/RUTS IN SURFACE,39.23765,-86.60692
4,2,1500.0,1-Car,No injury/unknown,RAN OFF ROAD RIGHT,39.23709744,-86.6276699
9,2,0.0,1-Car,Non-incapacitating,OTHER (DRIVER) - EXPLAIN IN NARRATIVE,39.23709744,-86.62767856
6,4,1800.0,1-Car,No injury/unknown,ANIMAL/OBJECT IN ROADWAY,39.23691,-86.50180325
5,2,1600.0,2-Car,Non-incapacitating,OTHER (DRIVER) - EXPLAIN IN NARRATIVE,39.23675252,-86.62690675
2,1,0.0,1-Car,No injury/unknown,DRIVER ASLEEP OR FATIGUED,39.236752,-86.626896
2,3,1400.0,2-Car,No injury/unknown,FAILURE TO YIELD RIGHT OF WAY,39.236288,-86.628336
1,2,1000.0,1-Car,No injury/unknown,OTHER (DRIVER) - EXPLAIN IN NARRATIVE,39.236096,-86.625168
4,6,1600.0,2-Car,Non-incapacitating,FAILURE TO YIELD RIGHT OF WAY,39.236096,-86.625168
12,6,1500.0,2-Car,No injury/unknown,FAILURE TO YIELD RIGHT OF WAY,39.23598071,-86.62501479
10,5,800.0,1-Car,No injury/unknown,OTHER (DRIVER) - EXPLAIN IN NARRATIVE,39.23567248,-86.48972873
2,6,600.0,2-Car,No injury/unknown,FAILURE TO YIELD RIGHT OF WAY,39.234768,-86.626384
4,7,1200.0,1-Car,No injury/unknown,RAN OFF ROAD RIGHT,39.234768,-86.626384
10,3,1600.0,2-Car,No injury/unknown,FAILURE TO YIELD RIGHT OF WAY,39.234768,-86.626384
1,5,2000.0,2-Car,No injury/unknown,SPEED TOO FAST FOR WEATHER CONDITIONS,39.23451,-86.64004
3,2,1200.0,1-Car,No injury/unknown,VIEW OBSTRUCTED,39.234384,-86.624064
4,1,2200.0,2-Car,No injury/unknown,OTHER (DRIVER) - EXPLAIN IN NARRATIVE,39.234384,-86.624064
5,7,1500.0,Cyclist,No injury/unknown,OTHER (ENVIRONMENTAL) - EXPLAIN IN NARR,39.234384,-86.624064
1,2,1100.0,1-Car,No injury/unknown,UNSAFE BACKING,39.234035,-86.625132
1,5,1300.0,2-Car,No injury/unknown,DISREGARD SIGNAL/REG SIGN,39.23384,-86.624704
1,6,800.0,2-Car,No injury/unknown,FAILURE TO YIELD RIGHT OF WAY,39.23384,-86.624704
2,2,700.0,2-Car,Non-incapacitating,OTHER (DRIVER) - EXPLAIN IN NARRATIVE,39.23384,-86.624704
4,1,1200.0,2-Car,No injury/unknown,FOLLOWING TOO CLOSELY,39.23384,-86.624704
6,2,1900.0,2-Car,No injury/unknown,IMPROPER TURNING,39.23384,-86.624704
8,1,1600.0,2-Car,No injury/unknown,FAILURE TO YIELD RIGHT OF WAY,39.23384,-86.624704
11,4,1900.0,2-Car,No injury/unknown,FAILURE TO YIELD RIGHT OF WAY,39.23384,-86.624704
12,6,1100.0,2-Car,Non-incapacitating,FAILURE TO YIELD RIGHT OF WAY,39.23384,-86.624704
10,3,1800.0,2-Car,No injury/unknown,BRAKE FAILURE OR DEFECTIVE,39.23376,-86.621888
2,1,1200.0,2-Car,No injury/unknown,IMPROPER TURNING,39.23374889,-86.62457188
5,4,1800.0,2-Car,No injury/unknown,LEFT OF CENTER,39.2335343,-86.43563519
4,7,1900.0,2-Car,No injury/unknown,FAILURE TO YIELD RIGHT OF WAY,39.23352,-86.62424
8,1,1200.0,2-Car,No injury/unknown,IMPROPER TURNING,39.23352,-86.62424
4,1,1200.0,1-Car,Non-incapacitating,DRIVER ASLEEP OR FATIGUED,39.233474029999996,-86.62417731
5,1,1600.0,2-Car,No injury/unknown,OTHER (DRIVER) - EXPLAIN IN NARRATIVE,39.23345,-86.62429827
9,6,1800.0,2-Car,No injury/unknown,FAILURE TO YIELD RIGHT OF WAY,39.23309,-86.62548
4,7,900.0,2-Car,No injury/unknown,DRIVER DISTRACTED - EXPLAIN IN NARRATIVE,39.233056,-86.6256
11,6,1800.0,2-Car,No injury/unknown,FAILURE TO YIELD RIGHT OF WAY,39.23288663,-86.54219875
12,3,2200.0,1-Car,No injury/unknown,OVERCORRECTING/OVERSTEERING,39.23288663,-86.54219875
1,3,1500.0,2-Car,No injury/unknown,DRIVER DISTRACTED - EXPLAIN IN NARRATIVE,39.232688,-86.623056
1,7,1400.0,2-Car,Non-incapacitating,FAILURE TO YIELD RIGHT OF WAY,39.232688,-86.623056
4,5,1400.0,2-Car,Non-incapacitating,FOLLOWING TOO CLOSELY,39.232688,-86.623056
1,2,1500.0,2-Car,No injury/unknown,LEFT OF CENTER,39.232544,-86.540704
6,1,1300.0,2-Car,No injury/unknown,,39.232544,-86.540704
6,5,1300.0,2-Car,No injury/unknown,OTHER (DRIVER) - EXPLAIN IN NARRATIVE,39.232544,-86.540704
7,5,1900.0,2-Car,No injury/unknown,FOLLOWING TOO CLOSELY,39.232544,-86.540704
8,7,900.0,1-Car,No injury/unknown,OTHER (DRIVER) - EXPLAIN IN NARRATIVE,39.232544,-86.540704
8,7,1500.0,1-Car,No injury/unknown,OTHER (DRIVER) - EXPLAIN IN NARRATIVE,39.232544,-86.540704
9,4,1200.0,2-Car,No injury/unknown,OTHER (DRIVER) - EXPLAIN IN NARRATIVE,39.232544,-86.540704