Month,Day,Hour,Collision Type,Injury Type,Primary Factor,Latitude,Longitude
9,4,400.0,2-Car,No injury/unknown,DRIVER DISTRACTED - EXPLAIN IN NARRATIVE,39.232544,-86.540704
11,5,800.0,Pedestrian,Non-incapacitating,UNSAFE BACKING,39.232544,-86.540704
4,1,1200.0,Moped/Motorcycle,Incapacitating,ANIMAL/OBJECT IN ROADWAY,39.23245974,-86.62011755
8,5,200.0,1-Car,No injury/unknown,RAN OFF ROAD RIGHT,39.2320481,-86.40620662
6,3,800.0,2-Car,No injury/unknown,FAILURE TO YIELD RIGHT OF WAY,39.232048,-86.627296
8,3,1900.0,2-Car,No injury/unknown,UNSAFE BACKING,39.2319317,-86.53775
1,4,700.0,2-Car,No injury/unknown,ROADWAY SURFACE CONDITION,39.2318,-86.62805
9,6,1600.0,2-Car,No injury/unknown,FAILURE TO YIELD RIGHT OF WAY,39.231536,-86.6588
12,7,1300.0,1-Car,No injury/unknown,RAN OFF ROAD RIGHT,39.231469,-86.573237
7,2,1800.0,2-Car,No injury/unknown,FAILURE TO YIELD RIGHT OF WAY,39.23131227,-86.62118988
10,7,1900.0,2-Car,No injury/unknown,ALCOHOLIC BEVERAGES,39.231312,-86.637488
7,4,200.0,1-Car,No injury/unknown,OVERCORRECTING/OVERSTEERING,39.23130251,-86.43231822
9,4,1900.0,1-Car,No injury/unknown,RAN OFF ROAD RIGHT,39.231219,-86.621432
8,1,400.0,1-Car,No injury/unknown,DRIVER ASLEEP OR FATIGUED,39.23080613,-86.42887938
2,7,1400.0,1-Car,No injury/unknown,SPEED TOO FAST FOR WEATHER CONDITIONS,39.23074878,-86.42431861
12,2,2300.0,1-Car,No injury/unknown,ANIMAL/OBJECT IN ROADWAY,39.23074878,-86.42410255
5,4,700.0,1-Car,No injury/unknown,RAN OFF ROAD RIGHT,39.23040624,-86.62011755
1,2,700.0,1-Car,No injury/unknown,ROADWAY SURFACE CONDITION,39.23031,-86.4733973
8,3,2100.0,1-Car,No injury/unknown,ALCOHOLIC BEVERAGES,39.23031,-86.47339038
6,1,1600.0,2-Car,Non-incapacitating,FAILURE TO YIELD RIGHT OF WAY,39.230096,-86.624528
12,7,1500.0,1-Car,No injury/unknown,ROADWAY SURFACE CONDITION,39.229952,-86.416096
8,6,1300.0,2-Car,No injury/unknown,OTHER (VEHICLE) - EXPLAIN IN NARRATIVE,39.229904,-86.619136
10,7,800.0,1-Car,No injury/unknown,OTHER (DRIVER) - EXPLAIN IN NARRATIVE,39.229904,-86.619136
8,1,1600.0,2-Car,No injury/unknown,FAILURE TO YIELD RIGHT OF WAY,39.22972139,-86.61887222
9,1,1000.0,1-Car,Non-incapacitating,RAN OFF ROAD RIGHT,39.22960429,-86.4320992
8,6,1100.0,Moped/Motorcycle,Non-incapacitating,UNSAFE SPEED,39.22956051,-86.45635128
7,4,1800.0,2-Car,No injury/unknown,FAILURE TO YIELD RIGHT OF WAY,39.229424,-86.623584
3,6,700.0,3+ Cars,No injury/unknown,FOLLOWING TOO CLOSELY,39.22936908,-86.61849812
3,6,700.0,2-Car,No injury/unknown,OTHER (DRIVER) - EXPLAIN IN NARRATIVE,39.22936908,-86.61849812
9,5,1700.0,1-Car,No injury/unknown,DRIVER DISTRACTED - EXPLAIN IN NARRATIVE,39.22924187,-86.48181
4,7,1800.0,1-Car,Non-incapacitating,UNSAFE SPEED,39.22864948,-86.54219875
6,4,500.0,1-Car,No injury/unknown,OTHER (DRIVER) - EXPLAIN IN NARRATIVE,39.22773083,-86.51238497
5,4,1200.0,2-Car,No injury/unknown,DISREGARD SIGNAL/REG SIGN,39.22764788,-86.61591015
5,5,1500.0,2-Car,No injury/unknown,FOLLOWING TOO CLOSELY,39.22764788,-86.61591015
9,3,1300.0,2-Car,Non-incapacitating,VIEW OBSTRUCTED,39.22764788,-86.61591015
9,6,300.0,1-Car,No injury/unknown,ANIMAL/OBJECT IN ROADWAY,39.22764788,-86.61584519
11,1,1500.0,2-Car,Non-incapacitating,FOLLOWING TOO CLOSELY,39.22764788,-86.61591015
10,5,1000.0,2-Car,No injury/unknown,UNSAFE SPEED,39.22764788,-86.61591881
5,4,1900.0,3+ Cars,No injury/unknown,DISREGARD SIGNAL/REG SIGN,39.226352,-86.614192
2,5,600.0,1-Car,No injury/unknown,SPEED TOO FAST FOR WEATHER CONDITIONS,39.22569406,-86.43788493
10,6,1100.0,1-Car,No injury/unknown,ANIMAL/OBJECT IN ROADWAY,39.22436978,-86.45452851
4,6,1600.0,2-Car,No injury/unknown,UNSAFE BACKING,39.222752,-86.550096
10,3,1300.0,2-Car,No injury/unknown,OTHER (DRIVER) - EXPLAIN IN NARRATIVE,39.222752,-86.550096
10,5,700.0,Bus,No injury/unknown,DRIVER DISTRACTED - EXPLAIN IN NARRATIVE,39.22198844,-86.54286
6,3,2200.0,Moped/Motorcycle,Non-incapacitating,OVERCORRECTING/OVERSTEERING,39.2219,-86.62748433
7,1,1600.0,Cyclist,Non-incapacitating,VIEW OBSTRUCTED,39.22144251,-86.60980046
10,7,900.0,2-Car,No injury/unknown,FAILURE TO YIELD RIGHT OF WAY,39.221248,-86.55
10,6,2200.0,1-Car,No injury/unknown,ANIMAL/OBJECT IN ROADWAY,39.221248,-86.55
8,7,2000.0,2-Car,No injury/unknown,DRIVER DISTRACTED - EXPLAIN IN NARRATIVE,39.221152,-86.6056
1,4,700.0,2-Car,No injury/unknown,ROADWAY SURFACE CONDITION,39.22107697,-86.60549683
9,3,1700.0,2-Car,No injury/unknown,FAILURE TO YIELD RIGHT OF WAY,39.22103945,-86.60544525
2,4,1200.0,2-Car,Non-incapacitating,RAN OFF ROAD RIGHT,39.22087063,-86.60521312
11,3,1400.0,Bus,No injury/unknown,FAILURE TO YIELD RIGHT OF WAY,39.220816,-86.6252
9,7,1200.0,2-Car,No injury/unknown,FAILURE TO YIELD RIGHT OF WAY,39.22077684,-86.60508416
8,3,1200.0,2-Car,No injury/unknown,FOLLOWING TOO CLOSELY,39.2204333,-86.6045466
3,7,1500.0,1-Car,No injury/unknown,RAN OFF ROAD RIGHT,39.219552,-86.444592
2,7,1400.0,2-Car,No injury/unknown,LEFT OF CENTER,39.21949534,-86.44342785
10,6,700.0,2-Car,Non-incapacitating,FAILURE TO YIELD RIGHT OF WAY,39.21940042,-86.44451338
10,5,1900.0,2-Car,No injury/unknown,FOLLOWING TOO CLOSELY,39.219152,-86.602304
11,5,1500.0,2-Car,No injury/unknown,BRAKE FAILURE OR DEFECTIVE,39.219152,-86.602304
6,6,1000.0,2-Car,Non-incapacitating,FAILURE TO YIELD RIGHT OF WAY,39.21793049,-86.59279247
10,5,1200.0,2-Car,Non-incapacitating,IMPROPER LANE USAGE,39.21762692,-86.59972661
9,2,1500.0,2-Car,Non-incapacitating,FAILURE TO YIELD RIGHT OF WAY,39.21755876,-86.5993613
4,4,1500.0,2-Car,No injury/unknown,FOLLOWING TOO CLOSELY,39.21708168,-86.49496
1,6,900.0,2-Car,No injury/unknown,FAILURE TO YIELD RIGHT OF WAY,39.21687,-86.65872
9,7,2100.0,Moped/Motorcycle,Non-incapacitating,FAILURE TO YIELD RIGHT OF WAY,39.21657791,-86.59633577
5,3,1800.0,Moped/Motorcycle,Non-incapacitating,IMPROPER LANE USAGE,39.21631855,-86.55303465
9,4,1700.0,1-Car,Non-incapacitating,BRAKE FAILURE OR DEFECTIVE,39.21615399,-86.62780881
4,6,1900.0,2-Car,Non-incapacitating,FAILURE TO YIELD RIGHT OF WAY,39.21569341,-86.59442231
5,2,1500.0,2-Car,No injury/unknown,FAILURE TO YIELD RIGHT OF WAY,39.21569341,-86.59442231
12,5,1700.0,1-Car,No injury/unknown,OVERCORRECTING/OVERSTEERING,39.21547,-86.53701
6,2,700.0,2-Car,No injury/unknown,FAILURE TO YIELD RIGHT OF WAY,39.21545866,-86.5928
4,7,800.0,3+ Cars,Non-incapacitating,DISREGARD SIGNAL/REG SIGN,39.215356,-86.59301519
2,7,2100.0,1-Car,No injury/unknown,ANIMAL/OBJECT IN ROADWAY,39.215344,-86.521392
12,5,1700.0,2-Car,No injury/unknown,DRIVER DISTRACTED - EXPLAIN IN NARRATIVE,39.21523442,-86.59304268
1,3,1400.0,2-Car,No injury/unknown,DRIVER DISTRACTED - EXPLAIN IN NARRATIVE,39.215152,-86.5928
4,6,1800.0,2-Car,No injury/unknown,OTHER (DRIVER) - EXPLAIN IN NARRATIVE,39.215152,-86.5928
5,3,1600.0,2-Car,No injury/unknown,DRIVER DISTRACTED - EXPLAIN IN NARRATIVE,39.215152,-86.5928
9,5,900.0,2-Car,No injury/unknown,DRIVER DISTRACTED - EXPLAIN IN NARRATIVE,39.215152,-86.5928
12,3,1600.0,2-Car,No injury/unknown,DISREGARD SIGNAL/REG SIGN,39.215152,-86.5928
9,4,1500.0,2-Car,No injury/unknown,FOLLOWING TOO CLOSELY,39.21505669,-86.59267291
9,2,1500.0,3+ Cars,No injury/unknown,FOLLOWING TOO CLOSELY,39.21505669,-86.59267291
7,7,2200.0,Moped/Motorcycle,Incapacitating,UNSAFE SPEED,39.21484832,-86.53776
2,7,1400.0,2-Car,No injury/unknown,LEFT OF CENTER,39.21475201,-86.47642662
7,7,1700.0,2-Car,No injury/unknown,DRIVER DISTRACTED - EXPLAIN IN NARRATIVE,39.214752,-86.477504
3,5,800.0,1-Car,No injury/unknown,RAN OFF ROAD RIGHT,39.21458,-86.39929656
10,5,2200.0,1-Car,No injury/unknown,ANIMAL/OBJECT IN ROADWAY,39.21449976,-86.45616707
10,6,2200.0,1-Car,No injury/unknown,RAN OFF ROAD RIGHT,39.21443212,-86.47805074
11,7,1700.0,1-Car,No injury/unknown,ANIMAL/OBJECT IN ROADWAY,39.214144,-86.522144
5,1,2100.0,1-Car,No injury/unknown,NONE (DRIVER),39.213952,-86.588
11,3,500.0,1-Car,No injury/unknown,ANIMAL/OBJECT IN ROADWAY,39.21337916,-86.4580108
10,1,200.0,1-Car,Non-incapacitating,ALCOHOLIC BEVERAGES,39.21303,-86.48693649
7,1,1800.0,2-Car,No injury/unknown,DRIVER DISTRACTED - EXPLAIN IN NARRATIVE,39.21297,-86.52311
12,4,100.0,1-Car,No injury/unknown,ANIMAL/OBJECT IN ROADWAY,39.21287961,-86.49042556
11,5,1400.0,2-Car,Non-incapacitating,OTHER (DRIVER) - EXPLAIN IN NARRATIVE,39.212784,-86.589448
10,2,2300.0,1-Car,No injury/unknown,ANIMAL/OBJECT IN ROADWAY,39.2120227,-86.50202465
12,5,1100.0,2-Car,Non-incapacitating,OTHER (DRIVER) - EXPLAIN IN NARRATIVE,39.21199392,-86.58703774
1,5,100.0,2-Car,No injury/unknown,UNSAFE BACKING,39.211952,-86.576192
9,4,1500.0,2-Car,Non-incapacitating,UNSAFE SPEED,39.211648,-86.38131153
10,5,700.0,3+ Cars,No injury/unknown,DRIVER DISTRACTED - EXPLAIN IN NARRATIVE,39.210144,-86.5832
9,4,800.0,2-Car,No injury/unknown,UNSAFE SPEED,39.21005745,-86.58306296
10,6,1600.0,3+ Cars,No injury/unknown,DRIVER ILLNESS,39.21005745,-86.58306296
2,2,1500.0,2-Car,Non-incapacitating,FAILURE TO YIELD RIGHT OF WAY,39.21000667,-86.5832
9,3,1600.0,2-Car,No injury/unknown,OTHER (DRIVER) - EXPLAIN IN NARRATIVE,39.21000667,-86.5832
1,5,1700.0,2-Car,No injury/unknown,IMPROPER LANE USAGE,39.20997089,-86.58292591
5,6,1800.0,2-Car,No injury/unknown,SPEED TOO FAST FOR WEATHER CONDITIONS,39.2099611,-86.58266079
5,6,1400.0,2-Car,Non-incapacitating,FAILURE TO YIELD RIGHT OF WAY,39.20986935,-86.5832
10,7,1900.0,1-Car,Non-incapacitating,DRIVER ASLEEP OR FATIGUED,39.20956418,-86.42414576
10,6,300.0,1-Car,No injury/unknown,RAN OFF ROAD RIGHT,39.20920587,-86.59223778
4,4,1700.0,1-Car,No injury/unknown,DRIVER DISTRACTED - EXPLAIN IN NARRATIVE,39.20896853,-86.50108
2,4,1300.0,2-Car,No injury/unknown,FAILURE TO YIELD RIGHT OF WAY,39.20877072,-86.5832
4,6,1700.0,2-Car,No injury/unknown,FOLLOWING TOO CLOSELY,39.20877072,-86.5832
1,6,1500.0,2-Car,No injury/unknown,FAILURE TO YIELD RIGHT OF WAY,39.20848809,-86.58067865
5,4,1400.0,2-Car,No injury/unknown,SPEED TOO FAST FOR WEATHER CONDITIONS,39.20824,-86.5557631
10,6,2000.0,2-Car,No injury/unknown,SPEED TOO FAST FOR WEATHER CONDITIONS,39.20824,-86.55611613
1,4,800.0,1-Car,No injury/unknown,SPEED TOO FAST FOR WEATHER CONDITIONS,39.20824,-86.554704
7,6,1100.0,Moped/Motorcycle,Non-incapacitating,IMPROPER LANE USAGE,39.20823089,-86.58003187
8,2,1800.0,1-Car,No injury/unknown,ALCOHOLIC BEVERAGES,39.20814892,-86.57844673
1,2,1000.0,2-Car,No injury/unknown,LEFT OF CENTER,39.208048,-86.528704
5,2,2300.0,1-Car,Non-incapacitating,SPEED TOO FAST FOR WEATHER CONDITIONS,39.208048,-86.528704
7,7,1300.0,2-Car,Non-incapacitating,LEFT OF CENTER,39.208048,-86.528704
7,5,1700.0,2-Car,Non-incapacitating,SPEED TOO FAST FOR WEATHER CONDITIONS,39.208048,-86.528704
9,2,300.0,2-Car,No injury/unknown,SPEED TOO FAST FOR WEATHER CONDITIONS,39.208048,-86.528704
9,1,2000.0,2-Car,No injury/unknown,ROADWAY SURFACE CONDITION,39.208048,-86.528704
10,6,2100.0,2-Car,Non-incapacitating,IMPROPER LANE USAGE,39.20802405,-86.52872801
8,7,1200.0,1-Car,Non-incapacitating,UNSAFE SPEED,39.20802,-86.52872
8,6,2300.0,1-Car,No injury/unknown,OTHER (ENVIRONMENTAL) - EXPLAIN IN NARR,39.20802,-86.52869837
12,7,1500.0,2-Car,No injury/unknown,SPEED TOO FAST FOR WEATHER CONDITIONS,39.20800667,-86.5832
6,3,1100.0,Cyclist,Non-incapacitating,IMPROPER PASSING,39.207984,-86.529568
5,2,1300.0,2-Car,No injury/unknown,DRIVER DISTRACTED - EXPLAIN IN NARRATIVE,39.207696,-86.46328
1,6,800.0,2-Car,No injury/unknown,FAILURE TO YIELD RIGHT OF WAY,39.207648,-86.423696
1,6,1400.0,2-Car,No injury/unknown,FAILURE TO YIELD RIGHT OF WAY,39.207648,-86.573792
3,6,700.0,2-Car,No injury/unknown,FAILURE TO YIELD RIGHT OF WAY,39.207648,-86.573792
3,5,1300.0,2-Car,No injury/unknown,OTHER (DRIVER) - EXPLAIN IN NARRATIVE,39.207648,-86.573792
4,3,1800.0,2-Car,No injury/unknown,OTHER (DRIVER) - EXPLAIN IN NARRATIVE,39.207648,-86.573792
9,2,900.0,2-Car,Non-incapacitating,FAILURE TO YIELD RIGHT OF WAY,39.207648,-86.573792
2,5,1000.0,2-Car,No injury/unknown,FAILURE TO YIELD RIGHT OF WAY,39.2075305,-86.57357453
12,4,900.0,1-Car,Non-incapacitating,RAN OFF ROAD RIGHT,39.20739745,-86.5832
5,3,1400.0,Moped/Motorcycle,Non-incapacitating,ANIMAL/OBJECT IN ROADWAY,39.20733466,-86.57321208
2,6,1700.0,2-Car,No injury/unknown,OTHER (DRIVER) - EXPLAIN IN NARRATIVE,39.20725469,-86.53476411
5,5,2000.0,1-Car,No injury/unknown,CELL PHONE USAGE,39.20708822,-86.45619301
7,6,1300.0,2-Car,No injury/unknown,FAILURE TO YIELD RIGHT OF WAY,39.20704,-86.534704
12,2,700.0,2-Car,No injury/unknown,ROADWAY SURFACE CONDITION,39.20704,-86.534704
12,7,1100.0,2-Car,No injury/unknown,FAILURE TO YIELD RIGHT OF WAY,39.20704,-86.534704
4,5,1900.0,2-Car,Non-incapacitating,FAILURE TO YIELD RIGHT OF WAY,39.20703,-86.58315
2,2,800.0,2-Car,No injury/unknown,FAILURE TO YIELD RIGHT OF WAY,39.2063957,-86.57147142
8,3,1700.0,2-Car,No injury/unknown,FAILURE TO YIELD RIGHT OF WAY,39.206352,-86.557696
1,4,1800.0,2-Car,No injury/unknown,UNSAFE BACKING,39.206312,-86.571312
3,3,700.0,Bus,No injury/unknown,BRAKE FAILURE OR DEFECTIVE,39.20604292,-86.55215794
1,5,1400.0,2-Car,Non-incapacitating,LEFT OF CENTER,39.205248,-86.5832
1,6,0.0,1-Car,No injury/unknown,UNSAFE SPEED,39.20521234,-86.42517712
10,5,1500.0,2-Car,Non-incapacitating,UNSAFE SPEED,39.20484537,-86.50699464
7,1,1900.0,Pedestrian,Non-incapacitating,PEDESTRIAN ACTION,39.20429773,-86.53489235
12,2,700.0,3+ Cars,No injury/unknown,ROADWAY SURFACE CONDITION,39.20429773,-86.53489235
12,4,1400.0,2-Car,Non-incapacitating,SPEED TOO FAST FOR WEATHER CONDITIONS,39.20399527,-86.54286
6,4,1300.0,1-Car,No injury/unknown,RAN OFF ROAD RIGHT,39.203605,-86.601189
8,3,1200.0,1-Car,No injury/unknown,OTHER (ENVIRONMENTAL) - EXPLAIN IN NARR,39.20332126,-86.5289348
7,2,1200.0,2-Car,No injury/unknown,FOLLOWING TOO CLOSELY,39.20328391,-86.50224214
4,3,1400.0,2-Car,No injury/unknown,FAILURE TO YIELD RIGHT OF WAY,39.20304,-86.547392
4,4,1600.0,2-Car,No injury/unknown,UNSAFE BACKING,39.20304,-86.547392
8,3,1400.0,2-Car,No injury/unknown,OTHER (DRIVER) - EXPLAIN IN NARRATIVE,39.20304,-86.547392
10,6,1400.0,2-Car,No injury/unknown,UNSAFE BACKING,39.20304,-86.547392
9,1,1700.0,1-Car,Non-incapacitating,OVERCORRECTING/OVERSTEERING,39.20274699,-86.55466437
2,2,1700.0,2-Car,No injury/unknown,OTHER (DRIVER) - EXPLAIN IN NARRATIVE,39.20185115,-86.56257
6,6,2100.0,Moped/Motorcycle,No injury/unknown,ANIMAL/OBJECT IN ROADWAY,39.20137374,-86.55465446
6,3,1000.0,1-Car,No injury/unknown,SPEED TOO FAST FOR WEATHER CONDITIONS,39.20122,-86.6015668
3,3,1700.0,2-Car,No injury/unknown,FAILURE TO YIELD RIGHT OF WAY,39.201135,-86.547265
5,5,700.0,2-Car,No injury/unknown,UNSAFE BACKING,39.201135,-86.547265
1,7,1200.0,2-Car,No injury/unknown,UNSAFE BACKING,39.20095325,-86.53521736
11,5,1800.0,1-Car,No injury/unknown,BRAKE FAILURE OR DEFECTIVE,39.200482,-86.583119
10,2,1200.0,Cyclist,Non-incapacitating,OTHER (DRIVER) - EXPLAIN IN NARRATIVE,39.200352,-86.468
12,5,1400.0,1-Car,No injury/unknown,OTHER (VEHICLE) - EXPLAIN IN NARRATIVE,39.20033053,-86.56003237
10,3,1800.0,2-Car,No injury/unknown,TIRE FAILURE OR DEFECTIVE,39.20026265,-86.57320781
10,2,2000.0,1-Car,No injury/unknown,ANIMAL/OBJECT IN ROADWAY,39.19895179,-86.55918451
11,1,300.0,1-Car,Non-incapacitating,RAN OFF ROAD RIGHT,39.198528,-86.528624
3,5,1200.0,2-Car,No injury/unknown,IMPROPER LANE USAGE,39.19826371,-86.55463202
1,4,700.0,2-Car,No injury/unknown,FAILURE TO YIELD RIGHT OF WAY,39.198144,-86.542096
9,5,700.0,1-Car,No injury/unknown,RAN OFF ROAD RIGHT,39.198144,-86.542096
4,3,300.0,1-Car,Non-incapacitating,ALCOHOLIC BEVERAGES,39.19770465,-86.52858309
5,1,1300.0,1-Car,Non-incapacitating,OVERCORRECTING/OVERSTEERING,39.19757707,-86.59805429
12,1,2000.0,Moped/Motorcycle,Incapacitating,FOLLOWING TOO CLOSELY,39.19730615,-86.55796586
1,4,900.0,3+ Cars,No injury/unknown,SPEED TOO FAST FOR WEATHER CONDITIONS,39.19719251,-86.55201192
5,5,1600.0,2-Car,Non-incapacitating,FAILURE TO YIELD RIGHT OF WAY,39.19691031,-86.53454
1,4,800.0,1-Car,Non-incapacitating,RAN OFF ROAD RIGHT,39.19689046,-86.55462122
2,5,1200.0,2-Car,No injury/unknown,UNSAFE BACKING,39.196848,-86.5344
12,2,2000.0,1-Car,No injury/unknown,ANIMAL/OBJECT IN ROADWAY,39.19655974,-86.55722756
1,7,500.0,1-Car,No injury/unknown,RAN OFF ROAD RIGHT,39.196207,-86.542798
12,7,1500.0,1-Car,No injury/unknown,RAN OFF ROAD RIGHT,39.19592,-86.55659
5,1,1700.0,1-Car,No injury/unknown,BRAKE FAILURE OR DEFECTIVE,39.195421,-86.544672
6,1,1100.0,2-Car,Non-incapacitating,RAN OFF ROAD RIGHT,39.19504,-86.489488
1,5,400.0,1-Car,No injury/unknown,RAN OFF ROAD RIGHT,39.19486884,-86.48934072
4,6,1800.0,2-Car,No injury/unknown,UNSAFE SPEED,39.19473989,-86.55532332
10,6,800.0,Bus,No injury/unknown,SPEED TOO FAST FOR WEATHER CONDITIONS,39.19425138,-86.54102164
2,7,1200.0,2-Car,Non-incapacitating,FOLLOWING TOO CLOSELY,39.194144,-86.540992
3,7,800.0,1-Car,Non-incapacitating,DRIVER ILLNESS,39.194144,-86.554592
5,6,200.0,1-Car,No injury/unknown,RAN OFF ROAD RIGHT,39.194144,-86.540992
7,2,600.0,1-Car,Non-incapacitating,UNSAFE SPEED,39.194144,-86.554592
7,1,200.0,1-Car,No injury/unknown,RAN OFF ROAD RIGHT,39.194144,-86.554592
7,2,2000.0,Moped/Motorcycle,Non-incapacitating,UNSAFE SPEED,39.194144,-86.554592
10,3,1300.0,1-Car,No injury/unknown,RAN OFF ROAD RIGHT,39.194144,-86.540992
10,5,1800.0,2-Car,No injury/unknown,IMPROPER LANE USAGE,39.194144,-86.554592
12,7,2300.0,2-Car,No injury/unknown,ALCOHOLIC BEVERAGES,39.194144,-86.554592
2,3,2100.0,1-Car,No injury/unknown,ALCOHOLIC BEVERAGES,39.193872,-86.590784
3,2,1700.0,2-Car,No injury/unknown,OTHER (DRIVER) - EXPLAIN IN NARRATIVE,39.19377697,-86.57132045
3,2,600.0,2-Car,No injury/unknown,DRIVER ASLEEP OR FATIGUED,39.19377697,-86.57123388
8,7,1700.0,2-Car,Non-incapacitating,BRAKE FAILURE OR DEFECTIVE,39.19377697,-86.57123388
11,6,1800.0,2-Car,Non-incapacitating,OTHER (DRIVER) - EXPLAIN IN NARRATIVE,39.19377697,-86.57123215
3,6,500.0,1-Car,No injury/unknown,DRIVER ASLEEP OR FATIGUED,39.19349306,-86.50966
9,6,1500.0,2-Car,No injury/unknown,SPEED TOO FAST FOR WEATHER CONDITIONS,39.193248,-86.539696
1,4,800.0,2-Car,Non-incapacitating,SPEED TOO FAST FOR WEATHER CONDITIONS,39.19259495,-86.58767416
3,3,700.0,2-Car,Non-incapacitating,OTHER (DRIVER) - EXPLAIN IN NARRATIVE,39.192352,-86.552592
1,4,700.0,Bus,No injury/unknown,SPEED TOO FAST FOR WEATHER CONDITIONS,39.192352,-86.552592
10,6,1500.0,2-Car,No injury/unknown,FAILURE TO YIELD RIGHT OF WAY,39.19233952,-86.53305625
6,3,900.0,2-Car,No injury/unknown,UNSAFE BACKING,39.19231646,-86.51886
12,5,1900.0,Bus,Incapacitating,FAILURE TO YIELD RIGHT OF WAY,39.191248,-86.532896
3,7,1700.0,2-Car,No injury/unknown,FAILURE TO YIELD RIGHT OF WAY,39.190672,-86.582992
4,5,1400.0,2-Car,No injury/unknown,FAILURE TO YIELD RIGHT OF WAY,39.190672,-86.582992
6,3,1500.0,2-Car,Non-incapacitating,DISREGARD SIGNAL/REG SIGN,39.190672,-86.582992
6,2,1500.0,2-Car,No injury/unknown,FAILURE TO YIELD RIGHT OF WAY,39.190672,-86.582992
7,4,1300.0,2-Car,No injury/unknown,FAILURE TO YIELD RIGHT OF WAY,39.190672,-86.582992
8,4,1100.0,2-Car,No injury/unknown,FAILURE TO YIELD RIGHT OF WAY,39.190672,-86.582992
7,6,1200.0,2-Car,No injury/unknown,FAILURE TO YIELD RIGHT OF WAY,39.19064,-86.58311
8,4,1400.0,2-Car,Non-incapacitating,FAILURE TO YIELD RIGHT OF WAY,39.19064,-86.58311
11,5,1900.0,1-Car,No injury/unknown,ANIMAL/OBJECT IN ROADWAY,39.19056154,-86.49009
5,6,2300.0,2-Car,Non-incapacitating,FAILURE TO YIELD RIGHT OF WAY,39.190544,-86.537712
6,3,1700.0,2-Car,Non-incapacitating,FOLLOWING TOO CLOSELY,39.190544,-86.537712
9,6,1600.0,Pedestrian,Non-incapacitating,PEDESTRIAN ACTION,39.190544,-86.537712
12,6,700.0,2-Car,No injury/unknown,BRAKE FAILURE OR DEFECTIVE,39.190544,-86.537712
10,2,1600.0,2-Car,No injury/unknown,UNSAFE BACKING,39.189968,-86.533232
12,2,700.0,2-Car,No injury/unknown,OTHER (DRIVER) - EXPLAIN IN NARRATIVE,39.18972101,-86.53766308
12,2,1000.0,1-Car,Non-incapacitating,UNSAFE SPEED,39.189648,-86.580496
7,4,1300.0,2-Car,No injury/unknown,OTHER (VEHICLE) - EXPLAIN IN NARRATIVE,39.189512,-86.52131996
4,4,1500.0,Moped/Motorcycle,Non-incapacitating,UNSAFE SPEED,39.18948392,-86.514288
1,7,1200.0,2-Car,No injury/unknown,UNSAFE BACKING,39.189248,-86.531472
4,2,1700.0,2-Car,No injury/unknown,FAILURE TO YIELD RIGHT OF WAY,39.189248,-86.531472
7,4,0.0,1-Car,Fatal,LEFT OF CENTER,39.189248,-86.660704
11,4,1200.0,2-Car,No injury/unknown,UNSAFE BACKING,39.189248,-86.531472
11,7,1900.0,1-Car,Non-incapacitating,ANIMAL/OBJECT IN ROADWAY,39.18909,-86.63028995
12,2,700.0,2-Car,No injury/unknown,OTHER (ENVIRONMENTAL) - EXPLAIN IN NARR,39.18904,-86.630096
12,3,300.0,1-Car,Fatal,OVERCORRECTING/OVERSTEERING,39.18904,-86.630096
12,2,800.0,1-Car,Non-incapacitating,OTHER (ENVIRONMENTAL) - EXPLAIN IN NARR,39.18904,-86.630096
12,4,0.0,1-Car,No injury/unknown,RAN OFF ROAD RIGHT,39.18902023,-86.62992137
12,3,2100.0,2-Car,No injury/unknown,DRIVER DISTRACTED - EXPLAIN IN NARRATIVE,39.188741,-86.576751
9,3,1500.0,2-Car,No injury/unknown,FAILURE TO YIELD RIGHT OF WAY,39.188144,-86.5376
1,3,1400.0,2-Car,Non-incapacitating,FAILURE TO YIELD RIGHT OF WAY,39.18787727,-86.5515834
1,4,800.0,2-Car,Non-incapacitating,ROADWAY SURFACE CONDITION,39.18787456,-86.53766843
9,5,800.0,1-Car,No injury/unknown,OTHER (DRIVER) - EXPLAIN IN NARRATIVE,39.187614,-86.530109
9,4,1100.0,2-Car,No injury/unknown,FAILURE TO YIELD RIGHT OF WAY,39.18741943,-86.50224214
1,2,1500.0,2-Car,No injury/unknown,DISREGARD SIGNAL/REG SIGN,39.187344,-86.5552
6,6,1800.0,2-Car,Non-incapacitating,FOLLOWING TOO CLOSELY,39.187344,-86.5552
3,5,700.0,2-Car,Non-incapacitating,OTHER (DRIVER) - EXPLAIN IN NARRATIVE,39.18721004,-86.55523885
7,1,1300.0,2-Car,No injury/unknown,DRIVER ILLNESS,39.18717217,-86.55525124
10,3,1000.0,2-Car,No injury/unknown,OTHER (DRIVER) - EXPLAIN IN NARRATIVE,39.1870868,-86.55079796
5,1,700.0,2-Car,No injury/unknown,FAILURE TO YIELD RIGHT OF WAY,39.18703572,-86.54856069
1,4,600.0,1-Car,No injury/unknown,ANIMAL/OBJECT IN ROADWAY,39.18697152,-86.54732821
1,7,1500.0,2-Car,No injury/unknown,FOLLOWING TOO CLOSELY,39.186944,-86.5468