Month,Day,Hour,Collision Type,Injury Type,Primary Factor,Latitude,Longitude
5,5,1900.0,1-Car,No injury/unknown,OTHER (DRIVER) - EXPLAIN IN NARRATIVE,39.186944,-86.5468
1,4,800.0,2-Car,No injury/unknown,SPEED TOO FAST FOR WEATHER CONDITIONS,39.18693279,-86.54644761
5,5,1300.0,2-Car,Non-incapacitating,FAILURE TO YIELD RIGHT OF WAY,39.18691604,-86.54666569
9,6,2000.0,1-Car,No injury/unknown,ANIMAL/OBJECT IN ROADWAY,39.18689778,-86.53421346
1,2,100.0,2-Car,No injury/unknown,ALCOHOLIC BEVERAGES,39.18683,-86.51446
6,4,400.0,2-Car,Non-incapacitating,RAN OFF ROAD RIGHT,39.18662237,-86.55119739
10,4,1200.0,2-Car,No injury/unknown,FOLLOWING TOO CLOSELY,39.18655186,-86.53806417
2,5,900.0,2-Car,No injury/unknown,FOLLOWING TOO CLOSELY,39.186544,-86.537888
2,1,1200.0,2-Car,No injury/unknown,IMPROPER LANE USAGE,39.186544,-86.537888
4,7,1900.0,2-Car,No injury/unknown,FOLLOWING TOO CLOSELY,39.186544,-86.537888
4,2,700.0,2-Car,No injury/unknown,OTHER (DRIVER) - EXPLAIN IN NARRATIVE,39.186544,-86.537888
4,1,1200.0,3+ Cars,Non-incapacitating,FAILURE TO YIELD RIGHT OF WAY,39.186544,-86.537888
6,6,1200.0,1-Car,No injury/unknown,RAN OFF ROAD RIGHT,39.186544,-86.537888
8,7,1300.0,2-Car,No injury/unknown,OTHER (DRIVER) - EXPLAIN IN NARRATIVE,39.186544,-86.537888
9,4,800.0,2-Car,Non-incapacitating,DISREGARD SIGNAL/REG SIGN,39.186544,-86.537888
9,2,2000.0,2-Car,Non-incapacitating,FAILURE TO YIELD RIGHT OF WAY,39.186544,-86.537888
9,6,1500.0,2-Car,No injury/unknown,FOLLOWING TOO CLOSELY,39.186544,-86.537888
10,4,700.0,3+ Cars,Non-incapacitating,FAILURE TO YIELD RIGHT OF WAY,39.186544,-86.537888
10,4,700.0,2-Car,No injury/unknown,FAILURE TO YIELD RIGHT OF WAY,39.186544,-86.537888
10,6,1800.0,3+ Cars,No injury/unknown,FOLLOWING TOO CLOSELY,39.186544,-86.537888
10,2,1700.0,Pedestrian,Non-incapacitating,DISREGARD SIGNAL/REG SIGN,39.186544,-86.537888
11,4,2200.0,1-Car,No injury/unknown,ALCOHOLIC BEVERAGES,39.186544,-86.551168
12,5,1900.0,2-Car,No injury/unknown,FOLLOWING TOO CLOSELY,39.186544,-86.537888
12,6,1600.0,2-Car,No injury/unknown,,39.186544,-86.537888
5,7,1300.0,2-Car,No injury/unknown,FOLLOWING TOO CLOSELY,39.18653552,-86.53774725
11,3,1400.0,2-Car,Non-incapacitating,OTHER (DRIVER) - EXPLAIN IN NARRATIVE,39.18641748,-86.54717
1,5,1400.0,3+ Cars,No injury/unknown,DRIVER DISTRACTED - EXPLAIN IN NARRATIVE,39.186368,-86.5344
1,1,1400.0,2-Car,Non-incapacitating,FAILURE TO YIELD RIGHT OF WAY,39.186368,-86.5344
1,4,1200.0,2-Car,No injury/unknown,UNSAFE BACKING,39.186368,-86.5344
2,3,600.0,2-Car,No injury/unknown,UNSAFE BACKING,39.186368,-86.5344
2,3,900.0,2-Car,No injury/unknown,FAILURE TO YIELD RIGHT OF WAY,39.186368,-86.5344
3,7,1300.0,2-Car,No injury/unknown,IMPROPER LANE USAGE,39.186368,-86.5344
4,2,1700.0,2-Car,No injury/unknown,FAILURE TO YIELD RIGHT OF WAY,39.186368,-86.5344
5,1,1500.0,3+ Cars,Non-incapacitating,DRIVER DISTRACTED - EXPLAIN IN NARRATIVE,39.186368,-86.5344
5,1,1100.0,2-Car,No injury/unknown,FAILURE TO YIELD RIGHT OF WAY,39.186368,-86.5344
5,1,2100.0,2-Car,Non-incapacitating,FAILURE TO YIELD RIGHT OF WAY,39.186368,-86.5344
6,5,1600.0,2-Car,Non-incapacitating,FOLLOWING TOO CLOSELY,39.186368,-86.5344
6,2,1200.0,2-Car,No injury/unknown,FAILURE TO YIELD RIGHT OF WAY,39.186368,-86.5344
7,4,900.0,2-Car,No injury/unknown,DISREGARD SIGNAL/REG SIGN,39.186368,-86.5344
8,5,1200.0,2-Car,No injury/unknown,FAILURE TO YIELD RIGHT OF WAY,39.186368,-86.5344
9,2,2000.0,2-Car,No injury/unknown,FAILURE TO YIELD RIGHT OF WAY,39.186368,-86.5344
9,6,1400.0,2-Car,No injury/unknown,FAILURE TO YIELD RIGHT OF WAY,39.186368,-86.5344
10,7,1900.0,2-Car,No injury/unknown,FOLLOWING TOO CLOSELY,39.186368,-86.5344
10,6,1800.0,2-Car,No injury/unknown,DISREGARD SIGNAL/REG SIGN,39.186368,-86.5344
11,4,1900.0,2-Car,No injury/unknown,FOLLOWING TOO CLOSELY,39.186368,-86.5344
11,6,1000.0,3+ Cars,No injury/unknown,FAILURE TO YIELD RIGHT OF WAY,39.186368,-86.5344
11,7,1900.0,2-Car,No injury/unknown,UNSAFE SPEED,39.186368,-86.5344
11,1,2000.0,2-Car,No injury/unknown,FAILURE TO YIELD RIGHT OF WAY,39.186368,-86.5344
12,4,2000.0,2-Car,No injury/unknown,FAILURE TO YIELD RIGHT OF WAY,39.186368,-86.5344
12,7,1100.0,2-Car,Non-incapacitating,IMPROPER PASSING,39.186368,-86.5344
12,6,1500.0,2-Car,No injury/unknown,FAILURE TO YIELD RIGHT OF WAY,39.186368,-86.5344
12,6,1700.0,2-Car,Non-incapacitating,FOLLOWING TOO CLOSELY,39.186368,-86.5344
12,7,900.0,2-Car,No injury/unknown,FOLLOWING TOO CLOSELY,39.186368,-86.5344
12,2,1700.0,2-Car,No injury/unknown,DRIVER DISTRACTED - EXPLAIN IN NARRATIVE,39.186368,-86.5344
9,3,1000.0,2-Car,No injury/unknown,OVERCORRECTING/OVERSTEERING,39.18636792,-86.5349679
7,3,900.0,2-Car,No injury/unknown,FOLLOWING TOO CLOSELY,39.18636487,-86.53387063
12,2,1000.0,2-Car,No injury/unknown,FAILURE TO YIELD RIGHT OF WAY,39.18636487,-86.53387063
8,5,800.0,2-Car,No injury/unknown,FAILURE TO YIELD RIGHT OF WAY,39.18636279,-86.53351772
10,7,1900.0,2-Car,No injury/unknown,FAILURE TO YIELD RIGHT OF WAY,39.18636279,-86.53351772
6,3,1700.0,2-Car,No injury/unknown,FAILURE TO YIELD RIGHT OF WAY,39.18636,-86.533048
6,2,1700.0,2-Car,No injury/unknown,IMPROPER TURNING,39.18636,-86.533048
9,1,1000.0,2-Car,Non-incapacitating,SPEED TOO FAST FOR WEATHER CONDITIONS,39.18635827,-86.53275473
12,6,1100.0,2-Car,No injury/unknown,FOLLOWING TOO CLOSELY,39.1863549,-86.53475208
6,6,1600.0,2-Car,No injury/unknown,FOLLOWING TOO CLOSELY,39.18635204,-86.52637847
10,7,700.0,1-Car,No injury/unknown,ANIMAL/OBJECT IN ROADWAY,39.18635203,-86.52673139
9,1,1300.0,2-Car,No injury/unknown,FOLLOWING TOO CLOSELY,39.186352,-86.53061353
10,4,400.0,1-Car,Non-incapacitating,OTHER (ENVIRONMENTAL) - EXPLAIN IN NARR,39.186352,-86.53061353
4,6,1700.0,Moped/Motorcycle,No injury/unknown,FOLLOWING TOO CLOSELY,39.186352,-86.528496
5,4,1700.0,3+ Cars,Non-incapacitating,FOLLOWING TOO CLOSELY,39.186352,-86.528496
5,7,1600.0,3+ Cars,Non-incapacitating,GLARE,39.186352,-86.528496
7,3,1600.0,Moped/Motorcycle,Non-incapacitating,DISREGARD SIGNAL/REG SIGN,39.186352,-86.528496
7,7,1500.0,2-Car,No injury/unknown,IMPROPER LANE USAGE,39.186352,-86.534704
9,4,1800.0,3+ Cars,Non-incapacitating,DRIVER DISTRACTED - EXPLAIN IN NARRATIVE,39.186352,-86.529792
9,6,1400.0,2-Car,No injury/unknown,FOLLOWING TOO CLOSELY,39.186352,-86.529792
9,5,1800.0,2-Car,No injury/unknown,FAILURE TO YIELD RIGHT OF WAY,39.186352,-86.528496
9,6,2000.0,2-Car,No injury/unknown,FAILURE TO YIELD RIGHT OF WAY,39.186352,-86.531696
9,3,700.0,2-Car,Non-incapacitating,FOLLOWING TOO CLOSELY,39.186352,-86.534704
10,3,1200.0,3+ Cars,Non-incapacitating,DRIVER DISTRACTED - EXPLAIN IN NARRATIVE,39.186352,-86.531696
11,1,0.0,Pedestrian,Incapacitating,PEDESTRIAN ACTION,39.186352,-86.528496
11,1,1400.0,2-Car,No injury/unknown,FOLLOWING TOO CLOSELY,39.186352,-86.528496
11,2,400.0,1-Car,No injury/unknown,ALCOHOLIC BEVERAGES,39.186352,-86.528496
12,7,2000.0,3+ Cars,No injury/unknown,DRIVER DISTRACTED - EXPLAIN IN NARRATIVE,39.186352,-86.531696
12,1,2000.0,2-Car,No injury/unknown,DISREGARD SIGNAL/REG SIGN,39.186352,-86.528496
12,7,2300.0,2-Car,No injury/unknown,OTHER (DRIVER) - EXPLAIN IN NARRATIVE,39.186352,-86.528496
2,3,1300.0,2-Car,Non-incapacitating,IMPROPER TURNING,39.18632523,-86.53454894
4,7,1200.0,2-Car,No injury/unknown,FOLLOWING TOO CLOSELY,39.18632523,-86.52843227
7,5,1100.0,2-Car,No injury/unknown,OTHER (DRIVER) - EXPLAIN IN NARRATIVE,39.18632523,-86.53454894
9,3,2100.0,2-Car,No injury/unknown,UNSAFE BACKING,39.18632523,-86.53157097
11,2,1500.0,2-Car,No injury/unknown,IMPROPER TURNING,39.18632523,-86.53454894
6,1,1400.0,1-Car,No injury/unknown,OTHER (DRIVER) - EXPLAIN IN NARRATIVE,39.18632,-86.52842
11,3,1900.0,3+ Cars,Non-incapacitating,FAILURE TO YIELD RIGHT OF WAY,39.18628555,-86.53459668
8,3,1700.0,2-Car,Non-incapacitating,FOLLOWING TOO CLOSELY,39.18626476,-86.53459132
4,5,500.0,1-Car,No injury/unknown,ANIMAL/OBJECT IN ROADWAY,39.18624327,-86.52218811
10,7,1100.0,2-Car,No injury/unknown,FOLLOWING TOO CLOSELY,39.18624327,-86.52216216
10,6,2000.0,2-Car,No injury/unknown,FAILURE TO YIELD RIGHT OF WAY,39.18624327,-86.52217946
6,3,1700.0,3+ Cars,Non-incapacitating,OTHER (DRIVER) - EXPLAIN IN NARRATIVE,39.18623982,-86.52896941
8,4,1700.0,Moped/Motorcycle,Non-incapacitating,OVERCORRECTING/OVERSTEERING,39.18611,-86.59628
10,1,400.0,1-Car,No injury/unknown,DRIVER ASLEEP OR FATIGUED,39.18611,-86.5961934
2,6,1900.0,3+ Cars,Non-incapacitating,BRAKE FAILURE OR DEFECTIVE,39.186032,-86.51984
3,1,800.0,2-Car,Non-incapacitating,LEFT OF CENTER,39.186032,-86.51984
3,3,100.0,1-Car,No injury/unknown,ANIMAL/OBJECT IN ROADWAY,39.186032,-86.51984
9,1,2000.0,2-Car,Non-incapacitating,PRESCRIPTION DRUGS,39.186032,-86.51984
11,6,1600.0,2-Car,No injury/unknown,IMPROPER LANE USAGE,39.186032,-86.51984
2,4,2000.0,2-Car,No injury/unknown,FOLLOWING TOO CLOSELY,39.18595739,-86.53444322
2,1,1500.0,2-Car,No injury/unknown,UNSAFE BACKING,39.18584,-86.537872
8,1,1200.0,2-Car,No injury/unknown,FAILURE TO YIELD RIGHT OF WAY,39.18559791,-86.53786335
11,5,900.0,1-Car,No injury/unknown,OTHER (DRIVER) - EXPLAIN IN NARRATIVE,39.1853987,-86.52009
5,3,2000.0,2-Car,No injury/unknown,FAILURE TO YIELD RIGHT OF WAY,39.185392,-86.537856
7,4,1100.0,2-Car,No injury/unknown,FAILURE TO YIELD RIGHT OF WAY,39.185392,-86.537856
8,4,2300.0,Cyclist,Non-incapacitating,FAILURE TO YIELD RIGHT OF WAY,39.185392,-86.537856
10,6,1300.0,2-Car,No injury/unknown,FOLLOWING TOO CLOSELY,39.185392,-86.537856
12,7,2000.0,2-Car,No injury/unknown,FOLLOWING TOO CLOSELY,39.185392,-86.537856
4,7,1700.0,2-Car,Non-incapacitating,FOLLOWING TOO CLOSELY,39.1853888,-86.51865509
9,3,1400.0,1-Car,No injury/unknown,SPEED TOO FAST FOR WEATHER CONDITIONS,39.185232,-86.54089476
1,5,900.0,Bus,No injury/unknown,OTHER (DRIVER) - EXPLAIN IN NARRATIVE,39.185232,-86.54060206
4,1,1200.0,2-Car,No injury/unknown,OTHER (DRIVER) - EXPLAIN IN NARRATIVE,39.185232,-86.54060206
9,1,1200.0,2-Car,No injury/unknown,UNSAFE BACKING,39.185232,-86.54060206
10,1,300.0,Pedestrian,Non-incapacitating,OTHER (DRIVER) - EXPLAIN IN NARRATIVE,39.185232,-86.54060206
11,2,800.0,3+ Cars,No injury/unknown,OTHER (DRIVER) - EXPLAIN IN NARRATIVE,39.185232,-86.54060206
12,1,1500.0,2-Car,No injury/unknown,VIEW OBSTRUCTED,39.185232,-86.54060206
8,7,400.0,2-Car,No injury/unknown,OTHER (DRIVER) - EXPLAIN IN NARRATIVE,39.1852,-86.541952
12,2,900.0,1-Car,No injury/unknown,OTHER (ENVIRONMENTAL) - EXPLAIN IN NARR,39.1852,-86.541952
12,1,1300.0,2-Car,No injury/unknown,OTHER (DRIVER) - EXPLAIN IN NARRATIVE,39.18519948,-86.51934049
11,7,1900.0,2-Car,No injury/unknown,OTHER (DRIVER) - EXPLAIN IN NARRATIVE,39.185152,-86.535296
3,6,300.0,1-Car,No injury/unknown,ALCOHOLIC BEVERAGES,39.185132,-86.537738
1,4,1500.0,2-Car,No injury/unknown,OTHER (VEHICLE) - EXPLAIN IN NARRATIVE,39.185072,-86.538931
11,5,1200.0,Bus,No injury/unknown,IMPROPER PASSING,39.18458446,-86.52691
4,6,1000.0,2-Car,No injury/unknown,UNSAFE BACKING,39.184508,-86.538688
9,5,2200.0,2-Car,No injury/unknown,IMPROPER TURNING,39.184506,-86.538717
11,3,2300.0,1-Car,No injury/unknown,RAN OFF ROAD RIGHT,39.18445973,-86.54688
11,4,2100.0,1-Car,No injury/unknown,ANIMAL/OBJECT IN ROADWAY,39.18437785,-86.4698183
4,7,600.0,1-Car,No injury/unknown,UNSAFE SPEED,39.18436707,-86.39152511
1,6,100.0,2-Car,No injury/unknown,OTHER (DRIVER) - EXPLAIN IN NARRATIVE,39.184159,-86.583093
7,6,1400.0,1-Car,No injury/unknown,CELL PHONE USAGE,39.18403006,-86.57034501
4,5,2300.0,2-Car,Non-incapacitating,OTHER (DRIVER) - EXPLAIN IN NARRATIVE,39.18384,-86.5192
5,7,800.0,2-Car,Non-incapacitating,FOLLOWING TOO CLOSELY,39.18384,-86.5192
11,3,1200.0,2-Car,No injury/unknown,OTHER (DRIVER) - EXPLAIN IN NARRATIVE,39.18384,-86.5192
12,7,1400.0,2-Car,No injury/unknown,FAILURE TO YIELD RIGHT OF WAY,39.18384,-86.5192
1,5,800.0,2-Car,No injury/unknown,VIEW OBSTRUCTED,39.18377,-86.51691191
1,5,800.0,2-Car,No injury/unknown,VIEW OBSTRUCTED,39.18377,-86.51687038
2,4,1800.0,Bus,No injury/unknown,IMPROPER TURNING,39.18377,-86.51686
1,5,1800.0,2-Car,No injury/unknown,OTHER (DRIVER) - EXPLAIN IN NARRATIVE,39.183662,-86.530456
4,1,1100.0,3+ Cars,No injury/unknown,FAILURE TO YIELD RIGHT OF WAY,39.1836579,-86.53429149
11,7,0.0,2-Car,No injury/unknown,OTHER (DRIVER) - EXPLAIN IN NARRATIVE,39.183537,-86.528335
7,6,0.0,1-Car,Non-incapacitating,LEFT OF CENTER,39.18336,-86.53463
1,3,0.0,1-Car,No injury/unknown,OTHER (DRIVER) - EXPLAIN IN NARRATIVE,39.18335771,-86.53469029
10,7,800.0,1-Car,No injury/unknown,OTHER (DRIVER) - EXPLAIN IN NARRATIVE,39.183334,-86.534142
7,3,2200.0,1-Car,Non-incapacitating,ROADWAY SURFACE CONDITION,39.18327098,-86.53402805
7,5,900.0,2-Car,Non-incapacitating,SPEED TOO FAST FOR WEATHER CONDITIONS,39.18323799,-86.51178391
8,1,1900.0,Moped/Motorcycle,No injury/unknown,IMPROPER TURNING,39.18323799,-86.51178391
4,6,1400.0,2-Car,No injury/unknown,UNSAFE BACKING,39.18300299,-86.53407644
2,5,900.0,2-Car,No injury/unknown,FOLLOWING TOO CLOSELY,39.182976,-86.528416
3,5,2100.0,2-Car,No injury/unknown,,39.182976,-86.528416
4,3,0.0,2-Car,No injury/unknown,OTHER (DRIVER) - EXPLAIN IN NARRATIVE,39.182976,-86.528416
5,7,2100.0,2-Car,No injury/unknown,UNSAFE BACKING,39.182976,-86.528416
5,7,100.0,2-Car,No injury/unknown,SPEED TOO FAST FOR WEATHER CONDITIONS,39.182976,-86.528416
8,1,300.0,2-Car,No injury/unknown,UNSAFE BACKING,39.182976,-86.528416
4,3,1900.0,2-Car,No injury/unknown,OTHER (DRIVER) - EXPLAIN IN NARRATIVE,39.182816,-86.542032
10,1,200.0,3+ Cars,No injury/unknown,UNSAFE BACKING,39.182768,-86.53056
2,7,900.0,2-Car,No injury/unknown,OTHER (DRIVER) - EXPLAIN IN NARRATIVE,39.182653,-86.537929
12,3,1400.0,1-Car,No injury/unknown,UNSAFE BACKING,39.18256411,-86.52243
1,1,300.0,2-Car,No injury/unknown,OTHER (DRIVER) - EXPLAIN IN NARRATIVE,39.18220833,-86.53381551
5,7,300.0,2-Car,No injury/unknown,UNSAFE BACKING,39.18220833,-86.53381551
8,2,1500.0,2-Car,Non-incapacitating,DRIVER DISTRACTED - EXPLAIN IN NARRATIVE,39.18219189,-86.49825
5,4,1000.0,2-Car,No injury/unknown,UNSAFE BACKING,39.18207706,-86.53377241
2,1,2100.0,2-Car,No injury/unknown,OTHER (DRIVER) - EXPLAIN IN NARRATIVE,39.18198955,-86.53374367
1,5,1600.0,2-Car,No injury/unknown,UNSAFE SPEED,39.18184,-86.5284
2,2,2100.0,2-Car,Non-incapacitating,FOLLOWING TOO CLOSELY,39.18184,-86.5284
2,5,1900.0,2-Car,No injury/unknown,OTHER (DRIVER) - EXPLAIN IN NARRATIVE,39.18184,-86.532192
5,1,200.0,2-Car,No injury/unknown,,39.18184,-86.5318511
8,6,1000.0,2-Car,No injury/unknown,IMPROPER TURNING,39.18184,-86.532192
10,6,1600.0,2-Car,No injury/unknown,UNSAFE BACKING,39.18184,-86.5284
10,7,1100.0,2-Car,No injury/unknown,FAILURE TO YIELD RIGHT OF WAY,39.18184,-86.532192
10,5,1100.0,2-Car,No injury/unknown,FAILURE TO YIELD RIGHT OF WAY,39.181744,-86.530192
4,2,1600.0,2-Car,No injury/unknown,FAILURE TO YIELD RIGHT OF WAY,39.18162924,-86.53471004
9,3,1900.0,2-Car,No injury/unknown,UNSAFE BACKING,39.18162924,-86.53471004
5,7,600.0,2-Car,No injury/unknown,FOLLOWING TOO CLOSELY,39.181552,-86.5336
9,4,800.0,2-Car,No injury/unknown,OTHER (DRIVER) - EXPLAIN IN NARRATIVE,39.1814028,-86.49475391
10,7,400.0,2-Car,No injury/unknown,UNSAFE BACKING,39.18104,-86.530304
10,3,1500.0,2-Car,No injury/unknown,SPEED TOO FAST FOR WEATHER CONDITIONS,39.18104,-86.5284
8,1,1600.0,2-Car,No injury/unknown,UNSAFE BACKING,39.18081529,-86.511088
1,5,300.0,2-Car,No injury/unknown,,39.18079265,-86.54067618
8,2,1200.0,2-Car,No injury/unknown,OTHER (DRIVER) - EXPLAIN IN NARRATIVE,39.180736,-86.533603
4,5,1100.0,2-Car,No injury/unknown,DRIVER DISTRACTED - EXPLAIN IN NARRATIVE,39.18062115,-86.583175
12,1,1600.0,1-Car,Non-incapacitating,ANIMAL/OBJECT IN ROADWAY,39.18058537,-86.50812498
4,6,800.0,1-Car,No injury/unknown,OTHER (DRIVER) - EXPLAIN IN NARRATIVE,39.18054912,-86.51906065
7,6,600.0,2-Car,No injury/unknown,,39.18053187,-86.53880757
10,1,1800.0,2-Car,No injury/unknown,,39.180529,-86.511011
4,6,300.0,2-Car,No injury/unknown,OTHER (VEHICLE) - EXPLAIN IN NARRATIVE,39.18040363,-86.53992675
11,2,1500.0,2-Car,No injury/unknown,FAILURE TO YIELD RIGHT OF WAY,39.180352,-86.52928223
4,7,100.0,2-Car,No injury/unknown,UNSAFE BACKING,39.180352,-86.529792
9,4,2000.0,3+ Cars,No injury/unknown,OTHER TELEMATICS IN USE,39.180352,-86.5284
11,2,1400.0,2-Car,No injury/unknown,FAILURE TO YIELD RIGHT OF WAY,39.180352,-86.5284
11,5,1700.0,2-Car,No injury/unknown,FOLLOWING TOO CLOSELY,39.180352,-86.5284
6,7,2000.0,1-Car,No injury/unknown,OTHER (DRIVER) - EXPLAIN IN NARRATIVE,39.180351,-86.519097
11,2,1600.0,2-Car,No injury/unknown,OTHER (DRIVER) - EXPLAIN IN NARRATIVE,39.18019,-86.528309
11,7,2300.0,2-Car,No injury/unknown,ALCOHOLIC BEVERAGES,39.18019,-86.52831
6,3,1600.0,2-Car,No injury/unknown,UNSAFE BACKING,39.180144,-86.539712
3,3,900.0,2-Car,No injury/unknown,UNSAFE BACKING,39.18011152,-86.52009
5,5,1700.0,2-Car,No injury/unknown,UNSAFE BACKING,39.180088,-86.510946
11,2,1300.0,2-Car,No injury/unknown,OTHER (VEHICLE) - EXPLAIN IN NARRATIVE,39.180048,-86.544
7,5,0.0,2-Car,No injury/unknown,OTHER (DRIVER) - EXPLAIN IN NARRATIVE,39.180042,-86.544076
11,6,1600.0,1-Car,No injury/unknown,RAN OFF ROAD RIGHT,39.17991273,-86.5321718
4,6,1400.0,2-Car,No injury/unknown,DRIVER DISTRACTED - EXPLAIN IN NARRATIVE,39.17984,-86.507088
5,3,1000.0,2-Car,No injury/unknown,OTHER (DRIVER) - EXPLAIN IN NARRATIVE,39.17984,-86.507088
6,5,1000.0,2-Car,Non-incapacitating,FOLLOWING TOO CLOSELY,39.17984,-86.507088
9,6,1800.0,2-Car,No injury/unknown,FOLLOWING TOO CLOSELY,39.17984,-86.507088
10,5,1000.0,3+ Cars,Non-incapacitating,OTHER (DRIVER) - EXPLAIN IN NARRATIVE,39.17984,-86.507088
11,3,1800.0,2-Car,No injury/unknown,FAILURE TO YIELD RIGHT OF WAY,39.17984,-86.507088
11,7,2000.0,2-Car,No injury/unknown,FAILURE TO YIELD RIGHT OF WAY,39.17984,-86.507088
12,7,2200.0,1-Car,No injury/unknown,ROADWAY SURFACE CONDITION,39.17984,-86.507088
12,6,1600.0,2-Car,No injury/unknown,FOLLOWING TOO CLOSELY,39.17984,-86.507088
11,3,1800.0,2-Car,Non-incapacitating,DISREGARD SIGNAL/REG SIGN,39.17971702,-86.50722818
5,1,1600.0,2-Car,No injury/unknown,FOLLOWING TOO CLOSELY,39.17950931,-86.53471795
2,5,600.0,1-Car,No injury/unknown,OVERCORRECTING/OVERSTEERING,39.179344,-86.564
4,6,1800.0,2-Car,No injury/unknown,UNSAFE BACKING,39.1792808,-86.511088
11,2,1300.0,2-Car,No injury/unknown,UNSAFE SPEED,39.17925,-86.5084
8,1,0.0,1-Car,No injury/unknown,RAN OFF ROAD RIGHT,39.179248,-86.55223911
12,2,800.0,1-Car,No injury/unknown,RAN OFF ROAD RIGHT,39.179248,-86.55266258
1,4,700.0,Bus,Non-incapacitating,ROADWAY SURFACE CONDITION,39.179248,-86.547104
1,3,1500.0,2-Car,Non-incapacitating,FAILURE TO YIELD RIGHT OF WAY,39.179248,-86.552592
1,5,1900.0,1-Car,No injury/unknown,OTHER (DRIVER) - EXPLAIN IN NARRATIVE,39.179248,-86.5832
1,2,700.0,2-Car,No injury/unknown,FAILURE TO YIELD RIGHT OF WAY,39.179248,-86.547104
2,3,900.0,2-Car,No injury/unknown,ROADWAY SURFACE CONDITION,39.179248,-86.552592
2,4,1100.0,3+ Cars,No injury/unknown,FAILURE TO YIELD RIGHT OF WAY,39.179248,-86.552592
5,5,1500.0,2-Car,No injury/unknown,FAILURE TO YIELD RIGHT OF WAY,39.179248,-86.547104
6,3,1400.0,1-Car,No injury/unknown,IMPROPER TURNING,39.179248,-86.5832
7,3,2000.0,Cyclist,Non-incapacitating,OTHER (DRIVER) - EXPLAIN IN NARRATIVE,39.179248,-86.547104
8,3,0.0,2-Car,Non-incapacitating,FAILURE TO YIELD RIGHT OF WAY,39.179248,-86.547104
8,6,1700.0,2-Car,No injury/unknown,IMPROPER TURNING,39.179248,-86.547104
9,1,500.0,1-Car,Non-incapacitating,OTHER (DRIVER) - EXPLAIN IN NARRATIVE,39.179248,-86.547104
10,6,200.0,1-Car,Non-incapacitating,SPEED TOO FAST FOR WEATHER CONDITIONS,39.179248,-86.556592
10,2,2000.0,2-Car,Non-incapacitating,FAILURE TO YIELD RIGHT OF WAY,39.179248,-86.547104
10,3,2200.0,1-Car,Non-incapacitating,DRIVER DISTRACTED - EXPLAIN IN NARRATIVE,39.179248,-86.547104
10,4,1400.0,2-Car,No injury/unknown,FOLLOWING TOO CLOSELY,39.179248,-86.547104
11,2,1600.0,2-Car,No injury/unknown,FOLLOWING TOO CLOSELY,39.179248,-86.547104
4,7,2200.0,2-Car,No injury/unknown,,39.17924114,-86.53084571
4,4,1400.0,2-Car,No injury/unknown,UNSAFE BACKING,39.179238,-86.510934
1,4,1200.0,Moped/Motorcycle,Non-incapacitating,FAILURE TO YIELD RIGHT OF WAY,39.17920423,-86.59109473
12,3,1500.0,2-Car,Non-incapacitating,FAILURE TO YIELD RIGHT OF WAY,39.17918,-86.56392567
11,5,1500.0,Moped/Motorcycle,Non-incapacitating,FAILURE TO YIELD RIGHT OF WAY,39.17914089,-86.5450736
1,2,1800.0,Pedestrian,Incapacitating,PEDESTRIAN ACTION,39.17911,-86.55409
2,6,2000.0,2-Car,No injury/unknown,UNSAFE BACKING,39.179104,-86.544016
4,2,1700.0,2-Car,No injury/unknown,FOLLOWING TOO CLOSELY,39.179104,-86.544016
11,7,1600.0,2-Car,No injury/unknown,FAILURE TO YIELD RIGHT OF WAY,39.179104,-86.544016
7,3,900.0,2-Car,Non-incapacitating,DRIVER ASLEEP OR FATIGUED,39.17909206,-86.47440912
1,4,800.0,1-Car,No injury/unknown,ROADWAY SURFACE CONDITION,39.17908,-86.55262
4,2,2100.0,2-Car,No injury/unknown,FOLLOWING TOO CLOSELY,39.17904,-86.53102444
2,4,1800.0,2-Car,No injury/unknown,FOLLOWING TOO CLOSELY,39.17904,-86.5284
2,4,1900.0,2-Car,No injury/unknown,IMPROPER TURNING,39.17904,-86.542096
2,5,300.0,1-Car,No injury/unknown,ALCOHOLIC BEVERAGES,39.17904,-86.5320128
2,2,700.0,2-Car,Non-incapacitating,UNSAFE SPEED,39.17904,-86.5284
4,5,1900.0,2-Car,No injury/unknown,FOLLOWING TOO CLOSELY,39.17904,-86.542096
4,3,700.0,2-Car,No injury/unknown,OTHER (DRIVER) - EXPLAIN IN NARRATIVE,39.17904,-86.5284
6,3,1100.0,2-Car,Non-incapacitating,FOLLOWING TOO CLOSELY,39.17904,-86.5284
6,6,2200.0,2-Car,Non-incapacitating,OTHER (DRIVER) - EXPLAIN IN NARRATIVE,39.17904,-86.542096
8,6,1700.0,2-Car,No injury/unknown,SPEED TOO FAST FOR WEATHER CONDITIONS,39.17904,-86.530848
9,6,100.0,1-Car,No injury/unknown,OVERCORRECTING/OVERSTEERING,39.17904,-86.532096
9,6,1700.0,2-Car,No injury/unknown,FAILURE TO YIELD RIGHT OF WAY,39.17904,-86.530848
10,5,1600.0,2-Car,Incapacitating,FAILURE TO YIELD RIGHT OF WAY,39.17904,-86.530848