Month,Day,Hour,Collision Type,Injury Type,Primary Factor,Latitude,Longitude
10,4,1200.0,1-Car,No injury/unknown,DRIVER DISTRACTED - EXPLAIN IN NARRATIVE,39.17904,-86.542096
10,6,2100.0,2-Car,Non-incapacitating,FOLLOWING TOO CLOSELY,39.17904,-86.530848
10,2,900.0,2-Car,No injury/unknown,IMPROPER PASSING,39.17904,-86.542096
10,7,1400.0,2-Car,No injury/unknown,FAILURE TO YIELD RIGHT OF WAY,39.17904,-86.5284
11,1,1200.0,2-Car,No injury/unknown,UNSAFE BACKING,39.17904,-86.532096
11,2,1600.0,2-Car,No injury/unknown,FAILURE TO YIELD RIGHT OF WAY,39.17904,-86.5284
12,7,1200.0,2-Car,No injury/unknown,BRAKE FAILURE OR DEFECTIVE,39.17904,-86.5284
12,2,1100.0,2-Car,No injury/unknown,UNSAFE BACKING,39.17904,-86.5284
4,5,1400.0,2-Car,No injury/unknown,UNSAFE BACKING,39.17903837,-86.52827755
2,1,1500.0,2-Car,No injury/unknown,ROADWAY SURFACE CONDITION,39.17902922,-86.54074906
10,3,1600.0,3+ Cars,No injury/unknown,FOLLOWING TOO CLOSELY,39.17902635,-86.52737642
2,3,900.0,2-Car,No injury/unknown,SPEED TOO FAST FOR WEATHER CONDITIONS,39.179024,-86.5272
4,3,1700.0,2-Car,No injury/unknown,FAILURE TO YIELD RIGHT OF WAY,39.179024,-86.5272
5,4,1600.0,2-Car,No injury/unknown,FAILURE TO YIELD RIGHT OF WAY,39.179024,-86.539616
5,4,1600.0,2-Car,No injury/unknown,OTHER (DRIVER) - EXPLAIN IN NARRATIVE,39.179024,-86.539616
5,6,1500.0,Bus,No injury/unknown,IMPROPER TURNING,39.179024,-86.5272
5,4,1200.0,2-Car,Non-incapacitating,SPEED TOO FAST FOR WEATHER CONDITIONS,39.179024,-86.5272
8,2,100.0,1-Car,Non-incapacitating,ALCOHOLIC BEVERAGES,39.179024,-86.5272
9,3,1700.0,Bus,No injury/unknown,IMPROPER LANE USAGE,39.179024,-86.5272
10,5,2000.0,2-Car,Non-incapacitating,SPEED TOO FAST FOR WEATHER CONDITIONS,39.179024,-86.5272
12,2,1700.0,2-Car,Non-incapacitating,HEADLIGHT DEFECTIVE OR NOT ON,39.179024,-86.539616
12,1,1800.0,2-Car,Non-incapacitating,CELL PHONE USAGE,39.179024,-86.5272
12,4,1000.0,2-Car,No injury/unknown,FOLLOWING TOO CLOSELY,39.179024,-86.5272
2,1,1400.0,2-Car,No injury/unknown,,39.17902,-86.521092
3,2,900.0,2-Car,No injury/unknown,UNSAFE BACKING,39.17902,-86.525975
8,2,900.0,2-Car,No injury/unknown,IMPROPER TURNING,39.17902,-86.525975
8,5,1400.0,2-Car,No injury/unknown,UNSAFE SPEED,39.1790197,-86.52684716
3,6,200.0,2-Car,No injury/unknown,OTHER (DRIVER) - EXPLAIN IN NARRATIVE,39.17901878,-86.52677159
7,2,1200.0,2-Car,No injury/unknown,UNSAFE BACKING,39.179015,-86.52038
11,3,700.0,2-Car,Non-incapacitating,SPEED TOO FAST FOR WEATHER CONDITIONS,39.17901,-86.52833
12,2,800.0,1-Car,No injury/unknown,OTHER (ENVIRONMENTAL) - EXPLAIN IN NARR,39.17901,-86.52833
1,2,1400.0,Bus,No injury/unknown,UNSAFE BACKING,39.179008,-86.525888
2,3,1500.0,2-Car,No injury/unknown,FAILURE TO YIELD RIGHT OF WAY,39.179008,-86.525888
2,3,1700.0,Bus,No injury/unknown,SPEED TOO FAST FOR WEATHER CONDITIONS,39.179008,-86.525888
3,3,1700.0,2-Car,No injury/unknown,UNSAFE BACKING,39.179008,-86.525888
4,2,1700.0,2-Car,No injury/unknown,UNSAFE BACKING,39.179008,-86.525888
8,2,1500.0,2-Car,No injury/unknown,UNSAFE BACKING,39.179008,-86.525888
9,4,1800.0,2-Car,No injury/unknown,FAILURE TO YIELD RIGHT OF WAY,39.179008,-86.525888
9,4,1500.0,Cyclist,Non-incapacitating,FAILURE TO YIELD RIGHT OF WAY,39.179008,-86.525888
9,5,1400.0,2-Car,No injury/unknown,OTHER (DRIVER) - EXPLAIN IN NARRATIVE,39.179008,-86.525888
10,6,2000.0,2-Car,No injury/unknown,FOLLOWING TOO CLOSELY,39.179008,-86.525888
10,4,1600.0,2-Car,No injury/unknown,FAILURE TO YIELD RIGHT OF WAY,39.179008,-86.525888
10,5,1800.0,2-Car,No injury/unknown,FAILURE TO YIELD RIGHT OF WAY,39.179008,-86.525888
11,2,1600.0,2-Car,No injury/unknown,FAILURE TO YIELD RIGHT OF WAY,39.179008,-86.525888
11,6,2100.0,2-Car,No injury/unknown,OTHER TELEMATICS IN USE,39.179008,-86.525888
12,2,500.0,1-Car,No injury/unknown,ANIMAL/OBJECT IN ROADWAY,39.17900668,-86.56324256
12,6,1000.0,2-Car,No injury/unknown,FAILURE TO YIELD RIGHT OF WAY,39.17899633,-86.53803896
2,2,1500.0,2-Car,No injury/unknown,FAILURE TO YIELD RIGHT OF WAY,39.178992,-86.537792
2,4,1000.0,2-Car,No injury/unknown,FOLLOWING TOO CLOSELY,39.178992,-86.537792
2,5,1000.0,2-Car,No injury/unknown,DISREGARD SIGNAL/REG SIGN,39.178992,-86.537792
3,1,1900.0,2-Car,No injury/unknown,FAILURE TO YIELD RIGHT OF WAY,39.178992,-86.537792
4,1,2200.0,2-Car,No injury/unknown,DISREGARD SIGNAL/REG SIGN,39.178992,-86.537792
4,7,400.0,2-Car,No injury/unknown,DISREGARD SIGNAL/REG SIGN,39.178992,-86.537792
7,7,2300.0,2-Car,No injury/unknown,LEFT OF CENTER,39.178992,-86.537792
8,4,1200.0,2-Car,Non-incapacitating,FAILURE TO YIELD RIGHT OF WAY,39.178992,-86.537792
9,3,1300.0,1-Car,No injury/unknown,OTHER (VEHICLE) - EXPLAIN IN NARRATIVE,39.178992,-86.537792
9,6,1700.0,2-Car,No injury/unknown,FOLLOWING TOO CLOSELY,39.178992,-86.523504
10,5,1700.0,2-Car,No injury/unknown,FAILURE TO YIELD RIGHT OF WAY,39.178992,-86.523504
10,6,1300.0,2-Car,No injury/unknown,FAILURE TO YIELD RIGHT OF WAY,39.178992,-86.537792
10,7,1700.0,2-Car,No injury/unknown,OTHER (DRIVER) - EXPLAIN IN NARRATIVE,39.178992,-86.537792
11,4,1200.0,2-Car,Non-incapacitating,FAILURE TO YIELD RIGHT OF WAY,39.178992,-86.537792
8,6,1700.0,2-Car,Non-incapacitating,FOLLOWING TOO CLOSELY,39.17898559,-86.53708628
9,3,900.0,3+ Cars,No injury/unknown,OTHER (DRIVER) - EXPLAIN IN NARRATIVE,39.17897394,-86.52938043
7,1,2200.0,2-Car,No injury/unknown,OTHER (DRIVER) - EXPLAIN IN NARRATIVE,39.17897,-86.532216
7,3,1100.0,2-Car,No injury/unknown,FAILURE TO YIELD RIGHT OF WAY,39.17896861,-86.53542568
11,6,1700.0,2-Car,No injury/unknown,FOLLOWING TOO CLOSELY,39.17896726,-86.55952979
9,6,1400.0,2-Car,Non-incapacitating,OTHER (DRIVER) - EXPLAIN IN NARRATIVE,39.17896352,-86.53312853
1,4,1700.0,2-Car,No injury/unknown,FAILURE TO YIELD RIGHT OF WAY,39.17896194,-86.52124678
10,7,2200.0,2-Car,No injury/unknown,FAILURE TO YIELD RIGHT OF WAY,39.17896172,-86.53486114
2,3,800.0,2-Car,No injury/unknown,DRIVER DISTRACTED - EXPLAIN IN NARRATIVE,39.17896,-86.53472
2,5,400.0,1-Car,Non-incapacitating,ALCOHOLIC BEVERAGES,39.17896,-86.53472
2,5,1600.0,2-Car,No injury/unknown,VIEW OBSTRUCTED,39.17896,-86.521088
3,7,800.0,2-Car,No injury/unknown,UNSAFE BACKING,39.17896,-86.53472
3,3,1400.0,2-Car,No injury/unknown,DISREGARD SIGNAL/REG SIGN,39.17896,-86.53472
6,5,1000.0,2-Car,Non-incapacitating,DRIVER DISTRACTED - EXPLAIN IN NARRATIVE,39.17896,-86.53472
7,2,1500.0,2-Car,Non-incapacitating,DISREGARD SIGNAL/REG SIGN,39.17896,-86.53472
9,1,0.0,2-Car,No injury/unknown,UNSAFE BACKING,39.17896,-86.53472
9,3,1100.0,2-Car,No injury/unknown,IMPROPER TURNING,39.17896,-86.521088
10,5,1700.0,2-Car,No injury/unknown,FAILURE TO YIELD RIGHT OF WAY,39.17896,-86.521088
11,5,1700.0,2-Car,No injury/unknown,FOLLOWING TOO CLOSELY,39.17896,-86.521088
4,5,1500.0,2-Car,No injury/unknown,FOLLOWING TOO CLOSELY,39.17895462,-86.52073518
11,7,0.0,Pedestrian,Non-incapacitating,UNSAFE BACKING,39.1789454,-86.52013144
1,7,1600.0,2-Car,No injury/unknown,DISREGARD SIGNAL/REG SIGN,39.178944,-86.533392
6,2,800.0,Cyclist,Non-incapacitating,PEDESTRIAN ACTION,39.178944,-86.533392
8,2,1600.0,2-Car,No injury/unknown,UNSAFE BACKING,39.178944,-86.533392
8,3,100.0,2-Car,No injury/unknown,ALCOHOLIC BEVERAGES,39.178944,-86.533392
9,5,1400.0,Bus,No injury/unknown,FAILURE TO YIELD RIGHT OF WAY,39.178944,-86.533392
10,3,1300.0,Pedestrian,Non-incapacitating,FAILURE TO YIELD RIGHT OF WAY,39.178944,-86.533392
9,4,1500.0,2-Car,Non-incapacitating,FAILURE TO YIELD RIGHT OF WAY,39.17893156,-86.51922486
1,3,700.0,1-Car,No injury/unknown,ROADWAY SURFACE CONDITION,39.178928,-86.518992
1,4,2300.0,1-Car,No injury/unknown,ROADWAY SURFACE CONDITION,39.178928,-86.518992
1,5,900.0,2-Car,No injury/unknown,FOLLOWING TOO CLOSELY,39.178928,-86.518992
9,6,1600.0,2-Car,No injury/unknown,FOLLOWING TOO CLOSELY,39.178928,-86.518992
10,5,2000.0,2-Car,Non-incapacitating,FAILURE TO YIELD RIGHT OF WAY,39.178928,-86.518992
10,5,2100.0,1-Car,No injury/unknown,RAN OFF ROAD RIGHT,39.17891655,-86.52839238
4,3,1600.0,2-Car,No injury/unknown,IMPROPER LANE USAGE,39.17887416,-86.51461657
11,1,1600.0,2-Car,No injury/unknown,OTHER (DRIVER) - EXPLAIN IN NARRATIVE,39.17887129,-86.51438724
2,5,1500.0,3+ Cars,No injury/unknown,IMPROPER TURNING,39.178848,-86.511088
4,5,1700.0,2-Car,No injury/unknown,DRIVER DISTRACTED - EXPLAIN IN NARRATIVE,39.178848,-86.51144088
9,6,800.0,2-Car,No injury/unknown,UNSAFE BACKING,39.178848,-86.511088
11,6,1600.0,2-Car,No injury/unknown,DRIVER DISTRACTED - EXPLAIN IN NARRATIVE,39.178848,-86.511088
4,6,1700.0,3+ Cars,No injury/unknown,SPEED TOO FAST FOR WEATHER CONDITIONS,39.17873337,-86.52588324
12,5,600.0,1-Car,No injury/unknown,DRIVER ASLEEP OR FATIGUED,39.17869919,-86.58316993
3,3,1400.0,3+ Cars,No injury/unknown,FOLLOWING TOO CLOSELY,39.17856339,-86.56000817
1,5,1200.0,2-Car,No injury/unknown,FAILURE TO YIELD RIGHT OF WAY,39.177952,-86.523504
2,4,0.0,2-Car,No injury/unknown,OTHER (VEHICLE) - EXPLAIN IN NARRATIVE,39.177952,-86.523504
11,7,900.0,2-Car,Non-incapacitating,DISREGARD SIGNAL/REG SIGN,39.17784,-86.533408
2,6,0.0,2-Car,No injury/unknown,OTHER (DRIVER) - EXPLAIN IN NARRATIVE,39.17781258,-86.53235234
9,4,1900.0,2-Car,Non-incapacitating,FAILURE TO YIELD RIGHT OF WAY,39.177792,-86.530864
11,2,1200.0,2-Car,No injury/unknown,OTHER (DRIVER) - EXPLAIN IN NARRATIVE,39.177792,-86.530864
4,2,1700.0,2-Car,No injury/unknown,OTHER (VEHICLE) - EXPLAIN IN NARRATIVE,39.177744,-86.583079
10,6,2100.0,1-Car,Non-incapacitating,CELL PHONE USAGE,39.177744,-86.52832
9,3,1200.0,2-Car,No injury/unknown,ANIMAL/OBJECT IN ROADWAY,39.177648,-86.562
2,3,900.0,2-Car,No injury/unknown,SPEED TOO FAST FOR WEATHER CONDITIONS,39.1775537,-86.5612041
3,7,1600.0,1-Car,No injury/unknown,RAN OFF ROAD RIGHT,39.17737768,-86.5609886
8,5,1400.0,2-Car,Non-incapacitating,DISREGARD SIGNAL/REG SIGN,39.17737768,-86.5609886
9,3,800.0,2-Car,Non-incapacitating,OTHER (DRIVER) - EXPLAIN IN NARRATIVE,39.17737768,-86.5609886
11,6,1700.0,2-Car,No injury/unknown,OTHER (DRIVER) - EXPLAIN IN NARRATIVE,39.17737768,-86.5609886
5,6,800.0,2-Car,No injury/unknown,FAILURE TO YIELD RIGHT OF WAY,39.1773722,-86.47737644
8,3,300.0,1-Car,No injury/unknown,UNSAFE SPEED,39.17737085,-86.56097859
8,1,1300.0,2-Car,Non-incapacitating,OTHER (DRIVER) - EXPLAIN IN NARRATIVE,39.17737085,-86.56096128
4,7,1500.0,2-Car,No injury/unknown,OTHER (VEHICLE) - EXPLAIN IN NARRATIVE,39.17729391,-86.5189799
5,6,2300.0,2-Car,No injury/unknown,IMPROPER TURNING,39.17729391,-86.5189799
1,4,1200.0,2-Car,No injury/unknown,OTHER (ENVIRONMENTAL) - EXPLAIN IN NARR,39.177276,-86.512506
4,6,1700.0,2-Car,No injury/unknown,OTHER (DRIVER) - EXPLAIN IN NARRATIVE,39.177248,-86.512496
12,7,700.0,2-Car,Non-incapacitating,RAN OFF ROAD RIGHT,39.17719496,-86.53773804
4,3,1100.0,2-Car,No injury/unknown,FAILURE TO YIELD RIGHT OF WAY,39.17715,-86.51253
10,7,100.0,1-Car,No injury/unknown,ANIMAL/OBJECT IN ROADWAY,39.17715,-86.51253
9,6,1400.0,2-Car,No injury/unknown,IMPROPER LANE USAGE,39.17694788,-86.56192165
2,5,900.0,2-Car,No injury/unknown,ROADWAY SURFACE CONDITION,39.176944,-86.528272
8,7,1500.0,2-Car,No injury/unknown,FAILURE TO YIELD RIGHT OF WAY,39.176944,-86.528272
2,1,1200.0,3+ Cars,No injury/unknown,FAILURE TO YIELD RIGHT OF WAY,39.176896,-86.53088
3,1,1200.0,2-Car,No injury/unknown,FAILURE TO YIELD RIGHT OF WAY,39.176896,-86.53088
11,2,2100.0,2-Car,No injury/unknown,OTHER (VEHICLE) - EXPLAIN IN NARRATIVE,39.176896,-86.53088
2,2,1600.0,2-Car,No injury/unknown,FAILURE TO YIELD RIGHT OF WAY,39.17688,-86.534736
7,7,1100.0,2-Car,No injury/unknown,FAILURE TO YIELD RIGHT OF WAY,39.17688,-86.534736
12,3,1300.0,2-Car,No injury/unknown,FAILURE TO YIELD RIGHT OF WAY,39.17688,-86.534736
1,6,1500.0,2-Car,No injury/unknown,IMPROPER TURNING,39.176848,-86.533424
2,5,1900.0,2-Car,Non-incapacitating,DRIVER DISTRACTED - EXPLAIN IN NARRATIVE,39.176848,-86.478192
2,1,1800.0,2-Car,No injury/unknown,FOLLOWING TOO CLOSELY,39.176848,-86.478192
4,5,800.0,2-Car,Incapacitating,FAILURE TO YIELD RIGHT OF WAY,39.176848,-86.478192
4,3,1900.0,2-Car,No injury/unknown,DRIVER DISTRACTED - EXPLAIN IN NARRATIVE,39.176848,-86.533424
7,6,2200.0,2-Car,Non-incapacitating,LEFT OF CENTER,39.176848,-86.478192
7,3,1500.0,2-Car,No injury/unknown,FAILURE TO YIELD RIGHT OF WAY,39.176848,-86.478192
8,5,1700.0,3+ Cars,No injury/unknown,DISREGARD SIGNAL/REG SIGN,39.176848,-86.478192
9,5,1400.0,2-Car,No injury/unknown,FOLLOWING TOO CLOSELY,39.176848,-86.533424
10,4,1400.0,3+ Cars,No injury/unknown,OTHER (DRIVER) - EXPLAIN IN NARRATIVE,39.176848,-86.478192
11,7,1500.0,3+ Cars,No injury/unknown,DRIVER DISTRACTED - EXPLAIN IN NARRATIVE,39.176848,-86.478192
10,2,800.0,2-Car,No injury/unknown,FOLLOWING TOO CLOSELY,39.17680652,-86.56208907
4,2,900.0,2-Car,No injury/unknown,FOLLOWING TOO CLOSELY,39.17672747,-86.57777
7,5,1600.0,2-Car,No injury/unknown,FAILURE TO YIELD RIGHT OF WAY,39.17664,-86.538496
7,6,1900.0,1-Car,Non-incapacitating,RAN OFF ROAD RIGHT,39.17664,-86.538496
10,4,900.0,2-Car,Non-incapacitating,FAILURE TO YIELD RIGHT OF WAY,39.17664,-86.537712
11,7,1400.0,2-Car,No injury/unknown,FAILURE TO YIELD RIGHT OF WAY,39.17664,-86.537712
6,3,1600.0,2-Car,No injury/unknown,FAILURE TO YIELD RIGHT OF WAY,39.17660552,-86.47861991
1,6,1200.0,2-Car,Non-incapacitating,OTHER (DRIVER) - EXPLAIN IN NARRATIVE,39.176544,-86.5624
1,5,1500.0,2-Car,No injury/unknown,FOLLOWING TOO CLOSELY,39.176544,-86.5624
2,7,2100.0,2-Car,No injury/unknown,CELL PHONE USAGE,39.176544,-86.5624
3,4,1300.0,2-Car,No injury/unknown,FOLLOWING TOO CLOSELY,39.176544,-86.5624
3,2,2300.0,2-Car,No injury/unknown,FOLLOWING TOO CLOSELY,39.176544,-86.5624
4,7,1900.0,2-Car,No injury/unknown,IMPROPER LANE USAGE,39.176544,-86.5624
4,1,1500.0,2-Car,No injury/unknown,FOLLOWING TOO CLOSELY,39.176544,-86.5624
5,6,1700.0,2-Car,No injury/unknown,BRAKE FAILURE OR DEFECTIVE,39.176544,-86.5624
6,6,2200.0,2-Car,Non-incapacitating,FOLLOWING TOO CLOSELY,39.176544,-86.5624
6,2,1600.0,3+ Cars,No injury/unknown,DRIVER DISTRACTED - EXPLAIN IN NARRATIVE,39.176544,-86.5624
8,3,500.0,1-Car,No injury/unknown,ANIMAL/OBJECT IN ROADWAY,39.176544,-86.5624
9,3,1000.0,2-Car,No injury/unknown,FOLLOWING TOO CLOSELY,39.176544,-86.5624
9,2,1700.0,2-Car,No injury/unknown,SPEED TOO FAST FOR WEATHER CONDITIONS,39.176544,-86.5624
11,6,1700.0,2-Car,No injury/unknown,FOLLOWING TOO CLOSELY,39.176544,-86.5624
11,4,1400.0,2-Car,No injury/unknown,UNSAFE SPEED,39.176544,-86.5624
11,1,2200.0,2-Car,No injury/unknown,FAILURE TO YIELD RIGHT OF WAY,39.176544,-86.5624
12,5,1600.0,2-Car,No injury/unknown,DRIVER DISTRACTED - EXPLAIN IN NARRATIVE,39.176544,-86.5624
12,5,1200.0,2-Car,No injury/unknown,DRIVER DISTRACTED - EXPLAIN IN NARRATIVE,39.176544,-86.5624
8,7,1600.0,2-Car,No injury/unknown,UNSAFE BACKING,39.176467,-86.51886
1,4,1500.0,2-Car,No injury/unknown,IMPROPER LANE USAGE,39.17635934,-86.56266121
3,6,1600.0,3+ Cars,Non-incapacitating,DRIVER DISTRACTED - EXPLAIN IN NARRATIVE,39.17635934,-86.56266121
3,2,900.0,2-Car,No injury/unknown,FOLLOWING TOO CLOSELY,39.17635934,-86.56266121
4,2,1700.0,3+ Cars,Non-incapacitating,FOLLOWING TOO CLOSELY,39.17617467,-86.56292242
2,6,1300.0,2-Car,No injury/unknown,,39.17617156,-86.52782525
3,3,1800.0,2-Car,No injury/unknown,SPEED TOO FAST FOR WEATHER CONDITIONS,39.17616,-86.528224
10,7,1100.0,2-Car,No injury/unknown,OTHER (VEHICLE) - EXPLAIN IN NARRATIVE,39.17616,-86.528224
2,5,2100.0,2-Car,No injury/unknown,UNSAFE BACKING,39.17612549,-86.51898236
3,3,2100.0,2-Car,No injury/unknown,UNSAFE BACKING,39.17612549,-86.51898236
9,5,600.0,3+ Cars,Non-incapacitating,FOLLOWING TOO CLOSELY,39.17608234,-86.56305302
2,4,1700.0,3+ Cars,No injury/unknown,FOLLOWING TOO CLOSELY,39.176048,-86.537696
12,6,300.0,Pedestrian,No injury/unknown,IMPROPER LANE USAGE,39.176048,-86.552592
10,1,200.0,3+ Cars,No injury/unknown,ALCOHOLIC BEVERAGES,39.17601682,-86.52956473
1,1,1600.0,2-Car,No injury/unknown,UNSAFE BACKING,39.176016,-86.5296
8,7,2100.0,2-Car,No injury/unknown,UNSAFE SPEED,39.176016,-86.5296
2,5,1300.0,2-Car,No injury/unknown,UNSAFE BACKING,39.17600327,-86.53063151
5,7,1500.0,2-Car,No injury/unknown,UNSAFE BACKING,39.17600327,-86.53063151
4,2,1100.0,2-Car,No injury/unknown,FAILURE TO YIELD RIGHT OF WAY,39.175984,-86.534736
7,6,1700.0,2-Car,No injury/unknown,FAILURE TO YIELD RIGHT OF WAY,39.175984,-86.534736
9,5,1900.0,2-Car,No injury/unknown,UNSAFE BACKING,39.175984,-86.534736
10,3,1600.0,2-Car,No injury/unknown,DISREGARD SIGNAL/REG SIGN,39.175984,-86.534736
4,6,1200.0,2-Car,No injury/unknown,UNSAFE BACKING,39.17598,-86.530562
6,5,1900.0,1-Car,No injury/unknown,RAN OFF ROAD RIGHT,39.17595396,-86.53329888
2,6,1300.0,2-Car,No injury/unknown,FOLLOWING TOO CLOSELY,39.175952,-86.53344
4,7,1800.0,2-Car,No injury/unknown,IMPROPER TURNING,39.175952,-86.53344
5,2,700.0,2-Car,Non-incapacitating,FAILURE TO YIELD RIGHT OF WAY,39.175952,-86.53344
7,4,1200.0,2-Car,No injury/unknown,IMPROPER TURNING,39.175952,-86.53344
12,5,300.0,2-Car,Non-incapacitating,WRONG WAY ON ONE WAY,39.175952,-86.53344
1,6,1700.0,2-Car,No injury/unknown,OTHER (VEHICLE) - EXPLAIN IN NARRATIVE,39.17588013,-86.47990557
7,2,600.0,1-Car,No injury/unknown,ANIMAL/OBJECT IN ROADWAY,39.17582138,-86.48001001
2,5,700.0,2-Car,Non-incapacitating,OTHER (DRIVER) - EXPLAIN IN NARRATIVE,39.17580534,-86.56344483
9,6,1000.0,2-Car,No injury/unknown,FAILURE TO YIELD RIGHT OF WAY,39.17573206,-86.52098477
9,4,1400.0,Pedestrian,Fatal,PEDESTRIAN ACTION,39.17567383,-86.51898683
9,5,1600.0,2-Car,No injury/unknown,OTHER (DRIVER) - EXPLAIN IN NARRATIVE,39.17564131,-86.52710719
5,4,1700.0,2-Car,No injury/unknown,FOLLOWING TOO CLOSELY,39.17562068,-86.56370604
5,5,2000.0,1-Car,No injury/unknown,ROADWAY SURFACE CONDITION,39.17551609,-86.537696
1,4,1400.0,2-Car,Non-incapacitating,FAILURE TO YIELD RIGHT OF WAY,39.175504,-86.527104
4,2,1700.0,2-Car,No injury/unknown,FAILURE TO YIELD RIGHT OF WAY,39.175504,-86.527104
8,2,1400.0,2-Car,Non-incapacitating,FAILURE TO YIELD RIGHT OF WAY,39.175504,-86.527104
8,2,1000.0,2-Car,No injury/unknown,FAILURE TO YIELD RIGHT OF WAY,39.175504,-86.527104
8,2,1400.0,2-Car,No injury/unknown,FAILURE TO YIELD RIGHT OF WAY,39.175504,-86.527104
10,5,2200.0,2-Car,No injury/unknown,FAILURE TO YIELD RIGHT OF WAY,39.175504,-86.527104
12,3,1900.0,2-Car,Non-incapacitating,FAILURE TO YIELD RIGHT OF WAY,39.175504,-86.527104
4,5,500.0,1-Car,No injury/unknown,OTHER (DRIVER) - EXPLAIN IN NARRATIVE,39.17543475,-86.53474656
5,4,1400.0,2-Car,No injury/unknown,FOLLOWING TOO CLOSELY,39.17541874,-86.51898936
2,5,2100.0,2-Car,No injury/unknown,UNSAFE BACKING,39.17541873,-86.58312
10,3,900.0,2-Car,Non-incapacitating,FAILURE TO YIELD RIGHT OF WAY,39.175344,-86.523488
2,3,1000.0,1-Car,No injury/unknown,SPEED TOO FAST FOR WEATHER CONDITIONS,39.17533075,-86.56411613
1,3,900.0,2-Car,No injury/unknown,FAILURE TO YIELD RIGHT OF WAY,39.17529,-86.54433
3,1,1200.0,2-Car,No injury/unknown,FAILURE TO YIELD RIGHT OF WAY,39.17524,-86.527
4,6,2100.0,2-Car,No injury/unknown,FAILURE TO YIELD RIGHT OF WAY,39.17524,-86.527
1,4,1500.0,2-Car,Non-incapacitating,FAILURE TO YIELD RIGHT OF WAY,39.175232,-86.520976
1,2,1100.0,2-Car,No injury/unknown,FAILURE TO YIELD RIGHT OF WAY,39.175232,-86.520976
9,4,1600.0,2-Car,No injury/unknown,DISREGARD SIGNAL/REG SIGN,39.175232,-86.520976
11,7,1600.0,2-Car,No injury/unknown,ALCOHOLIC BEVERAGES,39.175232,-86.520976
4,6,2000.0,2-Car,No injury/unknown,DRIVER DISTRACTED - EXPLAIN IN NARRATIVE,39.17522,-86.52472
9,3,1700.0,2-Car,No injury/unknown,DRIVER DISTRACTED - EXPLAIN IN NARRATIVE,39.17517284,-86.57913641
1,2,1900.0,2-Car,Non-incapacitating,DISREGARD SIGNAL/REG SIGN,39.175152,-86.53976
1,6,1900.0,2-Car,No injury/unknown,FAILURE TO YIELD RIGHT OF WAY,39.175152,-86.518992
1,4,1300.0,2-Car,No injury/unknown,UNSAFE BACKING,39.175152,-86.518992
6,7,2000.0,1-Car,Non-incapacitating,OTHER (DRIVER) - EXPLAIN IN NARRATIVE,39.175152,-86.55152
9,4,2200.0,Pedestrian,Non-incapacitating,DRIVER DISTRACTED - EXPLAIN IN NARRATIVE,39.175152,-86.518992
9,6,2200.0,1-Car,No injury/unknown,UNSAFE BACKING,39.175152,-86.518992
8,6,1200.0,2-Car,No injury/unknown,UNSAFE BACKING,39.175127,-86.51903919
2,3,1300.0,1-Car,No injury/unknown,SPEED TOO FAST FOR WEATHER CONDITIONS,39.17504,-86.556496
8,7,2100.0,2-Car,No injury/unknown,OTHER (DRIVER) - EXPLAIN IN NARRATIVE,39.17501,-86.549839
6,3,2300.0,1-Car,No injury/unknown,ALCOHOLIC BEVERAGES,39.17497346,-86.55652483
3,6,1400.0,2-Car,Non-incapacitating,FOLLOWING TOO CLOSELY,39.17487797,-86.51896817
12,4,700.0,2-Car,No injury/unknown,BRAKE FAILURE OR DEFECTIVE,39.17482435,-86.52009
2,6,1200.0,Moped/Motorcycle,Non-incapacitating,UNSAFE SPEED,39.17474096,-86.51895626
3,3,1400.0,2-Car,No injury/unknown,FOLLOWING TOO CLOSELY,39.17469734,-86.56501204
11,6,1600.0,2-Car,No injury/unknown,FOLLOWING TOO CLOSELY,39.17469734,-86.56501204
11,2,1700.0,2-Car,No injury/unknown,FAILURE TO YIELD RIGHT OF WAY,39.17469734,-86.56501204
4,4,2300.0,1-Car,No injury/unknown,ALCOHOLIC BEVERAGES,39.174448,-86.529696
1,7,300.0,2-Car,No injury/unknown,SPEED TOO FAST FOR WEATHER CONDITIONS,39.174368,-86.5324
2,3,2200.0,2-Car,No injury/unknown,UNSAFE BACKING,39.174368,-86.5324
2,3,2100.0,2-Car,No injury/unknown,UNSAFE BACKING,39.174368,-86.527088
7,5,1700.0,Moped/Motorcycle,No injury/unknown,OTHER (DRIVER) - EXPLAIN IN NARRATIVE,39.174352,-86.547104
8,2,2000.0,1-Car,No injury/unknown,UNSAFE BACKING,39.174352,-86.54829388
8,2,1700.0,2-Car,Non-incapacitating,FAILURE TO YIELD RIGHT OF WAY,39.174352,-86.552592
2,2,800.0,Bus,No injury/unknown,ROADWAY SURFACE CONDITION,39.174304,-86.524704
1,4,800.0,2-Car,No injury/unknown,ROADWAY SURFACE CONDITION,39.17426722,-86.51891506
2,5,500.0,2-Car,No injury/unknown,UNSAFE BACKING,39.17426397,-86.530992
11,1,1800.0,1-Car,Non-incapacitating,RAN OFF ROAD RIGHT,39.17426392,-86.49825
5,3,1900.0,2-Car,No injury/unknown,DRIVER DISTRACTED - EXPLAIN IN NARRATIVE,39.17423067,-86.5324
7,6,800.0,Cyclist,No injury/unknown,OTHER (DRIVER) - EXPLAIN IN NARRATIVE,39.17421242,-86.5189103