Month,Day,Hour,Collision Type,Injury Type,Primary Factor,Latitude,Longitude
11,5,900.0,2-Car,No injury/unknown,OTHER (DRIVER) - EXPLAIN IN NARRATIVE,39.17421023,-86.51504919
1,3,1100.0,2-Car,No injury/unknown,INSECURE/LEAKY LOAD,39.17415761,-86.51890553
8,5,700.0,2-Car,No injury/unknown,ROADWAY SURFACE CONDITION,39.1741378,-86.51616
1,5,2100.0,2-Car,No injury/unknown,SPEED TOO FAST FOR WEATHER CONDITIONS,39.174048,-86.518896
3,3,2300.0,2-Car,No injury/unknown,FOLLOWING TOO CLOSELY,39.174048,-86.518896
4,1,2100.0,2-Car,Non-incapacitating,DRIVER DISTRACTED - EXPLAIN IN NARRATIVE,39.174048,-86.518896
4,5,2000.0,2-Car,No injury/unknown,FAILURE TO YIELD RIGHT OF WAY,39.174048,-86.518896
11,5,1600.0,Bus,No injury/unknown,FAILURE TO YIELD RIGHT OF WAY,39.174048,-86.518896
11,1,300.0,3+ Cars,No injury/unknown,OTHER (DRIVER) - EXPLAIN IN NARRATIVE,39.17396946,-86.529696
7,6,2000.0,1-Car,No injury/unknown,IMPROPER TURNING,39.173955,-86.48312
6,5,800.0,2-Car,No injury/unknown,FOLLOWING TOO CLOSELY,39.17364542,-86.51618343
4,7,1700.0,2-Car,No injury/unknown,OTHER (DRIVER) - EXPLAIN IN NARRATIVE,39.17364403,-86.51913
2,4,1100.0,2-Car,No injury/unknown,UNSAFE BACKING,39.17358003,-86.51569663
1,7,1500.0,2-Car,No injury/unknown,IMPROPER PASSING,39.173552,-86.515488
3,5,2100.0,2-Car,No injury/unknown,OTHER (DRIVER) - EXPLAIN IN NARRATIVE,39.173552,-86.515488
3,6,1700.0,2-Car,No injury/unknown,OTHER (DRIVER) - EXPLAIN IN NARRATIVE,39.173552,-86.515488
4,7,2100.0,2-Car,No injury/unknown,FAILURE TO YIELD RIGHT OF WAY,39.173552,-86.515488
10,4,1800.0,2-Car,No injury/unknown,IMPROPER TURNING,39.173552,-86.515488
8,4,900.0,2-Car,No injury/unknown,OTHER (DRIVER) - EXPLAIN IN NARRATIVE,39.173469,-86.528097
5,1,700.0,1-Car,No injury/unknown,ALCOHOLIC BEVERAGES,39.17344092,-86.53497924
4,3,800.0,2-Car,No injury/unknown,UNSAFE BACKING,39.17344,-86.520944
4,5,1200.0,2-Car,No injury/unknown,DISREGARD SIGNAL/REG SIGN,39.17344,-86.523616
4,2,1000.0,2-Car,No injury/unknown,UNSAFE BACKING,39.17344,-86.520944
6,7,1800.0,2-Car,No injury/unknown,FAILURE TO YIELD RIGHT OF WAY,39.17344,-86.527056
7,5,2000.0,2-Car,Non-incapacitating,FAILURE TO YIELD RIGHT OF WAY,39.17344,-86.527056
8,4,900.0,2-Car,No injury/unknown,OTHER (DRIVER) - EXPLAIN IN NARRATIVE,39.17344,-86.528112
8,4,1900.0,2-Car,No injury/unknown,WRONG WAY ON ONE WAY,39.17344,-86.523616
9,6,1800.0,2-Car,No injury/unknown,,39.17344,-86.523616
9,3,1000.0,2-Car,No injury/unknown,FAILURE TO YIELD RIGHT OF WAY,39.17344,-86.527056
10,1,300.0,2-Car,No injury/unknown,UNSAFE BACKING,39.17344,-86.520944
11,3,900.0,Cyclist,Non-incapacitating,FAILURE TO YIELD RIGHT OF WAY,39.17344,-86.524672
12,6,1100.0,2-Car,No injury/unknown,FAILURE TO YIELD RIGHT OF WAY,39.17344,-86.523616
12,3,1900.0,3+ Cars,Incapacitating,LEFT OF CENTER,39.17344,-86.527056
1,4,900.0,2-Car,Non-incapacitating,UNSAFE BACKING,39.17342388,-86.53857172
2,5,1500.0,Bus,No injury/unknown,IMPROPER PASSING,39.173408,-86.542
7,3,1300.0,2-Car,No injury/unknown,OTHER (DRIVER) - EXPLAIN IN NARRATIVE,39.173408,-86.542
8,5,1200.0,2-Car,No injury/unknown,DRIVER DISTRACTED - EXPLAIN IN NARRATIVE,39.173408,-86.542
3,1,1300.0,2-Car,No injury/unknown,SPEED TOO FAST FOR WEATHER CONDITIONS,39.173344,-86.549792
6,3,1500.0,2-Car,No injury/unknown,UNSAFE BACKING,39.173344,-86.54734825
6,4,1000.0,2-Car,No injury/unknown,OTHER (DRIVER) - EXPLAIN IN NARRATIVE,39.173344,-86.550304
6,2,2100.0,1-Car,Non-incapacitating,ALCOHOLIC BEVERAGES,39.173344,-86.550304
7,6,600.0,1-Car,No injury/unknown,UNSAFE BACKING,39.173344,-86.54734825
8,7,2300.0,1-Car,No injury/unknown,RAN OFF ROAD RIGHT,39.173344,-86.555104
9,4,800.0,2-Car,No injury/unknown,FAILURE TO YIELD RIGHT OF WAY,39.173344,-86.549792
9,5,1000.0,2-Car,No injury/unknown,FAILURE TO YIELD RIGHT OF WAY,39.173344,-86.548192
9,7,100.0,2-Car,No injury/unknown,,39.173344,-86.547104
12,3,1900.0,2-Car,Non-incapacitating,SPEED TOO FAST FOR WEATHER CONDITIONS,39.17330327,-86.51891112
5,7,1200.0,2-Car,No injury/unknown,IMPROPER TURNING,39.173248,-86.533488
11,2,700.0,2-Car,No injury/unknown,OTHER (DRIVER) - EXPLAIN IN NARRATIVE,39.173248,-86.53852735
2,2,2000.0,2-Car,No injury/unknown,IMPROPER TURNING,39.173232,-86.534752
4,5,1200.0,2-Car,No injury/unknown,UNSAFE BACKING,39.173232,-86.534752
7,5,1800.0,2-Car,No injury/unknown,UNSAFE BACKING,39.173232,-86.534752
12,6,1300.0,2-Car,No injury/unknown,FAILURE TO YIELD RIGHT OF WAY,39.173216,-86.536
4,6,900.0,2-Car,Non-incapacitating,DISREGARD SIGNAL/REG SIGN,39.173184,-86.538528
4,4,1400.0,2-Car,No injury/unknown,OTHER (DRIVER) - EXPLAIN IN NARRATIVE,39.173184,-86.538528
5,6,1700.0,2-Car,No injury/unknown,FOLLOWING TOO CLOSELY,39.173184,-86.538528
4,3,1800.0,1-Car,Non-incapacitating,SPEED TOO FAST FOR WEATHER CONDITIONS,39.173152,-86.5408
8,6,1700.0,2-Car,Non-incapacitating,OVERCORRECTING/OVERSTEERING,39.173152,-86.5408
12,4,1300.0,1-Car,Non-incapacitating,RAN OFF ROAD RIGHT,39.173152,-86.5408
2,3,1900.0,2-Car,No injury/unknown,IMPROPER LANE USAGE,39.172986,-86.513406
8,4,1900.0,2-Car,No injury/unknown,UNSAFE BACKING,39.172986,-86.513406
9,4,2100.0,1-Car,No injury/unknown,OTHER (VEHICLE) - EXPLAIN IN NARRATIVE,39.17290936,-86.5385321
4,5,1700.0,2-Car,No injury/unknown,FOLLOWING TOO CLOSELY,39.17289785,-86.50282701
6,6,1600.0,1-Car,Non-incapacitating,UNSAFE SPEED,39.17287727,-86.4953053
3,1,1500.0,2-Car,Non-incapacitating,FOLLOWING TOO CLOSELY,39.17285105,-86.56762445
2,3,1500.0,2-Car,Non-incapacitating,UNSAFE BACKING,39.17281455,-86.51879273
9,3,2000.0,2-Car,No injury/unknown,UNSAFE BACKING,39.17281455,-86.51879273
12,7,1300.0,2-Car,No injury/unknown,IMPROPER TURNING,39.17281455,-86.51879273
7,5,1700.0,2-Car,No injury/unknown,FOLLOWING TOO CLOSELY,39.172752,-86.482288
11,7,0.0,2-Car,No injury/unknown,FAILURE TO YIELD RIGHT OF WAY,39.172752,-86.482288
12,4,2100.0,2-Car,No injury/unknown,FAILURE TO YIELD RIGHT OF WAY,39.172752,-86.482288
2,7,900.0,2-Car,No injury/unknown,FAILURE TO YIELD RIGHT OF WAY,39.17264,-86.52784858
3,2,1600.0,2-Car,No injury/unknown,FAILURE TO YIELD RIGHT OF WAY,39.17264,-86.52704
4,2,1700.0,2-Car,No injury/unknown,IMPROPER LANE USAGE,39.17264,-86.528272
5,1,1200.0,2-Car,No injury/unknown,IMPROPER TURNING,39.17264,-86.5324
6,2,1700.0,2-Car,No injury/unknown,OTHER (DRIVER) - EXPLAIN IN NARRATIVE,39.17264,-86.533504
9,1,200.0,1-Car,Non-incapacitating,DRIVER DISTRACTED - EXPLAIN IN NARRATIVE,39.17264,-86.5324
10,3,1300.0,2-Car,No injury/unknown,OTHER (DRIVER) - EXPLAIN IN NARRATIVE,39.17264,-86.523584
11,2,1000.0,2-Car,Non-incapacitating,FAILURE TO YIELD RIGHT OF WAY,39.17264,-86.52704
11,5,1200.0,2-Car,No injury/unknown,FAILURE TO YIELD RIGHT OF WAY,39.17264,-86.52704
2,2,1800.0,2-Car,No injury/unknown,DISREGARD SIGNAL/REG SIGN,39.17253,-86.52352
1,6,1500.0,2-Car,No injury/unknown,IMPROPER TURNING,39.17252,-86.5224
10,6,1300.0,2-Car,No injury/unknown,FAILURE TO YIELD RIGHT OF WAY,39.17252,-86.5224
6,3,1100.0,2-Car,No injury/unknown,OTHER (DRIVER) - EXPLAIN IN NARRATIVE,39.172519,-86.51892
7,3,1500.0,2-Car,No injury/unknown,IMPROPER TURNING,39.1723712,-86.5335088
11,5,900.0,2-Car,No injury/unknown,FAILURE TO YIELD RIGHT OF WAY,39.1723712,-86.5335088
9,5,2000.0,1-Car,No injury/unknown,ALCOHOLIC BEVERAGES,39.17231,-86.39865568
8,1,1100.0,2-Car,No injury/unknown,UNSAFE BACKING,39.172271,-86.487507
5,7,400.0,1-Car,No injury/unknown,RAN OFF ROAD RIGHT,39.17220077,-86.5071
7,6,1800.0,1-Car,No injury/unknown,BRAKE FAILURE OR DEFECTIVE,39.17217296,-86.48378813
2,5,900.0,2-Car,No injury/unknown,LEFT OF CENTER,39.172145,-86.48851
2,2,800.0,2-Car,No injury/unknown,UNSAFE BACKING,39.172144,-86.509392
4,5,1100.0,3+ Cars,No injury/unknown,UNSAFE BACKING,39.172144,-86.509392
5,6,1200.0,2-Car,No injury/unknown,OTHER (VEHICLE) - EXPLAIN IN NARRATIVE,39.172144,-86.509392
6,6,900.0,2-Car,No injury/unknown,UNSAFE BACKING,39.172144,-86.509392
8,3,1600.0,2-Car,No injury/unknown,FAILURE TO YIELD RIGHT OF WAY,39.172144,-86.509392
9,3,2000.0,2-Car,No injury/unknown,OTHER (DRIVER) - EXPLAIN IN NARRATIVE,39.172144,-86.509392
11,6,1600.0,2-Car,No injury/unknown,RAN OFF ROAD RIGHT,39.172144,-86.509392
2,1,100.0,2-Car,No injury/unknown,ROADWAY SURFACE CONDITION,39.172015,-86.495392
12,2,800.0,2-Car,No injury/unknown,OTHER (VEHICLE) - EXPLAIN IN NARRATIVE,39.17196,-86.58298
10,5,800.0,2-Car,No injury/unknown,CELL PHONE USAGE,39.17193357,-86.53124
9,6,800.0,1-Car,No injury/unknown,RAN OFF ROAD RIGHT,39.17187344,-86.40142874
5,1,1600.0,2-Car,No injury/unknown,OTHER (DRIVER) - EXPLAIN IN NARRATIVE,39.171867,-86.572395
6,5,1600.0,2-Car,No injury/unknown,UNSAFE BACKING,39.171867,-86.572395
9,7,1900.0,2-Car,No injury/unknown,IMPROPER TURNING,39.171867,-86.572395
6,4,1800.0,2-Car,No injury/unknown,FAILURE TO YIELD RIGHT OF WAY,39.17184,-86.487488
7,7,400.0,1-Car,No injury/unknown,OTHER (DRIVER) - EXPLAIN IN NARRATIVE,39.17184,-86.487488
1,4,1500.0,1-Car,Non-incapacitating,SPEED TOO FAST FOR WEATHER CONDITIONS,39.17180076,-86.61128
1,1,1300.0,2-Car,No injury/unknown,IMPROPER TURNING,39.171744,-86.534768
1,6,1300.0,2-Car,No injury/unknown,DISREGARD SIGNAL/REG SIGN,39.171744,-86.534768
2,5,2000.0,2-Car,No injury/unknown,IMPROPER LANE USAGE,39.171744,-86.534768
2,5,1700.0,2-Car,Non-incapacitating,IMPROPER TURNING,39.171744,-86.534768
2,3,1500.0,2-Car,No injury/unknown,UNSAFE BACKING,39.171744,-86.534768
2,1,1100.0,2-Car,No injury/unknown,IMPROPER TURNING,39.171744,-86.534768
3,6,1500.0,2-Car,No injury/unknown,DRIVER DISTRACTED - EXPLAIN IN NARRATIVE,39.171744,-86.534768
5,3,1700.0,2-Car,No injury/unknown,DISREGARD SIGNAL/REG SIGN,39.171744,-86.53352
5,4,1300.0,2-Car,No injury/unknown,FOLLOWING TOO CLOSELY,39.171744,-86.53352
6,7,1300.0,2-Car,No injury/unknown,IMPROPER TURNING,39.171744,-86.534768
6,4,900.0,2-Car,No injury/unknown,IMPROPER TURNING,39.171744,-86.534768
7,1,1700.0,2-Car,Non-incapacitating,DISREGARD SIGNAL/REG SIGN,39.171744,-86.534768
8,3,1200.0,2-Car,No injury/unknown,DISREGARD SIGNAL/REG SIGN,39.171744,-86.53352
8,2,1400.0,2-Car,No injury/unknown,FAILURE TO YIELD RIGHT OF WAY,39.171744,-86.534768
9,1,100.0,2-Car,No injury/unknown,FAILURE TO YIELD RIGHT OF WAY,39.171744,-86.53352
10,2,1100.0,2-Car,No injury/unknown,FAILURE TO YIELD RIGHT OF WAY,39.171744,-86.534768
10,4,1000.0,2-Car,No injury/unknown,FAILURE TO YIELD RIGHT OF WAY,39.171744,-86.534768
12,4,2200.0,2-Car,Non-incapacitating,FOLLOWING TOO CLOSELY,39.171744,-86.534768
11,2,1100.0,2-Car,No injury/unknown,UNSAFE BACKING,39.17174237,-86.53340571
6,6,1500.0,2-Car,No injury/unknown,DRIVER DISTRACTED - EXPLAIN IN NARRATIVE,39.17173304,-86.53275279
1,4,800.0,2-Car,No injury/unknown,ROADWAY SURFACE CONDITION,39.17173052,-86.53257639
2,4,1700.0,2-Car,No injury/unknown,FAILURE TO YIELD RIGHT OF WAY,39.171728,-86.5324
6,2,1600.0,Moped/Motorcycle,Non-incapacitating,FAILURE TO YIELD RIGHT OF WAY,39.171728,-86.5324
12,7,1400.0,2-Car,No injury/unknown,FAILURE TO YIELD RIGHT OF WAY,39.171728,-86.5324
1,5,0.0,2-Car,No injury/unknown,ROAD UNDER CONSTRUCTION,39.171712,-86.530992
1,6,1800.0,2-Car,No injury/unknown,RAN OFF ROAD RIGHT,39.171712,-86.530992
2,2,1000.0,2-Car,No injury/unknown,FAILURE TO YIELD RIGHT OF WAY,39.171712,-86.530992
4,5,2000.0,2-Car,No injury/unknown,FAILURE TO YIELD RIGHT OF WAY,39.171712,-86.530992
5,7,1500.0,2-Car,No injury/unknown,FAILURE TO YIELD RIGHT OF WAY,39.171712,-86.530992
7,4,0.0,2-Car,No injury/unknown,FAILURE TO YIELD RIGHT OF WAY,39.171712,-86.530992
9,7,0.0,2-Car,No injury/unknown,OTHER (DRIVER) - EXPLAIN IN NARRATIVE,39.171712,-86.536079
1,4,1800.0,2-Car,No injury/unknown,FAILURE TO YIELD RIGHT OF WAY,39.171696,-86.529696
7,7,1300.0,2-Car,No injury/unknown,FAILURE TO YIELD RIGHT OF WAY,39.171696,-86.529696
8,7,1400.0,Cyclist,Non-incapacitating,FAILURE TO YIELD RIGHT OF WAY,39.171696,-86.529696
11,7,1800.0,3+ Cars,Non-incapacitating,FAILURE TO YIELD RIGHT OF WAY,39.171696,-86.529696
7,5,1500.0,3+ Cars,Non-incapacitating,FAILURE TO YIELD RIGHT OF WAY,39.17169,-86.53103
2,3,0.0,2-Car,No injury/unknown,UNSAFE BACKING,39.17168,-86.52802971
5,7,400.0,2-Car,No injury/unknown,OTHER (DRIVER) - EXPLAIN IN NARRATIVE,39.17168,-86.528256
7,4,500.0,2-Car,No injury/unknown,FOLLOWING TOO CLOSELY,39.17168,-86.527024
8,5,100.0,Bus,No injury/unknown,FAILURE TO YIELD RIGHT OF WAY,39.17168,-86.528256
9,1,1200.0,2-Car,No injury/unknown,WRONG WAY ON ONE WAY,39.17168,-86.527024
12,2,1700.0,3+ Cars,Non-incapacitating,FOLLOWING TOO CLOSELY,39.17168,-86.528256
1,4,1500.0,3+ Cars,No injury/unknown,ROADWAY SURFACE CONDITION,39.17167,-86.48931595
9,4,1800.0,Cyclist,No injury/unknown,FAILURE TO YIELD RIGHT OF WAY,39.17167,-86.52828
2,3,1900.0,2-Car,No injury/unknown,FAILURE TO YIELD RIGHT OF WAY,39.171664,-86.52576
3,3,1700.0,2-Car,No injury/unknown,FOLLOWING TOO CLOSELY,39.171664,-86.52576
11,3,1300.0,2-Car,No injury/unknown,FOLLOWING TOO CLOSELY,39.171664,-86.52576
12,4,1800.0,2-Car,No injury/unknown,FOLLOWING TOO CLOSELY,39.1716591,-86.52540721
5,1,1700.0,1-Car,Non-incapacitating,DRIVER DISTRACTED - EXPLAIN IN NARRATIVE,39.17164801,-86.50673515
1,3,1400.0,1-Car,No injury/unknown,OTHER (ENVIRONMENTAL) - EXPLAIN IN NARR,39.171648,-86.507088
2,7,1400.0,2-Car,No injury/unknown,OTHER (DRIVER) - EXPLAIN IN NARRATIVE,39.171648,-86.50435515
2,7,1600.0,1-Car,No injury/unknown,SPEED TOO FAST FOR WEATHER CONDITIONS,39.171648,-86.507088
3,6,400.0,1-Car,Non-incapacitating,ANIMAL/OBJECT IN ROADWAY,39.171648,-86.398592
4,5,2200.0,2-Car,No injury/unknown,OTHER (DRIVER) - EXPLAIN IN NARRATIVE,39.171648,-86.50435515
4,7,0.0,2-Car,No injury/unknown,FAILURE TO YIELD RIGHT OF WAY,39.171648,-86.507088
4,3,1900.0,2-Car,No injury/unknown,DISREGARD SIGNAL/REG SIGN,39.171648,-86.50435515
5,6,1500.0,2-Car,Non-incapacitating,IMPROPER LANE USAGE,39.171648,-86.502096
5,4,800.0,2-Car,No injury/unknown,FOLLOWING TOO CLOSELY,39.171648,-86.507088
8,2,1500.0,1-Car,No injury/unknown,SPEED TOO FAST FOR WEATHER CONDITIONS,39.171648,-86.507088
8,7,2300.0,2-Car,No injury/unknown,OTHER (DRIVER) - EXPLAIN IN NARRATIVE,39.171648,-86.50435515
8,3,1500.0,2-Car,No injury/unknown,UNSAFE BACKING,39.171648,-86.50435515
9,4,1400.0,2-Car,No injury/unknown,FOLLOWING TOO CLOSELY,39.171648,-86.507088
9,6,300.0,1-Car,No injury/unknown,ALCOHOLIC BEVERAGES,39.171648,-86.507088
11,1,1800.0,1-Car,No injury/unknown,IMPROPER TURNING,39.171648,-86.50435515
11,5,1600.0,2-Car,No injury/unknown,SPEED TOO FAST FOR WEATHER CONDITIONS,39.171648,-86.524608
11,7,200.0,1-Car,No injury/unknown,ALCOHOLIC BEVERAGES,39.171648,-86.507088
12,4,1800.0,2-Car,Non-incapacitating,FOLLOWING TOO CLOSELY,39.171648,-86.524608
12,2,1800.0,1-Car,No injury/unknown,UNSAFE SPEED,39.171648,-86.507088
5,5,700.0,2-Car,No injury/unknown,UNSAFE BACKING,39.17164435,-86.50191826
12,3,400.0,1-Car,Non-incapacitating,DRIVER ASLEEP OR FATIGUED,39.17164383,-86.50189287
8,4,100.0,2-Car,No injury/unknown,OTHER (DRIVER) - EXPLAIN IN NARRATIVE,39.17164374,-86.48927161
2,6,700.0,1-Car,No injury/unknown,UNSAFE BACKING,39.17164278,-86.50184209
7,6,700.0,2-Car,No injury/unknown,IMPROPER PASSING,39.17163727,-86.52388878
9,4,700.0,2-Car,Non-incapacitating,FAILURE TO YIELD RIGHT OF WAY,39.17163351,-86.50139055
4,5,0.0,2-Car,Non-incapacitating,FAILURE TO YIELD RIGHT OF WAY,39.171632,-86.52353600000001
9,4,2200.0,2-Car,No injury/unknown,UNSAFE BACKING,39.171632,-86.52353600000001
10,6,1000.0,2-Car,No injury/unknown,UNSAFE BACKING,39.171632,-86.52353600000001
11,2,1000.0,2-Car,No injury/unknown,FOLLOWING TOO CLOSELY,39.171632,-86.52353600000001
12,4,1500.0,2-Car,No injury/unknown,FOLLOWING TOO CLOSELY,39.171632,-86.52353600000001
12,2,1700.0,2-Car,No injury/unknown,UNSAFE BACKING,39.171632,-86.52353600000001
1,3,1300.0,3+ Cars,Non-incapacitating,FOLLOWING TOO CLOSELY,39.17163,-86.52238
2,5,1900.0,3+ Cars,No injury/unknown,OTHER (DRIVER) - EXPLAIN IN NARRATIVE,39.17163,-86.52238087
3,5,900.0,2-Car,No injury/unknown,UNSAFE SPEED,39.17163,-86.52238
9,4,900.0,2-Car,No injury/unknown,OTHER (DRIVER) - EXPLAIN IN NARRATIVE,39.17163,-86.52238
10,5,1800.0,2-Car,No injury/unknown,FOLLOWING TOO CLOSELY,39.17163,-86.52238
11,3,1900.0,2-Car,No injury/unknown,FOLLOWING TOO CLOSELY,39.17163,-86.52238
11,3,1900.0,3+ Cars,Non-incapacitating,FOLLOWING TOO CLOSELY,39.17163,-86.52238
9,2,2000.0,2-Car,No injury/unknown,FOLLOWING TOO CLOSELY,39.17162703,-86.52318321
4,3,1400.0,2-Car,No injury/unknown,SPEED TOO FAST FOR WEATHER CONDITIONS,39.17162455,-86.52300682
3,6,1300.0,2-Car,No injury/unknown,IMPROPER LANE USAGE,39.171616,-86.5224
2,2,1100.0,2-Car,No injury/unknown,OTHER (ENVIRONMENTAL) - EXPLAIN IN NARR,39.171609,-86.518314
4,2,600.0,2-Car,No injury/unknown,IMPROPER TURNING,39.171609,-86.518314
9,7,2200.0,2-Car,No injury/unknown,UNSAFE BACKING,39.171609,-86.518314
9,3,1300.0,2-Car,No injury/unknown,UNSAFE BACKING,39.171609,-86.518314
2,7,1900.0,2-Car,No injury/unknown,IMPROPER LANE USAGE,39.17160668,-86.53352183
1,2,1300.0,2-Car,No injury/unknown,FOLLOWING TOO CLOSELY,39.1716,-86.49976
6,4,1000.0,2-Car,No injury/unknown,FOLLOWING TOO CLOSELY,39.1716,-86.520896
8,2,1500.0,2-Car,No injury/unknown,DRIVER DISTRACTED - EXPLAIN IN NARRATIVE,39.1716,-86.520896
10,6,1900.0,2-Car,No injury/unknown,SPEED TOO FAST FOR WEATHER CONDITIONS,39.1716,-86.520896
11,2,2000.0,2-Car,No injury/unknown,DRIVER DISTRACTED - EXPLAIN IN NARRATIVE,39.1716,-86.520896
11,3,1900.0,2-Car,No injury/unknown,SPEED TOO FAST FOR WEATHER CONDITIONS,39.1716,-86.520896
11,6,1700.0,2-Car,No injury/unknown,DRIVER DISTRACTED - EXPLAIN IN NARRATIVE,39.1716,-86.520896
10,6,1200.0,2-Car,No injury/unknown,FOLLOWING TOO CLOSELY,39.17159,-86.51394
10,6,1200.0,3+ Cars,No injury/unknown,FOLLOWING TOO CLOSELY,39.17159,-86.51393308
11,4,1900.0,2-Car,No injury/unknown,DRIVER DISTRACTED - EXPLAIN IN NARRATIVE,39.17159,-86.51394
12,6,800.0,2-Car,Non-incapacitating,UNSAFE SPEED,39.17159,-86.51566
1,2,1800.0,2-Car,No injury/unknown,IMPROPER LANE USAGE,39.171584,-86.518688
2,4,1500.0,Cyclist,Non-incapacitating,IMPROPER TURNING,39.171584,-86.518688
3,1,1600.0,Pedestrian,Non-incapacitating,OTHER (ENVIRONMENTAL) - EXPLAIN IN NARR,39.171584,-86.518688
7,3,1100.0,2-Car,No injury/unknown,OTHER (DRIVER) - EXPLAIN IN NARRATIVE,39.171584,-86.518688
9,1,2300.0,2-Car,No injury/unknown,SPEED TOO FAST FOR WEATHER CONDITIONS,39.171584,-86.518688
10,6,2000.0,2-Car,No injury/unknown,UNSAFE SPEED,39.171584,-86.518688
11,3,1200.0,2-Car,Non-incapacitating,SPEED TOO FAST FOR WEATHER CONDITIONS,39.171584,-86.518688
12,4,1600.0,2-Car,No injury/unknown,SPEED TOO FAST FOR WEATHER CONDITIONS,39.171584,-86.518688
12,1,1800.0,1-Car,No injury/unknown,SPEED TOO FAST FOR WEATHER CONDITIONS,39.171584,-86.518688
1,2,1300.0,3+ Cars,Non-incapacitating,FOLLOWING TOO CLOSELY,39.17158137,-86.49883901
9,7,1800.0,2-Car,No injury/unknown,SPEED TOO FAST FOR WEATHER CONDITIONS,39.17158019,-86.51833519
1,4,2000.0,3+ Cars,No injury/unknown,UNSAFE SPEED,39.17158,-86.51248
1,7,1600.0,2-Car,No injury/unknown,FAILURE TO YIELD RIGHT OF WAY,39.17158,-86.51248
2,2,1600.0,2-Car,No injury/unknown,FOLLOWING TOO CLOSELY,39.17158,-86.51248
2,1,1400.0,2-Car,No injury/unknown,FOLLOWING TOO CLOSELY,39.17158,-86.51248
2,3,900.0,3+ Cars,No injury/unknown,FOLLOWING TOO CLOSELY,39.17158,-86.51247741
3,1,1700.0,2-Car,No injury/unknown,DRIVER DISTRACTED - EXPLAIN IN NARRATIVE,39.17158,-86.51248865
3,2,1700.0,2-Car,No injury/unknown,FOLLOWING TOO CLOSELY,39.17158,-86.51248
3,6,1700.0,2-Car,Incapacitating,IMPROPER TURNING,39.17158,-86.51248
8,6,1300.0,3+ Cars,Non-incapacitating,FOLLOWING TOO CLOSELY,39.17158,-86.51248
9,7,1400.0,2-Car,Non-incapacitating,FOLLOWING TOO CLOSELY,39.17158,-86.51248
10,2,1700.0,3+ Cars,No injury/unknown,DRIVER DISTRACTED - EXPLAIN IN NARRATIVE,39.17158,-86.51248
9,5,1600.0,2-Car,No injury/unknown,FAILURE TO YIELD RIGHT OF WAY,39.17157943,-86.51826514
2,1,1700.0,2-Car,No injury/unknown,UNSAFE BACKING,39.17157747,-86.51808392
2,3,1500.0,2-Car,No injury/unknown,UNSAFE BACKING,39.17157747,-86.51808392
3,1,2000.0,2-Car,No injury/unknown,UNSAFE BACKING,39.17157747,-86.51808392
3,2,1800.0,2-Car,No injury/unknown,BRAKE FAILURE OR DEFECTIVE,39.17157747,-86.51808392
4,1,1900.0,1-Car,No injury/unknown,,39.17157747,-86.51808392
5,5,1400.0,2-Car,No injury/unknown,IMPROPER TURNING,39.17157747,-86.51808392
9,5,1800.0,2-Car,No injury/unknown,,39.17157747,-86.51808392
3,3,700.0,2-Car,No injury/unknown,UNSAFE BACKING,39.171572,-86.51099
3,7,2200.0,Pedestrian,Incapacitating,IMPROPER PASSING,39.171571,-86.510991
11,2,1400.0,Pedestrian,Non-incapacitating,PEDESTRIAN ACTION,39.17156441,-86.51687464
2,2,1700.0,2-Car,No injury/unknown,DRIVER DISTRACTED - EXPLAIN IN NARRATIVE,39.17155964,-86.51643363
8,2,1900.0,2-Car,No injury/unknown,UNSAFE BACKING,39.171559,-86.510401
9,6,1200.0,2-Car,No injury/unknown,UNSAFE BACKING,39.171558,-86.510279
7,5,1500.0,2-Car,No injury/unknown,FOLLOWING TOO CLOSELY,39.17155773,-86.51625722
10,6,1600.0,3+ Cars,No injury/unknown,SPEED TOO FAST FOR WEATHER CONDITIONS,39.17155773,-86.51625722
3,5,1300.0,3+ Cars,Non-incapacitating,FAILURE TO YIELD RIGHT OF WAY,39.17155495,-86.50224214
4,1,1200.0,2-Car,No injury/unknown,FAILURE TO YIELD RIGHT OF WAY,39.17155495,-86.50224214
6,5,1300.0,2-Car,No injury/unknown,OTHER (DRIVER) - EXPLAIN IN NARRATIVE,39.17155495,-86.50224214
7,2,1200.0,2-Car,No injury/unknown,FOLLOWING TOO CLOSELY,39.17155495,-86.49090403
9,6,1500.0,2-Car,Non-incapacitating,FOLLOWING TOO CLOSELY,39.17155495,-86.50224214
10,1,1600.0,3+ Cars,No injury/unknown,OTHER TELEMATICS IN USE,39.17155495,-86.49926418
11,2,1600.0,2-Car,No injury/unknown,FOLLOWING TOO CLOSELY,39.17155495,-86.50224214
11,2,600.0,1-Car,No injury/unknown,DRIVER ASLEEP OR FATIGUED,39.17155495,-86.50220754
12,7,2200.0,2-Car,No injury/unknown,IMPROPER LANE USAGE,39.17155495,-86.50224214
2,1,900.0,2-Car,Non-incapacitating,DISREGARD SIGNAL/REG SIGN,39.171552,-86.515728
2,2,1600.0,Cyclist,Non-incapacitating,IMPROPER TURNING,39.171552,-86.515728