Month,Day,Hour,Collision Type,Injury Type,Primary Factor,Latitude,Longitude
3,1,1700.0,2-Car,No injury/unknown,SPEED TOO FAST FOR WEATHER CONDITIONS,39.171552,-86.515728
3,5,1900.0,2-Car,No injury/unknown,FAILURE TO YIELD RIGHT OF WAY,39.171552,-86.515728
4,6,400.0,2-Car,No injury/unknown,FAILURE TO YIELD RIGHT OF WAY,39.171552,-86.515728
9,6,800.0,Pedestrian,Non-incapacitating,GLARE,39.171552,-86.515728
9,5,1700.0,2-Car,No injury/unknown,FOLLOWING TOO CLOSELY,39.171552,-86.515728
10,6,0.0,2-Car,Non-incapacitating,FAILURE TO YIELD RIGHT OF WAY,39.171552,-86.515728
10,6,2300.0,2-Car,No injury/unknown,UNSAFE BACKING,39.171552,-86.515728
10,5,2100.0,2-Car,No injury/unknown,FAILURE TO YIELD RIGHT OF WAY,39.171552,-86.515728
10,3,1800.0,2-Car,No injury/unknown,FOLLOWING TOO CLOSELY,39.171552,-86.515728
3,2,1000.0,2-Car,No injury/unknown,DRIVER DISTRACTED - EXPLAIN IN NARRATIVE,39.17155153,-86.51246693
1,2,800.0,2-Car,No injury/unknown,FAILURE TO YIELD RIGHT OF WAY,39.17155,-86.509449
8,4,1300.0,2-Car,No injury/unknown,UNSAFE BACKING,39.17155,-86.509449
8,4,1100.0,2-Car,No injury/unknown,NONE (VEHICLE),39.171546,-86.504172
11,1,1600.0,2-Car,No injury/unknown,OTHER (DRIVER) - EXPLAIN IN NARRATIVE,39.171546,-86.504172
7,5,400.0,2-Car,Non-incapacitating,LEFT OF CENTER,39.17154253,-86.60431249
4,5,1900.0,2-Car,Non-incapacitating,DRIVER DISTRACTED - EXPLAIN IN NARRATIVE,39.17153788,-86.50225192
9,5,1200.0,3+ Cars,No injury/unknown,OTHER (VEHICLE) - EXPLAIN IN NARRATIVE,39.17153787,-86.49855384
11,2,400.0,1-Car,No injury/unknown,ANIMAL/OBJECT IN ROADWAY,39.17153575,-86.49190248
1,3,1200.0,2-Car,No injury/unknown,OTHER (ENVIRONMENTAL) - EXPLAIN IN NARR,39.171532,-86.498228
3,3,1700.0,2-Car,No injury/unknown,OTHER (ENVIRONMENTAL) - EXPLAIN IN NARR,39.17152424,-86.4960172
8,6,1800.0,2-Car,No injury/unknown,BRAKE FAILURE OR DEFECTIVE,39.17152424,-86.4960172
2,1,1500.0,2-Car,No injury/unknown,FOLLOWING TOO CLOSELY,39.17151537,-86.49566454
8,4,2300.0,1-Car,No injury/unknown,ALCOHOLIC BEVERAGES,39.17151345,-86.49772
8,1,1800.0,2-Car,No injury/unknown,,39.17151075,-86.52460203
1,3,1900.0,2-Car,Non-incapacitating,SPEED TOO FAST FOR WEATHER CONDITIONS,39.171504,-86.495312
2,6,2300.0,2-Car,No injury/unknown,UNSAFE BACKING,39.171504,-86.49504533
3,2,1700.0,2-Car,Non-incapacitating,OTHER (DRIVER) - EXPLAIN IN NARRATIVE,39.171504,-86.49296
3,6,1700.0,2-Car,No injury/unknown,FOLLOWING TOO CLOSELY,39.171504,-86.495312
3,7,1500.0,2-Car,No injury/unknown,SPEED TOO FAST FOR WEATHER CONDITIONS,39.171504,-86.49513558
3,3,1700.0,3+ Cars,No injury/unknown,SPEED TOO FAST FOR WEATHER CONDITIONS,39.171504,-86.495312
4,5,1400.0,2-Car,No injury/unknown,FOLLOWING TOO CLOSELY,39.171504,-86.49460631
4,4,2000.0,2-Car,No injury/unknown,UNSAFE BACKING,39.171504,-86.512288
4,4,800.0,2-Car,No injury/unknown,FOLLOWING TOO CLOSELY,39.171504,-86.495312
6,5,1100.0,2-Car,Non-incapacitating,DRIVER DISTRACTED - EXPLAIN IN NARRATIVE,39.171504,-86.495312
7,4,1600.0,2-Car,Non-incapacitating,FAILURE TO YIELD RIGHT OF WAY,39.171504,-86.495312
9,1,100.0,1-Car,No injury/unknown,ANIMAL/OBJECT IN ROADWAY,39.171504,-86.49331285
9,7,1800.0,2-Car,Non-incapacitating,LEFT OF CENTER,39.171504,-86.495312
10,7,2300.0,2-Car,No injury/unknown,FAILURE TO YIELD RIGHT OF WAY,39.171504,-86.49509867
10,6,1500.0,Bus,No injury/unknown,DRIVER DISTRACTED - EXPLAIN IN NARRATIVE,39.171504,-86.495312
11,1,1000.0,1-Car,No injury/unknown,ANIMAL/OBJECT IN ROADWAY,39.171504,-86.495312
11,6,1500.0,2-Car,Non-incapacitating,FOLLOWING TOO CLOSELY,39.171504,-86.495312
8,1,1900.0,2-Car,No injury/unknown,UNSAFE BACKING,39.17148188,-86.51027501
9,6,1900.0,1-Car,No injury/unknown,OTHER (DRIVER) - EXPLAIN IN NARRATIVE,39.17148038,-86.5101382
8,2,2000.0,Cyclist,No injury/unknown,FAILURE TO YIELD RIGHT OF WAY,39.17147782,-86.50990522
5,2,1100.0,2-Car,No injury/unknown,UNSAFE SPEED,39.17147588,-86.50972881
4,2,2100.0,2-Car,No injury/unknown,FAILURE TO YIELD RIGHT OF WAY,39.171472,-86.509376
7,2,1500.0,2-Car,No injury/unknown,UNSAFE BACKING,39.171472,-86.509376
9,1,1700.0,3+ Cars,No injury/unknown,FOLLOWING TOO CLOSELY,39.171472,-86.509376
7,1,0.0,Cyclist,Non-incapacitating,PEDESTRIAN ACTION,39.17146957,-86.49537097
2,6,1900.0,2-Car,No injury/unknown,IMPROPER LANE USAGE,39.17146936,-86.53352366
11,2,1500.0,2-Car,No injury/unknown,FAILURE TO YIELD RIGHT OF WAY,39.17146934,-86.534768
2,2,1800.0,2-Car,No injury/unknown,FOLLOWING TOO CLOSELY,39.17145967,-86.50849403
2,4,1800.0,2-Car,Non-incapacitating,FOLLOWING TOO CLOSELY,39.17145678,-86.49539888
10,5,1400.0,2-Car,Non-incapacitating,TIRE FAILURE OR DEFECTIVE,39.17136,-86.495328
7,6,700.0,2-Car,No injury/unknown,,39.171248,-86.481328
11,4,1100.0,2-Car,No injury/unknown,UNSAFE BACKING,39.17115625,-86.53352784
2,4,1600.0,2-Car,No injury/unknown,UNSAFE BACKING,39.17112333,-86.52009
4,2,1600.0,2-Car,No injury/unknown,UNSAFE BACKING,39.17109872,-86.50708222
7,4,1500.0,Cyclist,Non-incapacitating,FAILURE TO YIELD RIGHT OF WAY,39.17100471,-86.51578844
6,5,1300.0,1-Car,No injury/unknown,DRIVER DISTRACTED - EXPLAIN IN NARRATIVE,39.17096033,-86.53353045
5,1,1800.0,2-Car,No injury/unknown,FAILURE TO YIELD RIGHT OF WAY,39.17095389,-86.68128872
9,7,100.0,1-Car,Non-incapacitating,SPEED TOO FAST FOR WEATHER CONDITIONS,39.17092315,-86.57029132
7,3,1700.0,2-Car,No injury/unknown,FOLLOWING TOO CLOSELY,39.17086788,-86.51580355
8,1,1400.0,2-Car,No injury/unknown,UNSAFE BACKING,39.17079105,-86.52457074
5,6,1300.0,1-Car,No injury/unknown,OTHER (DRIVER) - EXPLAIN IN NARRATIVE,39.17073191,-86.57223109
3,7,1500.0,2-Car,No injury/unknown,FAILURE TO YIELD RIGHT OF WAY,39.17072,-86.4956
11,1,400.0,2-Car,No injury/unknown,DRIVER DISTRACTED - EXPLAIN IN NARRATIVE,39.170624,-86.512468
4,1,1900.0,2-Car,No injury/unknown,IMPROPER TURNING,39.170623,-86.572334
11,6,700.0,2-Car,No injury/unknown,OTHER (DRIVER) - EXPLAIN IN NARRATIVE,39.170623,-86.572334
8,4,1400.0,2-Car,No injury/unknown,OTHER (DRIVER) - EXPLAIN IN NARRATIVE,39.170619,-86.528948
6,7,1700.0,3+ Cars,No injury/unknown,UNSAFE SPEED,39.17056,-86.492704
1,1,1400.0,2-Car,No injury/unknown,FAILURE TO YIELD RIGHT OF WAY,39.170544,-86.530992
1,6,100.0,2-Car,No injury/unknown,SPEED TOO FAST FOR WEATHER CONDITIONS,39.170544,-86.534768
4,5,2000.0,Pedestrian,Non-incapacitating,FAILURE TO YIELD RIGHT OF WAY,39.170544,-86.533536
4,5,2300.0,2-Car,No injury/unknown,OTHER (DRIVER) - EXPLAIN IN NARRATIVE,39.170544,-86.533536
4,6,1800.0,2-Car,No injury/unknown,WRONG WAY ON ONE WAY,39.170544,-86.533536
5,6,1100.0,2-Car,No injury/unknown,UNSAFE BACKING,39.170544,-86.526992
5,6,1700.0,3+ Cars,Non-incapacitating,FOLLOWING TOO CLOSELY,39.170544,-86.533536
6,3,1000.0,2-Car,Non-incapacitating,FAILURE TO YIELD RIGHT OF WAY,39.170544,-86.5324
7,3,2300.0,2-Car,No injury/unknown,IMPROPER TURNING,39.170544,-86.534768
9,6,1100.0,Cyclist,Non-incapacitating,PEDESTRIAN ACTION,39.170544,-86.52824
9,7,1200.0,2-Car,Non-incapacitating,IMPROPER TURNING,39.170544,-86.534768
10,7,800.0,2-Car,No injury/unknown,FAILURE TO YIELD RIGHT OF WAY,39.170544,-86.534768
10,5,2000.0,2-Car,No injury/unknown,FAILURE TO YIELD RIGHT OF WAY,39.170544,-86.534768
12,4,1700.0,2-Car,No injury/unknown,FAILURE TO YIELD RIGHT OF WAY,39.170544,-86.529696
12,4,1700.0,2-Car,No injury/unknown,FAILURE TO YIELD RIGHT OF WAY,39.170544,-86.526992
10,4,1700.0,2-Car,Non-incapacitating,FAILURE TO YIELD RIGHT OF WAY,39.17051339,-86.55379641
3,2,1500.0,2-Car,No injury/unknown,DRIVER DISTRACTED - EXPLAIN IN NARRATIVE,39.17048,-86.59237
8,3,1200.0,2-Car,No injury/unknown,FAILURE TO YIELD RIGHT OF WAY,39.17046,-86.53485
9,1,1600.0,2-Car,No injury/unknown,IMPROPER TURNING,39.17046,-86.53485
1,4,1500.0,2-Car,No injury/unknown,UNSAFE BACKING,39.170448,-86.540992
11,6,1700.0,2-Car,No injury/unknown,FOLLOWING TOO CLOSELY,39.17026,-86.57267
1,7,1600.0,3+ Cars,Non-incapacitating,DRIVER DISTRACTED - EXPLAIN IN NARRATIVE,39.17024,-86.501392
2,6,1500.0,2-Car,No injury/unknown,DRIVER DISTRACTED - EXPLAIN IN NARRATIVE,39.17024,-86.501392
3,1,1600.0,2-Car,No injury/unknown,IMPROPER LANE USAGE,39.17024,-86.501392
4,4,700.0,2-Car,Non-incapacitating,OTHER (DRIVER) - EXPLAIN IN NARRATIVE,39.17024,-86.501392
5,4,1300.0,2-Car,Non-incapacitating,SPEED TOO FAST FOR WEATHER CONDITIONS,39.17024,-86.501392
6,5,1600.0,3+ Cars,No injury/unknown,FOLLOWING TOO CLOSELY,39.17024,-86.501392
8,7,1500.0,2-Car,No injury/unknown,FOLLOWING TOO CLOSELY,39.17024,-86.501392
9,4,1700.0,3+ Cars,No injury/unknown,DRIVER DISTRACTED - EXPLAIN IN NARRATIVE,39.17024,-86.501392
9,5,1000.0,2-Car,No injury/unknown,FOLLOWING TOO CLOSELY,39.17024,-86.501392
12,5,1900.0,3+ Cars,Non-incapacitating,FOLLOWING TOO CLOSELY,39.17024,-86.501392
12,3,1500.0,2-Car,No injury/unknown,FOLLOWING TOO CLOSELY,39.17024,-86.501392
2,3,1400.0,2-Car,No injury/unknown,FAILURE TO YIELD RIGHT OF WAY,39.17017866,-86.50147033
4,1,1300.0,2-Car,No injury/unknown,IMPROPER PASSING,39.17017866,-86.50147033
8,1,1600.0,2-Car,No injury/unknown,DRIVER DISTRACTED - EXPLAIN IN NARRATIVE,39.17015,-86.50148
3,1,1900.0,2-Car,No injury/unknown,IMPROPER PASSING,39.17013209,-86.5158848
9,4,1500.0,1-Car,No injury/unknown,OTHER (DRIVER) - EXPLAIN IN NARRATIVE,39.17011466,-86.549696
5,6,1800.0,2-Car,No injury/unknown,ALCOHOLIC BEVERAGES,39.170074,-86.576423
5,6,700.0,2-Car,No injury/unknown,OTHER (DRIVER) - EXPLAIN IN NARRATIVE,39.170074,-86.576423
1,2,800.0,1-Car,No injury/unknown,ROADWAY SURFACE CONDITION,39.16999787,-86.6739409
6,5,1400.0,Moped/Motorcycle,Non-incapacitating,FAILURE TO YIELD RIGHT OF WAY,39.16999787,-86.6739409
8,7,1200.0,2-Car,No injury/unknown,FAILURE TO YIELD RIGHT OF WAY,39.16989056,-86.52696947
5,7,1700.0,2-Car,No injury/unknown,,39.16987322,-86.53977192
11,5,1800.0,2-Car,No injury/unknown,UNSAFE BACKING,39.169865,-86.523489
4,7,100.0,1-Car,No injury/unknown,UNSAFE SPEED,39.169856,-86.50376
1,3,1400.0,2-Car,No injury/unknown,OTHER (DRIVER) - EXPLAIN IN NARRATIVE,39.16974659,-86.50487152
1,7,1900.0,2-Car,No injury/unknown,BRAKE FAILURE OR DEFECTIVE,39.16973732,-86.52571433
11,5,1500.0,2-Car,No injury/unknown,OTHER (DRIVER) - EXPLAIN IN NARRATIVE,39.16973661,-86.53978996
9,1,200.0,Pedestrian,Non-incapacitating,PEDESTRIAN ACTION,39.16969371,-86.53354971
2,5,1200.0,2-Car,Non-incapacitating,FOLLOWING TOO CLOSELY,39.16968932,-86.53478179
6,6,1300.0,2-Car,No injury/unknown,FAILURE TO YIELD RIGHT OF WAY,39.16962066,-86.53478289
9,3,1500.0,2-Car,Non-incapacitating,FOLLOWING TOO CLOSELY,39.16961755,-86.53486
2,5,1600.0,2-Car,No injury/unknown,FAILURE TO YIELD RIGHT OF WAY,39.169616,-86.52696
12,3,1700.0,Pedestrian,Non-incapacitating,FAILURE TO YIELD RIGHT OF WAY,39.169616,-86.52696
12,4,1000.0,2-Car,No injury/unknown,OTHER (VEHICLE) - EXPLAIN IN NARRATIVE,39.169616,-86.52696
11,4,1300.0,2-Car,No injury/unknown,UNSAFE BACKING,39.16961,-86.55354731
1,5,1300.0,2-Car,No injury/unknown,OTHER (DRIVER) - EXPLAIN IN NARRATIVE,39.1696,-86.525712
3,5,800.0,2-Car,No injury/unknown,UNSAFE BACKING,39.1696,-86.539808
7,4,1000.0,2-Car,No injury/unknown,FAILURE TO YIELD RIGHT OF WAY,39.169584,-86.538576
7,2,800.0,2-Car,No injury/unknown,FOLLOWING TOO CLOSELY,39.169584,-86.538576
8,7,800.0,2-Car,No injury/unknown,OTHER (DRIVER) - EXPLAIN IN NARRATIVE,39.169576,-86.512444
6,3,1400.0,2-Car,Non-incapacitating,FAILURE TO YIELD RIGHT OF WAY,39.169568,-86.536
10,4,1400.0,2-Car,No injury/unknown,UNSAFE BACKING,39.169568,-86.524528
7,2,1300.0,2-Car,No injury/unknown,OTHER (VEHICLE) - EXPLAIN IN NARRATIVE,39.16955664,-86.53513679
4,7,1900.0,2-Car,No injury/unknown,OTHER (DRIVER) - EXPLAIN IN NARRATIVE,39.169552,-86.53169433
1,6,2000.0,2-Car,No injury/unknown,IMPROPER LANE USAGE,39.169552,-86.534784
1,6,1800.0,2-Car,No injury/unknown,ALCOHOLIC BEVERAGES,39.169552,-86.534784
1,1,100.0,2-Car,No injury/unknown,ALCOHOLIC BEVERAGES,39.169552,-86.529696
1,5,2200.0,2-Car,No injury/unknown,OTHER (ENVIRONMENTAL) - EXPLAIN IN NARR,39.169552,-86.534784
2,2,1700.0,2-Car,No injury/unknown,FAILURE TO YIELD RIGHT OF WAY,39.169552,-86.5324
3,3,1100.0,Bus,No injury/unknown,OTHER (DRIVER) - EXPLAIN IN NARRATIVE,39.169552,-86.529696
4,5,300.0,2-Car,No injury/unknown,,39.169552,-86.5324
4,5,1700.0,2-Car,No injury/unknown,IMPROPER LANE USAGE,39.169552,-86.534784
4,4,1600.0,2-Car,No injury/unknown,FAILURE TO YIELD RIGHT OF WAY,39.169552,-86.533552
4,7,400.0,2-Car,No injury/unknown,ALCOHOLIC BEVERAGES,39.169552,-86.53096555
4,5,2200.0,3+ Cars,No injury/unknown,DRIVER DISTRACTED - EXPLAIN IN NARRATIVE,39.169552,-86.534784
6,1,0.0,Moped/Motorcycle,No injury/unknown,UNSAFE BACKING,39.169552,-86.533552
6,6,0.0,2-Car,No injury/unknown,IMPROPER LANE USAGE,39.169552,-86.534784
7,6,700.0,2-Car,No injury/unknown,FAILURE TO YIELD RIGHT OF WAY,39.169552,-86.529696
8,7,0.0,2-Car,No injury/unknown,OTHER (DRIVER) - EXPLAIN IN NARRATIVE,39.169552,-86.5324
8,3,2000.0,2-Car,No injury/unknown,FAILURE TO YIELD RIGHT OF WAY,39.169552,-86.534784
9,1,300.0,2-Car,No injury/unknown,UNSAFE BACKING,39.169552,-86.533552
10,4,2100.0,2-Car,No injury/unknown,FAILURE TO YIELD RIGHT OF WAY,39.169552,-86.533552
10,4,1600.0,3+ Cars,Non-incapacitating,FAILURE TO YIELD RIGHT OF WAY,39.169552,-86.529696
10,7,200.0,2-Car,No injury/unknown,OTHER (DRIVER) - EXPLAIN IN NARRATIVE,39.169552,-86.529696
11,7,2300.0,2-Car,No injury/unknown,UNSAFE BACKING,39.169552,-86.533552
1,2,1900.0,2-Car,No injury/unknown,LEFT OF CENTER,39.16947705,-86.58311
9,6,2100.0,3+ Cars,No injury/unknown,FOLLOWING TOO CLOSELY,39.16947215,-86.50100806
1,4,1400.0,2-Car,No injury/unknown,FAILURE TO YIELD RIGHT OF WAY,39.16946535,-86.49743977
9,4,1100.0,2-Car,No injury/unknown,UNSAFE BACKING,39.16941442,-86.51913
1,1,200.0,1-Car,No injury/unknown,ALCOHOLIC BEVERAGES,39.169312,-86.495888
11,3,1600.0,Cyclist,Non-incapacitating,FAILURE TO YIELD RIGHT OF WAY,39.16918927,-86.52570515
7,2,1600.0,2-Car,No injury/unknown,FAILURE TO YIELD RIGHT OF WAY,39.16918729,-86.49772
5,6,1700.0,2-Car,No injury/unknown,SPEED TOO FAST FOR WEATHER CONDITIONS,39.16914924,-86.51599334
8,4,600.0,1-Car,No injury/unknown,OTHER (DRIVER) - EXPLAIN IN NARRATIVE,39.16905892,-86.54954634
1,1,0.0,2-Car,No injury/unknown,ALCOHOLIC BEVERAGES,39.16905195,-86.53356077
9,6,1000.0,2-Car,No injury/unknown,FAILURE TO YIELD RIGHT OF WAY,39.16900269,-86.534784
1,2,2100.0,1-Car,Non-incapacitating,SPEED TOO FAST FOR WEATHER CONDITIONS,39.168944,-86.516016
7,3,1000.0,Bus,No injury/unknown,IMPROPER PASSING,39.168944,-86.516016
8,6,1000.0,Bus,No injury/unknown,IMPROPER PASSING,39.168944,-86.516016
8,4,1300.0,2-Car,No injury/unknown,DRIVER DISTRACTED - EXPLAIN IN NARRATIVE,39.168944,-86.516016
5,2,1600.0,2-Car,No injury/unknown,,39.16892,-86.498679
10,7,1500.0,3+ Cars,No injury/unknown,RAN OFF ROAD RIGHT,39.16892,-86.499469
1,6,1500.0,2-Car,No injury/unknown,OTHER (VEHICLE) - EXPLAIN IN NARRATIVE,39.168848,-86.481296
2,3,2000.0,2-Car,No injury/unknown,SPEED TOO FAST FOR WEATHER CONDITIONS,39.16880921,-86.57355615
4,6,1700.0,2-Car,No injury/unknown,IMPROPER LANE USAGE,39.16880921,-86.57355615
2,6,1100.0,2-Car,No injury/unknown,UNSAFE BACKING,39.168794,-86.518218
11,4,1900.0,2-Car,No injury/unknown,FAILURE TO YIELD RIGHT OF WAY,39.16876,-86.57642
1,2,1700.0,2-Car,No injury/unknown,OTHER (DRIVER) - EXPLAIN IN NARRATIVE,39.168752,-86.5436
3,1,1500.0,2-Car,No injury/unknown,UNSAFE BACKING,39.168752,-86.5436
8,7,1000.0,2-Car,No injury/unknown,UNSAFE BACKING,39.168752,-86.5436
9,4,1400.0,2-Car,No injury/unknown,UNSAFE BACKING,39.168752,-86.5436
9,2,1600.0,1-Car,No injury/unknown,OTHER (DRIVER) - EXPLAIN IN NARRATIVE,39.168752,-86.5436
10,5,2000.0,2-Car,No injury/unknown,OTHER (DRIVER) - EXPLAIN IN NARRATIVE,39.168752,-86.5436
3,7,200.0,1-Car,No injury/unknown,OTHER (DRIVER) - EXPLAIN IN NARRATIVE,39.16871445,-86.53356669
10,5,1700.0,2-Car,No injury/unknown,OTHER (DRIVER) - EXPLAIN IN NARRATIVE,39.16871,-86.5139
5,4,1400.0,3+ Cars,No injury/unknown,FOLLOWING TOO CLOSELY,39.16870429,-86.50062413
2,4,900.0,2-Car,No injury/unknown,FAILURE TO YIELD RIGHT OF WAY,39.168704,-86.538576
3,3,700.0,2-Car,No injury/unknown,BRAKE FAILURE OR DEFECTIVE,39.16869739,-86.53804682
3,3,1300.0,2-Car,No injury/unknown,FAILURE TO YIELD RIGHT OF WAY,39.168672,-86.536
10,6,1100.0,2-Car,No injury/unknown,OTHER (DRIVER) - EXPLAIN IN NARRATIVE,39.168672,-86.536
1,4,2200.0,2-Car,No injury/unknown,OTHER (DRIVER) - EXPLAIN IN NARRATIVE,39.168656,-86.534784
1,4,2200.0,2-Car,No injury/unknown,OTHER (DRIVER) - EXPLAIN IN NARRATIVE,39.168656,-86.534784
1,7,1400.0,Pedestrian,Non-incapacitating,FAILURE TO YIELD RIGHT OF WAY,39.168656,-86.534784
4,7,1000.0,2-Car,No injury/unknown,OTHER (DRIVER) - EXPLAIN IN NARRATIVE,39.168656,-86.534784
4,3,1200.0,2-Car,No injury/unknown,FAILURE TO YIELD RIGHT OF WAY,39.168656,-86.534784
6,5,300.0,1-Car,No injury/unknown,HOLES/RUTS IN SURFACE,39.168656,-86.534784
8,5,800.0,2-Car,No injury/unknown,FAILURE TO YIELD RIGHT OF WAY,39.168656,-86.534784
8,2,1000.0,2-Car,No injury/unknown,FOLLOWING TOO CLOSELY,39.168656,-86.534784
9,4,2100.0,2-Car,No injury/unknown,,39.168656,-86.534784
10,6,200.0,2-Car,No injury/unknown,ALCOHOLIC BEVERAGES,39.168656,-86.534784
10,5,1400.0,2-Car,No injury/unknown,FAILURE TO YIELD RIGHT OF WAY,39.16865136,-86.53443122
11,2,1600.0,Bus,No injury/unknown,OTHER (DRIVER) - EXPLAIN IN NARRATIVE,39.16864929,-86.53427357
1,4,1000.0,2-Car,No injury/unknown,FAILURE TO YIELD RIGHT OF WAY,39.16864,-86.533568
1,6,1300.0,2-Car,No injury/unknown,OTHER (DRIVER) - EXPLAIN IN NARRATIVE,39.16864,-86.526944
2,6,1200.0,Pedestrian,Non-incapacitating,PEDESTRIAN ACTION,39.16864,-86.526944
2,7,1600.0,2-Car,No injury/unknown,DISREGARD SIGNAL/REG SIGN,39.16864,-86.526944
3,5,100.0,2-Car,No injury/unknown,PEDESTRIAN ACTION,39.16864,-86.533568
4,7,1800.0,2-Car,No injury/unknown,IMPROPER LANE USAGE,39.16864,-86.526944
5,3,1800.0,2-Car,No injury/unknown,UNSAFE BACKING,39.16864,-86.533568
5,6,400.0,1-Car,Non-incapacitating,ALCOHOLIC BEVERAGES,39.16864,-86.533568
5,6,1200.0,2-Car,No injury/unknown,FAILURE TO YIELD RIGHT OF WAY,39.16864,-86.5324
5,3,1400.0,2-Car,No injury/unknown,FAILURE TO YIELD RIGHT OF WAY,39.16864,-86.530992
5,6,1300.0,Bus,No injury/unknown,IMPROPER PASSING,39.16864,-86.526944
8,1,2100.0,2-Car,No injury/unknown,IMPROPER TURNING,39.16864,-86.533568
8,6,1900.0,2-Car,No injury/unknown,IMPROPER TURNING,39.16864,-86.533568
9,5,1500.0,Bus,No injury/unknown,OVERCORRECTING/OVERSTEERING,39.16864,-86.526944
9,6,1300.0,2-Car,No injury/unknown,IMPROPER TURNING,39.16864,-86.523392
9,2,1200.0,2-Car,No injury/unknown,FOLLOWING TOO CLOSELY,39.16864,-86.533568
9,7,0.0,Bus,No injury/unknown,OTHER (VEHICLE) - EXPLAIN IN NARRATIVE,39.16864,-86.533568
9,1,100.0,Bus,No injury/unknown,OTHER (DRIVER) - EXPLAIN IN NARRATIVE,39.16864,-86.533568
9,2,1100.0,2-Car,No injury/unknown,FAILURE TO YIELD RIGHT OF WAY,39.16864,-86.525696
10,7,0.0,2-Car,No injury/unknown,OTHER (DRIVER) - EXPLAIN IN NARRATIVE,39.16864,-86.533568
10,2,1900.0,2-Car,No injury/unknown,OTHER (DRIVER) - EXPLAIN IN NARRATIVE,39.16864,-86.533568
10,5,1600.0,2-Car,No injury/unknown,UNSAFE BACKING,39.16864,-86.533568
11,1,100.0,2-Car,No injury/unknown,IMPROPER TURNING,39.16864,-86.533568
11,4,1000.0,2-Car,No injury/unknown,IMPROPER TURNING,39.16864,-86.525696
11,1,1500.0,2-Car,Non-incapacitating,IMPROPER LANE USAGE,39.16864,-86.533568
12,1,700.0,2-Car,No injury/unknown,DRIVER ASLEEP OR FATIGUED,39.16864,-86.530992
12,4,900.0,2-Car,No injury/unknown,IMPROPER TURNING,39.16864,-86.523392
8,7,1200.0,2-Car,No injury/unknown,UNSAFE BACKING,39.168634,-86.545675
8,2,500.0,3+ Cars,No injury/unknown,RAN OFF ROAD RIGHT,39.16863151,-86.50484245
9,6,2300.0,2-Car,No injury/unknown,UNSAFE BACKING,39.16862958,-86.52294205
1,6,1200.0,2-Car,No injury/unknown,UNSAFE SPEED,39.16862775,-86.52286299
3,7,1900.0,Pedestrian,Non-incapacitating,PEDESTRIAN ACTION,39.16856,-86.53486
9,7,1600.0,2-Car,No injury/unknown,OTHER (DRIVER) - EXPLAIN IN NARRATIVE,39.168531,-86.516145
3,4,1600.0,Cyclist,Non-incapacitating,OTHER (DRIVER) - EXPLAIN IN NARRATIVE,39.16853,-86.51241481
10,2,800.0,1-Car,Non-incapacitating,ANIMAL/OBJECT IN ROADWAY,39.16852902,-86.66162292
7,5,1500.0,2-Car,Non-incapacitating,FAILURE TO YIELD RIGHT OF WAY,39.1685102,-86.53803796
1,4,1400.0,2-Car,No injury/unknown,DRIVER DISTRACTED - EXPLAIN IN NARRATIVE,39.16851,-86.52824351
1,5,2100.0,Bus,No injury/unknown,ROADWAY SURFACE CONDITION,39.16851,-86.52825865
2,5,900.0,2-Car,No injury/unknown,IMPROPER PASSING,39.16851,-86.52825
4,4,1600.0,Bus,No injury/unknown,OTHER (DRIVER) - EXPLAIN IN NARRATIVE,39.16851,-86.52824481
9,5,1500.0,Moped/Motorcycle,Non-incapacitating,OTHER (DRIVER) - EXPLAIN IN NARRATIVE,39.16851,-86.52825865
2,3,800.0,2-Car,No injury/unknown,FAILURE TO YIELD RIGHT OF WAY,39.1685,-86.525779
9,3,1200.0,2-Car,No injury/unknown,UNSAFE BACKING,39.16848,-86.523479
10,3,1700.0,2-Car,No injury/unknown,UNSAFE BACKING,39.16848,-86.523479
3,2,1700.0,2-Car,No injury/unknown,UNSAFE BACKING,39.16846087,-86.52110257
3,4,700.0,1-Car,No injury/unknown,ANIMAL/OBJECT IN ROADWAY,39.168448,-86.661104
12,6,1300.0,2-Car,No injury/unknown,OTHER (DRIVER) - EXPLAIN IN NARRATIVE,39.16836395,-86.49354891
5,2,1000.0,Moped/Motorcycle,Incapacitating,FAILURE TO YIELD RIGHT OF WAY,39.16836,-86.58298
10,5,0.0,1-Car,Incapacitating,RAN OFF ROAD RIGHT,39.16836,-86.58298
10,3,1500.0,3+ Cars,Non-incapacitating,ROADWAY SURFACE CONDITION,39.16836,-86.58298
1,6,1500.0,1-Car,No injury/unknown,ACCELERATOR FAILURE OR DEFECTIVE,39.168269,-86.576396
4,6,1400.0,3+ Cars,No injury/unknown,DISREGARD SIGNAL/REG SIGN,39.16823,-86.50831
2,1,1800.0,2-Car,No injury/unknown,OTHER (DRIVER) - EXPLAIN IN NARRATIVE,39.168208,-86.505936
2,4,1400.0,Bus,No injury/unknown,UNSAFE SPEED,39.16819806,-86.51115417
10,5,1800.0,1-Car,No injury/unknown,SPEED TOO FAST FOR WEATHER CONDITIONS,39.168192,-86.49504
10,2,100.0,Moped/Motorcycle,Non-incapacitating,SPEED TOO FAST FOR WEATHER CONDITIONS,39.168192,-86.507024