Month,Day,Hour,Collision Type,Injury Type,Primary Factor,Latitude,Longitude
3,2,1500.0,2-Car,No injury/unknown,FAILURE TO YIELD RIGHT OF WAY,39.168176,-86.509312
10,4,1600.0,Moped/Motorcycle,No injury/unknown,FAILURE TO YIELD RIGHT OF WAY,39.168176,-86.509312
12,3,1100.0,2-Car,No injury/unknown,UNSAFE BACKING,39.168176,-86.509312
5,1,100.0,1-Car,No injury/unknown,RAN OFF ROAD RIGHT,39.16813995,-86.52821523
10,5,1000.0,2-Car,No injury/unknown,UNSAFE BACKING,39.168111,-86.5161147
2,4,2000.0,2-Car,No injury/unknown,OTHER (DRIVER) - EXPLAIN IN NARRATIVE,39.16793866,-86.5324
2,6,1600.0,2-Car,No injury/unknown,UNSAFE BACKING,39.167876,-86.573567
5,1,1700.0,2-Car,No injury/unknown,UNSAFE BACKING,39.167876,-86.573567
5,7,1400.0,2-Car,No injury/unknown,OTHER (VEHICLE) - EXPLAIN IN NARRATIVE,39.167876,-86.573567
5,3,1700.0,2-Car,No injury/unknown,FAILURE TO YIELD RIGHT OF WAY,39.16786532,-86.52821041
8,4,1200.0,1-Car,Non-incapacitating,BRAKE FAILURE OR DEFECTIVE,39.167856,-86.516144
12,4,1400.0,2-Car,No injury/unknown,SPEED TOO FAST FOR WEATHER CONDITIONS,39.16780969,-86.53454894
3,4,1600.0,2-Car,No injury/unknown,FOLLOWING TOO CLOSELY,39.16778533,-86.534784
10,3,1600.0,1-Car,No injury/unknown,SPEED TOO FAST FOR WEATHER CONDITIONS,39.167728,-86.5496
11,7,300.0,1-Car,No injury/unknown,RAN OFF ROAD RIGHT,39.167728,-86.54864555
11,5,900.0,2-Car,No injury/unknown,OTHER (DRIVER) - EXPLAIN IN NARRATIVE,39.167712,-86.5452
1,3,1700.0,2-Car,No injury/unknown,ALCOHOLIC BEVERAGES,39.167696,-86.5436
4,4,1600.0,2-Car,No injury/unknown,OTHER (DRIVER) - EXPLAIN IN NARRATIVE,39.16768436,-86.53081568
5,1,2000.0,1-Car,No injury/unknown,UNSAFE BACKING,39.16768196,-86.54095869
1,1,500.0,2-Car,Non-incapacitating,DISREGARD SIGNAL/REG SIGN,39.16768,-86.538592
6,5,1600.0,2-Car,No injury/unknown,FAILURE TO YIELD RIGHT OF WAY,39.16768,-86.538592
6,1,1600.0,2-Car,No injury/unknown,FAILURE TO YIELD RIGHT OF WAY,39.16768,-86.538592
8,4,1700.0,2-Car,Non-incapacitating,PRESCRIPTION DRUGS,39.16768,-86.530992
12,3,1600.0,2-Car,No injury/unknown,FAILURE TO YIELD RIGHT OF WAY,39.16768,-86.538592
12,1,0.0,2-Car,No injury/unknown,FAILURE TO YIELD RIGHT OF WAY,39.16768,-86.530992
10,3,1600.0,2-Car,No injury/unknown,,39.16766727,-86.53211265
5,4,1600.0,2-Car,No injury/unknown,UNSAFE BACKING,39.167664,-86.53614113
7,5,1100.0,2-Car,No injury/unknown,IMPROPER TURNING,39.167664,-86.537296
8,4,1700.0,2-Car,No injury/unknown,UNSAFE BACKING,39.167664,-86.494923
11,6,1900.0,2-Car,No injury/unknown,UNSAFE BACKING,39.167664,-86.537296
12,6,1200.0,2-Car,No injury/unknown,OTHER (DRIVER) - EXPLAIN IN NARRATIVE,39.167664,-86.5324
12,4,1700.0,2-Car,Non-incapacitating,FAILURE TO YIELD RIGHT OF WAY,39.167664,-86.5324
9,3,1600.0,2-Car,No injury/unknown,OTHER (DRIVER) - EXPLAIN IN NARRATIVE,39.16764996,-86.53343902
4,6,1300.0,2-Car,No injury/unknown,UNSAFE BACKING,39.167648,-86.53411324
2,7,2200.0,2-Car,No injury/unknown,IMPROPER LANE USAGE,39.167648,-86.533584
2,7,2000.0,2-Car,No injury/unknown,IMPROPER LANE USAGE,39.167648,-86.533584
2,5,300.0,1-Car,No injury/unknown,ALCOHOLIC BEVERAGES,39.167648,-86.533584
3,4,1600.0,2-Car,No injury/unknown,FAILURE TO YIELD RIGHT OF WAY,39.167648,-86.534784
4,5,0.0,1-Car,Non-incapacitating,ALCOHOLIC BEVERAGES,39.167648,-86.534784
4,2,1200.0,Moped/Motorcycle,No injury/unknown,FOLLOWING TOO CLOSELY,39.167648,-86.534784
9,5,1900.0,1-Car,No injury/unknown,ALCOHOLIC BEVERAGES,39.167648,-86.534784
9,1,1600.0,2-Car,No injury/unknown,FAILURE TO YIELD RIGHT OF WAY,39.167648,-86.534784
10,4,2100.0,2-Car,No injury/unknown,IMPROPER TURNING,39.167648,-86.534784
10,2,1600.0,2-Car,No injury/unknown,ANIMAL/OBJECT IN ROADWAY,39.167648,-86.534784
10,5,1100.0,2-Car,No injury/unknown,IMPROPER TURNING,39.167648,-86.533584
12,4,100.0,2-Car,No injury/unknown,IMPROPER LANE USAGE,39.167648,-86.533584
12,3,1000.0,2-Car,No injury/unknown,,39.167648,-86.533584
9,7,1400.0,2-Car,No injury/unknown,IMPROPER LANE USAGE,39.1676479,-86.52692521
1,7,1000.0,2-Car,No injury/unknown,UNSAFE BACKING,39.1676,-86.516168
1,2,1300.0,1-Car,No injury/unknown,DRIVER DISTRACTED - EXPLAIN IN NARRATIVE,39.1676,-86.516168
12,4,2200.0,2-Car,No injury/unknown,FAILURE TO YIELD RIGHT OF WAY,39.16757602,-86.51617025
4,4,1300.0,2-Car,No injury/unknown,UNSAFE BACKING,39.16755,-86.5336
4,4,1500.0,2-Car,No injury/unknown,FAILURE TO YIELD RIGHT OF WAY,39.16751068,-86.53358618
1,3,1700.0,1-Car,No injury/unknown,ROADWAY SURFACE CONDITION,39.16747214,-86.57272682
4,2,1600.0,2-Car,No injury/unknown,OTHER (DRIVER) - EXPLAIN IN NARRATIVE,39.16747214,-86.57272682
4,4,1200.0,2-Car,No injury/unknown,OTHER (DRIVER) - EXPLAIN IN NARRATIVE,39.167344,-86.515792
3,5,1500.0,1-Car,No injury/unknown,OTHER (DRIVER) - EXPLAIN IN NARRATIVE,39.167283,-86.523439
12,3,1500.0,2-Car,No injury/unknown,UNSAFE BACKING,39.167258,-86.510899
5,5,600.0,2-Car,No injury/unknown,UNSAFE BACKING,39.16719,-86.48423
3,1,100.0,1-Car,No injury/unknown,OTHER (DRIVER) - EXPLAIN IN NARRATIVE,39.16712264,-86.50929931
10,6,1500.0,2-Car,No injury/unknown,IMPROPER TURNING,39.16705188,-86.52690794
3,3,1400.0,2-Car,No injury/unknown,OTHER (VEHICLE) - EXPLAIN IN NARRATIVE,39.167006,-86.516145
9,1,2100.0,1-Car,No injury/unknown,OTHER (DRIVER) - EXPLAIN IN NARRATIVE,39.166992,-86.51611837
10,6,900.0,1-Car,No injury/unknown,OTHER (VEHICLE) - EXPLAIN IN NARRATIVE,39.166978,-86.516149
2,5,1600.0,3+ Cars,Non-incapacitating,FAILURE TO YIELD RIGHT OF WAY,39.166944,-86.495056
6,4,1700.0,3+ Cars,Non-incapacitating,FOLLOWING TOO CLOSELY,39.166944,-86.495056
8,4,1700.0,2-Car,Non-incapacitating,DISREGARD SIGNAL/REG SIGN,39.166944,-86.495056
8,6,1600.0,3+ Cars,No injury/unknown,FAILURE TO YIELD RIGHT OF WAY,39.166944,-86.495056
11,5,1600.0,1-Car,No injury/unknown,OTHER (DRIVER) - EXPLAIN IN NARRATIVE,39.166944,-86.4796
9,3,1000.0,2-Car,No injury/unknown,IMPROPER LANE USAGE,39.16694205,-86.52690476
3,6,1800.0,2-Car,No injury/unknown,DRIVER DISTRACTED - EXPLAIN IN NARRATIVE,39.16691464,-86.53479564
8,5,900.0,2-Car,No injury/unknown,FAILURE TO YIELD RIGHT OF WAY,39.166909,-86.494916
7,6,1000.0,2-Car,No injury/unknown,IMPROPER TURNING,39.1669,-86.49280865
9,3,0.0,3+ Cars,No injury/unknown,UNSAFE SPEED,39.166848,-86.495088
11,2,100.0,2-Car,No injury/unknown,IMPROPER PASSING,39.166848,-86.509296
5,4,1200.0,2-Car,Non-incapacitating,FAILURE TO YIELD RIGHT OF WAY,39.16682,-86.50944
5,7,1100.0,2-Car,No injury/unknown,FAILURE TO YIELD RIGHT OF WAY,39.166816,-86.549488
6,7,1000.0,2-Car,Non-incapacitating,FOLLOWING TOO CLOSELY,39.166816,-86.549488
12,3,1600.0,2-Car,No injury/unknown,UNSAFE BACKING,39.166816,-86.549488
12,3,1900.0,2-Car,No injury/unknown,OTHER (DRIVER) - EXPLAIN IN NARRATIVE,39.16677127,-86.54552653
3,3,1900.0,2-Car,No injury/unknown,CELL PHONE USAGE,39.166768,-86.5452
5,4,1300.0,3+ Cars,No injury/unknown,SPEED TOO FAST FOR WEATHER CONDITIONS,39.166768,-86.5452
6,3,2000.0,2-Car,No injury/unknown,FAILURE TO YIELD RIGHT OF WAY,39.166768,-86.5452
10,2,1900.0,2-Car,Incapacitating,DISREGARD SIGNAL/REG SIGN,39.166768,-86.5452
3,2,2000.0,2-Car,No injury/unknown,UNSAFE BACKING,39.16672188,-86.5422724
10,6,200.0,2-Car,Non-incapacitating,FAILURE TO YIELD RIGHT OF WAY,39.16672,-86.542096
5,7,1400.0,2-Car,No injury/unknown,FAILURE TO YIELD RIGHT OF WAY,39.16669734,-86.4614401
10,6,1600.0,2-Car,No injury/unknown,FAILURE TO YIELD RIGHT OF WAY,39.166688,-86.539808
2,3,1100.0,2-Car,No injury/unknown,UNSAFE BACKING,39.166678,-86.599144
2,5,1700.0,2-Car,No injury/unknown,DRIVER DISTRACTED - EXPLAIN IN NARRATIVE,39.166678,-86.599144
2,3,1300.0,2-Car,No injury/unknown,UNSAFE BACKING,39.166678,-86.599144
8,2,1600.0,3+ Cars,No injury/unknown,OTHER (VEHICLE) - EXPLAIN IN NARRATIVE,39.166678,-86.599144
10,5,1600.0,2-Car,No injury/unknown,NONE (DRIVER),39.166678,-86.599144
1,1,1700.0,2-Car,Non-incapacitating,DISREGARD SIGNAL/REG SIGN,39.166672,-86.538608
2,5,1500.0,2-Car,No injury/unknown,FOLLOWING TOO CLOSELY,39.166672,-86.538608
3,1,900.0,2-Car,No injury/unknown,DISREGARD SIGNAL/REG SIGN,39.166672,-86.538608
5,5,1600.0,2-Car,No injury/unknown,FAILURE TO YIELD RIGHT OF WAY,39.166672,-86.538608
8,6,1200.0,2-Car,No injury/unknown,LEFT OF CENTER,39.166672,-86.538608
9,7,100.0,2-Car,No injury/unknown,UNSAFE BACKING,39.166672,-86.538608
10,6,1100.0,2-Car,Non-incapacitating,FAILURE TO YIELD RIGHT OF WAY,39.166672,-86.538608
4,3,2200.0,1-Car,No injury/unknown,DRIVER ILLNESS,39.16666233,-86.53781459
8,5,1000.0,2-Car,No injury/unknown,UNSAFE BACKING,39.166659,-86.516367
1,6,900.0,2-Car,No injury/unknown,FAILURE TO YIELD RIGHT OF WAY,39.166656,-86.537296
2,6,1600.0,2-Car,Non-incapacitating,FAILURE TO YIELD RIGHT OF WAY,39.166656,-86.537296
6,4,1400.0,2-Car,No injury/unknown,FAILURE TO YIELD RIGHT OF WAY,39.166656,-86.537296
8,2,2000.0,2-Car,No injury/unknown,FAILURE TO YIELD RIGHT OF WAY,39.166656,-86.537296
10,2,1700.0,Moped/Motorcycle,No injury/unknown,FAILURE TO YIELD RIGHT OF WAY,39.166656,-86.537296
12,3,1300.0,2-Car,No injury/unknown,FAILURE TO YIELD RIGHT OF WAY,39.166656,-86.537296
6,3,2000.0,2-Car,No injury/unknown,,39.16664,-86.52760165
12,2,1400.0,2-Car,No injury/unknown,UNSAFE BACKING,39.16664,-86.52766277
5,2,1200.0,2-Car,No injury/unknown,FAILURE TO YIELD RIGHT OF WAY,39.16664,-86.53125662
1,2,700.0,2-Car,No injury/unknown,FAILURE TO YIELD RIGHT OF WAY,39.16664,-86.5336
1,4,1700.0,Bus,No injury/unknown,FAILURE TO YIELD RIGHT OF WAY,39.16664,-86.528192
1,1,100.0,2-Car,No injury/unknown,FAILURE TO YIELD RIGHT OF WAY,39.16664,-86.5336
1,3,1900.0,2-Car,No injury/unknown,DISREGARD SIGNAL/REG SIGN,39.16664,-86.5348
1,3,1300.0,2-Car,No injury/unknown,ROADWAY SURFACE CONDITION,39.16664,-86.530992
1,3,1500.0,2-Car,No injury/unknown,OTHER (DRIVER) - EXPLAIN IN NARRATIVE,39.16664,-86.5348
2,2,1300.0,2-Car,No injury/unknown,OTHER (DRIVER) - EXPLAIN IN NARRATIVE,39.16664,-86.5348
2,5,1000.0,2-Car,No injury/unknown,DISREGARD SIGNAL/REG SIGN,39.16664,-86.5336
2,5,1300.0,2-Car,No injury/unknown,FAILURE TO YIELD RIGHT OF WAY,39.16664,-86.530992
2,1,1700.0,2-Car,No injury/unknown,UNSAFE BACKING,39.16664,-86.5336
2,2,0.0,1-Car,No injury/unknown,OTHER (DRIVER) - EXPLAIN IN NARRATIVE,39.16664,-86.529696
2,3,1900.0,1-Car,No injury/unknown,OTHER (VEHICLE) - EXPLAIN IN NARRATIVE,39.16664,-86.5324
2,4,0.0,1-Car,No injury/unknown,RAN OFF ROAD RIGHT,39.16664,-86.454992
3,7,2000.0,2-Car,No injury/unknown,FOLLOWING TOO CLOSELY,39.16664,-86.462496
3,4,100.0,Pedestrian,Non-incapacitating,OTHER (DRIVER) - EXPLAIN IN NARRATIVE,39.16664,-86.528192
3,2,1500.0,2-Car,No injury/unknown,UNSAFE BACKING,39.16664,-86.5336
3,3,1900.0,2-Car,No injury/unknown,UNSAFE BACKING,39.16664,-86.5336
4,3,2200.0,1-Car,No injury/unknown,DRIVER ILLNESS,39.16664,-86.526896
4,5,1400.0,Moped/Motorcycle,Non-incapacitating,FAILURE TO YIELD RIGHT OF WAY,39.16664,-86.5348
4,4,1300.0,2-Car,No injury/unknown,IMPROPER TURNING,39.16664,-86.529696
5,7,1200.0,2-Car,No injury/unknown,UNSAFE BACKING,39.16664,-86.53096555
5,2,700.0,2-Car,Non-incapacitating,SPEED TOO FAST FOR WEATHER CONDITIONS,39.16664,-86.5422
6,2,1400.0,2-Car,No injury/unknown,IMPROPER TURNING,39.16664,-86.5348
6,3,2200.0,2-Car,Non-incapacitating,DISREGARD SIGNAL/REG SIGN,39.16664,-86.5336
6,1,0.0,2-Car,Non-incapacitating,DISREGARD SIGNAL/REG SIGN,39.16664,-86.5336
6,4,1400.0,2-Car,No injury/unknown,IMPROPER TURNING,39.16664,-86.528192
6,4,1300.0,2-Car,No injury/unknown,FAILURE TO YIELD RIGHT OF WAY,39.16664,-86.526896
7,4,1400.0,2-Car,No injury/unknown,FAILURE TO YIELD RIGHT OF WAY,39.16664,-86.462496
7,4,2200.0,2-Car,No injury/unknown,UNSAFE BACKING,39.16664,-86.530992
8,2,900.0,2-Car,Non-incapacitating,FAILURE TO YIELD RIGHT OF WAY,39.16664,-86.5324
8,2,1800.0,2-Car,No injury/unknown,IMPROPER TURNING,39.16664,-86.5348
9,3,1600.0,2-Car,No injury/unknown,FOLLOWING TOO CLOSELY,39.16664,-86.5348
9,6,300.0,2-Car,No injury/unknown,ALCOHOLIC BEVERAGES,39.16664,-86.5336
9,1,1400.0,2-Car,No injury/unknown,IMPROPER TURNING,39.16664,-86.526896
9,7,1700.0,Cyclist,Non-incapacitating,OTHER (DRIVER) - EXPLAIN IN NARRATIVE,39.16664,-86.529696
9,7,200.0,Bus,No injury/unknown,RAN OFF ROAD RIGHT,39.16664,-86.526896
10,6,1700.0,2-Car,No injury/unknown,UNSAFE BACKING,39.16664,-86.5336
10,3,1400.0,2-Car,No injury/unknown,FAILURE TO YIELD RIGHT OF WAY,39.16664,-86.530992
10,4,2100.0,2-Car,No injury/unknown,,39.16664,-86.528192
10,6,2200.0,2-Car,No injury/unknown,UNSAFE BACKING,39.16664,-86.528192
10,1,200.0,2-Car,No injury/unknown,DISREGARD SIGNAL/REG SIGN,39.16664,-86.5336
10,7,1700.0,2-Car,No injury/unknown,OTHER (DRIVER) - EXPLAIN IN NARRATIVE,39.16664,-86.5348
10,6,1500.0,2-Car,No injury/unknown,SPEED TOO FAST FOR WEATHER CONDITIONS,39.16664,-86.5336
11,4,1800.0,2-Car,No injury/unknown,UNSAFE BACKING,39.16664,-86.529696
11,7,200.0,2-Car,No injury/unknown,DISREGARD SIGNAL/REG SIGN,39.16664,-86.530992
11,7,2200.0,3+ Cars,No injury/unknown,OTHER (DRIVER) - EXPLAIN IN NARRATIVE,39.16664,-86.529696
11,7,1900.0,3+ Cars,Non-incapacitating,RAN OFF ROAD RIGHT,39.16664,-86.529696
12,4,1800.0,Pedestrian,Non-incapacitating,PEDESTRIAN ACTION,39.16664,-86.5336
12,7,2000.0,2-Car,No injury/unknown,UNSAFE BACKING,39.16664,-86.5348
9,7,1500.0,2-Car,No injury/unknown,IMPROPER TURNING,39.1666,-86.53561
10,6,1800.0,2-Car,No injury/unknown,FAILURE TO YIELD RIGHT OF WAY,39.1666,-86.53561
11,6,1800.0,2-Car,No injury/unknown,UNSAFE BACKING,39.1666,-86.53489731
11,2,1100.0,2-Car,No injury/unknown,FOLLOWING TOO CLOSELY,39.16658,-86.53361
7,1,1300.0,2-Car,No injury/unknown,OTHER (DRIVER) - EXPLAIN IN NARRATIVE,39.16657,-86.532285
8,6,2000.0,2-Car,No injury/unknown,UNSAFE BACKING,39.16657,-86.53234524
9,5,1000.0,2-Car,No injury/unknown,OTHER (DRIVER) - EXPLAIN IN NARRATIVE,39.16657,-86.53234481
1,1,200.0,2-Car,Non-incapacitating,ALCOHOLIC BEVERAGES,39.16656208,-86.53231546
12,4,800.0,2-Car,No injury/unknown,DISREGARD SIGNAL/REG SIGN,39.16656208,-86.53489044
5,3,1000.0,Bus,No injury/unknown,UNSAFE BACKING,39.16656,-86.53104
5,2,1200.0,2-Car,No injury/unknown,IMPROPER TURNING,39.16655822,-86.492816
12,1,1400.0,2-Car,No injury/unknown,UNSAFE BACKING,39.16655822,-86.492816
1,3,2200.0,1-Car,No injury/unknown,ANIMAL/OBJECT IN ROADWAY,39.16655525,-86.46255191
5,4,1600.0,2-Car,No injury/unknown,OTHER (DRIVER) - EXPLAIN IN NARRATIVE,39.16655525,-86.46272484
2,2,900.0,Bus,No injury/unknown,OTHER (DRIVER) - EXPLAIN IN NARRATIVE,39.16654,-86.52692
6,6,1700.0,2-Car,No injury/unknown,OTHER (DRIVER) - EXPLAIN IN NARRATIVE,39.16649829,-86.52969829
9,6,2000.0,2-Car,No injury/unknown,UNSAFE BACKING,39.16649829,-86.52688914
12,2,1000.0,1-Car,No injury/unknown,OTHER (DRIVER) - EXPLAIN IN NARRATIVE,39.166496,-86.571216
11,5,1500.0,2-Car,No injury/unknown,IMPROPER PASSING,39.16648658,-86.4652961
9,7,2000.0,2-Car,No injury/unknown,BRAKE FAILURE OR DEFECTIVE,39.16647804,-86.52688816
10,4,1600.0,1-Car,No injury/unknown,OTHER (DRIVER) - EXPLAIN IN NARRATIVE,39.16647455,-86.46551555
1,6,1500.0,Bus,No injury/unknown,OTHER (DRIVER) - EXPLAIN IN NARRATIVE,39.16643415,-86.52688604
10,1,1100.0,2-Car,No injury/unknown,FAILURE TO YIELD RIGHT OF WAY,39.16643415,-86.52688604
1,2,1900.0,2-Car,No injury/unknown,OTHER (DRIVER) - EXPLAIN IN NARRATIVE,39.16636554,-86.52688272
5,7,1300.0,2-Car,No injury/unknown,UNSAFE BACKING,39.166352,-86.487392
8,4,1100.0,2-Car,No injury/unknown,OTHER (DRIVER) - EXPLAIN IN NARRATIVE,39.16626679,-86.50224214
4,4,1700.0,2-Car,No injury/unknown,FAILURE TO YIELD RIGHT OF WAY,39.16626253,-86.495088
2,2,1800.0,Pedestrian,Non-incapacitating,OTHER (DRIVER) - EXPLAIN IN NARRATIVE,39.16625,-86.48129
3,1,2300.0,2-Car,No injury/unknown,OTHER (DRIVER) - EXPLAIN IN NARRATIVE,39.1662177,-86.51097988
4,3,1400.0,2-Car,No injury/unknown,UNSAFE BACKING,39.1662177,-86.51097988
1,7,100.0,2-Car,No injury/unknown,OTHER (DRIVER) - EXPLAIN IN NARRATIVE,39.166132,-86.475481
6,6,1200.0,2-Car,No injury/unknown,UNSAFE BACKING,39.166131,-86.576004
10,1,1300.0,2-Car,No injury/unknown,UNSAFE BACKING,39.166131,-86.576004
6,4,1500.0,2-Car,No injury/unknown,IMPROPER TURNING,39.16612236,-86.57302593
8,7,1500.0,2-Car,No injury/unknown,DRIVER DISTRACTED - EXPLAIN IN NARRATIVE,39.16612236,-86.57302593
12,7,300.0,2-Car,No injury/unknown,LEFT OF CENTER,39.16592246,-86.52815728
1,3,1100.0,1-Car,No injury/unknown,RAN OFF ROAD RIGHT,39.1657329,-86.54414139
2,1,1600.0,2-Car,No injury/unknown,FOLLOWING TOO CLOSELY,39.1657316,-86.46876888
2,2,1000.0,2-Car,No injury/unknown,UNSAFE BACKING,39.165696,-86.538592
4,2,1200.0,2-Car,No injury/unknown,FAILURE TO YIELD RIGHT OF WAY,39.165696,-86.538592
12,6,2100.0,2-Car,No injury/unknown,FAILURE TO YIELD RIGHT OF WAY,39.165696,-86.538592
4,3,1500.0,2-Car,No injury/unknown,OTHER (DRIVER) - EXPLAIN IN NARRATIVE,39.16567565,-86.53694323
5,2,2000.0,1-Car,No injury/unknown,RAN OFF ROAD RIGHT,39.16566804,-86.5829377
4,1,1000.0,2-Car,No injury/unknown,OTHER (DRIVER) - EXPLAIN IN NARRATIVE,39.165664,-86.5348
9,4,1700.0,Pedestrian,Non-incapacitating,FAILURE TO YIELD RIGHT OF WAY,39.165664,-86.5348
9,1,1800.0,3+ Cars,No injury/unknown,SPEED TOO FAST FOR WEATHER CONDITIONS,39.165664,-86.5348
9,7,0.0,2-Car,No injury/unknown,IMPROPER LANE USAGE,39.165664,-86.5348
1,6,1400.0,2-Car,No injury/unknown,OTHER (DRIVER) - EXPLAIN IN NARRATIVE,39.165648,-86.53041764
7,5,1200.0,Bus,No injury/unknown,OTHER (VEHICLE) - EXPLAIN IN NARRATIVE,39.165648,-86.52849682
5,6,300.0,2-Car,No injury/unknown,,39.165648,-86.52711261
1,6,1600.0,2-Car,No injury/unknown,OTHER (DRIVER) - EXPLAIN IN NARRATIVE,39.165648,-86.528144
2,4,900.0,2-Car,No injury/unknown,OTHER (DRIVER) - EXPLAIN IN NARRATIVE,39.165648,-86.5324
2,2,1000.0,2-Car,No injury/unknown,FOLLOWING TOO CLOSELY,39.165648,-86.526848
2,7,400.0,2-Car,No injury/unknown,ALCOHOLIC BEVERAGES,39.165648,-86.526848
3,7,1600.0,1-Car,No injury/unknown,DRIVER DISTRACTED - EXPLAIN IN NARRATIVE,39.165648,-86.5336
4,3,1800.0,2-Car,No injury/unknown,IMPROPER TURNING,39.165648,-86.53231478
4,3,1300.0,2-Car,No injury/unknown,OTHER (DRIVER) - EXPLAIN IN NARRATIVE,39.165648,-86.5336
8,4,100.0,1-Car,No injury/unknown,ANIMAL/OBJECT IN ROADWAY,39.165648,-86.5048
9,6,700.0,2-Car,Non-incapacitating,DISREGARD SIGNAL/REG SIGN,39.165648,-86.5336
10,7,1800.0,2-Car,No injury/unknown,OTHER (DRIVER) - EXPLAIN IN NARRATIVE,39.165648,-86.531008
10,7,100.0,3+ Cars,No injury/unknown,OTHER (DRIVER) - EXPLAIN IN NARRATIVE,39.165648,-86.5336
11,2,1400.0,2-Car,No injury/unknown,FAILURE TO YIELD RIGHT OF WAY,39.165648,-86.5324
11,7,1100.0,2-Car,No injury/unknown,IMPROPER TURNING,39.165648,-86.5336
11,4,1500.0,2-Car,No injury/unknown,UNSAFE BACKING,39.165648,-86.526848
12,3,2100.0,2-Car,No injury/unknown,OTHER (DRIVER) - EXPLAIN IN NARRATIVE,39.165648,-86.529712
12,3,1700.0,2-Car,No injury/unknown,IMPROPER LANE USAGE,39.165648,-86.5336
2,3,0.0,1-Car,No injury/unknown,SPEED TOO FAST FOR WEATHER CONDITIONS,39.16564016,-86.537296
2,3,0.0,1-Car,No injury/unknown,RAN OFF ROAD RIGHT,39.16564016,-86.537296
12,6,1600.0,2-Car,Non-incapacitating,FOLLOWING TOO CLOSELY,39.16563,-86.58297
1,7,1300.0,2-Car,No injury/unknown,SPEED TOO FAST FOR WEATHER CONDITIONS,39.16562,-86.576
4,2,1500.0,2-Car,No injury/unknown,FOLLOWING TOO CLOSELY,39.16562,-86.576
5,2,1300.0,2-Car,No injury/unknown,FOLLOWING TOO CLOSELY,39.16562,-86.57600866
6,7,1400.0,2-Car,No injury/unknown,FAILURE TO YIELD RIGHT OF WAY,39.16562,-86.575746
10,6,1700.0,2-Car,No injury/unknown,FAILURE TO YIELD RIGHT OF WAY,39.16562,-86.576
2,7,1100.0,Pedestrian,Non-incapacitating,PEDESTRIAN ACTION,39.16559,-86.53489
10,3,1000.0,2-Car,No injury/unknown,UNSAFE BACKING,39.16558,-86.532273
11,1,200.0,2-Car,No injury/unknown,DISREGARD SIGNAL/REG SIGN,39.16558,-86.53235
8,6,600.0,1-Car,No injury/unknown,UNSAFE BACKING,39.165576,-86.516312
2,6,1200.0,2-Car,No injury/unknown,UNSAFE BACKING,39.16556,-86.528229
5,3,1500.0,2-Car,No injury/unknown,UNSAFE BACKING,39.16550106,-86.52684212
4,7,1400.0,2-Car,No injury/unknown,UNSAFE BACKING,39.1654,-86.51643596
8,3,1000.0,2-Car,No injury/unknown,IMPROPER TURNING,39.1654,-86.51643596
9,4,1500.0,Cyclist,Non-incapacitating,FAILURE TO YIELD RIGHT OF WAY,39.1654,-86.51641
10,5,1700.0,Cyclist,Non-incapacitating,UNSAFE BACKING,39.1654,-86.51641519
10,6,1400.0,2-Car,No injury/unknown,UNSAFE BACKING,39.1654,-86.51641865
1,4,1700.0,Bus,No injury/unknown,IMPROPER TURNING,39.16529,-86.5109
2,2,1600.0,2-Car,No injury/unknown,FAILURE TO YIELD RIGHT OF WAY,39.16529,-86.51089567
6,1,1100.0,1-Car,No injury/unknown,OTHER (DRIVER) - EXPLAIN IN NARRATIVE,39.165279,-86.494933
7,4,1300.0,2-Car,No injury/unknown,OTHER (DRIVER) - EXPLAIN IN NARRATIVE,39.165279,-86.494933
11,6,1300.0,2-Car,No injury/unknown,FAILURE TO YIELD RIGHT OF WAY,39.16516294,-86.57310312
1,6,1700.0,3+ Cars,No injury/unknown,FOLLOWING TOO CLOSELY,39.16508981,-86.47032845
9,1,1600.0,3+ Cars,Non-incapacitating,FOLLOWING TOO CLOSELY,39.16508981,-86.47032845
1,7,400.0,2-Car,No injury/unknown,OTHER (DRIVER) - EXPLAIN IN NARRATIVE,39.165056,-86.653168
5,3,1400.0,2-Car,No injury/unknown,FAILURE TO YIELD RIGHT OF WAY,39.164944,-86.611296
7,5,1800.0,2-Car,No injury/unknown,OTHER (DRIVER) - EXPLAIN IN NARRATIVE,39.164944,-86.611296
3,1,2100.0,2-Car,No injury/unknown,UNSAFE SPEED,39.16493308,-86.6110129
2,4,1500.0,2-Car,Incapacitating,IMPROPER TURNING,39.16485453,-86.59907373
12,5,600.0,2-Car,No injury/unknown,DRIVER DISTRACTED - EXPLAIN IN NARRATIVE,39.16485453,-86.59907373
6,2,1500.0,2-Car,No injury/unknown,FAILURE TO YIELD RIGHT OF WAY,39.164848,-86.58943918
10,7,1300.0,2-Car,No injury/unknown,FAILURE TO YIELD RIGHT OF WAY,39.164848,-86.58342522
1,6,1300.0,2-Car,No injury/unknown,OTHER (DRIVER) - EXPLAIN IN NARRATIVE,39.164848,-86.57614099
1,5,1500.0,Bus,No injury/unknown,IMPROPER TURNING,39.164848,-86.57584186
1,1,200.0,2-Car,No injury/unknown,ALCOHOLIC BEVERAGES,39.164848,-86.581504
2,2,1600.0,2-Car,No injury/unknown,OTHER (DRIVER) - EXPLAIN IN NARRATIVE,39.164848,-86.582896