Month,Day,Hour,Collision Type,Injury Type,Primary Factor,Latitude,Longitude
4,7,1600.0,2-Car,No injury/unknown,UNSAFE BACKING,39.164848,-86.581504
4,3,1200.0,1-Car,Non-incapacitating,OTHER (DRIVER) - EXPLAIN IN NARRATIVE,39.164848,-86.57487674
5,2,1600.0,2-Car,No injury/unknown,FAILURE TO YIELD RIGHT OF WAY,39.164848,-86.57568232
6,6,2100.0,2-Car,No injury/unknown,UNSAFE BACKING,39.164848,-86.57542307
6,3,1500.0,1-Car,No injury/unknown,OTHER (DRIVER) - EXPLAIN IN NARRATIVE,39.164848,-86.5768472
10,3,1800.0,Cyclist,Non-incapacitating,FAILURE TO YIELD RIGHT OF WAY,39.164848,-86.57487674
12,2,600.0,1-Car,No injury/unknown,RAN OFF ROAD RIGHT,39.164848,-86.428896
6,4,1200.0,2-Car,No injury/unknown,UNSAFE BACKING,39.16484767,-86.58010841
6,5,1100.0,2-Car,No injury/unknown,UNSAFE BACKING,39.16484622,-86.58141511
2,1,1800.0,2-Car,No injury/unknown,OTHER (DRIVER) - EXPLAIN IN NARRATIVE,39.164844,-86.579422
3,6,2100.0,2-Car,No injury/unknown,UNSAFE BACKING,39.164844,-86.579422
11,7,1400.0,1-Car,No injury/unknown,OTHER (DRIVER) - EXPLAIN IN NARRATIVE,39.164844,-86.579422
8,7,1800.0,2-Car,No injury/unknown,DRIVER DISTRACTED - EXPLAIN IN NARRATIVE,39.16484356,-86.58128178
4,7,1200.0,2-Car,No injury/unknown,UNSAFE BACKING,39.16483984,-86.5804062
3,6,1400.0,2-Car,No injury/unknown,FAILURE TO YIELD RIGHT OF WAY,39.164832,-86.585856
2,6,1500.0,2-Car,No injury/unknown,DRIVER DISTRACTED - EXPLAIN IN NARRATIVE,39.16482122,-86.5789551
12,7,1400.0,2-Car,No injury/unknown,UNSAFE BACKING,39.16482122,-86.5789551
5,6,1600.0,3+ Cars,Non-incapacitating,FOLLOWING TOO CLOSELY,39.1648,-86.573792
6,6,1400.0,3+ Cars,No injury/unknown,OTHER (DRIVER) - EXPLAIN IN NARRATIVE,39.1648,-86.573792
7,6,1300.0,2-Car,No injury/unknown,FAILURE TO YIELD RIGHT OF WAY,39.16478931,-86.495088
8,5,1700.0,3+ Cars,No injury/unknown,DRIVER DISTRACTED - EXPLAIN IN NARRATIVE,39.16478164,-86.53369
10,5,1600.0,1-Car,No injury/unknown,RAN OFF ROAD RIGHT,39.16476168,-86.62033494
1,5,800.0,2-Car,No injury/unknown,OTHER (DRIVER) - EXPLAIN IN NARRATIVE,39.164752,-86.573104
2,1,1900.0,2-Car,No injury/unknown,DISREGARD SIGNAL/REG SIGN,39.164752,-86.573104
2,5,1600.0,2-Car,Non-incapacitating,FAILURE TO YIELD RIGHT OF WAY,39.164752,-86.573104
3,5,1200.0,2-Car,No injury/unknown,FAILURE TO YIELD RIGHT OF WAY,39.164752,-86.573104
7,3,1700.0,3+ Cars,No injury/unknown,OTHER (DRIVER) - EXPLAIN IN NARRATIVE,39.164752,-86.573104
10,1,1300.0,2-Car,Non-incapacitating,DRIVER DISTRACTED - EXPLAIN IN NARRATIVE,39.164752,-86.573104
10,6,1300.0,2-Car,No injury/unknown,FAILURE TO YIELD RIGHT OF WAY,39.164752,-86.573104
10,6,1900.0,2-Car,No injury/unknown,IMPROPER LANE USAGE,39.164752,-86.573104
12,3,2100.0,2-Car,No injury/unknown,FAILURE TO YIELD RIGHT OF WAY,39.164752,-86.573104
12,7,1700.0,2-Car,Non-incapacitating,FOLLOWING TOO CLOSELY,39.164752,-86.573104
1,1,2000.0,2-Car,Non-incapacitating,FAILURE TO YIELD RIGHT OF WAY,39.16474251,-86.57282163
4,6,2100.0,2-Car,No injury/unknown,UNSAFE BACKING,39.16474251,-86.57282163
4,6,2000.0,2-Car,No injury/unknown,UNSAFE BACKING,39.16474251,-86.57282163
8,6,2200.0,2-Car,No injury/unknown,UNSAFE BACKING,39.16474251,-86.57282163
12,6,1800.0,2-Car,No injury/unknown,,39.16474251,-86.57282163
12,3,600.0,2-Car,No injury/unknown,UNSAFE BACKING,39.16473809,-86.53929725
11,3,1600.0,Moped/Motorcycle,Non-incapacitating,OTHER (DRIVER) - EXPLAIN IN NARRATIVE,39.16472,-86.538592
7,2,1500.0,2-Car,No injury/unknown,OTHER (DRIVER) - EXPLAIN IN NARRATIVE,39.16471159,-86.5719019
5,2,1400.0,2-Car,No injury/unknown,OTHER (VEHICLE) - EXPLAIN IN NARRATIVE,39.16470933,-86.57183467
3,1,1500.0,2-Car,No injury/unknown,FOLLOWING TOO CLOSELY,39.16470473,-86.47126419
4,6,800.0,2-Car,No injury/unknown,FAILURE TO YIELD RIGHT OF WAY,39.164704,-86.537296
10,6,1500.0,2-Car,No injury/unknown,DISREGARD SIGNAL/REG SIGN,39.164704,-86.537296
2,1,2000.0,2-Car,No injury/unknown,FAILURE TO YIELD RIGHT OF WAY,39.164688,-86.5712
3,2,1700.0,2-Car,Non-incapacitating,FOLLOWING TOO CLOSELY,39.164688,-86.5712
4,2,1600.0,2-Car,No injury/unknown,FOLLOWING TOO CLOSELY,39.164688,-86.5712
5,5,1800.0,2-Car,Non-incapacitating,FOLLOWING TOO CLOSELY,39.164688,-86.5712
6,5,1800.0,Moped/Motorcycle,No injury/unknown,FOLLOWING TOO CLOSELY,39.164688,-86.5712
8,3,1400.0,2-Car,No injury/unknown,IMPROPER LANE USAGE,39.164688,-86.5712
9,4,1700.0,2-Car,No injury/unknown,FAILURE TO YIELD RIGHT OF WAY,39.164688,-86.5712
9,5,1600.0,2-Car,Non-incapacitating,FAILURE TO YIELD RIGHT OF WAY,39.164688,-86.5712
12,2,1800.0,2-Car,Non-incapacitating,FOLLOWING TOO CLOSELY,39.164688,-86.5712
12,5,1200.0,2-Car,No injury/unknown,FOLLOWING TOO CLOSELY,39.164688,-86.5712
5,2,700.0,3+ Cars,No injury/unknown,FOLLOWING TOO CLOSELY,39.16468378,-86.58293765
10,2,1000.0,2-Car,No injury/unknown,FAILURE TO YIELD RIGHT OF WAY,39.16468378,-86.58321403
12,2,1100.0,2-Car,No injury/unknown,OTHER (DRIVER) - EXPLAIN IN NARRATIVE,39.16468378,-86.58292033
8,5,1600.0,2-Car,No injury/unknown,FOLLOWING TOO CLOSELY,39.16468181,-86.57084728
10,6,1800.0,2-Car,Non-incapacitating,DRIVER DISTRACTED - EXPLAIN IN NARRATIVE,39.16467872,-86.57067091
3,4,700.0,2-Car,No injury/unknown,UNSAFE BACKING,39.164666,-86.583265
1,2,1400.0,2-Car,No injury/unknown,FAILURE TO YIELD RIGHT OF WAY,39.16466,-86.58291134
1,2,1500.0,2-Car,No injury/unknown,IMPROPER LANE USAGE,39.16466,-86.58292
4,1,400.0,2-Car,No injury/unknown,IMPROPER LANE USAGE,39.16466,-86.58292
4,7,2100.0,2-Car,No injury/unknown,FAILURE TO YIELD RIGHT OF WAY,39.16466,-86.58292
4,3,1200.0,2-Car,Non-incapacitating,ALCOHOLIC BEVERAGES,39.16466,-86.58292
5,4,1600.0,2-Car,No injury/unknown,DISREGARD SIGNAL/REG SIGN,39.16466,-86.58292
6,3,1100.0,2-Car,No injury/unknown,DISREGARD SIGNAL/REG SIGN,39.16466,-86.58292
6,6,1200.0,2-Car,No injury/unknown,FAILURE TO YIELD RIGHT OF WAY,39.16466,-86.58292866
6,3,1100.0,2-Car,Non-incapacitating,IMPROPER PASSING,39.16464,-86.56694156
1,3,1200.0,2-Car,No injury/unknown,FOLLOWING TOO CLOSELY,39.16464,-86.53266461
1,6,1800.0,2-Car,No injury/unknown,FAILURE TO YIELD RIGHT OF WAY,39.16464,-86.53275281
7,1,1600.0,2-Car,No injury/unknown,IMPROPER LANE USAGE,39.16464,-86.56470975
1,2,2300.0,2-Car,No injury/unknown,ROADWAY SURFACE CONDITION,39.16464,-86.5336
1,3,1600.0,2-Car,No injury/unknown,FOLLOWING TOO CLOSELY,39.16464,-86.531024
1,4,1100.0,2-Car,No injury/unknown,UNSAFE BACKING,39.16464,-86.53211918
1,5,1700.0,2-Car,No injury/unknown,FAILURE TO YIELD RIGHT OF WAY,39.16464,-86.529728
1,5,1900.0,2-Car,Non-incapacitating,ROADWAY SURFACE CONDITION,39.16464,-86.5324
2,3,2100.0,2-Car,Non-incapacitating,DISREGARD SIGNAL/REG SIGN,39.16464,-86.534816
2,4,1300.0,2-Car,No injury/unknown,ROADWAY SURFACE CONDITION,39.16464,-86.56913891
2,5,1700.0,2-Car,No injury/unknown,FOLLOWING TOO CLOSELY,39.16464,-86.5336
2,6,1200.0,2-Car,No injury/unknown,DISREGARD SIGNAL/REG SIGN,39.16464,-86.5336
2,7,200.0,2-Car,No injury/unknown,DISREGARD SIGNAL/REG SIGN,39.16464,-86.5324
2,5,1600.0,2-Car,No injury/unknown,UNSAFE BACKING,39.16464,-86.5662049
2,3,1200.0,2-Car,No injury/unknown,FOLLOWING TOO CLOSELY,39.16464,-86.568
2,6,300.0,2-Car,No injury/unknown,OTHER (DRIVER) - EXPLAIN IN NARRATIVE,39.16464,-86.5336
3,2,1600.0,2-Car,No injury/unknown,OTHER (VEHICLE) - EXPLAIN IN NARRATIVE,39.16464,-86.56913891
4,4,900.0,2-Car,No injury/unknown,IMPROPER LANE USAGE,39.16464,-86.5336
4,7,1500.0,3+ Cars,No injury/unknown,FOLLOWING TOO CLOSELY,39.16464,-86.568
4,6,1600.0,2-Car,No injury/unknown,FOLLOWING TOO CLOSELY,39.16464,-86.531024
4,6,2000.0,2-Car,No injury/unknown,OTHER (DRIVER) - EXPLAIN IN NARRATIVE,39.16464,-86.5336
4,3,1600.0,2-Car,No injury/unknown,ROADWAY SURFACE CONDITION,39.16464,-86.5324
4,6,1500.0,2-Car,No injury/unknown,OTHER (DRIVER) - EXPLAIN IN NARRATIVE,39.16464,-86.529728
4,6,2200.0,2-Car,Non-incapacitating,DISREGARD SIGNAL/REG SIGN,39.16464,-86.5324
4,6,1500.0,Moped/Motorcycle,No injury/unknown,UNSAFE BACKING,39.16464,-86.5336
4,4,1900.0,3+ Cars,No injury/unknown,FOLLOWING TOO CLOSELY,39.16464,-86.5336
5,4,1500.0,2-Car,No injury/unknown,FAILURE TO YIELD RIGHT OF WAY,39.16464,-86.529728
4,5,1700.0,2-Car,No injury/unknown,UNSAFE BACKING,39.16464,-86.5324
5,7,900.0,1-Car,No injury/unknown,RAN OFF ROAD RIGHT,39.16464,-86.534816
6,2,100.0,2-Car,No injury/unknown,OTHER (DRIVER) - EXPLAIN IN NARRATIVE,39.16464,-86.52878985
6,2,800.0,2-Car,No injury/unknown,OTHER (DRIVER) - EXPLAIN IN NARRATIVE,39.16464,-86.5324
6,3,1400.0,2-Car,No injury/unknown,DISREGARD SIGNAL/REG SIGN,39.16464,-86.531024
6,5,800.0,2-Car,No injury/unknown,FAILURE TO YIELD RIGHT OF WAY,39.16464,-86.534816
6,5,1100.0,2-Car,Non-incapacitating,FAILURE TO YIELD RIGHT OF WAY,39.16464,-86.568
6,7,1600.0,2-Car,No injury/unknown,DISREGARD SIGNAL/REG SIGN,39.16464,-86.5324
6,3,1200.0,2-Car,No injury/unknown,FOLLOWING TOO CLOSELY,39.16464,-86.568
7,4,2000.0,Cyclist,Non-incapacitating,FAILURE TO YIELD RIGHT OF WAY,39.16464,-86.531024
7,5,2000.0,Moped/Motorcycle,Non-incapacitating,DISREGARD SIGNAL/REG SIGN,39.16464,-86.531024
7,6,1900.0,3+ Cars,Non-incapacitating,FOLLOWING TOO CLOSELY,39.16464,-86.568
7,6,1900.0,2-Car,No injury/unknown,FOLLOWING TOO CLOSELY,39.16464,-86.568
7,5,1700.0,2-Car,No injury/unknown,OTHER (DRIVER) - EXPLAIN IN NARRATIVE,39.16464,-86.5324
7,3,1300.0,2-Car,No injury/unknown,FOLLOWING TOO CLOSELY,39.16464,-86.5336
7,7,1600.0,2-Car,Non-incapacitating,DISREGARD SIGNAL/REG SIGN,39.16464,-86.531024
7,2,1100.0,2-Car,Non-incapacitating,DISREGARD SIGNAL/REG SIGN,39.16464,-86.534816
7,3,1600.0,2-Car,No injury/unknown,DISREGARD SIGNAL/REG SIGN,39.16464,-86.5324
7,5,900.0,2-Car,No injury/unknown,FOLLOWING TOO CLOSELY,39.16464,-86.568
8,7,1900.0,3+ Cars,No injury/unknown,FOLLOWING TOO CLOSELY,39.16464,-86.5336
8,2,1800.0,2-Car,No injury/unknown,DISREGARD SIGNAL/REG SIGN,39.16464,-86.5324
8,4,800.0,2-Car,No injury/unknown,FAILURE TO YIELD RIGHT OF WAY,39.16464,-86.5336
8,4,1200.0,2-Car,No injury/unknown,FOLLOWING TOO CLOSELY,39.16464,-86.529728
8,1,1700.0,2-Car,No injury/unknown,FOLLOWING TOO CLOSELY,39.16464,-86.534816
8,7,1100.0,2-Car,No injury/unknown,DISREGARD SIGNAL/REG SIGN,39.16464,-86.531024
8,7,2300.0,2-Car,No injury/unknown,ALCOHOLIC BEVERAGES,39.16464,-86.5324
9,3,2300.0,2-Car,No injury/unknown,DISREGARD SIGNAL/REG SIGN,39.16464,-86.5324
9,6,2300.0,2-Car,Non-incapacitating,FAILURE TO YIELD RIGHT OF WAY,39.16464,-86.5324
9,1,1200.0,2-Car,Non-incapacitating,FOLLOWING TOO CLOSELY,39.16464,-86.568
9,6,1400.0,2-Car,No injury/unknown,OTHER (DRIVER) - EXPLAIN IN NARRATIVE,39.16464,-86.5336
9,6,800.0,Pedestrian,Non-incapacitating,RAN OFF ROAD RIGHT,39.16464,-86.568
10,3,1500.0,2-Car,No injury/unknown,FOLLOWING TOO CLOSELY,39.16464,-86.534816
10,1,1000.0,1-Car,No injury/unknown,RAN OFF ROAD RIGHT,39.16464,-86.534816
10,5,1000.0,2-Car,No injury/unknown,FAILURE TO YIELD RIGHT OF WAY,39.16464,-86.534816
10,7,0.0,2-Car,No injury/unknown,FAILURE TO YIELD RIGHT OF WAY,39.16464,-86.5324
10,6,1000.0,2-Car,No injury/unknown,FAILURE TO YIELD RIGHT OF WAY,39.16464,-86.5324
11,6,2300.0,2-Car,No injury/unknown,OTHER (DRIVER) - EXPLAIN IN NARRATIVE,39.16464,-86.56905455
11,1,1600.0,2-Car,No injury/unknown,DISREGARD SIGNAL/REG SIGN,39.16464,-86.531024
11,2,1800.0,1-Car,Non-incapacitating,OVERCORRECTING/OVERSTEERING,39.16464,-86.568
11,5,2300.0,2-Car,No injury/unknown,FAILURE TO YIELD RIGHT OF WAY,39.16464,-86.5324
11,6,1500.0,2-Car,No injury/unknown,FOLLOWING TOO CLOSELY,39.16464,-86.5324
11,2,900.0,2-Car,No injury/unknown,DISREGARD SIGNAL/REG SIGN,39.16464,-86.5336
11,7,300.0,2-Car,No injury/unknown,UNSAFE BACKING,39.16464,-86.5336
11,5,2100.0,1-Car,No injury/unknown,OTHER (DRIVER) - EXPLAIN IN NARRATIVE,39.16464,-86.56835152
12,3,0.0,2-Car,Non-incapacitating,FAILURE TO YIELD RIGHT OF WAY,39.16464,-86.5324
12,6,200.0,2-Car,No injury/unknown,ALCOHOLIC BEVERAGES,39.16464,-86.5324
12,2,1600.0,3+ Cars,Non-incapacitating,FAILURE TO YIELD RIGHT OF WAY,39.16464,-86.5324
12,2,700.0,2-Car,No injury/unknown,SPEED TOO FAST FOR WEATHER CONDITIONS,39.16464,-86.52919878
12,3,1500.0,2-Car,No injury/unknown,UNSAFE BACKING,39.16464,-86.56905455
12,7,1900.0,2-Car,Non-incapacitating,ALCOHOLIC BEVERAGES,39.16464,-86.564992
5,3,2200.0,2-Car,No injury/unknown,OTHER (DRIVER) - EXPLAIN IN NARRATIVE,39.164634,-86.580072
1,4,1500.0,2-Car,No injury/unknown,OTHER (DRIVER) - EXPLAIN IN NARRATIVE,39.164618,-86.579395
5,3,1100.0,2-Car,No injury/unknown,FAILURE TO YIELD RIGHT OF WAY,39.164613,-86.579168
1,7,1600.0,2-Car,No injury/unknown,FAILURE TO YIELD RIGHT OF WAY,39.16461,-86.57910403
3,3,1400.0,2-Car,No injury/unknown,FAILURE TO YIELD RIGHT OF WAY,39.16461,-86.57913
6,2,1300.0,2-Car,Non-incapacitating,FAILURE TO YIELD RIGHT OF WAY,39.16461,-86.57913
6,7,1200.0,2-Car,No injury/unknown,FAILURE TO YIELD RIGHT OF WAY,39.16461,-86.57913
6,6,1600.0,2-Car,Non-incapacitating,FAILURE TO YIELD RIGHT OF WAY,39.16461,-86.57912134
6,6,1700.0,2-Car,No injury/unknown,FOLLOWING TOO CLOSELY,39.16461,-86.57913
7,6,1300.0,2-Car,No injury/unknown,FAILURE TO YIELD RIGHT OF WAY,39.16461,-86.57912567
1,4,1000.0,2-Car,Non-incapacitating,DISREGARD SIGNAL/REG SIGN,39.1646,-86.5349
3,5,1800.0,2-Car,No injury/unknown,DISREGARD SIGNAL/REG SIGN,39.1646,-86.53363
6,3,1800.0,2-Car,No injury/unknown,FAILURE TO YIELD RIGHT OF WAY,39.1646,-86.5349
8,4,1900.0,Moped/Motorcycle,Non-incapacitating,OTHER (DRIVER) - EXPLAIN IN NARRATIVE,39.1646,-86.53363
8,6,1700.0,2-Car,Non-incapacitating,FAILURE TO YIELD RIGHT OF WAY,39.1646,-86.5349
10,4,1300.0,2-Car,Non-incapacitating,DISREGARD SIGNAL/REG SIGN,39.16459856,-86.57211542
8,5,1600.0,2-Car,No injury/unknown,FOLLOWING TOO CLOSELY,39.1645984,-86.57913641
8,7,1700.0,2-Car,No injury/unknown,OTHER (DRIVER) - EXPLAIN IN NARRATIVE,39.1645984,-86.57916238
8,6,0.0,2-Car,No injury/unknown,OTHER (DRIVER) - EXPLAIN IN NARRATIVE,39.1645984,-86.57913641
9,3,1500.0,Moped/Motorcycle,Non-incapacitating,FAILURE TO YIELD RIGHT OF WAY,39.1645984,-86.57913641
9,3,1300.0,2-Car,No injury/unknown,FAILURE TO YIELD RIGHT OF WAY,39.1645984,-86.57913208
9,4,1400.0,2-Car,No injury/unknown,FAILURE TO YIELD RIGHT OF WAY,39.1645984,-86.57744252
10,6,1200.0,2-Car,No injury/unknown,FAILURE TO YIELD RIGHT OF WAY,39.1645984,-86.57912775
10,6,1700.0,2-Car,No injury/unknown,FAILURE TO YIELD RIGHT OF WAY,39.1645984,-86.57913641
11,4,1700.0,2-Car,No injury/unknown,OTHER (DRIVER) - EXPLAIN IN NARRATIVE,39.1645984,-86.57913641
12,2,1100.0,2-Car,No injury/unknown,OTHER (DRIVER) - EXPLAIN IN NARRATIVE,39.1645984,-86.57913641
12,5,1000.0,2-Car,No injury/unknown,FAILURE TO YIELD RIGHT OF WAY,39.1645984,-86.57912342
4,4,1300.0,2-Car,No injury/unknown,PRESCRIPTION DRUGS,39.164598,-86.532107
5,7,1100.0,2-Car,No injury/unknown,IMPROPER TURNING,39.16459498,-86.57619828
5,5,1200.0,3+ Cars,No injury/unknown,FOLLOWING TOO CLOSELY,39.16459498,-86.57621992
5,4,1500.0,3+ Cars,Non-incapacitating,OTHER (DRIVER) - EXPLAIN IN NARRATIVE,39.16459498,-86.57621992
6,2,1100.0,2-Car,No injury/unknown,FOLLOWING TOO CLOSELY,39.16459498,-86.57621992
7,6,1900.0,2-Car,No injury/unknown,FOLLOWING TOO CLOSELY,39.16459498,-86.57620693
7,6,1700.0,3+ Cars,Non-incapacitating,FOLLOWING TOO CLOSELY,39.16459498,-86.57622858
8,3,2100.0,2-Car,No injury/unknown,FOLLOWING TOO CLOSELY,39.16459498,-86.57919788
11,3,1300.0,2-Car,No injury/unknown,FAILURE TO YIELD RIGHT OF WAY,39.16459498,-86.57621992
11,3,1600.0,3+ Cars,No injury/unknown,DRIVER DISTRACTED - EXPLAIN IN NARRATIVE,39.16459498,-86.57621992
11,7,1500.0,3+ Cars,No injury/unknown,FAILURE TO YIELD RIGHT OF WAY,39.16459498,-86.57621992
12,6,1500.0,2-Car,No injury/unknown,FAILURE TO YIELD RIGHT OF WAY,39.16459498,-86.57621992
1,4,800.0,2-Car,No injury/unknown,FAILURE TO YIELD RIGHT OF WAY,39.16459,-86.5762
3,2,1500.0,3+ Cars,Non-incapacitating,DISREGARD SIGNAL/REG SIGN,39.16459,-86.5762
3,6,1800.0,2-Car,Non-incapacitating,OTHER (DRIVER) - EXPLAIN IN NARRATIVE,39.16459,-86.57619134
4,7,2100.0,3+ Cars,No injury/unknown,ALCOHOLIC BEVERAGES,39.16459,-86.5762
4,1,1500.0,3+ Cars,No injury/unknown,DRIVER DISTRACTED - EXPLAIN IN NARRATIVE,39.16459,-86.57620866
4,2,1600.0,2-Car,No injury/unknown,FAILURE TO YIELD RIGHT OF WAY,39.16459,-86.5762
5,2,1400.0,2-Car,No injury/unknown,DISREGARD SIGNAL/REG SIGN,39.16459,-86.5762
6,3,1500.0,3+ Cars,Non-incapacitating,OTHER (DRIVER) - EXPLAIN IN NARRATIVE,39.16459,-86.57619567
3,1,1200.0,2-Car,No injury/unknown,FAILURE TO YIELD RIGHT OF WAY,39.16458,-86.57019
6,6,1600.0,2-Car,No injury/unknown,OTHER (DRIVER) - EXPLAIN IN NARRATIVE,39.164579,-86.570155
1,5,1500.0,2-Car,No injury/unknown,DRIVER DISTRACTED - EXPLAIN IN NARRATIVE,39.16456766,-86.57018521
1,6,1500.0,2-Car,Non-incapacitating,FOLLOWING TOO CLOSELY,39.16456,-86.56948
3,6,1600.0,2-Car,No injury/unknown,UNSAFE BACKING,39.16456,-86.555648
5,1,1700.0,3+ Cars,Incapacitating,DRIVER DISTRACTED - EXPLAIN IN NARRATIVE,39.16456,-86.56948
9,6,1100.0,2-Car,Non-incapacitating,FOLLOWING TOO CLOSELY,39.16456,-86.57016403
10,5,1900.0,2-Car,No injury/unknown,FAILURE TO YIELD RIGHT OF WAY,39.16456,-86.57019
10,5,900.0,2-Car,No injury/unknown,FAILURE TO YIELD RIGHT OF WAY,39.16456,-86.57019
12,5,2000.0,2-Car,No injury/unknown,UNSAFE BACKING,39.16456,-86.5550845
7,5,1000.0,1-Car,No injury/unknown,RAN OFF ROAD RIGHT,39.16454406,-86.55360366
2,6,700.0,1-Car,No injury/unknown,RAN OFF ROAD RIGHT,39.164544,-86.55340895
3,6,1200.0,2-Car,Non-incapacitating,FOLLOWING TOO CLOSELY,39.164544,-86.560096
3,3,1500.0,2-Car,No injury/unknown,FAILURE TO YIELD RIGHT OF WAY,39.164544,-86.560096
4,3,0.0,2-Car,No injury/unknown,UNSAFE BACKING,39.164544,-86.552192
10,3,1700.0,2-Car,Non-incapacitating,FOLLOWING TOO CLOSELY,39.164544,-86.560096
11,2,1800.0,2-Car,No injury/unknown,UNSAFE BACKING,39.164544,-86.552192
12,6,1500.0,2-Car,Non-incapacitating,FOLLOWING TOO CLOSELY,39.164544,-86.560096
1,6,1800.0,2-Car,No injury/unknown,FAILURE TO YIELD RIGHT OF WAY,39.16454,-86.56799
7,7,1700.0,2-Car,No injury/unknown,FAILURE TO YIELD RIGHT OF WAY,39.16453,-86.56705
7,6,1700.0,2-Car,Non-incapacitating,FOLLOWING TOO CLOSELY,39.16453,-86.56706731
9,6,1500.0,2-Car,No injury/unknown,OTHER (DRIVER) - EXPLAIN IN NARRATIVE,39.164526,-86.566518
2,5,1600.0,2-Car,No injury/unknown,FAILURE TO YIELD RIGHT OF WAY,39.16451218,-86.47173205
9,6,1300.0,2-Car,No injury/unknown,OTHER (DRIVER) - EXPLAIN IN NARRATIVE,39.16450619,-86.57218328
3,5,1500.0,2-Car,No injury/unknown,FOLLOWING TOO CLOSELY,39.16449371,-86.5336
1,7,1500.0,2-Car,No injury/unknown,OTHER (DRIVER) - EXPLAIN IN NARRATIVE,39.164488,-86.54969829
7,4,2100.0,2-Car,No injury/unknown,OTHER (DRIVER) - EXPLAIN IN NARRATIVE,39.1644857,-86.5713295
6,5,2200.0,2-Car,No injury/unknown,OTHER (DRIVER) - EXPLAIN IN NARRATIVE,39.16448,-86.56015866
8,5,1600.0,3+ Cars,Non-incapacitating,FOLLOWING TOO CLOSELY,39.16448,-86.56015
9,3,1600.0,2-Car,No injury/unknown,FAILURE TO YIELD RIGHT OF WAY,39.16448,-86.56015
10,4,1100.0,2-Car,No injury/unknown,FAILURE TO YIELD RIGHT OF WAY,39.16448,-86.56023656
10,7,2200.0,2-Car,No injury/unknown,ALCOHOLIC BEVERAGES,39.16446694,-86.53481763
1,2,1000.0,2-Car,No injury/unknown,OTHER (DRIVER) - EXPLAIN IN NARRATIVE,39.164448,-86.528096
2,6,1300.0,2-Car,Non-incapacitating,FOLLOWING TOO CLOSELY,39.164448,-86.525792
3,3,1800.0,2-Car,No injury/unknown,FOLLOWING TOO CLOSELY,39.164448,-86.471888
3,2,700.0,2-Car,No injury/unknown,OTHER (DRIVER) - EXPLAIN IN NARRATIVE,39.164448,-86.471888
3,3,2300.0,2-Car,No injury/unknown,UNSAFE BACKING,39.164448,-86.52649143
3,5,1600.0,2-Car,No injury/unknown,DRIVER DISTRACTED - EXPLAIN IN NARRATIVE,39.164448,-86.525792
3,5,1600.0,2-Car,No injury/unknown,DRIVER DISTRACTED - EXPLAIN IN NARRATIVE,39.164448,-86.525792
3,7,1500.0,2-Car,No injury/unknown,IMPROPER LANE USAGE,39.164448,-86.525792
4,5,1700.0,2-Car,No injury/unknown,FOLLOWING TOO CLOSELY,39.164448,-86.471888
4,1,100.0,2-Car,No injury/unknown,FAILURE TO YIELD RIGHT OF WAY,39.164448,-86.528096
4,4,800.0,2-Car,No injury/unknown,FAILURE TO YIELD RIGHT OF WAY,39.164448,-86.471888
5,1,300.0,2-Car,No injury/unknown,ALCOHOLIC BEVERAGES,39.164448,-86.471888
5,7,1600.0,2-Car,No injury/unknown,DISREGARD SIGNAL/REG SIGN,39.164448,-86.5268
5,3,1000.0,2-Car,No injury/unknown,FAILURE TO YIELD RIGHT OF WAY,39.164448,-86.528096
6,1,1200.0,Moped/Motorcycle,Non-incapacitating,FAILURE TO YIELD RIGHT OF WAY,39.164448,-86.471888
6,5,800.0,2-Car,No injury/unknown,,39.164448,-86.525792
7,6,1300.0,2-Car,No injury/unknown,FOLLOWING TOO CLOSELY,39.164448,-86.528096
7,4,1500.0,2-Car,No injury/unknown,FAILURE TO YIELD RIGHT OF WAY,39.164448,-86.471888
7,1,1600.0,2-Car,No injury/unknown,FAILURE TO YIELD RIGHT OF WAY,39.164448,-86.471888
8,6,1100.0,2-Car,Non-incapacitating,FAILURE TO YIELD RIGHT OF WAY,39.164448,-86.525792
8,1,1400.0,2-Car,Non-incapacitating,DRIVER DISTRACTED - EXPLAIN IN NARRATIVE,39.164448,-86.525792
9,3,1000.0,2-Car,No injury/unknown,IMPROPER TURNING,39.164448,-86.528096
10,6,1100.0,3+ Cars,Non-incapacitating,UNSAFE SPEED,39.164448,-86.5268
10,6,1400.0,2-Car,No injury/unknown,UNSAFE BACKING,39.164448,-86.5268
10,3,1700.0,3+ Cars,Non-incapacitating,SPEED TOO FAST FOR WEATHER CONDITIONS,39.164448,-86.528096
10,3,900.0,2-Car,Non-incapacitating,FOLLOWING TOO CLOSELY,39.164448,-86.525792
11,4,1800.0,2-Car,No injury/unknown,OTHER (DRIVER) - EXPLAIN IN NARRATIVE,39.164448,-86.471888
11,5,200.0,1-Car,No injury/unknown,RAN OFF ROAD RIGHT,39.164448,-86.528096
12,6,1700.0,2-Car,No injury/unknown,IMPROPER LANE USAGE,39.164448,-86.5268
12,1,400.0,1-Car,Non-incapacitating,OTHER (DRIVER) - EXPLAIN IN NARRATIVE,39.164448,-86.471888
9,6,1200.0,2-Car,No injury/unknown,FAILURE TO YIELD RIGHT OF WAY,39.16444599,-86.495088
5,1,1800.0,2-Car,No injury/unknown,OTHER (DRIVER) - EXPLAIN IN NARRATIVE,39.16444,-86.557198
4,2,1500.0,2-Car,No injury/unknown,FOLLOWING TOO CLOSELY,39.16443743,-86.52543945
6,1,2300.0,2-Car,Non-incapacitating,ALCOHOLIC BEVERAGES,39.16441196,-86.42800093