Month,Day,Hour,Collision Type,Injury Type,Primary Factor,Latitude,Longitude
2,2,1500.0,2-Car,Non-incapacitating,DRIVER DISTRACTED - EXPLAIN IN NARRATIVE,39.16441,-86.5539
5,5,1200.0,2-Car,No injury/unknown,FAILURE TO YIELD RIGHT OF WAY,39.16441,-86.55389654
6,2,1400.0,2-Car,No injury/unknown,IMPROPER LANE USAGE,39.16441,-86.55196
11,4,1100.0,2-Car,Non-incapacitating,OTHER (DRIVER) - EXPLAIN IN NARRATIVE,39.16441,-86.55196
11,6,1500.0,2-Car,Non-incapacitating,FAILURE TO YIELD RIGHT OF WAY,39.16441,-86.55389135
1,2,1600.0,2-Car,No injury/unknown,FOLLOWING TOO CLOSELY,39.16440374,-86.55627394
3,1,1500.0,2-Car,Non-incapacitating,SPEED TOO FAST FOR WEATHER CONDITIONS,39.16440374,-86.5562826
4,7,1700.0,2-Car,Non-incapacitating,GLARE,39.16440374,-86.5562826
4,2,1700.0,2-Car,Non-incapacitating,FOLLOWING TOO CLOSELY,39.16440374,-86.55627827
4,3,1800.0,2-Car,Non-incapacitating,FOLLOWING TOO CLOSELY,39.16440374,-86.5562826
4,2,1700.0,2-Car,No injury/unknown,SPEED TOO FAST FOR WEATHER CONDITIONS,39.16440374,-86.55627394
5,4,1700.0,2-Car,Non-incapacitating,ROADWAY SURFACE CONDITION,39.16440374,-86.55625663
5,5,1700.0,Moped/Motorcycle,Non-incapacitating,FAILURE TO YIELD RIGHT OF WAY,39.16440374,-86.55630856
5,2,1300.0,2-Car,Non-incapacitating,FOLLOWING TOO CLOSELY,39.16440374,-86.55623932
5,6,1500.0,2-Car,No injury/unknown,FAILURE TO YIELD RIGHT OF WAY,39.16440374,-86.5562826
7,2,1600.0,2-Car,Non-incapacitating,DRIVER DISTRACTED - EXPLAIN IN NARRATIVE,39.16440374,-86.55630856
7,7,1000.0,3+ Cars,No injury/unknown,SPEED TOO FAST FOR WEATHER CONDITIONS,39.16440374,-86.5562826
9,5,1200.0,2-Car,No injury/unknown,FOLLOWING TOO CLOSELY,39.16440374,-86.55625663
9,3,1500.0,2-Car,No injury/unknown,FAILURE TO YIELD RIGHT OF WAY,39.16440374,-86.55634751
10,5,2100.0,2-Car,No injury/unknown,SPEED TOO FAST FOR WEATHER CONDITIONS,39.16440374,-86.5562826
10,3,1700.0,2-Car,Non-incapacitating,FAILURE TO YIELD RIGHT OF WAY,39.16440374,-86.55630856
12,4,1500.0,1-Car,No injury/unknown,ROAD UNDER CONSTRUCTION,39.16440374,-86.55630856
4,4,1600.0,2-Car,No injury/unknown,IMPROPER LANE USAGE,39.16439273,-86.52394958
4,7,1100.0,2-Car,No injury/unknown,DRIVER DISTRACTED - EXPLAIN IN NARRATIVE,39.16438374,-86.52364965
12,4,1900.0,3+ Cars,No injury/unknown,OTHER (DRIVER) - EXPLAIN IN NARRATIVE,39.16437316,-86.5232971
11,4,800.0,2-Car,Non-incapacitating,UNSAFE SPEED,39.16436258,-86.52294455
7,4,1700.0,2-Car,No injury/unknown,SPEED TOO FAST FOR WEATHER CONDITIONS,39.16435888,-86.52282116
9,3,600.0,1-Car,No injury/unknown,OTHER (DRIVER) - EXPLAIN IN NARRATIVE,39.16435275,-86.43459006
1,5,1500.0,2-Car,No injury/unknown,FAILURE TO YIELD RIGHT OF WAY,39.164352,-86.521088
3,4,2200.0,2-Car,Non-incapacitating,FAILURE TO YIELD RIGHT OF WAY,39.164352,-86.508288
4,4,1800.0,2-Car,Non-incapacitating,DRIVER DISTRACTED - EXPLAIN IN NARRATIVE,39.164352,-86.522592
5,5,1800.0,2-Car,No injury/unknown,UNSAFE BACKING,39.164352,-86.5088
5,5,1900.0,2-Car,No injury/unknown,RAN OFF ROAD RIGHT,39.164352,-86.5088
6,5,1100.0,2-Car,No injury/unknown,FOLLOWING TOO CLOSELY,39.164352,-86.522592
8,3,1300.0,2-Car,Non-incapacitating,SPEED TOO FAST FOR WEATHER CONDITIONS,39.164352,-86.521088
9,2,1500.0,3+ Cars,Non-incapacitating,UNSAFE SPEED,39.164352,-86.522592
9,5,1600.0,2-Car,No injury/unknown,FAILURE TO YIELD RIGHT OF WAY,39.164352,-86.521088
9,1,100.0,2-Car,No injury/unknown,FOLLOWING TOO CLOSELY,39.164352,-86.510944
10,4,1200.0,3+ Cars,No injury/unknown,OTHER (DRIVER) - EXPLAIN IN NARRATIVE,39.164352,-86.5088
10,6,1800.0,3+ Cars,No injury/unknown,FOLLOWING TOO CLOSELY,39.164352,-86.522592
10,6,1500.0,3+ Cars,Non-incapacitating,FAILURE TO YIELD RIGHT OF WAY,39.164352,-86.510944
10,6,2000.0,2-Car,No injury/unknown,BRAKE FAILURE OR DEFECTIVE,39.164352,-86.508288
10,6,1700.0,3+ Cars,Non-incapacitating,SPEED TOO FAST FOR WEATHER CONDITIONS,39.164352,-86.521088
12,4,1700.0,2-Car,No injury/unknown,FOLLOWING TOO CLOSELY,39.164352,-86.508288
1,6,1100.0,1-Car,No injury/unknown,UNSAFE SPEED,39.16434,-86.54629
4,1,700.0,1-Car,No injury/unknown,RAN OFF ROAD RIGHT,39.16434,-86.54629
2,2,1400.0,1-Car,No injury/unknown,IMPROPER TURNING,39.16433371,-86.52579363
1,4,1700.0,1-Car,No injury/unknown,OVERCORRECTING/OVERSTEERING,39.16432,-86.50824
3,6,1400.0,1-Car,Non-incapacitating,OTHER (DRIVER) - EXPLAIN IN NARRATIVE,39.16432,-86.50824
6,6,1500.0,2-Car,No injury/unknown,UNSAFE BACKING,39.16432,-86.50824
10,6,200.0,1-Car,Non-incapacitating,ALCOHOLIC BEVERAGES,39.16432,-86.50824
1,1,1700.0,2-Car,No injury/unknown,LEFT OF CENTER,39.164304,-86.506992
1,6,1500.0,2-Car,No injury/unknown,FOLLOWING TOO CLOSELY,39.164304,-86.505792
3,6,1400.0,2-Car,No injury/unknown,FOLLOWING TOO CLOSELY,39.164304,-86.506992
3,6,1400.0,Moped/Motorcycle,Non-incapacitating,IMPROPER PASSING,39.164304,-86.506992
4,7,1600.0,2-Car,Non-incapacitating,FAILURE TO YIELD RIGHT OF WAY,39.164304,-86.505792
4,7,1600.0,3+ Cars,Non-incapacitating,OTHER (DRIVER) - EXPLAIN IN NARRATIVE,39.164304,-86.505792
7,4,1700.0,2-Car,No injury/unknown,DRIVER DISTRACTED - EXPLAIN IN NARRATIVE,39.164304,-86.506992
7,5,1700.0,2-Car,Non-incapacitating,SPEED TOO FAST FOR WEATHER CONDITIONS,39.164304,-86.506992
8,6,1100.0,2-Car,Non-incapacitating,FOLLOWING TOO CLOSELY,39.164304,-86.506992
8,2,1300.0,2-Car,No injury/unknown,FOLLOWING TOO CLOSELY,39.164304,-86.505792
8,2,1200.0,2-Car,No injury/unknown,FOLLOWING TOO CLOSELY,39.164304,-86.505792
9,3,1700.0,2-Car,No injury/unknown,IMPROPER PASSING,39.164304,-86.506992
11,6,1400.0,2-Car,No injury/unknown,FAILURE TO YIELD RIGHT OF WAY,39.164304,-86.506992
11,6,1200.0,2-Car,No injury/unknown,DRIVER DISTRACTED - EXPLAIN IN NARRATIVE,39.164304,-86.506992
12,7,1500.0,2-Car,No injury/unknown,IMPROPER LANE USAGE,39.164304,-86.506992
12,5,1700.0,2-Car,No injury/unknown,FAILURE TO YIELD RIGHT OF WAY,39.164304,-86.506992
4,1,1300.0,2-Car,No injury/unknown,OTHER (DRIVER) - EXPLAIN IN NARRATIVE,39.16430382,-86.50578085
4,7,1600.0,Cyclist,Non-incapacitating,FAILURE TO YIELD RIGHT OF WAY,39.16430116,-86.50561563
1,6,1500.0,3+ Cars,No injury/unknown,FOLLOWING TOO CLOSELY,39.164288,-86.5048
10,5,1900.0,2-Car,Non-incapacitating,FAILURE TO YIELD RIGHT OF WAY,39.164288,-86.5048
11,6,1800.0,2-Car,No injury/unknown,FAILURE TO YIELD RIGHT OF WAY,39.164288,-86.5048
9,1,1800.0,2-Car,No injury/unknown,UNSAFE BACKING,39.16427429,-86.52973127
1,5,1900.0,2-Car,No injury/unknown,FAILURE TO YIELD RIGHT OF WAY,39.164272,-86.501488
2,1,1500.0,2-Car,Non-incapacitating,FAILURE TO YIELD RIGHT OF WAY,39.164272,-86.501488
2,3,1800.0,2-Car,No injury/unknown,OTHER (DRIVER) - EXPLAIN IN NARRATIVE,39.164272,-86.50222661
2,5,1000.0,2-Car,No injury/unknown,FAILURE TO YIELD RIGHT OF WAY,39.164272,-86.501488
3,6,1200.0,2-Car,No injury/unknown,FAILURE TO YIELD RIGHT OF WAY,39.164272,-86.502416
3,2,1300.0,2-Car,No injury/unknown,IMPROPER TURNING,39.164272,-86.502416
3,2,800.0,2-Car,No injury/unknown,DRIVER DISTRACTED - EXPLAIN IN NARRATIVE,39.164272,-86.501488
4,5,1600.0,1-Car,No injury/unknown,UNSAFE BACKING,39.164272,-86.502416
4,4,1500.0,2-Car,Non-incapacitating,FAILURE TO YIELD RIGHT OF WAY,39.164272,-86.50230237
4,4,1500.0,2-Car,No injury/unknown,UNSAFE BACKING,39.164272,-86.50222661
5,6,1300.0,2-Car,No injury/unknown,UNSAFE BACKING,39.164272,-86.502416
5,6,1600.0,2-Car,Non-incapacitating,FAILURE TO YIELD RIGHT OF WAY,39.164272,-86.502416
6,1,1100.0,2-Car,Non-incapacitating,FAILURE TO YIELD RIGHT OF WAY,39.164272,-86.502416
8,2,1700.0,Moped/Motorcycle,Non-incapacitating,FAILURE TO YIELD RIGHT OF WAY,39.164272,-86.501488
8,3,1900.0,2-Car,No injury/unknown,FOLLOWING TOO CLOSELY,39.164272,-86.502416
9,6,1800.0,Pedestrian,Non-incapacitating,OTHER (DRIVER) - EXPLAIN IN NARRATIVE,39.164272,-86.502416
9,6,1000.0,2-Car,No injury/unknown,OTHER (DRIVER) - EXPLAIN IN NARRATIVE,39.164272,-86.50199935
9,7,1400.0,2-Car,Non-incapacitating,FAILURE TO YIELD RIGHT OF WAY,39.164272,-86.50230237
1,4,1600.0,2-Car,No injury/unknown,UNSAFE BACKING,39.16427,-86.51913
2,3,1800.0,Cyclist,Non-incapacitating,PEDESTRIAN ACTION,39.16427,-86.5024273
3,3,1100.0,2-Car,No injury/unknown,IMPROPER LANE USAGE,39.16427,-86.51913
3,6,1100.0,2-Car,No injury/unknown,OTHER (DRIVER) - EXPLAIN IN NARRATIVE,39.16427,-86.519129
4,6,1800.0,2-Car,No injury/unknown,FAILURE TO YIELD RIGHT OF WAY,39.16427,-86.51913
5,4,1700.0,2-Car,No injury/unknown,FAILURE TO YIELD RIGHT OF WAY,39.16427,-86.5024446
5,2,1200.0,2-Car,No injury/unknown,UNSAFE BACKING,39.16427,-86.512946
7,3,1300.0,3+ Cars,No injury/unknown,OTHER (DRIVER) - EXPLAIN IN NARRATIVE,39.16427,-86.50241
8,2,1700.0,2-Car,No injury/unknown,DRIVER DISTRACTED - EXPLAIN IN NARRATIVE,39.16427,-86.51913
9,4,900.0,Cyclist,No injury/unknown,OTHER (VEHICLE) - EXPLAIN IN NARRATIVE,39.16427,-86.50241
9,6,1700.0,2-Car,No injury/unknown,IMPROPER LANE USAGE,39.16427,-86.50241
10,6,1600.0,2-Car,No injury/unknown,DRIVER DISTRACTED - EXPLAIN IN NARRATIVE,39.16427,-86.51217
10,6,2000.0,2-Car,No injury/unknown,FAILURE TO YIELD RIGHT OF WAY,39.16427,-86.50825
10,2,1800.0,2-Car,No injury/unknown,NONE (DRIVER),39.16427,-86.512946
10,2,1800.0,2-Car,No injury/unknown,,39.16427,-86.519115
11,3,1100.0,2-Car,No injury/unknown,OTHER (DRIVER) - EXPLAIN IN NARRATIVE,39.16427,-86.50265433
11,4,1200.0,2-Car,No injury/unknown,UNSAFE BACKING,39.16427,-86.519115
11,7,400.0,2-Car,Non-incapacitating,IMPROPER TURNING,39.16427,-86.51913
12,3,1700.0,3+ Cars,No injury/unknown,FOLLOWING TOO CLOSELY,39.16427,-86.5024619
7,6,1000.0,Moped/Motorcycle,Non-incapacitating,ANIMAL/OBJECT IN ROADWAY,39.16426969,-86.56008
7,6,1700.0,2-Car,No injury/unknown,OTHER (DRIVER) - EXPLAIN IN NARRATIVE,39.16426743,-86.50104686
4,2,1700.0,2-Car,No injury/unknown,IMPROPER TURNING,39.164266,-86.502071
3,3,1100.0,1-Car,No injury/unknown,UNSAFE BACKING,39.16426514,-86.51183739
5,5,900.0,1-Car,No injury/unknown,OTHER (DRIVER) - EXPLAIN IN NARRATIVE,39.164262,-86.520733
1,7,1700.0,2-Car,No injury/unknown,FOLLOWING TOO CLOSELY,39.16426,-86.51640433
1,2,1600.0,2-Car,No injury/unknown,FAILURE TO YIELD RIGHT OF WAY,39.16426,-86.5164
2,1,0.0,2-Car,No injury/unknown,IMPROPER TURNING,39.16426,-86.5164
6,3,1300.0,2-Car,No injury/unknown,IMPROPER LANE USAGE,39.16426,-86.51640865
7,5,1900.0,2-Car,Non-incapacitating,FOLLOWING TOO CLOSELY,39.16426,-86.5164
10,5,1800.0,3+ Cars,No injury/unknown,FOLLOWING TOO CLOSELY,39.16426,-86.5164
10,5,1800.0,1-Car,No injury/unknown,OTHER (DRIVER) - EXPLAIN IN NARRATIVE,39.16426,-86.5164
11,3,1300.0,2-Car,No injury/unknown,UNSAFE SPEED,39.16426,-86.51639481
11,5,1700.0,2-Car,No injury/unknown,FOLLOWING TOO CLOSELY,39.16426,-86.5164
11,3,1200.0,2-Car,No injury/unknown,FOLLOWING TOO CLOSELY,39.16426,-86.5164212
12,7,1400.0,2-Car,No injury/unknown,IMPROPER TURNING,39.16426,-86.5164
3,2,1300.0,2-Car,No injury/unknown,FAILURE TO YIELD RIGHT OF WAY,39.16425856,-86.50019104
11,6,1700.0,2-Car,Incapacitating,PASSENGER DISTRACTION,39.16425829,-86.50016389
9,1,1800.0,2-Car,No injury/unknown,,39.16425689,-86.49395712
1,2,1300.0,2-Car,No injury/unknown,OTHER (DRIVER) - EXPLAIN IN NARRATIVE,39.16425344,-86.49969696
7,3,1300.0,2-Car,Non-incapacitating,FAILURE TO YIELD RIGHT OF WAY,39.16425098,-86.49945834
1,3,700.0,2-Car,No injury/unknown,IMPROPER TURNING,39.16425006,-86.5152195
3,7,1300.0,2-Car,No injury/unknown,FOLLOWING TOO CLOSELY,39.16425006,-86.51221422
8,7,1500.0,2-Car,No injury/unknown,OTHER (DRIVER) - EXPLAIN IN NARRATIVE,39.16425006,-86.49440791
9,1,1400.0,2-Car,No injury/unknown,FOLLOWING TOO CLOSELY,39.16425006,-86.49657741
1,6,1800.0,2-Car,No injury/unknown,FOLLOWING TOO CLOSELY,39.16425,-86.51526865
1,7,1700.0,2-Car,No injury/unknown,FAILURE TO YIELD RIGHT OF WAY,39.16425,-86.51526
4,5,2000.0,3+ Cars,No injury/unknown,FAILURE TO YIELD RIGHT OF WAY,39.16425,-86.52009
4,1,1400.0,2-Car,No injury/unknown,FOLLOWING TOO CLOSELY,39.16425,-86.51526
6,3,1300.0,2-Car,No injury/unknown,FOLLOWING TOO CLOSELY,39.16425,-86.51525308
7,5,1200.0,2-Car,No injury/unknown,FAILURE TO YIELD RIGHT OF WAY,39.16425,-86.51526
7,2,1700.0,2-Car,No injury/unknown,OTHER (DRIVER) - EXPLAIN IN NARRATIVE,39.16425,-86.52009865
9,4,1700.0,Pedestrian,Non-incapacitating,IMPROPER LANE USAGE,39.16425,-86.51423
10,5,1900.0,3+ Cars,No injury/unknown,DRIVER DISTRACTED - EXPLAIN IN NARRATIVE,39.16425,-86.51423865
11,2,900.0,2-Car,No injury/unknown,UNSAFE SPEED,39.16425,-86.52009
11,7,1700.0,2-Car,No injury/unknown,FAILURE TO YIELD RIGHT OF WAY,39.16425,-86.51526
8,7,1500.0,1-Car,Non-incapacitating,BRAKE FAILURE OR DEFECTIVE,39.16424711,-86.47368
1,6,100.0,2-Car,No injury/unknown,OTHER (DRIVER) - EXPLAIN IN NARRATIVE,39.16424664,-86.51771252
4,7,1800.0,2-Car,No injury/unknown,IMPROPER LANE USAGE,39.16424664,-86.51771252
4,4,1600.0,3+ Cars,No injury/unknown,FOLLOWING TOO CLOSELY,39.16424664,-86.51770603
9,3,2000.0,2-Car,No injury/unknown,FAILURE TO YIELD RIGHT OF WAY,39.16424664,-86.51771252
11,7,1100.0,2-Car,No injury/unknown,OTHER (DRIVER) - EXPLAIN IN NARRATIVE,39.16424664,-86.51771252
7,1,1500.0,3+ Cars,No injury/unknown,FOLLOWING TOO CLOSELY,39.16424,-86.49364962
11,1,1600.0,2-Car,No injury/unknown,FAILURE TO YIELD RIGHT OF WAY,39.16424,-86.49364962
8,2,1800.0,2-Car,No injury/unknown,FOLLOWING TOO CLOSELY,39.16424,-86.49482339
10,5,1700.0,2-Car,No injury/unknown,FOLLOWING TOO CLOSELY,39.16424,-86.49267939
6,2,1300.0,2-Car,No injury/unknown,FOLLOWING TOO CLOSELY,39.16424,-86.48047631
8,4,700.0,1-Car,No injury/unknown,ANIMAL/OBJECT IN ROADWAY,39.16424,-86.4890236
10,7,1600.0,Bus,No injury/unknown,FOLLOWING TOO CLOSELY,39.16424,-86.51262522
11,7,2300.0,Pedestrian,Non-incapacitating,PEDESTRIAN ACTION,39.16424,-86.48015879
1,4,2000.0,2-Car,Non-incapacitating,OTHER (DRIVER) - EXPLAIN IN NARRATIVE,39.16424,-86.4984
1,7,1800.0,2-Car,No injury/unknown,FAILURE TO YIELD RIGHT OF WAY,39.16424,-86.492944
1,1,1000.0,1-Car,No injury/unknown,OTHER (DRIVER) - EXPLAIN IN NARRATIVE,39.16424,-86.484384
1,1,1900.0,2-Car,Non-incapacitating,FOLLOWING TOO CLOSELY,39.16424,-86.4984
1,6,1400.0,2-Car,No injury/unknown,DRIVER DISTRACTED - EXPLAIN IN NARRATIVE,39.16424,-86.4908
1,6,1800.0,2-Car,No injury/unknown,OTHER (DRIVER) - EXPLAIN IN NARRATIVE,39.16424,-86.4908
1,7,1200.0,2-Car,No injury/unknown,UNSAFE BACKING,39.16424,-86.49224392
1,7,1400.0,2-Car,No injury/unknown,FAILURE TO YIELD RIGHT OF WAY,39.16424,-86.4984
2,1,2000.0,2-Car,No injury/unknown,OTHER (DRIVER) - EXPLAIN IN NARRATIVE,39.16424,-86.492944
2,3,1200.0,2-Car,No injury/unknown,DISREGARD SIGNAL/REG SIGN,39.16424,-86.495088
2,6,2000.0,2-Car,No injury/unknown,OTHER (DRIVER) - EXPLAIN IN NARRATIVE,39.16424,-86.480688
2,1,1300.0,2-Car,No injury/unknown,UNSAFE BACKING,39.16424,-86.4984
2,6,1300.0,2-Car,No injury/unknown,FAILURE TO YIELD RIGHT OF WAY,39.16424,-86.4984
2,1,1100.0,2-Car,No injury/unknown,FAILURE TO YIELD RIGHT OF WAY,39.16424,-86.4984
2,4,800.0,2-Car,Non-incapacitating,FOLLOWING TOO CLOSELY,39.16424,-86.480688
2,7,1900.0,2-Car,No injury/unknown,FOLLOWING TOO CLOSELY,39.16424,-86.4984
2,7,1100.0,2-Car,No injury/unknown,FAILURE TO YIELD RIGHT OF WAY,39.16424,-86.495088
3,3,2000.0,3+ Cars,Non-incapacitating,ALCOHOLIC BEVERAGES,39.16424,-86.480688
3,6,1200.0,2-Car,No injury/unknown,OTHER (DRIVER) - EXPLAIN IN NARRATIVE,39.16424,-86.49425989
3,6,1800.0,2-Car,No injury/unknown,FAILURE TO YIELD RIGHT OF WAY,39.16424,-86.4984
3,4,1500.0,1-Car,No injury/unknown,UNSAFE BACKING,39.16424,-86.4779455
3,1,300.0,2-Car,No injury/unknown,ALCOHOLIC BEVERAGES,39.16424,-86.495088
3,6,1800.0,1-Car,No injury/unknown,ANIMAL/OBJECT IN ROADWAY,39.16424,-86.480688
4,6,1100.0,2-Car,No injury/unknown,IMPROPER TURNING,39.16424,-86.473696
4,6,800.0,3+ Cars,Non-incapacitating,PRESCRIPTION DRUGS,39.16424,-86.480688
4,2,1700.0,2-Car,Non-incapacitating,FOLLOWING TOO CLOSELY,39.16424,-86.476096
4,5,1800.0,2-Car,No injury/unknown,OTHER (DRIVER) - EXPLAIN IN NARRATIVE,39.16424,-86.492944
4,7,1500.0,2-Car,No injury/unknown,FAILURE TO YIELD RIGHT OF WAY,39.16424,-86.492944
4,1,1200.0,2-Car,No injury/unknown,FAILURE TO YIELD RIGHT OF WAY,39.16424,-86.482592
4,3,1500.0,2-Car,No injury/unknown,DISREGARD SIGNAL/REG SIGN,39.16424,-86.480688
4,4,1400.0,2-Car,No injury/unknown,FAILURE TO YIELD RIGHT OF WAY,39.16424,-86.495088
4,7,1700.0,2-Car,No injury/unknown,FAILURE TO YIELD RIGHT OF WAY,39.16424,-86.492944
4,3,1400.0,2-Car,No injury/unknown,DRIVER DISTRACTED - EXPLAIN IN NARRATIVE,39.16424,-86.4908
5,5,1800.0,Pedestrian,Non-incapacitating,OTHER (DRIVER) - EXPLAIN IN NARRATIVE,39.16424,-86.4984
5,6,2000.0,2-Car,No injury/unknown,FOLLOWING TOO CLOSELY,39.16424,-86.480688
5,2,1500.0,2-Car,No injury/unknown,OTHER (VEHICLE) - EXPLAIN IN NARRATIVE,39.16424,-86.48968889
5,5,1400.0,2-Car,Non-incapacitating,FAILURE TO YIELD RIGHT OF WAY,39.16424,-86.492944
5,1,1000.0,2-Car,No injury/unknown,OTHER (DRIVER) - EXPLAIN IN NARRATIVE,39.16424,-86.4984
5,1,1500.0,2-Car,No injury/unknown,OTHER (DRIVER) - EXPLAIN IN NARRATIVE,39.16424,-86.480688
5,6,2200.0,1-Car,No injury/unknown,OTHER (DRIVER) - EXPLAIN IN NARRATIVE,39.16424,-86.482592
5,7,2100.0,2-Car,No injury/unknown,UNSAFE BACKING,39.16424,-86.47599804
6,1,1500.0,2-Car,No injury/unknown,FAILURE TO YIELD RIGHT OF WAY,39.16424,-86.4984
6,2,1100.0,2-Car,Non-incapacitating,FOLLOWING TOO CLOSELY,39.16424,-86.495088
6,3,900.0,2-Car,Non-incapacitating,FAILURE TO YIELD RIGHT OF WAY,39.16424,-86.476096
6,2,2100.0,1-Car,No injury/unknown,ANIMAL/OBJECT IN ROADWAY,39.16424,-86.480688
6,6,1200.0,2-Car,Non-incapacitating,FAILURE TO YIELD RIGHT OF WAY,39.16424,-86.476096
6,7,1000.0,2-Car,Non-incapacitating,FOLLOWING TOO CLOSELY,39.16424,-86.4984
7,3,900.0,Bus,No injury/unknown,IMPROPER TURNING,39.16424,-86.476096
7,3,1700.0,2-Car,No injury/unknown,FOLLOWING TOO CLOSELY,39.16424,-86.492944
7,6,1200.0,2-Car,No injury/unknown,UNSAFE BACKING,39.16424,-86.49259396
7,2,1600.0,2-Car,No injury/unknown,DRIVER DISTRACTED - EXPLAIN IN NARRATIVE,39.16424,-86.473696
7,5,1200.0,2-Car,No injury/unknown,OTHER (DRIVER) - EXPLAIN IN NARRATIVE,39.16424,-86.484384
7,6,1700.0,2-Car,No injury/unknown,OTHER (DRIVER) - EXPLAIN IN NARRATIVE,39.16424,-86.4984
7,3,1700.0,2-Car,Non-incapacitating,FAILURE TO YIELD RIGHT OF WAY,39.16424,-86.492944
8,1,1700.0,3+ Cars,Non-incapacitating,DISREGARD SIGNAL/REG SIGN,39.16424,-86.4984
8,5,1600.0,2-Car,No injury/unknown,FOLLOWING TOO CLOSELY,39.16424,-86.4984
8,1,1100.0,2-Car,No injury/unknown,FAILURE TO YIELD RIGHT OF WAY,39.16424,-86.495088
8,6,1600.0,2-Car,No injury/unknown,FAILURE TO YIELD RIGHT OF WAY,39.16424,-86.4984
8,3,2100.0,2-Car,No injury/unknown,FAILURE TO YIELD RIGHT OF WAY,39.16424,-86.4984
8,3,1600.0,2-Car,No injury/unknown,FAILURE TO YIELD RIGHT OF WAY,39.16424,-86.480688
9,6,1500.0,2-Car,Non-incapacitating,FAILURE TO YIELD RIGHT OF WAY,39.16424,-86.480688
9,1,800.0,2-Car,No injury/unknown,UNSAFE BACKING,39.16424,-86.492944
9,6,0.0,2-Car,No injury/unknown,UNSAFE BACKING,39.16424,-86.480688
9,5,2200.0,2-Car,No injury/unknown,FAILURE TO YIELD RIGHT OF WAY,39.16424,-86.476096
9,6,1300.0,2-Car,No injury/unknown,FOLLOWING TOO CLOSELY,39.16424,-86.495088
10,6,900.0,1-Car,No injury/unknown,,39.16424,-86.4856953
10,4,1100.0,3+ Cars,No injury/unknown,DRIVER DISTRACTED - EXPLAIN IN NARRATIVE,39.16424,-86.495088
10,7,1700.0,2-Car,No injury/unknown,FAILURE TO YIELD RIGHT OF WAY,39.16424,-86.476096
10,4,1800.0,2-Car,No injury/unknown,UNSAFE BACKING,39.16424,-86.49250645
10,6,1100.0,2-Car,Non-incapacitating,FOLLOWING TOO CLOSELY,39.16424,-86.4908
10,1,1000.0,2-Car,No injury/unknown,DRIVER DISTRACTED - EXPLAIN IN NARRATIVE,39.16424,-86.495088
10,3,1500.0,2-Car,No injury/unknown,FOLLOWING TOO CLOSELY,39.16424,-86.492944
10,6,1800.0,2-Car,Non-incapacitating,FAILURE TO YIELD RIGHT OF WAY,39.16424,-86.480688
11,2,1400.0,2-Car,No injury/unknown,FAILURE TO YIELD RIGHT OF WAY,39.16424,-86.48595093
11,6,1900.0,2-Car,No injury/unknown,FAILURE TO YIELD RIGHT OF WAY,39.16424,-86.492944
11,7,1100.0,2-Car,No injury/unknown,FAILURE TO YIELD RIGHT OF WAY,39.16424,-86.49425989
11,3,1900.0,2-Car,No injury/unknown,FOLLOWING TOO CLOSELY,39.16424,-86.4984
11,7,1700.0,2-Car,No injury/unknown,FAILURE TO YIELD RIGHT OF WAY,39.16424,-86.4984
11,6,1500.0,2-Car,No injury/unknown,FAILURE TO YIELD RIGHT OF WAY,39.16424,-86.4984
11,6,1800.0,Pedestrian,Non-incapacitating,UNSAFE BACKING,39.16424,-86.49425989
11,3,1800.0,2-Car,No injury/unknown,OTHER (DRIVER) - EXPLAIN IN NARRATIVE,39.16424,-86.49250645
11,5,800.0,2-Car,No injury/unknown,OTHER (DRIVER) - EXPLAIN IN NARRATIVE,39.16424,-86.49368135
12,6,2100.0,2-Car,No injury/unknown,FAILURE TO YIELD RIGHT OF WAY,39.16424,-86.492944
12,7,900.0,2-Car,No injury/unknown,FAILURE TO YIELD RIGHT OF WAY,39.16424,-86.4984
12,7,2000.0,2-Car,No injury/unknown,FOLLOWING TOO CLOSELY,39.16424,-86.4984
12,2,500.0,2-Car,No injury/unknown,OTHER (ENVIRONMENTAL) - EXPLAIN IN NARR,39.16424,-86.480688
12,2,1300.0,2-Car,No injury/unknown,ALCOHOLIC BEVERAGES,39.16424,-86.4984
12,5,2000.0,2-Car,No injury/unknown,FAILURE TO YIELD RIGHT OF WAY,39.16424,-86.492944
12,2,1700.0,2-Car,No injury/unknown,FAILURE TO YIELD RIGHT OF WAY,39.16424,-86.4984
12,3,1500.0,2-Car,No injury/unknown,FAILURE TO YIELD RIGHT OF WAY,39.16424,-86.495088
12,3,1600.0,3+ Cars,No injury/unknown,BRAKE FAILURE OR DEFECTIVE,39.16424,-86.492944
12,3,1100.0,3+ Cars,No injury/unknown,FAILURE TO YIELD RIGHT OF WAY,39.16424,-86.49285649
12,3,1400.0,1-Car,No injury/unknown,FOLLOWING TOO CLOSELY,39.16424,-86.4984
4,5,2200.0,2-Car,No injury/unknown,UNSAFE BACKING,39.16423933,-86.49832933
6,5,1200.0,2-Car,Non-incapacitating,FAILURE TO YIELD RIGHT OF WAY,39.1642393,-86.49515826
8,2,1600.0,2-Car,No injury/unknown,UNSAFE BACKING,39.1642393,-86.49515826
6,5,1300.0,2-Car,No injury/unknown,IMPROPER TURNING,39.16423861,-86.49522852
7,6,1300.0,2-Car,No injury/unknown,OTHER (DRIVER) - EXPLAIN IN NARRATIVE,39.16423861,-86.49522852