Month,Day,Hour,Collision Type,Injury Type,Primary Factor,Latitude,Longitude
9,3,1500.0,2-Car,No injury/unknown,FAILURE TO YIELD RIGHT OF WAY,39.16423861,-86.49522852
10,2,700.0,2-Car,No injury/unknown,OTHER (DRIVER) - EXPLAIN IN NARRATIVE,39.16423861,-86.49522852
12,3,1300.0,2-Car,No injury/unknown,OTHER (DRIVER) - EXPLAIN IN NARRATIVE,39.16423861,-86.49522852
12,1,1700.0,2-Car,No injury/unknown,FAILURE TO YIELD RIGHT OF WAY,39.16423861,-86.49522852
1,5,1600.0,2-Car,No injury/unknown,UNSAFE BACKING,39.16423674,-86.49805388
6,5,2000.0,2-Car,No injury/unknown,UNSAFE BACKING,39.16423674,-86.49805388
8,3,1800.0,2-Car,No injury/unknown,UNSAFE BACKING,39.16423674,-86.49805388
1,1,1300.0,3+ Cars,Non-incapacitating,BRAKE FAILURE OR DEFECTIVE,39.16423667,-86.49804722
7,7,1200.0,3+ Cars,No injury/unknown,FOLLOWING TOO CLOSELY,39.16423501,-86.49787082
7,2,1200.0,2-Car,No injury/unknown,FAILURE TO YIELD RIGHT OF WAY,39.16423127,-86.49596995
1,4,1400.0,Pedestrian,Non-incapacitating,PEDESTRIAN ACTION,39.16423002,-86.49734165
8,4,1500.0,2-Car,No injury/unknown,OTHER (DRIVER) - EXPLAIN IN NARRATIVE,39.16422957,-86.47214833
8,7,1600.0,2-Car,No injury/unknown,FAILURE TO YIELD RIGHT OF WAY,39.16422957,-86.4761918
9,4,1300.0,1-Car,No injury/unknown,DRIVER ASLEEP OR FATIGUED,39.16422957,-86.47221656
11,1,1100.0,1-Car,No injury/unknown,ANIMAL/OBJECT IN ROADWAY,39.16422957,-86.47210415
11,2,2000.0,1-Car,No injury/unknown,ANIMAL/OBJECT IN ROADWAY,39.16422957,-86.47204362
8,7,1600.0,1-Car,No injury/unknown,DRIVER DISTRACTED - EXPLAIN IN NARRATIVE,39.164228,-86.545656
7,6,2000.0,2-Car,No injury/unknown,FAILURE TO YIELD RIGHT OF WAY,39.16422615,-86.48124157
7,3,2200.0,2-Car,No injury/unknown,,39.16422615,-86.48113686
8,2,1700.0,1-Car,No injury/unknown,UNSAFE BACKING,39.16422615,-86.47812474
9,6,100.0,2-Car,No injury/unknown,OTHER (DRIVER) - EXPLAIN IN NARRATIVE,39.16422615,-86.48113686
11,6,1900.0,2-Car,No injury/unknown,FAILURE TO YIELD RIGHT OF WAY,39.16422615,-86.47630108
8,5,1500.0,2-Car,No injury/unknown,UNSAFE BACKING,39.16422436,-86.49666727
12,2,1300.0,2-Car,No injury/unknown,UNSAFE BACKING,39.16422436,-86.49666727
11,7,1900.0,2-Car,No injury/unknown,UNSAFE BACKING,39.164224,-86.496704
3,4,1600.0,2-Car,No injury/unknown,FAILURE TO YIELD RIGHT OF WAY,39.16422,-86.4763
4,3,1300.0,2-Car,No injury/unknown,FOLLOWING TOO CLOSELY,39.16422,-86.49658
6,5,1400.0,3+ Cars,Non-incapacitating,FAILURE TO YIELD RIGHT OF WAY,39.16422,-86.4763
5,7,1200.0,2-Car,No injury/unknown,,39.164212,-86.495029
3,7,100.0,2-Car,No injury/unknown,OTHER (DRIVER) - EXPLAIN IN NARRATIVE,39.16421,-86.481219
4,6,2000.0,2-Car,No injury/unknown,LEFT OF CENTER,39.16421,-86.48800865
5,6,900.0,2-Car,Non-incapacitating,UNSAFE BACKING,39.16421,-86.493712
9,7,1300.0,2-Car,No injury/unknown,FOLLOWING TOO CLOSELY,39.16410464,-86.49837029
10,4,1100.0,2-Car,No injury/unknown,IMPROPER TURNING,39.164092,-86.52727008
4,7,1900.0,2-Car,No injury/unknown,UNSAFE BACKING,39.164048,-86.5284
11,3,1200.0,Moped/Motorcycle,Non-incapacitating,DRIVER DISTRACTED - EXPLAIN IN NARRATIVE,39.16403695,-86.49835543
12,2,700.0,Bus,No injury/unknown,FAILURE TO YIELD RIGHT OF WAY,39.16396535,-86.480688
10,3,0.0,1-Car,No injury/unknown,OTHER (DRIVER) - EXPLAIN IN NARRATIVE,39.163964,-86.533629
12,3,900.0,2-Car,No injury/unknown,UNSAFE BACKING,39.16394547,-86.49833535
11,5,800.0,2-Car,Non-incapacitating,OTHER (DRIVER) - EXPLAIN IN NARRATIVE,39.16385943,-86.43697702
9,6,1500.0,2-Car,No injury/unknown,,39.16383543,-86.52973518
11,5,1600.0,1-Car,Non-incapacitating,,39.16377087,-86.58286572
1,5,2000.0,2-Car,No injury/unknown,OTHER (DRIVER) - EXPLAIN IN NARRATIVE,39.163731,-86.515269
7,2,1600.0,2-Car,No injury/unknown,OTHER (DRIVER) - EXPLAIN IN NARRATIVE,39.16369854,-86.49828114
7,2,1600.0,2-Car,No injury/unknown,OTHER (DRIVER) - EXPLAIN IN NARRATIVE,39.16369854,-86.49828114
8,2,900.0,2-Car,No injury/unknown,UNSAFE BACKING,39.163696,-86.47629
8,5,1700.0,2-Car,No injury/unknown,UNSAFE BACKING,39.163696,-86.47629
9,3,700.0,1-Car,No injury/unknown,OVERCORRECTING/OVERSTEERING,39.16368721,-86.6500031
8,2,500.0,1-Car,No injury/unknown,ANIMAL/OBJECT IN ROADWAY,39.163648,-86.438
10,3,1100.0,2-Car,No injury/unknown,OTHER (DRIVER) - EXPLAIN IN NARRATIVE,39.1636428,-86.52765256
2,5,1300.0,2-Car,No injury/unknown,OTHER (DRIVER) - EXPLAIN IN NARRATIVE,39.163616,-86.502414
5,1,1700.0,1-Car,No injury/unknown,ANIMAL/OBJECT IN ROADWAY,39.16361435,-86.42136756
9,5,2300.0,2-Car,No injury/unknown,UNSAFE BACKING,39.16357432,-86.5284
3,2,1100.0,2-Car,No injury/unknown,IMPROPER LANE USAGE,39.163552,-86.582896
5,7,2000.0,1-Car,No injury/unknown,ALCOHOLIC BEVERAGES,39.163552,-86.649696
10,6,1600.0,2-Car,No injury/unknown,OTHER (DRIVER) - EXPLAIN IN NARRATIVE,39.163552,-86.59977
12,3,1700.0,2-Car,Non-incapacitating,FAILURE TO YIELD RIGHT OF WAY,39.163552,-86.582896
4,5,1700.0,2-Car,No injury/unknown,IMPROPER LANE USAGE,39.16352222,-86.52102787
4,2,1700.0,2-Car,No injury/unknown,UNSAFE BACKING,39.16349992,-86.5324
1,4,700.0,2-Car,No injury/unknown,OTHER (DRIVER) - EXPLAIN IN NARRATIVE,39.16346117,-86.55130339
4,5,1700.0,2-Car,No injury/unknown,ALCOHOLIC BEVERAGES,39.16346117,-86.55130339
5,5,1600.0,2-Car,No injury/unknown,FAILURE TO YIELD RIGHT OF WAY,39.16346117,-86.55130339
6,7,2200.0,2-Car,Non-incapacitating,FAILURE TO YIELD RIGHT OF WAY,39.16346117,-86.55130339
10,5,1100.0,2-Car,No injury/unknown,FAILURE TO YIELD RIGHT OF WAY,39.16344,-86.58584
12,5,2100.0,2-Car,No injury/unknown,DISREGARD SIGNAL/REG SIGN,39.16344,-86.58584
1,4,900.0,1-Car,No injury/unknown,RAN OFF ROAD RIGHT,39.16343,-86.49083
4,4,500.0,Moped/Motorcycle,Fatal,FAILURE TO YIELD RIGHT OF WAY,39.16342981,-86.55124784
2,7,1100.0,3+ Cars,Non-incapacitating,ROADWAY SURFACE CONDITION,39.16339763,-86.64617348
1,7,600.0,2-Car,No injury/unknown,ROADWAY SURFACE CONDITION,39.163396,-86.490137
9,5,1500.0,1-Car,Non-incapacitating,OVERCORRECTING/OVERSTEERING,39.163381,-86.41717517
1,6,1700.0,2-Car,Non-incapacitating,DISREGARD SIGNAL/REG SIGN,39.163344,-86.5272
5,4,1500.0,2-Car,Non-incapacitating,FAILURE TO YIELD RIGHT OF WAY,39.163344,-86.5272
9,2,1900.0,2-Car,No injury/unknown,FAILURE TO YIELD RIGHT OF WAY,39.163344,-86.5272
12,6,1200.0,2-Car,No injury/unknown,FAILURE TO YIELD RIGHT OF WAY,39.163344,-86.5272
12,4,1700.0,2-Car,No injury/unknown,FAILURE TO YIELD RIGHT OF WAY,39.163344,-86.5272
6,2,1500.0,2-Car,No injury/unknown,FAILURE TO YIELD RIGHT OF WAY,39.163328,-86.525808
4,5,1800.0,3+ Cars,No injury/unknown,FAILURE TO YIELD RIGHT OF WAY,39.16331991,-86.5336
7,7,1300.0,2-Car,No injury/unknown,UNSAFE BACKING,39.1633,-86.58586
8,2,1400.0,2-Car,No injury/unknown,FAILURE TO YIELD RIGHT OF WAY,39.163232,-86.520176
3,6,1600.0,2-Car,No injury/unknown,FAILURE TO YIELD RIGHT OF WAY,39.16323,-86.52783
8,2,1600.0,3+ Cars,No injury/unknown,DRIVER DISTRACTED - EXPLAIN IN NARRATIVE,39.16321865,-86.53482941
1,4,800.0,2-Car,Non-incapacitating,ROADWAY SURFACE CONDITION,39.163216,-86.519024
9,6,800.0,2-Car,No injury/unknown,FAILURE TO YIELD RIGHT OF WAY,39.163216,-86.519024
3,3,1500.0,2-Car,No injury/unknown,DISREGARD SIGNAL/REG SIGN,39.1632,-86.517584
8,7,1400.0,2-Car,No injury/unknown,FAILURE TO YIELD RIGHT OF WAY,39.1632,-86.517584
9,1,1200.0,2-Car,Non-incapacitating,FAILURE TO YIELD RIGHT OF WAY,39.1632,-86.517584
10,6,1100.0,2-Car,Non-incapacitating,DISREGARD SIGNAL/REG SIGN,39.1632,-86.517584
2,6,1600.0,2-Car,No injury/unknown,FOLLOWING TOO CLOSELY,39.163168,-86.516384
3,4,900.0,2-Car,No injury/unknown,IMPROPER LANE USAGE,39.163168,-86.516384
12,6,0.0,1-Car,No injury/unknown,ALCOHOLIC BEVERAGES,39.163168,-86.516384
1,3,1300.0,2-Car,No injury/unknown,FAILURE TO YIELD RIGHT OF WAY,39.16314,-86.52727
7,2,1200.0,2-Car,No injury/unknown,FAILURE TO YIELD RIGHT OF WAY,39.16314,-86.52727
12,5,1500.0,2-Car,Non-incapacitating,FAILURE TO YIELD RIGHT OF WAY,39.16314,-86.52727
2,6,900.0,2-Car,Non-incapacitating,FAILURE TO YIELD RIGHT OF WAY,39.163136,-86.514096
9,7,0.0,Pedestrian,Non-incapacitating,FAILURE TO YIELD RIGHT OF WAY,39.16312649,-86.52587459
11,6,0.0,1-Car,No injury/unknown,OTHER (DRIVER) - EXPLAIN IN NARRATIVE,39.16312308,-86.6290536
1,2,1100.0,2-Car,No injury/unknown,FAILURE TO YIELD RIGHT OF WAY,39.16312,-86.513088
4,3,2300.0,2-Car,No injury/unknown,FAILURE TO YIELD RIGHT OF WAY,39.16312,-86.52262
5,3,900.0,2-Car,No injury/unknown,OTHER (DRIVER) - EXPLAIN IN NARRATIVE,39.16312,-86.513088
6,3,900.0,3+ Cars,Non-incapacitating,FAILURE TO YIELD RIGHT OF WAY,39.16312,-86.5259
7,6,1600.0,1-Car,Non-incapacitating,RAN OFF ROAD RIGHT,39.16312,-86.52262
10,3,1300.0,Pedestrian,Non-incapacitating,PEDESTRIAN ACTION,39.16312,-86.52262
10,4,2300.0,2-Car,No injury/unknown,FAILURE TO YIELD RIGHT OF WAY,39.16312,-86.52262
11,2,1700.0,Moped/Motorcycle,Non-incapacitating,OTHER (ENVIRONMENTAL) - EXPLAIN IN NARR,39.16312,-86.52262
12,4,1300.0,2-Car,No injury/unknown,FAILURE TO YIELD RIGHT OF WAY,39.16312,-86.5259
4,4,1700.0,1-Car,No injury/unknown,OTHER (DRIVER) - EXPLAIN IN NARRATIVE,39.163116,-86.522225
5,3,1700.0,2-Car,No injury/unknown,UNSAFE BACKING,39.16311,-86.524015
1,4,800.0,2-Car,No injury/unknown,SPEED TOO FAST FOR WEATHER CONDITIONS,39.16310424,-86.57313054
1,5,1900.0,2-Car,No injury/unknown,FAILURE TO YIELD RIGHT OF WAY,39.1631,-86.51218
9,1,200.0,1-Car,No injury/unknown,OTHER (VEHICLE) - EXPLAIN IN NARRATIVE,39.1631,-86.52106
1,3,1500.0,2-Car,No injury/unknown,OTHER (DRIVER) - EXPLAIN IN NARRATIVE,39.16309,-86.52021
3,3,800.0,2-Car,No injury/unknown,DRIVER DISTRACTED - EXPLAIN IN NARRATIVE,39.16309,-86.52021
4,3,1700.0,2-Car,No injury/unknown,LEFT OF CENTER,39.16309,-86.50968
8,6,1500.0,3+ Cars,No injury/unknown,DRIVER DISTRACTED - EXPLAIN IN NARRATIVE,39.16309,-86.50968
2,7,1200.0,3+ Cars,Non-incapacitating,FAILURE TO YIELD RIGHT OF WAY,39.16308,-86.50847
10,4,800.0,1-Car,No injury/unknown,ANIMAL/OBJECT IN ROADWAY,39.16307696,-86.47178785
7,2,1000.0,2-Car,Non-incapacitating,FAILURE TO YIELD RIGHT OF WAY,39.163056,-86.490752
1,4,900.0,1-Car,No injury/unknown,ROADWAY SURFACE CONDITION,39.16305,-86.51639
1,7,0.0,2-Car,No injury/unknown,IMPROPER TURNING,39.16305,-86.51639
4,2,1100.0,2-Car,No injury/unknown,FOLLOWING TOO CLOSELY,39.16305,-86.51639
8,7,1400.0,2-Car,No injury/unknown,FAILURE TO YIELD RIGHT OF WAY,39.16304453,-86.51771252
12,1,1100.0,2-Car,No injury/unknown,DRIVER DISTRACTED - EXPLAIN IN NARRATIVE,39.16301094,-86.53935906
8,6,1400.0,Cyclist,Non-incapacitating,FOLLOWING TOO CLOSELY,39.16296813,-86.49801135
10,6,1800.0,1-Car,No injury/unknown,UNSAFE BACKING,39.16296,-86.476279
1,3,800.0,2-Car,No injury/unknown,IMPROPER LANE USAGE,39.162944,-86.534832
4,7,800.0,2-Car,No injury/unknown,OTHER (DRIVER) - EXPLAIN IN NARRATIVE,39.162944,-86.534832
7,2,1800.0,2-Car,No injury/unknown,FOLLOWING TOO CLOSELY,39.162928,-86.498112
7,3,1600.0,2-Car,No injury/unknown,OTHER (DRIVER) - EXPLAIN IN NARRATIVE,39.16289337,-86.51637927
12,3,1300.0,2-Car,No injury/unknown,FAILURE TO YIELD RIGHT OF WAY,39.16287,-86.53742
5,4,1600.0,2-Car,No injury/unknown,FAILURE TO YIELD RIGHT OF WAY,39.16286673,-86.480688
9,5,1300.0,2-Car,No injury/unknown,IMPROPER TURNING,39.16285,-86.53494
1,6,100.0,2-Car,No injury/unknown,,39.162848,-86.5284
3,2,1400.0,2-Car,No injury/unknown,UNSAFE BACKING,39.162848,-86.527184
5,6,1400.0,2-Car,No injury/unknown,PRESCRIPTION DRUGS,39.162848,-86.5324
6,2,1300.0,1-Car,Non-incapacitating,BRAKE FAILURE OR DEFECTIVE,39.162848,-86.5324
7,6,1500.0,3+ Cars,No injury/unknown,FAILURE TO YIELD RIGHT OF WAY,39.162848,-86.5284
9,5,1400.0,2-Car,No injury/unknown,FAILURE TO YIELD RIGHT OF WAY,39.162848,-86.5324
10,1,1200.0,2-Car,No injury/unknown,OTHER (DRIVER) - EXPLAIN IN NARRATIVE,39.162848,-86.5284
11,3,2100.0,3+ Cars,No injury/unknown,SPEED TOO FAST FOR WEATHER CONDITIONS,39.162848,-86.527184
12,6,1700.0,2-Car,No injury/unknown,IMPROPER TURNING,39.162848,-86.527184
12,4,1400.0,2-Car,No injury/unknown,UNSAFE BACKING,39.162848,-86.527184
4,1,300.0,2-Car,No injury/unknown,FAILURE TO YIELD RIGHT OF WAY,39.16281,-86.52843
12,2,1400.0,2-Car,No injury/unknown,OTHER (DRIVER) - EXPLAIN IN NARRATIVE,39.162747,-86.534936
8,1,1200.0,2-Car,No injury/unknown,,39.16271068,-86.52974556
4,1,1600.0,1-Car,Non-incapacitating,RAN OFF ROAD RIGHT,39.16270985,-86.41331991
11,2,1000.0,1-Car,No injury/unknown,UNSAFE SPEED,39.16270985,-86.41331991
9,5,1000.0,2-Car,No injury/unknown,FOLLOWING TOO CLOSELY,39.16267,-86.5505
10,3,1600.0,2-Car,Non-incapacitating,UNSAFE BACKING,39.16267,-86.5505
12,6,1400.0,2-Car,Non-incapacitating,FOLLOWING TOO CLOSELY,39.16267,-86.5505
12,3,1400.0,2-Car,No injury/unknown,FAILURE TO YIELD RIGHT OF WAY,39.16266204,-86.55615965
5,6,700.0,2-Car,No injury/unknown,FAILURE TO YIELD RIGHT OF WAY,39.16260559,-86.53181
8,3,1300.0,2-Car,Non-incapacitating,FOLLOWING TOO CLOSELY,39.16258547,-86.49794698
10,3,800.0,2-Car,No injury/unknown,UNSAFE BACKING,39.16253623,-86.54724
6,7,0.0,1-Car,No injury/unknown,OTHER (DRIVER) - EXPLAIN IN NARRATIVE,39.16250414,-86.54388176
1,5,300.0,1-Car,No injury/unknown,OTHER (DRIVER) - EXPLAIN IN NARRATIVE,39.16244622,-86.54824
5,5,1500.0,2-Car,Non-incapacitating,FAILURE TO YIELD RIGHT OF WAY,39.1624,-86.53869
12,3,1100.0,3+ Cars,Incapacitating,FOLLOWING TOO CLOSELY,39.1624,-86.538592
7,3,1400.0,2-Car,No injury/unknown,FAILURE TO YIELD RIGHT OF WAY,39.16226394,-86.53483924
4,4,600.0,2-Car,No injury/unknown,,39.16226,-86.52724433
12,7,1600.0,2-Car,No injury/unknown,FAILURE TO YIELD RIGHT OF WAY,39.16225,-86.52591
3,5,1900.0,2-Car,No injury/unknown,FAILURE TO YIELD RIGHT OF WAY,39.16224,-86.515152
5,3,300.0,1-Car,No injury/unknown,ALCOHOLIC BEVERAGES,39.16224,-86.51619429
6,4,1200.0,2-Car,No injury/unknown,FAILURE TO YIELD RIGHT OF WAY,39.16224,-86.522576
11,6,300.0,2-Car,No injury/unknown,IMPROPER TURNING,39.162214,-86.527237
7,2,1300.0,2-Car,Non-incapacitating,OTHER (DRIVER) - EXPLAIN IN NARRATIVE,39.162048,-86.5592944
12,4,1500.0,2-Car,No injury/unknown,IMPROPER LANE USAGE,39.16204732,-86.55561324
1,4,1500.0,2-Car,No injury/unknown,OTHER (DRIVER) - EXPLAIN IN NARRATIVE,39.16202827,-86.49792334
10,5,1000.0,1-Car,No injury/unknown,OVERCORRECTING/OVERSTEERING,39.16200597,-86.57316611
4,2,1700.0,2-Car,No injury/unknown,ROADWAY SURFACE CONDITION,39.16198929,-86.53484216
1,7,2000.0,1-Car,No injury/unknown,ROADWAY SURFACE CONDITION,39.161936,-86.31993792
8,1,1600.0,2-Car,No injury/unknown,,39.16191346,-86.49789927
10,3,1300.0,2-Car,No injury/unknown,FAILURE TO YIELD RIGHT OF WAY,39.16191072,-86.55699977
2,2,1600.0,2-Car,No injury/unknown,OTHER (DRIVER) - EXPLAIN IN NARRATIVE,39.16171055,-86.49785673
10,3,200.0,1-Car,No injury/unknown,OTHER (DRIVER) - EXPLAIN IN NARRATIVE,39.16166,-86.476368
1,2,1500.0,2-Car,No injury/unknown,BRAKE FAILURE OR DEFECTIVE,39.16163225,-86.53484596
7,6,1800.0,2-Car,No injury/unknown,UNSAFE BACKING,39.16160339,-86.54349624
12,4,1600.0,3+ Cars,No injury/unknown,FOLLOWING TOO CLOSELY,39.1616,-86.543296
11,3,1500.0,2-Car,Non-incapacitating,CELL PHONE USAGE,39.161568,-86.542096
3,5,1000.0,2-Car,No injury/unknown,LEFT OF CENTER,39.16153611,-86.53976784
6,4,600.0,1-Car,Non-incapacitating,DRIVER ILLNESS,39.16153611,-86.53976784
1,3,1400.0,2-Car,No injury/unknown,OVERCORRECTING/OVERSTEERING,39.16152226,-86.53875662
6,5,1300.0,2-Car,No injury/unknown,FOLLOWING TOO CLOSELY,39.16152,-86.538592
8,7,2300.0,2-Car,No injury/unknown,FAILURE TO YIELD RIGHT OF WAY,39.16152,-86.538592
8,6,1700.0,3+ Cars,No injury/unknown,SPEED TOO FAST FOR WEATHER CONDITIONS,39.16152,-86.538592
11,3,2100.0,3+ Cars,Non-incapacitating,OTHER (DRIVER) - EXPLAIN IN NARRATIVE,39.16152,-86.538592
9,4,1400.0,2-Car,No injury/unknown,DRIVER DISTRACTED - EXPLAIN IN NARRATIVE,39.16150694,-86.53806307
12,7,1300.0,2-Car,Non-incapacitating,FAILURE TO YIELD RIGHT OF WAY,39.16148614,-86.49780967
2,2,1000.0,2-Car,No injury/unknown,FOLLOWING TOO CLOSELY,39.161472,-86.53624
2,2,1000.0,2-Car,No injury/unknown,UNSAFE BACKING,39.16145993,-86.55452041
6,7,1300.0,2-Car,No injury/unknown,OTHER (DRIVER) - EXPLAIN IN NARRATIVE,39.16145959,-86.53555315
8,3,100.0,3+ Cars,No injury/unknown,ALCOHOLIC BEVERAGES,39.16144,-86.5294072
1,1,700.0,2-Car,No injury/unknown,DISREGARD SIGNAL/REG SIGN,39.16144,-86.534848
1,5,1400.0,2-Car,No injury/unknown,FAILURE TO YIELD RIGHT OF WAY,39.16144,-86.52976
1,5,1600.0,2-Car,No injury/unknown,IMPROPER TURNING,39.16144,-86.523952
3,7,1600.0,2-Car,No injury/unknown,UNSAFE SPEED,39.16144,-86.5324
3,3,1500.0,2-Car,No injury/unknown,UNSAFE BACKING,39.16144,-86.52976
4,6,1600.0,2-Car,No injury/unknown,WRONG WAY ON ONE WAY,39.16144,-86.534848
4,2,1500.0,3+ Cars,No injury/unknown,FOLLOWING TOO CLOSELY,39.16144,-86.5336
4,5,1500.0,2-Car,No injury/unknown,DRIVER DISTRACTED - EXPLAIN IN NARRATIVE,39.16144,-86.534848
5,4,900.0,2-Car,No injury/unknown,OTHER (DRIVER) - EXPLAIN IN NARRATIVE,39.16144,-86.534848
6,4,1200.0,2-Car,No injury/unknown,DRIVER DISTRACTED - EXPLAIN IN NARRATIVE,39.16144,-86.534848
6,2,800.0,1-Car,No injury/unknown,OTHER (ENVIRONMENTAL) - EXPLAIN IN NARR,39.16144,-86.5336
10,4,1000.0,2-Car,No injury/unknown,FAILURE TO YIELD RIGHT OF WAY,39.16144,-86.531056
10,3,1900.0,2-Car,No injury/unknown,SPEED TOO FAST FOR WEATHER CONDITIONS,39.16144,-86.534848
10,6,1400.0,2-Car,No injury/unknown,,39.16144,-86.528288
11,1,1600.0,Moped/Motorcycle,Non-incapacitating,DISREGARD SIGNAL/REG SIGN,39.16144,-86.5336
11,4,800.0,2-Car,No injury/unknown,OTHER (DRIVER) - EXPLAIN IN NARRATIVE,39.16144,-86.5324
11,5,1400.0,2-Car,No injury/unknown,SPEED TOO FAST FOR WEATHER CONDITIONS,39.16144,-86.523952
12,4,800.0,2-Car,No injury/unknown,DISREGARD SIGNAL/REG SIGN,39.16144,-86.531056
12,2,1300.0,2-Car,No injury/unknown,,39.16144,-86.52976
12,2,1800.0,2-Car,No injury/unknown,IMPROPER LANE USAGE,39.16144,-86.5336
12,1,1700.0,2-Car,No injury/unknown,FAILURE TO YIELD RIGHT OF WAY,39.16144,-86.527152
5,5,1000.0,2-Car,No injury/unknown,FAILURE TO YIELD RIGHT OF WAY,39.16143,-86.54611836
10,3,1700.0,2-Car,Non-incapacitating,FOLLOWING TOO CLOSELY,39.16143,-86.54614
7,5,300.0,2-Car,No injury/unknown,OTHER (DRIVER) - EXPLAIN IN NARRATIVE,39.161411,-86.537441
2,2,2200.0,2-Car,No injury/unknown,DISREGARD SIGNAL/REG SIGN,39.16140529,-86.53489044
1,4,700.0,1-Car,No injury/unknown,OTHER (DRIVER) - EXPLAIN IN NARRATIVE,39.1614,-86.539965
2,4,1500.0,2-Car,No injury/unknown,ROADWAY SURFACE CONDITION,39.1614,-86.53869596
5,6,1600.0,Bus,No injury/unknown,ROADWAY SURFACE CONDITION,39.1614,-86.53867865
6,6,1800.0,3+ Cars,Non-incapacitating,OTHER (DRIVER) - EXPLAIN IN NARRATIVE,39.1614,-86.53867
7,6,1100.0,2-Car,No injury/unknown,FAILURE TO YIELD RIGHT OF WAY,39.1614,-86.539965
8,3,1600.0,2-Car,Non-incapacitating,FOLLOWING TOO CLOSELY,39.1614,-86.53867
10,4,800.0,2-Car,No injury/unknown,IMPROPER TURNING,39.1614,-86.53363
11,3,700.0,2-Car,No injury/unknown,FAILURE TO YIELD RIGHT OF WAY,39.1614,-86.53867
4,6,1700.0,3+ Cars,No injury/unknown,FOLLOWING TOO CLOSELY,39.16139,-86.53631
10,7,1200.0,3+ Cars,Non-incapacitating,DRIVER DISTRACTED - EXPLAIN IN NARRATIVE,39.16139,-86.53631
7,2,1000.0,2-Car,No injury/unknown,UNSAFE BACKING,39.161384,-86.535235
9,5,1400.0,2-Car,No injury/unknown,OTHER (DRIVER) - EXPLAIN IN NARRATIVE,39.161384,-86.535221
2,5,700.0,2-Car,No injury/unknown,OTHER (DRIVER) - EXPLAIN IN NARRATIVE,39.16138,-86.53493
3,3,1300.0,2-Car,No injury/unknown,FAILURE TO YIELD RIGHT OF WAY,39.16138,-86.53493
6,2,1500.0,2-Car,No injury/unknown,FOLLOWING TOO CLOSELY,39.16138,-86.53493
7,2,1600.0,2-Car,No injury/unknown,OTHER (DRIVER) - EXPLAIN IN NARRATIVE,39.16138,-86.53493
8,4,1500.0,2-Car,No injury/unknown,FAILURE TO YIELD RIGHT OF WAY,39.16138,-86.53493
9,4,1300.0,2-Car,Non-incapacitating,DISREGARD SIGNAL/REG SIGN,39.16138,-86.53493
12,7,1900.0,2-Car,No injury/unknown,BRAKE FAILURE OR DEFECTIVE,39.16138,-86.53493
9,1,2100.0,2-Car,No injury/unknown,FAILURE TO YIELD RIGHT OF WAY,39.161374,-86.476579
10,6,300.0,2-Car,No injury/unknown,UNSAFE BACKING,39.161374,-86.476579
3,1,1000.0,2-Car,No injury/unknown,FAILURE TO YIELD RIGHT OF WAY,39.16136,-86.53124
5,3,1600.0,2-Car,No injury/unknown,DISREGARD SIGNAL/REG SIGN,39.16136,-86.53241
8,3,400.0,3+ Cars,No injury/unknown,ALCOHOLIC BEVERAGES,39.16136,-86.52988
10,7,1200.0,2-Car,No injury/unknown,FAILURE TO YIELD RIGHT OF WAY,39.16136,-86.52988
12,5,1000.0,2-Car,No injury/unknown,FAILURE TO YIELD RIGHT OF WAY,39.16132332,-86.52991124
4,6,1900.0,2-Car,No injury/unknown,FAILURE TO YIELD RIGHT OF WAY,39.161312,-86.522576
11,6,1200.0,2-Car,No injury/unknown,OTHER (DRIVER) - EXPLAIN IN NARRATIVE,39.161312,-86.522576
3,5,1200.0,2-Car,No injury/unknown,UNSAFE BACKING,39.16131152,-86.52255127
8,3,1200.0,2-Car,No injury/unknown,FAILURE TO YIELD RIGHT OF WAY,39.161296,-86.589792
12,5,1500.0,2-Car,No injury/unknown,UNSAFE BACKING,39.161296,-86.589792
9,2,1100.0,2-Car,No injury/unknown,FAILURE TO YIELD RIGHT OF WAY,39.16128325,-86.51253
3,2,1700.0,2-Car,No injury/unknown,UNSAFE BACKING,39.161205,-86.524
11,3,1400.0,2-Car,No injury/unknown,BRAKE FAILURE OR DEFECTIVE,39.161205,-86.524
5,4,1500.0,2-Car,No injury/unknown,SPEED TOO FAST FOR WEATHER CONDITIONS,39.1612,-86.517584
12,4,1200.0,2-Car,No injury/unknown,RAN OFF ROAD RIGHT,39.1612,-86.517584
9,4,1900.0,2-Car,No injury/unknown,DISREGARD SIGNAL/REG SIGN,39.161168,-86.516352
6,4,1500.0,2-Car,No injury/unknown,IMPROPER TURNING,39.16115717,-86.53485253
10,1,1600.0,2-Car,No injury/unknown,UNSAFE BACKING,39.16115717,-86.53485253
10,7,1600.0,2-Car,No injury/unknown,OTHER (VEHICLE) - EXPLAIN IN NARRATIVE,39.16107,-86.52264
7,4,1600.0,2-Car,No injury/unknown,OTHER (DRIVER) - EXPLAIN IN NARRATIVE,39.16104,-86.51638524
2,2,2300.0,2-Car,No injury/unknown,OTHER (DRIVER) - EXPLAIN IN NARRATIVE,39.16099,-86.50847
6,5,1600.0,3+ Cars,Non-incapacitating,OTHER (DRIVER) - EXPLAIN IN NARRATIVE,39.16099,-86.50847
10,4,200.0,1-Car,No injury/unknown,ANIMAL/OBJECT IN ROADWAY,39.16099,-86.50847