Month,Day,Hour,Collision Type,Injury Type,Primary Factor,Latitude,Longitude
8,4,1500.0,2-Car,No injury/unknown,OTHER (VEHICLE) - EXPLAIN IN NARRATIVE,39.160963,-86.507148
11,7,1900.0,2-Car,No injury/unknown,FAILURE TO YIELD RIGHT OF WAY,39.160949,-86.50572
4,6,1800.0,2-Car,Non-incapacitating,FAILURE TO YIELD RIGHT OF WAY,39.160944,-86.497696
10,4,1400.0,Bus,No injury/unknown,FOLLOWING TOO CLOSELY,39.160944,-86.497696
10,5,2100.0,2-Car,No injury/unknown,SPEED TOO FAST FOR WEATHER CONDITIONS,39.160944,-86.508288
1,6,1600.0,2-Car,Non-incapacitating,DISREGARD SIGNAL/REG SIGN,39.16094,-86.49772
11,7,1900.0,2-Car,Non-incapacitating,DRIVER DISTRACTED - EXPLAIN IN NARRATIVE,39.160848,-86.582816
12,3,1400.0,2-Car,No injury/unknown,UNSAFE BACKING,39.1608213,-86.53491777
9,3,1000.0,2-Car,No injury/unknown,OTHER (DRIVER) - EXPLAIN IN NARRATIVE,39.160811,-86.534946
2,3,200.0,1-Car,No injury/unknown,RAN OFF ROAD RIGHT,39.16075,-86.54851
3,6,600.0,3+ Cars,Non-incapacitating,OTHER (DRIVER) - EXPLAIN IN NARRATIVE,39.16075,-86.54851
4,6,1000.0,2-Car,Non-incapacitating,OTHER (DRIVER) - EXPLAIN IN NARRATIVE,39.16075,-86.54851
6,3,1000.0,2-Car,Non-incapacitating,DRIVER DISTRACTED - EXPLAIN IN NARRATIVE,39.16075,-86.54851
7,2,500.0,1-Car,No injury/unknown,,39.16075,-86.54852298
10,6,1800.0,2-Car,Non-incapacitating,SPEED TOO FAST FOR WEATHER CONDITIONS,39.16075,-86.54851
10,1,0.0,2-Car,Non-incapacitating,DISREGARD SIGNAL/REG SIGN,39.16075,-86.54851
11,4,1700.0,2-Car,Non-incapacitating,FOLLOWING TOO CLOSELY,39.16075,-86.54851
11,4,1400.0,2-Car,No injury/unknown,OTHER (DRIVER) - EXPLAIN IN NARRATIVE,39.16075,-86.54851
11,4,1300.0,2-Car,Non-incapacitating,FAILURE TO YIELD RIGHT OF WAY,39.16075,-86.54851
6,4,1800.0,2-Car,No injury/unknown,OTHER (DRIVER) - EXPLAIN IN NARRATIVE,39.16071282,-86.5336
8,4,700.0,Bus,No injury/unknown,UNSAFE BACKING,39.16071,-86.548603
3,6,1700.0,1-Car,No injury/unknown,RAN OFF ROAD RIGHT,39.16067,-86.58268
6,3,1700.0,2-Car,No injury/unknown,FAILURE TO YIELD RIGHT OF WAY,39.16063579,-86.55010434
5,2,1100.0,2-Car,No injury/unknown,UNSAFE BACKING,39.16061486,-86.538592
9,5,1600.0,2-Car,No injury/unknown,OTHER (DRIVER) - EXPLAIN IN NARRATIVE,39.16061486,-86.538592
8,4,2300.0,Moped/Motorcycle,No injury/unknown,FAILURE TO YIELD RIGHT OF WAY,39.160544,-86.5508
10,3,2000.0,2-Car,Non-incapacitating,FAILURE TO YIELD RIGHT OF WAY,39.160544,-86.5508
10,3,1200.0,3+ Cars,Non-incapacitating,FOLLOWING TOO CLOSELY,39.160544,-86.5508
6,3,1000.0,2-Car,No injury/unknown,FAILURE TO YIELD RIGHT OF WAY,39.16039,-86.52719
7,7,2100.0,2-Car,Non-incapacitating,DISREGARD SIGNAL/REG SIGN,39.16039,-86.52719
8,3,1700.0,1-Car,No injury/unknown,OTHER (DRIVER) - EXPLAIN IN NARRATIVE,39.16032,-86.525856
1,3,1100.0,2-Car,No injury/unknown,FAILURE TO YIELD RIGHT OF WAY,39.160288,-86.520112
4,6,1200.0,3+ Cars,No injury/unknown,OTHER (DRIVER) - EXPLAIN IN NARRATIVE,39.16019293,-86.55386471
5,7,1100.0,2-Car,No injury/unknown,OTHER (DRIVER) - EXPLAIN IN NARRATIVE,39.16006682,-86.53486997
3,6,2000.0,3+ Cars,No injury/unknown,DRIVER DISTRACTED - EXPLAIN IN NARRATIVE,39.15994021,-86.55379641
9,3,1600.0,2-Car,No injury/unknown,FOLLOWING TOO CLOSELY,39.15994021,-86.55379641
9,2,1000.0,2-Car,No injury/unknown,FAILURE TO YIELD RIGHT OF WAY,39.15994021,-86.55379641
11,6,1400.0,2-Car,No injury/unknown,FAILURE TO YIELD RIGHT OF WAY,39.15994021,-86.55379641
11,4,1400.0,2-Car,No injury/unknown,FOLLOWING TOO CLOSELY,39.15994021,-86.55379641
8,1,400.0,1-Car,Non-incapacitating,ALCOHOLIC BEVERAGES,39.15981,-86.47926432
4,3,1900.0,3+ Cars,No injury/unknown,DISREGARD SIGNAL/REG SIGN,39.1596,-86.490784
5,6,1600.0,2-Car,Non-incapacitating,DRIVER DISTRACTED - EXPLAIN IN NARRATIVE,39.1596,-86.490784
5,2,900.0,2-Car,No injury/unknown,IMPROPER PASSING,39.1596,-86.490784
2,2,1000.0,2-Car,No injury/unknown,DISREGARD SIGNAL/REG SIGN,39.159504,-86.538592
6,4,1700.0,2-Car,No injury/unknown,FOLLOWING TOO CLOSELY,39.15949021,-86.53324
10,6,1300.0,Pedestrian,Incapacitating,PEDESTRIAN ACTION,39.159456,-86.536
3,6,1500.0,2-Car,Non-incapacitating,DISREGARD SIGNAL/REG SIGN,39.15944,-86.53488
5,5,200.0,1-Car,Non-incapacitating,ALCOHOLIC BEVERAGES,39.15944,-86.53488
12,1,1900.0,2-Car,No injury/unknown,SPEED TOO FAST FOR WEATHER CONDITIONS,39.15944,-86.53488
1,6,1300.0,2-Car,No injury/unknown,FAILURE TO YIELD RIGHT OF WAY,39.15942116,-86.46590176
10,3,1500.0,3+ Cars,Non-incapacitating,FOLLOWING TOO CLOSELY,39.15937,-86.53499
8,4,1100.0,2-Car,No injury/unknown,DISREGARD SIGNAL/REG SIGN,39.159359,-86.533656
10,3,1500.0,2-Car,No injury/unknown,VIEW OBSTRUCTED,39.15934401,-86.52891003
4,5,800.0,2-Car,No injury/unknown,,39.159344,-86.523696
4,6,1800.0,2-Car,Non-incapacitating,FAILURE TO YIELD RIGHT OF WAY,39.159344,-86.525872
6,2,1100.0,2-Car,No injury/unknown,OVERCORRECTING/OVERSTEERING,39.159344,-86.52712
6,3,1400.0,2-Car,No injury/unknown,FAILURE TO YIELD RIGHT OF WAY,39.159344,-86.525872
8,6,1100.0,2-Car,Non-incapacitating,FAILURE TO YIELD RIGHT OF WAY,39.159344,-86.520096
11,2,1700.0,2-Car,No injury/unknown,,39.159344,-86.52578318
11,5,1500.0,2-Car,No injury/unknown,OTHER (DRIVER) - EXPLAIN IN NARRATIVE,39.159344,-86.520096
12,3,1800.0,2-Car,No injury/unknown,RAN OFF ROAD RIGHT,39.159344,-86.525872
4,2,1600.0,2-Car,No injury/unknown,DISREGARD SIGNAL/REG SIGN,39.15932,-86.52714
8,3,1800.0,2-Car,No injury/unknown,FAILURE TO YIELD RIGHT OF WAY,39.15929,-86.52264
6,4,900.0,2-Car,No injury/unknown,FAILURE TO YIELD RIGHT OF WAY,39.15928,-86.5202
7,5,2000.0,2-Car,Non-incapacitating,FAILURE TO YIELD RIGHT OF WAY,39.15926402,-86.51771252
7,4,2100.0,2-Car,No injury/unknown,,39.15923,-86.51154
12,2,700.0,2-Car,No injury/unknown,SPEED TOO FAST FOR WEATHER CONDITIONS,39.15917,-86.48069
7,3,1700.0,2-Car,Non-incapacitating,IMPROPER LANE USAGE,39.15912281,-86.55196
12,1,1700.0,2-Car,No injury/unknown,OTHER (DRIVER) - EXPLAIN IN NARRATIVE,39.159038,-86.56714
5,1,1400.0,2-Car,No injury/unknown,DRIVER DISTRACTED - EXPLAIN IN NARRATIVE,39.15901788,-86.52013854
11,6,2000.0,2-Car,Non-incapacitating,LEFT OF CENTER,39.158848,-86.647104
12,5,1500.0,2-Car,No injury/unknown,UNSAFE SPEED,39.158544,-86.540928
5,4,1300.0,2-Car,No injury/unknown,DISREGARD SIGNAL/REG SIGN,39.158448,-86.531088
7,3,1600.0,2-Car,No injury/unknown,FOLLOWING TOO CLOSELY,39.158448,-86.538592
11,6,1300.0,2-Car,No injury/unknown,FAILURE TO YIELD RIGHT OF WAY,39.158448,-86.5336
12,3,1100.0,2-Car,No injury/unknown,UNSAFE BACKING,39.15835536,-86.49581748
3,3,1300.0,2-Car,No injury/unknown,UNSAFE BACKING,39.158352,-86.496288
4,4,1600.0,2-Car,No injury/unknown,FOLLOWING TOO CLOSELY,39.158352,-86.582752
10,6,1300.0,2-Car,No injury/unknown,ROADWAY SURFACE CONDITION,39.158352,-86.582752
1,6,100.0,2-Car,No injury/unknown,UNSAFE SPEED,39.158329,-86.5692
3,4,1700.0,2-Car,No injury/unknown,,39.158329,-86.569085
4,2,1600.0,2-Car,No injury/unknown,UNSAFE BACKING,39.158328,-86.569352
2,4,1600.0,2-Car,No injury/unknown,IMPROPER LANE USAGE,39.158326,-86.569543
2,1,700.0,1-Car,No injury/unknown,DRIVER DISTRACTED - EXPLAIN IN NARRATIVE,39.158326,-86.569619
1,2,100.0,1-Car,No injury/unknown,ALCOHOLIC BEVERAGES,39.15831,-86.50005
12,5,1500.0,2-Car,No injury/unknown,,39.15826937,-86.5409329
1,4,2100.0,3+ Cars,No injury/unknown,FOLLOWING TOO CLOSELY,39.15816,-86.497792
5,6,1100.0,2-Car,No injury/unknown,UNSAFE BACKING,39.15816,-86.497792
7,2,1500.0,2-Car,No injury/unknown,UNSAFE BACKING,39.15816,-86.497792
10,2,200.0,1-Car,No injury/unknown,OTHER (ENVIRONMENTAL) - EXPLAIN IN NARR,39.15816,-86.497792
10,6,2000.0,2-Car,No injury/unknown,IMPROPER TURNING,39.15816,-86.497792
11,5,1400.0,2-Car,Non-incapacitating,FOLLOWING TOO CLOSELY,39.15802,-86.5576
1,1,900.0,2-Car,No injury/unknown,FAILURE TO YIELD RIGHT OF WAY,39.157904,-86.522544
3,1,1800.0,Cyclist,Non-incapacitating,PEDESTRIAN ACTION,39.157904,-86.522544
10,5,1600.0,2-Car,No injury/unknown,FAILURE TO YIELD RIGHT OF WAY,39.157888,-86.520272
5,5,1600.0,2-Car,No injury/unknown,UNSAFE BACKING,39.15785306,-86.4978018
12,6,1400.0,2-Car,No injury/unknown,OTHER (DRIVER) - EXPLAIN IN NARRATIVE,39.157809,-86.521538
2,6,100.0,2-Car,No injury/unknown,,39.1578,-86.52017135
9,6,2300.0,2-Car,Non-incapacitating,FAILURE TO YIELD RIGHT OF WAY,39.1578,-86.52018
9,1,1000.0,2-Car,Non-incapacitating,DISREGARD SIGNAL/REG SIGN,39.157792,-86.508288
9,1,1200.0,2-Car,No injury/unknown,DISREGARD SIGNAL/REG SIGN,39.157792,-86.508288
1,5,900.0,2-Car,Non-incapacitating,SPEED TOO FAST FOR WEATHER CONDITIONS,39.157616,-86.538592
1,6,800.0,2-Car,No injury/unknown,FAILURE TO YIELD RIGHT OF WAY,39.157584,-86.536288
2,1,1200.0,2-Car,No injury/unknown,FOLLOWING TOO CLOSELY,39.157584,-86.536288
2,6,1000.0,2-Car,No injury/unknown,OTHER (DRIVER) - EXPLAIN IN NARRATIVE,39.157568,-86.534896
3,4,1500.0,3+ Cars,No injury/unknown,OTHER (VEHICLE) - EXPLAIN IN NARRATIVE,39.157552,-86.5336
10,5,1600.0,2-Car,No injury/unknown,DISREGARD SIGNAL/REG SIGN,39.157536,-86.5324
1,2,1900.0,2-Car,No injury/unknown,OVERCORRECTING/OVERSTEERING,39.157483,-86.558882
11,5,1100.0,2-Car,No injury/unknown,OTHER (DRIVER) - EXPLAIN IN NARRATIVE,39.157482,-86.490359
1,2,1900.0,3+ Cars,No injury/unknown,OTHER (VEHICLE) - EXPLAIN IN NARRATIVE,39.15747967,-86.52693
5,2,1600.0,2-Car,Non-incapacitating,FAILURE TO YIELD RIGHT OF WAY,39.15747,-86.5387
6,2,1200.0,2-Car,No injury/unknown,FAILURE TO YIELD RIGHT OF WAY,39.15747,-86.5387
1,7,2200.0,2-Car,No injury/unknown,FAILURE TO YIELD RIGHT OF WAY,39.15742,-86.53365
2,5,600.0,1-Car,No injury/unknown,ROADWAY SURFACE CONDITION,39.15742,-86.53365
10,3,1400.0,2-Car,No injury/unknown,FAILURE TO YIELD RIGHT OF WAY,39.15738,-86.53243
9,4,1900.0,2-Car,No injury/unknown,UNSAFE BACKING,39.157357,-86.497835
1,7,2100.0,2-Car,Non-incapacitating,UNSAFE BACKING,39.157288,-86.559297
7,6,700.0,2-Car,Non-incapacitating,FAILURE TO YIELD RIGHT OF WAY,39.157248,-86.559792
7,3,1500.0,2-Car,No injury/unknown,OTHER (DRIVER) - EXPLAIN IN NARRATIVE,39.157248,-86.559792
9,5,1600.0,2-Car,No injury/unknown,FAILURE TO YIELD RIGHT OF WAY,39.157248,-86.559792
5,5,1000.0,1-Car,No injury/unknown,OTHER (DRIVER) - EXPLAIN IN NARRATIVE,39.157142,-86.497819
9,3,900.0,2-Car,No injury/unknown,OTHER (DRIVER) - EXPLAIN IN NARRATIVE,39.157103,-86.497816
11,3,1800.0,2-Car,No injury/unknown,FAILURE TO YIELD RIGHT OF WAY,39.1571,-86.55969
9,6,1300.0,2-Car,No injury/unknown,IMPROPER TURNING,39.157074,-86.511759
5,3,1500.0,2-Car,No injury/unknown,IMPROPER TURNING,39.157064,-86.497814
3,5,1500.0,2-Car,No injury/unknown,FOLLOWING TOO CLOSELY,39.156896,-86.582704
9,5,2000.0,Moped/Motorcycle,Incapacitating,ALCOHOLIC BEVERAGES,39.156896,-86.582704
10,6,1100.0,2-Car,Non-incapacitating,OTHER (DRIVER) - EXPLAIN IN NARRATIVE,39.156896,-86.582704
1,3,1400.0,2-Car,No injury/unknown,UNSAFE BACKING,39.15676331,-86.54126562
6,7,1700.0,2-Car,No injury/unknown,IMPROPER TURNING,39.15676331,-86.54126562
2,2,1600.0,2-Car,No injury/unknown,UNSAFE BACKING,39.156584,-86.542463
5,5,1400.0,2-Car,No injury/unknown,OTHER (DRIVER) - EXPLAIN IN NARRATIVE,39.156368,-86.482995
8,3,800.0,2-Car,No injury/unknown,DRIVER DISTRACTED - EXPLAIN IN NARRATIVE,39.156352,-86.500592
5,6,2200.0,1-Car,No injury/unknown,RAN OFF ROAD RIGHT,39.156144,-86.561296
6,3,1900.0,2-Car,Non-incapacitating,FAILURE TO YIELD RIGHT OF WAY,39.156144,-86.561296
11,3,900.0,2-Car,Non-incapacitating,FAILURE TO YIELD RIGHT OF WAY,39.156144,-86.561296
11,5,1500.0,2-Car,No injury/unknown,FAILURE TO YIELD RIGHT OF WAY,39.15613,-86.56140433
9,6,1000.0,Moped/Motorcycle,No injury/unknown,UNSAFE BACKING,39.156128,-86.560912
12,2,900.0,1-Car,No injury/unknown,RAN OFF ROAD RIGHT,39.156092,-86.645608
4,1,2200.0,1-Car,No injury/unknown,RAN OFF ROAD RIGHT,39.156048,-86.5596
11,1,500.0,Moped/Motorcycle,No injury/unknown,OTHER (DRIVER) - EXPLAIN IN NARRATIVE,39.15597,-86.55751597
5,2,700.0,1-Car,No injury/unknown,RAN OFF ROAD RIGHT,39.155952,-86.550592
10,4,1700.0,2-Car,No injury/unknown,FAILURE TO YIELD RIGHT OF WAY,39.155952,-86.550592
12,1,600.0,1-Car,No injury/unknown,ANIMAL/OBJECT IN ROADWAY,39.15594712,-86.55094468
2,5,1300.0,2-Car,Non-incapacitating,FAILURE TO YIELD RIGHT OF WAY,39.1558,-86.51928
4,2,1800.0,2-Car,No injury/unknown,FAILURE TO YIELD RIGHT OF WAY,39.155776,-86.538592
4,3,400.0,2-Car,No injury/unknown,FAILURE TO YIELD RIGHT OF WAY,39.15575,-86.54799596
3,1,1500.0,1-Car,No injury/unknown,ALCOHOLIC BEVERAGES,39.155744,-86.527056
12,5,1300.0,Moped/Motorcycle,No injury/unknown,FAILURE TO YIELD RIGHT OF WAY,39.15568818,-86.52021
3,7,1500.0,2-Car,No injury/unknown,DRIVER DISTRACTED - EXPLAIN IN NARRATIVE,39.15566945,-86.58298
5,2,1900.0,2-Car,No injury/unknown,SPEED TOO FAST FOR WEATHER CONDITIONS,39.155664,-86.5324
11,1,1500.0,2-Car,Non-incapacitating,FAILURE TO YIELD RIGHT OF WAY,39.155664,-86.5324
8,1,1500.0,Moped/Motorcycle,Non-incapacitating,ALCOHOLIC BEVERAGES,39.155648,-86.5336
1,4,800.0,2-Car,Non-incapacitating,ROADWAY SURFACE CONDITION,39.15563,-86.54331
5,1,1100.0,2-Car,No injury/unknown,FAILURE TO YIELD RIGHT OF WAY,39.15563,-86.54326673
5,5,1400.0,2-Car,No injury/unknown,FOLLOWING TOO CLOSELY,39.15563,-86.54329269
8,7,300.0,1-Car,No injury/unknown,,39.155616,-86.537684
9,4,600.0,1-Car,No injury/unknown,DRIVER DISTRACTED - EXPLAIN IN NARRATIVE,39.155601,-86.535316
8,4,1000.0,2-Car,No injury/unknown,FAILURE TO YIELD RIGHT OF WAY,39.1556,-86.532448
3,4,1000.0,2-Car,No injury/unknown,UNSAFE BACKING,39.15555,-86.52703
4,5,2100.0,1-Car,No injury/unknown,LEFT OF CENTER,39.15555,-86.52703
8,1,1200.0,2-Car,No injury/unknown,OTHER (DRIVER) - EXPLAIN IN NARRATIVE,39.155348,-86.570354
9,1,900.0,3+ Cars,No injury/unknown,UNSAFE BACKING,39.155344,-86.503088
3,3,800.0,2-Car,No injury/unknown,UNSAFE BACKING,39.155264,-86.57042
9,7,1100.0,Cyclist,Non-incapacitating,PEDESTRIAN ACTION,39.15521372,-86.4714858
6,2,1700.0,2-Car,Non-incapacitating,DISREGARD SIGNAL/REG SIGN,39.15518,-86.49774
6,4,2200.0,2-Car,No injury/unknown,DISREGARD SIGNAL/REG SIGN,39.15518,-86.49774
7,7,1900.0,2-Car,No injury/unknown,FAILURE TO YIELD RIGHT OF WAY,39.15518,-86.49774
5,4,1900.0,Moped/Motorcycle,No injury/unknown,UNSAFE BACKING,39.155152,-86.497888
8,7,1900.0,2-Car,No injury/unknown,FAILURE TO YIELD RIGHT OF WAY,39.155152,-86.497888
9,4,1800.0,2-Car,No injury/unknown,IMPROPER LANE USAGE,39.155152,-86.497888
11,1,1900.0,2-Car,No injury/unknown,FOLLOWING TOO CLOSELY,39.155152,-86.497888
3,4,1300.0,1-Car,Non-incapacitating,IMPROPER LANE USAGE,39.15504581,-86.57301391
1,3,0.0,1-Car,No injury/unknown,UNSAFE SPEED,39.15503,-86.49617055
4,5,1400.0,2-Car,No injury/unknown,FAILURE TO YIELD RIGHT OF WAY,39.15503,-86.49611
1,3,200.0,2-Car,No injury/unknown,LEFT OF CENTER,39.15497836,-86.522635
2,6,2000.0,2-Car,No injury/unknown,FOLLOWING TOO CLOSELY,39.15496,-86.56323
8,4,1800.0,2-Car,No injury/unknown,OTHER (DRIVER) - EXPLAIN IN NARRATIVE,39.15496,-86.563229
7,5,700.0,2-Car,Non-incapacitating,DRIVER DISTRACTED - EXPLAIN IN NARRATIVE,39.15493461,-86.56305048
3,1,2100.0,2-Car,Non-incapacitating,FOLLOWING TOO CLOSELY,39.15487,-86.58261
3,7,900.0,2-Car,No injury/unknown,DRIVER DISTRACTED - EXPLAIN IN NARRATIVE,39.15476622,-86.538592
9,4,1300.0,3+ Cars,No injury/unknown,BRAKE FAILURE OR DEFECTIVE,39.154671,-86.490849
5,5,1800.0,2-Car,No injury/unknown,FOLLOWING TOO CLOSELY,39.15462666,-86.5336
9,1,1600.0,Moped/Motorcycle,Non-incapacitating,FAILURE TO YIELD RIGHT OF WAY,39.15450267,-86.538592
8,5,1700.0,2-Car,Non-incapacitating,FAILURE TO YIELD RIGHT OF WAY,39.154352,-86.5336
10,4,700.0,2-Car,Non-incapacitating,FOLLOWING TOO CLOSELY,39.15434742,-86.56417877
8,2,800.0,2-Car,No injury/unknown,UNSAFE BACKING,39.154286,-86.572499
2,5,1800.0,2-Car,No injury/unknown,OTHER (DRIVER) - EXPLAIN IN NARRATIVE,39.154272,-86.564176
10,6,1200.0,3+ Cars,No injury/unknown,FOLLOWING TOO CLOSELY,39.154272,-86.564176
1,6,1900.0,2-Car,No injury/unknown,UNSAFE BACKING,39.154261,-86.497703
4,5,2000.0,2-Car,No injury/unknown,IMPROPER TURNING,39.154261,-86.497703
6,1,2100.0,2-Car,No injury/unknown,OTHER (DRIVER) - EXPLAIN IN NARRATIVE,39.154261,-86.497703
8,4,1800.0,2-Car,No injury/unknown,IMPROPER TURNING,39.154261,-86.497703
9,6,1200.0,2-Car,No injury/unknown,OTHER (VEHICLE) - EXPLAIN IN NARRATIVE,39.154261,-86.497703
12,6,1800.0,2-Car,No injury/unknown,OTHER (ENVIRONMENTAL) - EXPLAIN IN NARR,39.154261,-86.497703
10,6,1400.0,2-Car,No injury/unknown,FOLLOWING TOO CLOSELY,39.15424,-86.56435
4,2,2100.0,2-Car,No injury/unknown,FAILURE TO YIELD RIGHT OF WAY,39.15412578,-86.49786768
7,5,1000.0,1-Car,No injury/unknown,DRIVER DISTRACTED - EXPLAIN IN NARRATIVE,39.15412578,-86.49786768
1,7,2200.0,2-Car,No injury/unknown,UNSAFE BACKING,39.15411064,-86.5225665
3,7,1800.0,2-Car,No injury/unknown,FOLLOWING TOO CLOSELY,39.15403556,-86.57913
1,2,800.0,1-Car,Non-incapacitating,OVERCORRECTING/OVERSTEERING,39.1539433,-86.40679276
7,6,1800.0,3+ Cars,No injury/unknown,DRIVER DISTRACTED - EXPLAIN IN NARRATIVE,39.15394046,-86.56473853
3,3,1300.0,Moped/Motorcycle,Non-incapacitating,FAILURE TO YIELD RIGHT OF WAY,39.153856,-86.406688
8,5,700.0,2-Car,Non-incapacitating,FAILURE TO YIELD RIGHT OF WAY,39.15383,-86.54109
1,4,2100.0,2-Car,No injury/unknown,IMPROPER LANE USAGE,39.15379,-86.53875
7,5,800.0,2-Car,No injury/unknown,FOLLOWING TOO CLOSELY,39.15379,-86.53874567
10,2,1400.0,2-Car,No injury/unknown,OTHER (DRIVER) - EXPLAIN IN NARRATIVE,39.15379,-86.53875
10,6,1700.0,2-Car,Non-incapacitating,FOLLOWING TOO CLOSELY,39.15379,-86.53875
6,2,1500.0,2-Car,No injury/unknown,OTHER (DRIVER) - EXPLAIN IN NARRATIVE,39.15371466,-86.5324
5,5,2200.0,2-Car,No injury/unknown,OTHER (DRIVER) - EXPLAIN IN NARRATIVE,39.153697,-86.492269
10,6,1900.0,2-Car,No injury/unknown,FAILURE TO YIELD RIGHT OF WAY,39.1536723,-86.51771252
5,2,1700.0,Cyclist,No injury/unknown,OTHER (DRIVER) - EXPLAIN IN NARRATIVE,39.153648,-86.508288
9,3,1200.0,2-Car,No injury/unknown,DRIVER DISTRACTED - EXPLAIN IN NARRATIVE,39.153648,-86.508288
5,5,1100.0,2-Car,Non-incapacitating,DRIVER DISTRACTED - EXPLAIN IN NARRATIVE,39.15364,-86.53758649
7,4,1500.0,2-Car,No injury/unknown,OTHER (VEHICLE) - EXPLAIN IN NARRATIVE,39.15358836,-86.65758113
5,5,1100.0,1-Car,Incapacitating,OTHER (DRIVER) - EXPLAIN IN NARRATIVE,39.15358813,-86.53755422
6,7,1200.0,2-Car,No injury/unknown,UNSAFE BACKING,39.153536,-86.497856
9,4,1600.0,2-Car,No injury/unknown,UNSAFE SPEED,39.153504,-86.58272
3,5,2100.0,Pedestrian,Non-incapacitating,OTHER (DRIVER) - EXPLAIN IN NARRATIVE,39.153465,-86.490869
5,6,1500.0,2-Car,No injury/unknown,FAILURE TO YIELD RIGHT OF WAY,39.15344,-86.53430551
6,3,1400.0,3+ Cars,Non-incapacitating,OTHER (DRIVER) - EXPLAIN IN NARRATIVE,39.15344,-86.53430551
1,5,200.0,2-Car,No injury/unknown,DISREGARD SIGNAL/REG SIGN,39.15344,-86.5336
1,2,1400.0,2-Car,No injury/unknown,FOLLOWING TOO CLOSELY,39.15344,-86.5336
4,5,2100.0,2-Car,Non-incapacitating,FOLLOWING TOO CLOSELY,39.15344,-86.5336
4,6,1900.0,2-Car,Non-incapacitating,SPEED TOO FAST FOR WEATHER CONDITIONS,39.15344,-86.5324
6,4,1700.0,2-Car,No injury/unknown,FOLLOWING TOO CLOSELY,39.15344,-86.5336
8,4,1600.0,2-Car,No injury/unknown,IMPROPER LANE USAGE,39.15344,-86.5336
9,2,1500.0,3+ Cars,No injury/unknown,FOLLOWING TOO CLOSELY,39.15344,-86.5336
10,7,1900.0,2-Car,No injury/unknown,DRIVER DISTRACTED - EXPLAIN IN NARRATIVE,39.15344,-86.5336
11,7,900.0,2-Car,No injury/unknown,ALCOHOLIC BEVERAGES,39.15344,-86.5336
5,6,2000.0,2-Car,No injury/unknown,FAILURE TO YIELD RIGHT OF WAY,39.153392,-86.527008
3,7,600.0,2-Car,Non-incapacitating,FAILURE TO YIELD RIGHT OF WAY,39.15335,-86.53371
11,1,2100.0,2-Car,Non-incapacitating,DISREGARD SIGNAL/REG SIGN,39.15335,-86.53371
10,6,1100.0,2-Car,No injury/unknown,FAILURE TO YIELD RIGHT OF WAY,39.153344,-86.522512
5,3,800.0,2-Car,No injury/unknown,DISREGARD SIGNAL/REG SIGN,39.15334,-86.53134
2,6,800.0,1-Car,No injury/unknown,ALCOHOLIC BEVERAGES,39.1533,-86.5725
9,6,1500.0,Cyclist,Non-incapacitating,OTHER (DRIVER) - EXPLAIN IN NARRATIVE,39.15329705,-86.5318957
10,5,2200.0,1-Car,No injury/unknown,,39.15319641,-86.529088
1,7,1700.0,2-Car,No injury/unknown,IMPROPER LANE USAGE,39.153042,-86.497675
3,2,1100.0,2-Car,No injury/unknown,FAILURE TO YIELD RIGHT OF WAY,39.153042,-86.497675
11,7,1300.0,2-Car,No injury/unknown,UNSAFE BACKING,39.153042,-86.497675
4,2,1400.0,1-Car,Non-incapacitating,CELL PHONE USAGE,39.15301278,-86.48420361
8,5,700.0,1-Car,Non-incapacitating,DRIVER DISTRACTED - EXPLAIN IN NARRATIVE,39.15300589,-86.39296379
10,3,1300.0,2-Car,No injury/unknown,UNSAFE BACKING,39.152896,-86.572508
9,4,100.0,1-Car,No injury/unknown,UNSAFE SPEED,39.152848,-86.566592
4,5,1400.0,2-Car,No injury/unknown,FAILURE TO YIELD RIGHT OF WAY,39.15270883,-86.573301
1,5,1700.0,2-Car,No injury/unknown,FAILURE TO YIELD RIGHT OF WAY,39.15256595,-86.52727
5,6,900.0,2-Car,No injury/unknown,OTHER (DRIVER) - EXPLAIN IN NARRATIVE,39.152544,-86.5336
9,5,2000.0,2-Car,No injury/unknown,FOLLOWING TOO CLOSELY,39.152544,-86.5336
10,2,1300.0,2-Car,No injury/unknown,FAILURE TO YIELD RIGHT OF WAY,39.152544,-86.5336
11,1,200.0,2-Car,No injury/unknown,ANIMAL/OBJECT IN ROADWAY,39.15252993,-86.40626176
4,4,1300.0,2-Car,Non-incapacitating,FAILURE TO YIELD RIGHT OF WAY,39.15247,-86.49052
5,5,1500.0,2-Car,No injury/unknown,FOLLOWING TOO CLOSELY,39.15246,-86.5337
5,1,200.0,1-Car,No injury/unknown,RAN OFF ROAD RIGHT,39.152448,-86.400288
1,4,2100.0,2-Car,No injury/unknown,UNSAFE BACKING,39.1524,-86.582704
5,5,1300.0,3+ Cars,No injury/unknown,FOLLOWING TOO CLOSELY,39.15224,-86.5336
6,2,800.0,1-Car,No injury/unknown,ANIMAL/OBJECT IN ROADWAY,39.15222224,-86.38018099
1,5,1800.0,1-Car,Non-incapacitating,ALCOHOLIC BEVERAGES,39.15221843,-86.40568067
3,2,1600.0,2-Car,No injury/unknown,UNSAFE BACKING,39.151952,-86.525888
11,7,700.0,3+ Cars,Non-incapacitating,LEFT OF CENTER,39.1518041,-86.40184584
5,1,1900.0,1-Car,No injury/unknown,ALCOHOLIC BEVERAGES,39.15168251,-86.38969669
3,3,2100.0,1-Car,No injury/unknown,DRIVER DISTRACTED - EXPLAIN IN NARRATIVE,39.151648,-86.382896