Month,Day,Hour,Collision Type,Injury Type,Primary Factor,Latitude,Longitude
9,3,700.0,2-Car,No injury/unknown,FOLLOWING TOO CLOSELY,39.151648,-86.5336
11,2,2200.0,1-Car,No injury/unknown,ANIMAL/OBJECT IN ROADWAY,39.151648,-86.382896
12,1,1700.0,1-Car,No injury/unknown,OTHER (ENVIRONMENTAL) - EXPLAIN IN NARR,39.151648,-86.382896
7,4,800.0,1-Car,No injury/unknown,SPEED TOO FAST FOR WEATHER CONDITIONS,39.15159335,-86.38377506
2,2,1700.0,1-Car,Non-incapacitating,ANIMAL/OBJECT IN ROADWAY,39.151456,-86.38641359
5,5,1600.0,3+ Cars,Non-incapacitating,FAILURE TO YIELD RIGHT OF WAY,39.15144,-86.610496
6,2,1300.0,2-Car,No injury/unknown,LEFT OF CENTER,39.15144,-86.610496
1,4,1400.0,2-Car,No injury/unknown,OTHER (DRIVER) - EXPLAIN IN NARRATIVE,39.15143821,-86.61023145
3,3,800.0,2-Car,No injury/unknown,FAILURE TO YIELD RIGHT OF WAY,39.1514,-86.52263
8,1,1900.0,2-Car,Non-incapacitating,LEFT OF CENTER,39.151344,-86.5964
5,2,2100.0,2-Car,No injury/unknown,OTHER (DRIVER) - EXPLAIN IN NARRATIVE,39.151285,-86.582614
12,4,0.0,2-Car,Non-incapacitating,FAILURE TO YIELD RIGHT OF WAY,39.15127,-86.58262
5,7,1700.0,Pedestrian,Non-incapacitating,PEDESTRIAN ACTION,39.15126387,-86.53871
12,4,1000.0,2-Car,No injury/unknown,UNSAFE BACKING,39.151223,-86.486704
12,4,1800.0,2-Car,No injury/unknown,FOLLOWING TOO CLOSELY,39.1512,-86.57687
4,4,1600.0,2-Car,No injury/unknown,OTHER (DRIVER) - EXPLAIN IN NARRATIVE,39.150846,-86.491271
5,2,800.0,2-Car,No injury/unknown,FAILURE TO YIELD RIGHT OF WAY,39.150846,-86.491271
7,6,2200.0,2-Car,No injury/unknown,,39.150846,-86.491271
11,3,1200.0,2-Car,No injury/unknown,OTHER (DRIVER) - EXPLAIN IN NARRATIVE,39.150846,-86.491271
12,1,300.0,1-Car,No injury/unknown,UNSAFE SPEED,39.15080643,-86.53493
4,7,1900.0,1-Car,No injury/unknown,NONE (DRIVER),39.15075644,-86.60707
4,1,200.0,2-Car,No injury/unknown,FAILURE TO YIELD RIGHT OF WAY,39.15072,-86.522496
9,5,800.0,2-Car,No injury/unknown,FAILURE TO YIELD RIGHT OF WAY,39.15072,-86.522496
9,2,1500.0,3+ Cars,No injury/unknown,FAILURE TO YIELD RIGHT OF WAY,39.15072,-86.522496
9,7,2100.0,1-Car,No injury/unknown,,39.15064,-86.538592
12,2,600.0,2-Car,Non-incapacitating,SPEED TOO FAST FOR WEATHER CONDITIONS,39.15064,-86.52696
12,2,700.0,2-Car,No injury/unknown,SPEED TOO FAST FOR WEATHER CONDITIONS,39.15064,-86.52696
12,7,2200.0,1-Car,No injury/unknown,SPEED TOO FAST FOR WEATHER CONDITIONS,39.15064,-86.52696
3,1,1400.0,2-Car,Non-incapacitating,FOLLOWING TOO CLOSELY,39.15061221,-86.52882186
1,6,1300.0,2-Car,No injury/unknown,FAILURE TO YIELD RIGHT OF WAY,39.150592,-86.53008
10,3,1500.0,Moped/Motorcycle,Non-incapacitating,FOLLOWING TOO CLOSELY,39.15057944,-86.53875633
4,3,1500.0,1-Car,No injury/unknown,,39.15056,-86.51883346
5,6,2300.0,3+ Cars,No injury/unknown,DRIVER DISTRACTED - EXPLAIN IN NARRATIVE,39.15056,-86.52699653
6,4,2200.0,1-Car,No injury/unknown,ANIMAL/OBJECT IN ROADWAY,39.15056,-86.51883
12,5,1400.0,2-Car,No injury/unknown,FOLLOWING TOO CLOSELY,39.15056,-86.51511
12,2,1100.0,2-Car,No injury/unknown,SPEED TOO FAST FOR WEATHER CONDITIONS,39.150551,-86.528181
11,7,1500.0,2-Car,Non-incapacitating,FAILURE TO YIELD RIGHT OF WAY,39.15055,-86.52817
6,6,1100.0,2-Car,No injury/unknown,OTHER (DRIVER) - EXPLAIN IN NARRATIVE,39.15054529,-86.49817818
10,6,1600.0,3+ Cars,No injury/unknown,SPEED TOO FAST FOR WEATHER CONDITIONS,39.150544,-86.50995274
3,5,100.0,2-Car,Non-incapacitating,OTHER (DRIVER) - EXPLAIN IN NARRATIVE,39.150544,-86.5336
4,6,1300.0,2-Car,Non-incapacitating,DRIVER DISTRACTED - EXPLAIN IN NARRATIVE,39.150544,-86.512592
5,6,1600.0,2-Car,No injury/unknown,FOLLOWING TOO CLOSELY,39.150544,-86.512592
9,3,2000.0,2-Car,No injury/unknown,FAILURE TO YIELD RIGHT OF WAY,39.150544,-86.5336
10,6,1500.0,3+ Cars,No injury/unknown,SPEED TOO FAST FOR WEATHER CONDITIONS,39.150544,-86.5096
11,1,2000.0,2-Car,No injury/unknown,FOLLOWING TOO CLOSELY,39.150544,-86.512592
12,2,700.0,2-Car,No injury/unknown,ROADWAY SURFACE CONDITION,39.150544,-86.5336
12,2,700.0,2-Car,No injury/unknown,ROADWAY SURFACE CONDITION,39.150544,-86.5336
2,4,1700.0,2-Car,No injury/unknown,FAILURE TO YIELD RIGHT OF WAY,39.15054,-86.58262
5,2,1700.0,2-Car,No injury/unknown,FAILURE TO YIELD RIGHT OF WAY,39.15052,-86.53367
8,7,300.0,Moped/Motorcycle,Non-incapacitating,ALCOHOLIC BEVERAGES,39.15051,-86.52925
5,7,900.0,3+ Cars,Non-incapacitating,DRIVER DISTRACTED - EXPLAIN IN NARRATIVE,39.15048,-86.50844
4,6,2300.0,1-Car,Non-incapacitating,SPEED TOO FAST FOR WEATHER CONDITIONS,39.15047,-86.498715
8,7,1600.0,2-Car,No injury/unknown,,39.15047,-86.498715
2,6,1400.0,2-Car,No injury/unknown,FOLLOWING TOO CLOSELY,39.150448,-86.4992
5,5,1400.0,2-Car,No injury/unknown,IMPROPER TURNING,39.15043734,-86.51394
11,4,2100.0,1-Car,No injury/unknown,OTHER (ENVIRONMENTAL) - EXPLAIN IN NARR,39.150368,-86.495392
12,2,800.0,1-Car,Incapacitating,ROADWAY SURFACE CONDITION,39.150368,-86.495392
8,7,1200.0,2-Car,Non-incapacitating,FAILURE TO YIELD RIGHT OF WAY,39.15035,-86.47139
2,1,1500.0,2-Car,No injury/unknown,FAILURE TO YIELD RIGHT OF WAY,39.15034,-86.49132
6,4,2000.0,1-Car,No injury/unknown,ANIMAL/OBJECT IN ROADWAY,39.15034,-86.49132
7,6,800.0,2-Car,No injury/unknown,GLARE,39.15024476,-86.48729769
5,7,300.0,1-Car,No injury/unknown,IMPROPER TURNING,39.15022,-86.48046
9,6,1600.0,2-Car,Non-incapacitating,FOLLOWING TOO CLOSELY,39.15020619,-86.48311436
2,5,1200.0,3+ Cars,Non-incapacitating,LEFT OF CENTER,39.15019787,-86.48750782
7,5,1200.0,1-Car,Non-incapacitating,ANIMAL/OBJECT IN ROADWAY,39.15018539,-86.4853996
12,2,1600.0,2-Car,No injury/unknown,UNSAFE BACKING,39.150179,-86.580753
5,5,1700.0,Cyclist,Non-incapacitating,FAILURE TO YIELD RIGHT OF WAY,39.150145,-86.501045
7,2,1400.0,2-Car,No injury/unknown,FAILURE TO YIELD RIGHT OF WAY,39.14999471,-86.50828222
2,4,1700.0,3+ Cars,Non-incapacitating,FOLLOWING TOO CLOSELY,39.14984,-86.533392
1,5,1600.0,2-Car,No injury/unknown,OTHER (DRIVER) - EXPLAIN IN NARRATIVE,39.14979055,-86.56892893
1,5,800.0,2-Car,No injury/unknown,OTHER (DRIVER) - EXPLAIN IN NARRATIVE,39.14979055,-86.56891162
3,7,1200.0,2-Car,No injury/unknown,IMPROPER LANE USAGE,39.14979055,-86.56891162
4,4,700.0,2-Car,No injury/unknown,FOLLOWING TOO CLOSELY,39.14979055,-86.56891162
8,2,1500.0,Moped/Motorcycle,Non-incapacitating,RAN OFF ROAD RIGHT,39.14979055,-86.56891162
9,3,1800.0,2-Car,No injury/unknown,FOLLOWING TOO CLOSELY,39.14979055,-86.5688943
11,6,800.0,2-Car,No injury/unknown,FAILURE TO YIELD RIGHT OF WAY,39.14979055,-86.56891162
5,5,200.0,1-Car,No injury/unknown,OTHER (DRIVER) - EXPLAIN IN NARRATIVE,39.149767,-86.53226235
10,6,1300.0,2-Car,No injury/unknown,SPEED TOO FAST FOR WEATHER CONDITIONS,39.14973,-86.53028
12,2,800.0,1-Car,No injury/unknown,ROADWAY SURFACE CONDITION,39.14956857,-86.56869305
2,5,1300.0,2-Car,No injury/unknown,FOLLOWING TOO CLOSELY,39.149552,-86.575936
2,5,1600.0,3+ Cars,Non-incapacitating,DRIVER DISTRACTED - EXPLAIN IN NARRATIVE,39.149552,-86.575936
12,2,700.0,1-Car,No injury/unknown,SPEED TOO FAST FOR WEATHER CONDITIONS,39.14954137,-86.538592
3,4,1100.0,2-Car,Non-incapacitating,FOLLOWING TOO CLOSELY,39.14926601,-86.57101035
9,5,1700.0,1-Car,No injury/unknown,OTHER (VEHICLE) - EXPLAIN IN NARRATIVE,39.149182,-86.501471
11,4,1100.0,2-Car,No injury/unknown,FAILURE TO YIELD RIGHT OF WAY,39.149152,-86.582704
4,3,200.0,1-Car,No injury/unknown,ROADWAY SURFACE CONDITION,39.1486932,-86.57300645
4,3,200.0,1-Car,No injury/unknown,ROADWAY SURFACE CONDITION,39.1486932,-86.57300645
1,6,1600.0,2-Car,Non-incapacitating,DRIVER DISTRACTED - EXPLAIN IN NARRATIVE,39.148544,-86.571504
6,4,1500.0,Moped/Motorcycle,No injury/unknown,UNSAFE SPEED,39.148544,-86.571504
2,3,1500.0,Bus,No injury/unknown,OTHER (ENVIRONMENTAL) - EXPLAIN IN NARR,39.148464,-86.471256
2,3,1500.0,1-Car,No injury/unknown,ROADWAY SURFACE CONDITION,39.148464,-86.471256
5,6,1000.0,2-Car,Non-incapacitating,FOLLOWING TOO CLOSELY,39.148448,-86.573
9,3,1700.0,2-Car,Non-incapacitating,OTHER (DRIVER) - EXPLAIN IN NARRATIVE,39.14839848,-86.5164
10,1,1000.0,2-Car,No injury/unknown,FOLLOWING TOO CLOSELY,39.14825384,-86.57299489
1,3,1300.0,2-Car,No injury/unknown,FOLLOWING TOO CLOSELY,39.148144,-86.572992
1,7,1100.0,2-Car,No injury/unknown,FAILURE TO YIELD RIGHT OF WAY,39.148144,-86.572992
1,7,1500.0,2-Car,No injury/unknown,DRIVER DISTRACTED - EXPLAIN IN NARRATIVE,39.148144,-86.572992
2,5,1400.0,2-Car,No injury/unknown,DRIVER DISTRACTED - EXPLAIN IN NARRATIVE,39.148144,-86.572992
2,3,1700.0,2-Car,No injury/unknown,FAILURE TO YIELD RIGHT OF WAY,39.148144,-86.572992
3,6,2000.0,2-Car,No injury/unknown,FOLLOWING TOO CLOSELY,39.148144,-86.572992
3,6,1600.0,2-Car,No injury/unknown,ALCOHOLIC BEVERAGES,39.148144,-86.572992
4,2,600.0,2-Car,No injury/unknown,FAILURE TO YIELD RIGHT OF WAY,39.148144,-86.572992
5,5,1700.0,3+ Cars,Non-incapacitating,OTHER (DRIVER) - EXPLAIN IN NARRATIVE,39.148144,-86.572992
5,5,1700.0,2-Car,No injury/unknown,FAILURE TO YIELD RIGHT OF WAY,39.148144,-86.572992
7,7,1800.0,2-Car,No injury/unknown,FOLLOWING TOO CLOSELY,39.148144,-86.572992
7,4,1000.0,1-Car,No injury/unknown,OTHER (ENVIRONMENTAL) - EXPLAIN IN NARR,39.148144,-86.572992
9,6,2100.0,2-Car,Non-incapacitating,FOLLOWING TOO CLOSELY,39.148144,-86.572992
9,3,1300.0,2-Car,Non-incapacitating,OTHER (DRIVER) - EXPLAIN IN NARRATIVE,39.148144,-86.572992
9,2,1800.0,2-Car,No injury/unknown,DISREGARD SIGNAL/REG SIGN,39.148144,-86.572992
11,7,1300.0,2-Car,No injury/unknown,FOLLOWING TOO CLOSELY,39.148144,-86.572992
11,3,1700.0,2-Car,Non-incapacitating,FOLLOWING TOO CLOSELY,39.148144,-86.572992
11,5,1600.0,2-Car,No injury/unknown,FAILURE TO YIELD RIGHT OF WAY,39.148144,-86.572992
12,2,1000.0,2-Car,No injury/unknown,FAILURE TO YIELD RIGHT OF WAY,39.148144,-86.572992
12,1,1200.0,2-Car,Non-incapacitating,FOLLOWING TOO CLOSELY,39.148144,-86.572992
11,7,1500.0,2-Car,No injury/unknown,FAILURE TO YIELD RIGHT OF WAY,39.14788,-86.52691
10,6,1900.0,1-Car,No injury/unknown,UNSAFE SPEED,39.14751941,-86.51437
7,3,1700.0,2-Car,No injury/unknown,FAILURE TO YIELD RIGHT OF WAY,39.14750244,-86.57320781
12,4,1300.0,2-Car,No injury/unknown,IMPROPER LANE USAGE,39.14750244,-86.57320781
10,7,2200.0,2-Car,Non-incapacitating,FAILURE TO YIELD RIGHT OF WAY,39.14748961,-86.57296836
8,3,1300.0,2-Car,No injury/unknown,FAILURE TO YIELD RIGHT OF WAY,39.14748006,-86.53269804
9,3,2100.0,1-Car,Non-incapacitating,OVERCORRECTING/OVERSTEERING,39.14742488,-86.58308
10,4,2000.0,1-Car,No injury/unknown,ANIMAL/OBJECT IN ROADWAY,39.14736736,-86.61046
6,7,400.0,1-Car,No injury/unknown,ANIMAL/OBJECT IN ROADWAY,39.14725108,-86.49774
7,2,1500.0,2-Car,Non-incapacitating,FAILURE TO YIELD RIGHT OF WAY,39.14721203,-86.53262102
9,2,1600.0,2-Car,No injury/unknown,IMPROPER LANE USAGE,39.14720909,-86.58298
9,1,300.0,1-Car,No injury/unknown,OTHER (DRIVER) - EXPLAIN IN NARRATIVE,39.147152,-86.526896
5,3,700.0,2-Car,Non-incapacitating,FAILURE TO YIELD RIGHT OF WAY,39.1470693,-86.52914159
2,6,1800.0,3+ Cars,No injury/unknown,IMPROPER TURNING,39.14706345,-86.52930037
8,3,900.0,2-Car,No injury/unknown,FAILURE TO YIELD RIGHT OF WAY,39.147042,-86.5771
2,2,1900.0,2-Car,No injury/unknown,UNSAFE BACKING,39.147008,-86.51864
2,5,1600.0,2-Car,No injury/unknown,FOLLOWING TOO CLOSELY,39.14695698,-86.53219167
2,2,1000.0,2-Car,No injury/unknown,DRIVER DISTRACTED - EXPLAIN IN NARRATIVE,39.146944,-86.532544
9,1,1600.0,Cyclist,Non-incapacitating,FAILURE TO YIELD RIGHT OF WAY,39.146944,-86.532544
5,3,1600.0,2-Car,No injury/unknown,OTHER (VEHICLE) - EXPLAIN IN NARRATIVE,39.14691,-86.52693
1,4,1800.0,2-Car,No injury/unknown,ALCOHOLIC BEVERAGES,39.14689,-86.532649
9,6,1700.0,2-Car,No injury/unknown,FOLLOWING TOO CLOSELY,39.14689,-86.53265
10,3,1300.0,2-Car,No injury/unknown,FAILURE TO YIELD RIGHT OF WAY,39.14689,-86.53265
12,6,1900.0,2-Car,No injury/unknown,IMPROPER TURNING,39.14683873,-86.57629221
2,3,1500.0,2-Car,No injury/unknown,UNSAFE BACKING,39.146448,-86.5388
4,1,1800.0,2-Car,No injury/unknown,UNSAFE BACKING,39.146448,-86.5388
10,3,1100.0,2-Car,No injury/unknown,FAILURE TO YIELD RIGHT OF WAY,39.146448,-86.5388
11,3,1100.0,3+ Cars,No injury/unknown,FOLLOWING TOO CLOSELY,39.146448,-86.5388
9,4,400.0,2-Car,No injury/unknown,UNSAFE BACKING,39.14644555,-86.54743
1,4,1800.0,1-Car,No injury/unknown,ROADWAY SURFACE CONDITION,39.146106,-86.58671
11,2,1600.0,1-Car,No injury/unknown,OTHER (DRIVER) - EXPLAIN IN NARRATIVE,39.14607305,-86.57156731
9,1,1400.0,Moped/Motorcycle,Incapacitating,RAN OFF ROAD RIGHT,39.145983,-86.600354
11,3,1800.0,2-Car,No injury/unknown,FOLLOWING TOO CLOSELY,39.14596587,-86.5761816
12,4,800.0,1-Car,No injury/unknown,DRIVER ILLNESS,39.14587002,-86.49752248
3,2,800.0,2-Car,Non-incapacitating,OTHER (DRIVER) - EXPLAIN IN NARRATIVE,39.14564401,-86.5609886
8,6,2000.0,2-Car,No injury/unknown,OTHER (DRIVER) - EXPLAIN IN NARRATIVE,39.14551964,-86.53493
1,4,1200.0,2-Car,No injury/unknown,ROADWAY SURFACE CONDITION,39.145441,-86.525295
9,2,1900.0,Moped/Motorcycle,Incapacitating,OTHER (DRIVER) - EXPLAIN IN NARRATIVE,39.14541651,-86.51253
2,3,1700.0,2-Car,No injury/unknown,OTHER (DRIVER) - EXPLAIN IN NARRATIVE,39.145353,-86.568297
11,6,1600.0,1-Car,No injury/unknown,DRIVER ILLNESS,39.145303,-86.496066
4,5,1300.0,1-Car,No injury/unknown,OTHER (DRIVER) - EXPLAIN IN NARRATIVE,39.145264,-86.577616
6,3,1800.0,2-Car,No injury/unknown,OTHER (DRIVER) - EXPLAIN IN NARRATIVE,39.145264,-86.577616
7,7,1600.0,2-Car,No injury/unknown,OTHER (DRIVER) - EXPLAIN IN NARRATIVE,39.145264,-86.577616
8,6,1600.0,2-Car,No injury/unknown,UNSAFE BACKING,39.145264,-86.577616
9,7,1400.0,2-Car,No injury/unknown,NONE (DRIVER),39.145264,-86.577616
9,2,1900.0,2-Car,No injury/unknown,OTHER (DRIVER) - EXPLAIN IN NARRATIVE,39.145264,-86.577616
12,7,1400.0,2-Car,No injury/unknown,UNSAFE BACKING,39.145264,-86.577616
12,2,2000.0,2-Car,No injury/unknown,OTHER (DRIVER) - EXPLAIN IN NARRATIVE,39.145244,-86.56853
5,2,1800.0,2-Car,Non-incapacitating,FOLLOWING TOO CLOSELY,39.14519313,-86.57744765
3,4,700.0,2-Car,Non-incapacitating,OTHER (DRIVER) - EXPLAIN IN NARRATIVE,39.145152,-86.5776
4,5,1600.0,2-Car,No injury/unknown,FAILURE TO YIELD RIGHT OF WAY,39.145152,-86.5776
7,4,1600.0,3+ Cars,Non-incapacitating,DRIVER DISTRACTED - EXPLAIN IN NARRATIVE,39.145152,-86.5776
7,6,2300.0,2-Car,No injury/unknown,FAILURE TO YIELD RIGHT OF WAY,39.145152,-86.5776
10,4,1400.0,2-Car,Non-incapacitating,FOLLOWING TOO CLOSELY,39.145152,-86.5776
9,1,2200.0,1-Car,No injury/unknown,SPEED TOO FAST FOR WEATHER CONDITIONS,39.14509,-86.49701
12,2,800.0,1-Car,No injury/unknown,ROADWAY SURFACE CONDITION,39.14509,-86.49701
5,6,1300.0,2-Car,Non-incapacitating,FOLLOWING TOO CLOSELY,39.14507982,-86.49772
4,4,1400.0,2-Car,Non-incapacitating,FOLLOWING TOO CLOSELY,39.14502255,-86.57774806
6,6,1600.0,Bus,Non-incapacitating,DISREGARD SIGNAL/REG SIGN,39.14502255,-86.57776952
9,1,1600.0,2-Car,Non-incapacitating,BRAKE FAILURE OR DEFECTIVE,39.14502,-86.57777
12,6,1400.0,3+ Cars,No injury/unknown,FOLLOWING TOO CLOSELY,39.14502,-86.57789987
12,6,1400.0,2-Car,No injury/unknown,FOLLOWING TOO CLOSELY,39.14502,-86.57777
12,5,1700.0,3+ Cars,No injury/unknown,OTHER TELEMATICS IN USE,39.14502,-86.57777
5,4,1600.0,2-Car,Non-incapacitating,FAILURE TO YIELD RIGHT OF WAY,39.14500942,-86.57776354
7,5,1300.0,3+ Cars,Non-incapacitating,UNSAFE SPEED,39.14500942,-86.57776701
8,7,2200.0,2-Car,Non-incapacitating,ALCOHOLIC BEVERAGES,39.14500942,-86.57776354
9,4,1200.0,2-Car,Non-incapacitating,DRIVER DISTRACTED - EXPLAIN IN NARRATIVE,39.14500942,-86.57776354
2,5,2000.0,2-Car,Non-incapacitating,OTHER (DRIVER) - EXPLAIN IN NARRATIVE,39.145,-86.59631
9,1,300.0,1-Car,No injury/unknown,RAN OFF ROAD RIGHT,39.14487,-86.52274
1,6,1300.0,2-Car,No injury/unknown,DISREGARD SIGNAL/REG SIGN,39.144752,-86.531888
8,5,2200.0,1-Car,Non-incapacitating,RAN OFF ROAD RIGHT,39.144752,-86.531888
12,2,600.0,2-Car,No injury/unknown,ROADWAY SURFACE CONDITION,39.144752,-86.531888
12,5,2000.0,1-Car,No injury/unknown,UNSAFE SPEED,39.14474645,-86.52372957
10,2,1700.0,2-Car,Non-incapacitating,FAILURE TO YIELD RIGHT OF WAY,39.144652,-86.571355
8,5,2200.0,1-Car,No injury/unknown,OTHER (DRIVER) - EXPLAIN IN NARRATIVE,39.14449032,-86.52552626
11,1,0.0,1-Car,No injury/unknown,RAN OFF ROAD RIGHT,39.14443715,-86.51731298
5,1,1100.0,3+ Cars,Non-incapacitating,FAILURE TO YIELD RIGHT OF WAY,39.14435564,-86.57906603
4,3,1300.0,3+ Cars,Non-incapacitating,DRIVER DISTRACTED - EXPLAIN IN NARRATIVE,39.14363313,-86.58033852
10,4,1200.0,2-Car,Non-incapacitating,OTHER (DRIVER) - EXPLAIN IN NARRATIVE,39.14363313,-86.58033506
7,6,1600.0,2-Car,No injury/unknown,DRIVER ASLEEP OR FATIGUED,39.1436,-86.58031
1,3,1800.0,2-Car,No injury/unknown,DISREGARD SIGNAL/REG SIGN,39.143552,-86.580528
7,2,1400.0,3+ Cars,No injury/unknown,DISREGARD SIGNAL/REG SIGN,39.143552,-86.580528
11,6,1000.0,2-Car,No injury/unknown,FAILURE TO YIELD RIGHT OF WAY,39.143552,-86.580528
12,3,1800.0,2-Car,Non-incapacitating,FAILURE TO YIELD RIGHT OF WAY,39.14344952,-86.57913641
11,7,2100.0,1-Car,No injury/unknown,RAN OFF ROAD RIGHT,39.14338843,-86.57251
12,3,600.0,1-Car,No injury/unknown,SPEED TOO FAST FOR WEATHER CONDITIONS,39.14317398,-86.58104679
4,1,100.0,1-Car,No injury/unknown,ALCOHOLIC BEVERAGES,39.14317,-86.54632
2,4,1700.0,2-Car,No injury/unknown,UNSAFE BACKING,39.14314,-86.54469
4,1,100.0,2-Car,No injury/unknown,ALCOHOLIC BEVERAGES,39.14314,-86.54468135
4,1,2200.0,1-Car,Non-incapacitating,RAN OFF ROAD RIGHT,39.14314,-86.5389
5,1,2200.0,1-Car,No injury/unknown,OTHER (DRIVER) - EXPLAIN IN NARRATIVE,39.14314,-86.54469
1,4,700.0,2-Car,No injury/unknown,FOLLOWING TOO CLOSELY,39.142912,-86.508192
4,1,100.0,3+ Cars,No injury/unknown,ALCOHOLIC BEVERAGES,39.14287,-86.54738
2,6,0.0,1-Car,No injury/unknown,UNSAFE SPEED,39.14286006,-86.53977
3,3,1700.0,2-Car,No injury/unknown,OTHER (DRIVER) - EXPLAIN IN NARRATIVE,39.14261099,-86.5818194
3,6,2100.0,1-Car,No injury/unknown,UNSAFE SPEED,39.14258645,-86.53863543
3,3,1200.0,2-Car,Non-incapacitating,LEFT OF CENTER,39.14258329,-86.53124637
5,4,1400.0,2-Car,No injury/unknown,FAILURE TO YIELD RIGHT OF WAY,39.142555,-86.531238
10,3,1100.0,2-Car,No injury/unknown,SPEED TOO FAST FOR WEATHER CONDITIONS,39.14241103,-86.51616
11,2,800.0,2-Car,No injury/unknown,FAILURE TO YIELD RIGHT OF WAY,39.1424,-86.55081
7,6,1700.0,2-Car,No injury/unknown,FOLLOWING TOO CLOSELY,39.142381,-86.581967
8,1,1700.0,2-Car,No injury/unknown,OTHER (DRIVER) - EXPLAIN IN NARRATIVE,39.142381,-86.581967
9,5,1200.0,2-Car,No injury/unknown,OTHER (DRIVER) - EXPLAIN IN NARRATIVE,39.142381,-86.581967
9,6,1600.0,2-Car,Non-incapacitating,FAILURE TO YIELD RIGHT OF WAY,39.142381,-86.581967
9,7,100.0,1-Car,No injury/unknown,OTHER (DRIVER) - EXPLAIN IN NARRATIVE,39.142381,-86.581967
9,5,1800.0,2-Car,No injury/unknown,FAILURE TO YIELD RIGHT OF WAY,39.142381,-86.581967
9,4,1700.0,2-Car,No injury/unknown,UNSAFE BACKING,39.142381,-86.581967
10,5,1600.0,2-Car,No injury/unknown,IMPROPER PASSING,39.142381,-86.581967
11,6,1600.0,Moped/Motorcycle,Non-incapacitating,IMPROPER LANE USAGE,39.142381,-86.581967
12,7,1300.0,2-Car,No injury/unknown,UNSAFE BACKING,39.142381,-86.581967
12,7,1300.0,2-Car,No injury/unknown,UNSAFE BACKING,39.142381,-86.581967
6,4,1900.0,2-Car,No injury/unknown,DISREGARD SIGNAL/REG SIGN,39.142144,-86.5268
9,3,1500.0,2-Car,Non-incapacitating,BRAKE FAILURE OR DEFECTIVE,39.142144,-86.5268
3,3,1200.0,2-Car,No injury/unknown,FOLLOWING TOO CLOSELY,39.14214183,-86.58246323
11,5,1400.0,1-Car,No injury/unknown,,39.14211,-86.52413
2,5,0.0,2-Car,No injury/unknown,FAILURE TO YIELD RIGHT OF WAY,39.142048,-86.582592
2,3,900.0,2-Car,No injury/unknown,OTHER (DRIVER) - EXPLAIN IN NARRATIVE,39.142048,-86.582592
3,3,2000.0,2-Car,Non-incapacitating,FAILURE TO YIELD RIGHT OF WAY,39.142048,-86.582592
5,4,600.0,2-Car,No injury/unknown,FAILURE TO YIELD RIGHT OF WAY,39.142048,-86.582592
7,3,1900.0,2-Car,No injury/unknown,FAILURE TO YIELD RIGHT OF WAY,39.142048,-86.582592
10,3,1500.0,2-Car,No injury/unknown,FAILURE TO YIELD RIGHT OF WAY,39.142048,-86.582592
11,4,1700.0,2-Car,Non-incapacitating,FAILURE TO YIELD RIGHT OF WAY,39.142048,-86.582592
11,3,1100.0,2-Car,Non-incapacitating,DISREGARD SIGNAL/REG SIGN,39.142048,-86.582592
12,6,2000.0,2-Car,No injury/unknown,DISREGARD SIGNAL/REG SIGN,39.142048,-86.582592
7,6,1600.0,2-Car,No injury/unknown,OTHER (DRIVER) - EXPLAIN IN NARRATIVE,39.14195,-86.58260732
12,6,1500.0,2-Car,No injury/unknown,FAILURE TO YIELD RIGHT OF WAY,39.14195,-86.58259
12,4,700.0,Pedestrian,Non-incapacitating,FAILURE TO YIELD RIGHT OF WAY,39.14192716,-86.52769268
5,6,1800.0,2-Car,No injury/unknown,ALCOHOLIC BEVERAGES,39.14191534,-86.582572
12,3,900.0,3+ Cars,No injury/unknown,DRIVER DISTRACTED - EXPLAIN IN NARRATIVE,39.14191534,-86.582572
10,7,1700.0,2-Car,No injury/unknown,FAILURE TO YIELD RIGHT OF WAY,39.14191,-86.52694
11,6,700.0,2-Car,No injury/unknown,DRIVER DISTRACTED - EXPLAIN IN NARRATIVE,39.14191,-86.52696328
5,4,800.0,2-Car,No injury/unknown,FAILURE TO YIELD RIGHT OF WAY,39.14190066,-86.5828886
10,3,1100.0,2-Car,Non-incapacitating,FAILURE TO YIELD RIGHT OF WAY,39.1418814,-86.58258677
1,5,200.0,1-Car,No injury/unknown,BRAKE FAILURE OR DEFECTIVE,39.14187494,-86.58259037
6,7,1400.0,2-Car,No injury/unknown,FAILURE TO YIELD RIGHT OF WAY,39.14184201,-86.58259006
12,2,100.0,1-Car,Non-incapacitating,RAN OFF ROAD RIGHT,39.14180201,-86.4808
7,6,1800.0,2-Car,No injury/unknown,UNSAFE BACKING,39.141748,-86.582953
2,7,1500.0,2-Car,No injury/unknown,FAILURE TO YIELD RIGHT OF WAY,39.14167998,-86.58353457
9,7,1100.0,2-Car,No injury/unknown,DRIVER DISTRACTED - EXPLAIN IN NARRATIVE,39.1416248,-86.58369607
8,5,1500.0,2-Car,Non-incapacitating,FOLLOWING TOO CLOSELY,39.1414987,-86.58258682
12,3,700.0,2-Car,No injury/unknown,ANIMAL/OBJECT IN ROADWAY,39.1414857,-86.61032617
9,6,1000.0,2-Car,No injury/unknown,FAILURE TO YIELD RIGHT OF WAY,39.14145928,-86.58418054