Month,Day,Hour,Collision Type,Injury Type,Primary Factor,Latitude,Longitude
1,5,100.0,Moped/Motorcycle,Non-incapacitating,ROADWAY SURFACE CONDITION,39.14144,-86.543632
3,3,700.0,2-Car,No injury/unknown,FAILURE TO YIELD RIGHT OF WAY,39.14144,-86.543632
6,7,2000.0,2-Car,No injury/unknown,OTHER (DRIVER) - EXPLAIN IN NARRATIVE,39.14144,-86.543632
6,7,1500.0,2-Car,No injury/unknown,UNSAFE BACKING,39.14144,-86.543632
12,2,800.0,Pedestrian,Non-incapacitating,OTHER (ENVIRONMENTAL) - EXPLAIN IN NARR,39.14137,-86.54383
4,5,900.0,2-Car,Non-incapacitating,FOLLOWING TOO CLOSELY,39.141328,-86.538528
5,1,1900.0,2-Car,No injury/unknown,FAILURE TO YIELD RIGHT OF WAY,39.141328,-86.538528
5,2,800.0,2-Car,No injury/unknown,FAILURE TO YIELD RIGHT OF WAY,39.141328,-86.538528
5,5,1200.0,2-Car,Non-incapacitating,FAILURE TO YIELD RIGHT OF WAY,39.14132337,-86.52688
10,3,2300.0,2-Car,No injury/unknown,OTHER (DRIVER) - EXPLAIN IN NARRATIVE,39.141264,-86.550313
12,2,700.0,2-Car,No injury/unknown,OTHER (ENVIRONMENTAL) - EXPLAIN IN NARR,39.14124,-86.53881
11,6,1200.0,2-Car,No injury/unknown,UNSAFE BACKING,39.140957,-86.544215
12,5,700.0,2-Car,No injury/unknown,FAILURE TO YIELD RIGHT OF WAY,39.14093,-86.49658
12,3,1200.0,1-Car,Non-incapacitating,RAN OFF ROAD RIGHT,39.14076615,-86.64366121
8,4,1600.0,3+ Cars,No injury/unknown,FOLLOWING TOO CLOSELY,39.140352,-86.582576
3,2,1300.0,2-Car,No injury/unknown,UNSAFE BACKING,39.14033243,-86.52265
7,4,1800.0,1-Car,No injury/unknown,RAN OFF ROAD RIGHT,39.14027472,-86.64280954
12,2,700.0,2-Car,No injury/unknown,OTHER (DRIVER) - EXPLAIN IN NARRATIVE,39.140144,-86.54496
11,4,1000.0,2-Car,No injury/unknown,FAILURE TO YIELD RIGHT OF WAY,39.14007739,-86.58256946
10,3,1700.0,2-Car,Non-incapacitating,BRAKE FAILURE OR DEFECTIVE,39.13998,-86.54513
12,2,1900.0,1-Car,No injury/unknown,ANIMAL/OBJECT IN ROADWAY,39.13978646,-86.57292991
9,3,1500.0,2-Car,No injury/unknown,DRIVER DISTRACTED - EXPLAIN IN NARRATIVE,39.13959357,-86.61028809
2,7,2100.0,2-Car,No injury/unknown,DISREGARD SIGNAL/REG SIGN,39.139584,-86.526768
8,2,800.0,2-Car,No injury/unknown,UNSAFE BACKING,39.139584,-86.526768
5,1,1900.0,1-Car,No injury/unknown,DRIVER DISTRACTED - EXPLAIN IN NARRATIVE,39.139552,-86.536192
7,6,2300.0,1-Car,Non-incapacitating,DRIVER ILLNESS,39.139344,-86.401088
9,7,400.0,1-Car,No injury/unknown,ANIMAL/OBJECT IN ROADWAY,39.13889249,-86.59036704
11,6,1800.0,1-Car,No injury/unknown,ANIMAL/OBJECT IN ROADWAY,39.13885308,-86.59043307
2,6,1600.0,1-Car,No injury/unknown,OTHER (DRIVER) - EXPLAIN IN NARRATIVE,39.138688,-86.465968
5,5,1900.0,2-Car,No injury/unknown,OTHER (DRIVER) - EXPLAIN IN NARRATIVE,39.138688,-86.465968
6,2,900.0,2-Car,No injury/unknown,UNSAFE BACKING,39.138688,-86.465968
7,5,1600.0,2-Car,No injury/unknown,UNSAFE BACKING,39.138688,-86.465968
2,3,0.0,1-Car,Non-incapacitating,ALCOHOLIC BEVERAGES,39.13863815,-86.5464095
12,3,1900.0,1-Car,No injury/unknown,,39.138592,-86.544656
6,4,1700.0,2-Car,No injury/unknown,DRIVER DISTRACTED - EXPLAIN IN NARRATIVE,39.13857,-86.49653
12,7,1600.0,2-Car,No injury/unknown,FOLLOWING TOO CLOSELY,39.13857,-86.49653
12,4,1900.0,1-Car,Non-incapacitating,OVERCORRECTING/OVERSTEERING,39.13848249,-86.59173
1,4,700.0,2-Car,No injury/unknown,DISREGARD SIGNAL/REG SIGN,39.138448,-86.538288
9,1,100.0,Moped/Motorcycle,Non-incapacitating,ALCOHOLIC BEVERAGES,39.13822117,-86.59637602
4,4,600.0,1-Car,No injury/unknown,ANIMAL/OBJECT IN ROADWAY,39.13822079,-86.61024005
8,6,1400.0,3+ Cars,No injury/unknown,FOLLOWING TOO CLOSELY,39.13821679,-86.52689912
11,2,400.0,1-Car,No injury/unknown,ANIMAL/OBJECT IN ROADWAY,39.13813858,-86.57290956
11,2,400.0,1-Car,No injury/unknown,ANIMAL/OBJECT IN ROADWAY,39.13813858,-86.57290956
1,7,300.0,2-Car,No injury/unknown,OTHER (DRIVER) - EXPLAIN IN NARRATIVE,39.13798498,-86.54463902
9,2,1700.0,2-Car,No injury/unknown,DRIVER DISTRACTED - EXPLAIN IN NARRATIVE,39.13786394,-86.57290617
1,3,0.0,1-Car,No injury/unknown,OTHER (DRIVER) - EXPLAIN IN NARRATIVE,39.13785055,-86.59211256
2,2,1500.0,2-Car,No injury/unknown,UNSAFE BACKING,39.13782881,-86.52677815
6,4,1600.0,2-Car,No injury/unknown,OTHER (DRIVER) - EXPLAIN IN NARRATIVE,39.13782881,-86.52677815
6,1,0.0,2-Car,No injury/unknown,UNSAFE BACKING,39.137744,-86.530288
6,5,2100.0,1-Car,Non-incapacitating,UNSAFE SPEED,39.13766588,-86.46323066
8,1,1200.0,2-Car,No injury/unknown,IMPROPER PASSING,39.13762257,-86.49472667
8,2,1600.0,2-Car,No injury/unknown,ALCOHOLIC BEVERAGES,39.137446,-86.530482
6,5,1300.0,3+ Cars,Non-incapacitating,DRIVER DISTRACTED - EXPLAIN IN NARRATIVE,39.13744291,-86.526969
7,4,1300.0,1-Car,No injury/unknown,DRIVER ILLNESS,39.137424,-86.529968
3,2,1400.0,2-Car,No injury/unknown,UNSAFE BACKING,39.137371,-86.526891
7,5,2000.0,Pedestrian,Incapacitating,OTHER (DRIVER) - EXPLAIN IN NARRATIVE,39.13736,-86.529904
9,6,2300.0,1-Car,No injury/unknown,ANIMAL/OBJECT IN ROADWAY,39.13731465,-86.57289939
12,3,1700.0,2-Car,No injury/unknown,DRIVER DISTRACTED - EXPLAIN IN NARRATIVE,39.13726418,-86.53135
11,4,2200.0,2-Car,No injury/unknown,,39.13726277,-86.52401169
5,2,900.0,2-Car,No injury/unknown,LEFT OF CENTER,39.137248,-86.538192
4,3,1100.0,1-Car,No injury/unknown,RAN OFF ROAD RIGHT,39.137198,-86.497957
4,1,1200.0,2-Car,No injury/unknown,UNSAFE BACKING,39.137088,-86.53056
9,2,1500.0,2-Car,No injury/unknown,UNSAFE BACKING,39.137088,-86.53056
10,1,1000.0,2-Car,No injury/unknown,OTHER (DRIVER) - EXPLAIN IN NARRATIVE,39.137088,-86.53056
6,3,1600.0,2-Car,Non-incapacitating,OTHER (DRIVER) - EXPLAIN IN NARRATIVE,39.13704,-86.57324868
3,3,2000.0,2-Car,No injury/unknown,FOLLOWING TOO CLOSELY,39.13704,-86.572896
3,5,600.0,2-Car,Non-incapacitating,DISREGARD SIGNAL/REG SIGN,39.13704,-86.572896
3,2,2000.0,2-Car,No injury/unknown,ALCOHOLIC BEVERAGES,39.13704,-86.572896
4,2,900.0,2-Car,No injury/unknown,FAILURE TO YIELD RIGHT OF WAY,39.13704,-86.582512
4,3,800.0,2-Car,No injury/unknown,FAILURE TO YIELD RIGHT OF WAY,39.13704,-86.582512
5,2,2100.0,3+ Cars,No injury/unknown,FAILURE TO YIELD RIGHT OF WAY,39.13704,-86.572896
7,3,1900.0,2-Car,No injury/unknown,FAILURE TO YIELD RIGHT OF WAY,39.13704,-86.582512
7,1,1800.0,2-Car,No injury/unknown,FAILURE TO YIELD RIGHT OF WAY,39.13704,-86.642832
9,2,1100.0,2-Car,No injury/unknown,DRIVER DISTRACTED - EXPLAIN IN NARRATIVE,39.13704,-86.572896
10,5,1600.0,3+ Cars,No injury/unknown,FAILURE TO YIELD RIGHT OF WAY,39.13704,-86.575296
11,3,1600.0,3+ Cars,No injury/unknown,UNSAFE SPEED,39.13704,-86.572896
11,6,1800.0,2-Car,No injury/unknown,FAILURE TO YIELD RIGHT OF WAY,39.13704,-86.572896
12,2,1500.0,2-Car,No injury/unknown,DRIVER DISTRACTED - EXPLAIN IN NARRATIVE,39.13704,-86.572896
1,4,1500.0,Bus,No injury/unknown,ROADWAY SURFACE CONDITION,39.13702146,-86.64459523
5,7,2300.0,1-Car,No injury/unknown,RAN OFF ROAD RIGHT,39.13693037,-86.61019488
9,2,900.0,2-Car,No injury/unknown,UNSAFE BACKING,39.13693,-86.54995866
6,4,0.0,1-Car,No injury/unknown,ANIMAL/OBJECT IN ROADWAY,39.13692687,-86.61723603
1,7,100.0,1-Car,No injury/unknown,OTHER (DRIVER) - EXPLAIN IN NARRATIVE,39.13688893,-86.62912049
8,4,1800.0,1-Car,No injury/unknown,RAN OFF ROAD RIGHT,39.13688604,-86.62665195
1,7,2300.0,1-Car,Non-incapacitating,LEFT OF CENTER,39.13688403,-86.6273573
1,6,800.0,1-Car,Fatal,RAN OFF ROAD RIGHT,39.13685493,-86.61307517
9,2,1600.0,2-Car,No injury/unknown,DRIVER DISTRACTED - EXPLAIN IN NARRATIVE,39.13685333,-86.52398933
7,7,2300.0,2-Car,No injury/unknown,FAILURE TO YIELD RIGHT OF WAY,39.136848,-86.606
7,2,1400.0,2-Car,No injury/unknown,FAILURE TO YIELD RIGHT OF WAY,39.136848,-86.606
4,5,500.0,2-Car,No injury/unknown,LEFT OF CENTER,39.13682,-86.61026
7,4,2300.0,2-Car,No injury/unknown,UNSAFE BACKING,39.13682,-86.605949
10,3,2100.0,2-Car,No injury/unknown,UNSAFE BACKING,39.136774,-86.600409
3,6,900.0,2-Car,No injury/unknown,DRIVER DISTRACTED - EXPLAIN IN NARRATIVE,39.13676196,-86.57320781
1,5,500.0,1-Car,No injury/unknown,ANIMAL/OBJECT IN ROADWAY,39.13675488,-86.59392636
6,4,900.0,2-Car,No injury/unknown,UNSAFE BACKING,39.136739,-86.57087
2,3,300.0,1-Car,Non-incapacitating,UNSAFE SPEED,39.13664,-86.508096
4,3,1600.0,2-Car,No injury/unknown,ALCOHOLIC BEVERAGES,39.13662933,-86.50634729
3,7,1200.0,2-Car,No injury/unknown,FAILURE TO YIELD RIGHT OF WAY,39.13662,-86.55431
4,4,1000.0,2-Car,Non-incapacitating,FOLLOWING TOO CLOSELY,39.13662,-86.55428403
4,3,2000.0,1-Car,Non-incapacitating,ALCOHOLIC BEVERAGES,39.13662,-86.55431
8,4,1800.0,2-Car,Non-incapacitating,LEFT OF CENTER,39.13662,-86.55436193
1,4,1800.0,1-Car,No injury/unknown,ROADWAY SURFACE CONDITION,39.13653,-86.56202463
4,4,1800.0,2-Car,No injury/unknown,DRIVER DISTRACTED - EXPLAIN IN NARRATIVE,39.13653,-86.56199
2,3,800.0,2-Car,No injury/unknown,FOLLOWING TOO CLOSELY,39.13652947,-86.56236796
1,3,900.0,2-Car,No injury/unknown,FAILURE TO YIELD RIGHT OF WAY,39.136448,-86.548704
2,4,1700.0,2-Car,No injury/unknown,FAILURE TO YIELD RIGHT OF WAY,39.136448,-86.548704
11,1,2000.0,2-Car,No injury/unknown,OTHER (ENVIRONMENTAL) - EXPLAIN IN NARR,39.136448,-86.548704
10,6,1500.0,2-Car,No injury/unknown,FOLLOWING TOO CLOSELY,39.13642333,-86.54799937
5,2,1600.0,3+ Cars,No injury/unknown,FOLLOWING TOO CLOSELY,39.13638,-86.54994
9,2,700.0,3+ Cars,Non-incapacitating,FOLLOWING TOO CLOSELY,39.13638,-86.54994
3,5,1100.0,1-Car,No injury/unknown,RAN OFF ROAD RIGHT,39.13634103,-86.54564895
7,4,1700.0,2-Car,No injury/unknown,FAILURE TO YIELD RIGHT OF WAY,39.13628131,-86.52679673
12,7,1300.0,2-Car,No injury/unknown,LEFT OF CENTER,39.13628108,-86.54388727
7,4,2000.0,2-Car,No injury/unknown,OTHER (DRIVER) - EXPLAIN IN NARRATIVE,39.1362349,-86.582589
3,6,1000.0,2-Car,Non-incapacitating,FOLLOWING TOO CLOSELY,39.13616242,-86.54024109
3,2,1400.0,2-Car,No injury/unknown,FOLLOWING TOO CLOSELY,39.13614992,-86.53985702
1,7,1800.0,2-Car,Non-incapacitating,FAILURE TO YIELD RIGHT OF WAY,39.136144,-86.528688
4,5,1700.0,2-Car,Non-incapacitating,DRIVER DISTRACTED - EXPLAIN IN NARRATIVE,39.136144,-86.5268
4,6,1600.0,2-Car,No injury/unknown,FOLLOWING TOO CLOSELY,39.136144,-86.52851167
4,1,100.0,1-Car,No injury/unknown,ALCOHOLIC BEVERAGES,39.136144,-86.508096
4,1,1200.0,2-Car,No injury/unknown,ALCOHOLIC BEVERAGES,39.136144,-86.528688
4,7,1100.0,2-Car,Non-incapacitating,FAILURE TO YIELD RIGHT OF WAY,39.136144,-86.511296
4,2,1700.0,2-Car,No injury/unknown,FOLLOWING TOO CLOSELY,39.136144,-86.511296
4,5,1400.0,Bus,Non-incapacitating,FOLLOWING TOO CLOSELY,39.136144,-86.528688
5,5,1600.0,2-Car,No injury/unknown,FAILURE TO YIELD RIGHT OF WAY,39.136144,-86.5268
5,7,2200.0,1-Car,No injury/unknown,ANIMAL/OBJECT IN ROADWAY,39.136144,-86.508096
6,7,1500.0,2-Car,No injury/unknown,FAILURE TO YIELD RIGHT OF WAY,39.136144,-86.582496
8,6,2100.0,2-Car,No injury/unknown,FAILURE TO YIELD RIGHT OF WAY,39.136144,-86.5268
8,2,1700.0,3+ Cars,No injury/unknown,UNSAFE SPEED,39.136144,-86.528688
8,3,1700.0,Moped/Motorcycle,Non-incapacitating,ALCOHOLIC BEVERAGES,39.136144,-86.5268
10,5,1400.0,2-Car,No injury/unknown,FAILURE TO YIELD RIGHT OF WAY,39.136144,-86.5268
10,5,1400.0,2-Car,No injury/unknown,DISREGARD SIGNAL/REG SIGN,39.136144,-86.528688
10,7,1400.0,2-Car,No injury/unknown,DISREGARD SIGNAL/REG SIGN,39.136144,-86.5268
10,4,1300.0,2-Car,No injury/unknown,FOLLOWING TOO CLOSELY,39.136144,-86.528688
10,6,2100.0,2-Car,No injury/unknown,FAILURE TO YIELD RIGHT OF WAY,39.136144,-86.528688
12,3,1900.0,2-Car,No injury/unknown,DRIVER DISTRACTED - EXPLAIN IN NARRATIVE,39.136144,-86.528688
11,4,2100.0,2-Car,No injury/unknown,DRIVER DISTRACTED - EXPLAIN IN NARRATIVE,39.13613786,-86.5281591
4,5,1200.0,2-Car,Non-incapacitating,OTHER (DRIVER) - EXPLAIN IN NARRATIVE,39.136128,-86.539184
9,4,800.0,1-Car,No injury/unknown,,39.136128,-86.5288
10,6,1600.0,2-Car,No injury/unknown,FOLLOWING TOO CLOSELY,39.136128,-86.539184
10,7,300.0,1-Car,Non-incapacitating,ALCOHOLIC BEVERAGES,39.13612624,-86.50191884
7,3,1700.0,2-Car,No injury/unknown,FAILURE TO YIELD RIGHT OF WAY,39.13609944,-86.52939033
1,1,2000.0,Pedestrian,Non-incapacitating,PEDESTRIAN ACTION,39.13608,-86.538096
12,3,800.0,2-Car,No injury/unknown,FAILURE TO YIELD RIGHT OF WAY,39.13608,-86.538096
11,3,1700.0,1-Car,No injury/unknown,RAN OFF ROAD RIGHT,39.13606505,-86.51902455
4,7,1200.0,2-Car,Non-incapacitating,OTHER (DRIVER) - EXPLAIN IN NARRATIVE,39.13606157,-86.51779088
4,3,700.0,2-Car,Non-incapacitating,DRIVER DISTRACTED - EXPLAIN IN NARRATIVE,39.136048,-86.536992
5,2,2100.0,2-Car,Non-incapacitating,FAILURE TO YIELD RIGHT OF WAY,39.136048,-86.536992
11,5,1500.0,3+ Cars,No injury/unknown,VIEW OBSTRUCTED,39.136048,-86.518496
8,6,800.0,2-Car,No injury/unknown,FAILURE TO YIELD RIGHT OF WAY,39.13604,-86.53827
8,6,1800.0,2-Car,No injury/unknown,FOLLOWING TOO CLOSELY,39.136032,-86.531953
1,7,1300.0,2-Car,Non-incapacitating,FAILURE TO YIELD RIGHT OF WAY,39.13602505,-86.52859989
8,2,1900.0,2-Car,No injury/unknown,FOLLOWING TOO CLOSELY,39.13601383,-86.53628803
5,4,1200.0,2-Car,No injury/unknown,FOLLOWING TOO CLOSELY,39.136,-86.51592
1,6,1900.0,2-Car,No injury/unknown,FAILURE TO YIELD RIGHT OF WAY,39.13599,-86.5288
3,5,100.0,1-Car,No injury/unknown,ALCOHOLIC BEVERAGES,39.13599,-86.50087703
6,1,1300.0,2-Car,No injury/unknown,FAILURE TO YIELD RIGHT OF WAY,39.13599,-86.5288
7,6,1300.0,2-Car,No injury/unknown,FAILURE TO YIELD RIGHT OF WAY,39.13599,-86.5288
10,2,1500.0,2-Car,Non-incapacitating,FAILURE TO YIELD RIGHT OF WAY,39.13599,-86.52393
11,3,1600.0,3+ Cars,No injury/unknown,DRIVER DISTRACTED - EXPLAIN IN NARRATIVE,39.13599,-86.52393
1,2,1000.0,2-Car,No injury/unknown,OTHER (DRIVER) - EXPLAIN IN NARRATIVE,39.13597,-86.53111
1,2,2200.0,1-Car,No injury/unknown,RAN OFF ROAD RIGHT,39.13597,-86.53093694
3,6,1700.0,2-Car,Non-incapacitating,PRESCRIPTION DRUGS,39.13597,-86.53111
3,1,1700.0,2-Car,No injury/unknown,DRIVER DISTRACTED - EXPLAIN IN NARRATIVE,39.13597,-86.53111
4,4,1400.0,2-Car,No injury/unknown,FOLLOWING TOO CLOSELY,39.13597,-86.53111
5,4,1700.0,2-Car,No injury/unknown,SPEED TOO FAST FOR WEATHER CONDITIONS,39.13597,-86.53111
6,2,1400.0,2-Car,No injury/unknown,OTHER (DRIVER) - EXPLAIN IN NARRATIVE,39.13597,-86.53111
6,6,1700.0,2-Car,No injury/unknown,OTHER (DRIVER) - EXPLAIN IN NARRATIVE,39.13597,-86.53111433
8,5,800.0,Bus,No injury/unknown,UNSAFE SPEED,39.13597,-86.53111
9,6,1100.0,3+ Cars,Non-incapacitating,LEFT OF CENTER,39.13597,-86.53111
10,1,1500.0,2-Car,No injury/unknown,IMPROPER LANE USAGE,39.13597,-86.53111
12,5,2200.0,2-Car,No injury/unknown,FOLLOWING TOO CLOSELY,39.13597,-86.53113163
6,6,800.0,Moped/Motorcycle,Non-incapacitating,OTHER (DRIVER) - EXPLAIN IN NARRATIVE,39.13596,-86.49653519
11,5,1700.0,2-Car,No injury/unknown,FOLLOWING TOO CLOSELY,39.13596,-86.49653
12,4,1800.0,2-Car,No injury/unknown,FAILURE TO YIELD RIGHT OF WAY,39.13596,-86.49653
8,5,1400.0,2-Car,No injury/unknown,UNSAFE BACKING,39.13586997,-86.49740259
8,6,1900.0,2-Car,No injury/unknown,OTHER (DRIVER) - EXPLAIN IN NARRATIVE,39.13586997,-86.49740259
3,4,1400.0,2-Car,No injury/unknown,FOLLOWING TOO CLOSELY,39.13584,-86.496288
12,2,1300.0,2-Car,Non-incapacitating,FOLLOWING TOO CLOSELY,39.13584,-86.496288
1,1,900.0,2-Car,No injury/unknown,ROADWAY SURFACE CONDITION,39.13576,-86.489488
2,5,600.0,2-Car,No injury/unknown,ROADWAY SURFACE CONDITION,39.13575878,-86.48966433
9,4,100.0,Moped/Motorcycle,Non-incapacitating,RAN OFF ROAD RIGHT,39.13575288,-86.54513
2,5,1500.0,2-Car,No injury/unknown,FOLLOWING TOO CLOSELY,39.13575245,-86.59537273
5,7,1700.0,Cyclist,Non-incapacitating,DRIVER DISTRACTED - EXPLAIN IN NARRATIVE,39.135648,-86.462
12,1,1700.0,1-Car,No injury/unknown,ROADWAY SURFACE CONDITION,39.135648,-86.462248
10,5,700.0,2-Car,No injury/unknown,FAILURE TO YIELD RIGHT OF WAY,39.135552,-86.515952
7,4,700.0,3+ Cars,Non-incapacitating,DRIVER DISTRACTED - EXPLAIN IN NARRATIVE,39.13504,-86.596192
8,4,1700.0,2-Car,No injury/unknown,FAILURE TO YIELD RIGHT OF WAY,39.13493114,-86.52778394
10,6,2200.0,1-Car,Non-incapacitating,ALCOHOLIC BEVERAGES,39.13470896,-86.53815234
12,6,900.0,1-Car,No injury/unknown,RAN OFF ROAD RIGHT,39.13463797,-86.52446431
10,6,900.0,2-Car,Non-incapacitating,LEFT OF CENTER,39.13437426,-86.64637823
12,2,800.0,3+ Cars,No injury/unknown,ROADWAY SURFACE CONDITION,39.13437426,-86.64637823
4,7,1400.0,2-Car,No injury/unknown,UNSAFE BACKING,39.13432546,-86.52733091
7,5,1900.0,1-Car,Non-incapacitating,ALCOHOLIC BEVERAGES,39.13426528,-86.55084379
10,3,700.0,2-Car,No injury/unknown,FOLLOWING TOO CLOSELY,39.13413,-86.52687
5,7,1900.0,2-Car,No injury/unknown,FAILURE TO YIELD RIGHT OF WAY,39.13394145,-86.59620952
4,3,1000.0,2-Car,No injury/unknown,DISREGARD SIGNAL/REG SIGN,39.133744,-86.526896
7,1,2200.0,2-Car,No injury/unknown,ALCOHOLIC BEVERAGES,39.133744,-86.50592
9,6,800.0,Moped/Motorcycle,Non-incapacitating,DRIVER DISTRACTED - EXPLAIN IN NARRATIVE,39.133744,-86.526896
9,7,800.0,2-Car,No injury/unknown,UNSAFE BACKING,39.13366447,-86.52196318
3,5,1000.0,2-Car,No injury/unknown,FOLLOWING TOO CLOSELY,39.13360677,-86.572896
2,7,1900.0,2-Car,No injury/unknown,FOLLOWING TOO CLOSELY,39.13288667,-86.57913
3,3,1600.0,2-Car,No injury/unknown,FAILURE TO YIELD RIGHT OF WAY,39.13287667,-86.5349
9,1,400.0,1-Car,No injury/unknown,RAN OFF ROAD RIGHT,39.13283222,-86.53877
4,1,1800.0,1-Car,No injury/unknown,OVERCORRECTING/OVERSTEERING,39.13200279,-86.51158
4,3,1900.0,2-Car,No injury/unknown,FAILURE TO YIELD RIGHT OF WAY,39.13197,-86.53144
3,6,800.0,2-Car,No injury/unknown,UNSAFE BACKING,39.13196152,-86.54835
11,1,1900.0,2-Car,No injury/unknown,DISREGARD SIGNAL/REG SIGN,39.131648,-86.582496
1,5,1400.0,2-Car,No injury/unknown,IMPROPER TURNING,39.13152,-86.53140404
2,7,1300.0,2-Car,No injury/unknown,OTHER (DRIVER) - EXPLAIN IN NARRATIVE,39.13151,-86.58115
8,7,1800.0,Moped/Motorcycle,Non-incapacitating,RAN OFF ROAD RIGHT,39.13134,-86.51675
7,2,1600.0,2-Car,No injury/unknown,INSECURE/LEAKY LOAD,39.13113,-86.4474
11,4,200.0,1-Car,No injury/unknown,ANIMAL/OBJECT IN ROADWAY,39.13073858,-86.44481028
8,3,900.0,2-Car,Non-incapacitating,DRIVER DISTRACTED - EXPLAIN IN NARRATIVE,39.13058456,-86.5314424
5,5,1600.0,2-Car,No injury/unknown,DRIVER DISTRACTED - EXPLAIN IN NARRATIVE,39.12988859,-86.60352445
8,5,100.0,1-Car,No injury/unknown,ALCOHOLIC BEVERAGES,39.12979,-86.52607
6,7,1300.0,2-Car,No injury/unknown,DRIVER DISTRACTED - EXPLAIN IN NARRATIVE,39.129691,-86.531405
3,6,1000.0,1-Car,No injury/unknown,OTHER (VEHICLE) - EXPLAIN IN NARRATIVE,39.12952,-86.58936
12,5,1600.0,2-Car,Non-incapacitating,FOLLOWING TOO CLOSELY,39.1294481,-86.60420074
6,7,1500.0,2-Car,Non-incapacitating,FOLLOWING TOO CLOSELY,39.12936,-86.604336
7,1,2100.0,2-Car,No injury/unknown,DRIVER DISTRACTED - EXPLAIN IN NARRATIVE,39.12936,-86.604336
7,6,1600.0,2-Car,Incapacitating,UNSAFE SPEED,39.12936,-86.604336
8,3,2000.0,2-Car,Non-incapacitating,DRIVER DISTRACTED - EXPLAIN IN NARRATIVE,39.12936,-86.604336
9,4,1600.0,2-Car,Non-incapacitating,FOLLOWING TOO CLOSELY,39.12936,-86.604336
12,4,300.0,2-Car,No injury/unknown,ALCOHOLIC BEVERAGES,39.12884054,-86.57883497
4,3,700.0,2-Car,No injury/unknown,ROADWAY SURFACE CONDITION,39.12819,-86.55672
9,4,1800.0,2-Car,No injury/unknown,DISREGARD SIGNAL/REG SIGN,39.12819,-86.55672
5,4,600.0,1-Car,No injury/unknown,RAN OFF ROAD RIGHT,39.12790321,-86.60651132
6,7,1700.0,2-Car,No injury/unknown,UNSAFE BACKING,39.12788955,-86.55620063
9,3,1200.0,2-Car,No injury/unknown,LEFT OF CENTER,39.12788955,-86.55620063
11,3,1400.0,1-Car,Non-incapacitating,ROADWAY SURFACE CONDITION,39.126976,-86.582464
3,2,900.0,2-Car,No injury/unknown,ENGINE FAILURE OR DEFECTIVE,39.12695784,-86.54219875
4,3,2000.0,2-Car,No injury/unknown,DRIVER ASLEEP OR FATIGUED,39.12695784,-86.54219875
2,7,1100.0,2-Car,No injury/unknown,UNSAFE BACKING,39.12689639,-86.52676434
5,3,1700.0,2-Car,No injury/unknown,DRIVER DISTRACTED - EXPLAIN IN NARRATIVE,39.12669768,-86.5313729
3,7,800.0,1-Car,Non-incapacitating,ANIMAL/OBJECT IN ROADWAY,39.12667,-86.53138731
7,4,1600.0,2-Car,No injury/unknown,UNSAFE BACKING,39.12660505,-86.5726527
2,2,1800.0,2-Car,No injury/unknown,UNSAFE BACKING,39.126592,-86.590544
6,3,1700.0,2-Car,No injury/unknown,OTHER (DRIVER) - EXPLAIN IN NARRATIVE,39.12659,-86.5043
1,1,1500.0,2-Car,No injury/unknown,FAILURE TO YIELD RIGHT OF WAY,39.12654,-86.52873
4,6,2200.0,2-Car,No injury/unknown,UNSAFE BACKING,39.12645982,-86.61540146
8,4,1500.0,2-Car,No injury/unknown,OTHER (DRIVER) - EXPLAIN IN NARRATIVE,39.12633358,-86.52674532
1,4,1400.0,2-Car,No injury/unknown,UNSAFE BACKING,39.12608,-86.589328
2,1,100.0,1-Car,Incapacitating,ALCOHOLIC BEVERAGES,39.1255,-86.51764351
12,7,500.0,1-Car,No injury/unknown,DRIVER ASLEEP OR FATIGUED,39.12534703,-86.53635211
1,4,800.0,Bus,Non-incapacitating,ROADWAY SURFACE CONDITION,39.125312,-86.610496
1,7,1600.0,2-Car,No injury/unknown,UNSAFE BACKING,39.125312,-86.610496
1,6,1500.0,2-Car,No injury/unknown,UNSAFE BACKING,39.125312,-86.610496
2,1,1800.0,2-Car,No injury/unknown,UNSAFE BACKING,39.125312,-86.610496
2,1,1400.0,2-Car,No injury/unknown,UNSAFE BACKING,39.125312,-86.610496
3,2,1300.0,3+ Cars,No injury/unknown,FAILURE TO YIELD RIGHT OF WAY,39.125312,-86.610496
3,1,1600.0,2-Car,No injury/unknown,OTHER (DRIVER) - EXPLAIN IN NARRATIVE,39.125312,-86.610496
3,6,1600.0,2-Car,No injury/unknown,OTHER (DRIVER) - EXPLAIN IN NARRATIVE,39.125312,-86.610496
4,6,1600.0,2-Car,No injury/unknown,IMPROPER PASSING,39.125312,-86.610496
4,6,1400.0,1-Car,No injury/unknown,DRIVER DISTRACTED - EXPLAIN IN NARRATIVE,39.125312,-86.610496
5,3,1700.0,Moped/Motorcycle,No injury/unknown,FAILURE TO YIELD RIGHT OF WAY,39.125312,-86.610496
7,4,1800.0,2-Car,No injury/unknown,FAILURE TO YIELD RIGHT OF WAY,39.125312,-86.610496
9,3,1500.0,2-Car,No injury/unknown,UNSAFE BACKING,39.125312,-86.610496
10,6,0.0,2-Car,No injury/unknown,SPEED TOO FAST FOR WEATHER CONDITIONS,39.125312,-86.610496
11,6,1300.0,Pedestrian,Non-incapacitating,FAILURE TO YIELD RIGHT OF WAY,39.125312,-86.610496
11,4,1800.0,1-Car,No injury/unknown,ANIMAL/OBJECT IN ROADWAY,39.12508678,-86.5364409