Month,Day,Hour,Collision Type,Injury Type,Primary Factor,Latitude,Longitude
12,3,400.0,2-Car,No injury/unknown,IMPROPER PASSING,39.12497442,-86.61092405
7,7,1400.0,2-Car,Non-incapacitating,OTHER (DRIVER) - EXPLAIN IN NARRATIVE,39.12448822,-86.5609886
2,7,2100.0,1-Car,No injury/unknown,OTHER (DRIVER) - EXPLAIN IN NARRATIVE,39.124121,-86.522492
5,2,800.0,2-Car,Non-incapacitating,FOLLOWING TOO CLOSELY,39.12391394,-86.54331
3,3,1700.0,2-Car,Non-incapacitating,OTHER (DRIVER) - EXPLAIN IN NARRATIVE,39.12378174,-86.54024
8,3,1600.0,1-Car,No injury/unknown,OTHER (DRIVER) - EXPLAIN IN NARRATIVE,39.12377,-86.50864135
3,2,1300.0,2-Car,No injury/unknown,FOLLOWING TOO CLOSELY,39.12355331,-86.57320781
6,6,1000.0,1-Car,No injury/unknown,RAN OFF ROAD RIGHT,39.1234,-86.58254
7,4,1000.0,2-Car,No injury/unknown,FOLLOWING TOO CLOSELY,39.12328995,-86.53111
10,2,1900.0,1-Car,No injury/unknown,OTHER (DRIVER) - EXPLAIN IN NARRATIVE,39.12324803,-86.58265598
2,6,1900.0,1-Car,No injury/unknown,ANIMAL/OBJECT IN ROADWAY,39.12307582,-86.4668481
1,1,1400.0,2-Car,Non-incapacitating,FAILURE TO YIELD RIGHT OF WAY,39.122416,-86.64296
10,7,1600.0,Moped/Motorcycle,Fatal,UNSAFE SPEED,39.122416,-86.64296
5,5,1600.0,2-Car,No injury/unknown,IMPROPER TURNING,39.12240491,-86.61427773
6,6,1700.0,2-Car,No injury/unknown,FAILURE TO YIELD RIGHT OF WAY,39.12240491,-86.61427773
7,5,1700.0,3+ Cars,Non-incapacitating,FAILURE TO YIELD RIGHT OF WAY,39.122352,-86.5712
9,4,1200.0,2-Car,No injury/unknown,FAILURE TO YIELD RIGHT OF WAY,39.122352,-86.5712
10,4,700.0,2-Car,Non-incapacitating,FAILURE TO YIELD RIGHT OF WAY,39.122352,-86.5712
10,5,1500.0,Bus,No injury/unknown,OTHER (DRIVER) - EXPLAIN IN NARRATIVE,39.12232294,-86.60590406
2,1,800.0,1-Car,No injury/unknown,ROADWAY SURFACE CONDITION,39.12229906,-86.56767463
12,2,800.0,2-Car,No injury/unknown,ROADWAY SURFACE CONDITION,39.12228846,-86.56696955
7,5,1800.0,1-Car,No injury/unknown,VIEW OBSTRUCTED,39.12227709,-86.56621336
2,4,1500.0,2-Car,No injury/unknown,FAILURE TO YIELD RIGHT OF WAY,39.12224,-86.6144
2,2,700.0,2-Car,No injury/unknown,FAILURE TO YIELD RIGHT OF WAY,39.12224,-86.6144
3,4,700.0,2-Car,Non-incapacitating,LEFT OF CENTER,39.12224,-86.57333
5,4,2300.0,1-Car,Non-incapacitating,TIRE FAILURE OR DEFECTIVE,39.12224,-86.57333
10,5,700.0,2-Car,No injury/unknown,FAILURE TO YIELD RIGHT OF WAY,39.12224,-86.6144
12,6,1100.0,2-Car,No injury/unknown,UNSAFE BACKING,39.122231,-86.573393
2,5,1900.0,1-Car,No injury/unknown,ANIMAL/OBJECT IN ROADWAY,39.122224,-86.562688
1,1,200.0,1-Car,No injury/unknown,ROADWAY SURFACE CONDITION,39.122208,-86.615792
1,2,1200.0,2-Car,Non-incapacitating,FAILURE TO YIELD RIGHT OF WAY,39.12220683,-86.57140464
9,5,2100.0,3+ Cars,Non-incapacitating,FAILURE TO YIELD RIGHT OF WAY,39.12220683,-86.57140464
12,2,500.0,2-Car,No injury/unknown,OTHER (DRIVER) - EXPLAIN IN NARRATIVE,39.12220683,-86.57140464
12,4,1700.0,2-Car,Non-incapacitating,FAILURE TO YIELD RIGHT OF WAY,39.12220683,-86.57140464
2,4,2000.0,2-Car,Incapacitating,ROADWAY SURFACE CONDITION,39.12218,-86.56264328
2,5,1700.0,1-Car,No injury/unknown,RAN OFF ROAD RIGHT,39.1221,-86.57404732
3,3,1100.0,2-Car,No injury/unknown,FAILURE TO YIELD RIGHT OF WAY,39.1221,-86.57403
12,2,2100.0,1-Car,Non-incapacitating,ALCOHOLIC BEVERAGES,39.1221,-86.57402134
11,6,1900.0,2-Car,No injury/unknown,UNSAFE BACKING,39.122049,-86.573333
3,7,1800.0,1-Car,No injury/unknown,ROADWAY SURFACE CONDITION,39.121808,-86.498784
3,7,1100.0,2-Car,No injury/unknown,ROADWAY SURFACE CONDITION,39.1218,-86.54793
12,6,700.0,Pedestrian,Non-incapacitating,FAILURE TO YIELD RIGHT OF WAY,39.12168729,-86.54046536
1,2,1800.0,2-Car,No injury/unknown,OTHER (DRIVER) - EXPLAIN IN NARRATIVE,39.121648,-86.539088
6,2,1400.0,2-Car,No injury/unknown,FOLLOWING TOO CLOSELY,39.121552,-86.531296
10,3,1300.0,1-Car,No injury/unknown,OTHER (DRIVER) - EXPLAIN IN NARRATIVE,39.12154418,-86.53386009
3,5,2100.0,2-Car,No injury/unknown,FAILURE TO YIELD RIGHT OF WAY,39.12152262,-86.51756742
11,3,1700.0,3+ Cars,Non-incapacitating,SPEED TOO FAST FOR WEATHER CONDITIONS,39.12152,-86.51792
1,4,1700.0,1-Car,No injury/unknown,OTHER (DRIVER) - EXPLAIN IN NARRATIVE,39.12148,-86.535479
1,3,1800.0,1-Car,No injury/unknown,ANIMAL/OBJECT IN ROADWAY,39.12147,-86.4965062
11,3,2100.0,1-Car,No injury/unknown,ANIMAL/OBJECT IN ROADWAY,39.12146,-86.52073
2,4,1300.0,2-Car,No injury/unknown,OTHER (DRIVER) - EXPLAIN IN NARRATIVE,39.12145,-86.52384
4,3,1500.0,2-Car,No injury/unknown,FAILURE TO YIELD RIGHT OF WAY,39.12144282,-86.52614342
1,4,1600.0,2-Car,No injury/unknown,FAILURE TO YIELD RIGHT OF WAY,39.12144,-86.51158
5,7,2100.0,2-Car,No injury/unknown,DISREGARD SIGNAL/REG SIGN,39.12144,-86.52663
6,3,1300.0,1-Car,No injury/unknown,IMPROPER TURNING,39.12144,-86.526496
7,4,1100.0,2-Car,No injury/unknown,UNSAFE BACKING,39.12144,-86.526496
8,5,1400.0,2-Car,No injury/unknown,OVERCORRECTING/OVERSTEERING,39.12144,-86.52663
9,4,1700.0,2-Car,No injury/unknown,FAILURE TO YIELD RIGHT OF WAY,39.12144,-86.51149349
9,1,1700.0,2-Car,Non-incapacitating,DISREGARD SIGNAL/REG SIGN,39.12144,-86.51158
10,6,1200.0,2-Car,Non-incapacitating,ROADWAY SURFACE CONDITION,39.12144,-86.526496
11,3,1700.0,2-Car,No injury/unknown,IMPROPER PASSING,39.12144,-86.526496
12,4,1600.0,2-Car,Non-incapacitating,FAILURE TO YIELD RIGHT OF WAY,39.12144,-86.51158
12,6,1400.0,2-Car,No injury/unknown,FAILURE TO YIELD RIGHT OF WAY,39.12144,-86.526496
12,5,2000.0,2-Car,No injury/unknown,UNSAFE BACKING,39.12144,-86.526496
3,5,1700.0,2-Car,No injury/unknown,PRESCRIPTION DRUGS,39.12142,-86.53135
3,6,1300.0,3+ Cars,No injury/unknown,FOLLOWING TOO CLOSELY,39.12142,-86.53135
4,1,1700.0,2-Car,No injury/unknown,DRIVER DISTRACTED - EXPLAIN IN NARRATIVE,39.12142,-86.53135
7,4,1900.0,2-Car,No injury/unknown,FAILURE TO YIELD RIGHT OF WAY,39.12142,-86.53135
10,1,200.0,2-Car,No injury/unknown,OTHER (DRIVER) - EXPLAIN IN NARRATIVE,39.12142,-86.53135
7,5,2200.0,1-Car,Incapacitating,UNSAFE SPEED,39.12112231,-86.50314
1,6,700.0,3+ Cars,No injury/unknown,SPEED TOO FAST FOR WEATHER CONDITIONS,39.119344,-86.618896
8,3,1300.0,2-Car,Non-incapacitating,FOLLOWING TOO CLOSELY,39.119344,-86.618896
7,3,2200.0,1-Car,No injury/unknown,OTHER (DRIVER) - EXPLAIN IN NARRATIVE,39.11908958,-86.4293384
1,2,700.0,1-Car,Non-incapacitating,ROADWAY SURFACE CONDITION,39.118992,-86.539312
10,5,700.0,3+ Cars,Non-incapacitating,DRIVER DISTRACTED - EXPLAIN IN NARRATIVE,39.11884748,-86.61978393
7,5,1500.0,Pedestrian,Non-incapacitating,PEDESTRIAN ACTION,39.11866819,-86.49337
9,2,600.0,2-Car,No injury/unknown,OTHER (ENVIRONMENTAL) - EXPLAIN IN NARR,39.11781896,-86.53149
11,7,1600.0,3+ Cars,Non-incapacitating,FAILURE TO YIELD RIGHT OF WAY,39.11781896,-86.53149
4,7,800.0,1-Car,Non-incapacitating,RAN OFF ROAD RIGHT,39.11774229,-86.62176025
1,4,700.0,1-Car,No injury/unknown,SPEED TOO FAST FOR WEATHER CONDITIONS,39.117648,-86.567104
5,6,1100.0,2-Car,Non-incapacitating,FAILURE TO YIELD RIGHT OF WAY,39.117648,-86.567104
11,5,800.0,2-Car,Non-incapacitating,FAILURE TO YIELD RIGHT OF WAY,39.117648,-86.567104
5,4,1300.0,2-Car,Non-incapacitating,FOLLOWING TOO CLOSELY,39.116379,-86.62419793
11,6,500.0,1-Car,No injury/unknown,OTHER (DRIVER) - EXPLAIN IN NARRATIVE,39.11595373,-86.56507293
9,7,1500.0,Pedestrian,Non-incapacitating,PEDESTRIAN ACTION,39.11584,-86.5312
4,3,1100.0,2-Car,No injury/unknown,LEFT OF CENTER,39.11581467,-86.53172785
12,2,1600.0,3+ Cars,Non-incapacitating,ALCOHOLIC BEVERAGES,39.11563583,-86.53122783
3,6,700.0,2-Car,Non-incapacitating,ANIMAL/OBJECT IN ROADWAY,39.115552,-86.564592
10,2,700.0,2-Car,No injury/unknown,FAILURE TO YIELD RIGHT OF WAY,39.115552,-86.564592
11,2,2100.0,1-Car,No injury/unknown,ANIMAL/OBJECT IN ROADWAY,39.115552,-86.564592
12,2,800.0,1-Car,Non-incapacitating,ROADWAY SURFACE CONDITION,39.11531829,-86.54029
2,5,700.0,1-Car,No injury/unknown,SPEED TOO FAST FOR WEATHER CONDITIONS,39.115183,-86.42914221
2,5,700.0,2-Car,No injury/unknown,SPEED TOO FAST FOR WEATHER CONDITIONS,39.115183,-86.42914221
8,6,2100.0,Moped/Motorcycle,Incapacitating,ANIMAL/OBJECT IN ROADWAY,39.11504,-86.630992
11,1,1900.0,1-Car,No injury/unknown,ANIMAL/OBJECT IN ROADWAY,39.11502306,-86.62697599
6,2,1000.0,1-Car,Non-incapacitating,OTHER (VEHICLE) - EXPLAIN IN NARRATIVE,39.11498578,-86.57360889
7,7,2300.0,1-Car,No injury/unknown,DRIVER DISTRACTED - EXPLAIN IN NARRATIVE,39.11489515,-86.63129155
9,4,2000.0,Moped/Motorcycle,Non-incapacitating,FAILURE TO YIELD RIGHT OF WAY,39.114839,-86.57045626
1,1,1400.0,2-Car,No injury/unknown,ROADWAY SURFACE CONDITION,39.1148048,-86.539392
5,7,1300.0,Moped/Motorcycle,Incapacitating,ANIMAL/OBJECT IN ROADWAY,39.11465357,-86.53984308
4,7,2100.0,2-Car,No injury/unknown,DRIVER DISTRACTED - EXPLAIN IN NARRATIVE,39.11461,-86.54628866
12,7,200.0,1-Car,Non-incapacitating,OTHER (ENVIRONMENTAL) - EXPLAIN IN NARR,39.11431572,-86.63248973
4,6,800.0,3+ Cars,No injury/unknown,BRAKE FAILURE OR DEFECTIVE,39.1142546,-86.63261611
5,7,300.0,1-Car,No injury/unknown,RAN OFF ROAD RIGHT,39.11425,-86.59514
11,3,1300.0,2-Car,Non-incapacitating,FAILURE TO YIELD RIGHT OF WAY,39.11359538,-86.53149
7,7,600.0,1-Car,Non-incapacitating,ALCOHOLIC BEVERAGES,39.11347281,-86.498715
1,7,0.0,2-Car,No injury/unknown,ROADWAY SURFACE CONDITION,39.113232,-86.668544
2,6,2200.0,2-Car,No injury/unknown,FAILURE TO YIELD RIGHT OF WAY,39.11225524,-86.63627094
1,6,1800.0,2-Car,No injury/unknown,OTHER (DRIVER) - EXPLAIN IN NARRATIVE,39.11188918,-86.63693506
12,2,2100.0,1-Car,No injury/unknown,SPEED TOO FAST FOR WEATHER CONDITIONS,39.11177143,-86.53979657
3,3,1100.0,2-Car,No injury/unknown,IMPROPER LANE USAGE,39.11173778,-86.57913
9,3,2000.0,2-Car,No injury/unknown,DRIVER DISTRACTED - EXPLAIN IN NARRATIVE,39.11172619,-86.57913641
12,4,1700.0,2-Car,No injury/unknown,FAILURE TO YIELD RIGHT OF WAY,39.11172619,-86.57913641
12,4,1500.0,2-Car,Incapacitating,FOLLOWING TOO CLOSELY,39.11164383,-86.57140464
10,7,1600.0,2-Car,No injury/unknown,IMPROPER PASSING,39.11136828,-86.49827
6,5,1600.0,1-Car,No injury/unknown,DRIVER DISTRACTED - EXPLAIN IN NARRATIVE,39.11136,-86.539824
2,1,1300.0,3+ Cars,Incapacitating,DRIVER DISTRACTED - EXPLAIN IN NARRATIVE,39.111024,-86.638304
4,6,1900.0,2-Car,Non-incapacitating,FAILURE TO YIELD RIGHT OF WAY,39.111024,-86.638304
6,4,2100.0,Moped/Motorcycle,Non-incapacitating,ANIMAL/OBJECT IN ROADWAY,39.111024,-86.638304
7,6,1700.0,2-Car,Non-incapacitating,DRIVER DISTRACTED - EXPLAIN IN NARRATIVE,39.111024,-86.638304
8,2,1000.0,1-Car,No injury/unknown,RAN OFF ROAD RIGHT,39.111024,-86.638304
12,6,500.0,1-Car,No injury/unknown,ALCOHOLIC BEVERAGES,39.111024,-86.638304
1,6,900.0,2-Car,No injury/unknown,FAILURE TO YIELD RIGHT OF WAY,39.11096385,-86.63840025
6,5,1600.0,2-Car,No injury/unknown,FOLLOWING TOO CLOSELY,39.11085722,-86.53135
10,5,800.0,2-Car,No injury/unknown,FAILURE TO YIELD RIGHT OF WAY,39.11072323,-86.63878525
7,6,2100.0,1-Car,No injury/unknown,OTHER (DRIVER) - EXPLAIN IN NARRATIVE,39.11046543,-86.63919774
2,1,100.0,2-Car,Non-incapacitating,ALCOHOLIC BEVERAGES,39.10961716,-86.53115273
11,6,2000.0,2-Car,No injury/unknown,ANIMAL/OBJECT IN ROADWAY,39.1093053,-86.64105392
6,2,1500.0,2-Car,Non-incapacitating,FOLLOWING TOO CLOSELY,39.109264,-86.64112
10,4,1500.0,1-Car,No injury/unknown,SPEED TOO FAST FOR WEATHER CONDITIONS,39.10910105,-86.43057773
7,5,500.0,1-Car,No injury/unknown,ANIMAL/OBJECT IN ROADWAY,39.10875136,-86.68231958
12,4,1300.0,2-Car,No injury/unknown,FOLLOWING TOO CLOSELY,39.108496,-86.6384
4,3,800.0,2-Car,No injury/unknown,LEFT OF CENTER,39.10824992,-86.64703317
10,7,2200.0,1-Car,Non-incapacitating,OTHER (DRIVER) - EXPLAIN IN NARRATIVE,39.10794,-86.607901
4,6,1000.0,2-Car,Non-incapacitating,FAILURE TO YIELD RIGHT OF WAY,39.10789332,-86.52640202
1,6,1900.0,2-Car,No injury/unknown,ALCOHOLIC BEVERAGES,39.107648,-86.643696
7,3,1500.0,2-Car,No injury/unknown,IMPROPER PASSING,39.107648,-86.643696
8,5,900.0,1-Car,Non-incapacitating,OVERCORRECTING/OVERSTEERING,39.10754188,-86.54935153
1,7,1700.0,2-Car,No injury/unknown,OTHER (DRIVER) - EXPLAIN IN NARRATIVE,39.107344,-86.5264
7,7,1600.0,2-Car,No injury/unknown,FOLLOWING TOO CLOSELY,39.107344,-86.5264
7,2,1700.0,2-Car,No injury/unknown,OTHER (DRIVER) - EXPLAIN IN NARRATIVE,39.107344,-86.5264
9,3,700.0,2-Car,Non-incapacitating,FAILURE TO YIELD RIGHT OF WAY,39.107344,-86.5264
10,3,700.0,2-Car,No injury/unknown,OTHER (DRIVER) - EXPLAIN IN NARRATIVE,39.107344,-86.5264
11,3,800.0,2-Car,Non-incapacitating,FOLLOWING TOO CLOSELY,39.107344,-86.5264
11,4,1500.0,2-Car,Non-incapacitating,FAILURE TO YIELD RIGHT OF WAY,39.107344,-86.5264
10,1,1500.0,2-Car,No injury/unknown,FAILURE TO YIELD RIGHT OF WAY,39.10726,-86.53149
7,7,2100.0,2-Car,Non-incapacitating,DISREGARD SIGNAL/REG SIGN,39.10716,-86.52651
8,6,1000.0,2-Car,No injury/unknown,TIRE FAILURE OR DEFECTIVE,39.10716,-86.52646674
10,6,1200.0,2-Car,Incapacitating,LEFT OF CENTER,39.10704,-86.523488
7,4,1400.0,2-Car,Non-incapacitating,DRIVER DISTRACTED - EXPLAIN IN NARRATIVE,39.10689,-86.52378
8,6,1700.0,2-Car,No injury/unknown,FOLLOWING TOO CLOSELY,39.10689,-86.52378
6,4,1600.0,2-Car,Non-incapacitating,UNSAFE SPEED,39.10686923,-86.55290151
6,3,1700.0,2-Car,No injury/unknown,IMPROPER TURNING,39.106848,-86.531568
12,5,1600.0,2-Car,No injury/unknown,UNSAFE BACKING,39.106848,-86.531568
8,6,1600.0,3+ Cars,No injury/unknown,FOLLOWING TOO CLOSELY,39.10668106,-86.55264471
3,5,600.0,1-Car,No injury/unknown,OTHER (DRIVER) - EXPLAIN IN NARRATIVE,39.106659,-86.550268
3,3,600.0,2-Car,No injury/unknown,OTHER (DRIVER) - EXPLAIN IN NARRATIVE,39.106659,-86.550268
3,3,600.0,1-Car,No injury/unknown,ANIMAL/OBJECT IN ROADWAY,39.10655621,-86.64476522
1,4,2100.0,1-Car,No injury/unknown,ROADWAY SURFACE CONDITION,39.10649288,-86.55238793
6,5,1600.0,2-Car,No injury/unknown,FOLLOWING TOO CLOSELY,39.10611653,-86.55187435
6,7,1200.0,2-Car,No injury/unknown,LEFT OF CENTER,39.105936,-86.584784
8,7,2300.0,1-Car,Non-incapacitating,SPEED TOO FAST FOR WEATHER CONDITIONS,39.10568,-86.52248
7,4,500.0,2-Car,Non-incapacitating,DISREGARD SIGNAL/REG SIGN,39.10555824,-86.55147414
1,6,900.0,2-Car,No injury/unknown,DISREGARD SIGNAL/REG SIGN,39.105552,-86.551104
2,5,1200.0,2-Car,Non-incapacitating,FAILURE TO YIELD RIGHT OF WAY,39.105552,-86.551104
2,6,800.0,2-Car,Non-incapacitating,DISREGARD SIGNAL/REG SIGN,39.105552,-86.551104
4,3,1200.0,2-Car,Non-incapacitating,DISREGARD SIGNAL/REG SIGN,39.105552,-86.551104
6,7,1600.0,2-Car,No injury/unknown,FAILURE TO YIELD RIGHT OF WAY,39.105552,-86.551104
7,3,1400.0,2-Car,No injury/unknown,DISREGARD SIGNAL/REG SIGN,39.105552,-86.551104
12,3,600.0,2-Car,No injury/unknown,FAILURE TO YIELD RIGHT OF WAY,39.105552,-86.551104
2,3,800.0,2-Car,No injury/unknown,SPEED TOO FAST FOR WEATHER CONDITIONS,39.10509883,-86.55070554
12,2,700.0,2-Car,Non-incapacitating,ROADWAY SURFACE CONDITION,39.10476,-86.54029
8,4,0.0,1-Car,No injury/unknown,CELL PHONE USAGE,39.10464565,-86.55030708
9,7,1600.0,1-Car,Incapacitating,OVERCORRECTING/OVERSTEERING,39.10461625,-86.64666322
2,4,1800.0,1-Car,No injury/unknown,ANIMAL/OBJECT IN ROADWAY,39.10441906,-86.55010785
1,3,800.0,1-Car,No injury/unknown,SPEED TOO FAST FOR WEATHER CONDITIONS,39.10328611,-86.54911173
10,3,900.0,2-Car,Non-incapacitating,SPEED TOO FAST FOR WEATHER CONDITIONS,39.10252091,-86.5409898
9,4,1200.0,1-Car,Non-incapacitating,RAN OFF ROAD RIGHT,39.10252,-86.46196297
4,2,1700.0,2-Car,No injury/unknown,DRIVER ASLEEP OR FATIGUED,39.10198052,-86.53149
9,6,2100.0,1-Car,Non-incapacitating,UNSAFE SPEED,39.10193,-86.5394
10,1,2000.0,1-Car,No injury/unknown,ANIMAL/OBJECT IN ROADWAY,39.101776,-86.576864
3,7,1600.0,2-Car,No injury/unknown,ALCOHOLIC BEVERAGES,39.10163,-86.57698134
11,4,0.0,1-Car,No injury/unknown,RAN OFF ROAD RIGHT,39.10105214,-86.4893277
7,1,1500.0,2-Car,No injury/unknown,IMPROPER TURNING,39.09984,-86.5176
9,7,1200.0,1-Car,No injury/unknown,DRIVER ASLEEP OR FATIGUED,39.09984,-86.5176
2,7,1300.0,2-Car,Non-incapacitating,ROADWAY SURFACE CONDITION,39.099792,-86.498448
11,6,2200.0,1-Car,Non-incapacitating,UNSAFE SPEED,39.09974,-86.49385
3,3,1800.0,1-Car,Non-incapacitating,RAN OFF ROAD RIGHT,39.09973,-86.5034327
4,7,1400.0,1-Car,No injury/unknown,DRIVER ASLEEP OR FATIGUED,39.099408,-86.537904
6,3,1200.0,1-Car,Non-incapacitating,RAN OFF ROAD RIGHT,39.099408,-86.537904
6,2,900.0,1-Car,No injury/unknown,RAN OFF ROAD RIGHT,39.099152,-86.652
11,6,1900.0,1-Car,No injury/unknown,ANIMAL/OBJECT IN ROADWAY,39.099152,-86.652
5,7,2200.0,1-Car,Incapacitating,ANIMAL/OBJECT IN ROADWAY,39.09859974,-86.6527848
9,5,1300.0,1-Car,Non-incapacitating,PRESCRIPTION DRUGS,39.09817365,-86.65365467
9,5,1500.0,2-Car,No injury/unknown,DRIVER DISTRACTED - EXPLAIN IN NARRATIVE,39.09784889,-86.65541017
1,3,200.0,1-Car,No injury/unknown,ALCOHOLIC BEVERAGES,39.0969306,-86.51682458
7,5,1100.0,2-Car,Non-incapacitating,FAILURE TO YIELD RIGHT OF WAY,39.09682,-86.51704
5,5,1300.0,1-Car,Non-incapacitating,RAN OFF ROAD RIGHT,39.09602816,-86.60649
4,2,600.0,1-Car,No injury/unknown,SPEED TOO FAST FOR WEATHER CONDITIONS,39.09586621,-86.49388789
6,2,2200.0,2-Car,No injury/unknown,LEFT OF CENTER,39.09583927,-86.54271101
7,4,1700.0,2-Car,No injury/unknown,ANIMAL/OBJECT IN ROADWAY,39.09434418,-86.54580002
1,6,2200.0,1-Car,No injury/unknown,ALCOHOLIC BEVERAGES,39.09404596,-86.49170999
5,3,1000.0,1-Car,Non-incapacitating,OVERCORRECTING/OVERSTEERING,39.093744,-86.638304
8,4,900.0,1-Car,Non-incapacitating,DRIVER DISTRACTED - EXPLAIN IN NARRATIVE,39.093744,-86.638304
10,7,2300.0,1-Car,No injury/unknown,CELL PHONE USAGE,39.093744,-86.638304
10,7,2000.0,2-Car,No injury/unknown,FAILURE TO YIELD RIGHT OF WAY,39.093744,-86.638304
2,3,1700.0,2-Car,Non-incapacitating,FOLLOWING TOO CLOSELY,39.09370315,-86.53111
2,4,1900.0,1-Car,No injury/unknown,ROADWAY SURFACE CONDITION,39.093344,-86.5868
2,5,700.0,3+ Cars,Non-incapacitating,FAILURE TO YIELD RIGHT OF WAY,39.092976,-86.545648
3,7,1100.0,2-Car,Non-incapacitating,DRIVER ASLEEP OR FATIGUED,39.092976,-86.545648
5,6,1500.0,2-Car,No injury/unknown,FAILURE TO YIELD RIGHT OF WAY,39.092976,-86.545648
11,4,700.0,3+ Cars,Non-incapacitating,FAILURE TO YIELD RIGHT OF WAY,39.092976,-86.545648
3,1,1700.0,3+ Cars,No injury/unknown,FAILURE TO YIELD RIGHT OF WAY,39.092944,-86.544
11,1,200.0,1-Car,Non-incapacitating,ALCOHOLIC BEVERAGES,39.092944,-86.544
12,2,900.0,2-Car,No injury/unknown,FAILURE TO YIELD RIGHT OF WAY,39.092944,-86.544
1,5,1600.0,2-Car,No injury/unknown,OTHER (DRIVER) - EXPLAIN IN NARRATIVE,39.092928,-86.54176
7,6,1900.0,1-Car,No injury/unknown,DRIVER DISTRACTED - EXPLAIN IN NARRATIVE,39.09291262,-86.54047569
11,6,1400.0,3+ Cars,Non-incapacitating,FOLLOWING TOO CLOSELY,39.09275119,-86.51582056
7,5,600.0,2-Car,No injury/unknown,FAILURE TO YIELD RIGHT OF WAY,39.09264,-86.51672
2,3,800.0,Bus,No injury/unknown,ROADWAY SURFACE CONDITION,39.09261,-86.51702
3,3,1600.0,3+ Cars,No injury/unknown,FOLLOWING TOO CLOSELY,39.09216365,-86.57776354
10,1,2000.0,1-Car,No injury/unknown,ANIMAL/OBJECT IN ROADWAY,39.09171295,-86.66372607
6,5,2300.0,1-Car,No injury/unknown,RAN OFF ROAD RIGHT,39.09164526,-86.51736418
10,5,500.0,1-Car,No injury/unknown,ANIMAL/OBJECT IN ROADWAY,39.09051784,-86.57140464
10,4,300.0,1-Car,Non-incapacitating,RAN OFF ROAD RIGHT,39.09037979,-86.57288
8,5,1400.0,2-Car,Non-incapacitating,FOLLOWING TOO CLOSELY,39.0900273,-86.66604621
5,7,2000.0,1-Car,No injury/unknown,ANIMAL/OBJECT IN ROADWAY,39.08846451,-86.42293321
1,1,700.0,1-Car,Non-incapacitating,SPEED TOO FAST FOR WEATHER CONDITIONS,39.08781484,-86.66956325
5,4,1200.0,1-Car,No injury/unknown,SPEED TOO FAST FOR WEATHER CONDITIONS,39.08709195,-86.63844981
8,4,1300.0,2-Car,Incapacitating,LEFT OF CENTER,39.08688225,-86.6782558
11,5,2000.0,1-Car,No injury/unknown,SPEED TOO FAST FOR WEATHER CONDITIONS,39.086848,-86.671296
12,2,2100.0,2-Car,No injury/unknown,FAILURE TO YIELD RIGHT OF WAY,39.08684019,-86.67163173
7,5,1000.0,1-Car,No injury/unknown,FOLLOWING TOO CLOSELY,39.086832,-86.671984
7,6,1300.0,2-Car,Non-incapacitating,FOLLOWING TOO CLOSELY,39.086832,-86.671984
12,5,1200.0,Moped/Motorcycle,Non-incapacitating,OTHER (DRIVER) - EXPLAIN IN NARRATIVE,39.08681512,-86.67392224
5,3,1700.0,1-Car,Non-incapacitating,OVERCORRECTING/OVERSTEERING,39.08679481,-86.68184996
1,6,300.0,1-Car,Non-incapacitating,DRIVER ASLEEP OR FATIGUED,39.08678648,-86.68186069
11,3,1700.0,1-Car,No injury/unknown,ANIMAL/OBJECT IN ROADWAY,39.08678588,-86.6772701
11,3,600.0,1-Car,No injury/unknown,ANIMAL/OBJECT IN ROADWAY,39.08675815,-86.67201332
11,3,1900.0,2-Car,No injury/unknown,ANIMAL/OBJECT IN ROADWAY,39.08666936,-86.68232875
7,4,1700.0,3+ Cars,No injury/unknown,FAILURE TO YIELD RIGHT OF WAY,39.08653677,-86.54345779
12,2,800.0,2-Car,No injury/unknown,FAILURE TO YIELD RIGHT OF WAY,39.08636,-86.51703
10,6,100.0,1-Car,No injury/unknown,ROADWAY SURFACE CONDITION,39.08624,-86.542
2,3,800.0,2-Car,No injury/unknown,FAILURE TO YIELD RIGHT OF WAY,39.085632,-86.542304
3,7,1400.0,Pedestrian,No injury/unknown,FAILURE TO YIELD RIGHT OF WAY,39.085632,-86.542304
5,5,600.0,2-Car,Non-incapacitating,DISREGARD SIGNAL/REG SIGN,39.085632,-86.542304
5,3,2100.0,1-Car,No injury/unknown,ANIMAL/OBJECT IN ROADWAY,39.085632,-86.542304
6,6,1800.0,2-Car,No injury/unknown,FOLLOWING TOO CLOSELY,39.085632,-86.542304
8,7,2300.0,2-Car,Non-incapacitating,SPEED TOO FAST FOR WEATHER CONDITIONS,39.085632,-86.542304
12,3,800.0,2-Car,No injury/unknown,LEFT OF CENTER,39.08527,-86.54272806
6,3,1700.0,3+ Cars,Non-incapacitating,LEFT OF CENTER,39.08524585,-86.54233754
9,3,1500.0,Moped/Motorcycle,Non-incapacitating,UNSAFE SPEED,39.08506724,-86.42097248
9,4,1800.0,1-Car,No injury/unknown,OTHER (DRIVER) - EXPLAIN IN NARRATIVE,39.08464432,-86.5666342
10,5,1600.0,3+ Cars,Non-incapacitating,DRIVER ILLNESS,39.084373,-86.542775
11,5,1600.0,3+ Cars,Non-incapacitating,BRAKE FAILURE OR DEFECTIVE,39.08384,-86.540768
10,5,2200.0,1-Car,No injury/unknown,SPEED TOO FAST FOR WEATHER CONDITIONS,39.08372473,-86.54067222