Month,Day,Hour,Collision Type,Injury Type,Primary Factor,Latitude,Longitude
3,5,600.0,1-Car,No injury/unknown,DRIVER DISTRACTED - EXPLAIN IN NARRATIVE,39.08367862,-86.54063391
1,6,100.0,1-Car,Non-incapacitating,RAN OFF ROAD RIGHT,39.083248,-86.5408
12,1,1700.0,1-Car,No injury/unknown,SPEED TOO FAST FOR WEATHER CONDITIONS,39.08241701,-86.63394974
3,4,1500.0,2-Car,Non-incapacitating,FOLLOWING TOO CLOSELY,39.08215554,-86.4196101
3,7,1300.0,1-Car,No injury/unknown,ROADWAY SURFACE CONDITION,39.08204429,-86.57509
2,1,800.0,1-Car,No injury/unknown,RAN OFF ROAD RIGHT,39.08057936,-86.51456118
10,3,1400.0,1-Car,Non-incapacitating,ROADWAY SURFACE CONDITION,39.080448,-86.514416
7,6,0.0,1-Car,No injury/unknown,ALCOHOLIC BEVERAGES,39.08003782,-86.51394722
11,1,1700.0,2-Car,No injury/unknown,OTHER (DRIVER) - EXPLAIN IN NARRATIVE,39.07939608,-86.51321928
7,4,1100.0,2-Car,No injury/unknown,FAILURE TO YIELD RIGHT OF WAY,39.07934411,-86.51316171
11,7,1500.0,1-Car,No injury/unknown,DRIVER DISTRACTED - EXPLAIN IN NARRATIVE,39.079248,-86.6304
12,1,1200.0,2-Car,No injury/unknown,IMPROPER PASSING,39.07902332,-86.63019731
9,3,500.0,1-Car,Non-incapacitating,OTHER (ENVIRONMENTAL) - EXPLAIN IN NARR,39.0789081,-86.60342217
6,3,1600.0,1-Car,No injury/unknown,SPEED TOO FAST FOR WEATHER CONDITIONS,39.07584444,-86.57108808
6,2,1900.0,1-Car,No injury/unknown,ALCOHOLIC BEVERAGES,39.07573299,-86.63640863
7,7,400.0,1-Car,No injury/unknown,ANIMAL/OBJECT IN ROADWAY,39.07572079,-86.63514019
2,1,1900.0,1-Car,No injury/unknown,ANIMAL/OBJECT IN ROADWAY,39.075648,-86.6276
3,7,2200.0,1-Car,No injury/unknown,UNSAFE SPEED,39.07536694,-86.55672
11,5,2000.0,1-Car,No injury/unknown,ALCOHOLIC BEVERAGES,39.07475444,-86.49382735
4,2,1800.0,2-Car,No injury/unknown,FAILURE TO YIELD RIGHT OF WAY,39.07439,-86.50583
2,6,2100.0,1-Car,No injury/unknown,RAN OFF ROAD RIGHT,39.07378,-86.57107
9,5,1000.0,1-Car,No injury/unknown,RAN OFF ROAD RIGHT,39.07378,-86.57107
12,6,900.0,2-Car,Non-incapacitating,FAILURE TO YIELD RIGHT OF WAY,39.07378,-86.57107
6,7,700.0,1-Car,No injury/unknown,RAN OFF ROAD RIGHT,39.073088,-86.461184
12,4,1600.0,1-Car,No injury/unknown,DRIVER DISTRACTED - EXPLAIN IN NARRATIVE,39.07244843,-86.57381062
4,3,1400.0,2-Car,Incapacitating,DISREGARD SIGNAL/REG SIGN,39.071152,-86.503088
6,5,1000.0,2-Car,Non-incapacitating,FAILURE TO YIELD RIGHT OF WAY,39.071152,-86.503088
5,3,1600.0,Moped/Motorcycle,Non-incapacitating,ALCOHOLIC BEVERAGES,39.07115,-86.50336301
11,2,1800.0,1-Car,No injury/unknown,ALCOHOLIC BEVERAGES,39.07114,-86.52541038
2,3,1700.0,2-Car,No injury/unknown,ROADWAY SURFACE CONDITION,39.07112,-86.507008
10,6,2000.0,2-Car,No injury/unknown,FAILURE TO YIELD RIGHT OF WAY,39.07112,-86.507008
1,1,1000.0,1-Car,No injury/unknown,ROADWAY SURFACE CONDITION,39.071056,-86.517488
3,5,1200.0,2-Car,Non-incapacitating,OTHER (DRIVER) - EXPLAIN IN NARRATIVE,39.071056,-86.5356
12,6,800.0,2-Car,No injury/unknown,OTHER (DRIVER) - EXPLAIN IN NARRATIVE,39.071056,-86.5356
11,6,800.0,2-Car,No injury/unknown,FAILURE TO YIELD RIGHT OF WAY,39.07100819,-86.51767924
6,6,900.0,Bus,No injury/unknown,OTHER (DRIVER) - EXPLAIN IN NARRATIVE,39.07052002,-86.5252
11,5,300.0,1-Car,No injury/unknown,OTHER (DRIVER) - EXPLAIN IN NARRATIVE,39.07045977,-86.53635211
10,7,1900.0,1-Car,No injury/unknown,ANIMAL/OBJECT IN ROADWAY,39.07008907,-86.41590172
8,7,2200.0,2-Car,Incapacitating,ALCOHOLIC BEVERAGES,39.06823193,-86.51788327
11,3,1000.0,2-Car,Non-incapacitating,OTHER (DRIVER) - EXPLAIN IN NARRATIVE,39.06756,-86.50784
1,4,800.0,3+ Cars,Non-incapacitating,ROADWAY SURFACE CONDITION,39.06705988,-86.53565108
9,3,1000.0,1-Car,Incapacitating,RAN OFF ROAD RIGHT,39.06693629,-86.53565265
5,6,1200.0,2-Car,Non-incapacitating,VIEW OBSTRUCTED,39.06678913,-86.57123388
2,1,1000.0,1-Car,No injury/unknown,ILLEGAL DRUGS,39.06635848,-86.54098
12,2,1800.0,1-Car,No injury/unknown,RAN OFF ROAD RIGHT,39.06544326,-86.63852
1,5,0.0,1-Car,No injury/unknown,ROADWAY SURFACE CONDITION,39.06227595,-86.49845689
7,5,2300.0,1-Car,No injury/unknown,OVERCORRECTING/OVERSTEERING,39.06059691,-86.52654
5,3,1500.0,2-Car,No injury/unknown,UNSAFE BACKING,39.059984,-86.498432
6,1,2300.0,1-Car,No injury/unknown,OVERCORRECTING/OVERSTEERING,39.0593298,-86.6744454
5,4,1500.0,2-Car,No injury/unknown,OTHER (DRIVER) - EXPLAIN IN NARRATIVE,39.05886555,-86.57913
12,2,600.0,1-Car,No injury/unknown,ROADWAY SURFACE CONDITION,39.05744,-86.48778
3,4,1500.0,Bus,No injury/unknown,DRIVER DISTRACTED - EXPLAIN IN NARRATIVE,39.05741569,-86.42517712
11,3,1900.0,1-Car,No injury/unknown,ANIMAL/OBJECT IN ROADWAY,39.0560475,-86.53579713
11,4,2100.0,1-Car,No injury/unknown,ALCOHOLIC BEVERAGES,39.05518482,-86.61510293
2,7,1400.0,1-Car,No injury/unknown,SPEED TOO FAST FOR WEATHER CONDITIONS,39.05508937,-86.40844554
9,6,1400.0,1-Car,Non-incapacitating,UNSAFE SPEED,39.054608,-86.498432
10,1,400.0,2-Car,No injury/unknown,RAN OFF ROAD RIGHT,39.05452987,-86.49831994
6,1,500.0,2-Car,Non-incapacitating,LEFT OF CENTER,39.05440297,-86.61370058
7,7,1200.0,1-Car,Non-incapacitating,RAN OFF ROAD RIGHT,39.05410161,-86.50782061
12,2,700.0,2-Car,No injury/unknown,ROADWAY SURFACE CONDITION,39.053744,-86.606304
5,7,200.0,1-Car,No injury/unknown,DRIVER DISTRACTED - EXPLAIN IN NARRATIVE,39.05334342,-86.5409898
4,4,1500.0,2-Car,No injury/unknown,UNSAFE BACKING,39.051871,-86.509237
4,3,1600.0,Bus,No injury/unknown,LEFT OF CENTER,39.05024,-86.609104
1,2,700.0,2-Car,No injury/unknown,FOLLOWING TOO CLOSELY,39.049456,-86.535888
3,5,1200.0,1-Car,Non-incapacitating,RAN OFF ROAD RIGHT,39.049456,-86.535888
11,7,1600.0,1-Car,No injury/unknown,DRIVER ASLEEP OR FATIGUED,39.04685878,-86.42517712
12,2,700.0,2-Car,No injury/unknown,SPEED TOO FAST FOR WEATHER CONDITIONS,39.04633154,-86.53635211
3,7,1800.0,Moped/Motorcycle,Incapacitating,ROADWAY SURFACE CONDITION,39.04583,-86.49055
1,7,1200.0,1-Car,No injury/unknown,RAN OFF ROAD RIGHT,39.042144,-86.5412
6,2,1700.0,2-Car,No injury/unknown,OTHER (DRIVER) - EXPLAIN IN NARRATIVE,39.04166989,-86.40681968
5,5,800.0,1-Car,No injury/unknown,RAN OFF ROAD RIGHT,39.036914,-86.40805717
2,1,2300.0,1-Car,No injury/unknown,ANIMAL/OBJECT IN ROADWAY,39.03688291,-86.54116739
5,3,2100.0,1-Car,No injury/unknown,UNSAFE SPEED,39.03595,-86.63793668
8,4,2000.0,1-Car,No injury/unknown,RAN OFF ROAD RIGHT,39.03248,-86.49011595
4,1,2100.0,1-Car,No injury/unknown,ANIMAL/OBJECT IN ROADWAY,39.03069,-86.66084001
10,6,900.0,1-Car,Non-incapacitating,ROADWAY SURFACE CONDITION,39.02611858,-86.40583992
12,3,0.0,1-Car,No injury/unknown,OTHER (DRIVER) - EXPLAIN IN NARRATIVE,39.02429598,-86.405296
5,6,100.0,1-Car,No injury/unknown,ALCOHOLIC BEVERAGES,39.02194123,-86.49009
4,3,300.0,1-Car,No injury/unknown,ANIMAL/OBJECT IN ROADWAY,39.02102904,-86.54219875
5,3,1500.0,2-Car,No injury/unknown,FAILURE TO YIELD RIGHT OF WAY,39.020048,-86.536096
3,2,1700.0,Pedestrian,No injury/unknown,PEDESTRIAN ACTION,39.01990426,-86.53635211
11,1,1600.0,1-Car,No injury/unknown,DISREGARD SIGNAL/REG SIGN,39.018656,-86.522896
8,1,1700.0,Moped/Motorcycle,Non-incapacitating,OTHER (DRIVER) - EXPLAIN IN NARRATIVE,39.01599389,-86.4014079
9,2,1300.0,1-Car,Non-incapacitating,RAN OFF ROAD RIGHT,39.01466981,-86.42079055
1,2,400.0,1-Car,No injury/unknown,RAN OFF ROAD RIGHT,39.01263932,-86.545056
4,6,700.0,2-Car,Non-incapacitating,FAILURE TO YIELD RIGHT OF WAY,39.011744,-86.562
5,7,2200.0,1-Car,No injury/unknown,ANIMAL/OBJECT IN ROADWAY,39.011744,-86.562
8,5,2000.0,1-Car,No injury/unknown,RAN OFF ROAD RIGHT,39.009344,-86.510096
11,6,2100.0,1-Car,No injury/unknown,ANIMAL/OBJECT IN ROADWAY,39.00919817,-86.5364409
2,7,0.0,1-Car,Non-incapacitating,RAN OFF ROAD RIGHT,39.00823887,-86.58965934
3,7,100.0,Pedestrian,Incapacitating,IMPROPER PASSING,39.00823887,-86.58965934
3,3,1100.0,2-Car,No injury/unknown,OTHER (DRIVER) - EXPLAIN IN NARRATIVE,39.00675,-86.51284
3,2,300.0,1-Car,No injury/unknown,UNSAFE SPEED,39.002752,-86.59
9,6,1600.0,2-Car,No injury/unknown,RAN OFF ROAD RIGHT,39.002752,-86.59
10,7,1300.0,2-Car,No injury/unknown,IMPROPER PASSING,38.99898236,-86.55001248
4,4,2200.0,1-Car,Non-incapacitating,ANIMAL/OBJECT IN ROADWAY,38.998496,-86.449344
9,2,700.0,1-Car,Non-incapacitating,RAN OFF ROAD RIGHT,38.99584013,-86.50840759
3,2,400.0,1-Car,No injury/unknown,RAN OFF ROAD RIGHT,38.99298716,-86.59403481
6,4,1700.0,1-Car,No injury/unknown,UNSAFE BACKING,38.992032,-86.548272
7,6,1300.0,1-Car,Non-incapacitating,ANIMAL/OBJECT IN ROADWAY,38.97408513,-86.5732966
2,6,1900.0,1-Car,Non-incapacitating,UNSAFE SPEED,38.97117687,-86.46277
4,3,700.0,1-Car,No injury/unknown,ANIMAL/OBJECT IN ROADWAY,38.96722739,-86.53635211
1,6,800.0,1-Car,No injury/unknown,RAN OFF ROAD RIGHT,38.96102152,-86.54098
1,7,700.0,1-Car,No injury/unknown,ROADWAY SURFACE CONDITION,38.95814301,-86.42870149
2,4,700.0,2-Car,No injury/unknown,LEFT OF CENTER,38.90334138,-86.48447
11,1,1700.0,1-Car,No injury/unknown,ROADWAY SURFACE CONDITION,38.88966084,-86.40682
12,7,1200.0,2-Car,No injury/unknown,FOLLOWING TOO CLOSELY,38.84736515,-86.57913641
1,4,600.0,2-Car,No injury/unknown,ROADWAY SURFACE CONDITION,38.84550338,-86.53149
1,6,1300.0,1-Car,Non-incapacitating,RAN OFF ROAD RIGHT,38.83542749,-86.49856
8,2,1000.0,3+ Cars,Non-incapacitating,RAN OFF ROAD RIGHT,38.77509938,-86.54114
4,4,1500.0,Moped/Motorcycle,Non-incapacitating,FAILURE TO YIELD RIGHT OF WAY,38.74163221,-86.57913
9,7,2000.0,2-Car,Non-incapacitating,LEFT OF CENTER,38.74162074,-86.57913641
6,2,1300.0,1-Car,No injury/unknown,ANIMAL/OBJECT IN ROADWAY,38.69408137,-86.42868
3,5,800.0,1-Car,No injury/unknown,RAN OFF ROAD RIGHT,39.335921,-86.43165
3,5,900.0,1-Car,No injury/unknown,RAN OFF ROAD RIGHT,39.335921,-86.43165
8,5,900.0,1-Car,No injury/unknown,OTHER (VEHICLE) - EXPLAIN IN NARRATIVE,39.334368,-86.5124
5,6,2100.0,1-Car,No injury/unknown,ANIMAL/OBJECT IN ROADWAY,39.33299786,-86.51357896
8,1,1500.0,1-Car,Incapacitating,UNSAFE SPEED,39.33242025,-86.61439743
12,7,1000.0,1-Car,No injury/unknown,SPEED TOO FAST FOR WEATHER CONDITIONS,39.33230161,-86.5141415
2,3,1200.0,1-Car,No injury/unknown,SPEED TOO FAST FOR WEATHER CONDITIONS,39.33204816,-86.51427777
1,4,1000.0,2-Car,Non-incapacitating,IMPROPER PASSING,39.33056658,-86.53977
7,3,700.0,1-Car,Non-incapacitating,ANIMAL/OBJECT IN ROADWAY,39.33054054,-86.38976
6,3,600.0,1-Car,No injury/unknown,ANIMAL/OBJECT IN ROADWAY,39.32828874,-86.51388174
1,4,1500.0,1-Car,No injury/unknown,UNSAFE SPEED,39.32417623,-86.51926279
9,6,1500.0,2-Car,Non-incapacitating,DRIVER DISTRACTED - EXPLAIN IN NARRATIVE,39.32106,-86.48081
9,6,900.0,Moped/Motorcycle,Non-incapacitating,ANIMAL/OBJECT IN ROADWAY,39.32100204,-86.51111253
12,1,1700.0,1-Car,No injury/unknown,ROADWAY SURFACE CONDITION,39.3189421,-86.59389021
3,6,1300.0,3+ Cars,No injury/unknown,ROADWAY SURFACE CONDITION,39.31890518,-86.48685
2,6,1300.0,1-Car,No injury/unknown,ROADWAY SURFACE CONDITION,39.31695399,-86.51079025
2,6,1300.0,1-Car,No injury/unknown,ROADWAY SURFACE CONDITION,39.31695399,-86.51079025
2,5,1800.0,1-Car,Non-incapacitating,ROADWAY SURFACE CONDITION,39.31695399,-86.51079025
8,7,0.0,1-Car,No injury/unknown,DRIVER ASLEEP OR FATIGUED,39.31695399,-86.51079025
3,6,1300.0,1-Car,No injury/unknown,RAN OFF ROAD RIGHT,39.316592,-86.453168
12,7,1000.0,1-Car,No injury/unknown,SPEED TOO FAST FOR WEATHER CONDITIONS,39.31574709,-86.51113305
11,7,2300.0,1-Car,No injury/unknown,ROADWAY SURFACE CONDITION,39.3150766,-86.51132348
5,3,2100.0,1-Car,No injury/unknown,RAN OFF ROAD RIGHT,39.31472093,-86.65783176
2,5,1700.0,1-Car,No injury/unknown,SPEED TOO FAST FOR WEATHER CONDITIONS,39.3145402,-86.51147583
2,1,1700.0,1-Car,No injury/unknown,OTHER (ENVIRONMENTAL) - EXPLAIN IN NARR,39.31173574,-86.51283861
4,2,1800.0,1-Car,No injury/unknown,ANIMAL/OBJECT IN ROADWAY,39.31173574,-86.51283861
12,7,900.0,1-Car,No injury/unknown,ROADWAY SURFACE CONDITION,39.31173574,-86.51283861
2,1,1800.0,1-Car,No injury/unknown,ALCOHOLIC BEVERAGES,39.310928,-86.685424
4,3,2000.0,2-Car,No injury/unknown,DRIVER DISTRACTED - EXPLAIN IN NARRATIVE,39.3090294,-86.498715
8,1,1400.0,1-Car,Incapacitating,PRESCRIPTION DRUGS,39.30778337,-86.48389757
2,7,1000.0,2-Car,No injury/unknown,UNSAFE BACKING,39.30740963,-86.65573782
8,4,400.0,1-Car,No injury/unknown,ALCOHOLIC BEVERAGES,39.30584,-86.631008
4,2,600.0,1-Car,No injury/unknown,ANIMAL/OBJECT IN ROADWAY,39.30564,-86.48677703
7,7,2000.0,1-Car,No injury/unknown,SPEED TOO FAST FOR WEATHER CONDITIONS,39.30404,-86.51693629
2,4,1100.0,2-Car,No injury/unknown,UNSAFE BACKING,39.30354671,-86.57776354
2,6,1500.0,2-Car,No injury/unknown,IMPROPER LANE USAGE,39.302656,-86.652448
12,6,1500.0,1-Car,Non-incapacitating,OVERCORRECTING/OVERSTEERING,39.30031,-86.53692433
2,3,1600.0,1-Car,No injury/unknown,SPEED TOO FAST FOR WEATHER CONDITIONS,39.29961876,-86.53291652
12,3,1600.0,2-Car,No injury/unknown,ROADWAY SURFACE CONDITION,39.29857608,-86.50158
11,6,1000.0,3+ Cars,No injury/unknown,OTHER (DRIVER) - EXPLAIN IN NARRATIVE,39.29645473,-86.58311
2,7,1700.0,2-Car,No injury/unknown,ROADWAY SURFACE CONDITION,39.295232,-86.57744
11,5,1300.0,2-Car,No injury/unknown,UNSAFE BACKING,39.295232,-86.57744
8,3,100.0,1-Car,No injury/unknown,OTHER (DRIVER) - EXPLAIN IN NARRATIVE,39.29138389,-86.51451
10,2,2200.0,1-Car,No injury/unknown,ROADWAY SURFACE CONDITION,39.29026435,-86.624218
12,3,1400.0,2-Car,No injury/unknown,ROADWAY SURFACE CONDITION,39.29015381,-86.51803474
5,3,1400.0,2-Car,No injury/unknown,FOLLOWING TOO CLOSELY,39.287808,-86.519024
6,4,800.0,2-Car,No injury/unknown,FAILURE TO YIELD RIGHT OF WAY,39.287808,-86.519024
1,5,900.0,2-Car,No injury/unknown,SPEED TOO FAST FOR WEATHER CONDITIONS,39.28667614,-86.42414576
11,7,400.0,1-Car,No injury/unknown,ANIMAL/OBJECT IN ROADWAY,39.2865848,-86.51982721
12,3,1300.0,2-Car,Incapacitating,SPEED TOO FAST FOR WEATHER CONDITIONS,39.2831387,-86.52178265
1,6,1200.0,2-Car,No injury/unknown,LEFT OF CENTER,39.282576,-86.411808
7,7,1600.0,1-Car,No injury/unknown,ALCOHOLIC BEVERAGES,39.28255704,-86.45840252
9,4,1200.0,1-Car,No injury/unknown,UNSAFE SPEED,39.28235,-86.48307028
5,1,1200.0,2-Car,Non-incapacitating,VIEW OBSTRUCTED,39.281744,-86.6848
10,7,1200.0,2-Car,No injury/unknown,LEFT OF CENTER,39.28170169,-86.68463934
5,5,1500.0,Bus,No injury/unknown,IMPROPER TURNING,39.28149645,-86.404749
2,3,1200.0,1-Car,Non-incapacitating,RAN OFF ROAD RIGHT,39.28147519,-86.68385625
8,5,1500.0,1-Car,Non-incapacitating,OTHER (ENVIRONMENTAL) - EXPLAIN IN NARR,39.28104738,-86.60186753
1,4,1700.0,2-Car,No injury/unknown,FAILURE TO YIELD RIGHT OF WAY,39.280496,-86.522864
7,1,1600.0,2-Car,No injury/unknown,IMPROPER TURNING,39.28040426,-86.52269173
12,2,1800.0,1-Car,Non-incapacitating,ANIMAL/OBJECT IN ROADWAY,39.27850207,-86.67809486
8,7,1200.0,3+ Cars,Non-incapacitating,UNSAFE SPEED,39.27782343,-86.6775707
12,3,1600.0,2-Car,No injury/unknown,ROADWAY SURFACE CONDITION,39.27737203,-86.50158
8,7,1600.0,1-Car,No injury/unknown,ANIMAL/OBJECT IN ROADWAY,39.27736121,-86.47045793
12,1,1100.0,1-Car,No injury/unknown,ROADWAY SURFACE CONDITION,39.27609478,-86.61126686
1,3,1700.0,1-Car,No injury/unknown,RAN OFF ROAD RIGHT,39.273888,-86.621456
4,2,2100.0,1-Car,No injury/unknown,RAN OFF ROAD RIGHT,39.27327108,-86.66309829
8,7,0.0,1-Car,Non-incapacitating,SPEED TOO FAST FOR WEATHER CONDITIONS,39.27266636,-86.46007791
8,1,0.0,Moped/Motorcycle,Fatal,UNSAFE SPEED,39.26961279,-86.4827001
1,3,1600.0,2-Car,No injury/unknown,FAILURE TO YIELD RIGHT OF WAY,39.26931665,-86.502414
11,3,1400.0,3+ Cars,No injury/unknown,SPEED TOO FAST FOR WEATHER CONDITIONS,39.26891991,-86.52287428
4,5,1800.0,2-Car,Non-incapacitating,FAILURE TO YIELD RIGHT OF WAY,39.26890488,-86.52287361
11,2,200.0,1-Car,No injury/unknown,ANIMAL/OBJECT IN ROADWAY,39.26835591,-86.52284928
11,5,500.0,2-Car,Non-incapacitating,DRIVER ASLEEP OR FATIGUED,39.26758734,-86.52281523
2,6,1800.0,1-Car,No injury/unknown,ROADWAY SURFACE CONDITION,39.266864,-86.620704
12,5,1000.0,1-Car,No injury/unknown,DRIVER DISTRACTED - EXPLAIN IN NARRATIVE,39.266864,-86.620704
2,3,1300.0,1-Car,Non-incapacitating,SPEED TOO FAST FOR WEATHER CONDITIONS,39.26643449,-86.52276416
2,6,1500.0,Bus,No injury/unknown,ROADWAY SURFACE CONDITION,39.26625687,-86.61967
8,7,0.0,1-Car,No injury/unknown,RAN OFF ROAD RIGHT,39.26616,-86.522752
9,2,1500.0,2-Car,No injury/unknown,LEFT OF CENTER,39.26597207,-86.52290574
6,6,1800.0,2-Car,No injury/unknown,DRIVER DISTRACTED - EXPLAIN IN NARRATIVE,39.26565376,-86.66453938
4,5,2000.0,2-Car,No injury/unknown,VIEW OBSTRUCTED,39.26533636,-86.52272258
4,2,0.0,1-Car,No injury/unknown,RAN OFF ROAD RIGHT,39.26455551,-86.66347879
9,4,700.0,2-Car,No injury/unknown,FOLLOWING TOO CLOSELY,39.26432533,-86.54286
10,7,800.0,2-Car,No injury/unknown,FOLLOWING TOO CLOSELY,39.263024,-86.52264
12,5,2000.0,1-Car,No injury/unknown,SPEED TOO FAST FOR WEATHER CONDITIONS,39.263024,-86.52264
8,1,1700.0,1-Car,No injury/unknown,ANIMAL/OBJECT IN ROADWAY,39.26257605,-86.54620135
3,1,300.0,1-Car,Non-incapacitating,ALCOHOLIC BEVERAGES,39.262089,-86.415173
7,2,1700.0,1-Car,No injury/unknown,RAN OFF ROAD RIGHT,39.26206124,-86.659315
6,3,1100.0,2-Car,No injury/unknown,IMPROPER LANE USAGE,39.26158153,-86.51702267
4,5,1400.0,2-Car,No injury/unknown,OTHER (DRIVER) - EXPLAIN IN NARRATIVE,39.26128885,-86.52247292
8,7,1300.0,2-Car,No injury/unknown,OTHER (DRIVER) - EXPLAIN IN NARRATIVE,39.26128885,-86.52247292
1,1,100.0,1-Car,Non-incapacitating,DRIVER ASLEEP OR FATIGUED,39.26041222,-86.52349167
10,7,1500.0,3+ Cars,No injury/unknown,FOLLOWING TOO CLOSELY,39.25958926,-86.65758113
12,6,1000.0,2-Car,No injury/unknown,FAILURE TO YIELD RIGHT OF WAY,39.25958926,-86.6575638
9,6,600.0,2-Car,No injury/unknown,OTHER (DRIVER) - EXPLAIN IN NARRATIVE,39.258336,-86.523037
12,7,1000.0,1-Car,No injury/unknown,ROADWAY SURFACE CONDITION,39.2582942,-86.52481843
3,4,900.0,2-Car,No injury/unknown,FOLLOWING TOO CLOSELY,39.25820961,-86.65674683
2,5,1700.0,3+ Cars,Incapacitating,LEFT OF CENTER,39.25807719,-86.65668149
7,5,2200.0,Moped/Motorcycle,Fatal,UNSAFE SPEED,39.25667748,-86.49055
7,4,2200.0,1-Car,No injury/unknown,OTHER (DRIVER) - EXPLAIN IN NARRATIVE,39.25662215,-86.41390904
10,2,700.0,1-Car,No injury/unknown,OTHER (DRIVER) - EXPLAIN IN NARRATIVE,39.25549182,-86.52663118
5,5,2100.0,1-Car,No injury/unknown,ANIMAL/OBJECT IN ROADWAY,39.25473997,-86.58904465
6,6,1600.0,1-Car,No injury/unknown,DRIVER ASLEEP OR FATIGUED,39.25471584,-86.52948093
6,6,1300.0,2-Car,No injury/unknown,IMPROPER LANE USAGE,39.25437115,-86.52737437
3,6,1600.0,1-Car,No injury/unknown,ROADWAY SURFACE CONDITION,39.25347374,-86.65441007
4,2,1700.0,2-Car,No injury/unknown,OTHER (DRIVER) - EXPLAIN IN NARRATIVE,39.252448,-86.653904
3,5,1700.0,1-Car,No injury/unknown,OTHER (DRIVER) - EXPLAIN IN NARRATIVE,39.252336,-86.620512
7,4,0.0,1-Car,No injury/unknown,TIRE FAILURE OR DEFECTIVE,39.25174681,-86.52899424
4,7,400.0,2-Car,No injury/unknown,OTHER (DRIVER) - EXPLAIN IN NARRATIVE,39.251616,-86.524208
1,1,900.0,2-Car,No injury/unknown,IMPROPER PASSING,39.25152957,-86.46394305
10,5,1700.0,2-Car,No injury/unknown,FOLLOWING TOO CLOSELY,39.2514082,-86.52922919
12,7,1100.0,1-Car,No injury/unknown,SPEED TOO FAST FOR WEATHER CONDITIONS,39.251344,-86.464608
2,3,2200.0,1-Car,No injury/unknown,OTHER (DRIVER) - EXPLAIN IN NARRATIVE,39.251296,-86.500832
4,2,1700.0,2-Car,Non-incapacitating,ACCELERATOR FAILURE OR DEFECTIVE,39.251296,-86.500832
12,3,1800.0,1-Car,No injury/unknown,OTHER (ENVIRONMENTAL) - EXPLAIN IN NARR,39.2512,-86.652504
10,3,1900.0,2-Car,No injury/unknown,FOLLOWING TOO CLOSELY,39.25087735,-86.50224214
9,1,1800.0,2-Car,No injury/unknown,FOLLOWING TOO CLOSELY,39.250688,-86.529744
9,1,1800.0,2-Car,No injury/unknown,FOLLOWING TOO CLOSELY,39.250688,-86.529744
9,1,1800.0,Bus,No injury/unknown,FOLLOWING TOO CLOSELY,39.250688,-86.529744
12,3,1400.0,2-Car,No injury/unknown,ROADWAY SURFACE CONDITION,39.25037815,-86.65158204
11,7,1000.0,1-Car,Non-incapacitating,DRIVER ASLEEP OR FATIGUED,39.2487839,-86.53145486
1,4,1700.0,1-Car,Incapacitating,ALCOHOLIC BEVERAGES,39.24807442,-86.4028573
1,5,2000.0,1-Car,No injury/unknown,RAN OFF ROAD RIGHT,39.24744,-86.547792
2,6,2300.0,1-Car,No injury/unknown,ROADWAY SURFACE CONDITION,39.24744,-86.547792
4,2,1800.0,1-Car,No injury/unknown,RAN OFF ROAD RIGHT,39.24728,-86.54791982
6,2,1300.0,2-Car,Non-incapacitating,FAILURE TO YIELD RIGHT OF WAY,39.245744,-86.636896
2,4,900.0,Bus,Non-incapacitating,OTHER (DRIVER) - EXPLAIN IN NARRATIVE,39.245744,-86.636896
8,5,1700.0,1-Car,No injury/unknown,OTHER (DRIVER) - EXPLAIN IN NARRATIVE,39.24571714,-86.6367354
1,4,1100.0,2-Car,Non-incapacitating,IMPROPER LANE USAGE,39.24568299,-86.63670124
2,4,600.0,2-Car,No injury/unknown,FAILURE TO YIELD RIGHT OF WAY,39.24559809,-86.54219875
9,4,1200.0,Moped/Motorcycle,Fatal,LEFT OF CENTER,39.24507158,-86.52872
6,1,1700.0,1-Car,No injury/unknown,DRIVER ASLEEP OR FATIGUED,39.244603,-86.56843
11,2,2000.0,,No injury/unknown,DRIVER DISTRACTED - EXPLAIN IN NARRATIVE,39.24409,-86.61489662
7,2,700.0,1-Car,No injury/unknown,UNSAFE SPEED,39.2423388,-86.49587315
7,5,1100.0,1-Car,Non-incapacitating,DRIVER DISTRACTED - EXPLAIN IN NARRATIVE,39.24219863,-86.56199
1,3,1200.0,1-Car,Non-incapacitating,OVERCORRECTING/OVERSTEERING,39.24154266,-86.40646483
12,2,900.0,2-Car,Non-incapacitating,BRAKE FAILURE OR DEFECTIVE,39.24084976,-86.53651714
6,6,1600.0,2-Car,No injury/unknown,FOLLOWING TOO CLOSELY,39.24084504,-86.5609886
1,5,1500.0,1-Car,No injury/unknown,OVERCORRECTING/OVERSTEERING,39.24065,-86.44318678
7,1,1000.0,1-Car,No injury/unknown,ANIMAL/OBJECT IN ROADWAY,39.24032,-86.49928
10,1,100.0,1-Car,No injury/unknown,RAN OFF ROAD RIGHT,39.24028,-86.49928298
12,5,1300.0,1-Car,No injury/unknown,DRIVER DISTRACTED - EXPLAIN IN NARRATIVE,39.23990387,-86.55525124
3,5,1800.0,1-Car,No injury/unknown,CELL PHONE USAGE,39.23974,-86.49944325
10,7,2200.0,1-Car,No injury/unknown,OTHER (DRIVER) - EXPLAIN IN NARRATIVE,39.23946549,-86.38675223
1,5,500.0,1-Car,Non-incapacitating,ILLEGAL DRUGS,39.238848,-86.630096