Month,Day,Hour,Collision Type,Injury Type,Primary Factor,Latitude,Longitude
5,5,1400.0,2-Car,Non-incapacitating,DRIVER DISTRACTED - EXPLAIN IN NARRATIVE,39.23821418,-86.62403141
8,6,1900.0,1-Car,No injury/unknown,SPEED TOO FAST FOR WEATHER CONDITIONS,39.23779071,-86.61384743
3,6,1000.0,2-Car,No injury/unknown,LEFT OF CENTER,39.2375,-86.44823513
6,2,900.0,1-Car,Non-incapacitating,RAN OFF ROAD RIGHT,39.237248,-86.629296
7,2,1000.0,1-Car,Non-incapacitating,RAN OFF ROAD RIGHT,39.23720183,-86.5927738
7,6,2100.0,Moped/Motorcycle,Non-incapacitating,FAILURE TO YIELD RIGHT OF WAY,39.23713261,-86.62920025
5,7,1300.0,2-Car,No injury/unknown,IMPROPER LANE USAGE,39.23707456,-86.62740615
2,7,800.0,1-Car,No injury/unknown,RAN OFF ROAD RIGHT,39.23675252,-86.62690026
11,3,1700.0,1-Car,No injury/unknown,RAN OFF ROAD RIGHT,39.236288,-86.628336
7,7,2200.0,2-Car,No injury/unknown,UNSAFE BACKING,39.236224,-86.630976
4,2,700.0,2-Car,Non-incapacitating,OTHER (DRIVER) - EXPLAIN IN NARRATIVE,39.236096,-86.625168
10,5,1700.0,2-Car,No injury/unknown,FAILURE TO YIELD RIGHT OF WAY,39.23547129,-86.62420614
1,2,700.0,2-Car,No injury/unknown,,39.23535783,-86.62550005
8,3,800.0,2-Car,No injury/unknown,IMPROPER LANE USAGE,39.23501287,-86.50224214
1,1,1900.0,2-Car,No injury/unknown,DRIVER DISTRACTED - EXPLAIN IN NARRATIVE,39.234944,-86.623392
8,4,1600.0,2-Car,No injury/unknown,FAILURE TO YIELD RIGHT OF WAY,39.234768,-86.626384
1,4,1800.0,2-Car,No injury/unknown,FAILURE TO YIELD RIGHT OF WAY,39.234768,-86.626384
9,6,1500.0,2-Car,Non-incapacitating,FAILURE TO YIELD RIGHT OF WAY,39.23451,-86.64004
4,3,1400.0,2-Car,Non-incapacitating,FAILURE TO YIELD RIGHT OF WAY,39.23451,-86.64004
4,6,1500.0,2-Car,No injury/unknown,IMPROPER TURNING,39.23421196,-86.62564939
9,4,1500.0,2-Car,No injury/unknown,OTHER (DRIVER) - EXPLAIN IN NARRATIVE,39.23408797,-86.62533426
12,5,2300.0,2-Car,No injury/unknown,FAILURE TO YIELD RIGHT OF WAY,39.23402598,-86.62517669
1,5,1500.0,2-Car,No injury/unknown,DISREGARD SIGNAL/REG SIGN,39.2339214,-86.62200951
2,3,1800.0,2-Car,No injury/unknown,SPEED TOO FAST FOR WEATHER CONDITIONS,39.2339214,-86.62200951
7,2,1800.0,2-Car,Non-incapacitating,FAILURE TO YIELD RIGHT OF WAY,39.23384,-86.624704
9,4,1100.0,2-Car,Non-incapacitating,FOLLOWING TOO CLOSELY,39.23384,-86.624704
6,3,1400.0,2-Car,No injury/unknown,FAILURE TO YIELD RIGHT OF WAY,39.23384,-86.624704
6,7,1200.0,2-Car,No injury/unknown,IMPROPER LANE USAGE,39.23379444,-86.62463794
5,1,900.0,2-Car,No injury/unknown,IMPROPER LANE USAGE,39.23374889,-86.62457188
6,4,1800.0,2-Car,No injury/unknown,FAILURE TO YIELD RIGHT OF WAY,39.23365777,-86.62443977
2,3,1600.0,2-Car,No injury/unknown,OTHER (DRIVER) - EXPLAIN IN NARRATIVE,39.23361137,-86.62437249
3,5,700.0,1-Car,Non-incapacitating,ROADWAY SURFACE CONDITION,39.23358095,-86.46191
5,6,700.0,2-Car,No injury/unknown,FAILURE TO YIELD RIGHT OF WAY,39.23352,-86.62424
6,7,1700.0,2-Car,Non-incapacitating,FAILURE TO YIELD RIGHT OF WAY,39.232688,-86.623056
7,7,2200.0,2-Car,No injury/unknown,SPEED TOO FAST FOR WEATHER CONDITIONS,39.232688,-86.623056
9,2,1700.0,2-Car,No injury/unknown,FAILURE TO YIELD RIGHT OF WAY,39.232688,-86.623056
1,4,2000.0,2-Car,No injury/unknown,OTHER (VEHICLE) - EXPLAIN IN NARRATIVE,39.232544,-86.540704
3,5,700.0,1-Car,No injury/unknown,ROADWAY SURFACE CONDITION,39.232544,-86.540704
5,5,800.0,2-Car,No injury/unknown,FAILURE TO YIELD RIGHT OF WAY,39.232544,-86.540704
7,7,2200.0,1-Car,Non-incapacitating,SPEED TOO FAST FOR WEATHER CONDITIONS,39.232544,-86.540704
7,7,1900.0,2-Car,No injury/unknown,OTHER (DRIVER) - EXPLAIN IN NARRATIVE,39.232544,-86.540704
7,3,2100.0,1-Car,No injury/unknown,OTHER (DRIVER) - EXPLAIN IN NARRATIVE,39.232544,-86.540704
10,6,200.0,2-Car,No injury/unknown,UNSAFE BACKING,39.232544,-86.540704
12,3,1200.0,2-Car,No injury/unknown,OTHER (DRIVER) - EXPLAIN IN NARRATIVE,39.232544,-86.540704
12,3,2200.0,1-Car,No injury/unknown,RAN OFF ROAD RIGHT,39.232544,-86.540704
7,5,700.0,2-Car,No injury/unknown,FOLLOWING TOO CLOSELY,39.232064,-86.622176
11,5,2000.0,1-Car,No injury/unknown,ROADWAY SURFACE CONDITION,39.231952,-86.573696
1,4,1100.0,2-Car,No injury/unknown,FAILURE TO YIELD RIGHT OF WAY,39.23191168,-86.53471
7,5,700.0,1-Car,Non-incapacitating,OTHER (DRIVER) - EXPLAIN IN NARRATIVE,39.23184,-86.50648976
12,7,1300.0,2-Car,No injury/unknown,SPEED TOO FAST FOR WEATHER CONDITIONS,39.23184,-86.50642055
10,6,1800.0,1-Car,Non-incapacitating,UNSAFE SPEED,39.23164485,-86.67094287
7,3,1700.0,1-Car,Non-incapacitating,DRIVER DISTRACTED - EXPLAIN IN NARRATIVE,39.23144,-86.621296
4,2,800.0,2-Car,No injury/unknown,OTHER (DRIVER) - EXPLAIN IN NARRATIVE,39.23144,-86.621296
4,6,700.0,2-Car,Non-incapacitating,OTHER (DRIVER) - EXPLAIN IN NARRATIVE,39.231424,-86.622944
1,5,1300.0,2-Car,Non-incapacitating,DISREGARD SIGNAL/REG SIGN,39.231424,-86.622944
1,1,1100.0,3+ Cars,Non-incapacitating,LEFT OF CENTER,39.231312,-86.63816
8,4,300.0,1-Car,No injury/unknown,ALCOHOLIC BEVERAGES,39.23129,-86.62452866
5,3,1600.0,1-Car,No injury/unknown,UNSAFE BACKING,39.23128,-86.635728
3,7,1500.0,1-Car,No injury/unknown,UNSAFE SPEED,39.23125422,-86.61865588
7,2,1300.0,1-Car,No injury/unknown,CELL PHONE USAGE,39.2312,-86.59268341
10,4,700.0,1-Car,No injury/unknown,ANIMAL/OBJECT IN ROADWAY,39.2312,-86.59270939
12,1,1000.0,2-Car,No injury/unknown,FAILURE TO YIELD RIGHT OF WAY,39.230784,-86.623728
2,5,900.0,1-Car,No injury/unknown,OVERCORRECTING/OVERSTEERING,39.230752,-86.424096
10,6,100.0,1-Car,No injury/unknown,OTHER (ENVIRONMENTAL) - EXPLAIN IN NARR,39.23074878,-86.42411983
3,7,800.0,1-Car,No injury/unknown,RAN OFF ROAD RIGHT,39.23069867,-86.62025349
1,3,1300.0,2-Car,No injury/unknown,BRAKE FAILURE OR DEFECTIVE,39.230544,-86.42
10,1,1500.0,2-Car,No injury/unknown,IMPROPER TURNING,39.230544,-86.42
9,7,2100.0,1-Car,No injury/unknown,UNSAFE SPEED,39.23049265,-86.42017769
6,4,400.0,1-Car,Non-incapacitating,ANIMAL/OBJECT IN ROADWAY,39.23031,-86.4733813
9,5,1100.0,2-Car,Non-incapacitating,FAILURE TO YIELD RIGHT OF WAY,39.23027467,-86.61965724
10,1,1300.0,2-Car,Non-incapacitating,FAILURE TO YIELD RIGHT OF WAY,39.23027467,-86.61965724
8,7,1300.0,2-Car,No injury/unknown,FAILURE TO YIELD RIGHT OF WAY,39.230048,-86.4316
9,4,1200.0,3+ Cars,Non-incapacitating,OTHER (DRIVER) - EXPLAIN IN NARRATIVE,39.229904,-86.619136
11,6,1400.0,1-Car,No injury/unknown,OVERCORRECTING/OVERSTEERING,39.22984002,-86.49493724
3,6,1700.0,2-Car,No injury/unknown,FOLLOWING TOO CLOSELY,39.22972139,-86.61887222
1,7,2100.0,1-Car,Non-incapacitating,ALCOHOLIC BEVERAGES,39.22967686,-86.50832176
3,5,100.0,1-Car,Non-incapacitating,ALCOHOLIC BEVERAGES,39.22935,-86.61849732
6,1,1700.0,2-Car,Non-incapacitating,DRIVER DISTRACTED - EXPLAIN IN NARRATIVE,39.22764788,-86.61591015
11,2,1800.0,2-Car,No injury/unknown,FOLLOWING TOO CLOSELY,39.22764788,-86.61591015
10,5,1800.0,2-Car,No injury/unknown,BRAKE FAILURE OR DEFECTIVE,39.22764788,-86.61591015
3,3,1800.0,2-Car,No injury/unknown,OTHER (DRIVER) - EXPLAIN IN NARRATIVE,39.22764788,-86.61593613
5,4,1100.0,2-Car,Non-incapacitating,DRIVER DISTRACTED - EXPLAIN IN NARRATIVE,39.22764788,-86.61591015
5,4,1400.0,2-Car,Non-incapacitating,FAILURE TO YIELD RIGHT OF WAY,39.22764788,-86.61591015
1,6,1700.0,2-Car,No injury/unknown,OTHER (DRIVER) - EXPLAIN IN NARRATIVE,39.22764788,-86.61591015
1,4,1100.0,3+ Cars,Non-incapacitating,FOLLOWING TOO CLOSELY,39.22764788,-86.61591448
7,3,1700.0,2-Car,No injury/unknown,DISREGARD SIGNAL/REG SIGN,39.22764788,-86.61591015
11,6,2100.0,2-Car,Non-incapacitating,FAILURE TO YIELD RIGHT OF WAY,39.22764788,-86.61591015
7,5,2100.0,1-Car,No injury/unknown,ANIMAL/OBJECT IN ROADWAY,39.22605818,-86.53701
12,3,1700.0,1-Car,No injury/unknown,ROADWAY SURFACE CONDITION,39.22555741,-86.43851898
7,7,200.0,1-Car,No injury/unknown,RAN OFF ROAD RIGHT,39.22464,-86.53903298
10,3,1500.0,1-Car,Non-incapacitating,RAN OFF ROAD RIGHT,39.22365547,-86.59272015
5,3,2200.0,Moped/Motorcycle,Non-incapacitating,DRIVER DISTRACTED - EXPLAIN IN NARRATIVE,39.22312502,-86.53309
7,7,900.0,1-Car,Non-incapacitating,UNSAFE SPEED,39.22304,-86.569696
10,3,1500.0,1-Car,No injury/unknown,OTHER (DRIVER) - EXPLAIN IN NARRATIVE,39.22304,-86.569696
8,5,1600.0,2-Car,Non-incapacitating,FAILURE TO YIELD RIGHT OF WAY,39.222752,-86.550096
11,6,2200.0,2-Car,No injury/unknown,OTHER (DRIVER) - EXPLAIN IN NARRATIVE,39.222752,-86.550096
8,5,400.0,2-Car,No injury/unknown,OTHER (DRIVER) - EXPLAIN IN NARRATIVE,39.222544,-86.605328
6,5,2100.0,1-Car,No injury/unknown,ANIMAL/OBJECT IN ROADWAY,39.22217982,-86.42870149
10,3,1500.0,Bus,No injury/unknown,LEFT OF CENTER,39.22198844,-86.54286
12,2,100.0,1-Car,No injury/unknown,ALCOHOLIC BEVERAGES,39.221884,-86.590936
12,3,800.0,Bus,No injury/unknown,OTHER (DRIVER) - EXPLAIN IN NARRATIVE,39.22164072,-86.60643081
2,1,2100.0,2-Car,No injury/unknown,OTHER (DRIVER) - EXPLAIN IN NARRATIVE,39.22150335,-86.62630559
6,4,1400.0,1-Car,Non-incapacitating,RAN OFF ROAD RIGHT,39.22148693,-86.54982587
3,5,1000.0,2-Car,No injury/unknown,UNSAFE BACKING,39.22140752,-86.51242
11,4,1800.0,2-Car,No injury/unknown,FAILURE TO YIELD RIGHT OF WAY,39.2212514,-86.60576898
6,3,1400.0,3+ Cars,No injury/unknown,OTHER (DRIVER) - EXPLAIN IN NARRATIVE,39.2212017,-86.60568449
9,7,1400.0,2-Car,Non-incapacitating,DISREGARD SIGNAL/REG SIGN,39.221152,-86.6056
3,3,1700.0,3+ Cars,No injury/unknown,FOLLOWING TOO CLOSELY,39.221152,-86.6056
2,4,1000.0,1-Car,No injury/unknown,RAN OFF ROAD RIGHT,39.22110101,-86.45435055
4,6,1100.0,2-Car,Non-incapacitating,OTHER (DRIVER) - EXPLAIN IN NARRATIVE,39.22105821,-86.60547104
2,6,600.0,1-Car,No injury/unknown,ROADWAY SURFACE CONDITION,39.220944,-86.612192
8,3,1200.0,1-Car,No injury/unknown,SPEED TOO FAST FOR WEATHER CONDITIONS,39.22076113,-86.550327
4,3,1200.0,1-Car,No injury/unknown,RAN OFF ROAD RIGHT,39.22012454,-86.44274395
3,3,800.0,2-Car,No injury/unknown,FOLLOWING TOO CLOSELY,39.22003082,-86.55081748
11,1,1900.0,1-Car,No injury/unknown,ANIMAL/OBJECT IN ROADWAY,39.22003082,-86.55081748
4,1,100.0,1-Car,Non-incapacitating,ALCOHOLIC BEVERAGES,39.21978638,-86.51832104
3,1,1400.0,2-Car,No injury/unknown,FAILURE TO YIELD RIGHT OF WAY,39.21940042,-86.4445566
8,3,1000.0,1-Car,Non-incapacitating,OTHER (DRIVER) - EXPLAIN IN NARRATIVE,39.2188716,-86.4529053
12,4,1500.0,1-Car,No injury/unknown,ANIMAL/OBJECT IN ROADWAY,39.21832059,-86.60089889
1,3,1000.0,2-Car,Non-incapacitating,FAILURE TO YIELD RIGHT OF WAY,39.21771174,-86.59986995
12,2,900.0,2-Car,No injury/unknown,FAILURE TO YIELD RIGHT OF WAY,39.21771006,-86.59986712
11,6,700.0,2-Car,No injury/unknown,FAILURE TO YIELD RIGHT OF WAY,39.21766,-86.59268
6,3,1400.0,2-Car,No injury/unknown,FOLLOWING TOO CLOSELY,39.2172962,-86.5732966
8,6,2100.0,2-Car,Non-incapacitating,FAILURE TO YIELD RIGHT OF WAY,39.21702546,-86.59835007
4,6,700.0,2-Car,No injury/unknown,FAILURE TO YIELD RIGHT OF WAY,39.21687,-86.65872
12,6,1500.0,2-Car,Non-incapacitating,FAILURE TO YIELD RIGHT OF WAY,39.21679403,-86.59269333
3,4,400.0,1-Car,Non-incapacitating,RAN OFF ROAD RIGHT,39.21657,-86.63978336
1,3,900.0,1-Car,No injury/unknown,RAN OFF ROAD RIGHT,39.21647369,-86.63057927
3,3,300.0,1-Car,No injury/unknown,DRIVER ASLEEP OR FATIGUED,39.21544002,-86.54679787
6,2,100.0,1-Car,No injury/unknown,ANIMAL/OBJECT IN ROADWAY,39.215344,-86.521392
1,6,1500.0,2-Car,No injury/unknown,LEFT OF CENTER,39.21532,-86.6013
12,3,1900.0,2-Car,No injury/unknown,ROADWAY SURFACE CONDITION,39.215312,-86.517776
4,5,1800.0,2-Car,No injury/unknown,DRIVER DISTRACTED - EXPLAIN IN NARRATIVE,39.21526189,-86.59312357
7,2,1200.0,2-Car,Non-incapacitating,OTHER (DRIVER) - EXPLAIN IN NARRATIVE,39.21517398,-86.59286472
11,6,700.0,2-Car,Non-incapacitating,FAILURE TO YIELD RIGHT OF WAY,39.215152,-86.5928
1,4,1300.0,2-Car,Non-incapacitating,FOLLOWING TOO CLOSELY,39.215152,-86.5928
1,4,1700.0,2-Car,Non-incapacitating,FOLLOWING TOO CLOSELY,39.215152,-86.5928
8,2,1300.0,2-Car,No injury/unknown,OTHER (DRIVER) - EXPLAIN IN NARRATIVE,39.215152,-86.5928
8,6,800.0,2-Car,Non-incapacitating,FAILURE TO YIELD RIGHT OF WAY,39.215152,-86.5928
12,7,1100.0,3+ Cars,No injury/unknown,SPEED TOO FAST FOR WEATHER CONDITIONS,39.215152,-86.5928
6,7,1900.0,2-Car,Incapacitating,OTHER (ENVIRONMENTAL) - EXPLAIN IN NARR,39.21513987,-86.59268796
5,6,700.0,1-Car,No injury/unknown,ANIMAL/OBJECT IN ROADWAY,39.21496269,-86.55331485
2,4,900.0,1-Car,Non-incapacitating,SPEED TOO FAST FOR WEATHER CONDITIONS,39.2149501,-86.50985892
5,6,1400.0,1-Car,Non-incapacitating,DRIVER ILLNESS,39.214752,-86.47282539
2,3,400.0,1-Car,Non-incapacitating,DRIVER ASLEEP OR FATIGUED,39.214752,-86.477504
6,1,1000.0,Moped/Motorcycle,Non-incapacitating,ROADWAY SURFACE CONDITION,39.21458709,-86.39936775
12,7,1500.0,1-Car,No injury/unknown,ROADWAY SURFACE CONDITION,39.214581,-86.629106
6,2,1700.0,1-Car,Non-incapacitating,DRIVER ASLEEP OR FATIGUED,39.21426961,-86.50841283
12,3,1600.0,1-Car,No injury/unknown,ROADWAY SURFACE CONDITION,39.214144,-86.48378748
11,3,1600.0,1-Car,No injury/unknown,OVERCORRECTING/OVERSTEERING,39.214084,-86.479105
10,3,1500.0,1-Car,No injury/unknown,FAILURE TO YIELD RIGHT OF WAY,39.21386023,-86.50224214
12,3,1500.0,2-Car,No injury/unknown,FAILURE TO YIELD RIGHT OF WAY,39.21278077,-86.53454
2,3,1800.0,2-Car,No injury/unknown,ROADWAY SURFACE CONDITION,39.21275323,-86.49217108
1,5,900.0,1-Car,No injury/unknown,ANIMAL/OBJECT IN ROADWAY,39.212752,-86.463488
5,1,1500.0,2-Car,Non-incapacitating,LEFT OF CENTER,39.21242296,-86.53484
11,1,200.0,2-Car,Non-incapacitating,RAN OFF ROAD RIGHT,39.2123076,-86.55386352
4,1,800.0,2-Car,No injury/unknown,OTHER (DRIVER) - EXPLAIN IN NARRATIVE,39.21227,-86.532416
8,4,1600.0,2-Car,Non-incapacitating,FAILURE TO YIELD RIGHT OF WAY,39.212048,-86.5872
4,5,2100.0,1-Car,Non-incapacitating,ALCOHOLIC BEVERAGES,39.21193751,-86.50167711
9,3,500.0,1-Car,No injury/unknown,OVERCORRECTING/OVERSTEERING,39.21193,-86.49621299
10,3,1600.0,1-Car,Non-incapacitating,ROADWAY SURFACE CONDITION,39.21193,-86.4961265
12,7,1600.0,1-Car,No injury/unknown,RAN OFF ROAD RIGHT,39.21193,-86.4959535
9,2,1200.0,1-Car,No injury/unknown,RAN OFF ROAD RIGHT,39.21186338,-86.46085676
2,4,1600.0,2-Car,No injury/unknown,DRIVER DISTRACTED - EXPLAIN IN NARRATIVE,39.21182648,-86.49729328
9,2,1700.0,2-Car,No injury/unknown,UNSAFE BACKING,39.21168,-86.559184
9,7,0.0,1-Car,No injury/unknown,ALCOHOLIC BEVERAGES,39.21168,-86.4990681
6,4,1200.0,2-Car,No injury/unknown,OTHER (DRIVER) - EXPLAIN IN NARRATIVE,39.21055646,-86.58390563
12,2,1600.0,2-Car,No injury/unknown,FAILURE TO YIELD RIGHT OF WAY,39.21021382,-86.5830023
6,7,1000.0,2-Car,No injury/unknown,SPEED TOO FAST FOR WEATHER CONDITIONS,39.210144,-86.5832
6,7,0.0,2-Car,No injury/unknown,IMPROPER LANE USAGE,39.210144,-86.5832
12,2,1700.0,2-Car,Non-incapacitating,OTHER (DRIVER) - EXPLAIN IN NARRATIVE,39.210144,-86.5832
12,3,1600.0,2-Car,No injury/unknown,SPEED TOO FAST FOR WEATHER CONDITIONS,39.210144,-86.5832
11,7,300.0,1-Car,No injury/unknown,RAN OFF ROAD RIGHT,39.21010245,-86.58313422
5,6,1800.0,2-Car,No injury/unknown,FOLLOWING TOO CLOSELY,39.20993801,-86.5832
8,4,600.0,2-Car,Non-incapacitating,FAILURE TO YIELD RIGHT OF WAY,39.20979593,-86.58265377
7,3,1100.0,2-Car,No injury/unknown,UNSAFE BACKING,39.209658,-86.582275
3,6,1900.0,1-Car,No injury/unknown,SPEED TOO FAST FOR WEATHER CONDITIONS,39.20959587,-86.55442385
8,2,1800.0,2-Car,No injury/unknown,UNSAFE BACKING,39.20911516,-86.61138564
11,2,800.0,1-Car,No injury/unknown,ROADWAY SURFACE CONDITION,39.20900668,-86.39529576
9,2,700.0,1-Car,Non-incapacitating,RAN OFF ROAD RIGHT,39.20868422,-86.4668481
4,6,1500.0,2-Car,No injury/unknown,OTHER (DRIVER) - EXPLAIN IN NARRATIVE,39.208544,-86.611504
8,2,2100.0,1-Car,No injury/unknown,RAN OFF ROAD RIGHT,39.20839016,-86.55359286
2,6,1300.0,1-Car,No injury/unknown,OVERCORRECTING/OVERSTEERING,39.20824,-86.552192
4,3,2000.0,2-Car,No injury/unknown,DRIVER DISTRACTED - EXPLAIN IN NARRATIVE,39.20824,-86.554704
5,6,1500.0,1-Car,No injury/unknown,OTHER (ENVIRONMENTAL) - EXPLAIN IN NARR,39.20824,-86.58842
5,3,2000.0,2-Car,No injury/unknown,FAILURE TO YIELD RIGHT OF WAY,39.20824,-86.554704
6,6,1600.0,2-Car,No injury/unknown,DRIVER DISTRACTED - EXPLAIN IN NARRATIVE,39.20824,-86.554704
10,2,700.0,2-Car,No injury/unknown,FAILURE TO YIELD RIGHT OF WAY,39.20824,-86.554704
10,7,1800.0,1-Car,No injury/unknown,ANIMAL/OBJECT IN ROADWAY,39.20818535,-86.57915124
5,7,1000.0,2-Car,Non-incapacitating,DRIVER DISTRACTED - EXPLAIN IN NARRATIVE,39.20816953,-86.52941734
10,5,1000.0,2-Car,Non-incapacitating,OTHER (DRIVER) - EXPLAIN IN NARRATIVE,39.208144,-86.5832
2,6,1700.0,1-Car,No injury/unknown,RAN OFF ROAD RIGHT,39.208144,-86.5832
2,5,1700.0,2-Car,No injury/unknown,DRIVER DISTRACTED - EXPLAIN IN NARRATIVE,39.2080578,-86.57668546
2,5,1900.0,1-Car,No injury/unknown,OTHER (ENVIRONMENTAL) - EXPLAIN IN NARR,39.208048,-86.528704
2,4,0.0,1-Car,No injury/unknown,RAN OFF ROAD RIGHT,39.208048,-86.528704
4,3,0.0,1-Car,Non-incapacitating,ALCOHOLIC BEVERAGES,39.208048,-86.528704
9,5,2000.0,2-Car,Non-incapacitating,ROADWAY SURFACE CONDITION,39.208048,-86.528704
10,3,1700.0,1-Car,No injury/unknown,ROADWAY SURFACE CONDITION,39.208048,-86.528704
10,3,1300.0,1-Car,Non-incapacitating,RAN OFF ROAD RIGHT,39.208048,-86.528704
11,7,1200.0,2-Car,Non-incapacitating,SPEED TOO FAST FOR WEATHER CONDITIONS,39.208048,-86.528704
11,4,1700.0,2-Car,No injury/unknown,OTHER (DRIVER) - EXPLAIN IN NARRATIVE,39.20803,-86.57891
2,6,1500.0,1-Car,No injury/unknown,ALCOHOLIC BEVERAGES,39.20802,-86.52872
7,4,1500.0,2-Car,No injury/unknown,LEFT OF CENTER,39.20802,-86.52872865
10,3,1300.0,2-Car,Non-incapacitating,LEFT OF CENTER,39.20802,-86.52869404
8,4,1700.0,2-Car,No injury/unknown,FAILURE TO YIELD RIGHT OF WAY,39.20781621,-86.58316076
11,6,500.0,3+ Cars,No injury/unknown,RAN OFF ROAD RIGHT,39.20775613,-86.59221194
1,6,2000.0,1-Car,No injury/unknown,ROADWAY SURFACE CONDITION,39.20766,-86.42372
5,3,1700.0,2-Car,Non-incapacitating,LEFT OF CENTER,39.20762085,-86.52663589
8,5,100.0,Moped/Motorcycle,Non-incapacitating,ALCOHOLIC BEVERAGES,39.20756967,-86.57364702
6,3,1400.0,2-Car,Non-incapacitating,FAILURE TO YIELD RIGHT OF WAY,39.20751954,-86.55379641
9,7,900.0,2-Car,Non-incapacitating,FAILURE TO YIELD RIGHT OF WAY,39.20717225,-86.58312
2,6,1000.0,1-Car,No injury/unknown,OTHER (ENVIRONMENTAL) - EXPLAIN IN NARR,39.20704,-86.534704
7,7,1600.0,2-Car,No injury/unknown,FAILURE TO YIELD RIGHT OF WAY,39.20704,-86.534704
7,4,1400.0,3+ Cars,No injury/unknown,PRESCRIPTION DRUGS,39.20704,-86.534704
8,4,2300.0,2-Car,No injury/unknown,FOLLOWING TOO CLOSELY,39.20704,-86.534704
9,1,1300.0,2-Car,No injury/unknown,FAILURE TO YIELD RIGHT OF WAY,39.20704,-86.534704
10,4,1600.0,2-Car,No injury/unknown,FAILURE TO YIELD RIGHT OF WAY,39.20704,-86.534704
12,3,1700.0,2-Car,No injury/unknown,FAILURE TO YIELD RIGHT OF WAY,39.20704,-86.534704
12,3,1800.0,2-Car,No injury/unknown,DISREGARD SIGNAL/REG SIGN,39.20704,-86.534704
2,3,200.0,1-Car,No injury/unknown,ROADWAY SURFACE CONDITION,39.2067377,-86.5578821
5,5,2000.0,2-Car,No injury/unknown,DRIVER DISTRACTED - EXPLAIN IN NARRATIVE,39.206658,-86.571585
5,6,1300.0,2-Car,No injury/unknown,UNSAFE BACKING,39.206312,-86.571312
6,6,1700.0,2-Car,No injury/unknown,UNSAFE BACKING,39.206312,-86.571312
11,6,1400.0,1-Car,No injury/unknown,DRIVER DISTRACTED - EXPLAIN IN NARRATIVE,39.206312,-86.571312
12,1,0.0,2-Car,No injury/unknown,OTHER (DRIVER) - EXPLAIN IN NARRATIVE,39.206144,-86.528592
3,4,2300.0,2-Car,Non-incapacitating,IMPROPER PASSING,39.20595734,-86.59272
9,5,1500.0,Bus,No injury/unknown,OTHER (ENVIRONMENTAL) - EXPLAIN IN NARR,39.20577,-86.4019028
11,7,1100.0,1-Car,No injury/unknown,UNSAFE SPEED,39.20577,-86.40178184
12,3,1400.0,1-Car,No injury/unknown,ROADWAY SURFACE CONDITION,39.20487814,-86.5379
12,3,1400.0,2-Car,No injury/unknown,ROADWAY SURFACE CONDITION,39.20487814,-86.5379
1,1,700.0,1-Car,Non-incapacitating,RAN OFF ROAD RIGHT,39.20472862,-86.46350162
7,4,1000.0,2-Car,No injury/unknown,SPEED TOO FAST FOR WEATHER CONDITIONS,39.20459324,-86.46353123
5,5,1100.0,2-Car,No injury/unknown,ROADWAY SURFACE CONDITION,39.20428321,-86.58316685
3,6,1400.0,2-Car,No injury/unknown,PEDESTRIAN ACTION,39.20304,-86.547392
8,6,2200.0,2-Car,No injury/unknown,UNSAFE BACKING,39.20304,-86.547392
11,4,1400.0,2-Car,No injury/unknown,UNSAFE BACKING,39.20304,-86.547392
11,4,1200.0,1-Car,No injury/unknown,DRIVER DISTRACTED - EXPLAIN IN NARRATIVE,39.20212043,-86.52215
12,5,1400.0,1-Car,Non-incapacitating,OVERCORRECTING/OVERSTEERING,39.201952,-86.5288
9,5,900.0,1-Car,Non-incapacitating,RAN OFF ROAD RIGHT,39.20194246,-86.56169418
12,7,100.0,1-Car,No injury/unknown,RAN OFF ROAD RIGHT,39.20142504,-86.49382735
8,6,2200.0,2-Car,No injury/unknown,OTHER (VEHICLE) - EXPLAIN IN NARRATIVE,39.201135,-86.547265
9,2,2000.0,2-Car,No injury/unknown,OTHER (DRIVER) - EXPLAIN IN NARRATIVE,39.201135,-86.547265
2,6,100.0,1-Car,No injury/unknown,SPEED TOO FAST FOR WEATHER CONDITIONS,39.200887,-86.529963
11,4,900.0,1-Car,No injury/unknown,SPEED TOO FAST FOR WEATHER CONDITIONS,39.2008428,-86.54287311
5,4,1900.0,1-Car,No injury/unknown,OTHER (DRIVER) - EXPLAIN IN NARRATIVE,39.20082,-86.54286
2,6,1700.0,1-Car,No injury/unknown,SPEED TOO FAST FOR WEATHER CONDITIONS,39.20057983,-86.52872947
2,6,2300.0,1-Car,No injury/unknown,ROADWAY SURFACE CONDITION,39.20057983,-86.52872947
6,5,1600.0,2-Car,No injury/unknown,OTHER (ENVIRONMENTAL) - EXPLAIN IN NARR,39.200547,-86.560152
6,1,1800.0,2-Car,No injury/unknown,UNSAFE BACKING,39.20044,-86.514369
3,7,400.0,2-Car,No injury/unknown,ROADWAY SURFACE CONDITION,39.20033,-86.48219378
3,6,1700.0,1-Car,Non-incapacitating,DRIVER ILLNESS,39.20003762,-86.55991841
10,7,2200.0,1-Car,No injury/unknown,ANIMAL/OBJECT IN ROADWAY,39.19980298,-86.46797717
4,7,2200.0,3+ Cars,No injury/unknown,DRIVER ASLEEP OR FATIGUED,39.19972196,-86.5348
4,5,300.0,1-Car,No injury/unknown,ANIMAL/OBJECT IN ROADWAY,39.199072,-86.583152