Month,Day,Hour,Collision Type,Injury Type,Primary Factor,Latitude,Longitude
12,3,1800.0,2-Car,No injury/unknown,ROADWAY SURFACE CONDITION,39.199072,-86.583152
5,3,1700.0,3+ Cars,No injury/unknown,ROADWAY SURFACE CONDITION,39.19853347,-86.5609886
6,5,1400.0,1-Car,Non-incapacitating,ROAD UNDER CONSTRUCTION,39.19853347,-86.5609886
2,6,1300.0,1-Car,No injury/unknown,RAN OFF ROAD RIGHT,39.198528,-86.528624
8,3,1800.0,Moped/Motorcycle,Non-incapacitating,OTHER (DRIVER) - EXPLAIN IN NARRATIVE,39.19838318,-86.50104003
4,3,1400.0,2-Car,No injury/unknown,FOLLOWING TOO CLOSELY,39.198144,-86.542096
5,2,800.0,2-Car,No injury/unknown,FOLLOWING TOO CLOSELY,39.198144,-86.542096
12,3,1900.0,1-Car,No injury/unknown,ANIMAL/OBJECT IN ROADWAY,39.19689046,-86.55462122
3,5,600.0,1-Car,No injury/unknown,ROADWAY SURFACE CONDITION,39.196848,-86.5344
7,7,900.0,2-Car,No injury/unknown,BRAKE FAILURE OR DEFECTIVE,39.196848,-86.5344
8,2,800.0,1-Car,Non-incapacitating,RAN OFF ROAD RIGHT,39.196848,-86.5344
10,6,2300.0,1-Car,No injury/unknown,ANIMAL/OBJECT IN ROADWAY,39.196848,-86.5344
1,1,2300.0,2-Car,No injury/unknown,,39.1959731,-86.5152195
10,7,1000.0,2-Car,No injury/unknown,UNSAFE SPEED,39.195923,-86.531726
3,7,300.0,1-Car,No injury/unknown,ROADWAY SURFACE CONDITION,39.19558362,-86.63965242
7,7,1500.0,2-Car,No injury/unknown,OTHER (DRIVER) - EXPLAIN IN NARRATIVE,39.195152,-86.5316
4,6,1400.0,2-Car,No injury/unknown,UNSAFE BACKING,39.19489795,-86.52238
7,1,1600.0,1-Car,Non-incapacitating,OVERCORRECTING/OVERSTEERING,39.19479139,-86.58307046
12,3,1300.0,2-Car,No injury/unknown,ROADWAY SURFACE CONDITION,39.19473989,-86.55532332
12,3,1300.0,2-Car,No injury/unknown,ROADWAY SURFACE CONDITION,39.19473989,-86.55532332
5,4,900.0,2-Car,No injury/unknown,OTHER (DRIVER) - EXPLAIN IN NARRATIVE,39.19459715,-86.51547905
1,3,1400.0,2-Car,No injury/unknown,IMPROPER LANE USAGE,39.194144,-86.554592
1,3,1300.0,1-Car,No injury/unknown,RAN OFF ROAD RIGHT,39.194144,-86.554592
2,5,1400.0,2-Car,No injury/unknown,SPEED TOO FAST FOR WEATHER CONDITIONS,39.194144,-86.554592
10,5,1600.0,3+ Cars,No injury/unknown,OTHER (DRIVER) - EXPLAIN IN NARRATIVE,39.194144,-86.554592
10,3,1100.0,1-Car,No injury/unknown,SPEED TOO FAST FOR WEATHER CONDITIONS,39.194144,-86.554592
12,2,1400.0,2-Car,No injury/unknown,LEFT OF CENTER,39.194144,-86.540992
11,5,700.0,2-Car,No injury/unknown,UNSAFE BACKING,39.193933,-86.533397
6,3,1300.0,1-Car,No injury/unknown,OBSTRUCTION NOT MARKED,39.193872,-86.590784
2,3,700.0,2-Car,No injury/unknown,FOLLOWING TOO CLOSELY,39.19377697,-86.57123388
2,5,1700.0,1-Car,No injury/unknown,SPEED TOO FAST FOR WEATHER CONDITIONS,39.19377697,-86.57115891
6,2,1700.0,2-Car,No injury/unknown,FAILURE TO YIELD RIGHT OF WAY,39.19377697,-86.5711906
6,6,1200.0,2-Car,No injury/unknown,DISREGARD SIGNAL/REG SIGN,39.19377697,-86.57123388
10,5,2200.0,1-Car,No injury/unknown,ANIMAL/OBJECT IN ROADWAY,39.19377697,-86.57130314
11,3,900.0,2-Car,No injury/unknown,DRIVER ILLNESS,39.19377697,-86.57123388
1,4,1800.0,1-Car,No injury/unknown,RAN OFF ROAD RIGHT,39.19359469,-86.554592
5,5,1400.0,1-Car,No injury/unknown,OTHER (DRIVER) - EXPLAIN IN NARRATIVE,39.19344,-86.436288
5,5,700.0,1-Car,No injury/unknown,UNSAFE SPEED,39.193248,-86.539696
11,6,500.0,1-Car,Non-incapacitating,OVERCORRECTING/OVERSTEERING,39.1930454,-86.55459471
8,5,1800.0,2-Car,No injury/unknown,DRIVER DISTRACTED - EXPLAIN IN NARRATIVE,39.1927708,-86.5546017
5,1,600.0,1-Car,No injury/unknown,OTHER (DRIVER) - EXPLAIN IN NARRATIVE,39.192553,-86.540107
3,4,800.0,2-Car,No injury/unknown,BRAKE FAILURE OR DEFECTIVE,39.19207,-86.52856461
3,5,600.0,1-Car,No injury/unknown,OTHER (ENVIRONMENTAL) - EXPLAIN IN NARR,39.191248,-86.532896
7,7,2000.0,2-Car,No injury/unknown,OTHER (DRIVER) - EXPLAIN IN NARRATIVE,39.191248,-86.532896
11,4,1000.0,1-Car,No injury/unknown,RAN OFF ROAD RIGHT,39.191248,-86.528432
10,3,1100.0,1-Car,No injury/unknown,ANIMAL/OBJECT IN ROADWAY,39.19117259,-86.51178391
9,7,1700.0,2-Car,No injury/unknown,UNSAFE BACKING,39.1911,-86.52027
1,4,700.0,2-Car,Non-incapacitating,FAILURE TO YIELD RIGHT OF WAY,39.190672,-86.582992
8,2,1800.0,2-Car,No injury/unknown,DRIVER DISTRACTED - EXPLAIN IN NARRATIVE,39.190672,-86.582992
8,4,1600.0,2-Car,No injury/unknown,DRIVER DISTRACTED - EXPLAIN IN NARRATIVE,39.190672,-86.582992
11,1,1600.0,3+ Cars,No injury/unknown,DISREGARD SIGNAL/REG SIGN,39.190672,-86.582992
3,5,700.0,1-Car,No injury/unknown,OVERCORRECTING/OVERSTEERING,39.19064,-86.58309268
3,5,800.0,1-Car,No injury/unknown,ROADWAY SURFACE CONDITION,39.19064,-86.58309268
6,6,900.0,2-Car,No injury/unknown,OTHER (DRIVER) - EXPLAIN IN NARRATIVE,39.19064,-86.58311
5,1,1200.0,2-Car,No injury/unknown,FOLLOWING TOO CLOSELY,39.190544,-86.537712
9,4,1700.0,2-Car,Non-incapacitating,OTHER (DRIVER) - EXPLAIN IN NARRATIVE,39.190544,-86.537712
4,6,1700.0,3+ Cars,No injury/unknown,FAILURE TO YIELD RIGHT OF WAY,39.19028,-86.58253
4,1,1200.0,2-Car,No injury/unknown,FOLLOWING TOO CLOSELY,39.189968,-86.533232
6,1,1300.0,1-Car,No injury/unknown,DRIVER ILLNESS,39.189968,-86.533232
2,5,100.0,1-Car,No injury/unknown,ALCOHOLIC BEVERAGES,39.18976765,-86.51452965
7,5,200.0,1-Car,Fatal,RAN OFF ROAD RIGHT,39.18965,-86.58071316
1,7,500.0,1-Car,No injury/unknown,ANIMAL/OBJECT IN ROADWAY,39.189552,-86.441296
3,2,1900.0,2-Car,Non-incapacitating,ALCOHOLIC BEVERAGES,39.18944898,-86.53338194
3,5,1500.0,2-Car,No injury/unknown,UNSAFE BACKING,39.189248,-86.531472
4,3,1400.0,2-Car,No injury/unknown,FAILURE TO YIELD RIGHT OF WAY,39.189248,-86.531472
12,4,600.0,1-Car,Non-incapacitating,ILLEGAL DRUGS,39.189248,-86.660704
12,4,800.0,2-Car,No injury/unknown,ROADWAY SURFACE CONDITION,39.189248,-86.531472
2,4,1200.0,1-Car,No injury/unknown,ANIMAL/OBJECT IN ROADWAY,39.18918995,-86.6560458
5,4,1500.0,1-Car,No injury/unknown,UNSAFE SPEED,39.18904,-86.630096
9,1,1600.0,1-Car,No injury/unknown,OTHER (ENVIRONMENTAL) - EXPLAIN IN NARR,39.18904,-86.630096
11,5,2300.0,1-Car,No injury/unknown,ROADWAY SURFACE CONDITION,39.18904,-86.630096
12,3,1600.0,2-Car,No injury/unknown,ROADWAY SURFACE CONDITION,39.18904,-86.630096
10,6,1200.0,1-Car,Non-incapacitating,RAN OFF ROAD RIGHT,39.18881348,-86.53111335
3,5,600.0,2-Car,No injury/unknown,LEFT OF CENTER,39.18880455,-86.5335567
8,3,2000.0,Moped/Motorcycle,Non-incapacitating,OTHER (DRIVER) - EXPLAIN IN NARRATIVE,39.18820649,-86.53469324
8,7,1100.0,2-Car,No injury/unknown,FOLLOWING TOO CLOSELY,39.188144,-86.5376
11,3,1400.0,2-Car,No injury/unknown,OTHER (DRIVER) - EXPLAIN IN NARRATIVE,39.188144,-86.5376
3,3,1500.0,2-Car,Non-incapacitating,OTHER (DRIVER) - EXPLAIN IN NARRATIVE,39.18795558,-86.5609886
4,1,500.0,1-Car,No injury/unknown,OTHER (DRIVER) - EXPLAIN IN NARRATIVE,39.18785519,-86.53409131
7,4,1600.0,Moped/Motorcycle,Non-incapacitating,UNSAFE SPEED,39.18779695,-86.53489709
11,5,1100.0,2-Car,No injury/unknown,IMPROPER TURNING,39.18749801,-86.53231546
5,6,1300.0,2-Car,Non-incapacitating,FAILURE TO YIELD RIGHT OF WAY,39.1874955,-86.53419972
7,5,1300.0,2-Car,No injury/unknown,OTHER (DRIVER) - EXPLAIN IN NARRATIVE,39.18744449,-86.51248
11,1,100.0,1-Car,No injury/unknown,ANIMAL/OBJECT IN ROADWAY,39.187398,-86.645588
4,6,1200.0,2-Car,Non-incapacitating,FOLLOWING TOO CLOSELY,39.18737908,-86.55880094
1,5,800.0,2-Car,No injury/unknown,FOLLOWING TOO CLOSELY,39.187344,-86.5552
2,3,1200.0,2-Car,Non-incapacitating,FAILURE TO YIELD RIGHT OF WAY,39.187344,-86.5552
3,2,1100.0,2-Car,No injury/unknown,FAILURE TO YIELD RIGHT OF WAY,39.187344,-86.5552
7,7,2300.0,2-Car,No injury/unknown,FOLLOWING TOO CLOSELY,39.187344,-86.5552
10,5,1500.0,2-Car,No injury/unknown,FOLLOWING TOO CLOSELY,39.187344,-86.5552
12,6,1700.0,2-Car,No injury/unknown,OTHER (DRIVER) - EXPLAIN IN NARRATIVE,39.187344,-86.5552
5,6,2100.0,2-Car,No injury/unknown,ANIMAL/OBJECT IN ROADWAY,39.18717217,-86.55482317
11,7,1800.0,1-Car,No injury/unknown,ANIMAL/OBJECT IN ROADWAY,39.18717217,-86.5549357
12,3,1200.0,2-Car,No injury/unknown,ROADWAY SURFACE CONDITION,39.18717217,-86.55490973
12,3,1300.0,2-Car,No injury/unknown,SPEED TOO FAST FOR WEATHER CONDITIONS,39.18709037,-86.53786741
3,6,1600.0,1-Car,Non-incapacitating,SPEED TOO FAST FOR WEATHER CONDITIONS,39.18705407,-86.54891282
1,5,2100.0,1-Car,Non-incapacitating,SPEED TOO FAST FOR WEATHER CONDITIONS,39.18702566,-86.55514777
2,4,700.0,2-Car,No injury/unknown,SPEED TOO FAST FOR WEATHER CONDITIONS,39.18696235,-86.54715214
9,2,700.0,Pedestrian,Incapacitating,PEDESTRIAN ACTION,39.18695557,-86.53790111
6,1,2100.0,2-Car,No injury/unknown,DISREGARD SIGNAL/REG SIGN,39.186952,-86.537719
1,3,1300.0,3+ Cars,Incapacitating,FAILURE TO YIELD RIGHT OF WAY,39.186944,-86.5468
2,3,1400.0,1-Car,No injury/unknown,RAN OFF ROAD RIGHT,39.186944,-86.5468
2,4,700.0,2-Car,No injury/unknown,SPEED TOO FAST FOR WEATHER CONDITIONS,39.186944,-86.5468
10,4,600.0,1-Car,No injury/unknown,ANIMAL/OBJECT IN ROADWAY,39.186944,-86.5468
10,4,1500.0,2-Car,No injury/unknown,FAILURE TO YIELD RIGHT OF WAY,39.186944,-86.5468
11,7,1500.0,2-Car,No injury/unknown,FOLLOWING TOO CLOSELY,39.186944,-86.5468
11,6,1600.0,3+ Cars,Non-incapacitating,OTHER (DRIVER) - EXPLAIN IN NARRATIVE,39.18694213,-86.55531655
2,4,1600.0,2-Car,No injury/unknown,DRIVER DISTRACTED - EXPLAIN IN NARRATIVE,39.18691263,-86.55130339
6,3,900.0,1-Car,No injury/unknown,OVERSIZE/OVERWEIGHT LOAD,39.18691229,-86.54609567
11,5,900.0,2-Car,No injury/unknown,UNSAFE BACKING,39.186868,-86.51446
3,5,700.0,1-Car,No injury/unknown,RAN OFF ROAD RIGHT,39.18677,-86.61114641
12,2,1400.0,2-Car,No injury/unknown,SPEED TOO FAST FOR WEATHER CONDITIONS,39.18676396,-86.52849091
9,4,1400.0,2-Car,Non-incapacitating,UNSAFE SPEED,39.186752,-86.611504
11,2,2000.0,2-Car,No injury/unknown,UNSAFE BACKING,39.18665306,-86.51449502
3,6,2000.0,1-Car,No injury/unknown,RAN OFF ROAD RIGHT,39.18662255,-86.53964972
1,3,1600.0,3+ Cars,No injury/unknown,FAILURE TO YIELD RIGHT OF WAY,39.186544,-86.537888
1,7,1900.0,2-Car,Non-incapacitating,DISREGARD SIGNAL/REG SIGN,39.186544,-86.537888
4,7,1100.0,3+ Cars,Non-incapacitating,OTHER (DRIVER) - EXPLAIN IN NARRATIVE,39.186544,-86.537888
4,6,2300.0,2-Car,No injury/unknown,SPEED TOO FAST FOR WEATHER CONDITIONS,39.186544,-86.537888
5,6,1500.0,2-Car,No injury/unknown,DRIVER DISTRACTED - EXPLAIN IN NARRATIVE,39.186544,-86.537888
5,4,700.0,2-Car,No injury/unknown,OTHER (DRIVER) - EXPLAIN IN NARRATIVE,39.186544,-86.537888
6,3,1700.0,2-Car,Non-incapacitating,BRAKE FAILURE OR DEFECTIVE,39.186544,-86.537888
7,3,1400.0,Moped/Motorcycle,Incapacitating,FAILURE TO YIELD RIGHT OF WAY,39.186544,-86.537888
7,5,1900.0,2-Car,No injury/unknown,DISREGARD SIGNAL/REG SIGN,39.186544,-86.537888
8,5,1100.0,2-Car,No injury/unknown,DISREGARD SIGNAL/REG SIGN,39.186544,-86.537888
8,4,1400.0,3+ Cars,Non-incapacitating,FOLLOWING TOO CLOSELY,39.186544,-86.537888
11,7,1600.0,2-Car,No injury/unknown,DRIVER DISTRACTED - EXPLAIN IN NARRATIVE,39.186544,-86.537888
11,4,1000.0,2-Car,Non-incapacitating,DISREGARD SIGNAL/REG SIGN,39.186544,-86.537888
12,7,1200.0,2-Car,Non-incapacitating,SPEED TOO FAST FOR WEATHER CONDITIONS,39.186544,-86.537888
12,4,900.0,2-Car,No injury/unknown,IMPROPER TURNING,39.186544,-86.551168
12,4,1500.0,2-Car,No injury/unknown,OTHER (DRIVER) - EXPLAIN IN NARRATIVE,39.186544,-86.537888
4,7,1500.0,2-Car,No injury/unknown,FOLLOWING TOO CLOSELY,39.18653339,-86.53771207
2,6,1000.0,1-Car,No injury/unknown,ROADWAY SURFACE CONDITION,39.186448,-86.546816
6,7,1200.0,2-Car,No injury/unknown,FAILURE TO YIELD RIGHT OF WAY,39.18639756,-86.53545934
1,3,700.0,2-Car,No injury/unknown,DRIVER DISTRACTED - EXPLAIN IN NARRATIVE,39.18639734,-86.53545582
2,3,1500.0,2-Car,Non-incapacitating,OTHER (DRIVER) - EXPLAIN IN NARRATIVE,39.18639444,-86.53540773
2,2,1300.0,2-Car,Non-incapacitating,OTHER (DRIVER) - EXPLAIN IN NARRATIVE,39.18639444,-86.53540773
7,4,1200.0,2-Car,No injury/unknown,FOLLOWING TOO CLOSELY,39.18639444,-86.53540773
1,1,1500.0,3+ Cars,Non-incapacitating,ROADWAY SURFACE CONDITION,39.186368,-86.5344
1,1,1900.0,2-Car,No injury/unknown,FAILURE TO YIELD RIGHT OF WAY,39.186368,-86.5344
1,2,700.0,2-Car,Non-incapacitating,FAILURE TO YIELD RIGHT OF WAY,39.186368,-86.5344
1,3,2100.0,2-Car,No injury/unknown,SPEED TOO FAST FOR WEATHER CONDITIONS,39.186368,-86.5344
2,1,1600.0,2-Car,No injury/unknown,FOLLOWING TOO CLOSELY,39.186368,-86.5344
3,3,1800.0,2-Car,Non-incapacitating,FAILURE TO YIELD RIGHT OF WAY,39.186368,-86.5344
3,1,1000.0,2-Car,Non-incapacitating,OTHER (DRIVER) - EXPLAIN IN NARRATIVE,39.186368,-86.5344
4,6,2000.0,2-Car,No injury/unknown,FAILURE TO YIELD RIGHT OF WAY,39.186368,-86.5344
4,7,2300.0,2-Car,No injury/unknown,FAILURE TO YIELD RIGHT OF WAY,39.186368,-86.5344
4,7,1500.0,3+ Cars,No injury/unknown,FOLLOWING TOO CLOSELY,39.186368,-86.5344
4,7,1600.0,2-Car,No injury/unknown,DISREGARD SIGNAL/REG SIGN,39.186368,-86.5344
4,3,1600.0,2-Car,No injury/unknown,FAILURE TO YIELD RIGHT OF WAY,39.186368,-86.5344
4,4,900.0,2-Car,Non-incapacitating,FOLLOWING TOO CLOSELY,39.186368,-86.5344
5,6,1600.0,2-Car,No injury/unknown,FOLLOWING TOO CLOSELY,39.186368,-86.5344
5,6,1600.0,2-Car,No injury/unknown,OTHER (DRIVER) - EXPLAIN IN NARRATIVE,39.186368,-86.5344
6,2,700.0,2-Car,No injury/unknown,FOLLOWING TOO CLOSELY,39.186368,-86.5344
6,2,1800.0,2-Car,No injury/unknown,FOLLOWING TOO CLOSELY,39.186368,-86.5344
7,7,1900.0,2-Car,No injury/unknown,FAILURE TO YIELD RIGHT OF WAY,39.186368,-86.5344
7,2,1600.0,2-Car,No injury/unknown,FAILURE TO YIELD RIGHT OF WAY,39.186368,-86.5344
8,3,1100.0,2-Car,Non-incapacitating,FAILURE TO YIELD RIGHT OF WAY,39.186368,-86.5344
8,1,300.0,2-Car,No injury/unknown,DISREGARD SIGNAL/REG SIGN,39.186368,-86.5344
10,3,2100.0,2-Car,No injury/unknown,UNSAFE BACKING,39.186368,-86.5344
10,6,800.0,2-Car,No injury/unknown,,39.186368,-86.5344
11,2,1700.0,2-Car,No injury/unknown,DRIVER DISTRACTED - EXPLAIN IN NARRATIVE,39.186368,-86.5344
11,4,800.0,2-Car,Non-incapacitating,FOLLOWING TOO CLOSELY,39.186368,-86.5344
11,4,1100.0,3+ Cars,Non-incapacitating,FAILURE TO YIELD RIGHT OF WAY,39.186368,-86.5344
11,4,2000.0,2-Car,No injury/unknown,OTHER (DRIVER) - EXPLAIN IN NARRATIVE,39.186368,-86.5344
11,2,1100.0,2-Car,No injury/unknown,FAILURE TO YIELD RIGHT OF WAY,39.186368,-86.5344
12,2,1600.0,2-Car,No injury/unknown,FAILURE TO YIELD RIGHT OF WAY,39.186368,-86.5344
12,6,900.0,2-Car,No injury/unknown,FOLLOWING TOO CLOSELY,39.186368,-86.5344
12,6,1800.0,3+ Cars,No injury/unknown,FAILURE TO YIELD RIGHT OF WAY,39.186368,-86.5344
12,3,1300.0,2-Car,No injury/unknown,SPEED TOO FAST FOR WEATHER CONDITIONS,39.186368,-86.5344
12,3,1400.0,2-Car,No injury/unknown,SPEED TOO FAST FOR WEATHER CONDITIONS,39.186368,-86.5344
5,5,1400.0,2-Car,No injury/unknown,FAILURE TO YIELD RIGHT OF WAY,39.18636644,-86.53413532
3,6,700.0,2-Car,No injury/unknown,FAILURE TO YIELD RIGHT OF WAY,39.18636592,-86.53404709
4,4,900.0,2-Car,Non-incapacitating,FAILURE TO YIELD RIGHT OF WAY,39.18636592,-86.53404709
8,3,1200.0,2-Car,No injury/unknown,FAILURE TO YIELD RIGHT OF WAY,39.18636592,-86.53404709
10,7,1000.0,2-Car,No injury/unknown,FAILURE TO YIELD RIGHT OF WAY,39.1863655,-86.53397651
2,6,1700.0,3+ Cars,No injury/unknown,DRIVER DISTRACTED - EXPLAIN IN NARRATIVE,39.18636487,-86.53387063
10,3,1700.0,2-Car,No injury/unknown,FAILURE TO YIELD RIGHT OF WAY,39.18636487,-86.53387063
5,6,1900.0,2-Car,No injury/unknown,FAILURE TO YIELD RIGHT OF WAY,39.18636425,-86.53376476
7,6,1100.0,Moped/Motorcycle,No injury/unknown,FAILURE TO YIELD RIGHT OF WAY,39.18636383,-86.53369418
7,5,1400.0,2-Car,No injury/unknown,FAILURE TO YIELD RIGHT OF WAY,39.18636279,-86.53351772
3,6,1800.0,2-Car,No injury/unknown,FOLLOWING TOO CLOSELY,39.18636261,-86.53487993
3,2,1200.0,2-Car,No injury/unknown,FAILURE TO YIELD RIGHT OF WAY,39.18636174,-86.53334127
4,3,1600.0,2-Car,No injury/unknown,FAILURE TO YIELD RIGHT OF WAY,39.18636174,-86.53334127
8,5,1400.0,2-Car,No injury/unknown,FAILURE TO YIELD RIGHT OF WAY,39.18636151,-86.53452324
12,3,1300.0,2-Car,No injury/unknown,SPEED TOO FAST FOR WEATHER CONDITIONS,39.18636059,-86.53454085
2,3,2100.0,1-Car,No injury/unknown,OVERCORRECTING/OVERSTEERING,39.18636,-86.533048
3,1,1100.0,1-Car,Non-incapacitating,RAN OFF ROAD RIGHT,39.18636,-86.533048
8,4,1200.0,3+ Cars,Non-incapacitating,FOLLOWING TOO CLOSELY,39.18635861,-86.5328119
3,2,1400.0,2-Car,No injury/unknown,FAILURE TO YIELD RIGHT OF WAY,39.18635757,-86.53263544
12,6,1500.0,2-Car,Non-incapacitating,CELL PHONE USAGE,39.1863549,-86.53475208
1,1,1500.0,2-Car,No injury/unknown,DRIVER DISTRACTED - EXPLAIN IN NARRATIVE,39.18635203,-86.52673139
4,2,900.0,2-Car,No injury/unknown,FOLLOWING TOO CLOSELY,39.18635203,-86.52360368
8,5,1800.0,2-Car,No injury/unknown,FOLLOWING TOO CLOSELY,39.186352,-86.52837248
8,3,1200.0,2-Car,No injury/unknown,FOLLOWING TOO CLOSELY,39.186352,-86.53134308
6,5,900.0,2-Car,No injury/unknown,FOLLOWING TOO CLOSELY,39.186352,-86.52996846
1,5,1600.0,3+ Cars,No injury/unknown,FOLLOWING TOO CLOSELY,39.186352,-86.534704
1,1,1900.0,2-Car,No injury/unknown,DISREGARD SIGNAL/REG SIGN,39.186352,-86.528496
1,7,1100.0,2-Car,Non-incapacitating,FAILURE TO YIELD RIGHT OF WAY,39.186352,-86.534704
2,1,1300.0,2-Car,No injury/unknown,FAILURE TO YIELD RIGHT OF WAY,39.186352,-86.528496
3,3,1300.0,2-Car,No injury/unknown,FOLLOWING TOO CLOSELY,39.186352,-86.531696
3,6,1700.0,Cyclist,Non-incapacitating,FAILURE TO YIELD RIGHT OF WAY,39.186352,-86.52970377
6,3,900.0,2-Car,No injury/unknown,FAILURE TO YIELD RIGHT OF WAY,39.186352,-86.534704
6,4,1700.0,2-Car,No injury/unknown,DRIVER DISTRACTED - EXPLAIN IN NARRATIVE,39.186352,-86.528496
6,6,2100.0,1-Car,No injury/unknown,RAN OFF ROAD RIGHT,39.186352,-86.528496
8,2,1400.0,2-Car,Non-incapacitating,FAILURE TO YIELD RIGHT OF WAY,39.186352,-86.528496
9,7,900.0,2-Car,No injury/unknown,DRIVER DISTRACTED - EXPLAIN IN NARRATIVE,39.186352,-86.528496
9,3,1200.0,2-Car,No injury/unknown,DISREGARD SIGNAL/REG SIGN,39.186352,-86.528496
9,3,1900.0,3+ Cars,Non-incapacitating,LEFT OF CENTER,39.186352,-86.522192
9,3,1700.0,2-Car,No injury/unknown,FOLLOWING TOO CLOSELY,39.186352,-86.531696
10,2,1500.0,2-Car,No injury/unknown,FOLLOWING TOO CLOSELY,39.186352,-86.528496
11,7,1800.0,2-Car,No injury/unknown,DRIVER ASLEEP OR FATIGUED,39.186352,-86.528496
11,4,100.0,2-Car,Non-incapacitating,FOLLOWING TOO CLOSELY,39.18633,-86.53454
3,7,1600.0,1-Car,No injury/unknown,RAN OFF ROAD RIGHT,39.18632523,-86.53450567
4,7,100.0,2-Car,No injury/unknown,IMPROPER LANE USAGE,39.18632523,-86.53454894
2,6,1500.0,2-Car,No injury/unknown,UNSAFE BACKING,39.18632,-86.531639
3,1,2300.0,2-Car,Non-incapacitating,FAILURE TO YIELD RIGHT OF WAY,39.1863033,-86.52842015
10,6,100.0,1-Car,Non-incapacitating,RAN OFF ROAD RIGHT,39.18624813,-86.52841419
1,2,1900.0,1-Car,No injury/unknown,ANIMAL/OBJECT IN ROADWAY,39.18624327,-86.52218811
7,2,1700.0,2-Car,No injury/unknown,FOLLOWING TOO CLOSELY,39.18624327,-86.52217081
12,5,1200.0,2-Car,No injury/unknown,FOLLOWING TOO CLOSELY,39.18624327,-86.52217946
12,1,1800.0,2-Car,No injury/unknown,OTHER (DRIVER) - EXPLAIN IN NARRATIVE,39.18624327,-86.52214053
12,3,1400.0,2-Car,Non-incapacitating,OTHER (ENVIRONMENTAL) - EXPLAIN IN NARR,39.18611,-86.59628
9,7,1500.0,2-Car,No injury/unknown,FOLLOWING TOO CLOSELY,39.18607646,-86.52018827
11,7,1600.0,2-Car,Non-incapacitating,BRAKE FAILURE OR DEFECTIVE,39.18607646,-86.52018827
4,4,1500.0,3+ Cars,Non-incapacitating,DRIVER DISTRACTED - EXPLAIN IN NARRATIVE,39.186032,-86.51984
10,3,1400.0,2-Car,No injury/unknown,FOLLOWING TOO CLOSELY,39.186032,-86.51984
12,4,600.0,1-Car,No injury/unknown,ROADWAY SURFACE CONDITION,39.186032,-86.51984
6,6,800.0,2-Car,Non-incapacitating,FOLLOWING TOO CLOSELY,39.18599411,-86.51953685
11,3,1500.0,2-Car,No injury/unknown,FOLLOWING TOO CLOSELY,39.18598844,-86.51949155
10,6,2200.0,2-Car,No injury/unknown,IMPROPER TURNING,39.18594112,-86.5378743
4,3,600.0,2-Car,No injury/unknown,UNSAFE BACKING,39.18589867,-86.53787333
9,3,1700.0,2-Car,No injury/unknown,FOLLOWING TOO CLOSELY,39.18558968,-86.5181881
9,6,1500.0,1-Car,No injury/unknown,OTHER (DRIVER) - EXPLAIN IN NARRATIVE,39.18558968,-86.5181881
2,6,1000.0,2-Car,No injury/unknown,IMPROPER TURNING,39.185392,-86.537856
8,5,800.0,2-Car,No injury/unknown,OTHER (DRIVER) - EXPLAIN IN NARRATIVE,39.185392,-86.537856
8,5,2200.0,2-Car,No injury/unknown,FOLLOWING TOO CLOSELY,39.185283,-86.528343
1,2,200.0,2-Car,No injury/unknown,OTHER (DRIVER) - EXPLAIN IN NARRATIVE,39.185232,-86.54060206
4,3,1700.0,1-Car,No injury/unknown,DRIVER DISTRACTED - EXPLAIN IN NARRATIVE,39.185152,-86.535296
6,5,2000.0,2-Car,No injury/unknown,UNSAFE BACKING,39.185152,-86.54406855
9,6,1100.0,1-Car,No injury/unknown,RAN OFF ROAD RIGHT,39.18511735,-86.53785545
9,5,1400.0,2-Car,No injury/unknown,OTHER (DRIVER) - EXPLAIN IN NARRATIVE,39.18508,-86.540075
12,3,1300.0,1-Car,No injury/unknown,SPEED TOO FAST FOR WEATHER CONDITIONS,39.18466483,-86.55597698
3,7,1100.0,1-Car,No injury/unknown,OTHER (DRIVER) - EXPLAIN IN NARRATIVE,39.18464,-86.493696
10,1,1500.0,2-Car,No injury/unknown,OTHER (DRIVER) - EXPLAIN IN NARRATIVE,39.18453,-86.53773
9,2,0.0,2-Car,No injury/unknown,OTHER TELEMATICS IN USE,39.184455,-86.528339
6,1,1200.0,2-Car,No injury/unknown,OTHER (DRIVER) - EXPLAIN IN NARRATIVE,39.18422982,-86.55026327
2,3,1400.0,2-Car,No injury/unknown,FOLLOWING TOO CLOSELY,39.184048,-86.550192
7,1,1000.0,2-Car,No injury/unknown,FAILURE TO YIELD RIGHT OF WAY,39.184048,-86.550192
9,7,1800.0,2-Car,No injury/unknown,UNSAFE BACKING,39.183976,-86.528339
3,2,900.0,2-Car,No injury/unknown,OTHER LIGHTS DEFECTIVE,39.1839111,-86.55017806
1,1,1300.0,2-Car,Non-incapacitating,FAILURE TO YIELD RIGHT OF WAY,39.18384,-86.5192
4,3,2000.0,2-Car,No injury/unknown,OTHER (DRIVER) - EXPLAIN IN NARRATIVE,39.183746,-86.515885
4,4,1700.0,2-Car,Non-incapacitating,FOLLOWING TOO CLOSELY,39.18372442,-86.5609886
4,6,0.0,2-Car,No injury/unknown,UNSAFE BACKING,39.18367,-86.530235
8,5,1500.0,2-Car,No injury/unknown,FOLLOWING TOO CLOSELY,39.18364,-86.53773