Month,Day,Hour,Collision Type,Injury Type,Primary Factor,Latitude,Longitude
3,1,2100.0,2-Car,No injury/unknown,OTHER (DRIVER) - EXPLAIN IN NARRATIVE,39.183569,-86.538105
2,5,1100.0,2-Car,No injury/unknown,UNSAFE BACKING,39.183538,-86.530953
6,4,900.0,1-Car,No injury/unknown,OTHER (VEHICLE) - EXPLAIN IN NARRATIVE,39.18341,-86.539261
12,3,1700.0,2-Car,No injury/unknown,FOLLOWING TOO CLOSELY,39.18335771,-86.53469029
4,3,1800.0,2-Car,No injury/unknown,IMPROPER TURNING,39.18331,-86.531161
2,1,200.0,1-Car,Non-incapacitating,ALCOHOLIC BEVERAGES,39.18328346,-86.5117389
4,2,1900.0,2-Car,No injury/unknown,FAILURE TO YIELD RIGHT OF WAY,39.18325061,-86.52842251
12,7,1000.0,2-Car,Non-incapacitating,SPEED TOO FAST FOR WEATHER CONDITIONS,39.18323799,-86.51178391
12,6,100.0,2-Car,No injury/unknown,OTHER (DRIVER) - EXPLAIN IN NARRATIVE,39.183226,-86.531205
12,6,1300.0,3+ Cars,Non-incapacitating,ALCOHOLIC BEVERAGES,39.183205,-86.531216
3,4,1600.0,2-Car,No injury/unknown,FOLLOWING TOO CLOSELY,39.18319569,-86.52842121
4,3,1600.0,2-Car,No injury/unknown,FOLLOWING TOO CLOSELY,39.183136,-86.537824
11,6,1300.0,2-Car,No injury/unknown,UNSAFE BACKING,39.183091,-86.544049
9,1,2000.0,2-Car,No injury/unknown,FAILURE TO YIELD RIGHT OF WAY,39.182976,-86.528416
9,3,1300.0,2-Car,No injury/unknown,OTHER (DRIVER) - EXPLAIN IN NARRATIVE,39.182976,-86.528416
11,3,1800.0,1-Car,No injury/unknown,SPEED TOO FAST FOR WEATHER CONDITIONS,39.182976,-86.528416
12,7,1100.0,2-Car,No injury/unknown,ROADWAY SURFACE CONDITION,39.182976,-86.528416
12,3,1200.0,2-Car,No injury/unknown,OTHER (DRIVER) - EXPLAIN IN NARRATIVE,39.182976,-86.528416
12,7,1100.0,2-Car,No injury/unknown,ROADWAY SURFACE CONDITION,39.182976,-86.528416
3,2,1100.0,2-Car,No injury/unknown,UNSAFE BACKING,39.18283006,-86.53046982
12,1,1200.0,2-Car,No injury/unknown,OTHER (DRIVER) - EXPLAIN IN NARRATIVE,39.18283006,-86.53046982
9,3,1500.0,2-Car,Non-incapacitating,OTHER (DRIVER) - EXPLAIN IN NARRATIVE,39.1827726,-86.49492
5,7,1800.0,1-Car,No injury/unknown,DRIVER DISTRACTED - EXPLAIN IN NARRATIVE,39.18270085,-86.51294939
8,6,1500.0,1-Car,No injury/unknown,IMPROPER LANE USAGE,39.18270085,-86.51294939
3,1,1100.0,2-Car,No injury/unknown,FAILURE TO YIELD RIGHT OF WAY,39.18266663,-86.5609886
4,7,2000.0,2-Car,No injury/unknown,UNSAFE BACKING,39.182575,-86.538191
2,1,1500.0,2-Car,No injury/unknown,OTHER (DRIVER) - EXPLAIN IN NARRATIVE,39.18242962,-86.51914028
4,4,1300.0,2-Car,No injury/unknown,FAILURE TO YIELD RIGHT OF WAY,39.18242962,-86.51914028
11,3,1300.0,2-Car,No injury/unknown,UNSAFE BACKING,39.18242962,-86.51914028
1,6,1800.0,1-Car,No injury/unknown,OTHER (DRIVER) - EXPLAIN IN NARRATIVE,39.182414,-86.512599
6,5,600.0,2-Car,No injury/unknown,OTHER (DRIVER) - EXPLAIN IN NARRATIVE,39.18240418,-86.53470715
1,6,1200.0,Bus,No injury/unknown,OTHER (DRIVER) - EXPLAIN IN NARRATIVE,39.18237738,-86.51266018
9,7,200.0,2-Car,No injury/unknown,OTHER (DRIVER) - EXPLAIN IN NARRATIVE,39.18220833,-86.53381551
8,3,1500.0,2-Car,No injury/unknown,UNSAFE BACKING,39.181984,-86.583085
5,6,1100.0,2-Car,No injury/unknown,UNSAFE BACKING,39.181937,-86.519142
2,7,200.0,1-Car,No injury/unknown,ROADWAY SURFACE CONDITION,39.18192,-86.543984
3,3,1200.0,2-Car,No injury/unknown,IMPROPER TURNING,39.18187116,-86.5377819
6,1,1400.0,2-Car,No injury/unknown,UNSAFE BACKING,39.18184,-86.532192
2,5,900.0,2-Car,No injury/unknown,OVERCORRECTING/OVERSTEERING,39.1818,-86.528319
7,4,0.0,1-Car,No injury/unknown,ALCOHOLIC BEVERAGES,39.18175118,-86.53019233
11,7,100.0,2-Car,Non-incapacitating,FAILURE TO YIELD RIGHT OF WAY,39.181744,-86.530192
12,2,1300.0,2-Car,No injury/unknown,UNSAFE BACKING,39.181744,-86.530192
1,2,1200.0,2-Car,No injury/unknown,UNSAFE BACKING,39.181713,-86.51914
2,6,700.0,1-Car,No injury/unknown,UNSAFE BACKING,39.18159456,-86.52021
5,4,1600.0,2-Car,No injury/unknown,FOLLOWING TOO CLOSELY,39.181552,-86.5336
6,4,1700.0,2-Car,No injury/unknown,FAILURE TO YIELD RIGHT OF WAY,39.181552,-86.5336
2,6,2200.0,2-Car,No injury/unknown,SPEED TOO FAST FOR WEATHER CONDITIONS,39.18128,-86.542064
6,1,100.0,2-Car,No injury/unknown,OTHER (DRIVER) - EXPLAIN IN NARRATIVE,39.18128,-86.531792
10,4,1300.0,Cyclist,Non-incapacitating,FAILURE TO YIELD RIGHT OF WAY,39.18126199,-86.51641
9,4,1400.0,Cyclist,Non-incapacitating,OTHER (DRIVER) - EXPLAIN IN NARRATIVE,39.18112,-86.530816
9,7,300.0,2-Car,No injury/unknown,UNSAFE BACKING,39.18110378,-86.5307122
1,4,800.0,2-Car,Non-incapacitating,FAILURE TO YIELD RIGHT OF WAY,39.18104,-86.5284
1,3,1100.0,2-Car,No injury/unknown,UNSAFE BACKING,39.18104,-86.5284
3,3,1100.0,Pedestrian,Non-incapacitating,FAILURE TO YIELD RIGHT OF WAY,39.18104,-86.5284
10,6,600.0,1-Car,No injury/unknown,OTHER (DRIVER) - EXPLAIN IN NARRATIVE,39.1807259,-86.55787222
2,3,1400.0,2-Car,No injury/unknown,IMPROPER TURNING,39.18056,-86.543968
7,1,1600.0,2-Car,No injury/unknown,UNSAFE BACKING,39.18056,-86.543968
8,7,1400.0,2-Car,No injury/unknown,IMPROPER LANE USAGE,39.18056,-86.542944
3,4,800.0,Pedestrian,Non-incapacitating,PEDESTRIAN ACTION,39.180352,-86.5284
9,5,900.0,2-Car,No injury/unknown,UNSAFE SPEED,39.180352,-86.5284
9,4,1700.0,2-Car,No injury/unknown,IMPROPER LANE USAGE,39.180352,-86.5284
11,7,200.0,2-Car,No injury/unknown,LEFT OF CENTER,39.180352,-86.5284
10,6,1000.0,2-Car,No injury/unknown,OTHER (DRIVER) - EXPLAIN IN NARRATIVE,39.18034652,-86.58318
11,3,1000.0,2-Car,No injury/unknown,FAILURE TO YIELD RIGHT OF WAY,39.18019,-86.528309
2,6,1300.0,2-Car,No injury/unknown,UNSAFE BACKING,39.18011152,-86.52009
6,2,1900.0,2-Car,No injury/unknown,OTHER (DRIVER) - EXPLAIN IN NARRATIVE,39.180048,-86.544
7,3,1100.0,2-Car,No injury/unknown,FAILURE TO YIELD RIGHT OF WAY,39.180048,-86.544
2,6,1800.0,2-Car,No injury/unknown,OTHER (DRIVER) - EXPLAIN IN NARRATIVE,39.180012,-86.562315
6,2,1200.0,1-Car,No injury/unknown,RAN OFF ROAD RIGHT,39.18,-86.554098
6,4,1000.0,2-Car,No injury/unknown,FAILURE TO YIELD RIGHT OF WAY,39.17994237,-86.5483693
1,7,2000.0,1-Car,No injury/unknown,IMPROPER TURNING,39.17984,-86.507088
1,4,1700.0,2-Car,No injury/unknown,DRIVER DISTRACTED - EXPLAIN IN NARRATIVE,39.17984,-86.507088
3,7,1200.0,2-Car,No injury/unknown,FOLLOWING TOO CLOSELY,39.17984,-86.507088
4,6,1600.0,2-Car,No injury/unknown,IMPROPER PASSING,39.17984,-86.507088
4,2,1600.0,2-Car,No injury/unknown,FAILURE TO YIELD RIGHT OF WAY,39.17984,-86.507088
9,1,1800.0,1-Car,No injury/unknown,SPEED TOO FAST FOR WEATHER CONDITIONS,39.17984,-86.507088
8,4,300.0,3+ Cars,No injury/unknown,,39.17981,-86.554096
6,4,1400.0,1-Car,Non-incapacitating,ANIMAL/OBJECT IN ROADWAY,39.17979726,-86.58319
12,2,1300.0,1-Car,Non-incapacitating,RAN OFF ROAD RIGHT,39.17972282,-86.54796921
3,3,1100.0,2-Car,No injury/unknown,UNSAFE BACKING,39.17967426,-86.511088
12,6,100.0,2-Car,No injury/unknown,ALCOHOLIC BEVERAGES,39.17967216,-86.53084082
12,6,1700.0,2-Car,No injury/unknown,CELL PHONE USAGE,39.17960737,-86.5069004
3,3,300.0,2-Car,No injury/unknown,OTHER (DRIVER) - EXPLAIN IN NARRATIVE,39.1794156,-86.53602554
2,6,200.0,2-Car,No injury/unknown,SPEED TOO FAST FOR WEATHER CONDITIONS,39.17939731,-86.511088
4,3,1700.0,2-Car,No injury/unknown,UNSAFE BACKING,39.179279,-86.510934
1,4,1600.0,2-Car,Non-incapacitating,DRIVER DISTRACTED - EXPLAIN IN NARRATIVE,39.17925,-86.5084
11,2,1800.0,2-Car,No injury/unknown,DRIVER DISTRACTED - EXPLAIN IN NARRATIVE,39.17925,-86.5084
6,4,1400.0,2-Car,Non-incapacitating,FAILURE TO YIELD RIGHT OF WAY,39.179248,-86.58249423
1,5,2200.0,1-Car,No injury/unknown,ROADWAY SURFACE CONDITION,39.179248,-86.5832
1,3,1900.0,1-Car,Non-incapacitating,SPEED TOO FAST FOR WEATHER CONDITIONS,39.179248,-86.547104
2,5,2300.0,1-Car,Non-incapacitating,ALCOHOLIC BEVERAGES,39.179248,-86.547104
2,6,1200.0,1-Car,No injury/unknown,RAN OFF ROAD RIGHT,39.179248,-86.556592
3,6,2000.0,2-Car,No injury/unknown,LEFT OF CENTER,39.179248,-86.547104
4,4,1300.0,2-Car,No injury/unknown,FOLLOWING TOO CLOSELY,39.179248,-86.547104
4,6,1300.0,3+ Cars,Non-incapacitating,FOLLOWING TOO CLOSELY,39.179248,-86.547104
4,4,700.0,2-Car,No injury/unknown,IMPROPER TURNING,39.179248,-86.5832
4,2,1700.0,2-Car,No injury/unknown,DISREGARD SIGNAL/REG SIGN,39.179248,-86.5832
5,2,1400.0,2-Car,No injury/unknown,OVERCORRECTING/OVERSTEERING,39.179248,-86.547104
6,6,900.0,2-Car,Non-incapacitating,FAILURE TO YIELD RIGHT OF WAY,39.179248,-86.547104
6,3,1300.0,2-Car,No injury/unknown,OTHER (DRIVER) - EXPLAIN IN NARRATIVE,39.179248,-86.547104
7,3,1000.0,2-Car,No injury/unknown,FAILURE TO YIELD RIGHT OF WAY,39.179248,-86.547104
8,6,1400.0,2-Car,No injury/unknown,DRIVER DISTRACTED - EXPLAIN IN NARRATIVE,39.179248,-86.547104
10,3,2000.0,2-Car,No injury/unknown,FAILURE TO YIELD RIGHT OF WAY,39.179248,-86.547104
10,3,1600.0,1-Car,Non-incapacitating,RAN OFF ROAD RIGHT,39.179248,-86.547104
11,1,200.0,2-Car,No injury/unknown,OTHER (DRIVER) - EXPLAIN IN NARRATIVE,39.179248,-86.547104
11,6,1500.0,Moped/Motorcycle,Non-incapacitating,SPEED TOO FAST FOR WEATHER CONDITIONS,39.179248,-86.547104
11,5,1900.0,2-Car,Non-incapacitating,DRIVER DISTRACTED - EXPLAIN IN NARRATIVE,39.179248,-86.547104
11,6,1700.0,2-Car,No injury/unknown,FAILURE TO YIELD RIGHT OF WAY,39.179248,-86.547104
12,1,1300.0,2-Car,No injury/unknown,SPEED TOO FAST FOR WEATHER CONDITIONS,39.179248,-86.556592
9,6,1500.0,2-Car,No injury/unknown,FAILURE TO YIELD RIGHT OF WAY,39.17922,-86.5471
4,2,1600.0,2-Car,Non-incapacitating,DRIVER DISTRACTED - EXPLAIN IN NARRATIVE,39.17921334,-86.58671585
6,6,1500.0,3+ Cars,No injury/unknown,UNSAFE BACKING,39.179211,-86.574453
2,3,2200.0,1-Car,No injury/unknown,OTHER (DRIVER) - EXPLAIN IN NARRATIVE,39.17920134,-86.59103912
8,4,2200.0,2-Car,No injury/unknown,LEFT OF CENTER,39.179192,-86.58569
12,4,1200.0,2-Car,No injury/unknown,FOLLOWING TOO CLOSELY,39.17916,-86.58308
8,6,1300.0,2-Car,No injury/unknown,UNSAFE BACKING,39.17915849,-86.5379414
4,5,1900.0,2-Car,Non-incapacitating,OTHER (ENVIRONMENTAL) - EXPLAIN IN NARR,39.17915226,-86.53471928
1,7,2300.0,2-Car,No injury/unknown,DRIVER ASLEEP OR FATIGUED,39.17914,-86.581402
1,7,2300.0,2-Car,No injury/unknown,DRIVER ASLEEP OR FATIGUED,39.17914,-86.581402
8,6,2300.0,1-Car,No injury/unknown,RAN OFF ROAD RIGHT,39.17911578,-86.5284
6,7,2000.0,2-Car,Non-incapacitating,OTHER (DRIVER) - EXPLAIN IN NARRATIVE,39.179104,-86.544016
12,6,1700.0,2-Car,No injury/unknown,FAILURE TO YIELD RIGHT OF WAY,39.179104,-86.544016
6,2,2100.0,1-Car,No injury/unknown,RAN OFF ROAD RIGHT,39.17909206,-86.47442641
1,2,1600.0,2-Car,No injury/unknown,IMPROPER TURNING,39.17904,-86.530848
1,5,100.0,2-Car,Non-incapacitating,FAILURE TO YIELD RIGHT OF WAY,39.17904,-86.5284
2,6,1600.0,2-Car,No injury/unknown,FOLLOWING TOO CLOSELY,39.17904,-86.5284
2,3,1500.0,1-Car,No injury/unknown,RAN OFF ROAD RIGHT,39.17904,-86.5284
2,5,1500.0,1-Car,No injury/unknown,OTHER (ENVIRONMENTAL) - EXPLAIN IN NARR,39.17904,-86.5320128
2,4,1600.0,2-Car,Non-incapacitating,FAILURE TO YIELD RIGHT OF WAY,39.17904,-86.530848
4,3,2000.0,2-Car,No injury/unknown,FOLLOWING TOO CLOSELY,39.17904,-86.5284
8,4,800.0,2-Car,No injury/unknown,OTHER (DRIVER) - EXPLAIN IN NARRATIVE,39.17904,-86.54246644
8,5,1500.0,Bus,No injury/unknown,FAILURE TO YIELD RIGHT OF WAY,39.17904,-86.530848
8,4,1300.0,2-Car,No injury/unknown,OTHER (DRIVER) - EXPLAIN IN NARRATIVE,39.17904,-86.5284
8,7,1700.0,2-Car,No injury/unknown,,39.17904,-86.54406
9,3,2100.0,2-Car,Non-incapacitating,FAILURE TO YIELD RIGHT OF WAY,39.17904,-86.5284
11,5,1600.0,3+ Cars,Non-incapacitating,OTHER (DRIVER) - EXPLAIN IN NARRATIVE,39.17904,-86.530848
12,7,1100.0,2-Car,No injury/unknown,OTHER (ENVIRONMENTAL) - EXPLAIN IN NARR,39.17904,-86.5284
9,2,1200.0,2-Car,No injury/unknown,UNSAFE BACKING,39.179038,-86.537905
2,3,1900.0,Pedestrian,Non-incapacitating,OTHER (DRIVER) - EXPLAIN IN NARRATIVE,39.179024,-86.5272
7,3,200.0,1-Car,Non-incapacitating,DISREGARD SIGNAL/REG SIGN,39.179024,-86.5272
7,5,1400.0,2-Car,No injury/unknown,DISREGARD SIGNAL/REG SIGN,39.179024,-86.5272
10,6,1000.0,2-Car,No injury/unknown,SPEED TOO FAST FOR WEATHER CONDITIONS,39.179024,-86.5272
12,1,1500.0,1-Car,No injury/unknown,SPEED TOO FAST FOR WEATHER CONDITIONS,39.179024,-86.5272
11,6,1400.0,1-Car,No injury/unknown,OTHER (DRIVER) - EXPLAIN IN NARRATIVE,39.17902139,-86.5269858
1,1,1900.0,Bus,No injury/unknown,UNSAFE BACKING,39.17902,-86.5210747
1,4,1500.0,2-Car,No injury/unknown,FAILURE TO YIELD RIGHT OF WAY,39.17902,-86.525975
2,2,1500.0,2-Car,No injury/unknown,OTHER (DRIVER) - EXPLAIN IN NARRATIVE,39.17902,-86.521092
3,7,1900.0,1-Car,Non-incapacitating,BRAKE FAILURE OR DEFECTIVE,39.17902,-86.534885
4,4,1700.0,2-Car,No injury/unknown,OTHER (DRIVER) - EXPLAIN IN NARRATIVE,39.17902,-86.521092
4,2,1000.0,2-Car,No injury/unknown,OTHER (DRIVER) - EXPLAIN IN NARRATIVE,39.17902,-86.525975
4,2,800.0,2-Car,No injury/unknown,DRIVER DISTRACTED - EXPLAIN IN NARRATIVE,39.17902,-86.5225
11,3,1600.0,2-Car,No injury/unknown,FAILURE TO YIELD RIGHT OF WAY,39.17902,-86.525975
8,2,1600.0,2-Car,No injury/unknown,IMPROPER TURNING,39.179015,-86.520373
9,5,900.0,2-Car,No injury/unknown,OTHER (DRIVER) - EXPLAIN IN NARRATIVE,39.179015,-86.520373
1,3,1500.0,1-Car,No injury/unknown,OVERCORRECTING/OVERSTEERING,39.17901,-86.56324
2,1,200.0,1-Car,No injury/unknown,ALCOHOLIC BEVERAGES,39.17901,-86.52833
12,4,1400.0,1-Car,No injury/unknown,OVERCORRECTING/OVERSTEERING,39.17901,-86.56324
2,3,700.0,2-Car,No injury/unknown,OTHER (DRIVER) - EXPLAIN IN NARRATIVE,39.179008,-86.525888
2,7,2300.0,Pedestrian,Non-incapacitating,OTHER (DRIVER) - EXPLAIN IN NARRATIVE,39.179008,-86.525888
3,2,1800.0,2-Car,No injury/unknown,FAILURE TO YIELD RIGHT OF WAY,39.179008,-86.525888
3,4,1700.0,2-Car,No injury/unknown,UNSAFE BACKING,39.179008,-86.525888
3,3,1600.0,Bus,No injury/unknown,IMPROPER TURNING,39.179008,-86.525888
4,7,1700.0,2-Car,Non-incapacitating,FAILURE TO YIELD RIGHT OF WAY,39.179008,-86.525888
9,2,1700.0,2-Car,No injury/unknown,OTHER (VEHICLE) - EXPLAIN IN NARRATIVE,39.179008,-86.525888
9,7,1700.0,2-Car,No injury/unknown,DRIVER DISTRACTED - EXPLAIN IN NARRATIVE,39.179008,-86.525888
11,6,1500.0,2-Car,No injury/unknown,IMPROPER TURNING,39.179008,-86.525888
12,3,900.0,2-Car,No injury/unknown,LEFT OF CENTER,39.179008,-86.525888
8,5,600.0,2-Car,No injury/unknown,UNSAFE BACKING,39.17900278,-86.53259853
4,2,1000.0,2-Car,No injury/unknown,DRIVER ILLNESS,39.17899674,-86.52420974
9,2,800.0,1-Car,No injury/unknown,UNSAFE BACKING,39.17899329,-86.5378657
2,1,0.0,2-Car,No injury/unknown,DISREGARD SIGNAL/REG SIGN,39.178992,-86.537792
2,2,1600.0,Bus,Non-incapacitating,DISREGARD SIGNAL/REG SIGN,39.178992,-86.537792
4,3,1900.0,2-Car,No injury/unknown,OTHER (DRIVER) - EXPLAIN IN NARRATIVE,39.178992,-86.537792
5,5,1700.0,2-Car,No injury/unknown,FAILURE TO YIELD RIGHT OF WAY,39.178992,-86.523504
6,3,1700.0,2-Car,No injury/unknown,OTHER (DRIVER) - EXPLAIN IN NARRATIVE,39.178992,-86.537792
6,3,1700.0,2-Car,No injury/unknown,FOLLOWING TOO CLOSELY,39.178992,-86.537792
7,3,2300.0,2-Car,No injury/unknown,DISREGARD SIGNAL/REG SIGN,39.178992,-86.537792
9,1,1200.0,2-Car,No injury/unknown,DISREGARD SIGNAL/REG SIGN,39.178992,-86.537792
10,7,900.0,2-Car,Non-incapacitating,OTHER (DRIVER) - EXPLAIN IN NARRATIVE,39.178992,-86.523504
11,5,2300.0,1-Car,No injury/unknown,ILLEGAL DRUGS,39.178992,-86.537792
12,3,1900.0,1-Car,No injury/unknown,RAN OFF ROAD RIGHT,39.178992,-86.523504
12,2,1600.0,2-Car,No injury/unknown,FOLLOWING TOO CLOSELY,39.178992,-86.537792
12,4,1400.0,2-Car,No injury/unknown,FAILURE TO YIELD RIGHT OF WAY,39.1789904,-86.53761557
8,2,1700.0,2-Car,No injury/unknown,UNSAFE BACKING,39.17897861,-86.53631935
12,7,1100.0,2-Car,No injury/unknown,UNSAFE BACKING,39.17897861,-86.53631935
8,6,1400.0,2-Car,No injury/unknown,FAILURE TO YIELD RIGHT OF WAY,39.17897385,-86.53585558
2,3,900.0,2-Car,No injury/unknown,FOLLOWING TOO CLOSELY,39.1789677,-86.52942621
2,3,1800.0,1-Car,No injury/unknown,ROADWAY SURFACE CONDITION,39.17896547,-86.49505
5,4,1500.0,2-Car,No injury/unknown,IMPROPER TURNING,39.17896063,-86.52947802
2,5,1500.0,2-Car,No injury/unknown,FAILURE TO YIELD RIGHT OF WAY,39.17896,-86.521088
2,6,1200.0,2-Car,No injury/unknown,SPEED TOO FAST FOR WEATHER CONDITIONS,39.17896,-86.521088
4,2,1300.0,2-Car,No injury/unknown,DISREGARD SIGNAL/REG SIGN,39.17896,-86.53472
6,4,600.0,2-Car,Non-incapacitating,DISREGARD SIGNAL/REG SIGN,39.17896,-86.53472
6,5,0.0,1-Car,No injury/unknown,OTHER (DRIVER) - EXPLAIN IN NARRATIVE,39.17896,-86.53472
7,6,1800.0,2-Car,No injury/unknown,LEFT OF CENTER,39.17896,-86.53472
7,6,1400.0,2-Car,No injury/unknown,UNSAFE BACKING,39.17896,-86.53472
8,2,900.0,2-Car,No injury/unknown,FAILURE TO YIELD RIGHT OF WAY,39.17896,-86.53472
8,7,200.0,2-Car,No injury/unknown,FOLLOWING TOO CLOSELY,39.17896,-86.53472
9,1,0.0,1-Car,No injury/unknown,DRIVER DISTRACTED - EXPLAIN IN NARRATIVE,39.17896,-86.521088
9,6,1400.0,2-Car,No injury/unknown,OTHER (DRIVER) - EXPLAIN IN NARRATIVE,39.17896,-86.53472
9,5,1700.0,2-Car,Non-incapacitating,FAILURE TO YIELD RIGHT OF WAY,39.17896,-86.521088
11,6,2100.0,2-Car,No injury/unknown,DISREGARD SIGNAL/REG SIGN,39.17896,-86.53472
11,7,2100.0,2-Car,No injury/unknown,OTHER (DRIVER) - EXPLAIN IN NARRATIVE,39.17896,-86.521088
11,5,1200.0,2-Car,No injury/unknown,FAILURE TO YIELD RIGHT OF WAY,39.17896,-86.53472
10,3,1500.0,2-Car,No injury/unknown,FOLLOWING TOO CLOSELY,39.17895462,-86.52073518
7,3,800.0,2-Car,No injury/unknown,UNSAFE BACKING,39.17894926,-86.52038464
11,3,1600.0,2-Car,No injury/unknown,UNSAFE BACKING,39.17894926,-86.52038464
3,5,1500.0,2-Car,No injury/unknown,FOLLOWING TOO CLOSELY,39.178944,-86.52977644
7,2,1100.0,2-Car,No injury/unknown,DISREGARD SIGNAL/REG SIGN,39.178944,-86.533392
9,6,1900.0,2-Car,No injury/unknown,DISREGARD SIGNAL/REG SIGN,39.178944,-86.533392
9,7,100.0,1-Car,No injury/unknown,ALCOHOLIC BEVERAGES,39.178944,-86.533392
9,7,100.0,2-Car,No injury/unknown,ALCOHOLIC BEVERAGES,39.178944,-86.533392
9,7,1900.0,Pedestrian,Non-incapacitating,PEDESTRIAN ACTION,39.178944,-86.5296
12,2,800.0,2-Car,No injury/unknown,SPEED TOO FAST FOR WEATHER CONDITIONS,39.178944,-86.533392
12,5,1600.0,Bus,No injury/unknown,OTHER (DRIVER) - EXPLAIN IN NARRATIVE,39.178944,-86.533392
1,2,1800.0,Pedestrian,Non-incapacitating,FAILURE TO YIELD RIGHT OF WAY,39.178928,-86.518992
2,3,1800.0,2-Car,No injury/unknown,FOLLOWING TOO CLOSELY,39.178928,-86.518992
2,1,200.0,2-Car,No injury/unknown,DISREGARD SIGNAL/REG SIGN,39.178928,-86.518992
9,6,1700.0,2-Car,No injury/unknown,UNSAFE SPEED,39.178928,-86.518992
12,2,1300.0,Bus,No injury/unknown,UNSAFE SPEED,39.178928,-86.518992
3,2,1200.0,1-Car,Non-incapacitating,DRIVER DISTRACTED - EXPLAIN IN NARRATIVE,39.17885983,-86.51246693
1,3,2200.0,3+ Cars,No injury/unknown,SPEED TOO FAST FOR WEATHER CONDITIONS,39.178848,-86.511088
2,1,2200.0,1-Car,No injury/unknown,OBSTRUCTION NOT MARKED,39.178848,-86.51144
2,7,2000.0,2-Car,No injury/unknown,FOLLOWING TOO CLOSELY,39.178848,-86.511088
3,3,1700.0,2-Car,Non-incapacitating,FAILURE TO YIELD RIGHT OF WAY,39.178848,-86.511088
3,4,2100.0,2-Car,No injury/unknown,FAILURE TO YIELD RIGHT OF WAY,39.178848,-86.511088
5,6,1300.0,3+ Cars,No injury/unknown,UNSAFE BACKING,39.178848,-86.511088
6,7,1100.0,1-Car,No injury/unknown,ANIMAL/OBJECT IN ROADWAY,39.178848,-86.511088
9,1,1300.0,2-Car,No injury/unknown,FOLLOWING TOO CLOSELY,39.178848,-86.511088
10,6,1800.0,2-Car,No injury/unknown,FAILURE TO YIELD RIGHT OF WAY,39.178848,-86.511088
11,2,1100.0,2-Car,No injury/unknown,SPEED TOO FAST FOR WEATHER CONDITIONS,39.178848,-86.511088
12,4,2000.0,2-Car,Non-incapacitating,LEFT OF CENTER,39.17876534,-86.542096
5,7,0.0,3+ Cars,No injury/unknown,ALCOHOLIC BEVERAGES,39.1787014,-86.53603904
12,6,600.0,2-Car,No injury/unknown,IMPROPER TURNING,39.17869919,-86.58316993
9,1,1700.0,2-Car,No injury/unknown,FOLLOWING TOO CLOSELY,39.17865335,-86.51898997
12,1,1100.0,2-Car,No injury/unknown,FOLLOWING TOO CLOSELY,39.17856339,-86.56000817
4,1,0.0,2-Car,No injury/unknown,OTHER (DRIVER) - EXPLAIN IN NARRATIVE,39.17839758,-86.53339992
8,7,300.0,1-Car,Non-incapacitating,STEERING FAILURE,39.17838952,-86.52672
5,6,1700.0,2-Car,No injury/unknown,UNSAFE BACKING,39.178368,-86.598396
10,7,1100.0,2-Car,No injury/unknown,FAILURE TO YIELD RIGHT OF WAY,39.178352,-86.536048
6,6,1300.0,2-Car,Non-incapacitating,FAILURE TO YIELD RIGHT OF WAY,39.17824483,-86.55969
1,6,1500.0,2-Car,No injury/unknown,OTHER (VEHICLE) - EXPLAIN IN NARRATIVE,39.17816921,-86.512496
9,5,1400.0,1-Car,No injury/unknown,IMPROPER TURNING,39.17809746,-86.52717624
10,4,2200.0,2-Car,No injury/unknown,UNSAFE BACKING,39.1780884,-86.512496
10,1,1400.0,2-Car,No injury/unknown,OTHER (DRIVER) - EXPLAIN IN NARRATIVE,39.178049,-86.518835
4,7,2100.0,2-Car,No injury/unknown,UNSAFE BACKING,39.17785115,-86.53340784
1,4,900.0,2-Car,No injury/unknown,FAILURE TO YIELD RIGHT OF WAY,39.17784,-86.533408
4,5,1800.0,2-Car,No injury/unknown,IMPROPER TURNING,39.177792,-86.530864
9,7,1800.0,2-Car,No injury/unknown,OTHER (DRIVER) - EXPLAIN IN NARRATIVE,39.177776,-86.5296
2,6,2300.0,1-Car,No injury/unknown,SPEED TOO FAST FOR WEATHER CONDITIONS,39.177744,-86.536048
2,4,1100.0,2-Car,No injury/unknown,UNSAFE BACKING,39.177744,-86.536048
7,7,0.0,2-Car,No injury/unknown,RAN OFF ROAD RIGHT,39.177744,-86.53776
11,3,1100.0,2-Car,No injury/unknown,FOLLOWING TOO CLOSELY,39.177744,-86.52832
11,6,1300.0,2-Car,No injury/unknown,OTHER (DRIVER) - EXPLAIN IN NARRATIVE,39.17773627,-86.52974567
12,3,1700.0,2-Car,No injury/unknown,ROADWAY SURFACE CONDITION,39.17769722,-86.47680749
11,3,1200.0,2-Car,Non-incapacitating,OTHER TELEMATICS IN USE,39.17753434,-86.47709162
6,2,2200.0,1-Car,No injury/unknown,UNSAFE SPEED,39.17749,-86.54887
4,2,1400.0,2-Car,No injury/unknown,FAILURE TO YIELD RIGHT OF WAY,39.1774,-86.56206
1,6,1500.0,2-Car,No injury/unknown,UNSAFE SPEED,39.17737768,-86.5609886
3,1,1300.0,2-Car,No injury/unknown,IMPROPER LANE USAGE,39.17737768,-86.5609886