Month,Day,Hour,Collision Type,Injury Type,Primary Factor,Latitude,Longitude
4,7,1800.0,2-Car,Non-incapacitating,FOLLOWING TOO CLOSELY,39.17737768,-86.5609886
6,3,700.0,2-Car,No injury/unknown,SPEED TOO FAST FOR WEATHER CONDITIONS,39.17737768,-86.5609886
8,5,1300.0,3+ Cars,No injury/unknown,OTHER (DRIVER) - EXPLAIN IN NARRATIVE,39.1773722,-86.47737644
1,5,1900.0,Moped/Motorcycle,Non-incapacitating,FAILURE TO YIELD RIGHT OF WAY,39.17737085,-86.56096128
6,5,2000.0,2-Car,No injury/unknown,FAILURE TO YIELD RIGHT OF WAY,39.17737085,-86.56096128
1,3,1600.0,2-Car,No injury/unknown,UNSAFE BACKING,39.17729391,-86.5189799
3,2,2000.0,2-Car,No injury/unknown,UNSAFE BACKING,39.17729391,-86.5189799
9,1,2000.0,2-Car,No injury/unknown,UNSAFE BACKING,39.17729391,-86.5189799
11,3,2100.0,2-Car,No injury/unknown,UNSAFE BACKING,39.17729391,-86.5189799
5,7,300.0,2-Car,No injury/unknown,OTHER (DRIVER) - EXPLAIN IN NARRATIVE,39.17725691,-86.5347331
9,5,1600.0,2-Car,No injury/unknown,FAILURE TO YIELD RIGHT OF WAY,39.177248,-86.512496
2,6,0.0,2-Car,No injury/unknown,ROADWAY SURFACE CONDITION,39.177152,-86.52785775
11,6,100.0,2-Car,No injury/unknown,LEFT OF CENTER,39.17715,-86.51253
5,4,1700.0,2-Car,No injury/unknown,ALCOHOLIC BEVERAGES,39.17714982,-86.56168247
6,4,900.0,2-Car,Non-incapacitating,SPEED TOO FAST FOR WEATHER CONDITIONS,39.17714982,-86.56168247
5,2,1900.0,2-Car,No injury/unknown,UNSAFE BACKING,39.17704,-86.52342171
9,3,1800.0,2-Car,No injury/unknown,OTHER (DRIVER) - EXPLAIN IN NARRATIVE,39.17704,-86.5588
2,7,1400.0,2-Car,No injury/unknown,UNSAFE BACKING,39.17698971,-86.53342171
2,6,1200.0,1-Car,No injury/unknown,FAILURE TO YIELD RIGHT OF WAY,39.17698971,-86.53342171
10,6,2000.0,2-Car,No injury/unknown,UNSAFE BACKING,39.1769498,-86.53473546
3,5,1300.0,2-Car,No injury/unknown,FAILURE TO YIELD RIGHT OF WAY,39.17694817,-86.52697
12,6,1300.0,2-Car,No injury/unknown,OTHER (DRIVER) - EXPLAIN IN NARRATIVE,39.17694788,-86.56192165
1,5,1800.0,2-Car,No injury/unknown,OTHER (DRIVER) - EXPLAIN IN NARRATIVE,39.17692833,-86.5295729
1,2,1300.0,2-Car,No injury/unknown,OTHER (DRIVER) - EXPLAIN IN NARRATIVE,39.17688303,-86.52464
9,1,2300.0,2-Car,No injury/unknown,OTHER (DRIVER) - EXPLAIN IN NARRATIVE,39.176883,-86.529345
4,4,1300.0,2-Car,No injury/unknown,FAILURE TO YIELD RIGHT OF WAY,39.17688,-86.53224
5,3,1700.0,2-Car,No injury/unknown,ROADWAY SURFACE CONDITION,39.17688,-86.534736
6,7,100.0,2-Car,No injury/unknown,FAILURE TO YIELD RIGHT OF WAY,39.17688,-86.534736
6,2,1300.0,2-Car,No injury/unknown,FAILURE TO YIELD RIGHT OF WAY,39.17688,-86.534736
8,7,1200.0,2-Car,No injury/unknown,OTHER (DRIVER) - EXPLAIN IN NARRATIVE,39.17688,-86.534736
9,2,1000.0,2-Car,No injury/unknown,IMPROPER LANE USAGE,39.17688,-86.534736
2,3,1500.0,2-Car,No injury/unknown,SPEED TOO FAST FOR WEATHER CONDITIONS,39.17687,-86.53098
1,4,2000.0,2-Car,No injury/unknown,FAILURE TO YIELD RIGHT OF WAY,39.176848,-86.478192
2,5,800.0,2-Car,Non-incapacitating,FOLLOWING TOO CLOSELY,39.176848,-86.478192
2,3,1500.0,2-Car,No injury/unknown,FAILURE TO YIELD RIGHT OF WAY,39.176848,-86.478192
2,5,1000.0,Bus,No injury/unknown,OTHER (DRIVER) - EXPLAIN IN NARRATIVE,39.176848,-86.55261061
4,7,1700.0,3+ Cars,Non-incapacitating,FOLLOWING TOO CLOSELY,39.176848,-86.478192
5,5,1300.0,Cyclist,Non-incapacitating,FAILURE TO YIELD RIGHT OF WAY,39.176848,-86.533424
6,3,1600.0,2-Car,No injury/unknown,IMPROPER PASSING,39.176848,-86.478192
7,3,1700.0,2-Car,No injury/unknown,FOLLOWING TOO CLOSELY,39.176848,-86.478192
7,4,1800.0,2-Car,No injury/unknown,OTHER (DRIVER) - EXPLAIN IN NARRATIVE,39.176848,-86.478192
8,4,1700.0,2-Car,No injury/unknown,FAILURE TO YIELD RIGHT OF WAY,39.176848,-86.533424
9,4,600.0,2-Car,No injury/unknown,FOLLOWING TOO CLOSELY,39.176848,-86.478192
9,6,800.0,2-Car,No injury/unknown,UNSAFE BACKING,39.176848,-86.533424
9,1,1200.0,2-Car,No injury/unknown,IMPROPER TURNING,39.176848,-86.533424
10,6,900.0,2-Car,No injury/unknown,FAILURE TO YIELD RIGHT OF WAY,39.176848,-86.478192
11,7,1500.0,2-Car,Non-incapacitating,FOLLOWING TOO CLOSELY,39.176848,-86.478192
12,7,1800.0,2-Car,Non-incapacitating,FOLLOWING TOO CLOSELY,39.176848,-86.478192
4,6,0.0,2-Car,No injury/unknown,UNSAFE BACKING,39.17679712,-86.47839795
10,5,1700.0,2-Car,No injury/unknown,FOLLOWING TOO CLOSELY,39.17679189,-86.56255193
4,7,1000.0,2-Car,No injury/unknown,FOLLOWING TOO CLOSELY,39.17678334,-86.47830611
2,2,800.0,2-Car,Non-incapacitating,OTHER (DRIVER) - EXPLAIN IN NARRATIVE,39.17674594,-86.56216082
4,7,1500.0,2-Car,No injury/unknown,FAILURE TO YIELD RIGHT OF WAY,39.17674267,-86.534736
2,3,1500.0,2-Car,No injury/unknown,DRIVER ASLEEP OR FATIGUED,39.17671868,-86.47842022
7,5,1900.0,3+ Cars,No injury/unknown,OTHER (DRIVER) - EXPLAIN IN NARRATIVE,39.17669546,-86.56222062
3,1,1500.0,2-Car,No injury/unknown,FAILURE TO YIELD RIGHT OF WAY,39.17664,-86.539712
10,1,1600.0,2-Car,No injury/unknown,IMPROPER TURNING,39.17664,-86.539712
1,3,1400.0,2-Car,No injury/unknown,ROADWAY SURFACE CONDITION,39.176544,-86.5624
3,3,1000.0,3+ Cars,No injury/unknown,JACKKNIFING,39.176544,-86.5624
4,1,1200.0,2-Car,No injury/unknown,FOLLOWING TOO CLOSELY,39.176544,-86.5624
4,1,1200.0,3+ Cars,Non-incapacitating,FOLLOWING TOO CLOSELY,39.176544,-86.5624
4,2,1500.0,2-Car,No injury/unknown,OTHER (DRIVER) - EXPLAIN IN NARRATIVE,39.176544,-86.5624
4,4,900.0,2-Car,Non-incapacitating,FOLLOWING TOO CLOSELY,39.176544,-86.5624
5,5,900.0,Bus,No injury/unknown,SPEED TOO FAST FOR WEATHER CONDITIONS,39.176544,-86.5624
5,5,1700.0,3+ Cars,No injury/unknown,SPEED TOO FAST FOR WEATHER CONDITIONS,39.176544,-86.5624
5,5,1500.0,2-Car,Non-incapacitating,SPEED TOO FAST FOR WEATHER CONDITIONS,39.176544,-86.5624
6,4,1100.0,3+ Cars,No injury/unknown,OTHER (DRIVER) - EXPLAIN IN NARRATIVE,39.176544,-86.5624
7,3,1900.0,2-Car,No injury/unknown,BRAKE FAILURE OR DEFECTIVE,39.176544,-86.5624
7,4,800.0,2-Car,Non-incapacitating,OVERCORRECTING/OVERSTEERING,39.176544,-86.5624
8,2,1000.0,2-Car,No injury/unknown,DISREGARD SIGNAL/REG SIGN,39.176544,-86.5624
10,3,1300.0,2-Car,Non-incapacitating,DISREGARD SIGNAL/REG SIGN,39.176544,-86.5624
10,3,1800.0,2-Car,No injury/unknown,FAILURE TO YIELD RIGHT OF WAY,39.176544,-86.5624
11,6,1100.0,2-Car,No injury/unknown,FOLLOWING TOO CLOSELY,39.176544,-86.5624
11,4,1900.0,2-Car,No injury/unknown,OTHER (DRIVER) - EXPLAIN IN NARRATIVE,39.176544,-86.5624
11,7,1200.0,2-Car,No injury/unknown,FOLLOWING TOO CLOSELY,39.176544,-86.5624
11,4,2000.0,2-Car,Non-incapacitating,FAILURE TO YIELD RIGHT OF WAY,39.176544,-86.5624
12,6,1500.0,2-Car,No injury/unknown,DISREGARD SIGNAL/REG SIGN,39.176544,-86.5624
12,2,1100.0,1-Car,No injury/unknown,DRIVER DISTRACTED - EXPLAIN IN NARRATIVE,39.176544,-86.5624
2,3,1100.0,2-Car,No injury/unknown,FAILURE TO YIELD RIGHT OF WAY,39.176537,-86.509897
9,2,1500.0,2-Car,No injury/unknown,UNSAFE BACKING,39.176537,-86.509897
8,7,1600.0,2-Car,No injury/unknown,UNSAFE BACKING,39.17653,-86.5099373
11,6,1800.0,2-Car,No injury/unknown,FOLLOWING TOO CLOSELY,39.17652469,-86.47876255
1,3,1900.0,1-Car,No injury/unknown,INSECURE/LEAKY LOAD,39.176468,-86.628363
8,6,2100.0,2-Car,No injury/unknown,IMPROPER TURNING,39.17646656,-86.52712915
5,2,1400.0,2-Car,No injury/unknown,FOLLOWING TOO CLOSELY,39.17635934,-86.56266121
5,4,1200.0,2-Car,No injury/unknown,FOLLOWING TOO CLOSELY,39.1763226,-86.53770342
5,4,1700.0,2-Car,No injury/unknown,OTHER (DRIVER) - EXPLAIN IN NARRATIVE,39.17626701,-86.56279182
12,3,1800.0,2-Car,No injury/unknown,DRIVER DISTRACTED - EXPLAIN IN NARRATIVE,39.17626701,-86.56279182
9,5,2300.0,2-Car,No injury/unknown,OTHER (DRIVER) - EXPLAIN IN NARRATIVE,39.176259,-86.513045
3,2,1400.0,2-Car,No injury/unknown,UNSAFE BACKING,39.176192,-86.52712
4,6,1600.0,2-Car,No injury/unknown,FAILURE TO YIELD RIGHT OF WAY,39.176192,-86.52712
9,7,1700.0,Cyclist,Non-incapacitating,PEDESTRIAN ACTION,39.176192,-86.52712
9,6,1200.0,2-Car,No injury/unknown,FAILURE TO YIELD RIGHT OF WAY,39.176192,-86.52712
11,2,1400.0,2-Car,Non-incapacitating,FAILURE TO YIELD RIGHT OF WAY,39.176192,-86.52712
10,7,0.0,1-Car,No injury/unknown,ANIMAL/OBJECT IN ROADWAY,39.17618335,-86.4793665
3,2,1400.0,2-Car,No injury/unknown,OTHER (DRIVER) - EXPLAIN IN NARRATIVE,39.17617467,-86.56292242
3,5,1400.0,2-Car,No injury/unknown,FOLLOWING TOO CLOSELY,39.17617467,-86.56292242
1,4,900.0,2-Car,No injury/unknown,FAILURE TO YIELD RIGHT OF WAY,39.17617022,-86.52787137
2,1,2200.0,2-Car,No injury/unknown,UNSAFE BACKING,39.17616522,-86.52804376
4,4,800.0,2-Car,No injury/unknown,FAILURE TO YIELD RIGHT OF WAY,39.17616,-86.528224
4,1,2100.0,2-Car,Non-incapacitating,FAILURE TO YIELD RIGHT OF WAY,39.17616,-86.528224
9,7,1900.0,2-Car,No injury/unknown,NONE (VEHICLE),39.17616,-86.528224
1,1,1900.0,2-Car,No injury/unknown,IMPROPER PASSING,39.17612549,-86.51898236
1,6,1200.0,2-Car,No injury/unknown,OTHER (DRIVER) - EXPLAIN IN NARRATIVE,39.17612549,-86.51898236
3,7,1700.0,2-Car,No injury/unknown,UNSAFE BACKING,39.17612549,-86.51898236
1,3,1100.0,2-Car,No injury/unknown,OTHER (DRIVER) - EXPLAIN IN NARRATIVE,39.176119,-86.528231
8,3,800.0,2-Car,No injury/unknown,UNSAFE SPEED,39.17610081,-86.5630269
9,5,0.0,1-Car,No injury/unknown,OTHER (DRIVER) - EXPLAIN IN NARRATIVE,39.17609371,-86.534736
1,1,300.0,2-Car,No injury/unknown,ALCOHOLIC BEVERAGES,39.17606185,-86.53343804
8,6,1400.0,2-Car,No injury/unknown,OTHER (DRIVER) - EXPLAIN IN NARRATIVE,39.176048,-86.537696
3,1,1800.0,2-Car,No injury/unknown,FAILURE TO YIELD RIGHT OF WAY,39.17600871,-86.53019035
1,3,1600.0,1-Car,No injury/unknown,OTHER (ENVIRONMENTAL) - EXPLAIN IN NARR,39.17599001,-86.56318363
5,7,1300.0,2-Car,No injury/unknown,IMPROPER TURNING,39.175984,-86.534736
7,2,1800.0,2-Car,No injury/unknown,FAILURE TO YIELD RIGHT OF WAY,39.175984,-86.534736
8,3,1500.0,Moped/Motorcycle,No injury/unknown,FAILURE TO YIELD RIGHT OF WAY,39.175984,-86.534736
8,3,1700.0,2-Car,No injury/unknown,FAILURE TO YIELD RIGHT OF WAY,39.175984,-86.534736
8,5,1400.0,2-Car,No injury/unknown,UNSAFE BACKING,39.175984,-86.534736
2,1,300.0,1-Car,Non-incapacitating,DRIVER DISTRACTED - EXPLAIN IN NARRATIVE,39.17597466,-86.51641
6,6,1300.0,2-Car,No injury/unknown,FAILURE TO YIELD RIGHT OF WAY,39.175968,-86.532288
1,4,1700.0,Cyclist,Non-incapacitating,FAILURE TO YIELD RIGHT OF WAY,39.175952,-86.53344
3,7,2200.0,2-Car,Non-incapacitating,IMPROPER TURNING,39.175952,-86.53344
7,2,1700.0,2-Car,No injury/unknown,IMPROPER TURNING,39.175952,-86.53344
8,2,1600.0,2-Car,No injury/unknown,IMPROPER TURNING,39.175952,-86.53344
8,4,1900.0,2-Car,No injury/unknown,IMPROPER TURNING,39.175952,-86.53344
8,1,1400.0,2-Car,No injury/unknown,OTHER (DRIVER) - EXPLAIN IN NARRATIVE,39.175952,-86.53344
10,7,2300.0,2-Car,No injury/unknown,FAILURE TO YIELD RIGHT OF WAY,39.175952,-86.53344
3,2,1600.0,3+ Cars,Non-incapacitating,SPEED TOO FAST FOR WEATHER CONDITIONS,39.17580534,-86.56344483
9,6,1200.0,1-Car,No injury/unknown,SPEED TOO FAST FOR WEATHER CONDITIONS,39.17580534,-86.56344483
11,3,1300.0,3+ Cars,No injury/unknown,OTHER (DRIVER) - EXPLAIN IN NARRATIVE,39.17580534,-86.56344483
5,7,1700.0,2-Car,No injury/unknown,UNSAFE SPEED,39.175552,-86.528192
9,5,1600.0,1-Car,No injury/unknown,SPEED TOO FAST FOR WEATHER CONDITIONS,39.175552,-86.528192
9,1,200.0,1-Car,Non-incapacitating,UNSAFE SPEED,39.175552,-86.528192
10,3,1900.0,2-Car,No injury/unknown,SPEED TOO FAST FOR WEATHER CONDITIONS,39.175552,-86.528192
12,7,1200.0,Pedestrian,No injury/unknown,ROADWAY SURFACE CONDITION,39.175552,-86.528192
12,7,1000.0,1-Car,No injury/unknown,OTHER (DRIVER) - EXPLAIN IN NARRATIVE,39.17550537,-86.5271351
1,7,1300.0,2-Car,No injury/unknown,FAILURE TO YIELD RIGHT OF WAY,39.175504,-86.527104
4,7,2300.0,3+ Cars,No injury/unknown,FOLLOWING TOO CLOSELY,39.175504,-86.527104
4,1,1200.0,2-Car,No injury/unknown,FAILURE TO YIELD RIGHT OF WAY,39.175504,-86.527104
4,3,1500.0,2-Car,No injury/unknown,FAILURE TO YIELD RIGHT OF WAY,39.175504,-86.527104
5,4,1400.0,2-Car,No injury/unknown,FAILURE TO YIELD RIGHT OF WAY,39.175504,-86.527104
8,2,2000.0,2-Car,No injury/unknown,FAILURE TO YIELD RIGHT OF WAY,39.175504,-86.527104
8,2,1100.0,1-Car,No injury/unknown,OTHER (DRIVER) - EXPLAIN IN NARRATIVE,39.175504,-86.527104
8,1,1600.0,2-Car,No injury/unknown,FAILURE TO YIELD RIGHT OF WAY,39.175504,-86.527104
9,2,1800.0,2-Car,No injury/unknown,FAILURE TO YIELD RIGHT OF WAY,39.175504,-86.527104
9,7,1900.0,Moped/Motorcycle,Non-incapacitating,ALCOHOLIC BEVERAGES,39.175504,-86.527104
9,5,800.0,Bus,No injury/unknown,FAILURE TO YIELD RIGHT OF WAY,39.175504,-86.527104
10,5,2100.0,2-Car,No injury/unknown,FAILURE TO YIELD RIGHT OF WAY,39.175504,-86.527104
11,3,1500.0,2-Car,No injury/unknown,FAILURE TO YIELD RIGHT OF WAY,39.175504,-86.527104
11,7,1800.0,2-Car,Non-incapacitating,FAILURE TO YIELD RIGHT OF WAY,39.175504,-86.527104
12,6,1600.0,2-Car,No injury/unknown,UNSAFE BACKING,39.175504,-86.527104
12,7,2300.0,2-Car,No injury/unknown,FAILURE TO YIELD RIGHT OF WAY,39.175504,-86.527104
11,7,800.0,1-Car,No injury/unknown,ANIMAL/OBJECT IN ROADWAY,39.17549963,-86.480582
11,6,2100.0,2-Car,No injury/unknown,OTHER (DRIVER) - EXPLAIN IN NARRATIVE,39.17547381,-86.54395
11,3,1600.0,2-Car,Non-incapacitating,LEFT OF CENTER,39.17537223,-86.53484
2,6,1200.0,2-Car,No injury/unknown,ROADWAY SURFACE CONDITION,39.175344,-86.523488
12,2,1500.0,2-Car,No injury/unknown,FAILURE TO YIELD RIGHT OF WAY,39.17532959,-86.54602
7,3,1600.0,2-Car,No injury/unknown,OTHER (DRIVER) - EXPLAIN IN NARRATIVE,39.17528784,-86.53474939
5,6,1600.0,2-Car,Non-incapacitating,FOLLOWING TOO CLOSELY,39.17525135,-86.56422845
4,7,2300.0,2-Car,No injury/unknown,FAILURE TO YIELD RIGHT OF WAY,39.175232,-86.520976
3,2,1100.0,2-Car,Non-incapacitating,FAILURE TO YIELD RIGHT OF WAY,39.17522135,-86.52071171
3,1,0.0,2-Car,No injury/unknown,UNSAFE BACKING,39.17517197,-86.54204864
2,4,900.0,2-Car,No injury/unknown,FAILURE TO YIELD RIGHT OF WAY,39.17515787,-86.52355233
1,5,1400.0,2-Car,No injury/unknown,,39.175152,-86.548048
2,6,1500.0,2-Car,No injury/unknown,UNSAFE BACKING,39.175152,-86.518992
3,5,0.0,1-Car,No injury/unknown,ALCOHOLIC BEVERAGES,39.175152,-86.538512
3,6,1700.0,2-Car,No injury/unknown,FOLLOWING TOO CLOSELY,39.175152,-86.518992
4,6,700.0,2-Car,No injury/unknown,FAILURE TO YIELD RIGHT OF WAY,39.175152,-86.538512
5,2,1400.0,2-Car,No injury/unknown,IMPROPER TURNING,39.175152,-86.518992
7,2,800.0,2-Car,No injury/unknown,UNSAFE SPEED,39.175152,-86.518992
9,4,1100.0,Moped/Motorcycle,Non-incapacitating,FAILURE TO YIELD RIGHT OF WAY,39.175152,-86.518992
10,2,1900.0,1-Car,No injury/unknown,NONE (DRIVER),39.175152,-86.518992
11,5,2300.0,2-Car,No injury/unknown,FAILURE TO YIELD RIGHT OF WAY,39.175152,-86.518992
12,5,2300.0,2-Car,No injury/unknown,UNSAFE BACKING,39.175152,-86.518992
10,1,300.0,1-Car,No injury/unknown,ALCOHOLIC BEVERAGES,39.17514981,-86.55650039
1,7,1500.0,2-Car,No injury/unknown,UNSAFE BACKING,39.17507932,-86.51905807
5,2,900.0,2-Car,No injury/unknown,UNSAFE BACKING,39.17504,-86.556496
7,5,1300.0,2-Car,No injury/unknown,FAILURE TO YIELD RIGHT OF WAY,39.17504,-86.556496
1,5,1700.0,2-Car,No injury/unknown,UNSAFE BACKING,39.175012,-86.548077
1,4,1700.0,2-Car,No injury/unknown,IMPROPER TURNING,39.17488547,-86.534752
5,7,0.0,2-Car,Non-incapacitating,ALCOHOLIC BEVERAGES,39.17469734,-86.56501204
5,3,700.0,3+ Cars,Non-incapacitating,UNSAFE SPEED,39.17469734,-86.56501204
1,4,700.0,2-Car,No injury/unknown,FOLLOWING TOO CLOSELY,39.17463817,-86.50384493
11,7,1900.0,2-Car,Non-incapacitating,FAILURE TO YIELD RIGHT OF WAY,39.174416,-86.528304
12,3,1400.0,2-Car,No injury/unknown,SPEED TOO FAST FOR WEATHER CONDITIONS,39.17440794,-86.58253
5,3,200.0,2-Car,No injury/unknown,UNSAFE BACKING,39.17440425,-86.5280062
7,4,2000.0,2-Car,No injury/unknown,UNSAFE BACKING,39.17440425,-86.5280062
3,2,1700.0,2-Car,No injury/unknown,OTHER (DRIVER) - EXPLAIN IN NARRATIVE,39.174368,-86.527088
3,6,2100.0,2-Car,No injury/unknown,FAILURE TO YIELD RIGHT OF WAY,39.174368,-86.527088
6,1,2300.0,Pedestrian,Non-incapacitating,PEDESTRIAN ACTION,39.174368,-86.5324
8,1,1400.0,2-Car,No injury/unknown,FAILURE TO YIELD RIGHT OF WAY,39.174368,-86.527088
9,7,0.0,Cyclist,Non-incapacitating,PEDESTRIAN ACTION,39.174368,-86.527088
9,6,1100.0,Cyclist,Non-incapacitating,FAILURE TO YIELD RIGHT OF WAY,39.174368,-86.527088
11,4,1400.0,2-Car,No injury/unknown,FAILURE TO YIELD RIGHT OF WAY,39.174368,-86.527088
12,4,1100.0,2-Car,No injury/unknown,OTHER (DRIVER) - EXPLAIN IN NARRATIVE,39.17435727,-86.5331192
9,4,1500.0,2-Car,No injury/unknown,OTHER (DRIVER) - EXPLAIN IN NARRATIVE,39.174352,-86.55110572
3,1,300.0,2-Car,No injury/unknown,OTHER (DRIVER) - EXPLAIN IN NARRATIVE,39.174352,-86.533472
4,4,1600.0,2-Car,No injury/unknown,UNSAFE BACKING,39.174352,-86.5504
12,7,1400.0,2-Car,No injury/unknown,ROADWAY SURFACE CONDITION,39.174352,-86.552592
1,4,1700.0,2-Car,No injury/unknown,FAILURE TO YIELD RIGHT OF WAY,39.174175,-86.547353
10,2,900.0,2-Car,No injury/unknown,UNSAFE SPEED,39.17416147,-86.51508169
2,1,200.0,2-Car,No injury/unknown,,39.17416,-86.542032
4,3,1600.0,2-Car,No injury/unknown,FOLLOWING TOO CLOSELY,39.174048,-86.518896
9,7,1100.0,2-Car,No injury/unknown,FAILURE TO YIELD RIGHT OF WAY,39.174048,-86.518896
10,3,1800.0,2-Car,No injury/unknown,FOLLOWING TOO CLOSELY,39.174048,-86.518896
10,5,1100.0,2-Car,No injury/unknown,IMPROPER TURNING,39.174048,-86.518896
12,2,2300.0,Bus,Non-incapacitating,FAILURE TO YIELD RIGHT OF WAY,39.174048,-86.518896
7,5,1300.0,1-Car,No injury/unknown,OTHER (VEHICLE) - EXPLAIN IN NARRATIVE,39.17391092,-86.51888546
4,3,1000.0,2-Car,No injury/unknown,OTHER (DRIVER) - EXPLAIN IN NARRATIVE,39.17370211,-86.51660054
12,7,1100.0,1-Car,No injury/unknown,SPEED TOO FAST FOR WEATHER CONDITIONS,39.17367773,-86.49505
2,7,300.0,1-Car,No injury/unknown,SPEED TOO FAST FOR WEATHER CONDITIONS,39.17365996,-86.53348203
2,3,1900.0,2-Car,No injury/unknown,ROADWAY SURFACE CONDITION,39.17364952,-86.51542299
10,3,1700.0,1-Car,No injury/unknown,RAN OFF ROAD RIGHT,39.17362029,-86.582572
5,3,1100.0,3+ Cars,No injury/unknown,OTHER (VEHICLE) - EXPLAIN IN NARRATIVE,39.17359871,-86.51583572
4,1,2000.0,2-Car,No injury/unknown,UNSAFE BACKING,39.17359059,-86.51577525
2,1,0.0,2-Car,No injury/unknown,FAILURE TO YIELD RIGHT OF WAY,39.173552,-86.515488
2,3,1800.0,1-Car,No injury/unknown,SPEED TOO FAST FOR WEATHER CONDITIONS,39.173552,-86.515488
2,3,1900.0,2-Car,No injury/unknown,ROADWAY SURFACE CONDITION,39.173552,-86.515488
2,3,1900.0,2-Car,Non-incapacitating,ROADWAY SURFACE CONDITION,39.173552,-86.515488
2,3,1900.0,3+ Cars,No injury/unknown,ROADWAY SURFACE CONDITION,39.173552,-86.515488
2,3,2300.0,2-Car,Non-incapacitating,DISREGARD SIGNAL/REG SIGN,39.173552,-86.515488
2,3,1900.0,2-Car,No injury/unknown,ROADWAY SURFACE CONDITION,39.173552,-86.515488
9,6,100.0,2-Car,No injury/unknown,FAILURE TO YIELD RIGHT OF WAY,39.173552,-86.515488
9,6,1100.0,Cyclist,Non-incapacitating,UNSAFE SPEED,39.173552,-86.515488
10,6,200.0,2-Car,No injury/unknown,IMPROPER TURNING,39.173552,-86.515488
10,6,1400.0,2-Car,No injury/unknown,UNSAFE SPEED,39.173552,-86.515488
12,7,1000.0,2-Car,No injury/unknown,OTHER (ENVIRONMENTAL) - EXPLAIN IN NARR,39.173552,-86.515488
5,7,100.0,1-Car,No injury/unknown,OVERCORRECTING/OVERSTEERING,39.17350666,-86.534752
6,1,500.0,2-Car,No injury/unknown,ALCOHOLIC BEVERAGES,39.17350666,-86.534752
10,5,1200.0,2-Car,No injury/unknown,FAILURE TO YIELD RIGHT OF WAY,39.17350666,-86.534752
2,5,900.0,2-Car,Non-incapacitating,FAILURE TO YIELD RIGHT OF WAY,39.17344467,-86.50321618
1,2,1200.0,2-Car,No injury/unknown,FAILURE TO YIELD RIGHT OF WAY,39.17344,-86.529696
4,1,100.0,2-Car,Non-incapacitating,FAILURE TO YIELD RIGHT OF WAY,39.17344,-86.524672
10,1,1600.0,2-Car,No injury/unknown,OTHER (DRIVER) - EXPLAIN IN NARRATIVE,39.17344,-86.528112
10,7,1300.0,2-Car,No injury/unknown,IMPROPER PASSING,39.17343,-86.49034
12,7,1100.0,2-Car,No injury/unknown,LEFT OF CENTER,39.17343,-86.49034
9,5,700.0,2-Car,No injury/unknown,UNSAFE BACKING,39.173409,-86.515439
1,4,900.0,2-Car,No injury/unknown,UNSAFE BACKING,39.173344,-86.550304
2,6,1000.0,1-Car,No injury/unknown,ROADWAY SURFACE CONDITION,39.173344,-86.555104
2,6,1000.0,2-Car,No injury/unknown,ROADWAY SURFACE CONDITION,39.173344,-86.555104
8,3,900.0,2-Car,No injury/unknown,UNSAFE BACKING,39.173344,-86.55053747
9,1,1100.0,3+ Cars,No injury/unknown,UNSAFE BACKING,39.173344,-86.549792
11,5,1900.0,2-Car,No injury/unknown,ALCOHOLIC BEVERAGES,39.173344,-86.543792
12,5,2000.0,2-Car,No injury/unknown,UNSAFE BACKING,39.173344,-86.550304
1,3,1500.0,2-Car,No injury/unknown,OTHER (DRIVER) - EXPLAIN IN NARRATIVE,39.173271,-86.536058
8,7,1700.0,2-Car,No injury/unknown,FAILURE TO YIELD RIGHT OF WAY,39.173248,-86.533488
1,3,2300.0,2-Car,No injury/unknown,ROADWAY SURFACE CONDITION,39.173232,-86.534752
5,7,100.0,2-Car,No injury/unknown,RAN OFF ROAD RIGHT,39.173232,-86.534752
9,4,1600.0,2-Car,No injury/unknown,FOLLOWING TOO CLOSELY,39.173232,-86.534752
12,1,2000.0,2-Car,No injury/unknown,RAN OFF ROAD RIGHT,39.173232,-86.534752
5,2,1100.0,2-Car,No injury/unknown,UTILITY WORK,39.173216,-86.536
5,6,400.0,1-Car,No injury/unknown,ANIMAL/OBJECT IN ROADWAY,39.173216,-86.536
1,5,1000.0,2-Car,Non-incapacitating,OTHER (DRIVER) - EXPLAIN IN NARRATIVE,39.173184,-86.538528
3,6,2000.0,2-Car,Non-incapacitating,UNSAFE SPEED,39.173184,-86.538528
5,3,1500.0,2-Car,No injury/unknown,FAILURE TO YIELD RIGHT OF WAY,39.173184,-86.538528
8,4,1400.0,2-Car,No injury/unknown,IMPROPER LANE USAGE,39.173184,-86.538528
9,1,2200.0,2-Car,No injury/unknown,DISREGARD SIGNAL/REG SIGN,39.173184,-86.538528
5,4,900.0,2-Car,No injury/unknown,UNSAFE SPEED,39.173152,-86.5408
7,5,1200.0,2-Car,No injury/unknown,IMPROPER TURNING,39.17307867,-86.536
12,2,2100.0,1-Car,Non-incapacitating,ACCELERATOR FAILURE OR DEFECTIVE,39.1730475,-86.55495738
2,1,600.0,2-Car,No injury/unknown,FAILURE TO YIELD RIGHT OF WAY,39.17301581,-86.548192
3,3,1900.0,2-Car,No injury/unknown,UNSAFE BACKING,39.172986,-86.513406