Month,Day,Hour,Collision Type,Injury Type,Primary Factor,Latitude,Longitude
4,5,2200.0,2-Car,No injury/unknown,OTHER (DRIVER) - EXPLAIN IN NARRATIVE,39.17297448,-86.51331469
7,6,1800.0,2-Car,No injury/unknown,UNSAFE BACKING,39.17297448,-86.51331469
2,3,1100.0,2-Car,No injury/unknown,ROADWAY SURFACE CONDITION,39.172904,-86.491529
2,3,1600.0,2-Car,No injury/unknown,FAILURE TO YIELD RIGHT OF WAY,39.17283762,-86.5336
7,4,1000.0,1-Car,No injury/unknown,UNSAFE BACKING,39.17281455,-86.51879273
9,1,1200.0,2-Car,No injury/unknown,OTHER (DRIVER) - EXPLAIN IN NARRATIVE,39.17281455,-86.51879273
3,5,700.0,1-Car,No injury/unknown,ROADWAY SURFACE CONDITION,39.172752,-86.482288
4,4,1300.0,2-Car,No injury/unknown,FAILURE TO YIELD RIGHT OF WAY,39.172752,-86.482288
11,6,1300.0,2-Car,No injury/unknown,FAILURE TO YIELD RIGHT OF WAY,39.172752,-86.482288
5,6,1500.0,2-Car,No injury/unknown,FAILURE TO YIELD RIGHT OF WAY,39.17268,-86.48267
8,1,0.0,1-Car,Fatal,RAN OFF ROAD RIGHT,39.17266844,-86.654448
3,7,1900.0,2-Car,No injury/unknown,FAILURE TO YIELD RIGHT OF WAY,39.17264,-86.523584
8,2,2300.0,2-Car,No injury/unknown,OTHER (DRIVER) - EXPLAIN IN NARRATIVE,39.17264,-86.52464
10,4,900.0,2-Car,No injury/unknown,UNSAFE BACKING,39.17264,-86.520928
11,7,1300.0,2-Car,No injury/unknown,DISREGARD SIGNAL/REG SIGN,39.17264,-86.529696
11,6,1300.0,2-Car,No injury/unknown,OTHER (DRIVER) - EXPLAIN IN NARRATIVE,39.17264,-86.529696
12,1,1600.0,2-Car,No injury/unknown,FAILURE TO YIELD RIGHT OF WAY,39.17264,-86.52704
12,7,200.0,2-Car,No injury/unknown,DRIVER DISTRACTED - EXPLAIN IN NARRATIVE,39.17264,-86.528272
12,6,2200.0,2-Car,No injury/unknown,UNSAFE SPEED,39.172578,-86.529395
2,1,1100.0,2-Car,No injury/unknown,WRONG WAY ON ONE WAY,39.17253,-86.52352
2,3,1700.0,2-Car,No injury/unknown,OTHER (ENVIRONMENTAL) - EXPLAIN IN NARR,39.17252,-86.5224
1,1,2100.0,1-Car,No injury/unknown,DRIVER DISTRACTED - EXPLAIN IN NARRATIVE,39.172519,-86.51892
1,4,1900.0,2-Car,No injury/unknown,OTHER (DRIVER) - EXPLAIN IN NARRATIVE,39.172519,-86.51892
4,3,1800.0,2-Car,No injury/unknown,FAILURE TO YIELD RIGHT OF WAY,39.17243057,-86.53350774
12,4,2200.0,2-Car,No injury/unknown,,39.172371,-86.490873
6,1,1000.0,1-Car,No injury/unknown,UNSAFE BACKING,39.172342,-86.509659
7,3,1000.0,2-Car,No injury/unknown,OTHER (VEHICLE) - EXPLAIN IN NARRATIVE,39.172342,-86.509659
1,7,1800.0,2-Car,No injury/unknown,UNSAFE BACKING,39.17234,-86.5096254
2,1,1900.0,1-Car,No injury/unknown,UNSAFE BACKING,39.172144,-86.509392
5,7,300.0,2-Car,No injury/unknown,OTHER (DRIVER) - EXPLAIN IN NARRATIVE,39.172144,-86.509392
2,5,1400.0,2-Car,No injury/unknown,DRIVER DISTRACTED - EXPLAIN IN NARRATIVE,39.17210102,-86.53351363
6,4,1500.0,2-Car,No injury/unknown,DRIVER DISTRACTED - EXPLAIN IN NARRATIVE,39.17196,-86.58298
9,4,1300.0,2-Car,No injury/unknown,UNSAFE BACKING,39.17196,-86.58298
1,2,1400.0,2-Car,No injury/unknown,OTHER (DRIVER) - EXPLAIN IN NARRATIVE,39.171867,-86.572395
8,7,1500.0,2-Car,No injury/unknown,UNSAFE BACKING,39.171867,-86.572395
4,1,200.0,1-Car,No injury/unknown,ALCOHOLIC BEVERAGES,39.17184,-86.487488
5,5,1500.0,2-Car,No injury/unknown,ALCOHOLIC BEVERAGES,39.17184,-86.582992
9,4,300.0,2-Car,No injury/unknown,FOLLOWING TOO CLOSELY,39.17184,-86.487488
1,4,1300.0,2-Car,No injury/unknown,UNSAFE BACKING,39.171744,-86.53448572
8,4,800.0,1-Car,No injury/unknown,OTHER (DRIVER) - EXPLAIN IN NARRATIVE,39.171744,-86.53487386
1,5,1500.0,2-Car,No injury/unknown,IMPROPER LANE USAGE,39.171744,-86.53352
1,2,1500.0,2-Car,Non-incapacitating,FAILURE TO YIELD RIGHT OF WAY,39.171744,-86.534768
1,3,2300.0,3+ Cars,No injury/unknown,ROADWAY SURFACE CONDITION,39.171744,-86.534768
2,4,900.0,2-Car,No injury/unknown,FAILURE TO YIELD RIGHT OF WAY,39.171744,-86.534768
3,3,2000.0,2-Car,No injury/unknown,FAILURE TO YIELD RIGHT OF WAY,39.171744,-86.53352
4,1,300.0,2-Car,No injury/unknown,ALCOHOLIC BEVERAGES,39.171744,-86.53352
5,7,200.0,2-Car,No injury/unknown,FAILURE TO YIELD RIGHT OF WAY,39.171744,-86.534768
5,5,700.0,2-Car,Non-incapacitating,FAILURE TO YIELD RIGHT OF WAY,39.171744,-86.534768
6,1,600.0,2-Car,No injury/unknown,FAILURE TO YIELD RIGHT OF WAY,39.171744,-86.53352
6,6,1400.0,2-Car,Non-incapacitating,DISREGARD SIGNAL/REG SIGN,39.171744,-86.534768
7,6,800.0,2-Car,No injury/unknown,IMPROPER TURNING,39.171744,-86.534768
8,6,1500.0,3+ Cars,Non-incapacitating,DISREGARD SIGNAL/REG SIGN,39.171744,-86.534768
8,2,1400.0,2-Car,No injury/unknown,OTHER (DRIVER) - EXPLAIN IN NARRATIVE,39.171744,-86.534768
9,6,0.0,2-Car,Non-incapacitating,IMPROPER TURNING,39.171744,-86.534768
9,7,900.0,2-Car,Non-incapacitating,FOLLOWING TOO CLOSELY,39.171744,-86.53352
10,2,1000.0,2-Car,No injury/unknown,IMPROPER TURNING,39.171744,-86.534768
10,1,1200.0,2-Car,No injury/unknown,IMPROPER TURNING,39.171744,-86.534768
10,5,1600.0,2-Car,No injury/unknown,UNSAFE BACKING,39.171744,-86.534768
11,2,1600.0,2-Car,No injury/unknown,DISREGARD SIGNAL/REG SIGN,39.171744,-86.534768
11,6,1500.0,2-Car,No injury/unknown,FOLLOWING TOO CLOSELY,39.171744,-86.534768
12,7,1000.0,2-Car,No injury/unknown,ROADWAY SURFACE CONDITION,39.171744,-86.53352
8,5,1400.0,3+ Cars,No injury/unknown,DRIVER DISTRACTED - EXPLAIN IN NARRATIVE,39.17174199,-86.53337888
5,6,1600.0,3+ Cars,No injury/unknown,DRIVER DISTRACTED - EXPLAIN IN NARRATIVE,39.17173896,-86.53316721
10,5,1600.0,2-Car,No injury/unknown,FAILURE TO YIELD RIGHT OF WAY,39.171728,-86.5324
11,6,200.0,1-Car,No injury/unknown,UNSAFE SPEED,39.171728,-86.5324
4,2,1200.0,2-Car,No injury/unknown,UNSAFE BACKING,39.17172376,-86.52576098
2,1,100.0,2-Car,No injury/unknown,FAILURE TO YIELD RIGHT OF WAY,39.171712,-86.530992
5,5,1300.0,Cyclist,Non-incapacitating,FAILURE TO YIELD RIGHT OF WAY,39.171712,-86.530992
6,6,900.0,2-Car,No injury/unknown,OTHER (DRIVER) - EXPLAIN IN NARRATIVE,39.171712,-86.530992
8,7,400.0,2-Car,No injury/unknown,FAILURE TO YIELD RIGHT OF WAY,39.171712,-86.530992
10,4,1100.0,2-Car,No injury/unknown,FAILURE TO YIELD RIGHT OF WAY,39.171712,-86.530992
3,7,1500.0,2-Car,No injury/unknown,OTHER (DRIVER) - EXPLAIN IN NARRATIVE,39.17170612,-86.52089927
2,6,400.0,2-Car,No injury/unknown,OTHER (DRIVER) - EXPLAIN IN NARRATIVE,39.171696,-86.529696
5,3,2000.0,2-Car,Non-incapacitating,FAILURE TO YIELD RIGHT OF WAY,39.171696,-86.529696
2,3,1500.0,2-Car,No injury/unknown,OTHER (ENVIRONMENTAL) - EXPLAIN IN NARR,39.17168,-86.527024
4,6,1600.0,Pedestrian,Non-incapacitating,PEDESTRIAN ACTION,39.17168,-86.527024
4,3,1100.0,1-Car,No injury/unknown,IMPROPER TURNING,39.17168,-86.527024
5,2,1100.0,2-Car,No injury/unknown,FOLLOWING TOO CLOSELY,39.17168,-86.527024
5,7,1600.0,2-Car,Non-incapacitating,DISREGARD SIGNAL/REG SIGN,39.17168,-86.527024
7,1,2300.0,2-Car,No injury/unknown,UNSAFE BACKING,39.17168,-86.52802971
8,5,800.0,2-Car,No injury/unknown,FAILURE TO YIELD RIGHT OF WAY,39.17168,-86.528256
8,5,2000.0,2-Car,Non-incapacitating,FOLLOWING TOO CLOSELY,39.17168,-86.527024
10,1,1300.0,2-Car,No injury/unknown,FOLLOWING TOO CLOSELY,39.17168,-86.528256
10,3,1900.0,2-Car,No injury/unknown,FOLLOWING TOO CLOSELY,39.17168,-86.527024
11,4,2000.0,2-Car,No injury/unknown,IMPROPER TURNING,39.17168,-86.528256
9,3,1100.0,2-Car,No injury/unknown,DRIVER DISTRACTED - EXPLAIN IN NARRATIVE,39.17167,-86.48929
7,4,800.0,2-Car,No injury/unknown,FAILURE TO YIELD RIGHT OF WAY,39.171664,-86.52576
9,4,2100.0,3+ Cars,No injury/unknown,DRIVER DISTRACTED - EXPLAIN IN NARRATIVE,39.171664,-86.52576
10,7,100.0,2-Car,No injury/unknown,ALCOHOLIC BEVERAGES,39.171664,-86.52576
11,2,1400.0,2-Car,No injury/unknown,OTHER (DRIVER) - EXPLAIN IN NARRATIVE,39.171664,-86.52576
8,6,1000.0,2-Car,Non-incapacitating,DISREGARD SIGNAL/REG SIGN,39.17166,-86.53483
10,5,2200.0,Moped/Motorcycle,Non-incapacitating,FOLLOWING TOO CLOSELY,39.17166,-86.53358
10,6,1900.0,2-Car,No injury/unknown,OTHER (DRIVER) - EXPLAIN IN NARRATIVE,39.17164801,-86.50669987
12,5,300.0,1-Car,No injury/unknown,ALCOHOLIC BEVERAGES,39.17164801,-86.50673515
7,4,200.0,1-Car,Non-incapacitating,ALCOHOLIC BEVERAGES,39.171648,-86.50691158
4,1,1700.0,Moped/Motorcycle,No injury/unknown,IMPROPER TURNING,39.171648,-86.502096
4,7,800.0,1-Car,No injury/unknown,UNSAFE SPEED,39.171648,-86.507088
5,1,2000.0,2-Car,No injury/unknown,DISREGARD SIGNAL/REG SIGN,39.171648,-86.502096
5,6,2000.0,2-Car,No injury/unknown,FAILURE TO YIELD RIGHT OF WAY,39.171648,-86.50435515
7,1,2100.0,1-Car,No injury/unknown,OTHER (DRIVER) - EXPLAIN IN NARRATIVE,39.171648,-86.502096
8,3,2100.0,2-Car,No injury/unknown,UNSAFE BACKING,39.171648,-86.50287942
8,6,1500.0,Bus,No injury/unknown,IMPROPER TURNING,39.171648,-86.507088
9,3,800.0,1-Car,Non-incapacitating,RAN OFF ROAD RIGHT,39.171648,-86.507088
9,7,1200.0,3+ Cars,Non-incapacitating,DRIVER DISTRACTED - EXPLAIN IN NARRATIVE,39.171648,-86.524608
9,7,400.0,1-Car,No injury/unknown,ALCOHOLIC BEVERAGES,39.171648,-86.507088
10,5,800.0,3+ Cars,No injury/unknown,DRIVER DISTRACTED - EXPLAIN IN NARRATIVE,39.171648,-86.524608
11,7,2000.0,2-Car,No injury/unknown,UNSAFE BACKING,39.171648,-86.50369927
11,3,1400.0,2-Car,No injury/unknown,FAILURE TO YIELD RIGHT OF WAY,39.171648,-86.524608
11,4,1100.0,2-Car,No injury/unknown,SPEED TOO FAST FOR WEATHER CONDITIONS,39.171648,-86.524608
11,7,1300.0,3+ Cars,No injury/unknown,FOLLOWING TOO CLOSELY,39.171648,-86.502096
4,3,1100.0,2-Car,No injury/unknown,UNSAFE BACKING,39.17164539,-86.50196904
1,3,1900.0,1-Car,No injury/unknown,OTHER (ENVIRONMENTAL) - EXPLAIN IN NARR,39.171632,-86.52353600000001
2,3,1600.0,2-Car,No injury/unknown,FAILURE TO YIELD RIGHT OF WAY,39.171632,-86.52353600000001
2,5,900.0,2-Car,No injury/unknown,UNSAFE BACKING,39.171632,-86.52353600000001
10,5,900.0,2-Car,No injury/unknown,DRIVER DISTRACTED - EXPLAIN IN NARRATIVE,39.171632,-86.52353600000001
10,7,700.0,2-Car,No injury/unknown,DISREGARD SIGNAL/REG SIGN,39.171632,-86.52353600000001
12,7,1300.0,2-Car,No injury/unknown,DRIVER DISTRACTED - EXPLAIN IN NARRATIVE,39.171632,-86.52353600000001
3,7,1400.0,2-Car,No injury/unknown,FOLLOWING TOO CLOSELY,39.17163,-86.52238
3,6,1700.0,3+ Cars,No injury/unknown,DRIVER DISTRACTED - EXPLAIN IN NARRATIVE,39.17163,-86.52238649
4,7,2100.0,2-Car,No injury/unknown,FOLLOWING TOO CLOSELY,39.17163,-86.52238
5,5,1700.0,3+ Cars,No injury/unknown,FOLLOWING TOO CLOSELY,39.17163,-86.52238
10,5,1000.0,2-Car,No injury/unknown,UNSAFE SPEED,39.17163,-86.52238
10,5,1600.0,2-Car,No injury/unknown,FOLLOWING TOO CLOSELY,39.17163,-86.52238
1,1,1400.0,2-Car,Non-incapacitating,FOLLOWING TOO CLOSELY,39.17162989,-86.50121419
11,4,2000.0,2-Car,No injury/unknown,DRIVER DISTRACTED - EXPLAIN IN NARRATIVE,39.17162952,-86.52335961
1,4,1600.0,2-Car,No injury/unknown,UNSAFE BACKING,39.17162087,-86.50077565
3,6,1300.0,Moped/Motorcycle,Non-incapacitating,IMPROPER PASSING,39.171616,-86.5224
9,2,1900.0,1-Car,No injury/unknown,GLARE,39.171616,-86.5224
4,5,1600.0,2-Car,No injury/unknown,UNSAFE BACKING,39.17161,-86.518668
9,4,700.0,2-Car,No injury/unknown,OTHER (VEHICLE) - EXPLAIN IN NARRATIVE,39.17161,-86.518435
10,6,2200.0,2-Car,No injury/unknown,UNSAFE BACKING,39.17161,-86.518435
4,3,1700.0,2-Car,No injury/unknown,OTHER (VEHICLE) - EXPLAIN IN NARRATIVE,39.171609,-86.518314
9,4,1600.0,2-Car,No injury/unknown,UNSAFE BACKING,39.171609,-86.518314
10,3,1800.0,2-Car,No injury/unknown,IMPROPER PASSING,39.171609,-86.518314
12,3,1100.0,2-Car,No injury/unknown,OTHER (DRIVER) - EXPLAIN IN NARRATIVE,39.171609,-86.518314
1,3,1400.0,2-Car,No injury/unknown,CELL PHONE USAGE,39.1716,-86.520896
2,5,900.0,2-Car,Non-incapacitating,FOLLOWING TOO CLOSELY,39.1716,-86.520896
9,3,1400.0,2-Car,No injury/unknown,FOLLOWING TOO CLOSELY,39.1716,-86.520896
10,5,1900.0,Cyclist,Non-incapacitating,OTHER (DRIVER) - EXPLAIN IN NARRATIVE,39.1716,-86.520896
10,4,1500.0,2-Car,No injury/unknown,FOLLOWING TOO CLOSELY,39.1716,-86.520896
10,5,1500.0,2-Car,Non-incapacitating,DRIVER DISTRACTED - EXPLAIN IN NARRATIVE,39.17159847,-86.5206843
9,7,1500.0,2-Car,No injury/unknown,FAILURE TO YIELD RIGHT OF WAY,39.17159,-86.51394
11,1,1700.0,2-Car,No injury/unknown,FOLLOWING TOO CLOSELY,39.17159,-86.51394
2,3,1800.0,2-Car,No injury/unknown,DRIVER DISTRACTED - EXPLAIN IN NARRATIVE,39.171584,-86.518688
4,5,2000.0,2-Car,No injury/unknown,FAILURE TO YIELD RIGHT OF WAY,39.171584,-86.518688
4,1,400.0,2-Car,No injury/unknown,FAILURE TO YIELD RIGHT OF WAY,39.171584,-86.518688
4,4,1800.0,2-Car,No injury/unknown,FOLLOWING TOO CLOSELY,39.171584,-86.518688
9,6,2300.0,1-Car,No injury/unknown,OTHER (DRIVER) - EXPLAIN IN NARRATIVE,39.171584,-86.518688
10,7,100.0,1-Car,No injury/unknown,ALCOHOLIC BEVERAGES,39.171584,-86.518688
11,5,2300.0,2-Car,No injury/unknown,FOLLOWING TOO CLOSELY,39.171584,-86.518688
12,3,800.0,2-Car,No injury/unknown,OTHER (VEHICLE) - EXPLAIN IN NARRATIVE,39.171584,-86.518688
12,4,1900.0,2-Car,No injury/unknown,DISREGARD SIGNAL/REG SIGN,39.171584,-86.518688
10,7,100.0,3+ Cars,No injury/unknown,FOLLOWING TOO CLOSELY,39.17158248,-86.51854688
1,1,1600.0,3+ Cars,No injury/unknown,FAILURE TO YIELD RIGHT OF WAY,39.17158,-86.51248
2,4,1200.0,2-Car,No injury/unknown,OTHER (DRIVER) - EXPLAIN IN NARRATIVE,39.17158,-86.512479
2,3,1400.0,2-Car,No injury/unknown,FOLLOWING TOO CLOSELY,39.17158,-86.51248519
3,3,1800.0,2-Car,No injury/unknown,FAILURE TO YIELD RIGHT OF WAY,39.17158,-86.51248
4,1,1600.0,2-Car,No injury/unknown,OVERCORRECTING/OVERSTEERING,39.17158,-86.51248
6,4,1500.0,3+ Cars,No injury/unknown,FOLLOWING TOO CLOSELY,39.17158,-86.51246702
8,4,1300.0,Bus,No injury/unknown,UNSAFE SPEED,39.17158,-86.5124973
10,3,1900.0,2-Car,No injury/unknown,DRIVER DISTRACTED - EXPLAIN IN NARRATIVE,39.17158,-86.51248
1,3,2000.0,1-Car,No injury/unknown,SPEED TOO FAST FOR WEATHER CONDITIONS,39.17157747,-86.51808392
2,4,1700.0,2-Car,No injury/unknown,OTHER (DRIVER) - EXPLAIN IN NARRATIVE,39.17157747,-86.51808392
4,7,1500.0,2-Car,No injury/unknown,UNSAFE BACKING,39.17157747,-86.51808392
4,4,2300.0,2-Car,No injury/unknown,OTHER (VEHICLE) - EXPLAIN IN NARRATIVE,39.17157747,-86.51808392
9,1,1700.0,2-Car,No injury/unknown,UNSAFE BACKING,39.17157747,-86.51808392
10,1,1600.0,2-Car,No injury/unknown,UNSAFE BACKING,39.17157747,-86.51808392
1,7,900.0,2-Car,No injury/unknown,UNSAFE BACKING,39.171558,-86.510279
1,3,1000.0,2-Car,No injury/unknown,UNSAFE SPEED,39.17155495,-86.50224214
1,5,1700.0,Pedestrian,Non-incapacitating,PEDESTRIAN ACTION,39.17155495,-86.50224214
1,2,1500.0,2-Car,No injury/unknown,FAILURE TO YIELD RIGHT OF WAY,39.17155495,-86.50222484
3,5,1400.0,2-Car,No injury/unknown,FOLLOWING TOO CLOSELY,39.17155495,-86.50224214
4,4,2000.0,2-Car,No injury/unknown,FOLLOWING TOO CLOSELY,39.17155495,-86.50224214
6,4,1800.0,2-Car,No injury/unknown,FOLLOWING TOO CLOSELY,39.17155495,-86.50227242
6,6,1600.0,2-Car,No injury/unknown,OTHER (DRIVER) - EXPLAIN IN NARRATIVE,39.17155495,-86.50224214
7,3,2300.0,2-Car,No injury/unknown,DRIVER DISTRACTED - EXPLAIN IN NARRATIVE,39.17155495,-86.49090403
7,4,1500.0,3+ Cars,No injury/unknown,FOLLOWING TOO CLOSELY,39.17155495,-86.50224214
1,6,1900.0,2-Car,No injury/unknown,FOLLOWING TOO CLOSELY,39.171552,-86.515728
1,2,1200.0,2-Car,No injury/unknown,FOLLOWING TOO CLOSELY,39.171552,-86.515728
1,2,1700.0,2-Car,No injury/unknown,FAILURE TO YIELD RIGHT OF WAY,39.171552,-86.515728
1,3,1500.0,2-Car,No injury/unknown,IMPROPER LANE USAGE,39.171552,-86.515728
2,3,1200.0,2-Car,No injury/unknown,OTHER (DRIVER) - EXPLAIN IN NARRATIVE,39.171552,-86.515728
3,2,1200.0,2-Car,No injury/unknown,FOLLOWING TOO CLOSELY,39.171552,-86.515728
3,5,1800.0,2-Car,No injury/unknown,UNSAFE BACKING,39.171552,-86.515728
4,2,2100.0,Bus,No injury/unknown,OTHER (DRIVER) - EXPLAIN IN NARRATIVE,39.171552,-86.515728
4,6,1900.0,2-Car,No injury/unknown,FAILURE TO YIELD RIGHT OF WAY,39.171552,-86.515728
8,1,1200.0,2-Car,No injury/unknown,FOLLOWING TOO CLOSELY,39.171552,-86.515728
9,5,1700.0,2-Car,No injury/unknown,ALCOHOLIC BEVERAGES,39.171552,-86.515728
9,2,2300.0,Moped/Motorcycle,Non-incapacitating,FAILURE TO YIELD RIGHT OF WAY,39.171552,-86.515728
10,5,2000.0,3+ Cars,No injury/unknown,DRIVER DISTRACTED - EXPLAIN IN NARRATIVE,39.171552,-86.515728
10,6,1600.0,2-Car,No injury/unknown,FOLLOWING TOO CLOSELY,39.171552,-86.515728
11,7,2300.0,2-Car,No injury/unknown,DRIVER DISTRACTED - EXPLAIN IN NARRATIVE,39.171552,-86.515728
3,4,1600.0,2-Car,No injury/unknown,UNSAFE BACKING,39.17155153,-86.51249289
1,4,1800.0,3+ Cars,Non-incapacitating,DISREGARD SIGNAL/REG SIGN,39.17155,-86.49087
10,3,1700.0,2-Car,No injury/unknown,FAILURE TO YIELD RIGHT OF WAY,39.17155,-86.49087
8,6,1600.0,2-Car,Non-incapacitating,DRIVER DISTRACTED - EXPLAIN IN NARRATIVE,39.17154828,-86.50325775
3,7,1200.0,Bus,No injury/unknown,OTHER (DRIVER) - EXPLAIN IN NARRATIVE,39.171546,-86.504172
10,7,600.0,2-Car,No injury/unknown,OTHER (DRIVER) - EXPLAIN IN NARRATIVE,39.171546,-86.504172
4,3,1700.0,3+ Cars,No injury/unknown,FOLLOWING TOO CLOSELY,39.17154567,-86.49707538
11,3,1400.0,2-Car,No injury/unknown,SPEED TOO FAST FOR WEATHER CONDITIONS,39.17154567,-86.49707538
1,1,1600.0,2-Car,No injury/unknown,FOLLOWING TOO CLOSELY,39.17154462,-86.51519882
5,7,1300.0,Bus,No injury/unknown,FOLLOWING TOO CLOSELY,39.17153744,-86.48129
6,4,0.0,2-Car,Non-incapacitating,FAILURE TO YIELD RIGHT OF WAY,39.1715358,-86.50129437
1,4,800.0,1-Car,No injury/unknown,OTHER (ENVIRONMENTAL) - EXPLAIN IN NARR,39.171534,-86.501966
9,5,1700.0,2-Car,Non-incapacitating,FAILURE TO YIELD RIGHT OF WAY,39.171532,-86.502116
12,4,1700.0,1-Car,No injury/unknown,UNSAFE BACKING,39.171532,-86.502116
6,2,1800.0,2-Car,Non-incapacitating,FOLLOWING TOO CLOSELY,39.17152067,-86.49584083
6,2,1300.0,2-Car,Non-incapacitating,FAILURE TO YIELD RIGHT OF WAY,39.17151345,-86.49772
1,6,1700.0,2-Car,No injury/unknown,FAILURE TO YIELD RIGHT OF WAY,39.171504,-86.495312
4,3,900.0,2-Car,No injury/unknown,INSECURE/LEAKY LOAD,39.171504,-86.49278358
5,7,1700.0,3+ Cars,No injury/unknown,OTHER (DRIVER) - EXPLAIN IN NARRATIVE,39.171504,-86.49509867
6,1,1600.0,1-Car,Non-incapacitating,RAN OFF ROAD RIGHT,39.171504,-86.49472423
9,6,1200.0,2-Car,No injury/unknown,OTHER (DRIVER) - EXPLAIN IN NARRATIVE,39.171504,-86.512288
9,6,1600.0,2-Car,No injury/unknown,FOLLOWING TOO CLOSELY,39.171504,-86.495312
10,2,1700.0,2-Car,No injury/unknown,UNSAFE SPEED,39.171504,-86.495312
10,6,1500.0,2-Car,No injury/unknown,UNSAFE BACKING,39.171504,-86.49504533
10,6,600.0,2-Car,Non-incapacitating,LEFT OF CENTER,39.171504,-86.495312
10,3,1700.0,2-Car,No injury/unknown,UNSAFE BACKING,39.171504,-86.512288
10,7,0.0,1-Car,No injury/unknown,SPEED TOO FAST FOR WEATHER CONDITIONS,39.171504,-86.495312
10,3,1700.0,2-Car,No injury/unknown,FOLLOWING TOO CLOSELY,39.17149,-86.4954319
6,6,1800.0,2-Car,No injury/unknown,,39.17148188,-86.51027501
6,7,300.0,2-Car,No injury/unknown,RAN OFF ROAD RIGHT,39.17148,-86.494606
9,3,1300.0,Moped/Motorcycle,Non-incapacitating,FAILURE TO YIELD RIGHT OF WAY,39.17147433,-86.50958769
2,2,0.0,2-Car,No injury/unknown,OTHER (DRIVER) - EXPLAIN IN NARRATIVE,39.171472,-86.509376
2,3,1900.0,2-Car,No injury/unknown,SPEED TOO FAST FOR WEATHER CONDITIONS,39.171472,-86.509376
2,6,1400.0,2-Car,Non-incapacitating,DISREGARD SIGNAL/REG SIGN,39.171472,-86.509376
6,6,1100.0,2-Car,No injury/unknown,FAILURE TO YIELD RIGHT OF WAY,39.171472,-86.509376
9,2,800.0,Bus,No injury/unknown,FOLLOWING TOO CLOSELY,39.171472,-86.509376
9,6,1600.0,Pedestrian,Non-incapacitating,DRIVER DISTRACTED - EXPLAIN IN NARRATIVE,39.171472,-86.509376
10,1,2200.0,2-Car,No injury/unknown,UNSAFE BACKING,39.171472,-86.509376
10,4,2000.0,3+ Cars,No injury/unknown,CELL PHONE USAGE,39.171472,-86.509376
11,7,1700.0,2-Car,No injury/unknown,FAILURE TO YIELD RIGHT OF WAY,39.171472,-86.509376
5,6,0.0,2-Car,No injury/unknown,FOLLOWING TOO CLOSELY,39.17145967,-86.50849403
2,3,1500.0,2-Car,No injury/unknown,SPEED TOO FAST FOR WEATHER CONDITIONS,39.17142886,-86.5157416
9,3,1700.0,2-Car,No injury/unknown,FOLLOWING TOO CLOSELY,39.17141518,-86.51574311
4,3,1600.0,2-Car,No injury/unknown,FOLLOWING TOO CLOSELY,39.17136718,-86.4953272
3,5,1800.0,2-Car,No injury/unknown,IMPROPER PASSING,39.17136045,-86.51574915
1,5,1500.0,2-Car,No injury/unknown,OTHER TELEMATICS IN USE,39.17133204,-86.53352549
1,5,400.0,1-Car,No injury/unknown,ROADWAY SURFACE CONDITION,39.171248,-86.549696
12,4,1400.0,1-Car,No injury/unknown,FAILURE TO YIELD RIGHT OF WAY,39.17115625,-86.53352784
1,2,1200.0,2-Car,No injury/unknown,FAILURE TO YIELD RIGHT OF WAY,39.17102053,-86.52021
12,7,1000.0,2-Car,No injury/unknown,UNSAFE BACKING,39.17099951,-86.55146318
5,5,1700.0,2-Car,No injury/unknown,FOLLOWING TOO CLOSELY,39.17098511,-86.49550779
3,6,2300.0,1-Car,Non-incapacitating,RAN OFF ROAD RIGHT,39.17095389,-86.68141874
1,5,900.0,2-Car,No injury/unknown,GLARE,39.17093144,-86.56891162
1,4,700.0,Pedestrian,Fatal,PEDESTRIAN ACTION,39.17091736,-86.58297
1,4,1100.0,2-Car,No injury/unknown,UNSAFE BACKING,39.17088686,-86.534768
2,6,1500.0,2-Car,No injury/unknown,UNSAFE BACKING,39.17088686,-86.534768
6,3,1000.0,2-Car,No injury/unknown,UNSAFE BACKING,39.17088686,-86.534768
6,3,2300.0,2-Car,No injury/unknown,UNSAFE BACKING,39.170878,-86.59831
8,7,1100.0,1-Car,No injury/unknown,OTHER (DRIVER) - EXPLAIN IN NARRATIVE,39.170848,-86.503696
9,5,1600.0,2-Car,No injury/unknown,UNSAFE BACKING,39.170848,-86.503696
12,6,200.0,Bus,No injury/unknown,UNSAFE BACKING,39.170848,-86.503696
3,6,200.0,3+ Cars,No injury/unknown,OTHER (DRIVER) - EXPLAIN IN NARRATIVE,39.17081866,-86.536
12,3,1500.0,2-Car,No injury/unknown,FOLLOWING TOO CLOSELY,39.17072,-86.4956
12,1,1400.0,2-Car,No injury/unknown,OTHER (DRIVER) - EXPLAIN IN NARRATIVE,39.17071314,-86.5324
8,4,1100.0,2-Car,No injury/unknown,OTHER (DRIVER) - EXPLAIN IN NARRATIVE,39.17067918,-86.52456588
8,3,1600.0,2-Car,No injury/unknown,UNSAFE BACKING,39.17064165,-86.57650888
2,2,1300.0,2-Car,No injury/unknown,OTHER (DRIVER) - EXPLAIN IN NARRATIVE,39.170623,-86.572334
5,6,1600.0,2-Car,No injury/unknown,RAN OFF ROAD RIGHT,39.170623,-86.572334