Month,Day,Hour,Collision Type,Injury Type,Primary Factor,Latitude,Longitude
7,3,1000.0,2-Car,No injury/unknown,UNSAFE BACKING,39.17059461,-86.52009
2,1,1300.0,2-Car,No injury/unknown,OTHER (DRIVER) - EXPLAIN IN NARRATIVE,39.170544,-86.52366442
2,6,1900.0,2-Car,No injury/unknown,FAILURE TO YIELD RIGHT OF WAY,39.170544,-86.53441516
1,4,1800.0,2-Car,Non-incapacitating,UNSAFE BACKING,39.170544,-86.530992
1,3,500.0,3+ Cars,No injury/unknown,OTHER (DRIVER) - EXPLAIN IN NARRATIVE,39.170544,-86.534768
1,3,1700.0,2-Car,No injury/unknown,OTHER (DRIVER) - EXPLAIN IN NARRATIVE,39.170544,-86.5324
1,6,2300.0,2-Car,No injury/unknown,UNSAFE BACKING,39.170544,-86.52456
2,7,1800.0,2-Car,No injury/unknown,OTHER (DRIVER) - EXPLAIN IN NARRATIVE,39.170544,-86.533536
2,3,1800.0,Bus,Non-incapacitating,ROADWAY SURFACE CONDITION,39.170544,-86.534768
3,2,1800.0,2-Car,No injury/unknown,OTHER (DRIVER) - EXPLAIN IN NARRATIVE,39.170544,-86.533536
3,6,200.0,2-Car,No injury/unknown,OTHER (DRIVER) - EXPLAIN IN NARRATIVE,39.170544,-86.536
3,6,300.0,2-Car,No injury/unknown,IMPROPER TURNING,39.170544,-86.533536
4,5,1200.0,2-Car,No injury/unknown,OTHER (DRIVER) - EXPLAIN IN NARRATIVE,39.170544,-86.534768
4,6,1600.0,2-Car,Non-incapacitating,DISREGARD SIGNAL/REG SIGN,39.170544,-86.529696
4,1,2100.0,2-Car,No injury/unknown,PASSENGER DISTRACTION,39.170544,-86.529696
4,3,1700.0,2-Car,Non-incapacitating,FAILURE TO YIELD RIGHT OF WAY,39.170544,-86.5324
4,5,2200.0,2-Car,No injury/unknown,FAILURE TO YIELD RIGHT OF WAY,39.170544,-86.534768
4,1,800.0,2-Car,No injury/unknown,OTHER (DRIVER) - EXPLAIN IN NARRATIVE,39.170544,-86.536
5,2,1000.0,2-Car,No injury/unknown,IMPROPER LANE USAGE,39.170544,-86.533536
6,3,1000.0,2-Car,Non-incapacitating,FAILURE TO YIELD RIGHT OF WAY,39.170544,-86.534768
8,5,1100.0,Moped/Motorcycle,Non-incapacitating,OTHER (DRIVER) - EXPLAIN IN NARRATIVE,39.170544,-86.534768
10,4,1100.0,2-Car,No injury/unknown,FAILURE TO YIELD RIGHT OF WAY,39.170544,-86.52824
10,2,900.0,2-Car,No injury/unknown,OTHER (DRIVER) - EXPLAIN IN NARRATIVE,39.170544,-86.525728
11,2,2000.0,2-Car,No injury/unknown,FAILURE TO YIELD RIGHT OF WAY,39.170544,-86.5324
11,7,200.0,Pedestrian,No injury/unknown,FAILURE TO YIELD RIGHT OF WAY,39.170544,-86.533536
11,7,1300.0,2-Car,No injury/unknown,OTHER (DRIVER) - EXPLAIN IN NARRATIVE,39.170544,-86.534768
12,5,1600.0,2-Car,No injury/unknown,IMPROPER LANE USAGE,39.170544,-86.533536
12,4,1300.0,2-Car,No injury/unknown,ROADWAY SURFACE CONDITION,39.170544,-86.528992
12,6,300.0,2-Car,No injury/unknown,ALCOHOLIC BEVERAGES,39.170544,-86.533536
12,4,1000.0,2-Car,No injury/unknown,OTHER (VEHICLE) - EXPLAIN IN NARRATIVE,39.170544,-86.52456
10,5,1000.0,2-Car,No injury/unknown,FAILURE TO YIELD RIGHT OF WAY,39.17051339,-86.55379641
2,4,500.0,2-Car,No injury/unknown,ROADWAY SURFACE CONDITION,39.17048,-86.59237
6,4,1600.0,2-Car,No injury/unknown,FAILURE TO YIELD RIGHT OF WAY,39.17048,-86.59237
6,2,1400.0,2-Car,No injury/unknown,DRIVER DISTRACTED - EXPLAIN IN NARRATIVE,39.17048,-86.59237
5,2,0.0,2-Car,No injury/unknown,UNSAFE BACKING,39.17045,-86.527941
12,1,1700.0,2-Car,No injury/unknown,OTHER (VEHICLE) - EXPLAIN IN NARRATIVE,39.170448,-86.54063916
3,6,2100.0,2-Car,No injury/unknown,UNSAFE BACKING,39.170437,-86.572506
7,6,1000.0,2-Car,No injury/unknown,UNSAFE BACKING,39.17040667,-86.5324
12,7,1500.0,2-Car,No injury/unknown,FOLLOWING TOO CLOSELY,39.17036798,-86.50145599
12,4,1900.0,2-Car,Non-incapacitating,FOLLOWING TOO CLOSELY,39.17036798,-86.50145599
5,2,1000.0,2-Car,No injury/unknown,BRAKE FAILURE OR DEFECTIVE,39.170349,-86.538632
12,3,200.0,2-Car,No injury/unknown,OTHER (DRIVER) - EXPLAIN IN NARRATIVE,39.17033808,-86.5269849
4,7,400.0,3+ Cars,No injury/unknown,UNSAFE BACKING,39.17029578,-86.50488657
3,3,1600.0,2-Car,No injury/unknown,UNSAFE SPEED,39.17027304,-86.61134444
4,6,1600.0,2-Car,No injury/unknown,UNSAFE BACKING,39.170262,-86.572671
1,2,1500.0,2-Car,No injury/unknown,FOLLOWING TOO CLOSELY,39.17024,-86.501392
1,3,1700.0,2-Car,No injury/unknown,DISREGARD SIGNAL/REG SIGN,39.17024,-86.501392
3,3,900.0,Bus,No injury/unknown,FAILURE TO YIELD RIGHT OF WAY,39.17024,-86.501392
10,4,700.0,2-Car,No injury/unknown,FAILURE TO YIELD RIGHT OF WAY,39.17024,-86.501392
10,5,1800.0,2-Car,No injury/unknown,IMPROPER PASSING,39.17024,-86.501392
3,2,1800.0,2-Car,No injury/unknown,FOLLOWING TOO CLOSELY,39.17017866,-86.50147033
1,2,1900.0,2-Car,Non-incapacitating,DRIVER DISTRACTED - EXPLAIN IN NARRATIVE,39.17015,-86.50148
12,2,700.0,2-Car,No injury/unknown,ROADWAY SURFACE CONDITION,39.17015,-86.5983
5,5,1400.0,2-Car,No injury/unknown,DRIVER DISTRACTED - EXPLAIN IN NARRATIVE,39.17013209,-86.5158848
4,5,1600.0,2-Car,No injury/unknown,OTHER (DRIVER) - EXPLAIN IN NARRATIVE,39.170074,-86.576423
6,4,1500.0,2-Car,No injury/unknown,UNSAFE BACKING,39.170074,-86.576423
10,5,1700.0,2-Car,No injury/unknown,IMPROPER LANE USAGE,39.170074,-86.576423
11,1,1300.0,2-Car,No injury/unknown,OTHER (DRIVER) - EXPLAIN IN NARRATIVE,39.170074,-86.576423
11,6,1600.0,2-Car,Non-incapacitating,FOLLOWING TOO CLOSELY,39.17004804,-86.50129602
9,6,1600.0,2-Car,No injury/unknown,FOLLOWING TOO CLOSELY,39.16998405,-86.50126402
3,3,1400.0,2-Car,No injury/unknown,FOLLOWING TOO CLOSELY,39.16997316,-86.5609886
5,3,1100.0,1-Car,No injury/unknown,OTHER (DRIVER) - EXPLAIN IN NARRATIVE,39.16995,-86.55011
10,3,1000.0,1-Car,No injury/unknown,OVERCORRECTING/OVERSTEERING,39.16995,-86.55010567
2,7,800.0,2-Car,No injury/unknown,UNSAFE BACKING,39.16985,-86.489225
9,4,1500.0,Moped/Motorcycle,Non-incapacitating,FAILURE TO YIELD RIGHT OF WAY,39.16984,-86.549696
12,3,1500.0,1-Car,No injury/unknown,OTHER (DRIVER) - EXPLAIN IN NARRATIVE,39.16984,-86.549696
10,2,1300.0,2-Car,No injury/unknown,OTHER (DRIVER) - EXPLAIN IN NARRATIVE,39.16982663,-86.53477957
2,3,1900.0,1-Car,No injury/unknown,OTHER (DRIVER) - EXPLAIN IN NARRATIVE,39.16978045,-86.53801184
8,6,2100.0,2-Car,No injury/unknown,OTHER (DRIVER) - EXPLAIN IN NARRATIVE,39.16975445,-86.529696
9,5,1600.0,2-Car,No injury/unknown,FAILURE TO YIELD RIGHT OF WAY,39.1697372,-86.54103223
2,1,300.0,1-Car,No injury/unknown,ROADWAY SURFACE CONDITION,39.16971679,-86.530992
8,7,2300.0,2-Car,No injury/unknown,UNSAFE SPEED,39.16968223,-86.49997347
4,3,1500.0,2-Car,No injury/unknown,DRIVER DISTRACTED - EXPLAIN IN NARRATIVE,39.16967323,-86.54971879
6,5,1400.0,3+ Cars,Non-incapacitating,FAILURE TO YIELD RIGHT OF WAY,39.169616,-86.52696
3,5,2200.0,2-Car,No injury/unknown,UNSAFE BACKING,39.16961274,-86.53355102
4,5,300.0,1-Car,Non-incapacitating,RAN OFF ROAD RIGHT,39.16960718,-86.52691
9,2,1200.0,3+ Cars,Non-incapacitating,DRIVER DISTRACTED - EXPLAIN IN NARRATIVE,39.16960012,-86.50107205
4,1,0.0,2-Car,Non-incapacitating,FAILURE TO YIELD RIGHT OF WAY,39.169584,-86.538576
10,6,1000.0,2-Car,No injury/unknown,DISREGARD SIGNAL/REG SIGN,39.169584,-86.538576
5,5,1800.0,1-Car,Non-incapacitating,OVERSIZE/OVERWEIGHT LOAD,39.16957931,-86.54962188
8,5,1300.0,1-Car,No injury/unknown,UNSAFE BACKING,39.169576,-86.512444
10,5,1700.0,2-Car,Non-incapacitating,IMPROPER TURNING,39.169568,-86.536
11,3,1200.0,2-Car,No injury/unknown,OTHER (DRIVER) - EXPLAIN IN NARRATIVE,39.169562,-86.573293
6,6,1600.0,1-Car,No injury/unknown,OTHER (DRIVER) - EXPLAIN IN NARRATIVE,39.169553,-86.541294
1,6,2200.0,2-Car,No injury/unknown,IMPROPER TURNING,39.169552,-86.533552
2,6,1800.0,2-Car,Non-incapacitating,SPEED TOO FAST FOR WEATHER CONDITIONS,39.169552,-86.534784
4,7,1000.0,2-Car,No injury/unknown,FAILURE TO YIELD RIGHT OF WAY,39.169552,-86.534784
4,1,1900.0,2-Car,No injury/unknown,OTHER (DRIVER) - EXPLAIN IN NARRATIVE,39.169552,-86.534784
4,4,1400.0,2-Car,No injury/unknown,FAILURE TO YIELD RIGHT OF WAY,39.169552,-86.533552
5,6,500.0,1-Car,No injury/unknown,ALCOHOLIC BEVERAGES,39.169552,-86.529696
6,5,200.0,2-Car,No injury/unknown,WRONG WAY ON ONE WAY,39.169552,-86.533552
9,5,2300.0,Pedestrian,Non-incapacitating,FAILURE TO YIELD RIGHT OF WAY,39.169552,-86.533552
9,4,1500.0,Bus,No injury/unknown,FAILURE TO YIELD RIGHT OF WAY,39.169552,-86.52344
10,5,1900.0,1-Car,No injury/unknown,RAN OFF ROAD RIGHT,39.169552,-86.534784
10,2,1200.0,2-Car,No injury/unknown,FAILURE TO YIELD RIGHT OF WAY,39.169552,-86.529696
10,4,900.0,2-Car,No injury/unknown,UNSAFE BACKING,39.169552,-86.52344
12,4,500.0,3+ Cars,No injury/unknown,OTHER (ENVIRONMENTAL) - EXPLAIN IN NARR,39.169552,-86.53096555
1,5,1700.0,2-Car,Non-incapacitating,BRAKE FAILURE OR DEFECTIVE,39.16949717,-86.48122
3,4,1100.0,2-Car,No injury/unknown,IMPROPER TURNING,39.16948,-86.52349
8,5,1300.0,2-Car,No injury/unknown,FOLLOWING TOO CLOSELY,39.16947215,-86.50100806
4,6,300.0,2-Car,No injury/unknown,FAILURE TO YIELD RIGHT OF WAY,39.16941469,-86.53355441
12,3,1900.0,2-Car,No injury/unknown,FAILURE TO YIELD RIGHT OF WAY,39.16937337,-86.52823564
12,6,1500.0,Bus,No injury/unknown,FAILURE TO YIELD RIGHT OF WAY,39.16934601,-86.534784
8,7,300.0,1-Car,Non-incapacitating,ALCOHOLIC BEVERAGES,39.169312,-86.495888
2,6,2000.0,1-Car,No injury/unknown,SPEED TOO FAST FOR WEATHER CONDITIONS,39.16917467,-86.495888
9,3,1500.0,2-Car,No injury/unknown,UNSAFE BACKING,39.16912787,-86.47906443
10,6,1000.0,Moped/Motorcycle,Non-incapacitating,FAILURE TO YIELD RIGHT OF WAY,39.16906798,-86.534784
8,3,900.0,1-Car,No injury/unknown,UNSAFE BACKING,39.16905829,-86.534784
10,1,1100.0,2-Car,No injury/unknown,UNSAFE BACKING,39.16901029,-86.52822988
10,5,1600.0,2-Car,No injury/unknown,FOLLOWING TOO CLOSELY,39.16896024,-86.50075211
4,1,2100.0,2-Car,No injury/unknown,FOLLOWING TOO CLOSELY,39.168944,-86.516016
4,1,2300.0,2-Car,No injury/unknown,FAILURE TO YIELD RIGHT OF WAY,39.168944,-86.516016
11,6,1800.0,2-Car,No injury/unknown,SPEED TOO FAST FOR WEATHER CONDITIONS,39.168944,-86.516016
1,4,1300.0,2-Car,No injury/unknown,UNSAFE BACKING,39.16893551,-86.54108833
3,2,0.0,2-Car,No injury/unknown,OTHER (DRIVER) - EXPLAIN IN NARRATIVE,39.16892,-86.498792
12,1,1500.0,2-Car,No injury/unknown,FAILURE TO YIELD RIGHT OF WAY,39.16892,-86.499469
2,6,2000.0,2-Car,No injury/unknown,FOLLOWING TOO CLOSELY,39.16891463,-86.53356318
4,6,1800.0,Pedestrian,Non-incapacitating,DRIVER DISTRACTED - EXPLAIN IN NARRATIVE,39.16891463,-86.53356318
7,2,1500.0,1-Car,No injury/unknown,OTHER (DRIVER) - EXPLAIN IN NARRATIVE,39.16884964,-86.5495696
9,5,1500.0,1-Car,No injury/unknown,SPEED TOO FAST FOR WEATHER CONDITIONS,39.168761,-86.580278
6,2,1500.0,2-Car,No injury/unknown,UNSAFE BACKING,39.16876,-86.576419
12,7,1000.0,3+ Cars,No injury/unknown,DISREGARD SIGNAL/REG SIGN,39.16876,-86.57642
11,3,1500.0,1-Car,No injury/unknown,DRIVER DISTRACTED - EXPLAIN IN NARRATIVE,39.168752,-86.5436
5,7,200.0,2-Car,No injury/unknown,ALCOHOLIC BEVERAGES,39.16873306,-86.53356637
10,3,1300.0,2-Car,Non-incapacitating,FAILURE TO YIELD RIGHT OF WAY,39.16872,-86.541104
6,7,1700.0,2-Car,No injury/unknown,UNSAFE BACKING,39.16871445,-86.53356669
2,4,1800.0,2-Car,No injury/unknown,STEERING FAILURE,39.16871,-86.5139
10,3,1600.0,2-Car,No injury/unknown,FAILURE TO YIELD RIGHT OF WAY,39.16871,-86.51388962
12,7,1100.0,2-Car,No injury/unknown,FAILURE TO YIELD RIGHT OF WAY,39.16871,-86.5139
12,1,1200.0,1-Car,No injury/unknown,UNSAFE BACKING,39.168704,-86.539808
9,6,1200.0,2-Car,No injury/unknown,FAILURE TO YIELD RIGHT OF WAY,39.168688,-86.537296
2,6,1000.0,2-Car,No injury/unknown,OTHER (ENVIRONMENTAL) - EXPLAIN IN NARR,39.168672,-86.536
4,7,1200.0,2-Car,No injury/unknown,UNSAFE BACKING,39.168672,-86.536
10,5,1300.0,1-Car,No injury/unknown,OTHER (DRIVER) - EXPLAIN IN NARRATIVE,39.168672,-86.536
6,7,800.0,2-Car,No injury/unknown,IMPROPER TURNING,39.16866318,-86.53532996
6,2,400.0,1-Car,No injury/unknown,RAN OFF ROAD RIGHT,39.168663,-86.531058
1,1,1300.0,2-Car,No injury/unknown,IMPROPER PASSING,39.168656,-86.534784
1,4,1600.0,2-Car,No injury/unknown,UNSAFE BACKING,39.168656,-86.534784
2,6,1600.0,2-Car,No injury/unknown,FAILURE TO YIELD RIGHT OF WAY,39.168656,-86.534784
4,6,900.0,2-Car,No injury/unknown,DRIVER DISTRACTED - EXPLAIN IN NARRATIVE,39.168656,-86.534784
4,7,800.0,2-Car,No injury/unknown,IMPROPER LANE USAGE,39.168656,-86.534784
7,7,1100.0,Bus,No injury/unknown,UNSAFE BACKING,39.168656,-86.534784
8,7,1200.0,2-Car,No injury/unknown,IMPROPER LANE USAGE,39.168656,-86.534784
10,6,1000.0,Cyclist,No injury/unknown,PEDESTRIAN ACTION,39.168656,-86.534784
10,6,1300.0,2-Car,No injury/unknown,FOLLOWING TOO CLOSELY,39.168656,-86.534784
1,3,1700.0,2-Car,No injury/unknown,FAILURE TO YIELD RIGHT OF WAY,39.16864,-86.528224
1,5,400.0,2-Car,No injury/unknown,UNSAFE BACKING,39.16864,-86.533568
3,3,1500.0,2-Car,Non-incapacitating,FAILURE TO YIELD RIGHT OF WAY,39.16864,-86.524496
3,3,1800.0,2-Car,No injury/unknown,FAILURE TO YIELD RIGHT OF WAY,39.16864,-86.52564702
3,5,2000.0,2-Car,No injury/unknown,FAILURE TO YIELD RIGHT OF WAY,39.16864,-86.533568
5,7,0.0,2-Car,No injury/unknown,UNSAFE BACKING,39.16864,-86.533568
5,4,2000.0,1-Car,No injury/unknown,OTHER (DRIVER) - EXPLAIN IN NARRATIVE,39.16864,-86.533568
5,7,300.0,2-Car,No injury/unknown,OTHER (DRIVER) - EXPLAIN IN NARRATIVE,39.16864,-86.530992
5,2,1100.0,2-Car,No injury/unknown,FOLLOWING TOO CLOSELY,39.16864,-86.526944
6,1,200.0,3+ Cars,No injury/unknown,UNSAFE BACKING,39.16864,-86.533568
7,2,1400.0,2-Car,No injury/unknown,UNSAFE BACKING,39.16864,-86.53176784
7,2,1200.0,1-Car,Non-incapacitating,FAILURE TO YIELD RIGHT OF WAY,39.16864,-86.533568
8,1,1000.0,2-Car,No injury/unknown,FAILURE TO YIELD RIGHT OF WAY,39.16864,-86.533568
10,3,1500.0,Bus,No injury/unknown,IMPROPER LANE USAGE,39.16864,-86.530992
10,4,900.0,2-Car,No injury/unknown,OTHER (DRIVER) - EXPLAIN IN NARRATIVE,39.16864,-86.526944
10,4,0.0,2-Car,No injury/unknown,UNSAFE BACKING,39.16864,-86.525696
11,2,1400.0,Bus,No injury/unknown,IMPROPER PASSING,39.16864,-86.523392
11,6,1100.0,2-Car,No injury/unknown,IMPROPER LANE USAGE,39.16864,-86.533568
12,2,1800.0,2-Car,No injury/unknown,IMPROPER TURNING,39.16864,-86.5324
12,2,1400.0,2-Car,No injury/unknown,UNSAFE SPEED,39.16864,-86.5334585
12,3,1200.0,2-Car,No injury/unknown,IMPROPER LANE USAGE,39.16864,-86.533568
2,7,2300.0,2-Car,No injury/unknown,UNSAFE BACKING,39.168588,-86.533588
12,7,1100.0,2-Car,No injury/unknown,DISREGARD SIGNAL/REG SIGN,39.168576,-86.5496
7,4,1100.0,2-Car,No injury/unknown,FAILURE TO YIELD RIGHT OF WAY,39.16856,-86.535432
3,7,2300.0,1-Car,No injury/unknown,DRIVER DISTRACTED - EXPLAIN IN NARRATIVE,39.16854164,-86.55653
3,4,1200.0,2-Car,No injury/unknown,FAILURE TO YIELD RIGHT OF WAY,39.168527,-86.529629
9,6,1300.0,Moped/Motorcycle,No injury/unknown,FOLLOWING TOO CLOSELY,39.16851,-86.52823269
3,5,1200.0,2-Car,No injury/unknown,IMPROPER LANE USAGE,39.1685,-86.52695
11,3,1300.0,2-Car,No injury/unknown,FAILURE TO YIELD RIGHT OF WAY,39.1685,-86.52695
3,7,300.0,1-Car,No injury/unknown,ALCOHOLIC BEVERAGES,39.16848,-86.523479
7,3,1000.0,2-Car,No injury/unknown,OTHER (DRIVER) - EXPLAIN IN NARRATIVE,39.16848,-86.523479
8,5,1000.0,2-Car,No injury/unknown,UNSAFE BACKING,39.16848,-86.52348
9,6,1000.0,2-Car,No injury/unknown,UNSAFE BACKING,39.16848,-86.523468
12,3,1300.0,1-Car,No injury/unknown,ROADWAY SURFACE CONDITION,39.1684677,-86.66118747
1,5,1700.0,2-Car,No injury/unknown,WRONG WAY ON ONE WAY,39.16846087,-86.52105931
12,2,1300.0,1-Car,Non-incapacitating,ALCOHOLIC BEVERAGES,39.168436,-86.564992
12,3,2200.0,1-Car,No injury/unknown,SPEED TOO FAST FOR WEATHER CONDITIONS,39.16839,-86.49505
5,2,1100.0,2-Car,No injury/unknown,OTHER (DRIVER) - EXPLAIN IN NARRATIVE,39.16836537,-86.53357243
3,6,1100.0,2-Car,No injury/unknown,LEFT OF CENTER,39.16836,-86.58298
8,1,0.0,1-Car,Non-incapacitating,UNSAFE SPEED,39.16836,-86.58299732
8,2,1500.0,2-Car,Non-incapacitating,DISREGARD SIGNAL/REG SIGN,39.16836,-86.58298
9,5,1800.0,1-Car,No injury/unknown,OTHER (VEHICLE) - EXPLAIN IN NARRATIVE,39.16836,-86.58315317
8,7,1700.0,2-Car,No injury/unknown,UNSAFE BACKING,39.168352,-86.57641
10,2,1500.0,2-Car,Non-incapacitating,FOLLOWING TOO CLOSELY,39.16832721,-86.58297032
1,3,1300.0,2-Car,No injury/unknown,OTHER (ENVIRONMENTAL) - EXPLAIN IN NARR,39.16828267,-86.49456076
3,4,1400.0,2-Car,No injury/unknown,IMPROPER TURNING,39.168269,-86.576396
10,7,900.0,2-Car,No injury/unknown,UNSAFE BACKING,39.168269,-86.576396
8,6,900.0,2-Car,No injury/unknown,OTHER (DRIVER) - EXPLAIN IN NARRATIVE,39.1682309,-86.49334787
10,2,1000.0,1-Car,Non-incapacitating,RAN OFF ROAD RIGHT,39.168224,-86.504832
1,3,1600.0,2-Car,No injury/unknown,ROADWAY SURFACE CONDITION,39.168192,-86.49504
2,6,1600.0,2-Car,No injury/unknown,ROADWAY SURFACE CONDITION,39.168176,-86.509312
2,3,300.0,2-Car,No injury/unknown,ALCOHOLIC BEVERAGES,39.168176,-86.509312
8,7,0.0,2-Car,No injury/unknown,OTHER (DRIVER) - EXPLAIN IN NARRATIVE,39.16812399,-86.5452
2,4,1600.0,2-Car,No injury/unknown,FOLLOWING TOO CLOSELY,39.16812347,-86.51611253
2,3,1600.0,2-Car,No injury/unknown,OTHER (ENVIRONMENTAL) - EXPLAIN IN NARR,39.16805467,-86.49504
10,2,1700.0,2-Car,No injury/unknown,DRIVER DISTRACTED - EXPLAIN IN NARRATIVE,39.16803046,-86.53265697
1,5,1900.0,2-Car,No injury/unknown,FAILURE TO YIELD RIGHT OF WAY,39.16794997,-86.52693168
10,6,1900.0,2-Car,No injury/unknown,DRIVER DISTRACTED - EXPLAIN IN NARRATIVE,39.16792263,-86.53357957
9,4,1600.0,Cyclist,Non-incapacitating,IMPROPER LANE USAGE,39.16787832,-86.5259
1,7,1600.0,3+ Cars,Non-incapacitating,OTHER (DRIVER) - EXPLAIN IN NARRATIVE,39.16778533,-86.534784
3,6,1900.0,2-Car,No injury/unknown,OTHER (DRIVER) - EXPLAIN IN NARRATIVE,39.16778533,-86.534784
10,3,1800.0,2-Car,No injury/unknown,SPEED TOO FAST FOR WEATHER CONDITIONS,39.16776,-86.503616
12,7,1100.0,2-Car,No injury/unknown,SPEED TOO FAST FOR WEATHER CONDITIONS,39.16776,-86.503616
3,5,1500.0,2-Car,No injury/unknown,IMPROPER TURNING,39.167744,-86.526928
10,6,100.0,1-Car,No injury/unknown,OTHER (DRIVER) - EXPLAIN IN NARRATIVE,39.16773029,-86.534784
4,7,1500.0,2-Car,No injury/unknown,FAILURE TO YIELD RIGHT OF WAY,39.167728,-86.528208
4,4,1500.0,2-Car,Non-incapacitating,FOLLOWING TOO CLOSELY,39.167728,-86.5496
12,4,1300.0,2-Car,No injury/unknown,ROADWAY SURFACE CONDITION,39.16771527,-86.52939233
1,5,800.0,2-Car,No injury/unknown,OTHER (DRIVER) - EXPLAIN IN NARRATIVE,39.16769953,-86.5439528
2,6,1400.0,1-Car,No injury/unknown,UNSAFE BACKING,39.167696,-86.54342359
12,1,1100.0,2-Car,No injury/unknown,FAILURE TO YIELD RIGHT OF WAY,39.167696,-86.542096
6,5,1700.0,2-Car,No injury/unknown,FAILURE TO YIELD RIGHT OF WAY,39.16768,-86.538592
6,1,1900.0,Pedestrian,Non-incapacitating,PEDESTRIAN ACTION,39.16768,-86.538592
7,2,1200.0,Cyclist,Non-incapacitating,FAILURE TO YIELD RIGHT OF WAY,39.16768,-86.538592
10,6,2300.0,Pedestrian,Non-incapacitating,PEDESTRIAN ACTION,39.16768,-86.538592
11,5,1800.0,2-Car,No injury/unknown,DISREGARD SIGNAL/REG SIGN,39.16768,-86.538592
12,3,1900.0,2-Car,No injury/unknown,OTHER (DRIVER) - EXPLAIN IN NARRATIVE,39.16768,-86.501248
4,7,1400.0,2-Car,No injury/unknown,,39.16767,-86.576029
5,4,1300.0,2-Car,No injury/unknown,UNSAFE BACKING,39.16767,-86.576029
11,4,1800.0,2-Car,No injury/unknown,OTHER (DRIVER) - EXPLAIN IN NARRATIVE,39.16767,-86.576029
2,6,1500.0,3+ Cars,No injury/unknown,OTHER (DRIVER) - EXPLAIN IN NARRATIVE,39.167664,-86.5324
3,5,1600.0,2-Car,No injury/unknown,UNSAFE BACKING,39.167664,-86.536
7,4,800.0,2-Car,No injury/unknown,FAILURE TO YIELD RIGHT OF WAY,39.167664,-86.536
11,4,1800.0,2-Car,No injury/unknown,UNSAFE BACKING,39.167664,-86.537296
10,4,1400.0,2-Car,No injury/unknown,IMPROPER TURNING,39.167648,-86.53460759
1,3,1600.0,1-Car,No injury/unknown,OTHER (DRIVER) - EXPLAIN IN NARRATIVE,39.167648,-86.534784
1,3,1600.0,2-Car,No injury/unknown,IMPROPER LANE USAGE,39.167648,-86.533584
2,3,1200.0,2-Car,No injury/unknown,UNSAFE BACKING,39.167648,-86.534784
2,5,2200.0,2-Car,No injury/unknown,OTHER (DRIVER) - EXPLAIN IN NARRATIVE,39.167648,-86.533584
2,6,1200.0,2-Car,No injury/unknown,UNSAFE BACKING,39.167648,-86.533584
4,6,1000.0,2-Car,No injury/unknown,UNSAFE BACKING,39.167648,-86.500096
5,5,1300.0,2-Car,No injury/unknown,UNSAFE BACKING,39.167648,-86.533584
6,5,100.0,2-Car,No injury/unknown,UNSAFE BACKING,39.167648,-86.533584
8,2,1200.0,2-Car,No injury/unknown,OTHER (DRIVER) - EXPLAIN IN NARRATIVE,39.167648,-86.534784
8,1,1300.0,1-Car,No injury/unknown,ACCELERATOR FAILURE OR DEFECTIVE,39.167648,-86.534784
10,5,100.0,Moped/Motorcycle,No injury/unknown,UNSAFE BACKING,39.167648,-86.533584
10,6,1800.0,2-Car,No injury/unknown,,39.167648,-86.490561
10,2,1600.0,2-Car,No injury/unknown,UNSAFE BACKING,39.167648,-86.534784
11,6,1200.0,2-Car,No injury/unknown,DRIVER DISTRACTED - EXPLAIN IN NARRATIVE,39.167648,-86.534784
12,2,1200.0,2-Car,Non-incapacitating,SPEED TOO FAST FOR WEATHER CONDITIONS,39.167648,-86.533584
12,4,300.0,1-Car,No injury/unknown,,39.167648,-86.534784
2,6,0.0,Bus,No injury/unknown,FAILURE TO YIELD RIGHT OF WAY,39.16759469,-86.510992
10,6,1300.0,2-Car,No injury/unknown,IMPROPER TURNING,39.16759469,-86.510992
3,6,1800.0,2-Car,No injury/unknown,OTHER (DRIVER) - EXPLAIN IN NARRATIVE,39.167583,-86.53632
3,7,1600.0,2-Car,No injury/unknown,OTHER (DRIVER) - EXPLAIN IN NARRATIVE,39.16754,-86.53107
7,3,1100.0,2-Car,No injury/unknown,UNSAFE BACKING,39.16754,-86.529789
4,6,2100.0,2-Car,No injury/unknown,IMPROPER LANE USAGE,39.16747214,-86.57272682
12,3,1300.0,2-Car,No injury/unknown,ROADWAY SURFACE CONDITION,39.16747214,-86.57272682
11,2,800.0,2-Car,No injury/unknown,UNSAFE BACKING,39.16733692,-86.51619253
3,3,900.0,1-Car,No injury/unknown,OTHER (DRIVER) - EXPLAIN IN NARRATIVE,39.167315,-86.524541
1,4,700.0,2-Car,No injury/unknown,UNSAFE BACKING,39.167286,-86.52355
2,3,1400.0,2-Car,No injury/unknown,UNSAFE BACKING,39.167286,-86.52355
10,5,1200.0,2-Car,No injury/unknown,UNSAFE BACKING,39.167286,-86.52355
3,5,1900.0,2-Car,No injury/unknown,UNSAFE BACKING,39.167092,-86.516058
2,3,1500.0,2-Car,No injury/unknown,OTHER (DRIVER) - EXPLAIN IN NARRATIVE,39.167006,-86.516145
7,3,1400.0,2-Car,No injury/unknown,OTHER (DRIVER) - EXPLAIN IN NARRATIVE,39.167006,-86.516145