Month,Day,Hour,Collision Type,Injury Type,Primary Factor,Latitude,Longitude
12,2,1100.0,2-Car,No injury/unknown,FAILURE TO YIELD RIGHT OF WAY,39.1669695,-86.52690555
9,5,2200.0,2-Car,No injury/unknown,FAILURE TO YIELD RIGHT OF WAY,39.166944,-86.495056
10,4,1700.0,2-Car,No injury/unknown,FAILURE TO YIELD RIGHT OF WAY,39.166944,-86.495056
5,6,1600.0,2-Car,No injury/unknown,OTHER (DRIVER) - EXPLAIN IN NARRATIVE,39.16691,-86.49492
11,3,1200.0,2-Car,No injury/unknown,UNSAFE BACKING,39.166909,-86.494916
9,5,1600.0,2-Car,No injury/unknown,IMPROPER TURNING,39.16688713,-86.52690316
4,7,1900.0,1-Car,No injury/unknown,ALCOHOLIC BEVERAGES,39.16685,-86.52157
11,3,2000.0,Moped/Motorcycle,Non-incapacitating,IMPROPER LANE USAGE,39.16685,-86.52157692
12,7,1800.0,1-Car,No injury/unknown,OTHER (VEHICLE) - EXPLAIN IN NARRATIVE,39.16685,-86.52154404
1,7,200.0,1-Car,No injury/unknown,ALCOHOLIC BEVERAGES,39.166848,-86.4928
7,1,2100.0,2-Car,Non-incapacitating,DISREGARD SIGNAL/REG SIGN,39.166848,-86.506992
7,5,1800.0,2-Car,No injury/unknown,UNSAFE BACKING,39.166848,-86.509296
8,1,1600.0,3+ Cars,No injury/unknown,ALCOHOLIC BEVERAGES,39.166848,-86.495088
10,5,800.0,2-Car,No injury/unknown,DISREGARD SIGNAL/REG SIGN,39.166848,-86.506992
4,2,1400.0,2-Car,No injury/unknown,UNSAFE BACKING,39.166832,-86.550992
2,5,1000.0,2-Car,No injury/unknown,OTHER (DRIVER) - EXPLAIN IN NARRATIVE,39.166828,-86.521999
3,4,700.0,1-Car,No injury/unknown,ROADWAY SURFACE CONDITION,39.166828,-86.521999
11,2,1500.0,2-Car,Non-incapacitating,UNSAFE SPEED,39.166828,-86.521999
10,5,1200.0,2-Car,No injury/unknown,FAILURE TO YIELD RIGHT OF WAY,39.166822,-86.494915
1,4,2300.0,2-Car,Non-incapacitating,FAILURE TO YIELD RIGHT OF WAY,39.166816,-86.549488
2,5,1400.0,2-Car,No injury/unknown,ROADWAY SURFACE CONDITION,39.166816,-86.549488
7,4,900.0,2-Car,No injury/unknown,IMPROPER LANE USAGE,39.166816,-86.549488
12,7,1000.0,2-Car,No injury/unknown,SPEED TOO FAST FOR WEATHER CONDITIONS,39.166816,-86.549488
2,6,1000.0,Bus,No injury/unknown,SPEED TOO FAST FOR WEATHER CONDITIONS,39.16681247,-86.54922342
9,3,1600.0,2-Car,No injury/unknown,UNSAFE BACKING,39.16681,-86.50498865
8,5,800.0,Moped/Motorcycle,Non-incapacitating,OTHER (DRIVER) - EXPLAIN IN NARRATIVE,39.16679979,-86.5609886
3,7,300.0,1-Car,No injury/unknown,PASSENGER DISTRACTION,39.166787,-86.525016
3,3,300.0,1-Car,No injury/unknown,UNSAFE SPEED,39.16677859,-86.54625838
4,5,1000.0,2-Car,No injury/unknown,UNSAFE BACKING,39.16677732,-86.53479782
3,3,300.0,1-Car,No injury/unknown,OTHER (VEHICLE) - EXPLAIN IN NARRATIVE,39.16677506,-86.54590559
5,7,1100.0,2-Car,No injury/unknown,FAILURE TO YIELD RIGHT OF WAY,39.166768,-86.5452
6,4,1900.0,2-Car,No injury/unknown,FAILURE TO YIELD RIGHT OF WAY,39.166768,-86.5452
11,5,1600.0,2-Car,No injury/unknown,FAILURE TO YIELD RIGHT OF WAY,39.166768,-86.5452
8,5,1700.0,Bus,No injury/unknown,LEFT OF CENTER,39.166736,-86.5436
4,2,800.0,1-Car,No injury/unknown,UNSAFE SPEED,39.166703,-86.551148
8,3,1000.0,2-Car,No injury/unknown,UNSAFE BACKING,39.166702,-86.550993
2,3,1600.0,2-Car,No injury/unknown,OTHER (ENVIRONMENTAL) - EXPLAIN IN NARR,39.1667,-86.54964
4,5,1700.0,2-Car,No injury/unknown,FAILURE TO YIELD RIGHT OF WAY,39.16667671,-86.53896077
5,5,300.0,1-Car,No injury/unknown,ALCOHOLIC BEVERAGES,39.16667429,-86.53877943
1,5,900.0,2-Car,Non-incapacitating,ROADWAY SURFACE CONDITION,39.166672,-86.538608
2,2,900.0,2-Car,No injury/unknown,OTHER (DRIVER) - EXPLAIN IN NARRATIVE,39.166672,-86.538608
4,5,800.0,2-Car,No injury/unknown,FOLLOWING TOO CLOSELY,39.166672,-86.538608
5,6,2100.0,2-Car,Non-incapacitating,FAILURE TO YIELD RIGHT OF WAY,39.166672,-86.538608
5,3,1200.0,2-Car,No injury/unknown,DRIVER ASLEEP OR FATIGUED,39.166672,-86.538608
6,6,800.0,2-Car,No injury/unknown,FAILURE TO YIELD RIGHT OF WAY,39.166672,-86.538608
7,2,1800.0,2-Car,No injury/unknown,FAILURE TO YIELD RIGHT OF WAY,39.166672,-86.538608
9,4,800.0,Moped/Motorcycle,Non-incapacitating,FAILURE TO YIELD RIGHT OF WAY,39.166672,-86.538608
9,4,1400.0,2-Car,No injury/unknown,FAILURE TO YIELD RIGHT OF WAY,39.166672,-86.538608
10,2,1400.0,Pedestrian,No injury/unknown,FAILURE TO YIELD RIGHT OF WAY,39.166672,-86.538608
11,2,700.0,2-Car,No injury/unknown,FAILURE TO YIELD RIGHT OF WAY,39.166672,-86.538608
7,2,1200.0,2-Car,No injury/unknown,FOLLOWING TOO CLOSELY,39.16666963,-86.46195045
9,2,700.0,2-Car,No injury/unknown,OTHER (DRIVER) - EXPLAIN IN NARRATIVE,39.16666,-86.54374545
7,7,1100.0,1-Car,No injury/unknown,UNSAFE BACKING,39.16665665,-86.53734955
4,6,1900.0,2-Car,No injury/unknown,FAILURE TO YIELD RIGHT OF WAY,39.166656,-86.537296
4,6,1300.0,2-Car,Non-incapacitating,FAILURE TO YIELD RIGHT OF WAY,39.166656,-86.537296
5,4,1600.0,2-Car,No injury/unknown,FAILURE TO YIELD RIGHT OF WAY,39.166656,-86.537296
5,4,1600.0,2-Car,No injury/unknown,OTHER (DRIVER) - EXPLAIN IN NARRATIVE,39.166656,-86.537296
7,5,1200.0,2-Car,No injury/unknown,FAILURE TO YIELD RIGHT OF WAY,39.166656,-86.537296
7,6,1900.0,2-Car,No injury/unknown,DISREGARD SIGNAL/REG SIGN,39.166656,-86.537296
8,4,1400.0,Bus,No injury/unknown,FAILURE TO YIELD RIGHT OF WAY,39.166656,-86.537296
9,7,300.0,2-Car,No injury/unknown,FAILURE TO YIELD RIGHT OF WAY,39.166656,-86.537296
3,2,800.0,2-Car,No injury/unknown,UNSAFE BACKING,39.16664201,-86.509296
4,6,200.0,Pedestrian,Non-incapacitating,OTHER (DRIVER) - EXPLAIN IN NARRATIVE,39.16664,-86.52836841
7,5,1600.0,2-Car,No injury/unknown,OTHER (DRIVER) - EXPLAIN IN NARRATIVE,39.16664,-86.52783918
12,1,100.0,Pedestrian,Non-incapacitating,PEDESTRIAN ACTION,39.16664,-86.52801559
1,1,1100.0,2-Car,No injury/unknown,IMPROPER TURNING,39.16664,-86.5336
1,3,1100.0,2-Car,No injury/unknown,UNSAFE BACKING,39.16664,-86.5348
2,1,100.0,2-Car,No injury/unknown,UNSAFE SPEED,39.16664,-86.528192
2,6,1300.0,2-Car,No injury/unknown,UNSAFE BACKING,39.16664,-86.528192
2,6,1400.0,2-Car,No injury/unknown,OTHER (DRIVER) - EXPLAIN IN NARRATIVE,39.16664,-86.53096555
2,7,1800.0,2-Car,No injury/unknown,UNSAFE BACKING,39.16664,-86.528192
2,6,1300.0,2-Car,No injury/unknown,FAILURE TO YIELD RIGHT OF WAY,39.16664,-86.530992
2,4,400.0,2-Car,No injury/unknown,OTHER (DRIVER) - EXPLAIN IN NARRATIVE,39.16664,-86.5336
2,4,400.0,2-Car,No injury/unknown,OTHER (DRIVER) - EXPLAIN IN NARRATIVE,39.16664,-86.5336
2,5,1600.0,2-Car,No injury/unknown,UNSAFE BACKING,39.16664,-86.528192
3,5,1500.0,Bus,No injury/unknown,IMPROPER LANE USAGE,39.16664,-86.530992
3,4,1800.0,2-Car,No injury/unknown,FAILURE TO YIELD RIGHT OF WAY,39.16664,-86.5348
3,5,1400.0,2-Car,No injury/unknown,UNSAFE BACKING,39.16664,-86.526896
4,6,2100.0,Pedestrian,Non-incapacitating,DRIVER DISTRACTED - EXPLAIN IN NARRATIVE,39.16664,-86.526896
4,3,1500.0,2-Car,No injury/unknown,FAILURE TO YIELD RIGHT OF WAY,39.16664,-86.526896
4,5,1200.0,2-Car,No injury/unknown,FAILURE TO YIELD RIGHT OF WAY,39.16664,-86.5348
4,4,1700.0,Moped/Motorcycle,Non-incapacitating,OTHER (DRIVER) - EXPLAIN IN NARRATIVE,39.16664,-86.526896
5,4,2300.0,Pedestrian,Non-incapacitating,PEDESTRIAN ACTION,39.16664,-86.462496
5,7,1300.0,Cyclist,Non-incapacitating,VIEW OBSTRUCTED,39.16664,-86.5324
5,5,1000.0,2-Car,No injury/unknown,UNSAFE SPEED,39.16664,-86.454992
6,4,1800.0,2-Car,No injury/unknown,ROADWAY SURFACE CONDITION,39.16664,-86.528192
6,1,2000.0,2-Car,No injury/unknown,FAILURE TO YIELD RIGHT OF WAY,39.16664,-86.5348
6,3,1900.0,2-Car,No injury/unknown,FOLLOWING TOO CLOSELY,39.16664,-86.5336
6,3,400.0,2-Car,No injury/unknown,WRONG WAY ON ONE WAY,39.16664,-86.526896
6,7,1100.0,2-Car,No injury/unknown,UNSAFE BACKING,39.16664,-86.53096555
6,2,1200.0,2-Car,No injury/unknown,IMPROPER TURNING,39.16664,-86.526896
6,7,1300.0,2-Car,No injury/unknown,FAILURE TO YIELD RIGHT OF WAY,39.16664,-86.5348
7,5,1800.0,2-Car,No injury/unknown,FAILURE TO YIELD RIGHT OF WAY,39.16664,-86.5336
7,7,1300.0,2-Car,Non-incapacitating,IMPROPER LANE USAGE,39.16664,-86.5336
7,5,1900.0,2-Car,No injury/unknown,IMPROPER TURNING,39.16664,-86.5336
7,6,1100.0,3+ Cars,No injury/unknown,FAILURE TO YIELD RIGHT OF WAY,39.16664,-86.5348
7,7,2200.0,2-Car,No injury/unknown,IMPROPER LANE USAGE,39.16664,-86.5348
7,3,1700.0,2-Car,No injury/unknown,DISREGARD SIGNAL/REG SIGN,39.16664,-86.5336
7,3,1300.0,2-Car,Non-incapacitating,OTHER (DRIVER) - EXPLAIN IN NARRATIVE,39.16664,-86.5348
7,4,1300.0,2-Car,No injury/unknown,IMPROPER TURNING,39.16664,-86.5336
8,7,2300.0,2-Car,No injury/unknown,DISREGARD SIGNAL/REG SIGN,39.16664,-86.5336
8,7,1400.0,2-Car,No injury/unknown,UNSAFE BACKING,39.16664,-86.526896
9,4,900.0,2-Car,No injury/unknown,WRONG WAY ON ONE WAY,39.16664,-86.528192
9,7,900.0,2-Car,No injury/unknown,FOLLOWING TOO CLOSELY,39.16664,-86.5336
10,4,1300.0,2-Car,No injury/unknown,OTHER (DRIVER) - EXPLAIN IN NARRATIVE,39.16664,-86.526896
10,7,1900.0,2-Car,No injury/unknown,FOLLOWING TOO CLOSELY,39.16664,-86.528192
11,4,200.0,1-Car,No injury/unknown,ALCOHOLIC BEVERAGES,39.16664,-86.5336
11,6,1400.0,2-Car,No injury/unknown,FAILURE TO YIELD RIGHT OF WAY,39.16664,-86.528192
11,7,1200.0,2-Car,No injury/unknown,UNSAFE BACKING,39.16664,-86.526896
11,1,1400.0,2-Car,No injury/unknown,DRIVER DISTRACTED - EXPLAIN IN NARRATIVE,39.16664,-86.5336
11,3,1100.0,2-Car,No injury/unknown,IMPROPER LANE USAGE,39.16664,-86.52938906
11,6,2300.0,2-Car,No injury/unknown,FAILURE TO YIELD RIGHT OF WAY,39.16664,-86.5336
11,6,1400.0,1-Car,No injury/unknown,OTHER (DRIVER) - EXPLAIN IN NARRATIVE,39.16664,-86.462496
12,3,1400.0,2-Car,No injury/unknown,SPEED TOO FAST FOR WEATHER CONDITIONS,39.16664,-86.462496
12,3,1100.0,2-Car,No injury/unknown,FAILURE TO YIELD RIGHT OF WAY,39.16664,-86.5348
12,4,800.0,2-Car,No injury/unknown,ROADWAY SURFACE CONDITION,39.16664,-86.52816555
7,4,800.0,2-Car,No injury/unknown,UNSAFE BACKING,39.166614,-86.538726
7,3,100.0,2-Car,No injury/unknown,UNSAFE BACKING,39.1666,-86.53561
8,2,0.0,Moped/Motorcycle,Non-incapacitating,RAN OFF ROAD RIGHT,39.16659,-86.53605
11,6,1700.0,2-Car,No injury/unknown,FOLLOWING TOO CLOSELY,39.16659,-86.53605
11,7,0.0,3+ Cars,Non-incapacitating,ALCOHOLIC BEVERAGES,39.16659,-86.53605
6,5,1700.0,2-Car,No injury/unknown,UNSAFE BACKING,39.16658457,-86.49281455
12,1,300.0,2-Car,No injury/unknown,ROADWAY SURFACE CONDITION,39.16658457,-86.49281455
12,3,2200.0,2-Car,No injury/unknown,,39.16658,-86.533342
12,4,1000.0,1-Car,No injury/unknown,UNSAFE BACKING,39.16657927,-86.52689306
3,2,2100.0,2-Car,No injury/unknown,FAILURE TO YIELD RIGHT OF WAY,39.16657217,-86.51253
8,6,1300.0,2-Car,No injury/unknown,OTHER (DRIVER) - EXPLAIN IN NARRATIVE,39.16656208,-86.53359772
5,7,1000.0,Moped/Motorcycle,Non-incapacitating,OTHER (DRIVER) - EXPLAIN IN NARRATIVE,39.16656,-86.531079
6,2,2000.0,2-Car,No injury/unknown,UNSAFE BACKING,39.16655822,-86.492816
6,2,0.0,1-Car,No injury/unknown,ANIMAL/OBJECT IN ROADWAY,39.16654359,-86.46425575
6,4,1300.0,2-Car,No injury/unknown,UNSAFE BACKING,39.16649829,-86.52969829
5,6,1900.0,2-Car,No injury/unknown,UNSAFE BACKING,39.166496,-86.571216
7,7,1700.0,Bus,No injury/unknown,IMPROPER TURNING,39.166496,-86.571216
11,2,2100.0,2-Car,No injury/unknown,UNSAFE BACKING,39.166496,-86.571216
2,4,1400.0,2-Car,No injury/unknown,NONE (DRIVER),39.166494,-86.582969
8,6,2100.0,Moped/Motorcycle,Non-incapacitating,FAILURE TO YIELD RIGHT OF WAY,39.166432,-86.4812
12,5,400.0,1-Car,No injury/unknown,DRIVER DISTRACTED - EXPLAIN IN NARRATIVE,39.166368,-86.523326
8,1,1200.0,2-Car,No injury/unknown,FAILURE TO YIELD RIGHT OF WAY,39.16636554,-86.52688272
12,7,1200.0,2-Car,No injury/unknown,LEFT OF CENTER,39.16636,-86.57601
1,5,900.0,1-Car,Non-incapacitating,OTHER (DRIVER) - EXPLAIN IN NARRATIVE,39.166344,-86.492798
3,1,2100.0,2-Car,No injury/unknown,FAILURE TO YIELD RIGHT OF WAY,39.16630184,-86.51566
4,6,300.0,1-Car,Non-incapacitating,,39.16627701,-86.4812
6,7,1200.0,2-Car,Non-incapacitating,UNSAFE SPEED,39.16625,-86.48129
12,2,1500.0,3+ Cars,Non-incapacitating,FAILURE TO YIELD RIGHT OF WAY,39.16614772,-86.57776354
5,1,1100.0,2-Car,No injury/unknown,OTHER (DRIVER) - EXPLAIN IN NARRATIVE,39.166123,-86.55496
3,2,1700.0,2-Car,No injury/unknown,FOLLOWING TOO CLOSELY,39.16612236,-86.57302593
8,2,1500.0,Moped/Motorcycle,Non-incapacitating,OTHER (ENVIRONMENTAL) - EXPLAIN IN NARR,39.16612236,-86.57302593
7,3,400.0,2-Car,No injury/unknown,ALCOHOLIC BEVERAGES,39.166048,-86.501888
5,6,1200.0,3+ Cars,No injury/unknown,FOLLOWING TOO CLOSELY,39.1660158,-86.49928371
12,4,700.0,2-Car,No injury/unknown,OTHER (ENVIRONMENTAL) - EXPLAIN IN NARR,39.16598361,-86.4799111
4,7,0.0,Pedestrian,No injury/unknown,PEDESTRIAN ACTION,39.16592246,-86.52815728
10,7,1300.0,3+ Cars,Non-incapacitating,OTHER (DRIVER) - EXPLAIN IN NARRATIVE,39.1657316,-86.46876888
1,2,1400.0,2-Car,Non-incapacitating,FAILURE TO YIELD RIGHT OF WAY,39.165696,-86.538592
7,2,1100.0,2-Car,Non-incapacitating,FAILURE TO YIELD RIGHT OF WAY,39.165696,-86.538592
9,6,1200.0,2-Car,No injury/unknown,FAILURE TO YIELD RIGHT OF WAY,39.165696,-86.538592
11,6,1100.0,2-Car,No injury/unknown,IMPROPER PASSING,39.165696,-86.538592
11,7,0.0,2-Car,No injury/unknown,,39.165696,-86.538592
4,5,900.0,2-Car,No injury/unknown,IMPROPER TURNING,39.165664,-86.5348
7,5,800.0,2-Car,No injury/unknown,ALCOHOLIC BEVERAGES,39.165664,-86.5348
8,4,1700.0,2-Car,No injury/unknown,IMPROPER LANE USAGE,39.165664,-86.5348
11,6,1600.0,2-Car,No injury/unknown,OTHER (VEHICLE) - EXPLAIN IN NARRATIVE,39.165664,-86.5348
9,2,1000.0,2-Car,No injury/unknown,FAILURE TO YIELD RIGHT OF WAY,39.16566165,-86.53462362
1,4,1500.0,2-Car,No injury/unknown,IMPROPER TURNING,39.165648,-86.5324
1,4,1600.0,2-Car,No injury/unknown,FAILURE TO YIELD RIGHT OF WAY,39.165648,-86.5336
1,6,1700.0,2-Car,No injury/unknown,OTHER (DRIVER) - EXPLAIN IN NARRATIVE,39.165648,-86.53231478
1,4,1200.0,Bus,No injury/unknown,OTHER (DRIVER) - EXPLAIN IN NARRATIVE,39.165648,-86.5336
2,3,1500.0,Pedestrian,No injury/unknown,,39.165648,-86.528144
1,4,1100.0,Pedestrian,Non-incapacitating,FAILURE TO YIELD RIGHT OF WAY,39.165648,-86.5324
2,7,100.0,3+ Cars,No injury/unknown,ALCOHOLIC BEVERAGES,39.165648,-86.528144
2,4,900.0,2-Car,No injury/unknown,OTHER (DRIVER) - EXPLAIN IN NARRATIVE,39.165648,-86.5336
3,3,1900.0,2-Car,No injury/unknown,FAILURE TO YIELD RIGHT OF WAY,39.165648,-86.5324
3,4,1800.0,2-Car,No injury/unknown,OTHER (DRIVER) - EXPLAIN IN NARRATIVE,39.165648,-86.526848
3,2,1300.0,2-Car,Incapacitating,FAILURE TO YIELD RIGHT OF WAY,39.165648,-86.5336
4,1,100.0,2-Car,No injury/unknown,FOLLOWING TOO CLOSELY,39.165648,-86.5336
4,3,800.0,2-Car,No injury/unknown,DISREGARD SIGNAL/REG SIGN,39.165648,-86.5336
4,3,1300.0,3+ Cars,Non-incapacitating,DISREGARD SIGNAL/REG SIGN,39.165648,-86.5336
5,1,1200.0,2-Car,No injury/unknown,DISREGARD SIGNAL/REG SIGN,39.165648,-86.5336
5,5,0.0,2-Car,No injury/unknown,UNSAFE BACKING,39.165648,-86.53330612
7,7,1300.0,1-Car,No injury/unknown,BRAKE FAILURE OR DEFECTIVE,39.165648,-86.529392
8,5,1400.0,2-Car,No injury/unknown,OTHER (DRIVER) - EXPLAIN IN NARRATIVE,39.165648,-86.5336
8,4,1300.0,2-Car,No injury/unknown,OTHER (DRIVER) - EXPLAIN IN NARRATIVE,39.165648,-86.529712
8,4,800.0,2-Car,No injury/unknown,DISREGARD SIGNAL/REG SIGN,39.165648,-86.528144
10,6,1200.0,2-Car,No injury/unknown,UNSAFE BACKING,39.165648,-86.5336
10,7,1700.0,2-Car,No injury/unknown,IMPROPER TURNING,39.165648,-86.528144
10,2,1700.0,2-Car,No injury/unknown,UNSAFE BACKING,39.165648,-86.528144
10,5,1200.0,2-Car,No injury/unknown,UNSAFE BACKING,39.165648,-86.526848
11,4,1500.0,Pedestrian,Non-incapacitating,DRIVER DISTRACTED - EXPLAIN IN NARRATIVE,39.165648,-86.5324
12,6,900.0,2-Car,No injury/unknown,UNSAFE BACKING,39.165648,-86.5336
12,7,0.0,2-Car,No injury/unknown,OTHER (DRIVER) - EXPLAIN IN NARRATIVE,39.165648,-86.5336
4,3,1200.0,2-Car,No injury/unknown,IMPROPER LANE USAGE,39.16563,-86.5387
7,5,800.0,2-Car,No injury/unknown,ALCOHOLIC BEVERAGES,39.16563,-86.53873462
1,6,700.0,2-Car,No injury/unknown,UNSAFE BACKING,39.16562,-86.57601299
10,5,0.0,2-Car,No injury/unknown,FAILURE TO YIELD RIGHT OF WAY,39.16562,-86.575746
11,7,1000.0,2-Car,No injury/unknown,FAILURE TO YIELD RIGHT OF WAY,39.16561,-86.53743
4,7,1400.0,3+ Cars,Non-incapacitating,UNSAFE SPEED,39.16559,-86.53489
5,4,1700.0,2-Car,No injury/unknown,OTHER (DRIVER) - EXPLAIN IN NARRATIVE,39.16558,-86.53362
8,2,1900.0,1-Car,No injury/unknown,UNSAFE BACKING,39.16558,-86.531089
8,6,2200.0,2-Car,No injury/unknown,FOLLOWING TOO CLOSELY,39.16558,-86.53362
9,6,1500.0,2-Car,No injury/unknown,FOLLOWING TOO CLOSELY,39.16557412,-86.57307004
2,4,1700.0,2-Car,No injury/unknown,FAILURE TO YIELD RIGHT OF WAY,39.16556,-86.52823
5,3,1200.0,2-Car,No injury/unknown,OTHER (DRIVER) - EXPLAIN IN NARRATIVE,39.16556,-86.52823
9,3,1300.0,2-Car,No injury/unknown,OTHER (DRIVER) - EXPLAIN IN NARRATIVE,39.16555,-86.52691
10,1,1700.0,2-Car,No injury/unknown,VIEW OBSTRUCTED,39.16555,-86.52690135
11,2,1800.0,2-Car,No injury/unknown,,39.16554514,-86.52971363
1,5,1700.0,2-Car,No injury/unknown,OTHER (DRIVER) - EXPLAIN IN NARRATIVE,39.1654,-86.51643596
3,4,2100.0,2-Car,No injury/unknown,OTHER (DRIVER) - EXPLAIN IN NARRATIVE,39.1654,-86.51641
3,6,2100.0,3+ Cars,No injury/unknown,DRIVER DISTRACTED - EXPLAIN IN NARRATIVE,39.1654,-86.51641
4,3,1900.0,2-Car,No injury/unknown,UNSAFE BACKING,39.1654,-86.51641692
9,1,1700.0,2-Car,No injury/unknown,UNSAFE BACKING,39.1654,-86.51641
11,3,800.0,2-Car,No injury/unknown,FAILURE TO YIELD RIGHT OF WAY,39.1654,-86.51641
11,3,1600.0,2-Car,No injury/unknown,UNSAFE BACKING,39.1654,-86.51641865
9,2,1200.0,2-Car,No injury/unknown,FAILURE TO YIELD RIGHT OF WAY,39.16539921,-86.51587084
1,3,1800.0,2-Car,No injury/unknown,IMPROPER LANE USAGE,39.16537348,-86.52813302
2,4,2200.0,2-Car,No injury/unknown,FOLLOWING TOO CLOSELY,39.16537334,-86.5336
1,3,1600.0,2-Car,No injury/unknown,FAILURE TO YIELD RIGHT OF WAY,39.16529,-86.51089567
3,5,700.0,2-Car,No injury/unknown,UNSAFE BACKING,39.16529,-86.51087405
12,7,1100.0,2-Car,No injury/unknown,ROADWAY SURFACE CONDITION,39.16515939,-86.52842
12,7,1200.0,2-Car,No injury/unknown,OTHER (DRIVER) - EXPLAIN IN NARRATIVE,39.16515939,-86.52842
1,5,1700.0,2-Car,Non-incapacitating,VIEW OBSTRUCTED,39.16504,-86.610704
4,3,1400.0,2-Car,No injury/unknown,FAILURE TO YIELD RIGHT OF WAY,39.16504,-86.610704
8,2,300.0,1-Car,Non-incapacitating,DISREGARD SIGNAL/REG SIGN,39.16504,-86.610704
8,5,1500.0,2-Car,No injury/unknown,FAILURE TO YIELD RIGHT OF WAY,39.16504,-86.610704
12,3,1500.0,1-Car,No injury/unknown,ROADWAY SURFACE CONDITION,39.16503732,-86.61897873
1,3,1200.0,1-Car,No injury/unknown,UNSAFE SPEED,39.16499973,-86.4523412
10,6,1200.0,1-Car,No injury/unknown,OTHER (DRIVER) - EXPLAIN IN NARRATIVE,39.164968,-86.550648
9,7,1000.0,2-Car,No injury/unknown,FAILURE TO YIELD RIGHT OF WAY,39.164944,-86.611296
7,6,1500.0,2-Car,No injury/unknown,FAILURE TO YIELD RIGHT OF WAY,39.16493308,-86.6110129
4,4,1400.0,2-Car,No injury/unknown,UNSAFE BACKING,39.16488355,-86.60365065
9,6,300.0,Pedestrian,Fatal,LEFT OF CENTER,39.16487033,-86.56497006
5,4,600.0,Moped/Motorcycle,Incapacitating,OTHER (DRIVER) - EXPLAIN IN NARRATIVE,39.16485453,-86.59907373
6,1,2100.0,2-Car,No injury/unknown,OTHER (DRIVER) - EXPLAIN IN NARRATIVE,39.16485453,-86.59907373
6,3,1300.0,2-Car,No injury/unknown,UNSAFE BACKING,39.16485453,-86.59907373
11,4,700.0,3+ Cars,Non-incapacitating,ROADWAY SURFACE CONDITION,39.16485453,-86.59907373
12,4,2200.0,2-Car,No injury/unknown,FOLLOWING TOO CLOSELY,39.16485453,-86.59907373
4,1,2100.0,1-Car,Fatal,RAN OFF ROAD RIGHT,39.16485112,-86.42930676
4,3,800.0,2-Car,No injury/unknown,FAILURE TO YIELD RIGHT OF WAY,39.164848,-86.582896
4,3,1100.0,2-Car,Non-incapacitating,FOLLOWING TOO CLOSELY,39.164848,-86.582896
5,5,2200.0,1-Car,No injury/unknown,OTHER (DRIVER) - EXPLAIN IN NARRATIVE,39.164848,-86.57487674
6,4,1600.0,2-Car,No injury/unknown,FAILURE TO YIELD RIGHT OF WAY,39.164848,-86.57962482
6,2,1600.0,2-Car,No injury/unknown,UNSAFE BACKING,39.164848,-86.57962482
8,5,1900.0,2-Car,No injury/unknown,FOLLOWING TOO CLOSELY,39.164848,-86.597104
8,3,1500.0,2-Car,No injury/unknown,UNSAFE BACKING,39.164848,-86.601792
10,4,1700.0,2-Car,No injury/unknown,UNSAFE BACKING,39.164848,-86.57962482
11,4,1600.0,2-Car,No injury/unknown,FAILURE TO YIELD RIGHT OF WAY,39.164848,-86.57542307
11,7,1100.0,2-Car,No injury/unknown,IMPROPER LANE USAGE,39.164848,-86.57598145
3,2,1900.0,2-Car,No injury/unknown,UNSAFE BACKING,39.164844,-86.579422
11,6,1500.0,2-Car,No injury/unknown,OTHER (DRIVER) - EXPLAIN IN NARRATIVE,39.164844,-86.579422
6,4,1700.0,2-Car,No injury/unknown,UNSAFE BACKING,39.16484267,-86.57939467
9,7,1400.0,2-Car,No injury/unknown,UNSAFE BACKING,39.16484267,-86.57939467
4,7,1300.0,3+ Cars,Non-incapacitating,OTHER (DRIVER) - EXPLAIN IN NARRATIVE,39.16483309,-86.47095228
5,5,1400.0,2-Car,No injury/unknown,OTHER (DRIVER) - EXPLAIN IN NARRATIVE,39.164832,-86.585856
8,3,1300.0,2-Car,No injury/unknown,FOLLOWING TOO CLOSELY,39.164832,-86.585856
9,2,1500.0,2-Car,No injury/unknown,FAILURE TO YIELD RIGHT OF WAY,39.16482122,-86.5789551
12,3,2000.0,1-Car,No injury/unknown,ROADWAY SURFACE CONDITION,39.16482122,-86.5789551
5,6,1500.0,Moped/Motorcycle,Non-incapacitating,FOLLOWING TOO CLOSELY,39.1648,-86.573792
10,4,1800.0,2-Car,No injury/unknown,IMPROPER TURNING,39.1648,-86.573792
4,3,1400.0,2-Car,No injury/unknown,FOLLOWING TOO CLOSELY,39.16477161,-86.57338513
11,7,1100.0,2-Car,Non-incapacitating,FOLLOWING TOO CLOSELY,39.16476701,-86.59556598
4,7,1600.0,2-Car,No injury/unknown,BRAKE FAILURE OR DEFECTIVE,39.16476574,-86.59520785
6,5,1300.0,3+ Cars,No injury/unknown,FAILURE TO YIELD RIGHT OF WAY,39.16476574,-86.59262603
8,4,1600.0,2-Car,No injury/unknown,FOLLOWING TOO CLOSELY,39.16476574,-86.59258274
8,6,1600.0,2-Car,No injury/unknown,ROAD UNDER CONSTRUCTION,39.16476574,-86.59520785
11,4,1200.0,2-Car,No injury/unknown,FAILURE TO YIELD RIGHT OF WAY,39.16476574,-86.59262603
12,7,1500.0,2-Car,No injury/unknown,FOLLOWING TOO CLOSELY,39.16476574,-86.59262603