Month,Day,Hour,Collision Type,Injury Type,Primary Factor,Latitude,Longitude
1,5,2200.0,2-Car,No injury/unknown,ROADWAY SURFACE CONDITION,39.164752,-86.573104
2,2,1300.0,2-Car,No injury/unknown,OTHER (DRIVER) - EXPLAIN IN NARRATIVE,39.164752,-86.573104
3,2,1700.0,2-Car,No injury/unknown,FAILURE TO YIELD RIGHT OF WAY,39.164752,-86.573104
4,7,2200.0,2-Car,No injury/unknown,FAILURE TO YIELD RIGHT OF WAY,39.164752,-86.573104
4,3,1300.0,2-Car,Non-incapacitating,FOLLOWING TOO CLOSELY,39.164752,-86.573104
4,6,1400.0,2-Car,No injury/unknown,FOLLOWING TOO CLOSELY,39.164752,-86.573104
6,3,1700.0,2-Car,No injury/unknown,FOLLOWING TOO CLOSELY,39.164752,-86.573104
7,6,1200.0,3+ Cars,Incapacitating,FOLLOWING TOO CLOSELY,39.164752,-86.573104
7,5,1100.0,2-Car,Non-incapacitating,FOLLOWING TOO CLOSELY,39.164752,-86.573104
7,5,1700.0,2-Car,No injury/unknown,UNSAFE BACKING,39.164752,-86.573104
9,5,1400.0,2-Car,No injury/unknown,OTHER (DRIVER) - EXPLAIN IN NARRATIVE,39.164752,-86.573104
9,7,1100.0,2-Car,Non-incapacitating,FOLLOWING TOO CLOSELY,39.164752,-86.573104
9,7,1400.0,2-Car,No injury/unknown,FOLLOWING TOO CLOSELY,39.164752,-86.573104
10,5,900.0,2-Car,No injury/unknown,FOLLOWING TOO CLOSELY,39.164752,-86.573104
11,6,1900.0,2-Car,No injury/unknown,FOLLOWING TOO CLOSELY,39.164752,-86.573104
11,3,1100.0,2-Car,Non-incapacitating,FOLLOWING TOO CLOSELY,39.164752,-86.573104
11,4,900.0,2-Car,No injury/unknown,FAILURE TO YIELD RIGHT OF WAY,39.164752,-86.573104
11,5,1800.0,2-Car,No injury/unknown,OTHER (DRIVER) - EXPLAIN IN NARRATIVE,39.164752,-86.573104
3,6,1800.0,2-Car,No injury/unknown,OTHER (DRIVER) - EXPLAIN IN NARRATIVE,39.16472,-86.538592
6,4,1400.0,2-Car,No injury/unknown,FOLLOWING TOO CLOSELY,39.16472,-86.538592
9,7,1900.0,2-Car,No injury/unknown,OTHER (DRIVER) - EXPLAIN IN NARRATIVE,39.16470933,-86.57183467
1,1,2300.0,1-Car,No injury/unknown,RAN OFF ROAD RIGHT,39.164704,-86.537296
2,5,1200.0,Bus,Non-incapacitating,OTHER (DRIVER) - EXPLAIN IN NARRATIVE,39.164704,-86.537296
4,4,900.0,3+ Cars,Non-incapacitating,FOLLOWING TOO CLOSELY,39.16469393,-86.57137624
1,2,1500.0,2-Car,No injury/unknown,DRIVER DISTRACTED - EXPLAIN IN NARRATIVE,39.16469,-86.58588866
12,3,1300.0,2-Car,No injury/unknown,OTHER (ENVIRONMENTAL) - EXPLAIN IN NARR,39.16469,-86.58588
3,3,1800.0,2-Car,No injury/unknown,OTHER (DRIVER) - EXPLAIN IN NARRATIVE,39.164688,-86.5712
3,2,1800.0,2-Car,No injury/unknown,FAILURE TO YIELD RIGHT OF WAY,39.164688,-86.5712
4,6,1300.0,2-Car,Non-incapacitating,OTHER (DRIVER) - EXPLAIN IN NARRATIVE,39.164688,-86.5712
4,4,900.0,2-Car,No injury/unknown,DISREGARD SIGNAL/REG SIGN,39.164688,-86.5712
4,6,2000.0,2-Car,No injury/unknown,FOLLOWING TOO CLOSELY,39.164688,-86.5712
5,5,1700.0,2-Car,No injury/unknown,FOLLOWING TOO CLOSELY,39.164688,-86.5712
7,4,1300.0,2-Car,No injury/unknown,PASSENGER DISTRACTION,39.164688,-86.5712
10,4,1200.0,2-Car,No injury/unknown,FAILURE TO YIELD RIGHT OF WAY,39.164688,-86.5712
11,2,1700.0,2-Car,Non-incapacitating,FAILURE TO YIELD RIGHT OF WAY,39.164688,-86.5712
12,7,1800.0,Cyclist,No injury/unknown,OTHER (DRIVER) - EXPLAIN IN NARRATIVE,39.164688,-86.5712
7,5,1800.0,2-Car,No injury/unknown,OTHER (DRIVER) - EXPLAIN IN NARRATIVE,39.16468378,-86.58292553
9,6,1900.0,2-Car,No injury/unknown,OTHER (DRIVER) - EXPLAIN IN NARRATIVE,39.16467533,-86.570478
8,7,2100.0,2-Car,Non-incapacitating,FOLLOWING TOO CLOSELY,39.164672,-86.570288
12,6,2000.0,2-Car,No injury/unknown,FAILURE TO YIELD RIGHT OF WAY,39.16467067,-86.57025067
4,6,1800.0,2-Car,No injury/unknown,BRAKE FAILURE OR DEFECTIVE,39.16466933,-86.57021333
10,7,1300.0,2-Car,No injury/unknown,OTHER (DRIVER) - EXPLAIN IN NARRATIVE,39.164666,-86.583265
4,3,1700.0,2-Car,No injury/unknown,UNSAFE BACKING,39.164665,-86.583227
11,4,1400.0,1-Car,No injury/unknown,OTHER (DRIVER) - EXPLAIN IN NARRATIVE,39.164664,-86.583188
1,6,1500.0,2-Car,No injury/unknown,UNSAFE BACKING,39.16466,-86.58292
1,6,1800.0,2-Car,Non-incapacitating,DRIVER DISTRACTED - EXPLAIN IN NARRATIVE,39.16466,-86.58291567
4,7,1600.0,2-Car,Non-incapacitating,OTHER (DRIVER) - EXPLAIN IN NARRATIVE,39.16466,-86.58292
5,5,900.0,2-Car,No injury/unknown,UNSAFE BACKING,39.16466,-86.58292
5,2,1900.0,2-Car,No injury/unknown,ALCOHOLIC BEVERAGES,39.16466,-86.58292
7,1,1500.0,Pedestrian,Non-incapacitating,OTHER (DRIVER) - EXPLAIN IN NARRATIVE,39.16466,-86.582013
7,7,2300.0,2-Car,No injury/unknown,FAILURE TO YIELD RIGHT OF WAY,39.16466,-86.58292
8,5,1600.0,2-Car,No injury/unknown,LEFT OF CENTER,39.16466,-86.58292866
8,4,1500.0,2-Car,No injury/unknown,FAILURE TO YIELD RIGHT OF WAY,39.16466,-86.58292
9,5,700.0,2-Car,No injury/unknown,DRIVER DISTRACTED - EXPLAIN IN NARRATIVE,39.16466,-86.58292
9,2,1700.0,3+ Cars,Non-incapacitating,DRIVER ILLNESS,39.16466,-86.58291567
9,2,1800.0,2-Car,No injury/unknown,FAILURE TO YIELD RIGHT OF WAY,39.16466,-86.58294381
10,7,1600.0,3+ Cars,Non-incapacitating,FAILURE TO YIELD RIGHT OF WAY,39.16466,-86.58292866
12,2,1300.0,3+ Cars,No injury/unknown,OTHER (DRIVER) - EXPLAIN IN NARRATIVE,39.16466,-86.58292
12,3,1300.0,1-Car,No injury/unknown,SPEED TOO FAST FOR WEATHER CONDITIONS,39.16465,-86.580679
4,5,1500.0,2-Car,No injury/unknown,OTHER (DRIVER) - EXPLAIN IN NARRATIVE,39.164642,-86.580372
8,6,1200.0,2-Car,Non-incapacitating,FOLLOWING TOO CLOSELY,39.16464055,-86.47142014
6,4,1600.0,2-Car,No injury/unknown,FOLLOWING TOO CLOSELY,39.16464,-86.56428637
5,4,1700.0,2-Car,No injury/unknown,FOLLOWING TOO CLOSELY,39.16464,-86.56729437
1,5,1700.0,3+ Cars,No injury/unknown,FAILURE TO YIELD RIGHT OF WAY,39.16464,-86.56792723
1,7,1100.0,2-Car,No injury/unknown,DISREGARD SIGNAL/REG SIGN,39.16464,-86.534816
1,2,1900.0,2-Car,No injury/unknown,DRIVER DISTRACTED - EXPLAIN IN NARRATIVE,39.16464,-86.5324
1,3,900.0,2-Car,No injury/unknown,FAILURE TO YIELD RIGHT OF WAY,39.16464,-86.531024
1,4,800.0,2-Car,No injury/unknown,FAILURE TO YIELD RIGHT OF WAY,39.16464,-86.529728
1,1,200.0,2-Car,No injury/unknown,FAILURE TO YIELD RIGHT OF WAY,39.16464,-86.529728
1,5,1700.0,2-Car,No injury/unknown,FOLLOWING TOO CLOSELY,39.16464,-86.568
1,4,800.0,2-Car,No injury/unknown,FAILURE TO YIELD RIGHT OF WAY,39.16464,-86.529728
1,5,1400.0,2-Car,No injury/unknown,DRIVER DISTRACTED - EXPLAIN IN NARRATIVE,39.16464,-86.529728
2,6,1500.0,2-Car,Non-incapacitating,FAILURE TO YIELD RIGHT OF WAY,39.16464,-86.56913891
2,3,1400.0,2-Car,No injury/unknown,DISREGARD SIGNAL/REG SIGN,39.16464,-86.531024
2,2,1100.0,2-Car,Non-incapacitating,DISREGARD SIGNAL/REG SIGN,39.16464,-86.5336
2,2,1700.0,2-Car,Non-incapacitating,DRIVER DISTRACTED - EXPLAIN IN NARRATIVE,39.16464,-86.564992
2,2,1800.0,Cyclist,Non-incapacitating,PEDESTRIAN ACTION,39.16464,-86.5336
3,7,1600.0,3+ Cars,No injury/unknown,UNSAFE BACKING,39.16464,-86.56937794
3,4,1500.0,2-Car,No injury/unknown,FOLLOWING TOO CLOSELY,39.16464,-86.564992
3,5,1900.0,2-Car,Non-incapacitating,FAILURE TO YIELD RIGHT OF WAY,39.16464,-86.529728
2,5,1600.0,1-Car,No injury/unknown,ROADWAY SURFACE CONDITION,39.16464,-86.534816
3,2,700.0,2-Car,No injury/unknown,ENGINE FAILURE OR DEFECTIVE,39.16464,-86.56814113
3,2,1800.0,2-Car,No injury/unknown,FAILURE TO YIELD RIGHT OF WAY,39.16464,-86.568
4,7,900.0,2-Car,No injury/unknown,FOLLOWING TOO CLOSELY,39.16464,-86.56814113
4,7,1100.0,2-Car,No injury/unknown,OTHER (DRIVER) - EXPLAIN IN NARRATIVE,39.16464,-86.5324
4,6,1900.0,2-Car,No injury/unknown,UNSAFE BACKING,39.16464,-86.56913891
4,7,1900.0,2-Car,No injury/unknown,IMPROPER PASSING,39.16464,-86.5324
4,7,1800.0,1-Car,No injury/unknown,OTHER (VEHICLE) - EXPLAIN IN NARRATIVE,39.16464,-86.5336
4,2,1500.0,2-Car,Non-incapacitating,FAILURE TO YIELD RIGHT OF WAY,39.16464,-86.534816
5,5,1600.0,2-Car,No injury/unknown,IMPROPER LANE USAGE,39.16464,-86.534816
5,3,1700.0,2-Car,No injury/unknown,FAILURE TO YIELD RIGHT OF WAY,39.16464,-86.529728
5,2,1300.0,2-Car,No injury/unknown,IMPROPER LANE USAGE,39.16464,-86.5336
5,5,1900.0,2-Car,Non-incapacitating,DISREGARD SIGNAL/REG SIGN,39.16464,-86.5336
6,5,1400.0,2-Car,No injury/unknown,DISREGARD SIGNAL/REG SIGN,39.16464,-86.531024
6,6,2000.0,2-Car,No injury/unknown,FAILURE TO YIELD RIGHT OF WAY,39.16464,-86.568
6,2,800.0,2-Car,No injury/unknown,FOLLOWING TOO CLOSELY,39.16464,-86.564992
6,6,700.0,2-Car,No injury/unknown,DISREGARD SIGNAL/REG SIGN,39.16464,-86.5336
6,6,2300.0,Pedestrian,Non-incapacitating,FAILURE TO YIELD RIGHT OF WAY,39.16464,-86.5336
6,5,1200.0,2-Car,No injury/unknown,OTHER (DRIVER) - EXPLAIN IN NARRATIVE,39.16464,-86.529728
6,2,1700.0,2-Car,No injury/unknown,FOLLOWING TOO CLOSELY,39.16464,-86.568
7,4,1500.0,3+ Cars,Non-incapacitating,FOLLOWING TOO CLOSELY,39.16464,-86.529728
7,5,900.0,2-Car,No injury/unknown,DISREGARD SIGNAL/REG SIGN,39.16464,-86.5324
7,5,1700.0,Pedestrian,Non-incapacitating,PEDESTRIAN ACTION,39.16464,-86.568
7,2,1500.0,2-Car,No injury/unknown,FOLLOWING TOO CLOSELY,39.16464,-86.568
7,4,1500.0,2-Car,No injury/unknown,IMPROPER TURNING,39.16464,-86.531024
7,4,1200.0,2-Car,No injury/unknown,DRIVER DISTRACTED - EXPLAIN IN NARRATIVE,39.16464,-86.568
7,5,1100.0,2-Car,No injury/unknown,OTHER (DRIVER) - EXPLAIN IN NARRATIVE,39.16464,-86.56905455
8,5,1700.0,2-Car,Non-incapacitating,FAILURE TO YIELD RIGHT OF WAY,39.16464,-86.529728
8,7,200.0,2-Car,No injury/unknown,ALCOHOLIC BEVERAGES,39.16464,-86.5336
8,3,1200.0,2-Car,No injury/unknown,FOLLOWING TOO CLOSELY,39.16464,-86.5336
9,3,1800.0,2-Car,No injury/unknown,FAILURE TO YIELD RIGHT OF WAY,39.16464,-86.5324
10,6,0.0,2-Car,No injury/unknown,IMPROPER TURNING,39.16464,-86.5336
10,5,1700.0,2-Car,No injury/unknown,,39.16464,-86.56905455
10,3,1000.0,2-Car,Non-incapacitating,DRIVER DISTRACTED - EXPLAIN IN NARRATIVE,39.16464,-86.5636
10,3,1200.0,2-Car,No injury/unknown,OTHER (DRIVER) - EXPLAIN IN NARRATIVE,39.16464,-86.568
10,4,1300.0,2-Car,No injury/unknown,DISREGARD SIGNAL/REG SIGN,39.16464,-86.5336
10,5,1400.0,2-Car,No injury/unknown,DISREGARD SIGNAL/REG SIGN,39.16464,-86.531024
10,6,800.0,3+ Cars,No injury/unknown,DRIVER DISTRACTED - EXPLAIN IN NARRATIVE,39.16464,-86.534816
10,7,2000.0,2-Car,No injury/unknown,IMPROPER TURNING,39.16464,-86.568
10,7,0.0,2-Car,No injury/unknown,UNSAFE BACKING,39.16464,-86.534816
10,7,100.0,3+ Cars,No injury/unknown,OTHER (DRIVER) - EXPLAIN IN NARRATIVE,39.16464,-86.534816
10,5,700.0,2-Car,No injury/unknown,DRIVER DISTRACTED - EXPLAIN IN NARRATIVE,39.16464,-86.5336
10,5,2100.0,2-Car,No injury/unknown,OTHER (DRIVER) - EXPLAIN IN NARRATIVE,39.16464,-86.531024
11,4,1300.0,2-Car,No injury/unknown,OTHER (DRIVER) - EXPLAIN IN NARRATIVE,39.16464,-86.531024
11,7,1300.0,2-Car,No injury/unknown,IMPROPER LANE USAGE,39.16464,-86.529728
11,3,1200.0,2-Car,No injury/unknown,FAILURE TO YIELD RIGHT OF WAY,39.16464,-86.534816
11,4,1600.0,2-Car,No injury/unknown,IMPROPER LANE USAGE,39.16464,-86.529728
11,4,2300.0,2-Car,Non-incapacitating,FAILURE TO YIELD RIGHT OF WAY,39.16464,-86.5324
11,6,2000.0,Pedestrian,Incapacitating,FAILURE TO YIELD RIGHT OF WAY,39.16464,-86.5336
11,4,1500.0,3+ Cars,Non-incapacitating,FOLLOWING TOO CLOSELY,39.16464,-86.529728
12,2,1200.0,3+ Cars,No injury/unknown,SPEED TOO FAST FOR WEATHER CONDITIONS,39.16464,-86.529728
12,1,1300.0,2-Car,No injury/unknown,OTHER (DRIVER) - EXPLAIN IN NARRATIVE,39.16464,-86.534816
12,7,2100.0,2-Car,No injury/unknown,FAILURE TO YIELD RIGHT OF WAY,39.16464,-86.5336
12,4,1300.0,2-Car,No injury/unknown,DISREGARD SIGNAL/REG SIGN,39.16464,-86.5324
12,7,900.0,1-Car,No injury/unknown,ROADWAY SURFACE CONDITION,39.16464,-86.5324
10,6,1000.0,3+ Cars,Non-incapacitating,FAILURE TO YIELD RIGHT OF WAY,39.16463184,-86.57613605
2,5,1400.0,1-Car,Non-incapacitating,OTHER (DRIVER) - EXPLAIN IN NARRATIVE,39.16463,-86.5387
5,6,1200.0,2-Car,No injury/unknown,OTHER (DRIVER) - EXPLAIN IN NARRATIVE,39.164619,-86.579414
11,3,1300.0,2-Car,No injury/unknown,OTHER (DRIVER) - EXPLAIN IN NARRATIVE,39.164618,-86.579369
8,6,1200.0,2-Car,No injury/unknown,FAILURE TO YIELD RIGHT OF WAY,39.1646152,-86.53365254
1,1,1300.0,2-Car,No injury/unknown,IMPROPER LANE USAGE,39.16461271,-86.52680659
1,6,1500.0,3+ Cars,No injury/unknown,FOLLOWING TOO CLOSELY,39.16461,-86.57912567
2,3,1100.0,2-Car,No injury/unknown,FOLLOWING TOO CLOSELY,39.16461,-86.57913
2,4,1600.0,2-Car,No injury/unknown,FAILURE TO YIELD RIGHT OF WAY,39.16461,-86.57912351
2,6,1900.0,2-Car,No injury/unknown,UNSAFE BACKING,39.16461,-86.578686
2,3,1800.0,2-Car,No injury/unknown,FAILURE TO YIELD RIGHT OF WAY,39.16461,-86.57913
3,2,2100.0,2-Car,Non-incapacitating,FAILURE TO YIELD RIGHT OF WAY,39.16461,-86.57915165
4,5,1800.0,2-Car,No injury/unknown,FOLLOWING TOO CLOSELY,39.16461,-86.57913
4,4,1900.0,2-Car,No injury/unknown,OTHER (DRIVER) - EXPLAIN IN NARRATIVE,39.16461,-86.57913
7,4,1100.0,2-Car,Non-incapacitating,FAILURE TO YIELD RIGHT OF WAY,39.16461,-86.57911268
7,2,1800.0,2-Car,No injury/unknown,UNSAFE BACKING,39.16461,-86.578712
8,6,1300.0,3+ Cars,No injury/unknown,DRIVER DISTRACTED - EXPLAIN IN NARRATIVE,39.16461,-86.57915597
9,4,1500.0,2-Car,No injury/unknown,FAILURE TO YIELD RIGHT OF WAY,39.16461,-86.57912134
9,6,1500.0,2-Car,Non-incapacitating,FAILURE TO YIELD RIGHT OF WAY,39.16461,-86.57912567
11,2,1100.0,2-Car,No injury/unknown,SPEED TOO FAST FOR WEATHER CONDITIONS,39.16461,-86.57913433
12,2,1100.0,2-Car,No injury/unknown,DISREGARD SIGNAL/REG SIGN,39.16461,-86.57913
12,6,1600.0,2-Car,No injury/unknown,UNSAFE BACKING,39.16461,-86.578712
12,6,1900.0,2-Car,No injury/unknown,OTHER (DRIVER) - EXPLAIN IN NARRATIVE,39.16461,-86.57913
12,5,1400.0,Moped/Motorcycle,No injury/unknown,ACCELERATOR FAILURE OR DEFECTIVE,39.16461,-86.57913
12,5,1200.0,2-Car,Non-incapacitating,FOLLOWING TOO CLOSELY,39.16460688,-86.57727599
2,5,1300.0,2-Car,No injury/unknown,OTHER (DRIVER) - EXPLAIN IN NARRATIVE,39.16460539,-86.53481633
2,3,1400.0,2-Car,Non-incapacitating,OTHER (DRIVER) - EXPLAIN IN NARRATIVE,39.1646,-86.5349
4,6,800.0,2-Car,No injury/unknown,OTHER (DRIVER) - EXPLAIN IN NARRATIVE,39.1646,-86.53363
11,7,1100.0,2-Car,No injury/unknown,FAILURE TO YIELD RIGHT OF WAY,39.16459498,-86.57621992
1,5,1800.0,2-Car,No injury/unknown,OTHER (DRIVER) - EXPLAIN IN NARRATIVE,39.16459,-86.57617403
3,7,1500.0,2-Car,No injury/unknown,OTHER (DRIVER) - EXPLAIN IN NARRATIVE,39.16459,-86.5762
3,3,1300.0,1-Car,No injury/unknown,OTHER (DRIVER) - EXPLAIN IN NARRATIVE,39.16459,-86.5762
3,4,1700.0,2-Car,No injury/unknown,DISREGARD SIGNAL/REG SIGN,39.16459,-86.5762
3,6,1300.0,2-Car,No injury/unknown,FAILURE TO YIELD RIGHT OF WAY,39.16459,-86.57618269
3,7,1000.0,2-Car,No injury/unknown,DISREGARD SIGNAL/REG SIGN,39.16459,-86.5762
4,3,2100.0,2-Car,No injury/unknown,FAILURE TO YIELD RIGHT OF WAY,39.16459,-86.5762
4,5,2000.0,2-Car,No injury/unknown,IMPROPER LANE USAGE,39.16459,-86.5762
5,6,1200.0,2-Car,No injury/unknown,FOLLOWING TOO CLOSELY,39.16459,-86.57621732
5,4,1600.0,2-Car,Non-incapacitating,OTHER (DRIVER) - EXPLAIN IN NARRATIVE,39.16459,-86.5762
6,2,1400.0,2-Car,Non-incapacitating,FAILURE TO YIELD RIGHT OF WAY,39.16459,-86.5762
7,5,1200.0,2-Car,Non-incapacitating,FAILURE TO YIELD RIGHT OF WAY,39.16459,-86.5762
9,3,1200.0,2-Car,No injury/unknown,FOLLOWING TOO CLOSELY,39.16459,-86.5762
9,5,1200.0,2-Car,No injury/unknown,DRIVER DISTRACTED - EXPLAIN IN NARRATIVE,39.16459,-86.5762
9,6,1600.0,2-Car,No injury/unknown,IMPROPER LANE USAGE,39.16459,-86.57618701
11,6,1600.0,2-Car,Non-incapacitating,DISREGARD SIGNAL/REG SIGN,39.16459,-86.5762
11,3,1600.0,2-Car,No injury/unknown,OTHER (DRIVER) - EXPLAIN IN NARRATIVE,39.16459,-86.57618701
11,1,1500.0,2-Car,No injury/unknown,FAILURE TO YIELD RIGHT OF WAY,39.16459,-86.5762
12,4,1200.0,2-Car,No injury/unknown,FAILURE TO YIELD RIGHT OF WAY,39.16459,-86.57620952
12,6,700.0,2-Car,Non-incapacitating,FAILURE TO YIELD RIGHT OF WAY,39.16458193,-86.56946003
5,7,1100.0,2-Car,No injury/unknown,FOLLOWING TOO CLOSELY,39.16458,-86.57019
6,7,1200.0,1-Car,No injury/unknown,OTHER (DRIVER) - EXPLAIN IN NARRATIVE,39.164575,-86.576077
7,7,1400.0,3+ Cars,Non-incapacitating,OTHER (DRIVER) - EXPLAIN IN NARRATIVE,39.164573,-86.569905
9,7,800.0,2-Car,Non-incapacitating,OTHER (DRIVER) - EXPLAIN IN NARRATIVE,39.164573,-86.569905
6,7,1100.0,2-Car,No injury/unknown,UNSAFE BACKING,39.164572,-86.569857
5,7,0.0,2-Car,No injury/unknown,IMPROPER TURNING,39.164571,-86.569804
4,7,1300.0,2-Car,No injury/unknown,OTHER (DRIVER) - EXPLAIN IN NARRATIVE,39.16456766,-86.57020252
3,6,1200.0,2-Car,No injury/unknown,OTHER (DRIVER) - EXPLAIN IN NARRATIVE,39.164566,-86.534902
2,6,2300.0,2-Car,No injury/unknown,IMPROPER TURNING,39.16456,-86.5550845
8,5,1400.0,2-Car,No injury/unknown,UNSAFE BACKING,39.16456,-86.5550845
10,3,1700.0,2-Car,Non-incapacitating,FOLLOWING TOO CLOSELY,39.16456,-86.56948
5,7,1100.0,2-Car,No injury/unknown,UNSAFE BACKING,39.16455981,-86.55584763
8,4,1700.0,3+ Cars,No injury/unknown,FOLLOWING TOO CLOSELY,39.16455026,-86.56027222
1,2,1300.0,2-Car,No injury/unknown,UNSAFE BACKING,39.164544,-86.552192
3,3,1300.0,Bus,No injury/unknown,UNSAFE BACKING,39.164544,-86.552192
4,3,1100.0,2-Car,No injury/unknown,UNSAFE BACKING,39.164544,-86.55353065
7,3,2200.0,2-Car,Non-incapacitating,IMPROPER TURNING,39.164544,-86.560096
9,6,1400.0,2-Car,No injury/unknown,IMPROPER TURNING,39.164544,-86.55236237
10,3,1200.0,2-Car,Non-incapacitating,FOLLOWING TOO CLOSELY,39.164544,-86.560096
8,6,1200.0,2-Car,No injury/unknown,FOLLOWING TOO CLOSELY,39.164544,-86.560096
10,7,1300.0,2-Car,No injury/unknown,UNSAFE BACKING,39.164544,-86.528248
11,6,1500.0,1-Car,No injury/unknown,OTHER (DRIVER) - EXPLAIN IN NARRATIVE,39.164544,-86.552192
4,3,1200.0,2-Car,No injury/unknown,UNSAFE BACKING,39.164527,-86.566685
11,4,800.0,2-Car,No injury/unknown,UNSAFE BACKING,39.164527,-86.566624
10,7,1300.0,2-Car,Non-incapacitating,FOLLOWING TOO CLOSELY,39.16452502,-86.47170086
6,4,1700.0,2-Car,No injury/unknown,FOLLOWING TOO CLOSELY,39.16451218,-86.47173205
11,2,1600.0,1-Car,Non-incapacitating,OTHER (DRIVER) - EXPLAIN IN NARRATIVE,39.16451,-86.565
8,4,1400.0,2-Car,No injury/unknown,OTHER (DRIVER) - EXPLAIN IN NARRATIVE,39.16449371,-86.5336
1,1,1600.0,2-Car,No injury/unknown,UNSAFE BACKING,39.164488,-86.54969829
3,3,1600.0,2-Car,No injury/unknown,UNSAFE BACKING,39.164482,-86.582885
11,4,1800.0,2-Car,No injury/unknown,UNSAFE BACKING,39.16446694,-86.53481763
11,7,1100.0,2-Car,No injury/unknown,FAILURE TO YIELD RIGHT OF WAY,39.16446694,-86.53481763
1,6,1600.0,2-Car,Non-incapacitating,DRIVER DISTRACTED - EXPLAIN IN NARRATIVE,39.164448,-86.52662359
1,5,900.0,2-Car,No injury/unknown,FOLLOWING TOO CLOSELY,39.164448,-86.471888
1,5,1700.0,2-Car,No injury/unknown,IMPROPER LANE USAGE,39.164448,-86.471888
1,4,1500.0,Pedestrian,Non-incapacitating,FAILURE TO YIELD RIGHT OF WAY,39.164448,-86.528096
2,3,1500.0,Bus,No injury/unknown,ROADWAY SURFACE CONDITION,39.164448,-86.5268
2,3,1600.0,2-Car,Non-incapacitating,ROADWAY SURFACE CONDITION,39.164448,-86.528096
2,1,2200.0,2-Car,No injury/unknown,IMPROPER LANE USAGE,39.164448,-86.525792
2,2,1300.0,2-Car,Non-incapacitating,UNSAFE SPEED,39.164448,-86.525792
3,4,2000.0,2-Car,No injury/unknown,FOLLOWING TOO CLOSELY,39.164448,-86.471888
3,3,100.0,2-Car,No injury/unknown,OTHER (DRIVER) - EXPLAIN IN NARRATIVE,39.164448,-86.525792
4,7,200.0,3+ Cars,No injury/unknown,CELL PHONE USAGE,39.164448,-86.528096
4,6,1400.0,2-Car,No injury/unknown,FAILURE TO YIELD RIGHT OF WAY,39.164448,-86.471888
5,6,1400.0,2-Car,No injury/unknown,UNSAFE BACKING,39.164448,-86.528096
4,3,1800.0,3+ Cars,No injury/unknown,DRIVER DISTRACTED - EXPLAIN IN NARRATIVE,39.164448,-86.525792
6,2,1000.0,1-Car,No injury/unknown,UNSAFE BACKING,39.164448,-86.471888
6,2,2200.0,2-Car,No injury/unknown,FOLLOWING TOO CLOSELY,39.164448,-86.528096
6,7,100.0,1-Car,No injury/unknown,UNSAFE BACKING,39.164448,-86.471888
8,2,1600.0,2-Car,No injury/unknown,FOLLOWING TOO CLOSELY,39.164448,-86.471888
9,1,0.0,2-Car,Non-incapacitating,DISREGARD SIGNAL/REG SIGN,39.164448,-86.471888
9,4,900.0,2-Car,No injury/unknown,IMPROPER TURNING,39.164448,-86.525792
9,2,1700.0,3+ Cars,Non-incapacitating,DRIVER DISTRACTED - EXPLAIN IN NARRATIVE,39.164448,-86.5268
10,4,2100.0,2-Car,Non-incapacitating,DRIVER DISTRACTED - EXPLAIN IN NARRATIVE,39.164448,-86.471888
10,4,2000.0,2-Car,No injury/unknown,UNSAFE BACKING,39.164448,-86.471888
10,5,2200.0,2-Car,No injury/unknown,IMPROPER TURNING,39.164448,-86.528096
10,6,1200.0,2-Car,No injury/unknown,FAILURE TO YIELD RIGHT OF WAY,39.164448,-86.525792
10,4,1200.0,2-Car,No injury/unknown,IMPROPER TURNING,39.164448,-86.5268
10,3,1800.0,2-Car,No injury/unknown,FAILURE TO YIELD RIGHT OF WAY,39.164448,-86.528096
10,6,1400.0,2-Car,No injury/unknown,IMPROPER LANE USAGE,39.164448,-86.5268
11,4,1500.0,3+ Cars,No injury/unknown,FOLLOWING TOO CLOSELY,39.164448,-86.528096
10,3,1700.0,2-Car,No injury/unknown,UNSAFE BACKING,39.164448,-86.527744
11,6,800.0,3+ Cars,No injury/unknown,IMPROPER PASSING,39.164448,-86.525792
11,6,2100.0,2-Car,No injury/unknown,IMPROPER LANE USAGE,39.164448,-86.528096
12,2,1400.0,3+ Cars,No injury/unknown,SPEED TOO FAST FOR WEATHER CONDITIONS,39.164448,-86.528096
12,6,1800.0,2-Car,No injury/unknown,UNSAFE BACKING,39.164448,-86.527744
12,3,600.0,2-Car,No injury/unknown,FAILURE TO YIELD RIGHT OF WAY,39.164448,-86.471888
2,6,100.0,1-Car,No injury/unknown,RAN OFF ROAD RIGHT,39.16444714,-86.537296
4,6,1600.0,2-Car,No injury/unknown,FAILURE TO YIELD RIGHT OF WAY,39.16444599,-86.495088
10,4,1600.0,2-Car,No injury/unknown,FAILURE TO YIELD RIGHT OF WAY,39.16444599,-86.495088
8,6,1900.0,2-Car,No injury/unknown,DRIVER DISTRACTED - EXPLAIN IN NARRATIVE,39.16444166,-86.52558047
9,7,2000.0,3+ Cars,No injury/unknown,FOLLOWING TOO CLOSELY,39.16444113,-86.52556284
11,6,1400.0,2-Car,No injury/unknown,FOLLOWING TOO CLOSELY,39.16443758,-86.54775367
3,2,1700.0,2-Car,No injury/unknown,FOLLOWING TOO CLOSELY,39.16443743,-86.52543945
10,6,1400.0,3+ Cars,No injury/unknown,DRIVER DISTRACTED - EXPLAIN IN NARRATIVE,39.16443214,-86.52526318
4,5,1500.0,1-Car,No injury/unknown,OVERCORRECTING/OVERSTEERING,39.16442423,-86.5732966