Month,Day,Hour,Collision Type,Injury Type,Primary Factor,Latitude,Longitude
12,5,900.0,2-Car,No injury/unknown,IMPROPER TURNING,39.16442423,-86.5732966
1,3,2200.0,2-Car,Non-incapacitating,SPEED TOO FAST FOR WEATHER CONDITIONS,39.16441,-86.55196
2,6,1700.0,2-Car,Non-incapacitating,FAILURE TO YIELD RIGHT OF WAY,39.16441,-86.5539
3,3,1300.0,2-Car,No injury/unknown,DRIVER DISTRACTED - EXPLAIN IN NARRATIVE,39.16441,-86.5539
9,6,1700.0,2-Car,Non-incapacitating,FAILURE TO YIELD RIGHT OF WAY,39.16441,-86.5539
9,6,800.0,2-Car,No injury/unknown,FAILURE TO YIELD RIGHT OF WAY,39.16441,-86.55196
9,4,800.0,2-Car,No injury/unknown,FAILURE TO YIELD RIGHT OF WAY,39.16441,-86.55196
10,2,800.0,Moped/Motorcycle,Non-incapacitating,IMPROPER PASSING,39.16441,-86.55196
3,3,1700.0,2-Car,No injury/unknown,OTHER (DRIVER) - EXPLAIN IN NARRATIVE,39.16440374,-86.5562826
5,5,1300.0,2-Car,Non-incapacitating,OTHER (DRIVER) - EXPLAIN IN NARRATIVE,39.16440374,-86.5562826
5,6,1600.0,2-Car,No injury/unknown,FAILURE TO YIELD RIGHT OF WAY,39.16440374,-86.55630856
5,4,800.0,2-Car,Non-incapacitating,OTHER (DRIVER) - EXPLAIN IN NARRATIVE,39.16440374,-86.5562826
5,4,2100.0,3+ Cars,Non-incapacitating,FOLLOWING TOO CLOSELY,39.16440374,-86.5562826
7,4,1500.0,2-Car,Non-incapacitating,FOLLOWING TOO CLOSELY,39.16440374,-86.55632588
11,5,1600.0,2-Car,No injury/unknown,FOLLOWING TOO CLOSELY,39.16440374,-86.5562826
12,2,2100.0,2-Car,No injury/unknown,FAILURE TO YIELD RIGHT OF WAY,39.16440374,-86.55627394
11,7,300.0,1-Car,No injury/unknown,OTHER (DRIVER) - EXPLAIN IN NARRATIVE,39.1644,-86.546304
7,5,1400.0,2-Car,No injury/unknown,FAILURE TO YIELD RIGHT OF WAY,39.16437733,-86.495088
7,5,900.0,Cyclist,Non-incapacitating,IMPROPER PASSING,39.16437316,-86.5232971
4,4,1800.0,2-Car,No injury/unknown,DRIVER DISTRACTED - EXPLAIN IN NARRATIVE,39.16436258,-86.52294455
9,2,1700.0,3+ Cars,Non-incapacitating,DRIVER DISTRACTED - EXPLAIN IN NARRATIVE,39.16436152,-86.53875
10,1,1400.0,2-Car,No injury/unknown,FAILURE TO YIELD RIGHT OF WAY,39.164352,-86.52126441
1,5,1700.0,3+ Cars,Non-incapacitating,UNSAFE SPEED,39.164352,-86.5088
3,6,1900.0,2-Car,Non-incapacitating,OTHER (DRIVER) - EXPLAIN IN NARRATIVE,39.164352,-86.508288
3,6,700.0,2-Car,No injury/unknown,FOLLOWING TOO CLOSELY,39.164352,-86.5088
3,6,1500.0,2-Car,No injury/unknown,FOLLOWING TOO CLOSELY,39.164352,-86.5088
4,2,1700.0,2-Car,No injury/unknown,FOLLOWING TOO CLOSELY,39.164352,-86.522592
5,6,1700.0,2-Car,Non-incapacitating,FAILURE TO YIELD RIGHT OF WAY,39.164352,-86.510944
6,5,1000.0,2-Car,No injury/unknown,IMPROPER LANE USAGE,39.164352,-86.522592
7,1,1600.0,2-Car,No injury/unknown,FAILURE TO YIELD RIGHT OF WAY,39.164352,-86.510944
9,4,1300.0,3+ Cars,No injury/unknown,FOLLOWING TOO CLOSELY,39.164352,-86.522592
9,5,1500.0,2-Car,No injury/unknown,IMPROPER LANE USAGE,39.164352,-86.522592
9,6,1200.0,2-Car,Non-incapacitating,IMPROPER TURNING,39.164352,-86.522592
9,1,1900.0,2-Car,No injury/unknown,OTHER (DRIVER) - EXPLAIN IN NARRATIVE,39.164352,-86.508288
9,1,200.0,2-Car,No injury/unknown,OTHER (DRIVER) - EXPLAIN IN NARRATIVE,39.164352,-86.522592
10,5,900.0,2-Car,No injury/unknown,UNSAFE SPEED,39.164352,-86.522592
10,4,1200.0,3+ Cars,No injury/unknown,FOLLOWING TOO CLOSELY,39.164352,-86.522592
10,6,1100.0,2-Car,No injury/unknown,SPEED TOO FAST FOR WEATHER CONDITIONS,39.164352,-86.522592
10,3,1400.0,2-Car,No injury/unknown,UNSAFE SPEED,39.164352,-86.522592
11,5,1600.0,1-Car,No injury/unknown,ROADWAY SURFACE CONDITION,39.164352,-86.522592
11,3,1400.0,3+ Cars,No injury/unknown,FOLLOWING TOO CLOSELY,39.164352,-86.522592
11,4,2100.0,2-Car,No injury/unknown,FOLLOWING TOO CLOSELY,39.164352,-86.522592
11,6,1300.0,Pedestrian,Non-incapacitating,FAILURE TO YIELD RIGHT OF WAY,39.164352,-86.521088
11,4,1700.0,2-Car,No injury/unknown,FAILURE TO YIELD RIGHT OF WAY,39.164352,-86.510944
12,3,1900.0,1-Car,No injury/unknown,ROADWAY SURFACE CONDITION,39.164352,-86.521088
4,4,1500.0,2-Car,No injury/unknown,FAILURE TO YIELD RIGHT OF WAY,39.16434986,-86.495088
6,3,1600.0,2-Car,No injury/unknown,FAILURE TO YIELD RIGHT OF WAY,39.16434986,-86.495088
12,3,1700.0,2-Car,No injury/unknown,ROADWAY SURFACE CONDITION,39.16434,-86.54629
12,3,1700.0,1-Car,No injury/unknown,SPEED TOO FAST FOR WEATHER CONDITIONS,39.16434,-86.54629
12,7,1200.0,2-Car,Non-incapacitating,FOLLOWING TOO CLOSELY,39.16433235,-86.56277306
6,6,2100.0,1-Car,No injury/unknown,ANIMAL/OBJECT IN ROADWAY,39.16432,-86.50824
9,2,1400.0,2-Car,No injury/unknown,UNSAFE BACKING,39.16432,-86.52691
4,3,1900.0,2-Car,No injury/unknown,,39.16431629,-86.50795042
5,7,1000.0,2-Car,No injury/unknown,OTHER (DRIVER) - EXPLAIN IN NARRATIVE,39.164313,-86.526583
1,6,1200.0,2-Car,Non-incapacitating,DRIVER DISTRACTED - EXPLAIN IN NARRATIVE,39.164304,-86.505792
3,7,1500.0,3+ Cars,No injury/unknown,FOLLOWING TOO CLOSELY,39.164304,-86.506992
3,5,1100.0,2-Car,Non-incapacitating,FAILURE TO YIELD RIGHT OF WAY,39.164304,-86.505792
5,4,1200.0,2-Car,No injury/unknown,FOLLOWING TOO CLOSELY,39.164304,-86.505792
8,7,1500.0,2-Car,Non-incapacitating,OTHER (DRIVER) - EXPLAIN IN NARRATIVE,39.164304,-86.505792
8,1,1800.0,3+ Cars,No injury/unknown,DRIVER DISTRACTED - EXPLAIN IN NARRATIVE,39.164304,-86.506992
9,6,1500.0,2-Car,No injury/unknown,FAILURE TO YIELD RIGHT OF WAY,39.164304,-86.505792
9,5,300.0,1-Car,No injury/unknown,ANIMAL/OBJECT IN ROADWAY,39.164304,-86.505792
10,6,1300.0,2-Car,No injury/unknown,DRIVER DISTRACTED - EXPLAIN IN NARRATIVE,39.164304,-86.506992
11,2,1400.0,3+ Cars,No injury/unknown,BRAKE FAILURE OR DEFECTIVE,39.164304,-86.506992
11,2,1600.0,2-Car,No injury/unknown,FAILURE TO YIELD RIGHT OF WAY,39.164304,-86.506992
12,4,1800.0,2-Car,No injury/unknown,UNSAFE BACKING,39.164304,-86.506992
11,6,800.0,2-Car,No injury/unknown,OTHER (DRIVER) - EXPLAIN IN NARRATIVE,39.16430364,-86.50576971
8,2,1700.0,2-Car,No injury/unknown,OTHER (DRIVER) - EXPLAIN IN NARRATIVE,39.1643,-86.54223298
8,3,1100.0,1-Car,No injury/unknown,OTHER (DRIVER) - EXPLAIN IN NARRATIVE,39.16429,-86.52587
7,5,1500.0,2-Car,Non-incapacitating,OVERCORRECTING/OVERSTEERING,39.16428897,-86.47296454
5,6,1800.0,2-Car,No injury/unknown,OTHER (DRIVER) - EXPLAIN IN NARRATIVE,39.164288,-86.5048
12,6,1700.0,2-Car,No injury/unknown,FAILURE TO YIELD RIGHT OF WAY,39.164288,-86.5048
7,2,800.0,2-Car,No injury/unknown,FAILURE TO YIELD RIGHT OF WAY,39.16428049,-86.47345794
4,3,1700.0,2-Car,Non-incapacitating,FOLLOWING TOO CLOSELY,39.16428,-86.50969
10,6,1600.0,2-Car,No injury/unknown,IMPROPER LANE USAGE,39.164272,-86.50184081
1,7,1600.0,3+ Cars,No injury/unknown,FAILURE TO YIELD RIGHT OF WAY,39.164272,-86.502416
1,5,1800.0,2-Car,No injury/unknown,IMPROPER PASSING,39.164272,-86.501488
2,2,0.0,2-Car,No injury/unknown,,39.164272,-86.50235918
2,5,1700.0,2-Car,Non-incapacitating,OTHER (DRIVER) - EXPLAIN IN NARRATIVE,39.164272,-86.502416
3,3,1700.0,2-Car,No injury/unknown,OTHER (DRIVER) - EXPLAIN IN NARRATIVE,39.164272,-86.502416
3,3,1100.0,2-Car,No injury/unknown,FAILURE TO YIELD RIGHT OF WAY,39.164272,-86.502416
3,5,1600.0,2-Car,No injury/unknown,,39.164272,-86.501488
4,6,1800.0,2-Car,No injury/unknown,FAILURE TO YIELD RIGHT OF WAY,39.164272,-86.501488
4,6,1600.0,2-Car,No injury/unknown,DRIVER DISTRACTED - EXPLAIN IN NARRATIVE,39.164272,-86.501488
7,5,1300.0,2-Car,No injury/unknown,FAILURE TO YIELD RIGHT OF WAY,39.164272,-86.50230237
8,7,1900.0,2-Car,Non-incapacitating,DRIVER DISTRACTED - EXPLAIN IN NARRATIVE,39.164272,-86.50230237
10,6,800.0,2-Car,No injury/unknown,IMPROPER LANE USAGE,39.164272,-86.501488
11,7,1800.0,2-Car,No injury/unknown,IMPROPER LANE USAGE,39.164272,-86.502416
12,6,1200.0,2-Car,No injury/unknown,FOLLOWING TOO CLOSELY,39.164272,-86.502416
12,6,1400.0,2-Car,No injury/unknown,FAILURE TO YIELD RIGHT OF WAY,39.164272,-86.502416
12,3,1000.0,2-Car,No injury/unknown,FAILURE TO YIELD RIGHT OF WAY,39.164272,-86.501488
1,4,1400.0,2-Car,No injury/unknown,FOLLOWING TOO CLOSELY,39.16427,-86.50260675
4,4,1600.0,2-Car,No injury/unknown,DRIVER DISTRACTED - EXPLAIN IN NARRATIVE,39.16427,-86.51913519
8,1,1700.0,2-Car,No injury/unknown,DRIVER DISTRACTED - EXPLAIN IN NARRATIVE,39.16427,-86.51772
8,5,1500.0,2-Car,No injury/unknown,FAILURE TO YIELD RIGHT OF WAY,39.16427,-86.512946
9,4,1400.0,2-Car,No injury/unknown,UNSAFE BACKING,39.16427,-86.51913
9,5,1700.0,3+ Cars,No injury/unknown,FOLLOWING TOO CLOSELY,39.16427,-86.5121687
9,5,1700.0,2-Car,No injury/unknown,FOLLOWING TOO CLOSELY,39.16427,-86.51217
9,4,1200.0,Cyclist,Non-incapacitating,FAILURE TO YIELD RIGHT OF WAY,39.16427,-86.51913
10,6,1200.0,3+ Cars,No injury/unknown,DRIVER DISTRACTED - EXPLAIN IN NARRATIVE,39.16427,-86.50240135
10,1,1700.0,2-Car,No injury/unknown,UNSAFE SPEED,39.16427,-86.51913
10,3,700.0,2-Car,Non-incapacitating,FOLLOWING TOO CLOSELY,39.16427,-86.51217
10,6,900.0,2-Car,No injury/unknown,FAILURE TO YIELD RIGHT OF WAY,39.16427,-86.50241
11,6,1300.0,2-Car,No injury/unknown,DRIVER DISTRACTED - EXPLAIN IN NARRATIVE,39.16427,-86.50262837
12,6,1700.0,Cyclist,Non-incapacitating,FAILURE TO YIELD RIGHT OF WAY,39.16427,-86.51217
4,3,800.0,2-Car,No injury/unknown,UNSAFE BACKING,39.16426969,-86.56008
6,6,1400.0,2-Car,No injury/unknown,OTHER (DRIVER) - EXPLAIN IN NARRATIVE,39.164269,-86.517506
12,3,2200.0,2-Car,No injury/unknown,UNSAFE BACKING,39.16426808,-86.50110988
4,5,1300.0,2-Car,Non-incapacitating,BRAKE FAILURE OR DEFECTIVE,39.16426652,-86.50095883
7,2,1800.0,2-Car,No injury/unknown,UNSAFE BACKING,39.164266,-86.502025
6,2,1700.0,2-Car,No injury/unknown,UNSAFE BACKING,39.164265,-86.52085
12,2,2200.0,2-Car,No injury/unknown,UNSAFE BACKING,39.16426112,-86.50043808
1,1,1400.0,2-Car,No injury/unknown,IMPROPER TURNING,39.16426,-86.5164
2,6,1100.0,2-Car,No injury/unknown,IMPROPER LANE USAGE,39.16426,-86.5164
2,6,1800.0,2-Car,No injury/unknown,FAILURE TO YIELD RIGHT OF WAY,39.16426,-86.5164
4,1,1500.0,Moped/Motorcycle,No injury/unknown,IMPROPER PASSING,39.16426,-86.5164
4,2,2000.0,Pedestrian,Non-incapacitating,IMPROPER TURNING,39.16426,-86.5164
5,7,1700.0,2-Car,No injury/unknown,IMPROPER TURNING,39.16426,-86.51638443
6,2,1700.0,2-Car,Non-incapacitating,OTHER (DRIVER) - EXPLAIN IN NARRATIVE,39.16426,-86.5164
7,5,800.0,Bus,No injury/unknown,LEFT OF CENTER,39.16426,-86.51644326
7,3,1500.0,2-Car,No injury/unknown,UNSAFE BACKING,39.16426,-86.516399
8,2,1200.0,2-Car,No injury/unknown,FAILURE TO YIELD RIGHT OF WAY,39.16426,-86.51639741
8,4,1800.0,2-Car,No injury/unknown,IMPROPER LANE USAGE,39.16426,-86.51641298
10,5,1400.0,2-Car,No injury/unknown,IMPROPER TURNING,39.16426,-86.5164
10,5,1700.0,Cyclist,Non-incapacitating,OTHER (DRIVER) - EXPLAIN IN NARRATIVE,39.16426,-86.5164
10,6,2300.0,2-Car,No injury/unknown,IMPROPER TURNING,39.16426,-86.5164
11,2,1000.0,2-Car,No injury/unknown,IMPROPER LANE USAGE,39.16426,-86.51639135
11,3,1100.0,2-Car,Non-incapacitating,FOLLOWING TOO CLOSELY,39.16426,-86.51640346
12,5,1600.0,2-Car,No injury/unknown,FAILURE TO YIELD RIGHT OF WAY,39.16426,-86.5164
10,5,1600.0,2-Car,No injury/unknown,FOLLOWING TOO CLOSELY,39.16425689,-86.48927161
4,2,1400.0,3+ Cars,No injury/unknown,FAILURE TO YIELD RIGHT OF WAY,39.16425006,-86.51418814
7,1,1100.0,Cyclist,Non-incapacitating,OTHER (DRIVER) - EXPLAIN IN NARRATIVE,39.16425006,-86.5097212
10,6,1400.0,2-Car,No injury/unknown,UNSAFE BACKING,39.16425006,-86.4943601
1,5,1700.0,2-Car,No injury/unknown,IMPROPER TURNING,39.16425,-86.51526
1,2,1900.0,2-Car,No injury/unknown,IMPROPER TURNING,39.16425,-86.51526
1,2,1000.0,2-Car,No injury/unknown,IMPROPER TURNING,39.16425,-86.51526
3,2,1400.0,2-Car,No injury/unknown,UNSAFE SPEED,39.16425,-86.51423
4,1,1400.0,2-Car,No injury/unknown,IMPROPER TURNING,39.16425,-86.52009
5,6,1100.0,2-Car,No injury/unknown,FOLLOWING TOO CLOSELY,39.16425,-86.47205
5,2,1500.0,2-Car,Non-incapacitating,SPEED TOO FAST FOR WEATHER CONDITIONS,39.16425,-86.52009
6,7,1900.0,2-Car,Non-incapacitating,FOLLOWING TOO CLOSELY,39.16425,-86.47205
8,5,1300.0,2-Car,No injury/unknown,IMPROPER TURNING,39.16425,-86.52009
8,6,2100.0,2-Car,Incapacitating,IMPROPER TURNING,39.16425,-86.47205
8,7,1800.0,2-Car,No injury/unknown,FAILURE TO YIELD RIGHT OF WAY,39.16425,-86.51526
8,2,2200.0,2-Car,No injury/unknown,FAILURE TO YIELD RIGHT OF WAY,39.16425,-86.51526
8,6,1800.0,2-Car,Non-incapacitating,FAILURE TO YIELD RIGHT OF WAY,39.16425,-86.51526
10,2,1000.0,2-Car,No injury/unknown,WRONG WAY ON ONE WAY,39.16425,-86.51423
10,6,1600.0,2-Car,No injury/unknown,BRAKE FAILURE OR DEFECTIVE,39.16425,-86.47205
11,6,1400.0,2-Car,No injury/unknown,UNSAFE BACKING,39.16425,-86.51526
11,3,1500.0,3+ Cars,No injury/unknown,FAILURE TO YIELD RIGHT OF WAY,39.16425,-86.52009
11,4,800.0,Bus,No injury/unknown,UNSAFE SPEED,39.16425,-86.52009865
11,7,1600.0,2-Car,No injury/unknown,FAILURE TO YIELD RIGHT OF WAY,39.16425,-86.499909
5,4,1000.0,2-Car,No injury/unknown,UNSAFE BACKING,39.16424664,-86.52553992
6,5,1300.0,2-Car,No injury/unknown,IMPROPER LANE USAGE,39.16424664,-86.51771252
8,6,2100.0,2-Car,No injury/unknown,FAILURE TO YIELD RIGHT OF WAY,39.16424664,-86.51771252
9,5,1800.0,2-Car,No injury/unknown,FAILURE TO YIELD RIGHT OF WAY,39.16424664,-86.51771252
9,7,1200.0,2-Car,Non-incapacitating,IMPROPER TURNING,39.16424664,-86.52260976
9,1,1400.0,2-Car,No injury/unknown,IMPROPER TURNING,39.16424664,-86.51771252
10,5,1000.0,2-Car,No injury/unknown,IMPROPER LANE USAGE,39.16424664,-86.51771252
11,3,1300.0,1-Car,Non-incapacitating,FAILURE TO YIELD RIGHT OF WAY,39.16424664,-86.51771252
12,6,1800.0,2-Car,No injury/unknown,FAILURE TO YIELD RIGHT OF WAY,39.16424664,-86.51771252
7,7,1300.0,2-Car,No injury/unknown,FOLLOWING TOO CLOSELY,39.16424,-86.49259119
12,3,1800.0,2-Car,No injury/unknown,FAILURE TO YIELD RIGHT OF WAY,39.16424,-86.49329681
8,5,2300.0,1-Car,No injury/unknown,ANIMAL/OBJECT IN ROADWAY,39.16424,-86.4842076
10,6,700.0,2-Car,No injury/unknown,FOLLOWING TOO CLOSELY,39.16424,-86.47980598
12,3,600.0,2-Car,No injury/unknown,OTHER (DRIVER) - EXPLAIN IN NARRATIVE,39.16424,-86.4949116
1,5,900.0,2-Car,Non-incapacitating,OTHER (VEHICLE) - EXPLAIN IN NARRATIVE,39.16424,-86.4984
1,5,1700.0,Bus,No injury/unknown,OTHER (DRIVER) - EXPLAIN IN NARRATIVE,39.16424,-86.492944
1,5,1400.0,2-Car,No injury/unknown,FOLLOWING TOO CLOSELY,39.16424,-86.49259396
1,6,900.0,2-Car,Non-incapacitating,FAILURE TO YIELD RIGHT OF WAY,39.16424,-86.4984
1,5,1300.0,2-Car,No injury/unknown,OTHER (DRIVER) - EXPLAIN IN NARRATIVE,39.16424,-86.492944
1,6,900.0,2-Car,No injury/unknown,FAILURE TO YIELD RIGHT OF WAY,39.16424,-86.49425989
1,3,2100.0,1-Car,No injury/unknown,RAN OFF ROAD RIGHT,39.16424,-86.49491784
1,4,1500.0,2-Car,No injury/unknown,FAILURE TO YIELD RIGHT OF WAY,39.16424,-86.4984
2,1,1400.0,2-Car,No injury/unknown,FOLLOWING TOO CLOSELY,39.16424,-86.4984
2,7,1200.0,3+ Cars,Non-incapacitating,FOLLOWING TOO CLOSELY,39.16424,-86.4984
3,1,1700.0,2-Car,No injury/unknown,FAILURE TO YIELD RIGHT OF WAY,39.16424,-86.492944
3,5,1200.0,2-Car,No injury/unknown,OTHER (DRIVER) - EXPLAIN IN NARRATIVE,39.16424,-86.513088
3,6,2200.0,2-Car,No injury/unknown,UNSAFE BACKING,39.16424,-86.480688
4,3,1700.0,2-Car,Non-incapacitating,FAILURE TO YIELD RIGHT OF WAY,39.16424,-86.4984
4,7,1300.0,3+ Cars,Non-incapacitating,FAILURE TO YIELD RIGHT OF WAY,39.16424,-86.4984
5,5,1200.0,2-Car,No injury/unknown,OTHER (DRIVER) - EXPLAIN IN NARRATIVE,39.16424,-86.48635271
5,6,1400.0,2-Car,No injury/unknown,UNSAFE BACKING,39.16424,-86.49259396
5,7,1000.0,2-Car,Non-incapacitating,FAILURE TO YIELD RIGHT OF WAY,39.16424,-86.4984
5,3,900.0,2-Car,No injury/unknown,IMPROPER TURNING,39.16424,-86.4908
5,1,1300.0,Moped/Motorcycle,Non-incapacitating,FAILURE TO YIELD RIGHT OF WAY,39.16424,-86.495088
5,1,900.0,3+ Cars,No injury/unknown,BRAKE FAILURE OR DEFECTIVE,39.16424,-86.4908
5,6,1400.0,2-Car,No injury/unknown,IMPROPER TURNING,39.16424,-86.49425989
5,7,1200.0,2-Car,No injury/unknown,FOLLOWING TOO CLOSELY,39.16424,-86.4908
5,7,1200.0,2-Car,No injury/unknown,FAILURE TO YIELD RIGHT OF WAY,39.16424,-86.480688
6,3,1100.0,2-Car,No injury/unknown,FAILURE TO YIELD RIGHT OF WAY,39.16424,-86.492944
6,7,1800.0,2-Car,No injury/unknown,IMPROPER TURNING,39.16424,-86.48595093
5,4,2100.0,2-Car,No injury/unknown,FAILURE TO YIELD RIGHT OF WAY,39.16424,-86.4984
6,3,1300.0,2-Car,No injury/unknown,OTHER (DRIVER) - EXPLAIN IN NARRATIVE,39.16424,-86.48595093
6,6,1500.0,2-Car,No injury/unknown,OTHER (DRIVER) - EXPLAIN IN NARRATIVE,39.16424,-86.4945208
6,3,1600.0,2-Car,No injury/unknown,OTHER (DRIVER) - EXPLAIN IN NARRATIVE,39.16424,-86.495088
6,3,1900.0,2-Car,No injury/unknown,FAILURE TO YIELD RIGHT OF WAY,39.16424,-86.4984
6,2,2200.0,2-Car,Non-incapacitating,UNSAFE BACKING,39.16424,-86.48434743
7,5,1200.0,2-Car,Non-incapacitating,FOLLOWING TOO CLOSELY,39.16424,-86.480688
7,7,1400.0,2-Car,Non-incapacitating,FOLLOWING TOO CLOSELY,39.16424,-86.492944
8,6,900.0,2-Car,No injury/unknown,IMPROPER TURNING,39.16424,-86.480688
8,7,1200.0,2-Car,No injury/unknown,FOLLOWING TOO CLOSELY,39.16424,-86.495088
8,2,1000.0,2-Car,No injury/unknown,FOLLOWING TOO CLOSELY,39.16424,-86.484384
8,2,1200.0,2-Car,No injury/unknown,FAILURE TO YIELD RIGHT OF WAY,39.16424,-86.488
8,3,1600.0,2-Car,No injury/unknown,IMPROPER TURNING,39.16424,-86.49368135
8,5,1500.0,Bus,No injury/unknown,IMPROPER TURNING,39.16424,-86.492944
8,6,1300.0,2-Car,No injury/unknown,FAILURE TO YIELD RIGHT OF WAY,39.16424,-86.492944
8,3,1600.0,2-Car,No injury/unknown,FAILURE TO YIELD RIGHT OF WAY,39.16424,-86.4984
8,4,1200.0,2-Car,No injury/unknown,DRIVER DISTRACTED - EXPLAIN IN NARRATIVE,39.16424,-86.4984
8,4,1700.0,2-Car,No injury/unknown,FOLLOWING TOO CLOSELY,39.16424,-86.476096
8,6,2200.0,2-Car,Non-incapacitating,FOLLOWING TOO CLOSELY,39.16424,-86.495088
8,4,1600.0,2-Car,No injury/unknown,FOLLOWING TOO CLOSELY,39.16424,-86.480688
9,2,1400.0,2-Car,No injury/unknown,FOLLOWING TOO CLOSELY,39.16424,-86.495088
9,3,1100.0,2-Car,No injury/unknown,FAILURE TO YIELD RIGHT OF WAY,39.16424,-86.4984
9,2,1300.0,2-Car,Non-incapacitating,FAILURE TO YIELD RIGHT OF WAY,39.16424,-86.480688
9,5,1400.0,Moped/Motorcycle,Non-incapacitating,FAILURE TO YIELD RIGHT OF WAY,39.16424,-86.4908
9,5,1700.0,2-Car,No injury/unknown,SPEED TOO FAST FOR WEATHER CONDITIONS,39.16424,-86.4984
9,1,1300.0,Moped/Motorcycle,Non-incapacitating,OTHER (DRIVER) - EXPLAIN IN NARRATIVE,39.16424,-86.480688
9,4,2100.0,1-Car,No injury/unknown,ALCOHOLIC BEVERAGES,39.16424,-86.480688
9,5,1100.0,2-Car,No injury/unknown,FAILURE TO YIELD RIGHT OF WAY,39.16424,-86.480688
9,6,1700.0,2-Car,No injury/unknown,IMPROPER TURNING,39.16424,-86.49406114
9,2,2100.0,3+ Cars,Non-incapacitating,OTHER (DRIVER) - EXPLAIN IN NARRATIVE,39.16424,-86.4984
9,6,1100.0,Moped/Motorcycle,Non-incapacitating,OTHER (DRIVER) - EXPLAIN IN NARRATIVE,39.16424,-86.49259396
9,1,1700.0,2-Car,No injury/unknown,FOLLOWING TOO CLOSELY,39.16424,-86.4984
9,4,1200.0,2-Car,No injury/unknown,OTHER (DRIVER) - EXPLAIN IN NARRATIVE,39.16424,-86.49425989
9,4,2000.0,1-Car,No injury/unknown,UNSAFE BACKING,39.16424,-86.4984
9,7,600.0,1-Car,No injury/unknown,OTHER (VEHICLE) - EXPLAIN IN NARRATIVE,39.16424,-86.492944
9,1,1700.0,2-Car,Non-incapacitating,DISREGARD SIGNAL/REG SIGN,39.16424,-86.480688
10,6,1600.0,2-Car,No injury/unknown,FAILURE TO YIELD RIGHT OF WAY,39.16424,-86.480688
10,2,1500.0,2-Car,No injury/unknown,FAILURE TO YIELD RIGHT OF WAY,39.16424,-86.49827
10,2,1300.0,2-Car,No injury/unknown,FAILURE TO YIELD RIGHT OF WAY,39.16424,-86.480688
10,5,1900.0,2-Car,No injury/unknown,OTHER (DRIVER) - EXPLAIN IN NARRATIVE,39.16424,-86.495088
10,1,1100.0,2-Car,No injury/unknown,PRESCRIPTION DRUGS,39.16424,-86.473663
10,1,1600.0,2-Car,No injury/unknown,FAILURE TO YIELD RIGHT OF WAY,39.16424,-86.49259396
10,6,1100.0,2-Car,No injury/unknown,FOLLOWING TOO CLOSELY,39.16424,-86.480688
10,2,700.0,2-Car,Non-incapacitating,FOLLOWING TOO CLOSELY,39.16424,-86.4984
10,6,1100.0,2-Car,No injury/unknown,FAILURE TO YIELD RIGHT OF WAY,39.16424,-86.4984
10,6,1400.0,2-Car,Non-incapacitating,OTHER (DRIVER) - EXPLAIN IN NARRATIVE,39.16424,-86.4984
10,6,1600.0,2-Car,No injury/unknown,FOLLOWING TOO CLOSELY,39.16424,-86.492944
10,6,1600.0,2-Car,Non-incapacitating,DRIVER DISTRACTED - EXPLAIN IN NARRATIVE,39.16424,-86.473696
11,7,300.0,1-Car,No injury/unknown,UNSAFE SPEED,39.16424,-86.484384
11,1,1400.0,Moped/Motorcycle,Non-incapacitating,OTHER (DRIVER) - EXPLAIN IN NARRATIVE,39.16424,-86.473696
11,2,1600.0,2-Car,No injury/unknown,FOLLOWING TOO CLOSELY,39.16424,-86.492944
11,7,2200.0,2-Car,Non-incapacitating,FAILURE TO YIELD RIGHT OF WAY,39.16424,-86.480688
11,3,1400.0,2-Car,No injury/unknown,FAILURE TO YIELD RIGHT OF WAY,39.16424,-86.492944
11,3,1600.0,2-Car,No injury/unknown,DRIVER DISTRACTED - EXPLAIN IN NARRATIVE,39.16424,-86.473696
11,2,1200.0,2-Car,No injury/unknown,OTHER (DRIVER) - EXPLAIN IN NARRATIVE,39.16424,-86.48346971
12,3,900.0,2-Car,No injury/unknown,FAILURE TO YIELD RIGHT OF WAY,39.16424,-86.4984
12,7,2300.0,2-Car,No injury/unknown,ROADWAY SURFACE CONDITION,39.16424,-86.4908
12,7,1400.0,2-Car,Non-incapacitating,FAILURE TO YIELD RIGHT OF WAY,39.16424,-86.4984
12,6,800.0,2-Car,No injury/unknown,FAILURE TO YIELD RIGHT OF WAY,39.16424,-86.4908
12,6,0.0,2-Car,No injury/unknown,FAILURE TO YIELD RIGHT OF WAY,39.16424,-86.4984
12,2,1400.0,2-Car,No injury/unknown,OTHER (DRIVER) - EXPLAIN IN NARRATIVE,39.16424,-86.4984
12,3,1300.0,2-Car,No injury/unknown,ROADWAY SURFACE CONDITION,39.16424,-86.473696
12,5,1400.0,2-Car,Non-incapacitating,FAILURE TO YIELD RIGHT OF WAY,39.16424,-86.476096
12,3,1300.0,2-Car,Non-incapacitating,ROADWAY SURFACE CONDITION,39.16424,-86.473696
12,4,600.0,2-Car,Non-incapacitating,OTHER (ENVIRONMENTAL) - EXPLAIN IN NARR,39.1642393,-86.49515826
6,3,1500.0,2-Car,No injury/unknown,OTHER (DRIVER) - EXPLAIN IN NARRATIVE,39.16423902,-86.49829616
1,7,1500.0,2-Car,No injury/unknown,UNSAFE BACKING,39.16423861,-86.49522852
4,6,1700.0,1-Car,No injury/unknown,OTHER (DRIVER) - EXPLAIN IN NARRATIVE,39.16423861,-86.49522852