Month,Day,Hour,Collision Type,Injury Type,Primary Factor,Latitude,Longitude
5,5,1200.0,2-Car,No injury/unknown,OTHER (DRIVER) - EXPLAIN IN NARRATIVE,39.16423861,-86.49522852
7,6,1600.0,2-Car,No injury/unknown,UNSAFE BACKING,39.16423861,-86.49522852
11,7,2100.0,3+ Cars,No injury/unknown,UNSAFE SPEED,39.16423861,-86.49522852
2,7,1100.0,2-Car,No injury/unknown,UNSAFE BACKING,39.16423674,-86.49805388
2,6,900.0,2-Car,No injury/unknown,UNSAFE BACKING,39.164234,-86.49752
9,2,2000.0,2-Car,No injury/unknown,OTHER (DRIVER) - EXPLAIN IN NARRATIVE,39.164231,-86.497271
10,4,1200.0,2-Car,No injury/unknown,OTHER (VEHICLE) - EXPLAIN IN NARRATIVE,39.16423,-86.497269
6,5,500.0,1-Car,No injury/unknown,ANIMAL/OBJECT IN ROADWAY,39.16422957,-86.47208686
11,5,1800.0,1-Car,No injury/unknown,ANIMAL/OBJECT IN ROADWAY,39.16422957,-86.47191391
3,1,1400.0,2-Car,No injury/unknown,FAILURE TO YIELD RIGHT OF WAY,39.16422615,-86.47630108
6,7,1100.0,2-Car,No injury/unknown,FAILURE TO YIELD RIGHT OF WAY,39.16422615,-86.47629797
1,1,1600.0,2-Car,No injury/unknown,UNSAFE BACKING,39.16422546,-86.49655709
7,6,1300.0,2-Car,No injury/unknown,OTHER (DRIVER) - EXPLAIN IN NARRATIVE,39.16422546,-86.49655709
5,4,900.0,2-Car,No injury/unknown,OTHER (DRIVER) - EXPLAIN IN NARRATIVE,39.16422436,-86.49666727
5,7,1500.0,2-Car,No injury/unknown,FOLLOWING TOO CLOSELY,39.164224,-86.496704
10,1,1700.0,Moped/Motorcycle,No injury/unknown,UNSAFE SPEED,39.164221,-86.476167
10,7,400.0,2-Car,No injury/unknown,OTHER (DRIVER) - EXPLAIN IN NARRATIVE,39.164221,-86.476167
6,1,1300.0,1-Car,No injury/unknown,ANIMAL/OBJECT IN ROADWAY,39.16422,-86.47629135
7,7,1800.0,2-Car,Non-incapacitating,FAILURE TO YIELD RIGHT OF WAY,39.16422,-86.49658
10,5,1800.0,2-Car,Non-incapacitating,FOLLOWING TOO CLOSELY,39.16422,-86.49658
10,7,1800.0,2-Car,No injury/unknown,FAILURE TO YIELD RIGHT OF WAY,39.16422,-86.47628703
12,3,700.0,2-Car,No injury/unknown,SPEED TOO FAST FOR WEATHER CONDITIONS,39.16422,-86.476299
7,4,1800.0,2-Car,No injury/unknown,IMPROPER TURNING,39.164217,-86.495697
12,4,800.0,2-Car,No injury/unknown,OTHER (VEHICLE) - EXPLAIN IN NARRATIVE,39.164217,-86.495697
1,5,1500.0,2-Car,No injury/unknown,UNSAFE BACKING,39.164215,-86.480223
11,3,1100.0,2-Car,No injury/unknown,OTHER (DRIVER) - EXPLAIN IN NARRATIVE,39.164214,-86.495275
4,4,1500.0,2-Car,No injury/unknown,UNSAFE BACKING,39.16421,-86.494446
4,7,1300.0,2-Car,No injury/unknown,OTHER (VEHICLE) - EXPLAIN IN NARRATIVE,39.16421,-86.492181
5,2,200.0,2-Car,No injury/unknown,OTHER (DRIVER) - EXPLAIN IN NARRATIVE,39.16421,-86.493719
7,5,1300.0,2-Car,No injury/unknown,DRIVER DISTRACTED - EXPLAIN IN NARRATIVE,39.16421,-86.493962
7,6,1000.0,2-Car,No injury/unknown,FOLLOWING TOO CLOSELY,39.16421,-86.48122
8,1,1400.0,2-Car,No injury/unknown,OTHER (DRIVER) - EXPLAIN IN NARRATIVE,39.16421,-86.493962
8,1,1600.0,2-Car,No injury/unknown,OTHER (DRIVER) - EXPLAIN IN NARRATIVE,39.16421,-86.493962
10,5,2000.0,3+ Cars,No injury/unknown,FAILURE TO YIELD RIGHT OF WAY,39.16421,-86.49304
11,3,1400.0,2-Car,No injury/unknown,IMPROPER TURNING,39.16421,-86.49446
12,1,1000.0,2-Car,No injury/unknown,OTHER (VEHICLE) - EXPLAIN IN NARRATIVE,39.16421,-86.493962
2,6,900.0,2-Car,Non-incapacitating,LEFT OF CENTER,39.1642027,-86.57310558
12,3,800.0,2-Car,Non-incapacitating,FOLLOWING TOO CLOSELY,39.16418721,-86.508288
8,3,1500.0,2-Car,No injury/unknown,FAILURE TO YIELD RIGHT OF WAY,39.16413236,-86.56008
11,6,1700.0,2-Car,No injury/unknown,FAILURE TO YIELD RIGHT OF WAY,39.16413171,-86.49837623
3,5,1600.0,2-Car,No injury/unknown,OTHER (DRIVER) - EXPLAIN IN NARRATIVE,39.164128,-86.52973257
6,1,1800.0,1-Car,No injury/unknown,OTHER (DRIVER) - EXPLAIN IN NARRATIVE,39.16409143,-86.5297329
3,6,1600.0,1-Car,No injury/unknown,ROADWAY SURFACE CONDITION,39.16408692,-86.4274321
5,3,800.0,2-Car,No injury/unknown,FAILURE TO YIELD RIGHT OF WAY,39.16405481,-86.55404913
12,6,2200.0,2-Car,No injury/unknown,DRIVER DISTRACTED - EXPLAIN IN NARRATIVE,39.16402342,-86.49835246
12,4,1800.0,2-Car,No injury/unknown,OTHER (DRIVER) - EXPLAIN IN NARRATIVE,39.16399735,-86.50241468
10,3,1800.0,2-Car,No injury/unknown,UNSAFE BACKING,39.16394547,-86.49833535
6,1,1100.0,2-Car,No injury/unknown,OTHER (DRIVER) - EXPLAIN IN NARRATIVE,39.16392808,-86.57311182
10,6,2100.0,1-Car,Incapacitating,OVERCORRECTING/OVERSTEERING,39.16392808,-86.57311182
2,5,1300.0,2-Car,No injury/unknown,FAILURE TO YIELD RIGHT OF WAY,39.1638339,-86.49831086
10,3,1600.0,2-Car,No injury/unknown,FAILURE TO YIELD RIGHT OF WAY,39.163744,-86.538592
2,6,2200.0,2-Car,No injury/unknown,UNSAFE BACKING,39.163731,-86.515269
6,5,2000.0,2-Car,No injury/unknown,OTHER (DRIVER) - EXPLAIN IN NARRATIVE,39.163731,-86.515269
7,5,1200.0,2-Car,No injury/unknown,FAILURE TO YIELD RIGHT OF WAY,39.1636915,-86.49298227
3,3,1500.0,2-Car,No injury/unknown,OTHER (DRIVER) - EXPLAIN IN NARRATIVE,39.163648,-86.438
3,3,1700.0,2-Car,No injury/unknown,FAILURE TO YIELD RIGHT OF WAY,39.163648,-86.537296
8,1,1700.0,2-Car,No injury/unknown,UNSAFE BACKING,39.16364,-86.579157
11,4,1300.0,1-Car,Non-incapacitating,ILLEGAL DRUGS,39.1636251,-86.65007811
8,7,1200.0,2-Car,No injury/unknown,UNSAFE BACKING,39.16362305,-86.47182991
1,7,600.0,1-Car,No injury/unknown,ANIMAL/OBJECT IN ROADWAY,39.1636196,-86.64984955
8,4,1700.0,2-Car,Incapacitating,DRIVER ASLEEP OR FATIGUED,39.16358084,-86.44152699
2,6,1400.0,2-Car,No injury/unknown,ROADWAY SURFACE CONDITION,39.163575,-86.502414
5,7,1600.0,1-Car,No injury/unknown,ANIMAL/OBJECT IN ROADWAY,39.16355934,-86.42589328
6,6,1400.0,Moped/Motorcycle,Incapacitating,RAN OFF ROAD RIGHT,39.16355934,-86.42589328
1,4,800.0,1-Car,No injury/unknown,RAN OFF ROAD RIGHT,39.16355848,-86.42596383
10,2,1700.0,3+ Cars,No injury/unknown,FAILURE TO YIELD RIGHT OF WAY,39.1635568,-86.44424935
7,7,0.0,1-Car,Fatal,ALCOHOLIC BEVERAGES,39.16355546,-86.538592
6,4,1500.0,Moped/Motorcycle,No injury/unknown,CELL PHONE USAGE,39.163552,-86.582896
11,6,2100.0,2-Car,No injury/unknown,FAILURE TO YIELD RIGHT OF WAY,39.163552,-86.582896
10,6,1000.0,2-Car,No injury/unknown,IMPROPER LANE USAGE,39.1635414,-86.53482636
1,3,2200.0,2-Car,No injury/unknown,ROADWAY SURFACE CONDITION,39.16346117,-86.55130339
7,3,1300.0,2-Car,No injury/unknown,FAILURE TO YIELD RIGHT OF WAY,39.16346117,-86.55129473
8,6,2000.0,2-Car,Non-incapacitating,FAILURE TO YIELD RIGHT OF WAY,39.16346117,-86.55130339
9,2,2100.0,Pedestrian,Incapacitating,ALCOHOLIC BEVERAGES,39.16346117,-86.55130339
10,7,1200.0,2-Car,No injury/unknown,FAILURE TO YIELD RIGHT OF WAY,39.16346117,-86.55130339
12,7,1200.0,1-Car,No injury/unknown,SPEED TOO FAST FOR WEATHER CONDITIONS,39.16346117,-86.55131637
1,4,1700.0,1-Car,Non-incapacitating,ROADWAY SURFACE CONDITION,39.1634566,-86.6714
12,6,1700.0,2-Car,No injury/unknown,FAILURE TO YIELD RIGHT OF WAY,39.16343264,-86.57639067
4,3,1400.0,2-Car,No injury/unknown,FAILURE TO YIELD RIGHT OF WAY,39.16342781,-86.49822171
7,4,700.0,2-Car,No injury/unknown,UNSAFE BACKING,39.16341468,-86.58379441
6,1,600.0,1-Car,No injury/unknown,ANIMAL/OBJECT IN ROADWAY,39.16338417,-86.64508228
6,1,1700.0,Moped/Motorcycle,Non-incapacitating,DRIVER DISTRACTED - EXPLAIN IN NARRATIVE,39.16337885,-86.5731243
7,6,2200.0,1-Car,No injury/unknown,OBSTRUCTION NOT MARKED,39.16337885,-86.5731243
12,5,1700.0,1-Car,No injury/unknown,TIRE FAILURE OR DEFECTIVE,39.16337885,-86.5731243
5,1,400.0,2-Car,No injury/unknown,ALCOHOLIC BEVERAGES,39.16336698,-86.5888
4,5,2000.0,2-Car,Non-incapacitating,FAILURE TO YIELD RIGHT OF WAY,39.163344,-86.5272
5,6,1100.0,2-Car,No injury/unknown,FAILURE TO YIELD RIGHT OF WAY,39.163344,-86.5272
7,4,800.0,2-Car,No injury/unknown,FAILURE TO YIELD RIGHT OF WAY,39.163344,-86.5272
9,4,1100.0,2-Car,No injury/unknown,FAILURE TO YIELD RIGHT OF WAY,39.163344,-86.5272
10,3,2100.0,2-Car,No injury/unknown,FAILURE TO YIELD RIGHT OF WAY,39.163344,-86.5272
2,1,1400.0,2-Car,No injury/unknown,OTHER (DRIVER) - EXPLAIN IN NARRATIVE,39.163296,-86.524
9,4,1200.0,2-Car,Non-incapacitating,FAILURE TO YIELD RIGHT OF WAY,39.163296,-86.524
10,7,300.0,1-Car,No injury/unknown,UNSAFE SPEED,39.16323,-86.52783
6,4,1800.0,2-Car,No injury/unknown,DRIVER DISTRACTED - EXPLAIN IN NARRATIVE,39.16321865,-86.53482941
2,1,1600.0,2-Car,No injury/unknown,FAILURE TO YIELD RIGHT OF WAY,39.1632,-86.517584
2,3,1500.0,2-Car,No injury/unknown,FAILURE TO YIELD RIGHT OF WAY,39.1632,-86.517584
2,7,1700.0,2-Car,No injury/unknown,OTHER (DRIVER) - EXPLAIN IN NARRATIVE,39.16317733,-86.508288
9,6,1600.0,2-Car,Non-incapacitating,DRIVER DISTRACTED - EXPLAIN IN NARRATIVE,39.16317313,-86.52105931
8,3,2000.0,2-Car,No injury/unknown,DISREGARD SIGNAL/REG SIGN,39.163168,-86.516384
10,2,2200.0,2-Car,No injury/unknown,IMPROPER TURNING,39.163168,-86.516384
3,4,1400.0,1-Car,No injury/unknown,OTHER (DRIVER) - EXPLAIN IN NARRATIVE,39.163152,-86.515168
3,6,1200.0,2-Car,No injury/unknown,ROADWAY SURFACE CONDITION,39.163152,-86.515168
4,7,200.0,1-Car,No injury/unknown,RAN OFF ROAD RIGHT,39.163152,-86.515168
7,3,700.0,2-Car,No injury/unknown,IMPROPER TURNING,39.163152,-86.515168
1,6,1900.0,2-Car,Non-incapacitating,FAILURE TO YIELD RIGHT OF WAY,39.16314,-86.52727
1,5,1500.0,Pedestrian,No injury/unknown,OTHER (DRIVER) - EXPLAIN IN NARRATIVE,39.16314,-86.52727
2,6,1300.0,2-Car,No injury/unknown,IMPROPER LANE USAGE,39.16314,-86.52725789
4,2,2200.0,2-Car,Non-incapacitating,DISREGARD SIGNAL/REG SIGN,39.16314,-86.52727
7,6,1500.0,1-Car,No injury/unknown,OTHER (DRIVER) - EXPLAIN IN NARRATIVE,39.16314,-86.52724404
8,6,1500.0,2-Car,Non-incapacitating,FAILURE TO YIELD RIGHT OF WAY,39.16314,-86.52727
8,6,1300.0,2-Car,Non-incapacitating,FAILURE TO YIELD RIGHT OF WAY,39.16314,-86.52727
8,5,2000.0,2-Car,No injury/unknown,DISREGARD SIGNAL/REG SIGN,39.16314,-86.52727
9,2,1500.0,1-Car,Non-incapacitating,RAN OFF ROAD RIGHT,39.16314,-86.52726567
9,6,1700.0,2-Car,No injury/unknown,DISREGARD SIGNAL/REG SIGN,39.16314,-86.52727
10,7,2200.0,2-Car,Non-incapacitating,FAILURE TO YIELD RIGHT OF WAY,39.16314,-86.52727
6,2,1000.0,2-Car,No injury/unknown,FAILURE TO YIELD RIGHT OF WAY,39.16313863,-86.51427237
8,4,1500.0,1-Car,Non-incapacitating,RAN OFF ROAD RIGHT,39.16313613,-86.508288
1,2,1000.0,2-Car,No injury/unknown,,39.16312,-86.52262
1,7,1800.0,2-Car,Non-incapacitating,FAILURE TO YIELD RIGHT OF WAY,39.16312,-86.513088
2,3,1000.0,3+ Cars,No injury/unknown,ROADWAY SURFACE CONDITION,39.16312,-86.522619
9,1,1300.0,2-Car,No injury/unknown,IMPROPER LANE USAGE,39.16312,-86.5259
11,3,1300.0,2-Car,No injury/unknown,FAILURE TO YIELD RIGHT OF WAY,39.16312,-86.52588702
12,4,1100.0,2-Car,No injury/unknown,ROADWAY SURFACE CONDITION,39.16312,-86.525899
11,3,1300.0,2-Car,No injury/unknown,FAILURE TO YIELD RIGHT OF WAY,39.163116,-86.522225
4,6,1800.0,2-Car,Non-incapacitating,UNSAFE SPEED,39.16311,-86.52403
4,2,700.0,2-Car,No injury/unknown,ALCOHOLIC BEVERAGES,39.16311,-86.524029
7,3,800.0,2-Car,No injury/unknown,IMPROPER TURNING,39.16311,-86.524029
10,5,1100.0,2-Car,No injury/unknown,OVERCORRECTING/OVERSTEERING,39.16311,-86.524029
3,6,1400.0,2-Car,No injury/unknown,FOLLOWING TOO CLOSELY,39.16309,-86.52021
9,6,1300.0,2-Car,No injury/unknown,IMPROPER TURNING,39.16309,-86.52021
3,3,2100.0,1-Car,No injury/unknown,IMPROPER TURNING,39.16308,-86.51527
3,6,1000.0,2-Car,No injury/unknown,OTHER (ENVIRONMENTAL) - EXPLAIN IN NARR,39.16308,-86.51418
6,5,1500.0,2-Car,No injury/unknown,IMPROPER TURNING,39.16308,-86.51527
8,6,100.0,1-Car,No injury/unknown,ALCOHOLIC BEVERAGES,39.16308,-86.51527
10,3,1500.0,2-Car,No injury/unknown,FOLLOWING TOO CLOSELY,39.16308,-86.51418
12,2,1500.0,2-Car,No injury/unknown,FAILURE TO YIELD RIGHT OF WAY,39.163072,-86.5096
10,6,1900.0,2-Car,No injury/unknown,IMPROPER LANE USAGE,39.16307,-86.51913
11,4,1700.0,2-Car,Non-incapacitating,FOLLOWING TOO CLOSELY,39.16307,-86.5191274
9,5,1600.0,2-Car,No injury/unknown,BRAKE FAILURE OR DEFECTIVE,39.16306,-86.51773
2,7,1500.0,2-Car,No injury/unknown,OTHER (DRIVER) - EXPLAIN IN NARRATIVE,39.16305,-86.51639
3,6,1900.0,2-Car,No injury/unknown,SPEED TOO FAST FOR WEATHER CONDITIONS,39.16305,-86.51639
8,5,2200.0,2-Car,Non-incapacitating,IMPROPER LANE USAGE,39.16305,-86.51639
9,1,900.0,2-Car,Non-incapacitating,DISREGARD SIGNAL/REG SIGN,39.16305,-86.51639
5,6,1500.0,2-Car,No injury/unknown,FAILURE TO YIELD RIGHT OF WAY,39.16304453,-86.51771252
9,2,1700.0,2-Car,No injury/unknown,FAILURE TO YIELD RIGHT OF WAY,39.16304453,-86.51771252
9,2,1500.0,2-Car,No injury/unknown,FAILURE TO YIELD RIGHT OF WAY,39.16304,-86.508288
5,5,1000.0,2-Car,No injury/unknown,OTHER (DRIVER) - EXPLAIN IN NARRATIVE,39.162992,-86.538592
8,6,700.0,2-Car,No injury/unknown,DRIVER DISTRACTED - EXPLAIN IN NARRATIVE,39.16297645,-86.49804622
8,1,1700.0,2-Car,No injury/unknown,FAILURE TO YIELD RIGHT OF WAY,39.16297021,-86.49803817
11,6,1700.0,2-Car,No injury/unknown,FOLLOWING TOO CLOSELY,39.16295,-86.4808
12,7,1400.0,1-Car,No injury/unknown,OTHER (DRIVER) - EXPLAIN IN NARRATIVE,39.162944,-86.534832
3,6,2300.0,2-Car,No injury/unknown,DISREGARD SIGNAL/REG SIGN,39.162928,-86.498112
2,6,1100.0,2-Car,No injury/unknown,UNSAFE BACKING,39.162848,-86.527184
3,4,1800.0,1-Car,No injury/unknown,UNSAFE BACKING,39.162848,-86.5336
5,6,1700.0,2-Car,No injury/unknown,UNSAFE BACKING,39.162848,-86.527184
9,2,1100.0,2-Car,No injury/unknown,DRIVER ILLNESS,39.162848,-86.527184
9,3,900.0,2-Car,No injury/unknown,FAILURE TO YIELD RIGHT OF WAY,39.162848,-86.529744
12,3,1900.0,2-Car,No injury/unknown,ROADWAY SURFACE CONDITION,39.162848,-86.5293912
4,2,2100.0,3+ Cars,Non-incapacitating,IMPROPER LANE USAGE,39.16270321,-86.5348
7,6,900.0,2-Car,No injury/unknown,FAILURE TO YIELD RIGHT OF WAY,39.16267,-86.5505
9,3,1200.0,Moped/Motorcycle,Non-incapacitating,FAILURE TO YIELD RIGHT OF WAY,39.16267,-86.5505
9,6,1800.0,1-Car,No injury/unknown,OTHER (DRIVER) - EXPLAIN IN NARRATIVE,39.16264,-86.583808
4,4,1500.0,3+ Cars,No injury/unknown,OTHER (VEHICLE) - EXPLAIN IN NARRATIVE,39.16255959,-86.5561255
6,1,1700.0,1-Car,Non-incapacitating,OTHER (VEHICLE) - EXPLAIN IN NARRATIVE,39.16255508,-86.57314684
4,3,500.0,3+ Cars,No injury/unknown,OTHER (DRIVER) - EXPLAIN IN NARRATIVE,39.16243664,-86.54227638
2,2,2100.0,Pedestrian,Non-incapacitating,LEFT OF CENTER,39.162411,-86.476249
5,3,1500.0,2-Car,No injury/unknown,FAILURE TO YIELD RIGHT OF WAY,39.16241,-86.540938
5,6,1400.0,2-Car,No injury/unknown,FAILURE TO YIELD RIGHT OF WAY,39.1624,-86.538592
8,2,1900.0,2-Car,No injury/unknown,FAILURE TO YIELD RIGHT OF WAY,39.1624,-86.53869
10,6,1400.0,2-Car,No injury/unknown,UNSAFE BACKING,39.16237859,-86.55598207
1,6,700.0,2-Car,No injury/unknown,FAILURE TO YIELD RIGHT OF WAY,39.16224,-86.52016
6,6,1800.0,2-Car,No injury/unknown,FAILURE TO YIELD RIGHT OF WAY,39.16224,-86.5176
8,5,2300.0,2-Car,No injury/unknown,UNSAFE BACKING,39.16224,-86.514096
10,5,1100.0,2-Car,Incapacitating,DISREGARD SIGNAL/REG SIGN,39.16224,-86.516368
10,1,0.0,2-Car,No injury/unknown,OTHER (DRIVER) - EXPLAIN IN NARRATIVE,39.16224,-86.522576
10,4,1500.0,Moped/Motorcycle,No injury/unknown,OTHER (DRIVER) - EXPLAIN IN NARRATIVE,39.16224,-86.522576
4,1,0.0,2-Car,No injury/unknown,OTHER (DRIVER) - EXPLAIN IN NARRATIVE,39.162224,-86.527237
10,7,300.0,2-Car,No injury/unknown,,39.16222,-86.50971
1,7,1700.0,2-Car,No injury/unknown,FAILURE TO YIELD RIGHT OF WAY,39.1622,-86.51914
2,1,1100.0,2-Car,No injury/unknown,LEFT OF CENTER,39.1622,-86.51914519
1,5,1600.0,Pedestrian,Non-incapacitating,OTHER (DRIVER) - EXPLAIN IN NARRATIVE,39.16218,-86.51638
12,7,1500.0,1-Car,No injury/unknown,RAN OFF ROAD RIGHT,39.16216,-86.60239866
10,5,1400.0,Moped/Motorcycle,No injury/unknown,UNSAFE BACKING,39.16214978,-86.55574984
12,4,900.0,2-Car,No injury/unknown,OTHER (ENVIRONMENTAL) - EXPLAIN IN NARR,39.16204732,-86.55561324
3,6,2000.0,2-Car,No injury/unknown,ANIMAL/OBJECT IN ROADWAY,39.16200597,-86.57316611
3,3,1600.0,2-Car,No injury/unknown,FAILURE TO YIELD RIGHT OF WAY,39.16200597,-86.57316611
9,5,1000.0,2-Car,No injury/unknown,UNSAFE BACKING,39.161945,-86.524012
8,6,1800.0,2-Car,Non-incapacitating,OTHER (DRIVER) - EXPLAIN IN NARRATIVE,39.16189091,-86.49789455
6,1,1300.0,2-Car,No injury/unknown,UNSAFE BACKING,39.161835,-86.497851
7,5,700.0,2-Car,No injury/unknown,OTHER (DRIVER) - EXPLAIN IN NARRATIVE,39.161746,-86.579137
3,6,1000.0,2-Car,Non-incapacitating,FAILURE TO YIELD RIGHT OF WAY,39.161648,-86.546128
7,7,1500.0,2-Car,No injury/unknown,UNSAFE BACKING,39.16162533,-86.537296
11,7,1500.0,2-Car,No injury/unknown,OTHER (DRIVER) - EXPLAIN IN NARRATIVE,39.16155318,-86.54101423
10,5,1700.0,2-Car,No injury/unknown,IMPROPER LANE USAGE,39.16154417,-86.54035571
3,4,1200.0,2-Car,No injury/unknown,UNSAFE BACKING,39.16153675,-86.53981487
4,5,1500.0,3+ Cars,No injury/unknown,SPEED TOO FAST FOR WEATHER CONDITIONS,39.16152,-86.538592
5,7,900.0,2-Car,Non-incapacitating,DISREGARD SIGNAL/REG SIGN,39.16152,-86.538592
6,1,1100.0,2-Car,No injury/unknown,CELL PHONE USAGE,39.16152,-86.538592
8,6,1500.0,2-Car,No injury/unknown,OTHER (DRIVER) - EXPLAIN IN NARRATIVE,39.16152,-86.538592
8,4,1700.0,2-Car,No injury/unknown,FOLLOWING TOO CLOSELY,39.16152,-86.538592
12,7,1000.0,2-Car,No injury/unknown,ROADWAY SURFACE CONDITION,39.16152,-86.538592
12,2,1500.0,Bus,No injury/unknown,IMPROPER PASSING,39.16151565,-86.53841569
12,3,1300.0,2-Car,Non-incapacitating,FOLLOWING TOO CLOSELY,39.161488,-86.537296
4,6,1900.0,Pedestrian,Non-incapacitating,PEDESTRIAN ACTION,39.161472,-86.53624
6,5,700.0,1-Car,Non-incapacitating,RAN OFF ROAD RIGHT,39.161472,-86.53624
9,2,1500.0,2-Car,Non-incapacitating,BRAKE FAILURE OR DEFECTIVE,39.161472,-86.53624
9,5,1700.0,2-Car,Non-incapacitating,OTHER (DRIVER) - EXPLAIN IN NARRATIVE,39.161472,-86.53624
4,4,1700.0,2-Car,No injury/unknown,,39.16144727,-86.53510982
8,5,1300.0,2-Car,No injury/unknown,UNSAFE BACKING,39.16144,-86.5308796
1,3,1700.0,2-Car,No injury/unknown,FOLLOWING TOO CLOSELY,39.16144,-86.534848
2,4,0.0,2-Car,No injury/unknown,UNSAFE BACKING,39.16144,-86.5324
2,4,900.0,2-Car,No injury/unknown,ROADWAY SURFACE CONDITION,39.16144,-86.534848
4,1,0.0,2-Car,No injury/unknown,UNSAFE BACKING,39.16144,-86.531056
5,5,900.0,2-Car,Non-incapacitating,INSECURE/LEAKY LOAD,39.16144,-86.534848
7,2,2100.0,1-Car,Non-incapacitating,RAN OFF ROAD RIGHT,39.16144,-86.523952
7,2,1700.0,2-Car,No injury/unknown,FOLLOWING TOO CLOSELY,39.16144,-86.534848
8,3,1200.0,2-Car,No injury/unknown,FAILURE TO YIELD RIGHT OF WAY,39.16144,-86.531056
11,7,2000.0,2-Car,No injury/unknown,DISREGARD SIGNAL/REG SIGN,39.16144,-86.534848
11,6,1200.0,2-Car,No injury/unknown,FAILURE TO YIELD RIGHT OF WAY,39.16144,-86.52976
11,6,1200.0,2-Car,No injury/unknown,FOLLOWING TOO CLOSELY,39.16144,-86.5324
12,3,1500.0,3+ Cars,Non-incapacitating,FAILURE TO YIELD RIGHT OF WAY,39.16144,-86.531056
12,6,1500.0,Cyclist,Non-incapacitating,OTHER (VEHICLE) - EXPLAIN IN NARRATIVE,39.16144,-86.5324
4,3,1600.0,Moped/Motorcycle,Non-incapacitating,OTHER (DRIVER) - EXPLAIN IN NARRATIVE,39.16143,-86.54614
9,7,1300.0,2-Car,No injury/unknown,FOLLOWING TOO CLOSELY,39.16143,-86.54614
10,4,1300.0,Moped/Motorcycle,Incapacitating,FAILURE TO YIELD RIGHT OF WAY,39.16143,-86.54614
10,5,1500.0,2-Car,No injury/unknown,DRIVER DISTRACTED - EXPLAIN IN NARRATIVE,39.16143,-86.54614
8,3,1400.0,2-Car,No injury/unknown,UNSAFE BACKING,39.16142,-86.544604
8,5,900.0,Bus,No injury/unknown,OTHER (DRIVER) - EXPLAIN IN NARRATIVE,39.16142,-86.544604
6,5,1500.0,2-Car,No injury/unknown,FOLLOWING TOO CLOSELY,39.16141,-86.53744
9,1,1000.0,1-Car,No injury/unknown,RAN OFF ROAD RIGHT,39.16141,-86.537515
10,4,1400.0,2-Car,No injury/unknown,FOLLOWING TOO CLOSELY,39.16141,-86.53744
11,6,1600.0,2-Car,No injury/unknown,SPEED TOO FAST FOR WEATHER CONDITIONS,39.16141,-86.54225
1,2,2200.0,Moped/Motorcycle,No injury/unknown,ALCOHOLIC BEVERAGES,39.1614,-86.53363
1,4,1700.0,2-Car,No injury/unknown,OTHER (DRIVER) - EXPLAIN IN NARRATIVE,39.1614,-86.539965
1,1,1800.0,2-Car,No injury/unknown,OTHER (DRIVER) - EXPLAIN IN NARRATIVE,39.1614,-86.539965
2,2,1500.0,2-Car,No injury/unknown,DISREGARD SIGNAL/REG SIGN,39.1614,-86.53363
3,6,2000.0,2-Car,No injury/unknown,ROADWAY SURFACE CONDITION,39.1614,-86.53867
3,6,1600.0,2-Car,No injury/unknown,DISREGARD SIGNAL/REG SIGN,39.1614,-86.53867
3,5,1400.0,2-Car,No injury/unknown,FAILURE TO YIELD RIGHT OF WAY,39.1614,-86.53867
4,5,1200.0,2-Car,No injury/unknown,,39.1614,-86.538669
5,6,1500.0,2-Car,No injury/unknown,FAILURE TO YIELD RIGHT OF WAY,39.1614,-86.53363
5,7,1600.0,2-Car,No injury/unknown,OTHER (DRIVER) - EXPLAIN IN NARRATIVE,39.1614,-86.539965
5,7,0.0,2-Car,No injury/unknown,OTHER (DRIVER) - EXPLAIN IN NARRATIVE,39.1614,-86.53363
6,3,800.0,2-Car,No injury/unknown,,39.1614,-86.539965
6,7,2000.0,Pedestrian,Non-incapacitating,FAILURE TO YIELD RIGHT OF WAY,39.1614,-86.53867
6,5,700.0,2-Car,No injury/unknown,,39.1614,-86.539965
8,2,1500.0,2-Car,No injury/unknown,FAILURE TO YIELD RIGHT OF WAY,39.1614,-86.53867
9,4,1700.0,2-Car,No injury/unknown,DRIVER DISTRACTED - EXPLAIN IN NARRATIVE,39.1614,-86.53868731
9,3,2300.0,2-Car,No injury/unknown,DISREGARD SIGNAL/REG SIGN,39.1614,-86.53363
9,2,700.0,2-Car,No injury/unknown,FAILURE TO YIELD RIGHT OF WAY,39.1614,-86.53363
11,4,700.0,1-Car,No injury/unknown,DRIVER ASLEEP OR FATIGUED,39.1614,-86.53867
8,6,1600.0,3+ Cars,No injury/unknown,FAILURE TO YIELD RIGHT OF WAY,39.16139,-86.53631
9,3,1900.0,2-Car,No injury/unknown,DRIVER DISTRACTED - EXPLAIN IN NARRATIVE,39.16139,-86.53631
6,4,2200.0,2-Car,Non-incapacitating,DISREGARD SIGNAL/REG SIGN,39.16138,-86.53493
10,7,2100.0,2-Car,No injury/unknown,DISREGARD SIGNAL/REG SIGN,39.16138,-86.53493
1,3,1700.0,2-Car,No injury/unknown,OTHER (DRIVER) - EXPLAIN IN NARRATIVE,39.16136,-86.531019
1,4,1500.0,2-Car,No injury/unknown,OTHER (VEHICLE) - EXPLAIN IN NARRATIVE,39.16136,-86.52988
2,1,1600.0,2-Car,No injury/unknown,OTHER (DRIVER) - EXPLAIN IN NARRATIVE,39.16136,-86.53241
3,3,1600.0,2-Car,No injury/unknown,FAILURE TO YIELD RIGHT OF WAY,39.16136,-86.53124