Month,Day,Hour,Collision Type,Injury Type,Primary Factor,Latitude,Longitude
3,5,1700.0,2-Car,No injury/unknown,FAILURE TO YIELD RIGHT OF WAY,39.16136,-86.53124
5,6,1700.0,2-Car,No injury/unknown,IMPROPER LANE USAGE,39.16136,-86.52988
8,4,1600.0,2-Car,No injury/unknown,DISREGARD SIGNAL/REG SIGN,39.16136,-86.53124
11,5,1700.0,2-Car,No injury/unknown,FAILURE TO YIELD RIGHT OF WAY,39.16136,-86.53241865
10,6,1400.0,2-Car,No injury/unknown,ROADWAY SURFACE CONDITION,39.16135,-86.52841
7,5,1200.0,2-Car,No injury/unknown,OTHER (DRIVER) - EXPLAIN IN NARRATIVE,39.161346,-86.527822
2,3,1900.0,2-Car,No injury/unknown,ROADWAY SURFACE CONDITION,39.16134,-86.5271827
6,4,100.0,1-Car,No injury/unknown,IMPROPER TURNING,39.16134,-86.5272
11,3,1100.0,2-Car,No injury/unknown,FAILURE TO YIELD RIGHT OF WAY,39.16134,-86.5272
11,2,1500.0,2-Car,No injury/unknown,IMPROPER LANE USAGE,39.16134,-86.5272
12,1,1500.0,2-Car,No injury/unknown,RAN OFF ROAD RIGHT,39.16134,-86.52591481
11,2,2200.0,2-Car,No injury/unknown,UNSAFE BACKING,39.16131251,-86.53561
2,7,1200.0,2-Car,No injury/unknown,OTHER (DRIVER) - EXPLAIN IN NARRATIVE,39.161312,-86.522576
8,3,100.0,2-Car,No injury/unknown,IMPROPER LANE USAGE,39.161312,-86.522576
4,4,1500.0,2-Car,No injury/unknown,FAILURE TO YIELD RIGHT OF WAY,39.16130823,-86.49593
11,6,900.0,2-Car,No injury/unknown,OTHER (DRIVER) - EXPLAIN IN NARRATIVE,39.161306,-86.502442
8,4,1100.0,2-Car,No injury/unknown,OTHER (DRIVER) - EXPLAIN IN NARRATIVE,39.16130286,-86.52584196
5,6,1500.0,2-Car,No injury/unknown,UNSAFE BACKING,39.161296,-86.589792
2,3,1400.0,2-Car,No injury/unknown,SPEED TOO FAST FOR WEATHER CONDITIONS,39.161264,-86.520128
2,7,1700.0,2-Car,No injury/unknown,FAILURE TO YIELD RIGHT OF WAY,39.161168,-86.516352
10,1,500.0,1-Car,No injury/unknown,OTHER (DRIVER) - EXPLAIN IN NARRATIVE,39.161168,-86.516352
9,4,1700.0,2-Car,No injury/unknown,DRIVER DISTRACTED - EXPLAIN IN NARRATIVE,39.16116537,-86.53485239
10,1,1300.0,Pedestrian,Non-incapacitating,OTHER (DRIVER) - EXPLAIN IN NARRATIVE,39.16115717,-86.53485253
11,3,1000.0,2-Car,No injury/unknown,UNSAFE BACKING,39.16115717,-86.53485253
10,3,1700.0,3+ Cars,Non-incapacitating,FOLLOWING TOO CLOSELY,39.161136,-86.51512
4,7,1000.0,2-Car,No injury/unknown,OTHER (DRIVER) - EXPLAIN IN NARRATIVE,39.16107061,-86.52260976
2,5,0.0,2-Car,No injury/unknown,OTHER (DRIVER) - EXPLAIN IN NARRATIVE,39.16107,-86.522529
5,2,1300.0,1-Car,No injury/unknown,OTHER (VEHICLE) - EXPLAIN IN NARRATIVE,39.16107,-86.522529
8,6,1700.0,Pedestrian,Non-incapacitating,OTHER (DRIVER) - EXPLAIN IN NARRATIVE,39.16107,-86.522529
8,2,1500.0,1-Car,No injury/unknown,OTHER (DRIVER) - EXPLAIN IN NARRATIVE,39.16107,-86.522516
10,3,900.0,Cyclist,Non-incapacitating,DISREGARD SIGNAL/REG SIGN,39.16106,-86.51914
5,3,500.0,2-Car,No injury/unknown,DRIVER DISTRACTED - EXPLAIN IN NARRATIVE,39.16104,-86.5108
12,1,1600.0,2-Car,No injury/unknown,OTHER (DRIVER) - EXPLAIN IN NARRATIVE,39.16104,-86.51639
12,4,2200.0,2-Car,No injury/unknown,DISREGARD SIGNAL/REG SIGN,39.16099,-86.50847
11,6,1200.0,2-Car,Non-incapacitating,RAN OFF ROAD RIGHT,39.160983,-86.50839
11,4,1200.0,2-Car,No injury/unknown,FAILURE TO YIELD RIGHT OF WAY,39.16097863,-86.50224214
2,3,1400.0,2-Car,No injury/unknown,OTHER (DRIVER) - EXPLAIN IN NARRATIVE,39.16095,-86.505822
3,2,1500.0,2-Car,No injury/unknown,FAILURE TO YIELD RIGHT OF WAY,39.16094402,-86.50310559
2,3,1700.0,2-Car,No injury/unknown,ROADWAY SURFACE CONDITION,39.160944,-86.508288
3,3,1700.0,2-Car,No injury/unknown,FAILURE TO YIELD RIGHT OF WAY,39.160944,-86.497696
3,5,1700.0,Moped/Motorcycle,Non-incapacitating,IMPROPER TURNING,39.160944,-86.5024
7,6,1900.0,2-Car,No injury/unknown,FAILURE TO YIELD RIGHT OF WAY,39.160944,-86.497696
7,1,1800.0,2-Car,No injury/unknown,WRONG WAY ON ONE WAY,39.160944,-86.497696
9,2,1500.0,2-Car,No injury/unknown,FAILURE TO YIELD RIGHT OF WAY,39.160944,-86.508288
10,2,1200.0,2-Car,No injury/unknown,FAILURE TO YIELD RIGHT OF WAY,39.160944,-86.497696
11,4,1300.0,2-Car,Non-incapacitating,DRIVER ASLEEP OR FATIGUED,39.160944,-86.497696
12,1,1100.0,2-Car,Non-incapacitating,OTHER (DRIVER) - EXPLAIN IN NARRATIVE,39.160944,-86.497696
1,4,1500.0,2-Car,No injury/unknown,FAILURE TO YIELD RIGHT OF WAY,39.16094,-86.49772
5,6,1400.0,2-Car,No injury/unknown,DISREGARD SIGNAL/REG SIGN,39.16094,-86.49772
8,2,1500.0,2-Car,Non-incapacitating,DISREGARD SIGNAL/REG SIGN,39.16094,-86.49772
9,3,1200.0,2-Car,No injury/unknown,FOLLOWING TOO CLOSELY,39.16094,-86.49772
9,1,1700.0,2-Car,No injury/unknown,FAILURE TO YIELD RIGHT OF WAY,39.16094,-86.49772
11,5,1800.0,2-Car,No injury/unknown,FAILURE TO YIELD RIGHT OF WAY,39.16094,-86.49772
3,6,1400.0,1-Car,No injury/unknown,FOLLOWING TOO CLOSELY,39.16092,-86.50244568
6,5,1800.0,2-Car,No injury/unknown,FAILURE TO YIELD RIGHT OF WAY,39.16092,-86.50245
5,6,2300.0,2-Car,Non-incapacitating,UNSAFE SPEED,39.16090327,-86.49768026
1,2,1100.0,2-Car,No injury/unknown,UNSAFE BACKING,39.160811,-86.534946
7,1,1200.0,2-Car,No injury/unknown,DISREGARD SIGNAL/REG SIGN,39.16075,-86.54851
8,6,2000.0,2-Car,Non-incapacitating,OTHER (DRIVER) - EXPLAIN IN NARRATIVE,39.16075,-86.54851
10,3,1800.0,2-Car,No injury/unknown,DISREGARD SIGNAL/REG SIGN,39.16075,-86.54851
12,7,2300.0,2-Car,No injury/unknown,ROADWAY SURFACE CONDITION,39.16075,-86.54851
4,3,0.0,2-Car,No injury/unknown,OTHER (DRIVER) - EXPLAIN IN NARRATIVE,39.160695,-86.548638
6,5,1100.0,Moped/Motorcycle,No injury/unknown,UNSAFE BACKING,39.16061486,-86.538592
3,5,800.0,2-Car,No injury/unknown,FOLLOWING TOO CLOSELY,39.160544,-86.5508
9,1,1700.0,3+ Cars,No injury/unknown,IMPROPER TURNING,39.160544,-86.5508
12,2,800.0,2-Car,No injury/unknown,OTHER (DRIVER) - EXPLAIN IN NARRATIVE,39.160544,-86.5508
1,5,1100.0,2-Car,No injury/unknown,OTHER (DRIVER) - EXPLAIN IN NARRATIVE,39.16053,-86.538669
3,7,1600.0,2-Car,No injury/unknown,DRIVER DISTRACTED - EXPLAIN IN NARRATIVE,39.16050226,-86.55096805
1,2,1400.0,Cyclist,Non-incapacitating,FOLLOWING TOO CLOSELY,39.16039469,-86.508288
8,5,2000.0,2-Car,No injury/unknown,OTHER (DRIVER) - EXPLAIN IN NARRATIVE,39.16039,-86.52988
10,4,1400.0,2-Car,No injury/unknown,FAILURE TO YIELD RIGHT OF WAY,39.16039,-86.52719
11,6,1700.0,2-Car,No injury/unknown,OTHER (DRIVER) - EXPLAIN IN NARRATIVE,39.16039,-86.52991461
1,2,1500.0,2-Car,Non-incapacitating,FOLLOWING TOO CLOSELY,39.16038,-86.55083
9,3,1000.0,2-Car,Non-incapacitating,FOLLOWING TOO CLOSELY,39.16038,-86.55083
11,5,800.0,1-Car,No injury/unknown,OTHER (DRIVER) - EXPLAIN IN NARRATIVE,39.16038,-86.550889
4,2,1600.0,2-Car,No injury/unknown,OTHER (DRIVER) - EXPLAIN IN NARRATIVE,39.16037,-86.52594
1,7,1400.0,1-Car,No injury/unknown,UNSAFE BACKING,39.160369,-86.533645
2,7,2200.0,2-Car,No injury/unknown,OTHER (DRIVER) - EXPLAIN IN NARRATIVE,39.160352,-86.531072
12,3,2100.0,2-Car,No injury/unknown,UNSAFE BACKING,39.16032,-86.527136
1,6,1000.0,2-Car,No injury/unknown,UNSAFE BACKING,39.16019293,-86.55386471
10,3,1600.0,2-Car,No injury/unknown,OTHER (DRIVER) - EXPLAIN IN NARRATIVE,39.16019293,-86.55386471
12,6,900.0,2-Car,No injury/unknown,OTHER (DRIVER) - EXPLAIN IN NARRATIVE,39.16017815,-86.52011014
11,7,1700.0,2-Car,No injury/unknown,OTHER (DRIVER) - EXPLAIN IN NARRATIVE,39.160147,-86.553197
2,6,1900.0,2-Car,No injury/unknown,UNSAFE BACKING,39.15998862,-86.55307876
4,5,1500.0,2-Car,No injury/unknown,OTHER (DRIVER) - EXPLAIN IN NARRATIVE,39.15994021,-86.55379641
6,3,1200.0,2-Car,No injury/unknown,FAILURE TO YIELD RIGHT OF WAY,39.15994021,-86.55379641
6,3,800.0,3+ Cars,No injury/unknown,FAILURE TO YIELD RIGHT OF WAY,39.15994021,-86.55379641
8,7,600.0,1-Car,No injury/unknown,RAN OFF ROAD RIGHT,39.15994021,-86.55379641
10,3,900.0,2-Car,Non-incapacitating,FAILURE TO YIELD RIGHT OF WAY,39.15994021,-86.55381805
12,7,2200.0,Bus,No injury/unknown,SPEED TOO FAST FOR WEATHER CONDITIONS,39.15994021,-86.55379641
10,6,1500.0,2-Car,Non-incapacitating,FOLLOWING TOO CLOSELY,39.15989017,-86.4977324
6,6,1600.0,2-Car,No injury/unknown,DISREGARD SIGNAL/REG SIGN,39.159504,-86.538592
12,4,800.0,3+ Cars,No injury/unknown,IMPROPER LANE USAGE,39.159504,-86.538592
9,6,1700.0,2-Car,No injury/unknown,FAILURE TO YIELD RIGHT OF WAY,39.159472,-86.536272
5,3,900.0,2-Car,No injury/unknown,OTHER (DRIVER) - EXPLAIN IN NARRATIVE,39.159431,-86.490626
1,2,1700.0,2-Car,Non-incapacitating,OTHER (DRIVER) - EXPLAIN IN NARRATIVE,39.15937,-86.53499
10,3,1200.0,3+ Cars,Non-incapacitating,DISREGARD SIGNAL/REG SIGN,39.15937,-86.53499
4,3,1200.0,Bus,No injury/unknown,IMPROPER TURNING,39.15935,-86.53128
4,7,1200.0,2-Car,No injury/unknown,FAILURE TO YIELD RIGHT OF WAY,39.159344,-86.5336
9,3,1300.0,2-Car,No injury/unknown,DISREGARD SIGNAL/REG SIGN,39.159344,-86.52712
9,4,1000.0,1-Car,No injury/unknown,OTHER (DRIVER) - EXPLAIN IN NARRATIVE,39.159344,-86.523696
9,3,1700.0,2-Car,No injury/unknown,FAILURE TO YIELD RIGHT OF WAY,39.159344,-86.520096
10,6,0.0,2-Car,No injury/unknown,OTHER (DRIVER) - EXPLAIN IN NARRATIVE,39.159344,-86.520096
12,5,1400.0,2-Car,No injury/unknown,DISREGARD SIGNAL/REG SIGN,39.159344,-86.5336
9,1,1000.0,2-Car,No injury/unknown,FAILURE TO YIELD RIGHT OF WAY,39.15928,-86.52019351
9,3,1200.0,2-Car,No injury/unknown,FAILURE TO YIELD RIGHT OF WAY,39.15928,-86.5202
6,4,1900.0,2-Car,No injury/unknown,FOLLOWING TOO CLOSELY,39.15926,-86.55528
7,3,1600.0,3+ Cars,No injury/unknown,FOLLOWING TOO CLOSELY,39.15926,-86.55528
3,5,1100.0,2-Car,Non-incapacitating,FAILURE TO YIELD RIGHT OF WAY,39.159248,-86.508288
9,5,1500.0,2-Car,No injury/unknown,UNSAFE BACKING,39.159235,-86.497809
9,7,1600.0,2-Car,No injury/unknown,IMPROPER TURNING,39.159079,-86.497821
12,1,1200.0,2-Car,No injury/unknown,UNSAFE BACKING,39.159079,-86.497821
9,3,1500.0,2-Car,No injury/unknown,IMPROPER TURNING,39.15899379,-86.49400145
2,4,1200.0,2-Car,No injury/unknown,DRIVER DISTRACTED - EXPLAIN IN NARRATIVE,39.158848,-86.647104
1,6,900.0,2-Car,No injury/unknown,OTHER (DRIVER) - EXPLAIN IN NARRATIVE,39.158656,-86.522544
5,5,1700.0,2-Car,No injury/unknown,OTHER (DRIVER) - EXPLAIN IN NARRATIVE,39.158549,-86.522427
5,3,200.0,1-Car,Non-incapacitating,ALCOHOLIC BEVERAGES,39.158448,-86.527104
5,1,700.0,2-Car,No injury/unknown,UNSAFE BACKING,39.15841035,-86.54481124
1,5,1500.0,2-Car,No injury/unknown,IMPROPER LANE USAGE,39.15836,-86.53242
6,5,1600.0,2-Car,No injury/unknown,DRIVER DISTRACTED - EXPLAIN IN NARRATIVE,39.15836,-86.53242
4,4,1700.0,2-Car,No injury/unknown,OTHER (DRIVER) - EXPLAIN IN NARRATIVE,39.158352,-86.582752
8,7,1400.0,Moped/Motorcycle,Incapacitating,OTHER (DRIVER) - EXPLAIN IN NARRATIVE,39.158352,-86.582752
12,4,2100.0,2-Car,No injury/unknown,SPEED TOO FAST FOR WEATHER CONDITIONS,39.158328,-86.569314
12,3,2300.0,2-Car,No injury/unknown,SPEED TOO FAST FOR WEATHER CONDITIONS,39.158327,-86.569428
3,6,2300.0,1-Car,No injury/unknown,SPEED TOO FAST FOR WEATHER CONDITIONS,39.158326,-86.569543
7,2,1200.0,2-Car,No injury/unknown,FAILURE TO YIELD RIGHT OF WAY,39.15832,-86.49611
4,4,2200.0,Moped/Motorcycle,No injury/unknown,VIEW OBSTRUCTED,39.15823543,-86.52709714
3,4,2200.0,2-Car,No injury/unknown,IMPROPER TURNING,39.1582325,-86.52873
9,6,1100.0,2-Car,No injury/unknown,DISREGARD SIGNAL/REG SIGN,39.15816,-86.497792
4,4,1400.0,2-Car,No injury/unknown,OTHER (VEHICLE) - EXPLAIN IN NARRATIVE,39.158112,-86.49787
6,5,1500.0,2-Car,No injury/unknown,OVERCORRECTING/OVERSTEERING,39.158112,-86.49787
11,1,1800.0,2-Car,No injury/unknown,IMPROPER TURNING,39.15811,-86.49789
11,5,800.0,2-Car,No injury/unknown,OTHER (DRIVER) - EXPLAIN IN NARRATIVE,39.158063,-86.544727
5,5,1300.0,2-Car,No injury/unknown,OTHER (DRIVER) - EXPLAIN IN NARRATIVE,39.15802,-86.5576
6,2,900.0,2-Car,No injury/unknown,FOLLOWING TOO CLOSELY,39.15802,-86.5576
9,1,1200.0,2-Car,No injury/unknown,UNSAFE BACKING,39.157952,-86.527088
10,6,900.0,2-Car,No injury/unknown,DISREGARD SIGNAL/REG SIGN,39.157904,-86.522544
4,6,1300.0,2-Car,Non-incapacitating,OTHER (DRIVER) - EXPLAIN IN NARRATIVE,39.15789539,-86.49827
11,7,1100.0,2-Car,No injury/unknown,UNSAFE BACKING,39.157888,-86.520272
12,6,500.0,1-Car,No injury/unknown,RAN OFF ROAD RIGHT,39.157856,-86.516288
5,6,200.0,1-Car,Non-incapacitating,ALCOHOLIC BEVERAGES,39.157792,-86.508288
1,4,1000.0,2-Car,No injury/unknown,UNSAFE BACKING,39.15779,-86.511759
4,5,1600.0,2-Car,No injury/unknown,,39.15778299,-86.51913
4,3,900.0,2-Car,No injury/unknown,OTHER (DRIVER) - EXPLAIN IN NARRATIVE,39.15778299,-86.52470809
12,6,600.0,1-Car,No injury/unknown,RAN OFF ROAD RIGHT,39.15773555,-86.54266481
2,7,1300.0,2-Car,No injury/unknown,OTHER (DRIVER) - EXPLAIN IN NARRATIVE,39.15766,-86.496109
1,1,0.0,1-Car,No injury/unknown,ANIMAL/OBJECT IN ROADWAY,39.157552,-86.480592
4,7,2200.0,2-Car,No injury/unknown,FAILURE TO YIELD RIGHT OF WAY,39.157536,-86.5324
4,6,2100.0,2-Car,No injury/unknown,UNSAFE BACKING,39.15752238,-86.55980067
4,1,1600.0,2-Car,No injury/unknown,FAILURE TO YIELD RIGHT OF WAY,39.157504,-86.531104
9,6,2200.0,1-Car,No injury/unknown,OTHER (DRIVER) - EXPLAIN IN NARRATIVE,39.157483,-86.558882
7,6,1000.0,1-Car,No injury/unknown,,39.157456,-86.47352
7,7,700.0,1-Car,No injury/unknown,RAN OFF ROAD RIGHT,39.15744,-86.471456
6,2,1100.0,2-Car,No injury/unknown,IMPROPER LANE USAGE,39.15742,-86.53365
8,3,900.0,2-Car,No injury/unknown,FOLLOWING TOO CLOSELY,39.15742,-86.53365
1,7,1400.0,2-Car,No injury/unknown,FAILURE TO YIELD RIGHT OF WAY,39.15737,-86.5313
2,7,1700.0,2-Car,No injury/unknown,OTHER (DRIVER) - EXPLAIN IN NARRATIVE,39.15737,-86.5313
9,3,1000.0,2-Car,No injury/unknown,DRIVER ILLNESS,39.157358,-86.582643
9,5,1400.0,2-Car,No injury/unknown,BRAKE FAILURE OR DEFECTIVE,39.157324,-86.610447
5,7,1400.0,2-Car,No injury/unknown,FAILURE TO YIELD RIGHT OF WAY,39.157248,-86.559792
7,5,1500.0,2-Car,Non-incapacitating,FOLLOWING TOO CLOSELY,39.157248,-86.559792
8,2,900.0,2-Car,No injury/unknown,UNSAFE BACKING,39.157206,-86.589466
6,6,1600.0,2-Car,No injury/unknown,FOLLOWING TOO CLOSELY,39.15717057,-86.58271305
11,4,1200.0,2-Car,No injury/unknown,FAILURE TO YIELD RIGHT OF WAY,39.15710193,-86.58271079
1,7,1100.0,2-Car,No injury/unknown,FAILURE TO YIELD RIGHT OF WAY,39.1571,-86.55969
3,2,2000.0,2-Car,No injury/unknown,OTHER (DRIVER) - EXPLAIN IN NARRATIVE,39.1571,-86.55969
4,6,2100.0,2-Car,No injury/unknown,ALCOHOLIC BEVERAGES,39.1571,-86.55969
5,2,900.0,3+ Cars,No injury/unknown,DISREGARD SIGNAL/REG SIGN,39.1571,-86.55969
8,3,1800.0,2-Car,Non-incapacitating,IMPROPER TURNING,39.1571,-86.55969
12,7,1400.0,1-Car,No injury/unknown,ROADWAY SURFACE CONDITION,39.1571,-86.55969
1,1,300.0,2-Car,No injury/unknown,UNSAFE BACKING,39.15708005,-86.52253651
2,5,1200.0,2-Car,Incapacitating,FOLLOWING TOO CLOSELY,39.156896,-86.582704
3,4,1800.0,2-Car,No injury/unknown,OTHER (ENVIRONMENTAL) - EXPLAIN IN NARR,39.156896,-86.582704
4,1,1000.0,2-Car,No injury/unknown,DISREGARD SIGNAL/REG SIGN,39.156896,-86.582704
6,7,1200.0,2-Car,No injury/unknown,UNSAFE BACKING,39.15669,-86.571079
10,5,1600.0,Moped/Motorcycle,Non-incapacitating,FOLLOWING TOO CLOSELY,39.15664,-86.527072
10,7,800.0,2-Car,No injury/unknown,FAILURE TO YIELD RIGHT OF WAY,39.15664,-86.538592
7,7,300.0,3+ Cars,No injury/unknown,OTHER (DRIVER) - EXPLAIN IN NARRATIVE,39.15658945,-86.53019236
3,3,1600.0,Pedestrian,Non-incapacitating,OTHER (DRIVER) - EXPLAIN IN NARRATIVE,39.156582,-86.542154
1,5,1900.0,2-Car,No injury/unknown,ALCOHOLIC BEVERAGES,39.15657,-86.54103269
10,4,2000.0,Moped/Motorcycle,Non-incapacitating,FOLLOWING TOO CLOSELY,39.15655,-86.53871
2,2,900.0,2-Car,No injury/unknown,FAILURE TO YIELD RIGHT OF WAY,39.15649,-86.53364
4,3,1700.0,2-Car,No injury/unknown,FAILURE TO YIELD RIGHT OF WAY,39.156448,-86.5116
3,5,500.0,1-Car,No injury/unknown,RAN OFF ROAD RIGHT,39.15629121,-86.40831933
8,7,1700.0,2-Car,No injury/unknown,FAILURE TO YIELD RIGHT OF WAY,39.156243,-86.590301
10,6,1100.0,1-Car,Non-incapacitating,RAN OFF ROAD RIGHT,39.156144,-86.561296
10,6,2000.0,2-Car,Non-incapacitating,FAILURE TO YIELD RIGHT OF WAY,39.156144,-86.561296
11,1,1200.0,2-Car,No injury/unknown,FAILURE TO YIELD RIGHT OF WAY,39.156144,-86.561296
3,7,2200.0,2-Car,Non-incapacitating,FAILURE TO YIELD RIGHT OF WAY,39.15613,-86.56139134
12,1,1800.0,1-Car,No injury/unknown,OTHER (DRIVER) - EXPLAIN IN NARRATIVE,39.15613,-86.5614
5,4,900.0,2-Car,No injury/unknown,OTHER (DRIVER) - EXPLAIN IN NARRATIVE,39.156128,-86.560912
5,4,1100.0,2-Car,No injury/unknown,OTHER (DRIVER) - EXPLAIN IN NARRATIVE,39.156128,-86.560912
8,4,0.0,1-Car,No injury/unknown,OTHER (DRIVER) - EXPLAIN IN NARRATIVE,39.156128,-86.560912
4,5,1700.0,2-Car,Non-incapacitating,FAILURE TO YIELD RIGHT OF WAY,39.15599434,-86.51253
3,2,1500.0,2-Car,No injury/unknown,ROADWAY SURFACE CONDITION,39.15595215,-86.56154844
3,5,700.0,1-Car,Non-incapacitating,OTHER (ENVIRONMENTAL) - EXPLAIN IN NARR,39.155952,-86.555104
4,4,1600.0,2-Car,No injury/unknown,IMPROPER TURNING,39.155952,-86.550592
9,1,1100.0,2-Car,No injury/unknown,OTHER (DRIVER) - EXPLAIN IN NARRATIVE,39.155952,-86.550592
12,7,1200.0,1-Car,No injury/unknown,ROADWAY SURFACE CONDITION,39.155952,-86.555104
11,6,800.0,2-Car,No injury/unknown,FAILURE TO YIELD RIGHT OF WAY,39.15586,-86.55055
1,2,2100.0,1-Car,No injury/unknown,SPEED TOO FAST FOR WEATHER CONDITIONS,39.15570114,-86.49787048
7,4,1600.0,2-Car,No injury/unknown,FAILURE TO YIELD RIGHT OF WAY,39.155664,-86.5324
11,4,1600.0,2-Car,Non-incapacitating,OTHER (DRIVER) - EXPLAIN IN NARRATIVE,39.15565,-86.54432
1,6,1400.0,2-Car,No injury/unknown,OTHER (DRIVER) - EXPLAIN IN NARRATIVE,39.15563,-86.54331
12,2,1200.0,2-Car,No injury/unknown,DISREGARD SIGNAL/REG SIGN,39.15563,-86.54331
1,3,700.0,2-Car,Non-incapacitating,FOLLOWING TOO CLOSELY,39.1556,-86.53368
7,4,1400.0,2-Car,No injury/unknown,UNSAFE BACKING,39.1556,-86.53367135
8,4,1500.0,2-Car,No injury/unknown,FAILURE TO YIELD RIGHT OF WAY,39.1556,-86.53368
2,1,1900.0,2-Car,No injury/unknown,DRIVER DISTRACTED - EXPLAIN IN NARRATIVE,39.15556065,-86.40782992
1,6,1900.0,1-Car,No injury/unknown,RAN OFF ROAD RIGHT,39.15547883,-86.51771607
2,7,900.0,2-Car,No injury/unknown,OTHER (DRIVER) - EXPLAIN IN NARRATIVE,39.15544,-86.5625
4,5,1600.0,2-Car,No injury/unknown,UNSAFE BACKING,39.15544,-86.5625
2,4,1100.0,2-Car,No injury/unknown,UNSAFE BACKING,39.155226,-86.495149
6,6,1300.0,2-Car,No injury/unknown,UNSAFE BACKING,39.15518,-86.497739
6,1,1200.0,2-Car,No injury/unknown,UNSAFE BACKING,39.15518,-86.497739
8,5,1300.0,2-Car,Non-incapacitating,OTHER (DRIVER) - EXPLAIN IN NARRATIVE,39.15518,-86.49774
9,7,2200.0,2-Car,Non-incapacitating,FAILURE TO YIELD RIGHT OF WAY,39.15518,-86.49774
1,5,1900.0,2-Car,No injury/unknown,OTHER (DRIVER) - EXPLAIN IN NARRATIVE,39.155152,-86.497888
4,3,900.0,2-Car,No injury/unknown,DISREGARD SIGNAL/REG SIGN,39.155152,-86.497888
7,1,1600.0,2-Car,No injury/unknown,FAILURE TO YIELD RIGHT OF WAY,39.155152,-86.497888
12,2,1200.0,2-Car,No injury/unknown,FAILURE TO YIELD RIGHT OF WAY,39.155152,-86.497888
10,6,1500.0,2-Car,No injury/unknown,FAILURE TO YIELD RIGHT OF WAY,39.15512493,-86.46925233
12,4,2200.0,1-Car,No injury/unknown,SPEED TOO FAST FOR WEATHER CONDITIONS,39.15507361,-86.40750365
5,7,1300.0,2-Car,No injury/unknown,UNSAFE BACKING,39.15499,-86.570789
4,7,300.0,2-Car,No injury/unknown,FAILURE TO YIELD RIGHT OF WAY,39.15496,-86.56323
9,6,1700.0,2-Car,Non-incapacitating,FAILURE TO YIELD RIGHT OF WAY,39.15491466,-86.538592
12,6,2100.0,1-Car,Non-incapacitating,UNSAFE SPEED,39.15475501,-86.48003537
11,1,1400.0,2-Car,No injury/unknown,OTHER (VEHICLE) - EXPLAIN IN NARRATIVE,39.154686,-86.493316
2,3,1600.0,2-Car,No injury/unknown,OTHER (DRIVER) - EXPLAIN IN NARRATIVE,39.15465362,-86.55379641
10,4,1600.0,2-Car,No injury/unknown,DISREGARD SIGNAL/REG SIGN,39.15463284,-86.50224214
9,4,1600.0,1-Car,No injury/unknown,BRAKE FAILURE OR DEFECTIVE,39.15457966,-86.538592
7,7,1700.0,1-Car,No injury/unknown,UNSAFE SPEED,39.15454,-86.4806
11,2,1400.0,2-Car,No injury/unknown,FAILURE TO YIELD RIGHT OF WAY,39.15445898,-86.49182929
9,4,1700.0,2-Car,No injury/unknown,DRIVER DISTRACTED - EXPLAIN IN NARRATIVE,39.15437,-86.59033
10,2,700.0,Moped/Motorcycle,Non-incapacitating,FAILURE TO YIELD RIGHT OF WAY,39.154352,-86.5336
6,4,1700.0,2-Car,No injury/unknown,FOLLOWING TOO CLOSELY,39.154272,-86.564176
12,3,2000.0,2-Car,No injury/unknown,SPEED TOO FAST FOR WEATHER CONDITIONS,39.154272,-86.564176
1,5,1700.0,2-Car,No injury/unknown,OTHER (VEHICLE) - EXPLAIN IN NARRATIVE,39.154261,-86.497703
2,6,1300.0,2-Car,Non-incapacitating,ROADWAY SURFACE CONDITION,39.154261,-86.497703
4,7,1300.0,2-Car,No injury/unknown,OTHER (DRIVER) - EXPLAIN IN NARRATIVE,39.154261,-86.497703
5,6,1600.0,2-Car,No injury/unknown,IMPROPER TURNING,39.154261,-86.497703
7,5,1400.0,2-Car,No injury/unknown,UNSAFE BACKING,39.154261,-86.497703
8,4,1800.0,3+ Cars,No injury/unknown,OTHER (DRIVER) - EXPLAIN IN NARRATIVE,39.154261,-86.497703
5,3,1500.0,2-Car,No injury/unknown,FAILURE TO YIELD RIGHT OF WAY,39.15424,-86.56435
1,3,1700.0,2-Car,No injury/unknown,IMPROPER LANE USAGE,39.15421,-86.53369
12,7,2300.0,1-Car,No injury/unknown,IMPROPER TURNING,39.15412578,-86.49786768
1,4,2100.0,2-Car,No injury/unknown,OTHER (DRIVER) - EXPLAIN IN NARRATIVE,39.154059,-86.570982
5,6,1500.0,2-Car,No injury/unknown,OTHER (DRIVER) - EXPLAIN IN NARRATIVE,39.15403556,-86.57913
2,7,1200.0,1-Car,No injury/unknown,ROADWAY SURFACE CONDITION,39.153996,-86.564756
11,6,1900.0,2-Car,No injury/unknown,UNSAFE BACKING,39.15398423,-86.49786488
2,7,2000.0,1-Car,No injury/unknown,ANIMAL/OBJECT IN ROADWAY,39.15394046,-86.56473853
11,1,1000.0,2-Car,No injury/unknown,OTHER (VEHICLE) - EXPLAIN IN NARRATIVE,39.153931,-86.49769
11,3,2100.0,2-Car,No injury/unknown,OTHER (DRIVER) - EXPLAIN IN NARRATIVE,39.15385757,-86.56487916
5,6,1500.0,2-Car,No injury/unknown,FOLLOWING TOO CLOSELY,39.15383,-86.54109
2,4,2100.0,2-Car,No injury/unknown,SPEED TOO FAST FOR WEATHER CONDITIONS,39.153822,-86.519537
7,5,0.0,1-Car,No injury/unknown,OTHER (DRIVER) - EXPLAIN IN NARRATIVE,39.153822,-86.519441
2,5,900.0,2-Car,No injury/unknown,DISREGARD SIGNAL/REG SIGN,39.15379,-86.53875