Month,Day,Hour,Collision Type,Injury Type,Primary Factor,Latitude,Longitude
3,2,600.0,1-Car,Non-incapacitating,RAN OFF ROAD RIGHT,39.15379,-86.53875
3,4,1200.0,2-Car,No injury/unknown,OTHER (DRIVER) - EXPLAIN IN NARRATIVE,39.15379,-86.53875
6,5,1600.0,2-Car,Non-incapacitating,FOLLOWING TOO CLOSELY,39.15379,-86.53875
9,7,200.0,2-Car,Non-incapacitating,OTHER (DRIVER) - EXPLAIN IN NARRATIVE,39.15377783,-86.5336
1,4,500.0,1-Car,No injury/unknown,ANIMAL/OBJECT IN ROADWAY,39.15367688,-86.56518572
2,2,1500.0,2-Car,Non-incapacitating,FAILURE TO YIELD RIGHT OF WAY,39.15344,-86.53333543
8,5,600.0,2-Car,No injury/unknown,FAILURE TO YIELD RIGHT OF WAY,39.15344,-86.53377638
10,5,1500.0,2-Car,No injury/unknown,FOLLOWING TOO CLOSELY,39.15344,-86.53577486
3,5,900.0,2-Car,Non-incapacitating,OTHER (DRIVER) - EXPLAIN IN NARRATIVE,39.15344,-86.5336
6,5,1300.0,2-Car,No injury/unknown,FAILURE TO YIELD RIGHT OF WAY,39.15344,-86.5336
7,6,900.0,2-Car,No injury/unknown,FOLLOWING TOO CLOSELY,39.15344,-86.5336
8,4,1000.0,2-Car,No injury/unknown,OTHER (DRIVER) - EXPLAIN IN NARRATIVE,39.15344,-86.5336
8,4,1600.0,2-Car,No injury/unknown,VIEW OBSTRUCTED,39.15344,-86.5336
9,4,1000.0,2-Car,Non-incapacitating,OTHER (DRIVER) - EXPLAIN IN NARRATIVE,39.15344,-86.538592
9,7,1200.0,3+ Cars,No injury/unknown,FOLLOWING TOO CLOSELY,39.15344,-86.5336
11,4,1000.0,2-Car,Non-incapacitating,DISREGARD SIGNAL/REG SIGN,39.15344,-86.5324
8,4,600.0,Moped/Motorcycle,Non-incapacitating,HEADLIGHT DEFECTIVE OR NOT ON,39.15338025,-86.5363723
5,7,1000.0,Pedestrian,Non-incapacitating,PEDESTRIAN ACTION,39.153365,-86.535568
1,3,1600.0,2-Car,No injury/unknown,FAILURE TO YIELD RIGHT OF WAY,39.15336,-86.5236
1,6,1600.0,2-Car,No injury/unknown,IMPROPER LANE USAGE,39.15335,-86.53370567
2,5,2000.0,2-Car,No injury/unknown,OTHER (DRIVER) - EXPLAIN IN NARRATIVE,39.15335,-86.53371
2,4,600.0,2-Car,No injury/unknown,FAILURE TO YIELD RIGHT OF WAY,39.15335,-86.53371
6,2,1500.0,Moped/Motorcycle,Non-incapacitating,DISREGARD SIGNAL/REG SIGN,39.15335,-86.53371
9,6,1400.0,2-Car,Non-incapacitating,DISREGARD SIGNAL/REG SIGN,39.15335,-86.53371
10,5,700.0,2-Car,No injury/unknown,FAILURE TO YIELD RIGHT OF WAY,39.15335,-86.53371
9,4,900.0,2-Car,No injury/unknown,UNSAFE BACKING,39.15334857,-86.5336
10,5,1100.0,Moped/Motorcycle,Non-incapacitating,FAILURE TO YIELD RIGHT OF WAY,39.153344,-86.522512
8,6,1800.0,2-Car,No injury/unknown,FAILURE TO YIELD RIGHT OF WAY,39.1533,-86.5725
10,3,1800.0,2-Car,No injury/unknown,SPEED TOO FAST FOR WEATHER CONDITIONS,39.1533,-86.52697
2,6,2000.0,2-Car,No injury/unknown,DRIVER DISTRACTED - EXPLAIN IN NARRATIVE,39.153289,-86.497678
5,2,1500.0,2-Car,No injury/unknown,UNSAFE BACKING,39.153289,-86.497678
6,5,1300.0,2-Car,No injury/unknown,FOLLOWING TOO CLOSELY,39.15328894,-86.5336
6,5,1900.0,2-Car,No injury/unknown,FAILURE TO YIELD RIGHT OF WAY,39.15319275,-86.49787201
7,6,1200.0,2-Car,No injury/unknown,UNSAFE BACKING,39.153042,-86.497675
11,2,1700.0,2-Car,No injury/unknown,IMPROPER TURNING,39.153042,-86.497675
6,5,1800.0,1-Car,No injury/unknown,RAN OFF ROAD RIGHT,39.15292,-86.55241807
1,4,1300.0,1-Car,No injury/unknown,ACCELERATOR FAILURE OR DEFECTIVE,39.15266671,-86.58359594
1,4,900.0,2-Car,No injury/unknown,FAILURE TO YIELD RIGHT OF WAY,39.15255,-86.53873
10,5,1700.0,2-Car,No injury/unknown,IMPROPER PASSING,39.152544,-86.5278589
2,7,1300.0,1-Car,No injury/unknown,OTHER (VEHICLE) - EXPLAIN IN NARRATIVE,39.152544,-86.5336
2,2,1300.0,2-Car,No injury/unknown,FAILURE TO YIELD RIGHT OF WAY,39.152544,-86.5336
1,7,1700.0,2-Car,No injury/unknown,OTHER (DRIVER) - EXPLAIN IN NARRATIVE,39.15250667,-86.497904
12,4,0.0,2-Car,No injury/unknown,SPEED TOO FAST FOR WEATHER CONDITIONS,39.152482,-86.57129
12,7,1400.0,2-Car,No injury/unknown,FAILURE TO YIELD RIGHT OF WAY,39.15247,-86.49047676
3,7,1500.0,2-Car,No injury/unknown,FOLLOWING TOO CLOSELY,39.15246,-86.5337
4,3,1600.0,Cyclist,Non-incapacitating,OTHER (DRIVER) - EXPLAIN IN NARRATIVE,39.15246,-86.53249567
5,4,1100.0,2-Car,Non-incapacitating,FAILURE TO YIELD RIGHT OF WAY,39.15246,-86.5337
6,2,1500.0,2-Car,Non-incapacitating,FOLLOWING TOO CLOSELY,39.15246,-86.5337
2,4,800.0,2-Car,No injury/unknown,UNSAFE SPEED,39.152448,-86.400288
3,6,2100.0,Pedestrian,No injury/unknown,PEDESTRIAN ACTION,39.1524,-86.582704
6,4,2100.0,1-Car,No injury/unknown,ANIMAL/OBJECT IN ROADWAY,39.15225275,-86.39148895
6,3,1600.0,3+ Cars,Non-incapacitating,UNSAFE SPEED,39.15224,-86.5336
8,6,1800.0,2-Car,No injury/unknown,BRAKE FAILURE OR DEFECTIVE,39.152116,-86.497669
3,4,1600.0,1-Car,No injury/unknown,RAN OFF ROAD RIGHT,39.152,-86.3812
2,5,1300.0,2-Car,No injury/unknown,FAILURE TO YIELD RIGHT OF WAY,39.151952,-86.526976
10,5,1900.0,1-Car,No injury/unknown,ANIMAL/OBJECT IN ROADWAY,39.15192926,-86.38154084
8,4,1300.0,2-Car,No injury/unknown,FAILURE TO YIELD RIGHT OF WAY,39.15182007,-86.53111
1,3,800.0,Bus,No injury/unknown,OTHER (DRIVER) - EXPLAIN IN NARRATIVE,39.151744,-86.537504
6,3,1600.0,2-Car,No injury/unknown,FAILURE TO YIELD RIGHT OF WAY,39.151648,-86.5336
3,7,1200.0,2-Car,No injury/unknown,UNSAFE BACKING,39.15164,-86.64364
10,5,2200.0,1-Car,No injury/unknown,RAN OFF ROAD RIGHT,39.151616,-86.5324
12,4,2000.0,1-Car,No injury/unknown,ROADWAY SURFACE CONDITION,39.1515387,-86.38465412
10,5,1800.0,2-Car,No injury/unknown,FOLLOWING TOO CLOSELY,39.15149,-86.53369
11,7,300.0,1-Car,Non-incapacitating,RAN OFF ROAD RIGHT,39.15144588,-86.59206033
2,3,1900.0,2-Car,No injury/unknown,IMPROPER PASSING,39.15144,-86.610496
9,7,1400.0,1-Car,Non-incapacitating,OTHER (DRIVER) - EXPLAIN IN NARRATIVE,39.151344,-86.5964
12,1,1200.0,2-Car,No injury/unknown,IMPROPER LANE USAGE,39.15127143,-86.4979616
5,6,1800.0,2-Car,Non-incapacitating,ALCOHOLIC BEVERAGES,39.15127,-86.582619
9,6,400.0,2-Car,No injury/unknown,ALCOHOLIC BEVERAGES,39.15127,-86.582619
12,1,2000.0,2-Car,No injury/unknown,UNSAFE SPEED,39.15127,-86.582619
12,3,2100.0,1-Car,No injury/unknown,SPEED TOO FAST FOR WEATHER CONDITIONS,39.15127,-86.58266329
10,5,1600.0,2-Car,Non-incapacitating,DRIVER DISTRACTED - EXPLAIN IN NARRATIVE,39.15120387,-86.53364
3,4,1200.0,2-Car,No injury/unknown,FAILURE TO YIELD RIGHT OF WAY,39.1512,-86.57687
10,4,2100.0,1-Car,Non-incapacitating,ANIMAL/OBJECT IN ROADWAY,39.15106934,-86.5964
10,3,600.0,3+ Cars,No injury/unknown,OTHER (DRIVER) - EXPLAIN IN NARRATIVE,39.15085064,-86.53119564
2,3,900.0,3+ Cars,No injury/unknown,UNSAFE BACKING,39.150846,-86.491271
3,7,1300.0,2-Car,No injury/unknown,UNSAFE BACKING,39.150846,-86.491271
5,3,1600.0,2-Car,No injury/unknown,DRIVER DISTRACTED - EXPLAIN IN NARRATIVE,39.150846,-86.491271
9,2,1600.0,Moped/Motorcycle,Non-incapacitating,UNSAFE SPEED,39.150846,-86.491271
11,7,1500.0,2-Car,No injury/unknown,UNSAFE BACKING,39.150846,-86.491271
5,5,800.0,2-Car,No injury/unknown,OTHER (DRIVER) - EXPLAIN IN NARRATIVE,39.15077074,-86.49835
7,6,1400.0,2-Car,No injury/unknown,OTHER (DRIVER) - EXPLAIN IN NARRATIVE,39.1507294,-86.52284854
4,4,1300.0,2-Car,No injury/unknown,FAILURE TO YIELD RIGHT OF WAY,39.15072,-86.522496
7,4,700.0,2-Car,No injury/unknown,FAILURE TO YIELD RIGHT OF WAY,39.15072,-86.522496
10,3,2100.0,2-Car,No injury/unknown,OTHER (DRIVER) - EXPLAIN IN NARRATIVE,39.15072,-86.522496
11,7,1800.0,2-Car,No injury/unknown,FOLLOWING TOO CLOSELY,39.15072,-86.522496
6,2,1800.0,2-Car,No injury/unknown,UNSAFE BACKING,39.15071192,-86.52209196
10,7,800.0,2-Car,Non-incapacitating,IMPROPER PASSING,39.150688,-86.520896
11,2,1300.0,Bus,No injury/unknown,DRIVER ASLEEP OR FATIGUED,39.150688,-86.520896
3,6,1900.0,2-Car,No injury/unknown,ROADWAY SURFACE CONDITION,39.15064,-86.52696
3,6,2000.0,2-Car,No injury/unknown,ROADWAY SURFACE CONDITION,39.15064,-86.52696
7,2,1000.0,2-Car,No injury/unknown,SPEED TOO FAST FOR WEATHER CONDITIONS,39.15064,-86.52696
11,7,1200.0,2-Car,No injury/unknown,DISREGARD SIGNAL/REG SIGN,39.15064,-86.52696
12,3,1600.0,2-Car,No injury/unknown,FOLLOWING TOO CLOSELY,39.15064,-86.52696
5,3,1500.0,2-Car,Non-incapacitating,FAILURE TO YIELD RIGHT OF WAY,39.1506,-86.53876
5,6,1200.0,Cyclist,Non-incapacitating,PEDESTRIAN ACTION,39.15058968,-86.51693388
1,2,1600.0,2-Car,No injury/unknown,OTHER (DRIVER) - EXPLAIN IN NARRATIVE,39.15056,-86.5324
5,6,1600.0,2-Car,No injury/unknown,IMPROPER PASSING,39.15056,-86.52690567
6,5,800.0,2-Car,No injury/unknown,PRESCRIPTION DRUGS,39.15056,-86.5324
12,3,1800.0,2-Car,No injury/unknown,FOLLOWING TOO CLOSELY,39.150544,-86.51128201
2,6,1800.0,1-Car,No injury/unknown,OTHER (ENVIRONMENTAL) - EXPLAIN IN NARR,39.150544,-86.5336
4,6,2200.0,2-Car,No injury/unknown,OTHER (DRIVER) - EXPLAIN IN NARRATIVE,39.150544,-86.51276837
5,7,200.0,1-Car,No injury/unknown,UNSAFE BACKING,39.150544,-86.534688
7,2,700.0,2-Car,Non-incapacitating,FAILURE TO YIELD RIGHT OF WAY,39.150544,-86.5336
10,5,1200.0,2-Car,No injury/unknown,OTHER (DRIVER) - EXPLAIN IN NARRATIVE,39.150544,-86.512592
11,4,700.0,2-Car,Non-incapacitating,SPEED TOO FAST FOR WEATHER CONDITIONS,39.150544,-86.51329748
9,6,2000.0,2-Car,No injury/unknown,OTHER (DRIVER) - EXPLAIN IN NARRATIVE,39.150542,-86.514045
12,4,1500.0,3+ Cars,Non-incapacitating,DRIVER DISTRACTED - EXPLAIN IN NARRATIVE,39.15053004,-86.52144603
1,7,1100.0,2-Car,No injury/unknown,FAILURE TO YIELD RIGHT OF WAY,39.15053,-86.52262
4,2,700.0,2-Car,No injury/unknown,OTHER (DRIVER) - EXPLAIN IN NARRATIVE,39.15052,-86.53028
4,6,2100.0,2-Car,No injury/unknown,DRIVER DISTRACTED - EXPLAIN IN NARRATIVE,39.15052,-86.53349693
10,6,1800.0,Moped/Motorcycle,Non-incapacitating,OTHER (DRIVER) - EXPLAIN IN NARRATIVE,39.15051,-86.51254
10,3,1700.0,2-Car,No injury/unknown,FOLLOWING TOO CLOSELY,39.15051,-86.51105567
12,6,600.0,2-Car,Non-incapacitating,LEFT OF CENTER,39.15050778,-86.48884
7,5,700.0,2-Car,Non-incapacitating,FAILURE TO YIELD RIGHT OF WAY,39.15048283,-86.4982447
2,2,1900.0,1-Car,No injury/unknown,ANIMAL/OBJECT IN ROADWAY,39.15048,-86.5029327
10,2,800.0,1-Car,No injury/unknown,UNSAFE SPEED,39.15048,-86.49826038
1,4,1600.0,3+ Cars,No injury/unknown,OTHER (DRIVER) - EXPLAIN IN NARRATIVE,39.15047,-86.498715
12,4,700.0,1-Car,No injury/unknown,OTHER (ENVIRONMENTAL) - EXPLAIN IN NARR,39.1504578,-86.53357453
10,6,900.0,2-Car,No injury/unknown,FOLLOWING TOO CLOSELY,39.150448,-86.498
11,4,1600.0,2-Car,No injury/unknown,SPEED TOO FAST FOR WEATHER CONDITIONS,39.150448,-86.498
5,1,1500.0,1-Car,No injury/unknown,ANIMAL/OBJECT IN ROADWAY,39.15042234,-86.49339705
3,3,2300.0,1-Car,Non-incapacitating,OTHER (DRIVER) - EXPLAIN IN NARRATIVE,39.15040816,-86.51878922
12,5,1800.0,1-Car,Non-incapacitating,ROADWAY SURFACE CONDITION,39.15037882,-86.49574447
2,6,1800.0,2-Car,Non-incapacitating,FAILURE TO YIELD RIGHT OF WAY,39.150352,-86.471296
10,5,1600.0,2-Car,No injury/unknown,LEFT OF CENTER,39.150352,-86.471296
9,6,1700.0,3+ Cars,Non-incapacitating,FAILURE TO YIELD RIGHT OF WAY,39.15035,-86.47139
12,1,2100.0,1-Car,No injury/unknown,ROADWAY SURFACE CONDITION,39.15035,-86.47151971
10,5,1800.0,2-Car,No injury/unknown,GLARE,39.15031306,-86.47140384
5,7,1200.0,2-Car,No injury/unknown,FAILURE TO YIELD RIGHT OF WAY,39.15030256,-86.591822
9,3,1400.0,2-Car,No injury/unknown,DISREGARD SIGNAL/REG SIGN,39.150224,-86.480464
10,2,1700.0,2-Car,No injury/unknown,FAILURE TO YIELD RIGHT OF WAY,39.150224,-86.480464
12,3,1400.0,2-Car,Non-incapacitating,DISREGARD SIGNAL/REG SIGN,39.150224,-86.480464
1,5,1000.0,2-Car,No injury/unknown,FAILURE TO YIELD RIGHT OF WAY,39.15022,-86.48046
8,6,1400.0,1-Car,No injury/unknown,ANIMAL/OBJECT IN ROADWAY,39.15022,-86.48725481
12,2,1700.0,2-Car,No injury/unknown,DISREGARD SIGNAL/REG SIGN,39.15022,-86.48046
5,4,1100.0,1-Car,No injury/unknown,DRIVER DISTRACTED - EXPLAIN IN NARRATIVE,39.15021763,-86.57165442
1,7,1200.0,2-Car,Non-incapacitating,IMPROPER TURNING,39.15019,-86.48499
11,7,0.0,1-Car,No injury/unknown,ANIMAL/OBJECT IN ROADWAY,39.15019,-86.4849727
11,4,1700.0,1-Car,No injury/unknown,IMPROPER TURNING,39.150145,-86.501045
9,4,2100.0,Moped/Motorcycle,Incapacitating,ALCOHOLIC BEVERAGES,39.15006638,-86.57302812
10,7,1500.0,2-Car,No injury/unknown,UNSAFE BACKING,39.14984,-86.53321563
4,3,1400.0,Moped/Motorcycle,Non-incapacitating,FAILURE TO YIELD RIGHT OF WAY,39.14984,-86.533392
7,5,1400.0,2-Car,No injury/unknown,UNSAFE BACKING,39.14982139,-86.53338645
1,5,900.0,2-Car,No injury/unknown,GLARE,39.14979055,-86.5688943
4,7,1300.0,2-Car,No injury/unknown,FAILURE TO YIELD RIGHT OF WAY,39.14979055,-86.56891162
5,4,1200.0,2-Car,No injury/unknown,DISREGARD SIGNAL/REG SIGN,39.14979055,-86.56891162
5,3,2100.0,2-Car,Non-incapacitating,DISREGARD SIGNAL/REG SIGN,39.14979055,-86.56891162
6,4,1600.0,2-Car,No injury/unknown,FOLLOWING TOO CLOSELY,39.14979055,-86.56891162
7,5,1400.0,Bus,No injury/unknown,FAILURE TO YIELD RIGHT OF WAY,39.14979055,-86.56892893
10,4,800.0,2-Car,Non-incapacitating,SPEED TOO FAST FOR WEATHER CONDITIONS,39.14979055,-86.56891162
10,7,1600.0,2-Car,Non-incapacitating,FOLLOWING TOO CLOSELY,39.14979055,-86.56891162
11,5,1700.0,2-Car,No injury/unknown,ROADWAY SURFACE CONDITION,39.14979055,-86.56890512
1,5,2100.0,2-Car,No injury/unknown,OTHER (ENVIRONMENTAL) - EXPLAIN IN NARR,39.14978,-86.56889433
11,5,2200.0,2-Car,No injury/unknown,LEFT OF CENTER,39.14978,-86.56889
11,4,1600.0,2-Car,No injury/unknown,FOLLOWING TOO CLOSELY,39.14978,-86.56888134
12,2,1800.0,2-Car,No injury/unknown,SPEED TOO FAST FOR WEATHER CONDITIONS,39.14978,-86.56888351
5,5,1700.0,1-Car,No injury/unknown,OTHER (DRIVER) - EXPLAIN IN NARRATIVE,39.14977,-86.5335
1,5,2100.0,3+ Cars,Non-incapacitating,SPEED TOO FAST FOR WEATHER CONDITIONS,39.14975298,-86.56880186
10,4,1400.0,2-Car,Non-incapacitating,FOLLOWING TOO CLOSELY,39.14975298,-86.56881051
12,1,600.0,1-Car,No injury/unknown,RAN OFF ROAD RIGHT,39.14970517,-86.56893759
9,5,1900.0,1-Car,No injury/unknown,OVERCORRECTING/OVERSTEERING,39.14962,-86.48484
2,4,1400.0,2-Car,No injury/unknown,DRIVER DISTRACTED - EXPLAIN IN NARRATIVE,39.14956543,-86.52693514
8,5,1200.0,2-Car,No injury/unknown,DRIVER DISTRACTED - EXPLAIN IN NARRATIVE,39.149552,-86.575936
10,6,300.0,1-Car,No injury/unknown,RAN OFF ROAD RIGHT,39.149552,-86.575936
10,4,1600.0,2-Car,No injury/unknown,FAILURE TO YIELD RIGHT OF WAY,39.149552,-86.575936
8,6,1600.0,2-Car,Non-incapacitating,FOLLOWING TOO CLOSELY,39.14951711,-86.57301971
12,4,1900.0,1-Car,No injury/unknown,SPEED TOO FAST FOR WEATHER CONDITIONS,39.14937,-86.56407567
8,3,900.0,2-Car,No injury/unknown,FAILURE TO YIELD RIGHT OF WAY,39.14930493,-86.53323242
3,2,1600.0,1-Car,No injury/unknown,OTHER (DRIVER) - EXPLAIN IN NARRATIVE,39.14928,-86.526929
1,2,1900.0,Pedestrian,Non-incapacitating,PEDESTRIAN ACTION,39.149152,-86.582704
5,7,1600.0,2-Car,No injury/unknown,DRIVER DISTRACTED - EXPLAIN IN NARRATIVE,39.149152,-86.582704
6,2,2200.0,2-Car,No injury/unknown,FAILURE TO YIELD RIGHT OF WAY,39.14906177,-86.5331599
2,3,800.0,1-Car,No injury/unknown,ROADWAY SURFACE CONDITION,39.149024,-86.582599
6,3,200.0,Moped/Motorcycle,Incapacitating,OTHER (VEHICLE) - EXPLAIN IN NARRATIVE,39.14900352,-86.57590792
7,3,1200.0,3+ Cars,Non-incapacitating,OTHER (DRIVER) - EXPLAIN IN NARRATIVE,39.148928,-86.53312
6,2,1500.0,3+ Cars,No injury/unknown,FOLLOWING TOO CLOSELY,39.14892,-86.53324
8,7,2100.0,2-Car,No injury/unknown,LEFT OF CENTER,39.14892,-86.53324
10,4,200.0,1-Car,Non-incapacitating,RAN OFF ROAD RIGHT,39.14887747,-86.58269878
4,2,2200.0,2-Car,No injury/unknown,OTHER (VEHICLE) - EXPLAIN IN NARRATIVE,39.148802,-86.525491
10,2,1700.0,2-Car,No injury/unknown,FAILURE TO YIELD RIGHT OF WAY,39.1486932,-86.57300645
1,1,200.0,1-Car,No injury/unknown,ALCOHOLIC BEVERAGES,39.148616,-86.533144
2,6,1500.0,2-Car,No injury/unknown,UNSAFE SPEED,39.148544,-86.571504
3,5,1900.0,2-Car,Non-incapacitating,ALCOHOLIC BEVERAGES,39.148544,-86.571504
12,1,1400.0,1-Car,No injury/unknown,OVERCORRECTING/OVERSTEERING,39.148544,-86.571504
4,5,1500.0,3+ Cars,Non-incapacitating,FOLLOWING TOO CLOSELY,39.1484186,-86.57299923
9,3,900.0,2-Car,No injury/unknown,OTHER (DRIVER) - EXPLAIN IN NARRATIVE,39.14839848,-86.5164
10,6,1400.0,2-Car,No injury/unknown,VIEW OBSTRUCTED,39.14839848,-86.5164
6,4,500.0,1-Car,No injury/unknown,ANIMAL/OBJECT IN ROADWAY,39.1482813,-86.57299561
7,5,1400.0,Moped/Motorcycle,Non-incapacitating,FOLLOWING TOO CLOSELY,39.14818059,-86.57595154
1,4,1200.0,2-Car,Non-incapacitating,FOLLOWING TOO CLOSELY,39.148144,-86.572992
1,5,1700.0,2-Car,No injury/unknown,FOLLOWING TOO CLOSELY,39.148144,-86.572992
5,5,1000.0,2-Car,No injury/unknown,DRIVER DISTRACTED - EXPLAIN IN NARRATIVE,39.148144,-86.572992
5,6,700.0,2-Car,Non-incapacitating,FAILURE TO YIELD RIGHT OF WAY,39.148144,-86.572992
6,2,1100.0,2-Car,No injury/unknown,FOLLOWING TOO CLOSELY,39.148144,-86.572992
6,2,1300.0,2-Car,No injury/unknown,OTHER (DRIVER) - EXPLAIN IN NARRATIVE,39.148144,-86.572992
6,2,1400.0,2-Car,No injury/unknown,OTHER (DRIVER) - EXPLAIN IN NARRATIVE,39.148144,-86.572992
7,7,1100.0,2-Car,No injury/unknown,FAILURE TO YIELD RIGHT OF WAY,39.148144,-86.572992
8,3,2000.0,2-Car,Non-incapacitating,FOLLOWING TOO CLOSELY,39.148144,-86.572992
8,4,1700.0,3+ Cars,Non-incapacitating,FOLLOWING TOO CLOSELY,39.148144,-86.572992
9,3,600.0,2-Car,No injury/unknown,DISREGARD SIGNAL/REG SIGN,39.148144,-86.572992
10,3,1500.0,2-Car,No injury/unknown,FAILURE TO YIELD RIGHT OF WAY,39.148144,-86.572992
10,4,1500.0,2-Car,Non-incapacitating,FAILURE TO YIELD RIGHT OF WAY,39.148144,-86.572992
11,3,1700.0,2-Car,No injury/unknown,FOLLOWING TOO CLOSELY,39.148144,-86.572992
11,4,1200.0,3+ Cars,No injury/unknown,FAILURE TO YIELD RIGHT OF WAY,39.148144,-86.572992
12,2,1700.0,2-Car,No injury/unknown,ROADWAY SURFACE CONDITION,39.148144,-86.572992
12,2,1700.0,2-Car,No injury/unknown,ROADWAY SURFACE CONDITION,39.148144,-86.572992
12,6,1900.0,2-Car,No injury/unknown,FAILURE TO YIELD RIGHT OF WAY,39.148144,-86.572992
12,4,1600.0,2-Car,No injury/unknown,FAILURE TO YIELD RIGHT OF WAY,39.148144,-86.572992
4,3,1500.0,2-Car,No injury/unknown,OTHER (DRIVER) - EXPLAIN IN NARRATIVE,39.1480643,-86.53371
5,2,1100.0,2-Car,No injury/unknown,FAILURE TO YIELD RIGHT OF WAY,39.148064,-86.526912
6,3,2200.0,2-Car,No injury/unknown,UNSAFE BACKING,39.14802351,-86.5328542
1,4,1600.0,2-Car,No injury/unknown,FOLLOWING TOO CLOSELY,39.14798817,-86.58263417
4,3,1800.0,1-Car,Incapacitating,DRIVER ILLNESS,39.14798817,-86.58263417
7,2,1900.0,2-Car,Non-incapacitating,FAILURE TO YIELD RIGHT OF WAY,39.14774809,-86.53277506
1,1,2200.0,2-Car,Non-incapacitating,FAILURE TO YIELD RIGHT OF WAY,39.14767319,-86.57295509
2,3,1600.0,2-Car,No injury/unknown,OTHER (DRIVER) - EXPLAIN IN NARRATIVE,39.14767319,-86.57295509
3,3,1800.0,2-Car,Non-incapacitating,DRIVER DISTRACTED - EXPLAIN IN NARRATIVE,39.14767319,-86.57295509
3,4,700.0,2-Car,Non-incapacitating,OTHER (DRIVER) - EXPLAIN IN NARRATIVE,39.14767319,-86.57295509
1,3,900.0,2-Car,No injury/unknown,ROADWAY SURFACE CONDITION,39.147552,-86.580704
6,5,2100.0,1-Car,No injury/unknown,ANIMAL/OBJECT IN ROADWAY,39.14750244,-86.57295509
7,5,1200.0,2-Car,No injury/unknown,FOLLOWING TOO CLOSELY,39.14750244,-86.57295509
9,3,1200.0,2-Car,Non-incapacitating,FAILURE TO YIELD RIGHT OF WAY,39.14750244,-86.57295509
9,5,1100.0,2-Car,No injury/unknown,FAILURE TO YIELD RIGHT OF WAY,39.14750244,-86.57295942
12,2,1800.0,3+ Cars,No injury/unknown,FOLLOWING TOO CLOSELY,39.14750244,-86.57320781
12,3,800.0,2-Car,No injury/unknown,DRIVER DISTRACTED - EXPLAIN IN NARRATIVE,39.14750244,-86.57320781
8,7,2100.0,Moped/Motorcycle,Incapacitating,ALCOHOLIC BEVERAGES,39.14749876,-86.5143589
5,6,1400.0,1-Car,No injury/unknown,SPEED TOO FAST FOR WEATHER CONDITIONS,39.14744,-86.582592
9,6,1500.0,3+ Cars,No injury/unknown,FOLLOWING TOO CLOSELY,39.14744,-86.582592
3,2,2100.0,2-Car,Non-incapacitating,OTHER (DRIVER) - EXPLAIN IN NARRATIVE,39.14741364,-86.57320781
11,6,2000.0,2-Car,No injury/unknown,FAILURE TO YIELD RIGHT OF WAY,39.14741364,-86.57320781
12,4,1000.0,2-Car,No injury/unknown,OTHER (ENVIRONMENTAL) - EXPLAIN IN NARR,39.14731,-86.50768
10,2,1600.0,2-Car,Non-incapacitating,FAILURE TO YIELD RIGHT OF WAY,39.14721203,-86.53262102
1,2,700.0,Bus,No injury/unknown,FOLLOWING TOO CLOSELY,39.147152,-86.526896
3,1,2000.0,2-Car,No injury/unknown,UNSAFE BACKING,39.147152,-86.526896
8,1,1700.0,2-Car,No injury/unknown,OTHER (DRIVER) - EXPLAIN IN NARRATIVE,39.147152,-86.526896
12,3,1500.0,Pedestrian,Non-incapacitating,FAILURE TO YIELD RIGHT OF WAY,39.147152,-86.526896
7,4,1700.0,2-Car,No injury/unknown,UNSAFE BACKING,39.14713279,-86.5274177
10,4,1400.0,2-Car,Non-incapacitating,FOLLOWING TOO CLOSELY,39.1471131,-86.527953
8,6,1500.0,2-Car,Non-incapacitating,UNSAFE BACKING,39.1470409,-86.5299128
2,6,1200.0,2-Car,No injury/unknown,UNSAFE BACKING,39.147008,-86.51864
2,3,800.0,Cyclist,Non-incapacitating,FAILURE TO YIELD RIGHT OF WAY,39.146992,-86.517392
9,4,800.0,2-Car,No injury/unknown,FOLLOWING TOO CLOSELY,39.146992,-86.517392
6,4,300.0,2-Car,No injury/unknown,UNSAFE BACKING,39.146984,-86.532672
5,5,1500.0,1-Car,No injury/unknown,UNSAFE SPEED,39.14696,-86.514992
3,7,2100.0,2-Car,No injury/unknown,FAILURE TO YIELD RIGHT OF WAY,39.146944,-86.532544
5,5,1800.0,3+ Cars,No injury/unknown,FOLLOWING TOO CLOSELY,39.146944,-86.532544
12,7,1000.0,2-Car,Non-incapacitating,FAILURE TO YIELD RIGHT OF WAY,39.146944,-86.532544
4,3,1300.0,Moped/Motorcycle,No injury/unknown,FAILURE TO YIELD RIGHT OF WAY,39.14691,-86.52690404
7,3,1900.0,1-Car,No injury/unknown,OTHER (DRIVER) - EXPLAIN IN NARRATIVE,39.146901,-86.523284
1,5,1500.0,2-Car,No injury/unknown,FAILURE TO YIELD RIGHT OF WAY,39.14689113,-86.52688
8,1,2000.0,2-Car,No injury/unknown,DISREGARD SIGNAL/REG SIGN,39.14689,-86.53265
3,5,1700.0,2-Car,Non-incapacitating,OTHER (DRIVER) - EXPLAIN IN NARRATIVE,39.14668252,-86.5749827
6,7,1000.0,2-Car,Non-incapacitating,SPEED TOO FAST FOR WEATHER CONDITIONS,39.14668252,-86.57499611
7,6,1000.0,2-Car,Non-incapacitating,FAILURE TO YIELD RIGHT OF WAY,39.1466638,-86.57445431