Month,Day,Hour,Collision Type,Injury Type,Primary Factor,Latitude,Longitude
3,4,1800.0,2-Car,Non-incapacitating,DRIVER DISTRACTED - EXPLAIN IN NARRATIVE,39.14662636,-86.57504976
7,7,1100.0,2-Car,No injury/unknown,UNSAFE BACKING,39.14643461,-86.5388111
2,7,1100.0,2-Car,Non-incapacitating,FAILURE TO YIELD RIGHT OF WAY,39.14642,-86.50835
10,6,1700.0,2-Car,No injury/unknown,UNSAFE BACKING,39.14637,-86.577549
2,4,700.0,2-Car,No injury/unknown,ROADWAY SURFACE CONDITION,39.14635155,-86.56977222
6,5,1700.0,2-Car,No injury/unknown,OTHER (DRIVER) - EXPLAIN IN NARRATIVE,39.14617,-86.50312
5,2,1400.0,2-Car,No injury/unknown,FAILURE TO YIELD RIGHT OF WAY,39.14614153,-86.53230384
12,2,2200.0,2-Car,No injury/unknown,FOLLOWING TOO CLOSELY,39.145848,-86.532216
7,5,1600.0,3+ Cars,Non-incapacitating,OTHER (DRIVER) - EXPLAIN IN NARRATIVE,39.145832,-86.57641281
3,7,1400.0,2-Car,No injury/unknown,UNSAFE BACKING,39.145753,-86.576344
3,1,2100.0,1-Car,No injury/unknown,BRAKE FAILURE OR DEFECTIVE,39.145734,-86.57638
6,1,1500.0,Moped/Motorcycle,No injury/unknown,UNSAFE BACKING,39.145734,-86.57638
6,2,1100.0,2-Car,No injury/unknown,UNSAFE BACKING,39.145734,-86.57638
7,3,1300.0,Pedestrian,Incapacitating,OTHER (DRIVER) - EXPLAIN IN NARRATIVE,39.145734,-86.57638
11,1,1400.0,2-Car,No injury/unknown,OTHER (DRIVER) - EXPLAIN IN NARRATIVE,39.145734,-86.57638
10,3,1400.0,2-Car,No injury/unknown,FAILURE TO YIELD RIGHT OF WAY,39.14555978,-86.57759497
12,3,1800.0,2-Car,No injury/unknown,FAILURE TO YIELD RIGHT OF WAY,39.14555978,-86.57759497
11,3,1600.0,2-Car,No injury/unknown,GLARE,39.14555674,-86.57688767
4,3,700.0,2-Car,No injury/unknown,UNSAFE BACKING,39.14554559,-86.5695195
7,4,900.0,2-Car,No injury/unknown,FAILURE TO YIELD RIGHT OF WAY,39.14542545,-86.5776316
1,6,1800.0,2-Car,No injury/unknown,FAILURE TO YIELD RIGHT OF WAY,39.14537071,-86.57762667
2,2,1400.0,2-Car,No injury/unknown,UNSAFE SPEED,39.145362,-86.526945
1,4,900.0,2-Car,No injury/unknown,OTHER (DRIVER) - EXPLAIN IN NARRATIVE,39.145264,-86.577616
4,7,1700.0,2-Car,No injury/unknown,OTHER (DRIVER) - EXPLAIN IN NARRATIVE,39.145264,-86.577616
4,2,1000.0,2-Car,No injury/unknown,UNSAFE BACKING,39.145264,-86.577616
8,2,1500.0,2-Car,No injury/unknown,UNSAFE BACKING,39.145264,-86.577616
8,3,900.0,1-Car,No injury/unknown,SPEED TOO FAST FOR WEATHER CONDITIONS,39.145264,-86.577616
10,5,1500.0,2-Car,No injury/unknown,IMPROPER TURNING,39.145264,-86.577616
12,4,600.0,1-Car,No injury/unknown,ROADWAY SURFACE CONDITION,39.145264,-86.577616
1,5,1500.0,3+ Cars,Non-incapacitating,FOLLOWING TOO CLOSELY,39.145152,-86.5776
5,6,1500.0,2-Car,No injury/unknown,OTHER (DRIVER) - EXPLAIN IN NARRATIVE,39.145152,-86.5776
5,4,1500.0,3+ Cars,No injury/unknown,OTHER (VEHICLE) - EXPLAIN IN NARRATIVE,39.145152,-86.5776
6,4,1900.0,2-Car,No injury/unknown,FAILURE TO YIELD RIGHT OF WAY,39.145152,-86.5776
7,4,1500.0,2-Car,No injury/unknown,FAILURE TO YIELD RIGHT OF WAY,39.145152,-86.5776
9,3,800.0,2-Car,No injury/unknown,FAILURE TO YIELD RIGHT OF WAY,39.145152,-86.5776
10,4,1700.0,2-Car,No injury/unknown,UNSAFE BACKING,39.145152,-86.5776
10,5,2200.0,Moped/Motorcycle,Non-incapacitating,OVERCORRECTING/OVERSTEERING,39.145152,-86.5776
10,5,1700.0,2-Car,No injury/unknown,FAILURE TO YIELD RIGHT OF WAY,39.145152,-86.5776
11,7,300.0,2-Car,Non-incapacitating,LEFT OF CENTER,39.145152,-86.5776
11,7,1400.0,2-Car,No injury/unknown,FAILURE TO YIELD RIGHT OF WAY,39.145152,-86.5776
7,5,1200.0,2-Car,No injury/unknown,FAILURE TO YIELD RIGHT OF WAY,39.14509,-86.49701
8,2,1400.0,2-Car,No injury/unknown,FOLLOWING TOO CLOSELY,39.14509,-86.49701
10,6,1700.0,2-Car,No injury/unknown,IMPROPER LANE USAGE,39.14507982,-86.49772
4,6,1700.0,2-Car,No injury/unknown,DRIVER DISTRACTED - EXPLAIN IN NARRATIVE,39.14502,-86.57777433
10,5,1500.0,2-Car,Non-incapacitating,FAILURE TO YIELD RIGHT OF WAY,39.14502,-86.57777
12,6,1700.0,2-Car,No injury/unknown,FAILURE TO YIELD RIGHT OF WAY,39.14502,-86.57777
2,4,1700.0,3+ Cars,No injury/unknown,DRIVER DISTRACTED - EXPLAIN IN NARRATIVE,39.14500942,-86.57776354
12,2,1700.0,2-Car,No injury/unknown,SPEED TOO FAST FOR WEATHER CONDITIONS,39.14500942,-86.57780683
12,2,1800.0,2-Car,No injury/unknown,SPEED TOO FAST FOR WEATHER CONDITIONS,39.14500942,-86.57780683
7,2,1600.0,2-Car,No injury/unknown,FOLLOWING TOO CLOSELY,39.14499486,-86.57788929
1,2,1700.0,1-Car,No injury/unknown,ALCOHOLIC BEVERAGES,39.14492,-86.524373
3,5,1700.0,2-Car,No injury/unknown,UNSAFE BACKING,39.14487,-86.52275298
9,1,1400.0,2-Car,Non-incapacitating,UNSAFE BACKING,39.14480793,-86.569517
4,6,1400.0,2-Car,No injury/unknown,DISREGARD SIGNAL/REG SIGN,39.144752,-86.531888
7,7,1100.0,Moped/Motorcycle,Non-incapacitating,FAILURE TO YIELD RIGHT OF WAY,39.1443132,-86.49696261
5,4,1400.0,3+ Cars,No injury/unknown,OTHER (DRIVER) - EXPLAIN IN NARRATIVE,39.14429333,-86.582592
8,6,1500.0,1-Car,No injury/unknown,DRIVER DISTRACTED - EXPLAIN IN NARRATIVE,39.144016,-86.519647
5,4,1800.0,1-Car,No injury/unknown,OTHER (DRIVER) - EXPLAIN IN NARRATIVE,39.14399941,-86.5567129
4,5,1300.0,1-Car,No injury/unknown,DRIVER ASLEEP OR FATIGUED,39.14396827,-86.4806
6,5,1000.0,2-Car,No injury/unknown,UNSAFE BACKING,39.143921,-86.531755
12,1,1200.0,1-Car,No injury/unknown,OTHER (DRIVER) - EXPLAIN IN NARRATIVE,39.143921,-86.531755
6,7,900.0,Pedestrian,Non-incapacitating,OTHER (DRIVER) - EXPLAIN IN NARRATIVE,39.143896,-86.531748
12,3,1800.0,2-Car,No injury/unknown,ROADWAY SURFACE CONDITION,39.143808,-86.582592
12,3,1800.0,3+ Cars,No injury/unknown,ROADWAY SURFACE CONDITION,39.143808,-86.582592
3,6,2200.0,1-Car,No injury/unknown,ROADWAY SURFACE CONDITION,39.14371,-86.525609
4,3,1900.0,2-Car,Non-incapacitating,FOLLOWING TOO CLOSELY,39.14363325,-86.58038582
11,7,1500.0,2-Car,No injury/unknown,DISREGARD SIGNAL/REG SIGN,39.1436,-86.58031866
7,7,1600.0,2-Car,Incapacitating,FAILURE TO YIELD RIGHT OF WAY,39.14358304,-86.58028275
3,7,1900.0,2-Car,Non-incapacitating,FAILURE TO YIELD RIGHT OF WAY,39.14356848,-86.58025593
1,6,1400.0,2-Car,Non-incapacitating,FAILURE TO YIELD RIGHT OF WAY,39.143552,-86.580528
5,4,1600.0,2-Car,No injury/unknown,FAILURE TO YIELD RIGHT OF WAY,39.143552,-86.580528
8,2,1700.0,2-Car,Non-incapacitating,FAILURE TO YIELD RIGHT OF WAY,39.143552,-86.580528
10,6,1900.0,2-Car,No injury/unknown,FAILURE TO YIELD RIGHT OF WAY,39.143552,-86.580528
10,3,800.0,2-Car,Non-incapacitating,FAILURE TO YIELD RIGHT OF WAY,39.143552,-86.580528
12,7,2200.0,2-Car,No injury/unknown,FOLLOWING TOO CLOSELY,39.143552,-86.580528
12,7,2300.0,1-Car,No injury/unknown,ROADWAY SURFACE CONDITION,39.14353334,-86.582592
7,5,2100.0,2-Car,No injury/unknown,UNSAFE BACKING,39.143504,-86.541708
4,7,2100.0,Pedestrian,Non-incapacitating,PEDESTRIAN ACTION,39.1434,-86.54182
11,3,1600.0,2-Car,Non-incapacitating,FAILURE TO YIELD RIGHT OF WAY,39.1434,-86.54182
8,2,1900.0,Cyclist,Non-incapacitating,PEDESTRIAN ACTION,39.143344,-86.538704
7,4,1200.0,2-Car,No injury/unknown,UNSAFE BACKING,39.143341,-86.531589
1,4,300.0,1-Car,No injury/unknown,RAN OFF ROAD RIGHT,39.14333,-86.54322
12,4,0.0,1-Car,No injury/unknown,SPEED TOO FAST FOR WEATHER CONDITIONS,39.14333,-86.54322
12,7,1400.0,1-Car,No injury/unknown,OTHER (DRIVER) - EXPLAIN IN NARRATIVE,39.14320283,-86.40588883
1,7,300.0,1-Car,No injury/unknown,RAN OFF ROAD RIGHT,39.143058,-86.523014
7,4,2100.0,2-Car,No injury/unknown,OTHER (DRIVER) - EXPLAIN IN NARRATIVE,39.143006,-86.539047
7,4,1600.0,2-Car,Non-incapacitating,OTHER (DRIVER) - EXPLAIN IN NARRATIVE,39.14295897,-86.58259749
9,4,1600.0,2-Car,Non-incapacitating,FOLLOWING TOO CLOSELY,39.14255956,-86.58011913
9,7,2300.0,2-Car,No injury/unknown,UNSAFE BACKING,39.142555,-86.531238
10,3,1500.0,2-Car,No injury/unknown,OTHER (DRIVER) - EXPLAIN IN NARRATIVE,39.142555,-86.531238
11,7,700.0,2-Car,No injury/unknown,UNSAFE BACKING,39.142555,-86.531238
1,4,1400.0,2-Car,No injury/unknown,OTHER (DRIVER) - EXPLAIN IN NARRATIVE,39.142381,-86.581967
2,2,1800.0,2-Car,No injury/unknown,OTHER (DRIVER) - EXPLAIN IN NARRATIVE,39.142381,-86.581967
3,6,1700.0,2-Car,No injury/unknown,IMPROPER LANE USAGE,39.142381,-86.581967
7,3,2300.0,1-Car,No injury/unknown,OTHER (VEHICLE) - EXPLAIN IN NARRATIVE,39.142381,-86.581967
7,4,2200.0,2-Car,No injury/unknown,UNSAFE BACKING,39.142381,-86.581967
7,6,1900.0,2-Car,No injury/unknown,DRIVER DISTRACTED - EXPLAIN IN NARRATIVE,39.142381,-86.581967
8,6,1600.0,2-Car,No injury/unknown,FAILURE TO YIELD RIGHT OF WAY,39.142381,-86.581967
10,6,1500.0,2-Car,No injury/unknown,UNSAFE BACKING,39.142381,-86.581967
12,1,1000.0,2-Car,No injury/unknown,SPEED TOO FAST FOR WEATHER CONDITIONS,39.142381,-86.581967
9,5,1300.0,2-Car,Non-incapacitating,LEFT OF CENTER,39.14215182,-86.58274
5,6,1500.0,Bus,No injury/unknown,UNSAFE SPEED,39.14205611,-86.53073545
5,2,1100.0,2-Car,No injury/unknown,UNSAFE BACKING,39.14205543,-86.53076461
2,6,1700.0,2-Car,No injury/unknown,FAILURE TO YIELD RIGHT OF WAY,39.142048,-86.582592
5,6,1800.0,2-Car,Non-incapacitating,ILLEGAL DRUGS,39.142048,-86.582592
6,7,1500.0,2-Car,Non-incapacitating,DISREGARD SIGNAL/REG SIGN,39.142048,-86.582592
7,4,900.0,2-Car,No injury/unknown,DISREGARD SIGNAL/REG SIGN,39.142048,-86.582592
8,3,1800.0,3+ Cars,Non-incapacitating,IMPROPER LANE USAGE,39.142048,-86.582592
9,1,2100.0,2-Car,Non-incapacitating,FAILURE TO YIELD RIGHT OF WAY,39.142048,-86.531088
9,3,1700.0,2-Car,No injury/unknown,DISREGARD SIGNAL/REG SIGN,39.142048,-86.582592
10,6,1600.0,2-Car,No injury/unknown,IMPROPER PASSING,39.142048,-86.582592
11,2,2000.0,2-Car,No injury/unknown,DISREGARD SIGNAL/REG SIGN,39.142048,-86.582592
11,3,1800.0,2-Car,No injury/unknown,OTHER (DRIVER) - EXPLAIN IN NARRATIVE,39.142048,-86.582592
12,5,1800.0,2-Car,Non-incapacitating,FAILURE TO YIELD RIGHT OF WAY,39.142048,-86.582592
12,4,1700.0,2-Car,Non-incapacitating,IMPROPER LANE USAGE,39.142048,-86.582592
2,5,1700.0,Bus,No injury/unknown,ROADWAY SURFACE CONDITION,39.14195,-86.58259
2,4,1000.0,2-Car,No injury/unknown,DISREGARD SIGNAL/REG SIGN,39.14191534,-86.582572
2,4,1600.0,2-Car,No injury/unknown,OTHER (DRIVER) - EXPLAIN IN NARRATIVE,39.14191534,-86.582572
3,2,700.0,2-Car,No injury/unknown,FAILURE TO YIELD RIGHT OF WAY,39.14191534,-86.582572
3,6,700.0,2-Car,No injury/unknown,DISREGARD SIGNAL/REG SIGN,39.14191534,-86.582572
5,5,1800.0,2-Car,Non-incapacitating,OTHER (DRIVER) - EXPLAIN IN NARRATIVE,39.14191534,-86.582572
11,7,1400.0,2-Car,No injury/unknown,FAILURE TO YIELD RIGHT OF WAY,39.14191534,-86.582572
3,6,1300.0,2-Car,No injury/unknown,FAILURE TO YIELD RIGHT OF WAY,39.14191,-86.52694
4,6,1800.0,2-Car,No injury/unknown,DRIVER DISTRACTED - EXPLAIN IN NARRATIVE,39.14191,-86.52694
12,5,1400.0,2-Car,No injury/unknown,FAILURE TO YIELD RIGHT OF WAY,39.14191,-86.52694
12,4,700.0,2-Car,No injury/unknown,OTHER (DRIVER) - EXPLAIN IN NARRATIVE,39.14191,-86.52694
9,4,1700.0,2-Car,No injury/unknown,FAILURE TO YIELD RIGHT OF WAY,39.14190066,-86.5828886
12,6,1500.0,2-Car,No injury/unknown,FAILURE TO YIELD RIGHT OF WAY,39.14184201,-86.58259006
7,3,1400.0,2-Car,No injury/unknown,UNSAFE BACKING,39.14179311,-86.53100751
12,3,1800.0,1-Car,No injury/unknown,SPEED TOO FAST FOR WEATHER CONDITIONS,39.14179311,-86.53100751
5,7,1600.0,2-Car,No injury/unknown,FAILURE TO YIELD RIGHT OF WAY,39.14177335,-86.58258941
12,7,1100.0,2-Car,No injury/unknown,ROADWAY SURFACE CONDITION,39.14177335,-86.58258941
7,2,1800.0,2-Car,No injury/unknown,IMPROPER LANE USAGE,39.14167998,-86.58353457
3,1,400.0,3+ Cars,No injury/unknown,ALCOHOLIC BEVERAGES,39.14146,-86.52354
5,4,500.0,Cyclist,Non-incapacitating,FAILURE TO YIELD RIGHT OF WAY,39.14125523,-86.58273295
10,7,1100.0,2-Car,No injury/unknown,OTHER (DRIVER) - EXPLAIN IN NARRATIVE,39.14106,-86.544119
9,5,1500.0,2-Car,No injury/unknown,OTHER (ENVIRONMENTAL) - EXPLAIN IN NARR,39.14093,-86.49658
3,3,100.0,2-Car,No injury/unknown,OTHER (DRIVER) - EXPLAIN IN NARRATIVE,39.1407,-86.55674
7,2,700.0,2-Car,Non-incapacitating,FAILURE TO YIELD RIGHT OF WAY,39.140352,-86.582576
8,6,1200.0,2-Car,Non-incapacitating,FAILURE TO YIELD RIGHT OF WAY,39.140144,-86.54496
8,2,500.0,Cyclist,Incapacitating,OTHER (ENVIRONMENTAL) - EXPLAIN IN NARR,39.14010903,-86.58813244
1,5,1100.0,2-Car,No injury/unknown,OTHER (DRIVER) - EXPLAIN IN NARRATIVE,39.140048,-86.610304
11,4,800.0,2-Car,Incapacitating,FOLLOWING TOO CLOSELY,39.14002471,-86.58837922
5,6,0.0,2-Car,No injury/unknown,BRAKE FAILURE OR DEFECTIVE,39.13992686,-86.53860114
7,3,1700.0,2-Car,No injury/unknown,OTHER (DRIVER) - EXPLAIN IN NARRATIVE,39.13992,-86.538416
11,2,1700.0,2-Car,No injury/unknown,FAILURE TO YIELD RIGHT OF WAY,39.13974198,-86.53368
12,3,1800.0,1-Car,Non-incapacitating,OTHER (ENVIRONMENTAL) - EXPLAIN IN NARR,39.13959434,-86.59635203
7,6,1000.0,3+ Cars,No injury/unknown,OTHER (DRIVER) - EXPLAIN IN NARRATIVE,39.13950428,-86.51762373
9,5,1700.0,2-Car,No injury/unknown,FOLLOWING TOO CLOSELY,39.13857,-86.49653
4,7,1300.0,2-Car,No injury/unknown,FOLLOWING TOO CLOSELY,39.138448,-86.538288
7,1,1200.0,Bus,No injury/unknown,UNSAFE BACKING,39.13829,-86.54678866
2,5,1400.0,3+ Cars,No injury/unknown,ROADWAY SURFACE CONDITION,39.13821679,-86.52689912
2,5,1400.0,2-Car,No injury/unknown,ROADWAY SURFACE CONDITION,39.13821679,-86.52689912
10,6,2200.0,Pedestrian,Fatal,DRIVER DISTRACTED - EXPLAIN IN NARRATIVE,39.13785055,-86.59211256
2,4,1100.0,1-Car,Non-incapacitating,ROADWAY SURFACE CONDITION,39.13779417,-86.64721
10,5,0.0,2-Car,No injury/unknown,,39.137695,-86.524158
10,5,100.0,3+ Cars,No injury/unknown,ALCOHOLIC BEVERAGES,39.13742857,-86.52401486
12,6,100.0,1-Car,Non-incapacitating,ILLEGAL DRUGS,39.13731465,-86.57289939
9,5,1500.0,2-Car,No injury/unknown,UNSAFE BACKING,39.13726277,-86.52401169
7,4,800.0,1-Car,No injury/unknown,RAN OFF ROAD RIGHT,39.137168,-86.51249
9,3,1900.0,2-Car,No injury/unknown,OTHER (DRIVER) - EXPLAIN IN NARRATIVE,39.13714234,-86.52219443
2,4,1000.0,2-Car,No injury/unknown,ROADWAY SURFACE CONDITION,39.13704,-86.572896
2,4,1300.0,2-Car,No injury/unknown,DRIVER DISTRACTED - EXPLAIN IN NARRATIVE,39.13704,-86.575296
3,6,1600.0,2-Car,No injury/unknown,FAILURE TO YIELD RIGHT OF WAY,39.13704,-86.582512
4,5,1500.0,3+ Cars,Non-incapacitating,OTHER (DRIVER) - EXPLAIN IN NARRATIVE,39.13704,-86.572896
4,4,1500.0,2-Car,Non-incapacitating,FAILURE TO YIELD RIGHT OF WAY,39.13704,-86.582512
6,4,1700.0,Moped/Motorcycle,Non-incapacitating,IMPROPER LANE USAGE,39.13704,-86.572896
6,6,1400.0,2-Car,No injury/unknown,OTHER (DRIVER) - EXPLAIN IN NARRATIVE,39.13704,-86.58215932
7,3,1800.0,3+ Cars,No injury/unknown,FOLLOWING TOO CLOSELY,39.13704,-86.575296
9,5,1800.0,2-Car,Non-incapacitating,FOLLOWING TOO CLOSELY,39.13704,-86.582512
9,4,1900.0,Moped/Motorcycle,Non-incapacitating,ROAD UNDER CONSTRUCTION,39.13704,-86.572896
9,3,1200.0,2-Car,Non-incapacitating,FOLLOWING TOO CLOSELY,39.13704,-86.575296
11,4,1800.0,2-Car,Non-incapacitating,IMPROPER TURNING,39.13704,-86.572896
12,3,900.0,2-Car,No injury/unknown,OTHER (DRIVER) - EXPLAIN IN NARRATIVE,39.13704,-86.572896
5,4,2300.0,1-Car,No injury/unknown,ALCOHOLIC BEVERAGES,39.136944,-86.529488
6,5,1700.0,2-Car,No injury/unknown,LEFT OF CENTER,39.13688,-86.628768
11,5,1900.0,1-Car,No injury/unknown,ANIMAL/OBJECT IN ROADWAY,39.13688,-86.628768
11,5,800.0,2-Car,Non-incapacitating,FOLLOWING TOO CLOSELY,39.13687521,-86.572896
4,6,1700.0,2-Car,No injury/unknown,DRIVER DISTRACTED - EXPLAIN IN NARRATIVE,39.136848,-86.606
7,1,1400.0,2-Car,No injury/unknown,DRIVER DISTRACTED - EXPLAIN IN NARRATIVE,39.136848,-86.606
10,1,1800.0,2-Car,No injury/unknown,DISREGARD SIGNAL/REG SIGN,39.136848,-86.593792
4,2,1200.0,3+ Cars,No injury/unknown,FOLLOWING TOO CLOSELY,39.13684734,-86.58259797
4,3,700.0,2-Car,No injury/unknown,BRAKE FAILURE OR DEFECTIVE,39.13683,-86.58261
11,6,1800.0,2-Car,No injury/unknown,FOLLOWING TOO CLOSELY,39.13683,-86.58261
8,5,1400.0,2-Car,No injury/unknown,FAILURE TO YIELD RIGHT OF WAY,39.13679409,-86.52933809
10,6,1400.0,2-Car,Non-incapacitating,FOLLOWING TOO CLOSELY,39.13678452,-86.58261627
11,7,0.0,2-Car,No injury/unknown,UNSAFE BACKING,39.136774,-86.600409
4,2,1500.0,2-Car,No injury/unknown,IMPROPER LANE USAGE,39.13676196,-86.57320781
7,1,0.0,2-Car,Non-incapacitating,FAILURE TO YIELD RIGHT OF WAY,39.13676196,-86.57320781
1,2,1400.0,3+ Cars,No injury/unknown,FOLLOWING TOO CLOSELY,39.13668574,-86.52922974
12,2,1400.0,2-Car,No injury/unknown,UNSAFE BACKING,39.136671,-86.524022
7,5,1200.0,2-Car,No injury/unknown,OTHER (DRIVER) - EXPLAIN IN NARRATIVE,39.13666,-86.56786597
9,4,1800.0,2-Car,Non-incapacitating,OBSTRUCTION NOT MARKED,39.13666,-86.56785731
12,5,1900.0,1-Car,No injury/unknown,OVERCORRECTING/OVERSTEERING,39.13666,-86.56784
2,6,1300.0,1-Car,Non-incapacitating,OTHER (ENVIRONMENTAL) - EXPLAIN IN NARR,39.13664,-86.50703798
1,6,800.0,1-Car,No injury/unknown,UNSAFE SPEED,39.13664,-86.508096
2,3,1300.0,1-Car,No injury/unknown,SPEED TOO FAST FOR WEATHER CONDITIONS,39.13664,-86.508096
2,6,800.0,1-Car,No injury/unknown,SPEED TOO FAST FOR WEATHER CONDITIONS,39.13664,-86.508096
6,2,1500.0,2-Car,No injury/unknown,FAILURE TO YIELD RIGHT OF WAY,39.13664,-86.508096
2,5,1600.0,2-Car,No injury/unknown,ROADWAY SURFACE CONDITION,39.13662,-86.55431
4,5,1900.0,3+ Cars,Non-incapacitating,DRIVER DISTRACTED - EXPLAIN IN NARRATIVE,39.13662,-86.55431
9,7,800.0,Moped/Motorcycle,Non-incapacitating,ROADWAY SURFACE CONDITION,39.13662,-86.55431
10,4,1400.0,1-Car,No injury/unknown,OTHER (DRIVER) - EXPLAIN IN NARRATIVE,39.13662,-86.55431
10,6,800.0,Moped/Motorcycle,No injury/unknown,ROADWAY SURFACE CONDITION,39.13662,-86.55431
8,6,1400.0,2-Car,No injury/unknown,UNSAFE BACKING,39.13657739,-86.52912139
7,3,1700.0,2-Car,No injury/unknown,UNSAFE BACKING,39.13656457,-86.52910857
8,4,1600.0,3+ Cars,No injury/unknown,OTHER (DRIVER) - EXPLAIN IN NARRATIVE,39.13651906,-86.56166356
1,2,2200.0,2-Car,No injury/unknown,DISREGARD SIGNAL/REG SIGN,39.136448,-86.548704
1,6,2100.0,2-Car,No injury/unknown,FAILURE TO YIELD RIGHT OF WAY,39.136448,-86.548704
6,5,2000.0,Moped/Motorcycle,Non-incapacitating,ALCOHOLIC BEVERAGES,39.136448,-86.548704
9,3,1700.0,2-Car,Non-incapacitating,FOLLOWING TOO CLOSELY,39.136448,-86.548704
2,3,1600.0,1-Car,No injury/unknown,ROADWAY SURFACE CONDITION,39.13643708,-86.50539733
6,4,900.0,2-Car,No injury/unknown,SPEED TOO FAST FOR WEATHER CONDITIONS,39.13642333,-86.54799937
2,3,1400.0,2-Car,No injury/unknown,ALCOHOLIC BEVERAGES,39.136422,-86.529136
2,3,1400.0,1-Car,No injury/unknown,ALCOHOLIC BEVERAGES,39.136422,-86.529136
9,5,1900.0,1-Car,No injury/unknown,OTHER (DRIVER) - EXPLAIN IN NARRATIVE,39.13641362,-86.50834184
8,4,1500.0,2-Car,No injury/unknown,OTHER (ENVIRONMENTAL) - EXPLAIN IN NARR,39.136368,-86.505056
7,6,100.0,Moped/Motorcycle,Incapacitating,ALCOHOLIC BEVERAGES,39.13633469,-86.52887869
10,6,1700.0,2-Car,No injury/unknown,UNSAFE BACKING,39.136304,-86.544592
11,6,1000.0,3+ Cars,No injury/unknown,FOLLOWING TOO CLOSELY,39.136304,-86.544592
6,4,900.0,2-Car,No injury/unknown,OTHER (DRIVER) - EXPLAIN IN NARRATIVE,39.13628131,-86.52679673
12,7,1500.0,2-Car,No injury/unknown,FOLLOWING TOO CLOSELY,39.13621603,-86.572896
12,7,900.0,2-Car,No injury/unknown,OTHER (DRIVER) - EXPLAIN IN NARRATIVE,39.13615,-86.531033
6,3,1900.0,2-Car,No injury/unknown,DRIVER DISTRACTED - EXPLAIN IN NARRATIVE,39.136144,-86.5265355
10,6,2000.0,2-Car,No injury/unknown,IMPROPER PASSING,39.136144,-86.5116227
2,6,1700.0,2-Car,No injury/unknown,FAILURE TO YIELD RIGHT OF WAY,39.136144,-86.5268
2,6,700.0,3+ Cars,No injury/unknown,DISREGARD SIGNAL/REG SIGN,39.136144,-86.5268
3,1,1700.0,2-Car,No injury/unknown,FOLLOWING TOO CLOSELY,39.136144,-86.528688
4,5,800.0,2-Car,No injury/unknown,FOLLOWING TOO CLOSELY,39.136144,-86.528688
5,3,1300.0,2-Car,No injury/unknown,ALCOHOLIC BEVERAGES,39.136144,-86.528688
6,6,1000.0,2-Car,No injury/unknown,FAILURE TO YIELD RIGHT OF WAY,39.136144,-86.528688
7,4,800.0,2-Car,No injury/unknown,OTHER (DRIVER) - EXPLAIN IN NARRATIVE,39.136144,-86.528688
7,3,2200.0,2-Car,Non-incapacitating,DISREGARD SIGNAL/REG SIGN,39.136144,-86.5268
7,5,1800.0,2-Car,No injury/unknown,DRIVER DISTRACTED - EXPLAIN IN NARRATIVE,39.136144,-86.5268
8,1,2000.0,2-Car,No injury/unknown,LEFT OF CENTER,39.136144,-86.528688
8,4,1700.0,2-Car,No injury/unknown,FAILURE TO YIELD RIGHT OF WAY,39.136144,-86.5268
8,2,2000.0,2-Car,No injury/unknown,OTHER (DRIVER) - EXPLAIN IN NARRATIVE,39.136144,-86.5268
8,4,1300.0,2-Car,Non-incapacitating,FAILURE TO YIELD RIGHT OF WAY,39.136144,-86.528688
9,5,1600.0,2-Car,No injury/unknown,FAILURE TO YIELD RIGHT OF WAY,39.136144,-86.528688
9,2,800.0,2-Car,No injury/unknown,DISREGARD SIGNAL/REG SIGN,39.136144,-86.5268
9,2,900.0,1-Car,Non-incapacitating,RAN OFF ROAD RIGHT,39.136144,-86.508096
11,5,2100.0,2-Car,No injury/unknown,FAILURE TO YIELD RIGHT OF WAY,39.136144,-86.528688
11,3,1500.0,2-Car,Non-incapacitating,FAILURE TO YIELD RIGHT OF WAY,39.136144,-86.5268
11,5,1400.0,2-Car,No injury/unknown,FAILURE TO YIELD RIGHT OF WAY,39.136144,-86.528688
11,2,1800.0,2-Car,No injury/unknown,FAILURE TO YIELD RIGHT OF WAY,39.136144,-86.5268
12,6,2300.0,2-Car,Non-incapacitating,FAILURE TO YIELD RIGHT OF WAY,39.136144,-86.528688
5,5,1600.0,2-Car,Non-incapacitating,FAILURE TO YIELD RIGHT OF WAY,39.13613958,-86.5405485
4,2,1400.0,1-Car,Non-incapacitating,SPEED TOO FAST FOR WEATHER CONDITIONS,39.13611414,-86.49630964
5,6,1700.0,2-Car,No injury/unknown,IMPROPER PASSING,39.13609,-86.53938
5,3,1300.0,2-Car,No injury/unknown,FAILURE TO YIELD RIGHT OF WAY,39.13608,-86.538096
7,4,1000.0,2-Car,No injury/unknown,FOLLOWING TOO CLOSELY,39.13608,-86.538096
10,1,1100.0,2-Car,Non-incapacitating,FAILURE TO YIELD RIGHT OF WAY,39.13608,-86.538096
10,2,700.0,2-Car,No injury/unknown,DISREGARD SIGNAL/REG SIGN,39.13608,-86.538096
10,2,800.0,2-Car,No injury/unknown,BRAKE FAILURE OR DEFECTIVE,39.13608,-86.538096
11,1,1000.0,2-Car,Non-incapacitating,FAILURE TO YIELD RIGHT OF WAY,39.13608,-86.538096
8,2,1200.0,2-Car,No injury/unknown,FAILURE TO YIELD RIGHT OF WAY,39.136048,-86.536992