Month,Day,Hour,Collision Type,Injury Type,Primary Factor,Latitude,Longitude
9,3,1000.0,2-Car,No injury/unknown,UNSAFE BACKING,39.136048,-86.536992
4,6,1800.0,2-Car,No injury/unknown,FAILURE TO YIELD RIGHT OF WAY,39.13604,-86.52688
5,7,1600.0,2-Car,No injury/unknown,ALCOHOLIC BEVERAGES,39.13604,-86.53825
5,2,900.0,2-Car,No injury/unknown,LEFT OF CENTER,39.13604,-86.53825
6,6,1700.0,2-Car,No injury/unknown,OTHER (DRIVER) - EXPLAIN IN NARRATIVE,39.13604,-86.53825
8,2,1900.0,1-Car,No injury/unknown,OTHER (DRIVER) - EXPLAIN IN NARRATIVE,39.136,-86.52448
5,6,2000.0,2-Car,No injury/unknown,DISREGARD SIGNAL/REG SIGN,39.13599,-86.5288
7,3,1900.0,2-Car,No injury/unknown,FAILURE TO YIELD RIGHT OF WAY,39.13599,-86.5288
9,3,1200.0,1-Car,No injury/unknown,OTHER (DRIVER) - EXPLAIN IN NARRATIVE,39.13599,-86.528798
11,6,1600.0,2-Car,Non-incapacitating,FAILURE TO YIELD RIGHT OF WAY,39.13599,-86.5288
11,6,1900.0,1-Car,No injury/unknown,OTHER (DRIVER) - EXPLAIN IN NARRATIVE,39.13599,-86.52313
2,1,1200.0,2-Car,No injury/unknown,OTHER (DRIVER) - EXPLAIN IN NARRATIVE,39.13598,-86.499585
10,6,800.0,2-Car,No injury/unknown,IMPROPER TURNING,39.13598,-86.499585
9,4,1700.0,2-Car,Non-incapacitating,OTHER (DRIVER) - EXPLAIN IN NARRATIVE,39.13597965,-86.53558405
1,1,1200.0,3+ Cars,Non-incapacitating,FAILURE TO YIELD RIGHT OF WAY,39.13597,-86.53111
4,3,1900.0,2-Car,Non-incapacitating,FOLLOWING TOO CLOSELY,39.13597,-86.53111
4,6,700.0,2-Car,No injury/unknown,OTHER (DRIVER) - EXPLAIN IN NARRATIVE,39.13597,-86.53111
6,7,1100.0,2-Car,No injury/unknown,OTHER (DRIVER) - EXPLAIN IN NARRATIVE,39.13597,-86.53111
8,3,1400.0,2-Car,No injury/unknown,OTHER (DRIVER) - EXPLAIN IN NARRATIVE,39.13597,-86.53111
12,6,1800.0,2-Car,Non-incapacitating,FAILURE TO YIELD RIGHT OF WAY,39.13597,-86.53109486
4,3,900.0,2-Car,No injury/unknown,FOLLOWING TOO CLOSELY,39.13596,-86.53336896
8,7,1100.0,2-Car,No injury/unknown,DISREGARD SIGNAL/REG SIGN,39.13596,-86.49653
10,6,2200.0,1-Car,No injury/unknown,RAN OFF ROAD RIGHT,39.13593504,-86.59510928
1,5,1200.0,1-Car,No injury/unknown,TIRE FAILURE OR DEFECTIVE,39.13584,-86.496288
3,4,1800.0,2-Car,No injury/unknown,FAILURE TO YIELD RIGHT OF WAY,39.13584,-86.496288
8,3,2200.0,2-Car,No injury/unknown,FAILURE TO YIELD RIGHT OF WAY,39.13584,-86.496288
11,7,2200.0,2-Car,No injury/unknown,OTHER (DRIVER) - EXPLAIN IN NARRATIVE,39.13584,-86.496288
11,1,1300.0,2-Car,No injury/unknown,ROADWAY SURFACE CONDITION,39.13584,-86.496288
2,1,1200.0,1-Car,Non-incapacitating,RAN OFF ROAD RIGHT,39.13580463,-86.4808318
5,3,1700.0,2-Car,No injury/unknown,ROADWAY SURFACE CONDITION,39.13566671,-86.572896
8,6,1300.0,2-Car,No injury/unknown,OTHER (DRIVER) - EXPLAIN IN NARRATIVE,39.135475,-86.569909
12,7,1700.0,1-Car,No injury/unknown,ROADWAY SURFACE CONDITION,39.135248,-86.579504
12,4,1100.0,2-Car,No injury/unknown,OTHER (ENVIRONMENTAL) - EXPLAIN IN NARR,39.13519091,-86.52594805
11,3,1400.0,1-Car,No injury/unknown,UNSAFE BACKING,39.13514057,-86.58250286
9,3,1300.0,1-Car,No injury/unknown,RAN OFF ROAD RIGHT,39.13504,-86.596192
10,3,700.0,3+ Cars,No injury/unknown,FOLLOWING TOO CLOSELY,39.13504,-86.596192
10,3,600.0,2-Car,No injury/unknown,DRIVER DISTRACTED - EXPLAIN IN NARRATIVE,39.13504,-86.596192
9,5,700.0,1-Car,Non-incapacitating,DRIVER DISTRACTED - EXPLAIN IN NARRATIVE,39.13485593,-86.59645375
5,7,1100.0,1-Car,No injury/unknown,ANIMAL/OBJECT IN ROADWAY,39.13463804,-86.4536678
7,1,1600.0,1-Car,No injury/unknown,DRIVER ILLNESS,39.134544,-86.575312
10,3,700.0,1-Car,No injury/unknown,ANIMAL/OBJECT IN ROADWAY,39.13453245,-86.6043
11,5,700.0,2-Car,Non-incapacitating,FOLLOWING TOO CLOSELY,39.13429342,-86.572896
7,3,2300.0,2-Car,No injury/unknown,UNSAFE BACKING,39.134144,-86.51680132
5,4,600.0,3+ Cars,Non-incapacitating,FOLLOWING TOO CLOSELY,39.13411967,-86.59750076
7,1,1700.0,2-Car,No injury/unknown,IMPROPER TURNING,39.133776,-86.505216
8,2,1700.0,2-Car,No injury/unknown,FOLLOWING TOO CLOSELY,39.133744,-86.526896
5,5,1400.0,3+ Cars,Non-incapacitating,UNSAFE SPEED,39.13354109,-86.53181
12,7,1800.0,2-Car,No injury/unknown,SPEED TOO FAST FOR WEATHER CONDITIONS,39.133495,-86.524737
5,2,2300.0,2-Car,No injury/unknown,OTHER (DRIVER) - EXPLAIN IN NARRATIVE,39.13344,-86.575392
1,2,1000.0,2-Car,No injury/unknown,OTHER (DRIVER) - EXPLAIN IN NARRATIVE,39.133327,-86.526848
9,6,100.0,2-Car,Non-incapacitating,OTHER (DRIVER) - EXPLAIN IN NARRATIVE,39.1331908,-86.55194189
5,6,1500.0,2-Car,No injury/unknown,IMPROPER PASSING,39.13288667,-86.57913
4,7,1400.0,3+ Cars,No injury/unknown,OTHER (DRIVER) - EXPLAIN IN NARRATIVE,39.132821,-86.582589
1,4,1700.0,1-Car,No injury/unknown,UNSAFE SPEED,39.132688,-86.52144
10,4,500.0,1-Car,Non-incapacitating,RAN OFF ROAD RIGHT,39.13263296,-86.43115
2,6,1900.0,2-Car,No injury/unknown,ROADWAY SURFACE CONDITION,39.13241712,-86.53205876
1,4,1400.0,1-Car,No injury/unknown,UNSAFE BACKING,39.132048,-86.530592
4,6,400.0,2-Car,Non-incapacitating,DISREGARD SIGNAL/REG SIGN,39.13197,-86.53144
1,3,2300.0,1-Car,Non-incapacitating,ALCOHOLIC BEVERAGES,39.131953,-86.539402
12,6,1300.0,2-Car,No injury/unknown,VIEW OBSTRUCTED,39.13188813,-86.49611
2,3,1400.0,1-Car,Non-incapacitating,ALCOHOLIC BEVERAGES,39.1316,-86.447968
12,1,0.0,1-Car,No injury/unknown,ROADWAY SURFACE CONDITION,39.1316,-86.447968
5,2,1800.0,2-Car,No injury/unknown,OTHER (DRIVER) - EXPLAIN IN NARRATIVE,39.13152,-86.53143
11,6,1200.0,2-Car,Non-incapacitating,FOLLOWING TOO CLOSELY,39.13152,-86.53143
9,5,1100.0,1-Car,Non-incapacitating,UNSAFE BACKING,39.13151979,-86.58092226
7,1,300.0,2-Car,No injury/unknown,ALCOHOLIC BEVERAGES,39.13146515,-86.53145486
7,3,1600.0,2-Car,No injury/unknown,UNSAFE BACKING,39.13144,-86.516688
6,7,1200.0,2-Car,No injury/unknown,OTHER (VEHICLE) - EXPLAIN IN NARRATIVE,39.131344,-86.534896
5,5,1100.0,2-Car,No injury/unknown,FAILURE TO YIELD RIGHT OF WAY,39.131248,-86.538496
3,1,400.0,Pedestrian,Non-incapacitating,PEDESTRIAN ACTION,39.13116,-86.499475
9,1,1100.0,2-Car,No injury/unknown,OTHER (DRIVER) - EXPLAIN IN NARRATIVE,39.131008,-86.520976
10,4,700.0,2-Car,No injury/unknown,FAILURE TO YIELD RIGHT OF WAY,39.130944,-86.526688
3,4,1500.0,2-Car,Non-incapacitating,OTHER (DRIVER) - EXPLAIN IN NARRATIVE,39.13083,-86.52682
3,7,300.0,1-Car,No injury/unknown,ALCOHOLIC BEVERAGES,39.13083,-86.526819
6,7,300.0,1-Car,No injury/unknown,ANIMAL/OBJECT IN ROADWAY,39.130795,-86.520015
1,3,1200.0,1-Car,No injury/unknown,SPEED TOO FAST FOR WEATHER CONDITIONS,39.13076,-86.50184865
3,7,1300.0,2-Car,No injury/unknown,ROADWAY SURFACE CONDITION,39.13076,-86.50184
12,1,2100.0,2-Car,No injury/unknown,,39.13041,-86.55178087
6,7,1400.0,1-Car,No injury/unknown,OTHER (VEHICLE) - EXPLAIN IN NARRATIVE,39.130144,-86.57435264
2,3,1900.0,2-Car,No injury/unknown,UNSAFE BACKING,39.12989421,-86.53140705
7,2,2200.0,1-Car,No injury/unknown,ANIMAL/OBJECT IN ROADWAY,39.1295362,-86.60406549
11,7,1800.0,1-Car,No injury/unknown,ANIMAL/OBJECT IN ROADWAY,39.12953221,-86.44696083
4,7,1400.0,2-Car,No injury/unknown,RAN OFF ROAD RIGHT,39.12948117,-86.51263769
12,5,2300.0,1-Car,No injury/unknown,ANIMAL/OBJECT IN ROADWAY,39.1294481,-86.60420074
8,4,1700.0,2-Car,Non-incapacitating,LEFT OF CENTER,39.12940276,-86.55658275
7,4,1900.0,2-Car,Non-incapacitating,FAILURE TO YIELD RIGHT OF WAY,39.12936,-86.604336
7,7,1900.0,2-Car,Non-incapacitating,DRIVER DISTRACTED - EXPLAIN IN NARRATIVE,39.12936,-86.604336
11,6,1800.0,2-Car,No injury/unknown,FOLLOWING TOO CLOSELY,39.12936,-86.604336
12,7,1300.0,1-Car,No injury/unknown,ROADWAY SURFACE CONDITION,39.12925,-86.6043
1,3,700.0,2-Car,No injury/unknown,FAILURE TO YIELD RIGHT OF WAY,39.12921964,-86.49772
12,3,1900.0,2-Car,No injury/unknown,OTHER (ENVIRONMENTAL) - EXPLAIN IN NARR,39.1291842,-86.60460694
7,3,1600.0,2-Car,No injury/unknown,FOLLOWING TOO CLOSELY,39.12911215,-86.60447458
7,5,1300.0,2-Car,No injury/unknown,IMPROPER LANE USAGE,39.12911215,-86.60448324
5,6,1300.0,2-Car,Non-incapacitating,FOLLOWING TOO CLOSELY,39.12904489,-86.53866291
8,1,1700.0,2-Car,No injury/unknown,ALCOHOLIC BEVERAGES,39.12902677,-86.5026178
12,4,600.0,1-Car,No injury/unknown,ROADWAY SURFACE CONDITION,39.12899232,-86.55035
9,5,1800.0,Cyclist,Non-incapacitating,PEDESTRIAN ACTION,39.128848,-86.588272
8,3,1200.0,2-Car,No injury/unknown,DRIVER DISTRACTED - EXPLAIN IN NARRATIVE,39.12851707,-86.51158
1,1,900.0,2-Car,No injury/unknown,GLARE,39.1284,-86.51697809
7,7,1700.0,1-Car,No injury/unknown,DRIVER ASLEEP OR FATIGUED,39.12800259,-86.49653
8,4,1700.0,2-Car,No injury/unknown,SPEED TOO FAST FOR WEATHER CONDITIONS,39.12800259,-86.49653
4,2,800.0,2-Car,No injury/unknown,FAILURE TO YIELD RIGHT OF WAY,39.128,-86.606432
3,7,1800.0,1-Car,No injury/unknown,OTHER (DRIVER) - EXPLAIN IN NARRATIVE,39.127931,-86.526769
4,3,2200.0,2-Car,No injury/unknown,BRAKE FAILURE OR DEFECTIVE,39.127931,-86.526769
4,6,2200.0,2-Car,No injury/unknown,OTHER (DRIVER) - EXPLAIN IN NARRATIVE,39.127931,-86.526769
4,2,1600.0,2-Car,No injury/unknown,SPEED TOO FAST FOR WEATHER CONDITIONS,39.12790321,-86.60654596
8,3,800.0,Bus,No injury/unknown,OTHER (DRIVER) - EXPLAIN IN NARRATIVE,39.12788955,-86.55620063
1,3,1500.0,2-Car,No injury/unknown,FAILURE TO YIELD RIGHT OF WAY,39.12776,-86.585024
11,7,1800.0,2-Car,No injury/unknown,IMPROPER TURNING,39.12729,-86.50757
5,6,2200.0,2-Car,No injury/unknown,SPEED TOO FAST FOR WEATHER CONDITIONS,39.12724,-86.51884326
2,6,1500.0,2-Car,Non-incapacitating,OTHER (DRIVER) - EXPLAIN IN NARRATIVE,39.12716835,-86.52677353
8,5,2100.0,1-Car,No injury/unknown,UNSAFE BACKING,39.12716835,-86.52677353
9,1,300.0,2-Car,No injury/unknown,ALCOHOLIC BEVERAGES,39.12716835,-86.52677353
1,6,800.0,1-Car,No injury/unknown,SPEED TOO FAST FOR WEATHER CONDITIONS,39.126976,-86.582464
4,2,1800.0,2-Car,Non-incapacitating,FAILURE TO YIELD RIGHT OF WAY,39.126976,-86.582464
8,1,2100.0,1-Car,Non-incapacitating,RAN OFF ROAD RIGHT,39.126976,-86.582464
12,7,1400.0,1-Car,No injury/unknown,ROADWAY SURFACE CONDITION,39.126976,-86.582464
6,2,1800.0,2-Car,Non-incapacitating,FOLLOWING TOO CLOSELY,39.12695784,-86.54219875
11,5,1800.0,1-Car,No injury/unknown,ANIMAL/OBJECT IN ROADWAY,39.12695784,-86.54219875
6,7,2100.0,2-Car,No injury/unknown,PRESCRIPTION DRUGS,39.126935,-86.586957
2,6,1800.0,2-Car,Non-incapacitating,OTHER (ENVIRONMENTAL) - EXPLAIN IN NARR,39.12672491,-86.5313673
3,3,1500.0,2-Car,No injury/unknown,OTHER (DRIVER) - EXPLAIN IN NARRATIVE,39.12669768,-86.5313729
10,7,1500.0,2-Car,No injury/unknown,IMPROPER TURNING,39.12660505,-86.5726527
2,2,1800.0,1-Car,No injury/unknown,ANIMAL/OBJECT IN ROADWAY,39.12659,-86.5043
6,4,1400.0,2-Car,No injury/unknown,IMPROPER TURNING,39.12633358,-86.52674532
4,7,1600.0,1-Car,No injury/unknown,FOLLOWING TOO CLOSELY,39.12583973,-86.60975009
10,6,2200.0,2-Car,No injury/unknown,OTHER (VEHICLE) - EXPLAIN IN NARRATIVE,39.125744,-86.615888
5,4,1500.0,2-Car,No injury/unknown,FOLLOWING TOO CLOSELY,39.12557,-86.52672
7,3,1200.0,2-Car,No injury/unknown,DRIVER DISTRACTED - EXPLAIN IN NARRATIVE,39.12557,-86.52672
9,6,1500.0,2-Car,No injury/unknown,IMPROPER LANE USAGE,39.12557,-86.52672
1,4,1500.0,2-Car,No injury/unknown,OTHER (DRIVER) - EXPLAIN IN NARRATIVE,39.125312,-86.610496
5,2,1300.0,1-Car,No injury/unknown,DRIVER DISTRACTED - EXPLAIN IN NARRATIVE,39.125312,-86.610496
6,6,1500.0,2-Car,No injury/unknown,UNSAFE BACKING,39.125312,-86.610496
11,6,2200.0,2-Car,No injury/unknown,UNSAFE SPEED,39.125312,-86.610496
12,4,1800.0,2-Car,No injury/unknown,OTHER (DRIVER) - EXPLAIN IN NARRATIVE,39.125312,-86.610496
6,7,0.0,2-Car,No injury/unknown,UNSAFE BACKING,39.12489412,-86.52666966
9,4,300.0,2-Car,No injury/unknown,DRIVER DISTRACTED - EXPLAIN IN NARRATIVE,39.12448822,-86.5609886
6,4,1400.0,2-Car,No injury/unknown,OTHER (DRIVER) - EXPLAIN IN NARRATIVE,39.124351,-86.54633114
1,6,1100.0,2-Car,No injury/unknown,UNSAFE BACKING,39.12430572,-86.51646
12,2,1700.0,2-Car,No injury/unknown,SPEED TOO FAST FOR WEATHER CONDITIONS,39.123856,-86.526656
5,3,2000.0,Moped/Motorcycle,Non-incapacitating,VIEW OBSTRUCTED,39.1237846,-86.50868984
6,5,1000.0,2-Car,No injury/unknown,UNSAFE BACKING,39.12377991,-86.52665096
1,5,1500.0,2-Car,No injury/unknown,UNSAFE SPEED,39.12366208,-86.57172876
3,6,1000.0,1-Car,No injury/unknown,ROADWAY SURFACE CONDITION,39.123376,-86.582592
9,3,1700.0,2-Car,No injury/unknown,IMPROPER TURNING,39.123376,-86.582592
3,5,700.0,1-Car,No injury/unknown,ROADWAY SURFACE CONDITION,39.1232314,-86.48968969
6,6,0.0,2-Car,No injury/unknown,OTHER (DRIVER) - EXPLAIN IN NARRATIVE,39.12304862,-86.52043337
11,2,1700.0,2-Car,Non-incapacitating,VIEW OBSTRUCTED,39.12287016,-86.52659071
2,2,1600.0,1-Car,No injury/unknown,OTHER (DRIVER) - EXPLAIN IN NARRATIVE,39.12273887,-86.54864
9,5,2100.0,1-Car,No injury/unknown,RAN OFF ROAD RIGHT,39.12267,-86.57709
8,7,1700.0,1-Car,No injury/unknown,RAN OFF ROAD RIGHT,39.12263035,-86.61390382
3,5,800.0,2-Car,No injury/unknown,ROADWAY SURFACE CONDITION,39.12242988,-86.58568363
2,5,500.0,1-Car,No injury/unknown,RAN OFF ROAD RIGHT,39.122424,-86.635419
3,5,1800.0,1-Car,No injury/unknown,OTHER (DRIVER) - EXPLAIN IN NARRATIVE,39.12240491,-86.61425175
1,7,1300.0,2-Car,Non-incapacitating,DISREGARD SIGNAL/REG SIGN,39.122352,-86.5712
4,2,800.0,3+ Cars,Non-incapacitating,DISREGARD SIGNAL/REG SIGN,39.122352,-86.5712
5,3,1500.0,2-Car,No injury/unknown,OTHER (ENVIRONMENTAL) - EXPLAIN IN NARR,39.122352,-86.6056
7,7,1500.0,2-Car,No injury/unknown,OTHER (DRIVER) - EXPLAIN IN NARRATIVE,39.122352,-86.5712
12,7,1200.0,1-Car,No injury/unknown,OTHER (ENVIRONMENTAL) - EXPLAIN IN NARR,39.122352,-86.6056
10,2,2200.0,1-Car,No injury/unknown,SPEED TOO FAST FOR WEATHER CONDITIONS,39.122347,-86.591709
11,4,1000.0,2-Car,Non-incapacitating,FAILURE TO YIELD RIGHT OF WAY,39.12230063,-86.57913641
4,7,1000.0,2-Car,Non-incapacitating,FAILURE TO YIELD RIGHT OF WAY,39.12224,-86.6144
5,4,1500.0,2-Car,No injury/unknown,DISREGARD SIGNAL/REG SIGN,39.12224,-86.6144
7,3,0.0,1-Car,Non-incapacitating,ALCOHOLIC BEVERAGES,39.12224,-86.6144
9,2,600.0,2-Car,Non-incapacitating,FAILURE TO YIELD RIGHT OF WAY,39.12224,-86.6144
12,7,1200.0,2-Car,No injury/unknown,OTHER (ENVIRONMENTAL) - EXPLAIN IN NARR,39.12224,-86.6144
2,6,1500.0,2-Car,No injury/unknown,OTHER (DRIVER) - EXPLAIN IN NARRATIVE,39.122231,-86.573393
7,6,1600.0,3+ Cars,Non-incapacitating,OTHER (DRIVER) - EXPLAIN IN NARRATIVE,39.12222831,-86.57138586
7,3,1500.0,2-Car,No injury/unknown,FAILURE TO YIELD RIGHT OF WAY,39.122224,-86.562688
10,6,700.0,2-Car,Non-incapacitating,FOLLOWING TOO CLOSELY,39.122224,-86.562688
3,2,1100.0,2-Car,Incapacitating,DISREGARD SIGNAL/REG SIGN,39.12220683,-86.57140464
7,5,700.0,2-Car,Non-incapacitating,FAILURE TO YIELD RIGHT OF WAY,39.12220683,-86.57140464
8,7,1800.0,2-Car,No injury/unknown,RAN OFF ROAD RIGHT,39.12220683,-86.57140464
10,4,800.0,2-Car,No injury/unknown,DISREGARD SIGNAL/REG SIGN,39.12220683,-86.57140464
10,4,1400.0,1-Car,No injury/unknown,RAN OFF ROAD RIGHT,39.12220683,-86.57140464
11,6,900.0,1-Car,No injury/unknown,ROADWAY SURFACE CONDITION,39.1221,-86.57402134
12,2,1300.0,2-Car,No injury/unknown,IMPROPER PASSING,39.121808,-86.498784
12,7,1400.0,2-Car,No injury/unknown,ROADWAY SURFACE CONDITION,39.1218,-86.54793
12,7,1500.0,1-Car,No injury/unknown,ROADWAY SURFACE CONDITION,39.1218,-86.54793
12,7,1200.0,2-Car,No injury/unknown,SPEED TOO FAST FOR WEATHER CONDITIONS,39.1218,-86.54793
1,3,1900.0,2-Car,No injury/unknown,FAILURE TO YIELD RIGHT OF WAY,39.121648,-86.539088
1,4,700.0,2-Car,No injury/unknown,FAILURE TO YIELD RIGHT OF WAY,39.121648,-86.539088
5,5,1200.0,2-Car,No injury/unknown,SPEED TOO FAST FOR WEATHER CONDITIONS,39.121648,-86.539088
9,6,1700.0,2-Car,No injury/unknown,LEFT OF CENTER,39.121648,-86.539088
11,4,800.0,2-Car,No injury/unknown,IMPROPER TURNING,39.121648,-86.539088
11,6,1100.0,2-Car,No injury/unknown,FAILURE TO YIELD RIGHT OF WAY,39.121648,-86.539088
1,3,1200.0,2-Car,Non-incapacitating,FOLLOWING TOO CLOSELY,39.12164567,-86.5313673
11,1,2200.0,1-Car,No injury/unknown,ANIMAL/OBJECT IN ROADWAY,39.121584,-86.489744
2,4,1000.0,2-Car,No injury/unknown,TIRE FAILURE OR DEFECTIVE,39.12157715,-86.52650508
10,1,100.0,Moped/Motorcycle,No injury/unknown,UNSAFE SPEED,39.12156538,-86.56332364
1,3,700.0,2-Car,Non-incapacitating,FAILURE TO YIELD RIGHT OF WAY,39.121552,-86.531296
2,6,1800.0,1-Car,No injury/unknown,RAN OFF ROAD RIGHT,39.121552,-86.531296
12,7,1300.0,2-Car,No injury/unknown,SPEED TOO FAST FOR WEATHER CONDITIONS,39.121552,-86.531296
12,5,2000.0,2-Car,No injury/unknown,DRIVER DISTRACTED - EXPLAIN IN NARRATIVE,39.121552,-86.531296
12,7,1000.0,2-Car,No injury/unknown,ROADWAY SURFACE CONDITION,39.12154418,-86.53386009
1,2,1700.0,2-Car,No injury/unknown,DRIVER DISTRACTED - EXPLAIN IN NARRATIVE,39.12153693,-86.53059107
10,4,1900.0,1-Car,No injury/unknown,ANIMAL/OBJECT IN ROADWAY,39.12151339,-86.51844883
1,2,700.0,2-Car,No injury/unknown,IMPROPER TURNING,39.121488,-86.528304
5,7,1200.0,2-Car,No injury/unknown,OTHER (DRIVER) - EXPLAIN IN NARRATIVE,39.121488,-86.528304
6,5,1700.0,1-Car,Non-incapacitating,RAN OFF ROAD RIGHT,39.12145423,-86.49602652
10,1,0.0,1-Car,Incapacitating,DRIVER ILLNESS,39.12145,-86.52849433
3,5,1500.0,2-Car,Non-incapacitating,FOLLOWING TOO CLOSELY,39.1214459,-86.52663857
10,6,1600.0,2-Car,Non-incapacitating,OTHER (DRIVER) - EXPLAIN IN NARRATIVE,39.12144,-86.526496
1,4,900.0,3+ Cars,No injury/unknown,FAILURE TO YIELD RIGHT OF WAY,39.12144,-86.526496
3,3,700.0,Bus,No injury/unknown,FOLLOWING TOO CLOSELY,39.12144,-86.526496
3,6,2000.0,2-Car,Non-incapacitating,SPEED TOO FAST FOR WEATHER CONDITIONS,39.12144,-86.526496
3,7,1200.0,2-Car,Non-incapacitating,FAILURE TO YIELD RIGHT OF WAY,39.12144,-86.526496
4,4,1800.0,2-Car,No injury/unknown,DRIVER DISTRACTED - EXPLAIN IN NARRATIVE,39.12144,-86.526496
7,5,2300.0,Moped/Motorcycle,Non-incapacitating,IMPROPER LANE USAGE,39.12144,-86.526496
7,1,1800.0,2-Car,No injury/unknown,FAILURE TO YIELD RIGHT OF WAY,39.12144,-86.51158
7,2,1400.0,2-Car,No injury/unknown,DISREGARD SIGNAL/REG SIGN,39.12144,-86.526496
7,7,1300.0,2-Car,No injury/unknown,IMPROPER LANE USAGE,39.12144,-86.526496
8,1,1300.0,2-Car,Non-incapacitating,OVERSIZE/OVERWEIGHT LOAD,39.12144,-86.51157135
8,5,1400.0,2-Car,No injury/unknown,DRIVER DISTRACTED - EXPLAIN IN NARRATIVE,39.12144,-86.526496
10,2,1400.0,Moped/Motorcycle,Non-incapacitating,OTHER (DRIVER) - EXPLAIN IN NARRATIVE,39.12144,-86.526496
10,3,900.0,3+ Cars,Non-incapacitating,OTHER (DRIVER) - EXPLAIN IN NARRATIVE,39.12144,-86.51155301
10,5,1900.0,2-Car,No injury/unknown,FAILURE TO YIELD RIGHT OF WAY,39.12144,-86.526496
11,3,1000.0,2-Car,No injury/unknown,SPEED TOO FAST FOR WEATHER CONDITIONS,39.12144,-86.52663
12,7,900.0,3+ Cars,No injury/unknown,ROADWAY SURFACE CONDITION,39.12144,-86.526496
1,3,900.0,1-Car,No injury/unknown,OVERCORRECTING/OVERSTEERING,39.12142,-86.53135
2,6,2200.0,1-Car,Incapacitating,DRIVER ILLNESS,39.12142,-86.53130673
8,7,1200.0,2-Car,Non-incapacitating,FOLLOWING TOO CLOSELY,39.12142,-86.53135
8,6,1800.0,2-Car,No injury/unknown,NONE (VEHICLE),39.12136,-86.531344
9,1,900.0,2-Car,No injury/unknown,FOLLOWING TOO CLOSELY,39.12129171,-86.53911805
2,2,1300.0,2-Car,No injury/unknown,FAILURE TO YIELD RIGHT OF WAY,39.121122,-86.531339
2,2,1300.0,2-Car,No injury/unknown,FAILURE TO YIELD RIGHT OF WAY,39.121122,-86.531339
3,6,2000.0,1-Car,No injury/unknown,SPEED TOO FAST FOR WEATHER CONDITIONS,39.121122,-86.531339
3,4,1800.0,2-Car,No injury/unknown,UNSAFE BACKING,39.121122,-86.531339
3,5,1200.0,1-Car,No injury/unknown,RAN OFF ROAD RIGHT,39.1206,-86.57320567
9,3,1700.0,2-Car,No injury/unknown,FAILURE TO YIELD RIGHT OF WAY,39.1198691,-86.61808084
6,6,1600.0,Cyclist,Non-incapacitating,FAILURE TO YIELD RIGHT OF WAY,39.11979688,-86.48267
2,2,1000.0,2-Car,Non-incapacitating,OTHER (DRIVER) - EXPLAIN IN NARRATIVE,39.11948753,-86.57687
5,2,0.0,1-Car,No injury/unknown,ANIMAL/OBJECT IN ROADWAY,39.11948158,-86.61870354
9,2,1300.0,1-Car,Non-incapacitating,RAN OFF ROAD RIGHT,39.11908958,-86.4293384
10,3,1500.0,1-Car,No injury/unknown,OTHER (DRIVER) - EXPLAIN IN NARRATIVE,39.11894358,-86.61961207
7,5,700.0,2-Car,Incapacitating,ROADWAY SURFACE CONDITION,39.11878453,-86.56809357
4,6,1700.0,2-Car,No injury/unknown,FOLLOWING TOO CLOSELY,39.11870332,-86.62004172
11,4,1700.0,3+ Cars,No injury/unknown,FAILURE TO YIELD RIGHT OF WAY,39.11870332,-86.62004172
9,5,1500.0,2-Car,No injury/unknown,FOLLOWING TOO CLOSELY,39.11867335,-86.50224214
9,4,200.0,1-Car,No injury/unknown,UNSAFE SPEED,39.11807922,-86.56891162
2,4,900.0,Bus,No injury/unknown,SPEED TOO FAST FOR WEATHER CONDITIONS,39.11795,-86.54681
12,4,1900.0,2-Car,No injury/unknown,DISREGARD SIGNAL/REG SIGN,39.117648,-86.567104
12,6,1600.0,2-Car,No injury/unknown,IMPROPER LANE USAGE,39.11731641,-86.56719724
12,6,1000.0,1-Car,No injury/unknown,SPEED TOO FAST FOR WEATHER CONDITIONS,39.117152,-86.573504
10,4,1400.0,2-Car,No injury/unknown,LEFT OF CENTER,39.11708173,-86.56188
5,3,1300.0,1-Car,No injury/unknown,RAN OFF ROAD RIGHT,39.11605361,-86.42871846
11,4,1700.0,2-Car,No injury/unknown,SPEED TOO FAST FOR WEATHER CONDITIONS,39.11595373,-86.56507293
2,3,1100.0,1-Car,No injury/unknown,ROADWAY SURFACE CONDITION,39.11584167,-86.48959
6,6,2100.0,2-Car,Non-incapacitating,OTHER (DRIVER) - EXPLAIN IN NARRATIVE,39.11564832,-86.53123856
9,6,1700.0,2-Car,No injury/unknown,FOLLOWING TOO CLOSELY,39.115552,-86.564592
11,2,700.0,1-Car,No injury/unknown,ANIMAL/OBJECT IN ROADWAY,39.115552,-86.564592
1,5,1000.0,1-Car,Non-incapacitating,UNSAFE SPEED,39.115488,-86.498688
1,3,800.0,Bus,No injury/unknown,ROADWAY SURFACE CONDITION,39.11531,-86.48514
10,3,1800.0,Moped/Motorcycle,No injury/unknown,FOLLOWING TOO CLOSELY,39.11525711,-86.56496377
12,3,600.0,2-Car,Non-incapacitating,DRIVER DISTRACTED - EXPLAIN IN NARRATIVE,39.11525711,-86.56496377
10,4,1900.0,1-Car,No injury/unknown,ANIMAL/OBJECT IN ROADWAY,39.115183,-86.42914221
6,4,900.0,3+ Cars,Non-incapacitating,UNSAFE SPEED,39.11504,-86.630992