Month,Day,Hour,Collision Type,Injury Type,Primary Factor,Latitude,Longitude
8,1,1100.0,1-Car,No injury/unknown,ANIMAL/OBJECT IN ROADWAY,39.11504,-86.630992
11,6,1500.0,2-Car,No injury/unknown,FOLLOWING TOO CLOSELY,39.11504,-86.630992
12,3,1600.0,1-Car,No injury/unknown,RAN OFF ROAD RIGHT,39.11503,-86.4711
7,5,1400.0,2-Car,Non-incapacitating,BRAKE FAILURE OR DEFECTIVE,39.11501447,-86.62922947
2,6,1900.0,2-Car,No injury/unknown,FAILURE TO YIELD RIGHT OF WAY,39.11464,-86.539392
6,2,800.0,2-Car,Non-incapacitating,FAILURE TO YIELD RIGHT OF WAY,39.11464,-86.539392
7,3,0.0,2-Car,No injury/unknown,OTHER (VEHICLE) - EXPLAIN IN NARRATIVE,39.11461,-86.54628433
10,3,1500.0,3+ Cars,Non-incapacitating,LEFT OF CENTER,39.11460543,-86.63189064
12,4,1500.0,3+ Cars,No injury/unknown,LEFT OF CENTER,39.11460543,-86.63189064
10,3,700.0,2-Car,No injury/unknown,,39.11456,-86.531175
9,2,0.0,1-Car,Non-incapacitating,ALCOHOLIC BEVERAGES,39.11450373,-86.5684703
12,3,1100.0,2-Car,No injury/unknown,UNSAFE BACKING,39.11396539,-86.53955633
6,3,700.0,1-Car,Non-incapacitating,UNSAFE SPEED,39.11307,-86.57162
8,1,600.0,2-Car,Fatal,LEFT OF CENTER,39.11188918,-86.63693506
10,3,1600.0,3+ Cars,Non-incapacitating,FOLLOWING TOO CLOSELY,39.11188918,-86.63693506
8,4,1600.0,2-Car,Non-incapacitating,FOLLOWING TOO CLOSELY,39.11173778,-86.57913
6,2,1200.0,2-Car,No injury/unknown,UNSAFE SPEED,39.111664,-86.5684
6,3,2000.0,2-Car,No injury/unknown,FAILURE TO YIELD RIGHT OF WAY,39.11138357,-86.52651
7,7,1500.0,1-Car,No injury/unknown,BRAKE FAILURE OR DEFECTIVE,39.11136,-86.539824
5,3,1900.0,1-Car,No injury/unknown,GLARE,39.111152,-86.5348
9,2,800.0,Bus,Non-incapacitating,BRAKE FAILURE OR DEFECTIVE,39.11112604,-86.53714478
11,6,1700.0,2-Car,No injury/unknown,DRIVER DISTRACTED - EXPLAIN IN NARRATIVE,39.11108,-86.63819134
3,5,1700.0,3+ Cars,No injury/unknown,ALCOHOLIC BEVERAGES,39.111079,-86.6382
3,3,1300.0,2-Car,Non-incapacitating,FAILURE TO YIELD RIGHT OF WAY,39.111024,-86.638304
5,7,1000.0,2-Car,Non-incapacitating,DRIVER DISTRACTED - EXPLAIN IN NARRATIVE,39.111024,-86.638304
8,2,700.0,Moped/Motorcycle,Non-incapacitating,FAILURE TO YIELD RIGHT OF WAY,39.111024,-86.638304
12,7,1300.0,2-Car,No injury/unknown,SPEED TOO FAST FOR WEATHER CONDITIONS,39.11085722,-86.53135
4,7,1100.0,2-Car,No injury/unknown,UNSAFE BACKING,39.110834,-86.539826
11,6,2300.0,1-Car,Non-incapacitating,ALCOHOLIC BEVERAGES,39.1107542,-86.64984936
10,7,1400.0,2-Car,Non-incapacitating,DRIVER DISTRACTED - EXPLAIN IN NARRATIVE,39.1105084,-86.63912899
7,7,1600.0,2-Car,No injury/unknown,IMPROPER PASSING,39.11016466,-86.63967898
8,1,1700.0,1-Car,Non-incapacitating,ALCOHOLIC BEVERAGES,39.10898732,-86.46344494
12,7,2300.0,1-Car,No injury/unknown,ROADWAY SURFACE CONDITION,39.10837541,-86.66268517
12,7,1200.0,2-Car,No injury/unknown,ROADWAY SURFACE CONDITION,39.10837541,-86.66268517
11,2,900.0,1-Car,No injury/unknown,ANIMAL/OBJECT IN ROADWAY,39.1083746,-86.55495588
9,5,1700.0,2-Car,No injury/unknown,RAN OFF ROAD RIGHT,39.108356,-86.549509
2,5,100.0,1-Car,Non-incapacitating,RAN OFF ROAD RIGHT,39.10834,-86.66610733
2,5,200.0,2-Car,No injury/unknown,BRAKE FAILURE OR DEFECTIVE,39.1083218,-86.6652105
7,4,1800.0,2-Car,No injury/unknown,UNSAFE SPEED,39.107952,-86.610304
7,1,1800.0,Moped/Motorcycle,Non-incapacitating,RAN OFF ROAD RIGHT,39.10773413,-86.64355871
11,5,1100.0,2-Car,No injury/unknown,FAILURE TO YIELD RIGHT OF WAY,39.10748133,-86.52640051
5,4,1200.0,2-Car,No injury/unknown,OTHER (DRIVER) - EXPLAIN IN NARRATIVE,39.1074624,-86.64387777
8,6,1000.0,2-Car,Non-incapacitating,LEFT OF CENTER,39.107456,-86.540064
12,6,1600.0,1-Car,No injury/unknown,ROADWAY SURFACE CONDITION,39.107456,-86.540064
6,2,1200.0,2-Car,No injury/unknown,OTHER (DRIVER) - EXPLAIN IN NARRATIVE,39.107344,-86.5264
8,5,1700.0,Pedestrian,Non-incapacitating,OTHER (DRIVER) - EXPLAIN IN NARRATIVE,39.1073378,-86.53539037
3,6,1700.0,1-Car,Non-incapacitating,RAN OFF ROAD RIGHT,39.10726116,-86.53149068
6,2,1800.0,2-Car,No injury/unknown,FOLLOWING TOO CLOSELY,39.10726,-86.53149
9,3,2000.0,Moped/Motorcycle,No injury/unknown,FAILURE TO YIELD RIGHT OF WAY,39.10726,-86.53149
11,6,1500.0,2-Car,No injury/unknown,IMPROPER TURNING,39.107248,-86.531392
6,5,700.0,2-Car,Non-incapacitating,FOLLOWING TOO CLOSELY,39.1071675,-86.52650982
8,6,1400.0,2-Car,Non-incapacitating,FAILURE TO YIELD RIGHT OF WAY,39.10716,-86.52651
3,2,1800.0,2-Car,No injury/unknown,UNSAFE SPEED,39.10704,-86.523488
5,5,1400.0,1-Car,Non-incapacitating,SPEED TOO FAST FOR WEATHER CONDITIONS,39.10704,-86.523488
8,6,1000.0,2-Car,Non-incapacitating,BRAKE FAILURE OR DEFECTIVE,39.10704,-86.523488
12,3,1800.0,1-Car,No injury/unknown,ROADWAY SURFACE CONDITION,39.10704,-86.523488
5,7,800.0,2-Car,No injury/unknown,UNSAFE BACKING,39.106659,-86.550268
11,2,1600.0,1-Car,Non-incapacitating,RAN OFF ROAD RIGHT,39.10593,-86.430629
7,1,1100.0,1-Car,No injury/unknown,DRIVER ASLEEP OR FATIGUED,39.10568,-86.52248
8,6,800.0,2-Car,No injury/unknown,DISREGARD SIGNAL/REG SIGN,39.10560026,-86.55135781
2,7,1100.0,2-Car,Non-incapacitating,BRAKE FAILURE OR DEFECTIVE,39.10555824,-86.55147414
11,5,1900.0,1-Car,No injury/unknown,ANIMAL/OBJECT IN ROADWAY,39.10555824,-86.55147414
9,7,1100.0,2-Car,Non-incapacitating,FAILURE TO YIELD RIGHT OF WAY,39.105552,-86.551104
10,6,1200.0,2-Car,No injury/unknown,DISREGARD SIGNAL/REG SIGN,39.105552,-86.551104
11,5,1700.0,2-Car,Non-incapacitating,DISREGARD SIGNAL/REG SIGN,39.105552,-86.551104
11,6,2200.0,2-Car,Non-incapacitating,DISREGARD SIGNAL/REG SIGN,39.105552,-86.551104
10,6,700.0,2-Car,No injury/unknown,FOLLOWING TOO CLOSELY,39.10408634,-86.64816679
1,7,500.0,1-Car,Non-incapacitating,ALCOHOLIC BEVERAGES,39.10404719,-86.59359326
5,5,2000.0,1-Car,No injury/unknown,ANIMAL/OBJECT IN ROADWAY,39.10389193,-86.51178391
2,6,1700.0,2-Car,Non-incapacitating,LEFT OF CENTER,39.10328523,-86.63833327
6,1,1800.0,1-Car,No injury/unknown,RAN OFF ROAD RIGHT,39.10316,-86.57509
11,1,1100.0,2-Car,No injury/unknown,SPEED TOO FAST FOR WEATHER CONDITIONS,39.10316,-86.57507701
7,4,1100.0,1-Car,Non-incapacitating,SPEED TOO FAST FOR WEATHER CONDITIONS,39.10247812,-86.51705
4,4,1300.0,2-Car,No injury/unknown,UNSAFE BACKING,39.10193,-86.53940433
7,2,1500.0,1-Car,No injury/unknown,RAN OFF ROAD RIGHT,39.10133773,-86.64986539
12,3,1200.0,1-Car,No injury/unknown,RAN OFF ROAD RIGHT,39.100656,-86.59280986
10,4,600.0,2-Car,No injury/unknown,OTHER (DRIVER) - EXPLAIN IN NARRATIVE,39.10049293,-86.50423
9,7,600.0,1-Car,No injury/unknown,ANIMAL/OBJECT IN ROADWAY,39.100448,-86.558096
8,5,1600.0,2-Car,No injury/unknown,DRIVER DISTRACTED - EXPLAIN IN NARRATIVE,39.10005311,-86.65130419
12,7,1000.0,2-Car,No injury/unknown,FOLLOWING TOO CLOSELY,39.10005311,-86.65130419
2,1,1600.0,1-Car,Non-incapacitating,SPEED TOO FAST FOR WEATHER CONDITIONS,39.09992668,-86.46408352
2,3,1500.0,2-Car,No injury/unknown,ROADWAY SURFACE CONDITION,39.09991,-86.51785865
6,5,1500.0,2-Car,No injury/unknown,OTHER (DRIVER) - EXPLAIN IN NARRATIVE,39.09991,-86.51785
2,6,2100.0,1-Car,No injury/unknown,ANIMAL/OBJECT IN ROADWAY,39.09984,-86.5176
7,3,1700.0,2-Car,No injury/unknown,FAILURE TO YIELD RIGHT OF WAY,39.09984,-86.5176
5,2,2000.0,Moped/Motorcycle,No injury/unknown,OVERCORRECTING/OVERSTEERING,39.09963105,-86.42329198
12,6,1500.0,1-Car,No injury/unknown,ROADWAY SURFACE CONDITION,39.099408,-86.537904
8,5,1600.0,2-Car,No injury/unknown,DRIVER DISTRACTED - EXPLAIN IN NARRATIVE,39.099152,-86.652
12,7,1000.0,1-Car,No injury/unknown,SPEED TOO FAST FOR WEATHER CONDITIONS,39.09859974,-86.6527848
5,3,400.0,1-Car,Non-incapacitating,ALCOHOLIC BEVERAGES,39.09784,-86.5168
11,7,300.0,1-Car,No injury/unknown,RAN OFF ROAD RIGHT,39.09640983,-86.6577342
7,2,600.0,1-Car,No injury/unknown,ANIMAL/OBJECT IN ROADWAY,39.09514441,-86.58462911
7,2,1700.0,2-Car,No injury/unknown,DRIVER DISTRACTED - EXPLAIN IN NARRATIVE,39.093906,-86.657578
2,2,1700.0,1-Car,No injury/unknown,UNSAFE SPEED,39.093744,-86.638304
1,6,300.0,1-Car,No injury/unknown,RAN OFF ROAD RIGHT,39.09366019,-86.48685147
7,2,1500.0,2-Car,No injury/unknown,FAILURE TO YIELD RIGHT OF WAY,39.09350527,-86.60060297
12,2,1800.0,1-Car,No injury/unknown,ANIMAL/OBJECT IN ROADWAY,39.09348814,-86.59884081
3,7,0.0,1-Car,No injury/unknown,ROADWAY SURFACE CONDITION,39.09344832,-86.48681274
8,1,1500.0,1-Car,Non-incapacitating,UNSAFE SPEED,39.093431,-86.606177
6,6,800.0,2-Car,No injury/unknown,FOLLOWING TOO CLOSELY,39.09318123,-86.5456708
2,3,1800.0,2-Car,Non-incapacitating,FAILURE TO YIELD RIGHT OF WAY,39.092976,-86.545648
4,6,1400.0,2-Car,Non-incapacitating,FAILURE TO YIELD RIGHT OF WAY,39.092976,-86.545648
5,6,1300.0,2-Car,No injury/unknown,FAILURE TO YIELD RIGHT OF WAY,39.092976,-86.545648
5,2,1500.0,2-Car,Incapacitating,DISREGARD SIGNAL/REG SIGN,39.09296,-86.54416
7,2,1800.0,2-Car,No injury/unknown,DRIVER DISTRACTED - EXPLAIN IN NARRATIVE,39.092944,-86.544
7,4,1600.0,3+ Cars,No injury/unknown,FAILURE TO YIELD RIGHT OF WAY,39.092944,-86.544
8,4,400.0,1-Car,No injury/unknown,RAN OFF ROAD RIGHT,39.092944,-86.544
3,3,1400.0,2-Car,Non-incapacitating,DRIVER DISTRACTED - EXPLAIN IN NARRATIVE,39.09275455,-86.5609886
12,7,1500.0,1-Car,No injury/unknown,SPEED TOO FAST FOR WEATHER CONDITIONS,39.09239199,-86.50108
5,2,2000.0,1-Car,No injury/unknown,ANIMAL/OBJECT IN ROADWAY,39.09051285,-86.54538068
6,6,2000.0,2-Car,No injury/unknown,FAILURE TO YIELD RIGHT OF WAY,39.08925796,-86.53143
3,3,2000.0,1-Car,No injury/unknown,RAN OFF ROAD RIGHT,39.086848,-86.671296
5,7,400.0,1-Car,No injury/unknown,RAN OFF ROAD RIGHT,39.086848,-86.671296
5,1,800.0,2-Car,No injury/unknown,DRIVER ASLEEP OR FATIGUED,39.086848,-86.671296
7,5,300.0,1-Car,No injury/unknown,OTHER (ENVIRONMENTAL) - EXPLAIN IN NARR,39.086848,-86.671296
8,4,800.0,2-Car,No injury/unknown,OTHER (DRIVER) - EXPLAIN IN NARRATIVE,39.086832,-86.671984
9,4,1200.0,1-Car,No injury/unknown,DRIVER ILLNESS,39.08681958,-86.67341018
2,4,700.0,1-Car,Non-incapacitating,ROADWAY SURFACE CONDITION,39.08678,-86.67203
7,1,2000.0,1-Car,Non-incapacitating,OVERCORRECTING/OVERSTEERING,39.08677762,-86.67199396
9,5,500.0,1-Car,No injury/unknown,RAN OFF ROAD RIGHT,39.08666936,-86.68237209
9,5,1500.0,Moped/Motorcycle,No injury/unknown,ANIMAL/OBJECT IN ROADWAY,39.08666936,-86.68232008
12,3,500.0,1-Car,Non-incapacitating,ALCOHOLIC BEVERAGES,39.08630482,-86.63822674
8,2,1700.0,2-Car,No injury/unknown,DRIVER ASLEEP OR FATIGUED,39.08624,-86.542
11,1,2300.0,1-Car,Non-incapacitating,RAN OFF ROAD RIGHT,39.08622043,-86.50779
7,3,1100.0,1-Car,No injury/unknown,DRIVER ASLEEP OR FATIGUED,39.085632,-86.542304
9,4,800.0,2-Car,Non-incapacitating,OTHER (DRIVER) - EXPLAIN IN NARRATIVE,39.085632,-86.542304
12,7,900.0,2-Car,No injury/unknown,SPEED TOO FAST FOR WEATHER CONDITIONS,39.085632,-86.542304
3,5,1500.0,2-Car,No injury/unknown,DRIVER DISTRACTED - EXPLAIN IN NARRATIVE,39.085577,-86.517029
2,1,1400.0,2-Car,No injury/unknown,FOLLOWING TOO CLOSELY,39.08528624,-86.54271101
2,3,1600.0,3+ Cars,Incapacitating,FAILURE TO YIELD RIGHT OF WAY,39.08528624,-86.54271101
3,6,1200.0,2-Car,Non-incapacitating,SPEED TOO FAST FOR WEATHER CONDITIONS,39.08525418,-86.5423134
2,6,1600.0,1-Car,Non-incapacitating,RAN OFF ROAD RIGHT,39.08472,-86.420688
5,2,1300.0,1-Car,No injury/unknown,SPEED TOO FAST FOR WEATHER CONDITIONS,39.08452517,-86.54135527
1,4,1900.0,1-Car,No injury/unknown,RAN OFF ROAD RIGHT,39.08391224,-86.42047933
11,7,600.0,1-Car,No injury/unknown,ANIMAL/OBJECT IN ROADWAY,39.08384,-86.540768
1,1,2200.0,1-Car,No injury/unknown,ANIMAL/OBJECT IN ROADWAY,39.08307511,-86.56728002
9,2,2300.0,1-Car,Non-incapacitating,RAN OFF ROAD RIGHT,39.082144,-86.515488
11,4,1400.0,2-Car,Non-incapacitating,LEFT OF CENTER,39.082144,-86.515488
11,5,900.0,1-Car,No injury/unknown,ROADWAY SURFACE CONDITION,39.082144,-86.515488
1,6,900.0,2-Car,No injury/unknown,DRIVER DISTRACTED - EXPLAIN IN NARRATIVE,39.0803075,-86.59628
5,6,1500.0,2-Car,No injury/unknown,SPEED TOO FAST FOR WEATHER CONDITIONS,39.07975709,-86.51362639
3,1,2300.0,1-Car,Non-incapacitating,RAN OFF ROAD RIGHT,39.079552,-86.513392
11,6,700.0,1-Car,No injury/unknown,RAN OFF ROAD RIGHT,39.078944,-86.596304
11,7,2100.0,1-Car,No injury/unknown,ANIMAL/OBJECT IN ROADWAY,39.07889578,-86.52269173
4,2,700.0,1-Car,Non-incapacitating,OVERCORRECTING/OVERSTEERING,39.0773565,-86.53618877
5,1,2000.0,2-Car,No injury/unknown,DRIVER DISTRACTED - EXPLAIN IN NARRATIVE,39.07704,-86.53616
11,5,1300.0,1-Car,Non-incapacitating,DRIVER DISTRACTED - EXPLAIN IN NARRATIVE,39.07657267,-86.40894176
4,7,1900.0,2-Car,No injury/unknown,OTHER (DRIVER) - EXPLAIN IN NARRATIVE,39.07558312,-86.53149
12,7,1200.0,2-Car,No injury/unknown,ROADWAY SURFACE CONDITION,39.07536694,-86.55672
12,7,1200.0,2-Car,No injury/unknown,ROADWAY SURFACE CONDITION,39.07536694,-86.55672
7,7,1500.0,1-Car,Non-incapacitating,BRAKE FAILURE OR DEFECTIVE,39.07290166,-86.6275493
5,5,700.0,1-Car,No injury/unknown,ANIMAL/OBJECT IN ROADWAY,39.07284103,-86.53661165
8,5,1200.0,1-Car,No injury/unknown,RAN OFF ROAD RIGHT,39.07192818,-86.57295509
3,2,1400.0,2-Car,No injury/unknown,FOLLOWING TOO CLOSELY,39.07159876,-86.5609886
9,2,1700.0,1-Car,Non-incapacitating,OTHER (DRIVER) - EXPLAIN IN NARRATIVE,39.07118814,-86.49786919
8,6,2200.0,1-Car,No injury/unknown,OTHER (DRIVER) - EXPLAIN IN NARRATIVE,39.071152,-86.503088
2,3,100.0,1-Car,Non-incapacitating,OTHER (DRIVER) - EXPLAIN IN NARRATIVE,39.07114,-86.5253827
9,4,900.0,2-Car,No injury/unknown,UNSAFE BACKING,39.071056,-86.5356
2,5,1400.0,1-Car,No injury/unknown,RAN OFF ROAD RIGHT,39.07093943,-86.53670051
2,4,600.0,1-Car,Non-incapacitating,OVERCORRECTING/OVERSTEERING,39.0708914,-86.51787311
12,7,1600.0,2-Car,No injury/unknown,OTHER (DRIVER) - EXPLAIN IN NARRATIVE,39.07050913,-86.54443222
3,7,600.0,1-Car,No injury/unknown,ROADWAY SURFACE CONDITION,39.07028499,-86.55548
8,2,1900.0,2-Car,Non-incapacitating,OTHER (DRIVER) - EXPLAIN IN NARRATIVE,39.06999285,-86.45628154
2,5,100.0,1-Car,No injury/unknown,SPEED TOO FAST FOR WEATHER CONDITIONS,39.06668868,-86.6188
7,2,1400.0,1-Car,Non-incapacitating,UNSAFE SPEED,39.06615175,-86.54152483
3,2,1800.0,1-Car,Non-incapacitating,OTHER (DRIVER) - EXPLAIN IN NARRATIVE,39.06614,-86.54151567
6,1,1400.0,1-Car,No injury/unknown,OTHER (VEHICLE) - EXPLAIN IN NARRATIVE,39.060174,-86.56921
6,3,1300.0,1-Car,Non-incapacitating,OVERCORRECTING/OVERSTEERING,39.05998723,-86.49849951
8,6,400.0,1-Car,No injury/unknown,RAN OFF ROAD RIGHT,39.05701176,-86.50784
6,4,2100.0,1-Car,No injury/unknown,ANIMAL/OBJECT IN ROADWAY,39.056848,-86.507776
4,6,2200.0,1-Car,No injury/unknown,TIRE FAILURE OR DEFECTIVE,39.05606525,-86.61616871
8,4,0.0,Moped/Motorcycle,No injury/unknown,ANIMAL/OBJECT IN ROADWAY,39.05452987,-86.49831994
11,6,1500.0,2-Car,No injury/unknown,ROADWAY SURFACE CONDITION,39.0540957,-86.52378
11,4,1200.0,3+ Cars,No injury/unknown,BRAKE FAILURE OR DEFECTIVE,39.0538975,-86.60102373
7,3,100.0,1-Car,No injury/unknown,RAN OFF ROAD RIGHT,39.053744,-86.606304
9,1,900.0,1-Car,No injury/unknown,ROADWAY SURFACE CONDITION,39.05301072,-86.4077687
1,1,2200.0,1-Car,No injury/unknown,SPEED TOO FAST FOR WEATHER CONDITIONS,39.05159788,-86.50543
1,6,1600.0,1-Car,Non-incapacitating,OTHER (DRIVER) - EXPLAIN IN NARRATIVE,39.04967584,-86.46195085
12,3,1700.0,2-Car,No injury/unknown,ROADWAY SURFACE CONDITION,39.049456,-86.535888
9,7,1700.0,1-Car,Non-incapacitating,UNSAFE BACKING,39.04936,-86.52807
1,3,800.0,1-Car,No injury/unknown,OVERCORRECTING/OVERSTEERING,39.04934,-86.51104
5,6,1100.0,1-Car,No injury/unknown,STEERING FAILURE,39.047296,-86.666976
6,6,1800.0,Moped/Motorcycle,Non-incapacitating,ANIMAL/OBJECT IN ROADWAY,39.0456108,-86.5358592
5,4,1400.0,Moped/Motorcycle,Non-incapacitating,UNSAFE SPEED,39.04464,-86.407952
10,7,2000.0,2-Car,Non-incapacitating,LEFT OF CENTER,39.042144,-86.5412
4,1,2300.0,1-Car,No injury/unknown,ALCOHOLIC BEVERAGES,39.0402882,-86.53437818
12,1,500.0,1-Car,No injury/unknown,RAN OFF ROAD RIGHT,39.04015036,-86.54606463
8,7,1700.0,Cyclist,Non-incapacitating,OTHER (DRIVER) - EXPLAIN IN NARRATIVE,39.03766,-86.5179
10,4,600.0,1-Car,No injury/unknown,ANIMAL/OBJECT IN ROADWAY,39.03661819,-86.40781357
3,2,1700.0,1-Car,No injury/unknown,RAN OFF ROAD RIGHT,39.03492,-86.51688
6,1,1200.0,2-Car,Non-incapacitating,FAILURE TO YIELD RIGHT OF WAY,39.03492,-86.51688
1,6,1600.0,2-Car,No injury/unknown,OTHER (DRIVER) - EXPLAIN IN NARRATIVE,39.03491,-86.510142
8,6,2300.0,2-Car,No injury/unknown,IMPROPER TURNING,39.03444,-86.490396
12,4,500.0,2-Car,No injury/unknown,ROADWAY SURFACE CONDITION,39.03429208,-86.55113
7,7,2000.0,2-Car,No injury/unknown,UNSAFE BACKING,39.03359,-86.509469
6,1,1300.0,1-Car,No injury/unknown,TIRE FAILURE OR DEFECTIVE,39.03330191,-86.40833922
4,7,100.0,1-Car,No injury/unknown,ALCOHOLIC BEVERAGES,39.03218,-86.519469
6,7,1700.0,1-Car,No injury/unknown,SPEED TOO FAST FOR WEATHER CONDITIONS,39.03147918,-86.40764723
11,1,2000.0,1-Car,Non-incapacitating,ALCOHOLIC BEVERAGES,39.02758297,-86.40724404
1,5,1800.0,1-Car,No injury/unknown,ANIMAL/OBJECT IN ROADWAY,39.02680551,-86.53455737
12,4,1000.0,1-Car,No injury/unknown,SPEED TOO FAST FOR WEATHER CONDITIONS,39.02406365,-86.54874
5,1,400.0,1-Car,No injury/unknown,RAN OFF ROAD RIGHT,39.021319,-86.562796
3,5,700.0,1-Car,Non-incapacitating,SPEED TOO FAST FOR WEATHER CONDITIONS,39.02117796,-86.53151751
3,5,800.0,1-Car,Non-incapacitating,SPEED TOO FAST FOR WEATHER CONDITIONS,39.02117796,-86.53151751
5,2,2300.0,1-Car,No injury/unknown,ANIMAL/OBJECT IN ROADWAY,39.0201638,-86.53661165
1,1,200.0,1-Car,No injury/unknown,RAN OFF ROAD RIGHT,39.01875832,-86.52266681
6,3,400.0,1-Car,No injury/unknown,ANIMAL/OBJECT IN ROADWAY,39.0187093,-86.5609886
5,4,2100.0,1-Car,No injury/unknown,ANIMAL/OBJECT IN ROADWAY,39.01833587,-86.53648907
11,2,1800.0,1-Car,No injury/unknown,ANIMAL/OBJECT IN ROADWAY,39.01774312,-86.53635211
12,7,1000.0,2-Car,No injury/unknown,SPEED TOO FAST FOR WEATHER CONDITIONS,39.01733966,-86.53666059
12,7,1000.0,3+ Cars,No injury/unknown,SPEED TOO FAST FOR WEATHER CONDITIONS,39.01733966,-86.53666059
12,3,1200.0,1-Car,No injury/unknown,ROADWAY SURFACE CONDITION,39.01727041,-86.53635211
3,7,1700.0,2-Car,Non-incapacitating,LEFT OF CENTER,39.014352,-86.537088
8,6,1800.0,1-Car,Non-incapacitating,BRAKE FAILURE OR DEFECTIVE,39.01369,-86.54098
10,1,700.0,1-Car,Non-incapacitating,DRIVER DISTRACTED - EXPLAIN IN NARRATIVE,39.01355901,-86.54112786
8,1,1400.0,1-Car,Non-incapacitating,RAN OFF ROAD RIGHT,39.01330684,-86.52363718
7,2,0.0,1-Car,No injury/unknown,RAN OFF ROAD RIGHT,39.0133,-86.52363
3,5,600.0,1-Car,No injury/unknown,ROADWAY SURFACE CONDITION,39.01176211,-86.55353671
4,3,600.0,Bus,No injury/unknown,RAN OFF ROAD RIGHT,39.01175,-86.56110094
6,6,500.0,1-Car,No injury/unknown,ANIMAL/OBJECT IN ROADWAY,39.011744,-86.562
7,7,1200.0,Moped/Motorcycle,Non-incapacitating,FAILURE TO YIELD RIGHT OF WAY,39.009344,-86.510096
10,3,1500.0,1-Car,Non-incapacitating,UNSAFE SPEED,39.00816282,-86.42545
4,5,0.0,1-Car,Non-incapacitating,RAN OFF ROAD RIGHT,39.00613308,-86.49009
9,7,1800.0,Moped/Motorcycle,Non-incapacitating,OTHER (DRIVER) - EXPLAIN IN NARRATIVE,39.00391662,-86.39392154
3,5,2000.0,1-Car,No injury/unknown,ROADWAY SURFACE CONDITION,39.0036538,-86.51796
4,6,2100.0,1-Car,Non-incapacitating,RAN OFF ROAD RIGHT,39.00113373,-86.46168482
4,6,2100.0,1-Car,Non-incapacitating,RAN OFF ROAD RIGHT,38.9988792,-86.45377936
8,2,2100.0,Moped/Motorcycle,No injury/unknown,OBSTRUCTION NOT MARKED,38.99510859,-86.644698
8,2,500.0,1-Car,No injury/unknown,RAN OFF ROAD RIGHT,38.99244892,-86.59359
9,1,300.0,1-Car,No injury/unknown,OTHER (DRIVER) - EXPLAIN IN NARRATIVE,39.33900386,-86.53958961
3,6,1700.0,1-Car,Incapacitating,RAN OFF ROAD RIGHT,39.338656,-86.482992
8,6,400.0,2-Car,Non-incapacitating,SPEED TOO FAST FOR WEATHER CONDITIONS,39.335152,-86.607008
11,3,900.0,1-Car,No injury/unknown,ANIMAL/OBJECT IN ROADWAY,39.334368,-86.5124
12,4,700.0,2-Car,Non-incapacitating,FOLLOWING TOO CLOSELY,39.33077592,-86.51494129
11,6,1800.0,1-Car,No injury/unknown,ANIMAL/OBJECT IN ROADWAY,39.32811944,-86.50903135
1,4,0.0,1-Car,No injury/unknown,ROADWAY SURFACE CONDITION,39.31968099,-86.51067443
2,7,1700.0,1-Car,No injury/unknown,SPEED TOO FAST FOR WEATHER CONDITIONS,39.31771234,-86.51062621
2,3,1200.0,1-Car,No injury/unknown,SPEED TOO FAST FOR WEATHER CONDITIONS,39.31689767,-86.51080625
4,2,2300.0,1-Car,No injury/unknown,ANIMAL/OBJECT IN ROADWAY,39.31653047,-86.57320781
2,3,1200.0,1-Car,Non-incapacitating,SPEED TOO FAST FOR WEATHER CONDITIONS,39.31561299,-86.51117113
7,4,1400.0,2-Car,Non-incapacitating,FAILURE TO YIELD RIGHT OF WAY,39.314272,-86.511552
12,3,1500.0,2-Car,No injury/unknown,IMPROPER LANE USAGE,39.314272,-86.511552
5,5,2100.0,1-Car,No injury/unknown,ANIMAL/OBJECT IN ROADWAY,39.31233946,-86.51241759
5,5,1300.0,1-Car,Non-incapacitating,RAN OFF ROAD RIGHT,39.306784,-86.47504853
8,4,1500.0,1-Car,Non-incapacitating,OTHER (DRIVER) - EXPLAIN IN NARRATIVE,39.30584,-86.631008
7,4,1200.0,2-Car,No injury/unknown,FAILURE TO YIELD RIGHT OF WAY,39.3056,-86.486999
11,2,1700.0,2-Car,Incapacitating,OTHER (VEHICLE) - EXPLAIN IN NARRATIVE,39.30402988,-86.51702267
2,1,1900.0,1-Car,Non-incapacitating,OTHER (VEHICLE) - EXPLAIN IN NARRATIVE,39.301702,-86.53047688
1,1,1400.0,1-Car,No injury/unknown,RAN OFF ROAD RIGHT,39.300742,-86.5369
4,7,400.0,1-Car,No injury/unknown,ILLEGAL DRUGS,39.29762234,-86.51863647
4,3,2000.0,1-Car,Non-incapacitating,OTHER (DRIVER) - EXPLAIN IN NARRATIVE,39.296848,-86.648704
11,1,,1-Car,No injury/unknown,ANIMAL/OBJECT IN ROADWAY,39.29645473,-86.58311
5,6,1400.0,2-Car,No injury/unknown,FOLLOWING TOO CLOSELY,39.295952,-86.639808
9,1,100.0,1-Car,No injury/unknown,ANIMAL/OBJECT IN ROADWAY,39.2913022,-86.51668116
2,6,2100.0,2-Car,No injury/unknown,FAILURE TO YIELD RIGHT OF WAY,39.287808,-86.519024
11,7,100.0,1-Car,No injury/unknown,ANIMAL/OBJECT IN ROADWAY,39.287808,-86.519024
9,1,1700.0,1-Car,No injury/unknown,UNSAFE SPEED,39.28487462,-86.52088856
12,5,600.0,1-Car,Non-incapacitating,RAN OFF ROAD RIGHT,39.282576,-86.411808