Month,Day,Hour,Collision Type,Injury Type,Primary Factor,Latitude,Longitude
6,1,2100.0,1-Car,No injury/unknown,ANIMAL/OBJECT IN ROADWAY,39.28233742,-86.5221833
11,4,1000.0,1-Car,No injury/unknown,UNSAFE BACKING,39.281552,-86.6472
6,4,2300.0,1-Car,Non-incapacitating,RAN OFF ROAD RIGHT,39.28147957,-86.68379587
4,3,2000.0,2-Car,No injury/unknown,DRIVER ASLEEP OR FATIGUED,39.281192,-86.682704
11,4,2300.0,1-Car,No injury/unknown,OTHER (ENVIRONMENTAL) - EXPLAIN IN NARR,39.28106598,-86.60363436
11,1,1400.0,1-Car,No injury/unknown,RAN OFF ROAD RIGHT,39.280496,-86.522864
9,7,100.0,1-Car,Non-incapacitating,DRIVER ASLEEP OR FATIGUED,39.27910011,-86.67886061
6,2,900.0,1-Car,No injury/unknown,RAN OFF ROAD RIGHT,39.278832,-86.623456
11,7,2300.0,1-Car,No injury/unknown,ANIMAL/OBJECT IN ROADWAY,39.27802735,-86.46899278
11,5,500.0,1-Car,No injury/unknown,ANIMAL/OBJECT IN ROADWAY,39.27220044,-86.51668116
2,3,600.0,1-Car,Non-incapacitating,RAN OFF ROAD RIGHT,39.27064824,-86.611001
11,6,1600.0,2-Car,Non-incapacitating,OTHER (VEHICLE) - EXPLAIN IN NARRATIVE,39.26945386,-86.52289793
5,7,1100.0,2-Car,No injury/unknown,OTHER (DRIVER) - EXPLAIN IN NARRATIVE,39.26891991,-86.52287428
2,3,800.0,1-Car,No injury/unknown,SPEED TOO FAST FOR WEATHER CONDITIONS,39.26890488,-86.52287361
10,5,1400.0,1-Car,Non-incapacitating,OVERCORRECTING/OVERSTEERING,39.26884344,-86.66789
1,2,1600.0,2-Car,No injury/unknown,LEFT OF CENTER,39.26864895,-86.46276554
3,2,1600.0,2-Car,No injury/unknown,FOLLOWING TOO CLOSELY,39.266752,-86.6656
3,2,1100.0,2-Car,Non-incapacitating,FOLLOWING TOO CLOSELY,39.26616,-86.522752
4,6,1000.0,1-Car,No injury/unknown,IMPROPER LANE USAGE,39.26616,-86.522752
7,1,1700.0,1-Car,No injury/unknown,OTHER (VEHICLE) - EXPLAIN IN NARRATIVE,39.26616,-86.522752
10,7,800.0,2-Car,No injury/unknown,FAILURE TO YIELD RIGHT OF WAY,39.26616,-86.522752
1,1,1000.0,2-Car,No injury/unknown,IMPROPER TURNING,39.26576946,-86.52273805
4,4,800.0,2-Car,No injury/unknown,LEFT OF CENTER,39.26565376,-86.66453938
1,2,200.0,1-Car,No injury/unknown,ANIMAL/OBJECT IN ROADWAY,39.26543411,-86.66432726
10,3,900.0,1-Car,Non-incapacitating,SPEED TOO FAST FOR WEATHER CONDITIONS,39.26444016,-86.49577641
3,4,300.0,1-Car,No injury/unknown,ANIMAL/OBJECT IN ROADWAY,39.263024,-86.52264
4,1,1500.0,1-Car,No injury/unknown,OVERCORRECTING/OVERSTEERING,39.263024,-86.52264
11,6,1600.0,2-Car,Non-incapacitating,FAILURE TO YIELD RIGHT OF WAY,39.263024,-86.52264
1,7,1700.0,2-Car,No injury/unknown,FOLLOWING TOO CLOSELY,39.26247496,-86.52261804
7,5,1100.0,2-Car,No injury/unknown,FOLLOWING TOO CLOSELY,39.26195484,-86.52270244
11,4,1700.0,1-Car,Non-incapacitating,OTHER (VEHICLE) - EXPLAIN IN NARRATIVE,39.26167132,-86.52280192
9,4,1700.0,2-Car,No injury/unknown,FOLLOWING TOO CLOSELY,39.25958926,-86.65766779
4,7,1800.0,2-Car,No injury/unknown,OTHER (DRIVER) - EXPLAIN IN NARRATIVE,39.258355,-86.522946
6,2,2300.0,1-Car,No injury/unknown,RAN OFF ROAD RIGHT,39.25795434,-86.491099
4,3,0.0,2-Car,No injury/unknown,OTHER (DRIVER) - EXPLAIN IN NARRATIVE,39.25781067,-86.519099
5,4,600.0,1-Car,Non-incapacitating,DRIVER ASLEEP OR FATIGUED,39.25757668,-86.65643452
8,2,1600.0,1-Car,No injury/unknown,ANIMAL/OBJECT IN ROADWAY,39.254846,-86.500754
7,4,2100.0,1-Car,No injury/unknown,OTHER (DRIVER) - EXPLAIN IN NARRATIVE,39.254128,-86.592464
2,7,1700.0,2-Car,No injury/unknown,ROADWAY SURFACE CONDITION,39.25373018,-86.6545366
5,3,900.0,1-Car,Non-incapacitating,OVERCORRECTING/OVERSTEERING,39.25373018,-86.6545366
10,5,1300.0,1-Car,No injury/unknown,OVERCORRECTING/OVERSTEERING,39.25373018,-86.6545366
9,5,500.0,1-Car,Non-incapacitating,DRIVER ASLEEP OR FATIGUED,39.252448,-86.653904
9,3,600.0,1-Car,Non-incapacitating,DISREGARD SIGNAL/REG SIGN,39.252336,-86.620512
8,6,800.0,2-Car,No injury/unknown,OTHER (VEHICLE) - EXPLAIN IN NARRATIVE,39.25208401,-86.40447
2,3,100.0,1-Car,No injury/unknown,DRIVER ASLEEP OR FATIGUED,39.2518947,-86.52890182
11,6,700.0,1-Car,No injury/unknown,ANIMAL/OBJECT IN ROADWAY,39.25182,-86.59291
12,6,1600.0,2-Car,Non-incapacitating,IMPROPER LANE USAGE,39.25173287,-86.53661165
2,1,100.0,1-Car,No injury/unknown,RAN OFF ROAD RIGHT,39.251536,-86.400816
11,2,2200.0,1-Car,No injury/unknown,ANIMAL/OBJECT IN ROADWAY,39.251505,-86.52950628
9,5,2000.0,3+ Cars,Non-incapacitating,OTHER (DRIVER) - EXPLAIN IN NARRATIVE,39.25141104,-86.65274071
4,4,1900.0,2-Car,No injury/unknown,UNSAFE BACKING,39.251296,-86.500832
7,2,1600.0,3+ Cars,No injury/unknown,OTHER (DRIVER) - EXPLAIN IN NARRATIVE,39.2512,-86.652504
2,2,1100.0,2-Car,Non-incapacitating,FOLLOWING TOO CLOSELY,39.250688,-86.529744
4,3,2300.0,2-Car,Non-incapacitating,FAILURE TO YIELD RIGHT OF WAY,39.250688,-86.529744
10,5,1900.0,2-Car,No injury/unknown,FAILURE TO YIELD RIGHT OF WAY,39.250688,-86.529744
2,7,1700.0,1-Car,No injury/unknown,SPEED TOO FAST FOR WEATHER CONDITIONS,39.250048,-86.5928
3,7,1900.0,2-Car,Non-incapacitating,LEFT OF CENTER,39.249248,-86.463888
7,5,0.0,1-Car,No injury/unknown,RAN OFF ROAD RIGHT,39.249248,-86.463888
12,7,100.0,1-Car,No injury/unknown,ANIMAL/OBJECT IN ROADWAY,39.24905395,-86.4023099
12,1,600.0,1-Car,No injury/unknown,RAN OFF ROAD RIGHT,39.24905395,-86.4023099
2,7,1600.0,2-Car,No injury/unknown,OTHER (DRIVER) - EXPLAIN IN NARRATIVE,39.24712588,-86.64582224
2,5,700.0,1-Car,No injury/unknown,RAN OFF ROAD RIGHT,39.24625854,-86.4838549
3,6,1100.0,2-Car,No injury/unknown,FAILURE TO YIELD RIGHT OF WAY,39.246208,-86.431904
7,3,1600.0,2-Car,No injury/unknown,FAILURE TO YIELD RIGHT OF WAY,39.24612527,-86.5928
8,3,1400.0,2-Car,Non-incapacitating,LEFT OF CENTER,39.24594982,-86.64157475
6,3,700.0,1-Car,No injury/unknown,RAN OFF ROAD RIGHT,39.24551807,-86.54772829
6,4,800.0,2-Car,Non-incapacitating,LEFT OF CENTER,39.245408,-86.6204
3,6,1800.0,1-Car,Non-incapacitating,ANIMAL/OBJECT IN ROADWAY,39.245408,-86.6204
4,3,1900.0,2-Car,No injury/unknown,IMPROPER PASSING,39.24537006,-86.63584654
6,7,500.0,1-Car,No injury/unknown,RAN OFF ROAD RIGHT,39.244999,-86.60768661
2,4,1100.0,2-Car,No injury/unknown,FAILURE TO YIELD RIGHT OF WAY,39.24474042,-86.63480928
4,6,100.0,1-Car,No injury/unknown,ANIMAL/OBJECT IN ROADWAY,39.24387565,-86.44585664
4,3,1600.0,2-Car,No injury/unknown,UNSAFE BACKING,39.24237035,-86.63303343
4,3,1700.0,2-Car,Non-incapacitating,FAILURE TO YIELD RIGHT OF WAY,39.24104,-86.632096
12,6,1800.0,2-Car,No injury/unknown,FAILURE TO YIELD RIGHT OF WAY,39.24104,-86.632096
9,7,1800.0,1-Car,No injury/unknown,SPEED TOO FAST FOR WEATHER CONDITIONS,39.24032,-86.49928
4,7,200.0,1-Car,No injury/unknown,UNSAFE SPEED,39.2397,-86.499226
5,7,400.0,1-Car,No injury/unknown,ALCOHOLIC BEVERAGES,39.238848,-86.630096
12,3,1700.0,1-Car,No injury/unknown,DRIVER DISTRACTED - EXPLAIN IN NARRATIVE,39.237586,-86.600973
7,3,1300.0,2-Car,No injury/unknown,OTHER (DRIVER) - EXPLAIN IN NARRATIVE,39.237248,-86.62768
4,6,700.0,Bus,Non-incapacitating,UNSAFE SPEED,39.23713871,-86.63040789
11,2,700.0,2-Car,Non-incapacitating,OTHER (DRIVER) - EXPLAIN IN NARRATIVE,39.236224,-86.630976
5,4,1400.0,3+ Cars,No injury/unknown,OTHER (DRIVER) - EXPLAIN IN NARRATIVE,39.235741,-86.633199
12,3,700.0,3+ Cars,Non-incapacitating,OTHER (DRIVER) - EXPLAIN IN NARRATIVE,39.23515898,-86.62688244
10,3,1100.0,2-Car,Non-incapacitating,OTHER (DRIVER) - EXPLAIN IN NARRATIVE,39.23494935,-86.62338238
2,2,1200.0,2-Car,Non-incapacitating,FAILURE TO YIELD RIGHT OF WAY,39.234768,-86.626384
8,2,700.0,2-Car,Non-incapacitating,FAILURE TO YIELD RIGHT OF WAY,39.234768,-86.626384
9,7,2100.0,1-Car,Non-incapacitating,PEDESTRIAN ACTION,39.23396448,-86.62502038
5,5,1300.0,2-Car,Non-incapacitating,IMPROPER TURNING,39.23384,-86.624704
5,7,1000.0,2-Car,Non-incapacitating,FOLLOWING TOO CLOSELY,39.23384,-86.624704
3,7,800.0,2-Car,Non-incapacitating,LEFT OF CENTER,39.23384,-86.624704
2,2,1400.0,2-Car,No injury/unknown,DISREGARD SIGNAL/REG SIGN,39.23384,-86.624704
5,7,2100.0,2-Car,Non-incapacitating,IMPROPER TURNING,39.23384,-86.624704
12,5,700.0,2-Car,Non-incapacitating,OTHER (DRIVER) - EXPLAIN IN NARRATIVE,39.23384,-86.624704
10,1,1500.0,2-Car,No injury/unknown,OTHER (DRIVER) - EXPLAIN IN NARRATIVE,39.23384,-86.624704
9,3,1100.0,2-Car,Non-incapacitating,FOLLOWING TOO CLOSELY,39.23384,-86.624704
5,4,1200.0,2-Car,Non-incapacitating,FAILURE TO YIELD RIGHT OF WAY,39.23384,-86.624704
3,6,0.0,1-Car,No injury/unknown,ALCOHOLIC BEVERAGES,39.23380885,-86.41213936
10,7,1400.0,2-Car,Non-incapacitating,FAILURE TO YIELD RIGHT OF WAY,39.23380346,-86.62465101
8,6,900.0,2-Car,Non-incapacitating,FAILURE TO YIELD RIGHT OF WAY,39.23345734,-86.62415455
2,3,1300.0,1-Car,No injury/unknown,SPEED TOO FAST FOR WEATHER CONDITIONS,39.23288663,-86.54219875
6,4,1800.0,2-Car,No injury/unknown,OTHER (DRIVER) - EXPLAIN IN NARRATIVE,39.23278259,-86.62064179
1,4,1200.0,2-Car,Non-incapacitating,DISREGARD SIGNAL/REG SIGN,39.232688,-86.623056
2,5,2300.0,2-Car,No injury/unknown,UNSAFE BACKING,39.232544,-86.540704
4,3,800.0,2-Car,No injury/unknown,UNSAFE BACKING,39.232544,-86.540704
6,6,2000.0,3+ Cars,No injury/unknown,OTHER (DRIVER) - EXPLAIN IN NARRATIVE,39.232544,-86.540704
8,7,0.0,2-Car,No injury/unknown,UNSAFE BACKING,39.232544,-86.540704
9,5,2000.0,2-Car,No injury/unknown,UNSAFE BACKING,39.232544,-86.540704
9,7,1600.0,2-Car,No injury/unknown,OTHER (DRIVER) - EXPLAIN IN NARRATIVE,39.232544,-86.540704
10,7,0.0,2-Car,No injury/unknown,UNSAFE BACKING,39.232544,-86.540704
11,1,600.0,2-Car,No injury/unknown,,39.232544,-86.540704
12,1,1700.0,2-Car,No injury/unknown,LEFT OF CENTER,39.232544,-86.540704
4,3,1800.0,2-Car,No injury/unknown,OTHER (DRIVER) - EXPLAIN IN NARRATIVE,39.23245974,-86.62011755
1,2,700.0,1-Car,No injury/unknown,ANIMAL/OBJECT IN ROADWAY,39.23204803,-86.40797235
7,2,2200.0,2-Car,No injury/unknown,IMPROPER PASSING,39.231936,-86.506288
2,2,2300.0,1-Car,Non-incapacitating,UNSAFE SPEED,39.2319,-86.46848171
6,6,900.0,2-Car,Non-incapacitating,OTHER (DRIVER) - EXPLAIN IN NARRATIVE,39.23162553,-86.62155764
9,6,1500.0,2-Car,No injury/unknown,FAILURE TO YIELD RIGHT OF WAY,39.231536,-86.6588
1,4,700.0,1-Car,Non-incapacitating,SPEED TOO FAST FOR WEATHER CONDITIONS,39.23152354,-86.65703432
3,6,1800.0,2-Car,No injury/unknown,IMPROPER PASSING,39.23152354,-86.65703432
9,6,1400.0,3+ Cars,No injury/unknown,FOLLOWING TOO CLOSELY,39.23144,-86.621296
10,1,400.0,1-Car,No injury/unknown,OVERCORRECTING/OVERSTEERING,39.23136337,-86.64114421
1,4,1500.0,1-Car,Non-incapacitating,DRIVER DISTRACTED - EXPLAIN IN NARRATIVE,39.231344,-86.640096
11,1,1300.0,2-Car,Non-incapacitating,IMPROPER TURNING,39.23130064,-86.62110002
1,3,1500.0,2-Car,No injury/unknown,FAILURE TO YIELD RIGHT OF WAY,39.23125422,-86.61866455
3,7,700.0,2-Car,Non-incapacitating,NONE (DRIVER),39.231152,-86.6308
6,3,1400.0,1-Car,No injury/unknown,DRIVER DISTRACTED - EXPLAIN IN NARRATIVE,39.23087948,-86.63075697
2,3,700.0,1-Car,No injury/unknown,SPEED TOO FAST FOR WEATHER CONDITIONS,39.23083757,-86.42251334
12,7,700.0,1-Car,No injury/unknown,ALCOHOLIC BEVERAGES,39.23083757,-86.4225047
5,4,1000.0,2-Car,Non-incapacitating,LEFT OF CENTER,39.2308,-86.622032
12,5,200.0,1-Car,No injury/unknown,DRIVER ASLEEP OR FATIGUED,39.23074878,-86.42431861
8,4,1700.0,2-Car,Non-incapacitating,DISREGARD SIGNAL/REG SIGN,39.230096,-86.624528
6,6,1400.0,2-Car,Non-incapacitating,FAILURE TO YIELD RIGHT OF WAY,39.230048,-86.4316
6,4,2100.0,2-Car,No injury/unknown,FAILURE TO YIELD RIGHT OF WAY,39.229424,-86.623584
4,1,2000.0,1-Car,Non-incapacitating,OTHER (DRIVER) - EXPLAIN IN NARRATIVE,39.229344,-86.618704
2,1,300.0,1-Car,Non-incapacitating,UNSAFE SPEED,39.22919952,-86.49290421
11,1,800.0,1-Car,No injury/unknown,DRIVER ASLEEP OR FATIGUED,39.22765471,-86.43448527
1,4,1800.0,2-Car,Non-incapacitating,DRIVER DISTRACTED - EXPLAIN IN NARRATIVE,39.22764788,-86.61591448
2,3,1300.0,1-Car,Non-incapacitating,DRIVER ILLNESS,39.22764788,-86.61599676
3,1,1100.0,2-Car,Non-incapacitating,DRIVER DISTRACTED - EXPLAIN IN NARRATIVE,39.22764788,-86.61591015
11,2,1400.0,2-Car,No injury/unknown,OTHER (DRIVER) - EXPLAIN IN NARRATIVE,39.22764788,-86.61591015
6,5,1100.0,2-Car,Non-incapacitating,FAILURE TO YIELD RIGHT OF WAY,39.22764788,-86.61591015
10,2,1400.0,2-Car,Non-incapacitating,OTHER (DRIVER) - EXPLAIN IN NARRATIVE,39.22764788,-86.61602448
9,6,1800.0,1-Car,No injury/unknown,FAILURE TO YIELD RIGHT OF WAY,39.22764788,-86.61591015
6,7,1900.0,2-Car,No injury/unknown,SPEED TOO FAST FOR WEATHER CONDITIONS,39.22764788,-86.61591015
2,6,0.0,1-Car,No injury/unknown,CELL PHONE USAGE,39.22607704,-86.54663581
12,6,100.0,1-Car,No injury/unknown,OTHER (ENVIRONMENTAL) - EXPLAIN IN NARR,39.22604317,-86.65872819
2,3,700.0,1-Car,No injury/unknown,SPEED TOO FAST FOR WEATHER CONDITIONS,39.22592409,-86.43681751
1,1,1500.0,2-Car,Non-incapacitating,FOLLOWING TOO CLOSELY,39.22312244,-86.6304898
12,6,1700.0,2-Car,Non-incapacitating,SPEED TOO FAST FOR WEATHER CONDITIONS,39.222848,-86.592704
4,5,1600.0,2-Car,No injury/unknown,OTHER (DRIVER) - EXPLAIN IN NARRATIVE,39.222752,-86.550096
5,1,1100.0,2-Car,No injury/unknown,FAILURE TO YIELD RIGHT OF WAY,39.222752,-86.550096
7,2,1100.0,2-Car,No injury/unknown,FAILURE TO YIELD RIGHT OF WAY,39.222752,-86.550096
11,6,1600.0,2-Car,No injury/unknown,IMPROPER TURNING,39.222752,-86.550096
9,5,200.0,2-Car,Non-incapacitating,FAILURE TO YIELD RIGHT OF WAY,39.22214908,-86.60729503
3,2,1600.0,2-Car,No injury/unknown,OTHER (DRIVER) - EXPLAIN IN NARRATIVE,39.22142347,-86.60554696
1,4,2200.0,1-Car,No injury/unknown,ANIMAL/OBJECT IN ROADWAY,39.221248,-86.55
9,3,1700.0,1-Car,Non-incapacitating,RAN OFF ROAD RIGHT,39.221248,-86.55
10,6,1700.0,2-Car,Non-incapacitating,FAILURE TO YIELD RIGHT OF WAY,39.221248,-86.55
11,7,1300.0,2-Car,No injury/unknown,FAILURE TO YIELD RIGHT OF WAY,39.221248,-86.55
6,7,2000.0,2-Car,Incapacitating,FAILURE TO YIELD RIGHT OF WAY,39.221152,-86.6056
1,1,1000.0,1-Car,No injury/unknown,ROADWAY SURFACE CONDITION,39.220944,-86.612192
2,3,2300.0,2-Car,Non-incapacitating,ALCOHOLIC BEVERAGES,39.220816,-86.6252
4,6,1300.0,1-Car,No injury/unknown,RAN OFF ROAD RIGHT,39.22080568,-86.44218079
10,6,1200.0,2-Car,Non-incapacitating,OTHER (DRIVER) - EXPLAIN IN NARRATIVE,39.22059162,-86.60481998
12,7,1000.0,1-Car,No injury/unknown,ROADWAY SURFACE CONDITION,39.22053334,-86.61214952
4,1,1900.0,2-Car,No injury/unknown,OTHER (DRIVER) - EXPLAIN IN NARRATIVE,39.22051769,-86.55049049
11,1,1800.0,1-Car,No injury/unknown,ANIMAL/OBJECT IN ROADWAY,39.22027426,-86.55065399
2,5,1600.0,2-Car,No injury/unknown,FAILURE TO YIELD RIGHT OF WAY,39.22004765,-86.60388729
8,4,2100.0,1-Car,No injury/unknown,ANIMAL/OBJECT IN ROADWAY,39.21954395,-86.55114447
3,7,800.0,1-Car,No injury/unknown,RAN OFF ROAD RIGHT,39.21949534,-86.44342785
3,1,500.0,2-Car,No injury/unknown,OTHER (DRIVER) - EXPLAIN IN NARRATIVE,39.219152,-86.602304
11,4,2000.0,1-Car,No injury/unknown,ROADWAY SURFACE CONDITION,39.21904,-86.472896
11,2,800.0,2-Car,No injury/unknown,ANIMAL/OBJECT IN ROADWAY,39.217248,-86.598992
5,1,1900.0,1-Car,Non-incapacitating,RAN OFF ROAD RIGHT,39.21705988,-86.453841
2,7,1200.0,2-Car,No injury/unknown,FOLLOWING TOO CLOSELY,39.21680383,-86.59769748
8,5,1600.0,1-Car,No injury/unknown,ANIMAL/OBJECT IN ROADWAY,39.216504,-86.63377201
2,5,700.0,2-Car,Non-incapacitating,IMPROPER LANE USAGE,39.21591979,-86.5928
4,2,700.0,2-Car,No injury/unknown,LEFT OF CENTER,39.21544,-86.547504
2,6,800.0,2-Car,Non-incapacitating,DISREGARD SIGNAL/REG SIGN,39.215152,-86.5928
5,1,1300.0,2-Car,Non-incapacitating,DISREGARD SIGNAL/REG SIGN,39.215152,-86.5928
8,2,1400.0,2-Car,No injury/unknown,FAILURE TO YIELD RIGHT OF WAY,39.215152,-86.5928
2,6,1800.0,1-Car,No injury/unknown,ANIMAL/OBJECT IN ROADWAY,39.214752,-86.472896
6,6,0.0,1-Car,No injury/unknown,UNSAFE SPEED,39.21461723,-86.47778991
11,6,1500.0,Moped/Motorcycle,Non-incapacitating,FOLLOWING TOO CLOSELY,39.21458895,-86.59202676
1,6,1600.0,1-Car,No injury/unknown,ROADWAY SURFACE CONDITION,39.214302,-86.628698
10,6,100.0,Pedestrian,Non-incapacitating,PEDESTRIAN ACTION,39.21424786,-86.53493
12,2,1800.0,1-Car,No injury/unknown,ANIMAL/OBJECT IN ROADWAY,39.21328558,-86.59020994
12,2,1800.0,1-Car,No injury/unknown,ANIMAL/OBJECT IN ROADWAY,39.21328558,-86.59020994
2,5,700.0,1-Car,No injury/unknown,RAN OFF ROAD RIGHT,39.212944,-86.486896
2,4,800.0,2-Car,Non-incapacitating,ROADWAY SURFACE CONDITION,39.212615,-86.630399
2,5,1500.0,2-Car,No injury/unknown,OTHER (DRIVER) - EXPLAIN IN NARRATIVE,39.2123644,-86.58817795
10,3,700.0,2-Car,No injury/unknown,OTHER (DRIVER) - EXPLAIN IN NARRATIVE,39.2123297,-86.55937794
3,4,1900.0,2-Car,No injury/unknown,DISREGARD SIGNAL/REG SIGN,39.212048,-86.5872
8,6,1500.0,2-Car,No injury/unknown,OTHER (DRIVER) - EXPLAIN IN NARRATIVE,39.21146384,-86.58545804
4,4,1100.0,3+ Cars,No injury/unknown,FOLLOWING TOO CLOSELY,39.21113389,-86.58489353
9,4,1100.0,2-Car,No injury/unknown,OTHER (DRIVER) - EXPLAIN IN NARRATIVE,39.210848,-86.5888
4,3,1600.0,3+ Cars,No injury/unknown,DRIVER DISTRACTED - EXPLAIN IN NARRATIVE,39.21030898,-86.58348225
2,6,1200.0,3+ Cars,No injury/unknown,FOLLOWING TOO CLOSELY,39.210144,-86.5832
6,7,1800.0,Pedestrian,Non-incapacitating,PEDESTRIAN ACTION,39.210144,-86.5832
7,6,1800.0,2-Car,No injury/unknown,FAILURE TO YIELD RIGHT OF WAY,39.209952,-86.463392
7,5,1600.0,2-Car,No injury/unknown,FAILURE TO YIELD RIGHT OF WAY,39.20986163,-86.58275542
2,5,1100.0,1-Car,No injury/unknown,OTHER (DRIVER) - EXPLAIN IN NARRATIVE,39.2088606,-86.522699
4,5,800.0,2-Car,Non-incapacitating,ROADWAY SURFACE CONDITION,39.208603,-86.611399
6,2,2100.0,1-Car,No injury/unknown,OVERCORRECTING/OVERSTEERING,39.20839016,-86.55359286
7,4,1600.0,2-Car,No injury/unknown,FAILURE TO YIELD RIGHT OF WAY,39.20824,-86.554704
9,7,1200.0,2-Car,Non-incapacitating,ROADWAY SURFACE CONDITION,39.20822,-86.58315
12,6,1500.0,2-Car,No injury/unknown,ROADWAY SURFACE CONDITION,39.208144,-86.5832
1,5,1700.0,2-Car,Non-incapacitating,IMPROPER LANE USAGE,39.20812736,-86.57803004
3,6,1300.0,1-Car,Non-incapacitating,SPEED TOO FAST FOR WEATHER CONDITIONS,39.208048,-86.528704
9,3,2000.0,2-Car,No injury/unknown,SPEED TOO FAST FOR WEATHER CONDITIONS,39.208048,-86.528704
10,3,1400.0,1-Car,No injury/unknown,OTHER (DRIVER) - EXPLAIN IN NARRATIVE,39.208048,-86.528704
10,5,1700.0,2-Car,Non-incapacitating,LEFT OF CENTER,39.208048,-86.528704
10,5,1900.0,3+ Cars,No injury/unknown,LEFT OF CENTER,39.208048,-86.528704
2,3,1400.0,2-Car,No injury/unknown,OVERCORRECTING/OVERSTEERING,39.20796535,-86.55470202
6,4,1300.0,2-Car,No injury/unknown,DRIVER DISTRACTED - EXPLAIN IN NARRATIVE,39.20764225,-86.5737269
2,6,1400.0,2-Car,No injury/unknown,DRIVER DISTRACTED - EXPLAIN IN NARRATIVE,39.207491,-86.573078
11,4,1200.0,2-Car,No injury/unknown,UNSAFE BACKING,39.20746,-86.573065
10,3,1200.0,2-Car,Non-incapacitating,DISREGARD SIGNAL/REG SIGN,39.20710737,-86.53486144
4,6,900.0,1-Car,No injury/unknown,ANIMAL/OBJECT IN ROADWAY,39.20704,-86.534704
10,6,0.0,2-Car,No injury/unknown,FAILURE TO YIELD RIGHT OF WAY,39.20704,-86.534704
11,5,1500.0,2-Car,No injury/unknown,OTHER (DRIVER) - EXPLAIN IN NARRATIVE,39.20704,-86.534704
12,1,1700.0,2-Car,No injury/unknown,DISREGARD SIGNAL/REG SIGN,39.20704,-86.534704
12,7,2100.0,2-Car,No injury/unknown,FOLLOWING TOO CLOSELY,39.20662838,-86.53472605
5,1,1700.0,2-Car,No injury/unknown,SPEED TOO FAST FOR WEATHER CONDITIONS,39.20650287,-86.55701711
3,6,1800.0,2-Car,No injury/unknown,RAN OFF ROAD RIGHT,39.20622004,-86.531199
7,1,800.0,2-Car,No injury/unknown,UNSAFE BACKING,39.206144,-86.528592
11,7,1000.0,Bus,No injury/unknown,DRIVER DISTRACTED - EXPLAIN IN NARRATIVE,39.206144,-86.528592
2,7,2300.0,1-Car,Non-incapacitating,OTHER (DRIVER) - EXPLAIN IN NARRATIVE,39.20549365,-86.55214942
5,5,2200.0,1-Car,No injury/unknown,ANIMAL/OBJECT IN ROADWAY,39.2054935,-86.55468418
10,7,400.0,1-Car,No injury/unknown,ANIMAL/OBJECT IN ROADWAY,39.2054,-86.58314
7,3,1700.0,2-Car,No injury/unknown,DRIVER DISTRACTED - EXPLAIN IN NARRATIVE,39.205248,-86.5832
2,1,1100.0,2-Car,No injury/unknown,INSECURE/LEAKY LOAD,39.20521753,-86.46330643
11,1,1300.0,1-Car,No injury/unknown,SPEED TOO FAST FOR WEATHER CONDITIONS,39.20521753,-86.46328049
1,5,2300.0,1-Car,No injury/unknown,PRESCRIPTION DRUGS,39.204989,-86.547399
12,7,300.0,1-Car,No injury/unknown,RAN OFF ROAD RIGHT,39.204864,-86.463472
11,6,0.0,3+ Cars,Non-incapacitating,ALCOHOLIC BEVERAGES,39.20364426,-86.52841
2,6,1500.0,2-Car,No injury/unknown,OTHER (DRIVER) - EXPLAIN IN NARRATIVE,39.20304,-86.547392
4,3,1400.0,2-Car,No injury/unknown,UNSAFE BACKING,39.20304,-86.547392
9,5,1400.0,2-Car,No injury/unknown,,39.20304,-86.547392
10,6,1400.0,2-Car,No injury/unknown,UNSAFE BACKING,39.20304,-86.547392
12,6,800.0,2-Car,No injury/unknown,ROADWAY SURFACE CONDITION,39.20304,-86.547392
12,6,700.0,2-Car,No injury/unknown,FOLLOWING TOO CLOSELY,39.20304,-86.547392
2,6,1000.0,2-Car,Non-incapacitating,FAILURE TO YIELD RIGHT OF WAY,39.20266425,-86.576899
10,5,1800.0,Moped/Motorcycle,Non-incapacitating,OVERCORRECTING/OVERSTEERING,39.20184076,-86.59911
8,6,1700.0,1-Car,No injury/unknown,OVERCORRECTING/OVERSTEERING,39.20154035,-86.52877884
6,4,800.0,1-Car,No injury/unknown,OVERCORRECTING/OVERSTEERING,39.20125755,-86.60177595
11,2,1500.0,2-Car,No injury/unknown,IMPROPER TURNING,39.201135,-86.547265
10,5,1600.0,2-Car,No injury/unknown,FOLLOWING TOO CLOSELY,39.200352,-86.468
2,5,1000.0,2-Car,No injury/unknown,FOLLOWING TOO CLOSELY,39.20022593,-86.5609886
3,2,1400.0,1-Car,No injury/unknown,OTHER (DRIVER) - EXPLAIN IN NARRATIVE,39.20007749,-86.46798859
2,5,1000.0,2-Car,No injury/unknown,FOLLOWING TOO CLOSELY,39.19990859,-86.5609886
8,6,1100.0,2-Car,Non-incapacitating,FAILURE TO YIELD RIGHT OF WAY,39.19968,-86.55968
10,3,1700.0,1-Car,No injury/unknown,OVERCORRECTING/OVERSTEERING,39.19919392,-86.6000299
4,5,1400.0,2-Car,No injury/unknown,BRAKE FAILURE OR DEFECTIVE,39.19853347,-86.5609886
8,7,1700.0,1-Car,No injury/unknown,OTHER (ENVIRONMENTAL) - EXPLAIN IN NARR,39.198528,-86.528624