Month,Day,Hour,Collision Type,Injury Type,Primary Factor,Latitude,Longitude
9,7,0.0,2-Car,No injury/unknown,OTHER (DRIVER) - EXPLAIN IN NARRATIVE,39.19848254,-86.55886523
7,6,1200.0,1-Car,No injury/unknown,RAN OFF ROAD RIGHT,39.19819878,-86.59881365
5,3,1700.0,2-Car,No injury/unknown,FOLLOWING TOO CLOSELY,39.198144,-86.542096
11,1,1200.0,2-Car,No injury/unknown,FAILURE TO YIELD RIGHT OF WAY,39.198144,-86.542096
9,4,1500.0,2-Car,No injury/unknown,OTHER (DRIVER) - EXPLAIN IN NARRATIVE,39.1981,-86.55861
10,6,500.0,1-Car,Non-incapacitating,ALCOHOLIC BEVERAGES,39.197909,-86.51702267
7,1,0.0,1-Car,No injury/unknown,UNSAFE SPEED,39.197903,-86.55835672
12,5,700.0,1-Car,No injury/unknown,ANIMAL/OBJECT IN ROADWAY,39.1979,-86.55843
3,7,1700.0,2-Car,No injury/unknown,UNSAFE BACKING,39.19710301,-86.518937
4,1,1700.0,2-Car,Non-incapacitating,DRIVER DISTRACTED - EXPLAIN IN NARRATIVE,39.196848,-86.5344
12,6,1300.0,2-Car,No injury/unknown,FAILURE TO YIELD RIGHT OF WAY,39.196848,-86.5344
1,4,1000.0,2-Car,No injury/unknown,FAILURE TO YIELD RIGHT OF WAY,39.19658469,-86.53429962
12,7,1800.0,2-Car,No injury/unknown,FOLLOWING TOO CLOSELY,39.19553143,-86.53389809
9,1,2000.0,1-Car,No injury/unknown,ANIMAL/OBJECT IN ROADWAY,39.19551723,-86.55460661
10,3,1700.0,2-Car,No injury/unknown,FAILURE TO YIELD RIGHT OF WAY,39.19528897,-86.51614
4,7,100.0,Pedestrian,Non-incapacitating,PEDESTRIAN ACTION,39.19526812,-86.53379771
2,4,700.0,1-Car,Non-incapacitating,RAN OFF ROAD RIGHT,39.19507562,-86.55214509
8,2,2000.0,2-Car,No injury/unknown,UNSAFE BACKING,39.195004,-86.528426
3,2,1700.0,Cyclist,Non-incapacitating,OTHER (DRIVER) - EXPLAIN IN NARRATIVE,39.194864,-86.483376
11,6,0.0,3+ Cars,No injury/unknown,DRIVER DISTRACTED - EXPLAIN IN NARRATIVE,39.194192,-86.542208
6,7,2100.0,2-Car,No injury/unknown,ALCOHOLIC BEVERAGES,39.19416487,-86.54152076
2,1,0.0,2-Car,Non-incapacitating,ALCOHOLIC BEVERAGES,39.194144,-86.554592
2,3,2300.0,2-Car,No injury/unknown,SPEED TOO FAST FOR WEATHER CONDITIONS,39.194144,-86.554592
9,6,1400.0,2-Car,Non-incapacitating,OTHER (DRIVER) - EXPLAIN IN NARRATIVE,39.194144,-86.540992
10,3,1400.0,2-Car,No injury/unknown,UNSAFE SPEED,39.194144,-86.540992
11,6,2300.0,1-Car,No injury/unknown,ANIMAL/OBJECT IN ROADWAY,39.194144,-86.554592
8,6,1400.0,2-Car,No injury/unknown,OTHER (DRIVER) - EXPLAIN IN NARRATIVE,39.19404013,-86.512399
3,5,800.0,2-Car,No injury/unknown,IMPROPER PASSING,39.19400255,-86.61140798
9,1,1100.0,2-Car,Non-incapacitating,FAILURE TO YIELD RIGHT OF WAY,39.193872,-86.590784
2,5,2100.0,1-Car,Non-incapacitating,SPEED TOO FAST FOR WEATHER CONDITIONS,39.19377697,-86.57148667
2,7,1700.0,2-Car,No injury/unknown,ROADWAY SURFACE CONDITION,39.19377697,-86.57136374
7,1,200.0,1-Car,No injury/unknown,ALCOHOLIC BEVERAGES,39.19348926,-86.46771468
11,1,1500.0,2-Car,No injury/unknown,OTHER (DRIVER) - EXPLAIN IN NARRATIVE,39.19342937,-86.53123
7,4,1300.0,2-Car,No injury/unknown,UNSAFE BACKING,39.19262033,-86.480699
11,4,800.0,2-Car,Non-incapacitating,FAILURE TO YIELD RIGHT OF WAY,39.19261238,-86.53309648
5,2,400.0,1-Car,No injury/unknown,RAN OFF ROAD RIGHT,39.192352,-86.552592
3,6,1500.0,2-Car,No injury/unknown,OTHER (DRIVER) - EXPLAIN IN NARRATIVE,39.191248,-86.532896
8,6,300.0,1-Car,No injury/unknown,RAN OFF ROAD RIGHT,39.19087343,-86.53772518
3,5,600.0,2-Car,No injury/unknown,DISREGARD SIGNAL/REG SIGN,39.190672,-86.582992
11,2,1100.0,2-Car,No injury/unknown,FAILURE TO YIELD RIGHT OF WAY,39.190672,-86.582992
11,4,1500.0,2-Car,No injury/unknown,FAILURE TO YIELD RIGHT OF WAY,39.190672,-86.582992
10,6,800.0,1-Car,No injury/unknown,RAN OFF ROAD RIGHT,39.19064,-86.58309268
11,7,200.0,1-Car,Non-incapacitating,LEFT OF CENTER,39.19064,-86.58306671
7,4,700.0,1-Car,No injury/unknown,OTHER (VEHICLE) - EXPLAIN IN NARRATIVE,39.190544,-86.53789159
7,6,1400.0,2-Car,Non-incapacitating,FAILURE TO YIELD RIGHT OF WAY,39.190544,-86.537712
7,5,1200.0,2-Car,No injury/unknown,IMPROPER TURNING,39.19039737,-86.582997
10,7,1700.0,Cyclist,Incapacitating,PEDESTRIAN ACTION,39.19008,-86.514288
10,5,2000.0,2-Car,No injury/unknown,DRIVER DISTRACTED - EXPLAIN IN NARRATIVE,39.19000118,-86.51614
3,5,1500.0,3+ Cars,Non-incapacitating,OTHER (DRIVER) - EXPLAIN IN NARRATIVE,39.189968,-86.533232
11,2,1400.0,Cyclist,Non-incapacitating,FAILURE TO YIELD RIGHT OF WAY,39.18968101,-86.51242
12,7,1400.0,1-Car,Non-incapacitating,SPEED TOO FAST FOR WEATHER CONDITIONS,39.18965,-86.58072182
3,4,1400.0,2-Car,No injury/unknown,OTHER (DRIVER) - EXPLAIN IN NARRATIVE,39.189648,-86.580496
9,2,1400.0,2-Car,No injury/unknown,IMPROPER PASSING,39.18943207,-86.53338683
5,1,1200.0,2-Car,No injury/unknown,UNSAFE BACKING,39.189248,-86.531472
12,2,500.0,1-Car,No injury/unknown,RAN OFF ROAD RIGHT,39.18904,-86.630096
11,1,2200.0,1-Car,No injury/unknown,ANIMAL/OBJECT IN ROADWAY,39.18865532,-86.55473806
1,7,1400.0,2-Car,No injury/unknown,FAILURE TO YIELD RIGHT OF WAY,39.188144,-86.5376
2,5,1700.0,2-Car,Non-incapacitating,GLARE,39.18795558,-86.5609886
2,6,2200.0,2-Car,No injury/unknown,OTHER (DRIVER) - EXPLAIN IN NARRATIVE,39.18787727,-86.5515834
12,7,1200.0,2-Car,No injury/unknown,UNSAFE BACKING,39.187434,-86.545609
1,2,1300.0,2-Car,No injury/unknown,FOLLOWING TOO CLOSELY,39.1873397,-86.55502362
1,3,800.0,3+ Cars,No injury/unknown,OTHER (DRIVER) - EXPLAIN IN NARRATIVE,39.18733831,-86.55144704
11,3,0.0,1-Car,No injury/unknown,RAN OFF ROAD RIGHT,39.187184,-86.551408
2,7,1400.0,2-Car,No injury/unknown,SPEED TOO FAST FOR WEATHER CONDITIONS,39.18704,-86.53788
11,3,1800.0,1-Car,No injury/unknown,ANIMAL/OBJECT IN ROADWAY,39.18698069,-86.54750427
4,6,2000.0,2-Car,No injury/unknown,UNSAFE BACKING,39.186978,-86.537699
6,6,1900.0,2-Car,No injury/unknown,OTHER (DRIVER) - EXPLAIN IN NARRATIVE,39.186978,-86.537699
10,5,1900.0,2-Car,No injury/unknown,LEFT OF CENTER,39.186952,-86.537719
9,6,1100.0,2-Car,Non-incapacitating,FAILURE TO YIELD RIGHT OF WAY,39.186944,-86.5468
10,7,1000.0,3+ Cars,No injury/unknown,FOLLOWING TOO CLOSELY,39.186944,-86.54669574
2,3,1100.0,1-Car,No injury/unknown,SPEED TOO FAST FOR WEATHER CONDITIONS,39.18689179,-86.54574373
2,7,2000.0,1-Car,No injury/unknown,ROADWAY SURFACE CONDITION,39.18686194,-86.616796
1,5,1600.0,2-Car,No injury/unknown,IMPROPER LANE USAGE,39.18680817,-86.5553554
2,4,500.0,1-Car,No injury/unknown,RAN OFF ROAD RIGHT,39.186752,-86.611504
7,2,700.0,2-Car,No injury/unknown,DISREGARD SIGNAL/REG SIGN,39.186752,-86.611504
5,6,2200.0,2-Car,No injury/unknown,DRIVER ASLEEP OR FATIGUED,39.186704,-86.60994331
5,6,1100.0,2-Car,No injury/unknown,FOLLOWING TOO CLOSELY,39.18662255,-86.53964972
10,4,1500.0,2-Car,No injury/unknown,FAILURE TO YIELD RIGHT OF WAY,39.18656667,-86.53433005
1,5,2200.0,2-Car,Non-incapacitating,FAILURE TO YIELD RIGHT OF WAY,39.186544,-86.537888
1,6,2200.0,2-Car,No injury/unknown,FAILURE TO YIELD RIGHT OF WAY,39.186544,-86.537888
2,3,1700.0,1-Car,No injury/unknown,ROADWAY SURFACE CONDITION,39.186544,-86.537888
2,7,2000.0,2-Car,No injury/unknown,TRAFFIC CONTROL INOPERATIVE/MISSING/OBSC,39.186544,-86.537888
4,5,1700.0,3+ Cars,No injury/unknown,UNSAFE SPEED,39.186544,-86.537888
5,1,1300.0,2-Car,Incapacitating,DISREGARD SIGNAL/REG SIGN,39.186544,-86.537888
5,2,1700.0,2-Car,No injury/unknown,FOLLOWING TOO CLOSELY,39.186544,-86.537888
9,4,1700.0,2-Car,Non-incapacitating,FOLLOWING TOO CLOSELY,39.186544,-86.537888
10,3,1700.0,2-Car,No injury/unknown,IMPROPER LANE USAGE,39.186544,-86.537888
10,2,1500.0,2-Car,Non-incapacitating,FAILURE TO YIELD RIGHT OF WAY,39.186544,-86.537888
12,4,1900.0,2-Car,No injury/unknown,FAILURE TO YIELD RIGHT OF WAY,39.186544,-86.537888
12,7,1200.0,3+ Cars,No injury/unknown,FOLLOWING TOO CLOSELY,39.18653339,-86.53771207
1,3,1500.0,2-Car,No injury/unknown,DRIVER DISTRACTED - EXPLAIN IN NARRATIVE,39.18652279,-86.53753613
12,6,1100.0,2-Car,No injury/unknown,ROADWAY SURFACE CONDITION,39.18650157,-86.53718426
10,1,2300.0,1-Car,No injury/unknown,ANIMAL/OBJECT IN ROADWAY,39.18649257,-86.53759517
11,6,1100.0,2-Car,No injury/unknown,FAILURE TO YIELD RIGHT OF WAY,39.18649257,-86.53772497
12,1,1800.0,2-Car,Non-incapacitating,FOLLOWING TOO CLOSELY,39.18649257,-86.53769901
2,7,1100.0,1-Car,No injury/unknown,SPEED TOO FAST FOR WEATHER CONDITIONS,39.18648119,-86.54858007
4,5,1700.0,2-Car,No injury/unknown,DRIVER DISTRACTED - EXPLAIN IN NARRATIVE,39.18648036,-86.5368324
8,7,1000.0,3+ Cars,No injury/unknown,FOLLOWING TOO CLOSELY,39.18648036,-86.5368324
6,1,1300.0,2-Car,No injury/unknown,FOLLOWING TOO CLOSELY,39.18637612,-86.53510395
1,2,1800.0,2-Car,No injury/unknown,OTHER (DRIVER) - EXPLAIN IN NARRATIVE,39.186368,-86.5344
3,6,1300.0,2-Car,No injury/unknown,SPEED TOO FAST FOR WEATHER CONDITIONS,39.186368,-86.5344
7,6,800.0,2-Car,No injury/unknown,FOLLOWING TOO CLOSELY,39.186368,-86.5344
7,5,1500.0,2-Car,No injury/unknown,FAILURE TO YIELD RIGHT OF WAY,39.186368,-86.5344
7,3,1700.0,2-Car,No injury/unknown,FAILURE TO YIELD RIGHT OF WAY,39.186368,-86.5344
8,4,2200.0,2-Car,Non-incapacitating,FAILURE TO YIELD RIGHT OF WAY,39.186368,-86.5344
10,2,2000.0,2-Car,No injury/unknown,DISREGARD SIGNAL/REG SIGN,39.186368,-86.5344
10,4,1700.0,3+ Cars,No injury/unknown,OTHER (DRIVER) - EXPLAIN IN NARRATIVE,39.186368,-86.5344
10,3,800.0,2-Car,No injury/unknown,FAILURE TO YIELD RIGHT OF WAY,39.186368,-86.5344
11,4,1900.0,2-Car,Non-incapacitating,DRIVER ILLNESS,39.186368,-86.5344
12,1,300.0,2-Car,No injury/unknown,DRIVER DISTRACTED - EXPLAIN IN NARRATIVE,39.186368,-86.5344
12,5,1900.0,2-Car,No injury/unknown,OTHER (DRIVER) - EXPLAIN IN NARRATIVE,39.186368,-86.5344
11,2,900.0,2-Car,No injury/unknown,FOLLOWING TOO CLOSELY,39.18636792,-86.5349679
12,5,700.0,2-Car,Incapacitating,FAILURE TO YIELD RIGHT OF WAY,39.18636592,-86.53404709
5,5,1700.0,2-Car,No injury/unknown,FAILURE TO YIELD RIGHT OF WAY,39.18636487,-86.53387063
11,6,1900.0,2-Car,No injury/unknown,FAILURE TO YIELD RIGHT OF WAY,39.18636487,-86.53387063
1,7,1500.0,2-Car,No injury/unknown,FAILURE TO YIELD RIGHT OF WAY,39.18636383,-86.53369418
1,6,1200.0,2-Car,No injury/unknown,FAILURE TO YIELD RIGHT OF WAY,39.18636383,-86.53369418
12,4,1600.0,2-Car,Incapacitating,FAILURE TO YIELD RIGHT OF WAY,39.18636383,-86.53369418
7,4,1500.0,2-Car,Non-incapacitating,IMPROPER TURNING,39.18636279,-86.53351772
11,6,1400.0,2-Car,No injury/unknown,FAILURE TO YIELD RIGHT OF WAY,39.18636174,-86.53334127
10,6,1700.0,2-Car,No injury/unknown,FOLLOWING TOO CLOSELY,39.18635937,-86.53294013
11,6,1400.0,3+ Cars,No injury/unknown,OTHER (DRIVER) - EXPLAIN IN NARRATIVE,39.18635873,-86.53457606
7,6,1500.0,3+ Cars,No injury/unknown,IMPROPER LANE USAGE,39.18635548,-86.53228253
4,6,1700.0,3+ Cars,Non-incapacitating,PRESCRIPTION DRUGS,39.1863549,-86.53475208
5,6,1700.0,2-Car,No injury/unknown,OTHER (DRIVER) - EXPLAIN IN NARRATIVE,39.1863549,-86.53475208
12,3,1200.0,2-Car,No injury/unknown,UNSAFE BACKING,39.186354,-86.535259
6,2,1000.0,2-Car,No injury/unknown,FAILURE TO YIELD RIGHT OF WAY,39.18635305,-86.53187246
2,4,1900.0,2-Car,No injury/unknown,DRIVER DISTRACTED - EXPLAIN IN NARRATIVE,39.18635204,-86.52531971
9,5,700.0,2-Car,Non-incapacitating,FOLLOWING TOO CLOSELY,39.18635204,-86.52531971
6,1,2000.0,2-Car,No injury/unknown,FAILURE TO YIELD RIGHT OF WAY,39.18635204,-86.52637847
1,6,800.0,2-Car,Incapacitating,LEFT OF CENTER,39.18635201,-86.52256257
2,2,1300.0,Bus,No injury/unknown,FAILURE TO YIELD RIGHT OF WAY,39.186352,-86.53049784
3,7,1500.0,2-Car,Non-incapacitating,FOLLOWING TOO CLOSELY,39.186352,-86.53049784
5,3,900.0,2-Car,No injury/unknown,FAILURE TO YIELD RIGHT OF WAY,39.186352,-86.53096645
4,6,1800.0,2-Car,No injury/unknown,DRIVER DISTRACTED - EXPLAIN IN NARRATIVE,39.186352,-86.52920184
4,6,1900.0,3+ Cars,No injury/unknown,FOLLOWING TOO CLOSELY,39.186352,-86.52920184
11,2,1700.0,Moped/Motorcycle,Non-incapacitating,DRIVER DISTRACTED - EXPLAIN IN NARRATIVE,39.186352,-86.53014492
1,4,2100.0,2-Car,No injury/unknown,FAILURE TO YIELD RIGHT OF WAY,39.186352,-86.531696
1,6,1600.0,2-Car,Non-incapacitating,FOLLOWING TOO CLOSELY,39.186352,-86.528496
1,6,2300.0,1-Car,No injury/unknown,RAN OFF ROAD RIGHT,39.186352,-86.592896
3,5,1700.0,2-Car,No injury/unknown,FAILURE TO YIELD RIGHT OF WAY,39.186352,-86.528496
3,6,1600.0,2-Car,No injury/unknown,FOLLOWING TOO CLOSELY,39.186352,-86.528496
5,5,1400.0,2-Car,No injury/unknown,OTHER (DRIVER) - EXPLAIN IN NARRATIVE,39.186352,-86.531696
6,6,1300.0,2-Car,No injury/unknown,DRIVER DISTRACTED - EXPLAIN IN NARRATIVE,39.186352,-86.528496
7,1,1400.0,2-Car,No injury/unknown,FAILURE TO YIELD RIGHT OF WAY,39.186352,-86.528496
7,7,300.0,1-Car,No injury/unknown,ANIMAL/OBJECT IN ROADWAY,39.186352,-86.528496
7,1,1500.0,2-Car,Non-incapacitating,FAILURE TO YIELD RIGHT OF WAY,39.186352,-86.528496
8,7,1600.0,2-Car,Non-incapacitating,FOLLOWING TOO CLOSELY,39.186352,-86.531696
9,7,1500.0,2-Car,No injury/unknown,UNSAFE BACKING,39.186352,-86.534704
9,3,2100.0,2-Car,No injury/unknown,DISREGARD SIGNAL/REG SIGN,39.186352,-86.528496
11,3,2200.0,2-Car,No injury/unknown,FAILURE TO YIELD RIGHT OF WAY,39.186352,-86.534704
11,2,2000.0,2-Car,No injury/unknown,FAILURE TO YIELD RIGHT OF WAY,39.186352,-86.528496
11,1,1600.0,2-Car,No injury/unknown,SPEED TOO FAST FOR WEATHER CONDITIONS,39.186352,-86.528496
9,7,1300.0,Bus,No injury/unknown,DRIVER DISTRACTED - EXPLAIN IN NARRATIVE,39.18632523,-86.52844958
5,6,400.0,2-Car,No injury/unknown,ALCOHOLIC BEVERAGES,39.18624327,-86.52217946
2,4,0.0,1-Car,No injury/unknown,ROADWAY SURFACE CONDITION,39.18624,-86.5180252
6,6,100.0,1-Car,No injury/unknown,ALCOHOLIC BEVERAGES,39.18624,-86.514496
4,4,2000.0,1-Car,No injury/unknown,ANIMAL/OBJECT IN ROADWAY,39.18609869,-86.5203624
4,2,1500.0,2-Car,No injury/unknown,UNSAFE BACKING,39.186048,-86.550976
9,7,1600.0,2-Car,Non-incapacitating,FAILURE TO YIELD RIGHT OF WAY,39.186048,-86.550976
5,4,1700.0,3+ Cars,No injury/unknown,FOLLOWING TOO CLOSELY,39.186032,-86.51984
11,6,1700.0,2-Car,Non-incapacitating,OTHER (DRIVER) - EXPLAIN IN NARRATIVE,39.186032,-86.51984
11,2,700.0,2-Car,No injury/unknown,FOLLOWING TOO CLOSELY,39.186032,-86.51984
12,6,1800.0,2-Car,No injury/unknown,BRAKE FAILURE OR DEFECTIVE,39.186032,-86.51984
4,1,1300.0,2-Car,No injury/unknown,FAILURE TO YIELD RIGHT OF WAY,39.18600442,-86.5555885
11,2,1400.0,2-Car,No injury/unknown,FAILURE TO YIELD RIGHT OF WAY,39.18595739,-86.53444322
7,5,1800.0,2-Car,No injury/unknown,UNSAFE BACKING,39.18589867,-86.53787333
1,6,100.0,1-Car,Non-incapacitating,ANIMAL/OBJECT IN ROADWAY,39.18584,-86.537872
10,1,1500.0,3+ Cars,No injury/unknown,FOLLOWING TOO CLOSELY,39.18571747,-86.51850049
6,6,900.0,1-Car,No injury/unknown,OTHER (DRIVER) - EXPLAIN IN NARRATIVE,39.18544872,-86.520099
1,4,2300.0,Moped/Motorcycle,Non-incapacitating,LEFT OF CENTER,39.185392,-86.537856
1,6,100.0,1-Car,No injury/unknown,DRIVER DISTRACTED - EXPLAIN IN NARRATIVE,39.185392,-86.537856
8,1,1300.0,Moped/Motorcycle,Incapacitating,ROADWAY SURFACE CONDITION,39.185392,-86.537856
10,2,700.0,2-Car,No injury/unknown,FAILURE TO YIELD RIGHT OF WAY,39.185392,-86.537856
12,4,700.0,2-Car,No injury/unknown,DRIVER DISTRACTED - EXPLAIN IN NARRATIVE,39.185392,-86.537856
2,4,900.0,2-Car,No injury/unknown,VIEW OBSTRUCTED,39.185232,-86.54060206
10,5,1100.0,Bus,No injury/unknown,UNSAFE BACKING,39.185232,-86.54060206
9,5,1400.0,Cyclist,Incapacitating,FAILURE TO YIELD RIGHT OF WAY,39.18518,-86.53521
4,1,1500.0,1-Car,No injury/unknown,BRAKE FAILURE OR DEFECTIVE,39.18516376,-86.53794612
8,5,0.0,2-Car,No injury/unknown,IMPROPER TURNING,39.1851,-86.5402
11,2,1000.0,1-Car,No injury/unknown,RAN OFF ROAD RIGHT,39.18508,-86.540044
11,1,300.0,2-Car,No injury/unknown,FAILURE TO YIELD RIGHT OF WAY,39.184544,-86.534592
3,1,1100.0,2-Car,No injury/unknown,OTHER (DRIVER) - EXPLAIN IN NARRATIVE,39.184499,-86.539304
3,3,2100.0,2-Car,No injury/unknown,OTHER (DRIVER) - EXPLAIN IN NARRATIVE,39.184499,-86.537941
11,3,900.0,1-Car,No injury/unknown,RAN OFF ROAD RIGHT,39.18440816,-86.59185
10,1,1300.0,2-Car,Non-incapacitating,DRIVER ASLEEP OR FATIGUED,39.18431751,-86.58259
1,5,800.0,2-Car,No injury/unknown,UNSAFE BACKING,39.184265,-86.540999
12,6,1000.0,2-Car,No injury/unknown,UNSAFE BACKING,39.184232,-86.534334
12,3,1400.0,2-Car,No injury/unknown,SPEED TOO FAST FOR WEATHER CONDITIONS,39.18422319,-86.58298
3,4,100.0,1-Car,No injury/unknown,,39.18417935,-86.55024349
7,2,1900.0,Pedestrian,Non-incapacitating,PEDESTRIAN ACTION,39.184048,-86.54878036
2,6,400.0,3+ Cars,No injury/unknown,ALCOHOLIC BEVERAGES,39.183933,-86.540999
10,6,1500.0,2-Car,No injury/unknown,OTHER (DRIVER) - EXPLAIN IN NARRATIVE,39.18384,-86.5192
11,7,1600.0,Pedestrian,Non-incapacitating,OTHER (DRIVER) - EXPLAIN IN NARRATIVE,39.18384,-86.5192
11,1,2100.0,2-Car,No injury/unknown,UNSAFE BACKING,39.18377,-86.51686865
1,5,1300.0,2-Car,Non-incapacitating,DRIVER DISTRACTED - EXPLAIN IN NARRATIVE,39.1835467,-86.538699
1,7,0.0,3+ Cars,No injury/unknown,ALCOHOLIC BEVERAGES,39.183524,-86.530498
2,7,1800.0,2-Car,No injury/unknown,DRIVER DISTRACTED - EXPLAIN IN NARRATIVE,39.18334759,-86.497899
12,6,900.0,2-Car,No injury/unknown,OTHER (DRIVER) - EXPLAIN IN NARRATIVE,39.18326872,-86.5117361
11,2,1200.0,2-Car,No injury/unknown,OTHER (DRIVER) - EXPLAIN IN NARRATIVE,39.18321044,-86.52842156
12,3,1400.0,Bus,No injury/unknown,BRAKE FAILURE OR DEFECTIVE,39.183136,-86.537824
6,3,1200.0,2-Car,No injury/unknown,FAILURE TO YIELD RIGHT OF WAY,39.18301648,-86.51916513
2,7,100.0,2-Car,No injury/unknown,OTHER (DRIVER) - EXPLAIN IN NARRATIVE,39.182976,-86.528416
3,5,700.0,2-Car,No injury/unknown,OTHER (DRIVER) - EXPLAIN IN NARRATIVE,39.182976,-86.528416
6,1,200.0,2-Car,No injury/unknown,ALCOHOLIC BEVERAGES,39.182944,-86.528912
11,2,1500.0,2-Car,No injury/unknown,IMPROPER LANE USAGE,39.18293497,-86.52911978
12,5,2000.0,2-Car,No injury/unknown,IMPROPER TURNING,39.18291653,-86.50966
9,6,1300.0,2-Car,No injury/unknown,UNSAFE BACKING,39.18242962,-86.51914028
10,4,1700.0,2-Car,No injury/unknown,FAILURE TO YIELD RIGHT OF WAY,39.18242962,-86.51914028
3,5,1300.0,1-Car,No injury/unknown,DRIVER DISTRACTED - EXPLAIN IN NARRATIVE,39.1824214,-86.53470708
3,7,900.0,1-Car,No injury/unknown,RAN OFF ROAD RIGHT,39.18208861,-86.67532331
9,1,1500.0,2-Car,No injury/unknown,IMPROPER TURNING,39.18187116,-86.5377819
2,5,2300.0,2-Car,No injury/unknown,IMPROPER PASSING,39.18184,-86.5284
9,4,2000.0,3+ Cars,Non-incapacitating,DRIVER DISTRACTED - EXPLAIN IN NARRATIVE,39.18184,-86.5284
11,6,1400.0,2-Car,No injury/unknown,FAILURE TO YIELD RIGHT OF WAY,39.18184,-86.5284
10,2,1400.0,2-Car,No injury/unknown,FOLLOWING TOO CLOSELY,39.1818,-86.52832
2,4,1200.0,2-Car,No injury/unknown,UNSAFE BACKING,39.18176294,-86.52973192
2,5,1600.0,2-Car,No injury/unknown,FAILURE TO YIELD RIGHT OF WAY,39.181744,-86.530192
9,7,100.0,Moped/Motorcycle,No injury/unknown,OTHER (DRIVER) - EXPLAIN IN NARRATIVE,39.181744,-86.53001555
2,6,0.0,1-Car,No injury/unknown,OTHER (DRIVER) - EXPLAIN IN NARRATIVE,39.181729,-86.533841
9,4,1200.0,2-Car,No injury/unknown,FOLLOWING TOO CLOSELY,39.18167268,-86.53777454
1,2,1700.0,2-Car,No injury/unknown,BRAKE FAILURE OR DEFECTIVE,39.18162924,-86.53471004
5,4,2200.0,2-Car,No injury/unknown,UNSAFE BACKING,39.18162924,-86.53471004
1,1,400.0,1-Car,No injury/unknown,ROADWAY SURFACE CONDITION,39.181552,-86.5336
2,6,1300.0,2-Car,No injury/unknown,SPEED TOO FAST FOR WEATHER CONDITIONS,39.181552,-86.5336
2,6,2300.0,2-Car,No injury/unknown,FOLLOWING TOO CLOSELY,39.181552,-86.5336
7,2,1600.0,2-Car,No injury/unknown,FOLLOWING TOO CLOSELY,39.181552,-86.5336
8,2,2100.0,3+ Cars,Non-incapacitating,DRIVER ILLNESS,39.181552,-86.5336
11,4,600.0,2-Car,No injury/unknown,OTHER (DRIVER) - EXPLAIN IN NARRATIVE,39.181424,-86.533369
2,7,1700.0,2-Car,No injury/unknown,IMPROPER PASSING,39.18112,-86.530816
9,7,1700.0,2-Car,No injury/unknown,UNSAFE BACKING,39.18106466,-86.53776301
10,4,0.0,2-Car,No injury/unknown,UNSAFE BACKING,39.18106466,-86.53776301
3,6,900.0,Pedestrian,Non-incapacitating,FAILURE TO YIELD RIGHT OF WAY,39.18104,-86.5284
9,6,1700.0,2-Car,No injury/unknown,DRIVER DISTRACTED - EXPLAIN IN NARRATIVE,39.18104,-86.5284
1,7,200.0,2-Car,No injury/unknown,UNSAFE BACKING,39.18101155,-86.53186657
10,2,1200.0,2-Car,No injury/unknown,UNSAFE BACKING,39.18101,-86.528319
11,3,1000.0,Moped/Motorcycle,No injury/unknown,IMPROPER PASSING,39.18101,-86.52832
2,7,900.0,3+ Cars,No injury/unknown,OTHER (DRIVER) - EXPLAIN IN NARRATIVE,39.1808,-86.5391
11,5,800.0,1-Car,No injury/unknown,OTHER (DRIVER) - EXPLAIN IN NARRATIVE,39.180596,-86.540471
11,7,800.0,1-Car,No injury/unknown,OTHER (DRIVER) - EXPLAIN IN NARRATIVE,39.180596,-86.540471
10,1,1400.0,2-Car,No injury/unknown,UNSAFE BACKING,39.180571,-86.540505
12,4,300.0,1-Car,No injury/unknown,,39.180352,-86.5284
1,5,900.0,2-Car,No injury/unknown,FAILURE TO YIELD RIGHT OF WAY,39.18033327,-86.53471488
7,3,1500.0,2-Car,No injury/unknown,LEFT OF CENTER,39.180241,-86.554099
12,7,200.0,3+ Cars,No injury/unknown,OTHER (DRIVER) - EXPLAIN IN NARRATIVE,39.18017336,-86.53083512
6,6,1300.0,2-Car,No injury/unknown,OTHER (DRIVER) - EXPLAIN IN NARRATIVE,39.180048,-86.544
6,1,1100.0,2-Car,No injury/unknown,OTHER (DRIVER) - EXPLAIN IN NARRATIVE,39.180048,-86.544
12,7,1600.0,2-Car,No injury/unknown,LEFT OF CENTER,39.180048,-86.544
12,5,800.0,2-Car,No injury/unknown,OTHER (DRIVER) - EXPLAIN IN NARRATIVE,39.17997932,-86.53330441
3,1,1500.0,2-Car,No injury/unknown,UNSAFE BACKING,39.17988369,-86.54826237
4,5,1000.0,2-Car,No injury/unknown,DRIVER DISTRACTED - EXPLAIN IN NARRATIVE,39.17984,-86.507088
8,3,1600.0,2-Car,No injury/unknown,FOLLOWING TOO CLOSELY,39.17984,-86.507088
8,1,500.0,1-Car,No injury/unknown,ALCOHOLIC BEVERAGES,39.17984,-86.507088
9,1,1900.0,2-Car,No injury/unknown,FAILURE TO YIELD RIGHT OF WAY,39.17984,-86.507088
9,3,2100.0,2-Car,No injury/unknown,FAILURE TO YIELD RIGHT OF WAY,39.17984,-86.507088
9,6,1300.0,3+ Cars,Non-incapacitating,UNSAFE SPEED,39.17984,-86.507088
10,6,1100.0,1-Car,Non-incapacitating,OTHER (DRIVER) - EXPLAIN IN NARRATIVE,39.17984,-86.507088