Month,Day,Hour,Collision Type,Injury Type,Primary Factor,Latitude,Longitude
10,5,1500.0,2-Car,No injury/unknown,FOLLOWING TOO CLOSELY,39.17984,-86.507088
10,5,1600.0,2-Car,No injury/unknown,FOLLOWING TOO CLOSELY,39.17984,-86.507088
12,6,2000.0,2-Car,Non-incapacitating,FAILURE TO YIELD RIGHT OF WAY,39.17984,-86.507088
11,6,1300.0,2-Car,No injury/unknown,FAILURE TO YIELD RIGHT OF WAY,39.179764,-86.510942
1,5,1700.0,2-Car,No injury/unknown,IMPROPER TURNING,39.17975117,-86.49529366
9,6,2300.0,2-Car,No injury/unknown,UNSAFE BACKING,39.17972661,-86.5308402
9,6,1400.0,2-Car,Non-incapacitating,IMPROPER LANE USAGE,39.17970042,-86.50697544
9,2,1400.0,2-Car,No injury/unknown,OTHER (DRIVER) - EXPLAIN IN NARRATIVE,39.17967426,-86.511088
4,5,1900.0,2-Car,No injury/unknown,OTHER (DRIVER) - EXPLAIN IN NARRATIVE,39.17963492,-86.511088
1,2,1100.0,2-Car,No injury/unknown,OTHER (DRIVER) - EXPLAIN IN NARRATIVE,39.1794156,-86.53602554
12,7,1600.0,2-Car,Non-incapacitating,FOLLOWING TOO CLOSELY,39.17937198,-86.53471846
4,2,1400.0,2-Car,No injury/unknown,FAILURE TO YIELD RIGHT OF WAY,39.17933976,-86.51900944
10,6,1300.0,2-Car,No injury/unknown,FAILURE TO YIELD RIGHT OF WAY,39.17933976,-86.51900944
1,6,1600.0,2-Car,No injury/unknown,FOLLOWING TOO CLOSELY,39.179248,-86.547104
1,6,1500.0,2-Car,No injury/unknown,FOLLOWING TOO CLOSELY,39.179248,-86.547104
1,1,1800.0,1-Car,No injury/unknown,ROADWAY SURFACE CONDITION,39.179248,-86.547104
2,4,1700.0,1-Car,No injury/unknown,IMPROPER LANE USAGE,39.179248,-86.547104
3,4,1200.0,1-Car,No injury/unknown,OTHER (VEHICLE) - EXPLAIN IN NARRATIVE,39.179248,-86.58292
4,4,1300.0,2-Car,No injury/unknown,FAILURE TO YIELD RIGHT OF WAY,39.179248,-86.547104
4,6,1600.0,1-Car,Non-incapacitating,OTHER (DRIVER) - EXPLAIN IN NARRATIVE,39.179248,-86.552592
5,3,700.0,3+ Cars,No injury/unknown,LEFT OF CENTER,39.179248,-86.5832
5,6,1100.0,2-Car,No injury/unknown,OTHER (DRIVER) - EXPLAIN IN NARRATIVE,39.179248,-86.5832
5,7,0.0,2-Car,No injury/unknown,FAILURE TO YIELD RIGHT OF WAY,39.179248,-86.547104
7,2,1400.0,1-Car,Non-incapacitating,RAN OFF ROAD RIGHT,39.179248,-86.547104
7,4,1000.0,1-Car,Non-incapacitating,RAN OFF ROAD RIGHT,39.179248,-86.547104
9,3,1400.0,2-Car,No injury/unknown,SPEED TOO FAST FOR WEATHER CONDITIONS,39.179248,-86.547104
12,3,2000.0,1-Car,No injury/unknown,OTHER (DRIVER) - EXPLAIN IN NARRATIVE,39.179248,-86.547104
12,7,2200.0,1-Car,No injury/unknown,RAN OFF ROAD RIGHT,39.179248,-86.547104
1,1,1800.0,1-Car,No injury/unknown,OTHER (DRIVER) - EXPLAIN IN NARRATIVE,39.17924601,-86.482499
9,1,1600.0,Bus,No injury/unknown,IMPROPER TURNING,39.17920251,-86.51900362
2,7,1700.0,1-Car,No injury/unknown,RAN OFF ROAD RIGHT,39.179202,-86.56346518
1,4,800.0,1-Car,No injury/unknown,ROADWAY SURFACE CONDITION,39.1792,-86.56390766
8,2,1200.0,2-Car,No injury/unknown,OTHER (DRIVER) - EXPLAIN IN NARRATIVE,39.179199,-86.546998
11,5,1700.0,1-Car,No injury/unknown,ANIMAL/OBJECT IN ROADWAY,39.17916,-86.58282025
7,3,1400.0,2-Car,Non-incapacitating,IMPROPER LANE USAGE,39.17914212,-86.50652519
9,1,100.0,1-Car,No injury/unknown,OTHER (DRIVER) - EXPLAIN IN NARRATIVE,39.17914,-86.581402
11,5,1500.0,2-Car,No injury/unknown,UNSAFE BACKING,39.17912342,-86.511088
1,6,1400.0,2-Car,No injury/unknown,FAILURE TO YIELD RIGHT OF WAY,39.179104,-86.544016
4,3,700.0,3+ Cars,No injury/unknown,FAILURE TO YIELD RIGHT OF WAY,39.179104,-86.544016
8,2,1500.0,2-Car,No injury/unknown,FAILURE TO YIELD RIGHT OF WAY,39.179104,-86.544016
10,5,700.0,2-Car,Non-incapacitating,FAILURE TO YIELD RIGHT OF WAY,39.179104,-86.544016
1,7,0.0,1-Car,No injury/unknown,RAN OFF ROAD RIGHT,39.1791,-86.554098
10,1,0.0,1-Car,No injury/unknown,OTHER (DRIVER) - EXPLAIN IN NARRATIVE,39.17908865,-86.563716
11,6,1500.0,1-Car,No injury/unknown,OTHER (DRIVER) - EXPLAIN IN NARRATIVE,39.17908,-86.55262
12,6,1700.0,2-Car,No injury/unknown,FAILURE TO YIELD RIGHT OF WAY,39.17908,-86.55262
1,1,0.0,2-Car,No injury/unknown,FAILURE TO YIELD RIGHT OF WAY,39.17904,-86.5284
1,4,1300.0,2-Car,No injury/unknown,FAILURE TO YIELD RIGHT OF WAY,39.17904,-86.5284
2,3,700.0,Bus,No injury/unknown,SPEED TOO FAST FOR WEATHER CONDITIONS,39.17904,-86.5284
3,4,1400.0,2-Car,No injury/unknown,FOLLOWING TOO CLOSELY,39.17904,-86.5284
3,6,1600.0,2-Car,No injury/unknown,FAILURE TO YIELD RIGHT OF WAY,39.17904,-86.530848
4,3,2200.0,2-Car,Non-incapacitating,FAILURE TO YIELD RIGHT OF WAY,39.17904,-86.5284
5,7,1200.0,Bus,No injury/unknown,OTHER (DRIVER) - EXPLAIN IN NARRATIVE,39.17904,-86.5284
8,2,800.0,2-Car,No injury/unknown,UNSAFE BACKING,39.17904,-86.532096
9,5,1500.0,2-Car,Non-incapacitating,FOLLOWING TOO CLOSELY,39.17904,-86.5284
9,6,1400.0,2-Car,No injury/unknown,IMPROPER TURNING,39.17904,-86.532096
10,5,1600.0,3+ Cars,No injury/unknown,FOLLOWING TOO CLOSELY,39.17904,-86.5284
10,3,1700.0,2-Car,Non-incapacitating,ROADWAY SURFACE CONDITION,39.17904,-86.530848
11,2,1900.0,2-Car,No injury/unknown,UNSAFE BACKING,39.17904,-86.5284
10,3,2100.0,1-Car,No injury/unknown,BRAKE FAILURE OR DEFECTIVE,39.17903837,-86.52827755
3,7,1600.0,2-Car,No injury/unknown,UNSAFE BACKING,39.17902533,-86.52729936
2,4,1700.0,1-Car,No injury/unknown,BRAKE FAILURE OR DEFECTIVE,39.179024,-86.5272
5,3,2100.0,2-Car,No injury/unknown,FOLLOWING TOO CLOSELY,39.179024,-86.539616
5,4,0.0,1-Car,No injury/unknown,CELL PHONE USAGE,39.179024,-86.5272
9,7,1000.0,2-Car,No injury/unknown,DRIVER DISTRACTED - EXPLAIN IN NARRATIVE,39.179024,-86.5272
9,3,1700.0,2-Car,No injury/unknown,FAILURE TO YIELD RIGHT OF WAY,39.179024,-86.5272
9,3,1200.0,2-Car,No injury/unknown,SPEED TOO FAST FOR WEATHER CONDITIONS,39.179024,-86.5272
9,3,1200.0,2-Car,No injury/unknown,SPEED TOO FAST FOR WEATHER CONDITIONS,39.179024,-86.5272
10,2,800.0,2-Car,Non-incapacitating,FAILURE TO YIELD RIGHT OF WAY,39.179024,-86.539616
11,3,1400.0,2-Car,No injury/unknown,FAILURE TO YIELD RIGHT OF WAY,39.179024,-86.5272
9,7,2300.0,2-Car,No injury/unknown,UNSAFE BACKING,39.179022,-86.528328
9,5,1200.0,2-Car,No injury/unknown,FAILURE TO YIELD RIGHT OF WAY,39.17902,-86.525975
10,7,2300.0,Pedestrian,Non-incapacitating,PEDESTRIAN ACTION,39.17902,-86.5225
10,3,900.0,3+ Cars,Non-incapacitating,UNSAFE SPEED,39.17902,-86.5225
10,5,1000.0,2-Car,No injury/unknown,OTHER (DRIVER) - EXPLAIN IN NARRATIVE,39.17902,-86.525975
11,4,1500.0,Bus,No injury/unknown,FAILURE TO YIELD RIGHT OF WAY,39.17902,-86.525975
11,2,1300.0,2-Car,Non-incapacitating,UNSAFE SPEED,39.17902,-86.5225
12,3,1600.0,Moped/Motorcycle,Non-incapacitating,OTHER (VEHICLE) - EXPLAIN IN NARRATIVE,39.17902,-86.525975
11,3,900.0,3+ Cars,No injury/unknown,FOLLOWING TOO CLOSELY,39.17901183,-86.52910262
9,3,1400.0,2-Car,No injury/unknown,UNSAFE BACKING,39.17901143,-86.53061946
10,5,1700.0,2-Car,No injury/unknown,FAILURE TO YIELD RIGHT OF WAY,39.17901,-86.52833
11,7,2000.0,2-Car,No injury/unknown,IMPROPER PASSING,39.17901,-86.52833
1,5,1100.0,2-Car,Non-incapacitating,UNSAFE SPEED,39.179008,-86.525888
2,6,1500.0,2-Car,No injury/unknown,UNSAFE SPEED,39.179008,-86.525888
3,6,2000.0,1-Car,Non-incapacitating,UNSAFE SPEED,39.179008,-86.525888
4,6,2200.0,2-Car,Non-incapacitating,CELL PHONE USAGE,39.179008,-86.525888
7,3,2200.0,2-Car,Non-incapacitating,FAILURE TO YIELD RIGHT OF WAY,39.179008,-86.525888
9,3,1600.0,2-Car,No injury/unknown,FOLLOWING TOO CLOSELY,39.179008,-86.525888
11,5,1600.0,2-Car,No injury/unknown,UNSAFE BACKING,39.179008,-86.525888
11,7,1400.0,2-Car,No injury/unknown,UNSAFE BACKING,39.179008,-86.525888
11,2,1200.0,2-Car,No injury/unknown,OTHER (DRIVER) - EXPLAIN IN NARRATIVE,39.179008,-86.525888
2,4,2100.0,3+ Cars,No injury/unknown,FOLLOWING TOO CLOSELY,39.179,-86.523599
4,4,1300.0,2-Car,No injury/unknown,FAILURE TO YIELD RIGHT OF WAY,39.179,-86.525975
7,2,1000.0,2-Car,No injury/unknown,DRIVER DISTRACTED - EXPLAIN IN NARRATIVE,39.179,-86.534923
4,4,1200.0,2-Car,No injury/unknown,UNSAFE BACKING,39.178992,-86.523504
5,6,800.0,Moped/Motorcycle,No injury/unknown,OTHER (DRIVER) - EXPLAIN IN NARRATIVE,39.178992,-86.537792
5,5,600.0,2-Car,No injury/unknown,FAILURE TO YIELD RIGHT OF WAY,39.178992,-86.537792
6,4,900.0,2-Car,No injury/unknown,DISREGARD SIGNAL/REG SIGN,39.178992,-86.537792
6,7,200.0,2-Car,No injury/unknown,FAILURE TO YIELD RIGHT OF WAY,39.178992,-86.537792
8,4,1300.0,2-Car,No injury/unknown,OTHER (DRIVER) - EXPLAIN IN NARRATIVE,39.178992,-86.537792
9,7,1400.0,2-Car,No injury/unknown,UNSAFE BACKING,39.178992,-86.537792
9,7,700.0,1-Car,No injury/unknown,OTHER (DRIVER) - EXPLAIN IN NARRATIVE,39.178992,-86.523504
11,2,1800.0,2-Car,No injury/unknown,FOLLOWING TOO CLOSELY,39.178992,-86.523504
10,7,700.0,2-Car,No injury/unknown,DRIVER DISTRACTED - EXPLAIN IN NARRATIVE,39.17899,-86.51895
3,5,1200.0,Bus,No injury/unknown,IMPROPER PASSING,39.178976,-86.536032
6,3,1700.0,1-Car,No injury/unknown,OTHER (VEHICLE) - EXPLAIN IN NARRATIVE,39.17897394,-86.52938043
3,4,2000.0,2-Car,No injury/unknown,UNSAFE BACKING,39.17896359,-86.53312751
5,3,1100.0,1-Car,No injury/unknown,OTHER (DRIVER) - EXPLAIN IN NARRATIVE,39.17896215,-86.53489642
8,4,1700.0,2-Car,No injury/unknown,FOLLOWING TOO CLOSELY,39.17896194,-86.52124678
2,6,1700.0,2-Car,No injury/unknown,UNSAFE BACKING,39.17896033,-86.53474678
1,4,1400.0,3+ Cars,No injury/unknown,FAILURE TO YIELD RIGHT OF WAY,39.17896,-86.53472
2,6,2000.0,2-Car,No injury/unknown,UNSAFE BACKING,39.17896,-86.53472
2,4,1700.0,2-Car,No injury/unknown,IMPROPER TURNING,39.17896,-86.521088
3,2,600.0,2-Car,No injury/unknown,DRIVER ILLNESS,39.17896,-86.53472
5,2,2100.0,2-Car,No injury/unknown,FAILURE TO YIELD RIGHT OF WAY,39.17896,-86.53472
9,6,1900.0,2-Car,No injury/unknown,UNSAFE BACKING,39.17896,-86.521088
9,6,1300.0,2-Car,No injury/unknown,UNSAFE BACKING,39.17896,-86.53472
9,7,100.0,2-Car,Non-incapacitating,ALCOHOLIC BEVERAGES,39.17896,-86.53472
11,7,1800.0,2-Car,No injury/unknown,ALCOHOLIC BEVERAGES,39.17896,-86.521088
5,6,1200.0,2-Car,No injury/unknown,UNSAFE SPEED,39.17895462,-86.52073518
4,7,2000.0,3+ Cars,No injury/unknown,OTHER (DRIVER) - EXPLAIN IN NARRATIVE,39.17895065,-86.52955121
6,5,2000.0,2-Car,No injury/unknown,ALCOHOLIC BEVERAGES,39.17895065,-86.52955121
1,4,2100.0,2-Car,No injury/unknown,OTHER (DRIVER) - EXPLAIN IN NARRATIVE,39.17894926,-86.52038464
3,7,1400.0,2-Car,No injury/unknown,IMPROPER TURNING,39.17894926,-86.52038464
11,6,1700.0,2-Car,Non-incapacitating,FAILURE TO YIELD RIGHT OF WAY,39.17894926,-86.52038464
4,4,1400.0,2-Car,No injury/unknown,UNSAFE SPEED,39.17894416,-86.52005045
1,1,2200.0,3+ Cars,No injury/unknown,DRIVER DISTRACTED - EXPLAIN IN NARRATIVE,39.178944,-86.533392
1,1,500.0,2-Car,No injury/unknown,DISREGARD SIGNAL/REG SIGN,39.178944,-86.533392
1,2,2000.0,2-Car,No injury/unknown,DISREGARD SIGNAL/REG SIGN,39.178944,-86.533392
8,2,1300.0,2-Car,No injury/unknown,FAILURE TO YIELD RIGHT OF WAY,39.178944,-86.5296
9,4,2000.0,2-Car,Non-incapacitating,DISREGARD SIGNAL/REG SIGN,39.178944,-86.533392
10,2,2000.0,Cyclist,Incapacitating,PEDESTRIAN ACTION,39.178944,-86.533392
10,5,300.0,1-Car,No injury/unknown,ALCOHOLIC BEVERAGES,39.178944,-86.533392
10,6,1700.0,2-Car,No injury/unknown,FOLLOWING TOO CLOSELY,39.178944,-86.533392
11,7,2000.0,2-Car,Non-incapacitating,DISREGARD SIGNAL/REG SIGN,39.178944,-86.533392
1,1,100.0,2-Car,No injury/unknown,FAILURE TO YIELD RIGHT OF WAY,39.178928,-86.518992
1,4,700.0,Pedestrian,Non-incapacitating,FAILURE TO YIELD RIGHT OF WAY,39.178928,-86.518992
2,6,0.0,2-Car,No injury/unknown,DISREGARD SIGNAL/REG SIGN,39.178928,-86.518992
4,2,1700.0,2-Car,No injury/unknown,FOLLOWING TOO CLOSELY,39.178928,-86.518992
4,3,1700.0,2-Car,No injury/unknown,FOLLOWING TOO CLOSELY,39.178928,-86.518992
4,4,1800.0,2-Car,No injury/unknown,FOLLOWING TOO CLOSELY,39.178928,-86.518992
4,4,1100.0,2-Car,No injury/unknown,IMPROPER LANE USAGE,39.178928,-86.518992
4,1,0.0,2-Car,No injury/unknown,FAILURE TO YIELD RIGHT OF WAY,39.178928,-86.518992
4,2,1700.0,2-Car,Non-incapacitating,DISREGARD SIGNAL/REG SIGN,39.178928,-86.518992
6,7,1100.0,2-Car,No injury/unknown,UNSAFE BACKING,39.178928,-86.518992
8,2,1900.0,1-Car,No injury/unknown,ROADWAY SURFACE CONDITION,39.178928,-86.518992
9,1,0.0,2-Car,No injury/unknown,FAILURE TO YIELD RIGHT OF WAY,39.178928,-86.518992
9,4,1000.0,Pedestrian,Non-incapacitating,DISREGARD SIGNAL/REG SIGN,39.178928,-86.518992
12,2,700.0,1-Car,Non-incapacitating,SPEED TOO FAST FOR WEATHER CONDITIONS,39.178928,-86.518992
5,4,800.0,2-Car,Non-incapacitating,OTHER (DRIVER) - EXPLAIN IN NARRATIVE,39.17885471,-86.53778784
1,3,1700.0,2-Car,No injury/unknown,FAILURE TO YIELD RIGHT OF WAY,39.178848,-86.511088
2,6,0.0,2-Car,Non-incapacitating,IMPROPER TURNING,39.178848,-86.511088
4,4,1400.0,2-Car,No injury/unknown,UNSAFE BACKING,39.178848,-86.51192519
8,2,1300.0,2-Car,No injury/unknown,DRIVER DISTRACTED - EXPLAIN IN NARRATIVE,39.178848,-86.511088
8,5,1300.0,2-Car,No injury/unknown,FAILURE TO YIELD RIGHT OF WAY,39.178848,-86.511088
8,2,1400.0,Moped/Motorcycle,Non-incapacitating,OTHER (DRIVER) - EXPLAIN IN NARRATIVE,39.178848,-86.511088
9,5,1800.0,3+ Cars,Non-incapacitating,FAILURE TO YIELD RIGHT OF WAY,39.178848,-86.511088
9,6,1100.0,2-Car,No injury/unknown,OVERCORRECTING/OVERSTEERING,39.178848,-86.511088
9,5,1400.0,2-Car,No injury/unknown,OTHER (DRIVER) - EXPLAIN IN NARRATIVE,39.178848,-86.511088
12,2,1100.0,2-Car,No injury/unknown,CELL PHONE USAGE,39.178848,-86.51135266
12,5,2100.0,1-Car,No injury/unknown,DRIVER DISTRACTED - EXPLAIN IN NARRATIVE,39.178848,-86.51192519
12,5,200.0,3+ Cars,No injury/unknown,ROADWAY SURFACE CONDITION,39.178848,-86.511088
9,4,1400.0,1-Car,No injury/unknown,ROADWAY SURFACE CONDITION,39.17872887,-86.56172527
9,4,1400.0,1-Car,No injury/unknown,ROADWAY SURFACE CONDITION,39.17872887,-86.56172527
3,3,1500.0,2-Car,No injury/unknown,OTHER (DRIVER) - EXPLAIN IN NARRATIVE,39.17856089,-86.550599
11,6,1600.0,2-Car,Non-incapacitating,RAN OFF ROAD RIGHT,39.17838952,-86.52672
8,6,1900.0,2-Car,No injury/unknown,UNSAFE BACKING,39.17802744,-86.53216175
7,3,1500.0,2-Car,No injury/unknown,DISREGARD SIGNAL/REG SIGN,39.177808,-86.532176
1,2,2000.0,2-Car,No injury/unknown,OTHER (DRIVER) - EXPLAIN IN NARRATIVE,39.177792,-86.530864
2,1,2100.0,2-Car,No injury/unknown,UNSAFE BACKING,39.177792,-86.530864
11,6,2100.0,3+ Cars,Non-incapacitating,DRIVER DISTRACTED - EXPLAIN IN NARRATIVE,39.177792,-86.530864
7,1,1100.0,2-Car,No injury/unknown,OTHER (DRIVER) - EXPLAIN IN NARRATIVE,39.177744,-86.53776
5,4,1300.0,2-Car,No injury/unknown,FAILURE TO YIELD RIGHT OF WAY,39.1775537,-86.5612041
2,1,700.0,1-Car,Non-incapacitating,SPEED TOO FAST FOR WEATHER CONDITIONS,39.17747606,-86.492801
11,7,2100.0,2-Car,No injury/unknown,FAILURE TO YIELD RIGHT OF WAY,39.17744183,-86.53484
1,6,1400.0,2-Car,Non-incapacitating,DISREGARD SIGNAL/REG SIGN,39.17737768,-86.5609886
1,6,700.0,2-Car,No injury/unknown,FOLLOWING TOO CLOSELY,39.17737768,-86.5609886
2,7,1600.0,2-Car,Non-incapacitating,FOLLOWING TOO CLOSELY,39.17737768,-86.5609886
2,1,1400.0,2-Car,No injury/unknown,FOLLOWING TOO CLOSELY,39.17737768,-86.5609886
3,5,1500.0,2-Car,No injury/unknown,FOLLOWING TOO CLOSELY,39.17737768,-86.5609886
5,6,1900.0,2-Car,No injury/unknown,FOLLOWING TOO CLOSELY,39.17737768,-86.5609886
7,2,1400.0,2-Car,Non-incapacitating,FOLLOWING TOO CLOSELY,39.17737768,-86.5609886
10,2,1800.0,2-Car,No injury/unknown,FOLLOWING TOO CLOSELY,39.17737768,-86.5609886
11,2,2200.0,1-Car,Non-incapacitating,OTHER (ENVIRONMENTAL) - EXPLAIN IN NARR,39.17737768,-86.5609886
1,7,2000.0,2-Car,No injury/unknown,UNSAFE BACKING,39.17729391,-86.5189799
11,5,1500.0,2-Car,No injury/unknown,OTHER (DRIVER) - EXPLAIN IN NARRATIVE,39.17729391,-86.5189799
12,7,700.0,2-Car,No injury/unknown,OTHER (ENVIRONMENTAL) - EXPLAIN IN NARR,39.17719476,-86.58317553
5,7,1300.0,2-Car,No injury/unknown,FAILURE TO YIELD RIGHT OF WAY,39.177152,-86.527152
8,5,1700.0,Moped/Motorcycle,Non-incapacitating,IMPROPER PASSING,39.17715,-86.51253
4,3,1700.0,3+ Cars,No injury/unknown,OTHER (DRIVER) - EXPLAIN IN NARRATIVE,39.17714982,-86.56168247
10,3,1600.0,2-Car,No injury/unknown,UNSAFE SPEED,39.17714982,-86.56168247
10,4,2100.0,1-Car,No injury/unknown,ANIMAL/OBJECT IN ROADWAY,39.17714982,-86.56168247
9,2,900.0,2-Car,Non-incapacitating,FAILURE TO YIELD RIGHT OF WAY,39.17714235,-86.47775636
2,4,2000.0,2-Car,No injury/unknown,FAILURE TO YIELD RIGHT OF WAY,39.17713521,-86.51255573
3,6,2300.0,2-Car,No injury/unknown,OTHER (DRIVER) - EXPLAIN IN NARRATIVE,39.177121,-86.518839
7,6,900.0,2-Car,No injury/unknown,LEFT OF CENTER,39.17704448,-86.558807
2,4,1800.0,2-Car,No injury/unknown,FAILURE TO YIELD RIGHT OF WAY,39.1769498,-86.53473546
5,6,1200.0,1-Car,No injury/unknown,JACKKNIFING,39.17694788,-86.56192165
6,6,1600.0,2-Car,No injury/unknown,OTHER (DRIVER) - EXPLAIN IN NARRATIVE,39.17694788,-86.56192165
5,5,2000.0,2-Car,No injury/unknown,OTHER (DRIVER) - EXPLAIN IN NARRATIVE,39.17693763,-86.52880125
10,4,1400.0,2-Car,No injury/unknown,OTHER (DRIVER) - EXPLAIN IN NARRATIVE,39.17692833,-86.5295729
8,1,1300.0,2-Car,No injury/unknown,OTHER (DRIVER) - EXPLAIN IN NARRATIVE,39.176928,-86.5296
10,4,700.0,2-Car,No injury/unknown,OTHER (DRIVER) - EXPLAIN IN NARRATIVE,39.176928,-86.5296
4,2,2000.0,2-Car,No injury/unknown,FAILURE TO YIELD RIGHT OF WAY,39.176896,-86.53088
8,5,2300.0,2-Car,No injury/unknown,ALCOHOLIC BEVERAGES,39.176896,-86.53088
2,4,900.0,2-Car,No injury/unknown,UNSAFE BACKING,39.17689017,-86.520999
10,7,1300.0,2-Car,No injury/unknown,IMPROPER LANE USAGE,39.17688,-86.534736
3,2,1900.0,2-Car,No injury/unknown,FAILURE TO YIELD RIGHT OF WAY,39.1768749,-86.4949
12,7,200.0,1-Car,No injury/unknown,RAN OFF ROAD RIGHT,39.176848,-86.55073338
1,1,1600.0,2-Car,No injury/unknown,SPEED TOO FAST FOR WEATHER CONDITIONS,39.176848,-86.478192
1,3,1700.0,2-Car,No injury/unknown,FOLLOWING TOO CLOSELY,39.176848,-86.478192
3,1,900.0,2-Car,No injury/unknown,OTHER (DRIVER) - EXPLAIN IN NARRATIVE,39.176848,-86.478192
4,6,1300.0,2-Car,No injury/unknown,OTHER (DRIVER) - EXPLAIN IN NARRATIVE,39.176848,-86.533424
5,6,1700.0,2-Car,No injury/unknown,FAILURE TO YIELD RIGHT OF WAY,39.176848,-86.533424
7,6,1200.0,2-Car,No injury/unknown,UNSAFE SPEED,39.176848,-86.478192
7,6,1700.0,2-Car,No injury/unknown,FAILURE TO YIELD RIGHT OF WAY,39.176848,-86.478192
7,5,1400.0,2-Car,No injury/unknown,FOLLOWING TOO CLOSELY,39.176848,-86.478192
8,2,1800.0,2-Car,Non-incapacitating,FOLLOWING TOO CLOSELY,39.176848,-86.478192
9,7,2300.0,2-Car,No injury/unknown,FAILURE TO YIELD RIGHT OF WAY,39.176848,-86.533424
10,3,1000.0,2-Car,Non-incapacitating,FAILURE TO YIELD RIGHT OF WAY,39.176848,-86.478192
6,3,1100.0,2-Car,No injury/unknown,IMPROPER LANE USAGE,39.17684691,-86.56204123
9,1,800.0,Moped/Motorcycle,No injury/unknown,OTHER (DRIVER) - EXPLAIN IN NARRATIVE,39.17677404,-86.54331
4,1,100.0,2-Car,Non-incapacitating,ALCOHOLIC BEVERAGES,39.17664,-86.537712
10,6,200.0,1-Car,No injury/unknown,OTHER (DRIVER) - EXPLAIN IN NARRATIVE,39.17664,-86.540992
1,1,1500.0,3+ Cars,Non-incapacitating,FOLLOWING TOO CLOSELY,39.176544,-86.5624
1,3,1500.0,2-Car,No injury/unknown,FOLLOWING TOO CLOSELY,39.176544,-86.5624
2,1,800.0,1-Car,Non-incapacitating,RAN OFF ROAD RIGHT,39.176544,-86.5624
2,6,1500.0,2-Car,Non-incapacitating,IMPROPER TURNING,39.176544,-86.5624
4,4,1300.0,3+ Cars,No injury/unknown,FOLLOWING TOO CLOSELY,39.176544,-86.5624
5,6,1300.0,2-Car,No injury/unknown,FOLLOWING TOO CLOSELY,39.176544,-86.5624
5,4,1700.0,2-Car,No injury/unknown,FAILURE TO YIELD RIGHT OF WAY,39.176544,-86.5624
7,2,1000.0,2-Car,Non-incapacitating,OTHER (DRIVER) - EXPLAIN IN NARRATIVE,39.176544,-86.5624
7,4,1600.0,2-Car,No injury/unknown,FOLLOWING TOO CLOSELY,39.176544,-86.5624
9,5,1400.0,2-Car,No injury/unknown,FOLLOWING TOO CLOSELY,39.176544,-86.5624
9,3,1200.0,2-Car,No injury/unknown,ROADWAY SURFACE CONDITION,39.176544,-86.5624
10,3,800.0,2-Car,No injury/unknown,SPEED TOO FAST FOR WEATHER CONDITIONS,39.176544,-86.5624
10,3,1700.0,3+ Cars,No injury/unknown,FOLLOWING TOO CLOSELY,39.176544,-86.5624
11,3,1500.0,3+ Cars,No injury/unknown,OTHER (DRIVER) - EXPLAIN IN NARRATIVE,39.176544,-86.5624
12,3,1000.0,2-Car,No injury/unknown,SPEED TOO FAST FOR WEATHER CONDITIONS,39.176544,-86.5624
10,6,1200.0,2-Car,No injury/unknown,UNSAFE BACKING,39.176537,-86.509897
11,7,1500.0,Pedestrian,No injury/unknown,OTHER (DRIVER) - EXPLAIN IN NARRATIVE,39.17651463,-86.52584476
2,4,1500.0,2-Car,No injury/unknown,FAILURE TO YIELD RIGHT OF WAY,39.17650909,-86.58312857
9,1,1200.0,3+ Cars,No injury/unknown,RAN OFF ROAD RIGHT,39.1764682,-86.552592
2,2,1100.0,2-Car,No injury/unknown,IMPROPER LANE USAGE,39.17642487,-86.56229999
6,7,2300.0,2-Car,Non-incapacitating,SPEED TOO FAST FOR WEATHER CONDITIONS,39.17642487,-86.56229999
11,5,1600.0,2-Car,Non-incapacitating,FOLLOWING TOO CLOSELY,39.17642487,-86.56230432
4,7,1300.0,2-Car,No injury/unknown,SPEED TOO FAST FOR WEATHER CONDITIONS,39.1764055,-86.56259591
1,3,1700.0,2-Car,Non-incapacitating,FOLLOWING TOO CLOSELY,39.17636303,-86.47904783
2,3,1100.0,2-Car,No injury/unknown,FOLLOWING TOO CLOSELY,39.17635934,-86.56266121
3,7,800.0,2-Car,No injury/unknown,ROADWAY SURFACE CONDITION,39.17635934,-86.56266121
10,6,1700.0,2-Car,No injury/unknown,DRIVER DISTRACTED - EXPLAIN IN NARRATIVE,39.17635934,-86.56266121
11,4,1100.0,2-Car,No injury/unknown,FOLLOWING TOO CLOSELY,39.17635934,-86.56266121
8,4,2100.0,2-Car,Non-incapacitating,FOLLOWING TOO CLOSELY,39.1763224,-86.56271345
10,3,1300.0,2-Car,Non-incapacitating,FAILURE TO YIELD RIGHT OF WAY,39.17624,-86.52584
10,2,1600.0,2-Car,No injury/unknown,OTHER (DRIVER) - EXPLAIN IN NARRATIVE,39.17624,-86.52584
11,4,1300.0,2-Car,No injury/unknown,VIEW OBSTRUCTED,39.17624,-86.52584
1,5,1700.0,2-Car,Non-incapacitating,FOLLOWING TOO CLOSELY,39.17622084,-86.56285712
1,5,900.0,2-Car,No injury/unknown,FAILURE TO YIELD RIGHT OF WAY,39.176192,-86.52712
11,6,1700.0,2-Car,No injury/unknown,FAILURE TO YIELD RIGHT OF WAY,39.176192,-86.52712
1,5,1700.0,2-Car,No injury/unknown,SPEED TOO FAST FOR WEATHER CONDITIONS,39.17617467,-86.56292242