Month,Day,Hour,Collision Type,Injury Type,Primary Factor,Latitude,Longitude
6,1,1500.0,2-Car,No injury/unknown,ROADWAY SURFACE CONDITION,39.17617467,-86.56292242
10,6,1500.0,2-Car,No injury/unknown,FOLLOWING TOO CLOSELY,39.17617467,-86.56292242
4,6,1800.0,2-Car,Non-incapacitating,FAILURE TO YIELD RIGHT OF WAY,39.17616,-86.528224
2,7,800.0,3+ Cars,No injury/unknown,OTHER (DRIVER) - EXPLAIN IN NARRATIVE,39.176144,-86.523504
9,6,0.0,2-Car,No injury/unknown,UNSAFE BACKING,39.17609371,-86.534736
1,1,400.0,2-Car,No injury/unknown,ALCOHOLIC BEVERAGES,39.17605486,-86.53089502
6,7,900.0,2-Car,No injury/unknown,,39.17605029,-86.53850971
10,7,1000.0,2-Car,No injury/unknown,FAILURE TO YIELD RIGHT OF WAY,39.176,-86.530896
11,3,1500.0,2-Car,No injury/unknown,FOLLOWING TOO CLOSELY,39.17599001,-86.56318363
7,3,300.0,1-Car,No injury/unknown,,39.175984,-86.534736
9,3,1300.0,2-Car,No injury/unknown,UNSAFE BACKING,39.175984,-86.534736
11,5,1000.0,2-Car,No injury/unknown,IMPROPER PASSING,39.175984,-86.534736
11,3,1700.0,2-Car,Non-incapacitating,UNSAFE BACKING,39.175984,-86.534736
3,6,1700.0,2-Car,No injury/unknown,FAILURE TO YIELD RIGHT OF WAY,39.175952,-86.53344
4,7,1300.0,2-Car,No injury/unknown,IMPROPER TURNING,39.175952,-86.53344
7,1,1900.0,2-Car,No injury/unknown,FAILURE TO YIELD RIGHT OF WAY,39.175952,-86.53344
7,7,1600.0,2-Car,No injury/unknown,UNSAFE BACKING,39.175952,-86.53344
9,7,1500.0,2-Car,No injury/unknown,UNSAFE SPEED,39.175952,-86.53344
9,2,1600.0,Cyclist,Non-incapacitating,FAILURE TO YIELD RIGHT OF WAY,39.175952,-86.53344
10,2,2000.0,2-Car,No injury/unknown,FOLLOWING TOO CLOSELY,39.175952,-86.53344
11,3,1400.0,2-Car,No injury/unknown,IMPROPER TURNING,39.175952,-86.53344
12,4,600.0,2-Car,No injury/unknown,IMPROPER PASSING,39.175952,-86.53344
4,1,1200.0,1-Car,No injury/unknown,FAILURE TO YIELD RIGHT OF WAY,39.175948,-86.518937
6,5,1500.0,2-Car,Non-incapacitating,FOLLOWING TOO CLOSELY,39.17589768,-86.56331423
9,6,1600.0,1-Car,No injury/unknown,RAN OFF ROAD RIGHT,39.17589768,-86.56331423
11,4,1300.0,2-Car,No injury/unknown,FAILURE TO YIELD RIGHT OF WAY,39.17585822,-86.53229123
1,5,1700.0,2-Car,Non-incapacitating,SPEED TOO FAST FOR WEATHER CONDITIONS,39.17562068,-86.56370604
2,5,700.0,2-Car,No injury/unknown,FOLLOWING TOO CLOSELY,39.17562068,-86.56370604
3,7,800.0,2-Car,No injury/unknown,ROADWAY SURFACE CONDITION,39.17562068,-86.56370604
3,4,200.0,2-Car,No injury/unknown,OTHER (DRIVER) - EXPLAIN IN NARRATIVE,39.175595,-86.48449775
11,2,2200.0,1-Car,No injury/unknown,SPEED TOO FAST FOR WEATHER CONDITIONS,39.175552,-86.528192
11,2,0.0,1-Car,No injury/unknown,SPEED TOO FAST FOR WEATHER CONDITIONS,39.175552,-86.528192
2,7,1400.0,2-Car,No injury/unknown,FAILURE TO YIELD RIGHT OF WAY,39.175504,-86.527104
2,2,1400.0,2-Car,No injury/unknown,FAILURE TO YIELD RIGHT OF WAY,39.175504,-86.527104
4,5,1600.0,2-Car,No injury/unknown,FAILURE TO YIELD RIGHT OF WAY,39.175504,-86.527104
5,5,1500.0,2-Car,No injury/unknown,FAILURE TO YIELD RIGHT OF WAY,39.175504,-86.527104
8,7,2000.0,2-Car,No injury/unknown,DISREGARD SIGNAL/REG SIGN,39.175504,-86.527104
8,6,2100.0,2-Car,No injury/unknown,FAILURE TO YIELD RIGHT OF WAY,39.175504,-86.527104
9,3,1400.0,2-Car,No injury/unknown,FAILURE TO YIELD RIGHT OF WAY,39.175504,-86.527104
9,7,1500.0,2-Car,No injury/unknown,FAILURE TO YIELD RIGHT OF WAY,39.175504,-86.527104
9,7,1400.0,2-Car,No injury/unknown,FAILURE TO YIELD RIGHT OF WAY,39.175504,-86.527104
10,2,1400.0,Bus,No injury/unknown,FAILURE TO YIELD RIGHT OF WAY,39.175504,-86.527104
10,3,1700.0,2-Car,Non-incapacitating,FAILURE TO YIELD RIGHT OF WAY,39.175504,-86.527104
11,2,1700.0,3+ Cars,Non-incapacitating,FAILURE TO YIELD RIGHT OF WAY,39.175504,-86.527104
11,1,2000.0,2-Car,Non-incapacitating,FAILURE TO YIELD RIGHT OF WAY,39.175504,-86.527104
7,7,2300.0,2-Car,No injury/unknown,RAN OFF ROAD RIGHT,39.17544,-86.556512
12,1,900.0,2-Car,No injury/unknown,RAN OFF ROAD RIGHT,39.17544,-86.556512
2,2,1800.0,1-Car,No injury/unknown,OTHER (DRIVER) - EXPLAIN IN NARRATIVE,39.1753,-86.495499
1,4,2100.0,3+ Cars,Non-incapacitating,FAILURE TO YIELD RIGHT OF WAY,39.175232,-86.520976
2,1,1200.0,2-Car,No injury/unknown,FAILURE TO YIELD RIGHT OF WAY,39.175232,-86.520976
2,3,1400.0,2-Car,No injury/unknown,FAILURE TO YIELD RIGHT OF WAY,39.175232,-86.520976
3,5,1500.0,2-Car,No injury/unknown,DISREGARD SIGNAL/REG SIGN,39.175232,-86.520976
4,4,1000.0,2-Car,Non-incapacitating,FAILURE TO YIELD RIGHT OF WAY,39.175232,-86.520976
8,3,1700.0,2-Car,No injury/unknown,IMPROPER TURNING,39.175232,-86.520976
10,2,700.0,2-Car,Non-incapacitating,HEADLIGHT DEFECTIVE OR NOT ON,39.175232,-86.520976
11,3,800.0,2-Car,No injury/unknown,FAILURE TO YIELD RIGHT OF WAY,39.175232,-86.520976
12,5,1500.0,2-Car,No injury/unknown,FAILURE TO YIELD RIGHT OF WAY,39.175232,-86.520976
9,4,1100.0,2-Car,Non-incapacitating,FAILURE TO YIELD RIGHT OF WAY,39.17520359,-86.52027121
1,7,1500.0,2-Car,No injury/unknown,ROADWAY SURFACE CONDITION,39.17515901,-86.56435905
1,3,1800.0,Pedestrian,Non-incapacitating,UNSAFE SPEED,39.175152,-86.518992
4,3,1400.0,2-Car,No injury/unknown,UNSAFE BACKING,39.175152,-86.548048
8,4,1700.0,2-Car,No injury/unknown,UNSAFE BACKING,39.175152,-86.518992
9,6,1700.0,2-Car,No injury/unknown,OTHER (DRIVER) - EXPLAIN IN NARRATIVE,39.175152,-86.518992
10,4,1600.0,2-Car,No injury/unknown,UNSAFE BACKING,39.175152,-86.518992
11,3,2200.0,2-Car,No injury/unknown,UNSAFE BACKING,39.175152,-86.518992
11,6,1700.0,2-Car,No injury/unknown,UNSAFE BACKING,39.175152,-86.518992
12,2,1800.0,2-Car,No injury/unknown,UNSAFE BACKING,39.175152,-86.518992
2,3,1300.0,1-Car,No injury/unknown,RAN OFF ROAD RIGHT,39.175103,-86.518995
3,2,1600.0,2-Car,No injury/unknown,UNSAFE BACKING,39.175103,-86.518995
7,2,1700.0,2-Car,No injury/unknown,UNSAFE BACKING,39.17504,-86.556496
11,3,1000.0,2-Car,No injury/unknown,OTHER (DRIVER) - EXPLAIN IN NARRATIVE,39.17504,-86.547104
10,4,1600.0,2-Car,No injury/unknown,LEFT OF CENTER,39.17498,-86.55652269
10,2,1900.0,2-Car,No injury/unknown,FAILURE TO YIELD RIGHT OF WAY,39.17476808,-86.51466999
11,3,1800.0,2-Car,No injury/unknown,FOLLOWING TOO CLOSELY,39.17476808,-86.51466999
1,6,1500.0,2-Car,No injury/unknown,UNSAFE BACKING,39.174611,-86.482888
10,1,1400.0,2-Car,No injury/unknown,LEFT OF CENTER,39.174448,-86.529696
1,4,1800.0,2-Car,No injury/unknown,OTHER (DRIVER) - EXPLAIN IN NARRATIVE,39.174416,-86.530992
5,6,1300.0,2-Car,Non-incapacitating,FAILURE TO YIELD RIGHT OF WAY,39.174404,-86.526999
4,6,1300.0,2-Car,Non-incapacitating,IMPROPER TURNING,39.174403,-86.533599
3,3,900.0,2-Car,No injury/unknown,DISREGARD SIGNAL/REG SIGN,39.174368,-86.527088
5,4,1400.0,2-Car,No injury/unknown,FAILURE TO YIELD RIGHT OF WAY,39.174368,-86.527088
9,7,1900.0,2-Car,No injury/unknown,FAILURE TO YIELD RIGHT OF WAY,39.174368,-86.527088
9,1,100.0,2-Car,No injury/unknown,UNSAFE BACKING,39.174368,-86.5324
12,2,1200.0,2-Car,No injury/unknown,FAILURE TO YIELD RIGHT OF WAY,39.174368,-86.527088
5,1,1900.0,Cyclist,Non-incapacitating,PEDESTRIAN ACTION,39.17435201,-86.54870572
1,2,900.0,2-Car,No injury/unknown,FAILURE TO YIELD RIGHT OF WAY,39.174352,-86.547104
4,1,1800.0,2-Car,Non-incapacitating,FAILURE TO YIELD RIGHT OF WAY,39.174352,-86.552592
1,6,700.0,1-Car,No injury/unknown,SPEED TOO FAST FOR WEATHER CONDITIONS,39.174272,-86.523664
10,3,200.0,2-Car,No injury/unknown,UNSAFE SPEED,39.17416,-86.54107
1,6,800.0,Pedestrian,Non-incapacitating,VIEW OBSTRUCTED,39.174048,-86.518896
2,6,1300.0,2-Car,No injury/unknown,FAILURE TO YIELD RIGHT OF WAY,39.174048,-86.518896
4,3,1700.0,Moped/Motorcycle,Non-incapacitating,ANIMAL/OBJECT IN ROADWAY,39.174048,-86.518896
9,7,2100.0,2-Car,No injury/unknown,DRIVER DISTRACTED - EXPLAIN IN NARRATIVE,39.174048,-86.518896
9,3,1500.0,Cyclist,No injury/unknown,FAILURE TO YIELD RIGHT OF WAY,39.174048,-86.518896
12,2,1000.0,2-Car,No injury/unknown,OTHER (DRIVER) - EXPLAIN IN NARRATIVE,39.1739697,-86.51837636
2,4,1500.0,Pedestrian,Non-incapacitating,PEDESTRIAN ACTION,39.17366877,-86.51635729
11,3,2100.0,Pedestrian,Incapacitating,PEDESTRIAN ACTION,39.17359,-86.51666554
11,7,1800.0,2-Car,Non-incapacitating,FAILURE TO YIELD RIGHT OF WAY,39.17358351,-86.48214089
9,6,1400.0,2-Car,No injury/unknown,OTHER (DRIVER) - EXPLAIN IN NARRATIVE,39.17357257,-86.52706057
9,3,1700.0,2-Car,No injury/unknown,OTHER (DRIVER) - EXPLAIN IN NARRATIVE,39.173568,-86.515375
11,4,0.0,3+ Cars,No injury/unknown,UNSAFE BACKING,39.173568,-86.515375
1,6,400.0,1-Car,No injury/unknown,ALCOHOLIC BEVERAGES,39.173552,-86.515488
4,3,900.0,2-Car,No injury/unknown,FOLLOWING TOO CLOSELY,39.173552,-86.515488
4,7,1800.0,2-Car,No injury/unknown,IMPROPER TURNING,39.173552,-86.515488
11,7,1400.0,Cyclist,Non-incapacitating,OTHER (DRIVER) - EXPLAIN IN NARRATIVE,39.173552,-86.515488
12,1,1500.0,2-Car,No injury/unknown,DISREGARD SIGNAL/REG SIGN,39.173552,-86.515488
5,5,1700.0,2-Car,No injury/unknown,UNSAFE BACKING,39.17348545,-86.51523755
1,3,900.0,1-Car,No injury/unknown,BRAKE FAILURE OR DEFECTIVE,39.17344,-86.5296098
1,5,1400.0,2-Car,No injury/unknown,UNSAFE BACKING,39.17344,-86.520944
2,2,1700.0,2-Car,No injury/unknown,FAILURE TO YIELD RIGHT OF WAY,39.17344,-86.520944
4,2,800.0,2-Car,Non-incapacitating,DISREGARD SIGNAL/REG SIGN,39.17344,-86.523616
4,4,1200.0,2-Car,No injury/unknown,FAILURE TO YIELD RIGHT OF WAY,39.17344,-86.520944
4,4,1400.0,2-Car,No injury/unknown,ROADWAY SURFACE CONDITION,39.17344,-86.520944
9,7,1600.0,1-Car,Non-incapacitating,WRONG WAY ON ONE WAY,39.17344,-86.530992
10,6,1800.0,2-Car,No injury/unknown,FAILURE TO YIELD RIGHT OF WAY,39.17344,-86.527056
11,2,1900.0,3+ Cars,No injury/unknown,FAILURE TO YIELD RIGHT OF WAY,39.17344,-86.523616
11,3,1900.0,2-Car,No injury/unknown,UNSAFE BACKING,39.173418,-86.522042
9,1,1900.0,2-Car,No injury/unknown,IMPROPER LANE USAGE,39.173408,-86.542
4,5,1400.0,2-Car,No injury/unknown,UNSAFE BACKING,39.17336436,-86.547104
3,1,200.0,1-Car,No injury/unknown,OTHER (DRIVER) - EXPLAIN IN NARRATIVE,39.173344,-86.549792
6,5,1200.0,2-Car,No injury/unknown,IMPROPER PASSING,39.173344,-86.552592
8,1,2200.0,1-Car,No injury/unknown,ANIMAL/OBJECT IN ROADWAY,39.173344,-86.552592
8,2,900.0,Pedestrian,Non-incapacitating,OTHER (DRIVER) - EXPLAIN IN NARRATIVE,39.173344,-86.548192
11,1,900.0,3+ Cars,No injury/unknown,DRIVER ILLNESS,39.173344,-86.552592
11,2,700.0,2-Car,No injury/unknown,FAILURE TO YIELD RIGHT OF WAY,39.17327,-86.54379
1,7,0.0,2-Car,Non-incapacitating,DISREGARD SIGNAL/REG SIGN,39.173248,-86.533488
12,5,1200.0,2-Car,No injury/unknown,FAILURE TO YIELD RIGHT OF WAY,39.173248,-86.533488
6,4,1800.0,2-Car,No injury/unknown,FAILURE TO YIELD RIGHT OF WAY,39.173232,-86.534752
7,6,1500.0,2-Car,No injury/unknown,FOLLOWING TOO CLOSELY,39.173232,-86.534752
9,7,200.0,3+ Cars,Non-incapacitating,DRIVER ASLEEP OR FATIGUED,39.173232,-86.534752
8,6,1100.0,1-Car,No injury/unknown,OTHER (VEHICLE) - EXPLAIN IN NARRATIVE,39.173216,-86.536
10,6,1600.0,2-Car,No injury/unknown,INSECURE/LEAKY LOAD,39.173216,-86.536
3,6,1800.0,2-Car,No injury/unknown,UNSAFE BACKING,39.17319967,-86.53691429
1,2,1400.0,Pedestrian,Non-incapacitating,,39.173184,-86.538528
2,5,1300.0,2-Car,No injury/unknown,FAILURE TO YIELD RIGHT OF WAY,39.173184,-86.538528
6,5,1500.0,2-Car,No injury/unknown,DRIVER DISTRACTED - EXPLAIN IN NARRATIVE,39.173184,-86.538528
7,3,2100.0,2-Car,Non-incapacitating,FAILURE TO YIELD RIGHT OF WAY,39.173184,-86.538528
10,3,1000.0,2-Car,No injury/unknown,SPEED TOO FAST FOR WEATHER CONDITIONS,39.173184,-86.538528
11,6,1400.0,2-Car,No injury/unknown,FAILURE TO YIELD RIGHT OF WAY,39.173184,-86.538528
12,4,2200.0,2-Car,Non-incapacitating,FOLLOWING TOO CLOSELY,39.173184,-86.538528
8,5,1700.0,Moped/Motorcycle,Non-incapacitating,OTHER (DRIVER) - EXPLAIN IN NARRATIVE,39.173152,-86.5408
6,1,200.0,1-Car,No injury/unknown,UNSAFE SPEED,39.17312913,-86.48211964
2,1,2000.0,2-Car,No injury/unknown,RAN OFF ROAD RIGHT,39.173082,-86.513769
4,2,1700.0,Cyclist,Non-incapacitating,OTHER (DRIVER) - EXPLAIN IN NARRATIVE,39.173082,-86.513769
11,6,1200.0,2-Car,No injury/unknown,OTHER (VEHICLE) - EXPLAIN IN NARRATIVE,39.172986,-86.513406
7,2,1800.0,2-Car,No injury/unknown,UNSAFE BACKING,39.17297448,-86.51331469
10,3,1700.0,2-Car,No injury/unknown,FAILURE TO YIELD RIGHT OF WAY,39.17297448,-86.51331469
9,4,1400.0,2-Car,No injury/unknown,UNSAFE BACKING,39.17297448,-86.51331469
11,2,2300.0,2-Car,No injury/unknown,RAN OFF ROAD RIGHT,39.17294134,-86.536
4,1,1500.0,2-Car,No injury/unknown,UNSAFE BACKING,39.17288963,-86.512399
7,6,1500.0,2-Car,Non-incapacitating,FOLLOWING TOO CLOSELY,39.17285105,-86.56762445
2,7,700.0,1-Car,No injury/unknown,IMPROPER TURNING,39.172794,-86.518899
2,3,2000.0,2-Car,No injury/unknown,OTHER (DRIVER) - EXPLAIN IN NARRATIVE,39.172794,-86.518899
3,2,1400.0,3+ Cars,No injury/unknown,OTHER (DRIVER) - EXPLAIN IN NARRATIVE,39.172794,-86.518899
9,6,700.0,2-Car,No injury/unknown,FAILURE TO YIELD RIGHT OF WAY,39.172752,-86.482288
11,1,400.0,1-Car,No injury/unknown,OTHER (DRIVER) - EXPLAIN IN NARRATIVE,39.172752,-86.482288
4,4,1500.0,2-Car,No injury/unknown,FAILURE TO YIELD RIGHT OF WAY,39.17264,-86.52704
4,6,100.0,2-Car,No injury/unknown,OTHER (DRIVER) - EXPLAIN IN NARRATIVE,39.17264,-86.5324
5,1,1400.0,2-Car,No injury/unknown,OTHER (DRIVER) - EXPLAIN IN NARRATIVE,39.17264,-86.533504
11,6,2000.0,2-Car,No injury/unknown,IMPROPER LANE USAGE,39.17264,-86.475872
5,5,0.0,2-Car,No injury/unknown,OTHER (DRIVER) - EXPLAIN IN NARRATIVE,39.1726,-86.529723
10,3,1800.0,2-Car,No injury/unknown,OTHER (DRIVER) - EXPLAIN IN NARRATIVE,39.17256794,-86.53475914
3,2,1200.0,2-Car,No injury/unknown,UNSAFE BACKING,39.17243062,-86.53476062
11,2,1400.0,2-Car,No injury/unknown,UNSAFE BACKING,39.172342,-86.509659
8,5,1200.0,2-Car,No injury/unknown,UNSAFE BACKING,39.172308,-86.486799
5,3,800.0,2-Car,No injury/unknown,UNSAFE SPEED,39.17223566,-86.51564596
2,3,1200.0,1-Car,Non-incapacitating,ROADWAY SURFACE CONDITION,39.17217296,-86.48378813
4,5,1800.0,2-Car,No injury/unknown,UNSAFE BACKING,39.172144,-86.509392
8,5,1900.0,2-Car,No injury/unknown,IMPROPER TURNING,39.172144,-86.509392
8,4,700.0,2-Car,No injury/unknown,UNSAFE BACKING,39.172144,-86.509392
10,4,2000.0,2-Car,No injury/unknown,OTHER (DRIVER) - EXPLAIN IN NARRATIVE,39.172144,-86.509392
7,2,1000.0,1-Car,No injury/unknown,OTHER (DRIVER) - EXPLAIN IN NARRATIVE,39.172079,-86.582999
6,6,1100.0,1-Car,No injury/unknown,UNSAFE BACKING,39.172026,-86.481733
6,3,1300.0,2-Car,No injury/unknown,FOLLOWING TOO CLOSELY,39.17200211,-86.575999
11,2,1400.0,2-Car,Non-incapacitating,FOLLOWING TOO CLOSELY,39.17196,-86.58298
8,4,1800.0,2-Car,No injury/unknown,IMPROPER TURNING,39.171903,-86.570539
1,5,1500.0,2-Car,No injury/unknown,UNSAFE BACKING,39.1719,-86.587699
9,4,600.0,Cyclist,Non-incapacitating,FAILURE TO YIELD RIGHT OF WAY,39.17188133,-86.536
6,2,900.0,1-Car,No injury/unknown,OTHER (DRIVER) - EXPLAIN IN NARRATIVE,39.17184,-86.487488
1,7,300.0,2-Car,No injury/unknown,DISREGARD SIGNAL/REG SIGN,39.171744,-86.53352
1,7,1200.0,2-Car,Non-incapacitating,DISREGARD SIGNAL/REG SIGN,39.171744,-86.534768
4,6,800.0,2-Car,Non-incapacitating,IMPROPER TURNING,39.171744,-86.534768
4,6,1000.0,2-Car,No injury/unknown,FAILURE TO YIELD RIGHT OF WAY,39.171744,-86.534768
4,7,2200.0,2-Car,No injury/unknown,OTHER (DRIVER) - EXPLAIN IN NARRATIVE,39.171744,-86.534768
5,2,1600.0,2-Car,No injury/unknown,OTHER (DRIVER) - EXPLAIN IN NARRATIVE,39.171744,-86.53352
5,2,700.0,2-Car,Non-incapacitating,IMPROPER TURNING,39.171744,-86.534768
6,5,1000.0,2-Car,No injury/unknown,FAILURE TO YIELD RIGHT OF WAY,39.171744,-86.534768
7,4,1600.0,2-Car,No injury/unknown,FAILURE TO YIELD RIGHT OF WAY,39.171744,-86.534768
7,7,1000.0,2-Car,No injury/unknown,DISREGARD SIGNAL/REG SIGN,39.171744,-86.53352
8,6,1600.0,2-Car,No injury/unknown,FOLLOWING TOO CLOSELY,39.171744,-86.53352
8,4,1100.0,2-Car,No injury/unknown,IMPROPER LANE USAGE,39.171744,-86.534768
8,2,2100.0,2-Car,No injury/unknown,IMPROPER TURNING,39.171744,-86.534768
8,3,1300.0,2-Car,No injury/unknown,IMPROPER TURNING,39.171744,-86.534768
8,7,100.0,2-Car,Non-incapacitating,DISREGARD SIGNAL/REG SIGN,39.171744,-86.53352
10,5,1800.0,2-Car,No injury/unknown,FAILURE TO YIELD RIGHT OF WAY,39.171744,-86.534768
10,7,1200.0,2-Car,No injury/unknown,IMPROPER LANE USAGE,39.171744,-86.534768
11,2,0.0,2-Car,No injury/unknown,ALCOHOLIC BEVERAGES,39.171744,-86.53352
2,3,1700.0,2-Car,Non-incapacitating,ROADWAY SURFACE CONDITION,39.171728,-86.5324
4,2,900.0,2-Car,Incapacitating,CELL PHONE USAGE,39.171728,-86.5324
4,2,1700.0,2-Car,Non-incapacitating,FAILURE TO YIELD RIGHT OF WAY,39.171728,-86.5324
5,4,1100.0,2-Car,No injury/unknown,FAILURE TO YIELD RIGHT OF WAY,39.171728,-86.5324
8,3,1600.0,1-Car,No injury/unknown,OTHER (DRIVER) - EXPLAIN IN NARRATIVE,39.171728,-86.5324
10,5,1200.0,2-Car,No injury/unknown,FAILURE TO YIELD RIGHT OF WAY,39.171728,-86.5324
5,4,2200.0,2-Car,No injury/unknown,IMPROPER LANE USAGE,39.171712,-86.530992
9,3,1400.0,2-Car,Non-incapacitating,FAILURE TO YIELD RIGHT OF WAY,39.171712,-86.530992
10,5,0.0,2-Car,No injury/unknown,WRONG WAY ON ONE WAY,39.171712,-86.530992
10,1,200.0,3+ Cars,No injury/unknown,ALCOHOLIC BEVERAGES,39.171712,-86.530992
11,6,2100.0,2-Car,No injury/unknown,FAILURE TO YIELD RIGHT OF WAY,39.171712,-86.530992
12,4,300.0,2-Car,Non-incapacitating,DISREGARD SIGNAL/REG SIGN,39.171712,-86.530992
7,6,1000.0,1-Car,No injury/unknown,OTHER (DRIVER) - EXPLAIN IN NARRATIVE,39.171702,-86.520999
8,4,900.0,2-Car,No injury/unknown,OTHER (DRIVER) - EXPLAIN IN NARRATIVE,39.171702,-86.520999
2,3,1700.0,2-Car,No injury/unknown,SPEED TOO FAST FOR WEATHER CONDITIONS,39.171696,-86.529696
5,4,1200.0,2-Car,No injury/unknown,FOLLOWING TOO CLOSELY,39.171696,-86.528896
8,5,1000.0,2-Car,No injury/unknown,OTHER (DRIVER) - EXPLAIN IN NARRATIVE,39.171696,-86.528896
9,1,1100.0,2-Car,No injury/unknown,FAILURE TO YIELD RIGHT OF WAY,39.171696,-86.529696
9,2,2000.0,2-Car,No injury/unknown,FAILURE TO YIELD RIGHT OF WAY,39.171696,-86.529696
10,6,1700.0,2-Car,No injury/unknown,FAILURE TO YIELD RIGHT OF WAY,39.171696,-86.529696
10,7,1600.0,2-Car,No injury/unknown,FAILURE TO YIELD RIGHT OF WAY,39.171696,-86.529696
12,7,1700.0,2-Car,No injury/unknown,UNSAFE SPEED,39.171696,-86.529696
1,5,1500.0,2-Car,No injury/unknown,FOLLOWING TOO CLOSELY,39.17168,-86.52772673
1,6,2300.0,2-Car,Non-incapacitating,FAILURE TO YIELD RIGHT OF WAY,39.17168,-86.528256
2,5,1900.0,2-Car,No injury/unknown,DISREGARD SIGNAL/REG SIGN,39.17168,-86.527024
3,6,1600.0,2-Car,No injury/unknown,FAILURE TO YIELD RIGHT OF WAY,39.17168,-86.528256
5,2,1300.0,2-Car,Non-incapacitating,FOLLOWING TOO CLOSELY,39.17168,-86.528256
6,4,800.0,2-Car,No injury/unknown,UNSAFE BACKING,39.17168,-86.52802971
6,3,1300.0,2-Car,No injury/unknown,FOLLOWING TOO CLOSELY,39.17168,-86.527024
8,4,900.0,2-Car,Non-incapacitating,FOLLOWING TOO CLOSELY,39.17168,-86.527024
9,7,2100.0,Cyclist,Non-incapacitating,FAILURE TO YIELD RIGHT OF WAY,39.17168,-86.527024
9,1,200.0,2-Car,Non-incapacitating,FAILURE TO YIELD RIGHT OF WAY,39.17168,-86.527024
10,7,1500.0,3+ Cars,No injury/unknown,FOLLOWING TOO CLOSELY,39.17168,-86.527024
10,2,2000.0,2-Car,No injury/unknown,ALCOHOLIC BEVERAGES,39.17168,-86.52802971
11,7,100.0,2-Car,No injury/unknown,FAILURE TO YIELD RIGHT OF WAY,39.17168,-86.527024
11,5,900.0,2-Car,Incapacitating,OTHER (DRIVER) - EXPLAIN IN NARRATIVE,39.17168,-86.527024
8,6,1500.0,2-Car,No injury/unknown,FOLLOWING TOO CLOSELY,39.171664,-86.52576
9,3,1400.0,Pedestrian,No injury/unknown,FAILURE TO YIELD RIGHT OF WAY,39.171664,-86.52576
11,1,1400.0,3+ Cars,No injury/unknown,OTHER (DRIVER) - EXPLAIN IN NARRATIVE,39.171664,-86.52576
12,3,1900.0,2-Car,No injury/unknown,FOLLOWING TOO CLOSELY,39.171664,-86.52576
12,6,1600.0,2-Car,No injury/unknown,FAILURE TO YIELD RIGHT OF WAY,39.171664,-86.52576
8,7,1000.0,2-Car,No injury/unknown,OTHER (DRIVER) - EXPLAIN IN NARRATIVE,39.17166,-86.526957
9,6,2200.0,2-Car,No injury/unknown,FOLLOWING TOO CLOSELY,39.17164802,-86.50550019
1,4,1900.0,2-Car,No injury/unknown,OTHER (DRIVER) - EXPLAIN IN NARRATIVE,39.171648,-86.50298873
2,1,1100.0,2-Car,Non-incapacitating,FOLLOWING TOO CLOSELY,39.171648,-86.524608
2,6,800.0,1-Car,No injury/unknown,OTHER (ENVIRONMENTAL) - EXPLAIN IN NARR,39.171648,-86.507088
5,6,1700.0,2-Car,No injury/unknown,FAILURE TO YIELD RIGHT OF WAY,39.171648,-86.507088
6,2,1200.0,2-Car,Non-incapacitating,FAILURE TO YIELD RIGHT OF WAY,39.171648,-86.524608
8,4,1700.0,2-Car,No injury/unknown,FOLLOWING TOO CLOSELY,39.171648,-86.524608
10,1,0.0,Moped/Motorcycle,No injury/unknown,UNSAFE BACKING,39.171648,-86.50358996
10,2,2200.0,1-Car,No injury/unknown,SPEED TOO FAST FOR WEATHER CONDITIONS,39.171648,-86.507088
11,6,300.0,1-Car,No injury/unknown,OTHER (DRIVER) - EXPLAIN IN NARRATIVE,39.171648,-86.507088
11,1,1200.0,1-Car,Non-incapacitating,OVERCORRECTING/OVERSTEERING,39.171648,-86.507088
11,7,1600.0,2-Car,No injury/unknown,FAILURE TO YIELD RIGHT OF WAY,39.171648,-86.502096
1,7,0.0,1-Car,No injury/unknown,ROADWAY SURFACE CONDITION,39.17163747,-86.52390243
1,1,2300.0,Cyclist,Non-incapacitating,PEDESTRIAN ACTION,39.171632,-86.52353600000001
1,3,1400.0,2-Car,No injury/unknown,FAILURE TO YIELD RIGHT OF WAY,39.171632,-86.52353600000001
2,5,1400.0,2-Car,No injury/unknown,SPEED TOO FAST FOR WEATHER CONDITIONS,39.171632,-86.52353600000001
2,2,1300.0,2-Car,No injury/unknown,FAILURE TO YIELD RIGHT OF WAY,39.171632,-86.52353600000001
3,7,1900.0,2-Car,No injury/unknown,FAILURE TO YIELD RIGHT OF WAY,39.171632,-86.52353600000001
10,2,1900.0,2-Car,No injury/unknown,FAILURE TO YIELD RIGHT OF WAY,39.171632,-86.52353600000001
10,3,1200.0,2-Car,Non-incapacitating,FOLLOWING TOO CLOSELY,39.17163,-86.52238
10,2,1700.0,3+ Cars,No injury/unknown,FOLLOWING TOO CLOSELY,39.17163,-86.52238
10,6,1600.0,2-Car,No injury/unknown,FOLLOWING TOO CLOSELY,39.17163,-86.52238433
11,1,1100.0,3+ Cars,No injury/unknown,FOLLOWING TOO CLOSELY,39.17163,-86.52238