Month,Day,Hour,Collision Type,Injury Type,Primary Factor,Latitude,Longitude
11,4,1100.0,2-Car,No injury/unknown,DRIVER DISTRACTED - EXPLAIN IN NARRATIVE,39.17163,-86.52237351
12,7,1800.0,2-Car,No injury/unknown,FAILURE TO YIELD RIGHT OF WAY,39.17163,-86.52238
10,1,1500.0,2-Car,No injury/unknown,IMPROPER PASSING,39.17162703,-86.52318321
12,1,1300.0,2-Car,No injury/unknown,FOLLOWING TOO CLOSELY,39.17162626,-86.50103783
11,2,1900.0,2-Car,No injury/unknown,FOLLOWING TOO CLOSELY,39.171616,-86.5224
9,1,2000.0,2-Car,No injury/unknown,OTHER (DRIVER) - EXPLAIN IN NARRATIVE,39.17161,-86.518435
9,3,1200.0,2-Car,No injury/unknown,FOLLOWING TOO CLOSELY,39.17161,-86.52099
9,5,1000.0,2-Car,No injury/unknown,UNSAFE BACKING,39.171609,-86.518314
10,7,800.0,1-Car,No injury/unknown,UNSAFE BACKING,39.171609,-86.518314
2,6,1100.0,2-Car,No injury/unknown,UNSAFE BACKING,39.171602,-86.52100765
2,4,1600.0,2-Car,No injury/unknown,UNSAFE BACKING,39.1716,-86.518332
2,1,1900.0,3+ Cars,No injury/unknown,DRIVER DISTRACTED - EXPLAIN IN NARRATIVE,39.1716,-86.523499
3,5,1200.0,2-Car,No injury/unknown,UNSAFE BACKING,39.1716,-86.518332
4,3,1800.0,2-Car,No injury/unknown,FOLLOWING TOO CLOSELY,39.1716,-86.520896
4,7,1800.0,3+ Cars,No injury/unknown,ALCOHOLIC BEVERAGES,39.1716,-86.52350765
10,5,1900.0,3+ Cars,No injury/unknown,FOLLOWING TOO CLOSELY,39.1716,-86.520896
10,3,1200.0,2-Car,No injury/unknown,FOLLOWING TOO CLOSELY,39.1716,-86.520896
11,2,1200.0,2-Car,No injury/unknown,UNSAFE SPEED,39.17159,-86.51566
1,3,1800.0,2-Car,No injury/unknown,FOLLOWING TOO CLOSELY,39.171584,-86.518688
4,6,1800.0,2-Car,No injury/unknown,FOLLOWING TOO CLOSELY,39.171584,-86.518688
5,4,1300.0,2-Car,No injury/unknown,OTHER (DRIVER) - EXPLAIN IN NARRATIVE,39.171584,-86.518688
5,7,1700.0,2-Car,No injury/unknown,FOLLOWING TOO CLOSELY,39.171584,-86.518688
6,4,2000.0,2-Car,No injury/unknown,DISREGARD SIGNAL/REG SIGN,39.171584,-86.518688
8,1,2200.0,2-Car,No injury/unknown,ALCOHOLIC BEVERAGES,39.171584,-86.518688
9,5,800.0,2-Car,No injury/unknown,FOLLOWING TOO CLOSELY,39.171584,-86.518688
10,5,2000.0,2-Car,No injury/unknown,FOLLOWING TOO CLOSELY,39.171584,-86.518688
11,4,1900.0,2-Car,No injury/unknown,UNSAFE BACKING,39.171584,-86.518688
11,1,2200.0,2-Car,No injury/unknown,SPEED TOO FAST FOR WEATHER CONDITIONS,39.171584,-86.518688
11,4,1300.0,3+ Cars,Non-incapacitating,UNSAFE SPEED,39.171584,-86.518688
12,1,2000.0,2-Car,No injury/unknown,FAILURE TO YIELD RIGHT OF WAY,39.171584,-86.518688
12,2,1200.0,2-Car,No injury/unknown,UNSAFE SPEED,39.171584,-86.518688
12,1,100.0,2-Car,No injury/unknown,FAILURE TO YIELD RIGHT OF WAY,39.171584,-86.518688
11,3,2100.0,2-Car,No injury/unknown,UNSAFE BACKING,39.17158139,-86.51844637
2,2,1100.0,2-Car,No injury/unknown,OTHER (VEHICLE) - EXPLAIN IN NARRATIVE,39.17157943,-86.51826514
10,3,900.0,Cyclist,Non-incapacitating,OTHER (DRIVER) - EXPLAIN IN NARRATIVE,39.17157828,-86.51815878
10,2,1600.0,2-Car,No injury/unknown,DISREGARD SIGNAL/REG SIGN,39.17157747,-86.51808392
11,5,1300.0,2-Car,No injury/unknown,OTHER (DRIVER) - EXPLAIN IN NARRATIVE,39.17157108,-86.51749207
1,5,1500.0,2-Car,No injury/unknown,FAILURE TO YIELD RIGHT OF WAY,39.17157071,-86.55379641
10,6,900.0,2-Car,No injury/unknown,IMPROPER TURNING,39.17156,-86.510649
4,4,1200.0,2-Car,No injury/unknown,DRIVER DISTRACTED - EXPLAIN IN NARRATIVE,39.17155495,-86.5021645
4,5,1100.0,2-Car,No injury/unknown,UNSAFE SPEED,39.17155495,-86.50216018
6,6,2000.0,2-Car,No injury/unknown,FOLLOWING TOO CLOSELY,39.17155495,-86.50216018
7,4,1800.0,3+ Cars,No injury/unknown,FOLLOWING TOO CLOSELY,39.17155495,-86.50215153
8,4,1100.0,2-Car,No injury/unknown,OTHER (DRIVER) - EXPLAIN IN NARRATIVE,39.17155495,-86.50216018
8,2,1500.0,3+ Cars,No injury/unknown,DRIVER DISTRACTED - EXPLAIN IN NARRATIVE,39.17155495,-86.50216018
8,5,1600.0,2-Car,No injury/unknown,FOLLOWING TOO CLOSELY,39.17155495,-86.50216018
10,1,1500.0,2-Car,No injury/unknown,IMPROPER TURNING,39.17155495,-86.50217315
12,7,2200.0,2-Car,No injury/unknown,FAILURE TO YIELD RIGHT OF WAY,39.17155495,-86.50216018
2,4,1500.0,2-Car,No injury/unknown,IMPROPER TURNING,39.171552,-86.515728
2,3,1100.0,2-Car,No injury/unknown,SPEED TOO FAST FOR WEATHER CONDITIONS,39.171552,-86.515728
2,7,1800.0,2-Car,No injury/unknown,SPEED TOO FAST FOR WEATHER CONDITIONS,39.171552,-86.515728
4,4,1300.0,2-Car,No injury/unknown,FOLLOWING TOO CLOSELY,39.171552,-86.515728
8,1,1800.0,2-Car,No injury/unknown,FOLLOWING TOO CLOSELY,39.171552,-86.515728
10,2,1500.0,2-Car,No injury/unknown,FOLLOWING TOO CLOSELY,39.171552,-86.515728
10,5,1600.0,2-Car,No injury/unknown,FOLLOWING TOO CLOSELY,39.171552,-86.515728
11,7,1900.0,2-Car,No injury/unknown,FOLLOWING TOO CLOSELY,39.171552,-86.515728
12,3,1200.0,2-Car,No injury/unknown,UNSAFE SPEED,39.17155,-86.50945
10,7,2000.0,Bus,No injury/unknown,UNSAFE BACKING,39.171549,-86.499235
10,2,1600.0,2-Car,No injury/unknown,IMPROPER TURNING,39.171546,-86.504172
10,2,1100.0,2-Car,No injury/unknown,OTHER (DRIVER) - EXPLAIN IN NARRATIVE,39.171537,-86.498518
7,5,300.0,1-Car,No injury/unknown,ALCOHOLIC BEVERAGES,39.17151075,-86.52460203
4,2,1800.0,2-Car,Non-incapacitating,FOLLOWING TOO CLOSELY,39.17150838,-86.49260729
9,1,1500.0,3+ Cars,Non-incapacitating,DRIVER DISTRACTED - EXPLAIN IN NARRATIVE,39.171504,-86.49425346
1,1,1100.0,2-Car,No injury/unknown,FAILURE TO YIELD RIGHT OF WAY,39.171504,-86.495312
1,3,200.0,1-Car,No injury/unknown,ANIMAL/OBJECT IN ROADWAY,39.171504,-86.495312
2,2,1700.0,2-Car,No injury/unknown,UNSAFE BACKING,39.171504,-86.49509867
2,1,1800.0,2-Car,No injury/unknown,FOLLOWING TOO CLOSELY,39.171504,-86.495312
2,2,1700.0,2-Car,No injury/unknown,FOLLOWING TOO CLOSELY,39.171504,-86.49495915
2,2,600.0,1-Car,No injury/unknown,ANIMAL/OBJECT IN ROADWAY,39.171504,-86.495312
3,4,1500.0,3+ Cars,No injury/unknown,FAILURE TO YIELD RIGHT OF WAY,39.171504,-86.495312
4,7,900.0,2-Car,No injury/unknown,FAILURE TO YIELD RIGHT OF WAY,39.171504,-86.49495915
6,7,2000.0,2-Car,No injury/unknown,FOLLOWING TOO CLOSELY,39.171504,-86.495312
9,7,1000.0,2-Car,No injury/unknown,FOLLOWING TOO CLOSELY,39.171504,-86.495312
9,1,1800.0,Cyclist,Non-incapacitating,FAILURE TO YIELD RIGHT OF WAY,39.171504,-86.49296
9,1,1700.0,2-Car,Non-incapacitating,FAILURE TO YIELD RIGHT OF WAY,39.171504,-86.49296
9,1,1700.0,2-Car,No injury/unknown,FAILURE TO YIELD RIGHT OF WAY,39.171504,-86.49296
9,3,1500.0,2-Car,No injury/unknown,FAILURE TO YIELD RIGHT OF WAY,39.17149,-86.49538
9,3,1400.0,2-Car,Non-incapacitating,SPEED TOO FAST FOR WEATHER CONDITIONS,39.17149,-86.49538
9,6,1700.0,2-Car,No injury/unknown,OTHER (DRIVER) - EXPLAIN IN NARRATIVE,39.17148364,-86.51043443
11,3,1700.0,2-Car,No injury/unknown,UNSAFE BACKING,39.17148252,-86.51033364
12,6,1800.0,2-Car,No injury/unknown,UNSAFE BACKING,39.17148166,-86.51025546
1,2,2000.0,2-Car,No injury/unknown,FAILURE TO YIELD RIGHT OF WAY,39.171472,-86.509376
2,7,200.0,1-Car,Non-incapacitating,ALCOHOLIC BEVERAGES,39.171472,-86.509376
5,3,1400.0,3+ Cars,No injury/unknown,FAILURE TO YIELD RIGHT OF WAY,39.171472,-86.509376
5,5,1800.0,2-Car,No injury/unknown,DRIVER DISTRACTED - EXPLAIN IN NARRATIVE,39.171472,-86.509376
6,3,900.0,Pedestrian,Non-incapacitating,IMPROPER PASSING,39.171472,-86.509376
6,4,1700.0,2-Car,No injury/unknown,OTHER (DRIVER) - EXPLAIN IN NARRATIVE,39.171472,-86.509376
9,4,1300.0,2-Car,No injury/unknown,OTHER (DRIVER) - EXPLAIN IN NARRATIVE,39.171472,-86.509376
10,6,1200.0,2-Car,Non-incapacitating,FOLLOWING TOO CLOSELY,39.171472,-86.509376
11,4,1700.0,2-Car,No injury/unknown,FOLLOWING TOO CLOSELY,39.171472,-86.509376
5,2,900.0,Moped/Motorcycle,No injury/unknown,INSECURE/LEAKY LOAD,39.17145423,-86.47140384
9,4,1300.0,2-Car,No injury/unknown,UNSAFE SPEED,39.17140541,-86.52701627
10,6,2300.0,2-Car,No injury/unknown,OTHER (DRIVER) - EXPLAIN IN NARRATIVE,39.171386,-86.576241
10,5,1300.0,Cyclist,Non-incapacitating,FAILURE TO YIELD RIGHT OF WAY,39.17137802,-86.49296
7,1,400.0,2-Car,No injury/unknown,UNSAFE BACKING,39.17125212,-86.52574823
1,1,1600.0,2-Car,No injury/unknown,UNSAFE BACKING,39.17119738,-86.50937067
8,6,1500.0,2-Car,No injury/unknown,IMPROPER TURNING,39.17109331,-86.534768
4,4,2100.0,2-Car,No injury/unknown,FAILURE TO YIELD RIGHT OF WAY,39.17106006,-86.509368
9,7,600.0,1-Car,No injury/unknown,RAN OFF ROAD RIGHT,39.17096164,-86.57017416
5,4,1000.0,1-Car,No injury/unknown,UNSAFE BACKING,39.17095575,-86.5245779
10,3,900.0,2-Car,No injury/unknown,TRAFFIC CONTROL INOPERATIVE/MISSING/OBSC,39.17093,-86.574423
5,7,1700.0,2-Car,No injury/unknown,UNSAFE BACKING,39.170902,-86.573901
6,2,1500.0,2-Car,No injury/unknown,UNSAFE BACKING,39.170902,-86.573901
3,5,700.0,2-Car,No injury/unknown,FAILURE TO YIELD RIGHT OF WAY,39.170741,-86.576399
6,2,1400.0,2-Car,No injury/unknown,IMPROPER TURNING,39.170741,-86.576399
5,6,1400.0,2-Car,No injury/unknown,FOLLOWING TOO CLOSELY,39.17072,-86.4956
2,6,1200.0,2-Car,No injury/unknown,FAILURE TO YIELD RIGHT OF WAY,39.17069811,-86.49489488
2,1,1900.0,2-Car,No injury/unknown,UNSAFE BACKING,39.17063804,-86.529696
9,6,1200.0,1-Car,No injury/unknown,UNSAFE BACKING,39.170614,-86.512468
1,7,300.0,1-Car,No injury/unknown,DRIVER DISTRACTED - EXPLAIN IN NARRATIVE,39.17056849,-86.534768
1,5,1700.0,2-Car,No injury/unknown,VIEW OBSTRUCTED,39.170544,-86.534768
1,1,300.0,2-Car,No injury/unknown,OTHER (DRIVER) - EXPLAIN IN NARRATIVE,39.170544,-86.52824
1,1,1700.0,2-Car,No injury/unknown,OTHER (DRIVER) - EXPLAIN IN NARRATIVE,39.170544,-86.530992
1,3,1800.0,2-Car,No injury/unknown,FAILURE TO YIELD RIGHT OF WAY,39.170544,-86.534768
2,4,1200.0,2-Car,No injury/unknown,OTHER (DRIVER) - EXPLAIN IN NARRATIVE,39.170544,-86.534768
2,3,700.0,2-Car,No injury/unknown,FOLLOWING TOO CLOSELY,39.170544,-86.534768
2,1,0.0,3+ Cars,No injury/unknown,LEFT OF CENTER,39.170544,-86.534768
3,4,1700.0,2-Car,Non-incapacitating,DRIVER DISTRACTED - EXPLAIN IN NARRATIVE,39.170544,-86.533536
3,6,1100.0,2-Car,Non-incapacitating,DISREGARD SIGNAL/REG SIGN,39.170544,-86.529696
3,2,1900.0,2-Car,No injury/unknown,FAILURE TO YIELD RIGHT OF WAY,39.170544,-86.529696
4,2,1400.0,2-Car,No injury/unknown,FAILURE TO YIELD RIGHT OF WAY,39.170544,-86.534768
4,3,1200.0,2-Car,No injury/unknown,OTHER (DRIVER) - EXPLAIN IN NARRATIVE,39.170544,-86.529696
4,1,200.0,3+ Cars,No injury/unknown,ALCOHOLIC BEVERAGES,39.170544,-86.5324
5,6,1200.0,2-Car,No injury/unknown,FOLLOWING TOO CLOSELY,39.170544,-86.534768
6,4,1900.0,2-Car,No injury/unknown,FAILURE TO YIELD RIGHT OF WAY,39.170544,-86.529696
6,4,1900.0,2-Car,No injury/unknown,IMPROPER TURNING,39.170544,-86.533536
7,6,1400.0,2-Car,No injury/unknown,IMPROPER TURNING,39.170544,-86.534768
7,7,200.0,2-Car,No injury/unknown,ALCOHOLIC BEVERAGES,39.170544,-86.534768
8,4,2200.0,2-Car,No injury/unknown,IMPROPER TURNING,39.170544,-86.534768
10,2,1700.0,2-Car,No injury/unknown,FAILURE TO YIELD RIGHT OF WAY,39.170544,-86.529696
11,1,1000.0,2-Car,No injury/unknown,FAILURE TO YIELD RIGHT OF WAY,39.170544,-86.534768
12,7,1300.0,2-Car,No injury/unknown,FAILURE TO YIELD RIGHT OF WAY,39.170544,-86.530992
11,7,1900.0,2-Car,No injury/unknown,FAILURE TO YIELD RIGHT OF WAY,39.17053027,-86.53476822
3,1,900.0,2-Car,No injury/unknown,DISREGARD SIGNAL/REG SIGN,39.170503,-86.533599
9,5,1500.0,2-Car,No injury/unknown,SPEED TOO FAST FOR WEATHER CONDITIONS,39.17048,-86.59237
9,6,1700.0,1-Car,No injury/unknown,SPEED TOO FAST FOR WEATHER CONDITIONS,39.17048,-86.59237
7,3,1400.0,2-Car,No injury/unknown,UNSAFE BACKING,39.17043,-86.491354
2,2,1600.0,1-Car,No injury/unknown,BRAKE FAILURE OR DEFECTIVE,39.170415,-86.524601
4,1,2000.0,2-Car,No injury/unknown,OTHER (DRIVER) - EXPLAIN IN NARRATIVE,39.17040668,-86.53477022
8,5,1700.0,2-Car,No injury/unknown,DRIVER DISTRACTED - EXPLAIN IN NARRATIVE,39.170403,-86.5246
9,4,1200.0,2-Car,Non-incapacitating,OTHER (DRIVER) - EXPLAIN IN NARRATIVE,39.17036798,-86.50145599
8,7,100.0,2-Car,No injury/unknown,UNSAFE BACKING,39.17026937,-86.53354043
2,3,700.0,1-Car,Non-incapacitating,RAN OFF ROAD RIGHT,39.17024,-86.501392
2,1,1200.0,3+ Cars,Non-incapacitating,FOLLOWING TOO CLOSELY,39.17024,-86.501392
10,5,1600.0,2-Car,No injury/unknown,FAILURE TO YIELD RIGHT OF WAY,39.17024,-86.501392
10,6,1900.0,2-Car,No injury/unknown,FOLLOWING TOO CLOSELY,39.17024,-86.501392
12,4,100.0,2-Car,No injury/unknown,OTHER (DRIVER) - EXPLAIN IN NARRATIVE,39.17024,-86.501392
3,7,1400.0,2-Car,No injury/unknown,UNSAFE BACKING,39.170203,-86.572699
5,4,1100.0,2-Car,No injury/unknown,UNSAFE BACKING,39.170203,-86.572699
6,5,600.0,1-Car,No injury/unknown,RAN OFF ROAD RIGHT,39.170203,-86.572699
7,4,1300.0,2-Car,No injury/unknown,FOLLOWING TOO CLOSELY,39.170203,-86.572699
2,6,1900.0,2-Car,No injury/unknown,FOLLOWING TOO CLOSELY,39.17017866,-86.50147033
9,7,1600.0,Bus,No injury/unknown,IMPROPER LANE USAGE,39.17017866,-86.50147033
11,2,1800.0,2-Car,Non-incapacitating,UNSAFE SPEED,39.17017866,-86.50147033
1,1,400.0,1-Car,No injury/unknown,ALCOHOLIC BEVERAGES,39.17013209,-86.5158848
9,7,1500.0,2-Car,No injury/unknown,IMPROPER LANE USAGE,39.17013205,-86.53477464
6,6,1400.0,2-Car,No injury/unknown,FAILURE TO YIELD RIGHT OF WAY,39.17013035,-86.497899
11,5,1600.0,2-Car,No injury/unknown,FAILURE TO YIELD RIGHT OF WAY,39.17011725,-86.59911
6,1,0.0,1-Car,Incapacitating,ALCOHOLIC BEVERAGES,39.17011466,-86.549696
12,6,1300.0,2-Car,No injury/unknown,UNSAFE BACKING,39.170074,-86.576423
2,5,1800.0,2-Car,No injury/unknown,FAILURE TO YIELD RIGHT OF WAY,39.16997985,-86.5245415
7,3,1800.0,2-Car,No injury/unknown,OTHER (DRIVER) - EXPLAIN IN NARRATIVE,39.1699569,-86.52345959
8,2,2100.0,1-Car,No injury/unknown,DRIVER DISTRACTED - EXPLAIN IN NARRATIVE,39.16984,-86.549696
8,6,400.0,1-Car,No injury/unknown,OTHER (DRIVER) - EXPLAIN IN NARRATIVE,39.16984,-86.549696
9,7,1700.0,1-Car,No injury/unknown,OTHER (DRIVER) - EXPLAIN IN NARRATIVE,39.16984,-86.549696
9,6,400.0,1-Car,No injury/unknown,ALCOHOLIC BEVERAGES,39.16984,-86.549696
10,1,2000.0,2-Car,No injury/unknown,FOLLOWING TOO CLOSELY,39.16984,-86.549696
2,7,300.0,2-Car,No injury/unknown,ALCOHOLIC BEVERAGES,39.1697342,-86.5324
6,1,1500.0,1-Car,No injury/unknown,OTHER (DRIVER) - EXPLAIN IN NARRATIVE,39.16970296,-86.54968458
1,6,2100.0,2-Car,No injury/unknown,IMPROPER TURNING,39.16969371,-86.53354971
10,3,1800.0,1-Car,No injury/unknown,RAN OFF ROAD RIGHT,39.169664,-86.550928
10,3,1100.0,1-Car,No injury/unknown,OTHER (DRIVER) - EXPLAIN IN NARRATIVE,39.16963665,-86.5496704
4,6,1000.0,2-Car,No injury/unknown,UNSAFE BACKING,39.169616,-86.52696
8,2,900.0,2-Car,No injury/unknown,OTHER (DRIVER) - EXPLAIN IN NARRATIVE,39.169616,-86.52696
4,3,800.0,Bus,No injury/unknown,OTHER (DRIVER) - EXPLAIN IN NARRATIVE,39.1696,-86.54104
5,3,900.0,2-Car,Non-incapacitating,FAILURE TO YIELD RIGHT OF WAY,39.1696,-86.54104
10,7,100.0,Pedestrian,Non-incapacitating,OTHER (DRIVER) - EXPLAIN IN NARRATIVE,39.1696,-86.525712
11,5,1200.0,2-Car,No injury/unknown,FAILURE TO YIELD RIGHT OF WAY,39.1696,-86.54104
1,6,1100.0,2-Car,No injury/unknown,OTHER (DRIVER) - EXPLAIN IN NARRATIVE,39.169584,-86.538576
1,5,1600.0,2-Car,No injury/unknown,FAILURE TO YIELD RIGHT OF WAY,39.169584,-86.538576
2,6,0.0,2-Car,No injury/unknown,ROADWAY SURFACE CONDITION,39.169584,-86.538576
5,7,900.0,2-Car,No injury/unknown,OTHER (DRIVER) - EXPLAIN IN NARRATIVE,39.169584,-86.538576
4,1,1900.0,1-Car,No injury/unknown,OTHER (DRIVER) - EXPLAIN IN NARRATIVE,39.16957931,-86.54962188
5,6,1800.0,1-Car,No injury/unknown,OTHER (DRIVER) - EXPLAIN IN NARRATIVE,39.16957931,-86.54962188
1,5,900.0,2-Car,No injury/unknown,UNSAFE BACKING,39.169568,-86.53641673
7,4,800.0,1-Car,No injury/unknown,OTHER (DRIVER) - EXPLAIN IN NARRATIVE,39.169568,-86.536
7,5,1200.0,2-Car,No injury/unknown,IMPROPER TURNING,39.169568,-86.536
2,5,1700.0,2-Car,No injury/unknown,FAILURE TO YIELD RIGHT OF WAY,39.169552,-86.52344
2,1,100.0,2-Car,No injury/unknown,SPEED TOO FAST FOR WEATHER CONDITIONS,39.169552,-86.533552
2,1,200.0,2-Car,No injury/unknown,ROADWAY SURFACE CONDITION,39.169552,-86.530992
2,2,2000.0,2-Car,No injury/unknown,FAILURE TO YIELD RIGHT OF WAY,39.169552,-86.534784
3,1,1700.0,2-Car,No injury/unknown,IMPROPER TURNING,39.169552,-86.534784
3,2,1300.0,2-Car,No injury/unknown,FAILURE TO YIELD RIGHT OF WAY,39.169552,-86.533552
3,1,1400.0,2-Car,No injury/unknown,FAILURE TO YIELD RIGHT OF WAY,39.169552,-86.529696
4,4,1500.0,Pedestrian,Non-incapacitating,PEDESTRIAN ACTION,39.169552,-86.52344
4,6,1300.0,2-Car,No injury/unknown,DRIVER DISTRACTED - EXPLAIN IN NARRATIVE,39.169552,-86.533552
7,4,1700.0,2-Car,Non-incapacitating,FAILURE TO YIELD RIGHT OF WAY,39.169552,-86.534784
7,5,300.0,2-Car,No injury/unknown,ALCOHOLIC BEVERAGES,39.169552,-86.533552
8,5,1200.0,2-Car,No injury/unknown,OTHER (DRIVER) - EXPLAIN IN NARRATIVE,39.169552,-86.534784
9,7,1500.0,2-Car,No injury/unknown,IMPROPER LANE USAGE,39.169552,-86.533552
9,4,1600.0,Pedestrian,Non-incapacitating,PEDESTRIAN ACTION,39.169552,-86.534784
9,1,1300.0,2-Car,No injury/unknown,IMPROPER TURNING,39.169552,-86.534784
10,1,1400.0,2-Car,Non-incapacitating,IMPROPER TURNING,39.169552,-86.534784
11,6,1000.0,2-Car,No injury/unknown,FAILURE TO YIELD RIGHT OF WAY,39.169552,-86.534784
11,5,1200.0,2-Car,Non-incapacitating,FAILURE TO YIELD RIGHT OF WAY,39.169552,-86.52344
12,7,1900.0,2-Car,No injury/unknown,FOLLOWING TOO CLOSELY,39.169552,-86.534784
8,4,0.0,2-Car,No injury/unknown,OTHER (DRIVER) - EXPLAIN IN NARRATIVE,39.1695,-86.53979667
6,5,1600.0,Cyclist,Non-incapacitating,FAILURE TO YIELD RIGHT OF WAY,39.16949129,-86.51595557
10,4,1500.0,2-Car,Non-incapacitating,OTHER (ENVIRONMENTAL) - EXPLAIN IN NARR,39.16948,-86.533569
4,1,1800.0,3+ Cars,Non-incapacitating,BRAKE FAILURE OR DEFECTIVE,39.16947215,-86.50100806
9,6,2100.0,2-Car,No injury/unknown,FOLLOWING TOO CLOSELY,39.16947215,-86.50100806
2,3,700.0,2-Car,No injury/unknown,OTHER (VEHICLE) - EXPLAIN IN NARRATIVE,39.16936,-86.497952
2,7,400.0,1-Car,No injury/unknown,RAN OFF ROAD RIGHT,39.169312,-86.495888
12,5,2000.0,1-Car,No injury/unknown,DRIVER ILLNESS,39.169312,-86.495888
11,2,0.0,2-Car,No injury/unknown,OTHER (DRIVER) - EXPLAIN IN NARRATIVE,39.169241,-86.516142
3,7,1700.0,2-Car,No injury/unknown,UNSAFE BACKING,39.16921,-86.573588
6,2,1900.0,2-Car,No injury/unknown,OTHER (DRIVER) - EXPLAIN IN NARRATIVE,39.16921,-86.573588
3,3,1400.0,2-Car,No injury/unknown,FAILURE TO YIELD RIGHT OF WAY,39.16906798,-86.534784
1,3,1700.0,1-Car,No injury/unknown,OTHER (DRIVER) - EXPLAIN IN NARRATIVE,39.16898645,-86.5495544
2,7,1100.0,1-Car,No injury/unknown,OTHER (DRIVER) - EXPLAIN IN NARRATIVE,39.168944,-86.516016
3,3,1500.0,Cyclist,Non-incapacitating,OTHER (DRIVER) - EXPLAIN IN NARRATIVE,39.168944,-86.516016
10,2,2100.0,2-Car,No injury/unknown,SPEED TOO FAST FOR WEATHER CONDITIONS,39.168944,-86.516016
11,7,2300.0,2-Car,No injury/unknown,FAILURE TO YIELD RIGHT OF WAY,39.168944,-86.516016
11,1,1900.0,3+ Cars,Non-incapacitating,FOLLOWING TOO CLOSELY,39.168944,-86.516016
8,4,1400.0,2-Car,No injury/unknown,ALCOHOLIC BEVERAGES,39.16893066,-86.534784
3,4,1500.0,2-Car,No injury/unknown,UNSAFE BACKING,39.16892571,-86.51584115
10,3,800.0,2-Car,No injury/unknown,OTHER (DRIVER) - EXPLAIN IN NARRATIVE,39.16892,-86.498679
5,5,300.0,Pedestrian,Non-incapacitating,ALCOHOLIC BEVERAGES,39.16891463,-86.53356318
10,5,1700.0,2-Car,No injury/unknown,FAILURE TO YIELD RIGHT OF WAY,39.16890057,-86.53356343
12,1,1700.0,2-Car,No injury/unknown,DRIVER DISTRACTED - EXPLAIN IN NARRATIVE,39.168848,-86.481296
3,6,1100.0,2-Car,No injury/unknown,FAILURE TO YIELD RIGHT OF WAY,39.16884598,-86.52569943
5,4,1800.0,1-Car,No injury/unknown,SPEED TOO FAST FOR WEATHER CONDITIONS,39.1688,-86.57644329
1,3,1500.0,2-Car,No injury/unknown,DISREGARD SIGNAL/REG SIGN,39.168752,-86.5436
3,7,1500.0,2-Car,No injury/unknown,UNSAFE BACKING,39.168752,-86.5436
11,3,1600.0,2-Car,No injury/unknown,UNSAFE BACKING,39.168752,-86.5436
12,3,1700.0,2-Car,No injury/unknown,FOLLOWING TOO CLOSELY,39.168752,-86.5436
5,7,1000.0,2-Car,No injury/unknown,DRIVER DISTRACTED - EXPLAIN IN NARRATIVE,39.16874743,-86.534784
9,7,2300.0,Cyclist,Non-incapacitating,PEDESTRIAN ACTION,39.16872196,-86.538576
9,5,1600.0,Cyclist,Non-incapacitating,PEDESTRIAN ACTION,39.16871093,-86.534784
12,7,400.0,1-Car,No injury/unknown,ALCOHOLIC BEVERAGES,39.168709,-86.518649
12,2,1200.0,2-Car,No injury/unknown,OTHER (DRIVER) - EXPLAIN IN NARRATIVE,39.168704,-86.538576
1,5,1400.0,2-Car,No injury/unknown,FAILURE TO YIELD RIGHT OF WAY,39.1687,-86.51390333
2,3,1000.0,2-Car,No injury/unknown,UNSAFE BACKING,39.1687,-86.51390506
3,5,1500.0,2-Car,No injury/unknown,FAILURE TO YIELD RIGHT OF WAY,39.1687,-86.513899
4,6,1200.0,Cyclist,Non-incapacitating,OTHER (DRIVER) - EXPLAIN IN NARRATIVE,39.1687,-86.513899
8,6,1400.0,2-Car,No injury/unknown,OTHER (DRIVER) - EXPLAIN IN NARRATIVE,39.16869947,-86.536
4,2,1700.0,2-Car,No injury/unknown,OTHER (DRIVER) - EXPLAIN IN NARRATIVE,39.168672,-86.53614113
7,7,800.0,2-Car,No injury/unknown,UNSAFE BACKING,39.168672,-86.536
10,5,1400.0,2-Car,No injury/unknown,DISREGARD SIGNAL/REG SIGN,39.168672,-86.536
10,6,2200.0,2-Car,No injury/unknown,ALCOHOLIC BEVERAGES,39.168672,-86.536
3,4,1300.0,Cyclist,Non-incapacitating,FAILURE TO YIELD RIGHT OF WAY,39.16867049,-86.51604818
1,7,2100.0,2-Car,No injury/unknown,VIEW OBSTRUCTED,39.16866529,-86.53548957
6,3,1200.0,2-Car,No injury/unknown,UNSAFE BACKING,39.16866318,-86.53532996
1,2,1600.0,2-Car,No injury/unknown,DISREGARD SIGNAL/REG SIGN,39.168656,-86.534784
2,5,900.0,2-Car,No injury/unknown,FAILURE TO YIELD RIGHT OF WAY,39.168656,-86.534784
4,2,1400.0,2-Car,No injury/unknown,FAILURE TO YIELD RIGHT OF WAY,39.168656,-86.534784
6,6,1000.0,2-Car,No injury/unknown,OTHER (DRIVER) - EXPLAIN IN NARRATIVE,39.168656,-86.534784
7,7,300.0,1-Car,Non-incapacitating,ALCOHOLIC BEVERAGES,39.168656,-86.534784
7,2,1700.0,1-Car,No injury/unknown,OTHER (DRIVER) - EXPLAIN IN NARRATIVE,39.168656,-86.534784
8,4,1400.0,2-Car,No injury/unknown,ALCOHOLIC BEVERAGES,39.168656,-86.534784