Month,Day,Hour,Collision Type,Injury Type,Primary Factor,Latitude,Longitude
8,4,1700.0,2-Car,No injury/unknown,DRIVER DISTRACTED - EXPLAIN IN NARRATIVE,39.168656,-86.534784
9,5,900.0,2-Car,No injury/unknown,OTHER (DRIVER) - EXPLAIN IN NARRATIVE,39.168656,-86.534784
10,3,1200.0,2-Car,No injury/unknown,OTHER (DRIVER) - EXPLAIN IN NARRATIVE,39.168656,-86.534784
11,7,1000.0,2-Car,No injury/unknown,FAILURE TO YIELD RIGHT OF WAY,39.168656,-86.534784
12,2,100.0,2-Car,No injury/unknown,UNSAFE BACKING,39.168656,-86.534784
1,1,300.0,2-Car,No injury/unknown,OTHER (DRIVER) - EXPLAIN IN NARRATIVE,39.16864,-86.53085087
10,5,1000.0,Bus,No injury/unknown,UNSAFE SPEED,39.16864,-86.5236037
1,2,1000.0,2-Car,No injury/unknown,OTHER (DRIVER) - EXPLAIN IN NARRATIVE,39.16864,-86.528224
1,7,1300.0,2-Car,No injury/unknown,FAILURE TO YIELD RIGHT OF WAY,39.16864,-86.533568
1,1,1400.0,2-Car,No injury/unknown,IMPROPER TURNING,39.16864,-86.533568
4,7,200.0,2-Car,No injury/unknown,IMPROPER TURNING,39.16864,-86.533568
5,5,1900.0,2-Car,No injury/unknown,IMPROPER TURNING,39.16864,-86.533568
6,5,300.0,1-Car,No injury/unknown,OTHER (DRIVER) - EXPLAIN IN NARRATIVE,39.16864,-86.533568
6,5,100.0,Moped/Motorcycle,Non-incapacitating,FOLLOWING TOO CLOSELY,39.16864,-86.533568
6,5,1200.0,2-Car,No injury/unknown,UNSAFE BACKING,39.16864,-86.523392
8,7,2200.0,2-Car,No injury/unknown,IMPROPER LANE USAGE,39.16864,-86.533568
8,5,1500.0,2-Car,No injury/unknown,FAILURE TO YIELD RIGHT OF WAY,39.16864,-86.526944
9,3,1000.0,2-Car,No injury/unknown,FAILURE TO YIELD RIGHT OF WAY,39.16864,-86.533568
9,5,1200.0,2-Car,No injury/unknown,UNSAFE SPEED,39.16864,-86.523392
9,3,2100.0,2-Car,No injury/unknown,IMPROPER PASSING,39.16864,-86.533568
11,1,100.0,3+ Cars,No injury/unknown,OTHER (DRIVER) - EXPLAIN IN NARRATIVE,39.16864,-86.533568
11,1,1600.0,2-Car,No injury/unknown,,39.16864,-86.533568
11,5,1900.0,2-Car,No injury/unknown,FAILURE TO YIELD RIGHT OF WAY,39.16864,-86.533568
11,5,1300.0,Pedestrian,Non-incapacitating,OTHER (DRIVER) - EXPLAIN IN NARRATIVE,39.16864,-86.523392
11,5,1600.0,Bus,No injury/unknown,FAILURE TO YIELD RIGHT OF WAY,39.16864,-86.523392
12,5,1200.0,2-Car,No injury/unknown,OTHER (DRIVER) - EXPLAIN IN NARRATIVE,39.16864,-86.533568
12,5,1400.0,2-Car,No injury/unknown,FAILURE TO YIELD RIGHT OF WAY,39.16864,-86.533568
1,2,100.0,1-Car,No injury/unknown,RAN OFF ROAD RIGHT,39.16861262,-86.6698189
10,5,0.0,2-Car,No injury/unknown,IMPROPER TURNING,39.16855,-86.533589
10,3,1500.0,Pedestrian,Non-incapacitating,OTHER (DRIVER) - EXPLAIN IN NARRATIVE,39.16853373,-86.51606427
10,5,1700.0,2-Car,Non-incapacitating,FAILURE TO YIELD RIGHT OF WAY,39.16853,-86.51242
8,4,1200.0,2-Car,No injury/unknown,FAILURE TO YIELD RIGHT OF WAY,39.168504,-86.526999
5,4,1400.0,2-Car,No injury/unknown,UNSAFE BACKING,39.1685,-86.529799
5,6,1100.0,2-Car,No injury/unknown,UNSAFE BACKING,39.1685,-86.5297791
5,3,1200.0,1-Car,No injury/unknown,OTHER (ENVIRONMENTAL) - EXPLAIN IN NARR,39.1685,-86.53489035
12,4,1300.0,1-Car,No injury/unknown,OTHER (ENVIRONMENTAL) - EXPLAIN IN NARR,39.16848,-86.523479
5,7,0.0,1-Car,Non-incapacitating,ALCOHOLIC BEVERAGES,39.16838961,-86.49528504
10,6,600.0,2-Car,No injury/unknown,HEADLIGHT DEFECTIVE OR NOT ON,39.16836,-86.58298
3,6,1800.0,2-Car,No injury/unknown,OTHER (VEHICLE) - EXPLAIN IN NARRATIVE,39.16833,-86.570924
2,4,1300.0,2-Car,No injury/unknown,UNSAFE BACKING,39.16826002,-86.536
1,1,1100.0,1-Car,Fatal,ROADWAY SURFACE CONDITION,39.168192,-86.49504
9,7,300.0,1-Car,Non-incapacitating,UNSAFE SPEED,39.168192,-86.49504
11,6,700.0,1-Car,No injury/unknown,UNSAFE SPEED,39.168192,-86.49504
9,4,800.0,Cyclist,No injury/unknown,FAILURE TO YIELD RIGHT OF WAY,39.168144,-86.510992
10,1,1800.0,3+ Cars,Non-incapacitating,DRIVER DISTRACTED - EXPLAIN IN NARRATIVE,39.168144,-86.510992
4,4,1400.0,2-Car,No injury/unknown,FAILURE TO YIELD RIGHT OF WAY,39.16813995,-86.52821523
7,7,1700.0,2-Car,No injury/unknown,OTHER (DRIVER) - EXPLAIN IN NARRATIVE,39.16810057,-86.534784
6,4,500.0,2-Car,No injury/unknown,DRIVER ASLEEP OR FATIGUED,39.16808698,-86.532399
10,6,1700.0,2-Car,No injury/unknown,FOLLOWING TOO CLOSELY,39.16808,-86.51091
9,7,1500.0,Moped/Motorcycle,No injury/unknown,UNSAFE BACKING,39.16792266,-86.534784
12,1,1700.0,2-Car,No injury/unknown,OTHER (DRIVER) - EXPLAIN IN NARRATIVE,39.167918,-86.573567
2,2,400.0,1-Car,No injury/unknown,OTHER (DRIVER) - EXPLAIN IN NARRATIVE,39.16778743,-86.536
3,6,2100.0,2-Car,No injury/unknown,UNSAFE BACKING,39.167744,-86.526928
9,5,1200.0,2-Car,No injury/unknown,IMPROPER LANE USAGE,39.167744,-86.526928
11,6,1600.0,Cyclist,Non-incapacitating,OTHER (DRIVER) - EXPLAIN IN NARRATIVE,39.167744,-86.526928
11,5,700.0,2-Car,No injury/unknown,OTHER (DRIVER) - EXPLAIN IN NARRATIVE,39.16773029,-86.534784
3,6,2100.0,2-Car,No injury/unknown,OTHER (DRIVER) - EXPLAIN IN NARRATIVE,39.167728,-86.528208
4,1,300.0,2-Car,Non-incapacitating,ALCOHOLIC BEVERAGES,39.167728,-86.548336
5,6,1700.0,2-Car,No injury/unknown,FAILURE TO YIELD RIGHT OF WAY,39.167728,-86.528208
12,4,1200.0,2-Car,No injury/unknown,UNSAFE BACKING,39.167728,-86.528208
7,5,1700.0,1-Car,No injury/unknown,OTHER (DRIVER) - EXPLAIN IN NARRATIVE,39.1677158,-86.52934321
7,4,2000.0,2-Car,No injury/unknown,OTHER (DRIVER) - EXPLAIN IN NARRATIVE,39.167696,-86.542096
7,3,1000.0,3+ Cars,Non-incapacitating,DRIVER DISTRACTED - EXPLAIN IN NARRATIVE,39.16768592,-86.538699
10,6,1500.0,2-Car,No injury/unknown,FOLLOWING TOO CLOSELY,39.16768048,-86.50011224
6,6,2200.0,2-Car,No injury/unknown,OTHER (DRIVER) - EXPLAIN IN NARRATIVE,39.16768,-86.539808
6,4,2100.0,Bus,No injury/unknown,FAILURE TO YIELD RIGHT OF WAY,39.16768,-86.538592
7,5,700.0,2-Car,No injury/unknown,FAILURE TO YIELD RIGHT OF WAY,39.16768,-86.539808
9,4,1000.0,2-Car,No injury/unknown,FAILURE TO YIELD RIGHT OF WAY,39.16768,-86.538592
12,1,1900.0,2-Car,No injury/unknown,FAILURE TO YIELD RIGHT OF WAY,39.16768,-86.538592
12,3,1300.0,1-Car,No injury/unknown,RAN OFF ROAD RIGHT,39.16768,-86.538592
12,3,1300.0,2-Car,No injury/unknown,FAILURE TO YIELD RIGHT OF WAY,39.16768,-86.538592
10,4,700.0,2-Car,No injury/unknown,OTHER (DRIVER) - EXPLAIN IN NARRATIVE,39.16766727,-86.53756049
10,7,1500.0,2-Car,No injury/unknown,DRIVER ILLNESS,39.167664,-86.537296
5,2,1500.0,2-Car,No injury/unknown,IMPROPER TURNING,39.16765032,-86.53496039
6,7,1800.0,Pedestrian,Non-incapacitating,OTHER (DRIVER) - EXPLAIN IN NARRATIVE,39.167648,-86.53443117
1,6,500.0,1-Car,No injury/unknown,CELL PHONE USAGE,39.167648,-86.534784
2,5,1400.0,2-Car,No injury/unknown,FOLLOWING TOO CLOSELY,39.167648,-86.534784
3,6,0.0,Moped/Motorcycle,Non-incapacitating,FOLLOWING TOO CLOSELY,39.167648,-86.533584
7,2,1400.0,2-Car,No injury/unknown,FAILURE TO YIELD RIGHT OF WAY,39.167648,-86.533584
7,2,1200.0,2-Car,No injury/unknown,UNSAFE BACKING,39.167648,-86.533584
7,2,1000.0,2-Car,No injury/unknown,DISREGARD SIGNAL/REG SIGN,39.167648,-86.533584
9,4,2000.0,2-Car,No injury/unknown,OTHER (DRIVER) - EXPLAIN IN NARRATIVE,39.167648,-86.533584
9,4,1300.0,2-Car,No injury/unknown,UNSAFE BACKING,39.167648,-86.534784
10,6,0.0,2-Car,No injury/unknown,FAILURE TO YIELD RIGHT OF WAY,39.167648,-86.533584
10,7,2200.0,2-Car,No injury/unknown,OTHER (DRIVER) - EXPLAIN IN NARRATIVE,39.167648,-86.533584
10,3,1800.0,2-Car,Non-incapacitating,OTHER (DRIVER) - EXPLAIN IN NARRATIVE,39.167648,-86.534784
10,1,1500.0,2-Car,Non-incapacitating,DRIVER DISTRACTED - EXPLAIN IN NARRATIVE,39.167648,-86.534784
11,5,1000.0,2-Car,No injury/unknown,FAILURE TO YIELD RIGHT OF WAY,39.167648,-86.534784
11,6,2100.0,2-Car,No injury/unknown,FAILURE TO YIELD RIGHT OF WAY,39.167648,-86.533584
12,1,1100.0,2-Car,Non-incapacitating,UNSAFE BACKING,39.167648,-86.533584
1,6,1400.0,2-Car,No injury/unknown,FOLLOWING TOO CLOSELY,39.16754267,-86.530992
12,7,300.0,1-Car,No injury/unknown,UNSAFE BACKING,39.16754,-86.530797
6,1,700.0,2-Car,No injury/unknown,OTHER (DRIVER) - EXPLAIN IN NARRATIVE,39.16751148,-86.5335449
5,5,800.0,Cyclist,Non-incapacitating,OTHER (DRIVER) - EXPLAIN IN NARRATIVE,39.167504,-86.5269
2,4,1200.0,1-Car,No injury/unknown,OTHER (DRIVER) - EXPLAIN IN NARRATIVE,39.1675,-86.529799
7,5,800.0,2-Car,No injury/unknown,OTHER (DRIVER) - EXPLAIN IN NARRATIVE,39.1675,-86.529799
2,3,900.0,1-Car,No injury/unknown,OTHER (DRIVER) - EXPLAIN IN NARRATIVE,39.16746941,-86.52692004
10,4,1000.0,1-Car,No injury/unknown,ACCELERATOR FAILURE OR DEFECTIVE,39.167308,-86.565006
11,3,1400.0,2-Car,No injury/unknown,OTHER (DRIVER) - EXPLAIN IN NARRATIVE,39.167286,-86.52355
8,7,2100.0,1-Car,No injury/unknown,ANIMAL/OBJECT IN ROADWAY,39.167284,-86.499878
4,7,1100.0,2-Car,No injury/unknown,UNSAFE BACKING,39.1672661,-86.51619777
8,5,800.0,1-Car,No injury/unknown,DRIVER DISTRACTED - EXPLAIN IN NARRATIVE,39.1672661,-86.51619777
10,4,1500.0,2-Car,No injury/unknown,UNSAFE BACKING,39.167258,-86.510899
4,4,1700.0,2-Car,No injury/unknown,UNSAFE BACKING,39.167209,-86.523118
5,5,2100.0,1-Car,No injury/unknown,OVERSIZE/OVERWEIGHT LOAD,39.167209,-86.523118
2,6,2000.0,2-Car,No injury/unknown,FOLLOWING TOO CLOSELY,39.16716829,-86.49985726
2,3,800.0,Bus,No injury/unknown,OTHER (DRIVER) - EXPLAIN IN NARRATIVE,39.16705398,-86.50929848
11,6,1300.0,2-Car,No injury/unknown,UNSAFE BACKING,39.167006,-86.516145
12,2,1600.0,2-Car,No injury/unknown,IMPROPER TURNING,39.167006,-86.516145
2,5,700.0,2-Car,No injury/unknown,UNSAFE BACKING,39.167002,-86.526899
4,6,2200.0,2-Car,No injury/unknown,UNSAFE BACKING,39.167002,-86.526899
4,2,1600.0,2-Car,Non-incapacitating,OTHER TELEMATICS IN USE,39.166986,-86.481299
6,7,1300.0,2-Car,No injury/unknown,FAILURE TO YIELD RIGHT OF WAY,39.1669695,-86.52690555
1,3,1000.0,2-Car,No injury/unknown,FAILURE TO YIELD RIGHT OF WAY,39.166944,-86.495056
1,2,1500.0,2-Car,No injury/unknown,FAILURE TO YIELD RIGHT OF WAY,39.166944,-86.495056
2,4,1800.0,2-Car,No injury/unknown,FAILURE TO YIELD RIGHT OF WAY,39.166944,-86.495056
10,7,0.0,2-Car,No injury/unknown,ALCOHOLIC BEVERAGES,39.166944,-86.495056
12,5,1800.0,2-Car,Non-incapacitating,FAILURE TO YIELD RIGHT OF WAY,39.166944,-86.495056
6,7,1700.0,2-Car,No injury/unknown,UNSAFE BACKING,39.16691466,-86.529696
9,5,1300.0,2-Car,No injury/unknown,OTHER (DRIVER) - EXPLAIN IN NARRATIVE,39.16691464,-86.52819604
6,6,1400.0,Bus,No injury/unknown,IMPROPER TURNING,39.16691459,-86.52690396
7,6,2300.0,1-Car,No injury/unknown,OTHER (DRIVER) - EXPLAIN IN NARRATIVE,39.166912,-86.516224
1,3,1900.0,2-Car,No injury/unknown,FAILURE TO YIELD RIGHT OF WAY,39.1669,-86.494899
3,4,1800.0,2-Car,No injury/unknown,FAILURE TO YIELD RIGHT OF WAY,39.1669,-86.494899
4,7,1400.0,2-Car,No injury/unknown,DISREGARD SIGNAL/REG SIGN,39.1669,-86.494899
9,7,2200.0,2-Car,No injury/unknown,UNSAFE SPEED,39.166852,-86.552299
1,5,1500.0,2-Car,No injury/unknown,IMPROPER LANE USAGE,39.166848,-86.509296
3,1,1800.0,2-Car,Non-incapacitating,FAILURE TO YIELD RIGHT OF WAY,39.166848,-86.506992
3,2,800.0,2-Car,No injury/unknown,OTHER (DRIVER) - EXPLAIN IN NARRATIVE,39.166848,-86.495088
5,3,2000.0,2-Car,No injury/unknown,IMPROPER TURNING,39.166848,-86.509296
5,4,900.0,2-Car,No injury/unknown,FAILURE TO YIELD RIGHT OF WAY,39.166848,-86.506992
9,5,600.0,1-Car,No injury/unknown,OTHER (VEHICLE) - EXPLAIN IN NARRATIVE,39.166848,-86.4928
11,1,1100.0,2-Car,Non-incapacitating,FAILURE TO YIELD RIGHT OF WAY,39.166848,-86.495088
4,5,1100.0,2-Car,No injury/unknown,DRIVER DISTRACTED - EXPLAIN IN NARRATIVE,39.166847,-86.575999
6,3,1700.0,2-Car,No injury/unknown,OTHER (DRIVER) - EXPLAIN IN NARRATIVE,39.166847,-86.575999
1,6,1500.0,2-Car,No injury/unknown,IMPROPER TURNING,39.16684594,-86.52690197
10,3,1700.0,2-Car,No injury/unknown,UNSAFE BACKING,39.166828,-86.521999
1,3,1500.0,1-Car,No injury/unknown,UNSAFE SPEED,39.166816,-86.549488
3,3,1200.0,3+ Cars,No injury/unknown,BRAKE FAILURE OR DEFECTIVE,39.16681365,-86.54931161
10,3,1700.0,2-Car,Non-incapacitating,FAILURE TO YIELD RIGHT OF WAY,39.166813,-86.57597
3,2,1900.0,2-Car,No injury/unknown,FAILURE TO YIELD RIGHT OF WAY,39.1668,-86.508299
12,4,1600.0,Pedestrian,No injury/unknown,UNSAFE BACKING,39.16679543,-86.53860604
11,3,1200.0,2-Car,No injury/unknown,OTHER (DRIVER) - EXPLAIN IN NARRATIVE,39.166783,-86.569489
11,5,1500.0,2-Car,No injury/unknown,FAILURE TO YIELD RIGHT OF WAY,39.16677733,-86.529696
4,5,1200.0,2-Car,No injury/unknown,FOLLOWING TOO CLOSELY,39.16677153,-86.5455528
1,4,1300.0,Pedestrian,Non-incapacitating,OTHER (DRIVER) - EXPLAIN IN NARRATIVE,39.16677127,-86.54552653
1,4,1600.0,Cyclist,No injury/unknown,FAILURE TO YIELD RIGHT OF WAY,39.16677127,-86.54552653
5,3,1600.0,2-Car,No injury/unknown,UNSAFE BACKING,39.16677127,-86.54552653
5,3,900.0,2-Car,No injury/unknown,FAILURE TO YIELD RIGHT OF WAY,39.166768,-86.5452
3,7,0.0,2-Car,No injury/unknown,OTHER (DRIVER) - EXPLAIN IN NARRATIVE,39.16674658,-86.54412906
9,5,2200.0,2-Car,No injury/unknown,UNSAFE BACKING,39.166736,-86.5436
5,3,1700.0,2-Car,No injury/unknown,IMPROPER PASSING,39.16673488,-86.54349416
5,5,0.0,1-Car,No injury/unknown,ALCOHOLIC BEVERAGES,39.16672,-86.542096
5,6,1000.0,2-Car,No injury/unknown,FAILURE TO YIELD RIGHT OF WAY,39.16672,-86.542096
5,3,1300.0,2-Car,Non-incapacitating,FOLLOWING TOO CLOSELY,39.166704,-86.5408
8,5,1600.0,Bus,No injury/unknown,FAILURE TO YIELD RIGHT OF WAY,39.16669492,-86.52689759
10,4,1400.0,2-Car,No injury/unknown,BRAKE FAILURE OR DEFECTIVE,39.16669208,-86.53489044
9,4,900.0,2-Car,No injury/unknown,FAILURE TO YIELD RIGHT OF WAY,39.166688,-86.539808
10,3,1700.0,2-Car,Non-incapacitating,FAILURE TO YIELD RIGHT OF WAY,39.166688,-86.539808
11,5,1500.0,1-Car,No injury/unknown,OTHER (DRIVER) - EXPLAIN IN NARRATIVE,39.1666769,-86.53897535
5,2,1700.0,Cyclist,Non-incapacitating,PEDESTRIAN ACTION,39.16667671,-86.53896077
8,5,1600.0,2-Car,No injury/unknown,FAILURE TO YIELD RIGHT OF WAY,39.16667671,-86.53896077
3,5,1200.0,2-Car,No injury/unknown,FAILURE TO YIELD RIGHT OF WAY,39.166672,-86.538608
5,3,1400.0,2-Car,Non-incapacitating,FAILURE TO YIELD RIGHT OF WAY,39.166672,-86.538608
7,4,1200.0,2-Car,Non-incapacitating,OTHER (DRIVER) - EXPLAIN IN NARRATIVE,39.166672,-86.538608
11,7,1300.0,Pedestrian,Non-incapacitating,FAILURE TO YIELD RIGHT OF WAY,39.166672,-86.538608
11,7,1300.0,2-Car,No injury/unknown,FOLLOWING TOO CLOSELY,39.166672,-86.538608
3,6,1100.0,2-Car,Non-incapacitating,FAILURE TO YIELD RIGHT OF WAY,39.166656,-86.537296
5,4,1200.0,2-Car,No injury/unknown,FAILURE TO YIELD RIGHT OF WAY,39.166656,-86.537296
11,5,1300.0,2-Car,No injury/unknown,FAILURE TO YIELD RIGHT OF WAY,39.166656,-86.537296
9,1,2300.0,2-Car,No injury/unknown,RAN OFF ROAD RIGHT,39.16665365,-86.53711961
6,5,1300.0,2-Car,No injury/unknown,OTHER (DRIVER) - EXPLAIN IN NARRATIVE,39.16664404,-86.55090041
3,4,1500.0,2-Car,No injury/unknown,UNSAFE BACKING,39.16664,-86.53412923
3,3,1700.0,Bus,Non-incapacitating,FAILURE TO YIELD RIGHT OF WAY,39.16664,-86.53081559
5,4,1300.0,2-Car,No injury/unknown,OTHER (DRIVER) - EXPLAIN IN NARRATIVE,39.16664,-86.53462359
7,2,1900.0,2-Car,No injury/unknown,UNSAFE BACKING,39.16664,-86.53395282
8,4,2300.0,2-Car,No injury/unknown,UNSAFE BACKING,39.16664,-86.53462359
8,3,1300.0,Cyclist,Non-incapacitating,IMPROPER TURNING,39.16664,-86.53222359
8,7,1400.0,2-Car,No injury/unknown,DRIVER DISTRACTED - EXPLAIN IN NARRATIVE,39.16664,-86.53257641
9,3,2100.0,2-Car,No injury/unknown,UNSAFE BACKING,39.16664,-86.52943138
1,3,1500.0,2-Car,No injury/unknown,FAILURE TO YIELD RIGHT OF WAY,39.16664,-86.529696
1,3,1700.0,2-Car,No injury/unknown,OTHER (DRIVER) - EXPLAIN IN NARRATIVE,39.16664,-86.5324
1,7,100.0,2-Car,No injury/unknown,UNSAFE BACKING,39.16664,-86.5348
1,5,1300.0,2-Car,No injury/unknown,UNSAFE BACKING,39.16664,-86.5348
1,6,100.0,1-Car,Non-incapacitating,VIEW OBSTRUCTED,39.16664,-86.5348
2,2,1600.0,2-Car,No injury/unknown,FAILURE TO YIELD RIGHT OF WAY,39.16664,-86.530992
2,1,200.0,3+ Cars,No injury/unknown,ALCOHOLIC BEVERAGES,39.16664,-86.5336
2,7,2100.0,2-Car,No injury/unknown,FAILURE TO YIELD RIGHT OF WAY,39.16664,-86.5336
2,6,2100.0,2-Car,No injury/unknown,FAILURE TO YIELD RIGHT OF WAY,39.16664,-86.529696
3,5,2100.0,2-Car,No injury/unknown,DISREGARD SIGNAL/REG SIGN,39.16664,-86.5324
3,6,1700.0,Cyclist,Incapacitating,OTHER (DRIVER) - EXPLAIN IN NARRATIVE,39.16664,-86.530992
3,4,1700.0,2-Car,No injury/unknown,UNSAFE BACKING,39.16664,-86.5324
4,1,200.0,2-Car,No injury/unknown,FAILURE TO YIELD RIGHT OF WAY,39.16664,-86.5336
4,5,1400.0,2-Car,No injury/unknown,CELL PHONE USAGE,39.16664,-86.5348
4,7,100.0,2-Car,No injury/unknown,UNSAFE BACKING,39.16664,-86.5336
4,2,1800.0,1-Car,Non-incapacitating,OTHER (DRIVER) - EXPLAIN IN NARRATIVE,39.16664,-86.528192
5,7,0.0,2-Car,No injury/unknown,DISREGARD SIGNAL/REG SIGN,39.16664,-86.5336
5,6,1100.0,2-Car,No injury/unknown,IMPROPER TURNING,39.16664,-86.526896
5,3,1400.0,2-Car,No injury/unknown,UNSAFE BACKING,39.16664,-86.5336
5,2,1500.0,2-Car,No injury/unknown,OTHER (DRIVER) - EXPLAIN IN NARRATIVE,39.16664,-86.52798041
6,4,1500.0,2-Car,No injury/unknown,IMPROPER PASSING,39.16664,-86.5348
6,2,1100.0,2-Car,No injury/unknown,FAILURE TO YIELD RIGHT OF WAY,39.16664,-86.5336
6,6,1500.0,2-Car,No injury/unknown,FOLLOWING TOO CLOSELY,39.16664,-86.5348
7,3,1800.0,2-Car,No injury/unknown,OTHER (DRIVER) - EXPLAIN IN NARRATIVE,39.16664,-86.53096555
7,3,1400.0,1-Car,No injury/unknown,IMPROPER TURNING,39.16664,-86.526896
7,4,1500.0,2-Car,No injury/unknown,UNSAFE BACKING,39.16664,-86.5336
7,5,1500.0,2-Car,No injury/unknown,OTHER (DRIVER) - EXPLAIN IN NARRATIVE,39.16664,-86.53096555
7,6,1500.0,2-Car,No injury/unknown,OTHER (DRIVER) - EXPLAIN IN NARRATIVE,39.16664,-86.530992
7,3,1200.0,2-Car,No injury/unknown,FAILURE TO YIELD RIGHT OF WAY,39.16664,-86.5336
8,6,1900.0,2-Car,No injury/unknown,FAILURE TO YIELD RIGHT OF WAY,39.16664,-86.5348
8,4,2100.0,2-Car,No injury/unknown,UNSAFE BACKING,39.16664,-86.5336
8,3,1300.0,2-Car,No injury/unknown,FOLLOWING TOO CLOSELY,39.16664,-86.5324
8,6,1500.0,Cyclist,Non-incapacitating,OTHER (DRIVER) - EXPLAIN IN NARRATIVE,39.16664,-86.5336
9,5,1500.0,2-Car,No injury/unknown,FAILURE TO YIELD RIGHT OF WAY,39.16664,-86.528192
9,5,1600.0,2-Car,No injury/unknown,FAILURE TO YIELD RIGHT OF WAY,39.16664,-86.528192
10,6,1700.0,2-Car,No injury/unknown,UNSAFE BACKING,39.16664,-86.52798041
10,4,1900.0,Cyclist,Non-incapacitating,PEDESTRIAN ACTION,39.16664,-86.526896
11,6,1000.0,2-Car,No injury/unknown,FAILURE TO YIELD RIGHT OF WAY,39.16664,-86.529696
11,6,1400.0,2-Car,No injury/unknown,UNSAFE BACKING,39.16664,-86.5336
12,6,1600.0,2-Car,No injury/unknown,FAILURE TO YIELD RIGHT OF WAY,39.16664,-86.462496
12,7,1800.0,2-Car,No injury/unknown,FAILURE TO YIELD RIGHT OF WAY,39.16664,-86.5336
12,3,1800.0,Bus,No injury/unknown,FOLLOWING TOO CLOSELY,39.16664,-86.5348
12,6,300.0,2-Car,Non-incapacitating,FAILURE TO YIELD RIGHT OF WAY,39.16664,-86.5336
11,1,800.0,1-Car,No injury/unknown,OTHER (DRIVER) - EXPLAIN IN NARRATIVE,39.166614,-86.538726
11,3,800.0,1-Car,No injury/unknown,GLARE,39.166614,-86.538726
3,5,1700.0,2-Car,No injury/unknown,FAILURE TO YIELD RIGHT OF WAY,39.16661253,-86.5336
9,2,900.0,2-Car,Non-incapacitating,FAILURE TO YIELD RIGHT OF WAY,39.16661,-86.53742
11,3,1500.0,2-Car,No injury/unknown,FOLLOWING TOO CLOSELY,39.16661,-86.53869
2,5,1000.0,Pedestrian,Incapacitating,FAILURE TO YIELD RIGHT OF WAY,39.1666,-86.534899
6,7,1100.0,2-Car,No injury/unknown,FAILURE TO YIELD RIGHT OF WAY,39.1666,-86.5374
6,2,1100.0,2-Car,No injury/unknown,FAILURE TO YIELD RIGHT OF WAY,39.1666,-86.53868602
6,7,1300.0,2-Car,No injury/unknown,UNSAFE BACKING,39.1666,-86.538735
7,7,1300.0,2-Car,No injury/unknown,FAILURE TO YIELD RIGHT OF WAY,39.1666,-86.5361
9,5,1100.0,2-Car,No injury/unknown,FAILURE TO YIELD RIGHT OF WAY,39.1666,-86.53560654
5,2,600.0,2-Car,No injury/unknown,DISREGARD SIGNAL/REG SIGN,39.166599,-86.534899
7,7,1100.0,2-Car,No injury/unknown,DISREGARD SIGNAL/REG SIGN,39.166599,-86.534899
2,7,500.0,3+ Cars,No injury/unknown,OVERCORRECTING/OVERSTEERING,39.16657334,-86.509296
9,1,1500.0,2-Car,No injury/unknown,UNSAFE BACKING,39.16655822,-86.492816
3,5,1700.0,2-Car,Non-incapacitating,FAILURE TO YIELD RIGHT OF WAY,39.16655739,-86.51255573
10,1,1200.0,2-Car,No injury/unknown,UNSAFE BACKING,39.166548,-86.529462
12,2,2200.0,2-Car,No injury/unknown,UNSAFE BACKING,39.166548,-86.529336
10,3,1600.0,2-Car,No injury/unknown,UNSAFE BACKING,39.16654,-86.528209
5,3,500.0,2-Car,No injury/unknown,OTHER (DRIVER) - EXPLAIN IN NARRATIVE,39.16652571,-86.582992
9,5,1700.0,2-Car,No injury/unknown,FAILURE TO YIELD RIGHT OF WAY,39.16650267,-86.5324
8,2,800.0,2-Car,Non-incapacitating,FAILURE TO YIELD RIGHT OF WAY,39.1665,-86.582999
2,5,2100.0,Pedestrian,Non-incapacitating,CELL PHONE USAGE,39.166499,-86.526899
2,3,1700.0,2-Car,No injury/unknown,OTHER (DRIVER) - EXPLAIN IN NARRATIVE,39.166499,-86.526899
8,6,1300.0,3+ Cars,No injury/unknown,OTHER (DRIVER) - EXPLAIN IN NARRATIVE,39.166499,-86.526899
1,6,1200.0,2-Car,No injury/unknown,IMPROPER TURNING,39.16649829,-86.52688914
3,1,1800.0,2-Car,No injury/unknown,UNSAFE BACKING,39.166496,-86.571216
4,4,1800.0,2-Car,No injury/unknown,OTHER (DRIVER) - EXPLAIN IN NARRATIVE,39.166496,-86.571216
9,2,1900.0,2-Car,No injury/unknown,UNSAFE BACKING,39.166496,-86.571216
9,1,1200.0,2-Car,No injury/unknown,UNSAFE BACKING,39.166496,-86.571216
10,4,700.0,3+ Cars,No injury/unknown,UNSAFE BACKING,39.166496,-86.571216
11,4,1900.0,2-Car,No injury/unknown,UNSAFE BACKING,39.166496,-86.571216
8,6,1500.0,2-Car,No injury/unknown,FAILURE TO YIELD RIGHT OF WAY,39.16648,-86.503472
6,7,1600.0,2-Car,Non-incapacitating,OTHER (DRIVER) - EXPLAIN IN NARRATIVE,39.166432,-86.4812
7,3,1200.0,2-Car,No injury/unknown,FOLLOWING TOO CLOSELY,39.166432,-86.4812
8,7,1400.0,2-Car,Non-incapacitating,IMPROPER LANE USAGE,39.16642043,-86.52688538
8,5,200.0,1-Car,No injury/unknown,UNSAFE SPEED,39.1664,-86.484192
2,7,1800.0,1-Car,No injury/unknown,ROADWAY SURFACE CONDITION,39.16629869,-86.509296