Month,Day,Hour,Collision Type,Injury Type,Primary Factor,Latitude,Longitude
5,3,1300.0,2-Car,No injury/unknown,OTHER (DRIVER) - EXPLAIN IN NARRATIVE,39.166275,-86.575999
2,5,1000.0,2-Car,No injury/unknown,OTHER (DRIVER) - EXPLAIN IN NARRATIVE,39.16626005,-86.53860125
7,6,1300.0,2-Car,Non-incapacitating,FOLLOWING TOO CLOSELY,39.16622126,-86.46713374
8,2,1500.0,2-Car,No injury/unknown,FAILURE TO YIELD RIGHT OF WAY,39.166218,-86.575999
1,3,1100.0,2-Car,No injury/unknown,OTHER (DRIVER) - EXPLAIN IN NARRATIVE,39.1662177,-86.51097988
10,6,1500.0,2-Car,No injury/unknown,UNSAFE BACKING,39.166144,-86.568
6,4,1700.0,Pedestrian,Non-incapacitating,PEDESTRIAN ACTION,39.16603725,-86.540199
11,2,1200.0,2-Car,No injury/unknown,FAILURE TO YIELD RIGHT OF WAY,39.16595234,-86.50992
5,5,1300.0,2-Car,No injury/unknown,ENGINE FAILURE OR DEFECTIVE,39.16592266,-86.5336
8,5,1800.0,Pedestrian,Non-incapacitating,PEDESTRIAN ACTION,39.165862,-86.535599
9,7,500.0,Moped/Motorcycle,Fatal,RAN OFF ROAD RIGHT,39.16580591,-86.65494832
12,4,100.0,1-Car,Non-incapacitating,RAN OFF ROAD RIGHT,39.16578549,-86.45361103
11,2,1300.0,2-Car,No injury/unknown,OTHER (DRIVER) - EXPLAIN IN NARRATIVE,39.165744,-86.545296
4,3,1500.0,2-Car,No injury/unknown,UNSAFE BACKING,39.1657329,-86.54414139
6,2,1100.0,Pedestrian,Non-incapacitating,OTHER (VEHICLE) - EXPLAIN IN NARRATIVE,39.1657316,-86.46876888
8,3,2100.0,1-Car,No injury/unknown,OTHER (DRIVER) - EXPLAIN IN NARRATIVE,39.165728,-86.543632
7,6,1700.0,2-Car,Non-incapacitating,DISREGARD SIGNAL/REG SIGN,39.165712,-86.542096
3,4,0.0,Moped/Motorcycle,Non-incapacitating,FAILURE TO YIELD RIGHT OF WAY,39.165696,-86.538592
4,2,1500.0,2-Car,No injury/unknown,FAILURE TO YIELD RIGHT OF WAY,39.165696,-86.538592
6,7,1100.0,2-Car,No injury/unknown,UNSAFE BACKING,39.165696,-86.538592
6,4,2100.0,1-Car,No injury/unknown,OTHER (ENVIRONMENTAL) - EXPLAIN IN NARR,39.16568,-86.537296
12,1,900.0,1-Car,No injury/unknown,UNSAFE SPEED,39.16566,-86.544205
3,2,1400.0,2-Car,No injury/unknown,FAILURE TO YIELD RIGHT OF WAY,39.165648,-86.52755364
7,3,1500.0,2-Car,No injury/unknown,OTHER (DRIVER) - EXPLAIN IN NARRATIVE,39.165648,-86.53136082
9,2,900.0,2-Car,No injury/unknown,IMPROPER TURNING,39.165648,-86.52698913
1,7,900.0,2-Car,No injury/unknown,UNSAFE BACKING,39.165648,-86.505792
3,6,1600.0,2-Car,No injury/unknown,FOLLOWING TOO CLOSELY,39.165648,-86.5336
3,7,200.0,2-Car,No injury/unknown,OTHER (DRIVER) - EXPLAIN IN NARRATIVE,39.165648,-86.528144
4,4,1400.0,2-Car,No injury/unknown,FAILURE TO YIELD RIGHT OF WAY,39.165648,-86.5336
5,4,1900.0,2-Car,No injury/unknown,FAILURE TO YIELD RIGHT OF WAY,39.165648,-86.529712
5,4,700.0,2-Car,Non-incapacitating,DISREGARD SIGNAL/REG SIGN,39.165648,-86.5336
5,5,0.0,Pedestrian,Non-incapacitating,,39.165648,-86.5336
8,4,1200.0,2-Car,No injury/unknown,OTHER (DRIVER) - EXPLAIN IN NARRATIVE,39.165648,-86.526848
7,6,2100.0,2-Car,No injury/unknown,OTHER (DRIVER) - EXPLAIN IN NARRATIVE,39.165648,-86.526848
8,5,1700.0,2-Car,No injury/unknown,FOLLOWING TOO CLOSELY,39.165648,-86.5336
8,6,1300.0,2-Car,No injury/unknown,FAILURE TO YIELD RIGHT OF WAY,39.165648,-86.531008
9,3,1200.0,2-Car,No injury/unknown,FAILURE TO YIELD RIGHT OF WAY,39.165648,-86.528144
9,1,1500.0,2-Car,No injury/unknown,UNSAFE BACKING,39.165648,-86.526848
9,6,1300.0,2-Car,Non-incapacitating,FAILURE TO YIELD RIGHT OF WAY,39.165648,-86.5336
10,5,1800.0,1-Car,Non-incapacitating,PEDESTRIAN ACTION,39.165648,-86.528144
10,6,100.0,2-Car,Non-incapacitating,ALCOHOLIC BEVERAGES,39.165648,-86.5324
11,2,1600.0,Moped/Motorcycle,Non-incapacitating,FAILURE TO YIELD RIGHT OF WAY,39.165648,-86.529712
11,3,100.0,Cyclist,Non-incapacitating,DISREGARD SIGNAL/REG SIGN,39.165648,-86.5336
11,3,2300.0,2-Car,No injury/unknown,IMPROPER TURNING,39.165648,-86.52795886
11,4,1200.0,2-Car,No injury/unknown,UNSAFE BACKING,39.165648,-86.5336
11,2,1900.0,2-Car,No injury/unknown,FAILURE TO YIELD RIGHT OF WAY,39.165648,-86.5324
12,7,1600.0,2-Car,No injury/unknown,UNSAFE BACKING,39.16562,-86.575999
12,2,1300.0,2-Car,No injury/unknown,FAILURE TO YIELD RIGHT OF WAY,39.16562,-86.576
2,6,1300.0,2-Car,No injury/unknown,DISREGARD SIGNAL/REG SIGN,39.1656,-86.538699
4,7,1900.0,2-Car,No injury/unknown,OTHER (DRIVER) - EXPLAIN IN NARRATIVE,39.1656,-86.53232
6,6,500.0,1-Car,No injury/unknown,OTHER (DRIVER) - EXPLAIN IN NARRATIVE,39.1656,-86.544187
3,5,1700.0,2-Car,No injury/unknown,UNSAFE BACKING,39.165576,-86.516312
11,2,1100.0,2-Car,No injury/unknown,OTHER (DRIVER) - EXPLAIN IN NARRATIVE,39.16556,-86.52822135
11,7,1400.0,Cyclist,Non-incapacitating,OTHER (DRIVER) - EXPLAIN IN NARRATIVE,39.16556,-86.52982
7,4,1300.0,1-Car,No injury/unknown,OTHER (DRIVER) - EXPLAIN IN NARRATIVE,39.165488,-86.534899
4,6,1500.0,2-Car,No injury/unknown,DRIVER DISTRACTED - EXPLAIN IN NARRATIVE,39.16547489,-86.46939271
11,6,1400.0,2-Car,No injury/unknown,OTHER (DRIVER) - EXPLAIN IN NARRATIVE,39.16547489,-86.46939271
6,5,1600.0,2-Car,No injury/unknown,OTHER (DRIVER) - EXPLAIN IN NARRATIVE,39.16546286,-86.5336
4,2,1500.0,Bus,No injury/unknown,OTHER (DRIVER) - EXPLAIN IN NARRATIVE,39.165401,-86.516399
5,5,1700.0,2-Car,No injury/unknown,OTHER (DRIVER) - EXPLAIN IN NARRATIVE,39.1654,-86.582999
6,6,2000.0,3+ Cars,No injury/unknown,DISREGARD SIGNAL/REG SIGN,39.1654,-86.582999
11,7,1000.0,2-Car,No injury/unknown,OTHER (DRIVER) - EXPLAIN IN NARRATIVE,39.1654,-86.51644461
9,6,1600.0,3+ Cars,Non-incapacitating,DRIVER DISTRACTED - EXPLAIN IN NARRATIVE,39.16533862,-86.495088
9,1,1100.0,2-Car,No injury/unknown,FAILURE TO YIELD RIGHT OF WAY,39.16529,-86.51088702
8,4,1300.0,2-Car,No injury/unknown,OTHER (DRIVER) - EXPLAIN IN NARRATIVE,39.1651582,-86.52812441
6,7,1400.0,2-Car,No injury/unknown,UNSAFE BACKING,39.165112,-86.494956
9,4,700.0,2-Car,No injury/unknown,DRIVER DISTRACTED - EXPLAIN IN NARRATIVE,39.16504,-86.61052759
9,7,1200.0,Moped/Motorcycle,Non-incapacitating,OTHER (DRIVER) - EXPLAIN IN NARRATIVE,39.16499973,-86.4523412
7,2,1700.0,2-Car,No injury/unknown,IMPROPER TURNING,39.16485979,-86.52681647
2,3,1300.0,2-Car,No injury/unknown,FAILURE TO YIELD RIGHT OF WAY,39.16485453,-86.59907373
6,4,1600.0,2-Car,No injury/unknown,UNSAFE SPEED,39.16484801,-86.59675118
6,3,1500.0,2-Car,No injury/unknown,DRIVER DISTRACTED - EXPLAIN IN NARRATIVE,39.164848,-86.58943918
12,5,1000.0,2-Car,No injury/unknown,FAILURE TO YIELD RIGHT OF WAY,39.164848,-86.58360163
8,4,1400.0,2-Car,Non-incapacitating,FAILURE TO YIELD RIGHT OF WAY,39.164848,-86.58324882
1,2,1600.0,2-Car,No injury/unknown,UNSAFE SPEED,39.164848,-86.57962482
1,5,1700.0,2-Car,No injury/unknown,UNSAFE BACKING,39.164848,-86.581504
2,5,1700.0,2-Car,No injury/unknown,FOLLOWING TOO CLOSELY,39.164848,-86.57487674
4,1,1300.0,2-Car,No injury/unknown,UNSAFE BACKING,39.164848,-86.57487674
4,2,1400.0,2-Car,No injury/unknown,UNSAFE BACKING,39.164848,-86.575104
5,6,1300.0,3+ Cars,No injury/unknown,DRIVER DISTRACTED - EXPLAIN IN NARRATIVE,39.164848,-86.57440327
5,5,800.0,2-Car,No injury/unknown,FOLLOWING TOO CLOSELY,39.164848,-86.582896
5,6,1500.0,2-Car,No injury/unknown,UNSAFE BACKING,39.164848,-86.5772784
6,6,1500.0,2-Car,No injury/unknown,UNSAFE BACKING,39.164848,-86.580096
6,3,1200.0,3+ Cars,No injury/unknown,FOLLOWING TOO CLOSELY,39.164848,-86.582896
7,6,1500.0,2-Car,No injury/unknown,UNSAFE BACKING,39.164848,-86.57487674
9,5,1200.0,2-Car,No injury/unknown,UNSAFE BACKING,39.164848,-86.57634041
9,5,1600.0,1-Car,No injury/unknown,UNSAFE SPEED,39.164848,-86.601792
8,5,1700.0,2-Car,No injury/unknown,IMPROPER TURNING,39.16483309,-86.47095228
8,5,1900.0,2-Car,No injury/unknown,IMPROPER TURNING,39.16483309,-86.47095228
9,4,1800.0,2-Car,No injury/unknown,OTHER (DRIVER) - EXPLAIN IN NARRATIVE,39.164832,-86.582048
11,7,700.0,2-Car,No injury/unknown,UNSAFE BACKING,39.164832,-86.582048
2,6,1400.0,2-Car,No injury/unknown,FAILURE TO YIELD RIGHT OF WAY,39.16482122,-86.5789551
6,2,1900.0,2-Car,No injury/unknown,IMPROPER TURNING,39.16482122,-86.5789551
9,7,1100.0,2-Car,No injury/unknown,IMPROPER PASSING,39.16481678,-86.495088
3,2,1200.0,2-Car,No injury/unknown,UNSAFE BACKING,39.164816,-86.573888
4,2,900.0,2-Car,No injury/unknown,IMPROPER TURNING,39.164816,-86.573888
7,3,1200.0,2-Car,No injury/unknown,FAILURE TO YIELD RIGHT OF WAY,39.164816,-86.573888
1,1,1200.0,2-Car,No injury/unknown,FOLLOWING TOO CLOSELY,39.1648,-86.573792
6,2,1800.0,2-Car,No injury/unknown,DISREGARD SIGNAL/REG SIGN,39.1648,-86.570199
9,4,1600.0,2-Car,No injury/unknown,DISREGARD SIGNAL/REG SIGN,39.1648,-86.573792
9,6,1600.0,2-Car,No injury/unknown,FAILURE TO YIELD RIGHT OF WAY,39.1648,-86.573792
2,4,1500.0,2-Car,No injury/unknown,CELL PHONE USAGE,39.16476574,-86.59224123
6,1,0.0,2-Car,No injury/unknown,FAILURE TO YIELD RIGHT OF WAY,39.16476574,-86.59228452
8,5,1600.0,2-Car,No injury/unknown,DRIVER DISTRACTED - EXPLAIN IN NARRATIVE,39.16476574,-86.59225855
7,3,600.0,2-Car,No injury/unknown,DRIVER ASLEEP OR FATIGUED,39.16476574,-86.59228452
2,6,1000.0,2-Car,No injury/unknown,FAILURE TO YIELD RIGHT OF WAY,39.16475531,-86.533199
1,3,2300.0,2-Car,Non-incapacitating,OTHER (DRIVER) - EXPLAIN IN NARRATIVE,39.164752,-86.573104
1,1,1300.0,2-Car,No injury/unknown,DISREGARD SIGNAL/REG SIGN,39.164752,-86.573104
3,1,800.0,2-Car,No injury/unknown,FAILURE TO YIELD RIGHT OF WAY,39.164752,-86.573104
3,3,2000.0,2-Car,No injury/unknown,OTHER (DRIVER) - EXPLAIN IN NARRATIVE,39.164752,-86.573104
3,4,1700.0,2-Car,No injury/unknown,FOLLOWING TOO CLOSELY,39.164752,-86.573104
4,3,1400.0,2-Car,No injury/unknown,FOLLOWING TOO CLOSELY,39.164752,-86.573104
6,2,1900.0,2-Car,No injury/unknown,OTHER (DRIVER) - EXPLAIN IN NARRATIVE,39.164752,-86.573104
6,6,1200.0,2-Car,Non-incapacitating,DRIVER DISTRACTED - EXPLAIN IN NARRATIVE,39.164752,-86.573104
6,6,1400.0,2-Car,Non-incapacitating,IMPROPER TURNING,39.164752,-86.573104
7,6,1600.0,1-Car,Non-incapacitating,DRIVER DISTRACTED - EXPLAIN IN NARRATIVE,39.164752,-86.573104
7,7,2100.0,1-Car,No injury/unknown,ACCELERATOR FAILURE OR DEFECTIVE,39.164752,-86.573104
8,2,1500.0,2-Car,Non-incapacitating,DRIVER DISTRACTED - EXPLAIN IN NARRATIVE,39.164752,-86.573104
9,7,1500.0,2-Car,No injury/unknown,FOLLOWING TOO CLOSELY,39.164752,-86.573104
11,5,1300.0,2-Car,No injury/unknown,FOLLOWING TOO CLOSELY,39.164752,-86.573104
11,4,1300.0,2-Car,Non-incapacitating,DISREGARD SIGNAL/REG SIGN,39.164752,-86.573104
3,6,2300.0,2-Car,No injury/unknown,IMPROPER TURNING,39.16474251,-86.57282163
11,3,1500.0,2-Car,No injury/unknown,UNSAFE SPEED,39.16474,-86.59259
4,1,1500.0,2-Car,No injury/unknown,UNSAFE BACKING,39.16472542,-86.57231336
2,6,800.0,2-Car,Non-incapacitating,DISREGARD SIGNAL/REG SIGN,39.16472,-86.538592
2,6,1700.0,2-Car,No injury/unknown,DRIVER DISTRACTED - EXPLAIN IN NARRATIVE,39.16472,-86.538592
4,4,1800.0,2-Car,Non-incapacitating,FAILURE TO YIELD RIGHT OF WAY,39.16472,-86.538592
4,3,1400.0,2-Car,Non-incapacitating,FAILURE TO YIELD RIGHT OF WAY,39.16472,-86.538592
11,4,900.0,2-Car,Non-incapacitating,FAILURE TO YIELD RIGHT OF WAY,39.16472,-86.538592
11,4,1800.0,2-Car,No injury/unknown,DISREGARD SIGNAL/REG SIGN,39.16472,-86.538592
7,2,1500.0,2-Car,No injury/unknown,IMPROPER LANE USAGE,39.16471782,-86.53841562
12,5,1600.0,2-Car,No injury/unknown,FOLLOWING TOO CLOSELY,39.16470473,-86.47126419
2,6,1000.0,2-Car,No injury/unknown,FAILURE TO YIELD RIGHT OF WAY,39.164704,-86.537296
3,1,1400.0,Cyclist,Incapacitating,OTHER (DRIVER) - EXPLAIN IN NARRATIVE,39.164704,-86.537296
11,1,1400.0,2-Car,No injury/unknown,DRIVER ILLNESS,39.164704,-86.537296
3,5,1800.0,2-Car,No injury/unknown,OTHER (DRIVER) - EXPLAIN IN NARRATIVE,39.1647,-86.582025
4,6,2300.0,2-Car,No injury/unknown,OTHER (DRIVER) - EXPLAIN IN NARRATIVE,39.1647,-86.586573
5,6,800.0,1-Car,Non-incapacitating,OTHER (DRIVER) - EXPLAIN IN NARRATIVE,39.1647,-86.581313
8,6,1200.0,1-Car,No injury/unknown,OVERCORRECTING/OVERSTEERING,39.1647,-86.587249
8,7,2100.0,2-Car,Non-incapacitating,FAILURE TO YIELD RIGHT OF WAY,39.1647,-86.582701
2,5,1600.0,3+ Cars,No injury/unknown,FOLLOWING TOO CLOSELY,39.164688,-86.5712
3,5,1500.0,1-Car,No injury/unknown,STEERING FAILURE,39.164688,-86.5712
3,5,1400.0,2-Car,Non-incapacitating,FAILURE TO YIELD RIGHT OF WAY,39.164688,-86.5712
5,4,1500.0,2-Car,Non-incapacitating,FOLLOWING TOO CLOSELY,39.164688,-86.5712
5,4,1600.0,3+ Cars,No injury/unknown,FOLLOWING TOO CLOSELY,39.164688,-86.5712
7,5,500.0,2-Car,No injury/unknown,OTHER (DRIVER) - EXPLAIN IN NARRATIVE,39.164688,-86.5712
7,3,1500.0,2-Car,No injury/unknown,FOLLOWING TOO CLOSELY,39.164688,-86.5712
10,6,1700.0,3+ Cars,Non-incapacitating,UNSAFE SPEED,39.164688,-86.5712
5,1,500.0,1-Car,No injury/unknown,OTHER (DRIVER) - EXPLAIN IN NARRATIVE,39.16468752,-86.536299
4,5,800.0,2-Car,No injury/unknown,FAILURE TO YIELD RIGHT OF WAY,39.16468378,-86.58291168
6,7,0.0,2-Car,Non-incapacitating,FAILURE TO YIELD RIGHT OF WAY,39.16468378,-86.58292033
6,5,2200.0,2-Car,No injury/unknown,FAILURE TO YIELD RIGHT OF WAY,39.16468378,-86.58292033
6,3,1300.0,2-Car,No injury/unknown,OTHER (DRIVER) - EXPLAIN IN NARRATIVE,39.16466571,-86.57011178
9,6,1200.0,2-Car,Non-incapacitating,FAILURE TO YIELD RIGHT OF WAY,39.16466,-86.58296329
9,4,2100.0,2-Car,No injury/unknown,FAILURE TO YIELD RIGHT OF WAY,39.16466,-86.58291134
9,4,600.0,2-Car,Non-incapacitating,FAILURE TO YIELD RIGHT OF WAY,39.16466,-86.58292
10,1,2000.0,2-Car,Non-incapacitating,FAILURE TO YIELD RIGHT OF WAY,39.16466,-86.58292
10,4,1400.0,3+ Cars,No injury/unknown,OTHER (DRIVER) - EXPLAIN IN NARRATIVE,39.16466,-86.58292
10,1,900.0,2-Car,Non-incapacitating,DRIVER DISTRACTED - EXPLAIN IN NARRATIVE,39.164641,-86.580335
8,4,1500.0,2-Car,No injury/unknown,FOLLOWING TOO CLOSELY,39.16464,-86.56446278
9,3,1600.0,2-Car,No injury/unknown,FOLLOWING TOO CLOSELY,39.16464,-86.53067119
10,7,1600.0,2-Car,No injury/unknown,FOLLOWING TOO CLOSELY,39.16464,-86.52937519
1,6,2200.0,1-Car,No injury/unknown,SPEED TOO FAST FOR WEATHER CONDITIONS,39.16464,-86.529728
1,2,900.0,2-Car,No injury/unknown,DISREGARD SIGNAL/REG SIGN,39.16464,-86.5324
1,2,1700.0,2-Car,No injury/unknown,OTHER (DRIVER) - EXPLAIN IN NARRATIVE,39.16464,-86.5324
1,6,1800.0,2-Car,No injury/unknown,FAILURE TO YIELD RIGHT OF WAY,39.16464,-86.531024
1,1,2200.0,2-Car,No injury/unknown,FAILURE TO YIELD RIGHT OF WAY,39.16464,-86.534816
1,4,1300.0,2-Car,No injury/unknown,DISREGARD SIGNAL/REG SIGN,39.16464,-86.5324
1,4,1900.0,2-Car,No injury/unknown,FAILURE TO YIELD RIGHT OF WAY,39.16464,-86.5324
1,5,1300.0,2-Car,No injury/unknown,DISREGARD SIGNAL/REG SIGN,39.16464,-86.5324
1,3,1600.0,2-Car,No injury/unknown,FOLLOWING TOO CLOSELY,39.16464,-86.56870563
1,3,1500.0,2-Car,No injury/unknown,IMPROPER LANE USAGE,39.16464,-86.5662049
2,6,1800.0,1-Car,No injury/unknown,UNSAFE BACKING,39.16464,-86.53086531
2,2,1500.0,2-Car,No injury/unknown,DISREGARD SIGNAL/REG SIGN,39.16464,-86.5324
2,3,1600.0,2-Car,No injury/unknown,SPEED TOO FAST FOR WEATHER CONDITIONS,39.16464,-86.531024
2,4,1500.0,2-Car,No injury/unknown,DISREGARD SIGNAL/REG SIGN,39.16464,-86.5324
2,6,2200.0,Bus,No injury/unknown,OTHER (DRIVER) - EXPLAIN IN NARRATIVE,39.16464,-86.531024
2,3,1900.0,2-Car,No injury/unknown,DISREGARD SIGNAL/REG SIGN,39.16464,-86.5336
2,3,1600.0,2-Car,No injury/unknown,FAILURE TO YIELD RIGHT OF WAY,39.16464,-86.568
3,5,1100.0,2-Car,No injury/unknown,FAILURE TO YIELD RIGHT OF WAY,39.16464,-86.568
3,6,1200.0,2-Car,No injury/unknown,FAILURE TO YIELD RIGHT OF WAY,39.16464,-86.529728
3,2,1200.0,2-Car,No injury/unknown,OTHER (DRIVER) - EXPLAIN IN NARRATIVE,39.16464,-86.534816
3,1,1300.0,2-Car,No injury/unknown,OTHER (DRIVER) - EXPLAIN IN NARRATIVE,39.16464,-86.56913891
3,6,1900.0,2-Car,Non-incapacitating,DISREGARD SIGNAL/REG SIGN,39.16464,-86.5324
3,5,2200.0,2-Car,No injury/unknown,FAILURE TO YIELD RIGHT OF WAY,39.16464,-86.531024
4,2,2100.0,2-Car,No injury/unknown,OTHER (DRIVER) - EXPLAIN IN NARRATIVE,39.16464,-86.564992
4,2,1100.0,2-Car,No injury/unknown,DISREGARD SIGNAL/REG SIGN,39.16464,-86.534816
4,2,1500.0,2-Car,No injury/unknown,DISREGARD SIGNAL/REG SIGN,39.16464,-86.534816
4,4,600.0,2-Car,No injury/unknown,FAILURE TO YIELD RIGHT OF WAY,39.16464,-86.568
4,6,1400.0,2-Car,Non-incapacitating,FAILURE TO YIELD RIGHT OF WAY,39.16464,-86.5324
4,4,800.0,2-Car,Non-incapacitating,DISREGARD SIGNAL/REG SIGN,39.16464,-86.534816
4,5,1500.0,2-Car,No injury/unknown,UNSAFE BACKING,39.16464,-86.5309182
4,2,1300.0,2-Car,No injury/unknown,IMPROPER PASSING,39.16464,-86.568
5,3,1000.0,Moped/Motorcycle,Non-incapacitating,OTHER (DRIVER) - EXPLAIN IN NARRATIVE,39.16464,-86.5662049
5,6,1600.0,2-Car,No injury/unknown,OTHER (DRIVER) - EXPLAIN IN NARRATIVE,39.16464,-86.5324
6,2,1200.0,2-Car,No injury/unknown,DISREGARD SIGNAL/REG SIGN,39.16464,-86.5324
6,4,600.0,2-Car,No injury/unknown,DRIVER DISTRACTED - EXPLAIN IN NARRATIVE,39.16464,-86.5336
6,2,1000.0,2-Car,Non-incapacitating,FAILURE TO YIELD RIGHT OF WAY,39.16464,-86.568
6,3,1200.0,2-Car,No injury/unknown,FAILURE TO YIELD RIGHT OF WAY,39.16464,-86.534816
6,5,2000.0,Moped/Motorcycle,Non-incapacitating,OTHER (DRIVER) - EXPLAIN IN NARRATIVE,39.16464,-86.531024
6,4,1700.0,2-Car,No injury/unknown,OTHER (DRIVER) - EXPLAIN IN NARRATIVE,39.16464,-86.56913891
6,5,1600.0,2-Car,Incapacitating,DISREGARD SIGNAL/REG SIGN,39.16464,-86.531024
7,4,1900.0,2-Car,No injury/unknown,DISREGARD SIGNAL/REG SIGN,39.16464,-86.5324
7,6,900.0,2-Car,No injury/unknown,FOLLOWING TOO CLOSELY,39.16464,-86.531024
7,7,1600.0,2-Car,No injury/unknown,IMPROPER TURNING,39.16464,-86.534816
7,5,1500.0,3+ Cars,No injury/unknown,DISREGARD SIGNAL/REG SIGN,39.16464,-86.5336
7,6,1400.0,2-Car,Non-incapacitating,FOLLOWING TOO CLOSELY,39.16464,-86.529728
7,2,1600.0,2-Car,No injury/unknown,FOLLOWING TOO CLOSELY,39.16464,-86.529728
8,4,100.0,1-Car,No injury/unknown,UNSAFE BACKING,39.16464,-86.56535587
8,6,1600.0,2-Car,No injury/unknown,UNSAFE BACKING,39.16464,-86.53086531
8,3,1200.0,Moped/Motorcycle,Incapacitating,OTHER (DRIVER) - EXPLAIN IN NARRATIVE,39.16464,-86.568
8,5,300.0,1-Car,No injury/unknown,ALCOHOLIC BEVERAGES,39.16464,-86.568
8,4,900.0,2-Car,No injury/unknown,OTHER (DRIVER) - EXPLAIN IN NARRATIVE,39.16464,-86.534816
8,5,1800.0,2-Car,No injury/unknown,DISREGARD SIGNAL/REG SIGN,39.16464,-86.5324
8,2,1500.0,2-Car,No injury/unknown,DISREGARD SIGNAL/REG SIGN,39.16464,-86.5336
9,7,1300.0,2-Car,No injury/unknown,FOLLOWING TOO CLOSELY,39.16464,-86.529728
9,5,1500.0,2-Car,No injury/unknown,DISREGARD SIGNAL/REG SIGN,39.16464,-86.5324
9,5,1800.0,2-Car,No injury/unknown,IMPROPER TURNING,39.16464,-86.5336
9,1,0.0,2-Car,No injury/unknown,DISREGARD SIGNAL/REG SIGN,39.16464,-86.5324
9,3,1300.0,3+ Cars,No injury/unknown,FOLLOWING TOO CLOSELY,39.16464,-86.564992
9,2,1100.0,2-Car,No injury/unknown,FOLLOWING TOO CLOSELY,39.16464,-86.531024
9,4,1200.0,2-Car,No injury/unknown,UNSAFE BACKING,39.16464,-86.531024
9,4,1200.0,2-Car,No injury/unknown,OTHER (DRIVER) - EXPLAIN IN NARRATIVE,39.16464,-86.5324
10,6,1300.0,2-Car,No injury/unknown,FOLLOWING TOO CLOSELY,39.16464,-86.5336
10,6,700.0,1-Car,No injury/unknown,DRIVER DISTRACTED - EXPLAIN IN NARRATIVE,39.16464,-86.534816
10,2,1800.0,2-Car,No injury/unknown,FOLLOWING TOO CLOSELY,39.16464,-86.534816
10,2,1900.0,2-Car,Non-incapacitating,FOLLOWING TOO CLOSELY,39.16464,-86.534816
10,2,2000.0,1-Car,No injury/unknown,OTHER (DRIVER) - EXPLAIN IN NARRATIVE,39.16464,-86.52902237
10,2,2000.0,2-Car,No injury/unknown,OTHER (DRIVER) - EXPLAIN IN NARRATIVE,39.16464,-86.529728
10,6,800.0,2-Car,No injury/unknown,FAILURE TO YIELD RIGHT OF WAY,39.16464,-86.568
10,3,1900.0,2-Car,No injury/unknown,DISREGARD SIGNAL/REG SIGN,39.16464,-86.5324
11,5,1600.0,2-Car,No injury/unknown,FOLLOWING TOO CLOSELY,39.16464,-86.5336
11,5,1800.0,2-Car,No injury/unknown,FAILURE TO YIELD RIGHT OF WAY,39.16464,-86.5324
11,7,2200.0,2-Car,No injury/unknown,DRIVER DISTRACTED - EXPLAIN IN NARRATIVE,39.16464,-86.53211918
11,2,900.0,2-Car,Non-incapacitating,DISREGARD SIGNAL/REG SIGN,39.16464,-86.5324
11,3,1000.0,2-Car,No injury/unknown,UNSAFE BACKING,39.16464,-86.5324
11,5,1800.0,2-Car,No injury/unknown,FOLLOWING TOO CLOSELY,39.16464,-86.564992
12,7,1800.0,2-Car,No injury/unknown,DISREGARD SIGNAL/REG SIGN,39.16464,-86.5324
12,7,1100.0,2-Car,Non-incapacitating,DISREGARD SIGNAL/REG SIGN,39.16464,-86.534816
12,7,1200.0,Pedestrian,Non-incapacitating,FAILURE TO YIELD RIGHT OF WAY,39.16464,-86.5336
10,4,1700.0,2-Car,No injury/unknown,FOLLOWING TOO CLOSELY,39.16461,-86.57912134
10,7,2000.0,2-Car,No injury/unknown,FAILURE TO YIELD RIGHT OF WAY,39.16461,-86.57913
10,1,1400.0,2-Car,No injury/unknown,FOLLOWING TOO CLOSELY,39.16461,-86.57913
10,1,1800.0,2-Car,No injury/unknown,FAILURE TO YIELD RIGHT OF WAY,39.16461,-86.578686
11,3,1600.0,2-Car,No injury/unknown,FAILURE TO YIELD RIGHT OF WAY,39.16461,-86.57912134
2,2,1400.0,2-Car,No injury/unknown,FOLLOWING TOO CLOSELY,39.16460657,-86.56185824
10,3,1500.0,2-Car,No injury/unknown,OTHER (DRIVER) - EXPLAIN IN NARRATIVE,39.16460343,-86.5336
1,7,1600.0,2-Car,No injury/unknown,DRIVER DISTRACTED - EXPLAIN IN NARRATIVE,39.1646,-86.574799
2,5,1400.0,2-Car,No injury/unknown,FAILURE TO YIELD RIGHT OF WAY,39.1646,-86.574799
2,7,1500.0,2-Car,No injury/unknown,FOLLOWING TOO CLOSELY,39.1646,-86.574799
2,1,1500.0,2-Car,No injury/unknown,UNSAFE BACKING,39.1646,-86.57878
2,7,1900.0,2-Car,No injury/unknown,DISREGARD SIGNAL/REG SIGN,39.1646,-86.5778
2,5,2000.0,2-Car,No injury/unknown,OTHER (DRIVER) - EXPLAIN IN NARRATIVE,39.1646,-86.575999
3,7,1100.0,2-Car,Non-incapacitating,OTHER (DRIVER) - EXPLAIN IN NARRATIVE,39.1646,-86.568798
3,4,1200.0,2-Car,No injury/unknown,OTHER (DRIVER) - EXPLAIN IN NARRATIVE,39.1646,-86.569793
4,3,1200.0,2-Car,No injury/unknown,FAILURE TO YIELD RIGHT OF WAY,39.1646,-86.568798
4,5,1700.0,2-Car,No injury/unknown,IMPROPER LANE USAGE,39.1646,-86.570165
5,4,2100.0,Pedestrian,Non-incapacitating,OTHER (DRIVER) - EXPLAIN IN NARRATIVE,39.1646,-86.569771
5,5,1500.0,2-Car,No injury/unknown,OTHER (DRIVER) - EXPLAIN IN NARRATIVE,39.1646,-86.574799