Month,Day,Hour,Collision Type,Injury Type,Primary Factor,Latitude,Longitude
5,5,1600.0,3+ Cars,Non-incapacitating,DISREGARD SIGNAL/REG SIGN,39.1646,-86.574799
5,1,1700.0,2-Car,No injury/unknown,OTHER (DRIVER) - EXPLAIN IN NARRATIVE,39.1646,-86.569773
6,3,1500.0,2-Car,No injury/unknown,FAILURE TO YIELD RIGHT OF WAY,39.1646,-86.57477736
6,6,1700.0,3+ Cars,No injury/unknown,FOLLOWING TOO CLOSELY,39.1646,-86.5778
6,5,1400.0,2-Car,No injury/unknown,FAILURE TO YIELD RIGHT OF WAY,39.1646,-86.56949367
6,5,500.0,2-Car,No injury/unknown,OTHER (DRIVER) - EXPLAIN IN NARRATIVE,39.1646,-86.532137
6,2,1900.0,2-Car,No injury/unknown,OTHER (DRIVER) - EXPLAIN IN NARRATIVE,39.1646,-86.578707
7,2,1500.0,Bus,No injury/unknown,FAILURE TO YIELD RIGHT OF WAY,39.1646,-86.574799
7,2,800.0,Moped/Motorcycle,Non-incapacitating,DISREGARD SIGNAL/REG SIGN,39.1646,-86.5778
8,5,1500.0,2-Car,No injury/unknown,FOLLOWING TOO CLOSELY,39.1646,-86.57778268
8,6,1800.0,3+ Cars,Non-incapacitating,IMPROPER LANE USAGE,39.1646,-86.57778701
8,2,1600.0,2-Car,No injury/unknown,FOLLOWING TOO CLOSELY,39.1646,-86.57479034
3,2,1900.0,2-Car,No injury/unknown,FAILURE TO YIELD RIGHT OF WAY,39.1645984,-86.57596037
3,7,1200.0,2-Car,No injury/unknown,FAILURE TO YIELD RIGHT OF WAY,39.1645984,-86.57618577
6,2,1600.0,2-Car,No injury/unknown,DISREGARD SIGNAL/REG SIGN,39.1645984,-86.57913641
6,7,1200.0,2-Car,Non-incapacitating,FOLLOWING TOO CLOSELY,39.1645984,-86.57596903
8,3,1200.0,2-Car,No injury/unknown,DISREGARD SIGNAL/REG SIGN,39.1645984,-86.57596037
12,5,1800.0,2-Car,No injury/unknown,FAILURE TO YIELD RIGHT OF WAY,39.1645984,-86.57596037
11,5,1700.0,3+ Cars,No injury/unknown,DISREGARD SIGNAL/REG SIGN,39.16459,-86.5762
12,6,1600.0,2-Car,No injury/unknown,FAILURE TO YIELD RIGHT OF WAY,39.16459,-86.5762
12,4,1800.0,2-Car,No injury/unknown,PRESCRIPTION DRUGS,39.16459,-86.5762
10,1,2000.0,2-Car,No injury/unknown,DRIVER DISTRACTED - EXPLAIN IN NARRATIVE,39.16458,-86.57018134
12,3,1800.0,3+ Cars,Non-incapacitating,OTHER (DRIVER) - EXPLAIN IN NARRATIVE,39.164572,-86.569857
12,7,1800.0,Cyclist,Non-incapacitating,DRIVER DISTRACTED - EXPLAIN IN NARRATIVE,39.164571,-86.569804
8,7,1200.0,2-Car,No injury/unknown,UNSAFE BACKING,39.16455981,-86.55584763
7,7,800.0,3+ Cars,Non-incapacitating,OTHER (DRIVER) - EXPLAIN IN NARRATIVE,39.164544,-86.560096
8,7,1100.0,3+ Cars,No injury/unknown,FAILURE TO YIELD RIGHT OF WAY,39.164544,-86.560096
9,2,1600.0,2-Car,No injury/unknown,OTHER (DRIVER) - EXPLAIN IN NARRATIVE,39.164544,-86.560096
10,5,2000.0,2-Car,No injury/unknown,FAILURE TO YIELD RIGHT OF WAY,39.164544,-86.560096
9,2,1100.0,2-Car,No injury/unknown,FAILURE TO YIELD RIGHT OF WAY,39.16454,-86.56799
2,7,1100.0,2-Car,No injury/unknown,ROADWAY SURFACE CONDITION,39.164527,-86.575293
9,4,2100.0,2-Car,No injury/unknown,OTHER (DRIVER) - EXPLAIN IN NARRATIVE,39.164526,-86.566533
4,5,500.0,2-Car,No injury/unknown,OTHER (DRIVER) - EXPLAIN IN NARRATIVE,39.164522,-86.582869
3,4,2000.0,2-Car,No injury/unknown,UNSAFE BACKING,39.16452114,-86.551072
3,3,1700.0,2-Car,No injury/unknown,FAILURE TO YIELD RIGHT OF WAY,39.16451466,-86.495088
6,6,1600.0,2-Car,No injury/unknown,FAILURE TO YIELD RIGHT OF WAY,39.16451466,-86.495088
8,4,1700.0,2-Car,No injury/unknown,OTHER (DRIVER) - EXPLAIN IN NARRATIVE,39.16451466,-86.495088
11,6,900.0,2-Car,Non-incapacitating,FAILURE TO YIELD RIGHT OF WAY,39.16451466,-86.495088
8,5,1400.0,2-Car,No injury/unknown,DRIVER ILLNESS,39.1645144,-86.49292885
5,5,1500.0,2-Car,No injury/unknown,UNSAFE BACKING,39.16450961,-86.57464898
2,1,900.0,2-Car,No injury/unknown,UNSAFE BACKING,39.1645,-86.566664
5,4,1600.0,2-Car,No injury/unknown,WRONG WAY ON ONE WAY,39.164488,-86.54969829
11,6,1600.0,2-Car,No injury/unknown,OTHER (DRIVER) - EXPLAIN IN NARRATIVE,39.16446694,-86.53481763
5,3,400.0,1-Car,No injury/unknown,VIEW OBSTRUCTED,39.164448,-86.52644719
1,4,800.0,2-Car,No injury/unknown,OTHER (VEHICLE) - EXPLAIN IN NARRATIVE,39.164448,-86.52798769
1,4,800.0,2-Car,No injury/unknown,IMPROPER TURNING,39.164448,-86.528096
1,1,300.0,1-Car,No injury/unknown,OVERCORRECTING/OVERSTEERING,39.164448,-86.528096
1,2,1400.0,2-Car,No injury/unknown,UNSAFE SPEED,39.164448,-86.525792
1,7,2100.0,2-Car,No injury/unknown,FOLLOWING TOO CLOSELY,39.164448,-86.5268
2,6,1100.0,2-Car,Non-incapacitating,FAILURE TO YIELD RIGHT OF WAY,39.164448,-86.471888
2,5,1500.0,3+ Cars,Non-incapacitating,FOLLOWING TOO CLOSELY,39.164448,-86.525792
2,2,1400.0,2-Car,No injury/unknown,DISREGARD SIGNAL/REG SIGN,39.164448,-86.5268
2,7,300.0,2-Car,No injury/unknown,SPEED TOO FAST FOR WEATHER CONDITIONS,39.164448,-86.5268
3,5,700.0,3+ Cars,No injury/unknown,ROADWAY SURFACE CONDITION,39.164448,-86.528096
4,5,1200.0,3+ Cars,No injury/unknown,FOLLOWING TOO CLOSELY,39.164448,-86.471888
4,2,1100.0,2-Car,No injury/unknown,DISREGARD SIGNAL/REG SIGN,39.164448,-86.528096
5,7,1600.0,2-Car,No injury/unknown,OTHER (DRIVER) - EXPLAIN IN NARRATIVE,39.164448,-86.471888
6,4,1400.0,2-Car,No injury/unknown,OTHER (DRIVER) - EXPLAIN IN NARRATIVE,39.164448,-86.528096
6,5,2300.0,3+ Cars,No injury/unknown,BRAKE FAILURE OR DEFECTIVE,39.164448,-86.471888
6,5,1400.0,2-Car,No injury/unknown,DISREGARD SIGNAL/REG SIGN,39.164448,-86.5268
6,2,1400.0,2-Car,No injury/unknown,FOLLOWING TOO CLOSELY,39.164448,-86.5268
7,2,1200.0,2-Car,No injury/unknown,FOLLOWING TOO CLOSELY,39.164448,-86.471888
7,6,1400.0,2-Car,No injury/unknown,SPEED TOO FAST FOR WEATHER CONDITIONS,39.164448,-86.528096
8,3,2100.0,2-Car,Non-incapacitating,FAILURE TO YIELD RIGHT OF WAY,39.164448,-86.471888
8,1,1500.0,2-Car,No injury/unknown,FOLLOWING TOO CLOSELY,39.164448,-86.471888
8,2,1500.0,1-Car,No injury/unknown,BRAKE FAILURE OR DEFECTIVE,39.164448,-86.528096
8,5,1800.0,2-Car,No injury/unknown,DISREGARD SIGNAL/REG SIGN,39.164448,-86.471888
9,6,1300.0,2-Car,No injury/unknown,DISREGARD SIGNAL/REG SIGN,39.164448,-86.471888
9,5,1200.0,2-Car,No injury/unknown,ROADWAY SURFACE CONDITION,39.164448,-86.5268
9,6,1800.0,2-Car,No injury/unknown,IMPROPER LANE USAGE,39.164448,-86.471888
9,7,2300.0,2-Car,No injury/unknown,DISREGARD SIGNAL/REG SIGN,39.164448,-86.528096
9,4,900.0,2-Car,No injury/unknown,IMPROPER LANE USAGE,39.164448,-86.5268
9,6,1500.0,2-Car,No injury/unknown,FOLLOWING TOO CLOSELY,39.164448,-86.525792
10,6,1600.0,2-Car,No injury/unknown,DISREGARD SIGNAL/REG SIGN,39.164448,-86.5268
10,1,1600.0,2-Car,No injury/unknown,OTHER (DRIVER) - EXPLAIN IN NARRATIVE,39.164448,-86.471888
11,5,1600.0,2-Car,Non-incapacitating,FOLLOWING TOO CLOSELY,39.164448,-86.471888
11,3,2100.0,2-Car,Non-incapacitating,FAILURE TO YIELD RIGHT OF WAY,39.164448,-86.471888
11,1,400.0,2-Car,No injury/unknown,,39.164448,-86.5268
12,1,100.0,2-Car,No injury/unknown,ALCOHOLIC BEVERAGES,39.164448,-86.5268
12,4,800.0,2-Car,No injury/unknown,OTHER (DRIVER) - EXPLAIN IN NARRATIVE,39.164448,-86.528096
12,5,2200.0,2-Car,No injury/unknown,UNSAFE BACKING,39.164448,-86.5268
7,3,1300.0,2-Car,No injury/unknown,FOLLOWING TOO CLOSELY,39.1644443,-86.52566861
9,2,1200.0,2-Car,No injury/unknown,UNSAFE BACKING,39.16443758,-86.54775367
3,2,1900.0,3+ Cars,No injury/unknown,FOLLOWING TOO CLOSELY,39.16443743,-86.52543945
11,5,1800.0,2-Car,No injury/unknown,IMPROPER PASSING,39.16442686,-86.5250869
2,2,600.0,2-Car,No injury/unknown,UNSAFE BACKING,39.16442405,-86.54723179
6,7,1700.0,1-Car,No injury/unknown,ALCOHOLIC BEVERAGES,39.1644224,-86.47206131
12,5,1800.0,2-Car,No injury/unknown,OTHER (DRIVER) - EXPLAIN IN NARRATIVE,39.1644203,-86.54708682
12,3,900.0,1-Car,No injury/unknown,OTHER (DRIVER) - EXPLAIN IN NARRATIVE,39.164413,-86.554007
10,4,1600.0,2-Car,Non-incapacitating,FAILURE TO YIELD RIGHT OF WAY,39.16441,-86.5539
11,5,1300.0,2-Car,No injury/unknown,UNSAFE BACKING,39.16441,-86.5539
1,6,1000.0,2-Car,No injury/unknown,FAILURE TO YIELD RIGHT OF WAY,39.16440374,-86.55627178
1,2,1300.0,2-Car,No injury/unknown,FAILURE TO YIELD RIGHT OF WAY,39.16440374,-86.55628909
2,2,2100.0,2-Car,Non-incapacitating,ALCOHOLIC BEVERAGES,39.16440374,-86.55627481
3,3,1300.0,3+ Cars,Non-incapacitating,FOLLOWING TOO CLOSELY,39.16440374,-86.5562826
3,6,1400.0,2-Car,Non-incapacitating,ROADWAY SURFACE CONDITION,39.16440374,-86.5562826
4,4,1600.0,2-Car,Non-incapacitating,FAILURE TO YIELD RIGHT OF WAY,39.16440374,-86.5562826
6,5,1300.0,2-Car,No injury/unknown,FAILURE TO YIELD RIGHT OF WAY,39.16440374,-86.5562826
7,6,1400.0,2-Car,No injury/unknown,OTHER (DRIVER) - EXPLAIN IN NARRATIVE,39.16440374,-86.55626961
7,6,1400.0,2-Car,Non-incapacitating,SPEED TOO FAST FOR WEATHER CONDITIONS,39.16440374,-86.5562826
8,5,1700.0,3+ Cars,No injury/unknown,SPEED TOO FAST FOR WEATHER CONDITIONS,39.16440374,-86.5562826
9,6,1200.0,2-Car,No injury/unknown,IMPROPER LANE USAGE,39.16440374,-86.55625663
12,1,1700.0,2-Car,Non-incapacitating,DISREGARD SIGNAL/REG SIGN,39.16440374,-86.5562826
5,7,1300.0,1-Car,No injury/unknown,RAN OFF ROAD RIGHT,39.16440226,-86.54639098
6,3,1500.0,2-Car,No injury/unknown,UNSAFE BACKING,39.1644,-86.555136
7,7,1600.0,1-Car,Non-incapacitating,OTHER (DRIVER) - EXPLAIN IN NARRATIVE,39.1644,-86.554107
8,4,700.0,1-Car,No injury/unknown,OTHER (DRIVER) - EXPLAIN IN NARRATIVE,39.1644,-86.546304
8,2,1500.0,2-Car,No injury/unknown,UNSAFE BACKING,39.16439079,-86.52388493
8,6,1400.0,3+ Cars,No injury/unknown,UNSAFE SPEED,39.16437316,-86.5232971
2,6,1700.0,3+ Cars,No injury/unknown,FOLLOWING TOO CLOSELY,39.16436868,-86.52314788
9,5,1200.0,3+ Cars,No injury/unknown,FOLLOWING TOO CLOSELY,39.16436534,-86.5336
6,2,500.0,1-Car,No injury/unknown,OTHER (ENVIRONMENTAL) - EXPLAIN IN NARR,39.16436258,-86.52294455
8,3,1500.0,2-Car,No injury/unknown,FOLLOWING TOO CLOSELY,39.16436258,-86.52294455
4,7,1500.0,3+ Cars,Non-incapacitating,SPEED TOO FAST FOR WEATHER CONDITIONS,39.16436152,-86.52290929
2,6,1800.0,2-Car,No injury/unknown,FOLLOWING TOO CLOSELY,39.16435835,-86.52280353
1,6,2100.0,2-Car,No injury/unknown,SPEED TOO FAST FOR WEATHER CONDITIONS,39.164352,-86.5088
1,4,1500.0,2-Car,No injury/unknown,FOLLOWING TOO CLOSELY,39.164352,-86.522592
1,1,1200.0,2-Car,No injury/unknown,DRIVER DISTRACTED - EXPLAIN IN NARRATIVE,39.164352,-86.52216229
1,3,2100.0,3+ Cars,No injury/unknown,FOLLOWING TOO CLOSELY,39.164352,-86.522592
3,7,800.0,2-Car,No injury/unknown,UNSAFE SPEED,39.164352,-86.522592
3,3,900.0,2-Car,No injury/unknown,FOLLOWING TOO CLOSELY,39.164352,-86.5088
4,3,2000.0,3+ Cars,No injury/unknown,DRIVER DISTRACTED - EXPLAIN IN NARRATIVE,39.164352,-86.508288
3,5,2100.0,2-Car,No injury/unknown,FAILURE TO YIELD RIGHT OF WAY,39.164352,-86.510944
4,7,1300.0,2-Car,No injury/unknown,IMPROPER TURNING,39.164352,-86.522592
5,3,1600.0,3+ Cars,Non-incapacitating,DRIVER DISTRACTED - EXPLAIN IN NARRATIVE,39.164352,-86.508288
7,6,1500.0,2-Car,No injury/unknown,DRIVER DISTRACTED - EXPLAIN IN NARRATIVE,39.164352,-86.522592
7,6,1700.0,3+ Cars,No injury/unknown,IMPROPER LANE USAGE,39.164352,-86.522592
8,7,2100.0,2-Car,No injury/unknown,SPEED TOO FAST FOR WEATHER CONDITIONS,39.164352,-86.5088
8,6,1000.0,3+ Cars,Non-incapacitating,UNSAFE SPEED,39.164352,-86.522592
8,1,1700.0,2-Car,No injury/unknown,UNSAFE BACKING,39.164352,-86.5088
8,4,1500.0,2-Car,No injury/unknown,FOLLOWING TOO CLOSELY,39.164352,-86.5088
8,6,1600.0,2-Car,No injury/unknown,UNSAFE BACKING,39.164352,-86.52216229
8,2,1000.0,2-Car,No injury/unknown,FAILURE TO YIELD RIGHT OF WAY,39.164352,-86.521088
10,2,1400.0,3+ Cars,Non-incapacitating,FOLLOWING TOO CLOSELY,39.164352,-86.508288
10,2,1900.0,2-Car,Incapacitating,FOLLOWING TOO CLOSELY,39.164352,-86.5088
10,3,1500.0,2-Car,No injury/unknown,FAILURE TO YIELD RIGHT OF WAY,39.164352,-86.522592
10,3,2000.0,3+ Cars,No injury/unknown,SPEED TOO FAST FOR WEATHER CONDITIONS,39.164352,-86.521088
11,4,1300.0,2-Car,No injury/unknown,FAILURE TO YIELD RIGHT OF WAY,39.164352,-86.522592
11,5,1000.0,2-Car,No injury/unknown,FOLLOWING TOO CLOSELY,39.164352,-86.522592
11,3,1000.0,Bus,No injury/unknown,IMPROPER PASSING,39.164352,-86.522592
11,2,2100.0,2-Car,No injury/unknown,FOLLOWING TOO CLOSELY,39.164352,-86.508288
12,4,1100.0,2-Car,No injury/unknown,UNSAFE BACKING,39.16433829,-86.51077943
12,7,1200.0,2-Car,No injury/unknown,FAILURE TO YIELD RIGHT OF WAY,39.16433279,-86.4726679
11,6,700.0,2-Car,No injury/unknown,FAILURE TO YIELD RIGHT OF WAY,39.16432,-86.50824
1,3,1800.0,3+ Cars,Non-incapacitating,DRIVER DISTRACTED - EXPLAIN IN NARRATIVE,39.164304,-86.506992
1,7,1500.0,2-Car,No injury/unknown,FOLLOWING TOO CLOSELY,39.164304,-86.506992
1,7,1300.0,2-Car,No injury/unknown,IMPROPER PASSING,39.164304,-86.506992
1,5,900.0,3+ Cars,No injury/unknown,DRIVER DISTRACTED - EXPLAIN IN NARRATIVE,39.164304,-86.506992
2,6,1500.0,2-Car,No injury/unknown,IMPROPER TURNING,39.164304,-86.505792
4,4,1700.0,2-Car,No injury/unknown,FOLLOWING TOO CLOSELY,39.164304,-86.505792
5,4,1300.0,2-Car,No injury/unknown,IMPROPER PASSING,39.164304,-86.506992
4,6,1200.0,2-Car,Non-incapacitating,DRIVER DISTRACTED - EXPLAIN IN NARRATIVE,39.164304,-86.506992
7,4,800.0,2-Car,Non-incapacitating,SPEED TOO FAST FOR WEATHER CONDITIONS,39.164304,-86.506992
9,7,1800.0,2-Car,No injury/unknown,IMPROPER LANE USAGE,39.164304,-86.505792
9,2,1500.0,2-Car,Non-incapacitating,FAILURE TO YIELD RIGHT OF WAY,39.164304,-86.505792
9,4,1500.0,2-Car,No injury/unknown,FOLLOWING TOO CLOSELY,39.164304,-86.506992
10,4,1500.0,2-Car,No injury/unknown,FAILURE TO YIELD RIGHT OF WAY,39.164304,-86.505792
10,4,1700.0,2-Car,No injury/unknown,FAILURE TO YIELD RIGHT OF WAY,39.164304,-86.505792
11,1,1400.0,3+ Cars,No injury/unknown,FOLLOWING TOO CLOSELY,39.164304,-86.506992
12,3,900.0,2-Car,No injury/unknown,OTHER (DRIVER) - EXPLAIN IN NARRATIVE,39.16430382,-86.50578085
1,1,1900.0,2-Car,No injury/unknown,IMPROPER LANE USAGE,39.1643,-86.519099
1,3,700.0,2-Car,No injury/unknown,FOLLOWING TOO CLOSELY,39.1643,-86.517699
1,3,1900.0,Pedestrian,Non-incapacitating,FAILURE TO YIELD RIGHT OF WAY,39.1643,-86.520386
1,4,1200.0,2-Car,No injury/unknown,FOLLOWING TOO CLOSELY,39.1643,-86.517699
1,7,1800.0,2-Car,Non-incapacitating,DRIVER DISTRACTED - EXPLAIN IN NARRATIVE,39.1643,-86.517699
2,2,1600.0,2-Car,Non-incapacitating,FAILURE TO YIELD RIGHT OF WAY,39.1643,-86.502699
2,2,1300.0,2-Car,No injury/unknown,IMPROPER LANE USAGE,39.1643,-86.517699
2,3,1300.0,3+ Cars,Incapacitating,DRIVER DISTRACTED - EXPLAIN IN NARRATIVE,39.1643,-86.519099
3,3,1400.0,2-Car,No injury/unknown,DRIVER DISTRACTED - EXPLAIN IN NARRATIVE,39.1643,-86.517699
4,1,1400.0,3+ Cars,No injury/unknown,UNSAFE BACKING,39.1643,-86.526385
4,2,1500.0,2-Car,Non-incapacitating,OTHER (DRIVER) - EXPLAIN IN NARRATIVE,39.1643,-86.502699
4,1,1300.0,2-Car,No injury/unknown,IMPROPER LANE USAGE,39.1643,-86.516399
5,4,1400.0,Bus,No injury/unknown,DISREGARD SIGNAL/REG SIGN,39.1643,-86.517699
5,5,800.0,3+ Cars,Non-incapacitating,UNSAFE SPEED,39.1643,-86.508499
5,6,1500.0,2-Car,No injury/unknown,FOLLOWING TOO CLOSELY,39.1643,-86.52110765
5,7,2200.0,2-Car,No injury/unknown,DISREGARD SIGNAL/REG SIGN,39.1643,-86.520099
6,7,2000.0,2-Car,No injury/unknown,OTHER (DRIVER) - EXPLAIN IN NARRATIVE,39.1643,-86.516021
6,2,800.0,3+ Cars,No injury/unknown,IMPROPER TURNING,39.1643,-86.502699
6,6,900.0,1-Car,No injury/unknown,OTHER (DRIVER) - EXPLAIN IN NARRATIVE,39.1643,-86.521837
6,2,1500.0,2-Car,No injury/unknown,FOLLOWING TOO CLOSELY,39.1643,-86.517699
6,5,800.0,2-Car,Non-incapacitating,DISREGARD SIGNAL/REG SIGN,39.1643,-86.521099
6,7,1900.0,Cyclist,Non-incapacitating,FAILURE TO YIELD RIGHT OF WAY,39.1643,-86.519099
7,4,1000.0,2-Car,No injury/unknown,FOLLOWING TOO CLOSELY,39.1643,-86.51769121
7,2,1400.0,2-Car,No injury/unknown,IMPROPER TURNING,39.1643,-86.521099
8,1,1900.0,2-Car,No injury/unknown,DRIVER DISTRACTED - EXPLAIN IN NARRATIVE,39.1643,-86.517699
8,1,1800.0,2-Car,Non-incapacitating,DRIVER DISTRACTED - EXPLAIN IN NARRATIVE,39.1643,-86.517699
8,4,1800.0,2-Car,Non-incapacitating,IMPROPER LANE USAGE,39.1643,-86.51910765
2,5,1800.0,Bus,No injury/unknown,OTHER (DRIVER) - EXPLAIN IN NARRATIVE,39.164299,-86.516399
8,3,1700.0,3+ Cars,Non-incapacitating,DRIVER DISTRACTED - EXPLAIN IN NARRATIVE,39.16429085,-86.50497637
10,6,1600.0,2-Car,Non-incapacitating,FAILURE TO YIELD RIGHT OF WAY,39.164288,-86.5048
10,6,1500.0,2-Car,Non-incapacitating,FAILURE TO YIELD RIGHT OF WAY,39.164288,-86.5048
3,6,1400.0,2-Car,Non-incapacitating,FOLLOWING TOO CLOSELY,39.16427437,-86.5027688
1,5,2100.0,2-Car,No injury/unknown,FAILURE TO YIELD RIGHT OF WAY,39.164272,-86.502416
3,6,1500.0,2-Car,No injury/unknown,FAILURE TO YIELD RIGHT OF WAY,39.164272,-86.50222661
4,1,1400.0,3+ Cars,No injury/unknown,FOLLOWING TOO CLOSELY,39.164272,-86.501488
4,7,1300.0,Pedestrian,No injury/unknown,PEDESTRIAN ACTION,39.164272,-86.50222661
5,1,1000.0,2-Car,Non-incapacitating,FAILURE TO YIELD RIGHT OF WAY,39.164272,-86.502416
8,3,800.0,3+ Cars,No injury/unknown,DRIVER DISTRACTED - EXPLAIN IN NARRATIVE,39.164272,-86.501488
9,7,2000.0,2-Car,No injury/unknown,ALCOHOLIC BEVERAGES,39.164272,-86.501488
10,3,2200.0,2-Car,No injury/unknown,FOLLOWING TOO CLOSELY,39.164272,-86.502416
12,2,1200.0,2-Car,No injury/unknown,FAILURE TO YIELD RIGHT OF WAY,39.164272,-86.502416
9,5,1700.0,2-Car,No injury/unknown,IMPROPER LANE USAGE,39.16427,-86.51913
9,1,1300.0,2-Car,No injury/unknown,IMPROPER LANE USAGE,39.16427,-86.51772
10,5,1000.0,2-Car,No injury/unknown,OTHER (DRIVER) - EXPLAIN IN NARRATIVE,39.16427,-86.51913
11,6,1500.0,2-Car,No injury/unknown,FOLLOWING TOO CLOSELY,39.16427,-86.50265
11,6,1500.0,2-Car,No injury/unknown,FOLLOWING TOO CLOSELY,39.16427,-86.50265
11,3,1300.0,2-Car,Non-incapacitating,FAILURE TO YIELD RIGHT OF WAY,39.16427,-86.51913649
12,2,1800.0,2-Car,No injury/unknown,FAILURE TO YIELD RIGHT OF WAY,39.16427,-86.50243163
12,2,1800.0,2-Car,No injury/unknown,FAILURE TO YIELD RIGHT OF WAY,39.16427,-86.50243163
12,5,1300.0,2-Car,No injury/unknown,DRIVER DISTRACTED - EXPLAIN IN NARRATIVE,39.16427,-86.51321
3,4,1800.0,2-Car,No injury/unknown,UNSAFE BACKING,39.16426688,-86.50099392
11,4,1700.0,2-Car,No injury/unknown,UNSAFE BACKING,39.16426688,-86.50099392
10,2,1700.0,3+ Cars,No injury/unknown,OTHER (DRIVER) - EXPLAIN IN NARRATIVE,39.16426652,-86.50095883
4,5,1600.0,Pedestrian,Non-incapacitating,OTHER (DRIVER) - EXPLAIN IN NARRATIVE,39.16426158,-86.50601643
4,5,1500.0,2-Car,No injury/unknown,OTHER (DRIVER) - EXPLAIN IN NARRATIVE,39.16426112,-86.50043808
5,3,1500.0,2-Car,No injury/unknown,UNSAFE BACKING,39.16426112,-86.50043808
11,5,1000.0,2-Car,No injury/unknown,UNSAFE BACKING,39.16426112,-86.50043808
7,4,1600.0,2-Car,No injury/unknown,UNSAFE BACKING,39.16426036,-86.50920582
9,5,1100.0,2-Car,No injury/unknown,IMPROPER LANE USAGE,39.16426,-86.5164
9,3,900.0,Cyclist,Non-incapacitating,PEDESTRIAN ACTION,39.16426,-86.5164
10,2,1400.0,2-Car,No injury/unknown,FOLLOWING TOO CLOSELY,39.16426,-86.5164
11,6,2300.0,2-Car,No injury/unknown,IMPROPER TURNING,39.16426,-86.5164
11,2,1900.0,Pedestrian,Non-incapacitating,OTHER (DRIVER) - EXPLAIN IN NARRATIVE,39.16426,-86.5164
11,1,1800.0,2-Car,No injury/unknown,FAILURE TO YIELD RIGHT OF WAY,39.16426,-86.5164
11,1,1900.0,2-Car,No injury/unknown,WRONG WAY ON ONE WAY,39.16426,-86.5164
12,4,1200.0,2-Car,No injury/unknown,FOLLOWING TOO CLOSELY,39.16426,-86.51638962
12,2,1500.0,2-Car,No injury/unknown,FAILURE TO YIELD RIGHT OF WAY,39.16426,-86.5164
12,3,1000.0,2-Car,Non-incapacitating,DISREGARD SIGNAL/REG SIGN,39.16426,-86.5164
9,2,1400.0,2-Car,Non-incapacitating,DRIVER DISTRACTED - EXPLAIN IN NARRATIVE,39.16425006,-86.51640864
11,5,2300.0,2-Car,No injury/unknown,NONE (DRIVER),39.16425006,-86.51642161
8,5,2000.0,2-Car,No injury/unknown,FOLLOWING TOO CLOSELY,39.16425,-86.52009
9,7,1900.0,2-Car,No injury/unknown,FOLLOWING TOO CLOSELY,39.16425,-86.51423
9,2,1300.0,2-Car,No injury/unknown,IMPROPER TURNING,39.16425,-86.51526
9,1,1700.0,2-Car,No injury/unknown,IMPROPER TURNING,39.16425,-86.51526
10,3,700.0,2-Car,No injury/unknown,IMPROPER TURNING,39.16425,-86.51526
10,5,1500.0,2-Car,No injury/unknown,FAILURE TO YIELD RIGHT OF WAY,39.16425,-86.499608
10,6,1500.0,Bus,No injury/unknown,FOLLOWING TOO CLOSELY,39.16425,-86.51423
10,1,1000.0,2-Car,No injury/unknown,UNSAFE BACKING,39.16425,-86.52259404
11,6,2100.0,2-Car,No injury/unknown,IMPROPER LANE USAGE,39.16425,-86.51526
11,6,2000.0,2-Car,No injury/unknown,IMPROPER LANE USAGE,39.16425,-86.51526
11,2,1800.0,2-Car,No injury/unknown,IMPROPER LANE USAGE,39.16425,-86.51526
12,1,1100.0,2-Car,No injury/unknown,FAILURE TO YIELD RIGHT OF WAY,39.16425,-86.499608
12,5,2300.0,2-Car,No injury/unknown,IMPROPER LANE USAGE,39.16425,-86.51526
2,3,2300.0,2-Car,No injury/unknown,IMPROPER TURNING,39.16424664,-86.51771252
4,6,1700.0,2-Car,Non-incapacitating,ANIMAL/OBJECT IN ROADWAY,39.16424664,-86.51771252
8,5,1100.0,2-Car,No injury/unknown,FAILURE TO YIELD RIGHT OF WAY,39.16424664,-86.51771252
8,5,1600.0,Moped/Motorcycle,Non-incapacitating,IMPROPER LANE USAGE,39.16424664,-86.51771252
9,4,900.0,2-Car,No injury/unknown,DRIVER DISTRACTED - EXPLAIN IN NARRATIVE,39.16424664,-86.51772031
9,6,1000.0,2-Car,No injury/unknown,VIEW OBSTRUCTED,39.16424664,-86.51771252
11,2,1900.0,2-Car,No injury/unknown,FOLLOWING TOO CLOSELY,39.16424664,-86.51771901
12,2,1700.0,2-Car,Non-incapacitating,IMPROPER TURNING,39.16424664,-86.51771252
2,3,1100.0,2-Car,No injury/unknown,OTHER (DRIVER) - EXPLAIN IN NARRATIVE,39.164246,-86.502002
4,4,1300.0,2-Car,No injury/unknown,FAILURE TO YIELD RIGHT OF WAY,39.16424366,-86.49875278
12,7,1300.0,2-Car,No injury/unknown,FOLLOWING TOO CLOSELY,39.16424366,-86.49875278
4,2,1600.0,2-Car,No injury/unknown,FAILURE TO YIELD RIGHT OF WAY,39.16424,-86.49455879
5,1,1500.0,2-Car,No injury/unknown,FOLLOWING TOO CLOSELY,39.16424,-86.49347321
4,1,1500.0,3+ Cars,No injury/unknown,FOLLOWING TOO CLOSELY,39.16424,-86.49320861
2,6,2100.0,2-Car,No injury/unknown,DRIVER DISTRACTED - EXPLAIN IN NARRATIVE,39.16424,-86.47383712
9,7,1800.0,2-Car,No injury/unknown,FOLLOWING TOO CLOSELY,39.16424,-86.48033519
1,3,1900.0,3+ Cars,Non-incapacitating,ILLEGAL DRUGS,39.16424,-86.495088