Month,Day,Hour,Collision Type,Injury Type,Primary Factor,Latitude,Longitude
1,5,2000.0,2-Car,No injury/unknown,DISREGARD SIGNAL/REG SIGN,39.16424,-86.495088
1,6,1100.0,2-Car,No injury/unknown,UNSAFE BACKING,39.16424,-86.49406114
1,5,1200.0,2-Car,No injury/unknown,OTHER (DRIVER) - EXPLAIN IN NARRATIVE,39.16424,-86.49250645
1,6,2100.0,2-Car,No injury/unknown,FAILURE TO YIELD RIGHT OF WAY,39.16424,-86.480688
1,2,1300.0,2-Car,No injury/unknown,OTHER (DRIVER) - EXPLAIN IN NARRATIVE,39.16424,-86.4984
1,1,0.0,2-Car,No injury/unknown,DISREGARD SIGNAL/REG SIGN,39.16424,-86.4984
1,7,1400.0,2-Car,No injury/unknown,UNSAFE BACKING,39.16424,-86.49406114
1,1,1500.0,2-Car,No injury/unknown,FAILURE TO YIELD RIGHT OF WAY,39.16424,-86.4984
1,4,2300.0,2-Car,No injury/unknown,IMPROPER TURNING,39.16424,-86.4984
2,5,1800.0,2-Car,No injury/unknown,UNSAFE BACKING,39.16424,-86.4984
2,2,1700.0,2-Car,No injury/unknown,OTHER (DRIVER) - EXPLAIN IN NARRATIVE,39.16424,-86.49494053
2,7,1600.0,3+ Cars,Non-incapacitating,FOLLOWING TOO CLOSELY,39.16424,-86.495088
2,5,2000.0,2-Car,No injury/unknown,FAILURE TO YIELD RIGHT OF WAY,39.16424,-86.4984
2,1,2000.0,2-Car,No injury/unknown,DISREGARD SIGNAL/REG SIGN,39.16424,-86.495088
3,5,1200.0,2-Car,Non-incapacitating,DISREGARD SIGNAL/REG SIGN,39.16424,-86.4984
3,4,1400.0,1-Car,No injury/unknown,OTHER (DRIVER) - EXPLAIN IN NARRATIVE,39.16424,-86.51605714
3,4,1400.0,2-Car,No injury/unknown,FAILURE TO YIELD RIGHT OF WAY,39.16424,-86.4908
3,2,900.0,Bus,Non-incapacitating,DISREGARD SIGNAL/REG SIGN,39.16424,-86.492944
4,7,1600.0,2-Car,No injury/unknown,OTHER (DRIVER) - EXPLAIN IN NARRATIVE,39.16424,-86.4984
4,7,900.0,2-Car,No injury/unknown,FAILURE TO YIELD RIGHT OF WAY,39.16424,-86.4984
4,1,700.0,Cyclist,Incapacitating,FAILURE TO YIELD RIGHT OF WAY,39.16424,-86.473696
5,3,2200.0,Bus,No injury/unknown,IMPROPER LANE USAGE,39.16424,-86.4984
5,4,1700.0,2-Car,Non-incapacitating,FAILURE TO YIELD RIGHT OF WAY,39.16424,-86.492944
5,2,1800.0,2-Car,No injury/unknown,OTHER (DRIVER) - EXPLAIN IN NARRATIVE,39.16424,-86.49425989
5,2,1500.0,Moped/Motorcycle,Incapacitating,OTHER (DRIVER) - EXPLAIN IN NARRATIVE,39.16424,-86.4908
5,4,1400.0,3+ Cars,Non-incapacitating,FOLLOWING TOO CLOSELY,39.16424,-86.480688
5,2,1500.0,2-Car,No injury/unknown,OTHER (DRIVER) - EXPLAIN IN NARRATIVE,39.16424,-86.492944
5,6,1800.0,2-Car,Non-incapacitating,DISREGARD SIGNAL/REG SIGN,39.16424,-86.492944
5,7,1200.0,Moped/Motorcycle,Non-incapacitating,FOLLOWING TOO CLOSELY,39.16424,-86.473696
5,1,900.0,2-Car,Non-incapacitating,FOLLOWING TOO CLOSELY,39.16424,-86.4984
5,6,800.0,Cyclist,Non-incapacitating,DRIVER DISTRACTED - EXPLAIN IN NARRATIVE,39.16424,-86.4984
5,3,2200.0,1-Car,No injury/unknown,OTHER (DRIVER) - EXPLAIN IN NARRATIVE,39.16424,-86.4939483
6,2,1200.0,2-Car,Non-incapacitating,FAILURE TO YIELD RIGHT OF WAY,39.16424,-86.480688
6,2,1300.0,3+ Cars,No injury/unknown,DRIVER DISTRACTED - EXPLAIN IN NARRATIVE,39.16424,-86.4984
6,7,2200.0,2-Car,No injury/unknown,UNSAFE BACKING,39.16424,-86.47599804
6,5,1100.0,2-Car,No injury/unknown,UNSAFE BACKING,39.16424,-86.4984
6,2,1700.0,2-Car,No injury/unknown,FOLLOWING TOO CLOSELY,39.16424,-86.495088
6,3,1500.0,2-Car,No injury/unknown,FAILURE TO YIELD RIGHT OF WAY,39.16424,-86.48434743
6,3,1600.0,2-Car,No injury/unknown,OTHER (DRIVER) - EXPLAIN IN NARRATIVE,39.16424,-86.495088
6,7,500.0,1-Car,No injury/unknown,ANIMAL/OBJECT IN ROADWAY,39.16424,-86.480688
6,4,1500.0,2-Car,No injury/unknown,FOLLOWING TOO CLOSELY,39.16424,-86.492944
7,1,1200.0,2-Car,No injury/unknown,UNSAFE BACKING,39.16424,-86.48244996
7,3,1300.0,2-Car,No injury/unknown,FOLLOWING TOO CLOSELY,39.16424,-86.4984
7,6,1400.0,2-Car,No injury/unknown,FAILURE TO YIELD RIGHT OF WAY,39.16424,-86.5176
7,1,2100.0,2-Car,Non-incapacitating,DISREGARD SIGNAL/REG SIGN,39.16424,-86.492944
7,1,2100.0,2-Car,No injury/unknown,FAILURE TO YIELD RIGHT OF WAY,39.16424,-86.4984
7,6,1800.0,Cyclist,No injury/unknown,FAILURE TO YIELD RIGHT OF WAY,39.16424,-86.476096
7,7,1300.0,2-Car,No injury/unknown,FOLLOWING TOO CLOSELY,39.16424,-86.492944
7,7,1800.0,2-Car,Non-incapacitating,FAILURE TO YIELD RIGHT OF WAY,39.16424,-86.49259396
8,6,1900.0,2-Car,No injury/unknown,FAILURE TO YIELD RIGHT OF WAY,39.16424,-86.4984
8,1,1800.0,Cyclist,Non-incapacitating,FAILURE TO YIELD RIGHT OF WAY,39.16424,-86.473696
8,4,1200.0,2-Car,Non-incapacitating,FAILURE TO YIELD RIGHT OF WAY,39.16424,-86.49259396
8,6,1500.0,2-Car,No injury/unknown,UNSAFE BACKING,39.16424,-86.49425989
8,1,0.0,2-Car,Non-incapacitating,FAILURE TO YIELD RIGHT OF WAY,39.16424,-86.476096
8,1,1000.0,1-Car,No injury/unknown,RAN OFF ROAD RIGHT,39.16424,-86.48423771
9,1,1400.0,2-Car,No injury/unknown,FOLLOWING TOO CLOSELY,39.16424,-86.492944
9,3,1700.0,2-Car,Non-incapacitating,DRIVER DISTRACTED - EXPLAIN IN NARRATIVE,39.16424,-86.480688
9,5,1000.0,2-Car,Non-incapacitating,OTHER (DRIVER) - EXPLAIN IN NARRATIVE,39.16424,-86.492944
9,6,800.0,2-Car,No injury/unknown,IMPROPER TURNING,39.16424,-86.495088
9,3,1200.0,2-Car,No injury/unknown,OTHER (DRIVER) - EXPLAIN IN NARRATIVE,39.16424,-86.4984
9,4,1100.0,2-Car,No injury/unknown,FAILURE TO YIELD RIGHT OF WAY,39.16424,-86.492944
9,3,1700.0,2-Car,No injury/unknown,ROADWAY SURFACE CONDITION,39.16424,-86.480688
9,2,1700.0,2-Car,No injury/unknown,OTHER (DRIVER) - EXPLAIN IN NARRATIVE,39.16424,-86.47599804
10,2,1900.0,2-Car,No injury/unknown,OTHER (DRIVER) - EXPLAIN IN NARRATIVE,39.16424,-86.4984
10,4,1300.0,2-Car,No injury/unknown,FAILURE TO YIELD RIGHT OF WAY,39.16424,-86.495088
10,7,300.0,2-Car,No injury/unknown,UNSAFE BACKING,39.16424,-86.4984
10,7,2200.0,2-Car,No injury/unknown,FAILURE TO YIELD RIGHT OF WAY,39.16424,-86.4984
10,4,1800.0,2-Car,No injury/unknown,IMPROPER PASSING,39.16424,-86.495088
10,5,1800.0,2-Car,No injury/unknown,FOLLOWING TOO CLOSELY,39.16424,-86.495088
10,7,1300.0,2-Car,Non-incapacitating,OTHER (DRIVER) - EXPLAIN IN NARRATIVE,39.16424,-86.480688
11,7,1900.0,2-Car,Non-incapacitating,FOLLOWING TOO CLOSELY,39.16424,-86.495088
11,1,1800.0,2-Car,No injury/unknown,ALCOHOLIC BEVERAGES,39.16424,-86.495088
11,3,1800.0,2-Car,No injury/unknown,FAILURE TO YIELD RIGHT OF WAY,39.16424,-86.476096
11,5,1900.0,2-Car,Non-incapacitating,FOLLOWING TOO CLOSELY,39.16424,-86.4984
11,6,1200.0,2-Car,No injury/unknown,FAILURE TO YIELD RIGHT OF WAY,39.16424,-86.495088
12,5,1900.0,2-Car,Non-incapacitating,FAILURE TO YIELD RIGHT OF WAY,39.16424,-86.4984
12,5,900.0,2-Car,No injury/unknown,DISREGARD SIGNAL/REG SIGN,39.16424,-86.480688
12,6,1400.0,3+ Cars,No injury/unknown,OTHER (DRIVER) - EXPLAIN IN NARRATIVE,39.16424,-86.4984
12,1,1500.0,2-Car,No injury/unknown,OTHER (DRIVER) - EXPLAIN IN NARRATIVE,39.16424,-86.498269
12,1,1500.0,2-Car,No injury/unknown,OTHER (DRIVER) - EXPLAIN IN NARRATIVE,39.16424,-86.498269
12,2,500.0,2-Car,No injury/unknown,DRIVER DISTRACTED - EXPLAIN IN NARRATIVE,39.16424,-86.498269
12,6,2300.0,2-Car,No injury/unknown,OTHER (DRIVER) - EXPLAIN IN NARRATIVE,39.16424,-86.498269
12,4,1400.0,2-Car,No injury/unknown,IMPROPER PASSING,39.16424,-86.492944
12,7,200.0,1-Car,No injury/unknown,ANIMAL/OBJECT IN ROADWAY,39.16424,-86.480688
12,4,1900.0,2-Car,No injury/unknown,OTHER (DRIVER) - EXPLAIN IN NARRATIVE,39.16424,-86.480688
12,5,1500.0,2-Car,No injury/unknown,OTHER (DRIVER) - EXPLAIN IN NARRATIVE,39.16424,-86.49425989
3,5,1100.0,2-Car,No injury/unknown,OTHER (DRIVER) - EXPLAIN IN NARRATIVE,39.1642393,-86.49515826
4,2,1100.0,2-Car,No injury/unknown,OTHER (DRIVER) - EXPLAIN IN NARRATIVE,39.1642393,-86.49515826
11,6,1600.0,2-Car,Non-incapacitating,DRIVER DISTRACTED - EXPLAIN IN NARRATIVE,39.1642393,-86.49515826
10,6,1900.0,2-Car,No injury/unknown,FAILURE TO YIELD RIGHT OF WAY,39.16423902,-86.49829616
5,2,2000.0,2-Car,No injury/unknown,UNSAFE BACKING,39.16423861,-86.49522852
6,3,1600.0,2-Car,No injury/unknown,UNSAFE BACKING,39.16423861,-86.49522852
11,2,1500.0,2-Car,No injury/unknown,UNSAFE BACKING,39.16423861,-86.49522852
1,3,900.0,2-Car,No injury/unknown,DRIVER DISTRACTED - EXPLAIN IN NARRATIVE,39.16423834,-86.49822361
4,7,1700.0,2-Car,No injury/unknown,UNSAFE BACKING,39.16423674,-86.49805388
8,6,1400.0,2-Car,No injury/unknown,UNSAFE BACKING,39.16423674,-86.49805388
12,4,2100.0,2-Car,No injury/unknown,OTHER (DRIVER) - EXPLAIN IN NARRATIVE,39.16423674,-86.49805388
6,4,1400.0,2-Car,No injury/unknown,FAILURE TO YIELD RIGHT OF WAY,39.16423667,-86.49804722
2,4,1000.0,2-Car,No injury/unknown,FAILURE TO YIELD RIGHT OF WAY,39.16422957,-86.47208686
6,6,1700.0,3+ Cars,Non-incapacitating,DRIVER DISTRACTED - EXPLAIN IN NARRATIVE,39.16422957,-86.47208686
9,5,1400.0,2-Car,No injury/unknown,FAILURE TO YIELD RIGHT OF WAY,39.16422615,-86.47630108
7,1,1400.0,2-Car,No injury/unknown,FAILURE TO YIELD RIGHT OF WAY,39.164224,-86.496704
12,7,1200.0,2-Car,No injury/unknown,FAILURE TO YIELD RIGHT OF WAY,39.164221,-86.496581
9,4,800.0,2-Car,No injury/unknown,FAILURE TO YIELD RIGHT OF WAY,39.16422,-86.49656945
10,2,2000.0,2-Car,No injury/unknown,LEFT OF CENTER,39.16422,-86.49658
10,2,1100.0,1-Car,No injury/unknown,DRIVER ILLNESS,39.16422,-86.496559
12,7,1500.0,2-Car,No injury/unknown,OTHER (DRIVER) - EXPLAIN IN NARRATIVE,39.16422,-86.49658865
12,6,2100.0,2-Car,No injury/unknown,FAILURE TO YIELD RIGHT OF WAY,39.164214,-86.495275
9,2,1400.0,2-Car,No injury/unknown,UNSAFE BACKING,39.16421,-86.493962
10,2,800.0,1-Car,No injury/unknown,BRAKE FAILURE OR DEFECTIVE,39.16421,-86.492262
11,1,1000.0,2-Car,No injury/unknown,FAILURE TO YIELD RIGHT OF WAY,39.16421,-86.493962
12,2,900.0,2-Car,No injury/unknown,UNSAFE BACKING,39.16421,-86.493712
12,7,0.0,2-Car,No injury/unknown,OTHER (DRIVER) - EXPLAIN IN NARRATIVE,39.16421,-86.481219
12,3,1000.0,2-Car,No injury/unknown,OTHER (DRIVER) - EXPLAIN IN NARRATIVE,39.16421,-86.49446
6,6,1500.0,2-Car,No injury/unknown,UNSAFE BACKING,39.164201,-86.497801
2,2,1900.0,2-Car,No injury/unknown,UNSAFE BACKING,39.1642,-86.497799
2,6,1000.0,1-Car,No injury/unknown,SPEED TOO FAST FOR WEATHER CONDITIONS,39.1642,-86.496405
3,5,1400.0,2-Car,No injury/unknown,OTHER (DRIVER) - EXPLAIN IN NARRATIVE,39.1642,-86.49508
3,5,1200.0,2-Car,Non-incapacitating,OTHER (DRIVER) - EXPLAIN IN NARRATIVE,39.1642,-86.496324
3,1,1700.0,2-Car,No injury/unknown,OTHER (DRIVER) - EXPLAIN IN NARRATIVE,39.1642,-86.492148
3,3,1800.0,2-Car,No injury/unknown,,39.1642,-86.496389
4,4,1300.0,2-Car,No injury/unknown,UNSAFE BACKING,39.1642,-86.493783
4,6,1400.0,2-Car,No injury/unknown,FAILURE TO YIELD RIGHT OF WAY,39.1642,-86.500379
5,2,1300.0,2-Car,No injury/unknown,UNSAFE BACKING,39.1642,-86.500379
5,2,800.0,2-Car,Non-incapacitating,FAILURE TO YIELD RIGHT OF WAY,39.1642,-86.48852495
6,3,1800.0,2-Car,Non-incapacitating,FAILURE TO YIELD RIGHT OF WAY,39.1642,-86.49938603
6,4,1600.0,1-Car,No injury/unknown,UNSAFE BACKING,39.1642,-86.501132
6,7,1000.0,2-Car,No injury/unknown,UNSAFE BACKING,39.1642,-86.494336
7,2,0.0,2-Car,No injury/unknown,OTHER (DRIVER) - EXPLAIN IN NARRATIVE,39.1642,-86.481199
6,7,1700.0,2-Car,No injury/unknown,ALCOHOLIC BEVERAGES,39.1642,-86.491689
7,3,1200.0,1-Car,No injury/unknown,UNSAFE BACKING,39.1642,-86.490653
7,1,1500.0,2-Car,No injury/unknown,OTHER (DRIVER) - EXPLAIN IN NARRATIVE,39.1642,-86.496324
9,7,1500.0,2-Car,No injury/unknown,OTHER (VEHICLE) - EXPLAIN IN NARRATIVE,39.1642,-86.494336
12,5,1800.0,2-Car,No injury/unknown,FAILURE TO YIELD RIGHT OF WAY,39.1641681,-86.49494067
7,2,1200.0,1-Car,No injury/unknown,OTHER (DRIVER) - EXPLAIN IN NARRATIVE,39.16412,-86.533599
5,6,1500.0,2-Car,No injury/unknown,FAILURE TO YIELD RIGHT OF WAY,39.1641,-86.528199
8,5,800.0,2-Car,No injury/unknown,DISREGARD SIGNAL/REG SIGN,39.1641,-86.528199
8,3,1000.0,2-Car,No injury/unknown,DISREGARD SIGNAL/REG SIGN,39.1641,-86.528199
8,4,1400.0,2-Car,No injury/unknown,OTHER (DRIVER) - EXPLAIN IN NARRATIVE,39.1641,-86.528199
8,1,1500.0,2-Car,No injury/unknown,FAILURE TO YIELD RIGHT OF WAY,39.1641,-86.528199
10,4,1200.0,1-Car,No injury/unknown,UNSAFE BACKING,39.164088,-86.533629
2,6,100.0,2-Car,No injury/unknown,OTHER (DRIVER) - EXPLAIN IN NARRATIVE,39.16400931,-86.62335763
12,4,1300.0,2-Car,No injury/unknown,UNSAFE BACKING,39.16400759,-86.5562826
11,4,800.0,2-Car,No injury/unknown,FAILURE TO YIELD RIGHT OF WAY,39.16396927,-86.49834057
8,5,1600.0,2-Car,No injury/unknown,FAILURE TO YIELD RIGHT OF WAY,39.16396575,-86.49296313
12,1,1300.0,1-Car,No injury/unknown,OTHER (DRIVER) - EXPLAIN IN NARRATIVE,39.163961,-86.498218
3,1,1300.0,2-Car,No injury/unknown,UNSAFE BACKING,39.163934,-86.498255
1,1,300.0,1-Car,Incapacitating,OVERCORRECTING/OVERSTEERING,39.16377142,-86.64091963
5,5,1100.0,2-Car,No injury/unknown,UNSAFE BACKING,39.16374463,-86.5562826
5,3,1300.0,3+ Cars,No injury/unknown,OTHER (VEHICLE) - EXPLAIN IN NARRATIVE,39.16374463,-86.5562826
11,4,700.0,2-Car,Non-incapacitating,FOLLOWING TOO CLOSELY,39.16373,-86.53866
5,2,1100.0,2-Car,No injury/unknown,UNSAFE BACKING,39.16367974,-86.5562826
9,1,1000.0,1-Car,Non-incapacitating,RAN OFF ROAD RIGHT,39.16366451,-86.62563787
12,7,600.0,1-Car,No injury/unknown,ANIMAL/OBJECT IN ROADWAY,39.163648,-86.438
5,3,1500.0,Moped/Motorcycle,Non-incapacitating,FOLLOWING TOO CLOSELY,39.16364217,-86.43828413
5,4,1400.0,1-Car,No injury/unknown,DRIVER DISTRACTED - EXPLAIN IN NARRATIVE,39.16363907,-86.41932875
2,1,2300.0,1-Car,Non-incapacitating,CELL PHONE USAGE,39.16359293,-86.42313136
9,7,600.0,1-Car,No injury/unknown,ANIMAL/OBJECT IN ROADWAY,39.1635568,-86.44429257
1,7,1300.0,2-Car,Non-incapacitating,IMPROPER TURNING,39.163552,-86.649696
6,3,1100.0,2-Car,No injury/unknown,IMPROPER TURNING,39.163552,-86.582896
5,6,1400.0,3+ Cars,Non-incapacitating,OTHER (DRIVER) - EXPLAIN IN NARRATIVE,39.16351351,-86.58449588
5,7,1900.0,1-Car,No injury/unknown,STEERING FAILURE,39.1635,-86.551199
1,5,2000.0,2-Car,No injury/unknown,FAILURE TO YIELD RIGHT OF WAY,39.16346117,-86.5512146
2,7,1200.0,2-Car,No injury/unknown,UNSAFE SPEED,39.16346117,-86.5512146
8,2,900.0,2-Car,No injury/unknown,UNSAFE BACKING,39.16346117,-86.55121027
8,2,1700.0,2-Car,No injury/unknown,FOLLOWING TOO CLOSELY,39.16346117,-86.5512146
8,6,1600.0,2-Car,No injury/unknown,DRIVER DISTRACTED - EXPLAIN IN NARRATIVE,39.16346117,-86.55119729
12,4,2000.0,2-Car,No injury/unknown,FAILURE TO YIELD RIGHT OF WAY,39.16346117,-86.5512146
2,2,0.0,1-Car,No injury/unknown,ANIMAL/OBJECT IN ROADWAY,39.16345193,-86.63082546
8,5,1300.0,1-Car,Fatal,RAN OFF ROAD RIGHT,39.16345193,-86.63082546
3,2,1600.0,2-Car,No injury/unknown,FAILURE TO YIELD RIGHT OF WAY,39.16344,-86.58584
4,6,1500.0,2-Car,No injury/unknown,IMPROPER PASSING,39.16344,-86.5888
7,3,1100.0,2-Car,No injury/unknown,FAILURE TO YIELD RIGHT OF WAY,39.16344,-86.58584
10,7,1100.0,2-Car,No injury/unknown,FAILURE TO YIELD RIGHT OF WAY,39.16344,-86.58584
6,7,2200.0,1-Car,No injury/unknown,ANIMAL/OBJECT IN ROADWAY,39.16341256,-86.64651391
11,7,1700.0,1-Car,No injury/unknown,DRIVER DISTRACTED - EXPLAIN IN NARRATIVE,39.16338604,-86.4431403
5,4,0.0,1-Car,No injury/unknown,ANIMAL/OBJECT IN ROADWAY,39.16335103,-86.47181075
9,1,1500.0,Moped/Motorcycle,Non-incapacitating,DRIVER DISTRACTED - EXPLAIN IN NARRATIVE,39.16335103,-86.47181075
8,5,2000.0,2-Car,No injury/unknown,FAILURE TO YIELD RIGHT OF WAY,39.163344,-86.5272
8,7,1700.0,2-Car,No injury/unknown,UNSAFE BACKING,39.163344,-86.5272
12,6,1700.0,2-Car,No injury/unknown,FOLLOWING TOO CLOSELY,39.16333196,-86.63013687
2,3,900.0,2-Car,No injury/unknown,OTHER (DRIVER) - EXPLAIN IN NARRATIVE,39.16333104,-86.52607258
4,3,1800.0,Cyclist,Non-incapacitating,WRONG WAY ON ONE WAY,39.163328,-86.525808
11,5,1400.0,Cyclist,Non-incapacitating,OTHER (DRIVER) - EXPLAIN IN NARRATIVE,39.163296,-86.524
1,6,1600.0,2-Car,No injury/unknown,FAILURE TO YIELD RIGHT OF WAY,39.16328,-86.522592
1,5,1200.0,2-Car,No injury/unknown,FAILURE TO YIELD RIGHT OF WAY,39.16328,-86.522592
2,3,1400.0,1-Car,No injury/unknown,ROADWAY SURFACE CONDITION,39.16327198,-86.62979258
12,5,1600.0,2-Car,No injury/unknown,FAILURE TO YIELD RIGHT OF WAY,39.16323,-86.52783
1,5,1400.0,2-Car,No injury/unknown,FOLLOWING TOO CLOSELY,39.163216,-86.519024
6,4,1700.0,2-Car,Non-incapacitating,DISREGARD SIGNAL/REG SIGN,39.163168,-86.516384
2,2,1600.0,2-Car,No injury/unknown,FAILURE TO YIELD RIGHT OF WAY,39.163152,-86.515168
10,4,1500.0,2-Car,No injury/unknown,FAILURE TO YIELD RIGHT OF WAY,39.16314,-86.52727
10,3,900.0,2-Car,No injury/unknown,FAILURE TO YIELD RIGHT OF WAY,39.16314,-86.52727
10,5,1400.0,2-Car,No injury/unknown,FAILURE TO YIELD RIGHT OF WAY,39.16314,-86.52727
11,6,100.0,2-Car,Non-incapacitating,DISREGARD SIGNAL/REG SIGN,39.16314,-86.52727
10,2,1700.0,2-Car,No injury/unknown,ROADWAY SURFACE CONDITION,39.16312,-86.52262
4,3,1700.0,2-Car,No injury/unknown,OTHER (DRIVER) - EXPLAIN IN NARRATIVE,39.16311118,-86.51638302
10,3,1200.0,2-Car,No injury/unknown,UNSAFE BACKING,39.16311,-86.524029
4,7,2000.0,2-Car,No injury/unknown,OTHER (DRIVER) - EXPLAIN IN NARRATIVE,39.16310596,-86.52581127
9,2,2100.0,2-Car,No injury/unknown,IMPROPER LANE USAGE,39.163104,-86.512096
1,5,2200.0,2-Car,Non-incapacitating,IMPROPER LANE USAGE,39.1631,-86.525899
1,7,900.0,2-Car,Non-incapacitating,DISREGARD SIGNAL/REG SIGN,39.1631,-86.517699
1,4,1400.0,2-Car,No injury/unknown,IMPROPER LANE USAGE,39.1631,-86.512928
2,5,1800.0,2-Car,Non-incapacitating,IMPROPER TURNING,39.1631,-86.516399
2,3,1000.0,2-Car,No injury/unknown,FAILURE TO YIELD RIGHT OF WAY,39.1631,-86.5258237
2,4,1300.0,Bus,No injury/unknown,IMPROPER LANE USAGE,39.1631,-86.522599
2,5,2100.0,2-Car,No injury/unknown,ROADWAY SURFACE CONDITION,39.1631,-86.517699
5,5,300.0,1-Car,Non-incapacitating,ALCOHOLIC BEVERAGES,39.1631,-86.512199
8,2,1800.0,Cyclist,Non-incapacitating,FAILURE TO YIELD RIGHT OF WAY,39.1631,-86.521099
8,3,1700.0,2-Car,Non-incapacitating,FOLLOWING TOO CLOSELY,39.1631,-86.520199
8,7,1600.0,2-Car,No injury/unknown,FAILURE TO YIELD RIGHT OF WAY,39.163088,-86.510912
9,4,1900.0,2-Car,No injury/unknown,FAILURE TO YIELD RIGHT OF WAY,39.163088,-86.510912
9,1,1800.0,2-Car,No injury/unknown,DISREGARD SIGNAL/REG SIGN,39.16308,-86.51418
10,2,1700.0,2-Car,No injury/unknown,FAILURE TO YIELD RIGHT OF WAY,39.16308,-86.51527433
12,6,1300.0,1-Car,Non-incapacitating,OTHER (DRIVER) - EXPLAIN IN NARRATIVE,39.16308,-86.51321
10,2,1700.0,2-Car,No injury/unknown,FOLLOWING TOO CLOSELY,39.16307,-86.51913
4,2,2000.0,2-Car,No injury/unknown,FAILURE TO YIELD RIGHT OF WAY,39.16304,-86.508288
7,7,2100.0,2-Car,No injury/unknown,FAILURE TO YIELD RIGHT OF WAY,39.16304,-86.508288
12,2,1100.0,2-Car,Non-incapacitating,FAILURE TO YIELD RIGHT OF WAY,39.16304,-86.5408
1,4,1400.0,Pedestrian,Non-incapacitating,PEDESTRIAN ACTION,39.16300559,-86.49803031
7,3,1600.0,Bus,No injury/unknown,IMPROPER TURNING,39.163,-86.4808003
3,2,1900.0,2-Car,No injury/unknown,UNSAFE BACKING,39.162928,-86.498112
2,2,2200.0,2-Car,No injury/unknown,,39.1629,-86.538699
5,6,1500.0,1-Car,No injury/unknown,PRESCRIPTION DRUGS,39.16286542,-86.58380405
3,4,1200.0,2-Car,No injury/unknown,FAILURE TO YIELD RIGHT OF WAY,39.162848,-86.5284
5,4,1600.0,Moped/Motorcycle,Non-incapacitating,FOLLOWING TOO CLOSELY,39.162848,-86.5336
8,4,2100.0,2-Car,No injury/unknown,UNSAFE BACKING,39.162848,-86.527184
9,7,2300.0,2-Car,No injury/unknown,UNSAFE BACKING,39.162848,-86.527184
12,6,1600.0,2-Car,Non-incapacitating,FAILURE TO YIELD RIGHT OF WAY,39.16281,-86.52843
8,4,200.0,2-Car,No injury/unknown,FAILURE TO YIELD RIGHT OF WAY,39.162801,-86.527295
6,4,1700.0,3+ Cars,No injury/unknown,BRAKE FAILURE OR DEFECTIVE,39.16273802,-86.53483419
3,2,1700.0,2-Car,Non-incapacitating,FAILURE TO YIELD RIGHT OF WAY,39.1627,-86.550599
3,3,1300.0,2-Car,Non-incapacitating,ILLEGAL DRUGS,39.1627,-86.550599
4,6,1700.0,2-Car,No injury/unknown,FAILURE TO YIELD RIGHT OF WAY,39.1627,-86.550599
6,5,800.0,2-Car,No injury/unknown,FAILURE TO YIELD RIGHT OF WAY,39.1627,-86.55064228
7,3,1600.0,2-Car,Non-incapacitating,FAILURE TO YIELD RIGHT OF WAY,39.1627,-86.550599
11,2,1500.0,2-Car,No injury/unknown,FAILURE TO YIELD RIGHT OF WAY,39.16267,-86.55054328
7,5,1600.0,3+ Cars,No injury/unknown,OTHER (DRIVER) - EXPLAIN IN NARRATIVE,39.162656,-86.413296
10,1,1500.0,1-Car,No injury/unknown,OTHER (DRIVER) - EXPLAIN IN NARRATIVE,39.162656,-86.413296
4,7,1100.0,2-Car,No injury/unknown,UNSAFE BACKING,39.162637,-86.527269
3,7,2100.0,1-Car,No injury/unknown,RAN OFF ROAD RIGHT,39.16262106,-86.41334151
5,3,1500.0,Cyclist,No injury/unknown,FAILURE TO YIELD RIGHT OF WAY,39.162574,-86.532399
3,6,1600.0,2-Car,No injury/unknown,FAILURE TO YIELD RIGHT OF WAY,39.162558,-86.550432
7,4,800.0,2-Car,No injury/unknown,IMPROPER TURNING,39.162504,-86.528399
3,5,900.0,2-Car,No injury/unknown,OTHER (DRIVER) - EXPLAIN IN NARRATIVE,39.16241579,-86.47173549
5,1,900.0,2-Car,No injury/unknown,OTHER (DRIVER) - EXPLAIN IN NARRATIVE,39.1624,-86.54562696
7,3,1700.0,2-Car,No injury/unknown,LEFT OF CENTER,39.16238542,-86.53800125
8,7,200.0,3+ Cars,No injury/unknown,OTHER (DRIVER) - EXPLAIN IN NARRATIVE,39.162377,-86.528399
11,6,2200.0,2-Car,No injury/unknown,UNSAFE BACKING,39.162337,-86.533629
4,6,1600.0,2-Car,No injury/unknown,FOLLOWING TOO CLOSELY,39.16232908,-86.497899
5,4,2100.0,2-Car,No injury/unknown,UNSAFE BACKING,39.162301,-86.582699
11,7,800.0,3+ Cars,No injury/unknown,DISREGARD SIGNAL/REG SIGN,39.16225,-86.52591
12,4,1400.0,2-Car,Non-incapacitating,DISREGARD SIGNAL/REG SIGN,39.16225,-86.52591
8,1,1200.0,Pedestrian,Non-incapacitating,OTHER (DRIVER) - EXPLAIN IN NARRATIVE,39.162241,-86.605652
1,7,1300.0,2-Car,No injury/unknown,FAILURE TO YIELD RIGHT OF WAY,39.16224,-86.523968
9,6,0.0,2-Car,No injury/unknown,OTHER (DRIVER) - EXPLAIN IN NARRATIVE,39.16224,-86.522576
10,5,900.0,Moped/Motorcycle,Incapacitating,FAILURE TO YIELD RIGHT OF WAY,39.16224,-86.52016
11,1,1500.0,2-Car,No injury/unknown,IMPROPER LANE USAGE,39.16224,-86.523968
11,7,2200.0,1-Car,No injury/unknown,DRIVER DISTRACTED - EXPLAIN IN NARRATIVE,39.162218,-86.523668
9,5,1600.0,1-Car,No injury/unknown,PRESCRIPTION DRUGS,39.16221584,-86.5336