Month,Day,Hour,Collision Type,Injury Type,Primary Factor,Latitude,Longitude
2,1,1700.0,2-Car,No injury/unknown,DISREGARD SIGNAL/REG SIGN,39.1622,-86.525899
9,4,2000.0,2-Car,No injury/unknown,OTHER (DRIVER) - EXPLAIN IN NARRATIVE,39.162191,-86.476237
2,3,1300.0,1-Car,No injury/unknown,OTHER (ENVIRONMENTAL) - EXPLAIN IN NARR,39.16219076,-86.51769954
8,5,1400.0,2-Car,No injury/unknown,OTHER (DRIVER) - EXPLAIN IN NARRATIVE,39.16200597,-86.57316611
8,2,1400.0,2-Car,No injury/unknown,OTHER (DRIVER) - EXPLAIN IN NARRATIVE,39.16198929,-86.52975376
7,2,1300.0,2-Car,No injury/unknown,UNSAFE BACKING,39.161674,-86.497819
11,5,1000.0,2-Car,Non-incapacitating,DISREGARD SIGNAL/REG SIGN,39.161648,-86.546128
10,5,1300.0,2-Car,No injury/unknown,UNSAFE BACKING,39.16162667,-86.54486933
12,5,1300.0,2-Car,No injury/unknown,OTHER (DRIVER) - EXPLAIN IN NARRATIVE,39.1616,-86.543296
3,6,1000.0,2-Car,No injury/unknown,FOLLOWING TOO CLOSELY,39.161568,-86.542096
6,2,1100.0,2-Car,No injury/unknown,UNSAFE BACKING,39.16153611,-86.53976784
7,2,1500.0,2-Car,No injury/unknown,UNSAFE BACKING,39.16153611,-86.53976784
1,2,800.0,2-Car,Non-incapacitating,OTHER (DRIVER) - EXPLAIN IN NARRATIVE,39.16152,-86.538592
3,6,2000.0,2-Car,No injury/unknown,FAILURE TO YIELD RIGHT OF WAY,39.16152,-86.538592
3,5,1500.0,2-Car,No injury/unknown,FOLLOWING TOO CLOSELY,39.16152,-86.538592
4,5,1900.0,2-Car,No injury/unknown,FAILURE TO YIELD RIGHT OF WAY,39.16152,-86.538592
6,5,2300.0,2-Car,No injury/unknown,FAILURE TO YIELD RIGHT OF WAY,39.16152,-86.538592
2,2,1500.0,2-Car,No injury/unknown,OTHER (DRIVER) - EXPLAIN IN NARRATIVE,39.16151565,-86.53841569
1,5,1300.0,2-Car,Non-incapacitating,FOLLOWING TOO CLOSELY,39.16149453,-86.53756047
6,3,1600.0,2-Car,No injury/unknown,DRIVER DISTRACTED - EXPLAIN IN NARRATIVE,39.16147735,-86.53659273
1,6,1700.0,2-Car,No injury/unknown,FOLLOWING TOO CLOSELY,39.161472,-86.5360636
8,4,1900.0,2-Car,No injury/unknown,DRIVER DISTRACTED - EXPLAIN IN NARRATIVE,39.161472,-86.53624
8,4,1400.0,3+ Cars,No injury/unknown,FOLLOWING TOO CLOSELY,39.161472,-86.53624
8,3,1400.0,2-Car,Non-incapacitating,FOLLOWING TOO CLOSELY,39.161472,-86.53624
4,7,1400.0,2-Car,No injury/unknown,RAN OFF ROAD RIGHT,39.16146502,-86.58283426
1,3,2300.0,2-Car,No injury/unknown,FAILURE TO YIELD RIGHT OF WAY,39.16144,-86.52976
1,1,1100.0,2-Car,No injury/unknown,FAILURE TO YIELD RIGHT OF WAY,39.16144,-86.5336
2,6,1400.0,2-Car,No injury/unknown,UNSAFE BACKING,39.16144,-86.52584
4,5,1700.0,2-Car,No injury/unknown,UNSAFE BACKING,39.16144,-86.5324
6,6,600.0,2-Car,No injury/unknown,DISREGARD SIGNAL/REG SIGN,39.16144,-86.534848
7,5,1900.0,2-Car,No injury/unknown,VIEW OBSTRUCTED,39.16144,-86.52976
9,7,700.0,Cyclist,Non-incapacitating,PEDESTRIAN ACTION,39.16144,-86.5324
9,7,900.0,3+ Cars,Non-incapacitating,FAILURE TO YIELD RIGHT OF WAY,39.16144,-86.531056
10,3,1600.0,2-Car,No injury/unknown,FAILURE TO YIELD RIGHT OF WAY,39.16144,-86.528288
11,7,300.0,2-Car,No injury/unknown,OTHER (DRIVER) - EXPLAIN IN NARRATIVE,39.16144,-86.52976
11,2,900.0,2-Car,No injury/unknown,DRIVER DISTRACTED - EXPLAIN IN NARRATIVE,39.16144,-86.531056
11,6,1700.0,2-Car,No injury/unknown,IMPROPER LANE USAGE,39.16144,-86.531056
12,3,1300.0,2-Car,No injury/unknown,FOLLOWING TOO CLOSELY,39.16144,-86.5336
11,5,1000.0,2-Car,Non-incapacitating,DISREGARD SIGNAL/REG SIGN,39.16143,-86.54614
11,5,100.0,2-Car,Non-incapacitating,DISREGARD SIGNAL/REG SIGN,39.16143,-86.54614
10,1,1900.0,3+ Cars,No injury/unknown,DRIVER DISTRACTED - EXPLAIN IN NARRATIVE,39.16141,-86.53744
12,6,1600.0,2-Car,No injury/unknown,OTHER (DRIVER) - EXPLAIN IN NARRATIVE,39.16141,-86.54225
5,4,1900.0,3+ Cars,No injury/unknown,FAILURE TO YIELD RIGHT OF WAY,39.161401,-86.532399
1,1,1400.0,2-Car,No injury/unknown,OTHER (DRIVER) - EXPLAIN IN NARRATIVE,39.1614,-86.535211
1,5,1700.0,2-Car,No injury/unknown,FAILURE TO YIELD RIGHT OF WAY,39.1614,-86.533599
2,5,2100.0,2-Car,No injury/unknown,DISREGARD SIGNAL/REG SIGN,39.1614,-86.533599
2,2,2300.0,2-Car,No injury/unknown,FAILURE TO YIELD RIGHT OF WAY,39.1614,-86.545299
2,7,400.0,3+ Cars,No injury/unknown,,39.1614,-86.529899
2,3,1600.0,2-Car,No injury/unknown,FAILURE TO YIELD RIGHT OF WAY,39.1614,-86.5418
2,1,100.0,2-Car,No injury/unknown,OTHER (DRIVER) - EXPLAIN IN NARRATIVE,39.1614,-86.530989
3,7,0.0,2-Car,No injury/unknown,FAILURE TO YIELD RIGHT OF WAY,39.1614,-86.5374
3,5,1800.0,2-Car,No injury/unknown,FAILURE TO YIELD RIGHT OF WAY,39.1614,-86.52838602
4,7,2200.0,2-Car,No injury/unknown,FAILURE TO YIELD RIGHT OF WAY,39.1614,-86.533599
4,6,1100.0,2-Car,No injury/unknown,DISREGARD SIGNAL/REG SIGN,39.1614,-86.5336
4,6,1700.0,3+ Cars,No injury/unknown,OTHER (DRIVER) - EXPLAIN IN NARRATIVE,39.1614,-86.528399
6,7,0.0,2-Car,No injury/unknown,FAILURE TO YIELD RIGHT OF WAY,39.1614,-86.5374
7,1,1800.0,Cyclist,Non-incapacitating,OTHER (DRIVER) - EXPLAIN IN NARRATIVE,39.1614,-86.528399
8,6,0.0,2-Car,No injury/unknown,FAILURE TO YIELD RIGHT OF WAY,39.1614,-86.534901
10,6,2300.0,2-Car,No injury/unknown,FAILURE TO YIELD RIGHT OF WAY,39.1614,-86.53867
10,3,2300.0,2-Car,No injury/unknown,SPEED TOO FAST FOR WEATHER CONDITIONS,39.1614,-86.53867
2,2,800.0,2-Car,No injury/unknown,FAILURE TO YIELD RIGHT OF WAY,39.161399,-86.529899
9,7,1400.0,3+ Cars,No injury/unknown,DRIVER DISTRACTED - EXPLAIN IN NARRATIVE,39.16139,-86.53629702
11,6,0.0,3+ Cars,Non-incapacitating,ALCOHOLIC BEVERAGES,39.16135,-86.52841
5,7,1200.0,2-Car,No injury/unknown,OTHER (DRIVER) - EXPLAIN IN NARRATIVE,39.161312,-86.522576
11,4,1100.0,2-Car,No injury/unknown,OTHER (DRIVER) - EXPLAIN IN NARRATIVE,39.161312,-86.522576
12,3,1700.0,Cyclist,Non-incapacitating,PEDESTRIAN ACTION,39.161312,-86.522576
1,2,1100.0,2-Car,No injury/unknown,FAILURE TO YIELD RIGHT OF WAY,39.16130268,-86.5348502
4,1,1600.0,2-Car,No injury/unknown,UNSAFE BACKING,39.161255,-86.476645
5,5,700.0,2-Car,No injury/unknown,UNSAFE BACKING,39.16123652,-86.54610187
10,4,1500.0,2-Car,No injury/unknown,OTHER (DRIVER) - EXPLAIN IN NARRATIVE,39.161232,-86.519056
1,1,2000.0,2-Car,Non-incapacitating,ALCOHOLIC BEVERAGES,39.161201,-86.5476
7,4,2100.0,2-Car,Non-incapacitating,FOLLOWING TOO CLOSELY,39.161201,-86.5476
9,3,1700.0,Cyclist,Non-incapacitating,DRIVER DISTRACTED - EXPLAIN IN NARRATIVE,39.161168,-86.516352
12,7,1800.0,2-Car,No injury/unknown,DISREGARD SIGNAL/REG SIGN,39.161168,-86.516352
7,3,1700.0,3+ Cars,Non-incapacitating,OTHER (DRIVER) - EXPLAIN IN NARRATIVE,39.16116537,-86.53485239
7,2,1400.0,2-Car,No injury/unknown,FAILURE TO YIELD RIGHT OF WAY,39.16116534,-86.5336
3,2,1700.0,2-Car,No injury/unknown,OTHER (VEHICLE) - EXPLAIN IN NARRATIVE,39.16115717,-86.53485253
10,2,1800.0,2-Car,No injury/unknown,UNSAFE BACKING,39.16115717,-86.53485253
10,3,1900.0,Bus,No injury/unknown,FAILURE TO YIELD RIGHT OF WAY,39.16115717,-86.53485253
8,6,1200.0,1-Car,No injury/unknown,OTHER (DRIVER) - EXPLAIN IN NARRATIVE,39.161116,-86.490757
2,5,1700.0,2-Car,No injury/unknown,UNSAFE BACKING,39.161088,-86.512592
10,4,1500.0,2-Car,No injury/unknown,IMPROPER LANE USAGE,39.16107,-86.52264
10,1,1100.0,2-Car,No injury/unknown,FAILURE TO YIELD RIGHT OF WAY,39.16107,-86.52019351
1,7,1800.0,2-Car,Non-incapacitating,DRIVER ILLNESS,39.16103152,-86.5190594
10,1,1500.0,2-Car,No injury/unknown,OTHER (DRIVER) - EXPLAIN IN NARRATIVE,39.16102,-86.51418
9,7,1200.0,2-Car,No injury/unknown,UNSAFE BACKING,39.16100939,-86.52234
11,2,1400.0,2-Car,Non-incapacitating,ROADWAY SURFACE CONDITION,39.16099,-86.50847
10,3,800.0,2-Car,No injury/unknown,UNSAFE BACKING,39.160949,-86.505754
10,5,1700.0,2-Car,No injury/unknown,UNSAFE BACKING,39.160949,-86.50572
7,2,1300.0,1-Car,Non-incapacitating,OTHER (DRIVER) - EXPLAIN IN NARRATIVE,39.16094402,-86.49910717
8,2,1300.0,2-Car,No injury/unknown,IMPROPER PASSING,39.16094402,-86.50758241
9,6,1300.0,2-Car,No injury/unknown,FAILURE TO YIELD RIGHT OF WAY,39.16094401,-86.49822519
4,3,1600.0,2-Car,No injury/unknown,OTHER (DRIVER) - EXPLAIN IN NARRATIVE,39.16094401,-86.49804879
1,4,900.0,2-Car,No injury/unknown,DISREGARD SIGNAL/REG SIGN,39.160944,-86.497696
1,4,1700.0,2-Car,No injury/unknown,FAILURE TO YIELD RIGHT OF WAY,39.160944,-86.497696
4,3,1900.0,2-Car,No injury/unknown,FAILURE TO YIELD RIGHT OF WAY,39.160944,-86.508288
4,7,2200.0,2-Car,No injury/unknown,FOLLOWING TOO CLOSELY,39.160944,-86.508288
6,6,1500.0,2-Car,No injury/unknown,FOLLOWING TOO CLOSELY,39.160944,-86.497696
6,2,1700.0,2-Car,No injury/unknown,DISREGARD SIGNAL/REG SIGN,39.160944,-86.508288
6,3,1700.0,2-Car,No injury/unknown,FAILURE TO YIELD RIGHT OF WAY,39.160944,-86.497696
7,1,1400.0,2-Car,No injury/unknown,FAILURE TO YIELD RIGHT OF WAY,39.160944,-86.497696
7,4,1500.0,1-Car,No injury/unknown,OTHER (DRIVER) - EXPLAIN IN NARRATIVE,39.160944,-86.508288
7,1,1900.0,2-Car,Non-incapacitating,IMPROPER TURNING,39.160944,-86.497696
9,3,1400.0,2-Car,Non-incapacitating,OTHER (DRIVER) - EXPLAIN IN NARRATIVE,39.160944,-86.508288
11,4,1400.0,2-Car,No injury/unknown,FAILURE TO YIELD RIGHT OF WAY,39.160944,-86.497696
12,6,2100.0,2-Car,No injury/unknown,DISREGARD SIGNAL/REG SIGN,39.160944,-86.508288
10,5,1900.0,2-Car,No injury/unknown,FAILURE TO YIELD RIGHT OF WAY,39.16094,-86.49772
10,1,1700.0,1-Car,Non-incapacitating,ANIMAL/OBJECT IN ROADWAY,39.16092,-86.50245433
3,4,1100.0,2-Car,No injury/unknown,UNSAFE BACKING,39.16081698,-86.5487311
9,3,1600.0,3+ Cars,Non-incapacitating,DRIVER DISTRACTED - EXPLAIN IN NARRATIVE,39.16075,-86.54852731
11,6,400.0,1-Car,Non-incapacitating,IMPROPER LANE USAGE,39.16075,-86.54851
12,3,2100.0,2-Car,No injury/unknown,FAILURE TO YIELD RIGHT OF WAY,39.16075,-86.54851
9,6,500.0,2-Car,No injury/unknown,ROADWAY SURFACE CONDITION,39.16071544,-86.54846886
9,5,1100.0,2-Car,No injury/unknown,OTHER (DRIVER) - EXPLAIN IN NARRATIVE,39.160544,-86.5508
12,4,1700.0,2-Car,Non-incapacitating,FOLLOWING TOO CLOSELY,39.160544,-86.5508
5,3,1600.0,2-Car,No injury/unknown,DRIVER ILLNESS,39.16048947,-86.49771167
12,2,700.0,2-Car,Non-incapacitating,DRIVER DISTRACTED - EXPLAIN IN NARRATIVE,39.1604449,-86.55120376
8,5,1100.0,2-Car,No injury/unknown,FAILURE TO YIELD RIGHT OF WAY,39.1604,-86.525899
8,2,900.0,2-Car,No injury/unknown,OTHER (DRIVER) - EXPLAIN IN NARRATIVE,39.1604,-86.53130246
5,5,900.0,1-Car,No injury/unknown,UNSAFE BACKING,39.160399,-86.551928
4,2,1700.0,3+ Cars,Non-incapacitating,FOLLOWING TOO CLOSELY,39.16039489,-86.49771494
9,1,2300.0,2-Car,No injury/unknown,UNSAFE BACKING,39.16036,-86.52399567
1,4,1100.0,2-Car,No injury/unknown,UNSAFE BACKING,39.160352,-86.546048
2,5,1600.0,2-Car,No injury/unknown,FAILURE TO YIELD RIGHT OF WAY,39.16032,-86.525856
8,4,800.0,2-Car,No injury/unknown,UNSAFE BACKING,39.16032,-86.525856
4,3,1100.0,Bus,No injury/unknown,UNSAFE BACKING,39.160291,-86.471599
6,5,1700.0,1-Car,No injury/unknown,OTHER (DRIVER) - EXPLAIN IN NARRATIVE,39.1602,-86.516399
7,2,1300.0,2-Car,No injury/unknown,UNSAFE BACKING,39.160164,-86.553242
8,5,1600.0,2-Car,No injury/unknown,UNSAFE BACKING,39.16009176,-86.49772539
3,5,1800.0,2-Car,No injury/unknown,DISREGARD SIGNAL/REG SIGN,39.16,-86.547799
5,6,1200.0,2-Car,No injury/unknown,SPEED TOO FAST FOR WEATHER CONDITIONS,39.15994021,-86.55379641
8,5,1600.0,2-Car,Non-incapacitating,FOLLOWING TOO CLOSELY,39.15994021,-86.55379641
6,3,1300.0,2-Car,No injury/unknown,FAILURE TO YIELD RIGHT OF WAY,39.15992397,-86.534899
4,4,1700.0,2-Car,No injury/unknown,FOLLOWING TOO CLOSELY,39.159901,-86.553901
12,5,1800.0,3+ Cars,No injury/unknown,ALCOHOLIC BEVERAGES,39.15974303,-86.53487515
11,2,1800.0,2-Car,No injury/unknown,DRIVER DISTRACTED - EXPLAIN IN NARRATIVE,39.15974028,-86.5826
2,1,1100.0,2-Car,No injury/unknown,FAILURE TO YIELD RIGHT OF WAY,39.15961866,-86.5336
6,6,1200.0,2-Car,No injury/unknown,FAILURE TO YIELD RIGHT OF WAY,39.15961866,-86.5336
2,1,1800.0,2-Car,No injury/unknown,FOLLOWING TOO CLOSELY,39.1596,-86.490784
10,2,700.0,2-Car,No injury/unknown,LEFT OF CENTER,39.159552,-86.540896
5,6,1500.0,2-Car,No injury/unknown,OTHER (DRIVER) - EXPLAIN IN NARRATIVE,39.159504,-86.538592
5,7,1700.0,2-Car,No injury/unknown,OTHER (DRIVER) - EXPLAIN IN NARRATIVE,39.159504,-86.538592
11,4,800.0,1-Car,Non-incapacitating,RAN OFF ROAD RIGHT,39.159504,-86.538592
12,1,0.0,2-Car,No injury/unknown,OTHER (VEHICLE) - EXPLAIN IN NARRATIVE,39.15948133,-86.5324
7,5,1700.0,2-Car,No injury/unknown,FAILURE TO YIELD RIGHT OF WAY,39.159472,-86.536272
4,2,1100.0,2-Car,Non-incapacitating,UNSAFE SPEED,39.15944,-86.555296
10,2,1400.0,Bus,No injury/unknown,IMPROPER TURNING,39.15944,-86.53488
6,5,900.0,2-Car,No injury/unknown,DRIVER DISTRACTED - EXPLAIN IN NARRATIVE,39.1594,-86.539473
10,6,1500.0,2-Car,No injury/unknown,BRAKE FAILURE OR DEFECTIVE,39.15936,-86.53366
9,2,1800.0,Cyclist,Non-incapacitating,OTHER (DRIVER) - EXPLAIN IN NARRATIVE,39.15935,-86.53241
2,7,300.0,2-Car,No injury/unknown,OTHER (DRIVER) - EXPLAIN IN NARRATIVE,39.159344,-86.5238832
4,5,800.0,2-Car,Non-incapacitating,OTHER (DRIVER) - EXPLAIN IN NARRATIVE,39.159344,-86.531088
5,6,1100.0,Cyclist,No injury/unknown,WRONG WAY ON ONE WAY,39.159344,-86.5336
7,1,1500.0,2-Car,No injury/unknown,FAILURE TO YIELD RIGHT OF WAY,39.159344,-86.529792
8,7,2000.0,2-Car,No injury/unknown,DISREGARD SIGNAL/REG SIGN,39.159344,-86.525872
9,4,1600.0,2-Car,No injury/unknown,UNSAFE BACKING,39.159344,-86.52712
10,4,1800.0,1-Car,No injury/unknown,IMPROPER TURNING,39.159344,-86.524784
9,3,1100.0,2-Car,No injury/unknown,DISREGARD SIGNAL/REG SIGN,39.15932,-86.52714
4,6,800.0,2-Car,No injury/unknown,IMPROPER TURNING,39.1593,-86.52989467
10,2,1500.0,2-Car,No injury/unknown,UNSAFE BACKING,39.159235,-86.497809
8,2,1000.0,1-Car,No injury/unknown,IMPROPER TURNING,39.159214,-86.497823
9,7,1700.0,Moped/Motorcycle,No injury/unknown,UNSAFE BACKING,39.1592,-86.490586
5,6,1600.0,2-Car,Non-incapacitating,FAILURE TO YIELD RIGHT OF WAY,39.15878406,-86.579099
6,6,800.0,2-Car,No injury/unknown,FOLLOWING TOO CLOSELY,39.15861513,-86.55670627
2,3,1800.0,2-Car,No injury/unknown,FAILURE TO YIELD RIGHT OF WAY,39.1586,-86.522599
2,6,900.0,2-Car,No injury/unknown,DISREGARD SIGNAL/REG SIGN,39.1586,-86.522599
10,3,1900.0,2-Car,No injury/unknown,IMPROPER TURNING,39.158448,-86.531088
6,3,1200.0,1-Car,No injury/unknown,RAN OFF ROAD LEFT,39.158402,-86.541056
1,7,1100.0,2-Car,No injury/unknown,DISREGARD SIGNAL/REG SIGN,39.1584,-86.538699
5,5,1500.0,2-Car,No injury/unknown,FAILURE TO YIELD RIGHT OF WAY,39.158399,-86.532399
6,7,1500.0,2-Car,Non-incapacitating,FAILURE TO YIELD RIGHT OF WAY,39.158399,-86.532399
3,6,1600.0,2-Car,No injury/unknown,UNSAFE BACKING,39.158352,-86.582752
8,4,1500.0,2-Car,No injury/unknown,FAILURE TO YIELD RIGHT OF WAY,39.158352,-86.582752
12,5,1800.0,2-Car,Non-incapacitating,FOLLOWING TOO CLOSELY,39.158352,-86.582752
11,7,200.0,3+ Cars,No injury/unknown,ALCOHOLIC BEVERAGES,39.15833,-86.569009
12,2,700.0,2-Car,No injury/unknown,LEFT OF CENTER,39.15833,-86.569009
12,2,1400.0,2-Car,No injury/unknown,OTHER (DRIVER) - EXPLAIN IN NARRATIVE,39.158327,-86.56939
10,5,1000.0,2-Car,No injury/unknown,IMPROPER TURNING,39.15832146,-86.49614278
11,1,1300.0,2-Car,No injury/unknown,IMPROPER TURNING,39.15832,-86.49611
6,6,1400.0,2-Car,No injury/unknown,UNSAFE BACKING,39.158301,-86.527099
1,2,1600.0,2-Car,Non-incapacitating,FAILURE TO YIELD RIGHT OF WAY,39.1583,-86.49619554
2,6,1900.0,1-Car,No injury/unknown,SPEED TOO FAST FOR WEATHER CONDITIONS,39.1583,-86.4962855
4,5,1400.0,2-Car,No injury/unknown,FAILURE TO YIELD RIGHT OF WAY,39.1583,-86.496199
7,2,1700.0,2-Car,No injury/unknown,FAILURE TO YIELD RIGHT OF WAY,39.1583,-86.496199
1,6,700.0,2-Car,Non-incapacitating,FAILURE TO YIELD RIGHT OF WAY,39.15826884,-86.58274926
9,4,1800.0,1-Car,No injury/unknown,GLARE,39.158208,-86.583904
1,7,2200.0,1-Car,No injury/unknown,ANIMAL/OBJECT IN ROADWAY,39.15817796,-86.40933457
2,7,1400.0,2-Car,No injury/unknown,IMPROPER TURNING,39.15816,-86.497792
11,2,1000.0,2-Car,No injury/unknown,DISREGARD SIGNAL/REG SIGN,39.15816,-86.497792
6,4,1800.0,2-Car,No injury/unknown,FAILURE TO YIELD RIGHT OF WAY,39.1581,-86.497899
10,3,1400.0,2-Car,No injury/unknown,OTHER (VEHICLE) - EXPLAIN IN NARRATIVE,39.158084,-86.533649
7,2,1700.0,2-Car,No injury/unknown,FAILURE TO YIELD RIGHT OF WAY,39.157888,-86.520272
8,1,300.0,2-Car,Non-incapacitating,ALCOHOLIC BEVERAGES,39.15788609,-86.4092098
11,5,1100.0,2-Car,Non-incapacitating,DRIVER DISTRACTED - EXPLAIN IN NARRATIVE,39.15781,-86.52373308
12,3,2300.0,2-Car,No injury/unknown,UNSAFE BACKING,39.15781,-86.52263654
9,4,1900.0,1-Car,Non-incapacitating,BRAKE FAILURE OR DEFECTIVE,39.157709,-86.555174
4,1,1700.0,Cyclist,Non-incapacitating,FAILURE TO YIELD RIGHT OF WAY,39.157616,-86.538592
11,5,1800.0,2-Car,No injury/unknown,FAILURE TO YIELD RIGHT OF WAY,39.157616,-86.538592
2,1,600.0,1-Car,No injury/unknown,UNSAFE SPEED,39.15759543,-86.55894204
2,2,0.0,1-Car,Non-incapacitating,ALCOHOLIC BEVERAGES,39.157568,-86.534896
2,6,1800.0,2-Car,No injury/unknown,OTHER (DRIVER) - EXPLAIN IN NARRATIVE,39.157568,-86.534896
1,2,1000.0,2-Car,No injury/unknown,OTHER (DRIVER) - EXPLAIN IN NARRATIVE,39.157552,-86.5336
2,6,1800.0,2-Car,No injury/unknown,FAILURE TO YIELD RIGHT OF WAY,39.157552,-86.5336
11,2,1000.0,2-Car,Non-incapacitating,FAILURE TO YIELD RIGHT OF WAY,39.157552,-86.5336
10,6,1100.0,2-Car,No injury/unknown,FAILURE TO YIELD RIGHT OF WAY,39.157536,-86.5324
11,6,1000.0,2-Car,Non-incapacitating,WRONG WAY ON ONE WAY,39.157473,-86.534813
11,6,0.0,Moped/Motorcycle,Non-incapacitating,UNSAFE SPEED,39.157473,-86.534813
5,7,2000.0,2-Car,Non-incapacitating,FAILURE TO YIELD RIGHT OF WAY,39.157471,-86.558879
10,7,1700.0,2-Car,No injury/unknown,FOLLOWING TOO CLOSELY,39.15745,-86.53633
9,1,900.0,2-Car,No injury/unknown,FAILURE TO YIELD RIGHT OF WAY,39.15742,-86.53365
12,5,1300.0,2-Car,No injury/unknown,FAILURE TO YIELD RIGHT OF WAY,39.15742,-86.53365
10,7,1100.0,Moped/Motorcycle,Non-incapacitating,DISREGARD SIGNAL/REG SIGN,39.15738,-86.53243
12,5,1600.0,2-Car,Non-incapacitating,FAILURE TO YIELD RIGHT OF WAY,39.15738,-86.53243
7,7,1300.0,2-Car,No injury/unknown,UNSAFE BACKING,39.15737,-86.513731
9,1,900.0,2-Car,No injury/unknown,FAILURE TO YIELD RIGHT OF WAY,39.15737,-86.5313
8,5,2000.0,2-Car,No injury/unknown,DRIVER DISTRACTED - EXPLAIN IN NARRATIVE,39.157354,-86.497856
12,7,2000.0,3+ Cars,No injury/unknown,UNSAFE BACKING,39.15732809,-86.59100352
11,2,1500.0,2-Car,No injury/unknown,IMPROPER LANE USAGE,39.1571,-86.55967269
6,5,1900.0,2-Car,No injury/unknown,IMPROPER TURNING,39.157025,-86.497815
8,2,1600.0,2-Car,No injury/unknown,DISREGARD SIGNAL/REG SIGN,39.156896,-86.582704
9,1,1600.0,2-Car,Non-incapacitating,OTHER (DRIVER) - EXPLAIN IN NARRATIVE,39.156896,-86.582704
12,1,1900.0,2-Car,Non-incapacitating,FAILURE TO YIELD RIGHT OF WAY,39.156896,-86.582704
7,1,1300.0,2-Car,No injury/unknown,UNSAFE BACKING,39.156799,-86.560297
5,5,800.0,2-Car,Non-incapacitating,FOLLOWING TOO CLOSELY,39.15678545,-86.533699
6,7,1100.0,2-Car,No injury/unknown,UNSAFE BACKING,39.156717,-86.591199
5,5,1500.0,2-Car,No injury/unknown,FOLLOWING TOO CLOSELY,39.15664,-86.538592
10,3,1700.0,2-Car,No injury/unknown,UNSAFE BACKING,39.15664,-86.538592
11,5,1100.0,2-Car,Non-incapacitating,OTHER (DRIVER) - EXPLAIN IN NARRATIVE,39.15664,-86.538592
4,4,100.0,2-Car,No injury/unknown,OTHER (DRIVER) - EXPLAIN IN NARRATIVE,39.156577,-86.540521
11,5,1200.0,2-Car,No injury/unknown,OTHER (DRIVER) - EXPLAIN IN NARRATIVE,39.15657,-86.54103269
6,1,0.0,2-Car,No injury/unknown,,39.15654635,-86.53342364
2,5,1600.0,2-Car,No injury/unknown,FOLLOWING TOO CLOSELY,39.156501,-86.56089134
3,4,1600.0,2-Car,No injury/unknown,CELL PHONE USAGE,39.156501,-86.5609
4,5,1500.0,3+ Cars,No injury/unknown,OTHER (DRIVER) - EXPLAIN IN NARRATIVE,39.156501,-86.5609
8,4,1400.0,Bus,No injury/unknown,OTHER (DRIVER) - EXPLAIN IN NARRATIVE,39.156333,-86.496099
1,3,1300.0,2-Car,No injury/unknown,UNSAFE BACKING,39.1563,-86.496099
5,5,800.0,2-Car,No injury/unknown,LEFT OF CENTER,39.15629121,-86.40831933
9,1,200.0,2-Car,Non-incapacitating,ALCOHOLIC BEVERAGES,39.15625028,-86.49785295
6,2,1600.0,2-Car,No injury/unknown,RAN OFF ROAD RIGHT,39.156248,-86.590299
1,1,1400.0,2-Car,Non-incapacitating,UNSAFE SPEED,39.1562219,-86.5609886
2,5,1600.0,3+ Cars,No injury/unknown,UNSAFE SPEED,39.1562219,-86.5609886
2,6,600.0,3+ Cars,No injury/unknown,ROADWAY SURFACE CONDITION,39.156144,-86.561296
3,4,1600.0,2-Car,No injury/unknown,FOLLOWING TOO CLOSELY,39.156101,-86.561398
7,2,1800.0,2-Car,No injury/unknown,FOLLOWING TOO CLOSELY,39.156101,-86.561398
5,5,1500.0,2-Car,No injury/unknown,FAILURE TO YIELD RIGHT OF WAY,39.15597571,-86.49786171
10,1,2100.0,2-Car,No injury/unknown,FOLLOWING TOO CLOSELY,39.15597571,-86.49786171
1,4,800.0,2-Car,Non-incapacitating,DISREGARD SIGNAL/REG SIGN,39.155952,-86.550592
2,6,0.0,2-Car,Non-incapacitating,DISREGARD SIGNAL/REG SIGN,39.155952,-86.550592
5,3,900.0,2-Car,No injury/unknown,UNSAFE BACKING,39.155952,-86.550592
6,5,1800.0,2-Car,No injury/unknown,OTHER (DRIVER) - EXPLAIN IN NARRATIVE,39.155866,-86.561866
3,5,1600.0,2-Car,No injury/unknown,OTHER (DRIVER) - EXPLAIN IN NARRATIVE,39.1558,-86.54860566
10,3,1700.0,2-Car,No injury/unknown,FOLLOWING TOO CLOSELY,39.155776,-86.538592
12,3,1100.0,2-Car,No injury/unknown,LEFT OF CENTER,39.15571944,-86.53867
10,3,1400.0,2-Car,No injury/unknown,SPEED TOO FAST FOR WEATHER CONDITIONS,39.15563,-86.54328404
3,1,1400.0,2-Car,Non-incapacitating,DISREGARD SIGNAL/REG SIGN,39.1556,-86.541098
3,2,1000.0,2-Car,No injury/unknown,UNSAFE BACKING,39.15556865,-86.5336
6,5,1800.0,2-Car,Non-incapacitating,OTHER (DRIVER) - EXPLAIN IN NARRATIVE,39.15555181,-86.4714858
7,3,1600.0,2-Car,No injury/unknown,UNSAFE BACKING,39.155344,-86.503088
9,2,100.0,1-Car,No injury/unknown,UNSAFE BACKING,39.155344,-86.503088
10,6,1500.0,2-Car,No injury/unknown,UNSAFE BACKING,39.15531959,-86.49947045
7,2,700.0,2-Car,No injury/unknown,FAILURE TO YIELD RIGHT OF WAY,39.155219,-86.49490205
10,3,1100.0,Cyclist,Non-incapacitating,VIEW OBSTRUCTED,39.15518,-86.49774