Month,Day,Hour,Collision Type,Injury Type,Primary Factor,Latitude,Longitude
10,6,2000.0,2-Car,No injury/unknown,FAILURE TO YIELD RIGHT OF WAY,39.15518,-86.497739
1,1,1800.0,2-Car,No injury/unknown,FAILURE TO YIELD RIGHT OF WAY,39.155152,-86.497888
4,1,1500.0,2-Car,No injury/unknown,OTHER (DRIVER) - EXPLAIN IN NARRATIVE,39.155152,-86.497888
10,5,1600.0,2-Car,No injury/unknown,DISREGARD SIGNAL/REG SIGN,39.155152,-86.497888
12,7,2000.0,2-Car,No injury/unknown,OTHER (DRIVER) - EXPLAIN IN NARRATIVE,39.155152,-86.497888
12,7,1200.0,2-Car,No injury/unknown,OTHER (DRIVER) - EXPLAIN IN NARRATIVE,39.155152,-86.497888
5,2,600.0,2-Car,No injury/unknown,FAILURE TO YIELD RIGHT OF WAY,39.1551,-86.4967817
6,2,1400.0,2-Car,No injury/unknown,OTHER (DRIVER) - EXPLAIN IN NARRATIVE,39.1551,-86.49682495
5,1,2100.0,2-Car,No injury/unknown,UNSAFE SPEED,39.15508073,-86.54093964
9,2,1500.0,2-Car,No injury/unknown,UNSAFE BACKING,39.15503,-86.4961965
3,6,1300.0,2-Car,No injury/unknown,OTHER (DRIVER) - EXPLAIN IN NARRATIVE,39.15502449,-86.49968517
3,3,900.0,2-Car,No injury/unknown,UNSAFE BACKING,39.154902,-86.497686
9,4,1700.0,2-Car,No injury/unknown,FOLLOWING TOO CLOSELY,39.15464,-86.538592
7,6,2200.0,2-Car,No injury/unknown,IMPROPER TURNING,39.1545,-86.538699
7,3,0.0,2-Car,No injury/unknown,DRIVER ASLEEP OR FATIGUED,39.1544,-86.49999035
3,5,1300.0,2-Car,No injury/unknown,FAILURE TO YIELD RIGHT OF WAY,39.154352,-86.5336
11,2,1100.0,2-Car,No injury/unknown,UNSAFE BACKING,39.154352,-86.530048
7,3,1600.0,2-Car,No injury/unknown,UNSAFE BACKING,39.15430272,-86.49787118
8,7,1900.0,Moped/Motorcycle,Non-incapacitating,FOLLOWING TOO CLOSELY,39.154272,-86.564176
10,1,2200.0,1-Car,No injury/unknown,ANIMAL/OBJECT IN ROADWAY,39.154272,-86.564176
5,7,2000.0,2-Car,No injury/unknown,UNSAFE BACKING,39.15426934,-86.4872
11,2,1900.0,2-Car,No injury/unknown,FAILURE TO YIELD RIGHT OF WAY,39.154261,-86.497703
8,4,1600.0,2-Car,No injury/unknown,UNSAFE BACKING,39.15422171,-86.5336
2,3,1200.0,2-Car,No injury/unknown,FAILURE TO YIELD RIGHT OF WAY,39.1542,-86.533699
2,7,2300.0,2-Car,No injury/unknown,FAILURE TO YIELD RIGHT OF WAY,39.1542,-86.533699
8,6,1400.0,2-Car,No injury/unknown,OTHER (DRIVER) - EXPLAIN IN NARRATIVE,39.1542,-86.533699
4,5,1500.0,2-Car,No injury/unknown,FAILURE TO YIELD RIGHT OF WAY,39.15412578,-86.49786768
9,4,1500.0,2-Car,No injury/unknown,FAILURE TO YIELD RIGHT OF WAY,39.15412578,-86.49786768
12,3,1300.0,2-Car,No injury/unknown,FAILURE TO YIELD RIGHT OF WAY,39.15412578,-86.49786768
11,6,2000.0,2-Car,Non-incapacitating,FAILURE TO YIELD RIGHT OF WAY,39.15405351,-86.49786625
1,7,1500.0,2-Car,No injury/unknown,FAILURE TO YIELD RIGHT OF WAY,39.15402556,-86.579099
4,3,1300.0,2-Car,No injury/unknown,FAILURE TO YIELD RIGHT OF WAY,39.15398423,-86.49786488
7,3,2200.0,2-Car,No injury/unknown,UNSAFE BACKING,39.15385448,-86.49786231
12,2,1300.0,2-Car,No injury/unknown,FAILURE TO YIELD RIGHT OF WAY,39.15383,-86.54110731
4,2,1700.0,2-Car,Non-incapacitating,FOLLOWING TOO CLOSELY,39.15382561,-86.552099
8,2,1400.0,2-Car,No injury/unknown,FOLLOWING TOO CLOSELY,39.1538,-86.53991198
11,3,1300.0,Moped/Motorcycle,No injury/unknown,IMPROPER PASSING,39.15379,-86.53875
4,5,1400.0,2-Car,No injury/unknown,UNSAFE BACKING,39.153704,-86.537598
6,3,2300.0,2-Car,No injury/unknown,FOLLOWING TOO CLOSELY,39.153704,-86.53758935
2,6,1000.0,3+ Cars,No injury/unknown,RAN OFF ROAD RIGHT,39.1536,-86.49195575
4,4,1800.0,2-Car,No injury/unknown,FAILURE TO YIELD RIGHT OF WAY,39.153599,-86.572499
1,6,1000.0,2-Car,No injury/unknown,FAILURE TO YIELD RIGHT OF WAY,39.15344,-86.5336
1,1,1800.0,2-Car,No injury/unknown,UNSAFE BACKING,39.15344,-86.5376
3,5,1500.0,Cyclist,Non-incapacitating,OTHER (DRIVER) - EXPLAIN IN NARRATIVE,39.15344,-86.5336
4,4,1700.0,Moped/Motorcycle,Non-incapacitating,FAILURE TO YIELD RIGHT OF WAY,39.15344,-86.53595124
4,1,0.0,2-Car,No injury/unknown,IMPROPER TURNING,39.15344,-86.5324
4,2,1400.0,3+ Cars,No injury/unknown,FOLLOWING TOO CLOSELY,39.15344,-86.5336
4,4,2100.0,2-Car,No injury/unknown,DISREGARD SIGNAL/REG SIGN,39.15344,-86.5336
7,6,1400.0,2-Car,No injury/unknown,FAILURE TO YIELD RIGHT OF WAY,39.15344,-86.5336
7,4,1400.0,2-Car,No injury/unknown,IMPROPER PASSING,39.15344,-86.5336
8,5,1400.0,2-Car,No injury/unknown,FAILURE TO YIELD RIGHT OF WAY,39.15344,-86.5336
9,4,900.0,2-Car,No injury/unknown,FAILURE TO YIELD RIGHT OF WAY,39.15344,-86.5336
9,6,1500.0,2-Car,No injury/unknown,OTHER (DRIVER) - EXPLAIN IN NARRATIVE,39.15344,-86.5336
10,3,2100.0,2-Car,No injury/unknown,OTHER (DRIVER) - EXPLAIN IN NARRATIVE,39.15344,-86.5336
10,4,1300.0,2-Car,No injury/unknown,FAILURE TO YIELD RIGHT OF WAY,39.15344,-86.5336
11,3,1400.0,2-Car,No injury/unknown,FOLLOWING TOO CLOSELY,39.15344,-86.5336
12,4,1300.0,2-Car,No injury/unknown,FOLLOWING TOO CLOSELY,39.15344,-86.5336
4,7,1300.0,2-Car,No injury/unknown,DRIVER DISTRACTED - EXPLAIN IN NARRATIVE,39.153424,-86.531152
10,6,1500.0,2-Car,No injury/unknown,FAILURE TO YIELD RIGHT OF WAY,39.153408,-86.530048
3,3,1600.0,2-Car,No injury/unknown,FAILURE TO YIELD RIGHT OF WAY,39.153398,-86.49067551
3,5,800.0,2-Car,No injury/unknown,FAILURE TO YIELD RIGHT OF WAY,39.153392,-86.527008
7,4,1300.0,2-Car,No injury/unknown,DISREGARD SIGNAL/REG SIGN,39.153392,-86.527008
4,7,2100.0,2-Car,No injury/unknown,FOLLOWING TOO CLOSELY,39.15335974,-86.498255
10,2,2000.0,2-Car,No injury/unknown,FAILURE TO YIELD RIGHT OF WAY,39.15335,-86.53371
12,2,2300.0,2-Car,No injury/unknown,FAILURE TO YIELD RIGHT OF WAY,39.15335,-86.53371
9,3,1200.0,2-Car,Non-incapacitating,FOLLOWING TOO CLOSELY,39.153344,-86.522512
9,4,1300.0,2-Car,No injury/unknown,DISREGARD SIGNAL/REG SIGN,39.15334,-86.53249
10,3,1300.0,2-Car,Non-incapacitating,FOLLOWING TOO CLOSELY,39.15323401,-86.5336
5,7,1200.0,2-Car,No injury/unknown,OTHER (DRIVER) - EXPLAIN IN NARRATIVE,39.15305,-86.497599
2,4,1800.0,2-Car,No injury/unknown,OTHER (DRIVER) - EXPLAIN IN NARRATIVE,39.152995,-86.490626
2,6,1800.0,2-Car,No injury/unknown,DISREGARD SIGNAL/REG SIGN,39.152995,-86.490626
8,2,1000.0,1-Car,No injury/unknown,DRIVER DISTRACTED - EXPLAIN IN NARRATIVE,39.152736,-86.508288
6,6,1600.0,2-Car,No injury/unknown,FOLLOWING TOO CLOSELY,39.15261235,-86.57295509
6,7,1100.0,3+ Cars,Non-incapacitating,FOLLOWING TOO CLOSELY,39.152544,-86.531168
6,1,2100.0,2-Car,No injury/unknown,ALCOHOLIC BEVERAGES,39.1525,-86.533699
7,4,1600.0,2-Car,No injury/unknown,FAILURE TO YIELD RIGHT OF WAY,39.1525,-86.533699
12,4,700.0,2-Car,No injury/unknown,DRIVER DISTRACTED - EXPLAIN IN NARRATIVE,39.15241,-86.48296
7,5,0.0,1-Car,No injury/unknown,OTHER (DRIVER) - EXPLAIN IN NARRATIVE,39.1524,-86.582704
5,1,2100.0,Pedestrian,Non-incapacitating,PEDESTRIAN ACTION,39.15224,-86.5336
10,5,1600.0,2-Car,No injury/unknown,FAILURE TO YIELD RIGHT OF WAY,39.15217483,-86.53265
5,5,1300.0,2-Car,No injury/unknown,UNSAFE BACKING,39.151952,-86.52671144
9,1,1300.0,2-Car,No injury/unknown,OTHER (DRIVER) - EXPLAIN IN NARRATIVE,39.151744,-86.537504
12,6,1600.0,2-Car,No injury/unknown,OTHER (DRIVER) - EXPLAIN IN NARRATIVE,39.151552,-86.643504
8,2,1800.0,2-Car,No injury/unknown,FAILURE TO YIELD RIGHT OF WAY,39.1515459,-86.4979488
6,3,300.0,1-Car,No injury/unknown,ANIMAL/OBJECT IN ROADWAY,39.15134401,-86.59357801
3,7,1100.0,1-Car,No injury/unknown,RAN OFF ROAD RIGHT,39.151344,-86.59287252
1,5,1700.0,2-Car,No injury/unknown,VIEW OBSTRUCTED,39.1513,-86.582599
8,4,1700.0,2-Car,No injury/unknown,FAILURE TO YIELD RIGHT OF WAY,39.15127953,-86.58266079
10,4,1300.0,2-Car,No injury/unknown,FAILURE TO YIELD RIGHT OF WAY,39.1512,-86.57687
5,5,600.0,1-Car,No injury/unknown,OTHER (VEHICLE) - EXPLAIN IN NARRATIVE,39.15106591,-86.582572
1,7,1500.0,2-Car,Non-incapacitating,FOLLOWING TOO CLOSELY,39.1508,-86.491299
8,6,1400.0,2-Car,Non-incapacitating,FAILURE TO YIELD RIGHT OF WAY,39.150799,-86.56800433
6,3,1600.0,2-Car,No injury/unknown,ROADWAY SURFACE CONDITION,39.15072,-86.522496
8,1,1700.0,Cyclist,Incapacitating,FAILURE TO YIELD RIGHT OF WAY,39.15072,-86.522496
8,3,1500.0,2-Car,Non-incapacitating,FOLLOWING TOO CLOSELY,39.15072,-86.522496
10,7,2200.0,2-Car,No injury/unknown,FAILURE TO YIELD RIGHT OF WAY,39.15072,-86.522496
8,3,1400.0,2-Car,No injury/unknown,FAILURE TO YIELD RIGHT OF WAY,39.15069065,-86.51255573
3,3,1500.0,3+ Cars,No injury/unknown,UNSAFE SPEED,39.15067858,-86.52590322
8,6,1400.0,2-Car,No injury/unknown,IMPROPER LANE USAGE,39.150656,-86.5188
2,3,1400.0,1-Car,No injury/unknown,SPEED TOO FAST FOR WEATHER CONDITIONS,39.15064657,-86.5266075
8,1,0.0,2-Car,Non-incapacitating,DISREGARD SIGNAL/REG SIGN,39.15064,-86.52696
11,4,700.0,2-Car,Non-incapacitating,ROADWAY SURFACE CONDITION,39.15064,-86.52696
5,6,700.0,2-Car,No injury/unknown,FAILURE TO YIELD RIGHT OF WAY,39.150592,-86.53008
8,5,800.0,2-Car,No injury/unknown,OTHER (VEHICLE) - EXPLAIN IN NARRATIVE,39.150592,-86.53008
9,7,1800.0,2-Car,Non-incapacitating,FAILURE TO YIELD RIGHT OF WAY,39.150592,-86.53008
1,3,1500.0,2-Car,No injury/unknown,OTHER (DRIVER) - EXPLAIN IN NARRATIVE,39.150576,-86.515088
1,6,800.0,1-Car,No injury/unknown,SPEED TOO FAST FOR WEATHER CONDITIONS,39.150576,-86.515088
6,5,1000.0,2-Car,Non-incapacitating,FAILURE TO YIELD RIGHT OF WAY,39.150576,-86.515088
7,6,1900.0,1-Car,No injury/unknown,RAN OFF ROAD RIGHT,39.150576,-86.515088
11,5,1500.0,2-Car,No injury/unknown,DISREGARD SIGNAL/REG SIGN,39.150576,-86.515088
3,5,1200.0,2-Car,No injury/unknown,UNSAFE BACKING,39.15056,-86.5324
9,3,2100.0,1-Car,Non-incapacitating,ALCOHOLIC BEVERAGES,39.15056,-86.58076
12,7,1500.0,2-Car,No injury/unknown,FAILURE TO YIELD RIGHT OF WAY,39.15056,-86.52691
3,3,2000.0,Moped/Motorcycle,Incapacitating,FAILURE TO YIELD RIGHT OF WAY,39.150544,-86.5336
4,2,2100.0,2-Car,No injury/unknown,DRIVER DISTRACTED - EXPLAIN IN NARRATIVE,39.150544,-86.508288
6,2,1300.0,2-Car,No injury/unknown,FOLLOWING TOO CLOSELY,39.150544,-86.5336
8,5,2000.0,2-Car,No injury/unknown,OTHER (DRIVER) - EXPLAIN IN NARRATIVE,39.150544,-86.5136
11,6,1400.0,2-Car,No injury/unknown,FAILURE TO YIELD RIGHT OF WAY,39.150544,-86.534288
12,6,1700.0,3+ Cars,No injury/unknown,FOLLOWING TOO CLOSELY,39.150544,-86.511088
12,2,1800.0,Bus,No injury/unknown,LEFT OF CENTER,39.15054,-86.53252
4,3,1500.0,2-Car,No injury/unknown,FAILURE TO YIELD RIGHT OF WAY,39.150531,-86.582599
11,4,700.0,2-Car,Non-incapacitating,FOLLOWING TOO CLOSELY,39.15052,-86.53367
9,3,1900.0,2-Car,Non-incapacitating,DRIVER DISTRACTED - EXPLAIN IN NARRATIVE,39.15051,-86.51105654
10,7,600.0,2-Car,No injury/unknown,,39.15050778,-86.48884
7,3,1700.0,2-Car,No injury/unknown,UNSAFE BACKING,39.15050089,-86.51693388
2,5,800.0,2-Car,No injury/unknown,SPEED TOO FAST FOR WEATHER CONDITIONS,39.1505,-86.532499
4,3,800.0,2-Car,No injury/unknown,UNSAFE BACKING,39.1505,-86.531399
5,3,2100.0,3+ Cars,Non-incapacitating,CELL PHONE USAGE,39.1505,-86.511099
5,5,2100.0,2-Car,No injury/unknown,FOLLOWING TOO CLOSELY,39.1505,-86.52664708
5,2,1700.0,2-Car,No injury/unknown,OTHER (DRIVER) - EXPLAIN IN NARRATIVE,39.1505,-86.51700419
6,1,1400.0,2-Car,No injury/unknown,OTHER (DRIVER) - EXPLAIN IN NARRATIVE,39.1505,-86.5266817
8,3,1100.0,1-Car,No injury/unknown,OTHER (DRIVER) - EXPLAIN IN NARRATIVE,39.1505,-86.529528
10,4,1600.0,2-Car,Non-incapacitating,DRIVER DISTRACTED - EXPLAIN IN NARRATIVE,39.1505,-86.50953
5,1,1600.0,1-Car,Non-incapacitating,ROADWAY SURFACE CONDITION,39.150496,-86.501088
12,6,2100.0,2-Car,No injury/unknown,SPEED TOO FAST FOR WEATHER CONDITIONS,39.15048,-86.49825
6,3,1000.0,2-Car,No injury/unknown,OTHER (DRIVER) - EXPLAIN IN NARRATIVE,39.15045649,-86.49826014
6,4,1900.0,2-Car,No injury/unknown,FOLLOWING TOO CLOSELY,39.150448,-86.4992
9,2,1900.0,2-Car,No injury/unknown,OTHER (DRIVER) - EXPLAIN IN NARRATIVE,39.150448,-86.4992
9,6,1200.0,2-Car,No injury/unknown,FAILURE TO YIELD RIGHT OF WAY,39.150448,-86.498
11,6,1300.0,3+ Cars,Non-incapacitating,OTHER (DRIVER) - EXPLAIN IN NARRATIVE,39.150448,-86.4992
11,3,1000.0,2-Car,No injury/unknown,FAILURE TO YIELD RIGHT OF WAY,39.150448,-86.498
9,3,1600.0,2-Car,No injury/unknown,DRIVER DISTRACTED - EXPLAIN IN NARRATIVE,39.15044746,-86.49798238
12,4,1600.0,2-Car,No injury/unknown,IMPROPER TURNING,39.15042638,-86.49729507
2,2,1400.0,2-Car,No injury/unknown,FOLLOWING TOO CLOSELY,39.15036538,-86.52695451
7,7,0.0,2-Car,Non-incapacitating,DISREGARD SIGNAL/REG SIGN,39.150352,-86.471296
7,2,1700.0,2-Car,No injury/unknown,FOLLOWING TOO CLOSELY,39.150352,-86.471296
9,1,1300.0,2-Car,No injury/unknown,FOLLOWING TOO CLOSELY,39.150352,-86.471296
9,7,1800.0,2-Car,Non-incapacitating,FAILURE TO YIELD RIGHT OF WAY,39.150352,-86.471296
9,1,1100.0,Moped/Motorcycle,Non-incapacitating,FOLLOWING TOO CLOSELY,39.15035,-86.47139
5,2,800.0,2-Car,No injury/unknown,FAILURE TO YIELD RIGHT OF WAY,39.15031306,-86.47140384
10,4,1600.0,2-Car,No injury/unknown,IMPROPER TURNING,39.15031306,-86.47140384
11,6,1000.0,1-Car,No injury/unknown,RAN OFF ROAD RIGHT,39.150246,-86.488376
1,2,1100.0,2-Car,Non-incapacitating,DISREGARD SIGNAL/REG SIGN,39.150224,-86.480464
4,3,800.0,2-Car,No injury/unknown,FAILURE TO YIELD RIGHT OF WAY,39.150224,-86.480464
10,3,2000.0,2-Car,No injury/unknown,DISREGARD SIGNAL/REG SIGN,39.15022,-86.48046
1,2,2000.0,1-Car,Non-incapacitating,ANIMAL/OBJECT IN ROADWAY,39.1502,-86.487299
1,4,1900.0,Pedestrian,Non-incapacitating,PEDESTRIAN ACTION,39.1502,-86.487299
4,7,1900.0,2-Car,No injury/unknown,ALCOHOLIC BEVERAGES,39.14984001,-86.52939052
2,3,0.0,2-Car,No injury/unknown,RAN OFF ROAD RIGHT,39.14984,-86.53006432
3,6,400.0,2-Car,No injury/unknown,UNSAFE BACKING,39.14984,-86.5300168
6,2,600.0,Cyclist,Non-incapacitating,OTHER (DRIVER) - EXPLAIN IN NARRATIVE,39.14984,-86.533392
7,1,700.0,2-Car,No injury/unknown,UNSAFE BACKING,39.14984,-86.5300168
2,2,2300.0,1-Car,No injury/unknown,SPEED TOO FAST FOR WEATHER CONDITIONS,39.14974957,-86.56891162
6,6,1000.0,2-Car,No injury/unknown,FAILURE TO YIELD RIGHT OF WAY,39.14974957,-86.56891162
5,3,1400.0,2-Car,No injury/unknown,IMPROPER TURNING,39.14968252,-86.533599
4,5,1300.0,2-Car,Non-incapacitating,DRIVER DISTRACTED - EXPLAIN IN NARRATIVE,39.149552,-86.575936
7,4,2300.0,1-Car,No injury/unknown,ALCOHOLIC BEVERAGES,39.149552,-86.575936
10,4,1700.0,2-Car,Non-incapacitating,FOLLOWING TOO CLOSELY,39.149552,-86.575936
9,4,1200.0,2-Car,No injury/unknown,UNSAFE BACKING,39.149475,-86.576882
2,3,1300.0,2-Car,No injury/unknown,OTHER (VEHICLE) - EXPLAIN IN NARRATIVE,39.14936,-86.57008
10,5,1600.0,Moped/Motorcycle,Non-incapacitating,LEFT OF CENTER,39.14935129,-86.49911683
9,1,2000.0,2-Car,No injury/unknown,UNSAFE BACKING,39.14928,-86.526929
6,3,1200.0,2-Car,No injury/unknown,FOLLOWING TOO CLOSELY,39.149152,-86.582704
12,4,1400.0,3+ Cars,Non-incapacitating,GLARE,39.149152,-86.582704
10,4,1600.0,2-Car,No injury/unknown,FOLLOWING TOO CLOSELY,39.14902677,-86.50147033
9,3,1700.0,2-Car,No injury/unknown,FAILURE TO YIELD RIGHT OF WAY,39.14900352,-86.57590792
2,2,1700.0,2-Car,Non-incapacitating,FAILURE TO YIELD RIGHT OF WAY,39.148928,-86.53312
7,1,2300.0,2-Car,No injury/unknown,DRIVER DISTRACTED - EXPLAIN IN NARRATIVE,39.1489,-86.533199
10,3,1400.0,2-Car,No injury/unknown,UNSAFE BACKING,39.14878,-86.533076
2,6,1200.0,2-Car,No injury/unknown,IMPROPER PASSING,39.14877819,-86.57591328
3,2,1500.0,2-Car,No injury/unknown,FAILURE TO YIELD RIGHT OF WAY,39.14873834,-86.579099
2,7,0.0,2-Car,No injury/unknown,,39.14872699,-86.523799
5,3,1600.0,3+ Cars,No injury/unknown,FOLLOWING TOO CLOSELY,39.1485559,-86.57300284
11,5,1500.0,3+ Cars,Non-incapacitating,OTHER (DRIVER) - EXPLAIN IN NARRATIVE,39.1485559,-86.57300284
1,3,700.0,1-Car,Non-incapacitating,DRIVER DISTRACTED - EXPLAIN IN NARRATIVE,39.148544,-86.571504
2,7,2100.0,1-Car,No injury/unknown,SPEED TOO FAST FOR WEATHER CONDITIONS,39.148464,-86.471256
5,1,1000.0,1-Car,No injury/unknown,TIRE FAILURE OR DEFECTIVE,39.148464,-86.471256
1,1,1200.0,2-Car,No injury/unknown,IMPROPER LANE USAGE,39.1484186,-86.57299923
1,1,1200.0,2-Car,Non-incapacitating,FOLLOWING TOO CLOSELY,39.1484186,-86.57299923
11,6,1600.0,2-Car,No injury/unknown,OTHER (DRIVER) - EXPLAIN IN NARRATIVE,39.1484186,-86.57299923
1,6,1500.0,2-Car,No injury/unknown,OTHER (DRIVER) - EXPLAIN IN NARRATIVE,39.148144,-86.572992
1,6,1500.0,2-Car,Non-incapacitating,DRIVER DISTRACTED - EXPLAIN IN NARRATIVE,39.148144,-86.572992
2,1,1200.0,2-Car,No injury/unknown,FAILURE TO YIELD RIGHT OF WAY,39.148144,-86.572992
3,3,1400.0,2-Car,No injury/unknown,FOLLOWING TOO CLOSELY,39.148144,-86.572992
4,3,1800.0,2-Car,No injury/unknown,FOLLOWING TOO CLOSELY,39.148144,-86.572992
4,6,1600.0,2-Car,Non-incapacitating,FAILURE TO YIELD RIGHT OF WAY,39.148144,-86.572992
4,1,1700.0,2-Car,No injury/unknown,FAILURE TO YIELD RIGHT OF WAY,39.148144,-86.572992
4,6,1400.0,2-Car,No injury/unknown,OTHER (DRIVER) - EXPLAIN IN NARRATIVE,39.148144,-86.572992
5,6,1800.0,3+ Cars,Non-incapacitating,FAILURE TO YIELD RIGHT OF WAY,39.148144,-86.572992
5,3,1900.0,3+ Cars,Non-incapacitating,FAILURE TO YIELD RIGHT OF WAY,39.148144,-86.572992
5,3,1000.0,2-Car,Non-incapacitating,FAILURE TO YIELD RIGHT OF WAY,39.148144,-86.572992
5,7,1300.0,2-Car,No injury/unknown,OTHER (DRIVER) - EXPLAIN IN NARRATIVE,39.148144,-86.572992
5,4,1300.0,2-Car,No injury/unknown,FAILURE TO YIELD RIGHT OF WAY,39.148144,-86.572992
6,5,1700.0,3+ Cars,No injury/unknown,FAILURE TO YIELD RIGHT OF WAY,39.148144,-86.572992
6,4,1500.0,2-Car,No injury/unknown,DRIVER DISTRACTED - EXPLAIN IN NARRATIVE,39.148144,-86.572992
6,6,1600.0,3+ Cars,Non-incapacitating,OTHER (DRIVER) - EXPLAIN IN NARRATIVE,39.148144,-86.572992
7,5,1700.0,2-Car,No injury/unknown,OTHER (DRIVER) - EXPLAIN IN NARRATIVE,39.148144,-86.572992
8,6,1500.0,2-Car,No injury/unknown,OTHER (DRIVER) - EXPLAIN IN NARRATIVE,39.148144,-86.572992
8,3,1400.0,2-Car,No injury/unknown,OTHER (DRIVER) - EXPLAIN IN NARRATIVE,39.148144,-86.572992
8,6,1500.0,2-Car,No injury/unknown,OTHER (DRIVER) - EXPLAIN IN NARRATIVE,39.148144,-86.572992
7,4,800.0,2-Car,No injury/unknown,FOLLOWING TOO CLOSELY,39.148144,-86.572992
9,7,1500.0,2-Car,Non-incapacitating,FOLLOWING TOO CLOSELY,39.148144,-86.572992
9,3,1500.0,3+ Cars,No injury/unknown,FOLLOWING TOO CLOSELY,39.148144,-86.572992
9,6,900.0,2-Car,Non-incapacitating,DISREGARD SIGNAL/REG SIGN,39.148144,-86.572992
10,2,1800.0,3+ Cars,No injury/unknown,FAILURE TO YIELD RIGHT OF WAY,39.148144,-86.572992
10,4,1300.0,2-Car,No injury/unknown,OTHER (DRIVER) - EXPLAIN IN NARRATIVE,39.148144,-86.572992
10,2,1500.0,2-Car,Non-incapacitating,FAILURE TO YIELD RIGHT OF WAY,39.148144,-86.572992
11,7,1800.0,2-Car,No injury/unknown,FOLLOWING TOO CLOSELY,39.148144,-86.572992
11,1,1600.0,2-Car,No injury/unknown,FAILURE TO YIELD RIGHT OF WAY,39.148144,-86.572992
12,7,1500.0,2-Car,No injury/unknown,FOLLOWING TOO CLOSELY,39.148144,-86.572992
12,7,1600.0,2-Car,Non-incapacitating,FOLLOWING TOO CLOSELY,39.148144,-86.572992
2,3,1400.0,2-Car,Non-incapacitating,LEFT OF CENTER,39.14804632,-86.57151461
10,6,900.0,3+ Cars,Non-incapacitating,DRIVER ILLNESS,39.14778724,-86.53242
11,4,1200.0,2-Car,No injury/unknown,IMPROPER PASSING,39.14778724,-86.53242
1,2,1400.0,2-Car,No injury/unknown,UNSAFE SPEED,39.147504,-86.508256
2,3,100.0,1-Car,No injury/unknown,,39.147504,-86.524264
3,2,1500.0,2-Car,No injury/unknown,DRIVER DISTRACTED - EXPLAIN IN NARRATIVE,39.147504,-86.508256
5,1,300.0,1-Car,No injury/unknown,,39.14744,-86.582592
6,4,1500.0,2-Car,Non-incapacitating,OTHER (DRIVER) - EXPLAIN IN NARRATIVE,39.14744,-86.582592
7,3,2300.0,2-Car,Non-incapacitating,FOLLOWING TOO CLOSELY,39.147401,-86.573198
10,5,1800.0,1-Car,No injury/unknown,SPEED TOO FAST FOR WEATHER CONDITIONS,39.14731,-86.50836
3,6,1700.0,2-Car,No injury/unknown,UNSAFE BACKING,39.147309,-86.573368
9,6,100.0,1-Car,Non-incapacitating,ANIMAL/OBJECT IN ROADWAY,39.14728499,-86.52705
2,4,1500.0,2-Car,No injury/unknown,FAILURE TO YIELD RIGHT OF WAY,39.147152,-86.526896
7,1,1900.0,2-Car,No injury/unknown,FAILURE TO YIELD RIGHT OF WAY,39.147152,-86.526896
5,4,1500.0,2-Car,No injury/unknown,UNSAFE BACKING,39.14715071,-86.52686966
11,7,900.0,1-Car,No injury/unknown,RAN OFF ROAD RIGHT,39.14714336,-86.52671999
1,6,1400.0,2-Car,No injury/unknown,OTHER (DRIVER) - EXPLAIN IN NARRATIVE,39.1470085,-86.54056349
2,4,1300.0,2-Car,No injury/unknown,SPEED TOO FAST FOR WEATHER CONDITIONS,39.146992,-86.517392
7,2,1100.0,2-Car,Non-incapacitating,DRIVER DISTRACTED - EXPLAIN IN NARRATIVE,39.146992,-86.5388
8,7,1900.0,2-Car,No injury/unknown,FOLLOWING TOO CLOSELY,39.14698676,-86.57320781
1,6,2200.0,2-Car,Non-incapacitating,DISREGARD SIGNAL/REG SIGN,39.14696,-86.514992
4,1,1400.0,2-Car,No injury/unknown,OTHER (DRIVER) - EXPLAIN IN NARRATIVE,39.14695235,-86.53231717
1,4,900.0,2-Car,No injury/unknown,UNSAFE BACKING,39.146944,-86.532544
2,3,100.0,2-Car,No injury/unknown,DRIVER ASLEEP OR FATIGUED,39.146944,-86.514192
2,3,900.0,2-Car,No injury/unknown,DRIVER DISTRACTED - EXPLAIN IN NARRATIVE,39.146944,-86.532544
3,3,1200.0,2-Car,No injury/unknown,FOLLOWING TOO CLOSELY,39.146944,-86.532544
4,6,1500.0,2-Car,No injury/unknown,DRIVER DISTRACTED - EXPLAIN IN NARRATIVE,39.146944,-86.532544
5,3,900.0,Moped/Motorcycle,Incapacitating,FAILURE TO YIELD RIGHT OF WAY,39.146944,-86.532544
5,5,1600.0,1-Car,No injury/unknown,UNSAFE SPEED,39.146944,-86.513296
6,6,1700.0,Cyclist,Non-incapacitating,DRIVER DISTRACTED - EXPLAIN IN NARRATIVE,39.146944,-86.5712
10,6,1900.0,2-Car,Non-incapacitating,FAILURE TO YIELD RIGHT OF WAY,39.146944,-86.532544
10,4,800.0,3+ Cars,Non-incapacitating,FAILURE TO YIELD RIGHT OF WAY,39.146944,-86.532544
9,3,900.0,2-Car,No injury/unknown,FOLLOWING TOO CLOSELY,39.14689,-86.53265
12,6,1700.0,1-Car,No injury/unknown,SPEED TOO FAST FOR WEATHER CONDITIONS,39.14664,-86.51113851
2,2,1700.0,3+ Cars,Non-incapacitating,FOLLOWING TOO CLOSELY,39.146399,-86.538899
2,7,0.0,1-Car,No injury/unknown,UNSAFE SPEED,39.14637418,-86.57702811
6,7,1900.0,2-Car,No injury/unknown,IMPROPER LANE USAGE,39.14633511,-86.53236178