Month,Day,Hour,Collision Type,Injury Type,Primary Factor,Latitude,Longitude
4,6,1500.0,2-Car,No injury/unknown,DRIVER DISTRACTED - EXPLAIN IN NARRATIVE,39.14596587,-86.5761816
11,3,1300.0,2-Car,No injury/unknown,FAILURE TO YIELD RIGHT OF WAY,39.14587404,-86.53222379
9,6,1700.0,2-Car,No injury/unknown,FOLLOWING TOO CLOSELY,39.14555674,-86.57688767
4,2,1300.0,2-Car,No injury/unknown,IMPROPER TURNING,39.14545004,-86.534899
1,2,1700.0,2-Car,No injury/unknown,IMPROPER TURNING,39.14542545,-86.5776316
1,2,1000.0,2-Car,Non-incapacitating,FOLLOWING TOO CLOSELY,39.1454,-86.492699
12,2,1600.0,3+ Cars,Non-incapacitating,OTHER (DRIVER) - EXPLAIN IN NARRATIVE,39.14539484,-86.57717261
1,6,1800.0,2-Car,Non-incapacitating,FAILURE TO YIELD RIGHT OF WAY,39.14531389,-86.57731507
6,1,1500.0,2-Car,No injury/unknown,FAILURE TO YIELD RIGHT OF WAY,39.14531389,-86.57731507
11,3,1600.0,2-Car,No injury/unknown,OTHER (DRIVER) - EXPLAIN IN NARRATIVE,39.14531389,-86.57731507
3,7,1600.0,2-Car,No injury/unknown,OTHER (DRIVER) - EXPLAIN IN NARRATIVE,39.145264,-86.577616
8,5,1300.0,2-Car,No injury/unknown,OTHER (DRIVER) - EXPLAIN IN NARRATIVE,39.145264,-86.577616
8,2,1600.0,2-Car,No injury/unknown,OTHER (DRIVER) - EXPLAIN IN NARRATIVE,39.145264,-86.577616
9,4,1500.0,2-Car,No injury/unknown,OTHER (DRIVER) - EXPLAIN IN NARRATIVE,39.145264,-86.577616
10,3,1000.0,2-Car,No injury/unknown,UNSAFE BACKING,39.145264,-86.577616
10,2,2000.0,1-Car,No injury/unknown,OTHER (DRIVER) - EXPLAIN IN NARRATIVE,39.145264,-86.577616
10,6,1200.0,2-Car,Non-incapacitating,FAILURE TO YIELD RIGHT OF WAY,39.145264,-86.577616
11,7,1300.0,2-Car,No injury/unknown,UNSAFE BACKING,39.145264,-86.577616
12,2,1600.0,1-Car,No injury/unknown,NONE (DRIVER),39.145264,-86.577616
1,4,0.0,1-Car,Non-incapacitating,DRIVER DISTRACTED - EXPLAIN IN NARRATIVE,39.145152,-86.5776
4,3,1500.0,1-Car,Non-incapacitating,RAN OFF ROAD RIGHT,39.145152,-86.5776
5,5,1700.0,2-Car,No injury/unknown,FAILURE TO YIELD RIGHT OF WAY,39.145152,-86.5776
6,3,1500.0,2-Car,No injury/unknown,FOLLOWING TOO CLOSELY,39.145152,-86.5776
6,7,1300.0,2-Car,No injury/unknown,FOLLOWING TOO CLOSELY,39.145152,-86.5776
8,4,1100.0,2-Car,Non-incapacitating,FAILURE TO YIELD RIGHT OF WAY,39.145152,-86.5776
12,6,1800.0,3+ Cars,Non-incapacitating,FOLLOWING TOO CLOSELY,39.145152,-86.5776
12,2,1500.0,2-Car,No injury/unknown,DRIVER DISTRACTED - EXPLAIN IN NARRATIVE,39.145152,-86.5776
6,4,2000.0,2-Car,No injury/unknown,FOLLOWING TOO CLOSELY,39.14507343,-86.57774464
12,2,1700.0,2-Car,No injury/unknown,OTHER (DRIVER) - EXPLAIN IN NARRATIVE,39.145042,-86.5778025
1,1,1200.0,2-Car,No injury/unknown,FAILURE TO YIELD RIGHT OF WAY,39.14500942,-86.57776354
8,4,900.0,2-Car,No injury/unknown,FAILURE TO YIELD RIGHT OF WAY,39.14500942,-86.57775748
11,7,1700.0,2-Car,No injury/unknown,FOLLOWING TOO CLOSELY,39.14500942,-86.57778952
4,6,1800.0,2-Car,No injury/unknown,FOLLOWING TOO CLOSELY,39.14491629,-86.57803393
2,1,1700.0,2-Car,No injury/unknown,FAILURE TO YIELD RIGHT OF WAY,39.144848,-86.526848
3,5,600.0,2-Car,No injury/unknown,ALCOHOLIC BEVERAGES,39.144848,-86.526848
5,6,1300.0,2-Car,No injury/unknown,IMPROPER PASSING,39.144752,-86.531888
9,1,300.0,2-Car,No injury/unknown,ALCOHOLIC BEVERAGES,39.144752,-86.531888
11,5,1700.0,2-Car,Non-incapacitating,DISREGARD SIGNAL/REG SIGN,39.144752,-86.531888
12,6,1500.0,2-Car,No injury/unknown,FOLLOWING TOO CLOSELY,39.144752,-86.531888
2,6,900.0,2-Car,No injury/unknown,OTHER (DRIVER) - EXPLAIN IN NARRATIVE,39.144672,-86.571342
1,3,900.0,2-Car,Non-incapacitating,ROADWAY SURFACE CONDITION,39.1446,-86.52653926
8,1,1500.0,1-Car,No injury/unknown,BRAKE FAILURE OR DEFECTIVE,39.1446,-86.5261
3,5,1800.0,1-Car,Non-incapacitating,DRIVER ASLEEP OR FATIGUED,39.14457337,-86.52684313
2,6,800.0,2-Car,No injury/unknown,OTHER (ENVIRONMENTAL) - EXPLAIN IN NARR,39.14456887,-86.52698792
12,2,300.0,1-Car,Non-incapacitating,ALCOHOLIC BEVERAGES,39.14456887,-86.52612731
12,2,1600.0,2-Car,Non-incapacitating,FOLLOWING TOO CLOSELY,39.14455,-86.52696
9,1,2000.0,1-Car,Non-incapacitating,ANIMAL/OBJECT IN ROADWAY,39.1442137,-86.4668481
11,5,800.0,2-Car,No injury/unknown,DRIVER DISTRACTED - EXPLAIN IN NARRATIVE,39.14411,-86.50832
12,6,1500.0,2-Car,No injury/unknown,IMPROPER TURNING,39.14411,-86.53181
3,1,1500.0,2-Car,No injury/unknown,OVERSIZE/OVERWEIGHT LOAD,39.14403694,-86.54116739
2,4,800.0,1-Car,No injury/unknown,SPEED TOO FAST FOR WEATHER CONDITIONS,39.144,-86.51970765
11,4,700.0,2-Car,No injury/unknown,DRIVER DISTRACTED - EXPLAIN IN NARRATIVE,39.14396505,-86.52688
10,4,1700.0,2-Car,No injury/unknown,FAILURE TO YIELD RIGHT OF WAY,39.14393,-86.58262
5,6,1000.0,2-Car,Non-incapacitating,LEFT OF CENTER,39.14392829,-86.538699
6,6,2200.0,2-Car,No injury/unknown,DRIVER ASLEEP OR FATIGUED,39.1439,-86.4914163
11,2,1100.0,2-Car,No injury/unknown,ROADWAY SURFACE CONDITION,39.143888,-86.517296
3,4,1900.0,2-Car,No injury/unknown,UNSAFE BACKING,39.14382831,-86.5903
9,3,100.0,1-Car,Non-incapacitating,ALCOHOLIC BEVERAGES,39.143808,-86.582592
10,4,1500.0,2-Car,No injury/unknown,FOLLOWING TOO CLOSELY,39.14371449,-86.58024364
10,6,1500.0,2-Car,No injury/unknown,OTHER (DRIVER) - EXPLAIN IN NARRATIVE,39.14371449,-86.58024364
1,4,2100.0,2-Car,No injury/unknown,FAILURE TO YIELD RIGHT OF WAY,39.14363313,-86.58033852
6,3,1700.0,2-Car,Non-incapacitating,FOLLOWING TOO CLOSELY,39.14363313,-86.58032987
4,1,1200.0,2-Car,No injury/unknown,FAILURE TO YIELD RIGHT OF WAY,39.143552,-86.580528
9,5,1500.0,Bus,No injury/unknown,OTHER (DRIVER) - EXPLAIN IN NARRATIVE,39.143341,-86.531586
11,1,,1-Car,No injury/unknown,LEFT OF CENTER,39.14312,-86.52290731
2,2,1500.0,2-Car,Non-incapacitating,FOLLOWING TOO CLOSELY,39.142912,-86.508192
6,4,800.0,2-Car,No injury/unknown,UNSAFE BACKING,39.14269,-86.531394
6,4,800.0,2-Car,Non-incapacitating,LEFT OF CENTER,39.14256564,-86.531399
4,3,1400.0,2-Car,No injury/unknown,IMPROPER TURNING,39.142555,-86.531238
9,7,1500.0,2-Car,No injury/unknown,DRIVER DISTRACTED - EXPLAIN IN NARRATIVE,39.142381,-86.581967
12,7,1600.0,1-Car,No injury/unknown,OTHER (DRIVER) - EXPLAIN IN NARRATIVE,39.142381,-86.581967
12,2,2000.0,2-Car,No injury/unknown,IMPROPER LANE USAGE,39.142381,-86.581967
1,1,1800.0,2-Car,Non-incapacitating,OTHER (DRIVER) - EXPLAIN IN NARRATIVE,39.142304,-86.582068
1,5,2000.0,2-Car,No injury/unknown,UNSAFE BACKING,39.142304,-86.582068
2,3,100.0,2-Car,No injury/unknown,OTHER (DRIVER) - EXPLAIN IN NARRATIVE,39.142304,-86.582068
3,7,1500.0,2-Car,No injury/unknown,FOLLOWING TOO CLOSELY,39.142304,-86.582068
3,6,1900.0,2-Car,Non-incapacitating,FAILURE TO YIELD RIGHT OF WAY,39.142304,-86.582068
3,1,1900.0,2-Car,No injury/unknown,OTHER (VEHICLE) - EXPLAIN IN NARRATIVE,39.142304,-86.582068
4,4,1800.0,2-Car,No injury/unknown,UNSAFE BACKING,39.142304,-86.582068
4,1,1600.0,2-Car,No injury/unknown,UNSAFE BACKING,39.142304,-86.582068
5,3,1500.0,2-Car,No injury/unknown,OTHER (DRIVER) - EXPLAIN IN NARRATIVE,39.142304,-86.582068
8,4,1800.0,3+ Cars,No injury/unknown,IMPROPER LANE USAGE,39.142304,-86.582068
7,3,1400.0,2-Car,No injury/unknown,IMPROPER PASSING,39.1422732,-86.58228296
12,4,1700.0,2-Car,No injury/unknown,FAILURE TO YIELD RIGHT OF WAY,39.14221752,-86.57320781
5,3,1600.0,3+ Cars,Non-incapacitating,DISREGARD SIGNAL/REG SIGN,39.1422,-86.538895
2,5,700.0,1-Car,No injury/unknown,SPEED TOO FAST FOR WEATHER CONDITIONS,39.142199,-86.524795
1,3,900.0,2-Car,No injury/unknown,UNSAFE BACKING,39.142144,-86.5268
7,2,1300.0,2-Car,No injury/unknown,UNSAFE SPEED,39.14206551,-86.531399
3,1,700.0,1-Car,No injury/unknown,DRIVER ASLEEP OR FATIGUED,39.142048,-86.582592
4,2,2000.0,2-Car,No injury/unknown,FOLLOWING TOO CLOSELY,39.142048,-86.582592
5,6,2100.0,2-Car,No injury/unknown,OTHER (DRIVER) - EXPLAIN IN NARRATIVE,39.142048,-86.582592
5,6,1500.0,2-Car,No injury/unknown,DISREGARD SIGNAL/REG SIGN,39.142048,-86.582592
5,3,1700.0,2-Car,No injury/unknown,OTHER (DRIVER) - EXPLAIN IN NARRATIVE,39.142048,-86.582592
8,6,1900.0,2-Car,No injury/unknown,FAILURE TO YIELD RIGHT OF WAY,39.142048,-86.582592
7,6,900.0,2-Car,No injury/unknown,FAILURE TO YIELD RIGHT OF WAY,39.142048,-86.582592
9,6,1700.0,2-Car,No injury/unknown,DISREGARD SIGNAL/REG SIGN,39.142048,-86.582592
11,7,1700.0,2-Car,Non-incapacitating,FAILURE TO YIELD RIGHT OF WAY,39.142048,-86.582592
12,2,700.0,2-Car,Non-incapacitating,FAILURE TO YIELD RIGHT OF WAY,39.142048,-86.582592
12,7,600.0,2-Car,No injury/unknown,OTHER (DRIVER) - EXPLAIN IN NARRATIVE,39.142048,-86.582592
3,4,2200.0,2-Car,No injury/unknown,FOLLOWING TOO CLOSELY,39.14191534,-86.582572
9,6,700.0,2-Car,No injury/unknown,FOLLOWING TOO CLOSELY,39.14191534,-86.582572
10,4,1300.0,2-Car,Non-incapacitating,FAILURE TO YIELD RIGHT OF WAY,39.14191534,-86.582572
6,5,2100.0,2-Car,Non-incapacitating,IMPROPER PASSING,39.14191068,-86.5825907
11,7,1500.0,2-Car,Non-incapacitating,OTHER (VEHICLE) - EXPLAIN IN NARRATIVE,39.14190136,-86.59634667
1,7,2100.0,2-Car,No injury/unknown,UNSAFE BACKING,39.14187494,-86.58259037
9,3,1800.0,2-Car,No injury/unknown,FAILURE TO YIELD RIGHT OF WAY,39.14187,-86.582719
10,6,1200.0,2-Car,No injury/unknown,OTHER (DRIVER) - EXPLAIN IN NARRATIVE,39.14184549,-86.5830501
12,2,1500.0,2-Car,Non-incapacitating,FOLLOWING TOO CLOSELY,39.14184201,-86.58259006
7,1,1400.0,2-Car,No injury/unknown,FAILURE TO YIELD RIGHT OF WAY,39.14179032,-86.58321159
7,5,1600.0,2-Car,No injury/unknown,FAILURE TO YIELD RIGHT OF WAY,39.14179032,-86.58321159
2,4,800.0,2-Car,No injury/unknown,OTHER (DRIVER) - EXPLAIN IN NARRATIVE,39.14155214,-86.550599
10,2,1000.0,2-Car,No injury/unknown,OTHER (DRIVER) - EXPLAIN IN NARRATIVE,39.14145928,-86.58418054
9,5,1600.0,2-Car,Non-incapacitating,FAILURE TO YIELD RIGHT OF WAY,39.14144,-86.543632
2,6,1500.0,2-Car,No injury/unknown,OTHER (DRIVER) - EXPLAIN IN NARRATIVE,39.141382,-86.582599
11,1,2000.0,2-Car,No injury/unknown,INSECURE/LEAKY LOAD,39.14123472,-86.56204079
1,2,100.0,2-Car,No injury/unknown,VIEW OBSTRUCTED,39.1411,-86.5441
6,1,1300.0,1-Car,No injury/unknown,ALCOHOLIC BEVERAGES,39.14096449,-86.544388
10,6,1900.0,1-Car,No injury/unknown,ROADWAY SURFACE CONDITION,39.14055802,-86.42243138
6,7,1200.0,3+ Cars,No injury/unknown,FOLLOWING TOO CLOSELY,39.140352,-86.582576
7,4,2100.0,2-Car,Non-incapacitating,UNSAFE SPEED,39.140144,-86.54496
7,6,600.0,2-Car,No injury/unknown,ALCOHOLIC BEVERAGES,39.13992,-86.538416
9,3,1900.0,2-Car,No injury/unknown,GLARE,39.13982,-86.50912
3,2,1400.0,2-Car,No injury/unknown,UNSAFE BACKING,39.13977208,-86.4954
9,1,300.0,1-Car,Non-incapacitating,RAN OFF ROAD RIGHT,39.13959161,-86.50302078
2,2,1200.0,2-Car,Non-incapacitating,FAILURE TO YIELD RIGHT OF WAY,39.13948038,-86.51762373
9,1,1500.0,2-Car,No injury/unknown,UNSAFE BACKING,39.13948038,-86.51762373
4,4,2000.0,2-Car,No injury/unknown,OTHER (DRIVER) - EXPLAIN IN NARRATIVE,39.13943525,-86.53054507
4,3,1500.0,1-Car,No injury/unknown,ROADWAY SURFACE CONDITION,39.1393,-86.52120549
12,6,1800.0,3+ Cars,Non-incapacitating,OTHER (DRIVER) - EXPLAIN IN NARRATIVE,39.13921,-86.49654
7,3,1300.0,2-Car,No injury/unknown,DRIVER DISTRACTED - EXPLAIN IN NARRATIVE,39.13914223,-86.496099
8,6,1400.0,Bus,No injury/unknown,OTHER (DRIVER) - EXPLAIN IN NARRATIVE,39.13889044,-86.52677201
2,6,800.0,2-Car,Non-incapacitating,FAILURE TO YIELD RIGHT OF WAY,39.13888522,-86.58254108
5,2,800.0,2-Car,No injury/unknown,IMPROPER PASSING,39.13864243,-86.538699
9,5,900.0,2-Car,Non-incapacitating,FAILURE TO YIELD RIGHT OF WAY,39.13864,-86.54648
5,7,200.0,2-Car,No injury/unknown,OTHER (DRIVER) - EXPLAIN IN NARRATIVE,39.138628,-86.526899
11,2,1700.0,2-Car,No injury/unknown,OTHER (DRIVER) - EXPLAIN IN NARRATIVE,39.13857,-86.49653
5,4,600.0,3+ Cars,Incapacitating,DRIVER DISTRACTED - EXPLAIN IN NARRATIVE,39.13851891,-86.59099291
11,5,2100.0,1-Car,Non-incapacitating,UNSAFE SPEED,39.13848,-86.539504
12,5,800.0,1-Car,No injury/unknown,OTHER (DRIVER) - EXPLAIN IN NARRATIVE,39.13848,-86.539504
4,5,1100.0,2-Car,No injury/unknown,DRIVER DISTRACTED - EXPLAIN IN NARRATIVE,39.138448,-86.538288
9,7,700.0,1-Car,No injury/unknown,OVERCORRECTING/OVERSTEERING,39.13841323,-86.57291295
11,2,1900.0,1-Car,No injury/unknown,ANIMAL/OBJECT IN ROADWAY,39.13841323,-86.57291295
5,5,1800.0,2-Car,Non-incapacitating,IMPROPER LANE USAGE,39.13834255,-86.533699
7,2,1600.0,2-Car,No injury/unknown,FAILURE TO YIELD RIGHT OF WAY,39.138336,-86.582528
2,2,1700.0,2-Car,No injury/unknown,UNSAFE BACKING,39.138302,-86.546798
4,6,1300.0,2-Car,No injury/unknown,FAILURE TO YIELD RIGHT OF WAY,39.1383,-86.526899
6,4,900.0,2-Car,No injury/unknown,DISREGARD SIGNAL/REG SIGN,39.1383,-86.526899
7,5,2000.0,2-Car,Non-incapacitating,FOLLOWING TOO CLOSELY,39.1383,-86.526899
10,4,1300.0,2-Car,Non-incapacitating,OTHER (DRIVER) - EXPLAIN IN NARRATIVE,39.13829,-86.54678
6,4,900.0,2-Car,No injury/unknown,DRIVER DISTRACTED - EXPLAIN IN NARRATIVE,39.13811396,-86.53034423
7,7,,1-Car,No injury/unknown,DRIVER DISTRACTED - EXPLAIN IN NARRATIVE,39.13799801,-86.41785806
9,5,1600.0,2-Car,No injury/unknown,FOLLOWING TOO CLOSELY,39.13786394,-86.57290617
4,5,1600.0,2-Car,Non-incapacitating,DRIVER DISTRACTED - EXPLAIN IN NARRATIVE,39.13768346,-86.59239247
8,4,2200.0,2-Car,No injury/unknown,CELL PHONE USAGE,39.1376,-86.49579597
1,7,1400.0,2-Car,Non-incapacitating,ALCOHOLIC BEVERAGES,39.13758929,-86.57290278
4,6,1000.0,2-Car,No injury/unknown,FAILURE TO YIELD RIGHT OF WAY,39.1375,-86.530499
9,2,1800.0,2-Car,No injury/unknown,UNSAFE BACKING,39.137371,-86.526891
6,2,1400.0,2-Car,No injury/unknown,FOLLOWING TOO CLOSELY,39.137248,-86.538192
1,4,700.0,2-Car,No injury/unknown,FAILURE TO YIELD RIGHT OF WAY,39.137101,-86.538395
1,6,1600.0,2-Car,No injury/unknown,IMPROPER LANE USAGE,39.1371,-86.530599
5,3,1200.0,Pedestrian,Incapacitating,DISREGARD SIGNAL/REG SIGN,39.1371,-86.530599
5,4,1400.0,2-Car,No injury/unknown,FOLLOWING TOO CLOSELY,39.1371,-86.530599
6,6,1400.0,2-Car,No injury/unknown,FOLLOWING TOO CLOSELY,39.1371,-86.530599
6,1,1900.0,2-Car,No injury/unknown,OTHER (DRIVER) - EXPLAIN IN NARRATIVE,39.137088,-86.53056
8,3,1000.0,2-Car,No injury/unknown,OTHER (DRIVER) - EXPLAIN IN NARRATIVE,39.137088,-86.53056
10,3,1800.0,1-Car,No injury/unknown,OTHER (DRIVER) - EXPLAIN IN NARRATIVE,39.137088,-86.53056
1,6,700.0,2-Car,No injury/unknown,SPEED TOO FAST FOR WEATHER CONDITIONS,39.13704,-86.572896
1,3,1200.0,2-Car,No injury/unknown,FOLLOWING TOO CLOSELY,39.13704,-86.582512
2,7,2300.0,2-Car,No injury/unknown,LEFT OF CENTER,39.13704,-86.572896
5,4,1200.0,2-Car,Non-incapacitating,FAILURE TO YIELD RIGHT OF WAY,39.13704,-86.572896
5,3,1400.0,2-Car,Non-incapacitating,FOLLOWING TOO CLOSELY,39.13704,-86.572896
5,3,1500.0,2-Car,No injury/unknown,IMPROPER TURNING,39.13704,-86.572896
6,6,1400.0,2-Car,No injury/unknown,FAILURE TO YIELD RIGHT OF WAY,39.13704,-86.572896
6,3,1500.0,3+ Cars,Non-incapacitating,FOLLOWING TOO CLOSELY,39.13704,-86.575296
6,3,1200.0,2-Car,Incapacitating,DISREGARD SIGNAL/REG SIGN,39.13704,-86.572896
7,6,1600.0,2-Car,No injury/unknown,UNSAFE SPEED,39.13704,-86.582512
7,4,1800.0,2-Car,No injury/unknown,OTHER (DRIVER) - EXPLAIN IN NARRATIVE,39.13704,-86.572896
10,5,1600.0,2-Car,No injury/unknown,IMPROPER TURNING,39.13704,-86.572896
12,7,1500.0,1-Car,No injury/unknown,OVERCORRECTING/OVERSTEERING,39.13704,-86.577504
3,5,1600.0,2-Car,No injury/unknown,FOLLOWING TOO CLOSELY,39.136848,-86.593792
7,4,1400.0,2-Car,No injury/unknown,FAILURE TO YIELD RIGHT OF WAY,39.136848,-86.606
11,5,800.0,2-Car,Non-incapacitating,FAILURE TO YIELD RIGHT OF WAY,39.1368,-86.59636
1,5,900.0,2-Car,No injury/unknown,FOLLOWING TOO CLOSELY,39.13676196,-86.57295509
1,3,2200.0,2-Car,No injury/unknown,FOLLOWING TOO CLOSELY,39.13676196,-86.57296807
4,3,1000.0,2-Car,Non-incapacitating,DRIVER DISTRACTED - EXPLAIN IN NARRATIVE,39.13676196,-86.57295509
6,4,1800.0,2-Car,No injury/unknown,OTHER (DRIVER) - EXPLAIN IN NARRATIVE,39.13676196,-86.57295509
9,3,1000.0,2-Car,No injury/unknown,FAILURE TO YIELD RIGHT OF WAY,39.13674,-86.57087
2,6,1200.0,2-Car,Non-incapacitating,FAILURE TO YIELD RIGHT OF WAY,39.13664,-86.508096
2,2,2200.0,1-Car,No injury/unknown,RAN OFF ROAD RIGHT,39.13664,-86.508096
3,3,2100.0,1-Car,No injury/unknown,BRAKE FAILURE OR DEFECTIVE,39.13664,-86.508096
7,5,1100.0,2-Car,No injury/unknown,FAILURE TO YIELD RIGHT OF WAY,39.13664,-86.508096
10,2,900.0,2-Car,No injury/unknown,DRIVER DISTRACTED - EXPLAIN IN NARRATIVE,39.13662323,-86.52696
12,7,300.0,1-Car,No injury/unknown,ALCOHOLIC BEVERAGES,39.13662,-86.55431
9,2,1800.0,1-Car,No injury/unknown,UNSAFE BACKING,39.13656457,-86.52910857
8,6,1400.0,1-Car,No injury/unknown,OVERSIZE/OVERWEIGHT LOAD,39.1365261,-86.56148746
9,2,1100.0,1-Car,No injury/unknown,DRIVER DISTRACTED - EXPLAIN IN NARRATIVE,39.136512,-86.562016
4,1,300.0,1-Car,Non-incapacitating,ALCOHOLIC BEVERAGES,39.1365,-86.56039381
6,4,1700.0,2-Car,Non-incapacitating,UNSAFE SPEED,39.1365,-86.56041631
7,2,1700.0,3+ Cars,Non-incapacitating,FOLLOWING TOO CLOSELY,39.13648282,-86.59431892
9,6,1600.0,2-Car,No injury/unknown,DRIVER ASLEEP OR FATIGUED,39.13648282,-86.59431892
2,3,1700.0,2-Car,No injury/unknown,FAILURE TO YIELD RIGHT OF WAY,39.136448,-86.548704
2,6,1500.0,3+ Cars,Non-incapacitating,DRIVER DISTRACTED - EXPLAIN IN NARRATIVE,39.136411,-86.54764705
8,7,100.0,1-Car,Non-incapacitating,OTHER (VEHICLE) - EXPLAIN IN NARRATIVE,39.136404,-86.5503
7,7,1200.0,2-Car,Non-incapacitating,FOLLOWING TOO CLOSELY,39.1364,-86.548799
9,2,1300.0,2-Car,No injury/unknown,DRIVER DISTRACTED - EXPLAIN IN NARRATIVE,39.13632869,-86.54529663
6,1,1300.0,1-Car,No injury/unknown,RAN OFF ROAD RIGHT,39.13630578,-86.60588944
10,6,1700.0,2-Car,No injury/unknown,ALCOHOLIC BEVERAGES,39.136304,-86.544592
10,2,1500.0,2-Car,No injury/unknown,OTHER (DRIVER) - EXPLAIN IN NARRATIVE,39.13626962,-86.54353491
6,5,1300.0,2-Car,No injury/unknown,FAILURE TO YIELD RIGHT OF WAY,39.13617332,-86.531799
7,3,1600.0,3+ Cars,No injury/unknown,ENGINE FAILURE OR DEFECTIVE,39.136144,-86.50897768
12,6,1700.0,1-Car,No injury/unknown,ROADWAY SURFACE CONDITION,39.136144,-86.50844867
2,4,1700.0,2-Car,No injury/unknown,FAILURE TO YIELD RIGHT OF WAY,39.136144,-86.528688
3,5,1600.0,2-Car,No injury/unknown,FAILURE TO YIELD RIGHT OF WAY,39.136144,-86.5268
3,3,1500.0,2-Car,No injury/unknown,FAILURE TO YIELD RIGHT OF WAY,39.136144,-86.5268
3,5,1300.0,2-Car,No injury/unknown,OTHER (VEHICLE) - EXPLAIN IN NARRATIVE,39.136144,-86.52444414
5,2,1900.0,2-Car,No injury/unknown,DRIVER DISTRACTED - EXPLAIN IN NARRATIVE,39.136144,-86.528688
5,3,1700.0,2-Car,No injury/unknown,FOLLOWING TOO CLOSELY,39.136144,-86.528688
5,6,1000.0,2-Car,No injury/unknown,IMPROPER TURNING,39.136144,-86.5268
6,2,1400.0,3+ Cars,No injury/unknown,FAILURE TO YIELD RIGHT OF WAY,39.136144,-86.528688
7,4,1200.0,2-Car,No injury/unknown,OTHER (DRIVER) - EXPLAIN IN NARRATIVE,39.136144,-86.524496
7,2,2000.0,Moped/Motorcycle,Non-incapacitating,FOLLOWING TOO CLOSELY,39.136144,-86.528688
7,2,1500.0,3+ Cars,No injury/unknown,FAILURE TO YIELD RIGHT OF WAY,39.136144,-86.528688
8,5,700.0,2-Car,Non-incapacitating,OTHER (DRIVER) - EXPLAIN IN NARRATIVE,39.136144,-86.5268
8,7,1100.0,3+ Cars,No injury/unknown,OTHER (DRIVER) - EXPLAIN IN NARRATIVE,39.136144,-86.528688
8,4,1600.0,2-Car,No injury/unknown,FAILURE TO YIELD RIGHT OF WAY,39.136144,-86.5268
8,6,1700.0,2-Car,No injury/unknown,FAILURE TO YIELD RIGHT OF WAY,39.136144,-86.528688
10,1,1000.0,2-Car,No injury/unknown,FAILURE TO YIELD RIGHT OF WAY,39.136144,-86.528688
10,4,700.0,1-Car,No injury/unknown,OTHER (ENVIRONMENTAL) - EXPLAIN IN NARR,39.136144,-86.5268
10,3,800.0,2-Car,No injury/unknown,FAILURE TO YIELD RIGHT OF WAY,39.136144,-86.5268
10,3,1700.0,2-Car,No injury/unknown,FOLLOWING TOO CLOSELY,39.136144,-86.5268
11,1,1600.0,2-Car,No injury/unknown,FOLLOWING TOO CLOSELY,39.136144,-86.521888
11,5,1500.0,2-Car,No injury/unknown,OTHER (DRIVER) - EXPLAIN IN NARRATIVE,39.136144,-86.528688
11,6,1200.0,3+ Cars,Non-incapacitating,FAILURE TO YIELD RIGHT OF WAY,39.136144,-86.528688
12,2,1400.0,2-Car,No injury/unknown,SPEED TOO FAST FOR WEATHER CONDITIONS,39.136144,-86.528688
12,5,900.0,1-Car,No injury/unknown,SPEED TOO FAST FOR WEATHER CONDITIONS,39.136144,-86.528688
7,5,1000.0,2-Car,No injury/unknown,OTHER (DRIVER) - EXPLAIN IN NARRATIVE,39.13614348,-86.52842351
7,3,1500.0,2-Car,Non-incapacitating,FAILURE TO YIELD RIGHT OF WAY,39.13614348,-86.52842351
6,3,1600.0,2-Car,No injury/unknown,FAILURE TO YIELD RIGHT OF WAY,39.1361416,-86.52833537
7,3,1600.0,2-Car,No injury/unknown,FOLLOWING TOO CLOSELY,39.13613661,-86.53944827
3,5,1700.0,2-Car,No injury/unknown,OTHER (DRIVER) - EXPLAIN IN NARRATIVE,39.13613411,-86.52798283
8,2,1200.0,3+ Cars,No injury/unknown,INSECURE/LEAKY LOAD,39.136128,-86.539184
5,6,2100.0,1-Car,No injury/unknown,IMPROPER TURNING,39.13608,-86.538096
7,6,1600.0,2-Car,No injury/unknown,OTHER (DRIVER) - EXPLAIN IN NARRATIVE,39.13608,-86.538096
8,7,1300.0,2-Car,Non-incapacitating,DISREGARD SIGNAL/REG SIGN,39.13608,-86.538096
10,2,2100.0,2-Car,No injury/unknown,FAILURE TO YIELD RIGHT OF WAY,39.13608,-86.538096
11,1,1100.0,2-Car,Non-incapacitating,OTHER (DRIVER) - EXPLAIN IN NARRATIVE,39.13607642,-86.51937692
5,1,1600.0,2-Car,No injury/unknown,CELL PHONE USAGE,39.13606979,-86.53774357
10,2,1400.0,2-Car,No injury/unknown,FOLLOWING TOO CLOSELY,39.13606979,-86.53774357
1,6,1000.0,1-Car,No injury/unknown,ALCOHOLIC BEVERAGES,39.136048,-86.518496
2,3,1500.0,2-Car,Non-incapacitating,LEFT OF CENTER,39.136048,-86.518496
3,5,1400.0,2-Car,No injury/unknown,FOLLOWING TOO CLOSELY,39.136048,-86.536992
5,4,1700.0,2-Car,Non-incapacitating,FAILURE TO YIELD RIGHT OF WAY,39.136048,-86.518496
7,2,1300.0,Moped/Motorcycle,Non-incapacitating,FAILURE TO YIELD RIGHT OF WAY,39.136048,-86.536992
7,7,1600.0,2-Car,No injury/unknown,FAILURE TO YIELD RIGHT OF WAY,39.136048,-86.518496
12,7,1400.0,2-Car,No injury/unknown,FAILURE TO YIELD RIGHT OF WAY,39.13604,-86.53825
12,6,1500.0,3+ Cars,No injury/unknown,DRIVER DISTRACTED - EXPLAIN IN NARRATIVE,39.13604,-86.53825