Month,Day,Hour,Collision Type,Injury Type,Primary Factor,Latitude,Longitude
2,7,400.0,1-Car,No injury/unknown,,39.13602772,-86.51203663
1,2,2300.0,2-Car,No injury/unknown,UNSAFE BACKING,39.136,-86.525528
1,2,2300.0,2-Car,No injury/unknown,,39.136,-86.525087
1,3,1400.0,2-Car,No injury/unknown,OVERCORRECTING/OVERSTEERING,39.136,-86.531099
3,4,1700.0,2-Car,No injury/unknown,FAILURE TO YIELD RIGHT OF WAY,39.136,-86.53108169
3,2,1600.0,3+ Cars,Non-incapacitating,FOLLOWING TOO CLOSELY,39.136,-86.52450419
3,5,1900.0,2-Car,No injury/unknown,OTHER (DRIVER) - EXPLAIN IN NARRATIVE,39.136,-86.537099
5,1,1200.0,Moped/Motorcycle,Non-incapacitating,FAILURE TO YIELD RIGHT OF WAY,39.136,-86.496499
6,7,1700.0,3+ Cars,Non-incapacitating,DISREGARD SIGNAL/REG SIGN,39.136,-86.537099
7,3,1500.0,2-Car,No injury/unknown,FAILURE TO YIELD RIGHT OF WAY,39.136,-86.53108818
10,1,1000.0,2-Car,Incapacitating,FAILURE TO YIELD RIGHT OF WAY,39.13599,-86.50089
11,6,1600.0,Moped/Motorcycle,No injury/unknown,UNSAFE SPEED,39.13597,-86.53111
11,1,1800.0,2-Car,No injury/unknown,SPEED TOO FAST FOR WEATHER CONDITIONS,39.13597,-86.53111
12,5,1200.0,2-Car,No injury/unknown,FAILURE TO YIELD RIGHT OF WAY,39.13597,-86.53108404
12,6,2200.0,2-Car,Non-incapacitating,FAILURE TO YIELD RIGHT OF WAY,39.13597,-86.53111
11,5,700.0,3+ Cars,No injury/unknown,ALCOHOLIC BEVERAGES,39.13593504,-86.59510928
1,5,1700.0,2-Car,No injury/unknown,FAILURE TO YIELD RIGHT OF WAY,39.13584,-86.496288
6,1,1300.0,2-Car,No injury/unknown,FAILURE TO YIELD RIGHT OF WAY,39.13584,-86.496288
6,2,2000.0,2-Car,Non-incapacitating,LEFT OF CENTER,39.13584,-86.480496
6,2,2200.0,2-Car,No injury/unknown,FAILURE TO YIELD RIGHT OF WAY,39.13584,-86.496288
12,7,100.0,1-Car,No injury/unknown,LEFT OF CENTER,39.13584,-86.480496
12,6,1900.0,2-Car,No injury/unknown,FAILURE TO YIELD RIGHT OF WAY,39.13584,-86.496288
12,5,2000.0,2-Car,No injury/unknown,SPEED TOO FAST FOR WEATHER CONDITIONS,39.1358,-86.48954351
6,6,100.0,1-Car,No injury/unknown,ALCOHOLIC BEVERAGES,39.13576,-86.489488
6,3,1700.0,1-Car,No injury/unknown,TIRE FAILURE OR DEFECTIVE,39.1357,-86.568826
2,5,400.0,2-Car,No injury/unknown,BRAKE FAILURE OR DEFECTIVE,39.135552,-86.575792
1,7,800.0,2-Car,No injury/unknown,FAILURE TO YIELD RIGHT OF WAY,39.13529689,-86.50430486
9,4,1900.0,1-Car,Non-incapacitating,OTHER (DRIVER) - EXPLAIN IN NARRATIVE,39.135248,-86.582496
5,5,600.0,1-Car,No injury/unknown,ANIMAL/OBJECT IN ROADWAY,39.13504,-86.596192
2,4,1600.0,2-Car,No injury/unknown,OTHER (DRIVER) - EXPLAIN IN NARRATIVE,39.135039,-86.569899
10,2,1400.0,2-Car,No injury/unknown,IMPROPER TURNING,39.13499,-86.58094
11,4,2000.0,Moped/Motorcycle,Non-incapacitating,FAILURE TO YIELD RIGHT OF WAY,39.13497497,-86.54964
3,2,1600.0,3+ Cars,Non-incapacitating,UNSAFE SPEED,39.13494583,-86.59632591
7,2,1700.0,2-Car,No injury/unknown,OTHER (DRIVER) - EXPLAIN IN NARRATIVE,39.13493114,-86.52778394
5,6,800.0,2-Car,No injury/unknown,FAILURE TO YIELD RIGHT OF WAY,39.134741,-86.569899
5,6,1300.0,2-Car,No injury/unknown,FAILURE TO YIELD RIGHT OF WAY,39.134741,-86.569899
6,1,0.0,1-Car,No injury/unknown,ROADWAY SURFACE CONDITION,39.13434671,-86.51604894
5,7,1400.0,2-Car,No injury/unknown,DRIVER DISTRACTED - EXPLAIN IN NARRATIVE,39.13429342,-86.572896
5,3,1500.0,2-Car,No injury/unknown,OTHER (ENVIRONMENTAL) - EXPLAIN IN NARR,39.13426528,-86.55084379
8,5,600.0,1-Car,No injury/unknown,OTHER (DRIVER) - EXPLAIN IN NARRATIVE,39.134144,-86.642864
10,6,1900.0,2-Car,Non-incapacitating,FAILURE TO YIELD RIGHT OF WAY,39.134144,-86.642864
11,1,2200.0,Pedestrian,Non-incapacitating,IMPROPER TURNING,39.13413,-86.52687
7,3,1700.0,2-Car,Non-incapacitating,FOLLOWING TOO CLOSELY,39.1338,-86.531399
1,4,700.0,1-Car,Non-incapacitating,RAN OFF ROAD RIGHT,39.1331908,-86.55194189
11,5,1400.0,1-Car,No injury/unknown,ANIMAL/OBJECT IN ROADWAY,39.1331908,-86.55194189
7,1,1300.0,Moped/Motorcycle,Non-incapacitating,UNSAFE SPEED,39.13304,-86.5384
5,1,900.0,2-Car,No injury/unknown,FAILURE TO YIELD RIGHT OF WAY,39.13287667,-86.579099
10,3,1000.0,1-Car,Non-incapacitating,TIRE FAILURE OR DEFECTIVE,39.13264,-86.526688
11,6,800.0,2-Car,No injury/unknown,UNSAFE BACKING,39.13264,-86.585296
7,5,1700.0,1-Car,No injury/unknown,UNSAFE BACKING,39.1326,-86.52643361
8,3,1600.0,2-Car,No injury/unknown,UNSAFE BACKING,39.1326,-86.526407
8,4,2100.0,1-Car,No injury/unknown,OTHER (DRIVER) - EXPLAIN IN NARRATIVE,39.13251497,-86.592443
9,6,1700.0,2-Car,No injury/unknown,FOLLOWING TOO CLOSELY,39.13222955,-86.49653
10,5,700.0,1-Car,No injury/unknown,OTHER (DRIVER) - EXPLAIN IN NARRATIVE,39.1322154,-86.49309
1,3,900.0,1-Car,No injury/unknown,ROADWAY SURFACE CONDITION,39.13185679,-86.630399
4,6,1500.0,2-Car,No injury/unknown,OTHER (DRIVER) - EXPLAIN IN NARRATIVE,39.13152,-86.677664
9,6,1200.0,2-Car,No injury/unknown,ANIMAL/OBJECT IN ROADWAY,39.13152,-86.53143
12,6,200.0,2-Car,No injury/unknown,OTHER (DRIVER) - EXPLAIN IN NARRATIVE,39.131513,-86.496415
5,7,1300.0,1-Car,Non-incapacitating,RAN OFF ROAD RIGHT,39.13113338,-86.60164378
1,4,700.0,2-Car,No injury/unknown,IMPROPER TURNING,39.13104,-86.521792
12,3,700.0,3+ Cars,No injury/unknown,OTHER (DRIVER) - EXPLAIN IN NARRATIVE,39.130944,-86.526688
2,2,1100.0,1-Car,No injury/unknown,SPEED TOO FAST FOR WEATHER CONDITIONS,39.13086248,-86.539198
2,5,2100.0,2-Car,No injury/unknown,ALCOHOLIC BEVERAGES,39.1307,-86.51819
9,1,1800.0,1-Car,No injury/unknown,OTHER (DRIVER) - EXPLAIN IN NARRATIVE,39.13064,-86.5416
1,4,200.0,1-Car,Non-incapacitating,ANIMAL/OBJECT IN ROADWAY,39.13001889,-86.44330861
8,5,800.0,1-Car,No injury/unknown,OTHER (ENVIRONMENTAL) - EXPLAIN IN NARR,39.1296,-86.517199
7,7,1000.0,2-Car,No injury/unknown,FOLLOWING TOO CLOSELY,39.12936,-86.604336
8,5,1700.0,2-Car,Non-incapacitating,DRIVER DISTRACTED - EXPLAIN IN NARRATIVE,39.12936,-86.604336
10,6,1700.0,2-Car,No injury/unknown,DRIVER DISTRACTED - EXPLAIN IN NARRATIVE,39.12936,-86.604336
10,3,1700.0,2-Car,No injury/unknown,UNSAFE SPEED,39.12936,-86.604336
12,2,700.0,2-Car,No injury/unknown,FOLLOWING TOO CLOSELY,39.1291842,-86.60460694
4,7,1500.0,Moped/Motorcycle,Non-incapacitating,OTHER (DRIVER) - EXPLAIN IN NARRATIVE,39.12901992,-86.52678557
1,7,2000.0,2-Car,No injury/unknown,OTHER (DRIVER) - EXPLAIN IN NARRATIVE,39.12865869,-86.57929812
4,3,1300.0,2-Car,No injury/unknown,OTHER (DRIVER) - EXPLAIN IN NARRATIVE,39.12860142,-86.509453
11,5,1400.0,2-Car,No injury/unknown,FAILURE TO YIELD RIGHT OF WAY,39.128368,-86.58256
6,6,2300.0,2-Car,No injury/unknown,OTHER (VEHICLE) - EXPLAIN IN NARRATIVE,39.12795689,-86.43856081
3,5,600.0,3+ Cars,No injury/unknown,ALCOHOLIC BEVERAGES,39.127901,-86.526799
4,4,2000.0,1-Car,No injury/unknown,OTHER (DRIVER) - EXPLAIN IN NARRATIVE,39.127901,-86.526799
7,3,1300.0,3+ Cars,No injury/unknown,OTHER (DRIVER) - EXPLAIN IN NARRATIVE,39.127889,-86.531399
8,1,1700.0,2-Car,No injury/unknown,UNSAFE BACKING,39.127852,-86.588
2,3,1300.0,2-Car,No injury/unknown,LEFT OF CENTER,39.1278,-86.526799
6,6,2000.0,1-Car,No injury/unknown,ANIMAL/OBJECT IN ROADWAY,39.1276755,-86.572812
10,1,1900.0,1-Car,No injury/unknown,ANIMAL/OBJECT IN ROADWAY,39.1276755,-86.572812
4,7,1500.0,2-Car,No injury/unknown,FOLLOWING TOO CLOSELY,39.12758945,-86.579099
9,4,900.0,2-Car,No injury/unknown,FOLLOWING TOO CLOSELY,39.1272938,-86.53143
10,6,2100.0,2-Car,No injury/unknown,UNSAFE SPEED,39.12715418,-86.58377907
10,6,1700.0,2-Car,No injury/unknown,ROADWAY SURFACE CONDITION,39.126976,-86.582464
12,1,600.0,1-Car,Non-incapacitating,RAN OFF ROAD RIGHT,39.1267499,-86.48466
1,4,700.0,1-Car,Non-incapacitating,DRIVER ILLNESS,39.12660505,-86.5726527
9,7,1100.0,2-Car,No injury/unknown,OTHER (DRIVER) - EXPLAIN IN NARRATIVE,39.12660505,-86.5726527
8,3,1600.0,2-Car,No injury/unknown,IMPROPER PASSING,39.12653298,-86.530599
8,7,1300.0,1-Car,Non-incapacitating,DRIVER ASLEEP OR FATIGUED,39.1262604,-86.480399
10,5,1600.0,2-Car,No injury/unknown,IMPROPER TURNING,39.125744,-86.615888
7,2,900.0,2-Car,No injury/unknown,LEFT OF CENTER,39.12569931,-86.48956011
7,7,1600.0,2-Car,No injury/unknown,OTHER (DRIVER) - EXPLAIN IN NARRATIVE,39.125552,-86.610192
8,6,1300.0,2-Car,No injury/unknown,UNSAFE BACKING,39.125471,-86.5401135
7,7,1500.0,2-Car,No injury/unknown,UNSAFE BACKING,39.12546,-86.539528
2,6,1600.0,2-Car,No injury/unknown,OTHER (DRIVER) - EXPLAIN IN NARRATIVE,39.125312,-86.610496
4,3,1600.0,2-Car,No injury/unknown,OTHER (DRIVER) - EXPLAIN IN NARRATIVE,39.125312,-86.610496
8,6,1600.0,2-Car,No injury/unknown,OTHER (DRIVER) - EXPLAIN IN NARRATIVE,39.125312,-86.610496
9,7,2100.0,Moped/Motorcycle,Non-incapacitating,OTHER (DRIVER) - EXPLAIN IN NARRATIVE,39.125006,-86.528518
2,7,1300.0,2-Car,No injury/unknown,UNSAFE BACKING,39.124978,-86.506516
2,7,900.0,2-Car,No injury/unknown,BRAKE FAILURE OR DEFECTIVE,39.124309,-86.611845
8,5,1700.0,2-Car,Non-incapacitating,FAILURE TO YIELD RIGHT OF WAY,39.12418335,-86.52666031
12,2,1700.0,2-Car,No injury/unknown,UNSAFE BACKING,39.123744,-86.527792
4,4,1600.0,2-Car,No injury/unknown,SPEED TOO FAST FOR WEATHER CONDITIONS,39.1237,-86.508698
5,7,1500.0,2-Car,No injury/unknown,FOLLOWING TOO CLOSELY,39.1237,-86.508698
5,3,0.0,1-Car,Non-incapacitating,ALCOHOLIC BEVERAGES,39.1234,-86.582198
8,5,1900.0,Moped/Motorcycle,Non-incapacitating,RAN OFF ROAD RIGHT,39.123399,-86.58247968
4,2,1700.0,2-Car,No injury/unknown,FOLLOWING TOO CLOSELY,39.123376,-86.582592
6,4,0.0,1-Car,No injury/unknown,UNSAFE SPEED,39.123376,-86.582592
7,5,1600.0,1-Car,No injury/unknown,SPEED TOO FAST FOR WEATHER CONDITIONS,39.1233523,-86.51736418
1,6,1800.0,2-Car,No injury/unknown,LEFT OF CENTER,39.12331853,-86.56162327
7,2,1200.0,2-Car,No injury/unknown,UNSAFE BACKING,39.123248,-86.60411819
10,2,1800.0,2-Car,No injury/unknown,OTHER (DRIVER) - EXPLAIN IN NARRATIVE,39.1225869,-86.50147033
4,4,800.0,1-Car,Non-incapacitating,DRIVER DISTRACTED - EXPLAIN IN NARRATIVE,39.122416,-86.64296
1,2,1700.0,2-Car,Incapacitating,FAILURE TO YIELD RIGHT OF WAY,39.122352,-86.5712
2,5,2100.0,2-Car,Non-incapacitating,DISREGARD SIGNAL/REG SIGN,39.122352,-86.5712
2,6,1800.0,1-Car,No injury/unknown,OTHER (DRIVER) - EXPLAIN IN NARRATIVE,39.122352,-86.5964
4,2,1300.0,2-Car,No injury/unknown,FAILURE TO YIELD RIGHT OF WAY,39.122352,-86.5712
5,7,1400.0,2-Car,Non-incapacitating,FAILURE TO YIELD RIGHT OF WAY,39.122352,-86.5712
8,1,1400.0,2-Car,Non-incapacitating,DISREGARD SIGNAL/REG SIGN,39.122352,-86.5712
8,4,1400.0,3+ Cars,Incapacitating,FAILURE TO YIELD RIGHT OF WAY,39.122352,-86.5712
10,4,1900.0,2-Car,Non-incapacitating,FAILURE TO YIELD RIGHT OF WAY,39.122352,-86.5712
12,6,800.0,2-Car,No injury/unknown,ROADWAY SURFACE CONDITION,39.122352,-86.5712
2,6,1100.0,1-Car,No injury/unknown,SPEED TOO FAST FOR WEATHER CONDITIONS,39.1223,-86.6056567
9,2,1500.0,1-Car,No injury/unknown,ANIMAL/OBJECT IN ROADWAY,39.12223415,-86.61264532
1,3,700.0,2-Car,No injury/unknown,ROADWAY SURFACE CONDITION,39.122224,-86.562688
6,3,1500.0,2-Car,Incapacitating,FOLLOWING TOO CLOSELY,39.12221366,-86.57106313
12,7,1100.0,1-Car,No injury/unknown,SPEED TOO FAST FOR WEATHER CONDITIONS,39.12221366,-86.57105447
6,5,900.0,2-Car,No injury/unknown,OTHER (DRIVER) - EXPLAIN IN NARRATIVE,39.12217061,-86.52051337
5,1,1500.0,1-Car,No injury/unknown,DRIVER DISTRACTED - EXPLAIN IN NARRATIVE,39.121808,-86.498784
1,3,1700.0,2-Car,No injury/unknown,DISREGARD SIGNAL/REG SIGN,39.121648,-86.539088
3,4,600.0,1-Car,No injury/unknown,RAN OFF ROAD RIGHT,39.121648,-86.539088
5,5,1700.0,2-Car,No injury/unknown,UNSAFE BACKING,39.121552,-86.531296
6,7,1500.0,2-Car,No injury/unknown,UNSAFE BACKING,39.12154418,-86.53386009
12,7,1400.0,2-Car,Non-incapacitating,FOLLOWING TOO CLOSELY,39.12152105,-86.51777897
5,3,800.0,Moped/Motorcycle,Incapacitating,DRIVER DISTRACTED - EXPLAIN IN NARRATIVE,39.12152,-86.51792
8,3,900.0,2-Car,No injury/unknown,FAILURE TO YIELD RIGHT OF WAY,39.1215,-86.523799
6,2,1800.0,2-Car,No injury/unknown,FOLLOWING TOO CLOSELY,39.121488,-86.52048
10,6,1800.0,2-Car,No injury/unknown,OTHER (VEHICLE) - EXPLAIN IN NARRATIVE,39.12148,-86.535479
11,6,700.0,2-Car,No injury/unknown,UNSAFE BACKING,39.12148,-86.535479
12,4,1000.0,2-Car,Non-incapacitating,UNSAFE BACKING,39.12144212,-86.52623157
8,5,1700.0,2-Car,Non-incapacitating,FOLLOWING TOO CLOSELY,39.12144,-86.526496
8,2,1200.0,2-Car,No injury/unknown,IMPROPER TURNING,39.12144,-86.526496
9,6,700.0,1-Car,Non-incapacitating,RAN OFF ROAD RIGHT,39.12144,-86.51158
9,3,1500.0,2-Car,No injury/unknown,OTHER (DRIVER) - EXPLAIN IN NARRATIVE,39.12144,-86.526496
10,2,1700.0,2-Car,No injury/unknown,FOLLOWING TOO CLOSELY,39.12144,-86.526496
11,1,1200.0,2-Car,No injury/unknown,LEFT OF CENTER,39.12144,-86.526496
11,2,1600.0,2-Car,No injury/unknown,FAILURE TO YIELD RIGHT OF WAY,39.12144,-86.526496
6,3,1700.0,2-Car,No injury/unknown,IMPROPER LANE USAGE,39.12141453,-86.5313729
8,7,1600.0,2-Car,No injury/unknown,UNSAFE BACKING,39.12141453,-86.5313729
5,2,2000.0,2-Car,No injury/unknown,DRIVER ASLEEP OR FATIGUED,39.1214,-86.531399
8,6,1800.0,1-Car,No injury/unknown,DRIVER DISTRACTED - EXPLAIN IN NARRATIVE,39.1214,-86.489906
3,2,1900.0,1-Car,No injury/unknown,DRIVER DISTRACTED - EXPLAIN IN NARRATIVE,39.1213,-86.48962873
1,6,1700.0,2-Car,No injury/unknown,FAILURE TO YIELD RIGHT OF WAY,39.1212,-86.489199
5,5,1700.0,2-Car,No injury/unknown,UNSAFE BACKING,39.121101,-86.531386
11,4,700.0,2-Car,No injury/unknown,FOLLOWING TOO CLOSELY,39.12094404,-86.53145486
2,7,2200.0,3+ Cars,Non-incapacitating,,39.12056922,-86.61699394
4,4,700.0,1-Car,Non-incapacitating,RAN OFF ROAD RIGHT,39.119854,-86.526599
1,4,1800.0,2-Car,No injury/unknown,ALCOHOLIC BEVERAGES,39.119344,-86.618896
4,1,1600.0,2-Car,No injury/unknown,FAILURE TO YIELD RIGHT OF WAY,39.117648,-86.567104
4,5,700.0,2-Car,Incapacitating,FAILURE TO YIELD RIGHT OF WAY,39.117648,-86.567104
9,1,2300.0,1-Car,No injury/unknown,ANIMAL/OBJECT IN ROADWAY,39.117648,-86.567104
10,6,2000.0,2-Car,No injury/unknown,FAILURE TO YIELD RIGHT OF WAY,39.117648,-86.567104
8,4,1400.0,2-Car,No injury/unknown,UNSAFE BACKING,39.11749058,-86.56702648
12,4,1400.0,2-Car,No injury/unknown,FOLLOWING TOO CLOSELY,39.11641575,-86.56562607
10,1,1700.0,2-Car,Non-incapacitating,FAILURE TO YIELD RIGHT OF WAY,39.11584,-86.5312
9,1,1600.0,2-Car,Incapacitating,FOLLOWING TOO CLOSELY,39.11567173,-86.53143
1,2,1500.0,2-Car,No injury/unknown,FOLLOWING TOO CLOSELY,39.115552,-86.564592
1,4,900.0,3+ Cars,Non-incapacitating,FAILURE TO YIELD RIGHT OF WAY,39.115552,-86.564592
10,7,600.0,1-Car,No injury/unknown,ANIMAL/OBJECT IN ROADWAY,39.115552,-86.564592
11,6,1000.0,2-Car,Non-incapacitating,FAILURE TO YIELD RIGHT OF WAY,39.115552,-86.564592
12,7,2100.0,1-Car,No injury/unknown,DRIVER DISTRACTED - EXPLAIN IN NARRATIVE,39.11534473,-86.54030678
1,7,800.0,2-Car,No injury/unknown,FAILURE TO YIELD RIGHT OF WAY,39.11534249,-86.56470422
9,6,1700.0,2-Car,Non-incapacitating,DRIVER DISTRACTED - EXPLAIN IN NARRATIVE,39.11504,-86.630992
8,7,1100.0,2-Car,No injury/unknown,OTHER (VEHICLE) - EXPLAIN IN NARRATIVE,39.11503847,-86.63088625
2,6,1400.0,2-Car,No injury/unknown,UNSAFE BACKING,39.11464,-86.539392
9,3,1400.0,Bus,No injury/unknown,FAILURE TO YIELD RIGHT OF WAY,39.11461,-86.54628
8,6,1800.0,3+ Cars,Non-incapacitating,ALCOHOLIC BEVERAGES,39.11460543,-86.63189064
9,6,1500.0,2-Car,No injury/unknown,FOLLOWING TOO CLOSELY,39.114026,-86.63308881
1,7,1800.0,1-Car,No injury/unknown,ANIMAL/OBJECT IN ROADWAY,39.11382857,-86.56231729
9,1,1800.0,1-Car,No injury/unknown,OVERCORRECTING/OVERSTEERING,39.113232,-86.668544
5,3,1000.0,2-Car,No injury/unknown,OTHER (DRIVER) - EXPLAIN IN NARRATIVE,39.11261618,-86.53988499
5,6,1500.0,2-Car,Non-incapacitating,OTHER (DRIVER) - EXPLAIN IN NARRATIVE,39.1122,-86.498599
12,7,1200.0,1-Car,No injury/unknown,STEERING FAILURE,39.11188918,-86.63693506
5,7,1800.0,2-Car,No injury/unknown,FAILURE TO YIELD RIGHT OF WAY,39.11172779,-86.579099
1,6,1600.0,2-Car,Non-incapacitating,FOLLOWING TOO CLOSELY,39.11172619,-86.57913641
2,6,1500.0,2-Car,No injury/unknown,FAILURE TO YIELD RIGHT OF WAY,39.11172619,-86.57913641
2,3,1200.0,1-Car,No injury/unknown,ROADWAY SURFACE CONDITION,39.111451,-86.568399
6,5,1800.0,2-Car,Non-incapacitating,RAN OFF ROAD RIGHT,39.11136,-86.539824
4,6,1500.0,2-Car,No injury/unknown,LEFT OF CENTER,39.1111,-86.534901
8,3,1500.0,2-Car,No injury/unknown,FOLLOWING TOO CLOSELY,39.11085213,-86.638579
12,7,800.0,1-Car,No injury/unknown,ROADWAY SURFACE CONDITION,39.1107662,-86.6387165
8,2,2300.0,Moped/Motorcycle,Incapacitating,ALCOHOLIC BEVERAGES,39.11037853,-86.53145486
8,7,100.0,1-Car,Non-incapacitating,ALCOHOLIC BEVERAGES,39.11025514,-86.4641116
11,6,2000.0,1-Car,No injury/unknown,ANIMAL/OBJECT IN ROADWAY,39.10984532,-86.55696309
11,5,1500.0,2-Car,No injury/unknown,FOLLOWING TOO CLOSELY,39.10935,-86.64095134
6,4,1800.0,2-Car,Non-incapacitating,LEFT OF CENTER,39.109248,-86.53128
2,6,1700.0,1-Car,Non-incapacitating,UNSAFE SPEED,39.108848,-86.6384
8,6,1200.0,2-Car,No injury/unknown,OTHER (DRIVER) - EXPLAIN IN NARRATIVE,39.1086,-86.63828
10,6,1600.0,1-Car,Non-incapacitating,SPEED TOO FAST FOR WEATHER CONDITIONS,39.10843,-86.66951
5,4,1700.0,2-Car,No injury/unknown,FAILURE TO YIELD RIGHT OF WAY,39.1083,-86.531299
6,6,1600.0,2-Car,Non-incapacitating,OTHER (DRIVER) - EXPLAIN IN NARRATIVE,39.1083,-86.531299
2,4,600.0,1-Car,Non-incapacitating,ANIMAL/OBJECT IN ROADWAY,39.10824,-86.666192
9,7,1200.0,2-Car,Non-incapacitating,FAILURE TO YIELD RIGHT OF WAY,39.108032,-86.575552
3,6,800.0,1-Car,Non-incapacitating,RAN OFF ROAD RIGHT,39.107904,-86.462368
2,6,2300.0,1-Car,No injury/unknown,ROADWAY SURFACE CONDITION,39.10789901,-86.51342508
1,2,200.0,2-Car,No injury/unknown,ALCOHOLIC BEVERAGES,39.10789061,-86.54973844
9,7,200.0,1-Car,Non-incapacitating,RAN OFF ROAD RIGHT,39.107648,-86.643696
5,5,2200.0,1-Car,No injury/unknown,OTHER (VEHICLE) - EXPLAIN IN NARRATIVE,39.10763043,-86.49501
7,4,2300.0,2-Car,No injury/unknown,IMPROPER TURNING,39.107552,-86.549792
9,1,1300.0,Moped/Motorcycle,Non-incapacitating,IMPROPER PASSING,39.10752149,-86.55379162
1,5,1600.0,2-Car,Non-incapacitating,FAILURE TO YIELD RIGHT OF WAY,39.10748133,-86.52640051
10,3,300.0,1-Car,No injury/unknown,OVERCORRECTING/OVERSTEERING,39.107456,-86.540064
5,6,1400.0,2-Car,No injury/unknown,FAILURE TO YIELD RIGHT OF WAY,39.107344,-86.5264
10,3,1400.0,2-Car,No injury/unknown,FAILURE TO YIELD RIGHT OF WAY,39.107344,-86.5264
11,4,1700.0,2-Car,No injury/unknown,FAILURE TO YIELD RIGHT OF WAY,39.107344,-86.5264
4,4,1800.0,2-Car,No injury/unknown,FOLLOWING TOO CLOSELY,39.1073,-86.531499
5,7,1100.0,2-Car,No injury/unknown,SPEED TOO FAST FOR WEATHER CONDITIONS,39.1073,-86.531499
9,4,1700.0,2-Car,No injury/unknown,OTHER (DRIVER) - EXPLAIN IN NARRATIVE,39.10726,-86.53149
12,1,1500.0,2-Car,No injury/unknown,DISREGARD SIGNAL/REG SIGN,39.10726,-86.53149
2,4,1100.0,2-Car,No injury/unknown,FOLLOWING TOO CLOSELY,39.1072,-86.526499
5,6,1800.0,2-Car,No injury/unknown,FOLLOWING TOO CLOSELY,39.10704,-86.523488
7,3,1600.0,2-Car,No injury/unknown,OTHER (DRIVER) - EXPLAIN IN NARRATIVE,39.10704,-86.523488
7,5,500.0,1-Car,No injury/unknown,RAN OFF ROAD RIGHT,39.10704,-86.523488
4,3,1700.0,2-Car,Non-incapacitating,FOLLOWING TOO CLOSELY,39.107,-86.498499
2,6,900.0,2-Car,No injury/unknown,UNSAFE BACKING,39.10667,-86.550297
1,2,600.0,1-Car,No injury/unknown,ANIMAL/OBJECT IN ROADWAY,39.10622868,-86.64508598
7,7,1600.0,2-Car,No injury/unknown,CELL PHONE USAGE,39.1061406,-86.587699
11,5,1500.0,3+ Cars,No injury/unknown,DRIVER DISTRACTED - EXPLAIN IN NARRATIVE,39.10592835,-86.55161757
1,5,1800.0,2-Car,No injury/unknown,DRIVER DISTRACTED - EXPLAIN IN NARRATIVE,39.105552,-86.551104
1,1,1400.0,2-Car,Non-incapacitating,DISREGARD SIGNAL/REG SIGN,39.105552,-86.551104
2,4,1100.0,1-Car,No injury/unknown,UNSAFE SPEED,39.105552,-86.551104
5,6,2100.0,2-Car,Non-incapacitating,FAILURE TO YIELD RIGHT OF WAY,39.105552,-86.551104
6,6,1600.0,2-Car,No injury/unknown,DRIVER DISTRACTED - EXPLAIN IN NARRATIVE,39.105552,-86.551104
6,6,1500.0,2-Car,Non-incapacitating,DISREGARD SIGNAL/REG SIGN,39.105552,-86.551104
8,7,600.0,2-Car,No injury/unknown,FAILURE TO YIELD RIGHT OF WAY,39.105552,-86.551104
8,6,1200.0,1-Car,Non-incapacitating,RAN OFF ROAD RIGHT,39.105552,-86.551104
9,3,1600.0,2-Car,No injury/unknown,DISREGARD SIGNAL/REG SIGN,39.105552,-86.551104
10,2,2300.0,1-Car,Non-incapacitating,ANIMAL/OBJECT IN ROADWAY,39.105552,-86.551104
10,7,700.0,2-Car,No injury/unknown,FAILURE TO YIELD RIGHT OF WAY,39.105552,-86.551104
4,2,1800.0,2-Car,No injury/unknown,DRIVER DISTRACTED - EXPLAIN IN NARRATIVE,39.10546945,-86.55147414
6,4,1800.0,1-Car,No injury/unknown,ANIMAL/OBJECT IN ROADWAY,39.10514187,-86.46787946
6,1,2100.0,2-Car,Non-incapacitating,ALCOHOLIC BEVERAGES,39.104873,-86.532233
8,3,1700.0,1-Car,Non-incapacitating,RAN OFF ROAD RIGHT,39.102704,-86.461792
8,2,800.0,1-Car,No injury/unknown,ANIMAL/OBJECT IN ROADWAY,39.10252,-86.46190677
11,4,2000.0,1-Car,No injury/unknown,ANIMAL/OBJECT IN ROADWAY,39.10208976,-86.5360106
2,4,0.0,1-Car,Non-incapacitating,RAN OFF ROAD RIGHT,39.101776,-86.576864
2,4,1500.0,1-Car,No injury/unknown,ROADWAY SURFACE CONDITION,39.10130227,-86.489599
4,7,2000.0,1-Car,Non-incapacitating,RAN OFF ROAD RIGHT,39.10116522,-86.49846611
9,6,900.0,2-Car,Non-incapacitating,FAILURE TO YIELD RIGHT OF WAY,39.10115175,-86.57913641
1,6,1600.0,2-Car,No injury/unknown,FAILURE TO YIELD RIGHT OF WAY,39.09984,-86.5176
9,6,1500.0,2-Car,No injury/unknown,IMPROPER TURNING,39.099408,-86.537904
2,2,900.0,2-Car,Non-incapacitating,DRIVER DISTRACTED - EXPLAIN IN NARRATIVE,39.09896791,-86.6522616
8,4,1800.0,2-Car,No injury/unknown,OTHER (DRIVER) - EXPLAIN IN NARRATIVE,39.09791987,-86.65502648
5,7,1600.0,1-Car,No injury/unknown,ACCELERATOR FAILURE OR DEFECTIVE,39.0978897,-86.53976953
7,5,900.0,2-Car,No injury/unknown,FAILURE TO YIELD RIGHT OF WAY,39.09784,-86.5168
11,6,1400.0,2-Car,No injury/unknown,OTHER (DRIVER) - EXPLAIN IN NARRATIVE,39.09784,-86.5168