Month,Day,Hour,Collision Type,Injury Type,Primary Factor,Latitude,Longitude
4,6,300.0,1-Car,No injury/unknown,ALCOHOLIC BEVERAGES,39.09764683,-86.512499
4,7,1800.0,1-Car,No injury/unknown,RAN OFF ROAD RIGHT,39.09535099,-86.58439683
6,2,1500.0,1-Car,No injury/unknown,DRIVER DISTRACTED - EXPLAIN IN NARRATIVE,39.09464,-86.516896
3,2,1700.0,Pedestrian,Non-incapacitating,PEDESTRIAN ACTION,39.093344,-86.5868
7,6,1900.0,2-Car,Non-incapacitating,OTHER (DRIVER) - EXPLAIN IN NARRATIVE,39.092976,-86.545648
10,4,1200.0,2-Car,Incapacitating,FAILURE TO YIELD RIGHT OF WAY,39.092976,-86.545648
10,7,2200.0,2-Car,Non-incapacitating,FAILURE TO YIELD RIGHT OF WAY,39.092976,-86.545648
11,1,1300.0,2-Car,No injury/unknown,DISREGARD SIGNAL/REG SIGN,39.092976,-86.545648
9,4,1800.0,2-Car,No injury/unknown,FAILURE TO YIELD RIGHT OF WAY,39.09293264,-86.54580509
1,1,1100.0,2-Car,No injury/unknown,OTHER (DRIVER) - EXPLAIN IN NARRATIVE,39.092928,-86.54176
2,1,2100.0,1-Car,No injury/unknown,DRIVER DISTRACTED - EXPLAIN IN NARRATIVE,39.09282781,-86.58704112
11,1,1800.0,1-Car,No injury/unknown,OTHER (DRIVER) - EXPLAIN IN NARRATIVE,39.09260982,-86.57509977
12,1,800.0,2-Car,No injury/unknown,RAN OFF ROAD RIGHT,39.09260215,-86.57509
2,5,1600.0,2-Car,No injury/unknown,RAN OFF ROAD RIGHT,39.09223255,-86.48318591
5,7,1800.0,1-Car,Non-incapacitating,ALCOHOLIC BEVERAGES,39.09136901,-86.4668481
6,1,1400.0,1-Car,Non-incapacitating,DRIVER ASLEEP OR FATIGUED,39.09136901,-86.4668481
11,1,1200.0,2-Car,No injury/unknown,FOLLOWING TOO CLOSELY,39.09107834,-86.53452
2,2,2100.0,3+ Cars,Non-incapacitating,UNSAFE SPEED,39.0902146,-86.66578843
8,4,1800.0,2-Car,Non-incapacitating,OTHER (DRIVER) - EXPLAIN IN NARRATIVE,39.08985222,-86.66625547
4,6,1400.0,2-Car,No injury/unknown,FOLLOWING TOO CLOSELY,39.08984,-86.666304
6,5,2100.0,2-Car,No injury/unknown,FOLLOWING TOO CLOSELY,39.08984,-86.666304
2,5,1600.0,2-Car,No injury/unknown,OTHER (DRIVER) - EXPLAIN IN NARRATIVE,39.08973744,-86.531399
7,1,1300.0,2-Car,No injury/unknown,FAILURE TO YIELD RIGHT OF WAY,39.08946426,-86.42889643
8,7,1000.0,1-Car,No injury/unknown,OVERCORRECTING/OVERSTEERING,39.08872185,-86.526499
4,4,1900.0,1-Car,Non-incapacitating,RAN OFF ROAD RIGHT,39.08778951,-86.42243138
8,3,1000.0,1-Car,Non-incapacitating,RAN OFF ROAD RIGHT,39.08778951,-86.42243138
5,4,600.0,2-Car,No injury/unknown,OTHER (DRIVER) - EXPLAIN IN NARRATIVE,39.08758969,-86.54457085
11,5,400.0,1-Car,No injury/unknown,SPEED TOO FAST FOR WEATHER CONDITIONS,39.08709195,-86.63844981
6,2,1700.0,1-Car,No injury/unknown,DRIVER ASLEEP OR FATIGUED,39.086848,-86.671296
10,7,1400.0,2-Car,Non-incapacitating,DRIVER DISTRACTED - EXPLAIN IN NARRATIVE,39.086832,-86.671984
9,3,600.0,1-Car,No injury/unknown,ANIMAL/OBJECT IN ROADWAY,39.08660818,-86.54353988
1,1,1900.0,1-Car,No injury/unknown,ANIMAL/OBJECT IN ROADWAY,39.085952,-86.566096
1,1,1200.0,2-Car,No injury/unknown,DISREGARD SIGNAL/REG SIGN,39.085632,-86.542304
11,3,1400.0,2-Car,No injury/unknown,OTHER (ENVIRONMENTAL) - EXPLAIN IN NARR,39.085632,-86.542304
11,6,700.0,2-Car,No injury/unknown,DRIVER DISTRACTED - EXPLAIN IN NARRATIVE,39.08540361,-86.54210824
11,4,2000.0,2-Car,No injury/unknown,OTHER (DRIVER) - EXPLAIN IN NARRATIVE,39.08528624,-86.54271101
5,1,1300.0,Moped/Motorcycle,Non-incapacitating,RAN OFF ROAD RIGHT,39.08495149,-86.42087765
1,1,100.0,2-Car,No injury/unknown,ALCOHOLIC BEVERAGES,39.08384,-86.540768
7,3,1500.0,2-Car,No injury/unknown,OVERCORRECTING/OVERSTEERING,39.08384,-86.540768
11,5,1000.0,2-Car,No injury/unknown,DISREGARD SIGNAL/REG SIGN,39.08384,-86.540768
11,7,600.0,1-Car,No injury/unknown,ANIMAL/OBJECT IN ROADWAY,39.08337373,-86.42034021
11,6,2200.0,1-Car,Non-incapacitating,RAN OFF ROAD RIGHT,39.08333664,-86.56717239
12,6,1800.0,1-Car,No injury/unknown,SPEED TOO FAST FOR WEATHER CONDITIONS,39.083248,-86.5408
4,7,2000.0,1-Car,Non-incapacitating,UNSAFE SPEED,39.08217666,-86.5609886
4,4,200.0,1-Car,No injury/unknown,ALCOHOLIC BEVERAGES,39.08215554,-86.4196101
11,5,800.0,1-Car,No injury/unknown,ANIMAL/OBJECT IN ROADWAY,39.08160507,-86.57777
4,2,2300.0,1-Car,Non-incapacitating,ALCOHOLIC BEVERAGES,39.08072104,-86.56824778
10,3,1500.0,1-Car,No injury/unknown,OVERCORRECTING/OVERSTEERING,39.0795821,-86.59388612
7,6,1600.0,2-Car,Non-incapacitating,FAILURE TO YIELD RIGHT OF WAY,39.079552,-86.666592
12,1,1200.0,1-Car,No injury/unknown,RAN OFF ROAD RIGHT,39.07936,-86.51332
12,3,500.0,1-Car,Non-incapacitating,ALCOHOLIC BEVERAGES,39.07897127,-86.603225
10,6,2000.0,1-Car,No injury/unknown,OTHER (DRIVER) - EXPLAIN IN NARRATIVE,39.078944,-86.596304
3,7,300.0,1-Car,No injury/unknown,ANIMAL/OBJECT IN ROADWAY,39.07656651,-86.50904617
7,5,1500.0,1-Car,Incapacitating,DRIVER ASLEEP OR FATIGUED,39.07581852,-86.6276
11,5,1600.0,1-Car,No injury/unknown,DRIVER DISTRACTED - EXPLAIN IN NARRATIVE,39.07569907,-86.63288518
3,5,700.0,2-Car,No injury/unknown,FAILURE TO YIELD RIGHT OF WAY,39.0744954,-86.57099924
11,1,1000.0,2-Car,No injury/unknown,FAILURE TO YIELD RIGHT OF WAY,39.07439,-86.50583
10,4,2000.0,Pedestrian,Non-incapacitating,DRIVER DISTRACTED - EXPLAIN IN NARRATIVE,39.074,-86.48474649
11,4,900.0,1-Car,No injury/unknown,RAN OFF ROAD RIGHT,39.07399922,-86.59931331
7,2,700.0,2-Car,No injury/unknown,FAILURE TO YIELD RIGHT OF WAY,39.0735198,-86.50453069
2,6,1900.0,1-Car,No injury/unknown,BRAKE FAILURE OR DEFECTIVE,39.073088,-86.461184
12,6,1000.0,1-Car,Non-incapacitating,SPEED TOO FAST FOR WEATHER CONDITIONS,39.07274,-86.54445
12,4,200.0,1-Car,No injury/unknown,ANIMAL/OBJECT IN ROADWAY,39.071952,-86.600704
5,2,700.0,Bus,Non-incapacitating,GLARE,39.071056,-86.517488
8,6,1100.0,2-Car,No injury/unknown,FAILURE TO YIELD RIGHT OF WAY,39.071056,-86.5356
4,1,1500.0,2-Car,No injury/unknown,FOLLOWING TOO CLOSELY,39.07093943,-86.5364409
11,3,2000.0,1-Car,No injury/unknown,ANIMAL/OBJECT IN ROADWAY,39.06885882,-86.53562808
9,1,0.0,1-Car,No injury/unknown,ANIMAL/OBJECT IN ROADWAY,39.06418982,-86.53568775
8,7,1900.0,1-Car,Non-incapacitating,ALCOHOLIC BEVERAGES,39.06392824,-86.41456115
7,5,2300.0,1-Car,No injury/unknown,ROADWAY SURFACE CONDITION,39.061184,-86.414416
11,6,2100.0,1-Car,Non-incapacitating,RAN OFF ROAD RIGHT,39.06041196,-86.41405295
2,6,1900.0,2-Car,No injury/unknown,ALCOHOLIC BEVERAGES,39.06,-86.498599
1,7,1800.0,2-Car,No injury/unknown,IMPROPER PASSING,39.056992,-86.498432
5,5,600.0,1-Car,No injury/unknown,ANIMAL/OBJECT IN ROADWAY,39.05494892,-86.53581235
10,4,800.0,Bus,No injury/unknown,LEFT OF CENTER,39.053744,-86.606304
10,6,2300.0,1-Car,No injury/unknown,RAN OFF ROAD RIGHT,39.053744,-86.606304
10,7,1800.0,2-Car,No injury/unknown,FAILURE TO YIELD RIGHT OF WAY,39.05220246,-86.53585037
9,2,2000.0,1-Car,No injury/unknown,ANIMAL/OBJECT IN ROADWAY,39.05192781,-86.53585417
3,6,1300.0,2-Car,No injury/unknown,FOLLOWING TOO CLOSELY,39.04973065,-86.53588429
11,4,1500.0,1-Car,No injury/unknown,RAN OFF ROAD RIGHT,39.04934,-86.51078047
11,2,1900.0,1-Car,No injury/unknown,ANIMAL/OBJECT IN ROADWAY,39.04890669,-86.53588389
5,6,500.0,1-Car,No injury/unknown,RAN OFF ROAD LEFT,39.04721205,-86.53587119
4,3,1600.0,Moped/Motorcycle,No injury/unknown,FAILURE TO YIELD RIGHT OF WAY,39.04716124,-86.61368161
9,6,1900.0,1-Car,No injury/unknown,OTHER (ENVIRONMENTAL) - EXPLAIN IN NARR,39.04464,-86.407952
10,3,1200.0,1-Car,Non-incapacitating,OTHER (DRIVER) - EXPLAIN IN NARRATIVE,39.04423891,-86.40747069
2,4,1400.0,1-Car,Non-incapacitating,OTHER (DRIVER) - EXPLAIN IN NARRATIVE,39.043792,-86.666048
7,6,1500.0,1-Car,Non-incapacitating,ROADWAY SURFACE CONDITION,39.042144,-86.5412
9,4,1900.0,1-Car,Incapacitating,RAN OFF ROAD RIGHT,39.04006904,-86.62067
3,6,1500.0,Bus,No injury/unknown,OTHER (DRIVER) - EXPLAIN IN NARRATIVE,39.03600387,-86.61691329
7,2,400.0,2-Car,No injury/unknown,LEFT OF CENTER,39.035999,-86.61313916
6,7,2200.0,1-Car,No injury/unknown,UNSAFE SPEED,39.0349,-86.51428935
7,6,2100.0,1-Car,Non-incapacitating,OTHER (DRIVER) - EXPLAIN IN NARRATIVE,39.03379892,-86.666197
6,7,500.0,1-Car,No injury/unknown,RAN OFF ROAD RIGHT,39.033589,-86.510508
7,6,1900.0,1-Car,No injury/unknown,ROADWAY SURFACE CONDITION,39.03343919,-86.40833432
5,7,300.0,1-Car,No injury/unknown,OTHER (DRIVER) - EXPLAIN IN NARRATIVE,39.032701,-86.6563957
3,2,700.0,1-Car,Non-incapacitating,ANIMAL/OBJECT IN ROADWAY,39.032544,-86.541696
8,6,2100.0,2-Car,Non-incapacitating,ALCOHOLIC BEVERAGES,39.032,-86.4967817
7,6,500.0,1-Car,Non-incapacitating,SPEED TOO FAST FOR WEATHER CONDITIONS,39.03147918,-86.40764723
9,7,2100.0,1-Car,No injury/unknown,NONE (VEHICLE),39.029324,-86.489529
12,7,400.0,1-Car,No injury/unknown,RAN OFF ROAD RIGHT,39.02327736,-86.67457
5,7,1000.0,2-Car,No injury/unknown,OTHER (DRIVER) - EXPLAIN IN NARRATIVE,39.01995302,-86.44896695
9,7,0.0,1-Car,No injury/unknown,OTHER (DRIVER) - EXPLAIN IN NARRATIVE,39.01993096,-86.52739
8,6,200.0,1-Car,No injury/unknown,RAN OFF ROAD RIGHT,39.0192,-86.535099
1,4,2100.0,1-Car,No injury/unknown,ANIMAL/OBJECT IN ROADWAY,39.0148877,-86.56234558
3,2,200.0,1-Car,No injury/unknown,ANIMAL/OBJECT IN ROADWAY,39.0146275,-86.537088
9,5,1200.0,1-Car,No injury/unknown,RAN OFF ROAD RIGHT,39.01175,-86.56188
8,3,1400.0,2-Car,No injury/unknown,OTHER (DRIVER) - EXPLAIN IN NARRATIVE,39.011099,-86.543098
7,4,600.0,1-Car,Non-incapacitating,SPEED TOO FAST FOR WEATHER CONDITIONS,39.009344,-86.510096
4,5,600.0,1-Car,Non-incapacitating,DRIVER ASLEEP OR FATIGUED,39.00885949,-86.53710075
10,1,1900.0,2-Car,Non-incapacitating,LEFT OF CENTER,39.00599333,-86.57913
7,6,1500.0,2-Car,Non-incapacitating,OTHER (DRIVER) - EXPLAIN IN NARRATIVE,39.00270759,-86.531299
2,2,2000.0,2-Car,Non-incapacitating,FAILURE TO YIELD RIGHT OF WAY,38.9995097,-86.497899
6,5,1300.0,1-Car,No injury/unknown,RAN OFF ROAD RIGHT,38.99929758,-86.59211377
9,1,400.0,1-Car,No injury/unknown,RAN OFF ROAD RIGHT,38.99929758,-86.59211377
8,5,700.0,1-Car,No injury/unknown,ANIMAL/OBJECT IN ROADWAY,38.99476252,-86.53728083
4,3,700.0,2-Car,No injury/unknown,OTHER (DRIVER) - EXPLAIN IN NARRATIVE,38.99256531,-86.53725457
12,3,900.0,1-Car,Non-incapacitating,RAN OFF ROAD RIGHT,38.99256531,-86.53725457
1,5,1700.0,2-Car,No injury/unknown,UNSAFE BACKING,38.992032,-86.548272
3,5,1600.0,3+ Cars,No injury/unknown,OTHER (DRIVER) - EXPLAIN IN NARRATIVE,38.992032,-86.548272
3,5,1700.0,2-Car,No injury/unknown,UNSAFE BACKING,38.992032,-86.548272
10,5,2100.0,1-Car,No injury/unknown,ANIMAL/OBJECT IN ROADWAY,38.992016,-86.537248
1,5,1200.0,2-Car,Non-incapacitating,FAILURE TO YIELD RIGHT OF WAY,39.335152,-86.607008
1,2,1700.0,2-Car,Non-incapacitating,FAILURE TO YIELD RIGHT OF WAY,39.335152,-86.607008
7,7,2000.0,1-Car,No injury/unknown,NONE (DRIVER),39.33448,-86.614368
11,2,1800.0,1-Car,No injury/unknown,ANIMAL/OBJECT IN ROADWAY,39.334368,-86.5124
4,5,800.0,1-Car,No injury/unknown,ANIMAL/OBJECT IN ROADWAY,39.33346643,-86.53310219
10,4,2000.0,1-Car,Non-incapacitating,ANIMAL/OBJECT IN ROADWAY,39.33077592,-86.51494129
8,2,1600.0,1-Car,Non-incapacitating,UNSAFE SPEED,39.32188043,-86.59768726
7,1,200.0,1-Car,Non-incapacitating,UNSAFE SPEED,39.32188043,-86.59768726
8,1,1100.0,2-Car,Non-incapacitating,LEFT OF CENTER,39.319904,-86.39896
1,3,1200.0,2-Car,No injury/unknown,IMPROPER LANE USAGE,39.31695399,-86.51079025
7,1,1200.0,1-Car,Fatal,RAN OFF ROAD RIGHT,39.31695365,-86.51079035
10,2,700.0,1-Car,No injury/unknown,RAN OFF ROAD RIGHT,39.31233323,-86.54219875
8,2,500.0,1-Car,No injury/unknown,ANIMAL/OBJECT IN ROADWAY,39.3046181,-86.51670231
9,1,300.0,2-Car,Non-incapacitating,FAILURE TO YIELD RIGHT OF WAY,39.30432,-86.5168
6,3,600.0,2-Car,No injury/unknown,OTHER (DRIVER) - EXPLAIN IN NARRATIVE,39.30402988,-86.51702267
10,4,1500.0,1-Car,No injury/unknown,SPEED TOO FAST FOR WEATHER CONDITIONS,39.302102,-86.53137488
10,3,1000.0,1-Car,No injury/unknown,SPEED TOO FAST FOR WEATHER CONDITIONS,39.29864,-86.652496
10,3,1600.0,Pedestrian,Incapacitating,DRIVER DISTRACTED - EXPLAIN IN NARRATIVE,39.2944998,-86.524497
8,6,500.0,1-Car,No injury/unknown,OTHER (DRIVER) - EXPLAIN IN NARRATIVE,39.29359291,-86.40059588
11,6,400.0,1-Car,No injury/unknown,ALCOHOLIC BEVERAGES,39.290288,-86.576992
9,5,1600.0,2-Car,Non-incapacitating,LEFT OF CENTER,39.2891,-86.625399
12,3,300.0,1-Car,No injury/unknown,ALCOHOLIC BEVERAGES,39.28844,-86.518728
8,4,2000.0,2-Car,No injury/unknown,OTHER (DRIVER) - EXPLAIN IN NARRATIVE,39.287808,-86.519024
3,7,1700.0,2-Car,No injury/unknown,LEFT OF CENTER,39.2877451,-86.51572379
11,3,800.0,2-Car,No injury/unknown,UNSAFE BACKING,39.287736,-86.51787926
9,1,1000.0,1-Car,No injury/unknown,RAN OFF ROAD RIGHT,39.287728,-86.515696
5,2,2000.0,1-Car,Non-incapacitating,RAN OFF ROAD RIGHT,39.28344,-86.624192
11,6,2300.0,2-Car,Non-incapacitating,FAILURE TO YIELD RIGHT OF WAY,39.281744,-86.662992
9,3,700.0,1-Car,No injury/unknown,RAN OFF ROAD RIGHT,39.28127032,-86.46128366
10,6,500.0,2-Car,No injury/unknown,SPEED TOO FAST FOR WEATHER CONDITIONS,39.281192,-86.682704
3,3,1600.0,2-Car,No injury/unknown,FAILURE TO YIELD RIGHT OF WAY,39.280496,-86.522864
3,7,1300.0,2-Car,Non-incapacitating,FOLLOWING TOO CLOSELY,39.28039763,-86.52288227
8,4,1500.0,Moped/Motorcycle,Non-incapacitating,RAN OFF ROAD RIGHT,39.2785457,-86.46759105
12,1,2300.0,1-Car,No injury/unknown,RAN OFF ROAD RIGHT,39.276472,-86.464424
9,1,1400.0,Moped/Motorcycle,Non-incapacitating,ANIMAL/OBJECT IN ROADWAY,39.273856,-86.558112
10,2,1300.0,Bus,Non-incapacitating,DRIVER ASLEEP OR FATIGUED,39.27149315,-86.51908539
8,2,1600.0,1-Car,No injury/unknown,ANIMAL/OBJECT IN ROADWAY,39.27027733,-86.52293441
11,7,2000.0,1-Car,Non-incapacitating,ANIMAL/OBJECT IN ROADWAY,39.26891991,-86.52287428
11,5,900.0,2-Car,No injury/unknown,IMPROPER LANE USAGE,39.26891991,-86.52287428
8,6,1000.0,1-Car,Non-incapacitating,RAN OFF ROAD RIGHT,39.26779716,-86.66675119
7,5,400.0,1-Car,Fatal,DRIVER ASLEEP OR FATIGUED,39.26713453,-86.48757544
5,6,1300.0,2-Car,No injury/unknown,FOLLOWING TOO CLOSELY,39.26708923,-86.531198
4,4,2200.0,1-Car,Non-incapacitating,ANIMAL/OBJECT IN ROADWAY,39.26698347,-86.52278848
4,3,1600.0,2-Car,Non-incapacitating,FOLLOWING TOO CLOSELY,39.26685652,-86.66571512
8,7,1300.0,2-Car,No injury/unknown,FAILURE TO YIELD RIGHT OF WAY,39.266752,-86.6656
10,3,2000.0,2-Car,No injury/unknown,OTHER TELEMATICS IN USE,39.26616,-86.522752
6,4,700.0,1-Car,Non-incapacitating,OTHER (DRIVER) - EXPLAIN IN NARRATIVE,39.26616,-86.522752
2,7,1100.0,2-Car,No injury/unknown,OTHER (DRIVER) - EXPLAIN IN NARRATIVE,39.26616,-86.522752
11,1,2200.0,2-Car,No injury/unknown,FAILURE TO YIELD RIGHT OF WAY,39.26616,-86.522752
6,4,1300.0,2-Car,No injury/unknown,DRIVER DISTRACTED - EXPLAIN IN NARRATIVE,39.26597207,-86.52286248
11,4,1000.0,1-Car,Non-incapacitating,NONE (DRIVER),39.26502513,-86.51791945
1,7,800.0,2-Car,Non-incapacitating,FAILURE TO YIELD RIGHT OF WAY,39.26478779,-86.52270299
7,5,1300.0,1-Car,Non-incapacitating,DRIVER ILLNESS,39.26465,-86.52269807
8,2,1700.0,2-Car,Non-incapacitating,FOLLOWING TOO CLOSELY,39.26329844,-86.5226498
11,3,900.0,2-Car,Non-incapacitating,FAILURE TO YIELD RIGHT OF WAY,39.26307891,-86.52264196
9,7,1500.0,2-Car,No injury/unknown,FOLLOWING TOO CLOSELY,39.263024,-86.52264
7,4,1600.0,1-Car,Non-incapacitating,NONE (DRIVER),39.263024,-86.52264
7,7,2300.0,Moped/Motorcycle,Non-incapacitating,FAILURE TO YIELD RIGHT OF WAY,39.263024,-86.52264
1,2,100.0,1-Car,No injury/unknown,ANIMAL/OBJECT IN ROADWAY,39.26286547,-86.52263366
5,7,1500.0,2-Car,No injury/unknown,UNSAFE BACKING,39.26128885,-86.52247292
12,4,1800.0,1-Car,Non-incapacitating,OTHER (DRIVER) - EXPLAIN IN NARRATIVE,39.26050125,-86.65792179
2,7,1600.0,2-Car,No injury/unknown,OTHER (DRIVER) - EXPLAIN IN NARRATIVE,39.26,-86.522756
5,5,1700.0,2-Car,No injury/unknown,UNSAFE BACKING,39.25978992,-86.580899
4,3,2200.0,Moped/Motorcycle,Non-incapacitating,NONE (DRIVER),39.25958925,-86.65740782
12,6,800.0,1-Car,Non-incapacitating,ANIMAL/OBJECT IN ROADWAY,39.25958925,-86.65758113
11,2,1400.0,1-Car,No injury/unknown,DRIVER ASLEEP OR FATIGUED,39.25923114,-86.65725092
12,7,1800.0,2-Car,Non-incapacitating,OVERCORRECTING/OVERSTEERING,39.25884886,-86.50462726
11,6,2000.0,2-Car,Non-incapacitating,SPEED TOO FAST FOR WEATHER CONDITIONS,39.25868807,-86.5029618
11,2,1900.0,1-Car,Non-incapacitating,SPEED TOO FAST FOR WEATHER CONDITIONS,39.258624,-86.568352
8,2,1600.0,2-Car,No injury/unknown,FAILURE TO YIELD RIGHT OF WAY,39.25816609,-86.497996
8,3,300.0,1-Car,No injury/unknown,ANIMAL/OBJECT IN ROADWAY,39.25464353,-86.59314473
7,6,1700.0,1-Car,No injury/unknown,SPEED TOO FAST FOR WEATHER CONDITIONS,39.25414712,-86.59239743
9,5,2100.0,1-Car,Non-incapacitating,OVERCORRECTING/OVERSTEERING,39.25386519,-86.45616595
4,6,2000.0,Moped/Motorcycle,No injury/unknown,FAILURE TO YIELD RIGHT OF WAY,39.253703,-86.6206
5,2,1300.0,2-Car,No injury/unknown,FAILURE TO YIELD RIGHT OF WAY,39.253104,-86.416528
2,7,500.0,1-Car,No injury/unknown,,39.252448,-86.653904
1,3,2200.0,1-Car,No injury/unknown,OTHER (DRIVER) - EXPLAIN IN NARRATIVE,39.252448,-86.653904
1,7,2200.0,3+ Cars,No injury/unknown,OTHER (VEHICLE) - EXPLAIN IN NARRATIVE,39.25189829,-86.532899
10,2,1600.0,2-Car,Non-incapacitating,FOLLOWING TOO CLOSELY,39.25182583,-86.65320602
12,5,800.0,1-Car,No injury/unknown,RAN OFF ROAD RIGHT,39.251536,-86.400816
6,7,1500.0,2-Car,Non-incapacitating,FAILURE TO YIELD RIGHT OF WAY,39.2512,-86.652504
7,6,300.0,1-Car,Non-incapacitating,ALCOHOLIC BEVERAGES,39.2512,-86.652504
4,3,500.0,2-Car,No injury/unknown,FAILURE TO YIELD RIGHT OF WAY,39.2512,-86.652504
1,3,1500.0,2-Car,No injury/unknown,FAILURE TO YIELD RIGHT OF WAY,39.2512,-86.652504
10,2,0.0,1-Car,No injury/unknown,ANIMAL/OBJECT IN ROADWAY,39.2512,-86.652504
10,4,2200.0,1-Car,Non-incapacitating,OVERCORRECTING/OVERSTEERING,39.251056,-86.469904
10,3,2200.0,2-Car,Non-incapacitating,UNSAFE SPEED,39.250976,-86.592808
11,6,2100.0,2-Car,Non-incapacitating,FAILURE TO YIELD RIGHT OF WAY,39.250976,-86.592808
1,4,900.0,1-Car,Non-incapacitating,SPEED TOO FAST FOR WEATHER CONDITIONS,39.250688,-86.529744
10,6,1600.0,2-Car,No injury/unknown,OTHER (DRIVER) - EXPLAIN IN NARRATIVE,39.250688,-86.529744
5,6,2100.0,2-Car,No injury/unknown,HEADLIGHT DEFECTIVE OR NOT ON,39.25032615,-86.5299973
11,3,2300.0,1-Car,No injury/unknown,ANIMAL/OBJECT IN ROADWAY,39.25025793,-86.65144718
9,1,200.0,1-Car,No injury/unknown,RAN OFF ROAD RIGHT,39.24742298,-86.4612356
8,3,1500.0,2-Car,Non-incapacitating,FAILURE TO YIELD RIGHT OF WAY,39.2466,-86.532899
7,6,2200.0,2-Car,Non-incapacitating,ILLEGAL DRUGS,39.245744,-86.636896
2,1,1600.0,1-Car,No injury/unknown,RAN OFF ROAD RIGHT,39.24554473,-86.62041643
4,3,1200.0,2-Car,No injury/unknown,FAILURE TO YIELD RIGHT OF WAY,39.245408,-86.6204
6,5,1000.0,2-Car,No injury/unknown,IMPROPER PASSING,39.24474651,-86.59279996
4,3,1500.0,2-Car,Non-incapacitating,OTHER (DRIVER) - EXPLAIN IN NARRATIVE,39.24104,-86.632096
10,2,1200.0,Moped/Motorcycle,Non-incapacitating,RAN OFF ROAD RIGHT,39.23984,-86.387696
9,1,1100.0,Moped/Motorcycle,No injury/unknown,LEFT OF CENTER,39.23977733,-86.38753808
12,4,1000.0,2-Car,Non-incapacitating,FAILURE TO YIELD RIGHT OF WAY,39.239404,-86.63031437
8,6,500.0,1-Car,Non-incapacitating,UNSAFE SPEED,39.238848,-86.630096
2,3,1500.0,1-Car,No injury/unknown,UNSAFE SPEED,39.23824414,-86.473399
9,7,1400.0,Moped/Motorcycle,Non-incapacitating,RAN OFF ROAD RIGHT,39.23814347,-86.3721914
5,4,1900.0,2-Car,No injury/unknown,FAILURE TO YIELD RIGHT OF WAY,39.238104,-86.629728
6,6,1800.0,2-Car,No injury/unknown,FAILURE TO YIELD RIGHT OF WAY,39.2376,-86.602398
11,4,1100.0,2-Car,No injury/unknown,FAILURE TO YIELD RIGHT OF WAY,39.23744,-86.592752
9,5,1600.0,1-Car,Non-incapacitating,RAN OFF ROAD RIGHT,39.23712,-86.463408
11,5,1400.0,Bus,No injury/unknown,PEDESTRIAN ACTION,39.2364,-86.631248
6,4,2100.0,2-Car,No injury/unknown,UNSAFE BACKING,39.23632404,-86.513148
9,6,1000.0,2-Car,Non-incapacitating,FAILURE TO YIELD RIGHT OF WAY,39.236288,-86.628336
5,2,700.0,2-Car,Non-incapacitating,FAILURE TO YIELD RIGHT OF WAY,39.235952,-86.629696
3,2,700.0,2-Car,Non-incapacitating,FAILURE TO YIELD RIGHT OF WAY,39.235952,-86.629696
8,3,1900.0,2-Car,No injury/unknown,OTHER (DRIVER) - EXPLAIN IN NARRATIVE,39.235952,-86.629696
11,3,2200.0,2-Car,No injury/unknown,LEFT OF CENTER,39.23574389,-86.62462585
1,2,1100.0,2-Car,No injury/unknown,UNSAFE SPEED,39.23503897,-86.61465832
7,2,2100.0,1-Car,No injury/unknown,DRIVER DISTRACTED - EXPLAIN IN NARRATIVE,39.234944,-86.623392
5,4,1700.0,2-Car,No injury/unknown,FAILURE TO YIELD RIGHT OF WAY,39.23488,-86.616736
5,2,1000.0,2-Car,Non-incapacitating,FAILURE TO YIELD RIGHT OF WAY,39.234768,-86.626384
12,7,1100.0,2-Car,Non-incapacitating,FAILURE TO YIELD RIGHT OF WAY,39.234768,-86.626384
5,1,1600.0,2-Car,Non-incapacitating,FAILURE TO YIELD RIGHT OF WAY,39.234768,-86.626384
5,7,1300.0,2-Car,Non-incapacitating,FAILURE TO YIELD RIGHT OF WAY,39.234768,-86.626384
7,2,1900.0,2-Car,No injury/unknown,FOLLOWING TOO CLOSELY,39.234768,-86.626384
9,6,1800.0,2-Car,No injury/unknown,FAILURE TO YIELD RIGHT OF WAY,39.234768,-86.626384
6,4,1600.0,2-Car,No injury/unknown,OTHER (DRIVER) - EXPLAIN IN NARRATIVE,39.234768,-86.626384
9,7,1200.0,1-Car,No injury/unknown,BRAKE FAILURE OR DEFECTIVE,39.23464898,-86.6230205
9,3,2200.0,2-Car,No injury/unknown,FAILURE TO YIELD RIGHT OF WAY,39.234602,-86.625998
6,6,800.0,2-Car,No injury/unknown,VIEW OBSTRUCTED,39.23441576,-86.61635687
3,1,1500.0,2-Car,Non-incapacitating,FAILURE TO YIELD RIGHT OF WAY,39.234392,-86.54
9,6,2000.0,2-Car,No injury/unknown,FAILURE TO YIELD RIGHT OF WAY,39.23434488,-86.62407222
5,7,900.0,1-Car,Non-incapacitating,UNSAFE BACKING,39.23404306,-86.6244651
10,5,1400.0,1-Car,No injury/unknown,SPEED TOO FAST FOR WEATHER CONDITIONS,39.23397998,-86.62167561
10,5,1400.0,2-Car,Non-incapacitating,FAILURE TO YIELD RIGHT OF WAY,39.23387046,-86.62466817
12,3,1300.0,2-Car,Non-incapacitating,FAILURE TO YIELD RIGHT OF WAY,39.23384,-86.624704
7,7,900.0,2-Car,Non-incapacitating,IMPROPER TURNING,39.23384,-86.624704