Month,Day,Hour,Collision Type,Injury Type,Primary Factor,Latitude,Longitude
11,7,2200.0,2-Car,No injury/unknown,DISREGARD SIGNAL/REG SIGN,39.23384,-86.624704
11,1,1200.0,2-Car,Non-incapacitating,IMPROPER TURNING,39.23370296,-86.6245053
7,2,1900.0,2-Car,No injury/unknown,DISREGARD SIGNAL/REG SIGN,39.23365728,-86.62443906
5,4,500.0,2-Car,Non-incapacitating,IMPROPER LANE USAGE,39.23291887,-86.62338823
12,1,2000.0,1-Car,Non-incapacitating,ALCOHOLIC BEVERAGES,39.232736,-86.612928
9,6,1700.0,2-Car,No injury/unknown,FAILURE TO YIELD RIGHT OF WAY,39.232688,-86.623056
8,1,1200.0,Pedestrian,Incapacitating,UNSAFE BACKING,39.232544,-86.540704
11,4,700.0,2-Car,Non-incapacitating,UNSAFE BACKING,39.232544,-86.540704
11,4,1800.0,2-Car,No injury/unknown,FAILURE TO YIELD RIGHT OF WAY,39.232064,-86.622176
4,1,2100.0,1-Car,Non-incapacitating,NONE (DRIVER),39.23204809,-86.39906062
10,7,800.0,1-Car,No injury/unknown,OTHER (ENVIRONMENTAL) - EXPLAIN IN NARR,39.231936,-86.506288
9,3,200.0,1-Car,No injury/unknown,UNSAFE SPEED,39.23174768,-86.484699
2,1,1400.0,1-Car,Non-incapacitating,OVERCORRECTING/OVERSTEERING,39.23164167,-86.67058614
5,4,1500.0,1-Car,No injury/unknown,RAN OFF ROAD RIGHT,39.23155421,-86.43246233
2,1,1100.0,2-Car,No injury/unknown,FAILURE TO YIELD RIGHT OF WAY,39.231536,-86.6588
3,4,0.0,1-Car,Non-incapacitating,SPEED TOO FAST FOR WEATHER CONDITIONS,39.23152347,-86.65702532
9,7,900.0,1-Car,No injury/unknown,RAN OFF ROAD RIGHT,39.231501,-86.5896787
6,1,1400.0,2-Car,No injury/unknown,DISREGARD SIGNAL/REG SIGN,39.231424,-86.622944
2,5,800.0,2-Car,No injury/unknown,FAILURE TO YIELD RIGHT OF WAY,39.231344,-86.640096
6,6,1700.0,2-Car,No injury/unknown,DRIVER DISTRACTED - EXPLAIN IN NARRATIVE,39.231312,-86.636704
6,2,1500.0,2-Car,Non-incapacitating,ROADWAY SURFACE CONDITION,39.231268,-86.63530804
4,7,900.0,2-Car,Non-incapacitating,FAILURE TO YIELD RIGHT OF WAY,39.23106838,-86.62077339
9,5,1800.0,1-Car,Non-incapacitating,RAN OFF ROAD RIGHT,39.23087948,-86.63075697
6,7,1200.0,2-Car,Non-incapacitating,FAILURE TO YIELD RIGHT OF WAY,39.23075225,-86.42406069
3,5,1300.0,3+ Cars,Non-incapacitating,FAILURE TO YIELD RIGHT OF WAY,39.230544,-86.42
7,1,1000.0,Cyclist,Non-incapacitating,IMPROPER PASSING,39.230544,-86.42
10,6,1000.0,2-Car,No injury/unknown,IMPROPER TURNING,39.23051334,-86.61999286
8,7,900.0,Moped/Motorcycle,Non-incapacitating,OTHER (DRIVER) - EXPLAIN IN NARRATIVE,39.23002729,-86.4316233
11,7,1100.0,1-Car,Non-incapacitating,NONE (DRIVER),39.22995852,-86.57246846
1,5,1300.0,Moped/Motorcycle,Non-incapacitating,OTHER (DRIVER) - EXPLAIN IN NARRATIVE,39.22981269,-86.61900411
11,6,1600.0,2-Car,Non-incapacitating,FAILURE TO YIELD RIGHT OF WAY,39.229424,-86.623584
3,5,1500.0,Moped/Motorcycle,Non-incapacitating,FAILURE TO YIELD RIGHT OF WAY,39.229424,-86.623584
11,2,1800.0,1-Car,No injury/unknown,RAN OFF ROAD RIGHT,39.22911295,-86.61809764
2,1,2300.0,2-Car,Non-incapacitating,ALCOHOLIC BEVERAGES,39.22823084,-86.41836647
10,7,1800.0,Moped/Motorcycle,Fatal,UNSAFE SPEED,39.226352,-86.614192
6,1,,2-Car,No injury/unknown,LEFT OF CENTER,39.22526814,-86.43986113
8,6,1200.0,2-Car,No injury/unknown,IMPROPER TURNING,39.22427806,-86.57776354
10,4,1300.0,1-Car,No injury/unknown,ROADWAY SURFACE CONDITION,39.222944,-86.573696
5,2,1900.0,2-Car,No injury/unknown,UNSAFE BACKING,39.222752,-86.550096
5,7,800.0,2-Car,No injury/unknown,OTHER (VEHICLE) - EXPLAIN IN NARRATIVE,39.222752,-86.550096
6,4,1300.0,2-Car,No injury/unknown,UNSAFE BACKING,39.222752,-86.550096
11,5,1200.0,2-Car,No injury/unknown,OTHER (DRIVER) - EXPLAIN IN NARRATIVE,39.222752,-86.550096
12,5,1300.0,2-Car,No injury/unknown,FOLLOWING TOO CLOSELY,39.222544,-86.5172
8,4,1900.0,2-Car,No injury/unknown,FAILURE TO YIELD RIGHT OF WAY,39.22250933,-86.60533478
12,1,0.0,1-Car,No injury/unknown,CELL PHONE USAGE,39.221952,-86.626352
12,6,800.0,2-Car,Non-incapacitating,FAILURE TO YIELD RIGHT OF WAY,39.22165055,-86.60644751
2,3,1200.0,2-Car,Non-incapacitating,FAILURE TO YIELD RIGHT OF WAY,39.22140127,-86.60602375
3,4,1400.0,2-Car,Non-incapacitating,FAILURE TO YIELD RIGHT OF WAY,39.22131818,-86.6058825
9,3,1700.0,2-Car,No injury/unknown,FOLLOWING TOO CLOSELY,39.22123509,-86.60574125
10,3,1900.0,2-Car,Non-incapacitating,NONE (DRIVER),39.221152,-86.6056
4,6,600.0,2-Car,No injury/unknown,FAILURE TO YIELD RIGHT OF WAY,39.221152,-86.6056
6,3,1700.0,2-Car,No injury/unknown,LEFT OF CENTER,39.22108911,-86.4727332
5,4,1800.0,2-Car,Non-incapacitating,FAILURE TO YIELD RIGHT OF WAY,39.220907,-86.548765
10,2,2100.0,1-Car,Non-incapacitating,UNSAFE SPEED,39.22080716,-86.61217784
11,6,600.0,1-Car,Non-incapacitating,OTHER (DRIVER) - EXPLAIN IN NARRATIVE,39.22068187,-86.60495357
8,5,1200.0,2-Car,No injury/unknown,SPEED TOO FAST FOR WEATHER CONDITIONS,39.220544,-86.442288
11,7,1800.0,1-Car,No injury/unknown,ANIMAL/OBJECT IN ROADWAY,39.21954395,-86.55114447
1,3,1700.0,2-Car,No injury/unknown,UNSAFE BACKING,39.21951138,-86.512494
9,1,1600.0,1-Car,Non-incapacitating,DRIVER ASLEEP OR FATIGUED,39.21949604,-86.44600972
10,6,2100.0,2-Car,Non-incapacitating,LEFT OF CENTER,39.21936967,-86.44920774
4,2,1400.0,1-Car,Non-incapacitating,OTHER (DRIVER) - EXPLAIN IN NARRATIVE,39.21936967,-86.44920774
10,2,1400.0,1-Car,No injury/unknown,RAN OFF ROAD RIGHT,39.21858616,-86.528699
4,7,1000.0,2-Car,No injury/unknown,FAILURE TO YIELD RIGHT OF WAY,39.217248,-86.598992
2,7,1900.0,2-Car,Non-incapacitating,FAILURE TO YIELD RIGHT OF WAY,39.217248,-86.598992
2,4,2000.0,2-Car,No injury/unknown,FAILURE TO YIELD RIGHT OF WAY,39.217248,-86.598992
12,3,500.0,1-Car,No injury/unknown,RAN OFF ROAD RIGHT,39.216702,-86.6475703
8,4,1600.0,2-Car,Non-incapacitating,FAILURE TO YIELD RIGHT OF WAY,39.21600765,-86.5928
10,7,900.0,2-Car,No injury/unknown,LEFT OF CENTER,39.2159,-86.586499
5,7,1100.0,2-Car,No injury/unknown,FAILURE TO YIELD RIGHT OF WAY,39.21539479,-86.59351487
11,5,2100.0,1-Car,No injury/unknown,ANIMAL/OBJECT IN ROADWAY,39.215344,-86.521392
12,1,1800.0,3+ Cars,Non-incapacitating,FAILURE TO YIELD RIGHT OF WAY,39.21520718,-86.59296247
6,4,1300.0,2-Car,No injury/unknown,FAILURE TO YIELD RIGHT OF WAY,39.215152,-86.5928
4,6,1200.0,2-Car,Non-incapacitating,FAILURE TO YIELD RIGHT OF WAY,39.215152,-86.5928
8,2,1900.0,2-Car,No injury/unknown,OTHER (DRIVER) - EXPLAIN IN NARRATIVE,39.215152,-86.5928
1,6,800.0,2-Car,No injury/unknown,FAILURE TO YIELD RIGHT OF WAY,39.215152,-86.5928
2,1,1400.0,3+ Cars,Non-incapacitating,FAILURE TO YIELD RIGHT OF WAY,39.215088,-86.59271467
1,3,1200.0,2-Car,No injury/unknown,LEFT OF CENTER,39.21493839,-86.534599
8,3,700.0,2-Car,Non-incapacitating,LEFT OF CENTER,39.214784,-86.586432
2,7,900.0,1-Car,No injury/unknown,RAN OFF ROAD RIGHT,39.214752,-86.472896
6,6,1600.0,1-Car,Non-incapacitating,ALCOHOLIC BEVERAGES,39.21421656,-86.59150766
5,4,800.0,1-Car,Non-incapacitating,NONE (DRIVER),39.21381312,-86.639807
8,6,1600.0,1-Car,Non-incapacitating,ALCOHOLIC BEVERAGES,39.21381161,-86.591766
8,7,100.0,1-Car,No injury/unknown,RAN OFF ROAD RIGHT,39.21344947,-86.46493232
10,7,1200.0,Moped/Motorcycle,Non-incapacitating,FAILURE TO YIELD RIGHT OF WAY,39.213386,-86.50647133
3,1,2100.0,1-Car,Non-incapacitating,OTHER (DRIVER) - EXPLAIN IN NARRATIVE,39.212944,-86.486896
8,3,1700.0,2-Car,Non-incapacitating,FAILURE TO YIELD RIGHT OF WAY,39.212848,-86.505392
12,3,1500.0,2-Car,No injury/unknown,FAILURE TO YIELD RIGHT OF WAY,39.21252895,-86.58868655
10,5,1600.0,2-Car,Non-incapacitating,OTHER (DRIVER) - EXPLAIN IN NARRATIVE,39.21220688,-86.58769107
11,5,700.0,2-Car,No injury/unknown,FAILURE TO YIELD RIGHT OF WAY,39.21193983,-86.58687548
2,2,1700.0,2-Car,Non-incapacitating,FAILURE TO YIELD RIGHT OF WAY,39.21188575,-86.58671322
2,7,1900.0,1-Car,No injury/unknown,ANIMAL/OBJECT IN ROADWAY,39.21095173,-86.55414369
3,4,1100.0,1-Car,No injury/unknown,ANIMAL/OBJECT IN ROADWAY,39.21064049,-86.58404939
1,6,1600.0,3+ Cars,No injury/unknown,FOLLOWING TOO CLOSELY,39.2103095,-86.58348313
3,4,1800.0,2-Car,No injury/unknown,IMPROPER LANE USAGE,39.21022675,-86.58334157
5,3,1700.0,2-Car,Non-incapacitating,ALCOHOLIC BEVERAGES,39.210177,-86.58325645
8,5,1400.0,2-Car,Non-incapacitating,FAILURE TO YIELD RIGHT OF WAY,39.210144,-86.5832
10,7,1900.0,2-Car,Non-incapacitating,FAILURE TO YIELD RIGHT OF WAY,39.210144,-86.5832
12,1,1500.0,2-Car,No injury/unknown,FAILURE TO YIELD RIGHT OF WAY,39.21008923,-86.46339643
9,2,1900.0,2-Car,No injury/unknown,FOLLOWING TOO CLOSELY,39.209952,-86.463392
10,2,1200.0,2-Car,No injury/unknown,OTHER (DRIVER) - EXPLAIN IN NARRATIVE,39.209952,-86.463392
6,2,1700.0,2-Car,Non-incapacitating,OTHER (DRIVER) - EXPLAIN IN NARRATIVE,39.20993809,-86.5832
6,3,1500.0,Moped/Motorcycle,Non-incapacitating,OTHER (DRIVER) - EXPLAIN IN NARRATIVE,39.20988362,-86.58278962
5,3,1400.0,1-Car,No injury/unknown,OTHER (DRIVER) - EXPLAIN IN NARRATIVE,39.20968,-86.582375
1,6,1200.0,2-Car,No injury/unknown,OTHER (DRIVER) - EXPLAIN IN NARRATIVE,39.20945763,-86.5832
2,4,2300.0,2-Car,No injury/unknown,ALCOHOLIC BEVERAGES,39.2094,-86.583199
7,3,1500.0,3+ Cars,Incapacitating,IMPROPER TURNING,39.20925937,-86.58184343
10,2,1600.0,2-Car,No injury/unknown,FAILURE TO YIELD RIGHT OF WAY,39.209144,-86.5832
2,4,1700.0,3+ Cars,Non-incapacitating,FOLLOWING TOO CLOSELY,39.209144,-86.5832
5,2,1800.0,3+ Cars,Non-incapacitating,FOLLOWING TOO CLOSELY,39.20911136,-86.5609886
12,3,900.0,1-Car,No injury/unknown,RAN OFF ROAD RIGHT,39.20878221,-86.55459197
2,7,900.0,1-Car,No injury/unknown,NONE (DRIVER),39.20854763,-86.58076857
11,4,2000.0,2-Car,Non-incapacitating,FAILURE TO YIELD RIGHT OF WAY,39.208544,-86.611504
10,4,1100.0,2-Car,No injury/unknown,LEFT OF CENTER,39.20824,-86.55541367
5,6,1600.0,2-Car,Non-incapacitating,ROADWAY SURFACE CONDITION,39.20824,-86.55417175
8,5,1600.0,2-Car,Non-incapacitating,SPEED TOO FAST FOR WEATHER CONDITIONS,39.20824,-86.554704
9,2,1200.0,2-Car,No injury/unknown,OTHER (ENVIRONMENTAL) - EXPLAIN IN NARR,39.20824,-86.580208
8,5,1700.0,Moped/Motorcycle,Non-incapacitating,NONE (DRIVER),39.20824,-86.58027897
4,7,1600.0,2-Car,Non-incapacitating,FAILURE TO YIELD RIGHT OF WAY,39.20824,-86.580208
1,3,2200.0,2-Car,No injury/unknown,DISREGARD SIGNAL/REG SIGN,39.20824,-86.580208
4,3,1500.0,2-Car,No injury/unknown,DRIVER DISTRACTED - EXPLAIN IN NARRATIVE,39.20824,-86.580208
5,3,1400.0,Bus,Non-incapacitating,FAILURE TO YIELD RIGHT OF WAY,39.20824,-86.554704
4,3,1200.0,2-Car,No injury/unknown,OTHER (DRIVER) - EXPLAIN IN NARRATIVE,39.208202,-86.607198
12,3,1800.0,1-Car,No injury/unknown,ANIMAL/OBJECT IN ROADWAY,39.20816713,-86.57879898
5,4,1600.0,2-Car,No injury/unknown,SPEED TOO FAST FOR WEATHER CONDITIONS,39.20812736,-86.57803004
12,3,1800.0,2-Car,Non-incapacitating,DRIVER DISTRACTED - EXPLAIN IN NARRATIVE,39.2080578,-86.57668546
10,5,1200.0,1-Car,No injury/unknown,ROADWAY SURFACE CONDITION,39.208048,-86.528704
1,6,1200.0,1-Car,Non-incapacitating,SPEED TOO FAST FOR WEATHER CONDITIONS,39.20800636,-86.60597831
5,4,1600.0,2-Car,No injury/unknown,LEFT OF CENTER,39.208,-86.52871631
5,1,1100.0,2-Car,Non-incapacitating,ROADWAY SURFACE CONDITION,39.208,-86.52871631
7,3,900.0,1-Car,No injury/unknown,OTHER (DRIVER) - EXPLAIN IN NARRATIVE,39.208,-86.52871016
8,6,1400.0,2-Car,No injury/unknown,BRAKE FAILURE OR DEFECTIVE,39.208,-86.52874226
12,6,0.0,1-Car,No injury/unknown,UNSAFE SPEED,39.208,-86.528699
2,6,1600.0,2-Car,No injury/unknown,UNSAFE SPEED,39.207696,-86.46328
6,6,700.0,2-Car,No injury/unknown,FAILURE TO YIELD RIGHT OF WAY,39.20765719,-86.63024622
6,2,1700.0,2-Car,Non-incapacitating,FAILURE TO YIELD RIGHT OF WAY,39.20704,-86.534704
11,5,1700.0,1-Car,No injury/unknown,ANIMAL/OBJECT IN ROADWAY,39.20704,-86.534704
12,3,1300.0,2-Car,No injury/unknown,SPEED TOO FAST FOR WEATHER CONDITIONS,39.20704,-86.534704
9,5,1600.0,2-Car,No injury/unknown,FOLLOWING TOO CLOSELY,39.206602,-86.571598
10,3,600.0,1-Car,Fatal,OTHER (DRIVER) - EXPLAIN IN NARRATIVE,39.20658589,-86.5718263
10,4,1100.0,2-Car,No injury/unknown,LEFT OF CENTER,39.20637853,-86.55757664
10,7,1600.0,1-Car,No injury/unknown,DRIVER DISTRACTED - EXPLAIN IN NARRATIVE,39.206144,-86.528592
5,7,1500.0,2-Car,Non-incapacitating,FOLLOWING TOO CLOSELY,39.20613197,-86.531399
11,4,300.0,1-Car,Non-incapacitating,UNSAFE SPEED,39.20484589,-86.50699411
10,5,1800.0,2-Car,No injury/unknown,VIEW OBSTRUCTED,39.20484537,-86.50699464
6,2,1900.0,1-Car,Non-incapacitating,UNSAFE SPEED,39.2043226,-86.46359043
10,6,,2-Car,No injury/unknown,LEFT OF CENTER,39.2041647,-86.46362497
7,2,1800.0,2-Car,No injury/unknown,NONE (DRIVER),39.20412864,-86.510294
9,3,0.0,1-Car,No injury/unknown,LEFT OF CENTER,39.20380499,-86.56750824
4,6,1800.0,2-Car,No injury/unknown,FAILURE TO YIELD RIGHT OF WAY,39.203329,-86.513894
10,3,700.0,Pedestrian,Non-incapacitating,DRIVER DISTRACTED - EXPLAIN IN NARRATIVE,39.20304,-86.547392
11,2,900.0,2-Car,No injury/unknown,UNSAFE BACKING,39.20304,-86.547392
1,2,1600.0,2-Car,No injury/unknown,ROADWAY SURFACE CONDITION,39.20292683,-86.4660919
2,1,2100.0,1-Car,No injury/unknown,ALCOHOLIC BEVERAGES,39.20274699,-86.55466437
9,4,2200.0,1-Car,Non-incapacitating,ALCOHOLIC BEVERAGES,39.202335,-86.56290069
6,3,2000.0,1-Car,No injury/unknown,OVERCORRECTING/OVERSTEERING,39.201952,-86.5288
7,6,1700.0,1-Car,Non-incapacitating,SPEED TOO FAST FOR WEATHER CONDITIONS,39.201952,-86.5288
6,6,1300.0,1-Car,Non-incapacitating,RAN OFF ROAD RIGHT,39.20154035,-86.52877884
4,7,1200.0,2-Car,No injury/unknown,OTHER (DRIVER) - EXPLAIN IN NARRATIVE,39.2012273,-86.542365
6,5,1200.0,2-Car,No injury/unknown,OTHER (DRIVER) - EXPLAIN IN NARRATIVE,39.201002,-86.547299
9,7,1300.0,1-Car,No injury/unknown,ALCOHOLIC BEVERAGES,39.200352,-86.468
12,4,1400.0,2-Car,No injury/unknown,FOLLOWING TOO CLOSELY,39.200352,-86.468
6,7,1300.0,2-Car,Incapacitating,OTHER (DRIVER) - EXPLAIN IN NARRATIVE,39.19968,-86.55968
11,6,400.0,1-Car,No injury/unknown,OVERCORRECTING/OVERSTEERING,39.19968,-86.55968
6,7,1000.0,2-Car,No injury/unknown,OTHER (DRIVER) - EXPLAIN IN NARRATIVE,39.19940926,-86.634599
4,1,1600.0,2-Car,Non-incapacitating,FOLLOWING TOO CLOSELY,39.199202,-86.583099
10,4,1400.0,1-Car,No injury/unknown,SPEED TOO FAST FOR WEATHER CONDITIONS,39.198203,-86.542098
6,6,1300.0,3+ Cars,No injury/unknown,FAILURE TO YIELD RIGHT OF WAY,39.198144,-86.542096
10,7,1900.0,1-Car,No injury/unknown,ANIMAL/OBJECT IN ROADWAY,39.19811839,-86.55861759
10,4,1200.0,1-Car,No injury/unknown,OTHER (DRIVER) - EXPLAIN IN NARRATIVE,39.19800973,-86.54205894
12,1,1600.0,1-Car,No injury/unknown,DRIVER ASLEEP OR FATIGUED,39.197648,-86.558304
7,6,800.0,1-Car,No injury/unknown,NONE (DRIVER),39.19760792,-86.46788591
8,7,1000.0,2-Car,Non-incapacitating,ROADWAY SURFACE CONDITION,39.196848,-86.5344
9,5,300.0,1-Car,No injury/unknown,OTHER (DRIVER) - EXPLAIN IN NARRATIVE,39.196848,-86.5344
1,4,2000.0,2-Car,No injury/unknown,OTHER (DRIVER) - EXPLAIN IN NARRATIVE,39.19674299,-86.46784995
7,7,2000.0,Cyclist,Incapacitating,OTHER (VEHICLE) - EXPLAIN IN NARRATIVE,39.196602,-86.543898
10,7,2300.0,1-Car,No injury/unknown,ALCOHOLIC BEVERAGES,39.19634208,-86.55701227
2,6,1400.0,Bus,Non-incapacitating,FAILURE TO YIELD RIGHT OF WAY,39.196144,-86.552
10,5,1700.0,2-Car,No injury/unknown,UNSAFE BACKING,39.196112,-86.533328
2,2,800.0,2-Car,No injury/unknown,UNSAFE BACKING,39.19602208,-86.5201
11,5,1500.0,2-Car,No injury/unknown,FOLLOWING TOO CLOSELY,39.19579475,-86.53399847
10,4,1800.0,1-Car,Non-incapacitating,DRIVER ASLEEP OR FATIGUED,39.19577482,-86.55648301
8,2,2000.0,2-Car,Non-incapacitating,ALCOHOLIC BEVERAGES,39.19539384,-86.582599
11,7,200.0,1-Car,Non-incapacitating,SPEED TOO FAST FOR WEATHER CONDITIONS,39.19516124,-86.59391618
7,2,1500.0,2-Car,No injury/unknown,DRIVER DISTRACTED - EXPLAIN IN NARRATIVE,39.19515303,-86.555794
10,2,1700.0,1-Car,No injury/unknown,DRIVER ASLEEP OR FATIGUED,39.1950468,-86.55567628
8,3,1200.0,2-Car,No injury/unknown,FOLLOWING TOO CLOSELY,39.19490752,-86.55460012
6,6,1400.0,1-Car,No injury/unknown,OVERCORRECTING/OVERSTEERING,39.19434307,-86.55483631
10,5,700.0,2-Car,No injury/unknown,OTHER (DRIVER) - EXPLAIN IN NARRATIVE,39.194204,-86.5411
5,4,1300.0,2-Car,No injury/unknown,OTHER (DRIVER) - EXPLAIN IN NARRATIVE,39.19408132,-86.513899
1,4,700.0,2-Car,No injury/unknown,OTHER (DRIVER) - EXPLAIN IN NARRATIVE,39.194052,-86.551899
6,5,1300.0,2-Car,No injury/unknown,UNSAFE BACKING,39.19401735,-86.513148
4,6,1600.0,2-Car,No injury/unknown,OTHER (ENVIRONMENTAL) - EXPLAIN IN NARR,39.193952,-86.533296
11,5,900.0,2-Car,No injury/unknown,DRIVER DISTRACTED - EXPLAIN IN NARRATIVE,39.193952,-86.533296
3,1,1500.0,1-Car,No injury/unknown,ALCOHOLIC BEVERAGES,39.19394049,-86.562095
11,3,1800.0,2-Car,Non-incapacitating,LEFT OF CENTER,39.19389596,-86.54084042
3,5,1500.0,2-Car,Non-incapacitating,FOLLOWING TOO CLOSELY,39.19377697,-86.5711906
1,1,1400.0,1-Car,No injury/unknown,UNSAFE SPEED,39.19377697,-86.5711906
1,3,1500.0,2-Car,Non-incapacitating,SPEED TOO FAST FOR WEATHER CONDITIONS,39.19377697,-86.57121224
1,4,800.0,2-Car,No injury/unknown,SPEED TOO FAST FOR WEATHER CONDITIONS,39.19377697,-86.57123388
8,3,1700.0,2-Car,No injury/unknown,DISREGARD SIGNAL/REG SIGN,39.19377697,-86.57123388
8,5,1300.0,1-Car,Non-incapacitating,SPEED TOO FAST FOR WEATHER CONDITIONS,39.193248,-86.539696
8,2,1200.0,3+ Cars,Non-incapacitating,FOLLOWING TOO CLOSELY,39.19270759,-86.50216018
1,4,1500.0,2-Car,No injury/unknown,OTHER (DRIVER) - EXPLAIN IN NARRATIVE,39.192599,-86.5227
10,5,1000.0,2-Car,Non-incapacitating,SPEED TOO FAST FOR WEATHER CONDITIONS,39.19185289,-86.542098
9,7,1600.0,2-Car,No injury/unknown,OTHER (DRIVER) - EXPLAIN IN NARRATIVE,39.191768,-86.537701
7,7,1800.0,2-Car,Non-incapacitating,FOLLOWING TOO CLOSELY,39.19139779,-86.55463666
2,7,1200.0,2-Car,No injury/unknown,FAILURE TO YIELD RIGHT OF WAY,39.191248,-86.532896
10,3,700.0,2-Car,No injury/unknown,ROADWAY SURFACE CONDITION,39.1911901,-86.537699
10,5,1400.0,1-Car,No injury/unknown,DRIVER DISTRACTED - EXPLAIN IN NARRATIVE,39.19088391,-86.51177204
4,3,1600.0,2-Car,No injury/unknown,SPEED TOO FAST FOR WEATHER CONDITIONS,39.1907349,-86.5201
7,4,1200.0,2-Car,Non-incapacitating,DISREGARD SIGNAL/REG SIGN,39.190672,-86.582992
9,7,1100.0,2-Car,Non-incapacitating,FAILURE TO YIELD RIGHT OF WAY,39.190672,-86.582992
8,3,1700.0,2-Car,No injury/unknown,FAILURE TO YIELD RIGHT OF WAY,39.190672,-86.582992
8,5,1800.0,2-Car,Non-incapacitating,FAILURE TO YIELD RIGHT OF WAY,39.190672,-86.582992
8,2,1400.0,2-Car,Non-incapacitating,FOLLOWING TOO CLOSELY,39.190672,-86.582992
9,6,2200.0,2-Car,Non-incapacitating,FAILURE TO YIELD RIGHT OF WAY,39.190672,-86.582992
6,1,1900.0,2-Car,Non-incapacitating,UNSAFE SPEED,39.190672,-86.582992
6,1,300.0,1-Car,Incapacitating,ALCOHOLIC BEVERAGES,39.190672,-86.582992
2,1,900.0,2-Car,No injury/unknown,FAILURE TO YIELD RIGHT OF WAY,39.190672,-86.582992
12,2,2100.0,1-Car,No injury/unknown,UNSAFE SPEED,39.190672,-86.582992
12,2,2100.0,1-Car,No injury/unknown,RAN OFF ROAD RIGHT,39.190672,-86.582992
12,5,1700.0,2-Car,Non-incapacitating,FOLLOWING TOO CLOSELY,39.190603,-86.583099
10,3,700.0,2-Car,No injury/unknown,FOLLOWING TOO CLOSELY,39.190544,-86.537712
11,1,1600.0,1-Car,No injury/unknown,SPEED TOO FAST FOR WEATHER CONDITIONS,39.190544,-86.537712
9,1,2100.0,2-Car,No injury/unknown,LEFT OF CENTER,39.19046611,-86.58299575
1,1,1700.0,1-Car,No injury/unknown,PRESCRIPTION DRUGS,39.19026997,-86.53769008
5,5,1600.0,2-Car,Non-incapacitating,FOLLOWING TOO CLOSELY,39.1901328,-86.53767955
3,7,800.0,1-Car,No injury/unknown,LEFT OF CENTER,39.19003528,-86.53321434
7,7,1000.0,2-Car,No injury/unknown,IMPROPER TURNING,39.18929886,-86.58301701
7,7,1500.0,2-Car,No injury/unknown,OTHER (DRIVER) - EXPLAIN IN NARRATIVE,39.189248,-86.531472
4,7,400.0,1-Car,Non-incapacitating,ALCOHOLIC BEVERAGES,39.18917106,-86.65453235
9,5,2100.0,1-Car,No injury/unknown,ALCOHOLIC BEVERAGES,39.18904,-86.630096
2,5,700.0,2-Car,No injury/unknown,DRIVER DISTRACTED - EXPLAIN IN NARRATIVE,39.18852213,-86.511109
2,6,2000.0,2-Car,No injury/unknown,IMPROPER PASSING,39.188325,-86.533849
4,1,2200.0,1-Car,No injury/unknown,OTHER (DRIVER) - EXPLAIN IN NARRATIVE,39.18823099,-86.57473652
11,6,2200.0,2-Car,No injury/unknown,UNSAFE BACKING,39.1881,-86.53852535
1,4,1400.0,2-Car,Non-incapacitating,DISREGARD SIGNAL/REG SIGN,39.1878,-86.566299
8,5,800.0,2-Car,No injury/unknown,FOLLOWING TOO CLOSELY,39.1878,-86.566299
11,5,700.0,2-Car,No injury/unknown,OTHER (ENVIRONMENTAL) - EXPLAIN IN NARR,39.18777303,-86.58304479
1,5,1500.0,2-Car,No injury/unknown,OTHER (DRIVER) - EXPLAIN IN NARRATIVE,39.187344,-86.5552
1,2,1300.0,2-Car,No injury/unknown,FAILURE TO YIELD RIGHT OF WAY,39.187344,-86.5552
3,4,2200.0,2-Car,Incapacitating,ALCOHOLIC BEVERAGES,39.187344,-86.5552
2,7,1200.0,2-Car,No injury/unknown,FAILURE TO YIELD RIGHT OF WAY,39.187344,-86.5552
2,6,1700.0,2-Car,No injury/unknown,IMPROPER LANE USAGE,39.187344,-86.5552
10,4,700.0,2-Car,No injury/unknown,FOLLOWING TOO CLOSELY,39.187344,-86.5552
2,5,1400.0,1-Car,Fatal,RAN OFF ROAD RIGHT,39.187248,-86.635696
6,3,1600.0,Moped/Motorcycle,No injury/unknown,FOLLOWING TOO CLOSELY,39.186944,-86.5468
8,4,1200.0,1-Car,No injury/unknown,ANIMAL/OBJECT IN ROADWAY,39.186944,-86.5468
12,7,1800.0,2-Car,No injury/unknown,FOLLOWING TOO CLOSELY,39.186944,-86.5468
12,2,1900.0,2-Car,Non-incapacitating,UNSAFE SPEED,39.18680823,-86.55535538
10,3,1700.0,3+ Cars,Non-incapacitating,FOLLOWING TOO CLOSELY,39.18656757,-86.53841652
4,6,1700.0,2-Car,No injury/unknown,FOLLOWING TOO CLOSELY,39.18655186,-86.53806417
3,6,1400.0,2-Car,Non-incapacitating,DRIVER DISTRACTED - EXPLAIN IN NARRATIVE,39.186544,-86.551168
7,4,1300.0,2-Car,No injury/unknown,FAILURE TO YIELD RIGHT OF WAY,39.186544,-86.537888
8,3,800.0,2-Car,No injury/unknown,OTHER (DRIVER) - EXPLAIN IN NARRATIVE,39.186544,-86.537888
8,4,700.0,Bus,No injury/unknown,BRAKE FAILURE OR DEFECTIVE,39.186544,-86.537888
10,5,2000.0,2-Car,Non-incapacitating,FAILURE TO YIELD RIGHT OF WAY,39.186544,-86.537888
11,6,700.0,3+ Cars,Non-incapacitating,FOLLOWING TOO CLOSELY,39.186544,-86.537888