Month,Day,Hour,Collision Type,Injury Type,Primary Factor,Latitude,Longitude
12,5,700.0,2-Car,No injury/unknown,FAILURE TO YIELD RIGHT OF WAY,39.186544,-86.537888
10,5,1600.0,3+ Cars,No injury/unknown,ROADWAY SURFACE CONDITION,39.18654018,-86.53433938
2,1,2100.0,1-Car,No injury/unknown,SPEED TOO FAST FOR WEATHER CONDITIONS,39.1865268,-86.5504589
3,3,800.0,3+ Cars,Non-incapacitating,FOLLOWING TOO CLOSELY,39.18650157,-86.53718426
5,7,2300.0,2-Car,No injury/unknown,UNSAFE BACKING,39.186496,-86.545066
1,4,1900.0,2-Car,No injury/unknown,IMPROPER LANE USAGE,39.18648003,-86.53682704
4,5,800.0,2-Car,No injury/unknown,ALCOHOLIC BEVERAGES,39.18640669,-86.53788488
1,2,1800.0,2-Car,No injury/unknown,FAILURE TO YIELD RIGHT OF WAY,39.18639449,-86.53439067
1,4,2200.0,2-Car,No injury/unknown,FAILURE TO YIELD RIGHT OF WAY,39.186368,-86.5344
3,5,1700.0,2-Car,No injury/unknown,OTHER (DRIVER) - EXPLAIN IN NARRATIVE,39.186368,-86.5344
6,7,2300.0,2-Car,No injury/unknown,SPEED TOO FAST FOR WEATHER CONDITIONS,39.186368,-86.5344
7,4,2100.0,2-Car,No injury/unknown,FAILURE TO YIELD RIGHT OF WAY,39.186368,-86.5344
9,2,1600.0,2-Car,No injury/unknown,FOLLOWING TOO CLOSELY,39.186368,-86.5344
10,5,1600.0,2-Car,Non-incapacitating,OTHER (DRIVER) - EXPLAIN IN NARRATIVE,39.186368,-86.5344
10,5,1600.0,3+ Cars,No injury/unknown,SPEED TOO FAST FOR WEATHER CONDITIONS,39.186368,-86.5344
11,3,1700.0,2-Car,No injury/unknown,FAILURE TO YIELD RIGHT OF WAY,39.186368,-86.5344
11,4,1700.0,3+ Cars,No injury/unknown,FAILURE TO YIELD RIGHT OF WAY,39.186368,-86.5344
11,1,1600.0,2-Car,No injury/unknown,FAILURE TO YIELD RIGHT OF WAY,39.186368,-86.5344
11,7,300.0,2-Car,No injury/unknown,ALCOHOLIC BEVERAGES,39.186368,-86.5344
9,5,1500.0,2-Car,No injury/unknown,FAILURE TO YIELD RIGHT OF WAY,39.18636695,-86.53422264
2,3,800.0,2-Car,No injury/unknown,IMPROPER TURNING,39.18636486,-86.53386793
3,5,1300.0,2-Car,No injury/unknown,FOLLOWING TOO CLOSELY,39.18635873,-86.53457606
1,6,0.0,2-Car,No injury/unknown,IMPROPER TURNING,39.18635242,-86.53176694
5,1,1300.0,2-Car,No injury/unknown,LEFT OF CENTER,39.18635204,-86.52509808
5,1,1300.0,2-Car,No injury/unknown,LEFT OF CENTER,39.18635204,-86.52637847
7,6,1800.0,3+ Cars,Non-incapacitating,UNSAFE SPEED,39.18635203,-86.52672238
9,7,1300.0,2-Car,Non-incapacitating,FOLLOWING TOO CLOSELY,39.18635203,-86.52395661
11,3,1600.0,1-Car,No injury/unknown,SPEED TOO FAST FOR WEATHER CONDITIONS,39.18635202,-86.52743724
3,4,600.0,1-Car,No injury/unknown,RAN OFF ROAD RIGHT,39.18635202,-86.5276137
2,4,1300.0,2-Car,No injury/unknown,DRIVER DISTRACTED - EXPLAIN IN NARRATIVE,39.18635202,-86.52779016
12,5,2000.0,2-Car,No injury/unknown,OTHER (DRIVER) - EXPLAIN IN NARRATIVE,39.18635202,-86.52779016
4,6,1300.0,3+ Cars,No injury/unknown,FOLLOWING TOO CLOSELY,39.186352,-86.53026061
4,7,2000.0,2-Car,No injury/unknown,FOLLOWING TOO CLOSELY,39.186352,-86.53032138
4,6,1800.0,3+ Cars,No injury/unknown,OTHER (DRIVER) - EXPLAIN IN NARRATIVE,39.186352,-86.53014492
8,5,1300.0,2-Car,No injury/unknown,FOLLOWING TOO CLOSELY,39.186352,-86.53143131
3,1,1400.0,2-Car,No injury/unknown,FAILURE TO YIELD RIGHT OF WAY,39.186352,-86.592896
2,7,1400.0,2-Car,No injury/unknown,FAILURE TO YIELD RIGHT OF WAY,39.186352,-86.528496
4,7,1600.0,2-Car,Non-incapacitating,FAILURE TO YIELD RIGHT OF WAY,39.186352,-86.528496
5,3,2000.0,2-Car,No injury/unknown,DISREGARD SIGNAL/REG SIGN,39.186352,-86.534704
7,6,1100.0,2-Car,Non-incapacitating,FAILURE TO YIELD RIGHT OF WAY,39.186352,-86.528496
8,3,1300.0,2-Car,No injury/unknown,FAILURE TO YIELD RIGHT OF WAY,39.186352,-86.528496
11,6,1400.0,3+ Cars,No injury/unknown,FOLLOWING TOO CLOSELY,39.186352,-86.528496
12,6,1400.0,2-Car,No injury/unknown,FOLLOWING TOO CLOSELY,39.186352,-86.529792
12,7,1400.0,1-Car,No injury/unknown,ANIMAL/OBJECT IN ROADWAY,39.186352,-86.522192
12,7,2200.0,1-Car,No injury/unknown,ANIMAL/OBJECT IN ROADWAY,39.186352,-86.522192
12,6,1700.0,2-Car,No injury/unknown,DRIVER DISTRACTED - EXPLAIN IN NARRATIVE,39.186352,-86.531696
8,6,1200.0,3+ Cars,No injury/unknown,SPEED TOO FAST FOR WEATHER CONDITIONS,39.18632523,-86.52982244
2,5,1500.0,2-Car,Non-incapacitating,FOLLOWING TOO CLOSELY,39.1863,-86.53470433
1,1,1400.0,2-Car,No injury/unknown,FOLLOWING TOO CLOSELY,39.1863,-86.53137267
1,7,1100.0,2-Car,No injury/unknown,OTHER (DRIVER) - EXPLAIN IN NARRATIVE,39.1863,-86.53472596
3,4,2000.0,2-Car,No injury/unknown,,39.1863,-86.531594
3,4,1300.0,2-Car,No injury/unknown,FOLLOWING TOO CLOSELY,39.18624327,-86.52218379
9,6,1900.0,1-Car,No injury/unknown,OTHER (DRIVER) - EXPLAIN IN NARRATIVE,39.18624327,-86.52217946
9,4,1000.0,3+ Cars,Non-incapacitating,FAILURE TO YIELD RIGHT OF WAY,39.18624327,-86.52217946
11,3,1600.0,2-Car,Non-incapacitating,OTHER (DRIVER) - EXPLAIN IN NARRATIVE,39.18624327,-86.52217946
3,3,100.0,1-Car,No injury/unknown,ALCOHOLIC BEVERAGES,39.1862431,-86.52141414
11,1,1100.0,2-Car,No injury/unknown,FOLLOWING TOO CLOSELY,39.18612092,-86.52053653
7,6,1800.0,2-Car,No injury/unknown,UNSAFE SPEED,39.18609869,-86.5203624
11,1,1900.0,2-Car,No injury/unknown,DRIVER DISTRACTED - EXPLAIN IN NARRATIVE,39.186032,-86.51984
3,1,2000.0,2-Car,No injury/unknown,OTHER (DRIVER) - EXPLAIN IN NARRATIVE,39.18600458,-86.55558845
6,4,1100.0,3+ Cars,No injury/unknown,FOLLOWING TOO CLOSELY,39.1859,-86.537699
2,6,1900.0,2-Car,No injury/unknown,OTHER (DRIVER) - EXPLAIN IN NARRATIVE,39.18564883,-86.568165
9,6,2000.0,3+ Cars,No injury/unknown,FOLLOWING TOO CLOSELY,39.18558968,-86.5181881
8,4,1700.0,2-Car,Non-incapacitating,FOLLOWING TOO CLOSELY,39.185392,-86.537856
8,4,1300.0,2-Car,No injury/unknown,FAILURE TO YIELD RIGHT OF WAY,39.185392,-86.537856
6,4,1500.0,2-Car,No injury/unknown,UNSAFE BACKING,39.185248,-86.53868085
6,6,700.0,1-Car,No injury/unknown,RAN OFF ROAD RIGHT,39.185232,-86.54054184
3,1,1900.0,2-Car,No injury/unknown,UNSAFE BACKING,39.185205,-86.537699
1,1,100.0,1-Car,Fatal,RAN OFF ROAD RIGHT,39.185152,-86.537856
8,2,1900.0,2-Car,No injury/unknown,FAILURE TO YIELD RIGHT OF WAY,39.185152,-86.535296
4,6,200.0,3+ Cars,No injury/unknown,RAN OFF ROAD RIGHT,39.1851,-86.541276
10,3,1600.0,2-Car,No injury/unknown,OTHER (VEHICLE) - EXPLAIN IN NARRATIVE,39.1851,-86.541238
3,6,2000.0,2-Car,No injury/unknown,OTHER (VEHICLE) - EXPLAIN IN NARRATIVE,39.185095,-86.534453
10,2,1600.0,1-Car,No injury/unknown,ROADWAY SURFACE CONDITION,39.18509471,-86.53686857
1,6,2200.0,2-Car,No injury/unknown,IMPROPER TURNING,39.18452333,-86.52845267
12,6,1800.0,2-Car,No injury/unknown,OTHER (DRIVER) - EXPLAIN IN NARRATIVE,39.1845,-86.538537
8,6,1500.0,2-Car,No injury/unknown,WRONG WAY ON ONE WAY,39.18436324,-86.522299
4,1,400.0,2-Car,No injury/unknown,OTHER (DRIVER) - EXPLAIN IN NARRATIVE,39.1841412,-86.5344552
8,5,2300.0,2-Car,No injury/unknown,ALCOHOLIC BEVERAGES,39.18385639,-86.51884772
12,3,100.0,1-Car,No injury/unknown,NONE (DRIVER),39.1837032,-86.47042612
10,3,1400.0,2-Car,No injury/unknown,FOLLOWING TOO CLOSELY,39.1836579,-86.53429149
5,1,1400.0,1-Car,No injury/unknown,RAN OFF ROAD RIGHT,39.18364875,-86.550396
10,2,1700.0,2-Car,No injury/unknown,UNSAFE BACKING,39.183603,-86.529798
2,2,1100.0,2-Car,Non-incapacitating,UNSAFE BACKING,39.18358772,-86.53426844
9,6,2100.0,2-Car,No injury/unknown,FAILURE TO YIELD RIGHT OF WAY,39.18354795,-86.53783054
3,6,2300.0,2-Car,No injury/unknown,FAILURE TO YIELD RIGHT OF WAY,39.18335931,-86.53442254
7,7,1000.0,2-Car,No injury/unknown,FAILURE TO YIELD RIGHT OF WAY,39.18335931,-86.53442254
5,3,2000.0,2-Car,No injury/unknown,,39.18321044,-86.52842156
1,3,,2-Car,No injury/unknown,,39.1832,-86.53057
11,4,1100.0,2-Car,No injury/unknown,UNSAFE BACKING,39.18300299,-86.53407644
1,4,2300.0,2-Car,No injury/unknown,OTHER (DRIVER) - EXPLAIN IN NARRATIVE,39.182976,-86.528416
3,5,2300.0,2-Car,No injury/unknown,FAILURE TO YIELD RIGHT OF WAY,39.182976,-86.528416
4,1,1600.0,2-Car,No injury/unknown,OTHER (DRIVER) - EXPLAIN IN NARRATIVE,39.182976,-86.528416
8,3,1400.0,2-Car,No injury/unknown,UNSAFE BACKING,39.182976,-86.528416
1,3,2100.0,3+ Cars,No injury/unknown,SPEED TOO FAST FOR WEATHER CONDITIONS,39.18293481,-86.52912336
1,3,2200.0,2-Car,No injury/unknown,FAILURE TO YIELD RIGHT OF WAY,39.18291965,-86.52947214
11,1,1600.0,2-Car,Non-incapacitating,ROADWAY SURFACE CONDITION,39.18286149,-86.53781256
9,6,1600.0,2-Car,No injury/unknown,FAILURE TO YIELD RIGHT OF WAY,39.18242962,-86.51914028
6,2,1800.0,2-Car,No injury/unknown,UNSAFE BACKING,39.18217633,-86.510558
5,3,800.0,2-Car,No injury/unknown,OTHER (DRIVER) - EXPLAIN IN NARRATIVE,39.182176,-86.548112
11,5,1100.0,1-Car,No injury/unknown,OTHER (ENVIRONMENTAL) - EXPLAIN IN NARR,39.18217024,-86.51912929
10,6,2200.0,2-Car,No injury/unknown,IMPROPER TURNING,39.18192,-86.543984
2,2,1300.0,2-Car,No injury/unknown,FAILURE TO YIELD RIGHT OF WAY,39.18184,-86.5284
1,4,1600.0,2-Car,No injury/unknown,UNSAFE SPEED,39.18182902,-86.5284
7,2,2300.0,1-Car,No injury/unknown,RAN OFF ROAD RIGHT,39.1818,-86.52879204
4,7,1800.0,2-Car,No injury/unknown,FAILURE TO YIELD RIGHT OF WAY,39.18162924,-86.53471004
10,2,1100.0,2-Car,No injury/unknown,NONE (DRIVER),39.18162924,-86.53471004
10,4,1200.0,2-Car,No injury/unknown,FAILURE TO YIELD RIGHT OF WAY,39.18162924,-86.53471004
7,1,1400.0,Cyclist,Non-incapacitating,OTHER (VEHICLE) - EXPLAIN IN NARRATIVE,39.181552,-86.5336
7,3,300.0,1-Car,No injury/unknown,UNSAFE SPEED,39.181552,-86.5336
8,3,1300.0,2-Car,No injury/unknown,UNSAFE BACKING,39.181552,-86.5336
4,1,1000.0,2-Car,No injury/unknown,OTHER (DRIVER) - EXPLAIN IN NARRATIVE,39.18128,-86.531792
7,3,2000.0,Moped/Motorcycle,Incapacitating,DRIVER DISTRACTED - EXPLAIN IN NARRATIVE,39.18112,-86.530816
12,2,300.0,2-Car,No injury/unknown,ALCOHOLIC BEVERAGES,39.18107866,-86.53184793
1,6,1800.0,2-Car,No injury/unknown,DRIVER DISTRACTED - EXPLAIN IN NARRATIVE,39.18104,-86.5284
8,5,1200.0,2-Car,No injury/unknown,FAILURE TO YIELD RIGHT OF WAY,39.18104,-86.5284
9,5,1500.0,2-Car,No injury/unknown,DRIVER DISTRACTED - EXPLAIN IN NARRATIVE,39.18104,-86.5284
9,4,1500.0,2-Car,Non-incapacitating,FAILURE TO YIELD RIGHT OF WAY,39.18104,-86.5284
10,5,1400.0,2-Car,Non-incapacitating,FAILURE TO YIELD RIGHT OF WAY,39.18104,-86.5284
10,6,1200.0,2-Car,No injury/unknown,FAILURE TO YIELD RIGHT OF WAY,39.18104,-86.5284
12,3,900.0,Bus,Non-incapacitating,FAILURE TO YIELD RIGHT OF WAY,39.18104,-86.5284
3,6,2100.0,1-Car,No injury/unknown,UNSAFE BACKING,39.1808,-86.544099
6,7,2000.0,2-Car,No injury/unknown,OTHER (DRIVER) - EXPLAIN IN NARRATIVE,39.18056,-86.543968
1,3,2300.0,1-Car,No injury/unknown,SPEED TOO FAST FOR WEATHER CONDITIONS,39.180448,-86.530832
11,2,1800.0,2-Car,No injury/unknown,OTHER (DRIVER) - EXPLAIN IN NARRATIVE,39.18039053,-86.53083265
3,6,2100.0,1-Car,No injury/unknown,IMPROPER TURNING,39.180352,-86.5284
9,1,200.0,1-Car,Non-incapacitating,ALCOHOLIC BEVERAGES,39.180352,-86.5284
9,2,900.0,2-Car,No injury/unknown,GLARE,39.180352,-86.529792
1,1,1200.0,Moped/Motorcycle,Non-incapacitating,RAN OFF ROAD RIGHT,39.18034389,-86.56521512
2,1,1300.0,2-Car,No injury/unknown,IMPROPER TURNING,39.17984,-86.507088
6,6,1700.0,2-Car,No injury/unknown,FOLLOWING TOO CLOSELY,39.17984,-86.507088
2,2,900.0,2-Car,Non-incapacitating,FAILURE TO YIELD RIGHT OF WAY,39.17984,-86.507088
2,4,1900.0,2-Car,Non-incapacitating,FAILURE TO YIELD RIGHT OF WAY,39.17984,-86.507088
5,2,1400.0,1-Car,No injury/unknown,OVERCORRECTING/OVERSTEERING,39.17984,-86.507088
8,7,2300.0,1-Car,Non-incapacitating,ANIMAL/OBJECT IN ROADWAY,39.17984,-86.507088
10,6,2100.0,2-Car,No injury/unknown,FOLLOWING TOO CLOSELY,39.17984,-86.507088
10,6,1300.0,2-Car,No injury/unknown,FOLLOWING TOO CLOSELY,39.17984,-86.507088
10,6,1700.0,2-Car,No injury/unknown,SPEED TOO FAST FOR WEATHER CONDITIONS,39.17984,-86.507088
11,3,1700.0,2-Car,No injury/unknown,FOLLOWING TOO CLOSELY,39.17984,-86.507088
11,6,2100.0,3+ Cars,No injury/unknown,FOLLOWING TOO CLOSELY,39.17984,-86.507088
11,5,1800.0,1-Car,No injury/unknown,IMPROPER TURNING,39.17984,-86.507088
11,3,1900.0,1-Car,No injury/unknown,ANIMAL/OBJECT IN ROADWAY,39.17984,-86.507088
11,5,700.0,1-Car,No injury/unknown,RAN OFF ROAD RIGHT,39.17984,-86.507088
12,3,2300.0,2-Car,No injury/unknown,FOLLOWING TOO CLOSELY,39.17984,-86.507088
12,2,2000.0,1-Car,Non-incapacitating,UNSAFE SPEED,39.17984,-86.507088
12,6,1700.0,2-Car,No injury/unknown,OTHER (DRIVER) - EXPLAIN IN NARRATIVE,39.17984,-86.507088
12,5,300.0,3+ Cars,No injury/unknown,ALCOHOLIC BEVERAGES,39.17979991,-86.53601988
3,1,100.0,3+ Cars,No injury/unknown,OVERCORRECTING/OVERSTEERING,39.17975117,-86.49529366
5,7,1000.0,2-Car,No injury/unknown,IMPROPER TURNING,39.17975117,-86.49529366
8,6,2300.0,2-Car,No injury/unknown,UNSAFE BACKING,39.17967426,-86.511088
3,3,1000.0,2-Car,No injury/unknown,IMPROPER TURNING,39.17966672,-86.5284
2,3,900.0,3+ Cars,No injury/unknown,OTHER (DRIVER) - EXPLAIN IN NARRATIVE,39.1794156,-86.53602554
5,6,100.0,1-Car,Non-incapacitating,OTHER (DRIVER) - EXPLAIN IN NARRATIVE,39.1793458,-86.54728221
7,3,1500.0,1-Car,No injury/unknown,CELL PHONE USAGE,39.17924801,-86.55063286
11,4,1200.0,2-Car,Non-incapacitating,UNSAFE BACKING,39.179248,-86.573912
10,1,1100.0,2-Car,No injury/unknown,OTHER (DRIVER) - EXPLAIN IN NARRATIVE,39.179248,-86.5832
12,7,1300.0,2-Car,Non-incapacitating,DISREGARD SIGNAL/REG SIGN,39.179248,-86.5832
2,3,800.0,1-Car,Non-incapacitating,FAILURE TO YIELD RIGHT OF WAY,39.179248,-86.547104
2,7,1500.0,1-Car,No injury/unknown,RAN OFF ROAD RIGHT,39.179248,-86.547104
3,6,1100.0,3+ Cars,Non-incapacitating,FAILURE TO YIELD RIGHT OF WAY,39.179248,-86.547104
3,2,700.0,2-Car,No injury/unknown,FAILURE TO YIELD RIGHT OF WAY,39.179248,-86.547104
5,5,1600.0,1-Car,No injury/unknown,SPEED TOO FAST FOR WEATHER CONDITIONS,39.179248,-86.547104
6,5,1700.0,2-Car,No injury/unknown,OTHER (DRIVER) - EXPLAIN IN NARRATIVE,39.179248,-86.547104
6,2,1000.0,2-Car,Non-incapacitating,IMPROPER PASSING,39.179248,-86.547104
9,7,2000.0,2-Car,No injury/unknown,OTHER (VEHICLE) - EXPLAIN IN NARRATIVE,39.179248,-86.54678008
9,4,0.0,1-Car,Non-incapacitating,STEERING FAILURE,39.179248,-86.547104
9,4,1700.0,2-Car,No injury/unknown,FAILURE TO YIELD RIGHT OF WAY,39.179248,-86.547104
10,5,1300.0,2-Car,Non-incapacitating,SPEED TOO FAST FOR WEATHER CONDITIONS,39.179248,-86.552592
11,3,1100.0,2-Car,Non-incapacitating,FAILURE TO YIELD RIGHT OF WAY,39.179248,-86.552592
11,4,1100.0,3+ Cars,No injury/unknown,FOLLOWING TOO CLOSELY,39.179248,-86.547104
12,4,1900.0,2-Car,No injury/unknown,FOLLOWING TOO CLOSELY,39.179248,-86.547104
12,1,200.0,2-Car,No injury/unknown,UNSAFE BACKING,39.179248,-86.54678008
12,6,2000.0,2-Car,Non-incapacitating,IMPROPER TURNING,39.179248,-86.5832
9,5,1700.0,2-Car,No injury/unknown,FOLLOWING TOO CLOSELY,39.1792375,-86.50660211
8,6,1800.0,2-Car,No injury/unknown,FOLLOWING TOO CLOSELY,39.1792,-86.50839814
10,2,1800.0,2-Car,No injury/unknown,LEFT OF CENTER,39.1792,-86.50839078
12,4,300.0,1-Car,No injury/unknown,TIRE FAILURE OR DEFECTIVE,39.1791828,-86.54577702
7,1,1500.0,2-Car,No injury/unknown,DRIVER DISTRACTED - EXPLAIN IN NARRATIVE,39.179152,-86.508592
4,4,1700.0,2-Car,No injury/unknown,DRIVER DISTRACTED - EXPLAIN IN NARRATIVE,39.17914131,-86.50652454
5,3,1500.0,2-Car,Non-incapacitating,FAILURE TO YIELD RIGHT OF WAY,39.1791,-86.55
5,4,1600.0,1-Car,Non-incapacitating,SPEED TOO FAST FOR WEATHER CONDITIONS,39.1791,-86.554499
7,2,800.0,2-Car,No injury/unknown,FAILURE TO YIELD RIGHT OF WAY,39.1791,-86.55
1,1,1200.0,2-Car,No injury/unknown,DISREGARD SIGNAL/REG SIGN,39.179049,-86.518999
1,6,1400.0,2-Car,No injury/unknown,OTHER (DRIVER) - EXPLAIN IN NARRATIVE,39.17904,-86.53120269
7,6,1700.0,2-Car,No injury/unknown,FOLLOWING TOO CLOSELY,39.17904,-86.5284
3,5,1400.0,2-Car,No injury/unknown,,39.17904,-86.5284
5,7,1200.0,2-Car,Non-incapacitating,FAILURE TO YIELD RIGHT OF WAY,39.17904,-86.530848
1,2,2100.0,2-Car,No injury/unknown,UNSAFE BACKING,39.17904,-86.5284
2,4,1600.0,3+ Cars,No injury/unknown,FOLLOWING TOO CLOSELY,39.17904,-86.5284
1,7,1000.0,2-Car,No injury/unknown,FAILURE TO YIELD RIGHT OF WAY,39.17904,-86.530848
3,4,2000.0,2-Car,No injury/unknown,DRIVER DISTRACTED - EXPLAIN IN NARRATIVE,39.17904,-86.530848
6,1,2200.0,2-Car,No injury/unknown,OTHER (DRIVER) - EXPLAIN IN NARRATIVE,39.17904,-86.530848
8,5,1600.0,3+ Cars,No injury/unknown,FAILURE TO YIELD RIGHT OF WAY,39.17904,-86.530848
9,3,800.0,2-Car,No injury/unknown,IMPROPER TURNING,39.17904,-86.5284
10,2,1700.0,3+ Cars,No injury/unknown,SPEED TOO FAST FOR WEATHER CONDITIONS,39.17904,-86.5284
10,6,1300.0,2-Car,No injury/unknown,UNSAFE SPEED,39.17904,-86.5284
10,3,1200.0,2-Car,No injury/unknown,UNSAFE SPEED,39.17904,-86.52875289
11,3,1500.0,2-Car,No injury/unknown,FAILURE TO YIELD RIGHT OF WAY,39.17904,-86.532096
11,1,1600.0,2-Car,No injury/unknown,OTHER (DRIVER) - EXPLAIN IN NARRATIVE,39.17904,-86.5284
11,2,2000.0,Cyclist,Non-incapacitating,PEDESTRIAN ACTION,39.17904,-86.5284
12,7,900.0,2-Car,No injury/unknown,OTHER (ENVIRONMENTAL) - EXPLAIN IN NARR,39.17904,-86.530848
12,1,1500.0,2-Car,No injury/unknown,STEERING FAILURE,39.17904,-86.5284
12,4,1000.0,2-Car,No injury/unknown,FAILURE TO YIELD RIGHT OF WAY,39.17904,-86.5284
1,7,900.0,2-Car,No injury/unknown,DISREGARD SIGNAL/REG SIGN,39.179024,-86.539616
3,3,1600.0,2-Car,No injury/unknown,FOLLOWING TOO CLOSELY,39.179024,-86.539616
4,4,1700.0,2-Car,No injury/unknown,OTHER (DRIVER) - EXPLAIN IN NARRATIVE,39.179024,-86.5272
9,3,1200.0,2-Car,No injury/unknown,FOLLOWING TOO CLOSELY,39.179024,-86.5272
9,3,1800.0,2-Car,No injury/unknown,FOLLOWING TOO CLOSELY,39.179024,-86.5272
9,7,1300.0,2-Car,No injury/unknown,FOLLOWING TOO CLOSELY,39.179024,-86.5272
10,3,800.0,2-Car,No injury/unknown,FAILURE TO YIELD RIGHT OF WAY,39.179024,-86.539616
11,3,1700.0,2-Car,No injury/unknown,FOLLOWING TOO CLOSELY,39.179024,-86.5272
4,3,1600.0,2-Car,No injury/unknown,FOLLOWING TOO CLOSELY,39.17902357,-86.52716454
11,4,1400.0,1-Car,No injury/unknown,OTHER (DRIVER) - EXPLAIN IN NARRATIVE,39.17901461,-86.53064485
3,2,1600.0,2-Car,No injury/unknown,OTHER (DRIVER) - EXPLAIN IN NARRATIVE,39.179008,-86.525888
6,6,1300.0,1-Car,No injury/unknown,OVERCORRECTING/OVERSTEERING,39.179008,-86.525888
9,6,1500.0,2-Car,No injury/unknown,UNSAFE BACKING,39.179008,-86.525888
10,3,1600.0,Bus,No injury/unknown,OTHER (DRIVER) - EXPLAIN IN NARRATIVE,39.179008,-86.525888
11,5,1500.0,2-Car,No injury/unknown,DRIVER DISTRACTED - EXPLAIN IN NARRATIVE,39.179008,-86.525888
11,5,1900.0,2-Car,No injury/unknown,OTHER (DRIVER) - EXPLAIN IN NARRATIVE,39.179008,-86.525888
11,7,1300.0,2-Car,No injury/unknown,UNSAFE BACKING,39.179008,-86.525888
11,4,1800.0,3+ Cars,No injury/unknown,SPEED TOO FAST FOR WEATHER CONDITIONS,39.179008,-86.525888
11,5,1800.0,2-Car,No injury/unknown,OTHER (DRIVER) - EXPLAIN IN NARRATIVE,39.179008,-86.525888
11,5,1800.0,2-Car,No injury/unknown,SPEED TOO FAST FOR WEATHER CONDITIONS,39.179008,-86.525888
12,6,1200.0,2-Car,No injury/unknown,OTHER (DRIVER) - EXPLAIN IN NARRATIVE,39.179008,-86.525888
3,5,1900.0,2-Car,No injury/unknown,BRAKE FAILURE OR DEFECTIVE,39.179003,-86.537699
3,6,900.0,2-Car,No injury/unknown,UNSAFE BACKING,39.179,-86.52251961
6,1,2100.0,2-Car,No injury/unknown,,39.179,-86.529445
7,5,600.0,2-Car,No injury/unknown,OTHER (VEHICLE) - EXPLAIN IN NARRATIVE,39.179,-86.533499
9,3,800.0,2-Car,No injury/unknown,OTHER (VEHICLE) - EXPLAIN IN NARRATIVE,39.179,-86.53771531
10,4,1400.0,2-Car,No injury/unknown,UNSAFE BACKING,39.179,-86.528178
9,7,1500.0,2-Car,No injury/unknown,ROADWAY SURFACE CONDITION,39.17899616,-86.52412364
1,1,1700.0,2-Car,No injury/unknown,FAILURE TO YIELD RIGHT OF WAY,39.178992,-86.532744
1,5,1100.0,2-Car,No injury/unknown,OTHER (DRIVER) - EXPLAIN IN NARRATIVE,39.178992,-86.537792
2,3,1000.0,2-Car,No injury/unknown,FAILURE TO YIELD RIGHT OF WAY,39.178992,-86.537792
3,3,700.0,2-Car,No injury/unknown,FAILURE TO YIELD RIGHT OF WAY,39.178992,-86.537792
3,4,1000.0,2-Car,No injury/unknown,OTHER (VEHICLE) - EXPLAIN IN NARRATIVE,39.178992,-86.537792
4,3,900.0,2-Car,No injury/unknown,DRIVER DISTRACTED - EXPLAIN IN NARRATIVE,39.178992,-86.537792
5,3,1100.0,2-Car,No injury/unknown,FAILURE TO YIELD RIGHT OF WAY,39.178992,-86.537792
7,6,1300.0,2-Car,No injury/unknown,DISREGARD SIGNAL/REG SIGN,39.178992,-86.537792
8,1,1700.0,2-Car,No injury/unknown,ALCOHOLIC BEVERAGES,39.178992,-86.537792
8,4,1200.0,3+ Cars,No injury/unknown,FOLLOWING TOO CLOSELY,39.178992,-86.523504
10,3,900.0,2-Car,No injury/unknown,FOLLOWING TOO CLOSELY,39.178992,-86.523504
10,6,1500.0,3+ Cars,No injury/unknown,SPEED TOO FAST FOR WEATHER CONDITIONS,39.178992,-86.523504
10,6,1700.0,2-Car,No injury/unknown,SPEED TOO FAST FOR WEATHER CONDITIONS,39.178992,-86.523504
12,4,1300.0,2-Car,No injury/unknown,FOLLOWING TOO CLOSELY,39.178992,-86.537792
12,1,1600.0,2-Car,No injury/unknown,LEFT OF CENTER,39.17898533,-86.511088
3,6,1700.0,2-Car,No injury/unknown,FOLLOWING TOO CLOSELY,39.178976,-86.536032
5,7,700.0,1-Car,No injury/unknown,RAN OFF ROAD RIGHT,39.178976,-86.536032
8,7,1600.0,2-Car,No injury/unknown,ALCOHOLIC BEVERAGES,39.178976,-86.536032
10,2,1700.0,2-Car,No injury/unknown,FOLLOWING TOO CLOSELY,39.178976,-86.5224
4,5,1300.0,2-Car,No injury/unknown,OTHER (DRIVER) - EXPLAIN IN NARRATIVE,39.17896886,-86.52181458
5,6,1800.0,2-Car,No injury/unknown,FAILURE TO YIELD RIGHT OF WAY,39.17896,-86.521088
4,6,1200.0,2-Car,No injury/unknown,DRIVER DISTRACTED - EXPLAIN IN NARRATIVE,39.17896,-86.521088
10,2,1200.0,2-Car,No injury/unknown,UNSAFE BACKING,39.17896,-86.53472
1,5,2100.0,2-Car,No injury/unknown,UNSAFE BACKING,39.17896,-86.53472
4,1,1900.0,2-Car,No injury/unknown,DISREGARD SIGNAL/REG SIGN,39.17896,-86.53472
5,5,1400.0,2-Car,No injury/unknown,OTHER (DRIVER) - EXPLAIN IN NARRATIVE,39.17896,-86.53472
7,6,2300.0,2-Car,No injury/unknown,WRONG WAY ON ONE WAY,39.17896,-86.53472
9,7,1900.0,2-Car,No injury/unknown,UNSAFE SPEED,39.17896,-86.521088
10,3,1900.0,Moped/Motorcycle,No injury/unknown,FAILURE TO YIELD RIGHT OF WAY,39.17896,-86.53472