Month,Day,Hour,Collision Type,Injury Type,Primary Factor,Latitude,Longitude
11,5,1800.0,2-Car,No injury/unknown,FAILURE TO YIELD RIGHT OF WAY,39.17896,-86.53472
10,5,1400.0,1-Car,No injury/unknown,SPEED TOO FAST FOR WEATHER CONDITIONS,39.17896,-86.521088
10,6,1700.0,2-Car,No injury/unknown,SPEED TOO FAST FOR WEATHER CONDITIONS,39.17896,-86.521088
12,3,1400.0,1-Car,No injury/unknown,UNSAFE BACKING,39.17896,-86.521088
2,3,1900.0,2-Car,Non-incapacitating,UNSAFE BACKING,39.17895786,-86.53454268
9,2,1400.0,2-Car,Non-incapacitating,FOLLOWING TOO CLOSELY,39.17895785,-86.52094687
10,5,1700.0,2-Car,Non-incapacitating,FAILURE TO YIELD RIGHT OF WAY,39.17895785,-86.52094687
10,1,1800.0,2-Car,Non-incapacitating,FAILURE TO YIELD RIGHT OF WAY,39.17895701,-86.53321635
6,3,1500.0,1-Car,No injury/unknown,UNSAFE BACKING,39.17895065,-86.52955121
9,4,1800.0,2-Car,No injury/unknown,FAILURE TO YIELD RIGHT OF WAY,39.17894926,-86.52038464
3,5,1600.0,2-Car,No injury/unknown,DISREGARD SIGNAL/REG SIGN,39.178944,-86.533392
5,2,1600.0,2-Car,No injury/unknown,FOLLOWING TOO CLOSELY,39.178944,-86.5296
5,4,1700.0,2-Car,No injury/unknown,DISREGARD SIGNAL/REG SIGN,39.178944,-86.533392
8,3,1400.0,Bus,No injury/unknown,IMPROPER TURNING,39.178944,-86.533392
9,2,2000.0,2-Car,No injury/unknown,DISREGARD SIGNAL/REG SIGN,39.178944,-86.533392
10,2,1400.0,3+ Cars,No injury/unknown,ROADWAY SURFACE CONDITION,39.178944,-86.5296
2,1,1900.0,2-Car,No injury/unknown,SPEED TOO FAST FOR WEATHER CONDITIONS,39.17893883,-86.51970124
4,6,400.0,1-Car,Non-incapacitating,PEDESTRIAN ACTION,39.17893206,-86.51925796
1,4,1300.0,1-Car,Non-incapacitating,OTHER (DRIVER) - EXPLAIN IN NARRATIVE,39.178928,-86.518992
9,4,1800.0,2-Car,No injury/unknown,SPEED TOO FAST FOR WEATHER CONDITIONS,39.178928,-86.518992
10,6,1600.0,2-Car,No injury/unknown,FAILURE TO YIELD RIGHT OF WAY,39.178928,-86.518992
10,5,1400.0,2-Car,No injury/unknown,SPEED TOO FAST FOR WEATHER CONDITIONS,39.178928,-86.518992
10,5,1700.0,2-Car,No injury/unknown,FOLLOWING TOO CLOSELY,39.178928,-86.518992
11,1,0.0,2-Car,No injury/unknown,FAILURE TO YIELD RIGHT OF WAY,39.178928,-86.518992
2,3,900.0,1-Car,No injury/unknown,SPEED TOO FAST FOR WEATHER CONDITIONS,39.17891065,-86.51758064
11,7,2000.0,1-Car,No injury/unknown,ANIMAL/OBJECT IN ROADWAY,39.178848,-86.51170555
3,6,1500.0,2-Car,No injury/unknown,OTHER (DRIVER) - EXPLAIN IN NARRATIVE,39.178848,-86.511088
8,5,800.0,2-Car,No injury/unknown,UNSAFE BACKING,39.178848,-86.511088
8,5,100.0,2-Car,No injury/unknown,FAILURE TO YIELD RIGHT OF WAY,39.178848,-86.511088
10,4,1800.0,2-Car,No injury/unknown,VIEW OBSTRUCTED,39.178848,-86.511088
11,3,1100.0,2-Car,No injury/unknown,FAILURE TO YIELD RIGHT OF WAY,39.178848,-86.511088
10,3,1000.0,2-Car,No injury/unknown,ROADWAY SURFACE CONDITION,39.17882725,-86.53778701
2,4,2100.0,2-Car,No injury/unknown,IMPROPER TURNING,39.17851618,-86.51898895
12,3,1700.0,2-Car,No injury/unknown,FOLLOWING TOO CLOSELY,39.17851161,-86.47538683
10,7,1500.0,2-Car,No injury/unknown,FAILURE TO YIELD RIGHT OF WAY,39.17844269,-86.523504
8,6,1200.0,2-Car,No injury/unknown,OTHER (DRIVER) - EXPLAIN IN NARRATIVE,39.178028,-86.518805
11,6,1100.0,2-Car,No injury/unknown,IMPROPER TURNING,39.17789576,-86.53340719
11,7,2200.0,Pedestrian,Non-incapacitating,OTHER (DRIVER) - EXPLAIN IN NARRATIVE,39.17785115,-86.53340784
11,4,2200.0,2-Car,No injury/unknown,SPEED TOO FAST FOR WEATHER CONDITIONS,39.17785115,-86.53340784
1,5,1100.0,2-Car,No injury/unknown,OTHER (DRIVER) - EXPLAIN IN NARRATIVE,39.17784,-86.533408
7,7,200.0,Cyclist,Non-incapacitating,PEDESTRIAN ACTION,39.17784,-86.533408
10,1,100.0,2-Car,No injury/unknown,UNSAFE BACKING,39.177808,-86.532176
8,4,1900.0,2-Car,No injury/unknown,FAILURE TO YIELD RIGHT OF WAY,39.177792,-86.530864
10,7,1400.0,2-Car,No injury/unknown,FAILURE TO YIELD RIGHT OF WAY,39.177792,-86.530864
4,7,2000.0,2-Car,No injury/unknown,OTHER (DRIVER) - EXPLAIN IN NARRATIVE,39.177776,-86.5296
10,6,1600.0,2-Car,Non-incapacitating,IMPROPER LANE USAGE,39.17775822,-86.56096186
6,7,1400.0,2-Car,No injury/unknown,OTHER (DRIVER) - EXPLAIN IN NARRATIVE,39.177744,-86.53723068
9,3,1000.0,2-Car,No injury/unknown,FAILURE TO YIELD RIGHT OF WAY,39.177744,-86.53776
3,3,1200.0,2-Car,No injury/unknown,UNSAFE BACKING,39.17774191,-86.56218489
11,5,1400.0,3+ Cars,Non-incapacitating,DISREGARD SIGNAL/REG SIGN,39.177704,-86.583099
7,2,900.0,1-Car,No injury/unknown,UNSAFE BACKING,39.1777,-86.539699
5,3,1600.0,2-Car,No injury/unknown,FAILURE TO YIELD RIGHT OF WAY,39.177648,-86.562
10,3,1100.0,2-Car,No injury/unknown,,39.1774266,-86.52715904
4,6,700.0,2-Car,No injury/unknown,DRIVER DISTRACTED - EXPLAIN IN NARRATIVE,39.17737768,-86.5609886
6,5,1300.0,2-Car,No injury/unknown,DRIVER DISTRACTED - EXPLAIN IN NARRATIVE,39.17737768,-86.5609886
9,2,900.0,3+ Cars,No injury/unknown,DISREGARD SIGNAL/REG SIGN,39.17737768,-86.5609886
10,6,1200.0,1-Car,Non-incapacitating,DRIVER ASLEEP OR FATIGUED,39.17737768,-86.5609886
1,7,1600.0,2-Car,No injury/unknown,UNSAFE BACKING,39.17729391,-86.5189799
11,1,1400.0,2-Car,No injury/unknown,IMPROPER TURNING,39.177248,-86.512496
11,4,100.0,2-Car,No injury/unknown,OTHER (DRIVER) - EXPLAIN IN NARRATIVE,39.177248,-86.512496
6,6,1700.0,2-Car,No injury/unknown,OTHER (DRIVER) - EXPLAIN IN NARRATIVE,39.17720031,-86.56162267
10,3,900.0,2-Car,No injury/unknown,OTHER (DRIVER) - EXPLAIN IN NARRATIVE,39.17714982,-86.56168247
11,3,1700.0,2-Car,Non-incapacitating,FAILURE TO YIELD RIGHT OF WAY,39.17709456,-86.51261325
1,6,1400.0,3+ Cars,Non-incapacitating,FOLLOWING TOO CLOSELY,39.17704993,-86.56180078
11,7,300.0,1-Car,No injury/unknown,RAN OFF ROAD RIGHT,39.17704,-86.5588
8,1,1800.0,2-Car,No injury/unknown,FOLLOWING TOO CLOSELY,39.17702805,-86.47792553
3,7,1900.0,1-Car,No injury/unknown,UNSAFE BACKING,39.17698971,-86.53342171
8,3,1500.0,1-Car,No injury/unknown,RAN OFF ROAD RIGHT,39.17695417,-86.56265139
4,1,1200.0,2-Car,No injury/unknown,IMPROPER TURNING,39.1769498,-86.53473546
8,5,1400.0,3+ Cars,Non-incapacitating,FOLLOWING TOO CLOSELY,39.17694788,-86.56192165
12,1,1500.0,2-Car,Non-incapacitating,OTHER (DRIVER) - EXPLAIN IN NARRATIVE,39.17694788,-86.56192165
1,6,2300.0,1-Car,No injury/unknown,OTHER (DRIVER) - EXPLAIN IN NARRATIVE,39.17693061,-86.52938318
3,5,1900.0,2-Car,No injury/unknown,UNSAFE BACKING,39.176928,-86.5296
3,6,1100.0,2-Car,No injury/unknown,FAILURE TO YIELD RIGHT OF WAY,39.176928,-86.5296
1,3,2100.0,2-Car,No injury/unknown,SPEED TOO FAST FOR WEATHER CONDITIONS,39.1769,-86.53230333
9,2,1300.0,2-Car,Non-incapacitating,DISREGARD SIGNAL/REG SIGN,39.176896,-86.53088
1,7,300.0,2-Car,No injury/unknown,FAILURE TO YIELD RIGHT OF WAY,39.17688,-86.534736
3,7,1800.0,Pedestrian,Non-incapacitating,FAILURE TO YIELD RIGHT OF WAY,39.17688,-86.534736
3,2,800.0,2-Car,No injury/unknown,DISREGARD SIGNAL/REG SIGN,39.17688,-86.534736
4,3,800.0,2-Car,Non-incapacitating,OTHER (DRIVER) - EXPLAIN IN NARRATIVE,39.17688,-86.534736
7,1,200.0,Cyclist,Non-incapacitating,WRONG WAY ON ONE WAY,39.17688,-86.534736
12,4,1600.0,2-Car,No injury/unknown,FOLLOWING TOO CLOSELY,39.17688,-86.534736
12,2,1200.0,2-Car,Non-incapacitating,IMPROPER TURNING,39.17688,-86.534736
5,5,1800.0,2-Car,No injury/unknown,FOLLOWING TOO CLOSELY,39.176848,-86.478192
7,4,1100.0,2-Car,No injury/unknown,,39.176848,-86.478192
3,4,1400.0,3+ Cars,Non-incapacitating,OTHER (DRIVER) - EXPLAIN IN NARRATIVE,39.176848,-86.478192
5,6,1300.0,2-Car,Non-incapacitating,SPEED TOO FAST FOR WEATHER CONDITIONS,39.176848,-86.478192
2,3,1600.0,2-Car,No injury/unknown,PASSENGER DISTRACTION,39.176848,-86.478192
2,7,1000.0,2-Car,No injury/unknown,DISREGARD SIGNAL/REG SIGN,39.176848,-86.478192
3,2,1200.0,2-Car,No injury/unknown,FOLLOWING TOO CLOSELY,39.176848,-86.478192
4,7,1200.0,2-Car,No injury/unknown,IMPROPER TURNING,39.176848,-86.533424
8,6,1500.0,2-Car,No injury/unknown,FAILURE TO YIELD RIGHT OF WAY,39.176848,-86.478192
9,2,2100.0,2-Car,No injury/unknown,FAILURE TO YIELD RIGHT OF WAY,39.176848,-86.478192
10,6,2000.0,2-Car,No injury/unknown,FOLLOWING TOO CLOSELY,39.176848,-86.478192
10,6,1500.0,2-Car,No injury/unknown,IMPROPER LANE USAGE,39.176848,-86.478192
11,7,2300.0,2-Car,No injury/unknown,FAILURE TO YIELD RIGHT OF WAY,39.176848,-86.478192
11,7,1500.0,2-Car,Non-incapacitating,FAILURE TO YIELD RIGHT OF WAY,39.176848,-86.478192
11,4,1800.0,2-Car,No injury/unknown,DISREGARD SIGNAL/REG SIGN,39.176848,-86.478192
12,2,1600.0,2-Car,No injury/unknown,IMPROPER TURNING,39.176848,-86.478192
12,6,1800.0,2-Car,No injury/unknown,FOLLOWING TOO CLOSELY,39.176848,-86.478192
4,7,1200.0,2-Car,No injury/unknown,FOLLOWING TOO CLOSELY,39.17684691,-86.56204123
8,4,1600.0,2-Car,No injury/unknown,FAILURE TO YIELD RIGHT OF WAY,39.17675101,-86.47836317
9,7,1300.0,2-Car,No injury/unknown,SPEED TOO FAST FOR WEATHER CONDITIONS,39.17674594,-86.56216082
9,6,1600.0,2-Car,No injury/unknown,FOLLOWING TOO CLOSELY,39.17674594,-86.56216082
9,7,1600.0,2-Car,No injury/unknown,OTHER (DRIVER) - EXPLAIN IN NARRATIVE,39.17669546,-86.56222062
1,5,1700.0,2-Car,Non-incapacitating,FOLLOWING TOO CLOSELY,39.17664316,-86.56246077
4,7,1600.0,2-Car,No injury/unknown,IMPROPER LANE USAGE,39.17664,-86.542096
7,3,1400.0,Pedestrian,Incapacitating,PEDESTRIAN ACTION,39.17664,-86.542096
7,2,1700.0,2-Car,No injury/unknown,OTHER (DRIVER) - EXPLAIN IN NARRATIVE,39.17663785,-86.47856286
4,5,1900.0,2-Car,Non-incapacitating,FOLLOWING TOO CLOSELY,39.1766,-86.562449
1,2,1700.0,2-Car,Non-incapacitating,UNSAFE SPEED,39.176544,-86.5624
2,5,1500.0,2-Car,Non-incapacitating,FOLLOWING TOO CLOSELY,39.176544,-86.5624
7,6,1100.0,2-Car,No injury/unknown,FOLLOWING TOO CLOSELY,39.176544,-86.5624
2,5,2100.0,2-Car,Non-incapacitating,DISREGARD SIGNAL/REG SIGN,39.176544,-86.5624
4,7,1100.0,3+ Cars,Non-incapacitating,SPEED TOO FAST FOR WEATHER CONDITIONS,39.176544,-86.5624
5,1,500.0,1-Car,Non-incapacitating,DRIVER ILLNESS,39.176544,-86.5624
6,1,900.0,2-Car,Non-incapacitating,SPEED TOO FAST FOR WEATHER CONDITIONS,39.176544,-86.5624
7,2,1900.0,2-Car,No injury/unknown,DISREGARD SIGNAL/REG SIGN,39.176544,-86.5624
9,6,1800.0,2-Car,No injury/unknown,FAILURE TO YIELD RIGHT OF WAY,39.176544,-86.5624
9,1,2300.0,2-Car,No injury/unknown,ROADWAY SURFACE CONDITION,39.176544,-86.5624
9,4,1100.0,2-Car,Incapacitating,DISREGARD SIGNAL/REG SIGN,39.176544,-86.5624
10,7,1700.0,2-Car,No injury/unknown,DRIVER DISTRACTED - EXPLAIN IN NARRATIVE,39.176544,-86.5624
11,1,1300.0,2-Car,No injury/unknown,FOLLOWING TOO CLOSELY,39.176544,-86.5624
11,2,1800.0,2-Car,Non-incapacitating,FOLLOWING TOO CLOSELY,39.176544,-86.5624
11,5,1300.0,2-Car,No injury/unknown,UNSAFE SPEED,39.176544,-86.5624
12,3,1000.0,2-Car,Non-incapacitating,SPEED TOO FAST FOR WEATHER CONDITIONS,39.176544,-86.5624
12,4,1500.0,2-Car,Non-incapacitating,OTHER (DRIVER) - EXPLAIN IN NARRATIVE,39.176544,-86.5624
12,2,1300.0,2-Car,Non-incapacitating,FOLLOWING TOO CLOSELY,39.176544,-86.5624
1,2,900.0,Bus,Non-incapacitating,OTHER (DRIVER) - EXPLAIN IN NARRATIVE,39.17642123,-86.47894513
10,4,1400.0,2-Car,No injury/unknown,OTHER (DRIVER) - EXPLAIN IN NARRATIVE,39.176401,-86.5189
4,3,1700.0,3+ Cars,No injury/unknown,FOLLOWING TOO CLOSELY,39.17622811,-86.53770087
2,7,1200.0,2-Car,Non-incapacitating,FAILURE TO YIELD RIGHT OF WAY,39.176192,-86.52712
10,6,1000.0,2-Car,No injury/unknown,FAILURE TO YIELD RIGHT OF WAY,39.176192,-86.52712
10,3,0.0,2-Car,No injury/unknown,PRESCRIPTION DRUGS,39.176192,-86.52712
11,7,1700.0,2-Car,No injury/unknown,FAILURE TO YIELD RIGHT OF WAY,39.176192,-86.52712
11,5,2000.0,2-Car,No injury/unknown,FAILURE TO YIELD RIGHT OF WAY,39.176192,-86.52712
9,7,1500.0,2-Car,No injury/unknown,FOLLOWING TOO CLOSELY,39.17617467,-86.56292242
10,6,1800.0,2-Car,No injury/unknown,FOLLOWING TOO CLOSELY,39.17617467,-86.56292242
4,1,1500.0,3+ Cars,No injury/unknown,FOLLOWING TOO CLOSELY,39.17617371,-86.575999
8,7,2300.0,3+ Cars,No injury/unknown,IMPROPER LANE USAGE,39.17617156,-86.52782525
9,6,1500.0,2-Car,No injury/unknown,IMPROPER LANE USAGE,39.17616,-86.528224
1,3,2100.0,2-Car,No injury/unknown,FAILURE TO YIELD RIGHT OF WAY,39.176144,-86.523504
10,7,1100.0,2-Car,No injury/unknown,FAILURE TO YIELD RIGHT OF WAY,39.176144,-86.522448
3,5,1100.0,1-Car,No injury/unknown,STEERING FAILURE,39.17613834,-86.55652667
3,4,1900.0,1-Car,No injury/unknown,OTHER (DRIVER) - EXPLAIN IN NARRATIVE,39.17612549,-86.51898236
10,3,1700.0,2-Car,No injury/unknown,OTHER (DRIVER) - EXPLAIN IN NARRATIVE,39.17612549,-86.51898236
3,7,200.0,2-Car,Non-incapacitating,ALCOHOLIC BEVERAGES,39.176101,-86.525999
3,7,400.0,1-Car,No injury/unknown,UNSAFE BACKING,39.1761,-86.52819
12,3,1200.0,3+ Cars,No injury/unknown,OTHER (DRIVER) - EXPLAIN IN NARRATIVE,39.17608234,-86.56305302
5,3,1900.0,2-Car,No injury/unknown,FOLLOWING TOO CLOSELY,39.176048,-86.537696
8,7,1400.0,2-Car,No injury/unknown,UNSAFE BACKING,39.17600327,-86.53063151
4,7,1900.0,2-Car,No injury/unknown,OTHER (DRIVER) - EXPLAIN IN NARRATIVE,39.176,-86.530717
7,5,1300.0,2-Car,No injury/unknown,SPEED TOO FAST FOR WEATHER CONDITIONS,39.17599001,-86.56318363
8,1,1900.0,2-Car,No injury/unknown,UNSAFE BACKING,39.175984,-86.534736
8,4,2000.0,2-Car,No injury/unknown,FAILURE TO YIELD RIGHT OF WAY,39.175984,-86.534736
9,4,2200.0,2-Car,No injury/unknown,IMPROPER TURNING,39.175984,-86.534736
2,7,1200.0,2-Car,Non-incapacitating,FAILURE TO YIELD RIGHT OF WAY,39.175952,-86.53344
2,4,1700.0,2-Car,Non-incapacitating,FAILURE TO YIELD RIGHT OF WAY,39.175952,-86.53344
3,5,0.0,3+ Cars,Non-incapacitating,DISREGARD SIGNAL/REG SIGN,39.175952,-86.53344
6,4,1400.0,2-Car,Non-incapacitating,FAILURE TO YIELD RIGHT OF WAY,39.175952,-86.53344
7,2,1700.0,2-Car,No injury/unknown,IMPROPER TURNING,39.175952,-86.53344
8,1,1400.0,2-Car,No injury/unknown,FAILURE TO YIELD RIGHT OF WAY,39.175952,-86.53344
9,2,700.0,2-Car,No injury/unknown,FAILURE TO YIELD RIGHT OF WAY,39.175952,-86.53344
11,6,1200.0,2-Car,No injury/unknown,FAILURE TO YIELD RIGHT OF WAY,39.175952,-86.53344
12,7,1100.0,2-Car,No injury/unknown,FAILURE TO YIELD RIGHT OF WAY,39.175952,-86.53344
12,2,1000.0,1-Car,No injury/unknown,GLARE,39.175952,-86.53344
12,7,1300.0,2-Car,No injury/unknown,FAILURE TO YIELD RIGHT OF WAY,39.175952,-86.53344
2,4,,1-Car,No injury/unknown,NONE (DRIVER),39.175888,-86.55368049
1,2,1500.0,2-Car,No injury/unknown,FAILURE TO YIELD RIGHT OF WAY,39.17584147,-86.51357081
1,7,2300.0,1-Car,No injury/unknown,OVERCORRECTING/OVERSTEERING,39.17580534,-86.56344483
4,2,1700.0,3+ Cars,No injury/unknown,OTHER (DRIVER) - EXPLAIN IN NARRATIVE,39.17576869,-86.534599
6,1,1200.0,3+ Cars,No injury/unknown,DRIVER DISTRACTED - EXPLAIN IN NARRATIVE,39.17576869,-86.534599
4,6,1300.0,2-Car,No injury/unknown,WRONG WAY ON ONE WAY,39.17567738,-86.53344549
10,6,1600.0,1-Car,No injury/unknown,SPEED TOO FAST FOR WEATHER CONDITIONS,39.17562068,-86.56370604
12,2,1000.0,1-Car,No injury/unknown,TIRE FAILURE OR DEFECTIVE,39.17562068,-86.56370604
12,3,1200.0,2-Car,No injury/unknown,FOLLOWING TOO CLOSELY,39.17557082,-86.56377656
2,7,1400.0,Bus,No injury/unknown,FAILURE TO YIELD RIGHT OF WAY,39.175504,-86.527104
2,4,2200.0,2-Car,Non-incapacitating,DISREGARD SIGNAL/REG SIGN,39.175504,-86.527104
4,5,2200.0,2-Car,Non-incapacitating,ALCOHOLIC BEVERAGES,39.175504,-86.527104
4,3,1000.0,2-Car,Non-incapacitating,FAILURE TO YIELD RIGHT OF WAY,39.175504,-86.527104
6,2,800.0,2-Car,Non-incapacitating,FAILURE TO YIELD RIGHT OF WAY,39.175504,-86.527104
8,5,1300.0,2-Car,Non-incapacitating,FAILURE TO YIELD RIGHT OF WAY,39.175504,-86.527104
9,1,1100.0,2-Car,Non-incapacitating,FAILURE TO YIELD RIGHT OF WAY,39.175504,-86.527104
9,3,1700.0,2-Car,No injury/unknown,FAILURE TO YIELD RIGHT OF WAY,39.175504,-86.527104
9,5,1600.0,3+ Cars,No injury/unknown,DISREGARD SIGNAL/REG SIGN,39.175504,-86.527104
10,7,2100.0,2-Car,No injury/unknown,FAILURE TO YIELD RIGHT OF WAY,39.175504,-86.527104
10,7,100.0,2-Car,No injury/unknown,FAILURE TO YIELD RIGHT OF WAY,39.175504,-86.527104
10,6,1800.0,3+ Cars,No injury/unknown,FAILURE TO YIELD RIGHT OF WAY,39.175504,-86.527104
10,6,2200.0,2-Car,Non-incapacitating,FAILURE TO YIELD RIGHT OF WAY,39.175504,-86.527104
10,3,700.0,2-Car,Non-incapacitating,FAILURE TO YIELD RIGHT OF WAY,39.175504,-86.527104
8,6,1500.0,2-Car,No injury/unknown,FOLLOWING TOO CLOSELY,39.1755,-86.537799
6,5,1900.0,Cyclist,Non-incapacitating,OTHER (VEHICLE) - EXPLAIN IN NARRATIVE,39.17549869,-86.552592
10,2,1200.0,3+ Cars,No injury/unknown,DISREGARD SIGNAL/REG SIGN,39.17544,-86.525824
6,5,1700.0,2-Car,No injury/unknown,FAILURE TO YIELD RIGHT OF WAY,39.17543475,-86.53474656
2,5,1700.0,2-Car,No injury/unknown,DRIVER DISTRACTED - EXPLAIN IN NARRATIVE,39.17541651,-86.531399
1,7,1300.0,2-Car,No injury/unknown,FAILURE TO YIELD RIGHT OF WAY,39.17535174,-86.52369949
5,4,1400.0,1-Car,No injury/unknown,TIRE FAILURE OR DEFECTIVE,39.175303,-86.528299
4,4,1300.0,Bus,No injury/unknown,IMPROPER TURNING,39.175302,-86.544298
2,2,1000.0,2-Car,No injury/unknown,OTHER (DRIVER) - EXPLAIN IN NARRATIVE,39.175232,-86.520976
1,2,1500.0,1-Car,Non-incapacitating,OTHER (DRIVER) - EXPLAIN IN NARRATIVE,39.175232,-86.520976
11,5,1600.0,2-Car,No injury/unknown,FAILURE TO YIELD RIGHT OF WAY,39.175232,-86.520976
11,5,1900.0,2-Car,No injury/unknown,FAILURE TO YIELD RIGHT OF WAY,39.175232,-86.520976
3,5,1900.0,3+ Cars,No injury/unknown,LEFT OF CENTER,39.17522914,-86.52090516
2,5,2000.0,2-Car,No injury/unknown,FAILURE TO YIELD RIGHT OF WAY,39.175199,-86.522394
4,1,100.0,2-Car,No injury/unknown,OTHER (DRIVER) - EXPLAIN IN NARRATIVE,39.17517444,-86.5311
1,5,800.0,2-Car,No injury/unknown,OTHER (DRIVER) - EXPLAIN IN NARRATIVE,39.17517343,-86.51952328
6,6,1200.0,2-Car,No injury/unknown,OTHER (DRIVER) - EXPLAIN IN NARRATIVE,39.175152,-86.538512
10,3,1900.0,2-Car,No injury/unknown,UNSAFE BACKING,39.175152,-86.518992
5,1,1300.0,2-Car,No injury/unknown,FAILURE TO YIELD RIGHT OF WAY,39.17511724,-86.496599
10,7,1300.0,2-Car,No injury/unknown,DRIVER DISTRACTED - EXPLAIN IN NARRATIVE,39.1751,-86.518999
9,7,1200.0,2-Car,Non-incapacitating,DISREGARD SIGNAL/REG SIGN,39.175002,-86.526999
5,5,2200.0,2-Car,No injury/unknown,FAILURE TO YIELD RIGHT OF WAY,39.17458186,-86.5735
1,6,2300.0,1-Car,Non-incapacitating,DRIVER ASLEEP OR FATIGUED,39.17451267,-86.56527324
10,3,1300.0,Moped/Motorcycle,Non-incapacitating,OTHER (DRIVER) - EXPLAIN IN NARRATIVE,39.174497,-86.582999
4,3,1100.0,2-Car,Non-incapacitating,DISREGARD SIGNAL/REG SIGN,39.174448,-86.529696
4,5,1900.0,1-Car,Non-incapacitating,UNSAFE SPEED,39.17444498,-86.528699
2,5,1800.0,2-Car,No injury/unknown,UNSAFE BACKING,39.17442913,-86.53046027
8,3,800.0,2-Car,No injury/unknown,CELL PHONE USAGE,39.174416,-86.530992
9,3,1100.0,2-Car,No injury/unknown,FAILURE TO YIELD RIGHT OF WAY,39.174416,-86.528304
5,7,1600.0,2-Car,No injury/unknown,OTHER (DRIVER) - EXPLAIN IN NARRATIVE,39.17440398,-86.53134452
8,4,200.0,2-Car,No injury/unknown,OTHER (VEHICLE) - EXPLAIN IN NARRATIVE,39.17440398,-86.53134452
1,1,500.0,1-Car,No injury/unknown,OVERCORRECTING/OVERSTEERING,39.17437496,-86.5272642
11,4,2000.0,2-Car,No injury/unknown,FAILURE TO YIELD RIGHT OF WAY,39.174368,-86.527088
10,4,700.0,2-Car,No injury/unknown,FAILURE TO YIELD RIGHT OF WAY,39.1743599,-86.53294281
1,5,400.0,1-Car,No injury/unknown,ALCOHOLIC BEVERAGES,39.174352,-86.547104
3,1,200.0,1-Car,Non-incapacitating,OTHER (DRIVER) - EXPLAIN IN NARRATIVE,39.174352,-86.548
3,5,2000.0,2-Car,No injury/unknown,LEFT OF CENTER,39.174352,-86.5504
6,4,1500.0,2-Car,Non-incapacitating,FAILURE TO YIELD RIGHT OF WAY,39.174352,-86.547104
2,5,1600.0,1-Car,Non-incapacitating,PEDESTRIAN ACTION,39.174336,-86.525808
5,3,1600.0,2-Car,No injury/unknown,UNSAFE BACKING,39.1743,-86.55250446
9,4,1000.0,2-Car,No injury/unknown,FAILURE TO YIELD RIGHT OF WAY,39.17426256,-86.582599
5,7,300.0,1-Car,No injury/unknown,ALCOHOLIC BEVERAGES,39.17426168,-86.5551
10,4,700.0,2-Car,No injury/unknown,DISREGARD SIGNAL/REG SIGN,39.174202,-86.582999
4,6,1700.0,1-Car,Non-incapacitating,FAILURE TO YIELD RIGHT OF WAY,39.174048,-86.518896
4,7,2200.0,2-Car,No injury/unknown,SPEED TOO FAST FOR WEATHER CONDITIONS,39.174048,-86.518896
6,3,1600.0,Moped/Motorcycle,Non-incapacitating,OTHER (DRIVER) - EXPLAIN IN NARRATIVE,39.174048,-86.518896
10,4,1100.0,2-Car,No injury/unknown,FAILURE TO YIELD RIGHT OF WAY,39.174048,-86.518896
10,2,1800.0,2-Car,No injury/unknown,FOLLOWING TOO CLOSELY,39.174048,-86.518896
12,2,900.0,2-Car,No injury/unknown,OTHER (DRIVER) - EXPLAIN IN NARRATIVE,39.174048,-86.518896
2,4,2100.0,2-Car,No injury/unknown,IMPROPER TURNING,39.174002,-86.5189
8,7,1800.0,1-Car,No injury/unknown,ACCELERATOR FAILURE OR DEFECTIVE,39.174,-86.483099
5,3,700.0,2-Car,No injury/unknown,FAILURE TO YIELD RIGHT OF WAY,39.1739,-86.480899
1,4,1700.0,2-Car,No injury/unknown,FAILURE TO YIELD RIGHT OF WAY,39.173872,-86.517728
9,7,100.0,2-Car,No injury/unknown,OTHER (DRIVER) - EXPLAIN IN NARRATIVE,39.17386669,-86.530992
3,6,700.0,2-Car,No injury/unknown,OVERCORRECTING/OVERSTEERING,39.17364588,-86.51618688
10,4,1100.0,Cyclist,Non-incapacitating,OTHER (DRIVER) - EXPLAIN IN NARRATIVE,39.1735847,-86.5157314
4,2,900.0,1-Car,Non-incapacitating,FAILURE TO YIELD RIGHT OF WAY,39.173552,-86.515488
1,4,2300.0,2-Car,Non-incapacitating,DISREGARD SIGNAL/REG SIGN,39.173552,-86.515488
1,3,1200.0,2-Car,Non-incapacitating,FAILURE TO YIELD RIGHT OF WAY,39.173552,-86.515488
9,3,1600.0,2-Car,Non-incapacitating,DISREGARD SIGNAL/REG SIGN,39.173552,-86.515488
11,3,2000.0,2-Car,No injury/unknown,FOLLOWING TOO CLOSELY,39.173552,-86.515488
10,2,700.0,2-Car,No injury/unknown,FAILURE TO YIELD RIGHT OF WAY,39.17350531,-86.52094531
2,3,1700.0,2-Car,Non-incapacitating,FAILURE TO YIELD RIGHT OF WAY,39.17344,-86.523616
1,4,1700.0,2-Car,No injury/unknown,FAILURE TO YIELD RIGHT OF WAY,39.17344,-86.523616
2,3,1000.0,2-Car,No injury/unknown,FAILURE TO YIELD RIGHT OF WAY,39.17344,-86.524672
3,5,800.0,2-Car,No injury/unknown,FAILURE TO YIELD RIGHT OF WAY,39.17344,-86.523616