Month,Day,Hour,Collision Type,Injury Type,Primary Factor,Latitude,Longitude
4,5,1400.0,2-Car,Non-incapacitating,FAILURE TO YIELD RIGHT OF WAY,39.17344,-86.530992
9,7,1900.0,2-Car,No injury/unknown,ALCOHOLIC BEVERAGES,39.17344,-86.527056
10,3,1200.0,3+ Cars,No injury/unknown,DISREGARD SIGNAL/REG SIGN,39.17344,-86.523616
1,5,1700.0,2-Car,No injury/unknown,FAILURE TO YIELD RIGHT OF WAY,39.1734,-86.522394
2,7,2300.0,2-Car,No injury/unknown,OTHER (DRIVER) - EXPLAIN IN NARRATIVE,39.17336928,-86.534752
3,5,900.0,1-Car,No injury/unknown,OTHER (DRIVER) - EXPLAIN IN NARRATIVE,39.173344,-86.555104
5,1,1100.0,Moped/Motorcycle,Non-incapacitating,UNSAFE SPEED,39.173344,-86.550304
7,1,1000.0,2-Car,No injury/unknown,OTHER (VEHICLE) - EXPLAIN IN NARRATIVE,39.173344,-86.555104
8,7,1500.0,2-Car,No injury/unknown,UNSAFE BACKING,39.173344,-86.549296
8,4,2000.0,2-Car,No injury/unknown,DISREGARD SIGNAL/REG SIGN,39.173344,-86.549792
10,3,0.0,2-Car,No injury/unknown,OTHER (DRIVER) - EXPLAIN IN NARRATIVE,39.173344,-86.550304
10,4,1500.0,Pedestrian,Non-incapacitating,OTHER (DRIVER) - EXPLAIN IN NARRATIVE,39.173344,-86.555104
10,7,600.0,1-Car,Incapacitating,ALCOHOLIC BEVERAGES,39.173344,-86.555104
10,1,1600.0,2-Car,Non-incapacitating,ALCOHOLIC BEVERAGES,39.173344,-86.550304
11,6,1800.0,1-Car,No injury/unknown,UNSAFE BACKING,39.173344,-86.54734825
12,3,900.0,2-Car,No injury/unknown,OTHER (DRIVER) - EXPLAIN IN NARRATIVE,39.173344,-86.555104
12,6,1700.0,2-Car,Non-incapacitating,DISREGARD SIGNAL/REG SIGN,39.173344,-86.549792
2,3,1100.0,Moped/Motorcycle,Incapacitating,OTHER (DRIVER) - EXPLAIN IN NARRATIVE,39.17328009,-86.53852702
11,2,700.0,2-Car,No injury/unknown,ROADWAY SURFACE CONDITION,39.17327854,-86.51552082
3,7,2200.0,1-Car,Non-incapacitating,UNSAFE SPEED,39.17325813,-86.55496565
7,2,800.0,2-Car,No injury/unknown,OTHER (DRIVER) - EXPLAIN IN NARRATIVE,39.173232,-86.534752
10,4,1300.0,2-Car,Non-incapacitating,OTHER (DRIVER) - EXPLAIN IN NARRATIVE,39.173232,-86.534752
11,4,1500.0,2-Car,Non-incapacitating,DISREGARD SIGNAL/REG SIGN,39.173232,-86.534752
12,3,1100.0,2-Car,Non-incapacitating,FAILURE TO YIELD RIGHT OF WAY,39.173232,-86.534752
7,5,900.0,2-Car,No injury/unknown,FAILURE TO YIELD RIGHT OF WAY,39.173202,-86.5471
6,3,1500.0,2-Car,No injury/unknown,OTHER (DRIVER) - EXPLAIN IN NARRATIVE,39.1732,-86.547343
1,7,1800.0,2-Car,No injury/unknown,IMPROPER PASSING,39.17319967,-86.53691429
6,5,2000.0,2-Car,Non-incapacitating,DISREGARD SIGNAL/REG SIGN,39.173184,-86.538528
12,2,1900.0,1-Car,No injury/unknown,ANIMAL/OBJECT IN ROADWAY,39.17301144,-86.48217218
12,5,900.0,2-Car,No injury/unknown,OTHER (DRIVER) - EXPLAIN IN NARRATIVE,39.173004,-86.490695
12,7,1400.0,3+ Cars,No injury/unknown,FAILURE TO YIELD RIGHT OF WAY,39.172928,-86.491105
2,4,1000.0,2-Car,No injury/unknown,UNSAFE BACKING,39.17288707,-86.52093294
5,2,1800.0,1-Car,No injury/unknown,OTHER (DRIVER) - EXPLAIN IN NARRATIVE,39.17281681,-86.51879292
4,3,1700.0,2-Car,No injury/unknown,UNSAFE BACKING,39.17281455,-86.51879273
6,3,1800.0,1-Car,No injury/unknown,IMPROPER TURNING,39.17281455,-86.51879273
9,3,1500.0,2-Car,No injury/unknown,FAILURE TO YIELD RIGHT OF WAY,39.172752,-86.482288
9,6,1600.0,2-Car,No injury/unknown,SPEED TOO FAST FOR WEATHER CONDITIONS,39.172752,-86.482288
10,4,1100.0,2-Car,No injury/unknown,FAILURE TO YIELD RIGHT OF WAY,39.172752,-86.482288
11,4,900.0,2-Car,No injury/unknown,,39.172752,-86.482288
11,6,400.0,1-Car,No injury/unknown,OTHER (DRIVER) - EXPLAIN IN NARRATIVE,39.17272751,-86.54475298
9,1,300.0,1-Car,No injury/unknown,ANIMAL/OBJECT IN ROADWAY,39.17265825,-86.48241691
8,5,800.0,Moped/Motorcycle,No injury/unknown,UNSAFE BACKING,39.17264,-86.52110533
4,3,1600.0,2-Car,No injury/unknown,FAILURE TO YIELD RIGHT OF WAY,39.17264,-86.52704
4,7,1600.0,2-Car,Non-incapacitating,FAILURE TO YIELD RIGHT OF WAY,39.17264,-86.52704
6,3,1600.0,2-Car,No injury/unknown,UNSAFE BACKING,39.17264,-86.520928
2,4,1800.0,3+ Cars,Non-incapacitating,DISREGARD SIGNAL/REG SIGN,39.17264,-86.525776
2,5,2100.0,2-Car,No injury/unknown,IMPROPER LANE USAGE,39.17264,-86.52934727
6,7,1900.0,1-Car,No injury/unknown,,39.17264,-86.530992
8,7,1400.0,2-Car,No injury/unknown,FAILURE TO YIELD RIGHT OF WAY,39.17264,-86.523584
9,6,1900.0,2-Car,No injury/unknown,FAILURE TO YIELD RIGHT OF WAY,39.17264,-86.52704
10,3,1500.0,2-Car,No injury/unknown,FAILURE TO YIELD RIGHT OF WAY,39.17264,-86.523584
10,4,1400.0,2-Car,No injury/unknown,FAILURE TO YIELD RIGHT OF WAY,39.17264,-86.52704
10,4,0.0,2-Car,No injury/unknown,IMPROPER LANE USAGE,39.17264,-86.529696
11,3,1900.0,2-Car,No injury/unknown,FAILURE TO YIELD RIGHT OF WAY,39.17264,-86.523584
11,5,1100.0,2-Car,Non-incapacitating,FAILURE TO YIELD RIGHT OF WAY,39.17264,-86.523584
11,5,1800.0,2-Car,No injury/unknown,FAILURE TO YIELD RIGHT OF WAY,39.17264,-86.52704
12,1,1600.0,2-Car,No injury/unknown,OTHER (DRIVER) - EXPLAIN IN NARRATIVE,39.17264,-86.52817143
12,4,1000.0,2-Car,No injury/unknown,DRIVER DISTRACTED - EXPLAIN IN NARRATIVE,39.17264,-86.523584
10,6,1500.0,1-Car,No injury/unknown,RAN OFF ROAD RIGHT,39.17256449,-86.48254583
8,6,1800.0,2-Car,No injury/unknown,OTHER (DRIVER) - EXPLAIN IN NARRATIVE,39.17251642,-86.52577397
11,2,600.0,1-Car,No injury/unknown,OTHER (ENVIRONMENTAL) - EXPLAIN IN NARR,39.17251386,-86.48261544
3,2,1600.0,2-Car,No injury/unknown,OTHER (DRIVER) - EXPLAIN IN NARRATIVE,39.17240617,-86.51875797
7,3,800.0,2-Car,No injury/unknown,FAILURE TO YIELD RIGHT OF WAY,39.172399,-86.510294
2,5,1500.0,2-Car,No injury/unknown,FAILURE TO YIELD RIGHT OF WAY,39.172399,-86.51023344
7,7,1700.0,2-Car,No injury/unknown,OTHER (DRIVER) - EXPLAIN IN NARRATIVE,39.1723,-86.50970765
2,4,1600.0,2-Car,No injury/unknown,OTHER (DRIVER) - EXPLAIN IN NARRATIVE,39.1723,-86.50970592
3,3,1900.0,2-Car,No injury/unknown,UNSAFE BACKING,39.172144,-86.509392
1,4,,2-Car,No injury/unknown,UNSAFE SPEED,39.172112,-86.484512
5,2,900.0,2-Car,No injury/unknown,UNSAFE BACKING,39.17209633,-86.582992
12,4,1600.0,3+ Cars,Non-incapacitating,OTHER (DRIVER) - EXPLAIN IN NARRATIVE,39.17208217,-86.61136088
7,1,1300.0,2-Car,No injury/unknown,FAILURE TO YIELD RIGHT OF WAY,39.172003,-86.481699
8,6,1200.0,2-Car,No injury/unknown,OTHER (DRIVER) - EXPLAIN IN NARRATIVE,39.17196767,-86.4860911
11,2,600.0,1-Car,No injury/unknown,RAN OFF ROAD RIGHT,39.17192327,-86.48657698
1,2,1200.0,2-Car,Non-incapacitating,UNSAFE BACKING,39.171921,-86.57264
3,4,1700.0,2-Car,No injury/unknown,FAILURE TO YIELD RIGHT OF WAY,39.171921,-86.57264
12,1,1800.0,2-Car,No injury/unknown,OTHER (VEHICLE) - EXPLAIN IN NARRATIVE,39.171921,-86.57264
1,4,1700.0,2-Car,No injury/unknown,OTHER (DRIVER) - EXPLAIN IN NARRATIVE,39.171808,-86.509384
1,1,1700.0,1-Car,No injury/unknown,RAN OFF ROAD RIGHT,39.17179148,-86.526899
2,4,1600.0,3+ Cars,No injury/unknown,,39.1717538,-86.529696
2,2,0.0,2-Car,No injury/unknown,FOLLOWING TOO CLOSELY,39.171744,-86.53352
1,4,1100.0,2-Car,No injury/unknown,FAILURE TO YIELD RIGHT OF WAY,39.171744,-86.536
3,2,1100.0,2-Car,No injury/unknown,IMPROPER TURNING,39.171744,-86.534768
4,7,200.0,2-Car,No injury/unknown,ALCOHOLIC BEVERAGES,39.171744,-86.534768
4,2,900.0,2-Car,Non-incapacitating,FAILURE TO YIELD RIGHT OF WAY,39.171744,-86.53352
7,5,1300.0,2-Car,No injury/unknown,FOLLOWING TOO CLOSELY,39.171744,-86.534768
8,4,900.0,2-Car,No injury/unknown,OTHER (DRIVER) - EXPLAIN IN NARRATIVE,39.171744,-86.53352
9,5,1200.0,2-Car,No injury/unknown,OTHER (DRIVER) - EXPLAIN IN NARRATIVE,39.171744,-86.534768
9,1,200.0,2-Car,No injury/unknown,ALCOHOLIC BEVERAGES,39.171744,-86.53352
9,4,1400.0,2-Car,Non-incapacitating,DISREGARD SIGNAL/REG SIGN,39.171744,-86.534768
10,6,0.0,2-Car,Non-incapacitating,FAILURE TO YIELD RIGHT OF WAY,39.171744,-86.534768
10,4,1400.0,3+ Cars,No injury/unknown,IMPROPER LANE USAGE,39.171744,-86.534768
11,6,100.0,2-Car,No injury/unknown,IMPROPER PASSING,39.171744,-86.53352
11,7,0.0,2-Car,No injury/unknown,IMPROPER TURNING,39.171744,-86.534768
11,1,1900.0,2-Car,Non-incapacitating,FOLLOWING TOO CLOSELY,39.171744,-86.534768
11,3,1700.0,2-Car,No injury/unknown,IMPROPER LANE USAGE,39.171744,-86.534768
11,3,1900.0,2-Car,No injury/unknown,DRIVER DISTRACTED - EXPLAIN IN NARRATIVE,39.17173644,-86.53299082
3,4,1600.0,Cyclist,Non-incapacitating,OTHER (DRIVER) - EXPLAIN IN NARRATIVE,39.171728,-86.5324
3,5,1300.0,3+ Cars,No injury/unknown,FAILURE TO YIELD RIGHT OF WAY,39.171712,-86.530992
1,5,1800.0,2-Car,No injury/unknown,FAILURE TO YIELD RIGHT OF WAY,39.171712,-86.530992
4,2,900.0,3+ Cars,Non-incapacitating,DISREGARD SIGNAL/REG SIGN,39.171712,-86.530992
6,6,1400.0,2-Car,No injury/unknown,FAILURE TO YIELD RIGHT OF WAY,39.171712,-86.530992
7,7,1900.0,2-Car,Non-incapacitating,DISREGARD SIGNAL/REG SIGN,39.171712,-86.530992
8,1,1700.0,2-Car,No injury/unknown,DISREGARD SIGNAL/REG SIGN,39.171712,-86.530992
10,7,2200.0,2-Car,No injury/unknown,FAILURE TO YIELD RIGHT OF WAY,39.171712,-86.530992
3,1,0.0,2-Car,No injury/unknown,,39.17171167,-86.53096555
1,1,2100.0,2-Car,No injury/unknown,DRIVER ILLNESS,39.1717,-86.528046
4,7,1400.0,2-Car,No injury/unknown,FAILURE TO YIELD RIGHT OF WAY,39.1717,-86.526999
4,2,1800.0,2-Car,No injury/unknown,FAILURE TO YIELD RIGHT OF WAY,39.1717,-86.528295
10,5,100.0,2-Car,No injury/unknown,UNSAFE BACKING,39.1717,-86.528046
4,6,1600.0,Moped/Motorcycle,No injury/unknown,IMPROPER PASSING,39.171696,-86.52934315
2,3,1000.0,3+ Cars,No injury/unknown,FAILURE TO YIELD RIGHT OF WAY,39.171696,-86.529696
8,2,900.0,2-Car,No injury/unknown,FAILURE TO YIELD RIGHT OF WAY,39.171696,-86.529696
10,5,1100.0,2-Car,No injury/unknown,FAILURE TO YIELD RIGHT OF WAY,39.171696,-86.528896
10,2,1600.0,2-Car,No injury/unknown,DISREGARD SIGNAL/REG SIGN,39.171696,-86.529696
2,1,200.0,2-Car,No injury/unknown,FAILURE TO YIELD RIGHT OF WAY,39.17168,-86.527024
4,2,2200.0,2-Car,No injury/unknown,FAILURE TO YIELD RIGHT OF WAY,39.17168,-86.527024
7,7,300.0,2-Car,Non-incapacitating,DISREGARD SIGNAL/REG SIGN,39.17168,-86.527024
7,4,2000.0,2-Car,Non-incapacitating,DRIVER DISTRACTED - EXPLAIN IN NARRATIVE,39.17168,-86.527024
8,4,1400.0,Bus,No injury/unknown,IMPROPER TURNING,39.17168,-86.527024
9,2,2100.0,2-Car,No injury/unknown,SPEED TOO FAST FOR WEATHER CONDITIONS,39.17168,-86.527024
10,4,1700.0,2-Car,Non-incapacitating,OTHER (DRIVER) - EXPLAIN IN NARRATIVE,39.17168,-86.527024
11,1,1500.0,2-Car,No injury/unknown,FAILURE TO YIELD RIGHT OF WAY,39.171664,-86.52576
8,3,1600.0,2-Car,No injury/unknown,FOLLOWING TOO CLOSELY,39.17165535,-86.52513719
11,4,1600.0,2-Car,No injury/unknown,FOLLOWING TOO CLOSELY,39.1716529,-86.52496079
11,4,1700.0,2-Car,Incapacitating,FAILURE TO YIELD RIGHT OF WAY,39.17164802,-86.50602946
9,7,100.0,1-Car,No injury/unknown,ALCOHOLIC BEVERAGES,39.171648,-86.50691158
4,5,1100.0,2-Car,Non-incapacitating,FAILURE TO YIELD RIGHT OF WAY,39.171648,-86.524608
4,3,1300.0,3+ Cars,No injury/unknown,FOLLOWING TOO CLOSELY,39.171648,-86.507088
4,7,1200.0,2-Car,No injury/unknown,UNSAFE BACKING,39.171648,-86.50435515
6,1,1600.0,2-Car,No injury/unknown,FAILURE TO YIELD RIGHT OF WAY,39.171648,-86.50435515
1,3,1700.0,2-Car,No injury/unknown,SPEED TOO FAST FOR WEATHER CONDITIONS,39.171648,-86.524608
4,7,1500.0,3+ Cars,Incapacitating,OTHER (DRIVER) - EXPLAIN IN NARRATIVE,39.171648,-86.502096
6,5,1300.0,1-Car,No injury/unknown,OTHER (DRIVER) - EXPLAIN IN NARRATIVE,39.171648,-86.507088
6,1,800.0,2-Car,No injury/unknown,FAILURE TO YIELD RIGHT OF WAY,39.171648,-86.507088
6,7,2100.0,2-Car,No injury/unknown,DRIVER DISTRACTED - EXPLAIN IN NARRATIVE,39.171648,-86.502096
1,4,2300.0,2-Car,Non-incapacitating,FAILURE TO YIELD RIGHT OF WAY,39.171648,-86.502096
6,5,1500.0,2-Car,Non-incapacitating,OTHER (DRIVER) - EXPLAIN IN NARRATIVE,39.171648,-86.524608
8,2,1400.0,2-Car,No injury/unknown,FAILURE TO YIELD RIGHT OF WAY,39.171648,-86.524608
8,2,1900.0,1-Car,No injury/unknown,ROADWAY SURFACE CONDITION,39.171648,-86.507088
10,4,1600.0,2-Car,No injury/unknown,SPEED TOO FAST FOR WEATHER CONDITIONS,39.171648,-86.524608
10,6,1200.0,2-Car,No injury/unknown,FAILURE TO YIELD RIGHT OF WAY,39.171648,-86.507088
12,3,1500.0,2-Car,No injury/unknown,FAILURE TO YIELD RIGHT OF WAY,39.171648,-86.50293407
3,4,1700.0,2-Car,Non-incapacitating,FOLLOWING TOO CLOSELY,39.17164293,-86.50184909
3,4,1500.0,2-Car,No injury/unknown,UNSAFE BACKING,39.17164278,-86.50184209
10,6,1300.0,2-Car,No injury/unknown,FOLLOWING TOO CLOSELY,39.17164076,-86.50174328
6,7,1400.0,2-Car,No injury/unknown,OTHER (DRIVER) - EXPLAIN IN NARRATIVE,39.1716401,-86.52407883
11,4,1600.0,2-Car,No injury/unknown,UNSAFE BACKING,39.17163913,-86.50166435
4,7,2000.0,2-Car,No injury/unknown,IMPROPER TURNING,39.171632,-86.52353600000001
1,2,1700.0,2-Car,No injury/unknown,OTHER (DRIVER) - EXPLAIN IN NARRATIVE,39.171632,-86.52353600000001
2,5,1900.0,2-Car,Non-incapacitating,DRIVER DISTRACTED - EXPLAIN IN NARRATIVE,39.171632,-86.52353600000001
6,7,1900.0,2-Car,Non-incapacitating,OTHER (DRIVER) - EXPLAIN IN NARRATIVE,39.171632,-86.52353600000001
8,6,1300.0,3+ Cars,Incapacitating,FOLLOWING TOO CLOSELY,39.171632,-86.52353600000001
9,7,100.0,2-Car,No injury/unknown,DISREGARD SIGNAL/REG SIGN,39.171632,-86.52353600000001
10,4,1500.0,2-Car,No injury/unknown,FOLLOWING TOO CLOSELY,39.171632,-86.52353600000001
10,2,1300.0,2-Car,No injury/unknown,FOLLOWING TOO CLOSELY,39.171632,-86.52353600000001
10,6,1300.0,2-Car,No injury/unknown,FAILURE TO YIELD RIGHT OF WAY,39.171632,-86.52353600000001
10,6,1400.0,2-Car,No injury/unknown,FOLLOWING TOO CLOSELY,39.171632,-86.52353600000001
8,2,1900.0,2-Car,No injury/unknown,FOLLOWING TOO CLOSELY,39.17163001,-86.52339488
10,2,1700.0,1-Car,No injury/unknown,DRIVER DISTRACTED - EXPLAIN IN NARRATIVE,39.17162087,-86.50077565
4,4,1600.0,2-Car,No injury/unknown,UNSAFE BACKING,39.1716193,-86.50069948
4,3,1700.0,3+ Cars,Non-incapacitating,FOLLOWING TOO CLOSELY,39.171616,-86.5224
12,4,1600.0,3+ Cars,No injury/unknown,FOLLOWING TOO CLOSELY,39.171616,-86.5224
11,6,2200.0,2-Car,No injury/unknown,FAILURE TO YIELD RIGHT OF WAY,39.17160214,-86.530992
4,5,1400.0,2-Car,Non-incapacitating,DISREGARD SIGNAL/REG SIGN,39.1716,-86.510799
5,6,1300.0,2-Car,No injury/unknown,OTHER (DRIVER) - EXPLAIN IN NARRATIVE,39.1716,-86.51390049
7,3,1400.0,2-Car,No injury/unknown,UNSAFE SPEED,39.1716,-86.50940092
4,1,2300.0,2-Car,No injury/unknown,FAILURE TO YIELD RIGHT OF WAY,39.1716,-86.51559987
5,3,2000.0,2-Car,Non-incapacitating,IMPROPER TURNING,39.1716,-86.513894
2,1,2200.0,2-Car,No injury/unknown,FOLLOWING TOO CLOSELY,39.1716,-86.515599
1,2,1900.0,2-Car,No injury/unknown,FAILURE TO YIELD RIGHT OF WAY,39.1716,-86.518999
4,4,1700.0,2-Car,No injury/unknown,OTHER (DRIVER) - EXPLAIN IN NARRATIVE,39.1716,-86.51390438
6,2,1700.0,2-Car,No injury/unknown,UNSAFE BACKING,39.1716,-86.51831233
2,6,1300.0,Bus,No injury/unknown,IMPROPER PASSING,39.1716,-86.52011301
4,5,1500.0,2-Car,No injury/unknown,FOLLOWING TOO CLOSELY,39.1716,-86.515599
5,3,1200.0,2-Car,No injury/unknown,FOLLOWING TOO CLOSELY,39.1716,-86.522399
2,5,2000.0,2-Car,No injury/unknown,FOLLOWING TOO CLOSELY,39.1716,-86.5234983
3,4,2200.0,2-Car,No injury/unknown,FAILURE TO YIELD RIGHT OF WAY,39.1716,-86.515599
2,5,1900.0,1-Car,Non-incapacitating,IMPROPER TURNING,39.1716,-86.515599
1,3,2300.0,2-Car,No injury/unknown,DISREGARD SIGNAL/REG SIGN,39.1716,-86.515599
5,3,1800.0,2-Car,No injury/unknown,UNSAFE BACKING,39.1716,-86.500854
8,6,1600.0,Moped/Motorcycle,Non-incapacitating,OTHER (DRIVER) - EXPLAIN IN NARRATIVE,39.1716,-86.515599
8,6,1600.0,2-Car,No injury/unknown,FOLLOWING TOO CLOSELY,39.1716,-86.513894
9,4,1800.0,2-Car,No injury/unknown,DRIVER DISTRACTED - EXPLAIN IN NARRATIVE,39.1716,-86.52350133
9,2,1600.0,2-Car,No injury/unknown,FOLLOWING TOO CLOSELY,39.1716,-86.50510679
9,7,2000.0,2-Car,No injury/unknown,FAILURE TO YIELD RIGHT OF WAY,39.1716,-86.513894
9,7,1100.0,2-Car,No injury/unknown,UNSAFE BACKING,39.1716,-86.518308
9,5,1500.0,1-Car,No injury/unknown,SPEED TOO FAST FOR WEATHER CONDITIONS,39.1716,-86.520896
9,6,1900.0,2-Car,No injury/unknown,FAILURE TO YIELD RIGHT OF WAY,39.1716,-86.51560333
9,7,2000.0,2-Car,No injury/unknown,UNSAFE BACKING,39.1716,-86.511819
10,2,1700.0,2-Car,Non-incapacitating,FAILURE TO YIELD RIGHT OF WAY,39.1716,-86.518999
10,3,700.0,2-Car,No injury/unknown,FOLLOWING TOO CLOSELY,39.1716,-86.513894
10,6,1600.0,2-Car,No injury/unknown,FOLLOWING TOO CLOSELY,39.1716,-86.5107817
11,4,1300.0,2-Car,No injury/unknown,UNSAFE SPEED,39.1716,-86.515599
11,5,1400.0,2-Car,No injury/unknown,FOLLOWING TOO CLOSELY,39.1716,-86.520896
11,7,500.0,2-Car,No injury/unknown,UNSAFE BACKING,39.1716,-86.518999
11,3,1900.0,2-Car,No injury/unknown,ROADWAY SURFACE CONDITION,39.1716,-86.520896
11,2,700.0,2-Car,No injury/unknown,OTHER (DRIVER) - EXPLAIN IN NARRATIVE,39.1716,-86.515599
11,2,1500.0,2-Car,Non-incapacitating,FAILURE TO YIELD RIGHT OF WAY,39.1716,-86.520896
12,6,1400.0,2-Car,No injury/unknown,FOLLOWING TOO CLOSELY,39.1716,-86.51389919
12,6,1700.0,2-Car,No injury/unknown,OTHER (DRIVER) - EXPLAIN IN NARRATIVE,39.1716,-86.520896
10,3,1400.0,2-Car,No injury/unknown,DRIVER DISTRACTED - EXPLAIN IN NARRATIVE,39.17159745,-86.52054317
2,3,1600.0,Bus,No injury/unknown,FOLLOWING TOO CLOSELY,39.17159301,-86.51572308
12,5,1300.0,2-Car,No injury/unknown,IMPROPER LANE USAGE,39.17158656,-86.51904083
4,4,1600.0,2-Car,No injury/unknown,FOLLOWING TOO CLOSELY,39.171584,-86.518688
7,7,1700.0,2-Car,No injury/unknown,FAILURE TO YIELD RIGHT OF WAY,39.171584,-86.518688
4,4,200.0,2-Car,No injury/unknown,IMPROPER TURNING,39.171584,-86.518688
2,6,100.0,2-Car,No injury/unknown,FAILURE TO YIELD RIGHT OF WAY,39.171584,-86.518688
1,3,2100.0,Bus,No injury/unknown,,39.171584,-86.518688
4,7,200.0,2-Car,No injury/unknown,FAILURE TO YIELD RIGHT OF WAY,39.171584,-86.518688
9,7,0.0,2-Car,No injury/unknown,FAILURE TO YIELD RIGHT OF WAY,39.171584,-86.518688
9,6,1800.0,2-Car,No injury/unknown,FOLLOWING TOO CLOSELY,39.171584,-86.518688
9,2,1800.0,2-Car,No injury/unknown,FOLLOWING TOO CLOSELY,39.171584,-86.518688
9,7,2000.0,2-Car,No injury/unknown,ALCOHOLIC BEVERAGES,39.171584,-86.518688
9,3,1800.0,2-Car,No injury/unknown,FOLLOWING TOO CLOSELY,39.171584,-86.518688
10,2,1400.0,Cyclist,Non-incapacitating,FAILURE TO YIELD RIGHT OF WAY,39.171584,-86.518688
10,6,100.0,2-Car,No injury/unknown,ROADWAY SURFACE CONDITION,39.171584,-86.518688
10,7,1500.0,2-Car,No injury/unknown,FAILURE TO YIELD RIGHT OF WAY,39.171584,-86.518688
11,2,1800.0,Cyclist,Non-incapacitating,FAILURE TO YIELD RIGHT OF WAY,39.171584,-86.518688
11,4,0.0,2-Car,No injury/unknown,DISREGARD SIGNAL/REG SIGN,39.171584,-86.518688
11,6,1100.0,2-Car,No injury/unknown,OTHER (DRIVER) - EXPLAIN IN NARRATIVE,39.171584,-86.518688
11,3,2100.0,Pedestrian,Incapacitating,PEDESTRIAN ACTION,39.171584,-86.518688
3,5,1600.0,2-Car,No injury/unknown,IMPROPER TURNING,39.17158139,-86.51844637
12,7,1500.0,2-Car,No injury/unknown,BRAKE FAILURE OR DEFECTIVE,39.17158139,-86.51844637
10,1,2100.0,Moped/Motorcycle,Non-incapacitating,BRAKE FAILURE OR DEFECTIVE,39.17157747,-86.51808392
10,1,2300.0,2-Car,No injury/unknown,UNSAFE BACKING,39.17157747,-86.51808392
11,3,2300.0,2-Car,No injury/unknown,SPEED TOO FAST FOR WEATHER CONDITIONS,39.17157747,-86.51808392
12,5,1500.0,2-Car,No injury/unknown,FAILURE TO YIELD RIGHT OF WAY,39.17157747,-86.51808392
5,5,1100.0,2-Car,No injury/unknown,LEFT OF CENTER,39.17157634,-86.51797877
3,5,200.0,2-Car,No injury/unknown,OTHER (DRIVER) - EXPLAIN IN NARRATIVE,39.17157467,-86.530992
10,3,0.0,2-Car,No injury/unknown,OTHER (DRIVER) - EXPLAIN IN NARRATIVE,39.17156154,-86.51661003
4,3,2100.0,2-Car,No injury/unknown,FOLLOWING TOO CLOSELY,39.17155967,-86.51643723
5,5,1700.0,2-Car,No injury/unknown,FOLLOWING TOO CLOSELY,39.17155495,-86.50216883
6,3,1600.0,2-Car,No injury/unknown,FOLLOWING TOO CLOSELY,39.17155495,-86.50220343
8,3,1000.0,2-Car,No injury/unknown,FOLLOWING TOO CLOSELY,39.17155495,-86.50216018
8,2,2000.0,2-Car,No injury/unknown,FAILURE TO YIELD RIGHT OF WAY,39.17155495,-86.50216018
1,3,2000.0,2-Car,No injury/unknown,PEDESTRIAN ACTION,39.17155488,-86.51599396
3,4,2100.0,2-Car,No injury/unknown,FOLLOWING TOO CLOSELY,39.171552,-86.515728
2,5,900.0,2-Car,No injury/unknown,DISREGARD SIGNAL/REG SIGN,39.171552,-86.515728
1,3,1600.0,2-Car,No injury/unknown,,39.171552,-86.515728
2,5,2300.0,2-Car,No injury/unknown,DRIVER DISTRACTED - EXPLAIN IN NARRATIVE,39.171552,-86.515728
2,5,1900.0,2-Car,Non-incapacitating,FAILURE TO YIELD RIGHT OF WAY,39.171552,-86.515728
8,3,2000.0,Moped/Motorcycle,Non-incapacitating,DISREGARD SIGNAL/REG SIGN,39.171552,-86.515728
9,5,1500.0,Cyclist,Non-incapacitating,OTHER (DRIVER) - EXPLAIN IN NARRATIVE,39.171552,-86.515728
10,5,1800.0,Moped/Motorcycle,Non-incapacitating,IMPROPER PASSING,39.171552,-86.515728
10,1,0.0,2-Car,No injury/unknown,FAILURE TO YIELD RIGHT OF WAY,39.171552,-86.515728
10,1,1700.0,2-Car,No injury/unknown,FAILURE TO YIELD RIGHT OF WAY,39.171552,-86.515728
10,3,2000.0,2-Car,No injury/unknown,FOLLOWING TOO CLOSELY,39.171552,-86.515728
10,4,2000.0,3+ Cars,No injury/unknown,OTHER (ENVIRONMENTAL) - EXPLAIN IN NARR,39.171552,-86.515728
11,7,2100.0,2-Car,No injury/unknown,FAILURE TO YIELD RIGHT OF WAY,39.171552,-86.515728
11,3,1000.0,2-Car,No injury/unknown,FOLLOWING TOO CLOSELY,39.171552,-86.515728
3,1,1800.0,3+ Cars,Non-incapacitating,DRIVER DISTRACTED - EXPLAIN IN NARRATIVE,39.17154953,-86.5155507
8,2,1600.0,2-Car,Non-incapacitating,FOLLOWING TOO CLOSELY,39.17154708,-86.51537521
9,2,900.0,2-Car,No injury/unknown,OTHER (DRIVER) - EXPLAIN IN NARRATIVE,39.171547,-86.495402
2,2,700.0,3+ Cars,No injury/unknown,OTHER (DRIVER) - EXPLAIN IN NARRATIVE,39.17153149,-86.49637533
11,5,1700.0,2-Car,No injury/unknown,OTHER (DRIVER) - EXPLAIN IN NARRATIVE,39.17152776,-86.51399063
10,4,1200.0,Cyclist,Non-incapacitating,OTHER (DRIVER) - EXPLAIN IN NARRATIVE,39.171507,-86.512499
10,2,2000.0,2-Car,No injury/unknown,SPEED TOO FAST FOR WEATHER CONDITIONS,39.171504,-86.49425346