Month,Day,Hour,Collision Type,Injury Type,Primary Factor,Latitude,Longitude
9,2,1700.0,2-Car,No injury/unknown,FOLLOWING TOO CLOSELY,39.171504,-86.49354777
2,2,700.0,2-Car,No injury/unknown,DRIVER DISTRACTED - EXPLAIN IN NARRATIVE,39.171504,-86.495312
6,5,200.0,1-Car,No injury/unknown,NONE (DRIVER),39.171504,-86.4946027
2,5,1500.0,2-Car,No injury/unknown,SPEED TOO FAST FOR WEATHER CONDITIONS,39.171504,-86.49460631
3,6,1800.0,2-Car,No injury/unknown,FOLLOWING TOO CLOSELY,39.171504,-86.495312
7,2,1600.0,3+ Cars,No injury/unknown,DRIVER DISTRACTED - EXPLAIN IN NARRATIVE,39.171504,-86.495312
9,7,1200.0,1-Car,Non-incapacitating,RAN OFF ROAD RIGHT,39.171504,-86.495312
10,3,2100.0,2-Car,No injury/unknown,FAILURE TO YIELD RIGHT OF WAY,39.171504,-86.49296
10,7,100.0,2-Car,No injury/unknown,FAILURE TO YIELD RIGHT OF WAY,39.171504,-86.495312
11,4,800.0,3+ Cars,No injury/unknown,FOLLOWING TOO CLOSELY,39.171504,-86.495312
12,4,1000.0,Cyclist,Non-incapacitating,FAILURE TO YIELD RIGHT OF WAY,39.171504,-86.495312
12,3,1300.0,2-Car,No injury/unknown,IMPROPER LANE USAGE,39.171504,-86.495312
9,7,1200.0,2-Car,No injury/unknown,UNSAFE BACKING,39.17150142,-86.51205348
7,4,100.0,1-Car,No injury/unknown,DRIVER DISTRACTED - EXPLAIN IN NARRATIVE,39.171501,-86.4954
4,4,800.0,2-Car,No injury/unknown,,39.1715,-86.493399
5,7,800.0,2-Car,No injury/unknown,UNSAFE BACKING,39.1715,-86.494599
12,6,900.0,2-Car,No injury/unknown,FAILURE TO YIELD RIGHT OF WAY,39.1715,-86.494478
5,2,1500.0,Bus,No injury/unknown,OTHER (DRIVER) - EXPLAIN IN NARRATIVE,39.1714948,-86.52352995
1,3,,2-Car,No injury/unknown,,39.17149236,-86.530992
3,4,2300.0,2-Car,No injury/unknown,UNSAFE BACKING,39.17148317,-86.51039227
10,7,1800.0,2-Car,No injury/unknown,UNSAFE BACKING,39.17148231,-86.51031409
4,7,1900.0,2-Car,No injury/unknown,FOLLOWING TOO CLOSELY,39.17147551,-86.50969515
8,6,1400.0,2-Car,No injury/unknown,UNSAFE BACKING,39.171472,-86.509376
9,5,1500.0,1-Car,No injury/unknown,DRIVER DISTRACTED - EXPLAIN IN NARRATIVE,39.171472,-86.509376
9,2,2300.0,2-Car,No injury/unknown,FAILURE TO YIELD RIGHT OF WAY,39.171472,-86.509376
10,4,1000.0,2-Car,Non-incapacitating,FOLLOWING TOO CLOSELY,39.171472,-86.509376
10,5,1300.0,2-Car,No injury/unknown,OTHER (DRIVER) - EXPLAIN IN NARRATIVE,39.171472,-86.509376
11,2,2300.0,2-Car,No injury/unknown,FAILURE TO YIELD RIGHT OF WAY,39.171472,-86.509376
9,7,1700.0,2-Car,No injury/unknown,OTHER (DRIVER) - EXPLAIN IN NARRATIVE,39.17146934,-86.534768
1,2,1400.0,2-Car,No injury/unknown,FOLLOWING TOO CLOSELY,39.17145713,-86.50831223
2,3,800.0,1-Car,No injury/unknown,RAN OFF ROAD RIGHT,39.17139458,-86.49532416
1,3,2000.0,2-Car,No injury/unknown,FAILURE TO YIELD RIGHT OF WAY,39.17137345,-86.50708687
8,1,200.0,2-Car,No injury/unknown,ALCOHOLIC BEVERAGES,39.17136215,-86.50937387
3,3,1400.0,2-Car,No injury/unknown,OTHER (DRIVER) - EXPLAIN IN NARRATIVE,39.171333,-86.536099
8,4,800.0,2-Car,No injury/unknown,UNSAFE BACKING,39.17115409,-86.52458653
1,3,2100.0,Bus,No injury/unknown,SPEED TOO FAST FOR WEATHER CONDITIONS,39.17114167,-86.51577331
7,5,1800.0,2-Car,No injury/unknown,FOLLOWING TOO CLOSELY,39.171077,-86.513899
10,4,1600.0,2-Car,No injury/unknown,FAILURE TO YIELD RIGHT OF WAY,39.171,-86.538599
1,3,1700.0,Bus,No injury/unknown,IMPROPER PASSING,39.17098832,-86.52700452
1,6,700.0,2-Car,No injury/unknown,UNSAFE BACKING,39.17091135,-86.534768
9,4,1700.0,2-Car,No injury/unknown,OTHER (DRIVER) - EXPLAIN IN NARRATIVE,39.17088686,-86.534768
7,1,1700.0,2-Car,Non-incapacitating,FOLLOWING TOO CLOSELY,39.17086812,-86.51580352
10,2,1700.0,Bus,No injury/unknown,IMPROPER PASSING,39.17086788,-86.51580355
6,3,1200.0,2-Car,No injury/unknown,UNSAFE BACKING,39.17081848,-86.52573584
12,3,800.0,2-Car,No injury/unknown,FOLLOWING TOO CLOSELY,39.17072,-86.4956
7,3,1800.0,2-Car,No injury/unknown,DRIVER DISTRACTED - EXPLAIN IN NARRATIVE,39.17071649,-86.49560102
12,7,1000.0,2-Car,No injury/unknown,OTHER (DRIVER) - EXPLAIN IN NARRATIVE,39.17069688,-86.49485549
8,6,900.0,1-Car,Non-incapacitating,OTHER (VEHICLE) - EXPLAIN IN NARRATIVE,39.17068716,-86.49454232
6,2,1300.0,2-Car,No injury/unknown,UNSAFE BACKING,39.170648,-86.572352
11,6,200.0,2-Car,No injury/unknown,,39.17064,-86.504896
9,2,0.0,2-Car,No injury/unknown,DRIVER DISTRACTED - EXPLAIN IN NARRATIVE,39.17063543,-86.52573061
5,7,100.0,2-Car,No injury/unknown,UNSAFE BACKING,39.17057586,-86.53360637
2,2,1800.0,2-Car,No injury/unknown,FAILURE TO YIELD RIGHT OF WAY,39.170544,-86.529696
3,7,1800.0,2-Car,No injury/unknown,FAILURE TO YIELD RIGHT OF WAY,39.170544,-86.529696
2,5,1200.0,1-Car,No injury/unknown,OTHER (DRIVER) - EXPLAIN IN NARRATIVE,39.170544,-86.533536
2,6,1500.0,2-Car,No injury/unknown,IMPROPER TURNING,39.170544,-86.534768
3,5,1800.0,2-Car,No injury/unknown,FAILURE TO YIELD RIGHT OF WAY,39.170544,-86.534768
4,5,800.0,2-Car,No injury/unknown,IMPROPER TURNING,39.170544,-86.534768
6,5,2300.0,2-Car,No injury/unknown,ALCOHOLIC BEVERAGES,39.170544,-86.533536
8,5,1700.0,2-Car,No injury/unknown,FAILURE TO YIELD RIGHT OF WAY,39.170544,-86.533536
8,1,1600.0,2-Car,No injury/unknown,OTHER (DRIVER) - EXPLAIN IN NARRATIVE,39.170544,-86.52824
10,2,2100.0,2-Car,No injury/unknown,FAILURE TO YIELD RIGHT OF WAY,39.170544,-86.525728
10,6,1500.0,2-Car,No injury/unknown,FAILURE TO YIELD RIGHT OF WAY,39.170544,-86.534768
10,5,1900.0,Cyclist,Non-incapacitating,FAILURE TO YIELD RIGHT OF WAY,39.170544,-86.523488
10,6,1700.0,2-Car,No injury/unknown,CELL PHONE USAGE,39.170544,-86.5324
10,5,1100.0,3+ Cars,Non-incapacitating,FOLLOWING TOO CLOSELY,39.170544,-86.523488
11,7,1500.0,2-Car,No injury/unknown,IMPROPER LANE USAGE,39.170544,-86.52824
11,6,1100.0,2-Car,No injury/unknown,FAILURE TO YIELD RIGHT OF WAY,39.170544,-86.52824
12,4,1900.0,2-Car,No injury/unknown,FAILURE TO YIELD RIGHT OF WAY,39.170544,-86.526992
12,6,1600.0,2-Car,No injury/unknown,IMPROPER TURNING,39.170544,-86.526992
2,7,2000.0,2-Car,No injury/unknown,OTHER (DRIVER) - EXPLAIN IN NARRATIVE,39.170472,-86.57255297
3,7,1400.0,2-Car,No injury/unknown,UNSAFE BACKING,39.170472,-86.572527
7,3,800.0,2-Car,No injury/unknown,DRIVER DISTRACTED - EXPLAIN IN NARRATIVE,39.170448,-86.542096
2,4,1200.0,2-Car,No injury/unknown,OTHER (DRIVER) - EXPLAIN IN NARRATIVE,39.17043419,-86.52572614
2,1,1400.0,2-Car,No injury/unknown,IMPROPER TURNING,39.17043419,-86.53476977
10,5,800.0,2-Car,No injury/unknown,DRIVER DISTRACTED - EXPLAIN IN NARRATIVE,39.17043196,-86.50148798
2,3,2300.0,2-Car,No injury/unknown,IMPROPER LANE USAGE,39.1704,-86.53980173
10,6,1600.0,3+ Cars,No injury/unknown,FAILURE TO YIELD RIGHT OF WAY,39.17036824,-86.50145612
2,2,2200.0,2-Car,Non-incapacitating,FOLLOWING TOO CLOSELY,39.17036798,-86.50145599
8,6,1600.0,2-Car,No injury/unknown,DRIVER DISTRACTED - EXPLAIN IN NARRATIVE,39.1703182,-86.49571694
10,7,1200.0,2-Car,No injury/unknown,FAILURE TO YIELD RIGHT OF WAY,39.17031223,-86.51586491
1,3,2100.0,2-Car,No injury/unknown,ROADWAY SURFACE CONDITION,39.17029121,-86.5014176
1,4,1200.0,2-Car,Non-incapacitating,OTHER (DRIVER) - EXPLAIN IN NARRATIVE,39.17024,-86.501392
1,6,1300.0,2-Car,No injury/unknown,FOLLOWING TOO CLOSELY,39.17024,-86.501392
4,3,1300.0,2-Car,No injury/unknown,FAILURE TO YIELD RIGHT OF WAY,39.17024,-86.501392
7,5,1300.0,2-Car,No injury/unknown,FOLLOWING TOO CLOSELY,39.17024,-86.501392
2,7,400.0,1-Car,No injury/unknown,OTHER (DRIVER) - EXPLAIN IN NARRATIVE,39.17021523,-86.50132901
11,4,1600.0,2-Car,No injury/unknown,FOLLOWING TOO CLOSELY,39.17018377,-86.5158791
2,1,2200.0,2-Car,No injury/unknown,FAILURE TO YIELD RIGHT OF WAY,39.17013209,-86.5158848
9,6,2200.0,2-Car,No injury/unknown,UNSAFE BACKING,39.17013135,-86.522599
12,6,1900.0,2-Car,No injury/unknown,UNSAFE BACKING,39.17009861,-86.53477518
10,6,1900.0,2-Car,Non-incapacitating,FOLLOWING TOO CLOSELY,39.170096,-86.682256
3,5,1800.0,2-Car,No injury/unknown,DRIVER DISTRACTED - EXPLAIN IN NARRATIVE,39.170095,-86.576399
4,2,900.0,2-Car,No injury/unknown,OTHER (DRIVER) - EXPLAIN IN NARRATIVE,39.170095,-86.576399
4,1,1800.0,2-Car,No injury/unknown,OTHER (DRIVER) - EXPLAIN IN NARRATIVE,39.170095,-86.576399
9,2,1900.0,2-Car,No injury/unknown,UNSAFE BACKING,39.170095,-86.576399
10,7,1400.0,2-Car,Non-incapacitating,UNSAFE BACKING,39.170095,-86.576399
4,5,2200.0,2-Car,No injury/unknown,UNSAFE BACKING,39.170055,-86.534799
1,3,200.0,2-Car,No injury/unknown,FOLLOWING TOO CLOSELY,39.16982653,-86.53477957
9,4,1000.0,1-Car,No injury/unknown,RAN OFF ROAD RIGHT,39.169804,-86.54951345
7,2,1400.0,2-Car,Non-incapacitating,FOLLOWING TOO CLOSELY,39.1697281,-86.50113604
3,6,1400.0,2-Car,No injury/unknown,IMPROPER LANE USAGE,39.16968932,-86.53478179
2,7,300.0,2-Car,No injury/unknown,WRONG WAY ON ONE WAY,39.16965322,-86.53355037
9,6,1300.0,Cyclist,Non-incapacitating,OTHER (VEHICLE) - EXPLAIN IN NARRATIVE,39.16963298,-86.53355069
9,5,1500.0,2-Car,No injury/unknown,FAILURE TO YIELD RIGHT OF WAY,39.16962812,-86.51594046
8,2,1500.0,1-Car,No injury/unknown,OTHER (DRIVER) - EXPLAIN IN NARRATIVE,39.16962518,-86.54966069
1,2,1500.0,2-Car,No injury/unknown,FAILURE TO YIELD RIGHT OF WAY,39.169616,-86.52696
4,2,1300.0,2-Car,No injury/unknown,FAILURE TO YIELD RIGHT OF WAY,39.169616,-86.52696
3,3,700.0,2-Car,No injury/unknown,ROADWAY SURFACE CONDITION,39.16958818,-86.545695
10,4,1500.0,2-Car,No injury/unknown,UNSAFE SPEED,39.169584,-86.538576
10,6,1200.0,Pedestrian,Incapacitating,PEDESTRIAN ACTION,39.169584,-86.538576
11,6,500.0,2-Car,No injury/unknown,FAILURE TO YIELD RIGHT OF WAY,39.169584,-86.538576
5,4,1100.0,1-Car,No injury/unknown,DISREGARD SIGNAL/REG SIGN,39.16957931,-86.54962188
8,5,800.0,2-Car,No injury/unknown,OTHER (DRIVER) - EXPLAIN IN NARRATIVE,39.169568,-86.536
10,6,1000.0,2-Car,No injury/unknown,FAILURE TO YIELD RIGHT OF WAY,39.169568,-86.536
10,1,0.0,2-Car,No injury/unknown,OTHER (DRIVER) - EXPLAIN IN NARRATIVE,39.169568,-86.537296
7,5,1400.0,2-Car,No injury/unknown,UNSAFE BACKING,39.16956767,-86.5245058
7,1,2100.0,2-Car,No injury/unknown,OTHER (VEHICLE) - EXPLAIN IN NARRATIVE,39.16955572,-86.53506623
6,5,1800.0,2-Car,Non-incapacitating,DISREGARD SIGNAL/REG SIGN,39.169552,-86.52344
4,1,0.0,2-Car,No injury/unknown,FAILURE TO YIELD RIGHT OF WAY,39.169552,-86.52344
2,7,900.0,2-Car,No injury/unknown,FAILURE TO YIELD RIGHT OF WAY,39.169552,-86.534784
2,7,1700.0,2-Car,No injury/unknown,IMPROPER TURNING,39.169552,-86.534784
1,6,1300.0,2-Car,No injury/unknown,IMPROPER TURNING,39.169552,-86.534784
2,3,1100.0,2-Car,No injury/unknown,OTHER (DRIVER) - EXPLAIN IN NARRATIVE,39.169552,-86.5324
2,4,800.0,2-Car,No injury/unknown,FAILURE TO YIELD RIGHT OF WAY,39.169552,-86.529696
3,6,1200.0,2-Car,No injury/unknown,FAILURE TO YIELD RIGHT OF WAY,39.169552,-86.533552
3,6,0.0,2-Car,No injury/unknown,ALCOHOLIC BEVERAGES,39.169552,-86.534784
3,1,2200.0,2-Car,No injury/unknown,DISREGARD SIGNAL/REG SIGN,39.169552,-86.5324
5,6,300.0,2-Car,No injury/unknown,UNSAFE BACKING,39.169552,-86.533552
8,5,1600.0,2-Car,No injury/unknown,FAILURE TO YIELD RIGHT OF WAY,39.169552,-86.534784
8,2,1400.0,2-Car,No injury/unknown,IMPROPER TURNING,39.169552,-86.534784
9,5,2300.0,2-Car,No injury/unknown,FAILURE TO YIELD RIGHT OF WAY,39.169552,-86.5324
9,7,2300.0,2-Car,No injury/unknown,FOLLOWING TOO CLOSELY,39.169552,-86.534784
10,6,400.0,1-Car,No injury/unknown,ALCOHOLIC BEVERAGES,39.169552,-86.534784
10,3,1200.0,2-Car,No injury/unknown,IMPROPER TURNING,39.169552,-86.534784
10,3,2300.0,2-Car,Non-incapacitating,OTHER (DRIVER) - EXPLAIN IN NARRATIVE,39.169552,-86.533552
12,7,300.0,2-Car,No injury/unknown,FAILURE TO YIELD RIGHT OF WAY,39.169552,-86.534784
11,5,1700.0,2-Car,No injury/unknown,SPEED TOO FAST FOR WEATHER CONDITIONS,39.169552,-86.52344
12,3,2200.0,2-Car,No injury/unknown,IMPROPER TURNING,39.169552,-86.534784
12,2,2200.0,1-Car,Non-incapacitating,OTHER (DRIVER) - EXPLAIN IN NARRATIVE,39.169552,-86.533552
5,6,1500.0,2-Car,Non-incapacitating,FAILURE TO YIELD RIGHT OF WAY,39.1695,-86.534799
4,5,1700.0,2-Car,No injury/unknown,CELL PHONE USAGE,39.16947215,-86.50100806
10,3,1600.0,2-Car,No injury/unknown,FOLLOWING TOO CLOSELY,39.16947215,-86.50100806
12,6,1200.0,2-Car,No injury/unknown,DRIVER DISTRACTED - EXPLAIN IN NARRATIVE,39.16947215,-86.50100806
12,7,100.0,2-Car,No injury/unknown,IMPROPER TURNING,39.169472,-86.504864
2,5,1200.0,2-Car,No injury/unknown,IMPROPER LANE USAGE,39.16946869,-86.538576
11,7,200.0,Pedestrian,Non-incapacitating,ALCOHOLIC BEVERAGES,39.16942842,-86.53355417
10,4,1300.0,1-Car,No injury/unknown,RAN OFF ROAD RIGHT,39.16941,-86.489199
2,3,1300.0,2-Car,No injury/unknown,OTHER (DRIVER) - EXPLAIN IN NARRATIVE,39.169408,-86.481392
6,6,1200.0,2-Car,No injury/unknown,OTHER (DRIVER) - EXPLAIN IN NARRATIVE,39.169404,-86.536826
12,6,300.0,2-Car,No injury/unknown,ALCOHOLIC BEVERAGES,39.16935976,-86.53355537
5,3,1700.0,Cyclist,Non-incapacitating,FAILURE TO YIELD RIGHT OF WAY,39.169312,-86.495888
1,2,1700.0,2-Car,No injury/unknown,FAILURE TO YIELD RIGHT OF WAY,39.16921755,-86.51598579
8,2,1800.0,2-Car,No injury/unknown,FOLLOWING TOO CLOSELY,39.16921619,-86.50088009
6,7,300.0,2-Car,No injury/unknown,UNSAFE BACKING,39.16918905,-86.53355837
11,4,1600.0,2-Car,No injury/unknown,FAILURE TO YIELD RIGHT OF WAY,39.16900359,-86.564992
3,1,1200.0,Moped/Motorcycle,No injury/unknown,OTHER (DRIVER) - EXPLAIN IN NARRATIVE,39.16900114,-86.536
9,7,300.0,1-Car,No injury/unknown,UNSAFE SPEED,39.169,-86.495799
9,1,1200.0,3+ Cars,Non-incapacitating,FOLLOWING TOO CLOSELY,39.16896024,-86.50075211
10,7,2000.0,2-Car,Non-incapacitating,FOLLOWING TOO CLOSELY,39.16896024,-86.50075211
11,4,2000.0,2-Car,No injury/unknown,FOLLOWING TOO CLOSELY,39.168944,-86.516016
10,7,0.0,1-Car,No injury/unknown,ANIMAL/OBJECT IN ROADWAY,39.16893646,-86.66423274
12,3,1400.0,1-Car,No injury/unknown,OVERCORRECTING/OVERSTEERING,39.16893277,-86.67149918
5,2,1900.0,2-Car,No injury/unknown,UNSAFE BACKING,39.168929,-86.576399
5,4,1600.0,2-Car,No injury/unknown,UNSAFE BACKING,39.16889567,-86.51672252
1,7,1300.0,1-Car,No injury/unknown,OTHER (DRIVER) - EXPLAIN IN NARRATIVE,39.16878116,-86.54957721
1,5,1200.0,Bus,No injury/unknown,FAILURE TO YIELD RIGHT OF WAY,39.168752,-86.5436
6,5,1100.0,2-Car,No injury/unknown,UNSAFE BACKING,39.168752,-86.5436
2,2,1200.0,2-Car,No injury/unknown,UNSAFE BACKING,39.168752,-86.5436
10,1,1000.0,2-Car,No injury/unknown,OTHER (DRIVER) - EXPLAIN IN NARRATIVE,39.168752,-86.5436
1,4,800.0,2-Car,No injury/unknown,OTHER (DRIVER) - EXPLAIN IN NARRATIVE,39.16874743,-86.534784
5,5,1200.0,2-Car,No injury/unknown,UNSAFE BACKING,39.16872233,-86.52339633
12,1,1600.0,1-Car,No injury/unknown,OVERCORRECTING/OVERSTEERING,39.16871806,-86.66283373
1,5,900.0,2-Car,No injury/unknown,DISREGARD SIGNAL/REG SIGN,39.168704,-86.538576
6,5,1500.0,2-Car,No injury/unknown,FAILURE TO YIELD RIGHT OF WAY,39.168704,-86.539808
8,3,600.0,2-Car,No injury/unknown,OTHER (ENVIRONMENTAL) - EXPLAIN IN NARR,39.168704,-86.5452
11,5,1600.0,2-Car,No injury/unknown,OTHER (DRIVER) - EXPLAIN IN NARRATIVE,39.1687,-86.513897
9,6,2100.0,1-Car,No injury/unknown,OTHER (DRIVER) - EXPLAIN IN NARRATIVE,39.16867369,-86.497897
4,3,1100.0,2-Car,No injury/unknown,OTHER (DRIVER) - EXPLAIN IN NARRATIVE,39.168672,-86.536
4,4,1100.0,2-Car,No injury/unknown,UNSAFE BACKING,39.168672,-86.536
6,7,2300.0,1-Car,No injury/unknown,RAN OFF ROAD RIGHT,39.168672,-86.536
10,5,1500.0,2-Car,No injury/unknown,UNSAFE BACKING,39.168672,-86.536
10,6,700.0,2-Car,No injury/unknown,IMPROPER PASSING,39.168672,-86.536
5,3,1600.0,1-Car,No injury/unknown,UNSAFE SPEED,39.16867058,-86.51604817
7,7,700.0,2-Car,No injury/unknown,UNSAFE BACKING,39.16866968,-86.53582361
2,1,2300.0,2-Car,No injury/unknown,NONE (DRIVER),39.16865861,-86.53356767
2,5,1200.0,2-Car,No injury/unknown,DISREGARD SIGNAL/REG SIGN,39.168656,-86.534784
12,3,1500.0,2-Car,No injury/unknown,OTHER (DRIVER) - EXPLAIN IN NARRATIVE,39.168656,-86.534784
2,1,200.0,2-Car,Non-incapacitating,IMPROPER LANE USAGE,39.168656,-86.534784
4,4,1500.0,2-Car,No injury/unknown,FAILURE TO YIELD RIGHT OF WAY,39.168656,-86.534784
4,7,1900.0,2-Car,No injury/unknown,FAILURE TO YIELD RIGHT OF WAY,39.168656,-86.534784
5,2,1400.0,2-Car,No injury/unknown,IMPROPER TURNING,39.168656,-86.534784
7,6,1400.0,Pedestrian,Non-incapacitating,PEDESTRIAN ACTION,39.168656,-86.534784
8,2,2300.0,2-Car,Non-incapacitating,DISREGARD SIGNAL/REG SIGN,39.168656,-86.534784
9,7,800.0,2-Car,No injury/unknown,DISREGARD SIGNAL/REG SIGN,39.168656,-86.534784
10,1,1300.0,2-Car,No injury/unknown,OTHER (DRIVER) - EXPLAIN IN NARRATIVE,39.168656,-86.534784
1,4,1700.0,2-Car,No injury/unknown,FOLLOWING TOO CLOSELY,39.16865372,-86.52339272
10,6,1600.0,3+ Cars,Non-incapacitating,ROADWAY SURFACE CONDITION,39.16864806,-86.57204637
6,7,1000.0,2-Car,No injury/unknown,,39.16864372,-86.53385023
4,7,0.0,2-Car,No injury/unknown,DRIVER DISTRACTED - EXPLAIN IN NARRATIVE,39.16864,-86.523392
2,6,1400.0,Bus,No injury/unknown,OTHER (DRIVER) - EXPLAIN IN NARRATIVE,39.16864,-86.523392
1,5,1500.0,2-Car,No injury/unknown,OTHER (DRIVER) - EXPLAIN IN NARRATIVE,39.16864,-86.533568
1,2,700.0,2-Car,No injury/unknown,OTHER (DRIVER) - EXPLAIN IN NARRATIVE,39.16864,-86.526944
1,4,2100.0,2-Car,No injury/unknown,UNSAFE BACKING,39.16864,-86.53346161
3,7,400.0,1-Car,No injury/unknown,UNSAFE BACKING,39.16864,-86.533568
3,6,2100.0,2-Car,No injury/unknown,UNSAFE BACKING,39.16864,-86.533568
4,2,1200.0,2-Car,No injury/unknown,OTHER (DRIVER) - EXPLAIN IN NARRATIVE,39.16864,-86.533568
8,7,300.0,Moped/Motorcycle,No injury/unknown,DRIVER DISTRACTED - EXPLAIN IN NARRATIVE,39.16864,-86.533568
8,3,1600.0,3+ Cars,No injury/unknown,FAILURE TO YIELD RIGHT OF WAY,39.16864,-86.533568
9,1,1900.0,2-Car,No injury/unknown,UNSAFE BACKING,39.16864,-86.533568
9,3,1400.0,Cyclist,Non-incapacitating,OTHER (DRIVER) - EXPLAIN IN NARRATIVE,39.16864,-86.524496
9,3,1800.0,2-Car,No injury/unknown,FAILURE TO YIELD RIGHT OF WAY,39.16864,-86.529696
9,4,1100.0,Bus,No injury/unknown,OTHER (DRIVER) - EXPLAIN IN NARRATIVE,39.16864,-86.523392
9,5,1700.0,Bus,No injury/unknown,IMPROPER LANE USAGE,39.16864,-86.523392
10,7,2300.0,Pedestrian,Non-incapacitating,PEDESTRIAN ACTION,39.16864,-86.533568
10,5,1300.0,2-Car,No injury/unknown,UNSAFE BACKING,39.16864,-86.529696
11,2,1100.0,2-Car,No injury/unknown,DISREGARD SIGNAL/REG SIGN,39.16864,-86.533568
11,3,1200.0,3+ Cars,No injury/unknown,FAILURE TO YIELD RIGHT OF WAY,39.16864,-86.533568
11,4,1000.0,2-Car,No injury/unknown,LEFT OF CENTER,39.16864,-86.533568
11,1,300.0,2-Car,No injury/unknown,OTHER (DRIVER) - EXPLAIN IN NARRATIVE,39.16864,-86.533568
12,1,1500.0,2-Car,No injury/unknown,OTHER (VEHICLE) - EXPLAIN IN NARRATIVE,39.16864,-86.528224
5,7,1500.0,1-Car,Non-incapacitating,OVERCORRECTING/OVERSTEERING,39.16863684,-86.67082081
9,2,1300.0,2-Car,No injury/unknown,FAILURE TO YIELD RIGHT OF WAY,39.16863635,-86.51915565
11,2,2100.0,2-Car,No injury/unknown,UNSAFE BACKING,39.16862958,-86.52294205
6,5,1300.0,2-Car,No injury/unknown,UNSAFE BACKING,39.1686,-86.5374
5,3,600.0,2-Car,No injury/unknown,OTHER (VEHICLE) - EXPLAIN IN NARRATIVE,39.168576,-86.5496
1,2,500.0,1-Car,No injury/unknown,NONE (DRIVER),39.16855655,-86.66179927
3,3,1000.0,2-Car,Non-incapacitating,FAILURE TO YIELD RIGHT OF WAY,39.16850267,-86.529696
4,5,200.0,2-Car,No injury/unknown,UNSAFE SPEED,39.16850267,-86.530992
3,7,500.0,2-Car,No injury/unknown,OTHER (VEHICLE) - EXPLAIN IN NARRATIVE,39.1685,-86.533599
3,2,1900.0,2-Car,No injury/unknown,IMPROPER TURNING,39.1685,-86.534899
4,3,1100.0,2-Car,Non-incapacitating,FAILURE TO YIELD RIGHT OF WAY,39.1685,-86.534899
6,6,1600.0,2-Car,No injury/unknown,FAILURE TO YIELD RIGHT OF WAY,39.1685,-86.533599
7,2,200.0,2-Car,No injury/unknown,OTHER (DRIVER) - EXPLAIN IN NARRATIVE,39.1685,-86.528295
8,4,1500.0,3+ Cars,No injury/unknown,FOLLOWING TOO CLOSELY,39.1685,-86.534899
9,2,2000.0,1-Car,No injury/unknown,UNSAFE BACKING,39.1685,-86.52349946
11,6,1000.0,2-Car,No injury/unknown,FAILURE TO YIELD RIGHT OF WAY,39.16847197,-86.534784
2,6,1200.0,2-Car,No injury/unknown,FOLLOWING TOO CLOSELY,39.16842947,-86.53858029
4,1,2200.0,2-Car,No injury/unknown,UNSAFE BACKING,39.1684271,-86.518308
2,4,900.0,2-Car,No injury/unknown,UNSAFE BACKING,39.168242,-86.576396
11,4,2000.0,2-Car,No injury/unknown,IMPROPER TURNING,39.168242,-86.576396
9,4,1700.0,2-Car,No injury/unknown,FOLLOWING TOO CLOSELY,39.16812347,-86.51611253
6,2,800.0,1-Car,No injury/unknown,UNSAFE BACKING,39.16810533,-86.51611467
10,7,1300.0,2-Car,No injury/unknown,UNSAFE BACKING,39.167969,-86.576273
3,4,1600.0,2-Car,No injury/unknown,OTHER (DRIVER) - EXPLAIN IN NARRATIVE,39.16795466,-86.530992
9,4,2200.0,2-Car,No injury/unknown,UNSAFE BACKING,39.16790136,-86.50930869
5,4,1100.0,1-Car,No injury/unknown,DISREGARD SIGNAL/REG SIGN,39.1678,-86.516099
6,2,1700.0,2-Car,No injury/unknown,WRONG WAY ON ONE WAY,39.167744,-86.526928
6,6,2200.0,3+ Cars,No injury/unknown,DISREGARD SIGNAL/REG SIGN,39.167712,-86.5452
9,4,900.0,2-Car,No injury/unknown,OTHER (DRIVER) - EXPLAIN IN NARRATIVE,39.167712,-86.5452
6,7,1300.0,2-Car,No injury/unknown,FAILURE TO YIELD RIGHT OF WAY,39.167696,-86.542096
7,1,2200.0,2-Car,No injury/unknown,DRIVER DISTRACTED - EXPLAIN IN NARRATIVE,39.167696,-86.542096
11,1,1200.0,2-Car,No injury/unknown,OTHER (DRIVER) - EXPLAIN IN NARRATIVE,39.16768653,-86.53072751
11,6,1900.0,2-Car,No injury/unknown,FOLLOWING TOO CLOSELY,39.16768048,-86.50011224
5,4,1500.0,Cyclist,No injury/unknown,PEDESTRIAN ACTION,39.16768,-86.538592
5,5,1700.0,2-Car,No injury/unknown,ROADWAY SURFACE CONDITION,39.16768,-86.538592
9,6,1600.0,2-Car,Non-incapacitating,FAILURE TO YIELD RIGHT OF WAY,39.16768,-86.538592
10,4,2000.0,Cyclist,Non-incapacitating,OTHER (DRIVER) - EXPLAIN IN NARRATIVE,39.16768,-86.538592
11,3,1600.0,2-Car,No injury/unknown,OTHER (DRIVER) - EXPLAIN IN NARRATIVE,39.167673,-86.494899
10,5,800.0,2-Car,No injury/unknown,DISREGARD SIGNAL/REG SIGN,39.167664,-86.5324
12,5,1800.0,2-Car,No injury/unknown,OTHER (DRIVER) - EXPLAIN IN NARRATIVE,39.16765704,-86.53547083