Month,Day,Hour,Collision Type,Injury Type,Primary Factor,Latitude,Longitude
1,6,1100.0,2-Car,Non-incapacitating,OTHER (DRIVER) - EXPLAIN IN NARRATIVE,39.167648,-86.53460669
9,6,1300.0,2-Car,No injury/unknown,UNSAFE BACKING,39.167648,-86.53383098
3,4,1200.0,3+ Cars,No injury/unknown,FAILURE TO YIELD RIGHT OF WAY,39.167648,-86.534784
3,6,1300.0,2-Car,No injury/unknown,DISREGARD SIGNAL/REG SIGN,39.167648,-86.534784
4,2,900.0,Bus,No injury/unknown,IMPROPER TURNING,39.167648,-86.534784
5,4,1500.0,2-Car,No injury/unknown,FOLLOWING TOO CLOSELY,39.167648,-86.534784
7,5,1600.0,2-Car,No injury/unknown,DRIVER DISTRACTED - EXPLAIN IN NARRATIVE,39.167648,-86.534784
11,5,1300.0,2-Car,Non-incapacitating,OTHER (DRIVER) - EXPLAIN IN NARRATIVE,39.167648,-86.534784
9,4,2100.0,1-Car,No injury/unknown,OBSTRUCTION NOT MARKED,39.1676,-86.516168
12,4,1400.0,2-Car,No injury/unknown,IMPROPER LANE USAGE,39.16755179,-86.52692243
5,2,1400.0,2-Car,Non-incapacitating,UNSAFE BACKING,39.16751148,-86.53111335
8,7,1000.0,2-Car,No injury/unknown,FAILURE TO YIELD RIGHT OF WAY,39.1675,-86.533599
8,4,700.0,1-Car,No injury/unknown,DRIVER DISTRACTED - EXPLAIN IN NARRATIVE,39.1675,-86.53082
7,5,1200.0,2-Car,No injury/unknown,UNSAFE BACKING,39.16741693,-86.510899
12,4,1700.0,2-Car,No injury/unknown,OTHER (DRIVER) - EXPLAIN IN NARRATIVE,39.167409,-86.575904
4,6,1900.0,2-Car,No injury/unknown,IMPROPER LANE USAGE,39.1672661,-86.51619777
11,4,2300.0,2-Car,No injury/unknown,DRIVER DISTRACTED - EXPLAIN IN NARRATIVE,39.1672661,-86.51619777
11,4,2300.0,1-Car,No injury/unknown,UNSAFE BACKING,39.1672661,-86.51619777
3,4,800.0,2-Car,Non-incapacitating,OTHER (DRIVER) - EXPLAIN IN NARRATIVE,39.167187,-86.48122736
2,5,1500.0,1-Car,No injury/unknown,OTHER (DRIVER) - EXPLAIN IN NARRATIVE,39.167128,-86.516008
10,5,2200.0,Pedestrian,Non-incapacitating,FAILURE TO YIELD RIGHT OF WAY,39.167128,-86.516008
8,1,400.0,1-Car,No injury/unknown,ALCOHOLIC BEVERAGES,39.16711694,-86.65800234
5,1,100.0,2-Car,No injury/unknown,UNSAFE BACKING,39.167084,-86.499825
5,7,1900.0,2-Car,No injury/unknown,UNSAFE BACKING,39.167084,-86.499825
7,5,600.0,2-Car,Non-incapacitating,OTHER (DRIVER) - EXPLAIN IN NARRATIVE,39.167002,-86.582999
10,5,1500.0,2-Car,No injury/unknown,UNSAFE BACKING,39.16698971,-86.4924
7,4,1200.0,2-Car,No injury/unknown,OTHER (DRIVER) - EXPLAIN IN NARRATIVE,39.166944,-86.495056
8,7,2100.0,2-Car,No injury/unknown,FAILURE TO YIELD RIGHT OF WAY,39.166944,-86.495056
1,7,1600.0,2-Car,No injury/unknown,IMPROPER TURNING,39.16691448,-86.52690396
10,4,1500.0,2-Car,No injury/unknown,FAILURE TO YIELD RIGHT OF WAY,39.166912,-86.516224
11,2,1300.0,2-Car,No injury/unknown,OTHER (DRIVER) - EXPLAIN IN NARRATIVE,39.166912,-86.516224
3,7,900.0,1-Car,No injury/unknown,OTHER (DRIVER) - EXPLAIN IN NARRATIVE,39.166904,-86.51616905
5,6,1200.0,2-Car,No injury/unknown,FAILURE TO YIELD RIGHT OF WAY,39.1669,-86.516199
7,5,1700.0,2-Car,No injury/unknown,IMPROPER TURNING,39.1669,-86.51620592
6,1,1000.0,2-Car,No injury/unknown,FAILURE TO YIELD RIGHT OF WAY,39.1669,-86.493395
8,2,1100.0,2-Car,No injury/unknown,OTHER (VEHICLE) - EXPLAIN IN NARRATIVE,39.1669,-86.492427
2,5,0.0,2-Car,Non-incapacitating,FAILURE TO YIELD RIGHT OF WAY,39.166848,-86.506992
2,2,1700.0,2-Car,No injury/unknown,FAILURE TO YIELD RIGHT OF WAY,39.166848,-86.506992
9,3,1500.0,2-Car,No injury/unknown,UNSAFE BACKING,39.166848,-86.509296
11,4,1600.0,2-Car,No injury/unknown,DISREGARD SIGNAL/REG SIGN,39.166848,-86.506992
12,2,1100.0,1-Car,No injury/unknown,OTHER (DRIVER) - EXPLAIN IN NARRATIVE,39.166848,-86.4928
12,2,800.0,2-Car,Non-incapacitating,FAILURE TO YIELD RIGHT OF WAY,39.166848,-86.506992
2,7,1100.0,2-Car,No injury/unknown,IMPROPER LANE USAGE,39.16684586,-86.52690197
5,2,1800.0,2-Car,No injury/unknown,DISREGARD SIGNAL/REG SIGN,39.166816,-86.549488
9,3,1600.0,2-Car,No injury/unknown,FOLLOWING TOO CLOSELY,39.166816,-86.549488
10,4,700.0,2-Car,No injury/unknown,FAILURE TO YIELD RIGHT OF WAY,39.166816,-86.549488
10,3,1600.0,Moped/Motorcycle,Incapacitating,ALCOHOLIC BEVERAGES,39.166816,-86.549488
10,1,0.0,2-Car,No injury/unknown,UNSAFE BACKING,39.16681502,-86.529696
5,5,1500.0,2-Car,No injury/unknown,FAILURE TO YIELD RIGHT OF WAY,39.166803,-86.5071
10,2,600.0,Cyclist,Non-incapacitating,OTHER (DRIVER) - EXPLAIN IN NARRATIVE,39.166802,-86.509399
2,7,1100.0,2-Car,No injury/unknown,FOLLOWING TOO CLOSELY,39.16679979,-86.5609886
5,6,1300.0,3+ Cars,No injury/unknown,OTHER (DRIVER) - EXPLAIN IN NARRATIVE,39.16679979,-86.5609886
2,7,1600.0,2-Car,No injury/unknown,FAILURE TO YIELD RIGHT OF WAY,39.16677732,-86.53479782
8,2,1000.0,2-Car,No injury/unknown,OTHER (DRIVER) - EXPLAIN IN NARRATIVE,39.166774,-86.575999
11,3,1400.0,2-Car,No injury/unknown,UNSAFE BACKING,39.16677127,-86.54552653
12,1,1700.0,2-Car,No injury/unknown,OTHER (DRIVER) - EXPLAIN IN NARRATIVE,39.16677127,-86.54552653
9,5,1800.0,2-Car,No injury/unknown,FAILURE TO YIELD RIGHT OF WAY,39.166768,-86.5452
10,7,300.0,2-Car,No injury/unknown,ALCOHOLIC BEVERAGES,39.166768,-86.5452
9,2,2300.0,1-Car,No injury/unknown,UNSAFE BACKING,39.16673796,-86.54369796
4,5,1900.0,2-Car,No injury/unknown,OTHER (DRIVER) - EXPLAIN IN NARRATIVE,39.166699,-86.549599
7,5,1400.0,2-Car,No injury/unknown,UNSAFE BACKING,39.166688,-86.539808
9,3,900.0,1-Car,No injury/unknown,OVERCORRECTING/OVERSTEERING,39.166687,-86.516399
3,5,1200.0,2-Car,No injury/unknown,FAILURE TO YIELD RIGHT OF WAY,39.166672,-86.538608
5,7,1000.0,2-Car,No injury/unknown,DRIVER ASLEEP OR FATIGUED,39.166672,-86.538608
7,1,2000.0,2-Car,Non-incapacitating,OTHER (DRIVER) - EXPLAIN IN NARRATIVE,39.166672,-86.538608
9,3,1200.0,2-Car,Non-incapacitating,FAILURE TO YIELD RIGHT OF WAY,39.166672,-86.538608
10,6,1500.0,2-Car,No injury/unknown,VIEW OBSTRUCTED,39.166672,-86.538608
11,6,1700.0,2-Car,No injury/unknown,FAILURE TO YIELD RIGHT OF WAY,39.166672,-86.538608
2,7,1600.0,2-Car,No injury/unknown,FAILURE TO YIELD RIGHT OF WAY,39.166656,-86.537296
5,7,1900.0,2-Car,No injury/unknown,FAILURE TO YIELD RIGHT OF WAY,39.166656,-86.537296
7,7,1300.0,Cyclist,Non-incapacitating,PEDESTRIAN ACTION,39.166656,-86.537296
7,4,1500.0,2-Car,No injury/unknown,FOLLOWING TOO CLOSELY,39.166656,-86.537296
7,1,1500.0,2-Car,Non-incapacitating,FAILURE TO YIELD RIGHT OF WAY,39.166656,-86.537296
9,3,1300.0,2-Car,No injury/unknown,FAILURE TO YIELD RIGHT OF WAY,39.166656,-86.537296
6,6,800.0,1-Car,No injury/unknown,UNSAFE BACKING,39.16664,-86.52861755
2,7,800.0,2-Car,No injury/unknown,UNSAFE SPEED,39.16664,-86.52732155
5,4,1500.0,2-Car,No injury/unknown,IMPROPER TURNING,39.16664,-86.53444718
8,2,1100.0,2-Car,Non-incapacitating,FOLLOWING TOO CLOSELY,39.16664,-86.53345847
10,2,1800.0,2-Car,No injury/unknown,UNSAFE BACKING,39.16664,-86.53289435
11,7,1000.0,2-Car,No injury/unknown,UNSAFE BACKING,39.16664,-86.53462359
8,3,900.0,1-Car,No injury/unknown,OTHER (DRIVER) - EXPLAIN IN NARRATIVE,39.16664,-86.526896
5,4,1600.0,1-Car,No injury/unknown,RAN OFF ROAD RIGHT,39.16664,-86.526896
1,3,1400.0,2-Car,No injury/unknown,OTHER (DRIVER) - EXPLAIN IN NARRATIVE,39.16664,-86.528192
1,1,0.0,2-Car,No injury/unknown,FAILURE TO YIELD RIGHT OF WAY,39.16664,-86.5336
2,7,1700.0,2-Car,Non-incapacitating,FOLLOWING TOO CLOSELY,39.16664,-86.5348
4,7,2300.0,2-Car,No injury/unknown,IMPROPER TURNING,39.16664,-86.462496
3,6,1600.0,2-Car,No injury/unknown,,39.16664,-86.5336
3,5,0.0,2-Car,No injury/unknown,UNSAFE BACKING,39.16664,-86.5336
3,6,200.0,2-Car,Non-incapacitating,DISREGARD SIGNAL/REG SIGN,39.16664,-86.5348
4,7,1100.0,2-Car,No injury/unknown,OTHER (DRIVER) - EXPLAIN IN NARRATIVE,39.16664,-86.5336
4,4,1400.0,2-Car,No injury/unknown,FAILURE TO YIELD RIGHT OF WAY,39.16664,-86.5336
5,3,200.0,2-Car,No injury/unknown,ALCOHOLIC BEVERAGES,39.16664,-86.530992
5,5,1900.0,3+ Cars,No injury/unknown,FAILURE TO YIELD RIGHT OF WAY,39.16664,-86.528192
5,5,1500.0,2-Car,No injury/unknown,DRIVER DISTRACTED - EXPLAIN IN NARRATIVE,39.16664,-86.530992
6,5,1500.0,2-Car,No injury/unknown,IMPROPER TURNING,39.16664,-86.5324
6,1,800.0,3+ Cars,Non-incapacitating,DISREGARD SIGNAL/REG SIGN,39.16664,-86.5336
7,2,1900.0,Pedestrian,Non-incapacitating,PEDESTRIAN ACTION,39.16664,-86.5336
7,3,1200.0,3+ Cars,Non-incapacitating,OTHER (DRIVER) - EXPLAIN IN NARRATIVE,39.16664,-86.5348
8,4,1800.0,2-Car,No injury/unknown,OTHER (DRIVER) - EXPLAIN IN NARRATIVE,39.16664,-86.529696
8,3,300.0,2-Car,No injury/unknown,UNSAFE BACKING,39.16664,-86.530992
8,4,1400.0,2-Car,No injury/unknown,OTHER (DRIVER) - EXPLAIN IN NARRATIVE,39.16664,-86.53067461
8,5,1400.0,2-Car,No injury/unknown,DISREGARD SIGNAL/REG SIGN,39.16664,-86.5348
9,2,1700.0,Pedestrian,Non-incapacitating,PEDESTRIAN ACTION,39.16664,-86.5336
9,3,0.0,2-Car,No injury/unknown,DRIVER DISTRACTED - EXPLAIN IN NARRATIVE,39.16664,-86.528192
10,6,1600.0,2-Car,No injury/unknown,OTHER (DRIVER) - EXPLAIN IN NARRATIVE,39.16664,-86.526896
10,6,1900.0,Pedestrian,Non-incapacitating,FAILURE TO YIELD RIGHT OF WAY,39.16664,-86.526896
10,1,100.0,2-Car,No injury/unknown,IMPROPER LANE USAGE,39.16664,-86.5336
11,7,1300.0,2-Car,No injury/unknown,FOLLOWING TOO CLOSELY,39.16664,-86.5336
11,4,2300.0,1-Car,No injury/unknown,ALCOHOLIC BEVERAGES,39.16664,-86.5348
11,7,2300.0,2-Car,No injury/unknown,OTHER (DRIVER) - EXPLAIN IN NARRATIVE,39.16664,-86.528192
11,2,1500.0,2-Car,No injury/unknown,FOLLOWING TOO CLOSELY,39.16664,-86.5324
12,6,1400.0,2-Car,No injury/unknown,FAILURE TO YIELD RIGHT OF WAY,39.16664,-86.529696
12,5,1000.0,2-Car,No injury/unknown,DISREGARD SIGNAL/REG SIGN,39.16664,-86.5348
3,5,1700.0,2-Car,No injury/unknown,FAILURE TO YIELD RIGHT OF WAY,39.1666,-86.53358851
5,4,1200.0,2-Car,No injury/unknown,FAILURE TO YIELD RIGHT OF WAY,39.1666,-86.5361
5,5,800.0,2-Car,No injury/unknown,FOLLOWING TOO CLOSELY,39.1666,-86.53739481
5,4,1700.0,2-Car,Non-incapacitating,FOLLOWING TOO CLOSELY,39.1666,-86.53360149
7,6,1500.0,2-Car,No injury/unknown,FAILURE TO YIELD RIGHT OF WAY,39.1666,-86.53736
7,5,1100.0,2-Car,No injury/unknown,FAILURE TO YIELD RIGHT OF WAY,39.1666,-86.5336
12,6,1500.0,2-Car,No injury/unknown,FOLLOWING TOO CLOSELY,39.1666,-86.534898
3,4,100.0,2-Car,No injury/unknown,ALCOHOLIC BEVERAGES,39.166599,-86.534899
4,5,800.0,1-Car,No injury/unknown,UNSAFE BACKING,39.166599,-86.538699
1,4,300.0,1-Car,No injury/unknown,ALCOHOLIC BEVERAGES,39.16657901,-86.46360922
12,1,1700.0,1-Car,Incapacitating,RAN OFF ROAD RIGHT,39.16657688,-86.46364818
3,5,1800.0,Bus,No injury/unknown,IMPROPER LANE USAGE,39.16657345,-86.509296
4,7,1400.0,2-Car,No injury/unknown,UNSAFE BACKING,39.16655822,-86.492816
12,5,1300.0,2-Car,No injury/unknown,OTHER (DRIVER) - EXPLAIN IN NARRATIVE,39.16655822,-86.492816
10,1,100.0,2-Car,No injury/unknown,OTHER (DRIVER) - EXPLAIN IN NARRATIVE,39.166507,-86.526885
4,6,1400.0,2-Car,No injury/unknown,UNSAFE BACKING,39.16650282,-86.52688936
4,3,0.0,2-Car,No injury/unknown,UNSAFE BACKING,39.1665,-86.52819933
3,3,800.0,1-Car,No injury/unknown,RAN OFF ROAD RIGHT,39.1665,-86.531016
5,5,1200.0,2-Car,Non-incapacitating,WRONG WAY ON ONE WAY,39.1665,-86.530964
7,2,1100.0,2-Car,No injury/unknown,FAILURE TO YIELD RIGHT OF WAY,39.1665,-86.531099
9,5,200.0,1-Car,No injury/unknown,UNSAFE BACKING,39.16649719,-86.52685131
10,3,0.0,2-Car,No injury/unknown,ILLEGAL DRUGS,39.16647804,-86.52688816
3,3,800.0,2-Car,Non-incapacitating,FAILURE TO YIELD RIGHT OF WAY,39.166432,-86.4812
11,4,1000.0,2-Car,No injury/unknown,OTHER (DRIVER) - EXPLAIN IN NARRATIVE,39.166432,-86.4812
9,7,1500.0,2-Car,Non-incapacitating,UNSAFE BACKING,39.16640855,-86.509296
12,5,1400.0,2-Car,No injury/unknown,DRIVER DISTRACTED - EXPLAIN IN NARRATIVE,39.16639737,-86.5386035
5,7,1300.0,2-Car,No injury/unknown,ROADWAY SURFACE CONDITION,39.1663,-86.481295
11,5,2100.0,3+ Cars,No injury/unknown,OTHER (DRIVER) - EXPLAIN IN NARRATIVE,39.16622802,-86.5336
5,3,2000.0,2-Car,No injury/unknown,IMPROPER LANE USAGE,39.1662177,-86.51097988
8,5,2000.0,2-Car,Non-incapacitating,DRIVER DISTRACTED - EXPLAIN IN NARRATIVE,39.1662177,-86.51097988
11,4,1700.0,2-Car,No injury/unknown,OTHER (DRIVER) - EXPLAIN IN NARRATIVE,39.1662177,-86.51097988
6,7,800.0,2-Car,No injury/unknown,OTHER (DRIVER) - EXPLAIN IN NARRATIVE,39.166201,-86.475499
11,5,1800.0,3+ Cars,No injury/unknown,FOLLOWING TOO CLOSELY,39.166199,-86.516399
12,7,1900.0,2-Car,No injury/unknown,OTHER (DRIVER) - EXPLAIN IN NARRATIVE,39.16601866,-86.506992
1,3,2100.0,1-Car,No injury/unknown,ROADWAY SURFACE CONDITION,39.1659885,-86.545601
10,5,900.0,2-Car,No injury/unknown,IMPROPER LANE USAGE,39.16592668,-86.57295509
2,2,1500.0,2-Car,No injury/unknown,OTHER (DRIVER) - EXPLAIN IN NARRATIVE,39.16588568,-86.516399
10,6,1800.0,1-Car,No injury/unknown,GLARE,39.16584,-86.488688
3,4,1000.0,2-Car,No injury/unknown,OTHER (DRIVER) - EXPLAIN IN NARRATIVE,39.165736,-86.544464
1,7,1600.0,2-Car,No injury/unknown,FAILURE TO YIELD RIGHT OF WAY,39.165696,-86.538592
2,7,1600.0,2-Car,Non-incapacitating,FAILURE TO YIELD RIGHT OF WAY,39.165696,-86.538592
9,7,1800.0,2-Car,No injury/unknown,DISREGARD SIGNAL/REG SIGN,39.165696,-86.538592
11,5,1700.0,2-Car,No injury/unknown,FAILURE TO YIELD RIGHT OF WAY,39.165696,-86.508208
12,4,900.0,2-Car,Non-incapacitating,FAILURE TO YIELD RIGHT OF WAY,39.165696,-86.538592
9,1,1400.0,2-Car,No injury/unknown,OTHER (DRIVER) - EXPLAIN IN NARRATIVE,39.16568,-86.537296
3,2,2300.0,2-Car,No injury/unknown,LEFT OF CENTER,39.165664,-86.5348
8,6,200.0,2-Car,No injury/unknown,ALCOHOLIC BEVERAGES,39.165664,-86.5348
1,3,1800.0,1-Car,No injury/unknown,ALCOHOLIC BEVERAGES,39.16565459,-86.53409447
4,3,1700.0,2-Car,No injury/unknown,FAILURE TO YIELD RIGHT OF WAY,39.165648,-86.526848
1,4,600.0,2-Car,No injury/unknown,OTHER (DRIVER) - EXPLAIN IN NARRATIVE,39.165648,-86.5324
1,6,1900.0,2-Car,No injury/unknown,OTHER (DRIVER) - EXPLAIN IN NARRATIVE,39.165648,-86.528144
2,3,1600.0,2-Car,No injury/unknown,OTHER (VEHICLE) - EXPLAIN IN NARRATIVE,39.165648,-86.528144
5,3,300.0,3+ Cars,No injury/unknown,WRONG WAY ON ONE WAY,39.165648,-86.528144
5,6,1800.0,2-Car,No injury/unknown,IMPROPER TURNING,39.165648,-86.5336
5,2,2000.0,2-Car,No injury/unknown,OTHER (DRIVER) - EXPLAIN IN NARRATIVE,39.165648,-86.528144
6,2,1400.0,2-Car,No injury/unknown,OTHER (DRIVER) - EXPLAIN IN NARRATIVE,39.165648,-86.528144
7,5,1400.0,Moped/Motorcycle,Non-incapacitating,SPEED TOO FAST FOR WEATHER CONDITIONS,39.165648,-86.526848
8,3,1100.0,2-Car,No injury/unknown,NONE (DRIVER),39.165648,-86.526848
8,3,2200.0,2-Car,No injury/unknown,FAILURE TO YIELD RIGHT OF WAY,39.165648,-86.531008
8,3,1500.0,2-Car,No injury/unknown,IMPROPER LANE USAGE,39.165648,-86.5324
9,7,1400.0,2-Car,No injury/unknown,FAILURE TO YIELD RIGHT OF WAY,39.165648,-86.5324
9,2,1800.0,2-Car,No injury/unknown,DISREGARD SIGNAL/REG SIGN,39.165648,-86.5336
10,3,1400.0,2-Car,No injury/unknown,FAILURE TO YIELD RIGHT OF WAY,39.165648,-86.5324
11,6,2100.0,1-Car,No injury/unknown,RAN OFF ROAD RIGHT,39.165648,-86.5336
11,2,1100.0,2-Car,No injury/unknown,,39.165648,-86.52952
12,7,900.0,2-Car,No injury/unknown,DISREGARD SIGNAL/REG SIGN,39.165648,-86.5336
12,1,700.0,3+ Cars,No injury/unknown,LEFT OF CENTER,39.165648,-86.529712
12,3,300.0,1-Car,No injury/unknown,ALCOHOLIC BEVERAGES,39.165648,-86.5336
8,3,1300.0,2-Car,No injury/unknown,OTHER (VEHICLE) - EXPLAIN IN NARRATIVE,39.1656,-86.534898
5,7,1500.0,2-Car,No injury/unknown,IMPROPER TURNING,39.165599,-86.534899
6,2,1700.0,2-Car,No injury/unknown,FAILURE TO YIELD RIGHT OF WAY,39.165599,-86.575999
8,4,1000.0,2-Car,Non-incapacitating,DISREGARD SIGNAL/REG SIGN,39.165599,-86.531099
6,3,300.0,1-Car,No injury/unknown,LEFT OF CENTER,39.16552457,-86.52971396
10,3,1100.0,2-Car,No injury/unknown,OTHER (DRIVER) - EXPLAIN IN NARRATIVE,39.16551,-86.52836
6,3,1300.0,2-Car,No injury/unknown,DRIVER DISTRACTED - EXPLAIN IN NARRATIVE,39.16550106,-86.52684212
1,4,1200.0,2-Car,No injury/unknown,OTHER (DRIVER) - EXPLAIN IN NARRATIVE,39.16546334,-86.536099
10,5,1400.0,2-Car,No injury/unknown,UNSAFE BACKING,39.16545208,-86.52684016
12,4,700.0,2-Car,No injury/unknown,IMPROPER PASSING,39.165401,-86.516399
4,7,1300.0,2-Car,No injury/unknown,OTHER (DRIVER) - EXPLAIN IN NARRATIVE,39.165399,-86.51640998
5,5,1600.0,2-Car,No injury/unknown,UNSAFE BACKING,39.165399,-86.5164143
6,5,1300.0,2-Car,No injury/unknown,UNSAFE BACKING,39.165399,-86.51640219
1,4,1600.0,2-Car,Non-incapacitating,FAILURE TO YIELD RIGHT OF WAY,39.165399,-86.5164143
8,5,2000.0,2-Car,No injury/unknown,FAILURE TO YIELD RIGHT OF WAY,39.165399,-86.51640133
10,1,2000.0,2-Car,No injury/unknown,IMPROPER TURNING,39.165399,-86.516397
2,1,1500.0,2-Car,No injury/unknown,FAILURE TO YIELD RIGHT OF WAY,39.16538796,-86.564999
4,6,1500.0,2-Car,No injury/unknown,FOLLOWING TOO CLOSELY,39.16537348,-86.52683702
2,1,1900.0,3+ Cars,Non-incapacitating,FOLLOWING TOO CLOSELY,39.165301,-86.582995
10,2,1900.0,2-Car,No injury/unknown,SPEED TOO FAST FOR WEATHER CONDITIONS,39.165301,-86.582995
4,6,2100.0,2-Car,No injury/unknown,FAILURE TO YIELD RIGHT OF WAY,39.1653,-86.51188435
10,6,1200.0,2-Car,No injury/unknown,FAILURE TO YIELD RIGHT OF WAY,39.1653,-86.513635
4,1,1400.0,3+ Cars,Non-incapacitating,OTHER (DRIVER) - EXPLAIN IN NARRATIVE,39.1652985,-86.46982135
6,7,1100.0,2-Car,No injury/unknown,FAILURE TO YIELD RIGHT OF WAY,39.16509895,-86.52682604
8,6,1800.0,3+ Cars,No injury/unknown,FOLLOWING TOO CLOSELY,39.16508981,-86.47032845
1,3,1200.0,2-Car,Non-incapacitating,OTHER (DRIVER) - EXPLAIN IN NARRATIVE,39.165088,-86.582896
7,4,1500.0,2-Car,No injury/unknown,FAILURE TO YIELD RIGHT OF WAY,39.16506397,-86.495088
10,3,900.0,3+ Cars,Non-incapacitating,FOLLOWING TOO CLOSELY,39.165056,-86.653168
5,7,900.0,2-Car,Non-incapacitating,OTHER (DRIVER) - EXPLAIN IN NARRATIVE,39.16499973,-86.4523412
7,7,1200.0,2-Car,No injury/unknown,OTHER (DRIVER) - EXPLAIN IN NARRATIVE,39.16496667,-86.61315864
2,3,2000.0,1-Car,Non-incapacitating,PEDESTRIAN ACTION,39.16496255,-86.5712
9,4,1200.0,Bus,No injury/unknown,IMPROPER TURNING,39.16496145,-86.47064037
4,1,2000.0,2-Car,No injury/unknown,OTHER (DRIVER) - EXPLAIN IN NARRATIVE,39.16495822,-86.61246409
9,4,800.0,2-Car,Non-incapacitating,GLARE,39.16494486,-86.61136656
4,2,1800.0,Bus,No injury/unknown,UNSAFE BACKING,39.16492,-86.599199
8,6,1800.0,2-Car,No injury/unknown,OTHER (DRIVER) - EXPLAIN IN NARRATIVE,39.1649,-86.570465
1,2,1600.0,2-Car,Non-incapacitating,DISREGARD SIGNAL/REG SIGN,39.16485453,-86.59907373
9,3,1600.0,2-Car,Non-incapacitating,DRIVER DISTRACTED - EXPLAIN IN NARRATIVE,39.16485112,-86.60534385
1,4,1700.0,2-Car,Non-incapacitating,OTHER (DRIVER) - EXPLAIN IN NARRATIVE,39.16484801,-86.59169077
10,4,1600.0,2-Car,Non-incapacitating,OTHER (DRIVER) - EXPLAIN IN NARRATIVE,39.164848,-86.58730123
8,5,1700.0,3+ Cars,Non-incapacitating,OTHER (DRIVER) - EXPLAIN IN NARRATIVE,39.164848,-86.58832537
9,5,1400.0,2-Car,No injury/unknown,FAILURE TO YIELD RIGHT OF WAY,39.164848,-86.58307331
8,5,600.0,2-Car,No injury/unknown,UNSAFE BACKING,39.164848,-86.5761011
8,5,1800.0,2-Car,Non-incapacitating,FAILURE TO YIELD RIGHT OF WAY,39.164848,-86.57487674
10,4,600.0,2-Car,No injury/unknown,FOLLOWING TOO CLOSELY,39.164848,-86.581504
12,3,1700.0,2-Car,No injury/unknown,FAILURE TO YIELD RIGHT OF WAY,39.164848,-86.5768688
12,3,1200.0,2-Car,Non-incapacitating,FAILURE TO YIELD RIGHT OF WAY,39.164848,-86.57614099
12,6,1700.0,2-Car,No injury/unknown,FAILURE TO YIELD RIGHT OF WAY,39.164848,-86.57596151
2,2,1200.0,2-Car,No injury/unknown,OVERCORRECTING/OVERSTEERING,39.16482122,-86.5789551
7,3,1900.0,2-Car,No injury/unknown,OTHER (VEHICLE) - EXPLAIN IN NARRATIVE,39.16482122,-86.5789551
12,7,1600.0,2-Car,No injury/unknown,OTHER (VEHICLE) - EXPLAIN IN NARRATIVE,39.16482122,-86.5789551
9,3,1500.0,2-Car,Non-incapacitating,UNSAFE SPEED,39.1648,-86.5991
7,2,1600.0,2-Car,No injury/unknown,DRIVER DISTRACTED - EXPLAIN IN NARRATIVE,39.1648,-86.5992732
8,4,700.0,2-Car,Non-incapacitating,FAILURE TO YIELD RIGHT OF WAY,39.1648,-86.5991
3,5,1400.0,3+ Cars,Non-incapacitating,DRIVER DISTRACTED - EXPLAIN IN NARRATIVE,39.1648,-86.5991
6,2,1300.0,1-Car,Non-incapacitating,UNSAFE SPEED,39.1648,-86.573792
10,1,1300.0,2-Car,No injury/unknown,IMPROPER TURNING,39.16478931,-86.495088
12,6,1500.0,2-Car,No injury/unknown,FAILURE TO YIELD RIGHT OF WAY,39.16478931,-86.495088
5,2,1300.0,1-Car,Non-incapacitating,OVERCORRECTING/OVERSTEERING,39.16476574,-86.59502794
10,6,1100.0,2-Car,No injury/unknown,FOLLOWING TOO CLOSELY,39.16476574,-86.59228452
11,6,800.0,3+ Cars,No injury/unknown,DRIVER DISTRACTED - EXPLAIN IN NARRATIVE,39.16476574,-86.59228452
4,3,1500.0,2-Car,No injury/unknown,OTHER (DRIVER) - EXPLAIN IN NARRATIVE,39.16476574,-86.59230184
8,6,100.0,1-Car,No injury/unknown,OTHER (DRIVER) - EXPLAIN IN NARRATIVE,39.16476574,-86.59231185
12,6,1400.0,2-Car,No injury/unknown,OTHER (DRIVER) - EXPLAIN IN NARRATIVE,39.16475893,-86.537296
1,3,1800.0,2-Car,Non-incapacitating,IMPROPER TURNING,39.164752,-86.573104
1,6,2100.0,2-Car,Non-incapacitating,FAILURE TO YIELD RIGHT OF WAY,39.164752,-86.573104
2,5,1000.0,3+ Cars,Non-incapacitating,FOLLOWING TOO CLOSELY,39.164752,-86.573104
2,7,2100.0,2-Car,Non-incapacitating,DRIVER DISTRACTED - EXPLAIN IN NARRATIVE,39.164752,-86.573104
2,6,1500.0,2-Car,Non-incapacitating,DRIVER DISTRACTED - EXPLAIN IN NARRATIVE,39.164752,-86.573104
1,4,1200.0,2-Car,No injury/unknown,FOLLOWING TOO CLOSELY,39.164752,-86.573104
3,7,1800.0,2-Car,No injury/unknown,OTHER (DRIVER) - EXPLAIN IN NARRATIVE,39.164752,-86.573104
7,6,1800.0,2-Car,No injury/unknown,FAILURE TO YIELD RIGHT OF WAY,39.164752,-86.573104
7,1,1400.0,2-Car,No injury/unknown,FOLLOWING TOO CLOSELY,39.164752,-86.573104
8,5,1000.0,1-Car,No injury/unknown,DRIVER ILLNESS,39.164752,-86.573104
8,4,1800.0,2-Car,No injury/unknown,OTHER (DRIVER) - EXPLAIN IN NARRATIVE,39.164752,-86.573104
9,3,2000.0,2-Car,No injury/unknown,DISREGARD SIGNAL/REG SIGN,39.164752,-86.573104
10,4,900.0,2-Car,No injury/unknown,DISREGARD SIGNAL/REG SIGN,39.164752,-86.573104
10,5,1300.0,3+ Cars,No injury/unknown,UNSAFE SPEED,39.164752,-86.573104