Month,Day,Hour,Collision Type,Injury Type,Primary Factor,Latitude,Longitude
10,3,1600.0,3+ Cars,No injury/unknown,OTHER (DRIVER) - EXPLAIN IN NARRATIVE,39.164752,-86.573104
11,5,600.0,2-Car,No injury/unknown,UNSAFE SPEED,39.164752,-86.573104
12,3,1800.0,2-Car,No injury/unknown,FOLLOWING TOO CLOSELY,39.164752,-86.573104
12,5,1500.0,2-Car,No injury/unknown,OTHER (DRIVER) - EXPLAIN IN NARRATIVE,39.164752,-86.573104
7,3,1600.0,2-Car,No injury/unknown,UNSAFE BACKING,39.16474251,-86.57282163
1,1,1700.0,2-Car,No injury/unknown,UNSAFE BACKING,39.16472678,-86.5723537
1,3,1900.0,2-Car,No injury/unknown,SPEED TOO FAST FOR WEATHER CONDITIONS,39.16472,-86.538592
6,5,100.0,2-Car,No injury/unknown,ALCOHOLIC BEVERAGES,39.16472,-86.538592
12,3,1900.0,2-Car,No injury/unknown,FAILURE TO YIELD RIGHT OF WAY,39.16472,-86.538592
9,7,1600.0,2-Car,No injury/unknown,VIEW OBSTRUCTED,39.16471159,-86.5719019
10,6,2000.0,2-Car,No injury/unknown,UNSAFE BACKING,39.16470933,-86.57183467
8,5,1700.0,2-Car,No injury/unknown,UNSAFE BACKING,39.164704,-86.537296
8,4,1200.0,1-Car,No injury/unknown,RAN OFF ROAD LEFT,39.164704,-86.537296
1,4,1800.0,2-Car,No injury/unknown,UNSAFE BACKING,39.1647,-86.5865
3,5,2300.0,1-Car,No injury/unknown,OTHER (DRIVER) - EXPLAIN IN NARRATIVE,39.1647,-86.58338
9,3,1300.0,2-Car,No injury/unknown,IMPROPER TURNING,39.1647,-86.589098
9,3,1000.0,2-Car,No injury/unknown,FOLLOWING TOO CLOSELY,39.1647,-86.585701
9,1,500.0,1-Car,Non-incapacitating,DRIVER ASLEEP OR FATIGUED,39.1647,-86.585701
1,5,1100.0,2-Car,Non-incapacitating,OTHER (DRIVER) - EXPLAIN IN NARRATIVE,39.164688,-86.5712
3,4,1500.0,2-Car,Non-incapacitating,OTHER (DRIVER) - EXPLAIN IN NARRATIVE,39.164688,-86.5712
4,5,1200.0,2-Car,No injury/unknown,DISREGARD SIGNAL/REG SIGN,39.164688,-86.5712
4,5,1600.0,2-Car,No injury/unknown,FAILURE TO YIELD RIGHT OF WAY,39.164688,-86.5712
7,6,1600.0,2-Car,No injury/unknown,SPEED TOO FAST FOR WEATHER CONDITIONS,39.164688,-86.5712
9,6,1200.0,3+ Cars,Non-incapacitating,FAILURE TO YIELD RIGHT OF WAY,39.164688,-86.5712
11,3,1800.0,2-Car,No injury/unknown,OTHER (DRIVER) - EXPLAIN IN NARRATIVE,39.164688,-86.5712
11,4,2000.0,Moped/Motorcycle,Non-incapacitating,DISREGARD SIGNAL/REG SIGN,39.164688,-86.5712
12,3,1200.0,2-Car,No injury/unknown,IMPROPER TURNING,39.164688,-86.5712
12,5,1300.0,2-Car,No injury/unknown,DISREGARD SIGNAL/REG SIGN,39.164688,-86.5712
1,3,1600.0,2-Car,No injury/unknown,FAILURE TO YIELD RIGHT OF WAY,39.16468378,-86.58288787
6,2,1300.0,2-Car,Non-incapacitating,FAILURE TO YIELD RIGHT OF WAY,39.16468378,-86.58292033
9,6,2100.0,2-Car,Non-incapacitating,DRIVER ILLNESS,39.16467533,-86.570478
12,4,1700.0,2-Car,No injury/unknown,OTHER (DRIVER) - EXPLAIN IN NARRATIVE,39.16467533,-86.570478
10,6,1700.0,2-Car,No injury/unknown,OTHER (DRIVER) - EXPLAIN IN NARRATIVE,39.16467067,-86.57025067
5,2,1200.0,2-Car,Non-incapacitating,FOLLOWING TOO CLOSELY,39.16464526,-86.53499228
12,7,1200.0,2-Car,No injury/unknown,FAILURE TO YIELD RIGHT OF WAY,39.16464055,-86.47142014
8,2,1600.0,2-Car,No injury/unknown,FOLLOWING TOO CLOSELY,39.16464,-86.56428637
2,3,1600.0,2-Car,No injury/unknown,IMPROPER LANE USAGE,39.16464,-86.52946204
4,6,900.0,Bus,No injury/unknown,FOLLOWING TOO CLOSELY,39.16464,-86.52937519
11,5,1900.0,2-Car,No injury/unknown,UNSAFE BACKING,39.16464,-86.53084759
2,5,2000.0,2-Car,No injury/unknown,FAILURE TO YIELD RIGHT OF WAY,39.16464,-86.534816
1,2,1600.0,2-Car,Non-incapacitating,ILLEGAL DRUGS,39.16464,-86.534816
1,1,,2-Car,No injury/unknown,,39.16464,-86.569392
1,7,1200.0,2-Car,No injury/unknown,FAILURE TO YIELD RIGHT OF WAY,39.16464,-86.534816
2,4,1300.0,2-Car,Non-incapacitating,DRIVER DISTRACTED - EXPLAIN IN NARRATIVE,39.16464,-86.568
6,6,1800.0,2-Car,No injury/unknown,FAILURE TO YIELD RIGHT OF WAY,39.16464,-86.533
2,3,800.0,3+ Cars,No injury/unknown,FOLLOWING TOO CLOSELY,39.16464,-86.568
10,2,2200.0,1-Car,Non-incapacitating,ANIMAL/OBJECT IN ROADWAY,39.16464,-86.534816
2,1,2000.0,2-Car,No injury/unknown,FAILURE TO YIELD RIGHT OF WAY,39.16464,-86.529728
2,5,1900.0,2-Car,Non-incapacitating,FAILURE TO YIELD RIGHT OF WAY,39.16464,-86.534816
2,5,2000.0,2-Car,Non-incapacitating,DISREGARD SIGNAL/REG SIGN,39.16464,-86.5324
3,2,1800.0,2-Car,No injury/unknown,PRESCRIPTION DRUGS,39.16464,-86.56913891
3,5,1900.0,3+ Cars,Non-incapacitating,FAILURE TO YIELD RIGHT OF WAY,39.16464,-86.529728
3,4,1600.0,2-Car,No injury/unknown,FAILURE TO YIELD RIGHT OF WAY,39.16464,-86.529728
4,6,900.0,2-Car,Non-incapacitating,DISREGARD SIGNAL/REG SIGN,39.16464,-86.531024
4,6,1700.0,2-Car,No injury/unknown,DISREGARD SIGNAL/REG SIGN,39.16464,-86.5324
4,7,1000.0,2-Car,No injury/unknown,FAILURE TO YIELD RIGHT OF WAY,39.16464,-86.56764719
4,2,1600.0,2-Car,Non-incapacitating,OTHER (DRIVER) - EXPLAIN IN NARRATIVE,39.16464,-86.564992
4,5,900.0,2-Car,No injury/unknown,FAILURE TO YIELD RIGHT OF WAY,39.16464,-86.531024
4,6,1100.0,2-Car,No injury/unknown,DISREGARD SIGNAL/REG SIGN,39.16464,-86.5324
4,2,1500.0,1-Car,No injury/unknown,OTHER (DRIVER) - EXPLAIN IN NARRATIVE,39.16464,-86.56371363
5,2,1300.0,2-Car,Non-incapacitating,OTHER (DRIVER) - EXPLAIN IN NARRATIVE,39.16464,-86.531024
5,5,1500.0,2-Car,No injury/unknown,ROADWAY SURFACE CONDITION,39.16464,-86.529728
5,7,2200.0,2-Car,No injury/unknown,OTHER (DRIVER) - EXPLAIN IN NARRATIVE,39.16464,-86.534816
6,1,1500.0,3+ Cars,No injury/unknown,OTHER (DRIVER) - EXPLAIN IN NARRATIVE,39.16464,-86.53333061
6,5,2300.0,2-Car,Non-incapacitating,IMPROPER TURNING,39.16464,-86.534816
6,3,100.0,1-Car,No injury/unknown,UNSAFE SPEED,39.16464,-86.52955159
6,5,2100.0,3+ Cars,Non-incapacitating,DISREGARD SIGNAL/REG SIGN,39.16464,-86.5336
7,3,2000.0,2-Car,No injury/unknown,UNSAFE BACKING,39.16464,-86.569392
7,3,1600.0,2-Car,No injury/unknown,FAILURE TO YIELD RIGHT OF WAY,39.16464,-86.529728
7,4,2000.0,2-Car,No injury/unknown,OTHER (DRIVER) - EXPLAIN IN NARRATIVE,39.16464,-86.534816
7,7,1200.0,2-Car,Non-incapacitating,DRIVER DISTRACTED - EXPLAIN IN NARRATIVE,39.16464,-86.564992
8,5,1200.0,2-Car,No injury/unknown,FAILURE TO YIELD RIGHT OF WAY,39.16464,-86.5324
8,1,2200.0,2-Car,No injury/unknown,OTHER (DRIVER) - EXPLAIN IN NARRATIVE,39.16464,-86.534816
8,7,1200.0,2-Car,No injury/unknown,OTHER (DRIVER) - EXPLAIN IN NARRATIVE,39.16464,-86.534816
8,1,1900.0,2-Car,No injury/unknown,FOLLOWING TOO CLOSELY,39.16464,-86.534816
8,4,300.0,1-Car,No injury/unknown,IMPROPER TURNING,39.16464,-86.5336
8,4,1100.0,2-Car,No injury/unknown,UNSAFE BACKING,39.16464,-86.56913891
8,4,1800.0,2-Car,No injury/unknown,UNSAFE BACKING,39.16464,-86.5324
8,5,900.0,2-Car,No injury/unknown,FAILURE TO YIELD RIGHT OF WAY,39.16464,-86.534816
9,6,1100.0,2-Car,Non-incapacitating,DRIVER DISTRACTED - EXPLAIN IN NARRATIVE,39.16464,-86.568
9,4,1400.0,3+ Cars,Non-incapacitating,FOLLOWING TOO CLOSELY,39.16464,-86.529728
9,6,0.0,2-Car,No injury/unknown,FAILURE TO YIELD RIGHT OF WAY,39.16464,-86.5324
9,6,1900.0,2-Car,No injury/unknown,VIEW OBSTRUCTED,39.16464,-86.531024
9,2,1300.0,2-Car,No injury/unknown,SPEED TOO FAST FOR WEATHER CONDITIONS,39.16464,-86.5324
9,7,0.0,2-Car,No injury/unknown,DISREGARD SIGNAL/REG SIGN,39.16464,-86.5336
9,7,1100.0,Pedestrian,Non-incapacitating,PEDESTRIAN ACTION,39.16464,-86.56324719
9,3,1400.0,2-Car,Non-incapacitating,FAILURE TO YIELD RIGHT OF WAY,39.16464,-86.534816
10,3,900.0,2-Car,No injury/unknown,FOLLOWING TOO CLOSELY,39.16464,-86.5336
10,7,900.0,3+ Cars,No injury/unknown,OTHER (DRIVER) - EXPLAIN IN NARRATIVE,39.16464,-86.5324
10,5,1000.0,2-Car,No injury/unknown,DISREGARD SIGNAL/REG SIGN,39.16464,-86.5324
10,5,1800.0,2-Car,No injury/unknown,IMPROPER TURNING,39.16464,-86.534816
10,5,1300.0,2-Car,Non-incapacitating,DISREGARD SIGNAL/REG SIGN,39.16464,-86.5324
10,5,1300.0,3+ Cars,No injury/unknown,DISREGARD SIGNAL/REG SIGN,39.16464,-86.534816
10,6,2100.0,2-Car,Non-incapacitating,SPEED TOO FAST FOR WEATHER CONDITIONS,39.16464,-86.5336
11,2,1400.0,2-Car,No injury/unknown,FOLLOWING TOO CLOSELY,39.16464,-86.5324
11,3,800.0,2-Car,No injury/unknown,FAILURE TO YIELD RIGHT OF WAY,39.16464,-86.5336
11,7,900.0,2-Car,No injury/unknown,DISREGARD SIGNAL/REG SIGN,39.16464,-86.5324
11,1,1200.0,2-Car,No injury/unknown,DISREGARD SIGNAL/REG SIGN,39.16464,-86.534816
12,4,900.0,2-Car,Non-incapacitating,FAILURE TO YIELD RIGHT OF WAY,39.16464,-86.529728
12,5,1300.0,3+ Cars,No injury/unknown,DISREGARD SIGNAL/REG SIGN,39.16464,-86.5324
12,5,700.0,2-Car,No injury/unknown,IMPROPER LANE USAGE,39.16464,-86.534816
12,3,1000.0,2-Car,No injury/unknown,FAILURE TO YIELD RIGHT OF WAY,39.16464,-86.5336
12,1,1700.0,2-Car,No injury/unknown,IMPROPER LANE USAGE,39.16464,-86.5336
6,3,1400.0,2-Car,Non-incapacitating,OTHER (DRIVER) - EXPLAIN IN NARRATIVE,39.164604,-86.582701
9,2,1600.0,2-Car,No injury/unknown,FAILURE TO YIELD RIGHT OF WAY,39.164604,-86.58272698
10,3,1100.0,2-Car,No injury/unknown,IMPROPER LANE USAGE,39.164604,-86.582701
4,4,1900.0,2-Car,No injury/unknown,FAILURE TO YIELD RIGHT OF WAY,39.164601,-86.533599
2,1,1100.0,2-Car,No injury/unknown,FAILURE TO YIELD RIGHT OF WAY,39.1646,-86.575601
1,3,1000.0,2-Car,No injury/unknown,FAILURE TO YIELD RIGHT OF WAY,39.1646,-86.57558369
3,4,1200.0,2-Car,No injury/unknown,UNSAFE BACKING,39.1646,-86.576862
3,5,1700.0,2-Car,Non-incapacitating,OTHER (DRIVER) - EXPLAIN IN NARRATIVE,39.1646,-86.5787596
3,2,1400.0,2-Car,Non-incapacitating,FOLLOWING TOO CLOSELY,39.1646,-86.575601
4,4,1800.0,2-Car,Non-incapacitating,DISREGARD SIGNAL/REG SIGN,39.1646,-86.573499
4,3,1000.0,2-Car,No injury/unknown,UNSAFE BACKING,39.1646,-86.5774
4,5,1000.0,2-Car,No injury/unknown,UNSAFE BACKING,39.1646,-86.574879
4,7,1100.0,2-Car,No injury/unknown,DISREGARD SIGNAL/REG SIGN,39.1646,-86.575601
5,3,1100.0,2-Car,No injury/unknown,UNSAFE BACKING,39.1646,-86.576211
5,4,1800.0,2-Car,No injury/unknown,SPEED TOO FAST FOR WEATHER CONDITIONS,39.1646,-86.533596
6,6,2300.0,2-Car,No injury/unknown,OTHER (DRIVER) - EXPLAIN IN NARRATIVE,39.1646,-86.532133
7,6,1200.0,2-Car,No injury/unknown,FAILURE TO YIELD RIGHT OF WAY,39.1646,-86.57738269
7,4,1000.0,2-Car,No injury/unknown,OTHER (DRIVER) - EXPLAIN IN NARRATIVE,39.1646,-86.57739134
7,6,1500.0,2-Car,No injury/unknown,UNSAFE BACKING,39.1646,-86.580358
8,2,900.0,2-Car,No injury/unknown,FOLLOWING TOO CLOSELY,39.1646,-86.575601
8,4,1600.0,2-Car,No injury/unknown,FAILURE TO YIELD RIGHT OF WAY,39.1646,-86.57738269
9,6,2200.0,2-Car,No injury/unknown,IMPROPER TURNING,39.1646,-86.580358
9,2,1300.0,2-Car,No injury/unknown,OTHER (DRIVER) - EXPLAIN IN NARRATIVE,39.1646,-86.532133
9,3,1100.0,3+ Cars,No injury/unknown,OTHER (DRIVER) - EXPLAIN IN NARRATIVE,39.1646,-86.57561399
9,2,1700.0,2-Car,No injury/unknown,UNSAFE BACKING,39.1646,-86.576079
9,3,1500.0,2-Car,No injury/unknown,FOLLOWING TOO CLOSELY,39.1646,-86.575601
10,2,1400.0,2-Car,Non-incapacitating,FAILURE TO YIELD RIGHT OF WAY,39.1646,-86.57737403
10,1,1100.0,2-Car,Non-incapacitating,FAILURE TO YIELD RIGHT OF WAY,39.1646,-86.5774
10,5,900.0,3+ Cars,No injury/unknown,FAILURE TO YIELD RIGHT OF WAY,39.1646,-86.575601
11,3,1600.0,3+ Cars,Non-incapacitating,OTHER (DRIVER) - EXPLAIN IN NARRATIVE,39.1646,-86.5774
12,6,1100.0,2-Car,No injury/unknown,UNSAFE BACKING,39.1646,-86.576444
12,7,2100.0,2-Car,No injury/unknown,FAILURE TO YIELD RIGHT OF WAY,39.1646,-86.57737403
5,4,1400.0,2-Car,No injury/unknown,UNSAFE BACKING,39.164599,-86.52916935
12,4,1700.0,2-Car,No injury/unknown,LEFT OF CENTER,39.164599,-86.5791
1,3,1600.0,3+ Cars,No injury/unknown,OTHER (DRIVER) - EXPLAIN IN NARRATIVE,39.1645984,-86.57600366
1,4,2000.0,2-Car,No injury/unknown,FAILURE TO YIELD RIGHT OF WAY,39.1645984,-86.57911909
3,4,1700.0,2-Car,Non-incapacitating,FAILURE TO YIELD RIGHT OF WAY,39.1645984,-86.57596037
4,3,600.0,2-Car,No injury/unknown,FOLLOWING TOO CLOSELY,39.1645984,-86.57596037
4,5,1900.0,3+ Cars,No injury/unknown,ILLEGAL DRUGS,39.1645984,-86.57596037
5,4,1400.0,2-Car,Non-incapacitating,DISREGARD SIGNAL/REG SIGN,39.1645984,-86.57596037
6,6,1600.0,Moped/Motorcycle,No injury/unknown,OTHER (DRIVER) - EXPLAIN IN NARRATIVE,39.1645984,-86.57913641
8,4,1800.0,2-Car,No injury/unknown,OTHER (DRIVER) - EXPLAIN IN NARRATIVE,39.1645984,-86.57596037
10,6,1300.0,2-Car,Non-incapacitating,FAILURE TO YIELD RIGHT OF WAY,39.1645984,-86.57915373
11,2,1800.0,2-Car,No injury/unknown,OTHER (DRIVER) - EXPLAIN IN NARRATIVE,39.1645984,-86.57596037
11,3,1200.0,2-Car,No injury/unknown,FAILURE TO YIELD RIGHT OF WAY,39.1645984,-86.57595777
12,4,1600.0,2-Car,No injury/unknown,FAILURE TO YIELD RIGHT OF WAY,39.1645984,-86.57595171
1,3,1100.0,2-Car,No injury/unknown,NONE (DRIVER),39.16459157,-86.52982677
4,6,2000.0,2-Car,No injury/unknown,OTHER (DRIVER) - EXPLAIN IN NARRATIVE,39.164591,-86.571105
6,6,1800.0,2-Car,No injury/unknown,IMPROPER TURNING,39.164591,-86.571105
5,6,1400.0,2-Car,No injury/unknown,ILLEGAL DRUGS,39.164578,-86.570972
3,5,1500.0,Pedestrian,Non-incapacitating,PEDESTRIAN ACTION,39.16457636,-86.47157609
1,6,1100.0,2-Car,No injury/unknown,FOLLOWING TOO CLOSELY,39.16456766,-86.57018954
3,6,1300.0,2-Car,No injury/unknown,OTHER (DRIVER) - EXPLAIN IN NARRATIVE,39.16456462,-86.55869926
9,6,1500.0,2-Car,No injury/unknown,OTHER (DRIVER) - EXPLAIN IN NARRATIVE,39.16456,-86.5550845
1,1,1300.0,2-Car,Non-incapacitating,OTHER (DRIVER) - EXPLAIN IN NARRATIVE,39.16455981,-86.55584763
3,2,1600.0,2-Car,No injury/unknown,FAILURE TO YIELD RIGHT OF WAY,39.164544,-86.560096
4,2,1700.0,2-Car,No injury/unknown,FOLLOWING TOO CLOSELY,39.164544,-86.560096
5,1,1400.0,2-Car,No injury/unknown,FOLLOWING TOO CLOSELY,39.164544,-86.560096
9,2,700.0,3+ Cars,No injury/unknown,OTHER (DRIVER) - EXPLAIN IN NARRATIVE,39.164544,-86.560096
9,4,700.0,3+ Cars,No injury/unknown,FOLLOWING TOO CLOSELY,39.164544,-86.560096
10,4,700.0,2-Car,No injury/unknown,FAILURE TO YIELD RIGHT OF WAY,39.164544,-86.560096
11,6,1200.0,3+ Cars,No injury/unknown,FAILURE TO YIELD RIGHT OF WAY,39.164544,-86.560096
12,5,1700.0,3+ Cars,No injury/unknown,OTHER (DRIVER) - EXPLAIN IN NARRATIVE,39.164544,-86.560096
12,5,1500.0,2-Car,No injury/unknown,OTHER (DRIVER) - EXPLAIN IN NARRATIVE,39.164544,-86.560096
10,2,2300.0,2-Car,No injury/unknown,UNSAFE BACKING,39.16454237,-86.50155005
1,7,2000.0,2-Car,Non-incapacitating,ALCOHOLIC BEVERAGES,39.16453477,-86.52823339
2,6,1700.0,2-Car,No injury/unknown,UNSAFE BACKING,39.16452114,-86.551072
11,6,1800.0,2-Car,No injury/unknown,FAILURE TO YIELD RIGHT OF WAY,39.16451466,-86.509296
3,2,1900.0,2-Car,No injury/unknown,FAILURE TO YIELD RIGHT OF WAY,39.16451455,-86.509296
6,2,1200.0,2-Car,No injury/unknown,DISREGARD SIGNAL/REG SIGN,39.164512,-86.550624
5,6,600.0,3+ Cars,Non-incapacitating,DISREGARD SIGNAL/REG SIGN,39.164512,-86.550624
11,1,1000.0,2-Car,No injury/unknown,IMPROPER LANE USAGE,39.164504,-86.57019407
3,5,1200.0,2-Car,Non-incapacitating,FOLLOWING TOO CLOSELY,39.1645,-86.567998
4,3,1500.0,2-Car,No injury/unknown,UNSAFE BACKING,39.1645,-86.568165
5,7,1000.0,2-Car,Non-incapacitating,FAILURE TO YIELD RIGHT OF WAY,39.1645,-86.565
5,6,1800.0,2-Car,No injury/unknown,FAILURE TO YIELD RIGHT OF WAY,39.1645,-86.567998
8,3,1100.0,2-Car,Non-incapacitating,FAILURE TO YIELD RIGHT OF WAY,39.1645,-86.567998
8,3,1500.0,2-Car,No injury/unknown,DRIVER DISTRACTED - EXPLAIN IN NARRATIVE,39.1645,-86.567998
4,1,400.0,2-Car,No injury/unknown,UNSAFE BACKING,39.16449371,-86.5336
1,1,1200.0,2-Car,No injury/unknown,OTHER (DRIVER) - EXPLAIN IN NARRATIVE,39.16449326,-86.5791
6,3,1400.0,2-Car,No injury/unknown,UNSAFE BACKING,39.164488,-86.54969829
11,6,0.0,3+ Cars,Non-incapacitating,ALCOHOLIC BEVERAGES,39.16447207,-86.529899
1,7,300.0,2-Car,No injury/unknown,OTHER (DRIVER) - EXPLAIN IN NARRATIVE,39.1644625,-86.54871471
1,3,1600.0,2-Car,No injury/unknown,FAILURE TO YIELD RIGHT OF WAY,39.1644618,-86.52842454
5,2,0.0,1-Car,Non-incapacitating,PRESCRIPTION DRUGS,39.164448,-86.52672908
1,5,1400.0,2-Car,No injury/unknown,UNSAFE SPEED,39.164448,-86.52582746
6,3,800.0,2-Car,No injury/unknown,DISREGARD SIGNAL/REG SIGN,39.164448,-86.5268
6,3,1300.0,2-Car,No injury/unknown,WRONG WAY ON ONE WAY,39.164448,-86.5268
6,7,2200.0,2-Car,No injury/unknown,FAILURE TO YIELD RIGHT OF WAY,39.164448,-86.52683528
3,4,2000.0,2-Car,Non-incapacitating,FAILURE TO YIELD RIGHT OF WAY,39.164448,-86.5268
4,5,1600.0,3+ Cars,No injury/unknown,DISREGARD SIGNAL/REG SIGN,39.164448,-86.5268
1,5,1400.0,2-Car,No injury/unknown,FOLLOWING TOO CLOSELY,39.164448,-86.52715461
3,4,1200.0,2-Car,No injury/unknown,OTHER (DRIVER) - EXPLAIN IN NARRATIVE,39.164448,-86.471888
4,6,1000.0,2-Car,Non-incapacitating,FOLLOWING TOO CLOSELY,39.164448,-86.5268
5,2,1800.0,2-Car,No injury/unknown,DRIVER DISTRACTED - EXPLAIN IN NARRATIVE,39.164448,-86.528096
5,4,1700.0,2-Car,No injury/unknown,FOLLOWING TOO CLOSELY,39.164448,-86.471888
5,5,1700.0,2-Car,No injury/unknown,FAILURE TO YIELD RIGHT OF WAY,39.164448,-86.5268
7,4,1300.0,2-Car,Non-incapacitating,DISREGARD SIGNAL/REG SIGN,39.164448,-86.471888
8,7,1000.0,2-Car,Non-incapacitating,DRIVER DISTRACTED - EXPLAIN IN NARRATIVE,39.164448,-86.471888
8,3,1200.0,2-Car,Non-incapacitating,UNSAFE SPEED,39.164448,-86.5268
8,6,1900.0,2-Car,No injury/unknown,IMPROPER TURNING,39.164448,-86.525792
9,2,1800.0,2-Car,No injury/unknown,FOLLOWING TOO CLOSELY,39.164448,-86.528096
10,3,1800.0,Bus,No injury/unknown,IMPROPER TURNING,39.164448,-86.5268
10,1,2300.0,Bus,Non-incapacitating,DISREGARD SIGNAL/REG SIGN,39.164448,-86.528096
10,5,800.0,3+ Cars,Non-incapacitating,FAILURE TO YIELD RIGHT OF WAY,39.164448,-86.471888
10,6,1100.0,2-Car,Non-incapacitating,UNSAFE SPEED,39.164448,-86.5268
10,2,1300.0,Moped/Motorcycle,Non-incapacitating,SPEED TOO FAST FOR WEATHER CONDITIONS,39.164448,-86.525792
10,4,1500.0,2-Car,No injury/unknown,IMPROPER LANE USAGE,39.164448,-86.5268
10,2,1800.0,2-Car,No injury/unknown,FOLLOWING TOO CLOSELY,39.164448,-86.471888
10,3,1800.0,3+ Cars,Non-incapacitating,FOLLOWING TOO CLOSELY,39.164448,-86.525792
10,6,2000.0,2-Car,No injury/unknown,OTHER (DRIVER) - EXPLAIN IN NARRATIVE,39.164448,-86.528096
10,7,2000.0,2-Car,No injury/unknown,FAILURE TO YIELD RIGHT OF WAY,39.164448,-86.528096
10,6,1600.0,2-Car,No injury/unknown,FOLLOWING TOO CLOSELY,39.164448,-86.528096
10,3,1300.0,2-Car,No injury/unknown,FAILURE TO YIELD RIGHT OF WAY,39.164448,-86.5268
11,5,1400.0,1-Car,No injury/unknown,IMPROPER TURNING,39.164448,-86.525792
11,2,2200.0,3+ Cars,Non-incapacitating,FOLLOWING TOO CLOSELY,39.164448,-86.525792
11,1,1300.0,1-Car,No injury/unknown,SPEED TOO FAST FOR WEATHER CONDITIONS,39.164448,-86.528096
11,1,1200.0,2-Car,Non-incapacitating,LEFT OF CENTER,39.164448,-86.528096
12,5,2000.0,2-Car,No injury/unknown,FOLLOWING TOO CLOSELY,39.164448,-86.5268
12,1,200.0,2-Car,No injury/unknown,FAILURE TO YIELD RIGHT OF WAY,39.164448,-86.52649143
12,6,0.0,2-Car,No injury/unknown,OTHER (DRIVER) - EXPLAIN IN NARRATIVE,39.16444703,-86.52575968
12,6,1200.0,2-Car,No injury/unknown,DRIVER DISTRACTED - EXPLAIN IN NARRATIVE,39.16444599,-86.495088
4,4,1300.0,2-Car,No injury/unknown,FOLLOWING TOO CLOSELY,39.16444375,-86.52565026
1,7,1600.0,1-Car,Non-incapacitating,FAILURE TO YIELD RIGHT OF WAY,39.1644383,-86.52546877
4,5,900.0,2-Car,No injury/unknown,FOLLOWING TOO CLOSELY,39.16443539,-86.5253718
1,3,2100.0,2-Car,No injury/unknown,SPEED TOO FAST FOR WEATHER CONDITIONS,39.16442507,-86.5250275
1,4,1500.0,2-Car,No injury/unknown,FAILURE TO YIELD RIGHT OF WAY,39.16440516,-86.52436374
11,5,1200.0,2-Car,No injury/unknown,IMPROPER LANE USAGE,39.16440479,-86.495088
7,5,1800.0,2-Car,No injury/unknown,IMPROPER PASSING,39.16440374,-86.5562826
7,4,1600.0,2-Car,No injury/unknown,FOLLOWING TOO CLOSELY,39.16440374,-86.5562826
7,5,700.0,2-Car,Non-incapacitating,FOLLOWING TOO CLOSELY,39.16440374,-86.55629991
8,5,1900.0,1-Car,Non-incapacitating,ANIMAL/OBJECT IN ROADWAY,39.16440374,-86.5562826
8,6,700.0,2-Car,No injury/unknown,FAILURE TO YIELD RIGHT OF WAY,39.16440374,-86.5562826
9,2,900.0,2-Car,Non-incapacitating,FAILURE TO YIELD RIGHT OF WAY,39.16440374,-86.5562826
10,3,1000.0,3+ Cars,Incapacitating,FOLLOWING TOO CLOSELY,39.16440374,-86.55627394
10,5,1200.0,2-Car,Non-incapacitating,IMPROPER TURNING,39.16440374,-86.55630856
11,3,1300.0,2-Car,No injury/unknown,OTHER (DRIVER) - EXPLAIN IN NARRATIVE,39.16440374,-86.55627394
11,3,1400.0,2-Car,No injury/unknown,OTHER (DRIVER) - EXPLAIN IN NARRATIVE,39.16440374,-86.5562826
11,5,1500.0,2-Car,Non-incapacitating,DISREGARD SIGNAL/REG SIGN,39.16440374,-86.5562826
12,6,1600.0,3+ Cars,Non-incapacitating,OTHER (DRIVER) - EXPLAIN IN NARRATIVE,39.16440374,-86.55626529
12,6,1100.0,2-Car,No injury/unknown,FAILURE TO YIELD RIGHT OF WAY,39.16440374,-86.55625663
6,7,2100.0,1-Car,Non-incapacitating,ALCOHOLIC BEVERAGES,39.1644,-86.546304
4,2,1400.0,2-Car,No injury/unknown,FAILURE TO YIELD RIGHT OF WAY,39.16437733,-86.495088
1,5,2000.0,3+ Cars,No injury/unknown,OTHER (DRIVER) - EXPLAIN IN NARRATIVE,39.16437327,-86.5233007
10,6,1500.0,3+ Cars,Non-incapacitating,FOLLOWING TOO CLOSELY,39.164368,-86.579146
4,3,1400.0,2-Car,No injury/unknown,UNSAFE SPEED,39.16436157,-86.52291091
2,3,1600.0,3+ Cars,Non-incapacitating,FOLLOWING TOO CLOSELY,39.16435625,-86.52273374
7,3,1300.0,2-Car,No injury/unknown,UNSAFE BACKING,39.164352,-86.52223739
11,5,1500.0,2-Car,No injury/unknown,DRIVER DISTRACTED - EXPLAIN IN NARRATIVE,39.164352,-86.52206278
9,6,2200.0,2-Car,No injury/unknown,ALCOHOLIC BEVERAGES,39.164352,-86.52241559
11,4,1300.0,2-Car,No injury/unknown,UNSAFE BACKING,39.164352,-86.52133497
1,7,1500.0,2-Car,Non-incapacitating,IMPROPER PASSING,39.164352,-86.508288
3,5,1300.0,2-Car,No injury/unknown,FOLLOWING TOO CLOSELY,39.164352,-86.522592
1,7,400.0,2-Car,No injury/unknown,OTHER (DRIVER) - EXPLAIN IN NARRATIVE,39.164352,-86.5088
2,7,900.0,2-Car,No injury/unknown,OTHER (DRIVER) - EXPLAIN IN NARRATIVE,39.164352,-86.508288
4,6,1400.0,2-Car,No injury/unknown,FAILURE TO YIELD RIGHT OF WAY,39.164352,-86.5088
6,3,1700.0,2-Car,No injury/unknown,FOLLOWING TOO CLOSELY,39.164352,-86.5088