Month,Day,Hour,Collision Type,Injury Type,Primary Factor,Latitude,Longitude
7,4,1000.0,2-Car,No injury/unknown,FAILURE TO YIELD RIGHT OF WAY,39.164352,-86.508288
8,6,1700.0,2-Car,Incapacitating,DRIVER ILLNESS,39.164352,-86.510944
9,4,2000.0,Moped/Motorcycle,Non-incapacitating,ACCELERATOR FAILURE OR DEFECTIVE,39.164352,-86.521088
9,2,1200.0,3+ Cars,No injury/unknown,FOLLOWING TOO CLOSELY,39.164352,-86.522592
9,7,1500.0,2-Car,No injury/unknown,SPEED TOO FAST FOR WEATHER CONDITIONS,39.164352,-86.508288
10,3,1500.0,2-Car,No injury/unknown,DRIVER DISTRACTED - EXPLAIN IN NARRATIVE,39.164352,-86.508288
10,5,1500.0,2-Car,No injury/unknown,FOLLOWING TOO CLOSELY,39.164352,-86.522592
11,6,1600.0,2-Car,No injury/unknown,FOLLOWING TOO CLOSELY,39.164352,-86.5088
11,7,1200.0,2-Car,No injury/unknown,LEFT OF CENTER,39.164352,-86.508288
11,5,1800.0,3+ Cars,No injury/unknown,FOLLOWING TOO CLOSELY,39.164352,-86.510944
11,5,2200.0,2-Car,No injury/unknown,FOLLOWING TOO CLOSELY,39.164352,-86.522592
12,4,1600.0,2-Car,No injury/unknown,OTHER (DRIVER) - EXPLAIN IN NARRATIVE,39.164352,-86.52246922
7,6,1200.0,3+ Cars,Non-incapacitating,UNSAFE SPEED,39.16432997,-86.51067957
7,7,1900.0,2-Car,No injury/unknown,UNSAFE BACKING,39.16432,-86.50824
6,4,1000.0,2-Car,No injury/unknown,OTHER (DRIVER) - EXPLAIN IN NARRATIVE,39.16432,-86.50824
7,4,800.0,2-Car,No injury/unknown,OTHER (DRIVER) - EXPLAIN IN NARRATIVE,39.16432,-86.50824
3,6,1400.0,2-Car,No injury/unknown,FOLLOWING TOO CLOSELY,39.16430846,-86.52073965
2,2,800.0,2-Car,No injury/unknown,OTHER (DRIVER) - EXPLAIN IN NARRATIVE,39.164304,-86.50646008
6,5,1500.0,2-Car,Non-incapacitating,FOLLOWING TOO CLOSELY,39.164304,-86.505792
6,7,1600.0,3+ Cars,No injury/unknown,FOLLOWING TOO CLOSELY,39.164304,-86.506992
1,2,1400.0,3+ Cars,Non-incapacitating,OTHER (DRIVER) - EXPLAIN IN NARRATIVE,39.164304,-86.506992
1,7,1300.0,2-Car,No injury/unknown,FOLLOWING TOO CLOSELY,39.164304,-86.505792
2,7,1900.0,2-Car,Non-incapacitating,OTHER (DRIVER) - EXPLAIN IN NARRATIVE,39.164304,-86.506992
3,5,1500.0,2-Car,No injury/unknown,DRIVER DISTRACTED - EXPLAIN IN NARRATIVE,39.164304,-86.506992
5,4,1200.0,2-Car,No injury/unknown,FAILURE TO YIELD RIGHT OF WAY,39.164304,-86.505792
8,4,1400.0,2-Car,No injury/unknown,IMPROPER PASSING,39.164304,-86.506992
9,1,1200.0,2-Car,No injury/unknown,FOLLOWING TOO CLOSELY,39.164304,-86.506992
10,4,1300.0,2-Car,No injury/unknown,FOLLOWING TOO CLOSELY,39.164304,-86.506992
10,6,1500.0,2-Car,No injury/unknown,IMPROPER LANE USAGE,39.164304,-86.506992
10,6,2200.0,2-Car,Non-incapacitating,ROADWAY SURFACE CONDITION,39.164301,-86.515299
4,3,800.0,2-Car,Non-incapacitating,FOLLOWING TOO CLOSELY,39.1643,-86.515296
4,4,1800.0,3+ Cars,Non-incapacitating,FOLLOWING TOO CLOSELY,39.1643,-86.51220765
2,7,1700.0,2-Car,No injury/unknown,IMPROPER TURNING,39.1643,-86.520099
5,7,1100.0,3+ Cars,Non-incapacitating,FOLLOWING TOO CLOSELY,39.1643,-86.50850333
5,5,1600.0,2-Car,No injury/unknown,FAILURE TO YIELD RIGHT OF WAY,39.1643,-86.517695
5,1,2100.0,2-Car,No injury/unknown,IMPROPER LANE USAGE,39.1643,-86.516099
4,3,1900.0,2-Car,No injury/unknown,FAILURE TO YIELD RIGHT OF WAY,39.1643,-86.5176963
1,1,700.0,2-Car,Non-incapacitating,DISREGARD SIGNAL/REG SIGN,39.1643,-86.517695
1,2,1600.0,2-Car,No injury/unknown,FOLLOWING TOO CLOSELY,39.1643,-86.50599773
3,5,2200.0,1-Car,No injury/unknown,WRONG WAY ON ONE WAY,39.1643,-86.545701
4,4,2200.0,2-Car,No injury/unknown,UNSAFE BACKING,39.1643,-86.515296
8,6,1100.0,3+ Cars,No injury/unknown,FOLLOWING TOO CLOSELY,39.1643,-86.517695
8,5,1700.0,3+ Cars,No injury/unknown,FOLLOWING TOO CLOSELY,39.1643,-86.514199
9,6,2300.0,2-Car,No injury/unknown,IMPROPER TURNING,39.1643,-86.520099
9,1,2300.0,1-Car,No injury/unknown,OTHER (DRIVER) - EXPLAIN IN NARRATIVE,39.1643,-86.526653
9,7,300.0,1-Car,Non-incapacitating,WRONG WAY ON ONE WAY,39.1643,-86.520099
9,1,1600.0,2-Car,No injury/unknown,FOLLOWING TOO CLOSELY,39.1643,-86.51610203
10,4,2200.0,Pedestrian,Non-incapacitating,FAILURE TO YIELD RIGHT OF WAY,39.1643,-86.516399
10,3,1200.0,2-Car,No injury/unknown,IMPROPER LANE USAGE,39.1643,-86.519387
10,3,1900.0,2-Car,No injury/unknown,OVERCORRECTING/OVERSTEERING,39.1643,-86.51770365
10,5,1200.0,2-Car,No injury/unknown,UNSAFE SPEED,39.1643,-86.514199
10,1,1800.0,3+ Cars,No injury/unknown,DRIVER DISTRACTED - EXPLAIN IN NARRATIVE,39.1643,-86.516556
10,2,1700.0,Bus,No injury/unknown,OVERCORRECTING/OVERSTEERING,39.1643,-86.517695
10,5,800.0,2-Car,No injury/unknown,SPEED TOO FAST FOR WEATHER CONDITIONS,39.1643,-86.515296
10,5,1500.0,Bus,No injury/unknown,FOLLOWING TOO CLOSELY,39.1643,-86.51770279
10,6,2100.0,2-Car,No injury/unknown,IMPROPER TURNING,39.1643,-86.517695
11,4,1700.0,2-Car,No injury/unknown,FOLLOWING TOO CLOSELY,39.1643,-86.521094
11,2,1900.0,3+ Cars,No injury/unknown,SPEED TOO FAST FOR WEATHER CONDITIONS,39.1643,-86.521094
11,7,2300.0,1-Car,No injury/unknown,OTHER (ENVIRONMENTAL) - EXPLAIN IN NARR,39.1643,-86.51529167
11,5,2200.0,2-Car,No injury/unknown,ROADWAY SURFACE CONDITION,39.1643,-86.515084
12,4,1900.0,2-Car,No injury/unknown,IMPROPER TURNING,39.1643,-86.516099
4,7,1500.0,Bus,No injury/unknown,OTHER (DRIVER) - EXPLAIN IN NARRATIVE,39.164299,-86.508499
11,6,1600.0,2-Car,No injury/unknown,FOLLOWING TOO CLOSELY,39.16429438,-86.47292787
4,7,1400.0,2-Car,No injury/unknown,FOLLOWING TOO CLOSELY,39.164288,-86.5048
1,6,1500.0,3+ Cars,No injury/unknown,FAILURE TO YIELD RIGHT OF WAY,39.16428348,-86.50880508
9,4,1600.0,2-Car,No injury/unknown,FAILURE TO YIELD RIGHT OF WAY,39.164272,-86.50188679
6,2,800.0,3+ Cars,Non-incapacitating,OTHER (DRIVER) - EXPLAIN IN NARRATIVE,39.164272,-86.501488
1,2,1900.0,2-Car,No injury/unknown,FAILURE TO YIELD RIGHT OF WAY,39.164272,-86.50194253
5,4,1500.0,2-Car,Non-incapacitating,FAILURE TO YIELD RIGHT OF WAY,39.164272,-86.501488
6,3,1900.0,2-Car,No injury/unknown,UNSAFE BACKING,39.164272,-86.50194253
9,7,1700.0,2-Car,No injury/unknown,FAILURE TO YIELD RIGHT OF WAY,39.164272,-86.5408
11,6,2100.0,2-Car,No injury/unknown,OTHER (DRIVER) - EXPLAIN IN NARRATIVE,39.164272,-86.50194253
12,4,1700.0,2-Car,No injury/unknown,,39.164272,-86.50194253
11,3,1300.0,2-Car,No injury/unknown,VIEW OBSTRUCTED,39.1642656,-86.50086945
7,1,1300.0,2-Car,No injury/unknown,UNSAFE BACKING,39.16426112,-86.50043808
12,4,1000.0,2-Car,Non-incapacitating,FAILURE TO YIELD RIGHT OF WAY,39.16425856,-86.50019104
1,1,2200.0,1-Car,Non-incapacitating,ALCOHOLIC BEVERAGES,39.16425689,-86.48434842
5,5,1000.0,1-Car,No injury/unknown,OTHER (DRIVER) - EXPLAIN IN NARRATIVE,39.16425689,-86.48925648
5,5,1800.0,2-Car,Non-incapacitating,FAILURE TO YIELD RIGHT OF WAY,39.16425098,-86.49945834
1,1,1300.0,2-Car,No injury/unknown,IMPROPER TURNING,39.16425006,-86.51527414
8,3,1200.0,2-Car,No injury/unknown,FOLLOWING TOO CLOSELY,39.16424664,-86.51771252
9,4,1000.0,2-Car,No injury/unknown,FAILURE TO YIELD RIGHT OF WAY,39.16424664,-86.51771252
9,6,800.0,1-Car,No injury/unknown,IMPROPER LANE USAGE,39.16424664,-86.51770387
11,2,1600.0,2-Car,No injury/unknown,IMPROPER TURNING,39.16424664,-86.51771252
6,6,1600.0,3+ Cars,Non-incapacitating,FOLLOWING TOO CLOSELY,39.16424549,-86.49892917
8,5,1500.0,2-Car,Non-incapacitating,FOLLOWING TOO CLOSELY,39.16424001,-86.49185843
2,2,800.0,2-Car,No injury/unknown,FAILURE TO YIELD RIGHT OF WAY,39.16424,-86.49365323
5,1,1500.0,1-Car,No injury/unknown,ANIMAL/OBJECT IN ROADWAY,39.16424,-86.49027079
7,5,2100.0,1-Car,No injury/unknown,ANIMAL/OBJECT IN ROADWAY,39.16424,-86.49044719
4,7,1100.0,Moped/Motorcycle,Non-incapacitating,DRIVER DISTRACTED - EXPLAIN IN NARRATIVE,39.16424,-86.51291069
7,4,1700.0,2-Car,No injury/unknown,IMPROPER TURNING,39.16424,-86.51502269
8,1,1200.0,2-Car,No injury/unknown,IMPROPER LANE USAGE,39.16424,-86.51462693
1,7,2200.0,2-Car,No injury/unknown,NONE (DRIVER),39.16424,-86.49501708
4,6,1300.0,2-Car,No injury/unknown,FOLLOWING TOO CLOSELY,39.16424,-86.48047631
8,6,1400.0,2-Car,No injury/unknown,IMPROPER TURNING,39.16424,-86.5176
2,3,1400.0,2-Car,No injury/unknown,FOLLOWING TOO CLOSELY,39.16424,-86.5164
5,7,1300.0,Moped/Motorcycle,Non-incapacitating,UNSAFE SPEED,39.16424,-86.5164
6,7,1100.0,2-Car,No injury/unknown,IMPROPER LANE USAGE,39.16424,-86.5152
3,7,1900.0,2-Car,No injury/unknown,IMPROPER LANE USAGE,39.16424,-86.520192
3,6,1400.0,3+ Cars,No injury/unknown,FOLLOWING TOO CLOSELY,39.16424,-86.50947331
5,5,1000.0,2-Car,Non-incapacitating,FAILURE TO YIELD RIGHT OF WAY,39.16424,-86.5164
7,5,1600.0,Bus,No injury/unknown,OVERCORRECTING/OVERSTEERING,39.16424,-86.5164
7,6,1800.0,2-Car,Non-incapacitating,FOLLOWING TOO CLOSELY,39.16424,-86.513088
4,3,1500.0,2-Car,No injury/unknown,FOLLOWING TOO CLOSELY,39.16424,-86.51629362
5,7,1700.0,2-Car,No injury/unknown,IMPROPER TURNING,39.16424,-86.52017427
7,4,2100.0,2-Car,No injury/unknown,FAILURE TO YIELD RIGHT OF WAY,39.16424,-86.5152
8,5,1800.0,2-Car,No injury/unknown,DRIVER DISTRACTED - EXPLAIN IN NARRATIVE,39.16424,-86.518992
2,6,1200.0,2-Car,No injury/unknown,OTHER (DRIVER) - EXPLAIN IN NARRATIVE,39.16424,-86.4939483
2,5,1700.0,2-Car,No injury/unknown,FAILURE TO YIELD RIGHT OF WAY,39.16424,-86.4984
2,7,2000.0,2-Car,Non-incapacitating,FAILURE TO YIELD RIGHT OF WAY,39.16424,-86.48244996
4,6,1500.0,3+ Cars,Non-incapacitating,FOLLOWING TOO CLOSELY,39.16424,-86.512096
5,4,1600.0,2-Car,Non-incapacitating,DISREGARD SIGNAL/REG SIGN,39.16424,-86.5164
1,3,1800.0,2-Car,No injury/unknown,IMPROPER TURNING,39.16424,-86.5176
2,6,1500.0,2-Car,No injury/unknown,FOLLOWING TOO CLOSELY,39.16424,-86.51647092
1,2,1600.0,1-Car,No injury/unknown,UNSAFE BACKING,39.16424,-86.51374629
1,1,1800.0,3+ Cars,Non-incapacitating,DISREGARD SIGNAL/REG SIGN,39.16424,-86.4984
2,1,2100.0,2-Car,Non-incapacitating,DISREGARD SIGNAL/REG SIGN,39.16424,-86.4984
2,1,2200.0,2-Car,No injury/unknown,FAILURE TO YIELD RIGHT OF WAY,39.16424,-86.4984
2,2,1400.0,2-Car,No injury/unknown,FOLLOWING TOO CLOSELY,39.16424,-86.51632908
2,1,1500.0,2-Car,No injury/unknown,FAILURE TO YIELD RIGHT OF WAY,39.16424,-86.51767092
1,3,2100.0,2-Car,No injury/unknown,FAILURE TO YIELD RIGHT OF WAY,39.16424,-86.520192
11,2,600.0,1-Car,No injury/unknown,ROADWAY SURFACE CONDITION,39.16424,-86.480688
2,6,2300.0,2-Car,No injury/unknown,FOLLOWING TOO CLOSELY,39.16424,-86.4984
3,6,1700.0,2-Car,No injury/unknown,FOLLOWING TOO CLOSELY,39.16424,-86.473696
3,4,1200.0,2-Car,No injury/unknown,UNSAFE BACKING,39.16424,-86.48427429
3,1,1400.0,2-Car,Non-incapacitating,FAILURE TO YIELD RIGHT OF WAY,39.16424,-86.4984
3,4,1600.0,2-Car,No injury/unknown,DISREGARD SIGNAL/REG SIGN,39.16424,-86.492944
3,5,1800.0,2-Car,No injury/unknown,FAILURE TO YIELD RIGHT OF WAY,39.16424,-86.480688
3,7,1200.0,2-Car,No injury/unknown,OTHER (DRIVER) - EXPLAIN IN NARRATIVE,39.16424,-86.49425989
3,2,1300.0,2-Car,No injury/unknown,FAILURE TO YIELD RIGHT OF WAY,39.16424,-86.4984
3,6,1800.0,2-Car,No injury/unknown,FAILURE TO YIELD RIGHT OF WAY,39.16424,-86.4984
4,7,1900.0,2-Car,Non-incapacitating,CELL PHONE USAGE,39.16424,-86.476096
4,5,800.0,2-Car,No injury/unknown,DISREGARD SIGNAL/REG SIGN,39.16424,-86.4908
4,7,800.0,2-Car,No injury/unknown,OTHER (DRIVER) - EXPLAIN IN NARRATIVE,39.16424,-86.480688
4,7,2300.0,2-Car,Non-incapacitating,FOLLOWING TOO CLOSELY,39.16424,-86.480688
4,1,1900.0,2-Car,Non-incapacitating,FAILURE TO YIELD RIGHT OF WAY,39.16424,-86.476096
5,6,1700.0,2-Car,No injury/unknown,FOLLOWING TOO CLOSELY,39.16424,-86.4984
6,6,1700.0,2-Car,No injury/unknown,UNSAFE SPEED,39.16424,-86.492944
6,5,1700.0,2-Car,No injury/unknown,FAILURE TO YIELD RIGHT OF WAY,39.16424,-86.495088
6,3,1300.0,Moped/Motorcycle,Non-incapacitating,FOLLOWING TOO CLOSELY,39.16424,-86.492944
6,6,1300.0,3+ Cars,Non-incapacitating,DISREGARD SIGNAL/REG SIGN,39.16424,-86.480688
7,4,1600.0,2-Car,No injury/unknown,FAILURE TO YIELD RIGHT OF WAY,39.16424,-86.492944
7,3,1400.0,2-Car,No injury/unknown,ROADWAY SURFACE CONDITION,39.16424,-86.480688
7,6,1600.0,2-Car,No injury/unknown,FAILURE TO YIELD RIGHT OF WAY,39.16424,-86.49259396
7,6,1700.0,2-Car,No injury/unknown,FAILURE TO YIELD RIGHT OF WAY,39.16424,-86.480688
7,5,1000.0,2-Car,Non-incapacitating,FAILURE TO YIELD RIGHT OF WAY,39.16424,-86.480688
7,2,1300.0,2-Car,No injury/unknown,OTHER (DRIVER) - EXPLAIN IN NARRATIVE,39.16424,-86.49259396
8,3,1300.0,2-Car,No injury/unknown,OTHER (DRIVER) - EXPLAIN IN NARRATIVE,39.16424,-86.480688
8,5,1300.0,2-Car,No injury/unknown,DISREGARD SIGNAL/REG SIGN,39.16424,-86.480688
8,5,1300.0,2-Car,No injury/unknown,UNSAFE SPEED,39.16424,-86.480688
8,6,1300.0,2-Car,Non-incapacitating,FOLLOWING TOO CLOSELY,39.16424,-86.480688
8,2,1000.0,2-Car,No injury/unknown,OTHER (VEHICLE) - EXPLAIN IN NARRATIVE,39.16424,-86.473696
8,3,1700.0,2-Car,No injury/unknown,OTHER (VEHICLE) - EXPLAIN IN NARRATIVE,39.16424,-86.49425989
9,1,200.0,Pedestrian,Non-incapacitating,PEDESTRIAN ACTION,39.16424,-86.5176
9,3,1800.0,2-Car,No injury/unknown,FOLLOWING TOO CLOSELY,39.16424,-86.492944
9,3,1100.0,2-Car,No injury/unknown,FOLLOWING TOO CLOSELY,39.16424,-86.495088
9,6,1600.0,2-Car,No injury/unknown,IMPROPER TURNING,39.16424,-86.49425989
9,6,1800.0,2-Car,No injury/unknown,ROADWAY SURFACE CONDITION,39.16424,-86.492944
10,6,1200.0,Pedestrian,Non-incapacitating,DRIVER DISTRACTED - EXPLAIN IN NARRATIVE,39.16424,-86.49368135
10,6,1400.0,2-Car,No injury/unknown,OTHER (DRIVER) - EXPLAIN IN NARRATIVE,39.16424,-86.495088
10,6,1700.0,2-Car,No injury/unknown,FAILURE TO YIELD RIGHT OF WAY,39.16424,-86.495088
10,1,1700.0,3+ Cars,Non-incapacitating,FOLLOWING TOO CLOSELY,39.16424,-86.492944
10,4,1600.0,2-Car,Non-incapacitating,FAILURE TO YIELD RIGHT OF WAY,39.16424,-86.495088
10,2,0.0,2-Car,No injury/unknown,IMPROPER TURNING,39.16424,-86.480688
10,4,1200.0,2-Car,No injury/unknown,FAILURE TO YIELD RIGHT OF WAY,39.16424,-86.4984
10,6,1200.0,2-Car,No injury/unknown,OTHER (DRIVER) - EXPLAIN IN NARRATIVE,39.16424,-86.48599111
10,7,1500.0,2-Car,No injury/unknown,,39.16424,-86.48968889
10,1,100.0,1-Car,No injury/unknown,RAN OFF ROAD LEFT,39.16424,-86.49368135
10,2,1200.0,2-Car,No injury/unknown,OTHER (DRIVER) - EXPLAIN IN NARRATIVE,39.16424,-86.480688
10,5,1600.0,2-Car,No injury/unknown,FOLLOWING TOO CLOSELY,39.16424,-86.495088
10,5,1200.0,Bus,Non-incapacitating,FAILURE TO YIELD RIGHT OF WAY,39.16424,-86.480688
10,6,1900.0,2-Car,No injury/unknown,FAILURE TO YIELD RIGHT OF WAY,39.16424,-86.492944
10,6,2000.0,2-Car,No injury/unknown,OTHER (DRIVER) - EXPLAIN IN NARRATIVE,39.16424,-86.480688
10,6,800.0,2-Car,No injury/unknown,DISREGARD SIGNAL/REG SIGN,39.16424,-86.495088
10,6,900.0,2-Car,Non-incapacitating,OTHER (DRIVER) - EXPLAIN IN NARRATIVE,39.16424,-86.4908
10,6,1900.0,2-Car,Non-incapacitating,DRIVER DISTRACTED - EXPLAIN IN NARRATIVE,39.16424,-86.492944
10,7,1700.0,2-Car,No injury/unknown,OTHER (DRIVER) - EXPLAIN IN NARRATIVE,39.16424,-86.492944
10,2,1300.0,2-Car,No injury/unknown,FAILURE TO YIELD RIGHT OF WAY,39.16424,-86.4984
10,2,1500.0,2-Car,No injury/unknown,FOLLOWING TOO CLOSELY,39.16424,-86.4984
11,6,1300.0,2-Car,Non-incapacitating,OTHER (DRIVER) - EXPLAIN IN NARRATIVE,39.16424,-86.492944
11,7,1000.0,2-Car,No injury/unknown,OTHER (DRIVER) - EXPLAIN IN NARRATIVE,39.16424,-86.492944
11,7,1800.0,2-Car,No injury/unknown,FOLLOWING TOO CLOSELY,39.16424,-86.4984
11,7,2200.0,2-Car,No injury/unknown,FAILURE TO YIELD RIGHT OF WAY,39.16424,-86.480688
11,2,1700.0,2-Car,No injury/unknown,IMPROPER LANE USAGE,39.16424,-86.4984
11,3,1600.0,2-Car,No injury/unknown,BRAKE FAILURE OR DEFECTIVE,39.16424,-86.4984
11,3,1700.0,2-Car,No injury/unknown,FOLLOWING TOO CLOSELY,39.16424,-86.4984
11,4,2000.0,2-Car,No injury/unknown,OTHER (DRIVER) - EXPLAIN IN NARRATIVE,39.16424,-86.49425989
11,7,2300.0,3+ Cars,Non-incapacitating,DISREGARD SIGNAL/REG SIGN,39.16424,-86.4984
11,5,1300.0,2-Car,No injury/unknown,UNSAFE BACKING,39.16424,-86.49259396
11,5,2000.0,2-Car,No injury/unknown,DRIVER DISTRACTED - EXPLAIN IN NARRATIVE,39.16424,-86.495088
11,1,0.0,2-Car,No injury/unknown,DISREGARD SIGNAL/REG SIGN,39.16424,-86.495088
11,3,1200.0,2-Car,No injury/unknown,UNSAFE BACKING,39.16424,-86.48939592
12,7,900.0,2-Car,No injury/unknown,OTHER (DRIVER) - EXPLAIN IN NARRATIVE,39.16424,-86.4984
12,7,1900.0,Pedestrian,Non-incapacitating,PEDESTRIAN ACTION,39.16424,-86.495088
12,1,1500.0,2-Car,No injury/unknown,OTHER (DRIVER) - EXPLAIN IN NARRATIVE,39.16424,-86.49425989
12,4,1800.0,2-Car,No injury/unknown,FAILURE TO YIELD RIGHT OF WAY,39.16424,-86.4984
12,5,1200.0,2-Car,No injury/unknown,OTHER (DRIVER) - EXPLAIN IN NARRATIVE,39.16424,-86.4984
12,5,1300.0,2-Car,No injury/unknown,UNSAFE BACKING,39.16424,-86.49307941
12,1,1300.0,2-Car,No injury/unknown,FAILURE TO YIELD RIGHT OF WAY,39.16424,-86.480688
6,3,1800.0,2-Car,No injury/unknown,OTHER (DRIVER) - EXPLAIN IN NARRATIVE,39.1642393,-86.49515826
5,2,1800.0,2-Car,No injury/unknown,OTHER (DRIVER) - EXPLAIN IN NARRATIVE,39.16423861,-86.49522852
11,1,1500.0,2-Car,No injury/unknown,IMPROPER LANE USAGE,39.16423861,-86.49522852
11,6,1200.0,2-Car,No injury/unknown,OTHER (DRIVER) - EXPLAIN IN NARRATIVE,39.16423861,-86.49522852
9,6,1300.0,2-Car,No injury/unknown,OTHER (DRIVER) - EXPLAIN IN NARRATIVE,39.16423674,-86.49805388
11,6,1100.0,2-Car,No injury/unknown,UNSAFE BACKING,39.16423674,-86.49805388
10,3,1500.0,2-Car,No injury/unknown,FAILURE TO YIELD RIGHT OF WAY,39.16423335,-86.49769443
2,1,0.0,1-Car,No injury/unknown,ALCOHOLIC BEVERAGES,39.16423131,-86.44744758
7,1,1400.0,2-Car,Non-incapacitating,FAILURE TO YIELD RIGHT OF WAY,39.16422957,-86.47208686
7,5,900.0,2-Car,No injury/unknown,OTHER (DRIVER) - EXPLAIN IN NARRATIVE,39.16422957,-86.47208686
5,1,1300.0,2-Car,No injury/unknown,OTHER (DRIVER) - EXPLAIN IN NARRATIVE,39.16422615,-86.48119833
12,6,1600.0,1-Car,Non-incapacitating,UNSAFE BACKING,39.16422509,-86.49659382
11,1,1400.0,2-Car,No injury/unknown,DRIVER DISTRACTED - EXPLAIN IN NARRATIVE,39.16422436,-86.49666727
9,7,1400.0,2-Car,No injury/unknown,FAILURE TO YIELD RIGHT OF WAY,39.16421467,-86.522592
1,5,300.0,1-Car,Non-incapacitating,DRIVER ASLEEP OR FATIGUED,39.16420291,-86.57310557
7,2,300.0,1-Car,No injury/unknown,IMPROPER TURNING,39.164201,-86.481195
2,6,1200.0,2-Car,No injury/unknown,,39.1642,-86.486087
4,7,2100.0,2-Car,No injury/unknown,UNSAFE BACKING,39.1642,-86.481199
4,6,1500.0,3+ Cars,No injury/unknown,FOLLOWING TOO CLOSELY,39.1642,-86.502399
5,4,1700.0,1-Car,No injury/unknown,IMPROPER TURNING,39.1642,-86.491561
5,5,2000.0,2-Car,Non-incapacitating,FAILURE TO YIELD RIGHT OF WAY,39.1642,-86.496406
5,2,1900.0,2-Car,No injury/unknown,UNSAFE BACKING,39.1642,-86.498279
5,5,900.0,1-Car,No injury/unknown,OTHER (DRIVER) - EXPLAIN IN NARRATIVE,39.1642,-86.493097
6,4,1400.0,Pedestrian,Non-incapacitating,PEDESTRIAN ACTION,39.1642,-86.494985
6,5,1100.0,2-Car,No injury/unknown,UNSAFE BACKING,39.1642,-86.494985
6,2,1900.0,2-Car,No injury/unknown,FAILURE TO YIELD RIGHT OF WAY,39.1642,-86.501694
7,6,800.0,1-Car,No injury/unknown,DRIVER DISTRACTED - EXPLAIN IN NARRATIVE,39.1642,-86.499705
8,3,1900.0,2-Car,No injury/unknown,OTHER (DRIVER) - EXPLAIN IN NARRATIVE,39.1642,-86.494985
9,6,1100.0,2-Car,No injury/unknown,OTHER (DRIVER) - EXPLAIN IN NARRATIVE,39.1642,-86.494498
9,1,1800.0,2-Car,No injury/unknown,OTHER (DRIVER) - EXPLAIN IN NARRATIVE,39.1642,-86.49495
9,2,1600.0,2-Car,No injury/unknown,OTHER (DRIVER) - EXPLAIN IN NARRATIVE,39.1642,-86.494985
9,7,1300.0,2-Car,No injury/unknown,FAILURE TO YIELD RIGHT OF WAY,39.1642,-86.50242495
9,2,1700.0,2-Car,No injury/unknown,FAILURE TO YIELD RIGHT OF WAY,39.1642,-86.502399
9,2,2100.0,2-Car,No injury/unknown,UNSAFE BACKING,39.1642,-86.502086
9,2,1400.0,2-Car,No injury/unknown,IMPROPER TURNING,39.1642,-86.500528
1,1,2300.0,2-Car,No injury/unknown,FAILURE TO YIELD RIGHT OF WAY,39.164199,-86.498296
5,7,900.0,2-Car,No injury/unknown,FAILURE TO YIELD RIGHT OF WAY,39.164199,-86.498296
2,3,1500.0,2-Car,No injury/unknown,OTHER (DRIVER) - EXPLAIN IN NARRATIVE,39.16418509,-86.51639918
6,3,1700.0,2-Car,Non-incapacitating,FOLLOWING TOO CLOSELY,39.1641681,-86.49494067
2,6,1100.0,2-Car,No injury/unknown,UNSAFE BACKING,39.16415102,-86.5562826
3,5,1100.0,2-Car,No injury/unknown,FOLLOWING TOO CLOSELY,39.16410287,-86.49295357
8,6,900.0,2-Car,No injury/unknown,FAILURE TO YIELD RIGHT OF WAY,39.164101,-86.531199
7,3,2000.0,2-Car,No injury/unknown,OTHER (DRIVER) - EXPLAIN IN NARRATIVE,39.164078,-86.498265
4,5,1000.0,2-Car,No injury/unknown,UNSAFE BACKING,39.16403832,-86.5562826
5,4,800.0,2-Car,No injury/unknown,UNSAFE BACKING,39.164032,-86.570272
2,3,1400.0,2-Car,No injury/unknown,FAILURE TO YIELD RIGHT OF WAY,39.16399292,-86.52018808
4,3,1500.0,2-Car,Non-incapacitating,FAILURE TO YIELD RIGHT OF WAY,39.16396927,-86.49834057
7,5,1200.0,2-Car,No injury/unknown,FAILURE TO YIELD RIGHT OF WAY,39.163933,-86.498228
12,6,1600.0,Bus,No injury/unknown,FAILURE TO YIELD RIGHT OF WAY,39.163896,-86.492968
8,3,1000.0,2-Car,No injury/unknown,CELL PHONE USAGE,39.1638282,-86.52018546
5,7,2000.0,2-Car,No injury/unknown,FAILURE TO YIELD RIGHT OF WAY,39.163799,-86.57022197
8,4,100.0,1-Car,No injury/unknown,DRIVER ASLEEP OR FATIGUED,39.16379078,-86.57311494
5,3,1000.0,2-Car,No injury/unknown,UNSAFE BACKING,39.16374463,-86.5562826
10,4,1400.0,2-Car,No injury/unknown,OTHER (DRIVER) - EXPLAIN IN NARRATIVE,39.16374463,-86.5562826
1,3,1100.0,2-Car,No injury/unknown,UNSAFE BACKING,39.16372414,-86.5562826
7,2,1400.0,2-Car,Non-incapacitating,DISREGARD SIGNAL/REG SIGN,39.1637,-86.528495
3,6,1500.0,2-Car,No injury/unknown,FAILURE TO YIELD RIGHT OF WAY,39.16369854,-86.49828114
7,2,2000.0,1-Car,Non-incapacitating,DRIVER DISTRACTED - EXPLAIN IN NARRATIVE,39.16365347,-86.57311806
2,7,500.0,1-Car,Non-incapacitating,ROADWAY SURFACE CONDITION,39.16359936,-86.42657888
6,4,1000.0,2-Car,No injury/unknown,FAILURE TO YIELD RIGHT OF WAY,39.163552,-86.649696
7,7,1600.0,1-Car,Non-incapacitating,UNSAFE BACKING,39.16353649,-86.64934196
2,4,1700.0,1-Car,Non-incapacitating,OTHER (DRIVER) - EXPLAIN IN NARRATIVE,39.16347519,-86.64965759