Month,Day,Hour,Collision Type,Injury Type,Primary Factor,Latitude,Longitude
1,6,1100.0,2-Car,No injury/unknown,FAILURE TO YIELD RIGHT OF WAY,39.16346117,-86.5512146
5,4,1800.0,2-Car,No injury/unknown,FAILURE TO YIELD RIGHT OF WAY,39.16346117,-86.5512146
11,7,1500.0,2-Car,Non-incapacitating,DISREGARD SIGNAL/REG SIGN,39.16346117,-86.5512146
12,6,1400.0,2-Car,No injury/unknown,FOLLOWING TOO CLOSELY,39.16346117,-86.5512146
7,5,1500.0,2-Car,Non-incapacitating,FAILURE TO YIELD RIGHT OF WAY,39.16344,-86.58584
4,7,1900.0,2-Car,No injury/unknown,FAILURE TO YIELD RIGHT OF WAY,39.163344,-86.5272
5,3,900.0,1-Car,No injury/unknown,DRIVER DISTRACTED - EXPLAIN IN NARRATIVE,39.163344,-86.52727092
4,1,1800.0,2-Car,No injury/unknown,FAILURE TO YIELD RIGHT OF WAY,39.163344,-86.5272
6,2,1200.0,2-Car,No injury/unknown,FAILURE TO YIELD RIGHT OF WAY,39.163344,-86.5272
1,4,1500.0,2-Car,No injury/unknown,FAILURE TO YIELD RIGHT OF WAY,39.163344,-86.5272
2,7,1600.0,2-Car,No injury/unknown,FAILURE TO YIELD RIGHT OF WAY,39.163344,-86.5272
4,4,800.0,2-Car,No injury/unknown,FAILURE TO YIELD RIGHT OF WAY,39.163344,-86.5272
7,7,1900.0,2-Car,No injury/unknown,FOLLOWING TOO CLOSELY,39.163344,-86.5272
10,6,1300.0,2-Car,Non-incapacitating,FAILURE TO YIELD RIGHT OF WAY,39.163344,-86.5272
11,6,1800.0,2-Car,No injury/unknown,UNSAFE BACKING,39.16333278,-86.51638646
5,1,300.0,2-Car,No injury/unknown,FAILURE TO YIELD RIGHT OF WAY,39.163328,-86.525808
6,5,1200.0,2-Car,No injury/unknown,UNSAFE BACKING,39.16332474,-86.52562351
8,4,800.0,1-Car,No injury/unknown,FAILURE TO YIELD RIGHT OF WAY,39.16332173,-86.52545348
2,6,,2-Car,No injury/unknown,OTHER (DRIVER) - EXPLAIN IN NARRATIVE,39.16331755,-86.52521763
10,7,2100.0,1-Car,No injury/unknown,DRIVER DISTRACTED - EXPLAIN IN NARRATIVE,39.16328401,-86.52294477
12,7,900.0,2-Car,No injury/unknown,FAILURE TO YIELD RIGHT OF WAY,39.16328401,-86.52294477
8,3,1000.0,2-Car,No injury/unknown,FOLLOWING TOO CLOSELY,39.16327644,-86.52241566
5,6,1600.0,2-Car,No injury/unknown,FAILURE TO YIELD RIGHT OF WAY,39.163232,-86.520176
11,3,1700.0,Pedestrian,Non-incapacitating,FAILURE TO YIELD RIGHT OF WAY,39.163232,-86.520176
12,7,1100.0,2-Car,Non-incapacitating,FAILURE TO YIELD RIGHT OF WAY,39.16322465,-86.51964688
5,5,2100.0,1-Car,Non-incapacitating,OTHER (DRIVER) - EXPLAIN IN NARRATIVE,39.16321698,-86.52580963
4,7,1700.0,2-Car,No injury/unknown,FAILURE TO YIELD RIGHT OF WAY,39.163216,-86.519024
1,2,0.0,2-Car,No injury/unknown,IMPROPER TURNING,39.16320059,-86.51763719
8,3,1300.0,2-Car,No injury/unknown,OTHER (VEHICLE) - EXPLAIN IN NARRATIVE,39.1632,-86.517584
4,3,1000.0,2-Car,Non-incapacitating,FAILURE TO YIELD RIGHT OF WAY,39.163199,-86.527629
6,7,400.0,1-Car,Non-incapacitating,RAN OFF ROAD RIGHT,39.163199,-86.52788535
8,4,1700.0,2-Car,No injury/unknown,DISREGARD SIGNAL/REG SIGN,39.163199,-86.527894
9,3,900.0,2-Car,No injury/unknown,DISREGARD SIGNAL/REG SIGN,39.163199,-86.527894
9,6,1300.0,2-Car,No injury/unknown,FAILURE TO YIELD RIGHT OF WAY,39.163199,-86.527894
10,1,1100.0,2-Car,No injury/unknown,FAILURE TO YIELD RIGHT OF WAY,39.163199,-86.527894
12,3,400.0,1-Car,No injury/unknown,,39.163199,-86.52788535
7,1,1000.0,1-Car,No injury/unknown,OTHER (DRIVER) - EXPLAIN IN NARRATIVE,39.16318214,-86.62927698
1,3,2200.0,2-Car,No injury/unknown,FOLLOWING TOO CLOSELY,39.16317462,-86.51663208
1,4,700.0,2-Car,No injury/unknown,DISREGARD SIGNAL/REG SIGN,39.163168,-86.516384
4,1,1700.0,2-Car,Non-incapacitating,FAILURE TO YIELD RIGHT OF WAY,39.163168,-86.516384
3,3,1100.0,Bus,No injury/unknown,LEFT OF CENTER,39.163168,-86.516384
7,5,1400.0,2-Car,No injury/unknown,FOLLOWING TOO CLOSELY,39.163152,-86.515168
9,3,100.0,2-Car,No injury/unknown,FAILURE TO YIELD RIGHT OF WAY,39.163152,-86.515168
10,6,800.0,2-Car,No injury/unknown,IMPROPER LANE USAGE,39.163136,-86.514096
2,2,600.0,2-Car,No injury/unknown,IMPROPER TURNING,39.1631,-86.520196
2,6,1400.0,2-Car,No injury/unknown,FAILURE TO YIELD RIGHT OF WAY,39.1631,-86.516399
6,2,1900.0,2-Car,No injury/unknown,FAILURE TO YIELD RIGHT OF WAY,39.1631,-86.520878
8,5,1700.0,3+ Cars,No injury/unknown,DRIVER DISTRACTED - EXPLAIN IN NARRATIVE,39.1631,-86.52399833
8,2,700.0,2-Car,No injury/unknown,FAILURE TO YIELD RIGHT OF WAY,39.1631,-86.522599
9,7,1900.0,2-Car,No injury/unknown,OTHER (DRIVER) - EXPLAIN IN NARRATIVE,39.1631,-86.522596
9,2,1500.0,2-Car,No injury/unknown,FOLLOWING TOO CLOSELY,39.1631,-86.52730765
9,2,900.0,2-Car,No injury/unknown,FAILURE TO YIELD RIGHT OF WAY,39.1631,-86.525897
10,4,1700.0,2-Car,No injury/unknown,FAILURE TO YIELD RIGHT OF WAY,39.1631,-86.514199
10,3,1000.0,2-Car,No injury/unknown,FAILURE TO YIELD RIGHT OF WAY,39.1631,-86.520543
10,2,1500.0,2-Car,No injury/unknown,ROADWAY SURFACE CONDITION,39.1631,-86.522599
10,6,1100.0,2-Car,No injury/unknown,FAILURE TO YIELD RIGHT OF WAY,39.1631,-86.527299
10,3,1600.0,2-Car,No injury/unknown,FAILURE TO YIELD RIGHT OF WAY,39.1631,-86.52398362
10,5,1200.0,2-Car,No injury/unknown,SPEED TOO FAST FOR WEATHER CONDITIONS,39.1631,-86.52400698
11,5,100.0,2-Car,No injury/unknown,FOLLOWING TOO CLOSELY,39.1631,-86.523994
12,4,1400.0,3+ Cars,No injury/unknown,OTHER (DRIVER) - EXPLAIN IN NARRATIVE,39.1631,-86.521095
12,6,1600.0,2-Car,No injury/unknown,FOLLOWING TOO CLOSELY,39.1631,-86.52020465
3,3,1500.0,2-Car,No injury/unknown,IMPROPER LANE USAGE,39.163099,-86.527299
1,3,2100.0,2-Car,No injury/unknown,ROADWAY SURFACE CONDITION,39.16309279,-86.51126655
4,7,1500.0,2-Car,Non-incapacitating,FAILURE TO YIELD RIGHT OF WAY,39.163088,-86.510912
1,3,1600.0,2-Car,Non-incapacitating,ROADWAY SURFACE CONDITION,39.163072,-86.5096
8,3,1700.0,2-Car,No injury/unknown,OTHER (DRIVER) - EXPLAIN IN NARRATIVE,39.163001,-86.515288
12,3,2200.0,2-Car,No injury/unknown,DRIVER DISTRACTED - EXPLAIN IN NARRATIVE,39.163001,-86.476295
12,7,2300.0,2-Car,No injury/unknown,FAILURE TO YIELD RIGHT OF WAY,39.163,-86.497996
1,7,300.0,1-Car,Non-incapacitating,DRIVER DISTRACTED - EXPLAIN IN NARRATIVE,39.162992,-86.538592
3,4,2100.0,1-Car,No injury/unknown,SPEED TOO FAST FOR WEATHER CONDITIONS,39.16296598,-86.41435602
3,7,2000.0,2-Car,No injury/unknown,FOLLOWING TOO CLOSELY,39.16295786,-86.5336
6,6,1200.0,2-Car,No injury/unknown,FAILURE TO YIELD RIGHT OF WAY,39.162944,-86.534832
6,4,1200.0,Pedestrian,Non-incapacitating,PEDESTRIAN ACTION,39.162928,-86.498112
11,5,1300.0,2-Car,No injury/unknown,OTHER (DRIVER) - EXPLAIN IN NARRATIVE,39.162928,-86.498112
5,4,2000.0,1-Car,No injury/unknown,RAN OFF ROAD RIGHT,39.16290267,-86.508288
6,2,1000.0,2-Car,No injury/unknown,OTHER (DRIVER) - EXPLAIN IN NARRATIVE,39.162894,-86.502499
12,5,1100.0,2-Car,No injury/unknown,FAILURE TO YIELD RIGHT OF WAY,39.162848,-86.5306872
2,7,1500.0,1-Car,Non-incapacitating,OTHER (DRIVER) - EXPLAIN IN NARRATIVE,39.162848,-86.5324
2,1,1100.0,2-Car,No injury/unknown,OTHER (DRIVER) - EXPLAIN IN NARRATIVE,39.162848,-86.53104
6,4,1700.0,1-Car,No injury/unknown,DRIVER DISTRACTED - EXPLAIN IN NARRATIVE,39.162848,-86.527184
7,4,1900.0,2-Car,No injury/unknown,OTHER (DRIVER) - EXPLAIN IN NARRATIVE,39.162848,-86.5336
9,7,1700.0,2-Car,No injury/unknown,FAILURE TO YIELD RIGHT OF WAY,39.162848,-86.529744
10,2,1400.0,2-Car,No injury/unknown,,39.162848,-86.527184
12,5,1300.0,2-Car,No injury/unknown,OTHER (DRIVER) - EXPLAIN IN NARRATIVE,39.162848,-86.529744
1,4,1300.0,2-Car,No injury/unknown,FAILURE TO YIELD RIGHT OF WAY,39.16281072,-86.49808741
6,1,300.0,2-Car,No injury/unknown,DISREGARD SIGNAL/REG SIGN,39.1628,-86.534899
6,4,1200.0,Moped/Motorcycle,No injury/unknown,DRIVER DISTRACTED - EXPLAIN IN NARRATIVE,39.1628,-86.534899
12,7,1300.0,2-Car,No injury/unknown,FAILURE TO YIELD RIGHT OF WAY,39.1628,-86.533599
3,1,2200.0,2-Car,No injury/unknown,UNSAFE BACKING,39.162799,-86.579195
9,7,1800.0,2-Car,Non-incapacitating,LEFT OF CENTER,39.162799,-86.5298
10,2,1400.0,2-Car,No injury/unknown,FOLLOWING TOO CLOSELY,39.16277009,-86.533795
5,3,1200.0,2-Car,No injury/unknown,FAILURE TO YIELD RIGHT OF WAY,39.162699,-86.55050866
9,4,1800.0,2-Car,No injury/unknown,GLARE,39.162641,-86.550558
8,6,2300.0,2-Car,No injury/unknown,FAILURE TO YIELD RIGHT OF WAY,39.162601,-86.550601
11,3,1700.0,2-Car,Non-incapacitating,FAILURE TO YIELD RIGHT OF WAY,39.162544,-86.546176
6,6,1200.0,2-Car,No injury/unknown,FAILURE TO YIELD RIGHT OF WAY,39.162501,-86.550396
1,1,400.0,1-Car,No injury/unknown,DRIVER ASLEEP OR FATIGUED,39.16238512,-86.528499
1,3,1800.0,2-Car,Non-incapacitating,VIEW OBSTRUCTED,39.162368,-86.537296
4,6,1400.0,2-Car,No injury/unknown,IMPROPER PASSING,39.16231237,-86.538699
2,7,1400.0,2-Car,No injury/unknown,OTHER (DRIVER) - EXPLAIN IN NARRATIVE,39.16224,-86.52671051
1,3,1800.0,2-Car,No injury/unknown,DISREGARD SIGNAL/REG SIGN,39.16224,-86.523968
4,6,1400.0,2-Car,No injury/unknown,UNSAFE SPEED,39.16224,-86.52016
9,6,2000.0,3+ Cars,No injury/unknown,DISREGARD SIGNAL/REG SIGN,39.16224,-86.523968
9,6,1700.0,2-Car,Non-incapacitating,DISREGARD SIGNAL/REG SIGN,39.16224,-86.523968
10,5,1300.0,2-Car,No injury/unknown,FAILURE TO YIELD RIGHT OF WAY,39.16224,-86.522576
11,1,1600.0,2-Car,No injury/unknown,FAILURE TO YIELD RIGHT OF WAY,39.16224,-86.516368
5,4,1100.0,1-Car,Non-incapacitating,UNSAFE SPEED,39.1622,-86.527195
9,2,1400.0,3+ Cars,Incapacitating,DISREGARD SIGNAL/REG SIGN,39.162199,-86.508495
4,6,200.0,1-Car,No injury/unknown,ROADWAY SURFACE CONDITION,39.162187,-86.516399
11,2,1800.0,2-Car,No injury/unknown,FOLLOWING TOO CLOSELY,39.162144,-86.508288
12,7,1100.0,2-Car,No injury/unknown,IMPROPER LANE USAGE,39.16204376,-86.49078903
2,7,500.0,2-Car,No injury/unknown,DRIVER DISTRACTED - EXPLAIN IN NARRATIVE,39.16197747,-86.51636408
12,6,1200.0,3+ Cars,No injury/unknown,OTHER (DRIVER) - EXPLAIN IN NARRATIVE,39.161936,-86.497904
8,4,1200.0,2-Car,No injury/unknown,OTHER (DRIVER) - EXPLAIN IN NARRATIVE,39.16171055,-86.49785673
10,3,1100.0,2-Car,Non-incapacitating,FOLLOWING TOO CLOSELY,39.1617,-86.480795
2,3,800.0,2-Car,Non-incapacitating,OTHER (DRIVER) - EXPLAIN IN NARRATIVE,39.161648,-86.546128
10,6,2200.0,2-Car,No injury/unknown,FOLLOWING TOO CLOSELY,39.161648,-86.546128
7,6,1700.0,2-Car,No injury/unknown,FOLLOWING TOO CLOSELY,39.1616,-86.543296
2,3,1400.0,2-Car,No injury/unknown,FOLLOWING TOO CLOSELY,39.161568,-86.542096
2,5,1800.0,3+ Cars,Non-incapacitating,FAILURE TO YIELD RIGHT OF WAY,39.16156317,-86.54174326
9,6,1800.0,2-Car,No injury/unknown,OTHER (DRIVER) - EXPLAIN IN NARRATIVE,39.16153675,-86.53981487
10,6,2100.0,1-Car,No injury/unknown,UNSAFE BACKING,39.16153611,-86.53976784
3,3,700.0,2-Car,No injury/unknown,DISREGARD SIGNAL/REG SIGN,39.16152,-86.538592
4,6,1300.0,2-Car,No injury/unknown,FAILURE TO YIELD RIGHT OF WAY,39.16152,-86.538592
10,5,1000.0,2-Car,Non-incapacitating,OTHER (DRIVER) - EXPLAIN IN NARRATIVE,39.16152,-86.538592
10,2,1100.0,2-Car,No injury/unknown,FAILURE TO YIELD RIGHT OF WAY,39.16152,-86.538592
2,4,1600.0,2-Car,No injury/unknown,OTHER (DRIVER) - EXPLAIN IN NARRATIVE,39.16151739,-86.53848621
11,6,1400.0,2-Car,No injury/unknown,UNSAFE BACKING,39.161488,-86.537296
2,7,1100.0,2-Car,Non-incapacitating,FOLLOWING TOO CLOSELY,39.16148006,-86.5367718
7,7,1100.0,2-Car,No injury/unknown,IMPROPER PASSING,39.161472,-86.53624
8,6,1100.0,Cyclist,Non-incapacitating,FAILURE TO YIELD RIGHT OF WAY,39.161472,-86.53624
2,6,1300.0,3+ Cars,Non-incapacitating,FOLLOWING TOO CLOSELY,39.16145959,-86.53555315
3,4,2000.0,2-Car,No injury/unknown,FAILURE TO YIELD RIGHT OF WAY,39.16144727,-86.53510982
1,2,1100.0,2-Car,No injury/unknown,IMPROPER PASSING,39.16144,-86.52961816
1,3,1700.0,2-Car,No injury/unknown,OTHER (DRIVER) - EXPLAIN IN NARRATIVE,39.16144,-86.528288
2,4,1100.0,2-Car,No injury/unknown,IMPROPER TURNING,39.16144,-86.52709845
2,2,1500.0,2-Car,No injury/unknown,FAILURE TO YIELD RIGHT OF WAY,39.16144,-86.534848
4,6,1900.0,2-Car,No injury/unknown,UNSAFE BACKING,39.16144,-86.5324
6,7,1700.0,3+ Cars,No injury/unknown,FOLLOWING TOO CLOSELY,39.16144,-86.534848
7,7,1100.0,2-Car,No injury/unknown,DISREGARD SIGNAL/REG SIGN,39.16144,-86.534848
9,7,200.0,2-Car,No injury/unknown,ALCOHOLIC BEVERAGES,39.16144,-86.528288
9,7,1600.0,Bus,No injury/unknown,FOLLOWING TOO CLOSELY,39.16144,-86.5336
9,2,1000.0,2-Car,No injury/unknown,OTHER (VEHICLE) - EXPLAIN IN NARRATIVE,39.16144,-86.5324
10,1,1000.0,1-Car,No injury/unknown,RAN OFF ROAD RIGHT,39.16144,-86.5336
10,2,0.0,1-Car,No injury/unknown,ALCOHOLIC BEVERAGES,39.16144,-86.528288
10,4,1300.0,2-Car,No injury/unknown,OTHER (DRIVER) - EXPLAIN IN NARRATIVE,39.16144,-86.528288
10,5,1400.0,2-Car,No injury/unknown,IMPROPER TURNING,39.16144,-86.523952
11,6,2300.0,2-Car,No injury/unknown,FAILURE TO YIELD RIGHT OF WAY,39.16144,-86.534848
11,4,1500.0,2-Car,No injury/unknown,SPEED TOO FAST FOR WEATHER CONDITIONS,39.16144,-86.523952
12,6,1000.0,2-Car,No injury/unknown,OTHER (DRIVER) - EXPLAIN IN NARRATIVE,39.16144,-86.531056
12,7,1700.0,2-Car,No injury/unknown,FAILURE TO YIELD RIGHT OF WAY,39.16144,-86.5336
12,6,900.0,2-Car,No injury/unknown,OTHER (DRIVER) - EXPLAIN IN NARRATIVE,39.16144,-86.527152
12,4,100.0,2-Car,No injury/unknown,UNSAFE BACKING,39.16144,-86.53084441
1,6,1700.0,2-Car,No injury/unknown,ROADWAY SURFACE CONDITION,39.1614,-86.546198
1,3,1900.0,1-Car,Non-incapacitating,RAN OFF ROAD RIGHT,39.1614,-86.546198
1,6,700.0,1-Car,Non-incapacitating,RAN OFF ROAD RIGHT,39.1614,-86.546198
2,2,1000.0,2-Car,Non-incapacitating,FOLLOWING TOO CLOSELY,39.1614,-86.543398
2,3,2100.0,1-Car,No injury/unknown,UNSAFE SPEED,39.1614,-86.53737404
3,6,1500.0,3+ Cars,No injury/unknown,DRIVER DISTRACTED - EXPLAIN IN NARRATIVE,39.1614,-86.53629367
3,6,800.0,2-Car,No injury/unknown,DRIVER DISTRACTED - EXPLAIN IN NARRATIVE,39.1614,-86.5374
4,6,1300.0,3+ Cars,No injury/unknown,FOLLOWING TOO CLOSELY,39.1614,-86.53620433
4,4,1900.0,2-Car,No injury/unknown,OTHER (DRIVER) - EXPLAIN IN NARRATIVE,39.1614,-86.539881
4,5,1200.0,2-Car,Non-incapacitating,UNSAFE BACKING,39.1614,-86.5374
4,6,1700.0,3+ Cars,Non-incapacitating,FOLLOWING TOO CLOSELY,39.1614,-86.536298
5,4,1200.0,3+ Cars,No injury/unknown,FOLLOWING TOO CLOSELY,39.1614,-86.53737404
5,7,1500.0,2-Car,No injury/unknown,FOLLOWING TOO CLOSELY,39.1614,-86.546198
5,1,1900.0,2-Car,No injury/unknown,ALCOHOLIC BEVERAGES,39.1614,-86.546198
6,7,800.0,2-Car,No injury/unknown,DISREGARD SIGNAL/REG SIGN,39.1614,-86.543398
6,1,1300.0,2-Car,No injury/unknown,OTHER (DRIVER) - EXPLAIN IN NARRATIVE,39.1614,-86.546198
7,4,1400.0,1-Car,Non-incapacitating,SPEED TOO FAST FOR WEATHER CONDITIONS,39.1614,-86.54344127
9,6,2000.0,2-Car,No injury/unknown,OTHER (VEHICLE) - EXPLAIN IN NARRATIVE,39.1614,-86.535435
9,2,1800.0,2-Car,No injury/unknown,UNSAFE BACKING,39.1614,-86.53280233
9,7,1500.0,2-Car,No injury/unknown,DRIVER DISTRACTED - EXPLAIN IN NARRATIVE,39.1614,-86.538698
10,7,1800.0,2-Car,No injury/unknown,FOLLOWING TOO CLOSELY,39.1614,-86.543398
10,5,2100.0,2-Car,No injury/unknown,LEFT OF CENTER,39.1614,-86.53178867
10,6,1300.0,2-Car,No injury/unknown,UNSAFE BACKING,39.1614,-86.539927
10,6,1000.0,Bus,No injury/unknown,FAILURE TO YIELD RIGHT OF WAY,39.1614,-86.539927
11,4,1800.0,3+ Cars,No injury/unknown,ROADWAY SURFACE CONDITION,39.1614,-86.54218169
12,1,100.0,1-Car,No injury/unknown,ALCOHOLIC BEVERAGES,39.1614,-86.54621098
12,6,1300.0,2-Car,Non-incapacitating,IMPROPER PASSING,39.1614,-86.5362
1,3,1600.0,2-Car,Non-incapacitating,OTHER (DRIVER) - EXPLAIN IN NARRATIVE,39.16135764,-86.53484932
2,7,1700.0,2-Car,No injury/unknown,,39.161312,-86.522576
1,6,1100.0,2-Car,No injury/unknown,FAILURE TO YIELD RIGHT OF WAY,39.1613,-86.528396
5,6,1600.0,2-Car,No injury/unknown,OTHER (ENVIRONMENTAL) - EXPLAIN IN NARR,39.1613,-86.523999
5,2,2100.0,2-Car,No injury/unknown,FAILURE TO YIELD RIGHT OF WAY,39.1613,-86.529899
5,6,1300.0,2-Car,No injury/unknown,OTHER (DRIVER) - EXPLAIN IN NARRATIVE,39.161296,-86.589792
4,5,1000.0,2-Car,No injury/unknown,OTHER (DRIVER) - EXPLAIN IN NARRATIVE,39.161232,-86.519056
3,4,,3+ Cars,No injury/unknown,OTHER (DRIVER) - EXPLAIN IN NARRATIVE,39.16123069,-86.51899592
11,4,1300.0,2-Car,No injury/unknown,FAILURE TO YIELD RIGHT OF WAY,39.161201,-86.591795
5,4,1300.0,2-Car,No injury/unknown,BRAKE FAILURE OR DEFECTIVE,39.161168,-86.516352
6,4,1600.0,2-Car,No injury/unknown,OTHER (DRIVER) - EXPLAIN IN NARRATIVE,39.16115717,-86.53485253
6,5,2300.0,2-Car,No injury/unknown,UNSAFE BACKING,39.16115717,-86.53485253
10,1,0.0,2-Car,No injury/unknown,FAILURE TO YIELD RIGHT OF WAY,39.16115717,-86.53485253
2,7,100.0,2-Car,No injury/unknown,OTHER (DRIVER) - EXPLAIN IN NARRATIVE,39.1611,-86.52350304
5,4,1800.0,2-Car,No injury/unknown,SPEED TOO FAST FOR WEATHER CONDITIONS,39.1611,-86.523994
11,5,1500.0,2-Car,No injury/unknown,SPEED TOO FAST FOR WEATHER CONDITIONS,39.1611,-86.523994
12,1,1700.0,2-Car,No injury/unknown,OTHER (DRIVER) - EXPLAIN IN NARRATIVE,39.1611,-86.52262196
11,4,700.0,2-Car,Non-incapacitating,DISREGARD SIGNAL/REG SIGN,39.161099,-86.517695
8,5,1400.0,2-Car,No injury/unknown,FAILURE TO YIELD RIGHT OF WAY,39.160999,-86.516399
8,2,700.0,2-Car,No injury/unknown,DRIVER DISTRACTED - EXPLAIN IN NARRATIVE,39.160996,-86.508316
7,7,1900.0,2-Car,Non-incapacitating,DISREGARD SIGNAL/REG SIGN,39.160944,-86.497696
2,2,1500.0,2-Car,Non-incapacitating,FAILURE TO YIELD RIGHT OF WAY,39.160944,-86.5024
1,3,1400.0,2-Car,Non-incapacitating,FAILURE TO YIELD RIGHT OF WAY,39.160944,-86.508288
1,6,1200.0,2-Car,Non-incapacitating,OTHER (DRIVER) - EXPLAIN IN NARRATIVE,39.160944,-86.508288
3,2,2100.0,2-Car,Non-incapacitating,FAILURE TO YIELD RIGHT OF WAY,39.160944,-86.497696
4,7,1500.0,2-Car,No injury/unknown,OTHER (DRIVER) - EXPLAIN IN NARRATIVE,39.160944,-86.497696
6,5,1700.0,2-Car,Non-incapacitating,FOLLOWING TOO CLOSELY,39.160944,-86.497696
7,3,2200.0,2-Car,No injury/unknown,DISREGARD SIGNAL/REG SIGN,39.160944,-86.497696
7,2,1300.0,2-Car,No injury/unknown,FAILURE TO YIELD RIGHT OF WAY,39.160944,-86.497696
9,6,1800.0,2-Car,Non-incapacitating,FAILURE TO YIELD RIGHT OF WAY,39.160944,-86.508288
10,7,200.0,1-Car,Non-incapacitating,RAN OFF ROAD RIGHT,39.160944,-86.5024
10,3,900.0,2-Car,No injury/unknown,LEFT OF CENTER,39.160944,-86.49959661
10,6,1000.0,2-Car,No injury/unknown,DISREGARD SIGNAL/REG SIGN,39.160944,-86.497696
12,7,1800.0,Moped/Motorcycle,No injury/unknown,FAILURE TO YIELD RIGHT OF WAY,39.160944,-86.5024
12,1,1100.0,2-Car,No injury/unknown,DISREGARD SIGNAL/REG SIGN,39.160944,-86.497696
4,4,1700.0,3+ Cars,Non-incapacitating,FOLLOWING TOO CLOSELY,39.1609227,-86.502295
1,5,1300.0,2-Car,No injury/unknown,OTHER (DRIVER) - EXPLAIN IN NARRATIVE,39.1609,-86.497701
9,4,1900.0,2-Car,No injury/unknown,FOLLOWING TOO CLOSELY,39.1609,-86.497499
11,5,1400.0,2-Car,No injury/unknown,FAILURE TO YIELD RIGHT OF WAY,39.1609,-86.497701
10,3,1500.0,2-Car,No injury/unknown,FOLLOWING TOO CLOSELY,39.16072758,-86.54940867
9,3,200.0,1-Car,No injury/unknown,UNSAFE BACKING,39.16071674,-86.49770384
8,5,1300.0,2-Car,No injury/unknown,OTHER (VEHICLE) - EXPLAIN IN NARRATIVE,39.16071282,-86.5336
1,4,900.0,2-Car,No injury/unknown,IMPROPER TURNING,39.16070173,-86.579199
10,7,0.0,2-Car,No injury/unknown,FOLLOWING TOO CLOSELY,39.1606161,-86.53486118
11,5,900.0,2-Car,No injury/unknown,FAILURE TO YIELD RIGHT OF WAY,39.1606161,-86.53486118
1,4,1500.0,2-Car,No injury/unknown,FAILURE TO YIELD RIGHT OF WAY,39.16061603,-86.5336
10,6,1000.0,2-Car,No injury/unknown,FOLLOWING TOO CLOSELY,39.160544,-86.5508
7,3,800.0,2-Car,No injury/unknown,DISREGARD SIGNAL/REG SIGN,39.160401,-86.527195
3,4,1700.0,2-Car,No injury/unknown,FAILURE TO YIELD RIGHT OF WAY,39.160401,-86.527195
7,5,1300.0,2-Car,No injury/unknown,UNSAFE BACKING,39.160384,-86.551454
8,5,1200.0,2-Car,No injury/unknown,UNSAFE BACKING,39.16037584,-86.49771559
9,4,1100.0,2-Car,No injury/unknown,UNSAFE BACKING,39.16034874,-86.53080751
6,6,1800.0,2-Car,No injury/unknown,FAILURE TO YIELD RIGHT OF WAY,39.16032,-86.527136
7,2,1800.0,2-Car,No injury/unknown,FAILURE TO YIELD RIGHT OF WAY,39.16032,-86.527136
6,3,1400.0,3+ Cars,Non-incapacitating,FOLLOWING TOO CLOSELY,39.160114,-86.553211
1,3,1100.0,2-Car,No injury/unknown,IMPROPER TURNING,39.16006672,-86.5336
3,5,2100.0,2-Car,No injury/unknown,OTHER (DRIVER) - EXPLAIN IN NARRATIVE,39.15998862,-86.55307876
12,1,2000.0,2-Car,No injury/unknown,OTHER (DRIVER) - EXPLAIN IN NARRATIVE,39.15980273,-86.53108072
1,5,0.0,2-Car,No injury/unknown,IMPROPER TURNING,39.159784,-86.53498
1,5,2000.0,2-Car,No injury/unknown,FAILURE TO YIELD RIGHT OF WAY,39.15971453,-86.53487561
11,2,1600.0,2-Car,No injury/unknown,FAILURE TO YIELD RIGHT OF WAY,39.159504,-86.538592
2,4,2200.0,1-Car,Non-incapacitating,OVERCORRECTING/OVERSTEERING,39.15948522,-86.49145754
2,5,1600.0,2-Car,No injury/unknown,FAILURE TO YIELD RIGHT OF WAY,39.159472,-86.536272
5,3,1700.0,2-Car,No injury/unknown,IMPROPER TURNING,39.159472,-86.536272
7,6,1200.0,2-Car,No injury/unknown,UNSAFE SPEED,39.15944,-86.5568
1,4,1700.0,2-Car,No injury/unknown,IMPROPER PASSING,39.15944,-86.555296
2,4,700.0,2-Car,No injury/unknown,IMPROPER TURNING,39.15944,-86.53488
2,4,1400.0,2-Car,No injury/unknown,IMPROPER TURNING,39.15944,-86.53488
8,6,1200.0,3+ Cars,No injury/unknown,FOLLOWING TOO CLOSELY,39.15944,-86.53488
10,5,1300.0,Moped/Motorcycle,Non-incapacitating,OTHER (VEHICLE) - EXPLAIN IN NARRATIVE,39.15944,-86.53488
11,4,600.0,2-Car,Non-incapacitating,DISREGARD SIGNAL/REG SIGN,39.15944,-86.53488
12,3,1100.0,2-Car,No injury/unknown,FAILURE TO YIELD RIGHT OF WAY,39.15944,-86.53488
3,5,2200.0,2-Car,No injury/unknown,IMPROPER LANE USAGE,39.15943468,-86.549499
2,2,1600.0,2-Car,No injury/unknown,OTHER (DRIVER) - EXPLAIN IN NARRATIVE,39.1594,-86.537758
7,6,200.0,1-Car,Non-incapacitating,ALCOHOLIC BEVERAGES,39.159399,-86.534999
1,2,1700.0,2-Car,No injury/unknown,FAILURE TO YIELD RIGHT OF WAY,39.159344,-86.520096
1,2,800.0,2-Car,No injury/unknown,DISREGARD SIGNAL/REG SIGN,39.159344,-86.52712
3,7,1500.0,2-Car,No injury/unknown,DISREGARD SIGNAL/REG SIGN,39.159344,-86.520096