Month,Day,Hour,Collision Type,Injury Type,Primary Factor,Latitude,Longitude
3,4,1600.0,2-Car,No injury/unknown,FAILURE TO YIELD RIGHT OF WAY,39.159344,-86.5324
3,3,2300.0,2-Car,No injury/unknown,IMPROPER TURNING,39.159344,-86.524784
4,1,1700.0,2-Car,No injury/unknown,DISREGARD SIGNAL/REG SIGN,39.159344,-86.5336
10,2,1200.0,2-Car,Non-incapacitating,FAILURE TO YIELD RIGHT OF WAY,39.159344,-86.525872
11,5,1900.0,2-Car,No injury/unknown,DISREGARD SIGNAL/REG SIGN,39.159344,-86.5336
11,2,2300.0,2-Car,No injury/unknown,ALCOHOLIC BEVERAGES,39.15931378,-86.534899
4,4,1700.0,3+ Cars,Non-incapacitating,OTHER (DRIVER) - EXPLAIN IN NARRATIVE,39.15930776,-86.5732966
4,2,1800.0,2-Car,Non-incapacitating,FAILURE TO YIELD RIGHT OF WAY,39.1593,-86.520995
7,1,1300.0,2-Car,No injury/unknown,IMPROPER LANE USAGE,39.1593,-86.531294
1,2,2200.0,Pedestrian,Incapacitating,UNSAFE SPEED,39.159185,-86.545995
6,3,1600.0,3+ Cars,No injury/unknown,FOLLOWING TOO CLOSELY,39.15906934,-86.5336
11,4,1800.0,2-Car,Non-incapacitating,DRIVER DISTRACTED - EXPLAIN IN NARRATIVE,39.159,-86.480695
4,6,1600.0,2-Car,Non-incapacitating,FAILURE TO YIELD RIGHT OF WAY,39.15896289,-86.49837625
5,1,1500.0,2-Car,No injury/unknown,BRAKE FAILURE OR DEFECTIVE,39.15883832,-86.51143213
2,6,2200.0,2-Car,No injury/unknown,UNSAFE BACKING,39.15879395,-86.527698
5,5,100.0,1-Car,No injury/unknown,ALCOHOLIC BEVERAGES,39.15861943,-86.58275886
7,5,1300.0,2-Car,No injury/unknown,LEFT OF CENTER,39.15859279,-86.531399
10,4,1600.0,2-Car,No injury/unknown,OTHER (DRIVER) - EXPLAIN IN NARRATIVE,39.15857489,-86.54233857
1,2,1700.0,2-Car,No injury/unknown,FAILURE TO YIELD RIGHT OF WAY,39.158399,-86.532399
2,5,1100.0,2-Car,Non-incapacitating,FAILURE TO YIELD RIGHT OF WAY,39.158399,-86.532399
3,2,1500.0,3+ Cars,Incapacitating,DISREGARD SIGNAL/REG SIGN,39.158399,-86.532399
9,5,1700.0,1-Car,No injury/unknown,OTHER (DRIVER) - EXPLAIN IN NARRATIVE,39.158399,-86.532399
2,6,700.0,1-Car,No injury/unknown,RAN OFF ROAD RIGHT,39.15839056,-86.55762272
8,4,1800.0,2-Car,No injury/unknown,OTHER (DRIVER) - EXPLAIN IN NARRATIVE,39.1583,-86.569336
5,3,1800.0,2-Car,No injury/unknown,FAILURE TO YIELD RIGHT OF WAY,39.1582,-86.496899
4,4,1600.0,2-Car,No injury/unknown,DRIVER DISTRACTED - EXPLAIN IN NARRATIVE,39.15817411,-86.5512146
2,7,1100.0,2-Car,No injury/unknown,FAILURE TO YIELD RIGHT OF WAY,39.15816,-86.497792
5,3,1200.0,3+ Cars,Non-incapacitating,DISREGARD SIGNAL/REG SIGN,39.15816,-86.497792
6,3,900.0,2-Car,No injury/unknown,UNSAFE BACKING,39.15815535,-86.568165
3,3,2100.0,Pedestrian,Incapacitating,PEDESTRIAN ACTION,39.158101,-86.497897
9,5,1100.0,2-Car,No injury/unknown,IMPROPER TURNING,39.158101,-86.497897
3,2,1500.0,2-Car,No injury/unknown,DRIVER DISTRACTED - EXPLAIN IN NARRATIVE,39.157999,-86.55760566
6,2,1700.0,2-Car,No injury/unknown,FOLLOWING TOO CLOSELY,39.157999,-86.557597
3,4,1300.0,3+ Cars,No injury/unknown,OTHER (DRIVER) - EXPLAIN IN NARRATIVE,39.157952,-86.527088
10,7,300.0,1-Car,No injury/unknown,DISREGARD SIGNAL/REG SIGN,39.157952,-86.527088
4,6,900.0,2-Car,Non-incapacitating,OTHER (DRIVER) - EXPLAIN IN NARRATIVE,39.157904,-86.522544
6,1,2000.0,2-Car,No injury/unknown,IMPROPER TURNING,39.15784334,-86.521099
1,6,1000.0,2-Car,Non-incapacitating,FAILURE TO YIELD RIGHT OF WAY,39.157824,-86.512528
2,6,1100.0,2-Car,Non-incapacitating,DISREGARD SIGNAL/REG SIGN,39.157824,-86.5136
1,6,800.0,2-Car,No injury/unknown,OTHER (DRIVER) - EXPLAIN IN NARRATIVE,39.1578,-86.510779
6,7,1900.0,2-Car,Non-incapacitating,DISREGARD SIGNAL/REG SIGN,39.1578,-86.520999
7,4,1700.0,1-Car,No injury/unknown,IMPROPER TURNING,39.157792,-86.508288
9,1,1700.0,2-Car,Non-incapacitating,OTHER (DRIVER) - EXPLAIN IN NARRATIVE,39.157792,-86.508288
12,7,1000.0,2-Car,No injury/unknown,FAILURE TO YIELD RIGHT OF WAY,39.157792,-86.508288
2,3,700.0,2-Car,No injury/unknown,FAILURE TO YIELD RIGHT OF WAY,39.15772474,-86.51169012
6,3,1300.0,2-Car,No injury/unknown,UNSAFE BACKING,39.157653,-86.496099
2,7,1300.0,2-Car,Non-incapacitating,UNSAFE BACKING,39.15762,-86.497882
4,4,1100.0,2-Car,No injury/unknown,DISREGARD SIGNAL/REG SIGN,39.1576,-86.545199
3,7,1600.0,2-Car,Non-incapacitating,FAILURE TO YIELD RIGHT OF WAY,39.157599,-86.480599
11,3,1500.0,2-Car,No injury/unknown,IMPROPER TURNING,39.15759543,-86.55894204
5,2,1300.0,1-Car,No injury/unknown,IMPROPER TURNING,39.157568,-86.534896
8,7,1300.0,2-Car,No injury/unknown,IMPROPER LANE USAGE,39.157568,-86.534896
1,4,700.0,2-Car,Non-incapacitating,SPEED TOO FAST FOR WEATHER CONDITIONS,39.157504,-86.531104
9,6,200.0,3+ Cars,Non-incapacitating,DRIVER ILLNESS,39.157504,-86.531104
7,1,1000.0,1-Car,Non-incapacitating,ALCOHOLIC BEVERAGES,39.15744,-86.472096
10,1,1500.0,2-Car,No injury/unknown,UNSAFE BACKING,39.15742411,-86.59100737
2,7,200.0,3+ Cars,No injury/unknown,RAN OFF ROAD RIGHT,39.15741254,-86.52708745
6,3,1700.0,3+ Cars,No injury/unknown,OTHER (DRIVER) - EXPLAIN IN NARRATIVE,39.1574,-86.533599
7,4,800.0,2-Car,No injury/unknown,OTHER (DRIVER) - EXPLAIN IN NARRATIVE,39.15737206,-86.53368833
4,2,800.0,2-Car,No injury/unknown,FAILURE TO YIELD RIGHT OF WAY,39.157248,-86.559792
6,5,1600.0,2-Car,No injury/unknown,FOLLOWING TOO CLOSELY,39.157248,-86.559792
9,4,1600.0,2-Car,Non-incapacitating,FAILURE TO YIELD RIGHT OF WAY,39.157248,-86.559792
11,4,2000.0,3+ Cars,No injury/unknown,DRIVER DISTRACTED - EXPLAIN IN NARRATIVE,39.157248,-86.559792
8,4,1400.0,2-Car,No injury/unknown,FAILURE TO YIELD RIGHT OF WAY,39.15716674,-86.5599342
1,4,800.0,1-Car,No injury/unknown,ROADWAY SURFACE CONDITION,39.157,-86.55979567
5,7,2200.0,2-Car,No injury/unknown,UNSAFE BACKING,39.157,-86.5491
3,2,1600.0,2-Car,No injury/unknown,FAILURE TO YIELD RIGHT OF WAY,39.15692877,-86.528299
2,2,1400.0,2-Car,Non-incapacitating,DISREGARD SIGNAL/REG SIGN,39.156896,-86.582704
12,6,1100.0,2-Car,No injury/unknown,FOLLOWING TOO CLOSELY,39.156896,-86.582704
4,2,2200.0,2-Car,No injury/unknown,UNSAFE BACKING,39.15687187,-86.518805
2,2,700.0,2-Car,No injury/unknown,OTHER (DRIVER) - EXPLAIN IN NARRATIVE,39.15677942,-86.582699
7,2,1000.0,2-Car,No injury/unknown,FAILURE TO YIELD RIGHT OF WAY,39.156752,-86.540976
8,6,1200.0,Pedestrian,Incapacitating,OTHER (DRIVER) - EXPLAIN IN NARRATIVE,39.15672883,-86.510899
3,5,1100.0,2-Car,No injury/unknown,OTHER (DRIVER) - EXPLAIN IN NARRATIVE,39.15669059,-86.5204258
11,5,1300.0,2-Car,No injury/unknown,DISREGARD SIGNAL/REG SIGN,39.156658,-86.4978
9,6,300.0,2-Car,No injury/unknown,DRIVER ASLEEP OR FATIGUED,39.15664,-86.538592
6,4,1200.0,1-Car,No injury/unknown,RAN OFF ROAD RIGHT,39.156624,-86.528
1,3,900.0,1-Car,No injury/unknown,OTHER (DRIVER) - EXPLAIN IN NARRATIVE,39.156582,-86.589279
12,5,1400.0,2-Car,No injury/unknown,OTHER (DRIVER) - EXPLAIN IN NARRATIVE,39.156544,-86.5336
7,1,1800.0,2-Car,No injury/unknown,FAILURE TO YIELD RIGHT OF WAY,39.156501,-86.560897
5,3,1500.0,2-Car,No injury/unknown,OTHER (DRIVER) - EXPLAIN IN NARRATIVE,39.15643429,-86.5336
12,7,1800.0,2-Car,No injury/unknown,UNSAFE BACKING,39.15636823,-86.5201
9,6,2100.0,2-Car,No injury/unknown,RAN OFF ROAD LEFT,39.156364,-86.532415
1,3,1200.0,2-Car,Non-incapacitating,FOLLOWING TOO CLOSELY,39.156144,-86.561296
9,4,2200.0,2-Car,No injury/unknown,RAN OFF ROAD RIGHT,39.156144,-86.561296
4,6,1400.0,2-Car,Non-incapacitating,OTHER (DRIVER) - EXPLAIN IN NARRATIVE,39.15613945,-86.5791
4,1,900.0,2-Car,No injury/unknown,,39.156128,-86.560912
6,6,1600.0,2-Car,Non-incapacitating,FAILURE TO YIELD RIGHT OF WAY,39.156048,-86.556896
1,7,1600.0,Moped/Motorcycle,Non-incapacitating,DISREGARD SIGNAL/REG SIGN,39.155952,-86.550592
7,4,1400.0,2-Car,No injury/unknown,FAILURE TO YIELD RIGHT OF WAY,39.155952,-86.550592
9,2,800.0,2-Car,No injury/unknown,OTHER (DRIVER) - EXPLAIN IN NARRATIVE,39.155952,-86.550736
5,7,1600.0,1-Car,Non-incapacitating,SPEED TOO FAST FOR WEATHER CONDITIONS,39.15591723,-86.51392859
3,5,900.0,2-Car,No injury/unknown,OTHER (DRIVER) - EXPLAIN IN NARRATIVE,39.1558,-86.549877
11,3,1500.0,2-Car,Non-incapacitating,OTHER (DRIVER) - EXPLAIN IN NARRATIVE,39.15578533,-86.5336
4,5,1700.0,3+ Cars,No injury/unknown,SPEED TOO FAST FOR WEATHER CONDITIONS,39.15578243,-86.57295509
10,4,1200.0,2-Car,Non-incapacitating,DISREGARD SIGNAL/REG SIGN,39.155776,-86.538592
8,6,1600.0,2-Car,No injury/unknown,FAILURE TO YIELD RIGHT OF WAY,39.15569047,-86.50216018
10,3,1700.0,2-Car,No injury/unknown,FAILURE TO YIELD RIGHT OF WAY,39.155664,-86.5324
3,6,1000.0,2-Car,No injury/unknown,NONE (VEHICLE),39.155648,-86.5336
5,1,2100.0,2-Car,No injury/unknown,DISREGARD SIGNAL/REG SIGN,39.155601,-86.538699
6,3,1300.0,2-Car,No injury/unknown,UNSAFE BACKING,39.155551,-86.472948
12,6,1900.0,2-Car,No injury/unknown,FAILURE TO YIELD RIGHT OF WAY,39.15553778,-86.56206815
2,6,1400.0,2-Car,No injury/unknown,IMPROPER TURNING,39.15553057,-86.5512146
9,4,1700.0,3+ Cars,No injury/unknown,BRAKE FAILURE OR DEFECTIVE,39.155514,-86.533706
10,4,1700.0,2-Car,No injury/unknown,FAILURE TO YIELD RIGHT OF WAY,39.15544,-86.509904
5,4,2100.0,2-Car,No injury/unknown,FAILURE TO YIELD RIGHT OF WAY,39.155405,-86.497699
3,2,400.0,1-Car,No injury/unknown,ANIMAL/OBJECT IN ROADWAY,39.1554,-86.56248934
3,2,800.0,2-Car,Non-incapacitating,FAILURE TO YIELD RIGHT OF WAY,39.1554,-86.562498
8,7,2300.0,2-Car,Non-incapacitating,UNSAFE BACKING,39.1554,-86.562498
10,3,1100.0,3+ Cars,No injury/unknown,DRIVER DISTRACTED - EXPLAIN IN NARRATIVE,39.1554,-86.562498
10,3,1500.0,3+ Cars,No injury/unknown,FOLLOWING TOO CLOSELY,39.1554,-86.56248934
11,3,1800.0,2-Car,Non-incapacitating,FAILURE TO YIELD RIGHT OF WAY,39.1554,-86.562498
11,3,900.0,1-Car,No injury/unknown,RAN OFF ROAD RIGHT,39.15515973,-86.5044638
1,2,1100.0,2-Car,No injury/unknown,DISREGARD SIGNAL/REG SIGN,39.155152,-86.497888
3,7,1100.0,2-Car,No injury/unknown,FAILURE TO YIELD RIGHT OF WAY,39.155152,-86.497888
8,4,1000.0,2-Car,Non-incapacitating,FAILURE TO YIELD RIGHT OF WAY,39.155152,-86.497888
9,7,1800.0,1-Car,No injury/unknown,RAN OFF ROAD RIGHT,39.155152,-86.504496
12,3,1400.0,2-Car,Non-incapacitating,DISREGARD SIGNAL/REG SIGN,39.155152,-86.497888
12,5,1600.0,2-Car,No injury/unknown,FAILURE TO YIELD RIGHT OF WAY,39.155152,-86.497888
11,6,2200.0,2-Car,No injury/unknown,FAILURE TO YIELD RIGHT OF WAY,39.1551,-86.49810333
11,7,2200.0,2-Car,No injury/unknown,ALCOHOLIC BEVERAGES,39.155099,-86.496796
2,4,2200.0,2-Car,No injury/unknown,FAILURE TO YIELD RIGHT OF WAY,39.15504,-86.509552
3,4,1000.0,2-Car,No injury/unknown,DRIVER DISTRACTED - EXPLAIN IN NARRATIVE,39.1549,-86.563198
7,4,1800.0,2-Car,Non-incapacitating,FOLLOWING TOO CLOSELY,39.1549,-86.56317203
11,1,900.0,2-Car,No injury/unknown,LEFT OF CENTER,39.15486796,-86.538899
2,6,200.0,2-Car,No injury/unknown,CELL PHONE USAGE,39.15474701,-86.509899
6,2,800.0,2-Car,No injury/unknown,UNSAFE BACKING,39.154704,-86.588991
8,5,1600.0,3+ Cars,Non-incapacitating,FOLLOWING TOO CLOSELY,39.15464,-86.538592
7,7,900.0,2-Car,No injury/unknown,OTHER (DRIVER) - EXPLAIN IN NARRATIVE,39.154352,-86.5336
9,4,1100.0,2-Car,No injury/unknown,FAILURE TO YIELD RIGHT OF WAY,39.154352,-86.5324
2,5,900.0,2-Car,No injury/unknown,OTHER (DRIVER) - EXPLAIN IN NARRATIVE,39.1543,-86.572499
11,3,1400.0,2-Car,No injury/unknown,UNSAFE BACKING,39.15426866,-86.514199
11,4,1300.0,2-Car,Non-incapacitating,FAILURE TO YIELD RIGHT OF WAY,39.15424374,-86.49787002
8,3,1600.0,2-Car,Non-incapacitating,FAILURE TO YIELD RIGHT OF WAY,39.1542,-86.533799
11,7,1600.0,Pedestrian,Non-incapacitating,UNSAFE BACKING,39.15412578,-86.49786768
4,5,0.0,2-Car,No injury/unknown,UNSAFE BACKING,39.15407734,-86.5324
11,1,1700.0,2-Car,No injury/unknown,GLARE,39.154,-86.50658602
4,2,1800.0,Moped/Motorcycle,Incapacitating,ALCOHOLIC BEVERAGES,39.1539,-86.54170246
9,3,800.0,2-Car,Non-incapacitating,FOLLOWING TOO CLOSELY,39.1539,-86.541699
11,2,700.0,Bus,No injury/unknown,LEFT OF CENTER,39.1539,-86.54168169
5,7,2100.0,2-Car,No injury/unknown,OTHER (DRIVER) - EXPLAIN IN NARRATIVE,39.153899,-86.538699
8,6,1500.0,2-Car,No injury/unknown,FAILURE TO YIELD RIGHT OF WAY,39.153899,-86.538699
4,1,100.0,1-Car,No injury/unknown,ALCOHOLIC BEVERAGES,39.15389,-86.492678
9,3,1400.0,2-Car,No injury/unknown,OTHER (VEHICLE) - EXPLAIN IN NARRATIVE,39.15388669,-86.5336
3,6,2200.0,2-Car,Non-incapacitating,DRIVER DISTRACTED - EXPLAIN IN NARRATIVE,39.1538,-86.541099
4,4,700.0,2-Car,No injury/unknown,FOLLOWING TOO CLOSELY,39.1538,-86.54108169
6,3,1700.0,2-Car,Non-incapacitating,LEFT OF CENTER,39.1538,-86.541099
3,4,1400.0,2-Car,Fatal,LEFT OF CENTER,39.15373893,-86.39439934
8,7,0.0,2-Car,No injury/unknown,VIEW OBSTRUCTED,39.153734,-86.572499
7,5,1300.0,2-Car,No injury/unknown,FAILURE TO YIELD RIGHT OF WAY,39.15371466,-86.5336
12,1,2300.0,1-Car,No injury/unknown,RAN OFF ROAD LEFT,39.15366764,-86.5229
5,3,1900.0,1-Car,No injury/unknown,UNSAFE BACKING,39.153536,-86.497856
2,7,1000.0,2-Car,Non-incapacitating,FAILURE TO YIELD RIGHT OF WAY,39.153504,-86.58272
4,2,700.0,Bus,No injury/unknown,OTHER (DRIVER) - EXPLAIN IN NARRATIVE,39.15344,-86.53395276
10,4,1000.0,2-Car,No injury/unknown,FAILURE TO YIELD RIGHT OF WAY,39.15344,-86.53395276
10,3,1400.0,Moped/Motorcycle,Non-incapacitating,FAILURE TO YIELD RIGHT OF WAY,39.15344,-86.53395276
2,4,2100.0,2-Car,Non-incapacitating,OTHER (DRIVER) - EXPLAIN IN NARRATIVE,39.15344,-86.5336
1,4,2300.0,3+ Cars,Non-incapacitating,FAILURE TO YIELD RIGHT OF WAY,39.15344,-86.5336
1,7,1200.0,2-Car,No injury/unknown,OTHER (DRIVER) - EXPLAIN IN NARRATIVE,39.15344,-86.5336
3,3,1300.0,2-Car,Non-incapacitating,FAILURE TO YIELD RIGHT OF WAY,39.15344,-86.5336
4,7,1400.0,2-Car,No injury/unknown,FAILURE TO YIELD RIGHT OF WAY,39.15344,-86.5336
4,2,2200.0,1-Car,No injury/unknown,RAN OFF ROAD RIGHT,39.15344,-86.5324
4,1,2300.0,2-Car,Non-incapacitating,DISREGARD SIGNAL/REG SIGN,39.15344,-86.5336
5,6,2100.0,2-Car,Non-incapacitating,PRESCRIPTION DRUGS,39.15344,-86.5336
6,6,1700.0,2-Car,Non-incapacitating,FOLLOWING TOO CLOSELY,39.15344,-86.5336
6,6,2300.0,2-Car,No injury/unknown,FOLLOWING TOO CLOSELY,39.15344,-86.5336
10,6,1500.0,2-Car,No injury/unknown,DISREGARD SIGNAL/REG SIGN,39.15344,-86.5324
10,5,2000.0,2-Car,No injury/unknown,FOLLOWING TOO CLOSELY,39.15344,-86.5336
12,5,2300.0,2-Car,Non-incapacitating,FOLLOWING TOO CLOSELY,39.15344,-86.5336
4,4,1600.0,2-Car,No injury/unknown,IMPROPER TURNING,39.153414,-86.497699
8,5,1400.0,2-Car,No injury/unknown,BRAKE FAILURE OR DEFECTIVE,39.153414,-86.497699
10,7,2200.0,2-Car,No injury/unknown,OTHER (DRIVER) - EXPLAIN IN NARRATIVE,39.153414,-86.497699
4,5,1600.0,3+ Cars,No injury/unknown,UNSAFE SPEED,39.1534,-86.536399
4,5,1500.0,2-Car,Non-incapacitating,DISREGARD SIGNAL/REG SIGN,39.153392,-86.527008
9,4,1900.0,2-Car,No injury/unknown,DISREGARD SIGNAL/REG SIGN,39.153392,-86.527008
10,2,1700.0,2-Car,No injury/unknown,DISREGARD SIGNAL/REG SIGN,39.153392,-86.527008
8,4,1200.0,2-Car,No injury/unknown,FAILURE TO YIELD RIGHT OF WAY,39.153344,-86.522512
3,7,1300.0,2-Car,No injury/unknown,FAILURE TO YIELD RIGHT OF WAY,39.1533,-86.533798
11,5,1500.0,Bus,No injury/unknown,OTHER (DRIVER) - EXPLAIN IN NARRATIVE,39.1533,-86.533695
5,3,1300.0,2-Car,No injury/unknown,LEFT OF CENTER,39.153299,-86.524899
9,6,800.0,2-Car,No injury/unknown,UNSAFE BACKING,39.153299,-86.572499
7,6,1800.0,2-Car,No injury/unknown,OTHER (DRIVER) - EXPLAIN IN NARRATIVE,39.153291,-86.533699
2,1,1300.0,2-Car,No injury/unknown,UNSAFE BACKING,39.15327767,-86.52360292
7,1,1200.0,2-Car,No injury/unknown,UNSAFE BACKING,39.153188,-86.533799
9,2,1100.0,1-Car,No injury/unknown,OTHER (ENVIRONMENTAL) - EXPLAIN IN NARR,39.1530366,-86.516099
2,5,600.0,1-Car,No injury/unknown,ANIMAL/OBJECT IN ROADWAY,39.152848,-86.566592
11,6,800.0,2-Car,No injury/unknown,NONE (DRIVER),39.15284096,-86.51091186
2,5,700.0,2-Car,Non-incapacitating,DRIVER DISTRACTED - EXPLAIN IN NARRATIVE,39.15274982,-86.538592
11,3,1800.0,2-Car,No injury/unknown,,39.152606,-86.497699
2,3,900.0,2-Car,No injury/unknown,IMPROPER PASSING,39.152544,-86.5336
9,4,1100.0,2-Car,No injury/unknown,FOLLOWING TOO CLOSELY,39.152544,-86.526992
8,7,1300.0,2-Car,No injury/unknown,FAILURE TO YIELD RIGHT OF WAY,39.1525,-86.571052
6,3,600.0,2-Car,No injury/unknown,TIRE FAILURE OR DEFECTIVE,39.152499,-86.49044311
6,4,1400.0,2-Car,No injury/unknown,FAILURE TO YIELD RIGHT OF WAY,39.152499,-86.49056419
2,1,200.0,2-Car,No injury/unknown,,39.15247823,-86.57208082
3,4,2300.0,2-Car,No injury/unknown,IMPROPER LANE USAGE,39.15242599,-86.497996
10,3,1000.0,2-Car,No injury/unknown,OTHER (DRIVER) - EXPLAIN IN NARRATIVE,39.152399,-86.489716
3,3,1900.0,2-Car,No injury/unknown,UNSAFE BACKING,39.152352,-86.5064
1,4,700.0,2-Car,No injury/unknown,OTHER (DRIVER) - EXPLAIN IN NARRATIVE,39.15234509,-86.582704
1,4,1000.0,2-Car,No injury/unknown,SPEED TOO FAST FOR WEATHER CONDITIONS,39.152289,-86.49057
2,6,100.0,3+ Cars,No injury/unknown,ALCOHOLIC BEVERAGES,39.152289,-86.49057
2,1,1200.0,2-Car,No injury/unknown,OTHER (DRIVER) - EXPLAIN IN NARRATIVE,39.152289,-86.49057
4,6,0.0,2-Car,No injury/unknown,DISREGARD SIGNAL/REG SIGN,39.152289,-86.49057
5,6,300.0,2-Car,No injury/unknown,UNSAFE SPEED,39.152289,-86.49057
5,6,300.0,2-Car,No injury/unknown,UNSAFE SPEED,39.152289,-86.49057
5,6,300.0,3+ Cars,No injury/unknown,UNSAFE SPEED,39.152289,-86.49057
7,4,200.0,2-Car,No injury/unknown,OTHER (VEHICLE) - EXPLAIN IN NARRATIVE,39.152289,-86.49057
8,7,0.0,2-Car,No injury/unknown,IMPROPER TURNING,39.152289,-86.49057
10,3,1800.0,2-Car,No injury/unknown,UNSAFE BACKING,39.152289,-86.49057
10,3,1200.0,3+ Cars,No injury/unknown,RAN OFF ROAD RIGHT,39.152289,-86.49057
7,2,2000.0,2-Car,No injury/unknown,UNSAFE BACKING,39.15224,-86.5336
4,7,1000.0,2-Car,No injury/unknown,FAILURE TO YIELD RIGHT OF WAY,39.152199,-86.533795
1,5,800.0,2-Car,No injury/unknown,FOLLOWING TOO CLOSELY,39.1519911,-86.538592
12,5,600.0,2-Car,No injury/unknown,UNSAFE BACKING,39.15194912,-86.490496
3,7,0.0,2-Car,No injury/unknown,OTHER (DRIVER) - EXPLAIN IN NARRATIVE,39.151931,-86.497699
8,6,1700.0,2-Car,No injury/unknown,FAILURE TO YIELD RIGHT OF WAY,39.151744,-86.5584
11,2,0.0,1-Car,No injury/unknown,ANIMAL/OBJECT IN ROADWAY,39.151648,-86.382896
10,6,2300.0,2-Car,No injury/unknown,ALCOHOLIC BEVERAGES,39.151499,-86.532499
3,7,1400.0,1-Car,No injury/unknown,UNSAFE SPEED,39.15144,-86.6288
6,6,1400.0,2-Car,No injury/unknown,FOLLOWING TOO CLOSELY,39.151036,-86.491231
6,7,1300.0,2-Car,Non-incapacitating,FOLLOWING TOO CLOSELY,39.15095599,-86.5336
1,6,2100.0,2-Car,No injury/unknown,FOLLOWING TOO CLOSELY,39.150901,-86.568
11,5,1500.0,2-Car,No injury/unknown,FAILURE TO YIELD RIGHT OF WAY,39.150901,-86.568
6,5,1400.0,2-Car,No injury/unknown,FAILURE TO YIELD RIGHT OF WAY,39.15072,-86.522496
1,5,2200.0,2-Car,Non-incapacitating,FOLLOWING TOO CLOSELY,39.15070421,-86.52518953
10,5,1800.0,2-Car,No injury/unknown,FOLLOWING TOO CLOSELY,39.150688,-86.520896
1,4,1700.0,2-Car,Non-incapacitating,ALCOHOLIC BEVERAGES,39.15067883,-86.52589784
2,6,1600.0,2-Car,Non-incapacitating,FOLLOWING TOO CLOSELY,39.150656,-86.5188
11,2,1700.0,2-Car,No injury/unknown,FAILURE TO YIELD RIGHT OF WAY,39.15064,-86.52696
11,3,1100.0,2-Car,No injury/unknown,LEFT OF CENTER,39.15064,-86.52696
11,3,1400.0,2-Car,Non-incapacitating,,39.15064,-86.52696
11,1,1700.0,2-Car,No injury/unknown,SPEED TOO FAST FOR WEATHER CONDITIONS,39.15064,-86.52696
10,7,1600.0,2-Car,Non-incapacitating,FAILURE TO YIELD RIGHT OF WAY,39.15057412,-86.53134108
7,6,1300.0,2-Car,Non-incapacitating,FOLLOWING TOO CLOSELY,39.15057031,-86.51482354
9,7,1600.0,2-Car,No injury/unknown,FAILURE TO YIELD RIGHT OF WAY,39.15056842,-86.51473539
4,4,1900.0,2-Car,No injury/unknown,FAILURE TO YIELD RIGHT OF WAY,39.15056,-86.5324
1,3,900.0,2-Car,No injury/unknown,OTHER (DRIVER) - EXPLAIN IN NARRATIVE,39.150552,-86.582249
2,5,1100.0,2-Car,No injury/unknown,FOLLOWING TOO CLOSELY,39.150544,-86.5336
4,7,0.0,1-Car,No injury/unknown,UNSAFE SPEED,39.150544,-86.508288
6,2,1800.0,2-Car,Non-incapacitating,DISREGARD SIGNAL/REG SIGN,39.150544,-86.508288
8,7,1200.0,2-Car,No injury/unknown,OTHER (DRIVER) - EXPLAIN IN NARRATIVE,39.150544,-86.508288
8,2,1700.0,2-Car,No injury/unknown,OTHER (VEHICLE) - EXPLAIN IN NARRATIVE,39.150544,-86.5136
9,2,600.0,2-Car,Non-incapacitating,FOLLOWING TOO CLOSELY,39.150544,-86.508288
9,4,1800.0,2-Car,No injury/unknown,OTHER (DRIVER) - EXPLAIN IN NARRATIVE,39.150544,-86.512592
10,4,1100.0,2-Car,Non-incapacitating,OTHER (DRIVER) - EXPLAIN IN NARRATIVE,39.150544,-86.5336
4,3,1200.0,2-Car,No injury/unknown,UNSAFE BACKING,39.15051397,-86.522599
5,2,1300.0,2-Car,No injury/unknown,FAILURE TO YIELD RIGHT OF WAY,39.15050089,-86.51693388
4,5,1900.0,2-Car,Non-incapacitating,FAILURE TO YIELD RIGHT OF WAY,39.1505,-86.509499
6,3,1700.0,2-Car,No injury/unknown,DRIVER DISTRACTED - EXPLAIN IN NARRATIVE,39.1505,-86.4982
10,2,1700.0,2-Car,No injury/unknown,FAILURE TO YIELD RIGHT OF WAY,39.1505,-86.523799
1,2,1600.0,1-Car,No injury/unknown,RAN OFF ROAD RIGHT,39.150496,-86.501088
7,5,1700.0,2-Car,Non-incapacitating,FAILURE TO YIELD RIGHT OF WAY,39.150457,-86.568241
11,5,1800.0,2-Car,No injury/unknown,UNSAFE BACKING,39.15045649,-86.49826014
1,2,,1-Car,No injury/unknown,RAN OFF ROAD RIGHT,39.150448,-86.4992
9,4,1200.0,2-Car,Non-incapacitating,OTHER (DRIVER) - EXPLAIN IN NARRATIVE,39.150448,-86.4992
11,2,700.0,Moped/Motorcycle,No injury/unknown,ROADWAY SURFACE CONDITION,39.150448,-86.4992
8,3,1700.0,2-Car,No injury/unknown,IMPROPER PASSING,39.1504,-86.508399
7,3,1700.0,2-Car,Non-incapacitating,DRIVER DISTRACTED - EXPLAIN IN NARRATIVE,39.150352,-86.471296
6,3,700.0,2-Car,No injury/unknown,IMPROPER PASSING,39.150352,-86.471296
7,5,1200.0,2-Car,Non-incapacitating,OTHER (DRIVER) - EXPLAIN IN NARRATIVE,39.150352,-86.471296
1,6,2200.0,1-Car,No injury/unknown,ALCOHOLIC BEVERAGES,39.15031306,-86.47164596
10,2,1800.0,2-Car,No injury/unknown,FAILURE TO YIELD RIGHT OF WAY,39.15031306,-86.47140384
12,2,700.0,2-Car,No injury/unknown,FAILURE TO YIELD RIGHT OF WAY,39.15031306,-86.47140384
3,7,200.0,1-Car,Non-incapacitating,CELL PHONE USAGE,39.150299,-86.49133825