Month,Day,Hour,Collision Type,Injury Type,Primary Factor,Latitude,Longitude
7,7,1500.0,Moped/Motorcycle,No injury/unknown,FAILURE TO YIELD RIGHT OF WAY,39.150224,-86.480464
11,4,800.0,2-Car,No injury/unknown,FAILURE TO YIELD RIGHT OF WAY,39.150224,-86.480464
4,2,2100.0,1-Car,No injury/unknown,ANIMAL/OBJECT IN ROADWAY,39.1502,-86.48618635
10,5,700.0,1-Car,No injury/unknown,OVERCORRECTING/OVERSTEERING,39.1502,-86.48619154
12,7,1400.0,2-Car,No injury/unknown,FAILURE TO YIELD RIGHT OF WAY,39.1502,-86.482894
12,7,1100.0,2-Car,No injury/unknown,FAILURE TO YIELD RIGHT OF WAY,39.150064,-86.568534
2,5,800.0,2-Car,Non-incapacitating,DRIVER DISTRACTED - EXPLAIN IN NARRATIVE,39.15,-86.569199
10,7,200.0,1-Car,No injury/unknown,UNSAFE BACKING,39.149851,-86.491299
7,7,1200.0,Cyclist,Non-incapacitating,PEDESTRIAN ACTION,39.14984,-86.53445022
4,4,1100.0,1-Car,No injury/unknown,OTHER (DRIVER) - EXPLAIN IN NARRATIVE,39.14984,-86.533392
10,6,2000.0,2-Car,No injury/unknown,LEFT OF CENTER,39.14984,-86.533392
4,1,1000.0,1-Car,No injury/unknown,RAN OFF ROAD RIGHT,39.14982756,-86.40733144
12,4,2100.0,2-Car,No injury/unknown,UNSAFE BACKING,39.14982139,-86.53338645
5,3,1500.0,2-Car,Non-incapacitating,FAILURE TO YIELD RIGHT OF WAY,39.14979055,-86.56891162
3,5,2000.0,2-Car,No injury/unknown,FAILURE TO YIELD RIGHT OF WAY,39.14972225,-86.56885015
5,6,1900.0,2-Car,No injury/unknown,FAILURE TO YIELD RIGHT OF WAY,39.14972225,-86.56885015
5,4,2100.0,3+ Cars,No injury/unknown,FOLLOWING TOO CLOSELY,39.149699,-86.533497
2,4,1700.0,1-Car,Non-incapacitating,RAN OFF ROAD RIGHT,39.14958303,-86.57063698
9,3,1200.0,2-Car,No injury/unknown,FAILURE TO YIELD RIGHT OF WAY,39.1494949,-86.5201
6,2,900.0,2-Car,No injury/unknown,OTHER (DRIVER) - EXPLAIN IN NARRATIVE,39.149456,-86.57024
8,7,1800.0,2-Car,No injury/unknown,OTHER (DRIVER) - EXPLAIN IN NARRATIVE,39.149401,-86.523899
6,5,1800.0,2-Car,No injury/unknown,IMPROPER PASSING,39.14940015,-86.48044628
5,2,2000.0,Moped/Motorcycle,Non-incapacitating,OTHER (DRIVER) - EXPLAIN IN NARRATIVE,39.14936,-86.57008
4,7,1200.0,2-Car,No injury/unknown,FOLLOWING TOO CLOSELY,39.14935129,-86.49911683
8,7,100.0,1-Car,Non-incapacitating,UNSAFE SPEED,39.149299,-86.56410366
9,6,1000.0,2-Car,No injury/unknown,UNSAFE BACKING,39.149299,-86.564095
6,6,1600.0,2-Car,No injury/unknown,TIRE FAILURE OR DEFECTIVE,39.149152,-86.582704
12,7,400.0,3+ Cars,No injury/unknown,ALCOHOLIC BEVERAGES,39.148783,-86.562175
8,2,1600.0,2-Car,Non-incapacitating,FAILURE TO YIELD RIGHT OF WAY,39.148544,-86.571504
11,6,2100.0,1-Car,No injury/unknown,RAN OFF ROAD RIGHT,39.148544,-86.571504
11,6,1600.0,2-Car,Non-incapacitating,OTHER (DRIVER) - EXPLAIN IN NARRATIVE,39.148544,-86.571504
12,7,1400.0,2-Car,Non-incapacitating,DISREGARD SIGNAL/REG SIGN,39.148544,-86.571504
2,2,800.0,1-Car,Non-incapacitating,UNSAFE SPEED,39.1484693,-86.57145918
8,2,2200.0,2-Car,No injury/unknown,UNSAFE BACKING,39.14843746,-86.525899
9,7,900.0,2-Car,No injury/unknown,FAILURE TO YIELD RIGHT OF WAY,39.14843746,-86.516399
9,1,1400.0,2-Car,No injury/unknown,NONE (ENVIRONMENTAL),39.14839895,-86.67355111
1,2,1100.0,2-Car,No injury/unknown,FAILURE TO YIELD RIGHT OF WAY,39.148336,-86.532944
4,1,400.0,1-Car,No injury/unknown,DRIVER ASLEEP OR FATIGUED,39.1483084,-86.571656
11,4,1800.0,3+ Cars,No injury/unknown,FOLLOWING TOO CLOSELY,39.148201,-86.533095
1,7,1900.0,2-Car,No injury/unknown,OTHER (DRIVER) - EXPLAIN IN NARRATIVE,39.14817146,-86.57299272
2,3,1400.0,1-Car,No injury/unknown,OVERCORRECTING/OVERSTEERING,39.14814571,-86.6104348
2,6,1700.0,2-Car,No injury/unknown,FAILURE TO YIELD RIGHT OF WAY,39.148144,-86.572992
4,6,1700.0,3+ Cars,No injury/unknown,TIRE FAILURE OR DEFECTIVE,39.148144,-86.572992
6,5,1100.0,2-Car,No injury/unknown,DRIVER DISTRACTED - EXPLAIN IN NARRATIVE,39.148144,-86.572992
6,5,1800.0,2-Car,Non-incapacitating,FOLLOWING TOO CLOSELY,39.148144,-86.572992
8,3,1400.0,2-Car,Non-incapacitating,FAILURE TO YIELD RIGHT OF WAY,39.148144,-86.572992
8,5,1900.0,2-Car,No injury/unknown,FAILURE TO YIELD RIGHT OF WAY,39.148144,-86.572992
9,7,1500.0,2-Car,No injury/unknown,FAILURE TO YIELD RIGHT OF WAY,39.148144,-86.572992
9,6,1100.0,2-Car,Non-incapacitating,FAILURE TO YIELD RIGHT OF WAY,39.148144,-86.572992
9,7,2200.0,Cyclist,Non-incapacitating,OTHER (DRIVER) - EXPLAIN IN NARRATIVE,39.148144,-86.572992
10,4,1300.0,2-Car,No injury/unknown,SPEED TOO FAST FOR WEATHER CONDITIONS,39.148144,-86.572992
10,6,600.0,2-Car,No injury/unknown,FOLLOWING TOO CLOSELY,39.148144,-86.572992
10,7,900.0,2-Car,Non-incapacitating,FAILURE TO YIELD RIGHT OF WAY,39.148144,-86.572992
11,6,1200.0,2-Car,No injury/unknown,FOLLOWING TOO CLOSELY,39.148144,-86.572992
12,5,1600.0,2-Car,Non-incapacitating,GLARE,39.148144,-86.572992
12,4,1500.0,2-Car,No injury/unknown,FAILURE TO YIELD RIGHT OF WAY,39.148144,-86.572992
12,5,1400.0,2-Car,No injury/unknown,FAILURE TO YIELD RIGHT OF WAY,39.148144,-86.572992
12,2,2300.0,1-Car,No injury/unknown,RAN OFF ROAD RIGHT,39.148144,-86.572992
12,5,1000.0,2-Car,No injury/unknown,DRIVER DISTRACTED - EXPLAIN IN NARRATIVE,39.148144,-86.572992
12,5,1400.0,3+ Cars,Non-incapacitating,FOLLOWING TOO CLOSELY,39.14798817,-86.58263417
7,2,1100.0,2-Car,No injury/unknown,OTHER (DRIVER) - EXPLAIN IN NARRATIVE,39.1479597,-86.52621938
9,7,1600.0,2-Car,No injury/unknown,UNSAFE BACKING,39.147904,-86.556464
9,4,1700.0,2-Car,No injury/unknown,FAILURE TO YIELD RIGHT OF WAY,39.147899,-86.526899
10,2,1100.0,2-Car,No injury/unknown,DRIVER DISTRACTED - EXPLAIN IN NARRATIVE,39.14785077,-86.58262845
12,5,1400.0,2-Car,No injury/unknown,FAILURE TO YIELD RIGHT OF WAY,39.14774809,-86.53277506
8,7,1100.0,2-Car,No injury/unknown,LEFT OF CENTER,39.14773774,-86.582795
4,3,1500.0,2-Car,Non-incapacitating,FAILURE TO YIELD RIGHT OF WAY,39.14767319,-86.57295509
6,2,1200.0,2-Car,Non-incapacitating,OTHER (DRIVER) - EXPLAIN IN NARRATIVE,39.14767319,-86.57295509
8,7,1400.0,3+ Cars,Non-incapacitating,SPEED TOO FAST FOR WEATHER CONDITIONS,39.147504,-86.508256
11,3,1300.0,2-Car,Non-incapacitating,SPEED TOO FAST FOR WEATHER CONDITIONS,39.147504,-86.508256
12,3,1700.0,2-Car,No injury/unknown,DISREGARD SIGNAL/REG SIGN,39.147504,-86.508256
3,5,800.0,1-Car,No injury/unknown,OTHER (DRIVER) - EXPLAIN IN NARRATIVE,39.14744,-86.582592
11,4,1600.0,2-Car,No injury/unknown,LEFT OF CENTER,39.14744,-86.582592
8,3,1100.0,2-Car,Non-incapacitating,FAILURE TO YIELD RIGHT OF WAY,39.14741364,-86.57320781
12,6,2100.0,1-Car,Non-incapacitating,OVERCORRECTING/OVERSTEERING,39.14741364,-86.57320781
11,1,1300.0,2-Car,No injury/unknown,FAILURE TO YIELD RIGHT OF WAY,39.147168,-86.570624
8,1,2200.0,2-Car,No injury/unknown,UNSAFE BACKING,39.147152,-86.526896
11,7,800.0,1-Car,No injury/unknown,RAN OFF ROAD RIGHT,39.147152,-86.526896
10,2,800.0,2-Car,No injury/unknown,OTHER (DRIVER) - EXPLAIN IN NARRATIVE,39.147072,-86.498944
12,6,700.0,Cyclist,Non-incapacitating,FAILURE TO YIELD RIGHT OF WAY,39.147072,-86.498944
10,3,1500.0,2-Car,No injury/unknown,FOLLOWING TOO CLOSELY,39.14702801,-86.582592
4,5,1100.0,2-Car,Non-incapacitating,FOLLOWING TOO CLOSELY,39.147021,-86.526899
3,3,600.0,2-Car,No injury/unknown,FAILURE TO YIELD RIGHT OF WAY,39.14698676,-86.57320781
1,4,1200.0,2-Car,No injury/unknown,UNSAFE BACKING,39.14695235,-86.53231717
4,5,600.0,2-Car,No injury/unknown,IMPROPER LANE USAGE,39.146944,-86.532544
6,7,1200.0,2-Car,No injury/unknown,DRIVER DISTRACTED - EXPLAIN IN NARRATIVE,39.146944,-86.532544
7,1,2200.0,2-Car,No injury/unknown,UNSAFE BACKING,39.146944,-86.532544
8,2,1500.0,2-Car,No injury/unknown,FOLLOWING TOO CLOSELY,39.146944,-86.532544
11,2,1400.0,2-Car,No injury/unknown,FAILURE TO YIELD RIGHT OF WAY,39.146944,-86.532544
12,5,1700.0,2-Car,No injury/unknown,FAILURE TO YIELD RIGHT OF WAY,39.14681715,-86.57459372
10,2,800.0,2-Car,No injury/unknown,OTHER (DRIVER) - EXPLAIN IN NARRATIVE,39.14660276,-86.52688456
2,7,800.0,1-Car,No injury/unknown,ROADWAY SURFACE CONDITION,39.146448,-86.5388
4,4,1300.0,2-Car,Non-incapacitating,FAILURE TO YIELD RIGHT OF WAY,39.146448,-86.5388
11,1,1900.0,2-Car,No injury/unknown,DRIVER DISTRACTED - EXPLAIN IN NARRATIVE,39.14640902,-86.53238389
10,7,2100.0,1-Car,No injury/unknown,OTHER (DRIVER) - EXPLAIN IN NARRATIVE,39.14621727,-86.53899134
11,6,100.0,1-Car,No injury/unknown,RAN OFF ROAD RIGHT,39.146,-86.48570332
2,7,,1-Car,Non-incapacitating,ALCOHOLIC BEVERAGES,39.14587002,-86.49752248
6,1,1700.0,2-Car,No injury/unknown,DRIVER ILLNESS,39.145848,-86.532216
1,6,2000.0,1-Car,No injury/unknown,UNSAFE SPEED,39.145699,-86.563895
10,6,1500.0,2-Car,No injury/unknown,FOLLOWING TOO CLOSELY,39.14563768,-86.57674521
3,3,1200.0,2-Car,No injury/unknown,FAILURE TO YIELD RIGHT OF WAY,39.14542545,-86.5776316
3,3,900.0,2-Car,No injury/unknown,FAILURE TO YIELD RIGHT OF WAY,39.145405,-86.576958
4,2,1400.0,2-Car,Non-incapacitating,DRIVER DISTRACTED - EXPLAIN IN NARRATIVE,39.145405,-86.576958
9,6,1400.0,2-Car,Non-incapacitating,DRIVER DISTRACTED - EXPLAIN IN NARRATIVE,39.14539484,-86.57717261
9,3,1200.0,2-Car,No injury/unknown,OTHER (DRIVER) - EXPLAIN IN NARRATIVE,39.145387,-86.576987
12,5,1600.0,2-Car,No injury/unknown,UNSAFE BACKING,39.145387,-86.576987
6,3,2000.0,2-Car,No injury/unknown,IMPROPER TURNING,39.145264,-86.577616
9,5,1500.0,2-Car,No injury/unknown,UNSAFE BACKING,39.145264,-86.577616
10,1,1900.0,2-Car,No injury/unknown,OTHER (DRIVER) - EXPLAIN IN NARRATIVE,39.145264,-86.577616
12,6,800.0,1-Car,No injury/unknown,RAN OFF ROAD RIGHT,39.145208,-86.577608
11,7,2100.0,1-Car,No injury/unknown,ANIMAL/OBJECT IN ROADWAY,39.1452,-86.497099
1,3,1300.0,2-Car,No injury/unknown,IMPROPER LANE USAGE,39.145152,-86.5776
2,2,1500.0,2-Car,Non-incapacitating,FAILURE TO YIELD RIGHT OF WAY,39.145152,-86.5776
3,6,1600.0,2-Car,No injury/unknown,OTHER (DRIVER) - EXPLAIN IN NARRATIVE,39.145152,-86.5776
3,3,1200.0,2-Car,No injury/unknown,FAILURE TO YIELD RIGHT OF WAY,39.145152,-86.5776
4,1,1600.0,2-Car,Non-incapacitating,FAILURE TO YIELD RIGHT OF WAY,39.145152,-86.5776
8,7,1100.0,2-Car,No injury/unknown,OTHER (DRIVER) - EXPLAIN IN NARRATIVE,39.145152,-86.5776
8,4,1500.0,2-Car,No injury/unknown,OTHER (DRIVER) - EXPLAIN IN NARRATIVE,39.145152,-86.5776
8,5,2200.0,Moped/Motorcycle,No injury/unknown,FAILURE TO YIELD RIGHT OF WAY,39.145152,-86.5776
10,4,1600.0,3+ Cars,No injury/unknown,FOLLOWING TOO CLOSELY,39.145152,-86.5776
5,2,800.0,2-Car,No injury/unknown,OTHER (DRIVER) - EXPLAIN IN NARRATIVE,39.145102,-86.522596
3,4,800.0,2-Car,No injury/unknown,ROADWAY SURFACE CONDITION,39.145073,-86.532005
3,6,1300.0,1-Car,Non-incapacitating,SPEED TOO FAST FOR WEATHER CONDITIONS,39.145073,-86.532005
9,4,1100.0,2-Car,No injury/unknown,,39.145073,-86.532005
4,6,1900.0,2-Car,Non-incapacitating,FAILURE TO YIELD RIGHT OF WAY,39.144848,-86.526848
11,5,1400.0,2-Car,No injury/unknown,FAILURE TO YIELD RIGHT OF WAY,39.144848,-86.526848
4,4,1400.0,2-Car,No injury/unknown,FOLLOWING TOO CLOSELY,39.144752,-86.531888
11,1,1300.0,2-Car,No injury/unknown,FOLLOWING TOO CLOSELY,39.14468058,-86.57846786
3,5,1100.0,2-Car,Non-incapacitating,FOLLOWING TOO CLOSELY,39.14466284,-86.57850052
5,2,2200.0,2-Car,No injury/unknown,FOLLOWING TOO CLOSELY,39.144601,-86.526999
5,7,1600.0,2-Car,Non-incapacitating,DISREGARD SIGNAL/REG SIGN,39.144601,-86.526999
12,4,600.0,1-Car,No injury/unknown,ANIMAL/OBJECT IN ROADWAY,39.14435712,-86.46911156
12,3,2100.0,Pedestrian,Non-incapacitating,OTHER (DRIVER) - EXPLAIN IN NARRATIVE,39.14415424,-86.538704
11,5,100.0,2-Car,No injury/unknown,ALCOHOLIC BEVERAGES,39.144101,-86.50827
12,6,1600.0,3+ Cars,Non-incapacitating,DRIVER DISTRACTED - EXPLAIN IN NARRATIVE,39.14408266,-86.582592
8,7,900.0,2-Car,No injury/unknown,FAILURE TO YIELD RIGHT OF WAY,39.144004,-86.53454894
1,6,1200.0,2-Car,No injury/unknown,,39.14398489,-86.56113713
6,5,1800.0,2-Car,No injury/unknown,IMPROPER TURNING,39.143808,-86.582592
10,4,2000.0,2-Car,No injury/unknown,FOLLOWING TOO CLOSELY,39.143552,-86.580528
11,4,1500.0,2-Car,No injury/unknown,DISREGARD SIGNAL/REG SIGN,39.143552,-86.580528
5,6,1500.0,2-Car,No injury/unknown,IMPROPER PASSING,39.14345012,-86.5791
8,3,1500.0,2-Car,No injury/unknown,UNSAFE BACKING,39.14315028,-86.521099
12,4,1800.0,3+ Cars,No injury/unknown,FOLLOWING TOO CLOSELY,39.14298902,-86.58130062
10,5,700.0,2-Car,No injury/unknown,OTHER (DRIVER) - EXPLAIN IN NARRATIVE,39.14298632,-86.58130433
8,5,1600.0,2-Car,No injury/unknown,FAILURE TO YIELD RIGHT OF WAY,39.142801,-86.521699
3,4,2000.0,2-Car,No injury/unknown,OTHER (DRIVER) - EXPLAIN IN NARRATIVE,39.142555,-86.531238
5,6,1300.0,2-Car,No injury/unknown,UNSAFE SPEED,39.142555,-86.531238
8,3,1400.0,2-Car,No injury/unknown,UNSAFE BACKING,39.142555,-86.531238
9,4,1600.0,2-Car,No injury/unknown,UNSAFE BACKING,39.142555,-86.531238
10,3,1000.0,3+ Cars,No injury/unknown,UNSAFE BACKING,39.142555,-86.531238
10,2,800.0,2-Car,No injury/unknown,OTHER (DRIVER) - EXPLAIN IN NARRATIVE,39.142555,-86.531238
12,6,2000.0,2-Car,No injury/unknown,UNSAFE BACKING,39.142555,-86.531238
5,6,200.0,1-Car,No injury/unknown,ANIMAL/OBJECT IN ROADWAY,39.14253292,-86.57296249
9,1,2100.0,1-Car,No injury/unknown,ALCOHOLIC BEVERAGES,39.1425,-86.53887304
2,6,1400.0,2-Car,Non-incapacitating,UNSAFE BACKING,39.14206512,-86.53034354
11,2,700.0,Bus,No injury/unknown,DRIVER DISTRACTED - EXPLAIN IN NARRATIVE,39.14205205,-86.53091173
3,2,700.0,2-Car,No injury/unknown,DRIVER DISTRACTED - EXPLAIN IN NARRATIVE,39.142048,-86.531088
3,3,2000.0,2-Car,Non-incapacitating,DRIVER DISTRACTED - EXPLAIN IN NARRATIVE,39.142048,-86.582592
5,4,700.0,2-Car,No injury/unknown,FAILURE TO YIELD RIGHT OF WAY,39.142048,-86.582592
7,4,800.0,2-Car,No injury/unknown,DISREGARD SIGNAL/REG SIGN,39.142048,-86.582592
8,6,1400.0,2-Car,No injury/unknown,OTHER (DRIVER) - EXPLAIN IN NARRATIVE,39.142048,-86.531088
8,4,1700.0,2-Car,Non-incapacitating,FAILURE TO YIELD RIGHT OF WAY,39.142048,-86.582592
10,6,1800.0,2-Car,Non-incapacitating,FOLLOWING TOO CLOSELY,39.142048,-86.582592
10,4,700.0,2-Car,Non-incapacitating,SPEED TOO FAST FOR WEATHER CONDITIONS,39.142048,-86.582592
10,2,1600.0,1-Car,No injury/unknown,,39.142048,-86.582592
12,2,1700.0,2-Car,No injury/unknown,FAILURE TO YIELD RIGHT OF WAY,39.142048,-86.582592
2,4,1500.0,2-Car,No injury/unknown,FAILURE TO YIELD RIGHT OF WAY,39.14202472,-86.58263565
4,4,1600.0,2-Car,No injury/unknown,FAILURE TO YIELD RIGHT OF WAY,39.1419316,-86.58281025
3,4,1500.0,3+ Cars,Non-incapacitating,ALCOHOLIC BEVERAGES,39.14191534,-86.582572
5,4,1100.0,2-Car,Non-incapacitating,DRIVER DISTRACTED - EXPLAIN IN NARRATIVE,39.141901,-86.582599
7,7,1000.0,2-Car,No injury/unknown,FAILURE TO YIELD RIGHT OF WAY,39.14190028,-86.58288973
4,1,1300.0,2-Car,No injury/unknown,OTHER (DRIVER) - EXPLAIN IN NARRATIVE,39.14190028,-86.58288973
4,1,1300.0,2-Car,No injury/unknown,OTHER (VEHICLE) - EXPLAIN IN NARRATIVE,39.14190028,-86.58288973
5,3,900.0,2-Car,No injury/unknown,IMPROPER PASSING,39.14184487,-86.58305191
4,1,1300.0,2-Car,No injury/unknown,DRIVER DISTRACTED - EXPLAIN IN NARRATIVE,39.14179032,-86.58321159
9,5,1200.0,2-Car,No injury/unknown,OTHER (DRIVER) - EXPLAIN IN NARRATIVE,39.14140931,-86.5409871
6,3,1700.0,2-Car,Non-incapacitating,FAILURE TO YIELD RIGHT OF WAY,39.141328,-86.538528
12,5,1700.0,2-Car,No injury/unknown,FAILURE TO YIELD RIGHT OF WAY,39.14132537,-86.526899
12,6,0.0,2-Car,No injury/unknown,ALCOHOLIC BEVERAGES,39.1413,-86.542287
5,6,1600.0,2-Car,No injury/unknown,FAILURE TO YIELD RIGHT OF WAY,39.14099123,-86.533397
7,5,1400.0,1-Car,Non-incapacitating,TIRE FAILURE OR DEFECTIVE,39.140352,-86.582576
11,5,1200.0,2-Car,No injury/unknown,FAILURE TO YIELD RIGHT OF WAY,39.140352,-86.582576
4,3,800.0,Bus,Incapacitating,SPEED TOO FAST FOR WEATHER CONDITIONS,39.140144,-86.54496
4,7,800.0,2-Car,No injury/unknown,OTHER (DRIVER) - EXPLAIN IN NARRATIVE,39.13994547,-86.53910367
10,4,1700.0,Bus,No injury/unknown,FAILURE TO YIELD RIGHT OF WAY,39.139888,-86.537328
6,2,400.0,1-Car,No injury/unknown,ANIMAL/OBJECT IN ROADWAY,39.13974526,-86.5729294
1,4,1700.0,2-Car,No injury/unknown,FAILURE TO YIELD RIGHT OF WAY,39.13968815,-86.534928
9,5,600.0,1-Car,Incapacitating,OTHER (DRIVER) - EXPLAIN IN NARRATIVE,39.139584,-86.526768
10,2,1400.0,2-Car,No injury/unknown,IMPROPER TURNING,39.139584,-86.526768
1,2,1300.0,2-Car,No injury/unknown,IMPROPER PASSING,39.13956262,-86.5248965
1,6,700.0,1-Car,Non-incapacitating,OTHER (DRIVER) - EXPLAIN IN NARRATIVE,39.13948038,-86.51762373
9,2,1000.0,2-Car,No injury/unknown,OTHER (DRIVER) - EXPLAIN IN NARRATIVE,39.13948038,-86.51762373
9,2,1200.0,2-Car,No injury/unknown,OTHER (DRIVER) - EXPLAIN IN NARRATIVE,39.13948038,-86.51762373
6,4,1400.0,2-Car,No injury/unknown,OTHER (DRIVER) - EXPLAIN IN NARRATIVE,39.139304,-86.5774013
2,3,800.0,1-Car,No injury/unknown,PEDESTRIAN ACTION,39.13894231,-86.563099
8,4,800.0,1-Car,Non-incapacitating,OVERCORRECTING/OVERSTEERING,39.138688,-86.465968
7,2,1000.0,2-Car,No injury/unknown,FOLLOWING TOO CLOSELY,39.138601,-86.496595
8,6,1200.0,3+ Cars,Non-incapacitating,BRAKE FAILURE OR DEFECTIVE,39.1384127,-86.57291295
8,5,1600.0,1-Car,Non-incapacitating,OTHER (DRIVER) - EXPLAIN IN NARRATIVE,39.13788528,-86.56202321
7,6,1700.0,1-Car,Non-incapacitating,OTHER (DRIVER) - EXPLAIN IN NARRATIVE,39.13788499,-86.53714916
8,5,1300.0,2-Car,No injury/unknown,OTHER (DRIVER) - EXPLAIN IN NARRATIVE,39.137776,-86.524004
11,4,1200.0,2-Car,No injury/unknown,DRIVER DISTRACTED - EXPLAIN IN NARRATIVE,39.137744,-86.530288
2,1,,2-Car,No injury/unknown,UNSAFE BACKING,39.13744686,-86.52401429
11,5,1300.0,Pedestrian,Incapacitating,OTHER (DRIVER) - EXPLAIN IN NARRATIVE,39.137365,-86.520777
2,6,1100.0,2-Car,No injury/unknown,FAILURE TO YIELD RIGHT OF WAY,39.13736,-86.529904
8,2,1500.0,2-Car,No injury/unknown,FAILURE TO YIELD RIGHT OF WAY,39.13736,-86.529904
12,3,1600.0,2-Car,No injury/unknown,FAILURE TO YIELD RIGHT OF WAY,39.13736,-86.529904
6,7,1200.0,2-Car,No injury/unknown,FAILURE TO YIELD RIGHT OF WAY,39.13735081,-86.59294972
1,3,1600.0,2-Car,Non-incapacitating,SPEED TOO FAST FOR WEATHER CONDITIONS,39.1373,-86.582599
4,3,1600.0,2-Car,Non-incapacitating,OTHER (VEHICLE) - EXPLAIN IN NARRATIVE,39.13724591,-86.57289854
4,7,1200.0,2-Car,No injury/unknown,OTHER (DRIVER) - EXPLAIN IN NARRATIVE,39.137168,-86.508112
6,2,1200.0,2-Car,No injury/unknown,DRIVER ASLEEP OR FATIGUED,39.13709941,-86.59337086
5,5,900.0,2-Car,No injury/unknown,FAILURE TO YIELD RIGHT OF WAY,39.137093,-86.530738
11,2,1600.0,1-Car,No injury/unknown,OVERCORRECTING/OVERSTEERING,39.13704002,-86.64212664
9,2,2100.0,2-Car,Non-incapacitating,OTHER (ENVIRONMENTAL) - EXPLAIN IN NARR,39.13704,-86.582512
5,4,1800.0,2-Car,Non-incapacitating,FOLLOWING TOO CLOSELY,39.13704,-86.572896
8,6,1200.0,2-Car,No injury/unknown,FOLLOWING TOO CLOSELY,39.13704,-86.582512
10,4,1500.0,3+ Cars,Non-incapacitating,SPEED TOO FAST FOR WEATHER CONDITIONS,39.13704,-86.572896
10,3,1600.0,2-Car,Non-incapacitating,FAILURE TO YIELD RIGHT OF WAY,39.13704,-86.572896
9,4,1700.0,2-Car,No injury/unknown,DRIVER DISTRACTED - EXPLAIN IN NARRATIVE,39.13704,-86.575296
3,3,800.0,2-Car,Non-incapacitating,OTHER (DRIVER) - EXPLAIN IN NARRATIVE,39.13704,-86.572896
11,3,1600.0,2-Car,Non-incapacitating,LEFT OF CENTER,39.13704,-86.582512
9,1,1200.0,3+ Cars,No injury/unknown,OTHER (DRIVER) - EXPLAIN IN NARRATIVE,39.1369737,-86.59358143
11,6,900.0,2-Car,Non-incapacitating,DRIVER ASLEEP OR FATIGUED,39.136848,-86.610192
9,2,1500.0,3+ Cars,No injury/unknown,SPEED TOO FAST FOR WEATHER CONDITIONS,39.13676196,-86.57295509
10,4,800.0,2-Car,No injury/unknown,SPEED TOO FAST FOR WEATHER CONDITIONS,39.13676196,-86.57295509
11,5,1400.0,2-Car,No injury/unknown,DISREGARD SIGNAL/REG SIGN,39.13676196,-86.57295509
12,6,1500.0,2-Car,No injury/unknown,IMPROPER LANE USAGE,39.13676196,-86.57295509
6,6,1700.0,Pedestrian,No injury/unknown,OTHER (DRIVER) - EXPLAIN IN NARRATIVE,39.13659785,-86.52383906
3,4,1200.0,2-Car,No injury/unknown,VIEW OBSTRUCTED,39.13657739,-86.52912139
6,5,1500.0,2-Car,No injury/unknown,LEFT OF CENTER,39.1365261,-86.56148746
7,5,1700.0,2-Car,No injury/unknown,FOLLOWING TOO CLOSELY,39.136512,-86.562016
12,5,1100.0,2-Car,Non-incapacitating,FAILURE TO YIELD RIGHT OF WAY,39.136512,-86.562016
12,4,1100.0,2-Car,Non-incapacitating,FAILURE TO YIELD RIGHT OF WAY,39.136512,-86.562016
6,1,900.0,2-Car,No injury/unknown,OTHER (DRIVER) - EXPLAIN IN NARRATIVE,39.1365,-86.56180998
10,6,700.0,2-Car,No injury/unknown,FOLLOWING TOO CLOSELY,39.136466,-86.553348
12,4,1500.0,2-Car,No injury/unknown,OTHER (DRIVER) - EXPLAIN IN NARRATIVE,39.136448,-86.548704
9,6,1100.0,2-Car,No injury/unknown,FAILURE TO YIELD RIGHT OF WAY,39.13641861,-86.52679346
5,5,1700.0,2-Car,Non-incapacitating,FOLLOWING TOO CLOSELY,39.136404,-86.55160766
10,4,1600.0,2-Car,No injury/unknown,OTHER (DRIVER) - EXPLAIN IN NARRATIVE,39.136404,-86.551599
12,3,1200.0,2-Car,No injury/unknown,LEFT OF CENTER,39.13639655,-86.55187848
2,4,1700.0,2-Car,No injury/unknown,FAILURE TO YIELD RIGHT OF WAY,39.13634988,-86.5267951
6,7,1300.0,2-Car,No injury/unknown,OTHER (DRIVER) - EXPLAIN IN NARRATIVE,39.13631634,-86.54494432
8,5,1700.0,2-Car,No injury/unknown,UNSAFE BACKING,39.13630593,-86.5446472
6,2,1900.0,2-Car,No injury/unknown,SPEED TOO FAST FOR WEATHER CONDITIONS,39.136304,-86.548799
10,1,1500.0,2-Car,No injury/unknown,FAILURE TO YIELD RIGHT OF WAY,39.136304,-86.548799
12,2,1600.0,2-Car,No injury/unknown,FAILURE TO YIELD RIGHT OF WAY,39.136304,-86.544592
12,1,2300.0,1-Car,Incapacitating,RAN OFF ROAD RIGHT,39.136304,-86.544592
1,4,1100.0,2-Car,No injury/unknown,OTHER (DRIVER) - EXPLAIN IN NARRATIVE,39.13629479,-86.54430867
9,5,900.0,1-Car,Non-incapacitating,RAN OFF ROAD RIGHT,39.13623523,-86.54247781
8,4,2200.0,2-Car,No injury/unknown,UNSAFE SPEED,39.136206,-86.544854
4,5,2000.0,1-Car,No injury/unknown,RAN OFF ROAD RIGHT,39.136204,-86.54492982
5,4,700.0,1-Car,Non-incapacitating,DRIVER DISTRACTED - EXPLAIN IN NARRATIVE,39.136204,-86.54505963