Month,Day,Hour,Collision Type,Injury Type,Primary Factor,Latitude,Longitude
10,5,1600.0,2-Car,Non-incapacitating,FAILURE TO YIELD RIGHT OF WAY,39.136204,-86.54477404
3,4,1400.0,1-Car,Non-incapacitating,OTHER (VEHICLE) - EXPLAIN IN NARRATIVE,39.13617134,-86.54051504
2,6,,1-Car,No injury/unknown,CELL PHONE USAGE,39.13615408,-86.50817529
1,3,1200.0,2-Car,No injury/unknown,FAILURE TO YIELD RIGHT OF WAY,39.136144,-86.528688
1,3,1200.0,2-Car,No injury/unknown,FOLLOWING TOO CLOSELY,39.136144,-86.528688
1,7,0.0,2-Car,Non-incapacitating,DRIVER DISTRACTED - EXPLAIN IN NARRATIVE,39.136144,-86.528688
11,6,500.0,2-Car,No injury/unknown,DISREGARD SIGNAL/REG SIGN,39.136144,-86.528688
2,6,1400.0,2-Car,Non-incapacitating,UNSAFE BACKING,39.136144,-86.528688
3,3,1700.0,2-Car,Non-incapacitating,FAILURE TO YIELD RIGHT OF WAY,39.136144,-86.528688
3,5,1000.0,2-Car,No injury/unknown,OTHER (DRIVER) - EXPLAIN IN NARRATIVE,39.136144,-86.528688
4,2,1500.0,2-Car,Non-incapacitating,FOLLOWING TOO CLOSELY,39.136144,-86.582496
5,2,1800.0,3+ Cars,Non-incapacitating,FOLLOWING TOO CLOSELY,39.136144,-86.528688
5,4,1700.0,Moped/Motorcycle,Non-incapacitating,OTHER (DRIVER) - EXPLAIN IN NARRATIVE,39.136144,-86.5284764
5,6,700.0,2-Car,Non-incapacitating,OTHER (DRIVER) - EXPLAIN IN NARRATIVE,39.136144,-86.528688
5,1,1100.0,3+ Cars,No injury/unknown,FOLLOWING TOO CLOSELY,39.136144,-86.5268
5,6,2200.0,2-Car,No injury/unknown,FOLLOWING TOO CLOSELY,39.136144,-86.5268
5,2,2300.0,1-Car,Non-incapacitating,DRIVER DISTRACTED - EXPLAIN IN NARRATIVE,39.136144,-86.528688
6,5,2000.0,2-Car,Non-incapacitating,FAILURE TO YIELD RIGHT OF WAY,39.136144,-86.528688
6,3,1800.0,2-Car,No injury/unknown,UNSAFE BACKING,39.136144,-86.528688
6,6,1300.0,2-Car,Non-incapacitating,FAILURE TO YIELD RIGHT OF WAY,39.136144,-86.528688
6,6,1600.0,2-Car,Incapacitating,DRIVER ILLNESS,39.136144,-86.528688
6,7,2000.0,2-Car,No injury/unknown,FAILURE TO YIELD RIGHT OF WAY,39.136144,-86.528688
6,4,800.0,2-Car,No injury/unknown,FAILURE TO YIELD RIGHT OF WAY,39.136144,-86.528688
7,4,800.0,1-Car,No injury/unknown,OTHER (DRIVER) - EXPLAIN IN NARRATIVE,39.136144,-86.524752
8,1,1800.0,2-Car,No injury/unknown,FAILURE TO YIELD RIGHT OF WAY,39.136144,-86.528688
8,6,1500.0,Cyclist,Non-incapacitating,OTHER (DRIVER) - EXPLAIN IN NARRATIVE,39.136144,-86.528688
8,2,2200.0,2-Car,No injury/unknown,FAILURE TO YIELD RIGHT OF WAY,39.136144,-86.528688
9,5,1100.0,2-Car,Non-incapacitating,UNSAFE BACKING,39.136144,-86.528688
10,1,1600.0,2-Car,Non-incapacitating,FAILURE TO YIELD RIGHT OF WAY,39.136144,-86.528688
12,3,1200.0,2-Car,No injury/unknown,BRAKE FAILURE OR DEFECTIVE,39.136144,-86.528688
7,4,1400.0,2-Car,Non-incapacitating,FAILURE TO YIELD RIGHT OF WAY,39.13613036,-86.52780656
7,6,1300.0,2-Car,No injury/unknown,UNSAFE BACKING,39.136128,-86.5288
12,6,600.0,2-Car,No injury/unknown,FOLLOWING TOO CLOSELY,39.136128,-86.539184
7,7,1100.0,2-Car,No injury/unknown,FAILURE TO YIELD RIGHT OF WAY,39.1361266,-86.52763029
8,4,1400.0,2-Car,Non-incapacitating,BRAKE FAILURE OR DEFECTIVE,39.13611414,-86.49630964
7,6,1400.0,1-Car,No injury/unknown,ALCOHOLIC BEVERAGES,39.136107,-86.54231127
5,5,900.0,2-Car,No injury/unknown,DRIVER DISTRACTED - EXPLAIN IN NARRATIVE,39.1361033,-86.53862416
4,4,800.0,2-Car,No injury/unknown,BRAKE FAILURE OR DEFECTIVE,39.136096,-86.516
12,3,1200.0,2-Car,No injury/unknown,DISREGARD SIGNAL/REG SIGN,39.136096,-86.516
8,5,1100.0,2-Car,No injury/unknown,OTHER (DRIVER) - EXPLAIN IN NARRATIVE,39.13608,-86.538096
11,2,1500.0,2-Car,No injury/unknown,FAILURE TO YIELD RIGHT OF WAY,39.13608,-86.538096
12,7,1000.0,1-Car,No injury/unknown,INSECURE/LEAKY LOAD,39.13608,-86.538096
5,2,1700.0,2-Car,No injury/unknown,FAILURE TO YIELD RIGHT OF WAY,39.136048,-86.536992
5,7,800.0,1-Car,No injury/unknown,UNSAFE BACKING,39.136048,-86.536992
7,7,1100.0,2-Car,No injury/unknown,IMPROPER TURNING,39.136048,-86.530896
9,2,1500.0,2-Car,No injury/unknown,FAILURE TO YIELD RIGHT OF WAY,39.136048,-86.536992
10,3,1400.0,2-Car,Non-incapacitating,OTHER (DRIVER) - EXPLAIN IN NARRATIVE,39.136048,-86.518496
11,4,700.0,2-Car,No injury/unknown,OTHER (DRIVER) - EXPLAIN IN NARRATIVE,39.136048,-86.530896
12,6,1500.0,2-Car,No injury/unknown,DRIVER DISTRACTED - EXPLAIN IN NARRATIVE,39.136048,-86.536992
5,6,1600.0,1-Car,No injury/unknown,RAN OFF ROAD RIGHT,39.13602237,-86.53646402
2,4,1700.0,3+ Cars,Incapacitating,OTHER (DRIVER) - EXPLAIN IN NARRATIVE,39.13601383,-86.53628803
7,1,1400.0,2-Car,No injury/unknown,FAILURE TO YIELD RIGHT OF WAY,39.13600667,-86.582496
1,6,2000.0,2-Car,No injury/unknown,FOLLOWING TOO CLOSELY,39.136,-86.537697
2,6,2100.0,1-Car,Non-incapacitating,RAN OFF ROAD RIGHT,39.136,-86.51423598
5,3,1800.0,2-Car,No injury/unknown,SPEED TOO FAST FOR WEATHER CONDITIONS,39.136,-86.537697
5,2,1600.0,2-Car,No injury/unknown,FAILURE TO YIELD RIGHT OF WAY,39.136,-86.529799
10,5,1600.0,2-Car,No injury/unknown,FOLLOWING TOO CLOSELY,39.136,-86.5098883
12,5,1900.0,2-Car,No injury/unknown,SPEED TOO FAST FOR WEATHER CONDITIONS,39.136,-86.526895
1,7,1900.0,2-Car,No injury/unknown,FAILURE TO YIELD RIGHT OF WAY,39.135999,-86.531
8,6,1400.0,2-Car,Non-incapacitating,OTHER (DRIVER) - EXPLAIN IN NARRATIVE,39.135999,-86.531
9,1,1200.0,2-Car,Non-incapacitating,FAILURE TO YIELD RIGHT OF WAY,39.135999,-86.531
9,6,1500.0,3+ Cars,No injury/unknown,FAILURE TO YIELD RIGHT OF WAY,39.13599674,-86.53593604
8,5,1700.0,2-Car,No injury/unknown,FOLLOWING TOO CLOSELY,39.13598346,-86.53566239
1,6,900.0,2-Car,No injury/unknown,IMPROPER PASSING,39.135983,-86.529961
9,5,1200.0,2-Car,No injury/unknown,FAILURE TO YIELD RIGHT OF WAY,39.13595189,-86.52679039
2,2,1400.0,2-Car,Non-incapacitating,FAILURE TO YIELD RIGHT OF WAY,39.1359,-86.531099
2,1,700.0,1-Car,No injury/unknown,NONE (DRIVER),39.1359,-86.49591862
4,6,1400.0,2-Car,Non-incapacitating,FAILURE TO YIELD RIGHT OF WAY,39.1359,-86.531098
6,5,1700.0,2-Car,No injury/unknown,OTHER (VEHICLE) - EXPLAIN IN NARRATIVE,39.1359,-86.531098
10,2,1900.0,2-Car,Non-incapacitating,IMPROPER TURNING,39.1359,-86.531098
10,4,2000.0,2-Car,No injury/unknown,UNSAFE BACKING,39.1359,-86.531099
11,4,900.0,2-Car,No injury/unknown,UNSAFE SPEED,39.1359,-86.531098
12,2,1500.0,2-Car,No injury/unknown,OTHER (DRIVER) - EXPLAIN IN NARRATIVE,39.1359,-86.53105473
12,3,1400.0,2-Car,No injury/unknown,OVERCORRECTING/OVERSTEERING,39.1359,-86.531098
9,7,900.0,2-Car,No injury/unknown,UNSAFE BACKING,39.135899,-86.531098
2,7,1000.0,2-Car,No injury/unknown,ROADWAY SURFACE CONDITION,39.13584,-86.496288
3,3,700.0,2-Car,No injury/unknown,FAILURE TO YIELD RIGHT OF WAY,39.13584,-86.496288
4,7,0.0,1-Car,No injury/unknown,OVERCORRECTING/OVERSTEERING,39.13584,-86.496288
8,4,1300.0,2-Car,No injury/unknown,FOLLOWING TOO CLOSELY,39.13584,-86.496288
9,7,800.0,1-Car,No injury/unknown,DRIVER DISTRACTED - EXPLAIN IN NARRATIVE,39.13584,-86.480496
10,6,2200.0,2-Car,No injury/unknown,FAILURE TO YIELD RIGHT OF WAY,39.13584,-86.496288
11,3,1700.0,2-Car,No injury/unknown,FOLLOWING TOO CLOSELY,39.13584,-86.496288
12,3,1500.0,1-Car,No injury/unknown,OTHER (VEHICLE) - EXPLAIN IN NARRATIVE,39.13584,-86.496288
5,3,1500.0,2-Car,Non-incapacitating,OTHER (DRIVER) - EXPLAIN IN NARRATIVE,39.1358,-86.48999414
2,5,600.0,2-Car,No injury/unknown,UNSAFE BACKING,39.135464,-86.511688
6,5,1300.0,1-Car,No injury/unknown,RAN OFF ROAD RIGHT,39.135248,-86.582496
8,7,1200.0,2-Car,No injury/unknown,FOLLOWING TOO CLOSELY,39.13506612,-86.5609886
5,7,1100.0,2-Car,No injury/unknown,UNSAFE BACKING,39.134987,-86.582599
10,1,300.0,1-Car,No injury/unknown,NONE (VEHICLE),39.13494583,-86.59632591
4,2,1000.0,2-Car,No injury/unknown,FAILURE TO YIELD RIGHT OF WAY,39.13493114,-86.52778394
8,5,900.0,2-Car,No injury/unknown,DRIVER DISTRACTED - EXPLAIN IN NARRATIVE,39.13493114,-86.52778394
1,2,1100.0,2-Car,No injury/unknown,UNSAFE BACKING,39.134926,-86.569955
9,5,400.0,1-Car,No injury/unknown,RAN OFF ROAD RIGHT,39.134701,-86.53140333
9,5,2300.0,2-Car,No injury/unknown,BRAKE FAILURE OR DEFECTIVE,39.134701,-86.531399
11,2,800.0,Bus,Non-incapacitating,OTHER (DRIVER) - EXPLAIN IN NARRATIVE,39.134701,-86.531399
8,6,2300.0,2-Car,No injury/unknown,OTHER (DRIVER) - EXPLAIN IN NARRATIVE,39.13464,-86.524288
10,1,1900.0,2-Car,No injury/unknown,FAILURE TO YIELD RIGHT OF WAY,39.13429447,-86.572896
7,6,1900.0,2-Car,No injury/unknown,UNSAFE SPEED,39.13311798,-86.5278568
2,4,1800.0,2-Car,Non-incapacitating,OTHER (DRIVER) - EXPLAIN IN NARRATIVE,39.13309452,-86.53839136
8,3,1200.0,3+ Cars,No injury/unknown,FOLLOWING TOO CLOSELY,39.13304,-86.5384
9,3,900.0,1-Car,No injury/unknown,RAN OFF ROAD RIGHT,39.13303595,-86.55215405
9,6,1000.0,2-Car,No injury/unknown,FAILURE TO YIELD RIGHT OF WAY,39.13287568,-86.5791
1,6,700.0,2-Car,No injury/unknown,OTHER (DRIVER) - EXPLAIN IN NARRATIVE,39.13285102,-86.52140943
2,1,1400.0,2-Car,No injury/unknown,FAILURE TO YIELD RIGHT OF WAY,39.132752,-86.451392
2,6,1700.0,1-Car,No injury/unknown,UNSAFE SPEED,39.13244809,-86.65238594
1,1,,1-Car,Non-incapacitating,FAILURE TO YIELD RIGHT OF WAY,39.131899,-86.500398
5,7,2100.0,Pedestrian,Non-incapacitating,,39.131648,-86.582496
1,4,1800.0,2-Car,No injury/unknown,FAILURE TO YIELD RIGHT OF WAY,39.13151979,-86.582572
8,3,1600.0,1-Car,No injury/unknown,ANIMAL/OBJECT IN ROADWAY,39.13126759,-86.53886433
4,7,1300.0,2-Car,No injury/unknown,UNSAFE BACKING,39.13104,-86.522192
9,1,400.0,Moped/Motorcycle,Fatal,RAN OFF ROAD RIGHT,39.13101665,-86.4464934
8,3,2200.0,2-Car,Non-incapacitating,ALCOHOLIC BEVERAGES,39.130848,-86.518192
8,3,200.0,1-Car,No injury/unknown,RAN OFF ROAD RIGHT,39.130825,-86.531399
5,3,1600.0,2-Car,No injury/unknown,FOLLOWING TOO CLOSELY,39.130701,-86.501797
5,3,1400.0,1-Car,No injury/unknown,DRIVER ASLEEP OR FATIGUED,39.13027622,-86.60292931
7,1,100.0,1-Car,Non-incapacitating,OVERCORRECTING/OVERSTEERING,39.13018397,-86.55669473
5,7,1600.0,2-Car,No injury/unknown,DRIVER DISTRACTED - EXPLAIN IN NARRATIVE,39.12953221,-86.44691761
5,2,1700.0,2-Car,No injury/unknown,IMPROPER TURNING,39.129428,-86.526799
9,3,1500.0,2-Car,No injury/unknown,ENGINE FAILURE OR DEFECTIVE,39.129428,-86.526799
10,5,2000.0,2-Car,No injury/unknown,ALCOHOLIC BEVERAGES,39.12936,-86.604336
8,2,700.0,1-Car,No injury/unknown,OTHER (DRIVER) - EXPLAIN IN NARRATIVE,39.12936,-86.604336
6,6,1600.0,2-Car,Non-incapacitating,DRIVER DISTRACTED - EXPLAIN IN NARRATIVE,39.12936,-86.604336
5,4,1400.0,2-Car,Non-incapacitating,FAILURE TO YIELD RIGHT OF WAY,39.12936,-86.604336
6,4,500.0,Moped/Motorcycle,Non-incapacitating,NONE (DRIVER),39.129099,-86.60444038
9,7,1300.0,2-Car,Non-incapacitating,DRIVER DISTRACTED - EXPLAIN IN NARRATIVE,39.128848,-86.587456
10,7,1100.0,1-Car,No injury/unknown,RAN OFF ROAD RIGHT,39.128848,-86.587328
2,5,1500.0,1-Car,No injury/unknown,RAN OFF ROAD RIGHT,39.1288,-86.586464
7,3,1700.0,1-Car,Non-incapacitating,RAN OFF ROAD RIGHT,39.12864748,-86.540599
1,4,1500.0,1-Car,Non-incapacitating,OTHER (DRIVER) - EXPLAIN IN NARRATIVE,39.12803436,-86.55709564
11,4,1300.0,2-Car,Non-incapacitating,IMPROPER TURNING,39.128,-86.606432
7,5,1300.0,2-Car,No injury/unknown,LEFT OF CENTER,39.1279,-86.526795
6,3,600.0,2-Car,No injury/unknown,LEFT OF CENTER,39.12766401,-86.57979929
12,5,1700.0,1-Car,No injury/unknown,,39.1273,-86.507528
1,1,400.0,2-Car,No injury/unknown,OTHER (DRIVER) - EXPLAIN IN NARRATIVE,39.12716835,-86.52677353
1,6,500.0,2-Car,Non-incapacitating,OTHER (DRIVER) - EXPLAIN IN NARRATIVE,39.12716835,-86.52677353
11,3,1600.0,2-Car,Non-incapacitating,FAILURE TO YIELD RIGHT OF WAY,39.126976,-86.582464
9,6,1600.0,2-Car,Non-incapacitating,DRIVER DISTRACTED - EXPLAIN IN NARRATIVE,39.1269,-86.531399
11,3,1800.0,2-Car,Non-incapacitating,FAILURE TO YIELD RIGHT OF WAY,39.1269,-86.531399
5,5,1500.0,1-Car,No injury/unknown,PRESCRIPTION DRUGS,39.12664,-86.57928567
2,7,1400.0,2-Car,No injury/unknown,LEFT OF CENTER,39.12664,-86.582512
4,5,2100.0,1-Car,No injury/unknown,OTHER (DRIVER) - EXPLAIN IN NARRATIVE,39.126619,-86.529682
11,2,1800.0,2-Car,Non-incapacitating,FAILURE TO YIELD RIGHT OF WAY,39.12660505,-86.5726527
10,2,600.0,2-Car,Non-incapacitating,DRIVER ILLNESS,39.12660505,-86.5726527
11,6,1400.0,1-Car,Non-incapacitating,TIRE FAILURE OR DEFECTIVE,39.12660505,-86.5726527
9,1,0.0,2-Car,No injury/unknown,UNSAFE BACKING,39.126499,-86.528698
12,6,1900.0,2-Car,No injury/unknown,OTHER (DRIVER) - EXPLAIN IN NARRATIVE,39.126499,-86.528698
7,2,900.0,1-Car,No injury/unknown,RAN OFF ROAD RIGHT,39.12641137,-86.52674795
12,4,1400.0,2-Car,No injury/unknown,OTHER (DRIVER) - EXPLAIN IN NARRATIVE,39.12641137,-86.52674795
11,7,2200.0,1-Car,No injury/unknown,ANIMAL/OBJECT IN ROADWAY,39.126,-86.5049
7,2,700.0,2-Car,No injury/unknown,UNSAFE SPEED,39.125876,-86.528072
5,1,1000.0,2-Car,No injury/unknown,OTHER (DRIVER) - EXPLAIN IN NARRATIVE,39.12547,-86.538908
5,3,500.0,2-Car,No injury/unknown,IMPROPER LANE USAGE,39.12543228,-86.531
2,7,1300.0,2-Car,No injury/unknown,DRIVER DISTRACTED - EXPLAIN IN NARRATIVE,39.12533431,-86.496497
2,5,2200.0,2-Car,No injury/unknown,,39.125312,-86.610496
4,5,1500.0,3+ Cars,No injury/unknown,FOLLOWING TOO CLOSELY,39.125312,-86.610496
12,7,1300.0,2-Car,No injury/unknown,FAILURE TO YIELD RIGHT OF WAY,39.125312,-86.610496
7,1,1500.0,2-Car,No injury/unknown,UNSAFE BACKING,39.125312,-86.610496
5,5,700.0,2-Car,No injury/unknown,FOLLOWING TOO CLOSELY,39.125312,-86.610496
11,6,900.0,2-Car,Non-incapacitating,UNSAFE BACKING,39.125312,-86.610496
6,6,1600.0,2-Car,No injury/unknown,OTHER (DRIVER) - EXPLAIN IN NARRATIVE,39.125312,-86.610496
6,1,1800.0,2-Car,No injury/unknown,OTHER (DRIVER) - EXPLAIN IN NARRATIVE,39.125312,-86.610496
12,2,1500.0,2-Car,No injury/unknown,DRIVER DISTRACTED - EXPLAIN IN NARRATIVE,39.125312,-86.610496
8,3,2000.0,1-Car,No injury/unknown,ANIMAL/OBJECT IN ROADWAY,39.125136,-86.617616
10,2,2000.0,2-Car,Non-incapacitating,FAILURE TO YIELD RIGHT OF WAY,39.12504,-86.5388
4,7,1300.0,1-Car,Non-incapacitating,DRIVER ASLEEP OR FATIGUED,39.1248141,-86.583099
5,3,1400.0,2-Car,No injury/unknown,FOLLOWING TOO CLOSELY,39.12448822,-86.5609886
9,6,1700.0,3+ Cars,Non-incapacitating,DRIVER ASLEEP OR FATIGUED,39.12448822,-86.5609886
2,4,2000.0,2-Car,No injury/unknown,UNSAFE BACKING,39.124016,-86.524672
5,1,1000.0,2-Car,No injury/unknown,IMPROPER PASSING,39.123773,-86.6382
12,4,1000.0,1-Car,No injury/unknown,RAN OFF ROAD RIGHT,39.12376088,-86.5266497
4,1,2000.0,2-Car,No injury/unknown,OTHER (DRIVER) - EXPLAIN IN NARRATIVE,39.12263125,-86.61390267
12,2,1400.0,1-Car,Non-incapacitating,DRIVER DISTRACTED - EXPLAIN IN NARRATIVE,39.12245921,-86.526499
2,7,1500.0,1-Car,No injury/unknown,UNSAFE SPEED,39.122448,-86.574
11,1,800.0,1-Car,Non-incapacitating,RAN OFF ROAD RIGHT,39.12242467,-86.5860773
9,7,1400.0,2-Car,No injury/unknown,FAILURE TO YIELD RIGHT OF WAY,39.122416,-86.64296
8,4,1900.0,2-Car,Non-incapacitating,FAILURE TO YIELD RIGHT OF WAY,39.122352,-86.5712
1,6,1700.0,2-Car,Non-incapacitating,OTHER (DRIVER) - EXPLAIN IN NARRATIVE,39.122352,-86.5712
5,6,1300.0,2-Car,Non-incapacitating,OTHER (DRIVER) - EXPLAIN IN NARRATIVE,39.122352,-86.5712
6,5,1300.0,2-Car,Non-incapacitating,DISREGARD SIGNAL/REG SIGN,39.122352,-86.5712
12,1,1900.0,3+ Cars,Non-incapacitating,FAILURE TO YIELD RIGHT OF WAY,39.122352,-86.5712
1,7,2100.0,2-Car,No injury/unknown,LEFT OF CENTER,39.1223,-86.60572598
1,5,700.0,2-Car,No injury/unknown,NONE (DRIVER),39.1223,-86.60578661
2,5,2300.0,1-Car,No injury/unknown,RAN OFF ROAD RIGHT,39.122299,-86.511397
11,4,1500.0,2-Car,No injury/unknown,FAILURE TO YIELD RIGHT OF WAY,39.122256,-86.619184
12,5,700.0,2-Car,No injury/unknown,OTHER (DRIVER) - EXPLAIN IN NARRATIVE,39.12224,-86.6144
11,2,800.0,1-Car,Non-incapacitating,ROADWAY SURFACE CONDITION,39.12224,-86.6144
2,4,1000.0,1-Car,No injury/unknown,UNSAFE SPEED,39.12223415,-86.61445881
1,3,1000.0,2-Car,No injury/unknown,FAILURE TO YIELD RIGHT OF WAY,39.12221366,-86.57106313
1,7,1700.0,2-Car,No injury/unknown,DISREGARD SIGNAL/REG SIGN,39.12221366,-86.57106313
1,2,500.0,2-Car,Non-incapacitating,FAILURE TO YIELD RIGHT OF WAY,39.121808,-86.498784
7,7,1700.0,2-Car,No injury/unknown,DISREGARD SIGNAL/REG SIGN,39.121648,-86.539088
8,4,1500.0,2-Car,No injury/unknown,OTHER (DRIVER) - EXPLAIN IN NARRATIVE,39.121648,-86.539088
9,2,2000.0,Moped/Motorcycle,Incapacitating,NONE (DRIVER),39.121648,-86.539088
6,4,1700.0,2-Car,No injury/unknown,FAILURE TO YIELD RIGHT OF WAY,39.121648,-86.539088
5,2,1600.0,2-Car,Non-incapacitating,OTHER (DRIVER) - EXPLAIN IN NARRATIVE,39.121648,-86.539088
12,6,1800.0,2-Car,No injury/unknown,FAILURE TO YIELD RIGHT OF WAY,39.121648,-86.539088
9,5,1500.0,2-Car,Non-incapacitating,FOLLOWING TOO CLOSELY,39.121552,-86.53305899
1,2,1700.0,1-Car,No injury/unknown,DRIVER ILLNESS,39.121552,-86.531296
9,7,2200.0,3+ Cars,Non-incapacitating,UNSAFE SPEED,39.12154418,-86.53386009
1,7,1000.0,2-Car,Non-incapacitating,OTHER (DRIVER) - EXPLAIN IN NARRATIVE,39.12154418,-86.53386009
6,7,1900.0,2-Car,Non-incapacitating,FAILURE TO YIELD RIGHT OF WAY,39.12152,-86.51792
5,4,1500.0,Bus,Non-incapacitating,PASSENGER DISTRACTION,39.121504,-86.53791246
2,6,1900.0,1-Car,No injury/unknown,OTHER (DRIVER) - EXPLAIN IN NARRATIVE,39.1215,-86.51245574
8,4,1500.0,3+ Cars,No injury/unknown,DRIVER DISTRACTED - EXPLAIN IN NARRATIVE,39.1215,-86.531399
5,3,1800.0,2-Car,No injury/unknown,UNSAFE BACKING,39.1215,-86.53145714
5,2,1300.0,1-Car,Non-incapacitating,UNSAFE SPEED,39.1215,-86.51911469
10,3,1600.0,3+ Cars,Non-incapacitating,FAILURE TO YIELD RIGHT OF WAY,39.1215,-86.512499
11,2,1600.0,1-Car,Non-incapacitating,ANIMAL/OBJECT IN ROADWAY,39.1215,-86.51267203
2,1,1300.0,2-Car,No injury/unknown,DISREGARD SIGNAL/REG SIGN,39.121499,-86.531395
1,6,900.0,2-Car,No injury/unknown,OTHER (DRIVER) - EXPLAIN IN NARRATIVE,39.121499,-86.531395
6,7,1100.0,2-Car,No injury/unknown,FOLLOWING TOO CLOSELY,39.12149179,-86.52848113
6,1,2100.0,2-Car,Non-incapacitating,DISREGARD SIGNAL/REG SIGN,39.12144,-86.526496
8,5,1200.0,2-Car,No injury/unknown,FAILURE TO YIELD RIGHT OF WAY,39.12144,-86.526496
11,4,1300.0,3+ Cars,Non-incapacitating,DISREGARD SIGNAL/REG SIGN,39.12144,-86.526496
9,7,1700.0,3+ Cars,No injury/unknown,SPEED TOO FAST FOR WEATHER CONDITIONS,39.12144,-86.526496
2,7,400.0,1-Car,Non-incapacitating,ROADWAY SURFACE CONDITION,39.12144,-86.526496
3,5,900.0,2-Car,No injury/unknown,FAILURE TO YIELD RIGHT OF WAY,39.12144,-86.526496
8,4,1000.0,2-Car,No injury/unknown,OTHER (DRIVER) - EXPLAIN IN NARRATIVE,39.12144,-86.526496
10,4,1800.0,2-Car,No injury/unknown,FOLLOWING TOO CLOSELY,39.12144,-86.526496
12,7,2300.0,1-Car,No injury/unknown,ANIMAL/OBJECT IN ROADWAY,39.12043533,-86.49876315
2,4,1200.0,1-Car,Fatal,RAN OFF ROAD LEFT,39.12017935,-86.4965
5,2,500.0,1-Car,No injury/unknown,ANIMAL/OBJECT IN ROADWAY,39.11992105,-86.56908317
12,2,1700.0,1-Car,No injury/unknown,SPEED TOO FAST FOR WEATHER CONDITIONS,39.11966945,-86.6429827
3,5,800.0,1-Car,No injury/unknown,ANIMAL/OBJECT IN ROADWAY,39.11903501,-86.517195
7,6,2000.0,1-Car,No injury/unknown,OTHER (DRIVER) - EXPLAIN IN NARRATIVE,39.11864272,-86.539747
2,3,1900.0,1-Car,Non-incapacitating,UNSAFE SPEED,39.11810777,-86.604799
10,1,1800.0,2-Car,No injury/unknown,OTHER (DRIVER) - EXPLAIN IN NARRATIVE,39.11807746,-86.525497
9,3,800.0,1-Car,No injury/unknown,TIRE FAILURE OR DEFECTIVE,39.117999,-86.546798
8,7,1200.0,Moped/Motorcycle,Non-incapacitating,DRIVER DISTRACTED - EXPLAIN IN NARRATIVE,39.11776961,-86.42919111
5,2,1500.0,1-Car,No injury/unknown,RAN OFF ROAD RIGHT,39.11774229,-86.62176025
6,1,100.0,2-Car,No injury/unknown,UNSAFE BACKING,39.117667,-86.53128635
4,4,1500.0,2-Car,Non-incapacitating,IMPROPER LANE USAGE,39.117648,-86.567104
12,6,900.0,2-Car,No injury/unknown,FAILURE TO YIELD RIGHT OF WAY,39.117648,-86.567104
1,2,1600.0,2-Car,Non-incapacitating,FAILURE TO YIELD RIGHT OF WAY,39.117648,-86.567104
5,3,1500.0,2-Car,No injury/unknown,FAILURE TO YIELD RIGHT OF WAY,39.117648,-86.567104
7,6,1800.0,2-Car,Non-incapacitating,FAILURE TO YIELD RIGHT OF WAY,39.117648,-86.567104
7,3,2100.0,2-Car,No injury/unknown,ALCOHOLIC BEVERAGES,39.11708109,-86.539895
9,7,600.0,2-Car,No injury/unknown,FAILURE TO YIELD RIGHT OF WAY,39.11700229,-86.42881131
7,3,0.0,2-Car,No injury/unknown,IMPROPER PASSING,39.11664998,-86.506198
11,5,1900.0,1-Car,No injury/unknown,OTHER (DRIVER) - EXPLAIN IN NARRATIVE,39.11633574,-86.531399
2,2,1600.0,2-Car,Non-incapacitating,FAILURE TO YIELD RIGHT OF WAY,39.115552,-86.564592
3,6,700.0,2-Car,No injury/unknown,DRIVER DISTRACTED - EXPLAIN IN NARRATIVE,39.115552,-86.564592
1,7,1700.0,2-Car,Non-incapacitating,IMPROPER TURNING,39.115552,-86.564592
8,5,800.0,1-Car,Non-incapacitating,UNSAFE SPEED,39.115488,-86.498688
12,6,1300.0,1-Car,No injury/unknown,ROADWAY SURFACE CONDITION,39.11511878,-86.42919771
3,4,600.0,1-Car,No injury/unknown,ANIMAL/OBJECT IN ROADWAY,39.11504,-86.630992
11,3,200.0,1-Car,Non-incapacitating,RAN OFF ROAD RIGHT,39.11504,-86.630992
12,7,0.0,1-Car,No injury/unknown,ANIMAL/OBJECT IN ROADWAY,39.11502979,-86.63028699
2,5,900.0,3+ Cars,No injury/unknown,FAILURE TO YIELD RIGHT OF WAY,39.11464,-86.539392
9,6,1500.0,2-Car,Non-incapacitating,VIEW OBSTRUCTED,39.11409254,-86.56854011
2,1,1900.0,1-Car,No injury/unknown,DRIVER DISTRACTED - EXPLAIN IN NARRATIVE,39.11402868,-86.398599
2,7,100.0,2-Car,Non-incapacitating,LEFT OF CENTER,39.11332463,-86.516399
9,6,1400.0,1-Car,Non-incapacitating,RAN OFF ROAD RIGHT,39.113029,-86.46633853
8,6,1500.0,2-Car,No injury/unknown,DRIVER DISTRACTED - EXPLAIN IN NARRATIVE,39.111899,-86.526499
6,2,1500.0,2-Car,No injury/unknown,FAILURE TO YIELD RIGHT OF WAY,39.11172679,-86.5791
2,2,1700.0,2-Car,No injury/unknown,FAILURE TO YIELD RIGHT OF WAY,39.11172619,-86.57913641
1,4,700.0,2-Car,Non-incapacitating,LEFT OF CENTER,39.11149709,-86.53981486
9,5,1200.0,2-Car,No injury/unknown,FAILURE TO YIELD RIGHT OF WAY,39.111024,-86.638304
2,5,1200.0,2-Car,Non-incapacitating,NONE (DRIVER),39.111024,-86.638304
1,6,1900.0,2-Car,No injury/unknown,UNSAFE BACKING,39.111024,-86.638304