Month,Day,Hour,Collision Type,Injury Type,Primary Factor,Latitude,Longitude
7,6,1300.0,2-Car,No injury/unknown,FAILURE TO YIELD RIGHT OF WAY,39.111024,-86.638304
5,6,1700.0,2-Car,No injury/unknown,OTHER (DRIVER) - EXPLAIN IN NARRATIVE,39.11098953,-86.63835916
12,6,1600.0,2-Car,No injury/unknown,TIRE FAILURE OR DEFECTIVE,39.11095525,-86.638414
10,6,700.0,3+ Cars,No injury/unknown,DRIVER DISTRACTED - EXPLAIN IN NARRATIVE,39.11019606,-86.531295
7,2,1000.0,2-Car,No injury/unknown,OTHER (DRIVER) - EXPLAIN IN NARRATIVE,39.109248,-86.534896
6,6,1000.0,1-Car,Non-incapacitating,RAN OFF ROAD RIGHT,39.108848,-86.6384
10,6,900.0,2-Car,Non-incapacitating,DISREGARD SIGNAL/REG SIGN,39.108699,-86.531198
1,4,1400.0,1-Car,No injury/unknown,ROADWAY SURFACE CONDITION,39.108496,-86.6384
5,3,700.0,3+ Cars,Incapacitating,FOLLOWING TOO CLOSELY,39.10799353,-86.64314523
6,2,1800.0,2-Car,Non-incapacitating,LEFT OF CENTER,39.107952,-86.610304
10,7,1400.0,1-Car,Non-incapacitating,UNSAFE SPEED,39.1079401,-86.42005802
3,4,100.0,1-Car,Non-incapacitating,UNSAFE SPEED,39.10785575,-86.57234896
11,5,1600.0,2-Car,No injury/unknown,NONE (DRIVER),39.10773024,-86.54004714
12,4,300.0,2-Car,No injury/unknown,LEFT OF CENTER,39.107648,-86.643696
10,5,1700.0,2-Car,Non-incapacitating,FAILURE TO YIELD RIGHT OF WAY,39.107552,-86.549792
11,4,1200.0,2-Car,No injury/unknown,OTHER (DRIVER) - EXPLAIN IN NARRATIVE,39.107456,-86.540064
10,4,1400.0,2-Car,Non-incapacitating,ROADWAY SURFACE CONDITION,39.107456,-86.540064
1,1,1800.0,2-Car,Non-incapacitating,FAILURE TO YIELD RIGHT OF WAY,39.107456,-86.540064
3,4,1600.0,2-Car,Non-incapacitating,OTHER (DRIVER) - EXPLAIN IN NARRATIVE,39.10745115,-86.53988695
5,4,1700.0,2-Car,No injury/unknown,FAILURE TO YIELD RIGHT OF WAY,39.107344,-86.5264
6,4,2000.0,Moped/Motorcycle,Non-incapacitating,FAILURE TO YIELD RIGHT OF WAY,39.107344,-86.5264
7,3,1500.0,2-Car,No injury/unknown,FAILURE TO YIELD RIGHT OF WAY,39.107344,-86.5264
8,2,1500.0,2-Car,Non-incapacitating,FAILURE TO YIELD RIGHT OF WAY,39.107344,-86.5264
5,7,1400.0,1-Car,Non-incapacitating,RAN OFF ROAD RIGHT,39.10726967,-86.516998
12,3,1400.0,2-Car,Non-incapacitating,FAILURE TO YIELD RIGHT OF WAY,39.1072,-86.531497
12,4,1600.0,2-Car,No injury/unknown,OTHER (DRIVER) - EXPLAIN IN NARRATIVE,39.1072,-86.531497
10,5,2300.0,1-Car,No injury/unknown,SPEED TOO FAST FOR WEATHER CONDITIONS,39.107096,-86.52364
2,2,200.0,1-Car,No injury/unknown,ANIMAL/OBJECT IN ROADWAY,39.107072,-86.498544
6,4,700.0,1-Car,No injury/unknown,RAN OFF ROAD RIGHT,39.10680853,-86.52329823
8,4,1200.0,2-Car,No injury/unknown,LEFT OF CENTER,39.106702,-86.54019627
8,5,1700.0,2-Car,No injury/unknown,FOLLOWING TOO CLOSELY,39.10668106,-86.55264471
9,5,1600.0,1-Car,Non-incapacitating,RAN OFF ROAD RIGHT,39.10611795,-86.55187629
4,1,400.0,1-Car,Non-incapacitating,NONE (DRIVER),39.1059293,-86.55161886
12,1,1300.0,2-Car,Non-incapacitating,DISREGARD SIGNAL/REG SIGN,39.105552,-86.551104
10,7,700.0,2-Car,No injury/unknown,FAILURE TO YIELD RIGHT OF WAY,39.105552,-86.551104
12,5,900.0,2-Car,No injury/unknown,DISREGARD SIGNAL/REG SIGN,39.105552,-86.551104
11,3,1500.0,2-Car,Non-incapacitating,DISREGARD SIGNAL/REG SIGN,39.105552,-86.551104
7,6,700.0,3+ Cars,Non-incapacitating,FAILURE TO YIELD RIGHT OF WAY,39.105552,-86.551104
2,2,1300.0,2-Car,Non-incapacitating,FAILURE TO YIELD RIGHT OF WAY,39.105552,-86.551104
4,5,1100.0,2-Car,No injury/unknown,FAILURE TO YIELD RIGHT OF WAY,39.105552,-86.551104
6,5,1300.0,2-Car,No injury/unknown,DISREGARD SIGNAL/REG SIGN,39.105552,-86.551104
6,5,1100.0,1-Car,No injury/unknown,RAN OFF ROAD RIGHT,39.105552,-86.551104
6,5,1100.0,2-Car,No injury/unknown,DISREGARD SIGNAL/REG SIGN,39.105552,-86.551104
10,6,1400.0,2-Car,No injury/unknown,FOLLOWING TOO CLOSELY,39.105552,-86.551104
10,6,1300.0,2-Car,Non-incapacitating,DISREGARD SIGNAL/REG SIGN,39.105552,-86.551104
10,6,1500.0,3+ Cars,Non-incapacitating,DISREGARD SIGNAL/REG SIGN,39.105552,-86.551104
3,5,1900.0,2-Car,Non-incapacitating,OVERCORRECTING/OVERSTEERING,39.10549446,-86.6661951
10,5,1700.0,1-Car,No injury/unknown,SPEED TOO FAST FOR WEATHER CONDITIONS,39.10518831,-86.52196977
9,3,2100.0,Moped/Motorcycle,Non-incapacitating,SHOULDER DEFECTIVE,39.10487131,-86.55050549
9,5,800.0,1-Car,No injury/unknown,IMPROPER LANE USAGE,39.10396588,-86.5497094
7,5,1400.0,1-Car,No injury/unknown,FOLLOWING TOO CLOSELY,39.10322138,-86.51582056
4,1,2100.0,1-Car,No injury/unknown,ANIMAL/OBJECT IN ROADWAY,39.10313368,-86.517
1,1,200.0,1-Car,No injury/unknown,ANIMAL/OBJECT IN ROADWAY,39.10243587,-86.64879287
7,4,1500.0,2-Car,Non-incapacitating,OVERCORRECTING/OVERSTEERING,39.10190947,-86.48109415
10,6,1500.0,2-Car,Non-incapacitating,UNSAFE BACKING,39.10092666,-86.550692
1,5,1600.0,2-Car,No injury/unknown,NONE (ENVIRONMENTAL),39.10068202,-86.65050579
8,6,700.0,1-Car,No injury/unknown,RAN OFF ROAD RIGHT,39.10012621,-86.550799
6,7,2000.0,2-Car,Non-incapacitating,DRIVER DISTRACTED - EXPLAIN IN NARRATIVE,39.099901,-86.517795
4,3,800.0,2-Car,No injury/unknown,FAILURE TO YIELD RIGHT OF WAY,39.099899,-86.51802441
1,2,100.0,1-Car,Non-incapacitating,ALCOHOLIC BEVERAGES,39.099899,-86.51722352
12,7,2300.0,1-Car,No injury/unknown,ANIMAL/OBJECT IN ROADWAY,39.09987339,-86.57930123
6,5,700.0,2-Car,No injury/unknown,FOLLOWING TOO CLOSELY,39.09984,-86.5176
4,7,1400.0,1-Car,Non-incapacitating,RAN OFF ROAD RIGHT,39.099792,-86.498448
5,1,1400.0,Moped/Motorcycle,Non-incapacitating,DRIVER DISTRACTED - EXPLAIN IN NARRATIVE,39.09926146,-86.6518931
5,2,,2-Car,Non-incapacitating,NONE (DRIVER),39.099152,-86.652
11,5,2000.0,2-Car,Non-incapacitating,SPEED TOO FAST FOR WEATHER CONDITIONS,39.099152,-86.652
2,1,300.0,2-Car,No injury/unknown,LEFT OF CENTER,39.097201,-86.51565896
2,5,1700.0,2-Car,No injury/unknown,OTHER (DRIVER) - EXPLAIN IN NARRATIVE,39.09644745,-86.564095
1,6,100.0,1-Car,No injury/unknown,RAN OFF ROAD RIGHT,39.09514023,-86.59183287
5,1,1400.0,2-Car,Non-incapacitating,FAILURE TO YIELD RIGHT OF WAY,39.09310047,-86.55272924
7,3,1600.0,2-Car,Incapacitating,FAILURE TO YIELD RIGHT OF WAY,39.092976,-86.545648
4,4,1500.0,2-Car,Non-incapacitating,FAILURE TO YIELD RIGHT OF WAY,39.092976,-86.545648
11,6,1100.0,2-Car,No injury/unknown,FAILURE TO YIELD RIGHT OF WAY,39.092976,-86.545648
3,3,1600.0,2-Car,Non-incapacitating,FAILURE TO YIELD RIGHT OF WAY,39.092976,-86.545648
2,4,1700.0,2-Car,No injury/unknown,FAILURE TO YIELD RIGHT OF WAY,39.092976,-86.545648
6,6,1600.0,2-Car,No injury/unknown,FAILURE TO YIELD RIGHT OF WAY,39.092976,-86.545648
6,3,1600.0,3+ Cars,No injury/unknown,FAILURE TO YIELD RIGHT OF WAY,39.092976,-86.545648
6,5,1600.0,2-Car,No injury/unknown,FAILURE TO YIELD RIGHT OF WAY,39.092976,-86.545648
8,5,1000.0,2-Car,No injury/unknown,FAILURE TO YIELD RIGHT OF WAY,39.092976,-86.545648
11,6,1300.0,1-Car,No injury/unknown,RAN OFF ROAD RIGHT,39.09295,-86.544309
10,1,1200.0,2-Car,No injury/unknown,FAILURE TO YIELD RIGHT OF WAY,39.092944,-86.544
9,3,1600.0,2-Car,Non-incapacitating,FAILURE TO YIELD RIGHT OF WAY,39.09293264,-86.54417267
4,5,1700.0,2-Car,Non-incapacitating,FOLLOWING TOO CLOSELY,39.09264,-86.51672
7,6,2000.0,1-Car,No injury/unknown,IMPROPER TURNING,39.092112,-86.422832
8,7,2200.0,2-Car,Non-incapacitating,LEFT OF CENTER,39.092112,-86.422832
1,3,2100.0,1-Car,No injury/unknown,SPEED TOO FAST FOR WEATHER CONDITIONS,39.09160805,-86.54549954
5,2,1700.0,2-Car,No injury/unknown,UNSAFE SPEED,39.09160759,-86.54549948
10,2,900.0,3+ Cars,No injury/unknown,FOLLOWING TOO CLOSELY,39.09136948,-86.54547364
8,7,800.0,1-Car,No injury/unknown,ROADWAY SURFACE CONDITION,39.09121181,-86.423297
12,2,500.0,1-Car,No injury/unknown,ANIMAL/OBJECT IN ROADWAY,39.09078654,-86.54541038
12,2,500.0,1-Car,No injury/unknown,ANIMAL/OBJECT IN ROADWAY,39.09078654,-86.54541038
7,1,1900.0,2-Car,No injury/unknown,FOLLOWING TOO CLOSELY,39.09023917,-86.54535097
4,7,1300.0,2-Car,No injury/unknown,OTHER TELEMATICS IN USE,39.08993365,-86.66617511
8,5,2100.0,2-Car,No injury/unknown,FAILURE TO YIELD RIGHT OF WAY,39.08985222,-86.66625547
1,4,1500.0,2-Car,No injury/unknown,FOLLOWING TOO CLOSELY,39.08984,-86.666304
10,1,2000.0,3+ Cars,Non-incapacitating,FOLLOWING TOO CLOSELY,39.08966827,-86.66658039
12,7,400.0,1-Car,No injury/unknown,DRIVER DISTRACTED - EXPLAIN IN NARRATIVE,39.08795377,-86.57123388
2,7,600.0,1-Car,Non-incapacitating,ANIMAL/OBJECT IN ROADWAY,39.08689589,-86.67120996
5,4,2300.0,1-Car,Non-incapacitating,OVERCORRECTING/OVERSTEERING,39.08685711,-86.67127964
1,1,1100.0,3+ Cars,No injury/unknown,FAILURE TO YIELD RIGHT OF WAY,39.086848,-86.671296
6,1,2300.0,1-Car,Non-incapacitating,SPEED TOO FAST FOR WEATHER CONDITIONS,39.086848,-86.671296
5,6,1600.0,2-Car,No injury/unknown,OTHER (DRIVER) - EXPLAIN IN NARRATIVE,39.086832,-86.671984
2,6,1800.0,2-Car,Non-incapacitating,FOLLOWING TOO CLOSELY,39.086832,-86.671984
12,6,1600.0,2-Car,No injury/unknown,TIRE FAILURE OR DEFECTIVE,39.086832,-86.671984
7,3,1600.0,Moped/Motorcycle,Incapacitating,ROADWAY SURFACE CONDITION,39.08624,-86.542
2,7,1100.0,1-Car,Incapacitating,IMPROPER LANE USAGE,39.08576531,-86.53469676
5,4,1400.0,2-Car,No injury/unknown,UNSAFE SPEED,39.085632,-86.542304
11,2,800.0,2-Car,Non-incapacitating,FAILURE TO YIELD RIGHT OF WAY,39.085632,-86.542304
5,5,900.0,3+ Cars,No injury/unknown,OTHER (DRIVER) - EXPLAIN IN NARRATIVE,39.085632,-86.542304
10,7,1500.0,2-Car,Non-incapacitating,FOLLOWING TOO CLOSELY,39.085632,-86.542304
3,7,1700.0,3+ Cars,Non-incapacitating,UNSAFE SPEED,39.085632,-86.542304
2,5,1100.0,2-Car,Incapacitating,FAILURE TO YIELD RIGHT OF WAY,39.085632,-86.542304
6,3,600.0,2-Car,No injury/unknown,FOLLOWING TOO CLOSELY,39.085632,-86.542304
10,5,800.0,1-Car,Incapacitating,RAN OFF ROAD RIGHT,39.08536322,-86.66643303
8,4,700.0,2-Car,No injury/unknown,FOLLOWING TOO CLOSELY,39.08528624,-86.54271101
11,3,1900.0,1-Car,No injury/unknown,ANIMAL/OBJECT IN ROADWAY,39.08520056,-86.67228283
4,4,1800.0,1-Car,Non-incapacitating,OTHER (DRIVER) - EXPLAIN IN NARRATIVE,39.08519388,-86.490099
10,2,1200.0,3+ Cars,Non-incapacitating,FOLLOWING TOO CLOSELY,39.08501307,-86.54177348
8,3,1100.0,2-Car,No injury/unknown,LEFT OF CENTER,39.0846402,-86.582592
8,6,100.0,1-Car,Non-incapacitating,CELL PHONE USAGE,39.08442268,-86.51599205
9,3,1400.0,3+ Cars,Non-incapacitating,DRIVER ASLEEP OR FATIGUED,39.08404446,-86.543198
4,7,1200.0,2-Car,Non-incapacitating,LEFT OF CENTER,39.08399987,-86.54090503
8,6,1100.0,3+ Cars,Non-incapacitating,OTHER (DRIVER) - EXPLAIN IN NARRATIVE,39.08384,-86.540768
10,3,700.0,2-Car,No injury/unknown,FOLLOWING TOO CLOSELY,39.0828755,-86.53996657
11,5,1200.0,2-Car,No injury/unknown,FAILURE TO YIELD RIGHT OF WAY,39.08268731,-86.5398102
9,3,900.0,1-Car,Non-incapacitating,STEERING FAILURE,39.08215487,-86.41960949
5,1,600.0,1-Car,Non-incapacitating,ALCOHOLIC BEVERAGES,39.08161591,-86.51529385
5,1,1600.0,Moped/Motorcycle,Non-incapacitating,UNSAFE SPEED,39.08102094,-86.41862099
2,4,2100.0,1-Car,Non-incapacitating,UNSAFE SPEED,39.08021672,-86.63132995
10,4,1600.0,1-Car,Non-incapacitating,UNSAFE SPEED,39.078944,-86.596304
2,7,900.0,1-Car,No injury/unknown,RAN OFF ROAD RIGHT,39.07893318,-86.56898301
6,4,1700.0,1-Car,Non-incapacitating,RAN OFF ROAD RIGHT,39.07866638,-86.67556147
4,1,1500.0,1-Car,No injury/unknown,ROADWAY SURFACE CONDITION,39.078601,-86.56914706
6,2,1900.0,1-Car,Non-incapacitating,RAN OFF ROAD RIGHT,39.07757584,-86.59177241
5,4,300.0,1-Car,No injury/unknown,NONE (DRIVER),39.07704,-86.53616
5,6,1800.0,1-Car,Non-incapacitating,RAN OFF ROAD RIGHT,39.07704,-86.53616
1,1,1900.0,Moped/Motorcycle,Non-incapacitating,IMPROPER TURNING,39.07681286,-86.5428181
9,7,1500.0,2-Car,No injury/unknown,UNSAFE SPEED,39.074448,-86.5056
12,2,2000.0,2-Car,Non-incapacitating,IMPROPER LANE USAGE,39.0735195,-86.497897
11,3,1300.0,1-Car,No injury/unknown,ROADWAY SURFACE CONDITION,39.07195895,-86.42243138
9,2,1200.0,2-Car,Non-incapacitating,FAILURE TO YIELD RIGHT OF WAY,39.071344,-86.5252
7,6,1700.0,2-Car,No injury/unknown,DISREGARD SIGNAL/REG SIGN,39.071152,-86.503088
7,3,1600.0,Moped/Motorcycle,Non-incapacitating,FAILURE TO YIELD RIGHT OF WAY,39.07106422,-86.53560078
5,3,1600.0,2-Car,No injury/unknown,FAILURE TO YIELD RIGHT OF WAY,39.071056,-86.5356
10,5,1600.0,2-Car,Non-incapacitating,UNSAFE SPEED,39.071056,-86.5356
11,1,100.0,1-Car,No injury/unknown,OVERCORRECTING/OVERSTEERING,39.071056,-86.5356
8,7,1400.0,1-Car,Non-incapacitating,ANIMAL/OBJECT IN ROADWAY,39.071056,-86.517488
12,5,1700.0,1-Car,Non-incapacitating,ANIMAL/OBJECT IN ROADWAY,39.071056,-86.5356
11,7,1100.0,2-Car,Non-incapacitating,FAILURE TO YIELD RIGHT OF WAY,39.071056,-86.5356
6,1,2100.0,2-Car,Non-incapacitating,FAILURE TO YIELD RIGHT OF WAY,39.071056,-86.5356
5,5,1800.0,2-Car,No injury/unknown,IMPROPER LANE USAGE,39.071056,-86.5356
6,6,900.0,2-Car,No injury/unknown,FOLLOWING TOO CLOSELY,39.071056,-86.5356
12,4,1000.0,2-Car,Incapacitating,FAILURE TO YIELD RIGHT OF WAY,39.071056,-86.5356
12,6,700.0,1-Car,No injury/unknown,RAN OFF ROAD RIGHT,39.071056,-86.517488
7,3,1600.0,2-Car,No injury/unknown,ROAD UNDER CONSTRUCTION,39.07103493,-86.53551574
1,2,1000.0,2-Car,Incapacitating,FAILURE TO YIELD RIGHT OF WAY,39.07093943,-86.53609256
11,5,2100.0,2-Car,No injury/unknown,OTHER (DRIVER) - EXPLAIN IN NARRATIVE,39.06441918,-86.50147033
5,4,2000.0,1-Car,No injury/unknown,LEFT OF CENTER,39.06391999,-86.49911635
6,1,600.0,1-Car,No injury/unknown,RAN OFF ROAD RIGHT,39.06241276,-86.49845788
8,3,1300.0,2-Car,Non-incapacitating,LEFT OF CENTER,39.06050042,-86.566
6,7,2100.0,2-Car,Non-incapacitating,FAILURE TO YIELD RIGHT OF WAY,39.05885458,-86.5791
3,4,1800.0,1-Car,No injury/unknown,OTHER (DRIVER) - EXPLAIN IN NARRATIVE,39.05880408,-86.498432
10,5,1700.0,1-Car,Non-incapacitating,UNSAFE SPEED,39.05869837,-86.41293476
12,6,600.0,1-Car,No injury/unknown,OBSTRUCTION NOT MARKED,39.05734659,-86.58475556
5,2,1100.0,1-Car,Non-incapacitating,ROADWAY SURFACE CONDITION,39.05044298,-86.5609886
4,2,700.0,1-Car,Non-incapacitating,OTHER (DRIVER) - EXPLAIN IN NARRATIVE,39.049456,-86.535888
8,6,1700.0,2-Car,No injury/unknown,FAILURE TO YIELD RIGHT OF WAY,39.049456,-86.540992
6,7,1900.0,2-Car,No injury/unknown,FOLLOWING TOO CLOSELY,39.04808272,-86.53587771
1,4,700.0,2-Car,No injury/unknown,LEFT OF CENTER,39.04698409,-86.53586948
3,4,1200.0,1-Car,No injury/unknown,RAN OFF ROAD RIGHT,39.04607151,-86.541099
9,4,2300.0,Moped/Motorcycle,Non-incapacitating,NONE (DRIVER),39.04464,-86.407952
4,7,100.0,1-Car,No injury/unknown,ALCOHOLIC BEVERAGES,39.04449446,-86.480399
12,1,2300.0,2-Car,No injury/unknown,LEFT OF CENTER,39.0435,-86.666199
1,2,600.0,1-Car,No injury/unknown,ANIMAL/OBJECT IN ROADWAY,39.04220784,-86.53582731
12,1,200.0,1-Car,No injury/unknown,DRIVER ASLEEP OR FATIGUED,39.042101,-86.541194
6,6,100.0,1-Car,Fatal,RAN OFF ROAD RIGHT,39.03656127,-86.49099419
10,1,2100.0,1-Car,No injury/unknown,OVERCORRECTING/OVERSTEERING,39.03623983,-86.40760334
9,7,1600.0,2-Car,Non-incapacitating,FAILURE TO YIELD RIGHT OF WAY,39.0349,-86.516895
11,5,1800.0,1-Car,Non-incapacitating,RAN OFF ROAD RIGHT,39.034834,-86.50206925
11,6,2100.0,Moped/Motorcycle,Non-incapacitating,OTHER (DRIVER) - EXPLAIN IN NARRATIVE,39.034459,-86.490431
4,5,1600.0,1-Car,No injury/unknown,OTHER (DRIVER) - EXPLAIN IN NARRATIVE,39.03398123,-86.40826185
9,7,1600.0,1-Car,No injury/unknown,ANIMAL/OBJECT IN ROADWAY,39.03302736,-86.40834902
1,1,1000.0,1-Car,Non-incapacitating,RAN OFF ROAD RIGHT,39.03276514,-86.40826594
5,4,1500.0,1-Car,No injury/unknown,UNSAFE SPEED,39.03108093,-86.40754503
9,7,1000.0,1-Car,Non-incapacitating,ROADWAY SURFACE CONDITION,39.03061792,-86.40758126
4,6,2200.0,1-Car,Non-incapacitating,ALCOHOLIC BEVERAGES,39.03011239,-86.40775735
8,7,1100.0,1-Car,Non-incapacitating,SPEED TOO FAST FOR WEATHER CONDITIONS,39.02945163,-86.4079875
11,2,1000.0,1-Car,No injury/unknown,OTHER (DRIVER) - EXPLAIN IN NARRATIVE,39.02909191,-86.65871358
7,1,1000.0,1-Car,Non-incapacitating,RAN OFF ROAD RIGHT,39.02843027,-86.40780689
1,7,1600.0,1-Car,Non-incapacitating,RAN OFF ROAD RIGHT,39.02815675,-86.53431707
10,7,900.0,2-Car,No injury/unknown,IMPROPER TURNING,39.02693709,-86.33404214
2,6,2200.0,1-Car,No injury/unknown,UNSAFE SPEED,39.02110979,-86.53152635
9,4,800.0,2-Car,Non-incapacitating,UNSAFE SPEED,39.020048,-86.536096
5,4,900.0,2-Car,No injury/unknown,UNSAFE BACKING,39.01937952,-86.53454167
1,2,700.0,1-Car,No injury/unknown,ANIMAL/OBJECT IN ROADWAY,39.01911037,-86.52329174
8,2,2100.0,2-Car,Non-incapacitating,ALCOHOLIC BEVERAGES,39.018656,-86.522896
10,4,100.0,2-Car,No injury/unknown,DISREGARD SIGNAL/REG SIGN,39.018656,-86.522896
4,5,1800.0,2-Car,Non-incapacitating,FOLLOWING TOO CLOSELY,39.01696998,-86.531399
4,3,700.0,3+ Cars,Non-incapacitating,UNSAFE SPEED,39.01587095,-86.531395
10,6,1800.0,1-Car,No injury/unknown,UNSAFE SPEED,39.015088,-86.401232
1,2,2000.0,1-Car,No injury/unknown,UNSAFE SPEED,39.015088,-86.401232
8,3,1000.0,2-Car,No injury/unknown,IMPROPER PASSING,39.015088,-86.401232
11,2,700.0,1-Car,No injury/unknown,RAN OFF ROAD RIGHT,39.014352,-86.537088
8,3,500.0,2-Car,No injury/unknown,FAILURE TO YIELD RIGHT OF WAY,39.014352,-86.537088
9,3,1200.0,2-Car,Non-incapacitating,SPEED TOO FAST FOR WEATHER CONDITIONS,39.014048,-86.544896
8,7,100.0,1-Car,No injury/unknown,DRIVER DISTRACTED - EXPLAIN IN NARRATIVE,39.01294826,-86.64908181
2,7,1200.0,2-Car,No injury/unknown,FAILURE TO YIELD RIGHT OF WAY,39.011744,-86.562
1,1,1900.0,1-Car,No injury/unknown,ANIMAL/OBJECT IN ROADWAY,39.01116473,-86.541
12,6,500.0,1-Car,No injury/unknown,ANIMAL/OBJECT IN ROADWAY,39.01030523,-86.56371071
12,1,100.0,1-Car,Non-incapacitating,DRIVER ASLEEP OR FATIGUED,39.00933166,-86.54459846
10,6,1700.0,2-Car,Non-incapacitating,FOLLOWING TOO CLOSELY,39.00613854,-86.54271101
1,4,1800.0,1-Car,No injury/unknown,DRIVER ILLNESS,39.0034909,-86.4396279
9,6,2000.0,1-Car,Non-incapacitating,ALCOHOLIC BEVERAGES,39.00277508,-86.498499
1,6,2200.0,2-Car,No injury/unknown,LEFT OF CENTER,38.999504,-86.591824
11,4,1500.0,2-Car,Non-incapacitating,FOLLOWING TOO CLOSELY,38.99476148,-86.53728081
11,6,800.0,1-Car,No injury/unknown,ANIMAL/OBJECT IN ROADWAY,39.33699845,-86.52845641
11,5,1700.0,1-Car,No injury/unknown,OTHER (VEHICLE) - EXPLAIN IN NARRATIVE,39.33676832,-86.51067472
2,5,1400.0,3+ Cars,No injury/unknown,FOLLOWING TOO CLOSELY,39.335152,-86.607008
8,1,1500.0,2-Car,No injury/unknown,FOLLOWING TOO CLOSELY,39.335152,-86.607008
9,6,700.0,2-Car,Non-incapacitating,FAILURE TO YIELD RIGHT OF WAY,39.335152,-86.607008
12,4,1500.0,2-Car,No injury/unknown,DISREGARD SIGNAL/REG SIGN,39.335152,-86.607008
7,1,900.0,1-Car,No injury/unknown,ANIMAL/OBJECT IN ROADWAY,39.32402779,-86.51251468
5,7,1700.0,1-Car,No injury/unknown,JACKKNIFING,39.31831027,-86.51055931
1,5,900.0,1-Car,Non-incapacitating,ALCOHOLIC BEVERAGES,39.31695365,-86.51079035
3,5,1400.0,1-Car,No injury/unknown,ANIMAL/OBJECT IN ROADWAY,39.31561283,-86.51117118
1,7,1200.0,1-Car,Non-incapacitating,SPEED TOO FAST FOR WEATHER CONDITIONS,39.31521058,-86.51128543
10,7,1100.0,2-Car,Incapacitating,FAILURE TO YIELD RIGHT OF WAY,39.314272,-86.511552
12,5,900.0,2-Car,No injury/unknown,OTHER (DRIVER) - EXPLAIN IN NARRATIVE,39.314272,-86.511552
11,2,800.0,1-Car,No injury/unknown,ANIMAL/OBJECT IN ROADWAY,39.314272,-86.511552
6,3,2100.0,1-Car,No injury/unknown,ANIMAL/OBJECT IN ROADWAY,39.3129574,-86.51203488
11,6,2300.0,1-Car,Non-incapacitating,LEFT OF CENTER,39.30968,-86.552592
12,1,1400.0,1-Car,No injury/unknown,SPEED TOO FAST FOR WEATHER CONDITIONS,39.30873276,-86.51492345
11,6,700.0,1-Car,No injury/unknown,OTHER (DRIVER) - EXPLAIN IN NARRATIVE,39.30851214,-86.601115
6,5,600.0,1-Car,No injury/unknown,ANIMAL/OBJECT IN ROADWAY,39.30802993,-86.68531948
12,3,2200.0,1-Car,No injury/unknown,ANIMAL/OBJECT IN ROADWAY,39.30698013,-86.51592055
12,6,2100.0,1-Car,Non-incapacitating,ALCOHOLIC BEVERAGES,39.30684392,-86.51596657
11,7,1500.0,1-Car,Non-incapacitating,FOLLOWING TOO CLOSELY,39.30435086,-86.51674122
5,1,1700.0,2-Car,No injury/unknown,UNSAFE BACKING,39.30432,-86.5168
10,4,2100.0,1-Car,No injury/unknown,ANIMAL/OBJECT IN ROADWAY,39.30405365,-86.51688615
10,2,1200.0,1-Car,No injury/unknown,DRIVER ASLEEP OR FATIGUED,39.30402988,-86.51702267
3,2,2000.0,1-Car,No injury/unknown,ALCOHOLIC BEVERAGES,39.30305253,-86.40284771
8,3,1000.0,1-Car,No injury/unknown,ANIMAL/OBJECT IN ROADWAY,39.30207196,-86.51238497
3,4,800.0,2-Car,No injury/unknown,FAILURE TO YIELD RIGHT OF WAY,39.30165646,-86.51766146
6,5,1000.0,2-Car,No injury/unknown,OVERCORRECTING/OVERSTEERING,39.29879102,-86.554703
9,2,800.0,2-Car,No injury/unknown,FAILURE TO YIELD RIGHT OF WAY,39.296304,-86.648608
9,6,1000.0,2-Car,No injury/unknown,ROADWAY SURFACE CONDITION,39.296144,-86.659296
10,4,500.0,1-Car,Non-incapacitating,ANIMAL/OBJECT IN ROADWAY,39.296144,-86.659296
7,1,2000.0,2-Car,No injury/unknown,DRIVER DISTRACTED - EXPLAIN IN NARRATIVE,39.29602956,-86.64335934
11,6,900.0,2-Car,No injury/unknown,FAILURE TO YIELD RIGHT OF WAY,39.29584,-86.626304
4,4,1300.0,1-Car,No injury/unknown,OTHER (DRIVER) - EXPLAIN IN NARRATIVE,39.29584,-86.626304
10,1,1100.0,2-Car,No injury/unknown,NONE (VEHICLE),39.295216,-86.550832
11,7,2300.0,1-Car,No injury/unknown,RAN OFF ROAD RIGHT,39.2948103,-86.514499
11,6,2100.0,1-Car,No injury/unknown,ANIMAL/OBJECT IN ROADWAY,39.29042184,-86.51795546
2,6,1300.0,2-Car,No injury/unknown,OTHER (DRIVER) - EXPLAIN IN NARRATIVE,39.28844,-86.518728
10,7,2000.0,1-Car,No injury/unknown,OTHER (DRIVER) - EXPLAIN IN NARRATIVE,39.287808,-86.519024
4,7,2300.0,1-Car,No injury/unknown,ALCOHOLIC BEVERAGES,39.287808,-86.519024
11,3,1600.0,1-Car,No injury/unknown,RAN OFF ROAD RIGHT,39.28586199,-86.66304558
12,7,700.0,1-Car,No injury/unknown,RAN OFF ROAD RIGHT,39.28508422,-86.40784886
1,1,1500.0,2-Car,No injury/unknown,LEFT OF CENTER,39.281648,-86.655096
5,5,1600.0,2-Car,Non-incapacitating,LEFT OF CENTER,39.278832,-86.623456
5,6,300.0,Moped/Motorcycle,Non-incapacitating,ALCOHOLIC BEVERAGES,39.27792483,-86.509558