Month,Day,Hour,Collision Type,Injury Type,Primary Factor,Latitude,Longitude
3,1,1600.0,1-Car,Non-incapacitating,DRIVER DISTRACTED - EXPLAIN IN NARRATIVE,39.27776207,-86.52305478
10,2,2300.0,1-Car,Non-incapacitating,ANIMAL/OBJECT IN ROADWAY,39.27358145,-86.558112
6,6,1300.0,2-Car,No injury/unknown,,39.273216,-86.5339741
5,1,1000.0,Moped/Motorcycle,Non-incapacitating,RAN OFF ROAD RIGHT,39.272208,-86.41408
10,6,1300.0,2-Car,No injury/unknown,OTHER (DRIVER) - EXPLAIN IN NARRATIVE,39.2707465,-86.576001
10,3,1600.0,2-Car,Non-incapacitating,OTHER (DRIVER) - EXPLAIN IN NARRATIVE,39.27054496,-86.599199
2,6,1500.0,2-Car,Non-incapacitating,FOLLOWING TOO CLOSELY,39.26989431,-86.66904296
10,4,1000.0,2-Car,Non-incapacitating,FOLLOWING TOO CLOSELY,39.26891991,-86.52287428
12,5,1500.0,2-Car,No injury/unknown,RAN OFF ROAD LEFT,39.26891991,-86.52287428
3,5,0.0,2-Car,No injury/unknown,OTHER (DRIVER) - EXPLAIN IN NARRATIVE,39.26891991,-86.52287428
2,3,1100.0,2-Car,No injury/unknown,FOLLOWING TOO CLOSELY,39.26891991,-86.52287428
9,1,800.0,1-Car,No injury/unknown,RAN OFF ROAD RIGHT,39.26891991,-86.52287428
11,6,600.0,1-Car,No injury/unknown,ANIMAL/OBJECT IN ROADWAY,39.26845169,-86.66746021
5,4,1400.0,2-Car,No injury/unknown,OTHER (DRIVER) - EXPLAIN IN NARRATIVE,39.26727458,-86.66617559
6,1,1900.0,2-Car,Non-incapacitating,FAILURE TO YIELD RIGHT OF WAY,39.26727447,-86.527584
12,7,1300.0,2-Car,No injury/unknown,LEFT OF CENTER,39.26708537,-86.47883426
2,7,1500.0,1-Car,Non-incapacitating,DRIVER ILLNESS,39.26698316,-86.52278847
2,2,2100.0,1-Car,Non-incapacitating,SPEED TOO FAST FOR WEATHER CONDITIONS,39.266864,-86.620704
7,7,1200.0,2-Car,No injury/unknown,OVERCORRECTING/OVERSTEERING,39.266864,-86.620704
3,2,1600.0,2-Car,No injury/unknown,FOLLOWING TOO CLOSELY,39.266752,-86.6656
12,7,1300.0,2-Car,No injury/unknown,RAN OFF ROAD RIGHT,39.266752,-86.6656
12,7,1000.0,2-Car,No injury/unknown,DISREGARD SIGNAL/REG SIGN,39.26616,-86.522752
4,6,200.0,2-Car,Non-incapacitating,ALCOHOLIC BEVERAGES,39.26616,-86.522752
1,7,800.0,1-Car,No injury/unknown,RAN OFF ROAD RIGHT,39.26609202,-86.66496262
11,4,1000.0,1-Car,No injury/unknown,OVERCORRECTING/OVERSTEERING,39.266,-86.501008
1,4,900.0,2-Car,Non-incapacitating,DRIVER ASLEEP OR FATIGUED,39.26561112,-86.5227324
8,1,2200.0,2-Car,Non-incapacitating,VIOLATION OF LICENSE RESTRICTION,39.263024,-86.52264
4,2,1600.0,2-Car,No injury/unknown,DRIVER DISTRACTED - EXPLAIN IN NARRATIVE,39.263024,-86.52264
3,5,2000.0,1-Car,No injury/unknown,OVERCORRECTING/OVERSTEERING,39.26288679,-86.52263451
5,7,1000.0,2-Car,No injury/unknown,UNSAFE BACKING,39.26182047,-86.481098
4,6,2100.0,2-Car,No injury/unknown,FAILURE TO YIELD RIGHT OF WAY,39.26076444,-86.52327102
6,3,1600.0,2-Car,No injury/unknown,IMPROPER TURNING,39.26,-86.522756
4,1,1400.0,2-Car,No injury/unknown,FAILURE TO YIELD RIGHT OF WAY,39.259744,-86.657504
7,3,700.0,2-Car,Non-incapacitating,LEFT OF CENTER,39.259744,-86.657504
6,7,600.0,2-Car,Non-incapacitating,DRIVER ASLEEP OR FATIGUED,39.259744,-86.657504
1,5,1800.0,2-Car,Non-incapacitating,LEFT OF CENTER,39.25958926,-86.6576158
5,6,2000.0,3+ Cars,Non-incapacitating,UNSAFE SPEED,39.25958926,-86.65758113
2,7,1000.0,1-Car,Non-incapacitating,ROADWAY SURFACE CONDITION,39.25889247,-86.50762938
5,3,100.0,1-Car,No injury/unknown,ANIMAL/OBJECT IN ROADWAY,39.25794097,-86.52503969
9,5,1300.0,Moped/Motorcycle,Non-incapacitating,OTHER (DRIVER) - EXPLAIN IN NARRATIVE,39.256512,-86.525936
11,7,1000.0,2-Car,Non-incapacitating,FAILURE TO YIELD RIGHT OF WAY,39.255568,-86.469632
1,7,700.0,1-Car,No injury/unknown,RAN OFF ROAD RIGHT,39.25501314,-86.6551696
7,3,200.0,1-Car,No injury/unknown,LEFT OF CENTER,39.25457594,-86.59079034
4,4,2000.0,1-Car,Non-incapacitating,ALCOHOLIC BEVERAGES,39.25260133,-86.46985833
1,6,1100.0,1-Car,No injury/unknown,SPEED TOO FAST FOR WEATHER CONDITIONS,39.2524,-86.63455568
2,7,600.0,1-Car,No injury/unknown,OTHER (DRIVER) - EXPLAIN IN NARRATIVE,39.252336,-86.620512
9,6,300.0,1-Car,No injury/unknown,RAN OFF ROAD RIGHT,39.25228958,-86.49855384
10,2,1600.0,2-Car,No injury/unknown,IMPROPER PASSING,39.251904,-86.592816
12,5,1400.0,1-Car,No injury/unknown,UNSAFE SPEED,39.251648,-86.529056
6,4,1800.0,1-Car,Non-incapacitating,UNSAFE SPEED,39.251648,-86.529056
9,5,1100.0,1-Car,No injury/unknown,,39.251648,-86.529056
12,6,900.0,1-Car,Non-incapacitating,ROADWAY SURFACE CONDITION,39.251648,-86.39552024
8,4,1300.0,1-Car,No injury/unknown,RAN OFF ROAD RIGHT,39.2516,-86.3948422
5,2,1400.0,1-Car,Non-incapacitating,OVERCORRECTING/OVERSTEERING,39.251296,-86.500832
7,5,1200.0,1-Car,Non-incapacitating,RAN OFF ROAD RIGHT,39.251296,-86.500832
10,6,2000.0,2-Car,No injury/unknown,IMPROPER TURNING,39.251296,-86.500832
12,3,1800.0,2-Car,Non-incapacitating,FAILURE TO YIELD RIGHT OF WAY,39.2512,-86.652504
5,4,800.0,1-Car,No injury/unknown,RAN OFF ROAD RIGHT,39.251056,-86.469904
12,7,1700.0,1-Car,No injury/unknown,OTHER (DRIVER) - EXPLAIN IN NARRATIVE,39.25096944,-86.51702267
12,2,1200.0,2-Car,No injury/unknown,DISREGARD SIGNAL/REG SIGN,39.250688,-86.529744
9,5,0.0,1-Car,No injury/unknown,SPEED TOO FAST FOR WEATHER CONDITIONS,39.250688,-86.529744
2,4,100.0,1-Car,No injury/unknown,SPEED TOO FAST FOR WEATHER CONDITIONS,39.250688,-86.529744
4,7,400.0,2-Car,No injury/unknown,LEFT OF CENTER,39.250688,-86.529744
3,6,1500.0,1-Car,Non-incapacitating,OTHER (DRIVER) - EXPLAIN IN NARRATIVE,39.250688,-86.529744
8,6,700.0,1-Car,No injury/unknown,RAN OFF ROAD RIGHT,39.25002006,-86.62164804
2,5,100.0,1-Car,No injury/unknown,ANIMAL/OBJECT IN ROADWAY,39.24938236,-86.46415529
12,6,800.0,1-Car,No injury/unknown,RAN OFF ROAD RIGHT,39.2488126,-86.54781726
3,7,500.0,1-Car,No injury/unknown,UNSAFE SPEED,39.24870777,-86.64877853
10,6,1900.0,1-Car,No injury/unknown,ANIMAL/OBJECT IN ROADWAY,39.24752626,-86.53200733
7,7,300.0,1-Car,Non-incapacitating,RAN OFF ROAD RIGHT,39.24744,-86.547792
5,3,200.0,1-Car,Non-incapacitating,RAN OFF ROAD LEFT,39.24712598,-86.48183876
1,7,1500.0,1-Car,No injury/unknown,RAN OFF ROAD RIGHT,39.24698458,-86.43117292
12,1,200.0,3+ Cars,No injury/unknown,SPEED TOO FAST FOR WEATHER CONDITIONS,39.24667906,-86.55574397
1,1,1100.0,1-Car,No injury/unknown,OTHER (DRIVER) - EXPLAIN IN NARRATIVE,39.245408,-86.6204
3,6,1600.0,2-Car,No injury/unknown,FAILURE TO YIELD RIGHT OF WAY,39.245408,-86.6204
1,3,1400.0,2-Car,Non-incapacitating,UNSAFE SPEED,39.24407179,-86.62075212
6,6,1600.0,1-Car,Non-incapacitating,UNSAFE SPEED,39.2438,-86.44532684
12,5,500.0,1-Car,Non-incapacitating,DRIVER ASLEEP OR FATIGUED,39.24287695,-86.54523558
7,4,700.0,2-Car,Non-incapacitating,OTHER (DRIVER) - EXPLAIN IN NARRATIVE,39.24104,-86.632096
11,4,700.0,Bus,No injury/unknown,OTHER (DRIVER) - EXPLAIN IN NARRATIVE,39.24104,-86.632096
10,2,700.0,Bus,Non-incapacitating,LEFT OF CENTER,39.24104,-86.632096
6,3,1100.0,2-Car,Non-incapacitating,UNSAFE SPEED,39.24068637,-86.570994
12,2,1300.0,1-Car,No injury/unknown,RAN OFF ROAD RIGHT,39.24015413,-86.45973094
4,4,1100.0,2-Car,No injury/unknown,FAILURE TO YIELD RIGHT OF WAY,39.238848,-86.630096
12,3,1500.0,1-Car,No injury/unknown,UNSAFE SPEED,39.23784,-86.64
12,1,1800.0,1-Car,No injury/unknown,ROADWAY SURFACE CONDITION,39.2376,-86.60240233
8,3,1400.0,2-Car,Non-incapacitating,IMPROPER LANE USAGE,39.236288,-86.628336
5,2,1400.0,3+ Cars,Non-incapacitating,FOLLOWING TOO CLOSELY,39.236288,-86.628336
12,3,700.0,Bus,Non-incapacitating,OTHER (DRIVER) - EXPLAIN IN NARRATIVE,39.236288,-86.628336
4,6,1500.0,2-Car,No injury/unknown,IMPROPER TURNING,39.235376,-86.627168
9,7,1900.0,1-Car,No injury/unknown,RAN OFF ROAD RIGHT,39.23514903,-86.436288
8,4,1700.0,2-Car,Non-incapacitating,DISREGARD SIGNAL/REG SIGN,39.234768,-86.626384
5,7,1600.0,2-Car,Non-incapacitating,IMPROPER TURNING,39.234768,-86.626384
1,4,1500.0,2-Car,Non-incapacitating,FAILURE TO YIELD RIGHT OF WAY,39.234768,-86.626384
3,3,700.0,2-Car,Non-incapacitating,FAILURE TO YIELD RIGHT OF WAY,39.234768,-86.626384
8,5,1900.0,2-Car,No injury/unknown,FAILURE TO YIELD RIGHT OF WAY,39.234768,-86.626384
1,3,700.0,2-Car,No injury/unknown,FAILURE TO YIELD RIGHT OF WAY,39.234768,-86.626384
1,4,1400.0,2-Car,Non-incapacitating,FAILURE TO YIELD RIGHT OF WAY,39.23452716,-86.6260679
9,3,1500.0,2-Car,No injury/unknown,FAILURE TO YIELD RIGHT OF WAY,39.234384,-86.624064
3,4,1700.0,2-Car,No injury/unknown,IMPROPER LANE USAGE,39.23424613,-86.62422621
11,3,1300.0,2-Car,Non-incapacitating,OTHER (DRIVER) - EXPLAIN IN NARRATIVE,39.23399187,-86.62508999
9,7,1200.0,2-Car,No injury/unknown,FAILURE TO YIELD RIGHT OF WAY,39.23396448,-86.62502038
11,5,1500.0,2-Car,Non-incapacitating,IMPROPER TURNING,39.23384,-86.624704
11,5,1800.0,2-Car,Non-incapacitating,OTHER (DRIVER) - EXPLAIN IN NARRATIVE,39.23384,-86.624704
4,4,1400.0,2-Car,No injury/unknown,FAILURE TO YIELD RIGHT OF WAY,39.23384,-86.624704
6,1,1600.0,2-Car,Non-incapacitating,DISREGARD SIGNAL/REG SIGN,39.23384,-86.624704
1,3,900.0,2-Car,No injury/unknown,FAILURE TO YIELD RIGHT OF WAY,39.23384,-86.624704
11,2,2000.0,1-Car,No injury/unknown,RAN OFF ROAD RIGHT,39.23384,-86.624704
6,6,800.0,1-Car,Non-incapacitating,RAN OFF ROAD RIGHT,39.2338,-86.504499
9,1,1400.0,1-Car,Non-incapacitating,SPEED TOO FAST FOR WEATHER CONDITIONS,39.233744,-86.436288
11,7,1400.0,2-Car,Non-incapacitating,IMPROPER TURNING,39.23365728,-86.62443906
5,4,2100.0,2-Car,Non-incapacitating,IMPROPER TURNING,39.23365728,-86.62443906
12,6,1700.0,2-Car,No injury/unknown,FAILURE TO YIELD RIGHT OF WAY,39.2336343,-86.62493909
1,7,1500.0,2-Car,No injury/unknown,UNSAFE BACKING,39.23355055,-86.576399
8,5,600.0,2-Car,Non-incapacitating,DRIVER ASLEEP OR FATIGUED,39.23288663,-86.54219875
2,7,200.0,1-Car,No injury/unknown,UNSAFE SPEED,39.232688,-86.623056
11,1,300.0,2-Car,Non-incapacitating,IMPROPER PASSING,39.232544,-86.540704
1,2,1900.0,2-Car,No injury/unknown,UNSAFE BACKING,39.232544,-86.540704
7,5,1900.0,1-Car,Non-incapacitating,FAILURE TO YIELD RIGHT OF WAY,39.232544,-86.540704
1,7,300.0,2-Car,No injury/unknown,OTHER (DRIVER) - EXPLAIN IN NARRATIVE,39.232544,-86.540704
2,3,1400.0,2-Car,Non-incapacitating,OTHER (DRIVER) - EXPLAIN IN NARRATIVE,39.23224953,-86.62243764
7,3,800.0,2-Car,Non-incapacitating,FAILURE TO YIELD RIGHT OF WAY,39.232064,-86.622176
12,3,800.0,2-Car,No injury/unknown,FAILURE TO YIELD RIGHT OF WAY,39.232048,-86.627296
7,7,1200.0,2-Car,No injury/unknown,FAILURE TO YIELD RIGHT OF WAY,39.232032,-86.623808
11,6,800.0,2-Car,Non-incapacitating,OTHER (DRIVER) - EXPLAIN IN NARRATIVE,39.231843,-86.627906
12,3,1500.0,1-Car,No injury/unknown,DRIVER ILLNESS,39.23159979,-86.66589855
12,2,1200.0,2-Car,No injury/unknown,FAILURE TO YIELD RIGHT OF WAY,39.231536,-86.6588
12,1,1500.0,1-Car,Non-incapacitating,SPEED TOO FAST FOR WEATHER CONDITIONS,39.23151092,-86.65525063
5,6,1600.0,1-Car,No injury/unknown,RAN OFF ROAD RIGHT,39.23149886,-86.65354948
8,6,700.0,2-Car,Non-incapacitating,DISREGARD SIGNAL/REG SIGN,39.231424,-86.622944
6,1,600.0,1-Car,No injury/unknown,DRIVER ASLEEP OR FATIGUED,39.23140954,-86.6436445
7,3,1200.0,2-Car,Non-incapacitating,FAILURE TO YIELD RIGHT OF WAY,39.231312,-86.63816
4,5,1500.0,1-Car,Non-incapacitating,OTHER (DRIVER) - EXPLAIN IN NARRATIVE,39.23124,-86.505544
3,7,1700.0,2-Car,No injury/unknown,FAILURE TO YIELD RIGHT OF WAY,39.231152,-86.6308
2,5,700.0,2-Car,Non-incapacitating,ROADWAY SURFACE CONDITION,39.23087948,-86.63075697
4,6,2200.0,1-Car,Non-incapacitating,UNSAFE SPEED,39.23084122,-86.4302342
1,1,1600.0,3+ Cars,Non-incapacitating,IMPROPER PASSING,39.23076441,-86.42232134
12,6,1700.0,2-Car,Non-incapacitating,ALCOHOLIC BEVERAGES,39.230752,-86.424096
10,2,1800.0,1-Car,No injury/unknown,ANIMAL/OBJECT IN ROADWAY,39.230752,-86.424096
8,2,1400.0,1-Car,Non-incapacitating,RAN OFF ROAD RIGHT,39.230752,-86.424096
5,4,400.0,1-Car,Non-incapacitating,ALCOHOLIC BEVERAGES,39.230752,-86.424096
6,7,0.0,1-Car,Non-incapacitating,ALCOHOLIC BEVERAGES,39.230752,-86.424096
2,5,1700.0,2-Car,Non-incapacitating,FAILURE TO YIELD RIGHT OF WAY,39.230701,-86.623697
10,7,1700.0,2-Car,No injury/unknown,UNSAFE BACKING,39.23036765,-86.49494067
12,4,1500.0,2-Car,No injury/unknown,FOLLOWING TOO CLOSELY,39.23022198,-86.41787626
8,7,1900.0,2-Car,Non-incapacitating,IMPROPER TURNING,39.23018272,-86.61952794
2,5,1500.0,1-Car,Non-incapacitating,RAN OFF ROAD RIGHT,39.23014185,-86.43147049
11,1,0.0,1-Car,Non-incapacitating,ANIMAL/OBJECT IN ROADWAY,39.23006285,-86.63061846
9,5,1500.0,2-Car,No injury/unknown,FAILURE TO YIELD RIGHT OF WAY,39.230048,-86.4316
3,5,100.0,1-Car,Non-incapacitating,CELL PHONE USAGE,39.230048,-86.4316
10,7,1300.0,Moped/Motorcycle,Non-incapacitating,RAN OFF ROAD RIGHT,39.229952,-86.416096
10,1,1700.0,1-Car,No injury/unknown,TIRE FAILURE OR DEFECTIVE,39.229952,-86.636784
1,7,800.0,1-Car,No injury/unknown,SPEED TOO FAST FOR WEATHER CONDITIONS,39.229952,-86.416096
1,5,1900.0,1-Car,Non-incapacitating,UNSAFE BACKING,39.22995011,-86.41606059
1,2,800.0,1-Car,Non-incapacitating,FAILURE TO YIELD RIGHT OF WAY,39.229904,-86.619136
10,2,800.0,1-Car,Non-incapacitating,OVERCORRECTING/OVERSTEERING,39.229896,-86.473096
9,5,1400.0,1-Car,No injury/unknown,DRIVER ASLEEP OR FATIGUED,39.229872,-86.635728
2,4,1400.0,2-Car,No injury/unknown,RAN OFF ROAD RIGHT,39.229792,-86.626464
3,6,500.0,2-Car,Non-incapacitating,FAILURE TO YIELD RIGHT OF WAY,39.229424,-86.623584
2,5,700.0,1-Car,Non-incapacitating,ROADWAY SURFACE CONDITION,39.229368,-86.626984
12,5,1700.0,2-Car,No injury/unknown,SPEED TOO FAST FOR WEATHER CONDITIONS,39.22917232,-86.528699
11,1,2000.0,1-Car,Non-incapacitating,ROADWAY SURFACE CONDITION,39.22917232,-86.528699
11,4,1700.0,2-Car,No injury/unknown,OTHER (DRIVER) - EXPLAIN IN NARRATIVE,39.22518261,-86.509699
4,7,1500.0,1-Car,Non-incapacitating,OVERCORRECTING/OVERSTEERING,39.2248864,-86.38291191
4,2,700.0,1-Car,Non-incapacitating,DRIVER ILLNESS,39.22465979,-86.63051271
10,6,2100.0,2-Car,Non-incapacitating,LEFT OF CENTER,39.22429982,-86.6305083
3,6,600.0,1-Car,No injury/unknown,OTHER (DRIVER) - EXPLAIN IN NARRATIVE,39.22304,-86.569696
10,2,1400.0,2-Car,Non-incapacitating,LEFT OF CENTER,39.222848,-86.592704
1,2,1900.0,1-Car,Non-incapacitating,UNSAFE SPEED,39.222752,-86.550096
3,5,1800.0,2-Car,No injury/unknown,UNSAFE BACKING,39.222752,-86.550096
1,3,2100.0,2-Car,No injury/unknown,UNSAFE BACKING,39.222752,-86.550096
4,2,1600.0,2-Car,No injury/unknown,FAILURE TO YIELD RIGHT OF WAY,39.222752,-86.550096
3,7,2000.0,2-Car,No injury/unknown,UNSAFE BACKING,39.222752,-86.550096
1,1,2000.0,2-Car,No injury/unknown,OTHER (DRIVER) - EXPLAIN IN NARRATIVE,39.222752,-86.550096
12,1,1600.0,2-Car,Non-incapacitating,SPEED TOO FAST FOR WEATHER CONDITIONS,39.22250814,-86.61418523
2,6,1600.0,2-Car,No injury/unknown,FAILURE TO YIELD RIGHT OF WAY,39.222352,-86.683904
12,1,1300.0,2-Car,No injury/unknown,ROADWAY SURFACE CONDITION,39.22216,-86.517408
6,1,1200.0,1-Car,No injury/unknown,UNSAFE SPEED,39.22185259,-86.44175187
9,5,1400.0,2-Car,No injury/unknown,FOLLOWING TOO CLOSELY,39.22181673,-86.60673001
11,4,1400.0,2-Car,Non-incapacitating,FOLLOWING TOO CLOSELY,39.22165055,-86.60644751
9,4,1700.0,2-Car,No injury/unknown,UNSAFE BACKING,39.22147531,-86.63046475
11,6,1600.0,2-Car,Non-incapacitating,FAILURE TO YIELD RIGHT OF WAY,39.221152,-86.6056
6,3,1900.0,Bus,Non-incapacitating,FAILURE TO YIELD RIGHT OF WAY,39.221152,-86.6056
10,3,1700.0,2-Car,Non-incapacitating,FOLLOWING TOO CLOSELY,39.22101096,-86.60540607
12,5,1500.0,2-Car,No injury/unknown,SPEED TOO FAST FOR WEATHER CONDITIONS,39.22076685,-86.55032316
2,4,,1-Car,Non-incapacitating,OTHER (ENVIRONMENTAL) - EXPLAIN IN NARR,39.22064869,-86.44224511
6,2,1100.0,1-Car,Non-incapacitating,RAN OFF ROAD RIGHT,39.22030985,-86.63045061
5,6,1600.0,2-Car,No injury/unknown,OTHER (DRIVER) - EXPLAIN IN NARRATIVE,39.22026451,-86.57288679
8,4,1900.0,2-Car,Non-incapacitating,FAILURE TO YIELD RIGHT OF WAY,39.22026213,-86.60427813
3,5,2200.0,2-Car,Non-incapacitating,PRESCRIPTION DRUGS,39.22002986,-86.55081813
1,1,1700.0,1-Car,No injury/unknown,RAN OFF ROAD RIGHT,39.21972872,-86.56545757
10,1,1800.0,2-Car,Non-incapacitating,FAILURE TO YIELD RIGHT OF WAY,39.219152,-86.602304
6,4,500.0,1-Car,No injury/unknown,UNSAFE SPEED,39.21904,-86.472896
8,4,1200.0,2-Car,Non-incapacitating,OTHER (DRIVER) - EXPLAIN IN NARRATIVE,39.21898521,-86.60202211
8,3,1400.0,2-Car,No injury/unknown,LEFT OF CENTER,39.21869801,-86.592772
6,2,1400.0,1-Car,No injury/unknown,HOLES/RUTS IN SURFACE,39.21820264,-86.55204527
6,2,2100.0,1-Car,Non-incapacitating,ANIMAL/OBJECT IN ROADWAY,39.21768792,-86.5348
4,7,1600.0,2-Car,Non-incapacitating,FAILURE TO YIELD RIGHT OF WAY,39.217248,-86.598992
2,3,2000.0,2-Car,No injury/unknown,UNSAFE BACKING,39.21558871,-86.59410239
10,6,1900.0,Moped/Motorcycle,Non-incapacitating,RAN OFF ROAD RIGHT,39.21544,-86.54154913
10,4,1800.0,1-Car,Non-incapacitating,PRESCRIPTION DRUGS,39.21544,-86.547504
7,6,1700.0,1-Car,No injury/unknown,OTHER (DRIVER) - EXPLAIN IN NARRATIVE,39.2154025,-86.45537919
10,2,1700.0,2-Car,Non-incapacitating,DRIVER DISTRACTED - EXPLAIN IN NARRATIVE,39.21526236,-86.59312494
7,4,1700.0,2-Car,No injury/unknown,FOLLOWING TOO CLOSELY,39.21520718,-86.59296247
6,4,800.0,2-Car,No injury/unknown,IMPROPER LANE USAGE,39.21519063,-86.59291373
3,3,800.0,1-Car,No injury/unknown,ROADWAY SURFACE CONDITION,39.2151862,-86.63043113
3,7,1600.0,3+ Cars,Non-incapacitating,ALCOHOLIC BEVERAGES,39.215152,-86.5928
10,3,1900.0,2-Car,Non-incapacitating,FOLLOWING TOO CLOSELY,39.215152,-86.5928
10,4,1600.0,Moped/Motorcycle,Incapacitating,NONE (ENVIRONMENTAL),39.215152,-86.5928
11,6,1500.0,2-Car,Non-incapacitating,OTHER (DRIVER) - EXPLAIN IN NARRATIVE,39.215152,-86.5928
3,2,1500.0,2-Car,No injury/unknown,FAILURE TO YIELD RIGHT OF WAY,39.215152,-86.5928
8,1,1800.0,2-Car,Non-incapacitating,FAILURE TO YIELD RIGHT OF WAY,39.215152,-86.5928
1,7,1100.0,2-Car,No injury/unknown,DRIVER DISTRACTED - EXPLAIN IN NARRATIVE,39.215152,-86.5928
6,3,0.0,2-Car,No injury/unknown,FAILURE TO YIELD RIGHT OF WAY,39.215152,-86.5928
8,5,1500.0,2-Car,No injury/unknown,FAILURE TO YIELD RIGHT OF WAY,39.215152,-86.5928
6,7,1200.0,2-Car,Non-incapacitating,DISREGARD SIGNAL/REG SIGN,39.215152,-86.5928
3,3,1500.0,2-Car,No injury/unknown,UNSAFE BACKING,39.215152,-86.5928
6,5,1700.0,3+ Cars,No injury/unknown,OTHER (DRIVER) - EXPLAIN IN NARRATIVE,39.21509467,-86.59272356
8,2,1600.0,2-Car,No injury/unknown,UNSAFE BACKING,39.214944,-86.683808
11,4,1800.0,2-Car,Non-incapacitating,FAILURE TO YIELD RIGHT OF WAY,39.21486755,-86.59241512
2,2,100.0,1-Car,Non-incapacitating,UNSAFE SPEED,39.21475201,-86.47679427
10,5,1400.0,1-Car,Non-incapacitating,,39.214752,-86.477504
8,4,1400.0,2-Car,No injury/unknown,FAILURE TO YIELD RIGHT OF WAY,39.21468087,-86.5921549
4,1,1200.0,2-Car,Non-incapacitating,FAILURE TO YIELD RIGHT OF WAY,39.21435974,-86.58177286
2,1,1800.0,2-Car,No injury/unknown,FOLLOWING TOO CLOSELY,39.21421419,-86.59150436
1,5,1800.0,1-Car,No injury/unknown,ROADWAY SURFACE CONDITION,39.21408515,-86.47963809
4,4,900.0,2-Car,No injury/unknown,UNSAFE BACKING,39.213488,-86.49968
5,3,1000.0,2-Car,No injury/unknown,UNSAFE BACKING,39.21296058,-86.59802209
5,3,600.0,1-Car,No injury/unknown,OTHER (DRIVER) - EXPLAIN IN NARRATIVE,39.21253917,-86.63043113
1,7,900.0,1-Car,No injury/unknown,SPEED TOO FAST FOR WEATHER CONDITIONS,39.212528,-86.496128
12,3,1400.0,1-Car,No injury/unknown,SPEED TOO FAST FOR WEATHER CONDITIONS,39.21250976,-86.621599
2,5,700.0,2-Car,No injury/unknown,FAILURE TO YIELD RIGHT OF WAY,39.212048,-86.5872
4,2,1400.0,1-Car,Non-incapacitating,DRIVER ILLNESS,39.212016,-86.59872
2,6,1000.0,2-Car,No injury/unknown,UNSAFE BACKING,39.2117563,-86.577099
12,4,2200.0,2-Car,No injury/unknown,FAILURE TO YIELD RIGHT OF WAY,39.21144,-86.527392
1,3,1500.0,2-Car,Non-incapacitating,FAILURE TO YIELD RIGHT OF WAY,39.2111627,-86.496099
7,6,1600.0,2-Car,No injury/unknown,OTHER (DRIVER) - EXPLAIN IN NARRATIVE,39.21047499,-86.58376626
11,7,1700.0,2-Car,Non-incapacitating,UNSAFE BACKING,39.21047499,-86.58376626
2,6,1600.0,2-Car,No injury/unknown,FOLLOWING TOO CLOSELY,39.21047499,-86.58376626
9,2,800.0,2-Car,Non-incapacitating,FOLLOWING TOO CLOSELY,39.2103095,-86.58348313
1,5,700.0,2-Car,No injury/unknown,OTHER (DRIVER) - EXPLAIN IN NARRATIVE,39.21026812,-86.58341235
3,3,900.0,2-Car,No injury/unknown,ROADWAY SURFACE CONDITION,39.21024,-86.560992
10,5,800.0,2-Car,Non-incapacitating,FOLLOWING TOO CLOSELY,39.21022675,-86.58334157
11,2,1500.0,2-Car,No injury/unknown,FOLLOWING TOO CLOSELY,39.210144,-86.5832
10,2,1700.0,2-Car,Non-incapacitating,FAILURE TO YIELD RIGHT OF WAY,39.210144,-86.5832
8,6,1900.0,2-Car,No injury/unknown,DRIVER DISTRACTED - EXPLAIN IN NARRATIVE,39.210144,-86.5832
8,2,1300.0,3+ Cars,No injury/unknown,OTHER (DRIVER) - EXPLAIN IN NARRATIVE,39.2099611,-86.58266685
7,4,2100.0,2-Car,Non-incapacitating,DRIVER ASLEEP OR FATIGUED,39.209952,-86.463392
7,1,1400.0,1-Car,Non-incapacitating,ALCOHOLIC BEVERAGES,39.209952,-86.463392
12,7,1400.0,2-Car,No injury/unknown,FAILURE TO YIELD RIGHT OF WAY,39.209952,-86.463392
6,1,1300.0,Moped/Motorcycle,Non-incapacitating,OTHER (DRIVER) - EXPLAIN IN NARRATIVE,39.20992145,-86.58284848
6,4,800.0,2-Car,No injury/unknown,NONE (DRIVER),39.20970565,-86.58251742
6,4,1100.0,2-Car,No injury/unknown,FAILURE TO YIELD RIGHT OF WAY,39.20912905,-86.58164663
11,4,1600.0,2-Car,No injury/unknown,BRAKE FAILURE OR DEFECTIVE,39.20904,-86.611504
3,3,800.0,1-Car,Non-incapacitating,OTHER (DRIVER) - EXPLAIN IN NARRATIVE,39.208544,-86.611504
7,5,1500.0,2-Car,No injury/unknown,FAILURE TO YIELD RIGHT OF WAY,39.20824,-86.554704
8,2,1600.0,2-Car,No injury/unknown,IMPROPER LANE USAGE,39.20824,-86.580208
8,4,1400.0,2-Car,Non-incapacitating,FOLLOWING TOO CLOSELY,39.20824,-86.580208
2,4,1400.0,2-Car,No injury/unknown,FAILURE TO YIELD RIGHT OF WAY,39.20824,-86.554704
6,3,900.0,Moped/Motorcycle,No injury/unknown,DRIVER DISTRACTED - EXPLAIN IN NARRATIVE,39.20824,-86.580208
8,4,1400.0,3+ Cars,Incapacitating,FAILURE TO YIELD RIGHT OF WAY,39.20824,-86.554704