Month,Day,Hour,Collision Type,Injury Type,Primary Factor,Latitude,Longitude
9,5,700.0,2-Car,No injury/unknown,FOLLOWING TOO CLOSELY,39.20824,-86.554704
10,3,2000.0,1-Car,No injury/unknown,ANIMAL/OBJECT IN ROADWAY,39.20822627,-86.57994247
4,4,1800.0,2-Car,No injury/unknown,IMPROPER TURNING,39.208144,-86.5832
1,2,1600.0,2-Car,Non-incapacitating,FOLLOWING TOO CLOSELY,39.208144,-86.5832
11,2,1500.0,2-Car,No injury/unknown,FOLLOWING TOO CLOSELY,39.208144,-86.5832
2,3,700.0,2-Car,No injury/unknown,OTHER (DRIVER) - EXPLAIN IN NARRATIVE,39.208144,-86.5832
1,6,1500.0,2-Car,Non-incapacitating,FOLLOWING TOO CLOSELY,39.20807484,-86.57701482
12,3,1800.0,2-Car,Non-incapacitating,OTHER (DRIVER) - EXPLAIN IN NARRATIVE,39.208,-86.528699
10,6,2300.0,1-Car,No injury/unknown,ANIMAL/OBJECT IN ROADWAY,39.2078,-86.532599
9,6,1100.0,2-Car,No injury/unknown,UNSAFE BACKING,39.20779023,-86.5747534
8,3,1600.0,1-Car,No injury/unknown,RAN OFF ROAD RIGHT,39.207648,-86.423696
5,5,1500.0,2-Car,Non-incapacitating,FAILURE TO YIELD RIGHT OF WAY,39.207648,-86.573792
11,3,700.0,2-Car,No injury/unknown,ROADWAY SURFACE CONDITION,39.2071,-86.53481631
10,3,1200.0,2-Car,No injury/unknown,CELL PHONE USAGE,39.20704,-86.534704
7,7,900.0,2-Car,No injury/unknown,LEFT OF CENTER,39.20640884,-86.55744022
9,3,1000.0,2-Car,No injury/unknown,LEFT OF CENTER,39.206352,-86.557696
5,5,2000.0,1-Car,No injury/unknown,ANIMAL/OBJECT IN ROADWAY,39.20631818,-86.55469013
12,4,2100.0,2-Car,No injury/unknown,OTHER (DRIVER) - EXPLAIN IN NARRATIVE,39.206312,-86.571312
1,4,1600.0,2-Car,No injury/unknown,UNSAFE BACKING,39.206312,-86.571312
5,7,1600.0,2-Car,Fatal,DISREGARD SIGNAL/REG SIGN,39.206312,-86.571312
4,5,1400.0,2-Car,No injury/unknown,OTHER (DRIVER) - EXPLAIN IN NARRATIVE,39.20584,-86.401696
4,1,200.0,1-Car,Non-incapacitating,ALCOHOLIC BEVERAGES,39.20549454,-86.55468419
12,5,,2-Car,No injury/unknown,ROADWAY SURFACE CONDITION,39.204616,-86.55467785
6,4,900.0,2-Car,Non-incapacitating,OTHER (DRIVER) - EXPLAIN IN NARRATIVE,39.20412182,-86.55467428
9,1,0.0,2-Car,No injury/unknown,NONE (DRIVER),39.20388945,-86.509558
3,3,800.0,1-Car,No injury/unknown,ROADWAY SURFACE CONDITION,39.20318384,-86.60338566
10,7,100.0,1-Car,No injury/unknown,RAN OFF ROAD RIGHT,39.20304,-86.547392
3,3,800.0,1-Car,No injury/unknown,ROADWAY SURFACE CONDITION,39.20304,-86.547392
3,3,700.0,2-Car,No injury/unknown,OTHER (DRIVER) - EXPLAIN IN NARRATIVE,39.20304,-86.547392
3,3,800.0,2-Car,No injury/unknown,OTHER (ENVIRONMENTAL) - EXPLAIN IN NARR,39.20304,-86.547392
3,3,700.0,Bus,No injury/unknown,NONE (DRIVER),39.20304,-86.547392
11,4,2000.0,2-Car,No injury/unknown,UNSAFE BACKING,39.20304,-86.547392
12,4,1300.0,2-Car,No injury/unknown,FAILURE TO YIELD RIGHT OF WAY,39.20223295,-86.55379641
2,4,1900.0,2-Car,No injury/unknown,OTHER (DRIVER) - EXPLAIN IN NARRATIVE,39.201952,-86.5288
7,4,1000.0,1-Car,No injury/unknown,RAN OFF ROAD RIGHT,39.201952,-86.5288
1,4,1000.0,1-Car,No injury/unknown,ROADWAY SURFACE CONDITION,39.20171855,-86.60216065
9,3,400.0,1-Car,No injury/unknown,DRIVER ASLEEP OR FATIGUED,39.201488,-86.611408
9,7,1000.0,1-Car,No injury/unknown,UNSAFE SPEED,39.201488,-86.611408
8,7,1600.0,1-Car,Non-incapacitating,OTHER (DRIVER) - EXPLAIN IN NARRATIVE,39.200504,-86.56010233
7,7,1000.0,1-Car,Non-incapacitating,RAN OFF ROAD RIGHT,39.200448,-86.514192
10,2,800.0,1-Car,No injury/unknown,RAN OFF ROAD RIGHT,39.20033481,-86.60100561
3,5,2100.0,1-Car,Non-incapacitating,ALCOHOLIC BEVERAGES,39.20015666,-86.522485
5,4,2000.0,2-Car,No injury/unknown,LEFT OF CENTER,39.200096,-86.537744
9,2,900.0,2-Car,Non-incapacitating,DRIVER DISTRACTED - EXPLAIN IN NARRATIVE,39.200048,-86.5448
5,1,300.0,1-Car,No injury/unknown,RAN OFF ROAD RIGHT,39.19968,-86.55968
12,6,1800.0,1-Car,No injury/unknown,OTHER (VEHICLE) - EXPLAIN IN NARRATIVE,39.1991914,-86.60002682
1,5,1800.0,1-Car,Non-incapacitating,ROADWAY SURFACE CONDITION,39.19850035,-86.55887735
2,1,1400.0,2-Car,No injury/unknown,FAILURE TO YIELD RIGHT OF WAY,39.19846534,-86.55885352
4,5,700.0,1-Car,No injury/unknown,RAN OFF ROAD RIGHT,39.198144,-86.542096
7,7,500.0,1-Car,No injury/unknown,RAN OFF ROAD RIGHT,39.197909,-86.51702267
5,6,1100.0,Moped/Motorcycle,Non-incapacitating,UNSAFE SPEED,39.19760792,-86.46788591
12,6,1800.0,2-Car,No injury/unknown,LEFT OF CENTER,39.19740932,-86.48694471
1,1,2100.0,1-Car,No injury/unknown,ANIMAL/OBJECT IN ROADWAY,39.19688941,-86.55462121
1,5,2000.0,1-Car,No injury/unknown,UNSAFE SPEED,39.19687618,-86.55754056
7,5,2200.0,2-Car,Non-incapacitating,OTHER (DRIVER) - EXPLAIN IN NARRATIVE,39.196848,-86.5344
8,6,1500.0,2-Car,Non-incapacitating,CELL PHONE USAGE,39.196848,-86.5344
3,5,1200.0,2-Car,No injury/unknown,,39.196776,-86.545408
8,1,1400.0,2-Car,No injury/unknown,,39.1966505,-86.53432471
1,6,1600.0,1-Car,No injury/unknown,OTHER (DRIVER) - EXPLAIN IN NARRATIVE,39.19515303,-86.555794
2,7,1400.0,1-Car,Fatal,RAN OFF ROAD RIGHT,39.19515303,-86.555794
6,7,900.0,2-Car,No injury/unknown,OTHER (DRIVER) - EXPLAIN IN NARRATIVE,39.195152,-86.5316
10,3,1700.0,2-Car,Non-incapacitating,FAILURE TO YIELD RIGHT OF WAY,39.19498384,-86.54241208
1,6,0.0,1-Car,No injury/unknown,ROADWAY SURFACE CONDITION,39.19484075,-86.5554471
11,2,2000.0,1-Car,No injury/unknown,RAN OFF ROAD RIGHT,39.19474873,-86.528299
7,2,1900.0,1-Car,No injury/unknown,DRIVER ASLEEP OR FATIGUED,39.19455581,-86.55459638
11,7,1000.0,2-Car,No injury/unknown,FAILURE TO YIELD RIGHT OF WAY,39.19439798,-86.52827882
4,6,900.0,2-Car,No injury/unknown,FOLLOWING TOO CLOSELY,39.19428127,-86.55459346
1,7,500.0,1-Car,No injury/unknown,ROADWAY SURFACE CONDITION,39.19421872,-86.5546837
8,2,1800.0,2-Car,Non-incapacitating,OTHER (DRIVER) - EXPLAIN IN NARRATIVE,39.194144,-86.554592
10,5,1800.0,1-Car,No injury/unknown,,39.194144,-86.554592
5,6,1800.0,2-Car,No injury/unknown,UNSAFE SPEED,39.194144,-86.540992
8,2,1700.0,2-Car,Non-incapacitating,FAILURE TO YIELD RIGHT OF WAY,39.194144,-86.554592
11,4,1000.0,2-Car,No injury/unknown,FAILURE TO YIELD RIGHT OF WAY,39.194144,-86.554592
6,5,1300.0,2-Car,No injury/unknown,FOLLOWING TOO CLOSELY,39.194144,-86.554592
4,6,2100.0,2-Car,No injury/unknown,DRIVER DISTRACTED - EXPLAIN IN NARRATIVE,39.194144,-86.554592
2,4,900.0,2-Car,No injury/unknown,IMPROPER TURNING,39.194144,-86.554592
6,6,2200.0,1-Car,Non-incapacitating,RAN OFF ROAD RIGHT,39.194144,-86.554592
4,5,900.0,1-Car,No injury/unknown,OVERSIZE/OVERWEIGHT LOAD,39.194144,-86.554592
12,2,1400.0,Bus,No injury/unknown,FAILURE TO YIELD RIGHT OF WAY,39.194144,-86.554592
7,4,1600.0,2-Car,No injury/unknown,FAILURE TO YIELD RIGHT OF WAY,39.194102,-86.55458502
5,2,1300.0,2-Car,No injury/unknown,,39.193952,-86.533296
1,5,2100.0,1-Car,Non-incapacitating,OTHER (DRIVER) - EXPLAIN IN NARRATIVE,39.193952,-86.533296
7,4,1100.0,2-Car,Non-incapacitating,BRAKE FAILURE OR DEFECTIVE,39.19377697,-86.57122955
5,5,2100.0,1-Car,No injury/unknown,ANIMAL/OBJECT IN ROADWAY,39.19377697,-86.57114731
8,3,700.0,2-Car,No injury/unknown,ROADWAY SURFACE CONDITION,39.19377697,-86.57123388
1,7,900.0,2-Car,Non-incapacitating,OVERCORRECTING/OVERSTEERING,39.19369367,-86.516399
8,2,1200.0,2-Car,No injury/unknown,OTHER (ENVIRONMENTAL) - EXPLAIN IN NARR,39.1935521,-86.510294
12,1,200.0,1-Car,No injury/unknown,ROADWAY SURFACE CONDITION,39.19276756,-86.55305578
9,1,1300.0,2-Car,No injury/unknown,UNSAFE BACKING,39.19275266,-86.515599
2,7,1500.0,2-Car,No injury/unknown,,39.19275266,-86.513894
12,5,1800.0,1-Car,Non-incapacitating,FAILURE TO YIELD RIGHT OF WAY,39.19263618,-86.516399
7,4,0.0,1-Car,Non-incapacitating,RAN OFF ROAD RIGHT,39.19258513,-86.58765025
10,4,1700.0,2-Car,No injury/unknown,UNSAFE SPEED,39.191768,-86.537701
4,7,2100.0,Moped/Motorcycle,Non-incapacitating,FAILURE TO YIELD RIGHT OF WAY,39.19135705,-86.53291278
10,2,1300.0,2-Car,No injury/unknown,FAILURE TO YIELD RIGHT OF WAY,39.19109284,-86.53773395
9,2,2100.0,1-Car,No injury/unknown,LEFT OF CENTER,39.190672,-86.582992
5,5,700.0,2-Car,No injury/unknown,DRIVER DISTRACTED - EXPLAIN IN NARRATIVE,39.190672,-86.582992
12,2,1500.0,2-Car,No injury/unknown,FAILURE TO YIELD RIGHT OF WAY,39.190672,-86.582992
4,3,1200.0,2-Car,Non-incapacitating,OTHER (DRIVER) - EXPLAIN IN NARRATIVE,39.190544,-86.537712
5,2,1700.0,2-Car,No injury/unknown,UNSAFE BACKING,39.190343,-86.533178
12,5,1600.0,3+ Cars,Non-incapacitating,SPEED TOO FAST FOR WEATHER CONDITIONS,39.19031236,-86.55466428
10,5,1100.0,2-Car,No injury/unknown,FAILURE TO YIELD RIGHT OF WAY,39.190202,-86.582398
12,3,2000.0,2-Car,No injury/unknown,FAILURE TO YIELD RIGHT OF WAY,39.190202,-86.582398
9,7,1400.0,Moped/Motorcycle,Non-incapacitating,FAILURE TO YIELD RIGHT OF WAY,39.189968,-86.533232
2,5,1600.0,2-Car,Non-incapacitating,FAILURE TO YIELD RIGHT OF WAY,39.18986363,-86.63010394
9,5,1400.0,1-Car,Non-incapacitating,ANIMAL/OBJECT IN ROADWAY,39.18984088,-86.58096614
1,7,900.0,Bus,No injury/unknown,ROADWAY SURFACE CONDITION,39.18946372,-86.516399
12,7,1900.0,2-Car,No injury/unknown,UNSAFE BACKING,39.18942433,-86.53338906
12,1,400.0,1-Car,No injury/unknown,RAN OFF ROAD RIGHT,39.1893985,-86.57948178
8,6,800.0,1-Car,Non-incapacitating,RAN OFF ROAD RIGHT,39.189248,-86.660704
7,3,300.0,1-Car,No injury/unknown,RAN OFF ROAD RIGHT,39.18904,-86.630096
8,2,100.0,1-Car,No injury/unknown,RAN OFF ROAD RIGHT,39.188944,-86.5144
8,6,800.0,1-Car,No injury/unknown,RAN OFF ROAD RIGHT,39.18888187,-86.63058732
8,3,1000.0,2-Car,Non-incapacitating,UNSAFE BACKING,39.188832,-86.522848
7,2,1300.0,2-Car,No injury/unknown,UNSAFE BACKING,39.188832,-86.522848
11,1,1500.0,2-Car,Non-incapacitating,FAILURE TO YIELD RIGHT OF WAY,39.188144,-86.5376
10,5,1700.0,2-Car,Non-incapacitating,UNSAFE SPEED,39.1879777,-86.62695204
11,2,2000.0,1-Car,No injury/unknown,ANIMAL/OBJECT IN ROADWAY,39.1878,-86.56634228
7,6,1600.0,1-Car,Non-incapacitating,RAN OFF ROAD RIGHT,39.18777784,-86.512494
6,4,1000.0,1-Car,No injury/unknown,RAN OFF ROAD RIGHT,39.18748439,-86.55515055
7,2,2200.0,2-Car,No injury/unknown,FOLLOWING TOO CLOSELY,39.18747644,-86.55515335
7,1,200.0,2-Car,Non-incapacitating,ALCOHOLIC BEVERAGES,39.187344,-86.5552
9,1,1400.0,2-Car,No injury/unknown,OTHER (DRIVER) - EXPLAIN IN NARRATIVE,39.187344,-86.5552
8,7,1700.0,2-Car,No injury/unknown,FAILURE TO YIELD RIGHT OF WAY,39.187344,-86.5552
1,6,1800.0,2-Car,No injury/unknown,OTHER (DRIVER) - EXPLAIN IN NARRATIVE,39.187344,-86.5552
1,4,700.0,3+ Cars,Non-incapacitating,FOLLOWING TOO CLOSELY,39.187344,-86.5552
6,5,1800.0,2-Car,Non-incapacitating,FOLLOWING TOO CLOSELY,39.187344,-86.5552
7,3,1400.0,2-Car,No injury/unknown,FOLLOWING TOO CLOSELY,39.187344,-86.5552
9,4,800.0,2-Car,No injury/unknown,FAILURE TO YIELD RIGHT OF WAY,39.187344,-86.5552
5,5,1100.0,2-Car,No injury/unknown,IMPROPER PASSING,39.187344,-86.5552
7,5,800.0,2-Car,No injury/unknown,OTHER (DRIVER) - EXPLAIN IN NARRATIVE,39.187344,-86.5552
11,5,1700.0,2-Car,Non-incapacitating,IMPROPER PASSING,39.187344,-86.5552
12,7,1400.0,2-Car,No injury/unknown,FAILURE TO YIELD RIGHT OF WAY,39.187344,-86.5552
10,3,1700.0,Moped/Motorcycle,Non-incapacitating,OTHER (DRIVER) - EXPLAIN IN NARRATIVE,39.187344,-86.5552
10,7,1700.0,3+ Cars,Non-incapacitating,FAILURE TO YIELD RIGHT OF WAY,39.187344,-86.5552
10,1,1500.0,2-Car,No injury/unknown,FOLLOWING TOO CLOSELY,39.187344,-86.5552
5,6,1500.0,2-Car,No injury/unknown,DISREGARD SIGNAL/REG SIGN,39.187344,-86.5552
7,1,1800.0,Moped/Motorcycle,Non-incapacitating,FOLLOWING TOO CLOSELY,39.187344,-86.5552
4,5,800.0,2-Car,Non-incapacitating,OTHER (DRIVER) - EXPLAIN IN NARRATIVE,39.187344,-86.5552
10,1,1900.0,2-Car,Non-incapacitating,FAILURE TO YIELD RIGHT OF WAY,39.187344,-86.5552
6,1,1600.0,2-Car,No injury/unknown,OTHER (DRIVER) - EXPLAIN IN NARRATIVE,39.18734314,-86.55516455
4,6,1800.0,2-Car,No injury/unknown,OTHER (DRIVER) - EXPLAIN IN NARRATIVE,39.18731721,-86.55520777
11,3,1700.0,2-Car,No injury/unknown,FOLLOWING TOO CLOSELY,39.18722521,-86.55210848
9,2,2000.0,2-Car,No injury/unknown,FOLLOWING TOO CLOSELY,39.18721006,-86.55523885
5,2,1600.0,2-Car,No injury/unknown,IMPROPER LANE USAGE,39.18721006,-86.55523885
12,2,1600.0,2-Car,No injury/unknown,OTHER (DRIVER) - EXPLAIN IN NARRATIVE,39.18708766,-86.509878
4,4,1800.0,2-Car,Non-incapacitating,FAILURE TO YIELD RIGHT OF WAY,39.186944,-86.5468
4,6,100.0,2-Car,Non-incapacitating,FAILURE TO YIELD RIGHT OF WAY,39.186944,-86.5468
5,3,1600.0,2-Car,No injury/unknown,IMPROPER TURNING,39.186944,-86.5468
5,6,1700.0,2-Car,No injury/unknown,OTHER (DRIVER) - EXPLAIN IN NARRATIVE,39.18694217,-86.55531654
4,5,1100.0,2-Car,No injury/unknown,FAILURE TO YIELD RIGHT OF WAY,39.18691604,-86.54666569
11,5,900.0,2-Car,No injury/unknown,FAILURE TO YIELD RIGHT OF WAY,39.18684505,-86.4821671
7,2,700.0,2-Car,No injury/unknown,FOLLOWING TOO CLOSELY,39.18683601,-86.5447051
2,2,1800.0,1-Car,No injury/unknown,OVERCORRECTING/OVERSTEERING,39.18680767,-86.55126688
3,5,900.0,2-Car,No injury/unknown,LEFT OF CENTER,39.186752,-86.611504
2,5,900.0,1-Car,No injury/unknown,,39.1867286,-86.48368498
1,5,1800.0,1-Car,No injury/unknown,ROADWAY SURFACE CONDITION,39.18672335,-86.61008558
10,7,1200.0,2-Car,No injury/unknown,IMPROPER LANE USAGE,39.18663289,-86.53430673
7,1,1800.0,2-Car,Non-incapacitating,FAILURE TO YIELD RIGHT OF WAY,39.186604,-86.537699
5,4,800.0,2-Car,No injury/unknown,IMPROPER TURNING,39.18657559,-86.53859628
8,7,700.0,1-Car,No injury/unknown,OVERCORRECTING/OVERSTEERING,39.186544,-86.537888
11,2,1000.0,2-Car,Non-incapacitating,DISREGARD SIGNAL/REG SIGN,39.186544,-86.537888
2,6,100.0,2-Car,No injury/unknown,FOLLOWING TOO CLOSELY,39.186544,-86.537888
10,7,1300.0,2-Car,No injury/unknown,FOLLOWING TOO CLOSELY,39.186544,-86.537888
12,5,1900.0,2-Car,No injury/unknown,FAILURE TO YIELD RIGHT OF WAY,39.186544,-86.537888
1,5,2300.0,2-Car,No injury/unknown,SPEED TOO FAST FOR WEATHER CONDITIONS,39.186544,-86.537888
7,5,800.0,2-Car,No injury/unknown,OTHER (DRIVER) - EXPLAIN IN NARRATIVE,39.186544,-86.537888
8,2,1000.0,2-Car,Non-incapacitating,FAILURE TO YIELD RIGHT OF WAY,39.186544,-86.537888
8,5,700.0,2-Car,Non-incapacitating,DRIVER DISTRACTED - EXPLAIN IN NARRATIVE,39.186544,-86.537888
5,7,1400.0,2-Car,No injury/unknown,UNSAFE SPEED,39.186544,-86.537888
6,2,1400.0,3+ Cars,Non-incapacitating,FOLLOWING TOO CLOSELY,39.186544,-86.537888
1,3,800.0,2-Car,No injury/unknown,OTHER (DRIVER) - EXPLAIN IN NARRATIVE,39.186544,-86.537888
1,3,2200.0,1-Car,No injury/unknown,ALCOHOLIC BEVERAGES,39.186544,-86.537888
5,5,1400.0,2-Car,No injury/unknown,CELL PHONE USAGE,39.186544,-86.537888
9,5,800.0,2-Car,No injury/unknown,FOLLOWING TOO CLOSELY,39.186544,-86.537888
6,3,1200.0,2-Car,Non-incapacitating,DISREGARD SIGNAL/REG SIGN,39.186402,-86.537701
8,4,1400.0,2-Car,Non-incapacitating,FAILURE TO YIELD RIGHT OF WAY,39.186368,-86.5344
10,4,1900.0,2-Car,Non-incapacitating,FAILURE TO YIELD RIGHT OF WAY,39.186368,-86.5344
5,2,2200.0,2-Car,No injury/unknown,FAILURE TO YIELD RIGHT OF WAY,39.186368,-86.5344
3,4,1700.0,2-Car,No injury/unknown,OTHER (DRIVER) - EXPLAIN IN NARRATIVE,39.186368,-86.5344
8,6,1700.0,2-Car,Non-incapacitating,FAILURE TO YIELD RIGHT OF WAY,39.186368,-86.5344
5,6,1600.0,2-Car,No injury/unknown,FOLLOWING TOO CLOSELY,39.186368,-86.5344
1,1,1000.0,2-Car,No injury/unknown,FOLLOWING TOO CLOSELY,39.186368,-86.5344
9,7,1600.0,2-Car,No injury/unknown,DRIVER DISTRACTED - EXPLAIN IN NARRATIVE,39.186368,-86.5344
10,2,900.0,3+ Cars,No injury/unknown,SPEED TOO FAST FOR WEATHER CONDITIONS,39.18636591,-86.53404529
4,2,900.0,2-Car,No injury/unknown,OTHER (DRIVER) - EXPLAIN IN NARRATIVE,39.18636171,-86.53333586
1,5,2000.0,2-Car,No injury/unknown,LEFT OF CENTER,39.18636,-86.533048
9,1,1800.0,2-Car,No injury/unknown,UNSAFE BACKING,39.18636,-86.533048
10,5,2200.0,2-Car,No injury/unknown,FOLLOWING TOO CLOSELY,39.18636,-86.533048
10,7,1600.0,2-Car,No injury/unknown,FOLLOWING TOO CLOSELY,39.18636,-86.533048
6,6,1600.0,2-Car,No injury/unknown,FAILURE TO YIELD RIGHT OF WAY,39.18635961,-86.53298114
8,3,1000.0,2-Car,No injury/unknown,FOLLOWING TOO CLOSELY,39.18635501,-86.53475387
2,1,2100.0,2-Car,No injury/unknown,FOLLOWING TOO CLOSELY,39.18635263,-86.53180241
11,7,1700.0,1-Car,No injury/unknown,ALCOHOLIC BEVERAGES,39.18635204,-86.52601293
10,6,1800.0,2-Car,No injury/unknown,FOLLOWING TOO CLOSELY,39.18635202,-86.52778655
12,6,700.0,3+ Cars,Non-incapacitating,IMPROPER LANE USAGE,39.186352,-86.53142996
4,6,1700.0,2-Car,No injury/unknown,FOLLOWING TOO CLOSELY,39.186352,-86.52961464
4,1,1500.0,2-Car,Non-incapacitating,FAILURE TO YIELD RIGHT OF WAY,39.186352,-86.528496
7,6,1700.0,2-Car,Non-incapacitating,FAILURE TO YIELD RIGHT OF WAY,39.186352,-86.528496
7,2,1700.0,3+ Cars,Non-incapacitating,FOLLOWING TOO CLOSELY,39.186352,-86.528496
7,4,800.0,2-Car,No injury/unknown,FOLLOWING TOO CLOSELY,39.186352,-86.529792
4,3,1200.0,3+ Cars,No injury/unknown,OTHER (DRIVER) - EXPLAIN IN NARRATIVE,39.186352,-86.528496
3,5,1200.0,2-Car,No injury/unknown,FOLLOWING TOO CLOSELY,39.186352,-86.531696
4,6,1500.0,2-Car,No injury/unknown,DRIVER DISTRACTED - EXPLAIN IN NARRATIVE,39.186352,-86.528496
10,2,1800.0,2-Car,No injury/unknown,OTHER (DRIVER) - EXPLAIN IN NARRATIVE,39.186352,-86.528496
10,2,1300.0,2-Car,No injury/unknown,FAILURE TO YIELD RIGHT OF WAY,39.186352,-86.528496
12,6,1000.0,2-Car,No injury/unknown,FOLLOWING TOO CLOSELY,39.18632523,-86.53454894
11,4,,2-Car,No injury/unknown,OTHER (DRIVER) - EXPLAIN IN NARRATIVE,39.186302,-86.541901
11,5,1900.0,2-Car,Non-incapacitating,FAILURE TO YIELD RIGHT OF WAY,39.1863,-86.5347
12,7,1700.0,2-Car,No injury/unknown,FOLLOWING TOO CLOSELY,39.1863,-86.53190033
9,4,1500.0,2-Car,No injury/unknown,OTHER (DRIVER) - EXPLAIN IN NARRATIVE,39.1863,-86.53472596
3,5,500.0,1-Car,No injury/unknown,DRIVER ILLNESS,39.18624001,-86.51485072
5,7,1700.0,2-Car,Non-incapacitating,FAILURE TO YIELD RIGHT OF WAY,39.186204,-86.53294127
9,4,1700.0,2-Car,No injury/unknown,FOLLOWING TOO CLOSELY,39.1862,-86.525298
2,1,1100.0,2-Car,No injury/unknown,OTHER (DRIVER) - EXPLAIN IN NARRATIVE,39.186048,-86.550976
10,6,1900.0,2-Car,No injury/unknown,FOLLOWING TOO CLOSELY,39.186032,-86.51984
2,6,2000.0,2-Car,No injury/unknown,ROADWAY SURFACE CONDITION,39.186032,-86.51984
6,5,1200.0,2-Car,No injury/unknown,FOLLOWING TOO CLOSELY,39.186032,-86.51984
6,7,1400.0,2-Car,No injury/unknown,FOLLOWING TOO CLOSELY,39.18600458,-86.55558845
10,6,1700.0,2-Car,Non-incapacitating,IMPROPER LANE USAGE,39.18600458,-86.55558845
11,7,,2-Car,No injury/unknown,UNSAFE BACKING,39.18598667,-86.53787533
1,7,700.0,Bus,No injury/unknown,OTHER (DRIVER) - EXPLAIN IN NARRATIVE,39.18598667,-86.53787533
8,6,2200.0,2-Car,Non-incapacitating,OTHER (DRIVER) - EXPLAIN IN NARRATIVE,39.185952,-86.4684
1,2,900.0,1-Car,Non-incapacitating,RAN OFF ROAD RIGHT,39.185952,-86.4684
2,7,0.0,1-Car,No injury/unknown,ANIMAL/OBJECT IN ROADWAY,39.185952,-86.4684
4,6,2300.0,1-Car,No injury/unknown,ANIMAL/OBJECT IN ROADWAY,39.185952,-86.4684
9,1,0.0,2-Car,Non-incapacitating,UNSAFE SPEED,39.18566574,-86.52847974
3,5,1000.0,3+ Cars,Non-incapacitating,FAILURE TO YIELD RIGHT OF WAY,39.185392,-86.537856
11,4,1500.0,Bus,No injury/unknown,OTHER (DRIVER) - EXPLAIN IN NARRATIVE,39.18532787,-86.526799
4,1,200.0,2-Car,No injury/unknown,UNSAFE BACKING,39.185232,-86.54060206
10,7,1400.0,1-Car,Non-incapacitating,RAN OFF ROAD RIGHT,39.1852,-86.541952
8,7,900.0,2-Car,No injury/unknown,OTHER (DRIVER) - EXPLAIN IN NARRATIVE,39.18516767,-86.53797616
5,7,1200.0,2-Car,No injury/unknown,OTHER (DRIVER) - EXPLAIN IN NARRATIVE,39.185152,-86.535296
7,3,300.0,1-Car,No injury/unknown,RAN OFF ROAD RIGHT,39.185152,-86.537856
3,3,1800.0,1-Car,No injury/unknown,RAN OFF ROAD RIGHT,39.18508278,-86.54686433
8,6,1100.0,2-Car,No injury/unknown,NONE (DRIVER),39.1849887,-86.58309548
12,5,2300.0,2-Car,No injury/unknown,UNSAFE BACKING,39.1848,-86.543968
4,6,100.0,1-Car,No injury/unknown,ANIMAL/OBJECT IN ROADWAY,39.18466515,-86.55597689
7,5,1000.0,2-Car,No injury/unknown,UNSAFE BACKING,39.18462943,-86.49325851
11,2,2200.0,1-Car,No injury/unknown,CELL PHONE USAGE,39.18438124,-86.55642603
3,2,1400.0,2-Car,Non-incapacitating,FAILURE TO YIELD RIGHT OF WAY,39.18434735,-86.582572
8,1,300.0,2-Car,No injury/unknown,UNSAFE BACKING,39.18415252,-86.53518903
6,6,1700.0,2-Car,No injury/unknown,FAILURE TO YIELD RIGHT OF WAY,39.18414802,-86.497996
8,1,800.0,Bus,No injury/unknown,OTHER (DRIVER) - EXPLAIN IN NARRATIVE,39.184048,-86.54816
3,6,1100.0,2-Car,No injury/unknown,FAILURE TO YIELD RIGHT OF WAY,39.18390335,-86.51595131
3,4,2000.0,2-Car,No injury/unknown,OTHER (DRIVER) - EXPLAIN IN NARRATIVE,39.18384,-86.5192
10,4,1800.0,1-Car,No injury/unknown,BRAKE FAILURE OR DEFECTIVE,39.183664,-86.536928
2,2,800.0,2-Car,No injury/unknown,OTHER (DRIVER) - EXPLAIN IN NARRATIVE,39.18353591,-86.494899
2,4,100.0,2-Car,No injury/unknown,UNSAFE BACKING,39.18335771,-86.53469029
8,7,1200.0,2-Car,No injury/unknown,OTHER (DRIVER) - EXPLAIN IN NARRATIVE,39.18326872,-86.51176206
8,3,1800.0,2-Car,No injury/unknown,OTHER (DRIVER) - EXPLAIN IN NARRATIVE,39.18316356,-86.52842044
8,1,,Moped/Motorcycle,No injury/unknown,UNSAFE BACKING,39.182976,-86.528416
1,1,,3+ Cars,No injury/unknown,ROADWAY SURFACE CONDITION,39.182976,-86.528416
3,4,1700.0,2-Car,No injury/unknown,OTHER (DRIVER) - EXPLAIN IN NARRATIVE,39.182976,-86.528416
12,4,2100.0,2-Car,No injury/unknown,OVERCORRECTING/OVERSTEERING,39.18294251,-86.52894629
11,4,1500.0,2-Car,No injury/unknown,FAILURE TO YIELD RIGHT OF WAY,39.18293494,-86.526999
1,2,1300.0,2-Car,Non-incapacitating,BRAKE FAILURE OR DEFECTIVE,39.18228187,-86.59262378
6,6,2100.0,2-Car,No injury/unknown,IMPROPER TURNING,39.18220833,-86.53381551
1,4,1500.0,2-Car,No injury/unknown,IMPROPER TURNING,39.18220833,-86.53381551
10,1,1900.0,1-Car,No injury/unknown,OVERCORRECTING/OVERSTEERING,39.1820576,-86.5377888
8,2,1700.0,2-Car,Non-incapacitating,FOLLOWING TOO CLOSELY,39.18204212,-86.55694541
9,3,0.0,2-Car,No injury/unknown,DRIVER DISTRACTED - EXPLAIN IN NARRATIVE,39.18200229,-86.54398849