Month,Day,Hour,Collision Type,Injury Type,Primary Factor,Latitude,Longitude
1,7,1800.0,2-Car,No injury/unknown,LEFT OF CENTER,39.18191389,-86.54362939
4,3,0.0,2-Car,No injury/unknown,ROADWAY SURFACE CONDITION,39.18178509,-86.5284
10,2,,2-Car,No injury/unknown,,39.1817676,-86.52966203
4,1,1000.0,2-Car,No injury/unknown,,39.181744,-86.530192
1,6,,2-Car,No injury/unknown,OTHER (DRIVER) - EXPLAIN IN NARRATIVE,39.181744,-86.530192
10,7,100.0,2-Car,No injury/unknown,VIEW OBSTRUCTED,39.181744,-86.530192
9,6,900.0,2-Car,No injury/unknown,UNSAFE BACKING,39.181712,-86.51276
2,4,1300.0,2-Car,No injury/unknown,OTHER (DRIVER) - EXPLAIN IN NARRATIVE,39.181712,-86.51276
11,4,1200.0,2-Car,No injury/unknown,OTHER (DRIVER) - EXPLAIN IN NARRATIVE,39.18162924,-86.53471004
6,1,2000.0,2-Car,No injury/unknown,FOLLOWING TOO CLOSELY,39.181552,-86.5336
6,6,1500.0,1-Car,Non-incapacitating,OTHER (DRIVER) - EXPLAIN IN NARRATIVE,39.181552,-86.5336
12,7,1300.0,1-Car,Non-incapacitating,UNSAFE SPEED,39.18128539,-86.54931218
8,4,1800.0,2-Car,No injury/unknown,OVERCORRECTING/OVERSTEERING,39.18128,-86.531792
9,2,1100.0,2-Car,No injury/unknown,VIEW OBSTRUCTED,39.18117728,-86.5284
5,6,1200.0,2-Car,No injury/unknown,OTHER (DRIVER) - EXPLAIN IN NARRATIVE,39.18116106,-86.512491
9,4,1000.0,2-Car,Non-incapacitating,FOLLOWING TOO CLOSELY,39.18104,-86.5284
3,3,1200.0,Moped/Motorcycle,Non-incapacitating,FAILURE TO YIELD RIGHT OF WAY,39.18104,-86.5284
9,7,1100.0,3+ Cars,Non-incapacitating,FOLLOWING TOO CLOSELY,39.18104,-86.5284
1,5,1200.0,2-Car,No injury/unknown,FAILURE TO YIELD RIGHT OF WAY,39.18104,-86.5284
4,3,2300.0,2-Car,Non-incapacitating,OTHER (DRIVER) - EXPLAIN IN NARRATIVE,39.18091562,-86.54906064
10,4,,2-Car,No injury/unknown,,39.18071698,-86.54076626
1,6,1300.0,2-Car,No injury/unknown,FAILURE TO YIELD RIGHT OF WAY,39.18056,-86.543968
1,7,100.0,2-Car,No injury/unknown,RAN OFF ROAD RIGHT,39.180448,-86.530832
6,2,1200.0,2-Car,No injury/unknown,FAILURE TO YIELD RIGHT OF WAY,39.180352,-86.5284
3,2,2000.0,2-Car,No injury/unknown,UNSAFE BACKING,39.180352,-86.5284
8,6,1700.0,3+ Cars,No injury/unknown,OTHER (DRIVER) - EXPLAIN IN NARRATIVE,39.180352,-86.5284
3,3,700.0,1-Car,No injury/unknown,ROADWAY SURFACE CONDITION,39.18034389,-86.56521512
6,2,1600.0,2-Car,No injury/unknown,IMPROPER PASSING,39.180048,-86.544
1,7,2300.0,2-Car,No injury/unknown,LEFT OF CENTER,39.180048,-86.544
2,6,1300.0,2-Car,Non-incapacitating,CELL PHONE USAGE,39.180048,-86.544
1,1,800.0,2-Car,No injury/unknown,OTHER (DRIVER) - EXPLAIN IN NARRATIVE,39.180048,-86.544
1,5,2000.0,2-Car,Non-incapacitating,IMPROPER LANE USAGE,39.17992223,-86.54219875
11,5,1800.0,1-Car,No injury/unknown,DRIVER ASLEEP OR FATIGUED,39.17992223,-86.54219875
3,7,2200.0,2-Car,Non-incapacitating,OTHER (DRIVER) - EXPLAIN IN NARRATIVE,39.17984,-86.507088
4,4,1100.0,2-Car,No injury/unknown,UNSAFE SPEED,39.17984,-86.507088
1,6,1700.0,2-Car,No injury/unknown,FOLLOWING TOO CLOSELY,39.17984,-86.507088
10,5,1200.0,2-Car,No injury/unknown,UNSAFE BACKING,39.17967426,-86.511088
10,6,2200.0,2-Car,No injury/unknown,OTHER (DRIVER) - EXPLAIN IN NARRATIVE,39.17965751,-86.51902289
1,4,1900.0,1-Car,No injury/unknown,ALCOHOLIC BEVERAGES,39.1795891,-86.5284
6,5,,2-Car,No injury/unknown,UNSAFE BACKING,39.17954629,-86.5284
12,1,0.0,2-Car,No injury/unknown,SPEED TOO FAST FOR WEATHER CONDITIONS,39.17949186,-86.53334436
10,6,2100.0,2-Car,No injury/unknown,UNSAFE BACKING,39.17943819,-86.511088
2,5,1800.0,2-Car,No injury/unknown,FAILURE TO YIELD RIGHT OF WAY,39.1793971,-86.511088
4,5,1200.0,2-Car,Non-incapacitating,ROADWAY SURFACE CONDITION,39.179248,-86.58293398
2,6,1400.0,2-Car,No injury/unknown,FAILURE TO YIELD RIGHT OF WAY,39.179248,-86.547104
7,2,2300.0,1-Car,No injury/unknown,ANIMAL/OBJECT IN ROADWAY,39.179248,-86.556592
9,3,700.0,2-Car,No injury/unknown,OTHER (DRIVER) - EXPLAIN IN NARRATIVE,39.179248,-86.547104
6,4,1000.0,2-Car,Non-incapacitating,FAILURE TO YIELD RIGHT OF WAY,39.179248,-86.547104
8,5,1100.0,2-Car,Incapacitating,FAILURE TO YIELD RIGHT OF WAY,39.179248,-86.552592
11,3,900.0,2-Car,No injury/unknown,LEFT OF CENTER,39.179248,-86.556592
9,7,2200.0,2-Car,Non-incapacitating,ALCOHOLIC BEVERAGES,39.179248,-86.58292
1,2,1300.0,2-Car,No injury/unknown,FAILURE TO YIELD RIGHT OF WAY,39.179248,-86.547104
3,6,1400.0,2-Car,No injury/unknown,FAILURE TO YIELD RIGHT OF WAY,39.179248,-86.547104
5,3,700.0,2-Car,No injury/unknown,OTHER (DRIVER) - EXPLAIN IN NARRATIVE,39.179248,-86.547104
7,5,2200.0,1-Car,No injury/unknown,RAN OFF ROAD RIGHT,39.179248,-86.556592
1,3,0.0,2-Car,No injury/unknown,OTHER (DRIVER) - EXPLAIN IN NARRATIVE,39.179248,-86.58292
5,6,1600.0,2-Car,No injury/unknown,OVERCORRECTING/OVERSTEERING,39.179248,-86.58292
10,5,1700.0,1-Car,No injury/unknown,OTHER (DRIVER) - EXPLAIN IN NARRATIVE,39.179248,-86.5832
5,7,1400.0,2-Car,No injury/unknown,DRIVER ASLEEP OR FATIGUED,39.179248,-86.5832
12,4,900.0,2-Car,No injury/unknown,NONE (DRIVER),39.179204,-86.591099
7,1,1700.0,Moped/Motorcycle,Non-incapacitating,UNSAFE SPEED,39.179152,-86.508592
3,5,1700.0,2-Car,No injury/unknown,FAILURE TO YIELD RIGHT OF WAY,39.17912237,-86.5284
5,3,2200.0,2-Car,No injury/unknown,DRIVER DISTRACTED - EXPLAIN IN NARRATIVE,39.179104,-86.544016
1,4,1400.0,2-Car,No injury/unknown,FAILURE TO YIELD RIGHT OF WAY,39.179104,-86.544016
4,1,1600.0,Cyclist,Non-incapacitating,FAILURE TO YIELD RIGHT OF WAY,39.17904473,-86.511088
8,7,2000.0,2-Car,No injury/unknown,FAILURE TO YIELD RIGHT OF WAY,39.17904,-86.5284
8,3,600.0,2-Car,Non-incapacitating,FOLLOWING TOO CLOSELY,39.17904,-86.5284
9,3,1700.0,2-Car,No injury/unknown,IMPROPER LANE USAGE,39.17904,-86.5284
8,2,900.0,2-Car,No injury/unknown,FAILURE TO YIELD RIGHT OF WAY,39.17904,-86.530848
9,5,2100.0,2-Car,No injury/unknown,UNSAFE BACKING,39.17904,-86.532096
8,2,1700.0,2-Car,Non-incapacitating,FAILURE TO YIELD RIGHT OF WAY,39.17904,-86.530848
7,2,300.0,1-Car,No injury/unknown,ALCOHOLIC BEVERAGES,39.17904,-86.532096
12,5,2100.0,2-Car,No injury/unknown,UNSAFE BACKING,39.17904,-86.531888
3,5,1300.0,2-Car,No injury/unknown,OTHER (DRIVER) - EXPLAIN IN NARRATIVE,39.17904,-86.531888
4,2,1200.0,2-Car,No injury/unknown,FAILURE TO YIELD RIGHT OF WAY,39.17904,-86.532096
3,3,700.0,2-Car,Non-incapacitating,FAILURE TO YIELD RIGHT OF WAY,39.17904,-86.530848
10,5,1800.0,2-Car,No injury/unknown,UNSAFE SPEED,39.17904,-86.542096
5,7,1400.0,2-Car,Non-incapacitating,DRIVER DISTRACTED - EXPLAIN IN NARRATIVE,39.17904,-86.5284
10,6,2200.0,2-Car,No injury/unknown,IMPROPER LANE USAGE,39.17904,-86.52857734
1,4,1500.0,2-Car,No injury/unknown,BRAKE FAILURE OR DEFECTIVE,39.17903837,-86.52827755
9,4,1400.0,1-Car,No injury/unknown,DRIVER DISTRACTED - EXPLAIN IN NARRATIVE,39.17903837,-86.52827755
3,3,1700.0,3+ Cars,No injury/unknown,SPEED TOO FAST FOR WEATHER CONDITIONS,39.17903646,-86.52813402
7,4,0.0,2-Car,Non-incapacitating,ALCOHOLIC BEVERAGES,39.17902865,-86.54067733
11,3,1400.0,2-Car,No injury/unknown,FAILURE TO YIELD RIGHT OF WAY,39.179024,-86.5272
1,7,300.0,1-Car,Non-incapacitating,SPEED TOO FAST FOR WEATHER CONDITIONS,39.179024,-86.5272
9,7,1600.0,2-Car,No injury/unknown,FAILURE TO YIELD RIGHT OF WAY,39.179024,-86.5272
1,4,1600.0,2-Car,No injury/unknown,IMPROPER PASSING,39.179024,-86.539616
4,5,700.0,2-Car,No injury/unknown,FAILURE TO YIELD RIGHT OF WAY,39.179024,-86.5272
4,2,1600.0,1-Car,Non-incapacitating,UNSAFE SPEED,39.179024,-86.5272
10,7,2100.0,2-Car,No injury/unknown,VIOLATION OF LICENSE RESTRICTION,39.179024,-86.53979334
11,2,1800.0,2-Car,No injury/unknown,OTHER (DRIVER) - EXPLAIN IN NARRATIVE,39.179024,-86.539616
10,2,1900.0,Bus,No injury/unknown,IMPROPER TURNING,39.179008,-86.525888
10,2,1600.0,2-Car,No injury/unknown,OTHER (DRIVER) - EXPLAIN IN NARRATIVE,39.179008,-86.525888
9,2,1400.0,2-Car,No injury/unknown,FAILURE TO YIELD RIGHT OF WAY,39.179008,-86.525888
5,6,1700.0,Bus,No injury/unknown,IMPROPER TURNING,39.179008,-86.525888
11,6,2000.0,2-Car,Non-incapacitating,OTHER (DRIVER) - EXPLAIN IN NARRATIVE,39.179008,-86.525888
11,4,2000.0,2-Car,No injury/unknown,FOLLOWING TOO CLOSELY,39.179,-86.523599
2,5,1400.0,2-Car,No injury/unknown,UNSAFE BACKING,39.179,-86.52965396
8,4,1800.0,2-Car,No injury/unknown,FAILURE TO YIELD RIGHT OF WAY,39.179,-86.53218735
11,5,900.0,2-Car,No injury/unknown,OTHER (DRIVER) - EXPLAIN IN NARRATIVE,39.17899698,-86.53807568
6,6,1600.0,2-Car,No injury/unknown,FAILURE TO YIELD RIGHT OF WAY,39.17899636,-86.53804022
9,3,1400.0,2-Car,No injury/unknown,UNSAFE SPEED,39.17899343,-86.5237168
2,6,1400.0,2-Car,No injury/unknown,FOLLOWING TOO CLOSELY,39.17899319,-86.52368134
10,2,800.0,2-Car,No injury/unknown,DRIVER DISTRACTED - EXPLAIN IN NARRATIVE,39.17899248,-86.52357494
10,4,800.0,2-Car,No injury/unknown,LEFT OF CENTER,39.178992,-86.537792
8,7,1100.0,2-Car,No injury/unknown,FAILURE TO YIELD RIGHT OF WAY,39.178992,-86.523504
7,4,2200.0,Pedestrian,Non-incapacitating,FAILURE TO YIELD RIGHT OF WAY,39.178992,-86.537792
8,6,1500.0,2-Car,No injury/unknown,DISREGARD SIGNAL/REG SIGN,39.178992,-86.537792
5,3,1300.0,1-Car,No injury/unknown,OTHER (DRIVER) - EXPLAIN IN NARRATIVE,39.178992,-86.532744
1,3,1200.0,1-Car,No injury/unknown,OTHER (DRIVER) - EXPLAIN IN NARRATIVE,39.178992,-86.532744
8,7,1400.0,2-Car,No injury/unknown,FAILURE TO YIELD RIGHT OF WAY,39.178992,-86.537792
12,3,900.0,3+ Cars,Non-incapacitating,FAILURE TO YIELD RIGHT OF WAY,39.178992,-86.537792
3,5,900.0,2-Car,Non-incapacitating,DISREGARD SIGNAL/REG SIGN,39.178992,-86.537792
5,3,1700.0,Bus,Non-incapacitating,OTHER (DRIVER) - EXPLAIN IN NARRATIVE,39.178992,-86.532744
1,4,1800.0,2-Car,No injury/unknown,OTHER (DRIVER) - EXPLAIN IN NARRATIVE,39.178992,-86.537792
1,7,800.0,1-Car,No injury/unknown,RAN OFF ROAD RIGHT,39.178992,-86.523504
11,3,900.0,2-Car,Non-incapacitating,DISREGARD SIGNAL/REG SIGN,39.178992,-86.537792
4,6,1300.0,3+ Cars,No injury/unknown,FOLLOWING TOO CLOSELY,39.17898717,-86.53726001
11,4,1900.0,1-Car,Non-incapacitating,PEDESTRIAN ACTION,39.178976,-86.5224
3,3,1600.0,2-Car,No injury/unknown,FAILURE TO YIELD RIGHT OF WAY,39.178976,-86.5224
12,4,900.0,2-Car,Non-incapacitating,OTHER (DRIVER) - EXPLAIN IN NARRATIVE,39.178976,-86.536032
2,2,2000.0,2-Car,No injury/unknown,IMPROPER TURNING,39.178976,-86.536032
11,7,1100.0,2-Car,Non-incapacitating,FAILURE TO YIELD RIGHT OF WAY,39.178976,-86.536032
8,3,1200.0,2-Car,No injury/unknown,OTHER (DRIVER) - EXPLAIN IN NARRATIVE,39.17897139,-86.53338962
3,6,1200.0,2-Car,No injury/unknown,FAILURE TO YIELD RIGHT OF WAY,39.17896346,-86.53500371
12,7,300.0,1-Car,Non-incapacitating,ALCOHOLIC BEVERAGES,39.17896216,-86.52126532
1,2,800.0,2-Car,No injury/unknown,FAILURE TO YIELD RIGHT OF WAY,39.1789613,-86.53482639
8,4,1300.0,2-Car,No injury/unknown,UNSAFE SPEED,39.17896,-86.521088
11,4,1500.0,2-Car,No injury/unknown,FAILURE TO YIELD RIGHT OF WAY,39.17896,-86.521088
9,7,0.0,1-Car,No injury/unknown,OTHER (ENVIRONMENTAL) - EXPLAIN IN NARR,39.17896,-86.521088
10,6,1400.0,2-Car,No injury/unknown,FAILURE TO YIELD RIGHT OF WAY,39.17896,-86.521088
11,6,1500.0,2-Car,Non-incapacitating,FOLLOWING TOO CLOSELY,39.17896,-86.521088
7,4,1000.0,2-Car,No injury/unknown,FOLLOWING TOO CLOSELY,39.17896,-86.53472
7,4,1100.0,1-Car,No injury/unknown,OTHER (DRIVER) - EXPLAIN IN NARRATIVE,39.17896,-86.53472
2,2,1400.0,2-Car,No injury/unknown,FAILURE TO YIELD RIGHT OF WAY,39.17896,-86.521088
6,4,2200.0,2-Car,No injury/unknown,DISREGARD SIGNAL/REG SIGN,39.17896,-86.53472
3,4,1000.0,2-Car,No injury/unknown,FAILURE TO YIELD RIGHT OF WAY,39.17896,-86.53472
11,5,2000.0,2-Car,No injury/unknown,FAILURE TO YIELD RIGHT OF WAY,39.17896,-86.521088
4,2,1200.0,2-Car,Non-incapacitating,FOLLOWING TOO CLOSELY,39.17896,-86.521088
4,6,800.0,2-Car,No injury/unknown,SPEED TOO FAST FOR WEATHER CONDITIONS,39.17896,-86.521088
10,3,1700.0,2-Car,No injury/unknown,FAILURE TO YIELD RIGHT OF WAY,39.17896,-86.53472
4,3,1200.0,3+ Cars,No injury/unknown,OTHER (DRIVER) - EXPLAIN IN NARRATIVE,39.17895446,-86.53325077
10,1,300.0,2-Car,No injury/unknown,LEFT OF CENTER,39.17894923,-86.53332139
4,7,400.0,1-Car,No injury/unknown,UNSAFE SPEED,39.17894792,-86.53333904
4,6,2000.0,2-Car,No injury/unknown,SPEED TOO FAST FOR WEATHER CONDITIONS,39.17894699,-86.53364025
9,2,1700.0,2-Car,Non-incapacitating,FOLLOWING TOO CLOSELY,39.178944,-86.5296
8,3,800.0,3+ Cars,No injury/unknown,FOLLOWING TOO CLOSELY,39.178944,-86.5296
9,6,1600.0,2-Car,No injury/unknown,DISREGARD SIGNAL/REG SIGN,39.178944,-86.533392
5,4,1400.0,2-Car,Non-incapacitating,FAILURE TO YIELD RIGHT OF WAY,39.178944,-86.533392
6,2,2300.0,1-Car,Non-incapacitating,ENGINE FAILURE OR DEFECTIVE,39.178944,-86.533392
8,3,1000.0,2-Car,No injury/unknown,FOLLOWING TOO CLOSELY,39.178944,-86.5296
8,1,1400.0,2-Car,No injury/unknown,DISREGARD SIGNAL/REG SIGN,39.178944,-86.533392
4,3,1200.0,2-Car,No injury/unknown,SPEED TOO FAST FOR WEATHER CONDITIONS,39.178944,-86.533392
4,2,1500.0,2-Car,No injury/unknown,DISREGARD SIGNAL/REG SIGN,39.178944,-86.533392
4,2,2100.0,2-Car,No injury/unknown,SPEED TOO FAST FOR WEATHER CONDITIONS,39.178944,-86.533392
2,6,1300.0,2-Car,No injury/unknown,IMPROPER TURNING,39.178944,-86.533392
11,5,700.0,2-Car,No injury/unknown,OTHER (DRIVER) - EXPLAIN IN NARRATIVE,39.178944,-86.533392
9,4,1900.0,2-Car,No injury/unknown,DISREGARD SIGNAL/REG SIGN,39.178928,-86.518992
12,2,1500.0,2-Car,No injury/unknown,DISREGARD SIGNAL/REG SIGN,39.178928,-86.518992
11,7,200.0,1-Car,No injury/unknown,UNSAFE SPEED,39.178928,-86.518992
11,6,1700.0,2-Car,No injury/unknown,OTHER (DRIVER) - EXPLAIN IN NARRATIVE,39.178928,-86.518992
3,5,1600.0,2-Car,No injury/unknown,DISREGARD SIGNAL/REG SIGN,39.178928,-86.518992
1,3,1800.0,2-Car,No injury/unknown,FOLLOWING TOO CLOSELY,39.178928,-86.518992
2,2,800.0,2-Car,No injury/unknown,FAILURE TO YIELD RIGHT OF WAY,39.17889136,-86.53472053
9,4,700.0,2-Car,No injury/unknown,FAILURE TO YIELD RIGHT OF WAY,39.17888221,-86.53778867
9,1,1800.0,1-Car,Non-incapacitating,FAILURE TO YIELD RIGHT OF WAY,39.178848,-86.511088
10,5,2100.0,2-Car,Non-incapacitating,FOLLOWING TOO CLOSELY,39.178848,-86.511088
8,7,1100.0,2-Car,No injury/unknown,FAILURE TO YIELD RIGHT OF WAY,39.178848,-86.512496
3,5,1200.0,Bus,No injury/unknown,IMPROPER TURNING,39.178848,-86.511088
3,3,1900.0,2-Car,No injury/unknown,FOLLOWING TOO CLOSELY,39.178848,-86.51144269
10,1,1200.0,2-Car,No injury/unknown,FAILURE TO YIELD RIGHT OF WAY,39.178848,-86.511088
3,5,2000.0,2-Car,No injury/unknown,OVERCORRECTING/OVERSTEERING,39.178848,-86.511088
8,4,800.0,2-Car,No injury/unknown,IMPROPER TURNING,39.178848,-86.511088
9,3,,2-Car,No injury/unknown,OTHER (DRIVER) - EXPLAIN IN NARRATIVE,39.1788341,-86.53085064
4,1,1200.0,2-Car,No injury/unknown,FOLLOWING TOO CLOSELY,39.17877928,-86.53339439
6,3,800.0,2-Car,No injury/unknown,FAILURE TO YIELD RIGHT OF WAY,39.1787451,-86.545199
9,3,,3+ Cars,No injury/unknown,,39.17871752,-86.53778368
5,3,1700.0,2-Car,No injury/unknown,OTHER (DRIVER) - EXPLAIN IN NARRATIVE,39.17871752,-86.53778368
8,4,2100.0,2-Car,No injury/unknown,OTHER (DRIVER) - EXPLAIN IN NARRATIVE,39.17862497,-86.53472258
4,5,1600.0,2-Car,No injury/unknown,FOLLOWING TOO CLOSELY,39.17856768,-86.56000308
10,7,1400.0,2-Car,No injury/unknown,UNSAFE BACKING,39.17851618,-86.51898895
8,2,1700.0,1-Car,No injury/unknown,FAILURE TO YIELD RIGHT OF WAY,39.17847513,-86.53963658
7,6,1200.0,2-Car,No injury/unknown,UNSAFE BACKING,39.17841557,-86.53472419
10,6,2100.0,1-Car,No injury/unknown,ANIMAL/OBJECT IN ROADWAY,39.17841183,-86.50603572
9,1,1800.0,2-Car,No injury/unknown,FAILURE TO YIELD RIGHT OF WAY,39.17837891,-86.51898793
4,2,1700.0,2-Car,No injury/unknown,OTHER (DRIVER) - EXPLAIN IN NARRATIVE,39.17837891,-86.51898793
9,6,100.0,1-Car,No injury/unknown,RAN OFF ROAD RIGHT,39.1783544,-86.52835768
4,6,1800.0,2-Car,No injury/unknown,NONE (DRIVER),39.178352,-86.536048
1,7,1000.0,2-Car,Non-incapacitating,OTHER (DRIVER) - EXPLAIN IN NARRATIVE,39.17823223,-86.6114168
3,2,1300.0,2-Car,No injury/unknown,UNSAFE BACKING,39.1779458,-86.513894
10,6,1700.0,1-Car,Non-incapacitating,SPEED TOO FAST FOR WEATHER CONDITIONS,39.177879,-86.556567
3,3,1700.0,2-Car,Non-incapacitating,FAILURE TO YIELD RIGHT OF WAY,39.17784,-86.533408
4,5,1400.0,2-Car,No injury/unknown,FAILURE TO YIELD RIGHT OF WAY,39.17784,-86.533408
10,3,1700.0,2-Car,Non-incapacitating,DISREGARD SIGNAL/REG SIGN,39.17784,-86.533408
10,3,2200.0,2-Car,No injury/unknown,,39.17784,-86.533408
2,2,1200.0,2-Car,Non-incapacitating,DISREGARD SIGNAL/REG SIGN,39.177808,-86.532176
11,4,1500.0,2-Car,No injury/unknown,OTHER (DRIVER) - EXPLAIN IN NARRATIVE,39.177808,-86.532176
1,7,900.0,1-Car,No injury/unknown,OVERCORRECTING/OVERSTEERING,39.17780366,-86.54219875
8,4,700.0,2-Car,No injury/unknown,FOLLOWING TOO CLOSELY,39.17775822,-86.56096186
6,7,900.0,2-Car,No injury/unknown,OTHER (DRIVER) - EXPLAIN IN NARRATIVE,39.177744,-86.53664548
8,5,1800.0,2-Car,No injury/unknown,OTHER (DRIVER) - EXPLAIN IN NARRATIVE,39.177744,-86.536048
11,4,1900.0,2-Car,Incapacitating,OTHER (DRIVER) - EXPLAIN IN NARRATIVE,39.177744,-86.53776
12,3,900.0,1-Car,No injury/unknown,ROADWAY SURFACE CONDITION,39.1776,-86.5669003
3,2,800.0,3+ Cars,Non-incapacitating,RAN OFF ROAD RIGHT,39.17757799,-86.53473063
11,3,1100.0,2-Car,Non-incapacitating,FOLLOWING TOO CLOSELY,39.17755585,-86.56120156
4,6,1600.0,2-Car,No injury/unknown,FOLLOWING TOO CLOSELY,39.17755585,-86.56120156
6,5,2000.0,2-Car,No injury/unknown,OTHER (DRIVER) - EXPLAIN IN NARRATIVE,39.17739651,-86.53473203
4,3,2000.0,Bus,No injury/unknown,FAILURE TO YIELD RIGHT OF WAY,39.17737768,-86.5609886
11,1,1700.0,2-Car,No injury/unknown,SPEED TOO FAST FOR WEATHER CONDITIONS,39.17735348,-86.56144125
11,4,1800.0,1-Car,Non-incapacitating,FAILURE TO YIELD RIGHT OF WAY,39.177248,-86.512496
3,4,1100.0,2-Car,No injury/unknown,UNSAFE BACKING,39.177248,-86.512496
4,2,2000.0,2-Car,Non-incapacitating,FOLLOWING TOO CLOSELY,39.177248,-86.512496
5,5,1600.0,2-Car,No injury/unknown,IMPROPER LANE USAGE,39.1772,-86.512494
9,7,1600.0,2-Car,Non-incapacitating,FAILURE TO YIELD RIGHT OF WAY,39.177152,-86.527152
8,6,1600.0,2-Car,Non-incapacitating,OTHER (DRIVER) - EXPLAIN IN NARRATIVE,39.17715111,-86.56168094
5,7,900.0,2-Car,No injury/unknown,FOLLOWING TOO CLOSELY,39.17715111,-86.56168094
5,5,1800.0,2-Car,Non-incapacitating,FAILURE TO YIELD RIGHT OF WAY,39.17707671,-86.53606083
2,6,1700.0,3+ Cars,Non-incapacitating,FOLLOWING TOO CLOSELY,39.17702854,-86.4779248
8,3,1200.0,3+ Cars,Non-incapacitating,UNSAFE SPEED,39.17700945,-86.56184872
3,1,600.0,1-Car,No injury/unknown,ALCOHOLIC BEVERAGES,39.177002,-86.527
12,6,1600.0,2-Car,Non-incapacitating,FOLLOWING TOO CLOSELY,39.17694874,-86.56192063
8,7,1800.0,2-Car,No injury/unknown,FOLLOWING TOO CLOSELY,39.17692022,-86.47808512
6,4,1800.0,2-Car,No injury/unknown,DISREGARD SIGNAL/REG SIGN,39.176912,-86.536064
3,5,1400.0,2-Car,No injury/unknown,FAILURE TO YIELD RIGHT OF WAY,39.17691028,-86.53030898
5,6,1600.0,2-Car,No injury/unknown,UNSAFE SPEED,39.176896,-86.53088
3,1,,1-Car,No injury/unknown,OTHER (DRIVER) - EXPLAIN IN NARRATIVE,39.17688,-86.534736
10,3,1900.0,2-Car,No injury/unknown,FAILURE TO YIELD RIGHT OF WAY,39.17686605,-86.47816528
5,1,2000.0,2-Car,No injury/unknown,DISREGARD SIGNAL/REG SIGN,39.176864,-86.532832
9,1,1100.0,2-Car,No injury/unknown,UNSAFE BACKING,39.176848,-86.478192
10,7,1500.0,3+ Cars,No injury/unknown,UNSAFE SPEED,39.176848,-86.478192
9,7,1100.0,2-Car,No injury/unknown,IMPROPER LANE USAGE,39.176848,-86.478192
11,6,1500.0,2-Car,No injury/unknown,FAILURE TO YIELD RIGHT OF WAY,39.176848,-86.478192
9,6,1600.0,2-Car,No injury/unknown,OTHER (DRIVER) - EXPLAIN IN NARRATIVE,39.176848,-86.478192
8,4,1800.0,2-Car,Non-incapacitating,FOLLOWING TOO CLOSELY,39.176848,-86.478192
10,4,1100.0,2-Car,Non-incapacitating,BRAKE FAILURE OR DEFECTIVE,39.176848,-86.478192
6,1,1100.0,2-Car,No injury/unknown,FAILURE TO YIELD RIGHT OF WAY,39.176848,-86.478192
2,2,1700.0,2-Car,No injury/unknown,NONE (DRIVER),39.176848,-86.55261061
5,5,1600.0,3+ Cars,No injury/unknown,UNSAFE SPEED,39.176848,-86.478192
4,3,1700.0,2-Car,No injury/unknown,FOLLOWING TOO CLOSELY,39.176848,-86.478192
4,7,500.0,1-Car,No injury/unknown,CELL PHONE USAGE,39.176848,-86.478192
4,4,1800.0,2-Car,No injury/unknown,IMPROPER TURNING,39.176848,-86.478192
5,4,1300.0,2-Car,No injury/unknown,FOLLOWING TOO CLOSELY,39.176848,-86.478192
3,3,2100.0,2-Car,No injury/unknown,FOLLOWING TOO CLOSELY,39.176848,-86.478192
7,3,1600.0,2-Car,No injury/unknown,FOLLOWING TOO CLOSELY,39.176848,-86.478192
5,6,900.0,3+ Cars,Non-incapacitating,UNSAFE SPEED,39.176848,-86.478192
4,6,1500.0,3+ Cars,Non-incapacitating,OTHER (DRIVER) - EXPLAIN IN NARRATIVE,39.17684756,-86.56204047
7,3,1300.0,2-Car,No injury/unknown,FOLLOWING TOO CLOSELY,39.17679696,-86.56210039
7,2,1600.0,3+ Cars,No injury/unknown,FAILURE TO YIELD RIGHT OF WAY,39.17674637,-86.56216031
2,3,700.0,2-Car,No injury/unknown,IMPROPER LANE USAGE,39.17674637,-86.56216031
8,3,1200.0,1-Car,No injury/unknown,OTHER (DRIVER) - EXPLAIN IN NARRATIVE,39.17664,-86.542096
9,5,1900.0,1-Car,No injury/unknown,RAN OFF ROAD RIGHT,39.17664,-86.538496
1,7,1700.0,2-Car,No injury/unknown,FAILURE TO YIELD RIGHT OF WAY,39.17664,-86.537712
8,5,1800.0,2-Car,No injury/unknown,OTHER (DRIVER) - EXPLAIN IN NARRATIVE,39.17664,-86.537712
6,6,1800.0,2-Car,No injury/unknown,FOLLOWING TOO CLOSELY,39.17661842,-86.56244561
9,5,1700.0,2-Car,No injury/unknown,FOLLOWING TOO CLOSELY,39.17660474,-86.47862128
8,3,1900.0,2-Car,No injury/unknown,DISREGARD SIGNAL/REG SIGN,39.176544,-86.5624
6,1,2200.0,2-Car,No injury/unknown,SPEED TOO FAST FOR WEATHER CONDITIONS,39.176544,-86.5624
11,3,500.0,3+ Cars,No injury/unknown,OTHER (DRIVER) - EXPLAIN IN NARRATIVE,39.176544,-86.5624
5,2,1600.0,2-Car,No injury/unknown,FOLLOWING TOO CLOSELY,39.176544,-86.5624
8,7,1700.0,2-Car,No injury/unknown,FAILURE TO YIELD RIGHT OF WAY,39.176544,-86.5624
11,6,1700.0,2-Car,No injury/unknown,FAILURE TO YIELD RIGHT OF WAY,39.176544,-86.5624