Month,Day,Hour,Collision Type,Injury Type,Primary Factor,Latitude,Longitude
12,6,1300.0,3+ Cars,No injury/unknown,FOLLOWING TOO CLOSELY,39.176544,-86.5624
12,6,1600.0,3+ Cars,Non-incapacitating,DRIVER DISTRACTED - EXPLAIN IN NARRATIVE,39.176544,-86.5624
3,2,1800.0,2-Car,No injury/unknown,FOLLOWING TOO CLOSELY,39.176544,-86.5624
1,5,2300.0,2-Car,No injury/unknown,SPEED TOO FAST FOR WEATHER CONDITIONS,39.176544,-86.5624
3,5,800.0,2-Car,No injury/unknown,OTHER (DRIVER) - EXPLAIN IN NARRATIVE,39.176544,-86.5624
6,7,800.0,2-Car,No injury/unknown,IMPROPER LANE USAGE,39.176544,-86.5624
11,2,1900.0,3+ Cars,Non-incapacitating,SPEED TOO FAST FOR WEATHER CONDITIONS,39.176544,-86.5624
12,1,1200.0,2-Car,Non-incapacitating,UNSAFE BACKING,39.176544,-86.5624
1,7,900.0,2-Car,No injury/unknown,SPEED TOO FAST FOR WEATHER CONDITIONS,39.176544,-86.5624
8,4,700.0,2-Car,No injury/unknown,FOLLOWING TOO CLOSELY,39.176544,-86.5624
1,6,2000.0,2-Car,No injury/unknown,IMPROPER LANE USAGE,39.1765331,-86.534736
2,7,1200.0,2-Car,No injury/unknown,FOLLOWING TOO CLOSELY,39.17652365,-86.47876438
11,4,1700.0,2-Car,Non-incapacitating,FAILURE TO YIELD RIGHT OF WAY,39.17652365,-86.47876438
4,7,1300.0,2-Car,No injury/unknown,DRIVER DISTRACTED - EXPLAIN IN NARRATIVE,39.17650697,-86.56245238
11,3,600.0,1-Car,No injury/unknown,OTHER (DRIVER) - EXPLAIN IN NARRATIVE,39.176471,-86.563363
1,7,1200.0,3+ Cars,No injury/unknown,SPEED TOO FAST FOR WEATHER CONDITIONS,39.17646068,-86.56251785
9,6,800.0,3+ Cars,No injury/unknown,SPEED TOO FAST FOR WEATHER CONDITIONS,39.17643291,-86.56255714
1,7,1300.0,2-Car,No injury/unknown,FOLLOWING TOO CLOSELY,39.17640514,-86.56259642
11,3,1800.0,2-Car,No injury/unknown,FOLLOWING TOO CLOSELY,39.17636148,-86.47905057
9,6,1700.0,2-Car,No injury/unknown,FOLLOWING TOO CLOSELY,39.17628051,-86.47919377
4,3,1700.0,2-Car,No injury/unknown,DISREGARD SIGNAL/REG SIGN,39.176192,-86.52712
6,3,1300.0,2-Car,No injury/unknown,UNSAFE BACKING,39.17618584,-86.52733266
5,2,900.0,1-Car,No injury/unknown,OTHER (DRIVER) - EXPLAIN IN NARRATIVE,39.17617371,-86.56292379
2,5,2100.0,1-Car,No injury/unknown,OTHER (DRIVER) - EXPLAIN IN NARRATIVE,39.17616,-86.528224
3,3,300.0,1-Car,Non-incapacitating,ALCOHOLIC BEVERAGES,39.17616,-86.528224
8,6,1000.0,2-Car,No injury/unknown,OTHER (DRIVER) - EXPLAIN IN NARRATIVE,39.17615282,-86.52479379
11,7,1200.0,2-Car,No injury/unknown,UNSAFE BACKING,39.176144,-86.523504
7,1,2000.0,2-Car,No injury/unknown,OTHER (DRIVER) - EXPLAIN IN NARRATIVE,39.176144,-86.523504
8,5,2300.0,2-Car,No injury/unknown,UNSAFE BACKING,39.17609371,-86.534736
4,5,1900.0,2-Car,No injury/unknown,OTHER (DRIVER) - EXPLAIN IN NARRATIVE,39.17609,-86.528224
10,2,1700.0,1-Car,Non-incapacitating,PASSENGER DISTRACTION,39.17603842,-86.47962415
2,2,0.0,1-Car,No injury/unknown,UNSAFE BACKING,39.176016,-86.5296
9,6,1500.0,2-Car,No injury/unknown,FAILURE TO YIELD RIGHT OF WAY,39.176,-86.530896
11,7,1700.0,2-Car,No injury/unknown,FAILURE TO YIELD RIGHT OF WAY,39.176,-86.530896
9,5,1000.0,2-Car,No injury/unknown,FAILURE TO YIELD RIGHT OF WAY,39.176,-86.530896
7,7,1300.0,3+ Cars,Non-incapacitating,FAILURE TO YIELD RIGHT OF WAY,39.17598856,-86.56318568
1,6,1500.0,2-Car,Non-incapacitating,FAILURE TO YIELD RIGHT OF WAY,39.175984,-86.534736
11,1,1900.0,2-Car,No injury/unknown,FAILURE TO YIELD RIGHT OF WAY,39.175984,-86.534736
3,6,900.0,2-Car,No injury/unknown,UNSAFE BACKING,39.17595396,-86.53329894
12,3,1500.0,2-Car,Non-incapacitating,FAILURE TO YIELD RIGHT OF WAY,39.175952,-86.53344
8,5,2100.0,2-Car,No injury/unknown,FAILURE TO YIELD RIGHT OF WAY,39.175952,-86.53344
1,7,1400.0,2-Car,No injury/unknown,UNSAFE BACKING,39.175952,-86.53344
6,3,1100.0,2-Car,No injury/unknown,IMPROPER TURNING,39.175952,-86.53344
3,3,1100.0,2-Car,No injury/unknown,UNSAFE SPEED,39.17584147,-86.51357081
11,6,2000.0,2-Car,No injury/unknown,FAILURE TO YIELD RIGHT OF WAY,39.17581474,-86.53344275
2,7,1200.0,2-Car,Non-incapacitating,FOLLOWING TOO CLOSELY,39.17580341,-86.56344756
4,7,1200.0,2-Car,No injury/unknown,DRIVER DISTRACTED - EXPLAIN IN NARRATIVE,39.17565529,-86.56365708
11,3,1700.0,2-Car,Non-incapacitating,FOLLOWING TOO CLOSELY,39.17561826,-86.56370945
11,2,1700.0,2-Car,No injury/unknown,SPEED TOO FAST FOR WEATHER CONDITIONS,39.17561826,-86.56370945
4,5,2100.0,2-Car,No injury/unknown,ALCOHOLIC BEVERAGES,39.175552,-86.528192
2,2,2000.0,2-Car,No injury/unknown,SPEED TOO FAST FOR WEATHER CONDITIONS,39.175552,-86.528192
9,6,1700.0,Bus,No injury/unknown,FAILURE TO YIELD RIGHT OF WAY,39.175504,-86.527104
8,1,1200.0,2-Car,Non-incapacitating,FAILURE TO YIELD RIGHT OF WAY,39.175504,-86.527104
11,1,100.0,2-Car,No injury/unknown,FAILURE TO YIELD RIGHT OF WAY,39.175504,-86.527104
12,4,1500.0,2-Car,No injury/unknown,FOLLOWING TOO CLOSELY,39.175504,-86.527104
11,7,1700.0,2-Car,No injury/unknown,FAILURE TO YIELD RIGHT OF WAY,39.175504,-86.527104
1,7,1300.0,2-Car,No injury/unknown,FAILURE TO YIELD RIGHT OF WAY,39.175504,-86.527104
3,1,1200.0,2-Car,Non-incapacitating,FAILURE TO YIELD RIGHT OF WAY,39.175504,-86.527104
2,6,800.0,3+ Cars,No injury/unknown,FAILURE TO YIELD RIGHT OF WAY,39.175504,-86.527104
4,5,1700.0,2-Car,No injury/unknown,FAILURE TO YIELD RIGHT OF WAY,39.175504,-86.527104
4,4,2100.0,2-Car,Non-incapacitating,DISREGARD SIGNAL/REG SIGN,39.175504,-86.527104
9,6,1600.0,2-Car,No injury/unknown,FAILURE TO YIELD RIGHT OF WAY,39.175504,-86.527104
9,4,1700.0,2-Car,No injury/unknown,DRIVER DISTRACTED - EXPLAIN IN NARRATIVE,39.175504,-86.527104
9,6,1300.0,2-Car,Non-incapacitating,FAILURE TO YIELD RIGHT OF WAY,39.175504,-86.527104
4,6,1800.0,2-Car,No injury/unknown,IMPROPER TURNING,39.17544,-86.525824
4,7,1300.0,2-Car,No injury/unknown,NONE (DRIVER),39.17543496,-86.53474656
11,7,0.0,2-Car,No injury/unknown,IMPROPER LANE USAGE,39.17543142,-86.533599
3,3,800.0,1-Car,No injury/unknown,UNSAFE SPEED,39.17542016,-86.56398967
11,4,900.0,2-Car,No injury/unknown,LEFT OF CENTER,39.17539061,-86.53092658
8,6,800.0,2-Car,No injury/unknown,DISREGARD SIGNAL/REG SIGN,39.175232,-86.520976
10,5,1100.0,2-Car,No injury/unknown,DISREGARD SIGNAL/REG SIGN,39.175232,-86.520976
11,2,1700.0,2-Car,No injury/unknown,FAILURE TO YIELD RIGHT OF WAY,39.175232,-86.520976
3,5,1400.0,2-Car,No injury/unknown,FAILURE TO YIELD RIGHT OF WAY,39.175232,-86.520976
2,4,2000.0,2-Car,No injury/unknown,FAILURE TO YIELD RIGHT OF WAY,39.175232,-86.520976
4,6,1700.0,2-Car,Non-incapacitating,FAILURE TO YIELD RIGHT OF WAY,39.175232,-86.520976
2,4,1800.0,2-Car,No injury/unknown,FAILURE TO YIELD RIGHT OF WAY,39.175232,-86.520976
3,3,1800.0,2-Car,No injury/unknown,FAILURE TO YIELD RIGHT OF WAY,39.175232,-86.520976
4,5,1400.0,2-Car,No injury/unknown,FAILURE TO YIELD RIGHT OF WAY,39.175232,-86.520976
12,3,1100.0,2-Car,No injury/unknown,OTHER (DRIVER) - EXPLAIN IN NARRATIVE,39.17519094,-86.524599
9,6,1600.0,2-Car,No injury/unknown,FAILURE TO YIELD RIGHT OF WAY,39.175152,-86.518992
1,3,,2-Car,No injury/unknown,NONE (DRIVER),39.175152,-86.518992
6,6,100.0,1-Car,No injury/unknown,ALCOHOLIC BEVERAGES,39.175152,-86.55152
11,6,2000.0,2-Car,No injury/unknown,FOLLOWING TOO CLOSELY,39.1751,-86.534799
11,3,900.0,1-Car,No injury/unknown,SPEED TOO FAST FOR WEATHER CONDITIONS,39.17506282,-86.56449511
6,6,1700.0,2-Car,No injury/unknown,OTHER (DRIVER) - EXPLAIN IN NARRATIVE,39.17504,-86.556496
4,3,1000.0,2-Car,Non-incapacitating,LEFT OF CENTER,39.17504,-86.556496
8,4,1500.0,3+ Cars,Non-incapacitating,FAILURE TO YIELD RIGHT OF WAY,39.17504,-86.556496
11,4,800.0,2-Car,Non-incapacitating,FAILURE TO YIELD RIGHT OF WAY,39.17504,-86.556496
12,5,900.0,2-Car,No injury/unknown,UNSAFE SPEED,39.17480959,-86.51896223
9,6,800.0,1-Car,No injury/unknown,ANIMAL/OBJECT IN ROADWAY,39.174752,-86.508688
12,1,1300.0,1-Car,No injury/unknown,ROADWAY SURFACE CONDITION,39.174455,-86.62191155
11,1,100.0,1-Car,No injury/unknown,ALCOHOLIC BEVERAGES,39.174416,-86.530992
2,1,1700.0,2-Car,No injury/unknown,FAILURE TO YIELD RIGHT OF WAY,39.174416,-86.530992
3,3,1600.0,2-Car,No injury/unknown,FAILURE TO YIELD RIGHT OF WAY,39.174416,-86.528304
1,7,300.0,2-Car,No injury/unknown,PRESCRIPTION DRUGS,39.17439317,-86.52772557
11,7,300.0,2-Car,No injury/unknown,LEFT OF CENTER,39.1743778,-86.53211265
6,7,100.0,2-Car,No injury/unknown,UNSAFE BACKING,39.17437499,-86.5272651
1,7,2000.0,2-Car,No injury/unknown,FAILURE TO YIELD RIGHT OF WAY,39.174368,-86.527088
2,5,2000.0,2-Car,No injury/unknown,OTHER (DRIVER) - EXPLAIN IN NARRATIVE,39.174368,-86.527088
1,3,100.0,2-Car,No injury/unknown,FOLLOWING TOO CLOSELY,39.174368,-86.527088
7,6,1600.0,2-Car,No injury/unknown,OTHER (DRIVER) - EXPLAIN IN NARRATIVE,39.17435622,-86.534899
11,1,300.0,2-Car,No injury/unknown,OVERCORRECTING/OVERSTEERING,39.17435332,-86.53338335
4,6,1800.0,2-Car,Non-incapacitating,FAILURE TO YIELD RIGHT OF WAY,39.174352,-86.5504
9,4,1700.0,2-Car,No injury/unknown,FAILURE TO YIELD RIGHT OF WAY,39.174352,-86.547104
7,3,900.0,2-Car,Non-incapacitating,DRIVER DISTRACTED - EXPLAIN IN NARRATIVE,39.174352,-86.552592
2,4,1700.0,2-Car,No injury/unknown,OTHER (DRIVER) - EXPLAIN IN NARRATIVE,39.174352,-86.551376
6,4,2100.0,2-Car,No injury/unknown,UNSAFE BACKING,39.174352,-86.533472
9,6,1500.0,Bus,Non-incapacitating,DISREGARD SIGNAL/REG SIGN,39.174336,-86.525808
4,1,0.0,2-Car,Non-incapacitating,ALCOHOLIC BEVERAGES,39.17432683,-86.52708658
4,1,1600.0,2-Car,No injury/unknown,BRAKE FAILURE OR DEFECTIVE,39.17420327,-86.5324
3,3,1700.0,2-Car,No injury/unknown,FOLLOWING TOO CLOSELY,39.17410279,-86.51890076
9,2,1700.0,2-Car,No injury/unknown,FAILURE TO YIELD RIGHT OF WAY,39.174048,-86.518896
9,2,1400.0,2-Car,No injury/unknown,OTHER (DRIVER) - EXPLAIN IN NARRATIVE,39.174048,-86.518896
10,2,1700.0,Pedestrian,Non-incapacitating,FAILURE TO YIELD RIGHT OF WAY,39.174048,-86.518896
10,2,1600.0,2-Car,No injury/unknown,FOLLOWING TOO CLOSELY,39.174048,-86.518896
2,5,1200.0,2-Car,No injury/unknown,FAILURE TO YIELD RIGHT OF WAY,39.174048,-86.518896
2,6,2100.0,2-Car,No injury/unknown,FOLLOWING TOO CLOSELY,39.174048,-86.518896
2,2,1700.0,2-Car,No injury/unknown,FAILURE TO YIELD RIGHT OF WAY,39.174048,-86.518896
2,1,1400.0,2-Car,No injury/unknown,FAILURE TO YIELD RIGHT OF WAY,39.174048,-86.518896
11,2,1700.0,2-Car,Non-incapacitating,UNSAFE SPEED,39.174048,-86.518896
9,3,1700.0,2-Car,No injury/unknown,FAILURE TO YIELD RIGHT OF WAY,39.17399555,-86.51854787
3,3,500.0,2-Car,Non-incapacitating,UNSAFE BACKING,39.173872,-86.517728
11,7,1400.0,2-Car,No injury/unknown,,39.1737811,-86.534752
10,6,2100.0,Moped/Motorcycle,Non-incapacitating,FOLLOWING TOO CLOSELY,39.17377396,-86.51887438
2,7,300.0,2-Car,No injury/unknown,,39.17369184,-86.51539477
4,2,1600.0,2-Car,No injury/unknown,OTHER (DRIVER) - EXPLAIN IN NARRATIVE,39.17367404,-86.523994
11,4,1500.0,2-Car,No injury/unknown,OTHER (DRIVER) - EXPLAIN IN NARRATIVE,39.17366466,-86.51632665
11,6,900.0,2-Car,No injury/unknown,UNSAFE BACKING,39.17363918,-86.52829127
12,5,1600.0,2-Car,No injury/unknown,FAILURE TO YIELD RIGHT OF WAY,39.17358844,-86.55527511
1,7,1300.0,2-Car,No injury/unknown,UNSAFE BACKING,39.17357547,-86.51566272
8,7,1700.0,2-Car,No injury/unknown,UNSAFE BACKING,39.173552,-86.515488
8,4,800.0,2-Car,No injury/unknown,DISREGARD SIGNAL/REG SIGN,39.173552,-86.515488
9,3,1000.0,1-Car,No injury/unknown,DISREGARD SIGNAL/REG SIGN,39.173552,-86.515488
11,3,2300.0,Moped/Motorcycle,Non-incapacitating,FAILURE TO YIELD RIGHT OF WAY,39.173552,-86.515488
8,6,1600.0,1-Car,No injury/unknown,RAN OFF ROAD RIGHT,39.17350531,-86.52094531
7,5,2300.0,2-Car,No injury/unknown,OBSTRUCTION NOT MARKED,39.17344,-86.52864266
1,4,2200.0,2-Car,No injury/unknown,WRONG WAY ON ONE WAY,39.17344,-86.523616
1,6,1700.0,2-Car,No injury/unknown,UNSAFE BACKING,39.17344,-86.522464
8,1,2300.0,Moped/Motorcycle,No injury/unknown,UNSAFE BACKING,39.17344,-86.531696
5,1,400.0,3+ Cars,Non-incapacitating,CELL PHONE USAGE,39.17344,-86.530992
11,7,1400.0,2-Car,No injury/unknown,FAILURE TO YIELD RIGHT OF WAY,39.17344,-86.527056
2,1,1400.0,2-Car,No injury/unknown,FAILURE TO YIELD RIGHT OF WAY,39.17344,-86.523616
3,3,1200.0,2-Car,No injury/unknown,FAILURE TO YIELD RIGHT OF WAY,39.17344,-86.527056
1,5,1200.0,2-Car,No injury/unknown,DISREGARD SIGNAL/REG SIGN,39.17344,-86.523616
9,3,1000.0,2-Car,No injury/unknown,FAILURE TO YIELD RIGHT OF WAY,39.17344,-86.523616
2,5,1100.0,2-Car,No injury/unknown,FAILURE TO YIELD RIGHT OF WAY,39.17344,-86.520944
4,6,1500.0,2-Car,No injury/unknown,DISREGARD SIGNAL/REG SIGN,39.17344,-86.520944
6,5,1400.0,2-Car,No injury/unknown,UNSAFE BACKING,39.17344,-86.531696
1,6,1100.0,2-Car,No injury/unknown,FAILURE TO YIELD RIGHT OF WAY,39.17344,-86.527056
12,5,1300.0,2-Car,No injury/unknown,SPEED TOO FAST FOR WEATHER CONDITIONS,39.17344,-86.527056
8,2,1600.0,2-Car,No injury/unknown,UNSAFE BACKING,39.17338874,-86.534752
8,2,1100.0,2-Car,No injury/unknown,DISREGARD SIGNAL/REG SIGN,39.173344,-86.549792
7,4,0.0,2-Car,No injury/unknown,OTHER (DRIVER) - EXPLAIN IN NARRATIVE,39.173344,-86.550304
5,2,1900.0,2-Car,No injury/unknown,UNSAFE BACKING,39.173344,-86.54734825
5,6,900.0,3+ Cars,No injury/unknown,FAILURE TO YIELD RIGHT OF WAY,39.173344,-86.544704
2,3,900.0,2-Car,No injury/unknown,OTHER (ENVIRONMENTAL) - EXPLAIN IN NARR,39.173344,-86.5536
6,1,700.0,3+ Cars,No injury/unknown,OTHER (DRIVER) - EXPLAIN IN NARRATIVE,39.173344,-86.54991739
12,6,1200.0,2-Car,No injury/unknown,OTHER (VEHICLE) - EXPLAIN IN NARRATIVE,39.173344,-86.547104
10,6,500.0,2-Car,No injury/unknown,DISREGARD SIGNAL/REG SIGN,39.173248,-86.533488
2,3,1800.0,2-Car,No injury/unknown,OTHER (DRIVER) - EXPLAIN IN NARRATIVE,39.173248,-86.533488
6,2,1900.0,2-Car,No injury/unknown,DISREGARD SIGNAL/REG SIGN,39.173248,-86.533488
1,7,1600.0,2-Car,No injury/unknown,DISREGARD SIGNAL/REG SIGN,39.173232,-86.534752
9,5,1900.0,2-Car,No injury/unknown,FAILURE TO YIELD RIGHT OF WAY,39.173232,-86.534752
7,3,2000.0,2-Car,Non-incapacitating,SPEED TOO FAST FOR WEATHER CONDITIONS,39.173232,-86.534752
1,5,2100.0,2-Car,No injury/unknown,SPEED TOO FAST FOR WEATHER CONDITIONS,39.173232,-86.534752
12,7,1000.0,2-Car,No injury/unknown,IMPROPER TURNING,39.173232,-86.534752
11,2,1400.0,2-Car,No injury/unknown,DISREGARD SIGNAL/REG SIGN,39.173184,-86.538528
11,1,900.0,2-Car,Non-incapacitating,FAILURE TO YIELD RIGHT OF WAY,39.173184,-86.538528
3,4,400.0,1-Car,No injury/unknown,ALCOHOLIC BEVERAGES,39.173154,-86.54065816
9,3,1800.0,2-Car,No injury/unknown,LEFT OF CENTER,39.173152,-86.5408
8,2,1600.0,2-Car,No injury/unknown,FAILURE TO YIELD RIGHT OF WAY,39.173152,-86.5408
2,3,1500.0,2-Car,No injury/unknown,UNSAFE BACKING,39.17297448,-86.51331469
12,4,800.0,3+ Cars,No injury/unknown,UNSAFE SPEED,39.172949,-86.491364
3,5,1600.0,2-Car,No injury/unknown,UNSAFE BACKING,39.172864,-86.513148
2,4,1800.0,2-Car,No injury/unknown,NONE (DRIVER),39.17281455,-86.51879273
12,2,2300.0,1-Car,No injury/unknown,ALCOHOLIC BEVERAGES,39.17280327,-86.52704327
3,5,0.0,2-Car,No injury/unknown,IMPROPER TURNING,39.172752,-86.482288
10,4,1700.0,2-Car,No injury/unknown,FOLLOWING TOO CLOSELY,39.172752,-86.482288
1,5,900.0,2-Car,No injury/unknown,FOLLOWING TOO CLOSELY,39.17272339,-86.51878497
9,3,700.0,2-Car,Non-incapacitating,OTHER (DRIVER) - EXPLAIN IN NARRATIVE,39.17271944,-86.48225544
12,1,100.0,3+ Cars,Non-incapacitating,FAILURE TO YIELD RIGHT OF WAY,39.1727049,-86.53475767
10,3,1600.0,2-Car,No injury/unknown,FAILURE TO YIELD RIGHT OF WAY,39.17264,-86.523584
10,1,200.0,2-Car,No injury/unknown,IMPROPER LANE USAGE,39.17264,-86.52704
8,2,1200.0,2-Car,No injury/unknown,DISREGARD SIGNAL/REG SIGN,39.17264,-86.529696
11,3,900.0,2-Car,Non-incapacitating,FAILURE TO YIELD RIGHT OF WAY,39.17264,-86.523584
12,4,1700.0,2-Car,Non-incapacitating,DISREGARD SIGNAL/REG SIGN,39.17264,-86.522432
12,2,1100.0,2-Car,No injury/unknown,ALCOHOLIC BEVERAGES,39.17264,-86.52704
4,3,1800.0,2-Car,No injury/unknown,FAILURE TO YIELD RIGHT OF WAY,39.17264,-86.529696
4,5,800.0,2-Car,No injury/unknown,FAILURE TO YIELD RIGHT OF WAY,39.17264,-86.52464
11,4,800.0,2-Car,No injury/unknown,DISREGARD SIGNAL/REG SIGN,39.17264,-86.52704
11,5,1300.0,2-Car,No injury/unknown,FAILURE TO YIELD RIGHT OF WAY,39.17264,-86.523584
10,7,1700.0,2-Car,No injury/unknown,FAILURE TO YIELD RIGHT OF WAY,39.17264,-86.52704
10,7,1200.0,2-Car,No injury/unknown,OTHER (DRIVER) - EXPLAIN IN NARRATIVE,39.17261255,-86.530992
7,2,2200.0,1-Car,Non-incapacitating,DISREGARD SIGNAL/REG SIGN,39.172399,-86.5102767
11,7,1200.0,3+ Cars,No injury/unknown,OTHER (DRIVER) - EXPLAIN IN NARRATIVE,39.172399,-86.51030092
7,5,600.0,1-Car,No injury/unknown,OTHER (DRIVER) - EXPLAIN IN NARRATIVE,39.172399,-86.5102767
11,5,1700.0,1-Car,Non-incapacitating,OTHER (DRIVER) - EXPLAIN IN NARRATIVE,39.1723712,-86.5335088
12,7,0.0,1-Car,Non-incapacitating,RAN OFF ROAD RIGHT,39.17223179,-86.48308945
4,5,600.0,1-Car,No injury/unknown,ROADWAY SURFACE CONDITION,39.17209519,-86.48164601
3,5,1400.0,2-Car,Incapacitating,FAILURE TO YIELD RIGHT OF WAY,39.17208093,-86.48485196
9,2,1200.0,2-Car,No injury/unknown,FAILURE TO YIELD RIGHT OF WAY,39.17198525,-86.48686738
10,1,1400.0,2-Car,No injury/unknown,OTHER (DRIVER) - EXPLAIN IN NARRATIVE,39.171977,-86.572765
8,6,1400.0,2-Car,No injury/unknown,FAILURE TO YIELD RIGHT OF WAY,39.171921,-86.57264
4,7,1400.0,2-Car,No injury/unknown,OTHER (DRIVER) - EXPLAIN IN NARRATIVE,39.171921,-86.57264
8,2,1800.0,2-Car,No injury/unknown,OTHER (DRIVER) - EXPLAIN IN NARRATIVE,39.17188127,-86.53476652
11,1,200.0,2-Car,No injury/unknown,IMPROPER LANE USAGE,39.17188127,-86.53476652
11,5,2300.0,1-Car,No injury/unknown,UNSAFE SPEED,39.17184,-86.487488
8,4,1800.0,1-Car,Non-incapacitating,FOLLOWING TOO CLOSELY,39.17184,-86.487488
3,7,1000.0,2-Car,Non-incapacitating,OTHER (DRIVER) - EXPLAIN IN NARRATIVE,39.17184,-86.487488
1,1,200.0,1-Car,No injury/unknown,ALCOHOLIC BEVERAGES,39.17184,-86.487488
9,2,1700.0,2-Car,No injury/unknown,UNSAFE BACKING,39.17182538,-86.5156952
11,7,400.0,2-Car,No injury/unknown,LEFT OF CENTER,39.17181726,-86.52825829
8,6,800.0,2-Car,No injury/unknown,FAILURE TO YIELD RIGHT OF WAY,39.17177145,-86.53476771
11,3,1700.0,2-Car,Non-incapacitating,OTHER (DRIVER) - EXPLAIN IN NARRATIVE,39.17177145,-86.53476771
1,4,2000.0,2-Car,No injury/unknown,FOLLOWING TOO CLOSELY,39.171744,-86.53369733
10,3,1800.0,2-Car,No injury/unknown,OTHER (DRIVER) - EXPLAIN IN NARRATIVE,39.171744,-86.53387465
9,3,1400.0,2-Car,No injury/unknown,UNSAFE BACKING,39.171744,-86.53397845
8,4,2300.0,2-Car,No injury/unknown,IMPROPER TURNING,39.171744,-86.53352
9,3,1700.0,2-Car,No injury/unknown,OTHER (DRIVER) - EXPLAIN IN NARRATIVE,39.171744,-86.53352
4,1,0.0,2-Car,No injury/unknown,IMPROPER TURNING,39.171744,-86.534768
11,1,1000.0,2-Car,No injury/unknown,FAILURE TO YIELD RIGHT OF WAY,39.171744,-86.53352
6,5,1400.0,2-Car,No injury/unknown,FAILURE TO YIELD RIGHT OF WAY,39.171744,-86.534768
6,6,2300.0,2-Car,No injury/unknown,IMPROPER LANE USAGE,39.171744,-86.534768
5,5,2300.0,2-Car,Non-incapacitating,IMPROPER TURNING,39.171744,-86.534768
6,2,1400.0,1-Car,No injury/unknown,OTHER (DRIVER) - EXPLAIN IN NARRATIVE,39.171744,-86.53352
11,6,1500.0,2-Car,Non-incapacitating,DISREGARD SIGNAL/REG SIGN,39.171744,-86.53352
9,5,2000.0,2-Car,No injury/unknown,FAILURE TO YIELD RIGHT OF WAY,39.171744,-86.534768
10,6,1100.0,3+ Cars,No injury/unknown,FAILURE TO YIELD RIGHT OF WAY,39.171744,-86.534768
3,4,1500.0,2-Car,No injury/unknown,IMPROPER TURNING,39.171744,-86.534768
6,4,1200.0,2-Car,No injury/unknown,OTHER TELEMATICS IN USE,39.171744,-86.534768
5,7,700.0,2-Car,No injury/unknown,DISREGARD SIGNAL/REG SIGN,39.171744,-86.534768
5,7,1800.0,2-Car,No injury/unknown,FOLLOWING TOO CLOSELY,39.171744,-86.534768
4,3,0.0,1-Car,Non-incapacitating,UNSAFE SPEED,39.171744,-86.534768
1,3,1200.0,2-Car,No injury/unknown,IMPROPER TURNING,39.171744,-86.534768
10,7,1400.0,2-Car,No injury/unknown,FAILURE TO YIELD RIGHT OF WAY,39.171728,-86.5324
3,6,1100.0,2-Car,No injury/unknown,FAILURE TO YIELD RIGHT OF WAY,39.171728,-86.5324
10,5,1700.0,2-Car,No injury/unknown,FAILURE TO YIELD RIGHT OF WAY,39.171728,-86.5324
7,6,2200.0,2-Car,No injury/unknown,FAILURE TO YIELD RIGHT OF WAY,39.171712,-86.530992
12,2,1900.0,Moped/Motorcycle,Non-incapacitating,FAILURE TO YIELD RIGHT OF WAY,39.171712,-86.530992
5,5,1700.0,2-Car,No injury/unknown,FAILURE TO YIELD RIGHT OF WAY,39.171712,-86.530992
10,4,1000.0,2-Car,Non-incapacitating,FAILURE TO YIELD RIGHT OF WAY,39.171712,-86.530992
2,6,900.0,2-Car,No injury/unknown,FAILURE TO YIELD RIGHT OF WAY,39.171712,-86.530992
4,6,1500.0,2-Car,Non-incapacitating,FAILURE TO YIELD RIGHT OF WAY,39.171712,-86.530992
4,7,1500.0,2-Car,No injury/unknown,FAILURE TO YIELD RIGHT OF WAY,39.17170282,-86.534768
3,5,800.0,2-Car,No injury/unknown,UNSAFE BACKING,39.171699,-86.526996
9,2,1700.0,2-Car,No injury/unknown,FAILURE TO YIELD RIGHT OF WAY,39.171696,-86.529696
4,6,2000.0,2-Car,Non-incapacitating,FAILURE TO YIELD RIGHT OF WAY,39.171696,-86.528896
10,7,1500.0,2-Car,No injury/unknown,FAILURE TO YIELD RIGHT OF WAY,39.171696,-86.529696
1,7,100.0,2-Car,No injury/unknown,FAILURE TO YIELD RIGHT OF WAY,39.171696,-86.529696
3,7,1100.0,2-Car,Non-incapacitating,FAILURE TO YIELD RIGHT OF WAY,39.171696,-86.529696
11,7,1600.0,2-Car,No injury/unknown,DRIVER DISTRACTED - EXPLAIN IN NARRATIVE,39.17168,-86.52720133
8,2,100.0,2-Car,No injury/unknown,UNSAFE BACKING,39.17168,-86.52720133
8,5,1900.0,2-Car,No injury/unknown,UNSAFE BACKING,39.17168,-86.527024
1,5,1800.0,1-Car,Non-incapacitating,FAILURE TO YIELD RIGHT OF WAY,39.17168,-86.527024
11,1,300.0,1-Car,No injury/unknown,ALCOHOLIC BEVERAGES,39.17168,-86.528256
6,3,1200.0,Moped/Motorcycle,Non-incapacitating,OTHER (DRIVER) - EXPLAIN IN NARRATIVE,39.17168,-86.528256
9,3,1000.0,Moped/Motorcycle,Incapacitating,FAILURE TO YIELD RIGHT OF WAY,39.17168,-86.528256
10,2,1500.0,3+ Cars,Non-incapacitating,FOLLOWING TOO CLOSELY,39.17168,-86.527024
12,3,1000.0,2-Car,No injury/unknown,FAILURE TO YIELD RIGHT OF WAY,39.17168,-86.528256