Month,Day,Hour,Collision Type,Injury Type,Primary Factor,Latitude,Longitude
2,7,1200.0,2-Car,No injury/unknown,FAILURE TO YIELD RIGHT OF WAY,39.17168,-86.528256
3,3,1100.0,2-Car,No injury/unknown,FOLLOWING TOO CLOSELY,39.17168,-86.528256
1,1,300.0,2-Car,Non-incapacitating,FAILURE TO YIELD RIGHT OF WAY,39.17168,-86.528256
10,1,1800.0,2-Car,No injury/unknown,UNSAFE BACKING,39.17168,-86.527024
1,7,300.0,2-Car,Non-incapacitating,FAILURE TO YIELD RIGHT OF WAY,39.171664,-86.52576
3,6,1500.0,2-Car,No injury/unknown,FAILURE TO YIELD RIGHT OF WAY,39.171664,-86.52576
4,1,1000.0,2-Car,No injury/unknown,IMPROPER TURNING,39.17166164,-86.534768
10,5,1400.0,2-Car,Non-incapacitating,OTHER (DRIVER) - EXPLAIN IN NARRATIVE,39.17164948,-86.52471438
10,1,1000.0,1-Car,Non-incapacitating,SPEED TOO FAST FOR WEATHER CONDITIONS,39.17164801,-86.50673335
3,7,300.0,1-Car,No injury/unknown,ALCOHOLIC BEVERAGES,39.171648,-86.50699934
9,3,2100.0,2-Car,No injury/unknown,DISREGARD SIGNAL/REG SIGN,39.171648,-86.502096
11,5,1000.0,2-Car,Non-incapacitating,FAILURE TO YIELD RIGHT OF WAY,39.171648,-86.502096
1,6,1300.0,1-Car,No injury/unknown,OTHER (ENVIRONMENTAL) - EXPLAIN IN NARR,39.171648,-86.507088
1,3,1300.0,2-Car,Non-incapacitating,FAILURE TO YIELD RIGHT OF WAY,39.171648,-86.524608
4,6,1700.0,1-Car,No injury/unknown,OVERCORRECTING/OVERSTEERING,39.171648,-86.507088
2,3,1700.0,2-Car,No injury/unknown,OTHER (DRIVER) - EXPLAIN IN NARRATIVE,39.171648,-86.50293407
1,7,100.0,1-Car,No injury/unknown,OVERCORRECTING/OVERSTEERING,39.171648,-86.507088
2,5,1700.0,1-Car,No injury/unknown,OTHER (DRIVER) - EXPLAIN IN NARRATIVE,39.171648,-86.50435515
9,2,1700.0,2-Car,Non-incapacitating,FAILURE TO YIELD RIGHT OF WAY,39.171648,-86.524608
5,7,1400.0,2-Car,No injury/unknown,OTHER (DRIVER) - EXPLAIN IN NARRATIVE,39.171648,-86.50280654
9,5,2200.0,2-Car,No injury/unknown,OTHER (DRIVER) - EXPLAIN IN NARRATIVE,39.171648,-86.502096
6,2,1200.0,2-Car,No injury/unknown,OTHER (DRIVER) - EXPLAIN IN NARRATIVE,39.171648,-86.50389968
4,6,1400.0,2-Car,No injury/unknown,FAILURE TO YIELD RIGHT OF WAY,39.171648,-86.524608
6,6,1500.0,2-Car,Non-incapacitating,UNSAFE SPEED,39.171648,-86.502096
5,3,1500.0,2-Car,No injury/unknown,IMPROPER TURNING,39.171648,-86.50435515
11,4,1700.0,2-Car,Non-incapacitating,FAILURE TO YIELD RIGHT OF WAY,39.171648,-86.507088
7,2,1600.0,2-Car,No injury/unknown,FOLLOWING TOO CLOSELY,39.171648,-86.507088
4,5,1900.0,2-Car,No injury/unknown,FOLLOWING TOO CLOSELY,39.17164747,-86.52457254
8,4,1000.0,2-Car,No injury/unknown,UNSAFE SPEED,39.17164483,-86.52439525
8,6,1600.0,2-Car,No injury/unknown,FAILURE TO YIELD RIGHT OF WAY,39.17164436,-86.50191874
8,4,1700.0,2-Car,No injury/unknown,FAILURE TO YIELD RIGHT OF WAY,39.17163418,-86.534768
7,3,1700.0,2-Car,No injury/unknown,FAILURE TO YIELD RIGHT OF WAY,39.171632,-86.52353600000001
9,1,1700.0,2-Car,No injury/unknown,FOLLOWING TOO CLOSELY,39.171632,-86.52353600000001
9,1,1800.0,1-Car,Non-incapacitating,FAILURE TO YIELD RIGHT OF WAY,39.171632,-86.52353600000001
2,6,1300.0,2-Car,No injury/unknown,DISREGARD SIGNAL/REG SIGN,39.171632,-86.52353600000001
2,6,1500.0,2-Car,No injury/unknown,OVERCORRECTING/OVERSTEERING,39.171632,-86.52353600000001
12,5,1400.0,3+ Cars,Non-incapacitating,FOLLOWING TOO CLOSELY,39.171632,-86.52353600000001
1,5,2200.0,2-Car,No injury/unknown,ROADWAY SURFACE CONDITION,39.171632,-86.52353600000001
8,2,1500.0,2-Car,No injury/unknown,IMPROPER PASSING,39.171632,-86.52353600000001
11,2,1900.0,2-Car,No injury/unknown,FAILURE TO YIELD RIGHT OF WAY,39.171632,-86.52353600000001
4,2,1300.0,2-Car,No injury/unknown,FAILURE TO YIELD RIGHT OF WAY,39.171632,-86.52353600000001
3,5,1600.0,2-Car,No injury/unknown,FAILURE TO YIELD RIGHT OF WAY,39.171632,-86.52353600000001
2,6,1300.0,3+ Cars,No injury/unknown,OTHER (DRIVER) - EXPLAIN IN NARRATIVE,39.171632,-86.52353600000001
4,6,200.0,1-Car,No injury/unknown,ALCOHOLIC BEVERAGES,39.17163065,-86.528495
7,6,1600.0,1-Car,Non-incapacitating,PEDESTRIAN ACTION,39.17162217,-86.48129807
12,7,400.0,1-Car,No injury/unknown,ALCOHOLIC BEVERAGES,39.17162055,-86.507088
11,6,1500.0,2-Car,No injury/unknown,OTHER (DRIVER) - EXPLAIN IN NARRATIVE,39.1716193,-86.50069948
10,5,1500.0,2-Car,No injury/unknown,UNSAFE BACKING,39.171616,-86.5224
9,6,1500.0,2-Car,No injury/unknown,FOLLOWING TOO CLOSELY,39.171616,-86.5224
11,3,1700.0,2-Car,Non-incapacitating,FOLLOWING TOO CLOSELY,39.171616,-86.5224
4,3,1500.0,3+ Cars,Non-incapacitating,FOLLOWING TOO CLOSELY,39.171616,-86.5224
1,6,1100.0,3+ Cars,No injury/unknown,UNSAFE BACKING,39.17160835,-86.50016626
5,3,1500.0,2-Car,No injury/unknown,NONE (DRIVER),39.17160835,-86.50016626
9,5,300.0,2-Car,No injury/unknown,RAN OFF ROAD RIGHT,39.17160672,-86.534768
1,3,1600.0,3+ Cars,No injury/unknown,FOLLOWING TOO CLOSELY,39.17160038,-86.52093146
2,4,2100.0,3+ Cars,No injury/unknown,FOLLOWING TOO CLOSELY,39.17160019,-86.52091373
11,2,1800.0,3+ Cars,No injury/unknown,FOLLOWING TOO CLOSELY,39.1716,-86.520896
11,5,1200.0,2-Car,Non-incapacitating,DRIVER DISTRACTED - EXPLAIN IN NARRATIVE,39.1716,-86.50509641
9,4,2000.0,2-Car,No injury/unknown,FOLLOWING TOO CLOSELY,39.1716,-86.522399
11,4,1200.0,2-Car,No injury/unknown,FAILURE TO YIELD RIGHT OF WAY,39.1716,-86.520097
9,7,1900.0,2-Car,No injury/unknown,OTHER (DRIVER) - EXPLAIN IN NARRATIVE,39.1716,-86.51048924
12,4,1900.0,2-Car,No injury/unknown,DRIVER DISTRACTED - EXPLAIN IN NARRATIVE,39.1716,-86.525797
12,2,1000.0,2-Car,No injury/unknown,DRIVER DISTRACTED - EXPLAIN IN NARRATIVE,39.1716,-86.520896
4,3,1700.0,2-Car,No injury/unknown,FOLLOWING TOO CLOSELY,39.1716,-86.520896
8,5,1500.0,2-Car,No injury/unknown,FOLLOWING TOO CLOSELY,39.1716,-86.520896
4,1,2000.0,2-Car,No injury/unknown,FAILURE TO YIELD RIGHT OF WAY,39.1716,-86.513894
6,6,900.0,1-Car,No injury/unknown,OTHER (DRIVER) - EXPLAIN IN NARRATIVE,39.1716,-86.5138767
9,4,2000.0,2-Car,No injury/unknown,FOLLOWING TOO CLOSELY,39.1716,-86.515599
8,3,1500.0,2-Car,No injury/unknown,FOLLOWING TOO CLOSELY,39.1716,-86.51390179
6,4,1200.0,2-Car,No injury/unknown,OTHER (DRIVER) - EXPLAIN IN NARRATIVE,39.1716,-86.51388967
6,4,1300.0,2-Car,No injury/unknown,OTHER (DRIVER) - EXPLAIN IN NARRATIVE,39.1716,-86.51559251
12,4,1300.0,2-Car,No injury/unknown,OTHER (DRIVER) - EXPLAIN IN NARRATIVE,39.17159765,-86.52702168
2,5,1400.0,2-Car,No injury/unknown,OTHER (DRIVER) - EXPLAIN IN NARRATIVE,39.17159084,-86.52353418
5,5,1400.0,2-Car,Non-incapacitating,FOLLOWING TOO CLOSELY,39.17158452,-86.51875893
11,6,2200.0,2-Car,No injury/unknown,FAILURE TO YIELD RIGHT OF WAY,39.17158426,-86.51872346
8,3,800.0,2-Car,No injury/unknown,UNSAFE SPEED,39.171584,-86.518688
12,6,1500.0,2-Car,No injury/unknown,UNSAFE BACKING,39.171584,-86.518688
6,3,1300.0,2-Car,No injury/unknown,FAILURE TO YIELD RIGHT OF WAY,39.171584,-86.518688
10,2,1500.0,2-Car,No injury/unknown,DISREGARD SIGNAL/REG SIGN,39.171584,-86.518688
8,7,0.0,2-Car,No injury/unknown,FAILURE TO YIELD RIGHT OF WAY,39.171584,-86.518688
10,6,1500.0,2-Car,No injury/unknown,FAILURE TO YIELD RIGHT OF WAY,39.171584,-86.518688
4,5,1400.0,3+ Cars,Non-incapacitating,UNSAFE SPEED,39.171584,-86.518688
3,5,1800.0,3+ Cars,Non-incapacitating,FOLLOWING TOO CLOSELY,39.171584,-86.518688
3,3,2100.0,3+ Cars,Non-incapacitating,FOLLOWING TOO CLOSELY,39.171584,-86.518688
3,1,0.0,2-Car,No injury/unknown,,39.17158391,-86.52825465
5,3,1800.0,3+ Cars,No injury/unknown,FOLLOWING TOO CLOSELY,39.17158055,-86.51836885
9,1,1900.0,2-Car,No injury/unknown,UNSAFE BACKING,39.17157747,-86.51808392
9,6,1400.0,2-Car,No injury/unknown,FOLLOWING TOO CLOSELY,39.1715634,-86.52353297
9,5,2200.0,2-Car,No injury/unknown,IMPROPER TURNING,39.17155495,-86.50216018
11,6,1900.0,2-Car,No injury/unknown,OTHER (DRIVER) - EXPLAIN IN NARRATIVE,39.171552,-86.515728
9,3,1100.0,1-Car,Non-incapacitating,PEDESTRIAN ACTION,39.171552,-86.515728
11,6,1500.0,2-Car,No injury/unknown,FOLLOWING TOO CLOSELY,39.171552,-86.515728
7,3,900.0,2-Car,No injury/unknown,NONE (DRIVER),39.171552,-86.515728
12,4,2000.0,1-Car,Non-incapacitating,FAILURE TO YIELD RIGHT OF WAY,39.171552,-86.515728
9,2,1300.0,Bus,No injury/unknown,FOLLOWING TOO CLOSELY,39.171552,-86.515728
11,3,1900.0,2-Car,No injury/unknown,FOLLOWING TOO CLOSELY,39.171552,-86.515728
12,2,1000.0,Bus,No injury/unknown,IMPROPER TURNING,39.171552,-86.515728
6,2,900.0,2-Car,No injury/unknown,FOLLOWING TOO CLOSELY,39.171552,-86.515728
1,1,1200.0,2-Car,No injury/unknown,FOLLOWING TOO CLOSELY,39.171552,-86.515728
12,2,2200.0,2-Car,No injury/unknown,FAILURE TO YIELD RIGHT OF WAY,39.171552,-86.515728
7,3,1300.0,2-Car,Non-incapacitating,UNSAFE SPEED,39.171552,-86.515728
3,3,1100.0,2-Car,Non-incapacitating,FOLLOWING TOO CLOSELY,39.171552,-86.515728
5,7,1500.0,2-Car,No injury/unknown,FOLLOWING TOO CLOSELY,39.171552,-86.515728
2,4,1600.0,2-Car,No injury/unknown,FOLLOWING TOO CLOSELY,39.171552,-86.515728
5,5,,2-Car,Non-incapacitating,DRIVER DISTRACTED - EXPLAIN IN NARRATIVE,39.171552,-86.515728
4,5,2100.0,2-Car,No injury/unknown,FAILURE TO YIELD RIGHT OF WAY,39.171552,-86.515728
4,6,1800.0,2-Car,No injury/unknown,TRAFFIC CONTROL INOPERATIVE/MISSING/OBSC,39.171552,-86.515728
4,4,1600.0,2-Car,No injury/unknown,FAILURE TO YIELD RIGHT OF WAY,39.171552,-86.515728
2,3,1900.0,2-Car,No injury/unknown,FOLLOWING TOO CLOSELY,39.171552,-86.515728
7,1,1100.0,2-Car,No injury/unknown,IMPROPER TURNING,39.17155181,-86.534768
9,1,1900.0,1-Car,No injury/unknown,HOLES/RUTS IN SURFACE,39.17155151,-86.51569254
11,4,1700.0,2-Car,No injury/unknown,FOLLOWING TOO CLOSELY,39.17155101,-86.51565708
9,6,1300.0,3+ Cars,Non-incapacitating,UNSAFE SPEED,39.17155002,-86.51558616
11,4,1800.0,3+ Cars,No injury/unknown,LEFT OF CENTER,39.17154459,-86.51519611
10,3,2000.0,1-Car,No injury/unknown,DISREGARD SIGNAL/REG SIGN,39.17151072,-86.507088
10,6,2100.0,2-Car,No injury/unknown,OTHER (DRIVER) - EXPLAIN IN NARRATIVE,39.17150852,-86.52353055
9,6,1600.0,2-Car,No injury/unknown,FOLLOWING TOO CLOSELY,39.171504,-86.4946027
8,7,900.0,2-Car,No injury/unknown,FAILURE TO YIELD RIGHT OF WAY,39.171504,-86.49296
9,1,2200.0,2-Car,No injury/unknown,FAILURE TO YIELD RIGHT OF WAY,39.171504,-86.495312
7,5,1200.0,3+ Cars,Non-incapacitating,FAILURE TO YIELD RIGHT OF WAY,39.171504,-86.49296
7,6,1300.0,2-Car,No injury/unknown,IMPROPER LANE USAGE,39.171504,-86.49513468
7,2,1600.0,3+ Cars,Non-incapacitating,FAILURE TO YIELD RIGHT OF WAY,39.171504,-86.495312
7,2,1300.0,2-Car,No injury/unknown,FAILURE TO YIELD RIGHT OF WAY,39.171504,-86.49513468
7,5,900.0,2-Car,No injury/unknown,FAILURE TO YIELD RIGHT OF WAY,39.171504,-86.495312
7,1,1300.0,2-Car,No injury/unknown,OTHER (DRIVER) - EXPLAIN IN NARRATIVE,39.171504,-86.495312
10,2,1000.0,2-Car,No injury/unknown,UNSAFE BACKING,39.171504,-86.495312
3,6,1800.0,1-Car,No injury/unknown,OTHER (DRIVER) - EXPLAIN IN NARRATIVE,39.171504,-86.49509867
1,3,1500.0,2-Car,No injury/unknown,FOLLOWING TOO CLOSELY,39.171504,-86.495312
1,5,900.0,3+ Cars,Non-incapacitating,FAILURE TO YIELD RIGHT OF WAY,39.171504,-86.49296
5,2,1700.0,2-Car,Non-incapacitating,UNSAFE SPEED,39.171504,-86.495312
2,4,2000.0,2-Car,Non-incapacitating,FAILURE TO YIELD RIGHT OF WAY,39.17149729,-86.51573404
10,2,1700.0,2-Car,No injury/unknown,FAILURE TO YIELD RIGHT OF WAY,39.1714837,-86.51043984
12,5,1500.0,2-Car,No injury/unknown,FAILURE TO YIELD RIGHT OF WAY,39.17148175,-86.51026253
9,5,0.0,2-Car,No injury/unknown,UNSAFE SPEED,39.1714793,-86.51004048
6,5,1700.0,2-Car,No injury/unknown,FAILURE TO YIELD RIGHT OF WAY,39.17147785,-86.50990792
6,6,,2-Car,No injury/unknown,FOLLOWING TOO CLOSELY,39.17147493,-86.50964196
5,7,1400.0,2-Car,No injury/unknown,UNSAFE SPEED,39.17147317,-86.50948238
10,3,800.0,2-Car,No injury/unknown,FAILURE TO YIELD RIGHT OF WAY,39.171472,-86.509376
12,7,2200.0,2-Car,No injury/unknown,FAILURE TO YIELD RIGHT OF WAY,39.171472,-86.509376
11,5,1200.0,2-Car,No injury/unknown,FAILURE TO YIELD RIGHT OF WAY,39.171472,-86.509376
12,2,1500.0,2-Car,No injury/unknown,UNSAFE BACKING,39.171472,-86.509376
4,4,1300.0,2-Car,No injury/unknown,FAILURE TO YIELD RIGHT OF WAY,39.171472,-86.509376
4,4,1100.0,2-Car,No injury/unknown,UNSAFE BACKING,39.171472,-86.509376
2,4,1700.0,Bus,No injury/unknown,OTHER (DRIVER) - EXPLAIN IN NARRATIVE,39.171472,-86.509376
11,7,1400.0,2-Car,Non-incapacitating,FAILURE TO YIELD RIGHT OF WAY,39.17146957,-86.49534365
8,5,1400.0,2-Car,No injury/unknown,IMPROPER TURNING,39.17146945,-86.534768
11,3,1400.0,2-Car,No injury/unknown,FAILURE TO YIELD RIGHT OF WAY,39.17146945,-86.534768
10,7,2100.0,2-Car,Non-incapacitating,FAILURE TO YIELD RIGHT OF WAY,39.171376,-86.548696
1,3,800.0,3+ Cars,No injury/unknown,SPEED TOO FAST FOR WEATHER CONDITIONS,39.171376,-86.548696
4,6,1000.0,2-Car,No injury/unknown,OTHER (DRIVER) - EXPLAIN IN NARRATIVE,39.171376,-86.548696
4,1,1600.0,2-Car,No injury/unknown,,39.171376,-86.548696
11,4,1900.0,2-Car,No injury/unknown,IMPROPER PASSING,39.171376,-86.548696
1,3,1700.0,2-Car,No injury/unknown,FAILURE TO YIELD RIGHT OF WAY,39.17133316,-86.51575217
8,3,700.0,2-Car,No injury/unknown,LEFT OF CENTER,39.171248,-86.481328
12,5,1800.0,2-Car,No injury/unknown,FOLLOWING TOO CLOSELY,39.17123626,-86.50147033
9,4,2000.0,2-Car,Non-incapacitating,IMPROPER PASSING,39.17119748,-86.50937067
5,7,1100.0,1-Car,No injury/unknown,RAN OFF ROAD RIGHT,39.17113103,-86.52700854
3,7,2300.0,1-Car,No injury/unknown,ANIMAL/OBJECT IN ROADWAY,39.17097345,-86.549696
8,5,1200.0,2-Car,No injury/unknown,,39.17096033,-86.53353045
5,2,1200.0,2-Car,No injury/unknown,OTHER (DRIVER) - EXPLAIN IN NARRATIVE,39.17096033,-86.53353045
4,4,1300.0,2-Car,No injury/unknown,BRAKE FAILURE OR DEFECTIVE,39.170912,-86.551328
9,5,900.0,1-Car,No injury/unknown,RAN OFF ROAD RIGHT,39.17088686,-86.534768
12,6,1200.0,2-Car,Non-incapacitating,FAILURE TO YIELD RIGHT OF WAY,39.17088686,-86.534768
12,7,1300.0,2-Car,No injury/unknown,OTHER (DRIVER) - EXPLAIN IN NARRATIVE,39.17081855,-86.529696
10,1,2200.0,2-Car,No injury/unknown,IMPROPER LANE USAGE,39.17075853,-86.530992
6,4,900.0,2-Car,No injury/unknown,UNSAFE BACKING,39.17074991,-86.536
8,2,2200.0,2-Car,No injury/unknown,OTHER (DRIVER) - EXPLAIN IN NARRATIVE,39.17074979,-86.52349708
12,5,1600.0,2-Car,No injury/unknown,ROADWAY SURFACE CONDITION,39.17073134,-86.51581863
11,6,1100.0,2-Car,No injury/unknown,FAILURE TO YIELD RIGHT OF WAY,39.17072,-86.4956
4,3,1000.0,2-Car,No injury/unknown,FOLLOWING TOO CLOSELY,39.17072,-86.4956
6,2,2100.0,Moped/Motorcycle,Non-incapacitating,IMPROPER PASSING,39.17072,-86.4956
5,6,300.0,1-Car,Non-incapacitating,ALCOHOLIC BEVERAGES,39.1707035,-86.49506846
11,1,1100.0,2-Car,No injury/unknown,UNSAFE BACKING,39.170648,-86.572352
2,7,1200.0,2-Car,Non-incapacitating,FAILURE TO YIELD RIGHT OF WAY,39.17064,-86.680896
1,5,1700.0,2-Car,No injury/unknown,UNSAFE BACKING,39.17064,-86.504896
9,3,1900.0,2-Car,No injury/unknown,OTHER (DRIVER) - EXPLAIN IN NARRATIVE,39.17064,-86.504896
12,2,1400.0,2-Car,No injury/unknown,UNSAFE BACKING,39.17064,-86.504896
4,6,0.0,2-Car,No injury/unknown,OTHER (DRIVER) - EXPLAIN IN NARRATIVE,39.17064,-86.504896
6,7,1700.0,2-Car,No injury/unknown,UNSAFE BACKING,39.1706151,-86.522299
3,6,1500.0,2-Car,Non-incapacitating,FOLLOWING TOO CLOSELY,39.17058832,-86.582995
10,7,1100.0,2-Car,No injury/unknown,UNSAFE BACKING,39.17058288,-86.534768
3,3,1300.0,2-Car,No injury/unknown,FAILURE TO YIELD RIGHT OF WAY,39.170544,-86.53450202
9,6,1700.0,3+ Cars,Non-incapacitating,FAILURE TO YIELD RIGHT OF WAY,39.170544,-86.526992
8,7,1600.0,2-Car,No injury/unknown,IMPROPER TURNING,39.170544,-86.534768
8,3,1800.0,2-Car,No injury/unknown,UNSAFE BACKING,39.170544,-86.536
10,5,1000.0,2-Car,No injury/unknown,IMPROPER TURNING,39.170544,-86.534768
9,7,2200.0,Bus,No injury/unknown,IMPROPER TURNING,39.170544,-86.5324
9,6,1400.0,2-Car,No injury/unknown,FAILURE TO YIELD RIGHT OF WAY,39.170544,-86.534768
4,2,900.0,2-Car,No injury/unknown,UNSAFE BACKING,39.170544,-86.526992
7,6,1400.0,2-Car,Non-incapacitating,UNSAFE BACKING,39.170544,-86.533536
5,6,2000.0,1-Car,No injury/unknown,,39.170544,-86.534768
2,7,1800.0,2-Car,No injury/unknown,UNSAFE BACKING,39.170544,-86.534768
5,6,1600.0,2-Car,No injury/unknown,FAILURE TO YIELD RIGHT OF WAY,39.170544,-86.529696
5,7,1300.0,2-Car,No injury/unknown,OTHER (DRIVER) - EXPLAIN IN NARRATIVE,39.170544,-86.526992
4,3,1700.0,2-Car,No injury/unknown,FAILURE TO YIELD RIGHT OF WAY,39.170544,-86.526992
1,6,1400.0,2-Car,Non-incapacitating,FAILURE TO YIELD RIGHT OF WAY,39.170544,-86.526992
11,7,1400.0,2-Car,No injury/unknown,FAILURE TO YIELD RIGHT OF WAY,39.170544,-86.5324
11,4,1000.0,2-Car,No injury/unknown,FAILURE TO YIELD RIGHT OF WAY,39.170544,-86.534768
1,2,1400.0,2-Car,No injury/unknown,FAILURE TO YIELD RIGHT OF WAY,39.17051339,-86.55379641
4,6,1700.0,2-Car,No injury/unknown,FAILURE TO YIELD RIGHT OF WAY,39.17050282,-86.53476866
9,7,2200.0,2-Car,No injury/unknown,IMPROPER TURNING,39.17048909,-86.53476889
10,6,1800.0,2-Car,No injury/unknown,FAILURE TO YIELD RIGHT OF WAY,39.17046164,-86.53476933
7,6,1600.0,2-Car,No injury/unknown,RAN OFF ROAD RIGHT,39.170448,-86.542096
10,2,1100.0,2-Car,No injury/unknown,UNSAFE BACKING,39.17044791,-86.536
1,5,1800.0,1-Car,Non-incapacitating,ANIMAL/OBJECT IN ROADWAY,39.17041911,-86.67736105
5,4,1600.0,1-Car,No injury/unknown,IMPROPER TURNING,39.17026691,-86.68184427
1,7,800.0,2-Car,No injury/unknown,FOLLOWING TOO CLOSELY,39.17024,-86.501392
8,4,1200.0,2-Car,Non-incapacitating,FOLLOWING TOO CLOSELY,39.17024,-86.501392
7,3,1300.0,1-Car,No injury/unknown,OTHER (DRIVER) - EXPLAIN IN NARRATIVE,39.17024,-86.501392
9,7,1200.0,2-Car,Non-incapacitating,FOLLOWING TOO CLOSELY,39.17024,-86.501392
2,6,1700.0,2-Car,No injury/unknown,FOLLOWING TOO CLOSELY,39.17024,-86.501392
1,1,2000.0,1-Car,No injury/unknown,ROADWAY SURFACE CONDITION,39.17024,-86.501392
11,6,1300.0,2-Car,No injury/unknown,UNSAFE BACKING,39.17024,-86.501392
11,2,1300.0,2-Car,No injury/unknown,FOLLOWING TOO CLOSELY,39.17024,-86.501392
9,3,1900.0,2-Car,No injury/unknown,IMPROPER LANE USAGE,39.17013209,-86.5158848
4,5,1700.0,2-Car,No injury/unknown,IMPROPER TURNING,39.17011693,-86.524546
2,5,1300.0,2-Car,No injury/unknown,,39.170095,-86.576399
6,4,1700.0,2-Car,No injury/unknown,UNSAFE BACKING,39.170095,-86.576399
10,3,700.0,2-Car,No injury/unknown,DRIVER DISTRACTED - EXPLAIN IN NARRATIVE,39.170095,-86.576399
5,1,1300.0,2-Car,No injury/unknown,DRIVER DISTRACTED - EXPLAIN IN NARRATIVE,39.170095,-86.576399
9,1,1500.0,2-Car,No injury/unknown,OTHER (DRIVER) - EXPLAIN IN NARRATIVE,39.170095,-86.576399
5,2,1100.0,2-Car,No injury/unknown,OTHER (DRIVER) - EXPLAIN IN NARRATIVE,39.170095,-86.576399
10,3,,2-Car,No injury/unknown,OTHER (DRIVER) - EXPLAIN IN NARRATIVE,39.170095,-86.576399
11,7,800.0,2-Car,No injury/unknown,DRIVER ASLEEP OR FATIGUED,39.170095,-86.576399
11,4,1300.0,2-Car,No injury/unknown,OTHER (DRIVER) - EXPLAIN IN NARRATIVE,39.170095,-86.576399
12,3,800.0,3+ Cars,No injury/unknown,SPEED TOO FAST FOR WEATHER CONDITIONS,39.17009329,-86.59829509
12,4,900.0,2-Car,No injury/unknown,OTHER (DRIVER) - EXPLAIN IN NARRATIVE,39.170056,-86.50488
8,7,1600.0,2-Car,No injury/unknown,IMPROPER LANE USAGE,39.1699569,-86.52345959
11,2,700.0,2-Car,No injury/unknown,FAILURE TO YIELD RIGHT OF WAY,39.16993935,-86.526899
10,3,700.0,2-Car,No injury/unknown,FAILURE TO YIELD RIGHT OF WAY,39.16984,-86.549696
1,3,800.0,2-Car,Non-incapacitating,FAILURE TO YIELD RIGHT OF WAY,39.16984,-86.549696
2,6,300.0,1-Car,No injury/unknown,SPEED TOO FAST FOR WEATHER CONDITIONS,39.16976466,-86.51592538
6,7,1300.0,1-Car,No injury/unknown,OTHER (DRIVER) - EXPLAIN IN NARRATIVE,39.16975781,-86.54968915
12,2,2100.0,2-Car,No injury/unknown,OTHER (DRIVER) - EXPLAIN IN NARRATIVE,39.16974417,-86.5347809
2,2,1600.0,2-Car,No injury/unknown,OTHER (DRIVER) - EXPLAIN IN NARRATIVE,39.1697342,-86.50487118
10,7,1000.0,2-Car,No injury/unknown,LEFT OF CENTER,39.16969371,-86.53354971
8,7,900.0,2-Car,No injury/unknown,OTHER (DRIVER) - EXPLAIN IN NARRATIVE,39.16968,-86.552192
11,7,100.0,2-Car,No injury/unknown,OTHER (DRIVER) - EXPLAIN IN NARRATIVE,39.16967776,-86.5520147
11,1,1200.0,2-Car,No injury/unknown,FAILURE TO YIELD RIGHT OF WAY,39.169648,-86.52824
4,4,900.0,1-Car,No injury/unknown,OTHER (DRIVER) - EXPLAIN IN NARRATIVE,39.16963325,-86.54966752
12,5,1400.0,2-Car,Non-incapacitating,CELL PHONE USAGE,39.16962063,-86.53478289
12,7,1500.0,2-Car,No injury/unknown,,39.16961661,-86.49980658
5,6,1600.0,2-Car,No injury/unknown,FAILURE TO YIELD RIGHT OF WAY,39.1696,-86.54104
4,1,1200.0,Bus,No injury/unknown,OTHER (DRIVER) - EXPLAIN IN NARRATIVE,39.1696,-86.539808
7,3,1200.0,2-Car,No injury/unknown,SPEED TOO FAST FOR WEATHER CONDITIONS,39.1695999,-86.50107194
11,4,1000.0,2-Car,No injury/unknown,FAILURE TO YIELD RIGHT OF WAY,39.16959321,-86.53928518
12,3,1200.0,1-Car,No injury/unknown,OTHER (DRIVER) - EXPLAIN IN NARRATIVE,39.16957928,-86.54962185
8,2,1100.0,2-Car,No injury/unknown,UNSAFE BACKING,39.169568,-86.536
6,3,1700.0,2-Car,No injury/unknown,UNSAFE BACKING,39.169552,-86.53222268
11,4,1200.0,1-Car,Non-incapacitating,PEDESTRIAN ACTION,39.169552,-86.529696
7,6,1200.0,2-Car,No injury/unknown,FAILURE TO YIELD RIGHT OF WAY,39.169552,-86.534784
7,4,1400.0,2-Car,No injury/unknown,FAILURE TO YIELD RIGHT OF WAY,39.169552,-86.534784
8,7,1700.0,3+ Cars,Non-incapacitating,FOLLOWING TOO CLOSELY,39.169552,-86.534784
8,7,1300.0,2-Car,No injury/unknown,FAILURE TO YIELD RIGHT OF WAY,39.169552,-86.534784
9,5,1800.0,2-Car,Non-incapacitating,FAILURE TO YIELD RIGHT OF WAY,39.169552,-86.533552
9,7,1700.0,2-Car,No injury/unknown,FAILURE TO YIELD RIGHT OF WAY,39.169552,-86.534784
6,2,1900.0,2-Car,No injury/unknown,IMPROPER TURNING,39.169552,-86.534784
5,6,2200.0,2-Car,No injury/unknown,FOLLOWING TOO CLOSELY,39.169552,-86.533552
4,4,1200.0,2-Car,No injury/unknown,OTHER (DRIVER) - EXPLAIN IN NARRATIVE,39.169552,-86.5324
4,7,1100.0,2-Car,No injury/unknown,IMPROPER TURNING,39.169552,-86.534784