Month,Day,Hour,Collision Type,Injury Type,Primary Factor,Latitude,Longitude
10,6,1300.0,3+ Cars,Non-incapacitating,OTHER (DRIVER) - EXPLAIN IN NARRATIVE,39.169552,-86.534784
10,4,1500.0,2-Car,No injury/unknown,FAILURE TO YIELD RIGHT OF WAY,39.169552,-86.534784
2,7,2100.0,2-Car,No injury/unknown,FOLLOWING TOO CLOSELY,39.169552,-86.534784
2,3,1200.0,2-Car,No injury/unknown,FAILURE TO YIELD RIGHT OF WAY,39.169552,-86.534784
1,5,2200.0,2-Car,No injury/unknown,IMPROPER LANE USAGE,39.169552,-86.534784
4,1,1600.0,2-Car,No injury/unknown,FAILURE TO YIELD RIGHT OF WAY,39.169552,-86.534784
1,7,1500.0,2-Car,No injury/unknown,ROADWAY SURFACE CONDITION,39.169552,-86.529696
5,6,1200.0,2-Car,No injury/unknown,OTHER (DRIVER) - EXPLAIN IN NARRATIVE,39.169552,-86.534784
11,2,1100.0,2-Car,No injury/unknown,UNSAFE BACKING,39.169509,-86.536099
9,2,600.0,2-Car,No injury/unknown,FAILURE TO YIELD RIGHT OF WAY,39.1695,-86.529799
7,5,1600.0,2-Car,No injury/unknown,FAILURE TO YIELD RIGHT OF WAY,39.1695,-86.534799
11,2,1900.0,2-Car,No injury/unknown,FOLLOWING TOO CLOSELY,39.16949111,-86.51595559
9,4,1000.0,3+ Cars,Non-incapacitating,UNSAFE SPEED,39.16949111,-86.51595559
11,1,300.0,2-Car,No injury/unknown,SPEED TOO FAST FOR WEATHER CONDITIONS,39.16949111,-86.51595559
6,2,2100.0,2-Car,No injury/unknown,FAILURE TO YIELD RIGHT OF WAY,39.16949111,-86.51595559
11,6,1400.0,2-Car,Non-incapacitating,FOLLOWING TOO CLOSELY,39.16947189,-86.50100793
1,2,1100.0,2-Car,No injury/unknown,OTHER (DRIVER) - EXPLAIN IN NARRATIVE,39.169448,-86.495896
9,5,1200.0,3+ Cars,Non-incapacitating,OTHER (DRIVER) - EXPLAIN IN NARRATIVE,39.16944218,-86.534784
9,3,1700.0,3+ Cars,No injury/unknown,FOLLOWING TOO CLOSELY,39.16944218,-86.534784
10,6,1200.0,2-Car,Non-incapacitating,DRIVER DISTRACTED - EXPLAIN IN NARRATIVE,39.16935981,-86.534784
8,7,1000.0,2-Car,No injury/unknown,IMPROPER TURNING,39.16934609,-86.534784
10,6,600.0,2-Car,Non-incapacitating,DRIVER ASLEEP OR FATIGUED,39.16932231,-86.47496937
4,1,,2-Car,No injury/unknown,NONE (DRIVER),39.169152,-86.508192
4,1,2100.0,2-Car,No injury/unknown,,39.169152,-86.508192
7,1,1300.0,2-Car,No injury/unknown,IMPROPER TURNING,39.16906783,-86.534784
2,1,1000.0,2-Car,No injury/unknown,OTHER (DRIVER) - EXPLAIN IN NARRATIVE,39.16904,-86.4792
4,5,1100.0,Bus,No injury/unknown,UNSAFE SPEED,39.16902607,-86.51600694
1,5,1400.0,2-Car,No injury/unknown,OTHER (DRIVER) - EXPLAIN IN NARRATIVE,39.169002,-86.57360149
8,4,800.0,2-Car,No injury/unknown,OTHER (DRIVER) - EXPLAIN IN NARRATIVE,39.168944,-86.516016
8,7,1700.0,1-Car,No injury/unknown,SPEED TOO FAST FOR WEATHER CONDITIONS,39.168944,-86.516016
9,7,2200.0,1-Car,Non-incapacitating,FAILURE TO YIELD RIGHT OF WAY,39.168944,-86.516016
7,3,1600.0,2-Car,No injury/unknown,OTHER (DRIVER) - EXPLAIN IN NARRATIVE,39.168944,-86.516016
3,2,1600.0,2-Car,No injury/unknown,IMPROPER TURNING,39.16891453,-86.53356318
3,3,1200.0,1-Car,Non-incapacitating,UNSAFE SPEED,39.16891432,-86.52340644
11,4,800.0,1-Car,Non-incapacitating,PEDESTRIAN ACTION,39.1689,-86.51609227
4,7,100.0,2-Car,No injury/unknown,OTHER (DRIVER) - EXPLAIN IN NARRATIVE,39.16886335,-86.53356408
3,7,200.0,2-Car,No injury/unknown,ALCOHOLIC BEVERAGES,39.1688459,-86.53356439
10,2,1900.0,2-Car,No injury/unknown,OTHER (DRIVER) - EXPLAIN IN NARRATIVE,39.168752,-86.5436
1,7,1800.0,1-Car,No injury/unknown,,39.168752,-86.5436
8,3,1100.0,2-Car,No injury/unknown,FAILURE TO YIELD RIGHT OF WAY,39.168752,-86.5436
6,3,1200.0,2-Car,No injury/unknown,UNSAFE BACKING,39.168752,-86.5436
1,7,,2-Car,No injury/unknown,OTHER (DRIVER) - EXPLAIN IN NARRATIVE,39.16874101,-86.50703692
9,4,1600.0,2-Car,No injury/unknown,FAILURE TO YIELD RIGHT OF WAY,39.168736,-86.542096
6,2,700.0,2-Car,Non-incapacitating,ANIMAL/OBJECT IN ROADWAY,39.16872429,-86.54136992
6,1,1500.0,3+ Cars,No injury/unknown,OTHER (DRIVER) - EXPLAIN IN NARRATIVE,39.16872,-86.541104
8,1,1600.0,1-Car,No injury/unknown,OTHER (DRIVER) - EXPLAIN IN NARRATIVE,39.16871277,-86.5495848
11,3,900.0,2-Car,No injury/unknown,FAILURE TO YIELD RIGHT OF WAY,39.16870531,-86.53991438
7,7,1200.0,2-Car,Non-incapacitating,DISREGARD SIGNAL/REG SIGN,39.168704,-86.538576
12,4,,2-Car,No injury/unknown,DISREGARD SIGNAL/REG SIGN,39.168704,-86.538576
9,2,1500.0,2-Car,No injury/unknown,,39.1687,-86.51389873
1,2,1600.0,2-Car,No injury/unknown,OVERCORRECTING/OVERSTEERING,39.1687,-86.51390133
1,3,1500.0,2-Car,No injury/unknown,FAILURE TO YIELD RIGHT OF WAY,39.168672,-86.536
8,3,1600.0,2-Car,No injury/unknown,FOLLOWING TOO CLOSELY,39.16867058,-86.51604817
9,3,1300.0,2-Car,No injury/unknown,OTHER (DRIVER) - EXPLAIN IN NARRATIVE,39.168656,-86.534784
4,5,900.0,3+ Cars,Non-incapacitating,DISREGARD SIGNAL/REG SIGN,39.168656,-86.534784
2,2,600.0,3+ Cars,Non-incapacitating,IMPROPER LANE USAGE,39.168656,-86.534784
3,2,800.0,2-Car,No injury/unknown,UNSAFE BACKING,39.168656,-86.534784
4,2,1300.0,2-Car,No injury/unknown,FOLLOWING TOO CLOSELY,39.168656,-86.534784
4,7,1800.0,2-Car,No injury/unknown,IMPROPER TURNING,39.168656,-86.534784
4,3,1400.0,2-Car,No injury/unknown,DISREGARD SIGNAL/REG SIGN,39.168656,-86.534784
5,2,1400.0,2-Car,No injury/unknown,FOLLOWING TOO CLOSELY,39.16864,-86.53330202
4,6,1800.0,2-Car,Non-incapacitating,OVERCORRECTING/OVERSTEERING,39.16864,-86.52666029
10,5,1000.0,2-Car,No injury/unknown,IMPROPER LANE USAGE,39.16864,-86.526944
12,4,1700.0,2-Car,No injury/unknown,OTHER (DRIVER) - EXPLAIN IN NARRATIVE,39.16864,-86.529696
10,2,1100.0,2-Car,No injury/unknown,OTHER (DRIVER) - EXPLAIN IN NARRATIVE,39.16864,-86.523392
9,2,1200.0,2-Car,No injury/unknown,OTHER (DRIVER) - EXPLAIN IN NARRATIVE,39.16864,-86.532984
9,2,1300.0,2-Car,No injury/unknown,FOLLOWING TOO CLOSELY,39.16864,-86.523392
9,3,1600.0,2-Car,No injury/unknown,UNSAFE BACKING,39.16864,-86.528224
11,4,1600.0,Bus,No injury/unknown,IMPROPER TURNING,39.16864,-86.523392
10,3,800.0,Bus,No injury/unknown,UNSAFE BACKING,39.16864,-86.523392
7,1,1400.0,2-Car,No injury/unknown,IMPROPER TURNING,39.16864,-86.533568
8,4,0.0,2-Car,No injury/unknown,FAILURE TO YIELD RIGHT OF WAY,39.16864,-86.5324
9,6,1800.0,2-Car,No injury/unknown,DISREGARD SIGNAL/REG SIGN,39.16864,-86.528224
9,3,1400.0,2-Car,No injury/unknown,FAILURE TO YIELD RIGHT OF WAY,39.16864,-86.528224
9,4,1300.0,Bus,No injury/unknown,FAILURE TO YIELD RIGHT OF WAY,39.16864,-86.5324
4,3,1200.0,3+ Cars,Non-incapacitating,DISREGARD SIGNAL/REG SIGN,39.16864,-86.533568
5,6,1200.0,2-Car,No injury/unknown,FAILURE TO YIELD RIGHT OF WAY,39.16864,-86.5324
12,4,1400.0,1-Car,Non-incapacitating,FAILURE TO YIELD RIGHT OF WAY,39.16864,-86.523392
9,6,1000.0,Bus,No injury/unknown,OTHER (DRIVER) - EXPLAIN IN NARRATIVE,39.16864,-86.523392
9,1,300.0,2-Car,No injury/unknown,OTHER (DRIVER) - EXPLAIN IN NARRATIVE,39.16864,-86.5324
10,7,2000.0,2-Car,No injury/unknown,IMPROPER LANE USAGE,39.16864,-86.533568
2,4,1300.0,2-Car,No injury/unknown,FAILURE TO YIELD RIGHT OF WAY,39.16864,-86.530992
2,2,1600.0,2-Car,No injury/unknown,UNSAFE BACKING,39.16864,-86.52785829
1,7,1600.0,2-Car,No injury/unknown,FAILURE TO YIELD RIGHT OF WAY,39.16864,-86.529696
5,1,1200.0,2-Car,Non-incapacitating,DISREGARD SIGNAL/REG SIGN,39.16864,-86.533568
6,4,1700.0,2-Car,No injury/unknown,OTHER (DRIVER) - EXPLAIN IN NARRATIVE,39.16864,-86.528224
4,3,1200.0,2-Car,No injury/unknown,FAILURE TO YIELD RIGHT OF WAY,39.16864,-86.529696
5,5,1700.0,2-Car,No injury/unknown,UNSAFE BACKING,39.16864,-86.52567151
7,5,2300.0,1-Car,No injury/unknown,OTHER (DRIVER) - EXPLAIN IN NARRATIVE,39.16864,-86.529696
5,1,1300.0,2-Car,No injury/unknown,UNSAFE BACKING,39.16862958,-86.52294205
2,3,900.0,2-Car,No injury/unknown,OTHER (DRIVER) - EXPLAIN IN NARRATIVE,39.1686,-86.54120273
7,5,1700.0,2-Car,No injury/unknown,FAILURE TO YIELD RIGHT OF WAY,39.168576,-86.5496
11,3,500.0,2-Car,Non-incapacitating,ALCOHOLIC BEVERAGES,39.168576,-86.5496
7,7,100.0,1-Car,No injury/unknown,ANIMAL/OBJECT IN ROADWAY,39.16857384,-86.4812776
8,2,1000.0,2-Car,No injury/unknown,UNSAFE BACKING,39.168528,-86.576399
2,6,2300.0,2-Car,No injury/unknown,FOLLOWING TOO CLOSELY,39.1685,-86.533599
12,5,1400.0,2-Car,No injury/unknown,UNSAFE BACKING,39.16843409,-86.5324
4,2,1300.0,2-Car,No injury/unknown,UNSAFE BACKING,39.16828989,-86.49249362
3,5,1900.0,1-Car,No injury/unknown,SPEED TOO FAST FOR WEATHER CONDITIONS,39.16823161,-86.49508912
10,5,1600.0,2-Car,No injury/unknown,DISREGARD SIGNAL/REG SIGN,39.168224,-86.504832
11,2,1700.0,2-Car,Non-incapacitating,DISREGARD SIGNAL/REG SIGN,39.168192,-86.507024
8,3,1600.0,2-Car,No injury/unknown,OTHER (DRIVER) - EXPLAIN IN NARRATIVE,39.168176,-86.509312
1,1,1500.0,3+ Cars,No injury/unknown,IMPROPER TURNING,39.16815751,-86.51028295
11,4,1500.0,2-Car,No injury/unknown,FAILURE TO YIELD RIGHT OF WAY,39.168144,-86.510992
9,7,2200.0,Bus,Non-incapacitating,OTHER (DRIVER) - EXPLAIN IN NARRATIVE,39.168144,-86.510992
3,1,1800.0,Bus,No injury/unknown,IMPROPER LANE USAGE,39.168144,-86.510992
5,6,1700.0,2-Car,No injury/unknown,FAILURE TO YIELD RIGHT OF WAY,39.16808698,-86.534899
7,6,1500.0,2-Car,No injury/unknown,UNSAFE BACKING,39.167969,-86.576273
8,4,1700.0,2-Car,No injury/unknown,OTHER (DRIVER) - EXPLAIN IN NARRATIVE,39.16792253,-86.53357957
7,5,1200.0,2-Car,No injury/unknown,OTHER (DRIVER) - EXPLAIN IN NARRATIVE,39.16781257,-86.534784
6,6,1300.0,2-Car,Non-incapacitating,FAILURE TO YIELD RIGHT OF WAY,39.16780877,-86.50701488
11,4,2300.0,2-Car,No injury/unknown,OTHER (DRIVER) - EXPLAIN IN NARRATIVE,39.16778527,-86.53358179
12,3,1400.0,2-Car,No injury/unknown,FAILURE TO YIELD RIGHT OF WAY,39.167744,-86.551544
1,1,1800.0,3+ Cars,No injury/unknown,FAILURE TO YIELD RIGHT OF WAY,39.16773036,-86.53358267
10,3,1100.0,2-Car,No injury/unknown,UNSAFE BACKING,39.167728,-86.528208
8,3,1000.0,2-Car,Non-incapacitating,DISREGARD SIGNAL/REG SIGN,39.167728,-86.528208
6,4,1700.0,2-Car,Non-incapacitating,FAILURE TO YIELD RIGHT OF WAY,39.167728,-86.5496
9,6,1400.0,2-Car,No injury/unknown,UNSAFE BACKING,39.16771233,-86.52966563
1,3,1800.0,2-Car,No injury/unknown,OTHER (DRIVER) - EXPLAIN IN NARRATIVE,39.167712,-86.54555463
8,7,2100.0,2-Car,No injury/unknown,OTHER (DRIVER) - EXPLAIN IN NARRATIVE,39.167705,-86.576077
2,3,1500.0,1-Car,No injury/unknown,,39.167696,-86.5436
1,4,1200.0,2-Car,Non-incapacitating,FAILURE TO YIELD RIGHT OF WAY,39.16768,-86.538592
9,2,800.0,2-Car,No injury/unknown,OTHER (DRIVER) - EXPLAIN IN NARRATIVE,39.16768,-86.538592
7,7,1000.0,2-Car,No injury/unknown,FAILURE TO YIELD RIGHT OF WAY,39.16768,-86.538592
12,6,1100.0,2-Car,No injury/unknown,UNSAFE BACKING,39.167664,-86.536
3,6,1300.0,Bus,No injury/unknown,OVERCORRECTING/OVERSTEERING,39.167664,-86.5324
8,4,1800.0,2-Car,No injury/unknown,OTHER (DRIVER) - EXPLAIN IN NARRATIVE,39.16765089,-86.53500387
10,4,1400.0,2-Car,No injury/unknown,OTHER (DRIVER) - EXPLAIN IN NARRATIVE,39.1676504,-86.53340671
1,5,1700.0,2-Car,No injury/unknown,FAILURE TO YIELD RIGHT OF WAY,39.167648,-86.534784
4,3,1300.0,3+ Cars,Non-incapacitating,OTHER (DRIVER) - EXPLAIN IN NARRATIVE,39.167648,-86.534784
6,4,1100.0,2-Car,No injury/unknown,DISREGARD SIGNAL/REG SIGN,39.167648,-86.534784
9,3,1300.0,2-Car,No injury/unknown,IMPROPER TURNING,39.167648,-86.533584
11,1,1800.0,2-Car,No injury/unknown,OTHER (DRIVER) - EXPLAIN IN NARRATIVE,39.167648,-86.534784
1,3,600.0,1-Car,No injury/unknown,UNSAFE BACKING,39.167648,-86.534784
2,3,1200.0,2-Car,No injury/unknown,IMPROPER TURNING,39.167648,-86.534784
2,6,1700.0,3+ Cars,No injury/unknown,FAILURE TO YIELD RIGHT OF WAY,39.167648,-86.534784
3,6,1100.0,2-Car,No injury/unknown,IMPROPER LANE USAGE,39.167648,-86.533584
1,5,1100.0,2-Car,Non-incapacitating,FOLLOWING TOO CLOSELY,39.167648,-86.534784
11,4,1300.0,2-Car,No injury/unknown,FOLLOWING TOO CLOSELY,39.167648,-86.533584
7,1,1400.0,2-Car,No injury/unknown,,39.1676,-86.516168
4,7,1300.0,1-Car,Non-incapacitating,PEDESTRIAN ACTION,39.1676,-86.534899
1,1,600.0,1-Car,No injury/unknown,ROADWAY SURFACE CONDITION,39.16757648,-86.51617021
2,4,1400.0,2-Car,No injury/unknown,DRIVER DISTRACTED - EXPLAIN IN NARRATIVE,39.16751073,-86.53358618
9,3,1200.0,2-Car,No injury/unknown,UNSAFE BACKING,39.1675,-86.5335976
11,6,700.0,1-Car,No injury/unknown,NONE (DRIVER),39.16747139,-86.57272703
5,5,2200.0,2-Car,No injury/unknown,FAILURE TO YIELD RIGHT OF WAY,39.16743,-86.495047
6,4,1800.0,2-Car,No injury/unknown,UNSAFE BACKING,39.16738853,-86.57288679
8,3,700.0,2-Car,No injury/unknown,ROADWAY SURFACE CONDITION,39.1672661,-86.51619777
9,2,1800.0,1-Car,Non-incapacitating,FAILURE TO YIELD RIGHT OF WAY,39.167128,-86.516208
10,3,0.0,2-Car,No injury/unknown,UNSAFE BACKING,39.167128,-86.516208
1,7,900.0,2-Car,No injury/unknown,FOLLOWING TOO CLOSELY,39.167128,-86.516008
2,4,1700.0,2-Car,No injury/unknown,UNSAFE BACKING,39.167128,-86.516208
9,4,700.0,2-Car,Non-incapacitating,DRIVER ASLEEP OR FATIGUED,39.167002,-86.582999
12,6,1100.0,2-Car,Non-incapacitating,FAILURE TO YIELD RIGHT OF WAY,39.167002,-86.582999
11,4,1300.0,2-Car,No injury/unknown,FOLLOWING TOO CLOSELY,39.167002,-86.582999
8,4,1300.0,2-Car,No injury/unknown,FAILURE TO YIELD RIGHT OF WAY,39.166944,-86.495056
1,1,600.0,1-Car,No injury/unknown,OVERCORRECTING/OVERSTEERING,39.166944,-86.495056
7,5,2200.0,2-Car,Non-incapacitating,DISREGARD SIGNAL/REG SIGN,39.166944,-86.495056
10,3,1600.0,2-Car,No injury/unknown,FAILURE TO YIELD RIGHT OF WAY,39.166944,-86.495056
3,3,1600.0,2-Car,Non-incapacitating,FAILURE TO YIELD RIGHT OF WAY,39.166944,-86.495056
1,7,1900.0,2-Car,No injury/unknown,FAILURE TO YIELD RIGHT OF WAY,39.166944,-86.495056
12,4,1700.0,1-Car,Non-incapacitating,OTHER (DRIVER) - EXPLAIN IN NARRATIVE,39.166944,-86.495056
10,6,2100.0,2-Car,No injury/unknown,IMPROPER LANE USAGE,39.16694275,-86.548199
10,2,1600.0,2-Car,No injury/unknown,FAILURE TO YIELD RIGHT OF WAY,39.16691455,-86.530992
1,7,2300.0,2-Car,No injury/unknown,FAILURE TO YIELD RIGHT OF WAY,39.16691453,-86.52819604
8,4,1700.0,2-Car,No injury/unknown,FAILURE TO YIELD RIGHT OF WAY,39.16691453,-86.53479564
9,2,1700.0,2-Car,No injury/unknown,,39.166912,-86.516224
8,2,1500.0,2-Car,No injury/unknown,OTHER (DRIVER) - EXPLAIN IN NARRATIVE,39.166912,-86.516224
2,7,1200.0,2-Car,No injury/unknown,,39.166912,-86.516224
1,1,0.0,Bus,No injury/unknown,ROADWAY SURFACE CONDITION,39.166912,-86.516224
5,4,800.0,2-Car,Non-incapacitating,FAILURE TO YIELD RIGHT OF WAY,39.16685928,-86.58297576
10,5,1000.0,2-Car,No injury/unknown,FOLLOWING TOO CLOSELY,39.16685728,-86.4584939
3,2,800.0,2-Car,No injury/unknown,,39.166848,-86.509296
11,5,900.0,2-Car,Non-incapacitating,FAILURE TO YIELD RIGHT OF WAY,39.166848,-86.5048
5,1,1200.0,2-Car,No injury/unknown,IMPROPER PASSING,39.166848,-86.495088
2,2,1400.0,2-Car,No injury/unknown,OTHER (DRIVER) - EXPLAIN IN NARRATIVE,39.166848,-86.506992
12,4,900.0,3+ Cars,No injury/unknown,UNSAFE SPEED,39.166816,-86.549488
1,4,1000.0,2-Car,No injury/unknown,OTHER (DRIVER) - EXPLAIN IN NARRATIVE,39.166816,-86.549488
12,3,1000.0,2-Car,No injury/unknown,IMPROPER LANE USAGE,39.166816,-86.549488
2,2,2100.0,1-Car,No injury/unknown,OVERCORRECTING/OVERSTEERING,39.16678782,-86.54715459
9,1,1700.0,2-Car,No injury/unknown,FAILURE TO YIELD RIGHT OF WAY,39.16677724,-86.52689998
10,6,1200.0,2-Car,No injury/unknown,FAILURE TO YIELD RIGHT OF WAY,39.166774,-86.575999
1,5,1700.0,2-Car,No injury/unknown,UNSAFE BACKING,39.16677127,-86.54552653
2,6,800.0,1-Car,No injury/unknown,RAN OFF ROAD RIGHT,39.166768,-86.5452
1,2,1900.0,2-Car,No injury/unknown,FAILURE TO YIELD RIGHT OF WAY,39.166768,-86.5452
11,3,1200.0,1-Car,No injury/unknown,OTHER (DRIVER) - EXPLAIN IN NARRATIVE,39.16675221,-86.528499
5,3,,2-Car,No injury/unknown,OTHER (DRIVER) - EXPLAIN IN NARRATIVE,39.16674057,-86.54382857
5,5,1400.0,2-Car,No injury/unknown,UNSAFE BACKING,39.16671869,-86.5419902
11,3,1000.0,2-Car,No injury/unknown,UNSAFE BACKING,39.166711,-86.538699
11,2,1700.0,2-Car,No injury/unknown,FAILURE TO YIELD RIGHT OF WAY,39.16669482,-86.58298794
11,6,0.0,2-Car,No injury/unknown,IMPROPER TURNING,39.16668118,-86.52819261
9,7,1400.0,2-Car,No injury/unknown,FAILURE TO YIELD RIGHT OF WAY,39.166672,-86.538608
5,7,0.0,2-Car,No injury/unknown,DISREGARD SIGNAL/REG SIGN,39.166672,-86.538608
5,6,1200.0,3+ Cars,Non-incapacitating,DRIVER DISTRACTED - EXPLAIN IN NARRATIVE,39.166672,-86.538608
4,6,1200.0,2-Car,No injury/unknown,FAILURE TO YIELD RIGHT OF WAY,39.166672,-86.538608
10,6,1500.0,2-Car,No injury/unknown,FAILURE TO YIELD RIGHT OF WAY,39.16667092,-86.53851936
12,5,1800.0,2-Car,No injury/unknown,NONE (DRIVER),39.16666745,-86.53479956
5,1,1600.0,2-Car,No injury/unknown,OTHER (DRIVER) - EXPLAIN IN NARRATIVE,39.16666552,-86.53807613
8,2,1200.0,2-Car,No injury/unknown,FAILURE TO YIELD RIGHT OF WAY,39.166656,-86.537296
11,7,1200.0,2-Car,Non-incapacitating,FAILURE TO YIELD RIGHT OF WAY,39.166656,-86.537296
6,5,1600.0,2-Car,No injury/unknown,DISREGARD SIGNAL/REG SIGN,39.166656,-86.537296
12,7,0.0,2-Car,No injury/unknown,DISREGARD SIGNAL/REG SIGN,39.166656,-86.537296
12,6,1400.0,2-Car,No injury/unknown,FAILURE TO YIELD RIGHT OF WAY,39.166656,-86.537296
9,1,1900.0,2-Car,No injury/unknown,UNSAFE BACKING,39.16664455,-86.53860755
11,4,1200.0,2-Car,No injury/unknown,OTHER (DRIVER) - EXPLAIN IN NARRATIVE,39.16664,-86.53141755
5,7,1900.0,2-Car,No injury/unknown,OTHER (DRIVER) - EXPLAIN IN NARRATIVE,39.16664,-86.52801469
8,5,2100.0,2-Car,No injury/unknown,UNSAFE BACKING,39.16664,-86.53453403
4,3,1900.0,2-Car,No injury/unknown,UNSAFE BACKING,39.16664,-86.53381278
5,3,1400.0,2-Car,No injury/unknown,OTHER (DRIVER) - EXPLAIN IN NARRATIVE,39.16664,-86.52944776
10,7,2100.0,2-Car,No injury/unknown,OTHER (DRIVER) - EXPLAIN IN NARRATIVE,39.16664,-86.5348
1,7,2000.0,2-Car,No injury/unknown,DRIVER ASLEEP OR FATIGUED,39.16664,-86.454992
2,6,1500.0,2-Car,No injury/unknown,OTHER (DRIVER) - EXPLAIN IN NARRATIVE,39.16664,-86.526896
1,3,1100.0,2-Car,No injury/unknown,IMPROPER PASSING,39.16664,-86.528192
2,4,1200.0,2-Car,No injury/unknown,OTHER (DRIVER) - EXPLAIN IN NARRATIVE,39.16664,-86.5336
1,2,1700.0,2-Car,No injury/unknown,FAILURE TO YIELD RIGHT OF WAY,39.16664,-86.53072751
8,4,1800.0,3+ Cars,No injury/unknown,FOLLOWING TOO CLOSELY,39.16664,-86.53349361
6,5,1700.0,2-Car,No injury/unknown,UNSAFE BACKING,39.16664,-86.53096555
9,1,1600.0,2-Car,No injury/unknown,FOLLOWING TOO CLOSELY,39.16664,-86.5348
6,7,2000.0,1-Car,No injury/unknown,OTHER (DRIVER) - EXPLAIN IN NARRATIVE,39.16664,-86.52948114
7,6,1200.0,2-Car,No injury/unknown,FAILURE TO YIELD RIGHT OF WAY,39.16664,-86.528192
8,5,2200.0,Pedestrian,Non-incapacitating,OTHER (DRIVER) - EXPLAIN IN NARRATIVE,39.16664,-86.52816555
11,6,1500.0,Bus,Non-incapacitating,FOLLOWING TOO CLOSELY,39.16664,-86.5348
9,3,1400.0,2-Car,No injury/unknown,UNSAFE BACKING,39.16664,-86.52800686
9,6,1700.0,2-Car,No injury/unknown,FAILURE TO YIELD RIGHT OF WAY,39.16664,-86.5348
8,1,1300.0,2-Car,No injury/unknown,UNSAFE BACKING,39.16664,-86.53070106
12,3,500.0,2-Car,No injury/unknown,IMPROPER TURNING,39.16664,-86.5336
11,6,1600.0,2-Car,Non-incapacitating,FAILURE TO YIELD RIGHT OF WAY,39.16664,-86.582992
2,6,1700.0,3+ Cars,No injury/unknown,DRIVER DISTRACTED - EXPLAIN IN NARRATIVE,39.16664,-86.5348
2,6,1300.0,3+ Cars,No injury/unknown,FAILURE TO YIELD RIGHT OF WAY,39.16664,-86.5348
2,4,600.0,2-Car,Non-incapacitating,DISREGARD SIGNAL/REG SIGN,39.16664,-86.5336
1,5,,2-Car,No injury/unknown,OTHER (DRIVER) - EXPLAIN IN NARRATIVE,39.16664,-86.52824519
5,5,1600.0,2-Car,No injury/unknown,VIEW OBSTRUCTED,39.16664,-86.52816555
4,2,1800.0,2-Car,No injury/unknown,IMPROPER PASSING,39.16664,-86.53096555
3,2,800.0,2-Car,No injury/unknown,FAILURE TO YIELD RIGHT OF WAY,39.16664,-86.5324
4,4,800.0,2-Car,No injury/unknown,DISREGARD SIGNAL/REG SIGN,39.16664,-86.530992
3,1,2100.0,2-Car,No injury/unknown,IMPROPER TURNING,39.16664,-86.5336
4,6,2300.0,2-Car,No injury/unknown,IMPROPER LANE USAGE,39.16664,-86.528192
6,2,1000.0,1-Car,No injury/unknown,IMPROPER TURNING,39.16664,-86.5336
4,2,1400.0,2-Car,No injury/unknown,WRONG WAY ON ONE WAY,39.16664,-86.530992
5,5,800.0,1-Car,No injury/unknown,OTHER (DRIVER) - EXPLAIN IN NARRATIVE,39.16664,-86.5348
4,4,800.0,2-Car,No injury/unknown,UNSAFE BACKING,39.16664,-86.52816555
5,3,1700.0,2-Car,Non-incapacitating,OTHER (DRIVER) - EXPLAIN IN NARRATIVE,39.16664,-86.533
4,2,1300.0,2-Car,No injury/unknown,DISREGARD SIGNAL/REG SIGN,39.16664,-86.5336
10,6,1600.0,2-Car,No injury/unknown,IMPROPER TURNING,39.16664,-86.526896
11,4,600.0,2-Car,Non-incapacitating,DISREGARD SIGNAL/REG SIGN,39.16664,-86.5348
3,5,1600.0,2-Car,Non-incapacitating,FOLLOWING TOO CLOSELY,39.16664,-86.582992
10,7,900.0,2-Car,No injury/unknown,UNSAFE BACKING,39.16664,-86.52816555
11,5,1100.0,2-Car,No injury/unknown,DRIVER DISTRACTED - EXPLAIN IN NARRATIVE,39.16664,-86.5336
11,4,1300.0,2-Car,No injury/unknown,OTHER (DRIVER) - EXPLAIN IN NARRATIVE,39.16664,-86.5324
12,7,1300.0,2-Car,No injury/unknown,OTHER (DRIVER) - EXPLAIN IN NARRATIVE,39.16664,-86.5336
11,4,2200.0,2-Car,No injury/unknown,UNSAFE SPEED,39.16664,-86.52798041
3,6,1800.0,3+ Cars,No injury/unknown,DRIVER DISTRACTED - EXPLAIN IN NARRATIVE,39.16660978,-86.571216
6,5,1700.0,2-Car,No injury/unknown,DISREGARD SIGNAL/REG SIGN,39.1666,-86.534899
9,6,1000.0,2-Car,No injury/unknown,UNSAFE BACKING,39.16658457,-86.49281455
11,7,1400.0,2-Car,No injury/unknown,OTHER (DRIVER) - EXPLAIN IN NARRATIVE,39.166584,-86.569999
8,5,1500.0,2-Car,Non-incapacitating,OTHER (DRIVER) - EXPLAIN IN NARRATIVE,39.16657677,-86.61131084
2,4,1300.0,2-Car,No injury/unknown,FAILURE TO YIELD RIGHT OF WAY,39.16657345,-86.509296
6,2,1400.0,2-Car,No injury/unknown,UNSAFE BACKING,39.16657141,-86.52689268
5,1,,2-Car,No injury/unknown,OTHER (DRIVER) - EXPLAIN IN NARRATIVE,39.16656,-86.571216
12,4,1000.0,2-Car,No injury/unknown,IMPROPER TURNING,39.16655822,-86.492816
11,4,1700.0,2-Car,No injury/unknown,FOLLOWING TOO CLOSELY,39.16655763,-86.5336
1,3,1700.0,2-Car,No injury/unknown,OTHER (DRIVER) - EXPLAIN IN NARRATIVE,39.16655763,-86.5336
10,1,500.0,1-Car,No injury/unknown,RAN OFF ROAD RIGHT,39.166544,-86.464248