Month,Day,Hour,Collision Type,Injury Type,Primary Factor,Latitude,Longitude
8,3,700.0,1-Car,No injury/unknown,ROADWAY SURFACE CONDITION,39.166544,-86.464248
6,6,2100.0,1-Car,No injury/unknown,ALCOHOLIC BEVERAGES,39.16653878,-86.5268911
4,2,1200.0,2-Car,No injury/unknown,IMPROPER TURNING,39.16653018,-86.5324
8,2,1300.0,2-Car,No injury/unknown,OTHER (DRIVER) - EXPLAIN IN NARRATIVE,39.1665,-86.531055
10,3,1600.0,2-Car,No injury/unknown,OTHER (DRIVER) - EXPLAIN IN NARRATIVE,39.1665,-86.530912
10,1,1300.0,2-Car,Non-incapacitating,UNSAFE BACKING,39.166496,-86.571216
7,2,1700.0,2-Car,Non-incapacitating,FOLLOWING TOO CLOSELY,39.166432,-86.4812
11,1,900.0,2-Car,No injury/unknown,FAILURE TO YIELD RIGHT OF WAY,39.166432,-86.4812
7,3,1600.0,3+ Cars,Non-incapacitating,DISREGARD SIGNAL/REG SIGN,39.166432,-86.4812
7,4,400.0,1-Car,Non-incapacitating,ALCOHOLIC BEVERAGES,39.166416,-86.503458
8,4,900.0,2-Car,No injury/unknown,OTHER (DRIVER) - EXPLAIN IN NARRATIVE,39.16628412,-86.55379641
12,2,1800.0,2-Car,No injury/unknown,ROADWAY SURFACE CONDITION,39.1662,-86.48269295
10,4,1600.0,2-Car,No injury/unknown,FAILURE TO YIELD RIGHT OF WAY,39.166199,-86.516399
2,3,2300.0,1-Car,No injury/unknown,OTHER (VEHICLE) - EXPLAIN IN NARRATIVE,39.16615347,-86.56705306
1,7,2100.0,2-Car,No injury/unknown,FAILURE TO YIELD RIGHT OF WAY,39.166144,-86.5336
6,3,800.0,2-Car,No injury/unknown,NONE (DRIVER),39.166144,-86.5336
7,6,1700.0,1-Car,Non-incapacitating,OTHER (DRIVER) - EXPLAIN IN NARRATIVE,39.166144,-86.5336
4,6,1700.0,2-Car,No injury/unknown,FAILURE TO YIELD RIGHT OF WAY,39.166144,-86.5336
5,6,1500.0,3+ Cars,No injury/unknown,FAILURE TO YIELD RIGHT OF WAY,39.166144,-86.5336
8,3,1600.0,2-Car,No injury/unknown,FOLLOWING TOO CLOSELY,39.166144,-86.528168
12,3,0.0,2-Car,No injury/unknown,,39.16603957,-86.51092331
2,2,1000.0,2-Car,No injury/unknown,OTHER (DRIVER) - EXPLAIN IN NARRATIVE,39.16591198,-86.59907373
1,1,1900.0,2-Car,No injury/unknown,UNSAFE BACKING,39.16584,-86.503392
8,2,1300.0,2-Car,No injury/unknown,FOLLOWING TOO CLOSELY,39.16573662,-86.46875669
7,6,1200.0,2-Car,No injury/unknown,FAILURE TO YIELD RIGHT OF WAY,39.165736,-86.544464
11,1,,2-Car,No injury/unknown,OTHER (DRIVER) - EXPLAIN IN NARRATIVE,39.165712,-86.5408
6,3,1100.0,2-Car,No injury/unknown,FAILURE TO YIELD RIGHT OF WAY,39.165696,-86.538592
7,4,1600.0,3+ Cars,Non-incapacitating,FOLLOWING TOO CLOSELY,39.165696,-86.538592
12,1,100.0,2-Car,No injury/unknown,FAILURE TO YIELD RIGHT OF WAY,39.165696,-86.538592
3,6,1800.0,2-Car,No injury/unknown,FAILURE TO YIELD RIGHT OF WAY,39.165696,-86.538592
5,7,1300.0,2-Car,No injury/unknown,OTHER (DRIVER) - EXPLAIN IN NARRATIVE,39.165696,-86.53871771
5,7,2000.0,2-Car,No injury/unknown,UNSAFE BACKING,39.165696,-86.538592
5,2,1800.0,2-Car,No injury/unknown,UNSAFE BACKING,39.16568327,-86.53756049
9,5,2000.0,2-Car,No injury/unknown,DRIVER DISTRACTED - EXPLAIN IN NARRATIVE,39.1656811,-86.53738464
9,3,1900.0,1-Car,Non-incapacitating,FAILURE TO YIELD RIGHT OF WAY,39.165664,-86.5348
7,3,1900.0,2-Car,Non-incapacitating,DISREGARD SIGNAL/REG SIGN,39.165664,-86.5348
6,5,800.0,2-Car,No injury/unknown,FAILURE TO YIELD RIGHT OF WAY,39.165664,-86.5348
9,1,1100.0,2-Car,Non-incapacitating,OTHER (DRIVER) - EXPLAIN IN NARRATIVE,39.165664,-86.5348
3,2,1000.0,2-Car,Non-incapacitating,IMPROPER LANE USAGE,39.165664,-86.5348
5,2,1500.0,2-Car,No injury/unknown,DISREGARD SIGNAL/REG SIGN,39.165664,-86.5348
1,5,1200.0,2-Car,No injury/unknown,OTHER (DRIVER) - EXPLAIN IN NARRATIVE,39.165664,-86.5348
10,1,,2-Car,No injury/unknown,,39.165664,-86.536
10,4,1300.0,2-Car,No injury/unknown,CELL PHONE USAGE,39.16565584,-86.57596037
5,4,1400.0,2-Car,No injury/unknown,,39.165648,-86.53169076
8,6,1300.0,2-Car,No injury/unknown,OTHER (DRIVER) - EXPLAIN IN NARRATIVE,39.165648,-86.53213404
12,2,1800.0,2-Car,No injury/unknown,OTHER (DRIVER) - EXPLAIN IN NARRATIVE,39.165648,-86.52840997
10,3,1100.0,2-Car,No injury/unknown,UNSAFE BACKING,39.165648,-86.509296
11,3,1200.0,2-Car,No injury/unknown,UNSAFE BACKING,39.165648,-86.5336
8,6,900.0,1-Car,No injury/unknown,OTHER (DRIVER) - EXPLAIN IN NARRATIVE,39.165648,-86.529712
4,4,900.0,2-Car,No injury/unknown,IMPROPER LANE USAGE,39.165648,-86.528144
4,3,1600.0,2-Car,Non-incapacitating,UNSAFE SPEED,39.165648,-86.5048
1,4,1500.0,2-Car,No injury/unknown,UNSAFE BACKING,39.165648,-86.5336
1,3,0.0,2-Car,No injury/unknown,OTHER (DRIVER) - EXPLAIN IN NARRATIVE,39.165648,-86.5336
7,7,1000.0,2-Car,No injury/unknown,FAILURE TO YIELD RIGHT OF WAY,39.165648,-86.5324
6,7,1300.0,2-Car,No injury/unknown,UNSAFE BACKING,39.165648,-86.5336
5,6,1100.0,2-Car,No injury/unknown,FAILURE TO YIELD RIGHT OF WAY,39.165648,-86.529712
5,5,800.0,2-Car,No injury/unknown,FAILURE TO YIELD RIGHT OF WAY,39.165648,-86.5336
10,1,1600.0,2-Car,No injury/unknown,DISREGARD SIGNAL/REG SIGN,39.165648,-86.5324
9,5,1200.0,2-Car,No injury/unknown,UNSAFE BACKING,39.165648,-86.5336
2,4,200.0,2-Car,No injury/unknown,UNSAFE BACKING,39.165648,-86.5336
7,6,700.0,2-Car,Non-incapacitating,DISREGARD SIGNAL/REG SIGN,39.165648,-86.531008
1,6,1500.0,3+ Cars,Non-incapacitating,ACCELERATOR FAILURE OR DEFECTIVE,39.165648,-86.5324
5,3,1900.0,2-Car,No injury/unknown,FAILURE TO YIELD RIGHT OF WAY,39.165648,-86.5336
1,4,1800.0,3+ Cars,No injury/unknown,OTHER (VEHICLE) - EXPLAIN IN NARRATIVE,39.165648,-86.5336
2,7,2200.0,1-Car,No injury/unknown,ALCOHOLIC BEVERAGES,39.165648,-86.5336
3,6,1400.0,2-Car,No injury/unknown,FAILURE TO YIELD RIGHT OF WAY,39.165648,-86.529712
3,7,1000.0,2-Car,Non-incapacitating,FAILURE TO YIELD RIGHT OF WAY,39.165648,-86.5336
6,4,700.0,2-Car,No injury/unknown,UNSAFE BACKING,39.165648,-86.5336
7,4,1200.0,2-Car,No injury/unknown,UNSAFE BACKING,39.165648,-86.53231478
5,6,2200.0,2-Car,No injury/unknown,FAILURE TO YIELD RIGHT OF WAY,39.165648,-86.5324
10,1,1100.0,2-Car,No injury/unknown,FAILURE TO YIELD RIGHT OF WAY,39.165648,-86.5336
6,5,1000.0,1-Car,Non-incapacitating,DRIVER ILLNESS,39.165648,-86.531008
4,2,900.0,1-Car,No injury/unknown,IMPROPER TURNING,39.165648,-86.5336
4,4,1500.0,Pedestrian,Non-incapacitating,OTHER (DRIVER) - EXPLAIN IN NARRATIVE,39.165648,-86.5336
3,2,1700.0,2-Car,No injury/unknown,FOLLOWING TOO CLOSELY,39.165648,-86.526848
4,6,1700.0,2-Car,No injury/unknown,IMPROPER TURNING,39.165648,-86.5336
3,7,1300.0,2-Car,No injury/unknown,OTHER (DRIVER) - EXPLAIN IN NARRATIVE,39.165648,-86.5336
10,5,1200.0,2-Car,No injury/unknown,FAILURE TO YIELD RIGHT OF WAY,39.165648,-86.531008
10,7,0.0,2-Car,No injury/unknown,,39.165648,-86.528144
2,1,1500.0,2-Car,No injury/unknown,FAILURE TO YIELD RIGHT OF WAY,39.165599,-86.575999
11,3,1900.0,2-Car,No injury/unknown,FAILURE TO YIELD RIGHT OF WAY,39.165599,-86.533599
2,7,1100.0,3+ Cars,No injury/unknown,BRAKE FAILURE OR DEFECTIVE,39.16558739,-86.51096776
8,3,1700.0,Moped/Motorcycle,Non-incapacitating,IMPROPER PASSING,39.16557937,-86.52971309
8,2,1400.0,2-Car,Non-incapacitating,FAILURE TO YIELD RIGHT OF WAY,39.165544,-86.492872
3,2,1400.0,2-Car,No injury/unknown,FAILURE TO YIELD RIGHT OF WAY,39.16551079,-86.52813851
1,2,1100.0,2-Car,No injury/unknown,OTHER (DRIVER) - EXPLAIN IN NARRATIVE,39.16550106,-86.52684212
2,4,1100.0,2-Car,No injury/unknown,OVERCORRECTING/OVERSTEERING,39.16550106,-86.52684212
7,3,,2-Car,No injury/unknown,OTHER (DRIVER) - EXPLAIN IN NARRATIVE,39.16548082,-86.537296
12,7,1900.0,2-Car,No injury/unknown,OTHER (DRIVER) - EXPLAIN IN NARRATIVE,39.165399,-86.51631048
12,2,900.0,2-Car,No injury/unknown,DRIVER DISTRACTED - EXPLAIN IN NARRATIVE,39.165399,-86.51644026
8,4,1300.0,2-Car,No injury/unknown,NONE (DRIVER),39.165399,-86.51637105
11,5,2300.0,2-Car,No injury/unknown,OVERCORRECTING/OVERSTEERING,39.165399,-86.51640782
2,6,2100.0,2-Car,No injury/unknown,OTHER (DRIVER) - EXPLAIN IN NARRATIVE,39.165399,-86.516397
5,4,900.0,2-Car,No injury/unknown,FAILURE TO YIELD RIGHT OF WAY,39.165399,-86.516397
5,6,1300.0,2-Car,No injury/unknown,OVERCORRECTING/OVERSTEERING,39.16533135,-86.5124
7,3,1300.0,3+ Cars,No injury/unknown,ROADWAY SURFACE CONDITION,39.165307490000004,-86.5097212
9,6,1600.0,2-Car,No injury/unknown,FAILURE TO YIELD RIGHT OF WAY,39.165302,-86.510899
6,1,1000.0,2-Car,Non-incapacitating,FOLLOWING TOO CLOSELY,39.165301,-86.582995
5,4,1100.0,2-Car,No injury/unknown,FAILURE TO YIELD RIGHT OF WAY,39.165301,-86.582995
4,7,1000.0,2-Car,Non-incapacitating,OTHER (DRIVER) - EXPLAIN IN NARRATIVE,39.165301,-86.582995
11,7,2300.0,2-Car,No injury/unknown,IMPROPER TURNING,39.165301,-86.582995
1,2,2200.0,2-Car,No injury/unknown,,39.1653,-86.5114693
4,7,1700.0,2-Car,No injury/unknown,UNSAFE BACKING,39.16524248,-86.51521267
8,7,300.0,Moped/Motorcycle,Incapacitating,OTHER (DRIVER) - EXPLAIN IN NARRATIVE,39.16510415,-86.4299071
1,4,700.0,3+ Cars,Non-incapacitating,FAILURE TO YIELD RIGHT OF WAY,39.165088,-86.582896
9,7,800.0,2-Car,No injury/unknown,FOLLOWING TOO CLOSELY,39.165056,-86.653168
6,4,800.0,2-Car,No injury/unknown,UNSAFE BACKING,39.16504246,-86.538699
12,5,2000.0,1-Car,No injury/unknown,ALCOHOLIC BEVERAGES,39.16496408,-86.61294599
7,1,1900.0,2-Car,Non-incapacitating,OTHER (DRIVER) - EXPLAIN IN NARRATIVE,39.16495782,-86.582896
6,4,1100.0,2-Car,No injury/unknown,LEFT OF CENTER,39.164944,-86.611296
4,7,100.0,1-Car,Non-incapacitating,RAN OFF ROAD RIGHT,39.16493308,-86.6105826
5,2,1300.0,2-Car,No injury/unknown,FAILURE TO YIELD RIGHT OF WAY,39.16485954,-86.56800844
9,4,500.0,Pedestrian,Non-incapacitating,PEDESTRIAN ACTION,39.16485453,-86.59907373
6,2,1600.0,3+ Cars,Non-incapacitating,OTHER (DRIVER) - EXPLAIN IN NARRATIVE,39.164848,-86.58395985
2,1,1300.0,Moped/Motorcycle,Non-incapacitating,ROADWAY SURFACE CONDITION,39.164848,-86.58996931
8,3,2100.0,1-Car,Non-incapacitating,DRIVER DISTRACTED - EXPLAIN IN NARRATIVE,39.164848,-86.428896
8,6,1100.0,2-Car,No injury/unknown,FOLLOWING TOO CLOSELY,39.164848,-86.60205796
10,3,1500.0,2-Car,Non-incapacitating,DISREGARD SIGNAL/REG SIGN,39.164848,-86.582896
8,2,1800.0,1-Car,No injury/unknown,ILLEGAL DRUGS,39.164848,-86.579504
7,5,1500.0,2-Car,No injury/unknown,FAILURE TO YIELD RIGHT OF WAY,39.164848,-86.58298465
8,2,1200.0,2-Car,No injury/unknown,UNSAFE BACKING,39.164848,-86.581504
1,3,1900.0,2-Car,No injury/unknown,OTHER (DRIVER) - EXPLAIN IN NARRATIVE,39.164848,-86.57962482
9,2,1000.0,2-Car,No injury/unknown,FAILURE TO YIELD RIGHT OF WAY,39.164848,-86.575104
8,4,1600.0,2-Car,No injury/unknown,FAILURE TO YIELD RIGHT OF WAY,39.164848,-86.575104
12,4,1700.0,2-Car,No injury/unknown,FAILURE TO YIELD RIGHT OF WAY,39.164848,-86.582896
10,7,1500.0,2-Car,No injury/unknown,OTHER (DRIVER) - EXPLAIN IN NARRATIVE,39.164848,-86.57584186
9,4,1200.0,Moped/Motorcycle,Incapacitating,RAN OFF ROAD RIGHT,39.164848,-86.428896
1,5,1500.0,2-Car,Non-incapacitating,FAILURE TO YIELD RIGHT OF WAY,39.164848,-86.5761011
8,4,1700.0,2-Car,No injury/unknown,IMPROPER TURNING,39.164848,-86.581504
2,4,1800.0,2-Car,No injury/unknown,OTHER (DRIVER) - EXPLAIN IN NARRATIVE,39.164848,-86.582896
1,3,1900.0,2-Car,Non-incapacitating,OTHER (DRIVER) - EXPLAIN IN NARRATIVE,39.164848,-86.582896
6,2,1600.0,2-Car,No injury/unknown,FAILURE TO YIELD RIGHT OF WAY,39.164848,-86.579504
3,7,1100.0,2-Car,No injury/unknown,FAILURE TO YIELD RIGHT OF WAY,39.164848,-86.575104
7,1,1100.0,2-Car,No injury/unknown,FAILURE TO YIELD RIGHT OF WAY,39.164848,-86.57961274
7,7,1600.0,2-Car,No injury/unknown,UNSAFE BACKING,39.164848,-86.57487674
3,5,1200.0,2-Car,No injury/unknown,FAILURE TO YIELD RIGHT OF WAY,39.164848,-86.57614099
1,3,1800.0,1-Car,No injury/unknown,OTHER (DRIVER) - EXPLAIN IN NARRATIVE,39.164848,-86.582896
7,6,900.0,1-Car,Non-incapacitating,RAN OFF ROAD RIGHT,39.164848,-86.62
6,4,1300.0,1-Car,Non-incapacitating,ALCOHOLIC BEVERAGES,39.164848,-86.5924
6,5,700.0,2-Car,No injury/unknown,SPEED TOO FAST FOR WEATHER CONDITIONS,39.164848,-86.589792
10,5,1300.0,2-Car,No injury/unknown,ROADWAY SURFACE CONDITION,39.164848,-86.575104
11,6,600.0,2-Car,No injury/unknown,FAILURE TO YIELD RIGHT OF WAY,39.164848,-86.582896
11,4,900.0,2-Car,No injury/unknown,FOLLOWING TOO CLOSELY,39.164848,-86.582896
12,6,1500.0,2-Car,No injury/unknown,FAILURE TO YIELD RIGHT OF WAY,39.164848,-86.5767824
12,6,1800.0,Bus,No injury/unknown,FAILURE TO YIELD RIGHT OF WAY,39.164848,-86.582896
10,7,1300.0,2-Car,Non-incapacitating,OTHER (DRIVER) - EXPLAIN IN NARRATIVE,39.164848,-86.58307331
9,5,1000.0,2-Car,No injury/unknown,FAILURE TO YIELD RIGHT OF WAY,39.164848,-86.58316196
6,6,1800.0,2-Car,Non-incapacitating,FAILURE TO YIELD RIGHT OF WAY,39.16484,-86.581776
11,3,1700.0,2-Car,Non-incapacitating,FAILURE TO YIELD RIGHT OF WAY,39.16484,-86.581776
5,4,1200.0,2-Car,No injury/unknown,FAILURE TO YIELD RIGHT OF WAY,39.16483984,-86.5804062
7,6,1600.0,2-Car,Non-incapacitating,OTHER (DRIVER) - EXPLAIN IN NARRATIVE,39.164832,-86.58574962
1,6,1300.0,2-Car,No injury/unknown,OTHER (DRIVER) - EXPLAIN IN NARRATIVE,39.164832,-86.582048
3,2,1500.0,2-Car,No injury/unknown,UNSAFE BACKING,39.164832,-86.582048
7,1,1200.0,1-Car,No injury/unknown,UNSAFE BACKING,39.164832,-86.582048
12,7,1200.0,2-Car,No injury/unknown,DRIVER DISTRACTED - EXPLAIN IN NARRATIVE,39.164832,-86.58254304
6,4,0.0,1-Car,Non-incapacitating,UNSAFE SPEED,39.1648238,-86.57018521
6,3,2300.0,1-Car,Non-incapacitating,DRIVER ILLNESS,39.16482122,-86.5789551
2,6,1600.0,1-Car,No injury/unknown,DRIVER DISTRACTED - EXPLAIN IN NARRATIVE,39.16482122,-86.5789551
12,7,1200.0,2-Car,No injury/unknown,SPEED TOO FAST FOR WEATHER CONDITIONS,39.16482122,-86.5789551
6,1,2000.0,2-Car,No injury/unknown,OTHER (DRIVER) - EXPLAIN IN NARRATIVE,39.16481927,-86.57891494
8,1,1400.0,2-Car,No injury/unknown,FAILURE TO YIELD RIGHT OF WAY,39.164816,-86.573888
1,2,1800.0,1-Car,No injury/unknown,ANIMAL/OBJECT IN ROADWAY,39.1647873,-86.62023553
2,7,1400.0,2-Car,No injury/unknown,FAILURE TO YIELD RIGHT OF WAY,39.16476574,-86.59228452
2,7,1000.0,2-Car,No injury/unknown,OTHER (VEHICLE) - EXPLAIN IN NARRATIVE,39.16476574,-86.59228452
11,1,1000.0,2-Car,No injury/unknown,FAILURE TO YIELD RIGHT OF WAY,39.16476186,-86.57324527
1,5,400.0,1-Car,No injury/unknown,ANIMAL/OBJECT IN ROADWAY,39.164755,-86.5954653
12,6,2000.0,2-Car,No injury/unknown,DISREGARD SIGNAL/REG SIGN,39.164752,-86.573104
10,7,1700.0,2-Car,No injury/unknown,FOLLOWING TOO CLOSELY,39.164752,-86.573104
8,4,1800.0,2-Car,No injury/unknown,OTHER (DRIVER) - EXPLAIN IN NARRATIVE,39.164752,-86.573104
4,1,200.0,1-Car,Non-incapacitating,OTHER (DRIVER) - EXPLAIN IN NARRATIVE,39.164752,-86.573104
7,5,100.0,1-Car,Non-incapacitating,DRIVER ASLEEP OR FATIGUED,39.164752,-86.573104
1,3,1600.0,2-Car,No injury/unknown,FAILURE TO YIELD RIGHT OF WAY,39.164752,-86.573104
9,7,1300.0,2-Car,No injury/unknown,FOLLOWING TOO CLOSELY,39.164752,-86.573104
9,2,1000.0,2-Car,Non-incapacitating,DISREGARD SIGNAL/REG SIGN,39.164752,-86.573104
1,6,1600.0,2-Car,No injury/unknown,OTHER (DRIVER) - EXPLAIN IN NARRATIVE,39.164752,-86.573104
1,2,1900.0,2-Car,Non-incapacitating,IMPROPER TURNING,39.164752,-86.573104
10,6,1100.0,2-Car,Non-incapacitating,SPEED TOO FAST FOR WEATHER CONDITIONS,39.164752,-86.573104
7,2,1100.0,2-Car,Non-incapacitating,DISREGARD SIGNAL/REG SIGN,39.164752,-86.573104
8,1,1400.0,2-Car,Non-incapacitating,DISREGARD SIGNAL/REG SIGN,39.164752,-86.573104
12,3,1400.0,2-Car,No injury/unknown,FOLLOWING TOO CLOSELY,39.164752,-86.573104
11,2,1600.0,2-Car,No injury/unknown,FAILURE TO YIELD RIGHT OF WAY,39.164752,-86.573104
2,2,1100.0,2-Car,Non-incapacitating,FAILURE TO YIELD RIGHT OF WAY,39.164752,-86.573104
4,4,900.0,2-Car,Non-incapacitating,SPEED TOO FAST FOR WEATHER CONDITIONS,39.164752,-86.573104
5,7,900.0,2-Car,Non-incapacitating,FAILURE TO YIELD RIGHT OF WAY,39.164752,-86.573104
5,2,1600.0,2-Car,No injury/unknown,FAILURE TO YIELD RIGHT OF WAY,39.164752,-86.573104
5,5,1400.0,2-Car,Non-incapacitating,LEFT OF CENTER,39.164752,-86.573104
4,7,1700.0,3+ Cars,Non-incapacitating,UNSAFE SPEED,39.164752,-86.573104
4,2,2200.0,2-Car,No injury/unknown,FAILURE TO YIELD RIGHT OF WAY,39.164752,-86.573104
4,4,1200.0,2-Car,No injury/unknown,FOLLOWING TOO CLOSELY,39.164752,-86.573104
4,5,1700.0,2-Car,Non-incapacitating,OTHER (DRIVER) - EXPLAIN IN NARRATIVE,39.164752,-86.573104
5,1,1400.0,3+ Cars,Non-incapacitating,OTHER (DRIVER) - EXPLAIN IN NARRATIVE,39.164752,-86.573104
1,5,1300.0,2-Car,No injury/unknown,OTHER (DRIVER) - EXPLAIN IN NARRATIVE,39.164752,-86.573104
1,4,2300.0,2-Car,Non-incapacitating,FAILURE TO YIELD RIGHT OF WAY,39.164752,-86.573104
11,4,700.0,2-Car,No injury/unknown,FOLLOWING TOO CLOSELY,39.164752,-86.573104
11,5,900.0,2-Car,Non-incapacitating,FOLLOWING TOO CLOSELY,39.164752,-86.573104
10,2,1800.0,2-Car,No injury/unknown,FAILURE TO YIELD RIGHT OF WAY,39.164752,-86.573104
11,5,1300.0,2-Car,Non-incapacitating,IMPROPER TURNING,39.164752,-86.573104
11,5,1700.0,2-Car,Non-incapacitating,OTHER (DRIVER) - EXPLAIN IN NARRATIVE,39.164752,-86.573104
11,3,1300.0,3+ Cars,Non-incapacitating,DISREGARD SIGNAL/REG SIGN,39.164752,-86.573104
10,6,1900.0,2-Car,No injury/unknown,FAILURE TO YIELD RIGHT OF WAY,39.16474605,-86.57292686
7,1,,2-Car,No injury/unknown,UNSAFE SPEED,39.16474251,-86.57282163
1,5,1700.0,2-Car,Non-incapacitating,UNSAFE BACKING,39.16474251,-86.57282163
2,6,1200.0,1-Car,No injury/unknown,OTHER (DRIVER) - EXPLAIN IN NARRATIVE,39.16473871,-86.57270868
6,4,1200.0,2-Car,No injury/unknown,OTHER (DRIVER) - EXPLAIN IN NARRATIVE,39.16472678,-86.5723537
12,3,1500.0,2-Car,No injury/unknown,UNSAFE BACKING,39.16472545,-86.53880465
4,6,1500.0,2-Car,No injury/unknown,UNSAFE BACKING,39.16472242,-86.52681098
4,7,1100.0,2-Car,Non-incapacitating,UNSAFE SPEED,39.16472,-86.538592
10,6,1200.0,3+ Cars,No injury/unknown,FAILURE TO YIELD RIGHT OF WAY,39.16472,-86.538592
5,7,1300.0,3+ Cars,Non-incapacitating,DRIVER DISTRACTED - EXPLAIN IN NARRATIVE,39.16471182,-86.57190856
7,6,1500.0,3+ Cars,No injury/unknown,OTHER (DRIVER) - EXPLAIN IN NARRATIVE,39.16471182,-86.57190856
1,4,1200.0,2-Car,No injury/unknown,IMPROPER LANE USAGE,39.16471159,-86.5719019
6,6,1400.0,2-Car,No injury/unknown,UNSAFE BACKING,39.16471159,-86.5719019
6,6,1500.0,2-Car,No injury/unknown,OTHER (DRIVER) - EXPLAIN IN NARRATIVE,39.16470933,-86.57183467
7,4,2200.0,2-Car,No injury/unknown,OTHER (DRIVER) - EXPLAIN IN NARRATIVE,39.16470933,-86.57183467
6,3,1300.0,2-Car,Non-incapacitating,DRIVER DISTRACTED - EXPLAIN IN NARRATIVE,39.16470531,-86.53740237
7,5,1200.0,2-Car,No injury/unknown,FAILURE TO YIELD RIGHT OF WAY,39.164704,-86.537296
2,3,2000.0,2-Car,No injury/unknown,,39.1647002,-86.57156305
11,2,1100.0,2-Car,No injury/unknown,IMPROPER PASSING,39.1647,-86.58290666
1,7,1400.0,2-Car,No injury/unknown,OTHER (DRIVER) - EXPLAIN IN NARRATIVE,39.16469396,-86.57137714
10,7,1500.0,2-Car,No injury/unknown,FAILURE TO YIELD RIGHT OF WAY,39.164688,-86.5712
5,4,1200.0,2-Car,No injury/unknown,IMPROPER PASSING,39.164688,-86.5712
4,3,1000.0,2-Car,Non-incapacitating,DRIVER DISTRACTED - EXPLAIN IN NARRATIVE,39.164688,-86.5712
1,7,1300.0,2-Car,No injury/unknown,FAILURE TO YIELD RIGHT OF WAY,39.164688,-86.5712
2,2,700.0,2-Car,No injury/unknown,FAILURE TO YIELD RIGHT OF WAY,39.164672,-86.570288
11,2,2100.0,2-Car,No injury/unknown,DISREGARD SIGNAL/REG SIGN,39.164672,-86.570288
12,1,1400.0,2-Car,No injury/unknown,FAILURE TO YIELD RIGHT OF WAY,39.164672,-86.536192
7,3,1600.0,2-Car,No injury/unknown,IMPROPER TURNING,39.16467067,-86.57025067
7,1,1900.0,2-Car,No injury/unknown,UNSAFE BACKING,39.16467067,-86.57025067
2,2,1500.0,2-Car,No injury/unknown,FAILURE TO YIELD RIGHT OF WAY,39.16467067,-86.57025067
7,6,1600.0,2-Car,Non-incapacitating,DRIVER DISTRACTED - EXPLAIN IN NARRATIVE,39.16466963,-86.573104
11,6,900.0,2-Car,No injury/unknown,IMPROPER LANE USAGE,39.16465373,-86.53481579
9,6,1700.0,2-Car,Non-incapacitating,UNSAFE SPEED,39.16464,-86.56693616
3,3,1200.0,3+ Cars,Non-incapacitating,FAILURE TO YIELD RIGHT OF WAY,39.16464,-86.52944431
3,5,2000.0,2-Car,No injury/unknown,DISREGARD SIGNAL/REG SIGN,39.16464,-86.5324
8,7,1800.0,2-Car,No injury/unknown,DISREGARD SIGNAL/REG SIGN,39.16464,-86.531024
7,6,1400.0,1-Car,No injury/unknown,RAN OFF ROAD RIGHT,39.16464,-86.5324
8,2,1600.0,2-Car,No injury/unknown,FAILURE TO YIELD RIGHT OF WAY,39.16464,-86.5336
8,3,700.0,2-Car,No injury/unknown,OTHER (DRIVER) - EXPLAIN IN NARRATIVE,39.16464,-86.5324
1,1,1200.0,2-Car,No injury/unknown,DISREGARD SIGNAL/REG SIGN,39.16464,-86.5324
4,7,2000.0,2-Car,Non-incapacitating,DISREGARD SIGNAL/REG SIGN,39.16464,-86.5324
3,7,1000.0,2-Car,Non-incapacitating,FAILURE TO YIELD RIGHT OF WAY,39.16464,-86.534816
1,2,1600.0,2-Car,No injury/unknown,FOLLOWING TOO CLOSELY,39.16464,-86.56321892
2,2,1500.0,3+ Cars,No injury/unknown,OTHER (DRIVER) - EXPLAIN IN NARRATIVE,39.16464,-86.52901877
1,3,1100.0,2-Car,No injury/unknown,FAILURE TO YIELD RIGHT OF WAY,39.16464,-86.534816
2,6,1400.0,2-Car,Non-incapacitating,FAILURE TO YIELD RIGHT OF WAY,39.16464,-86.534816
3,3,1600.0,2-Car,No injury/unknown,UNSAFE BACKING,39.16464,-86.529728
7,6,1600.0,1-Car,Non-incapacitating,RAN OFF ROAD RIGHT,39.16464,-86.568
1,6,1500.0,2-Car,No injury/unknown,OTHER (DRIVER) - EXPLAIN IN NARRATIVE,39.16464,-86.534816
6,5,1600.0,2-Car,No injury/unknown,FAILURE TO YIELD RIGHT OF WAY,39.16464,-86.529728
7,6,900.0,2-Car,No injury/unknown,FOLLOWING TOO CLOSELY,39.16464,-86.534816
6,6,1600.0,2-Car,Non-incapacitating,SPEED TOO FAST FOR WEATHER CONDITIONS,39.16464,-86.534816
5,6,1500.0,2-Car,No injury/unknown,FAILURE TO YIELD RIGHT OF WAY,39.16464,-86.534816
10,4,,2-Car,No injury/unknown,,39.16464,-86.5336
11,7,1300.0,2-Car,No injury/unknown,FOLLOWING TOO CLOSELY,39.16464,-86.529728
9,6,2100.0,2-Car,Non-incapacitating,FOLLOWING TOO CLOSELY,39.16464,-86.534816
7,3,1300.0,2-Car,No injury/unknown,UNSAFE BACKING,39.16464,-86.569392
12,7,200.0,1-Car,No injury/unknown,UNSAFE SPEED,39.16464,-86.52951523
9,6,1300.0,2-Car,No injury/unknown,FAILURE TO YIELD RIGHT OF WAY,39.16464,-86.56913891
9,2,700.0,2-Car,No injury/unknown,IMPROPER LANE USAGE,39.16464,-86.5336