Month,Day,Hour,Collision Type,Injury Type,Primary Factor,Latitude,Longitude
9,4,700.0,2-Car,Non-incapacitating,DRIVER DISTRACTED - EXPLAIN IN NARRATIVE,39.16464,-86.564992
9,3,1800.0,2-Car,Non-incapacitating,UNSAFE BACKING,39.16464,-86.529728
8,6,100.0,2-Car,Non-incapacitating,FAILURE TO YIELD RIGHT OF WAY,39.16464,-86.5324
12,4,1200.0,2-Car,No injury/unknown,DISREGARD SIGNAL/REG SIGN,39.16464,-86.5324
12,6,1800.0,2-Car,No injury/unknown,FOLLOWING TOO CLOSELY,39.16464,-86.531024
12,7,,2-Car,No injury/unknown,OTHER (DRIVER) - EXPLAIN IN NARRATIVE,39.16464,-86.56637471
12,5,1300.0,2-Car,No injury/unknown,OTHER (DRIVER) - EXPLAIN IN NARRATIVE,39.16464,-86.5324
12,5,1200.0,2-Car,No injury/unknown,,39.16464,-86.56792723
10,2,1600.0,2-Car,Non-incapacitating,FAILURE TO YIELD RIGHT OF WAY,39.16464,-86.531024
10,5,1200.0,1-Car,No injury/unknown,UNSAFE BACKING,39.16464,-86.53086531
10,3,1900.0,1-Car,No injury/unknown,ANIMAL/OBJECT IN ROADWAY,39.16464,-86.5324
1,6,1800.0,2-Car,No injury/unknown,FAILURE TO YIELD RIGHT OF WAY,39.16464,-86.568
7,7,1300.0,2-Car,Non-incapacitating,,39.16464,-86.5324
10,7,1300.0,2-Car,Non-incapacitating,FAILURE TO YIELD RIGHT OF WAY,39.16464,-86.529728
3,5,1600.0,2-Car,No injury/unknown,IMPROPER TURNING,39.16464,-86.56741781
8,6,1800.0,2-Car,No injury/unknown,FAILURE TO YIELD RIGHT OF WAY,39.16464,-86.534816
1,7,900.0,2-Car,Non-incapacitating,DISREGARD SIGNAL/REG SIGN,39.16464,-86.531024
1,7,1800.0,2-Car,No injury/unknown,UNSAFE BACKING,39.16464,-86.56913891
1,3,1900.0,2-Car,No injury/unknown,UNSAFE SPEED,39.16464,-86.531024
7,5,1600.0,2-Car,No injury/unknown,OTHER (DRIVER) - EXPLAIN IN NARRATIVE,39.16464,-86.529728
2,6,1200.0,2-Car,No injury/unknown,OTHER (DRIVER) - EXPLAIN IN NARRATIVE,39.16464,-86.531024
2,1,2300.0,2-Car,Non-incapacitating,DISREGARD SIGNAL/REG SIGN,39.16464,-86.5324
4,7,1300.0,2-Car,Non-incapacitating,FAILURE TO YIELD RIGHT OF WAY,39.16464,-86.533
1,1,1100.0,2-Car,Incapacitating,DISREGARD SIGNAL/REG SIGN,39.16464,-86.531024
3,4,900.0,2-Car,No injury/unknown,OTHER (DRIVER) - EXPLAIN IN NARRATIVE,39.16464,-86.529728
3,2,900.0,3+ Cars,Non-incapacitating,OTHER (DRIVER) - EXPLAIN IN NARRATIVE,39.16464,-86.5324
4,7,1600.0,2-Car,No injury/unknown,FAILURE TO YIELD RIGHT OF WAY,39.16464,-86.531024
3,2,1400.0,2-Car,No injury/unknown,DISREGARD SIGNAL/REG SIGN,39.16464,-86.534816
4,6,1400.0,2-Car,No injury/unknown,FAILURE TO YIELD RIGHT OF WAY,39.16464,-86.529728
6,6,1100.0,1-Car,No injury/unknown,OTHER (DRIVER) - EXPLAIN IN NARRATIVE,39.16464,-86.568
5,5,1100.0,2-Car,No injury/unknown,DRIVER DISTRACTED - EXPLAIN IN NARRATIVE,39.16464,-86.534816
5,6,1600.0,2-Car,No injury/unknown,FAILURE TO YIELD RIGHT OF WAY,39.16464,-86.56835462
6,4,1900.0,2-Car,No injury/unknown,FAILURE TO YIELD RIGHT OF WAY,39.16464,-86.531024
4,3,1500.0,2-Car,Non-incapacitating,DISREGARD SIGNAL/REG SIGN,39.16464,-86.5324
4,7,1400.0,2-Car,No injury/unknown,UNSAFE BACKING,39.16464,-86.56913891
4,4,1800.0,2-Car,No injury/unknown,DISREGARD SIGNAL/REG SIGN,39.16464,-86.5324
4,6,1000.0,2-Car,No injury/unknown,FAILURE TO YIELD RIGHT OF WAY,39.16464,-86.531024
5,2,0.0,Pedestrian,Non-incapacitating,PEDESTRIAN ACTION,39.16464,-86.5336
4,5,1300.0,2-Car,Non-incapacitating,FAILURE TO YIELD RIGHT OF WAY,39.16464,-86.568
4,1,1100.0,2-Car,No injury/unknown,OTHER (DRIVER) - EXPLAIN IN NARRATIVE,39.16464,-86.56913891
4,7,0.0,2-Car,No injury/unknown,SPEED TOO FAST FOR WEATHER CONDITIONS,39.16464,-86.5336
1,6,1400.0,2-Car,No injury/unknown,FAILURE TO YIELD RIGHT OF WAY,39.16464,-86.56741781
1,5,1100.0,2-Car,No injury/unknown,FAILURE TO YIELD RIGHT OF WAY,39.16464,-86.529728
1,1,1200.0,2-Car,No injury/unknown,OTHER (DRIVER) - EXPLAIN IN NARRATIVE,39.16464,-86.569392
1,6,1200.0,2-Car,No injury/unknown,FOLLOWING TOO CLOSELY,39.16464,-86.564992
10,1,2200.0,1-Car,No injury/unknown,,39.16464,-86.534816
5,6,1500.0,2-Car,No injury/unknown,UNSAFE BACKING,39.16464,-86.5324
10,7,1500.0,2-Car,No injury/unknown,OTHER (DRIVER) - EXPLAIN IN NARRATIVE,39.16464,-86.534816
11,6,2300.0,2-Car,Incapacitating,DRIVER DISTRACTED - EXPLAIN IN NARRATIVE,39.16464,-86.5336
11,2,1300.0,2-Car,No injury/unknown,,39.16464,-86.534816
11,3,1400.0,1-Car,Non-incapacitating,OTHER (DRIVER) - EXPLAIN IN NARRATIVE,39.16464,-86.5324
12,1,1300.0,2-Car,No injury/unknown,DISREGARD SIGNAL/REG SIGN,39.16464,-86.531024
12,2,1300.0,2-Car,Non-incapacitating,FAILURE TO YIELD RIGHT OF WAY,39.16464,-86.56814185
10,7,600.0,2-Car,No injury/unknown,DISREGARD SIGNAL/REG SIGN,39.16464,-86.5324
10,2,600.0,2-Car,No injury/unknown,DRIVER ASLEEP OR FATIGUED,39.16464,-86.534816
6,5,600.0,2-Car,No injury/unknown,IMPROPER LANE USAGE,39.16464,-86.534816
10,7,600.0,1-Car,No injury/unknown,ANIMAL/OBJECT IN ROADWAY,39.16464,-86.5336
2,6,600.0,2-Car,No injury/unknown,IMPROPER LANE USAGE,39.164604,-86.58271832
8,7,2100.0,2-Car,Non-incapacitating,FAILURE TO YIELD RIGHT OF WAY,39.164604,-86.58270749
12,5,1100.0,2-Car,No injury/unknown,FAILURE TO YIELD RIGHT OF WAY,39.164604,-86.582701
3,5,1600.0,2-Car,No injury/unknown,FAILURE TO YIELD RIGHT OF WAY,39.164604,-86.58265771
4,3,1300.0,3+ Cars,No injury/unknown,FAILURE TO YIELD RIGHT OF WAY,39.164604,-86.58269927
6,3,1700.0,2-Car,No injury/unknown,FAILURE TO YIELD RIGHT OF WAY,39.164604,-86.58268801
7,3,1700.0,2-Car,Non-incapacitating,UNSAFE SPEED,39.164604,-86.582701
8,3,1500.0,2-Car,Non-incapacitating,OTHER (DRIVER) - EXPLAIN IN NARRATIVE,39.1646,-86.575601
7,5,2100.0,2-Car,No injury/unknown,DRIVER ILLNESS,39.1646,-86.574879
7,3,1600.0,3+ Cars,No injury/unknown,FOLLOWING TOO CLOSELY,39.1646,-86.57741732
9,7,1100.0,3+ Cars,Non-incapacitating,FOLLOWING TOO CLOSELY,39.1646,-86.575601
10,2,600.0,2-Car,Non-incapacitating,FAILURE TO YIELD RIGHT OF WAY,39.1646,-86.575601
12,1,1300.0,3+ Cars,No injury/unknown,FAILURE TO YIELD RIGHT OF WAY,39.1646,-86.5762
6,4,1600.0,2-Car,No injury/unknown,DISREGARD SIGNAL/REG SIGN,39.1646,-86.5774
4,7,1800.0,2-Car,Non-incapacitating,FAILURE TO YIELD RIGHT OF WAY,39.1646,-86.57858868
5,6,1000.0,2-Car,No injury/unknown,FAILURE TO YIELD RIGHT OF WAY,39.1646,-86.57738269
5,7,1600.0,2-Car,Non-incapacitating,DRIVER DISTRACTED - EXPLAIN IN NARRATIVE,39.1646,-86.5774
6,7,1800.0,3+ Cars,No injury/unknown,FOLLOWING TOO CLOSELY,39.1646,-86.57560013
4,3,1100.0,2-Car,No injury/unknown,FOLLOWING TOO CLOSELY,39.1646,-86.575601
1,6,1100.0,2-Car,No injury/unknown,UNSAFE BACKING,39.1646,-86.57559321
11,1,1800.0,2-Car,No injury/unknown,OTHER (DRIVER) - EXPLAIN IN NARRATIVE,39.1646,-86.578264
12,5,900.0,2-Car,No injury/unknown,OTHER (DRIVER) - EXPLAIN IN NARRATIVE,39.1646,-86.57559797
10,5,1600.0,2-Car,No injury/unknown,DISREGARD SIGNAL/REG SIGN,39.1646,-86.575601
8,6,1800.0,2-Car,No injury/unknown,FAILURE TO YIELD RIGHT OF WAY,39.1646,-86.579467
8,2,1500.0,2-Car,Non-incapacitating,DISREGARD SIGNAL/REG SIGN,39.1645984,-86.57913641
9,3,1300.0,3+ Cars,No injury/unknown,OTHER (DRIVER) - EXPLAIN IN NARRATIVE,39.1645984,-86.57914507
8,5,1200.0,2-Car,Non-incapacitating,FAILURE TO YIELD RIGHT OF WAY,39.1645984,-86.57596037
9,3,800.0,2-Car,Non-incapacitating,DISREGARD SIGNAL/REG SIGN,39.1645984,-86.57596037
12,2,1200.0,2-Car,No injury/unknown,OTHER (DRIVER) - EXPLAIN IN NARRATIVE,39.1645984,-86.57914334
4,4,1200.0,3+ Cars,Non-incapacitating,FOLLOWING TOO CLOSELY,39.1645984,-86.57594306
3,7,1800.0,2-Car,No injury/unknown,OTHER (DRIVER) - EXPLAIN IN NARRATIVE,39.1645984,-86.57231988
4,5,1300.0,2-Car,No injury/unknown,FAILURE TO YIELD RIGHT OF WAY,39.1645984,-86.57913208
12,3,1200.0,2-Car,No injury/unknown,FOLLOWING TOO CLOSELY,39.1645984,-86.57913641
4,5,1500.0,2-Car,No injury/unknown,IMPROPER TURNING,39.1645984,-86.57596037
8,2,1000.0,1-Car,No injury/unknown,OTHER (DRIVER) - EXPLAIN IN NARRATIVE,39.16456,-86.55462576
10,7,1500.0,2-Car,No injury/unknown,OVERCORRECTING/OVERSTEERING,39.16456,-86.5550845
4,7,1300.0,2-Car,No injury/unknown,FOLLOWING TOO CLOSELY,39.16455981,-86.55584763
3,5,1700.0,2-Car,No injury/unknown,FOLLOWING TOO CLOSELY,39.16455665,-86.55974176
1,6,1300.0,3+ Cars,No injury/unknown,FOLLOWING TOO CLOSELY,39.16454822,-86.55727355
9,4,1700.0,3+ Cars,Non-incapacitating,FOLLOWING TOO CLOSELY,39.164544,-86.560096
6,3,1700.0,2-Car,No injury/unknown,OTHER (DRIVER) - EXPLAIN IN NARRATIVE,39.164544,-86.552192
7,3,1500.0,2-Car,No injury/unknown,UNSAFE SPEED,39.164544,-86.560096
1,2,2000.0,2-Car,No injury/unknown,OTHER (DRIVER) - EXPLAIN IN NARRATIVE,39.164544,-86.552192
4,3,1200.0,2-Car,Non-incapacitating,FAILURE TO YIELD RIGHT OF WAY,39.164544,-86.560096
5,7,1200.0,2-Car,No injury/unknown,IMPROPER TURNING,39.164544,-86.560096
4,4,1300.0,2-Car,No injury/unknown,UNSAFE BACKING,39.164544,-86.552192
10,6,1100.0,2-Car,No injury/unknown,FAILURE TO YIELD RIGHT OF WAY,39.164544,-86.560096
1,6,,2-Car,No injury/unknown,FAILURE TO YIELD RIGHT OF WAY,39.16453477,-86.52823339
4,4,2200.0,2-Car,Non-incapacitating,,39.16451377,-86.538699
10,2,1500.0,2-Car,No injury/unknown,UNSAFE BACKING,39.164512,-86.550624
2,7,900.0,2-Car,Non-incapacitating,IMPROPER TURNING,39.164512,-86.550624
3,1,1300.0,2-Car,No injury/unknown,IMPROPER TURNING,39.164512,-86.550624
1,1,600.0,3+ Cars,Non-incapacitating,SPEED TOO FAST FOR WEATHER CONDITIONS,39.164512,-86.550624
9,5,1800.0,2-Car,No injury/unknown,UNSAFE BACKING,39.164512,-86.550624
9,1,1300.0,2-Car,No injury/unknown,OTHER (DRIVER) - EXPLAIN IN NARRATIVE,39.164512,-86.550624
11,6,1800.0,1-Car,No injury/unknown,OTHER (DRIVER) - EXPLAIN IN NARRATIVE,39.1645,-86.56359234
10,6,1800.0,2-Car,No injury/unknown,FOLLOWING TOO CLOSELY,39.1645,-86.56947203
11,4,1100.0,2-Car,No injury/unknown,FAILURE TO YIELD RIGHT OF WAY,39.1645,-86.567998
10,2,1800.0,2-Car,Non-incapacitating,FOLLOWING TOO CLOSELY,39.164488,-86.54969829
1,3,1100.0,2-Car,No injury/unknown,UNSAFE BACKING,39.164488,-86.54969829
9,7,1000.0,2-Car,No injury/unknown,UNSAFE BACKING,39.164488,-86.54969829
2,3,1400.0,2-Car,No injury/unknown,UNSAFE BACKING,39.164488,-86.54969829
1,5,1900.0,1-Car,No injury/unknown,SPEED TOO FAST FOR WEATHER CONDITIONS,39.1644875,-86.549679
2,6,200.0,3+ Cars,Incapacitating,ALCOHOLIC BEVERAGES,39.16447544,-86.5280971
8,3,0.0,2-Car,No injury/unknown,UNSAFE BACKING,39.1644625,-86.54871471
3,5,1500.0,2-Car,Non-incapacitating,DRIVER DISTRACTED - EXPLAIN IN NARRATIVE,39.1644625,-86.54871471
8,4,1300.0,2-Car,No injury/unknown,UNSAFE SPEED,39.164448,-86.52644539
11,5,2300.0,Bus,Non-incapacitating,FOLLOWING TOO CLOSELY,39.164448,-86.52662269
8,6,1100.0,2-Car,No injury/unknown,IMPROPER LANE USAGE,39.164448,-86.52658723
10,1,1900.0,2-Car,No injury/unknown,OTHER (DRIVER) - EXPLAIN IN NARRATIVE,39.164448,-86.528096
10,7,1500.0,2-Car,No injury/unknown,FOLLOWING TOO CLOSELY,39.164448,-86.528096
9,5,1100.0,2-Car,No injury/unknown,OVERCORRECTING/OVERSTEERING,39.164448,-86.525792
9,3,1200.0,2-Car,No injury/unknown,OTHER (DRIVER) - EXPLAIN IN NARRATIVE,39.164448,-86.525792
9,1,700.0,1-Car,No injury/unknown,OTHER (DRIVER) - EXPLAIN IN NARRATIVE,39.164448,-86.528096
2,2,800.0,2-Car,No injury/unknown,UNSAFE BACKING,39.164448,-86.52715461
2,5,1500.0,2-Car,No injury/unknown,DISREGARD SIGNAL/REG SIGN,39.164448,-86.5268
9,7,300.0,2-Car,No injury/unknown,DISREGARD SIGNAL/REG SIGN,39.164448,-86.528096
1,1,200.0,2-Car,No injury/unknown,ALCOHOLIC BEVERAGES,39.164448,-86.528096
2,1,1800.0,2-Car,Non-incapacitating,FAILURE TO YIELD RIGHT OF WAY,39.164448,-86.471888
10,6,1300.0,2-Car,No injury/unknown,OTHER (DRIVER) - EXPLAIN IN NARRATIVE,39.164448,-86.52783004
12,3,1100.0,2-Car,No injury/unknown,DRIVER DISTRACTED - EXPLAIN IN NARRATIVE,39.164448,-86.528096
10,2,300.0,1-Car,Non-incapacitating,SPEED TOO FAST FOR WEATHER CONDITIONS,39.164448,-86.528096
10,5,1600.0,2-Car,No injury/unknown,FAILURE TO YIELD RIGHT OF WAY,39.164448,-86.5268
1,7,800.0,1-Car,Non-incapacitating,OTHER (DRIVER) - EXPLAIN IN NARRATIVE,39.164448,-86.528096
8,1,1800.0,3+ Cars,Non-incapacitating,FAILURE TO YIELD RIGHT OF WAY,39.164448,-86.471888
1,7,1300.0,2-Car,No injury/unknown,FAILURE TO YIELD RIGHT OF WAY,39.164448,-86.528096
6,3,700.0,2-Car,No injury/unknown,OTHER (DRIVER) - EXPLAIN IN NARRATIVE,39.164448,-86.525792
11,3,1200.0,2-Car,No injury/unknown,LEFT OF CENTER,39.164448,-86.528096
5,7,1600.0,2-Car,No injury/unknown,OTHER (DRIVER) - EXPLAIN IN NARRATIVE,39.164448,-86.528096
6,2,1500.0,2-Car,No injury/unknown,OBSTRUCTION NOT MARKED,39.164448,-86.528096
1,5,1500.0,Bus,No injury/unknown,OTHER (DRIVER) - EXPLAIN IN NARRATIVE,39.164448,-86.5268
1,4,2100.0,2-Car,Non-incapacitating,OTHER (DRIVER) - EXPLAIN IN NARRATIVE,39.164448,-86.5268
11,4,900.0,2-Car,No injury/unknown,OTHER (DRIVER) - EXPLAIN IN NARRATIVE,39.164448,-86.528096
5,3,2000.0,2-Car,No injury/unknown,FAILURE TO YIELD RIGHT OF WAY,39.164448,-86.471888
1,4,900.0,2-Car,No injury/unknown,OTHER (DRIVER) - EXPLAIN IN NARRATIVE,39.16443758,-86.54775367
2,6,1600.0,2-Car,No injury/unknown,DRIVER DISTRACTED - EXPLAIN IN NARRATIVE,39.16443737,-86.52543765
7,5,1900.0,2-Car,No injury/unknown,OTHER (DRIVER) - EXPLAIN IN NARRATIVE,39.16443346,-86.52530715
5,4,1500.0,2-Car,No injury/unknown,FAILURE TO YIELD RIGHT OF WAY,39.164404,-86.5563
1,5,1300.0,2-Car,Non-incapacitating,FOLLOWING TOO CLOSELY,39.16440374,-86.55610948
4,3,2000.0,2-Car,No injury/unknown,FOLLOWING TOO CLOSELY,39.16440374,-86.5562826
9,6,1300.0,2-Car,No injury/unknown,FOLLOWING TOO CLOSELY,39.16440374,-86.5562826
7,1,1200.0,2-Car,No injury/unknown,FOLLOWING TOO CLOSELY,39.16440374,-86.55630856
5,6,900.0,2-Car,Non-incapacitating,FOLLOWING TOO CLOSELY,39.16440374,-86.5562826
5,2,1500.0,3+ Cars,No injury/unknown,FOLLOWING TOO CLOSELY,39.16440374,-86.55630856
11,2,1700.0,2-Car,No injury/unknown,FOLLOWING TOO CLOSELY,39.16440374,-86.5562826
8,4,1700.0,2-Car,No injury/unknown,OTHER (DRIVER) - EXPLAIN IN NARRATIVE,39.16440374,-86.55628692
12,6,1700.0,2-Car,No injury/unknown,FOLLOWING TOO CLOSELY,39.16440374,-86.55628087
2,1,1500.0,2-Car,No injury/unknown,SPEED TOO FAST FOR WEATHER CONDITIONS,39.16440374,-86.55626961
9,4,1600.0,2-Car,No injury/unknown,FOLLOWING TOO CLOSELY,39.16440374,-86.55629558
7,6,1400.0,2-Car,Non-incapacitating,FOLLOWING TOO CLOSELY,39.16440374,-86.55626096
3,2,1200.0,2-Car,No injury/unknown,LEFT OF CENTER,39.16440374,-86.55627394
3,5,1600.0,2-Car,No injury/unknown,FAILURE TO YIELD RIGHT OF WAY,39.1644,-86.5522
9,2,1500.0,2-Car,No injury/unknown,FAILURE TO YIELD RIGHT OF WAY,39.1644,-86.5522
8,6,800.0,1-Car,Non-incapacitating,PEDESTRIAN ACTION,39.1644,-86.5522
3,4,1600.0,2-Car,No injury/unknown,OTHER (DRIVER) - EXPLAIN IN NARRATIVE,39.16437983,-86.52691028
7,6,1100.0,2-Car,No injury/unknown,FAILURE TO YIELD RIGHT OF WAY,39.16437728,-86.495088
3,5,2100.0,3+ Cars,Non-incapacitating,FOLLOWING TOO CLOSELY,39.16437327,-86.5233007
2,5,800.0,1-Car,No injury/unknown,SPEED TOO FAST FOR WEATHER CONDITIONS,39.164368,-86.544592
1,3,900.0,2-Car,No injury/unknown,OTHER (DRIVER) - EXPLAIN IN NARRATIVE,39.16436276,-86.5562826
4,5,1700.0,2-Car,No injury/unknown,FOLLOWING TOO CLOSELY,39.16435413,-86.52266287
9,4,1700.0,2-Car,No injury/unknown,FOLLOWING TOO CLOSELY,39.164352,-86.52241469
11,7,1700.0,2-Car,Non-incapacitating,FAILURE TO YIELD RIGHT OF WAY,39.164352,-86.510944
9,3,1100.0,2-Car,No injury/unknown,FAILURE TO YIELD RIGHT OF WAY,39.164352,-86.522592
11,5,1800.0,2-Car,Non-incapacitating,FAILURE TO YIELD RIGHT OF WAY,39.164352,-86.510944
11,7,1500.0,2-Car,Non-incapacitating,FOLLOWING TOO CLOSELY,39.164352,-86.522592
2,4,2200.0,2-Car,No injury/unknown,IMPROPER TURNING,39.164352,-86.52216229
1,5,1100.0,2-Car,No injury/unknown,SPEED TOO FAST FOR WEATHER CONDITIONS,39.164352,-86.522592
1,3,1600.0,2-Car,No injury/unknown,IMPROPER TURNING,39.164352,-86.522592
8,2,1600.0,3+ Cars,Non-incapacitating,DRIVER DISTRACTED - EXPLAIN IN NARRATIVE,39.164352,-86.5088
7,3,1500.0,2-Car,Non-incapacitating,OTHER (DRIVER) - EXPLAIN IN NARRATIVE,39.164352,-86.508288
11,6,700.0,2-Car,No injury/unknown,,39.164352,-86.510944
11,5,0.0,3+ Cars,No injury/unknown,ALCOHOLIC BEVERAGES,39.164352,-86.510944
1,7,900.0,3+ Cars,No injury/unknown,OTHER (DRIVER) - EXPLAIN IN NARRATIVE,39.164352,-86.5088
4,7,1400.0,2-Car,No injury/unknown,FOLLOWING TOO CLOSELY,39.164352,-86.521088
9,6,1200.0,2-Car,No injury/unknown,FAILURE TO YIELD RIGHT OF WAY,39.164352,-86.522592
11,7,1200.0,1-Car,No injury/unknown,OTHER (ENVIRONMENTAL) - EXPLAIN IN NARR,39.164352,-86.52246922
4,5,1300.0,1-Car,Non-incapacitating,OTHER (DRIVER) - EXPLAIN IN NARRATIVE,39.164352,-86.510944
1,5,1700.0,2-Car,No injury/unknown,FAILURE TO YIELD RIGHT OF WAY,39.164352,-86.510944
11,3,500.0,1-Car,Non-incapacitating,DRIVER ASLEEP OR FATIGUED,39.16433196,-86.42786091
10,2,200.0,2-Car,No injury/unknown,OTHER (DRIVER) - EXPLAIN IN NARRATIVE,39.16432752,-86.52089216
4,2,1400.0,3+ Cars,No injury/unknown,UNSAFE SPEED,39.16431779,-86.51129585
9,6,1900.0,2-Car,No injury/unknown,DISREGARD SIGNAL/REG SIGN,39.16431672,-86.53481905
4,2,1800.0,2-Car,Non-incapacitating,OTHER (DRIVER) - EXPLAIN IN NARRATIVE,39.16430536,-86.50709837
12,1,1800.0,2-Car,No injury/unknown,FOLLOWING TOO CLOSELY,39.16430423,-86.50700973
12,1,1800.0,2-Car,No injury/unknown,FOLLOWING TOO CLOSELY,39.164304,-86.506992
11,2,900.0,2-Car,Non-incapacitating,DRIVER DISTRACTED - EXPLAIN IN NARRATIVE,39.164304,-86.506992
7,2,1200.0,3+ Cars,Non-incapacitating,DRIVER DISTRACTED - EXPLAIN IN NARRATIVE,39.164304,-86.506992
6,4,1600.0,2-Car,No injury/unknown,FOLLOWING TOO CLOSELY,39.164304,-86.506992
12,7,1600.0,2-Car,Non-incapacitating,DRIVER DISTRACTED - EXPLAIN IN NARRATIVE,39.164304,-86.505792
12,5,1600.0,2-Car,Non-incapacitating,FOLLOWING TOO CLOSELY,39.164304,-86.506992
10,7,1400.0,3+ Cars,No injury/unknown,FOLLOWING TOO CLOSELY,39.164304,-86.506992
2,6,1500.0,2-Car,No injury/unknown,FOLLOWING TOO CLOSELY,39.164304,-86.506992
1,7,1600.0,2-Car,No injury/unknown,FAILURE TO YIELD RIGHT OF WAY,39.164304,-86.505792
5,5,1100.0,2-Car,No injury/unknown,IMPROPER LANE USAGE,39.164304,-86.506992
4,2,1700.0,2-Car,No injury/unknown,OTHER (DRIVER) - EXPLAIN IN NARRATIVE,39.164304,-86.542096
4,6,1300.0,2-Car,No injury/unknown,FAILURE TO YIELD RIGHT OF WAY,39.164304,-86.506992
4,4,1800.0,2-Car,No injury/unknown,FOLLOWING TOO CLOSELY,39.164304,-86.506992
11,3,1300.0,2-Car,Non-incapacitating,FAILURE TO YIELD RIGHT OF WAY,39.164304,-86.506992
12,6,1400.0,2-Car,No injury/unknown,FAILURE TO YIELD RIGHT OF WAY,39.164304,-86.505792
10,6,1900.0,2-Car,No injury/unknown,IMPROPER PASSING,39.164304,-86.506992
7,1,1100.0,2-Car,No injury/unknown,IMPROPER TURNING,39.16430382,-86.50578085
1,3,1900.0,2-Car,No injury/unknown,OTHER (DRIVER) - EXPLAIN IN NARRATIVE,39.164301,-86.515299
11,4,2000.0,2-Car,No injury/unknown,IMPROPER LANE USAGE,39.1643,-86.517695
10,4,1500.0,Bus,No injury/unknown,OTHER (DRIVER) - EXPLAIN IN NARRATIVE,39.1643,-86.517695
11,2,1100.0,1-Car,Non-incapacitating,FAILURE TO YIELD RIGHT OF WAY,39.1643,-86.527296
12,1,1400.0,2-Car,No injury/unknown,FOLLOWING TOO CLOSELY,39.1643,-86.516099
12,4,1800.0,2-Car,No injury/unknown,IMPROPER LANE USAGE,39.1643,-86.51609943
11,3,1800.0,2-Car,No injury/unknown,FOLLOWING TOO CLOSELY,39.1643,-86.5211113
11,2,1900.0,2-Car,No injury/unknown,FOLLOWING TOO CLOSELY,39.1643,-86.51770582
8,3,1600.0,2-Car,Non-incapacitating,IMPROPER LANE USAGE,39.1643,-86.5161016
4,3,2300.0,Pedestrian,Non-incapacitating,FAILURE TO YIELD RIGHT OF WAY,39.1643,-86.51639251
5,5,2300.0,2-Car,Non-incapacitating,WRONG WAY ON ONE WAY,39.1643,-86.51770192
1,1,800.0,2-Car,No injury/unknown,IMPROPER TURNING,39.1643,-86.520099
6,2,1500.0,2-Car,No injury/unknown,FAILURE TO YIELD RIGHT OF WAY,39.1643,-86.512199
7,4,1700.0,2-Car,No injury/unknown,FOLLOWING TOO CLOSELY,39.1643,-86.510896
3,4,1200.0,3+ Cars,No injury/unknown,PASSENGER DISTRACTION,39.1643,-86.51770019
8,1,1100.0,2-Car,No injury/unknown,IMPROPER TURNING,39.1643,-86.516099
4,3,1200.0,3+ Cars,Non-incapacitating,OTHER (DRIVER) - EXPLAIN IN NARRATIVE,39.16429943,-86.50550837
10,3,1000.0,2-Car,No injury/unknown,FAILURE TO YIELD RIGHT OF WAY,39.164299,-86.508499
2,7,1600.0,2-Car,Non-incapacitating,DRIVER DISTRACTED - EXPLAIN IN NARRATIVE,39.164299,-86.5048451
7,5,1000.0,2-Car,No injury/unknown,OTHER (DRIVER) - EXPLAIN IN NARRATIVE,39.16429681,-86.50534616
6,6,1500.0,3+ Cars,No injury/unknown,FAILURE TO YIELD RIGHT OF WAY,39.164288,-86.5048
8,1,1100.0,2-Car,No injury/unknown,UNSAFE BACKING,39.16428212,-86.50392425
3,3,1800.0,2-Car,Non-incapacitating,DRIVER DISTRACTED - EXPLAIN IN NARRATIVE,39.164272,-86.50194586
7,4,2100.0,2-Car,No injury/unknown,FAILURE TO YIELD RIGHT OF WAY,39.164272,-86.50194253
2,6,1700.0,2-Car,No injury/unknown,FAILURE TO YIELD RIGHT OF WAY,39.164272,-86.501488
8,3,700.0,3+ Cars,No injury/unknown,FOLLOWING TOO CLOSELY,39.164272,-86.502416
7,6,1200.0,2-Car,No injury/unknown,FAILURE TO YIELD RIGHT OF WAY,39.164272,-86.502416
12,6,1600.0,2-Car,No injury/unknown,FAILURE TO YIELD RIGHT OF WAY,39.164272,-86.501488
2,3,1700.0,2-Car,No injury/unknown,UNSAFE BACKING,39.164272,-86.50194253
3,4,900.0,2-Car,No injury/unknown,FAILURE TO YIELD RIGHT OF WAY,39.164272,-86.502416
4,6,1800.0,3+ Cars,Non-incapacitating,SPEED TOO FAST FOR WEATHER CONDITIONS,39.164272,-86.502416
5,5,1700.0,2-Car,No injury/unknown,IMPROPER PASSING,39.164272,-86.502416
10,5,1400.0,3+ Cars,Non-incapacitating,FOLLOWING TOO CLOSELY,39.164272,-86.502416
2,7,1900.0,2-Car,No injury/unknown,UNSAFE BACKING,39.164272,-86.502416
11,7,1500.0,3+ Cars,Non-incapacitating,FOLLOWING TOO CLOSELY,39.164272,-86.502416
10,4,1400.0,2-Car,No injury/unknown,IMPROPER LANE USAGE,39.16425006,-86.51916648
1,2,800.0,1-Car,Non-incapacitating,OTHER (DRIVER) - EXPLAIN IN NARRATIVE,39.16425006,-86.49823511
2,5,1600.0,2-Car,No injury/unknown,FOLLOWING TOO CLOSELY,39.16424875,-86.52026202
11,2,1400.0,2-Car,No injury/unknown,SPEED TOO FAST FOR WEATHER CONDITIONS,39.16424736,-86.49910916
8,3,1300.0,2-Car,No injury/unknown,FOLLOWING TOO CLOSELY,39.16424664,-86.51771684