Month,Day,Hour,Collision Type,Injury Type,Primary Factor,Latitude,Longitude
12,6,1500.0,2-Car,No injury/unknown,FAILURE TO YIELD RIGHT OF WAY,39.16424001,-86.49188016
2,7,1300.0,2-Car,No injury/unknown,VIEW OBSTRUCTED,39.16424,-86.49241208
5,4,2200.0,3+ Cars,No injury/unknown,FOLLOWING TOO CLOSELY,39.16424,-86.49258939
1,6,1300.0,2-Car,Non-incapacitating,FAILURE TO YIELD RIGHT OF WAY,39.16424,-86.49329861
4,2,1800.0,2-Car,No injury/unknown,FAILURE TO YIELD RIGHT OF WAY,39.16424,-86.49267804
5,3,1800.0,2-Car,No injury/unknown,FOLLOWING TOO CLOSELY,39.16424,-86.49487523
9,5,1600.0,Bus,No injury/unknown,OTHER (DRIVER) - EXPLAIN IN NARRATIVE,39.16424,-86.51657731
11,3,1400.0,2-Car,No injury/unknown,DRIVER DISTRACTED - EXPLAIN IN NARRATIVE,39.16424,-86.51613404
9,6,1400.0,1-Car,Non-incapacitating,IMPROPER PASSING,39.16424,-86.51622269
11,3,1100.0,2-Car,No injury/unknown,DRIVER DISTRACTED - EXPLAIN IN NARRATIVE,39.16424,-86.51786596
10,2,1300.0,2-Car,Non-incapacitating,IMPROPER LANE USAGE,39.16424,-86.51881469
5,6,2300.0,2-Car,No injury/unknown,FOLLOWING TOO CLOSELY,39.16424,-86.51493404
3,2,1500.0,2-Car,Non-incapacitating,FAILURE TO YIELD RIGHT OF WAY,39.16424,-86.51608085
6,5,1800.0,3+ Cars,Non-incapacitating,UNSAFE SPEED,39.16424,-86.51604539
1,6,1700.0,2-Car,No injury/unknown,FAILURE TO YIELD RIGHT OF WAY,39.16424,-86.49305038
3,3,1100.0,2-Car,No injury/unknown,OTHER (DRIVER) - EXPLAIN IN NARRATIVE,39.16424,-86.51625816
4,3,0.0,2-Car,No injury/unknown,IMPROPER TURNING,39.16424,-86.51675461
3,2,1500.0,2-Car,No injury/unknown,IMPROPER LANE USAGE,39.16424,-86.51675461
2,2,2100.0,1-Car,No injury/unknown,IMPROPER LANE USAGE,39.16424,-86.51622269
5,1,1600.0,2-Car,No injury/unknown,FAILURE TO YIELD RIGHT OF WAY,39.16424,-86.51654185
2,1,2000.0,2-Car,Non-incapacitating,FAILURE TO YIELD RIGHT OF WAY,39.16424,-86.4984
5,6,1600.0,2-Car,No injury/unknown,FOLLOWING TOO CLOSELY,39.16424,-86.480688
8,3,1600.0,2-Car,No injury/unknown,IMPROPER LANE USAGE,39.16424,-86.5176
8,3,2100.0,2-Car,No injury/unknown,FAILURE TO YIELD RIGHT OF WAY,39.16424,-86.5164
9,7,1800.0,2-Car,No injury/unknown,DISREGARD SIGNAL/REG SIGN,39.16424,-86.5164
10,7,1600.0,2-Car,No injury/unknown,IMPROPER LANE USAGE,39.16424,-86.5176
9,5,1700.0,2-Car,No injury/unknown,FAILURE TO YIELD RIGHT OF WAY,39.16424,-86.5164
11,1,2200.0,2-Car,No injury/unknown,UNSAFE BACKING,39.16424,-86.51636454
8,5,1200.0,2-Car,No injury/unknown,IMPROPER LANE USAGE,39.16424,-86.518992
9,4,1900.0,Moped/Motorcycle,No injury/unknown,FOLLOWING TOO CLOSELY,39.16424,-86.5164
10,1,1900.0,2-Car,No injury/unknown,IMPROPER TURNING,39.16424,-86.5152
9,5,1400.0,2-Car,No injury/unknown,FAILURE TO YIELD RIGHT OF WAY,39.16424,-86.492944
10,2,1900.0,2-Car,No injury/unknown,FAILURE TO YIELD RIGHT OF WAY,39.16424,-86.495088
8,3,1800.0,2-Car,No injury/unknown,FAILURE TO YIELD RIGHT OF WAY,39.16424,-86.4984
8,7,900.0,2-Car,Non-incapacitating,DISREGARD SIGNAL/REG SIGN,39.16424,-86.4908
7,4,1900.0,2-Car,No injury/unknown,DISREGARD SIGNAL/REG SIGN,39.16424,-86.492944
11,4,1000.0,2-Car,Non-incapacitating,FAILURE TO YIELD RIGHT OF WAY,39.16424,-86.4984
5,4,2100.0,2-Car,Non-incapacitating,FOLLOWING TOO CLOSELY,39.16424,-86.480688
4,3,1500.0,2-Car,Non-incapacitating,FOLLOWING TOO CLOSELY,39.16424,-86.5164
1,7,,2-Car,No injury/unknown,OTHER (DRIVER) - EXPLAIN IN NARRATIVE,39.16424,-86.492944
1,2,900.0,3+ Cars,No injury/unknown,FAILURE TO YIELD RIGHT OF WAY,39.16424,-86.4984
2,1,2000.0,2-Car,No injury/unknown,UNSAFE BACKING,39.16424,-86.51638227
3,5,2100.0,2-Car,No injury/unknown,FAILURE TO YIELD RIGHT OF WAY,39.16424,-86.5176
8,4,1400.0,2-Car,No injury/unknown,OTHER (DRIVER) - EXPLAIN IN NARRATIVE,39.16424,-86.520192
9,5,1100.0,2-Car,No injury/unknown,OTHER (DRIVER) - EXPLAIN IN NARRATIVE,39.16424,-86.495088
9,5,1700.0,2-Car,Non-incapacitating,FAILURE TO YIELD RIGHT OF WAY,39.16424,-86.476096
1,1,1000.0,2-Car,No injury/unknown,LEFT OF CENTER,39.16424,-86.49368135
1,2,1100.0,Moped/Motorcycle,Non-incapacitating,FAILURE TO YIELD RIGHT OF WAY,39.16424,-86.520192
2,5,1200.0,2-Car,No injury/unknown,FOLLOWING TOO CLOSELY,39.16424,-86.492944
7,3,1200.0,2-Car,No injury/unknown,OTHER (DRIVER) - EXPLAIN IN NARRATIVE,39.16424,-86.5164
10,5,1300.0,2-Car,No injury/unknown,LEFT OF CENTER,39.16424,-86.48635271
6,4,800.0,2-Car,No injury/unknown,FOLLOWING TOO CLOSELY,39.16424,-86.495088
8,3,1000.0,2-Car,No injury/unknown,LEFT OF CENTER,39.16424,-86.480688
10,4,,2-Car,No injury/unknown,OTHER (DRIVER) - EXPLAIN IN NARRATIVE,39.16424,-86.480688
10,1,1200.0,2-Car,No injury/unknown,FAILURE TO YIELD RIGHT OF WAY,39.16424,-86.495088
6,7,1300.0,2-Car,Non-incapacitating,FAILURE TO YIELD RIGHT OF WAY,39.16424,-86.480688
5,2,1400.0,3+ Cars,No injury/unknown,FOLLOWING TOO CLOSELY,39.16424,-86.495088
4,6,1800.0,2-Car,No injury/unknown,FAILURE TO YIELD RIGHT OF WAY,39.16424,-86.492944
4,7,1800.0,2-Car,No injury/unknown,IMPROPER LANE USAGE,39.16424,-86.4984
9,1,2200.0,2-Car,No injury/unknown,PASSENGER DISTRACTION,39.16424,-86.47968882
11,2,900.0,2-Car,No injury/unknown,FAILURE TO YIELD RIGHT OF WAY,39.16424,-86.5176
10,2,1400.0,2-Car,No injury/unknown,FAILURE TO YIELD RIGHT OF WAY,39.16424,-86.492944
10,4,2100.0,2-Car,No injury/unknown,FAILURE TO YIELD RIGHT OF WAY,39.16424,-86.480688
8,4,1400.0,2-Car,No injury/unknown,FAILURE TO YIELD RIGHT OF WAY,39.16424,-86.492944
8,5,1300.0,2-Car,Non-incapacitating,,39.16424,-86.492944
10,7,1000.0,2-Car,No injury/unknown,FAILURE TO YIELD RIGHT OF WAY,39.16424,-86.4984
10,7,1200.0,2-Car,No injury/unknown,FOLLOWING TOO CLOSELY,39.16424,-86.480688
10,4,1800.0,2-Car,Non-incapacitating,DISREGARD SIGNAL/REG SIGN,39.16424,-86.495088
12,6,1600.0,2-Car,No injury/unknown,FAILURE TO YIELD RIGHT OF WAY,39.16424,-86.492944
11,4,1500.0,2-Car,Non-incapacitating,FAILURE TO YIELD RIGHT OF WAY,39.16424,-86.4908
9,1,2100.0,2-Car,No injury/unknown,FAILURE TO YIELD RIGHT OF WAY,39.16424,-86.518992
10,6,1700.0,2-Car,No injury/unknown,UNSAFE BACKING,39.16424,-86.4984
2,4,1600.0,2-Car,No injury/unknown,OTHER (DRIVER) - EXPLAIN IN NARRATIVE,39.16424,-86.4908
3,5,1400.0,2-Car,Non-incapacitating,FOLLOWING TOO CLOSELY,39.16424,-86.5164
6,7,2000.0,3+ Cars,Non-incapacitating,FOLLOWING TOO CLOSELY,39.16424,-86.4908
2,6,1700.0,2-Car,Non-incapacitating,FAILURE TO YIELD RIGHT OF WAY,39.16424,-86.476096
2,6,,2-Car,No injury/unknown,OTHER (DRIVER) - EXPLAIN IN NARRATIVE,39.16424,-86.5164
2,6,1000.0,2-Car,No injury/unknown,FOLLOWING TOO CLOSELY,39.16424,-86.4984
2,2,1200.0,1-Car,No injury/unknown,OTHER (DRIVER) - EXPLAIN IN NARRATIVE,39.16424,-86.4984
4,6,2100.0,2-Car,No injury/unknown,FAILURE TO YIELD RIGHT OF WAY,39.16424,-86.4984
3,2,2200.0,2-Car,No injury/unknown,OTHER (DRIVER) - EXPLAIN IN NARRATIVE,39.16424,-86.492944
1,3,1900.0,1-Car,No injury/unknown,DRIVER ILLNESS,39.16424,-86.492944
3,6,700.0,2-Car,No injury/unknown,OTHER (DRIVER) - EXPLAIN IN NARRATIVE,39.16424,-86.495088
5,3,1200.0,2-Car,Non-incapacitating,FAILURE TO YIELD RIGHT OF WAY,39.16424,-86.492944
6,1,1300.0,2-Car,No injury/unknown,FAILURE TO YIELD RIGHT OF WAY,39.16424,-86.480688
1,7,2100.0,2-Car,No injury/unknown,FAILURE TO YIELD RIGHT OF WAY,39.16424,-86.4908
3,4,1100.0,2-Car,No injury/unknown,FAILURE TO YIELD RIGHT OF WAY,39.16424,-86.4984
7,7,2300.0,2-Car,Non-incapacitating,FAILURE TO YIELD RIGHT OF WAY,39.16424,-86.4908
3,4,2000.0,2-Car,No injury/unknown,FAILURE TO YIELD RIGHT OF WAY,39.16424,-86.495088
6,4,1600.0,2-Car,No injury/unknown,FAILURE TO YIELD RIGHT OF WAY,39.16424,-86.4984
7,5,1400.0,3+ Cars,No injury/unknown,CELL PHONE USAGE,39.16424,-86.4984
5,7,1100.0,2-Car,No injury/unknown,UNSAFE BACKING,39.16424,-86.49368135
5,4,1800.0,2-Car,No injury/unknown,UNSAFE BACKING,39.16424,-86.5096
4,3,800.0,2-Car,No injury/unknown,FAILURE TO YIELD RIGHT OF WAY,39.16424,-86.492944
4,3,1700.0,2-Car,No injury/unknown,FAILURE TO YIELD RIGHT OF WAY,39.16424,-86.4984
6,7,2100.0,2-Car,No injury/unknown,IMPROPER TURNING,39.16424,-86.5164
6,3,1500.0,2-Car,Non-incapacitating,FOLLOWING TOO CLOSELY,39.16424,-86.52008562
8,5,1700.0,2-Car,No injury/unknown,IMPROPER LANE USAGE,39.16424,-86.5176
4,2,2300.0,2-Car,Fatal,FAILURE TO YIELD RIGHT OF WAY,39.16424,-86.520192
8,7,800.0,2-Car,Non-incapacitating,DISREGARD SIGNAL/REG SIGN,39.16424,-86.5164
4,7,2100.0,2-Car,No injury/unknown,UNSAFE BACKING,39.16424,-86.5164
8,2,1200.0,2-Car,No injury/unknown,IMPROPER LANE USAGE,39.16424,-86.5176
4,3,1800.0,2-Car,No injury/unknown,FOLLOWING TOO CLOSELY,39.16424,-86.5164
6,4,700.0,2-Car,No injury/unknown,FOLLOWING TOO CLOSELY,39.16424,-86.509296
1,2,1600.0,3+ Cars,No injury/unknown,FOLLOWING TOO CLOSELY,39.16424,-86.4984
1,3,2200.0,2-Car,No injury/unknown,UNSAFE SPEED,39.16424,-86.495088
1,5,2100.0,2-Car,No injury/unknown,FAILURE TO YIELD RIGHT OF WAY,39.16424,-86.495088
8,6,900.0,1-Car,No injury/unknown,,39.16424,-86.48595093
1,5,2000.0,2-Car,No injury/unknown,FAILURE TO YIELD RIGHT OF WAY,39.16424,-86.476096
1,2,1200.0,2-Car,Non-incapacitating,FAILURE TO YIELD RIGHT OF WAY,39.16424,-86.4984
10,6,1100.0,2-Car,No injury/unknown,FOLLOWING TOO CLOSELY,39.16424,-86.4984
11,2,2100.0,2-Car,No injury/unknown,FAILURE TO YIELD RIGHT OF WAY,39.16424,-86.480688
11,5,1400.0,2-Car,Non-incapacitating,IMPROPER TURNING,39.16424,-86.480688
11,3,2300.0,2-Car,No injury/unknown,OTHER (DRIVER) - EXPLAIN IN NARRATIVE,39.16424,-86.4984
11,7,1500.0,2-Car,Non-incapacitating,FOLLOWING TOO CLOSELY,39.16424,-86.4984
10,7,2100.0,2-Car,No injury/unknown,FAILURE TO YIELD RIGHT OF WAY,39.16424,-86.480688
10,1,2100.0,2-Car,No injury/unknown,FAILURE TO YIELD RIGHT OF WAY,39.16424,-86.4984
12,6,1200.0,2-Car,No injury/unknown,FOLLOWING TOO CLOSELY,39.16424,-86.4984
10,7,1400.0,2-Car,No injury/unknown,OTHER (DRIVER) - EXPLAIN IN NARRATIVE,39.16424,-86.48427429
10,6,1100.0,2-Car,No injury/unknown,IMPROPER LANE USAGE,39.16423833,-86.49822271
10,1,1700.0,2-Car,No injury/unknown,,39.16423674,-86.49805388
1,7,1700.0,2-Car,No injury/unknown,FAILURE TO YIELD RIGHT OF WAY,39.16423666,-86.49804541
9,1,1300.0,2-Car,No injury/unknown,OTHER (DRIVER) - EXPLAIN IN NARRATIVE,39.16423599,-86.4979745
11,4,1500.0,2-Car,No injury/unknown,FAILURE TO YIELD RIGHT OF WAY,39.16423331,-86.49769083
6,5,800.0,2-Car,No injury/unknown,FOLLOWING TOO CLOSELY,39.16422957,-86.4720834
9,3,1700.0,1-Car,Non-incapacitating,FAILURE TO YIELD RIGHT OF WAY,39.16422627,-86.5163998
11,2,1000.0,1-Car,No injury/unknown,OTHER (DRIVER) - EXPLAIN IN NARRATIVE,39.164204,-86.52260465
5,3,1500.0,2-Car,Non-incapacitating,FAILURE TO YIELD RIGHT OF WAY,39.1642,-86.476699
5,1,1000.0,2-Car,No injury/unknown,IMPROPER LANE USAGE,39.1642,-86.497095
12,7,1800.0,2-Car,No injury/unknown,OTHER (DRIVER) - EXPLAIN IN NARRATIVE,39.1642,-86.495738
11,3,1400.0,2-Car,No injury/unknown,OTHER (DRIVER) - EXPLAIN IN NARRATIVE,39.164199,-86.498296
11,4,1000.0,2-Car,No injury/unknown,SPEED TOO FAST FOR WEATHER CONDITIONS,39.16418509,-86.480688
2,2,1600.0,2-Car,Non-incapacitating,FAILURE TO YIELD RIGHT OF WAY,39.16418509,-86.480688
2,2,1600.0,2-Car,Non-incapacitating,FAILURE TO YIELD RIGHT OF WAY,39.16418509,-86.480688
1,5,1600.0,2-Car,Non-incapacitating,UNSAFE BACKING,39.16410392,-86.50241519
1,3,1400.0,2-Car,No injury/unknown,UNSAFE BACKING,39.16410392,-86.50241519
11,6,1800.0,2-Car,No injury/unknown,FAILURE TO YIELD RIGHT OF WAY,39.16410292,-86.49295356
1,6,1700.0,2-Car,No injury/unknown,FAILURE TO YIELD RIGHT OF WAY,39.16410273,-86.51759789
7,6,1400.0,2-Car,No injury/unknown,OTHER (DRIVER) - EXPLAIN IN NARRATIVE,39.1641,-86.53177969
5,6,1100.0,2-Car,No injury/unknown,IMPROPER LANE USAGE,39.16409091,-86.53482118
9,4,2100.0,1-Car,Non-incapacitating,RAN OFF ROAD RIGHT,39.16408416,-86.42742726
7,3,1300.0,2-Car,No injury/unknown,OTHER (DRIVER) - EXPLAIN IN NARRATIVE,39.16407532,-86.51899715
7,7,1200.0,2-Car,Non-incapacitating,FAILURE TO YIELD RIGHT OF WAY,39.16405053,-86.49835841
2,4,1800.0,2-Car,No injury/unknown,,39.16404783,-86.52018895
5,6,1500.0,2-Car,No injury/unknown,UNSAFE BACKING,39.16403491,-86.5562826
7,5,1600.0,2-Car,No injury/unknown,OTHER (DRIVER) - EXPLAIN IN NARRATIVE,39.164018,-86.49825
5,2,700.0,2-Car,No injury/unknown,FAILURE TO YIELD RIGHT OF WAY,39.16396933,-86.49834058
7,5,1200.0,2-Car,No injury/unknown,FAILURE TO YIELD RIGHT OF WAY,39.16396552,-86.51519193
12,2,1900.0,1-Car,No injury/unknown,ALCOHOLIC BEVERAGES,39.16393516,-86.39732952
12,3,1000.0,3+ Cars,No injury/unknown,PRESCRIPTION DRUGS,39.16391197,-86.5562826
11,7,1500.0,Bus,Non-incapacitating,IMPROPER LANE USAGE,39.163884,-86.496616
7,7,1800.0,1-Car,Non-incapacitating,FOLLOWING TOO CLOSELY,39.16381637,-86.53482377
9,6,1600.0,3+ Cars,Non-incapacitating,DRIVER DISTRACTED - EXPLAIN IN NARRATIVE,39.16377146,-86.538592
12,2,1800.0,2-Car,No injury/unknown,UNSAFE BACKING,39.163744,-86.5336
1,5,1500.0,2-Car,No injury/unknown,FAILURE TO YIELD RIGHT OF WAY,39.1636917,-86.49298225
12,1,1700.0,1-Car,No injury/unknown,RAN OFF ROAD RIGHT,39.16366173,-86.63780128
8,3,1200.0,3+ Cars,Non-incapacitating,OTHER (DRIVER) - EXPLAIN IN NARRATIVE,39.163584,-86.498256
3,3,1900.0,2-Car,No injury/unknown,DISREGARD SIGNAL/REG SIGN,39.163584,-86.498256
2,7,400.0,1-Car,Non-incapacitating,ANIMAL/OBJECT IN ROADWAY,39.1635595,-86.42588047
12,7,300.0,1-Car,Non-incapacitating,ALCOHOLIC BEVERAGES,39.163552,-86.649696
5,6,1000.0,2-Car,No injury/unknown,FAILURE TO YIELD RIGHT OF WAY,39.16348591,-86.522592
9,5,1500.0,3+ Cars,Non-incapacitating,FOLLOWING TOO CLOSELY,39.16346117,-86.5512146
5,6,1700.0,Moped/Motorcycle,Non-incapacitating,OTHER (DRIVER) - EXPLAIN IN NARRATIVE,39.16346117,-86.5512146
11,5,1200.0,2-Car,No injury/unknown,IMPROPER LANE USAGE,39.16346117,-86.5512146
12,5,1700.0,2-Car,No injury/unknown,NONE (DRIVER),39.16346117,-86.5512146
7,3,1100.0,2-Car,Non-incapacitating,ALCOHOLIC BEVERAGES,39.16345639,-86.538699
1,6,800.0,2-Car,No injury/unknown,FAILURE TO YIELD RIGHT OF WAY,39.16344,-86.58584
8,3,700.0,2-Car,Non-incapacitating,FAILURE TO YIELD RIGHT OF WAY,39.16344,-86.5888
1,1,1200.0,3+ Cars,No injury/unknown,FAILURE TO YIELD RIGHT OF WAY,39.16344,-86.58584
10,5,1400.0,1-Car,No injury/unknown,OTHER (DRIVER) - EXPLAIN IN NARRATIVE,39.163423,-86.540956
3,2,2200.0,2-Car,Non-incapacitating,OTHER (DRIVER) - EXPLAIN IN NARRATIVE,39.1633625,-86.51091895
9,7,1300.0,2-Car,Non-incapacitating,FAILURE TO YIELD RIGHT OF WAY,39.163344,-86.5272
10,3,1100.0,2-Car,No injury/unknown,FAILURE TO YIELD RIGHT OF WAY,39.163344,-86.5272
1,4,1000.0,2-Car,No injury/unknown,FAILURE TO YIELD RIGHT OF WAY,39.163344,-86.5272
1,5,1500.0,2-Car,Non-incapacitating,DISREGARD SIGNAL/REG SIGN,39.163344,-86.5272
1,2,1900.0,2-Car,Non-incapacitating,FAILURE TO YIELD RIGHT OF WAY,39.163344,-86.5272
7,4,1600.0,2-Car,No injury/unknown,FAILURE TO YIELD RIGHT OF WAY,39.163344,-86.5272
3,5,1300.0,2-Car,No injury/unknown,DISREGARD SIGNAL/REG SIGN,39.163344,-86.5272
6,4,2300.0,2-Car,No injury/unknown,WRONG WAY ON ONE WAY,39.163344,-86.5272
4,4,800.0,2-Car,No injury/unknown,FAILURE TO YIELD RIGHT OF WAY,39.163344,-86.5272
5,3,2300.0,2-Car,No injury/unknown,DISREGARD SIGNAL/REG SIGN,39.163344,-86.5272
2,7,2100.0,2-Car,No injury/unknown,DISREGARD SIGNAL/REG SIGN,39.163344,-86.5272
9,7,2000.0,2-Car,Non-incapacitating,FAILURE TO YIELD RIGHT OF WAY,39.163344,-86.5272
4,1,1100.0,2-Car,Non-incapacitating,FAILURE TO YIELD RIGHT OF WAY,39.163344,-86.5272
11,5,1700.0,2-Car,Non-incapacitating,FAILURE TO YIELD RIGHT OF WAY,39.163344,-86.5272
4,6,1700.0,1-Car,No injury/unknown,OTHER (DRIVER) - EXPLAIN IN NARRATIVE,39.163328,-86.525808
3,4,1900.0,2-Car,No injury/unknown,,39.16331224,-86.543699
8,4,1200.0,2-Car,Non-incapacitating,,39.163296,-86.524
8,6,1300.0,3+ Cars,No injury/unknown,UNSAFE SPEED,39.16329298,-86.52373407
5,6,1600.0,2-Car,Non-incapacitating,FOLLOWING TOO CLOSELY,39.16328121,-86.52269837
9,2,1000.0,2-Car,No injury/unknown,IMPROPER TURNING,39.16328,-86.522592
4,4,900.0,1-Car,Non-incapacitating,OTHER (DRIVER) - EXPLAIN IN NARRATIVE,39.16328,-86.522592
7,2,2300.0,2-Car,Non-incapacitating,DISREGARD SIGNAL/REG SIGN,39.16328,-86.522592
6,2,1000.0,2-Car,No injury/unknown,UNSAFE BACKING,39.163248,-86.521008
11,5,1100.0,1-Car,Non-incapacitating,FAILURE TO YIELD RIGHT OF WAY,39.163232,-86.520176
5,3,1100.0,2-Car,No injury/unknown,IMPROPER TURNING,39.163232,-86.520176
6,4,1400.0,2-Car,No injury/unknown,FAILURE TO YIELD RIGHT OF WAY,39.163232,-86.520176
9,6,400.0,1-Car,No injury/unknown,UNSAFE SPEED,39.16322708,-86.51982145
6,1,300.0,2-Car,No injury/unknown,UNSAFE BACKING,39.16322525,-86.51091548
9,6,1000.0,2-Car,No injury/unknown,FOLLOWING TOO CLOSELY,39.16321723,-86.51911264
8,4,1400.0,2-Car,Non-incapacitating,OTHER (DRIVER) - EXPLAIN IN NARRATIVE,39.163216,-86.519024
6,5,2000.0,2-Car,No injury/unknown,IMPROPER LANE USAGE,39.1632158,-86.51900627
10,7,2100.0,2-Car,No injury/unknown,FAILURE TO YIELD RIGHT OF WAY,39.1632,-86.517584
8,3,1300.0,3+ Cars,Non-incapacitating,UNSAFE SPEED,39.1632,-86.517584
1,4,1700.0,2-Car,No injury/unknown,OTHER (DRIVER) - EXPLAIN IN NARRATIVE,39.1632,-86.517584
9,2,900.0,2-Car,No injury/unknown,UNSAFE BACKING,39.1632,-86.517584
3,1,2100.0,1-Car,No injury/unknown,OTHER (DRIVER) - EXPLAIN IN NARRATIVE,39.1632,-86.517584
5,3,1700.0,2-Car,No injury/unknown,FOLLOWING TOO CLOSELY,39.1632,-86.517584
8,7,1800.0,3+ Cars,Non-incapacitating,DISREGARD SIGNAL/REG SIGN,39.1632,-86.517584
3,6,1400.0,2-Car,No injury/unknown,FAILURE TO YIELD RIGHT OF WAY,39.163199,-86.527894
6,5,2300.0,2-Car,No injury/unknown,UNSAFE BACKING,39.16317249,-86.52399626
11,3,1700.0,3+ Cars,No injury/unknown,FOLLOWING TOO CLOSELY,39.16316847,-86.51640172
7,1,1500.0,2-Car,Non-incapacitating,DISREGARD SIGNAL/REG SIGN,39.163168,-86.516384
3,7,2200.0,2-Car,Non-incapacitating,DISREGARD SIGNAL/REG SIGN,39.163168,-86.516384
8,6,1600.0,3+ Cars,Non-incapacitating,DISREGARD SIGNAL/REG SIGN,39.163168,-86.516384
8,2,1500.0,2-Car,Non-incapacitating,DISREGARD SIGNAL/REG SIGN,39.163168,-86.516384
8,6,1500.0,2-Car,No injury/unknown,FOLLOWING TOO CLOSELY,39.163168,-86.516384
1,3,800.0,2-Car,No injury/unknown,FAILURE TO YIELD RIGHT OF WAY,39.163168,-86.516384
12,2,100.0,2-Car,No injury/unknown,SPEED TOO FAST FOR WEATHER CONDITIONS,39.163152,-86.515168
12,4,,2-Car,No injury/unknown,ROADWAY SURFACE CONDITION,39.16315037,-86.52581061
3,6,1600.0,2-Car,No injury/unknown,FAILURE TO YIELD RIGHT OF WAY,39.16312255,-86.5284
6,4,1600.0,2-Car,No injury/unknown,NONE (DRIVER),39.16312255,-86.5336
8,6,1100.0,2-Car,No injury/unknown,FAILURE TO YIELD RIGHT OF WAY,39.16312,-86.513088
2,2,2100.0,1-Car,Non-incapacitating,SPEED TOO FAST FOR WEATHER CONDITIONS,39.1631,-86.52729554
1,5,1700.0,2-Car,No injury/unknown,FAILURE TO YIELD RIGHT OF WAY,39.1631,-86.514199
5,3,1600.0,2-Car,Non-incapacitating,DISREGARD SIGNAL/REG SIGN,39.1631,-86.517695
4,7,1900.0,2-Car,No injury/unknown,IMPROPER LANE USAGE,39.1631,-86.522796
7,6,1300.0,2-Car,Non-incapacitating,NONE (DRIVER),39.1631,-86.52259773
4,5,1800.0,2-Car,No injury/unknown,FOLLOWING TOO CLOSELY,39.1631,-86.521095
4,3,1200.0,2-Car,No injury/unknown,FAILURE TO YIELD RIGHT OF WAY,39.1631,-86.514199
1,1,1200.0,2-Car,No injury/unknown,FAILURE TO YIELD RIGHT OF WAY,39.163072,-86.5096
10,6,1700.0,2-Car,No injury/unknown,DISREGARD SIGNAL/REG SIGN,39.163072,-86.5096
10,5,0.0,2-Car,Non-incapacitating,FAILURE TO YIELD RIGHT OF WAY,39.163072,-86.5096
2,1,1300.0,2-Car,No injury/unknown,OTHER (DRIVER) - EXPLAIN IN NARRATIVE,39.163072,-86.5096
1,4,1800.0,2-Car,No injury/unknown,FAILURE TO YIELD RIGHT OF WAY,39.163056,-86.490752
1,4,1200.0,2-Car,No injury/unknown,UNSAFE BACKING,39.163056,-86.490752
3,3,1700.0,2-Car,No injury/unknown,IMPROPER TURNING,39.163056,-86.490752
1,3,900.0,2-Car,No injury/unknown,FAILURE TO YIELD RIGHT OF WAY,39.163056,-86.490752
5,5,1100.0,2-Car,No injury/unknown,UNSAFE BACKING,39.163056,-86.490752
1,6,2100.0,1-Car,No injury/unknown,RAN OFF ROAD RIGHT,39.163056,-86.490752
1,6,1200.0,3+ Cars,Non-incapacitating,FAILURE TO YIELD RIGHT OF WAY,39.16304,-86.508288
2,3,1500.0,2-Car,No injury/unknown,FAILURE TO YIELD RIGHT OF WAY,39.16304,-86.508288
5,1,1400.0,2-Car,Non-incapacitating,FAILURE TO YIELD RIGHT OF WAY,39.16303627,-86.54058729
10,7,0.0,2-Car,No injury/unknown,DRIVER ILLNESS,39.16302636,-86.53483122
2,3,2100.0,2-Car,No injury/unknown,OVERCORRECTING/OVERSTEERING,39.16301474,-86.51516559
9,5,1500.0,3+ Cars,No injury/unknown,UNSAFE SPEED,39.16300037,-86.41515554
3,6,0.0,2-Car,Non-incapacitating,FAILURE TO YIELD RIGHT OF WAY,39.163,-86.497996
8,5,1100.0,2-Car,No injury/unknown,DISREGARD SIGNAL/REG SIGN,39.163,-86.497996
7,2,900.0,2-Car,No injury/unknown,FAILURE TO YIELD RIGHT OF WAY,39.162944,-86.534832
1,2,1200.0,2-Car,No injury/unknown,UNSAFE BACKING,39.162928,-86.498112
1,1,1000.0,1-Car,No injury/unknown,OTHER (DRIVER) - EXPLAIN IN NARRATIVE,39.162928,-86.498112
10,6,1700.0,2-Car,Non-incapacitating,FOLLOWING TOO CLOSELY,39.1628544,-86.5336832
1,3,1400.0,2-Car,No injury/unknown,,39.162848,-86.53135915
4,5,1600.0,2-Car,No injury/unknown,OTHER (DRIVER) - EXPLAIN IN NARRATIVE,39.162848,-86.5336
5,5,1700.0,2-Car,No injury/unknown,FAILURE TO YIELD RIGHT OF WAY,39.162848,-86.527184
12,2,1500.0,2-Car,No injury/unknown,FAILURE TO YIELD RIGHT OF WAY,39.162848,-86.529744
2,6,1100.0,2-Car,No injury/unknown,,39.162848,-86.529744
3,2,1100.0,2-Car,No injury/unknown,FAILURE TO YIELD RIGHT OF WAY,39.162848,-86.53104
5,7,900.0,2-Car,No injury/unknown,FAILURE TO YIELD RIGHT OF WAY,39.162848,-86.5336
8,4,1700.0,2-Car,No injury/unknown,FOLLOWING TOO CLOSELY,39.1628,-86.533599
12,2,1300.0,2-Car,Non-incapacitating,FAILURE TO YIELD RIGHT OF WAY,39.162799,-86.579195
5,7,1500.0,2-Car,No injury/unknown,FAILURE TO YIELD RIGHT OF WAY,39.162799,-86.579195
4,6,900.0,Bus,No injury/unknown,OTHER (DRIVER) - EXPLAIN IN NARRATIVE,39.16278202,-86.53483372
5,2,100.0,3+ Cars,Non-incapacitating,ALCOHOLIC BEVERAGES,39.16271072,-86.5336