Month,Day,Hour,Collision Type,Injury Type,Primary Factor,Latitude,Longitude
8,3,1600.0,2-Car,Non-incapacitating,FAILURE TO YIELD RIGHT OF WAY,39.162528,-86.5456
8,4,1500.0,2-Car,No injury/unknown,FAILURE TO YIELD RIGHT OF WAY,39.162501,-86.550396
5,2,1200.0,2-Car,No injury/unknown,DRIVER DISTRACTED - EXPLAIN IN NARRATIVE,39.162501,-86.550396
8,4,1800.0,2-Car,No injury/unknown,DISREGARD SIGNAL/REG SIGN,39.162501,-86.550396
2,5,1600.0,2-Car,No injury/unknown,UNSAFE SPEED,39.162501,-86.550396
8,1,2100.0,1-Car,No injury/unknown,OTHER (DRIVER) - EXPLAIN IN NARRATIVE,39.16243617,-86.5336
8,5,1500.0,2-Car,No injury/unknown,UNSAFE BACKING,39.1624,-86.538592
9,5,2300.0,2-Car,Non-incapacitating,FOLLOWING TOO CLOSELY,39.162399,-86.538699
8,3,1600.0,2-Car,Non-incapacitating,ALCOHOLIC BEVERAGES,39.162399,-86.538699
11,2,2200.0,2-Car,No injury/unknown,FOLLOWING TOO CLOSELY,39.16238512,-86.5601
1,7,1500.0,2-Car,No injury/unknown,FAILURE TO YIELD RIGHT OF WAY,39.16224,-86.523968
5,7,400.0,1-Car,No injury/unknown,DRIVER DISTRACTED - EXPLAIN IN NARRATIVE,39.16224,-86.513088
10,3,800.0,2-Car,No injury/unknown,UNSAFE BACKING,39.1622227,-86.509872
6,2,900.0,1-Car,No injury/unknown,OTHER (DRIVER) - EXPLAIN IN NARRATIVE,39.16222097,-86.50984
5,6,800.0,2-Car,No injury/unknown,UNSAFE BACKING,39.16222097,-86.50984
9,7,300.0,1-Car,No injury/unknown,OTHER (DRIVER) - EXPLAIN IN NARRATIVE,39.1622,-86.516214
4,6,900.0,2-Car,No injury/unknown,CELL PHONE USAGE,39.16215764,-86.52582565
10,5,1200.0,1-Car,No injury/unknown,UNSAFE SPEED,39.16215425,-86.538899
2,2,1400.0,2-Car,No injury/unknown,FOLLOWING TOO CLOSELY,39.162112,-86.549909
1,4,1800.0,2-Car,No injury/unknown,IMPROPER PASSING,39.16195823,-86.49079216
7,5,1800.0,2-Car,No injury/unknown,UNSAFE BACKING,39.161817,-86.497813
3,1,1000.0,1-Car,No injury/unknown,DRIVER ASLEEP OR FATIGUED,39.1617241,-86.49752248
4,6,1500.0,2-Car,No injury/unknown,OTHER (DRIVER) - EXPLAIN IN NARRATIVE,39.16171055,-86.49785673
2,5,1600.0,3+ Cars,No injury/unknown,FOLLOWING TOO CLOSELY,39.161648,-86.546128
2,5,1700.0,2-Car,Non-incapacitating,OTHER (DRIVER) - EXPLAIN IN NARRATIVE,39.161648,-86.546128
1,2,1600.0,2-Car,No injury/unknown,ALCOHOLIC BEVERAGES,39.161648,-86.546128
12,4,1200.0,3+ Cars,Non-incapacitating,OTHER (DRIVER) - EXPLAIN IN NARRATIVE,39.161648,-86.546128
8,6,1300.0,2-Car,Non-incapacitating,FOLLOWING TOO CLOSELY,39.16161202,-86.54400503
7,2,1400.0,2-Car,No injury/unknown,FOLLOWING TOO CLOSELY,39.1616,-86.543296
5,2,400.0,3+ Cars,No injury/unknown,FAILURE TO YIELD RIGHT OF WAY,39.161568,-86.542096
4,6,1500.0,3+ Cars,No injury/unknown,OTHER (DRIVER) - EXPLAIN IN NARRATIVE,39.161568,-86.542096
3,5,1700.0,2-Car,No injury/unknown,FOLLOWING TOO CLOSELY,39.161568,-86.542096
7,4,,2-Car,No injury/unknown,OTHER (DRIVER) - EXPLAIN IN NARRATIVE,39.16153675,-86.53981487
4,6,1900.0,2-Car,No injury/unknown,OTHER (VEHICLE) - EXPLAIN IN NARRATIVE,39.16153675,-86.53981487
7,4,1500.0,2-Car,No injury/unknown,IMPROPER TURNING,39.16152,-86.538592
7,2,1300.0,2-Car,No injury/unknown,FAILURE TO YIELD RIGHT OF WAY,39.16152,-86.538592
9,6,1200.0,2-Car,No injury/unknown,IMPROPER PASSING,39.16152,-86.538592
5,2,800.0,2-Car,No injury/unknown,DISREGARD SIGNAL/REG SIGN,39.16152,-86.538592
12,5,1100.0,2-Car,Non-incapacitating,FOLLOWING TOO CLOSELY,39.16152,-86.538592
11,2,1200.0,2-Car,No injury/unknown,DISREGARD SIGNAL/REG SIGN,39.16152,-86.538592
1,4,1400.0,2-Car,No injury/unknown,FAILURE TO YIELD RIGHT OF WAY,39.161488,-86.537296
5,4,1200.0,2-Car,No injury/unknown,IMPROPER PASSING,39.161488,-86.537296
6,4,1600.0,2-Car,Non-incapacitating,DRIVER DISTRACTED - EXPLAIN IN NARRATIVE,39.16148693,-86.53722509
1,5,1000.0,2-Car,Non-incapacitating,,39.16148666,-86.53720737
11,3,1400.0,2-Car,No injury/unknown,FAILURE TO YIELD RIGHT OF WAY,39.16148601,-86.49780965
7,6,1700.0,2-Car,No injury/unknown,FOLLOWING TOO CLOSELY,39.16147469,-86.53641727
3,2,1700.0,2-Car,No injury/unknown,FAILURE TO YIELD RIGHT OF WAY,39.161472,-86.53624
8,2,,3+ Cars,Incapacitating,FAILURE TO YIELD RIGHT OF WAY,39.161472,-86.53624
5,6,1500.0,2-Car,No injury/unknown,FOLLOWING TOO CLOSELY,39.161472,-86.53620454
1,5,2100.0,1-Car,No injury/unknown,OVERCORRECTING/OVERSTEERING,39.16145351,-86.436499
5,6,800.0,3+ Cars,Non-incapacitating,OTHER (DRIVER) - EXPLAIN IN NARRATIVE,39.16144985,-86.53520237
11,7,1100.0,2-Car,No injury/unknown,FAILURE TO YIELD RIGHT OF WAY,39.16144738,-86.53511378
4,7,1500.0,2-Car,No injury/unknown,OTHER (DRIVER) - EXPLAIN IN NARRATIVE,39.16144246,-86.53493659
8,2,2100.0,2-Car,No injury/unknown,FAILURE TO YIELD RIGHT OF WAY,39.16144,-86.5324
1,3,1100.0,2-Car,No injury/unknown,FAILURE TO YIELD RIGHT OF WAY,39.16144,-86.534848
9,3,1000.0,2-Car,No injury/unknown,FAILURE TO YIELD RIGHT OF WAY,39.16144,-86.52976
9,3,1600.0,2-Car,Non-incapacitating,FAILURE TO YIELD RIGHT OF WAY,39.16144,-86.534848
9,2,1400.0,2-Car,No injury/unknown,DISREGARD SIGNAL/REG SIGN,39.16144,-86.5324
10,5,1100.0,2-Car,No injury/unknown,FAILURE TO YIELD RIGHT OF WAY,39.16144,-86.52976
3,6,1500.0,3+ Cars,Non-incapacitating,FOLLOWING TOO CLOSELY,39.16144,-86.5341388
2,5,1200.0,2-Car,No injury/unknown,DISREGARD SIGNAL/REG SIGN,39.16144,-86.52976
2,2,1300.0,2-Car,No injury/unknown,FAILURE TO YIELD RIGHT OF WAY,39.16144,-86.534848
1,1,1200.0,2-Car,Non-incapacitating,OTHER (DRIVER) - EXPLAIN IN NARRATIVE,39.16144,-86.5324
3,1,1200.0,2-Car,No injury/unknown,DISREGARD SIGNAL/REG SIGN,39.16144,-86.534848
4,7,700.0,2-Car,Non-incapacitating,FAILURE TO YIELD RIGHT OF WAY,39.16144,-86.534848
10,5,1300.0,3+ Cars,Incapacitating,FAILURE TO YIELD RIGHT OF WAY,39.16144,-86.531056
5,3,800.0,2-Car,No injury/unknown,UNSAFE BACKING,39.16144,-86.5253391
10,6,1700.0,2-Car,No injury/unknown,UNSAFE BACKING,39.16144,-86.52584
10,1,1500.0,Moped/Motorcycle,Non-incapacitating,DISREGARD SIGNAL/REG SIGN,39.16144,-86.534848
10,5,300.0,2-Car,No injury/unknown,SPEED TOO FAST FOR WEATHER CONDITIONS,39.16144,-86.528288
11,1,200.0,2-Car,No injury/unknown,OTHER (DRIVER) - EXPLAIN IN NARRATIVE,39.16144,-86.52709845
10,2,1400.0,2-Car,No injury/unknown,DISREGARD SIGNAL/REG SIGN,39.16144,-86.52584
11,3,700.0,2-Car,No injury/unknown,FOLLOWING TOO CLOSELY,39.16144,-86.5324
7,7,1800.0,2-Car,Non-incapacitating,FOLLOWING TOO CLOSELY,39.1614,-86.5433954
8,7,2000.0,2-Car,No injury/unknown,BRAKE FAILURE OR DEFECTIVE,39.1614,-86.539881
6,2,1100.0,2-Car,No injury/unknown,OTHER (DRIVER) - EXPLAIN IN NARRATIVE,39.1614,-86.546198
11,5,1200.0,2-Car,No injury/unknown,FAILURE TO YIELD RIGHT OF WAY,39.1614,-86.546198
4,3,1100.0,2-Car,No injury/unknown,FOLLOWING TOO CLOSELY,39.1614,-86.546198
9,6,1400.0,3+ Cars,Non-incapacitating,FOLLOWING TOO CLOSELY,39.1614,-86.5374
10,4,2300.0,3+ Cars,No injury/unknown,OTHER (DRIVER) - EXPLAIN IN NARRATIVE,39.1614,-86.539927
12,6,1500.0,2-Car,No injury/unknown,IMPROPER LANE USAGE,39.1614,-86.537505
8,1,1000.0,2-Car,No injury/unknown,FOLLOWING TOO CLOSELY,39.1614,-86.54621098
1,4,1500.0,2-Car,No injury/unknown,FOLLOWING TOO CLOSELY,39.1614,-86.54340665
4,6,2200.0,2-Car,Non-incapacitating,FAILURE TO YIELD RIGHT OF WAY,39.1614,-86.5374
3,5,300.0,3+ Cars,Non-incapacitating,ALCOHOLIC BEVERAGES,39.1614,-86.5461993
6,3,1200.0,2-Car,No injury/unknown,OTHER (DRIVER) - EXPLAIN IN NARRATIVE,39.1614,-86.54341531
6,3,1600.0,2-Car,No injury/unknown,IMPROPER LANE USAGE,39.1614,-86.53738269
4,5,1200.0,2-Car,No injury/unknown,OTHER (DRIVER) - EXPLAIN IN NARRATIVE,39.1614,-86.535435
10,2,1000.0,2-Car,No injury/unknown,,39.1614,-86.54654
10,4,800.0,2-Car,Non-incapacitating,DISREGARD SIGNAL/REG SIGN,39.1614,-86.546198
11,3,600.0,2-Car,Non-incapacitating,FOLLOWING TOO CLOSELY,39.1614,-86.546198
11,4,1300.0,2-Car,No injury/unknown,DRIVER DISTRACTED - EXPLAIN IN NARRATIVE,39.1614,-86.53739351
11,6,1000.0,2-Car,No injury/unknown,OTHER (DRIVER) - EXPLAIN IN NARRATIVE,39.161368,-86.53099131
7,2,1600.0,2-Car,No injury/unknown,FAILURE TO YIELD RIGHT OF WAY,39.161359,-86.530909
6,6,1000.0,2-Car,Non-incapacitating,FAILURE TO YIELD RIGHT OF WAY,39.161344,-86.591872
9,5,2000.0,2-Car,No injury/unknown,DISREGARD SIGNAL/REG SIGN,39.161312,-86.522576
7,3,800.0,2-Car,Non-incapacitating,ROADWAY SURFACE CONDITION,39.161312,-86.522576
8,5,1200.0,2-Car,No injury/unknown,DISREGARD SIGNAL/REG SIGN,39.161312,-86.522576
3,6,200.0,2-Car,No injury/unknown,ALCOHOLIC BEVERAGES,39.1612341,-86.53105903
11,7,0.0,2-Car,No injury/unknown,ALCOHOLIC BEVERAGES,39.161168,-86.516352
11,7,1200.0,2-Car,No injury/unknown,IMPROPER TURNING,39.161168,-86.516352
3,6,1400.0,2-Car,No injury/unknown,OTHER (DRIVER) - EXPLAIN IN NARRATIVE,39.161088,-86.512592
9,6,2200.0,2-Car,Non-incapacitating,FAILURE TO YIELD RIGHT OF WAY,39.1610795,-86.49772441
2,6,1400.0,2-Car,Non-incapacitating,FAILURE TO YIELD RIGHT OF WAY,39.1610795,-86.49772441
5,5,1200.0,2-Car,Non-incapacitating,FOLLOWING TOO CLOSELY,39.16098496,-86.533699
4,7,300.0,2-Car,Non-incapacitating,ALCOHOLIC BEVERAGES,39.16097863,-86.50216018
10,6,1200.0,2-Car,No injury/unknown,FAILURE TO YIELD RIGHT OF WAY,39.16094401,-86.4982279
6,3,1700.0,2-Car,Non-incapacitating,FAILURE TO YIELD RIGHT OF WAY,39.16094401,-86.4980506
1,1,1100.0,2-Car,Non-incapacitating,SPEED TOO FAST FOR WEATHER CONDITIONS,39.160944,-86.50873125
8,5,1700.0,2-Car,No injury/unknown,FAILURE TO YIELD RIGHT OF WAY,39.160944,-86.497696
11,5,1100.0,2-Car,No injury/unknown,IMPROPER LANE USAGE,39.160944,-86.497696
9,6,1900.0,1-Car,Non-incapacitating,OTHER (DRIVER) - EXPLAIN IN NARRATIVE,39.160944,-86.509584
1,5,1500.0,2-Car,No injury/unknown,FOLLOWING TOO CLOSELY,39.160944,-86.497696
11,2,2200.0,2-Car,No injury/unknown,ROADWAY SURFACE CONDITION,39.160944,-86.508288
12,6,900.0,2-Car,No injury/unknown,FAILURE TO YIELD RIGHT OF WAY,39.160944,-86.497696
3,7,,2-Car,No injury/unknown,IMPROPER LANE USAGE,39.160944,-86.50192485
4,2,2000.0,3+ Cars,No injury/unknown,FAILURE TO YIELD RIGHT OF WAY,39.160944,-86.497696
5,6,1500.0,2-Car,No injury/unknown,IMPROPER TURNING,39.160944,-86.508288
1,4,1900.0,2-Car,No injury/unknown,LEFT OF CENTER,39.160944,-86.5024
2,7,,2-Car,No injury/unknown,OTHER (DRIVER) - EXPLAIN IN NARRATIVE,39.16092687,-86.508288
6,4,1700.0,3+ Cars,Non-incapacitating,OTHER (DRIVER) - EXPLAIN IN NARRATIVE,39.1609,-86.5057777
2,6,1500.0,3+ Cars,Non-incapacitating,FAILURE TO YIELD RIGHT OF WAY,39.1609,-86.497701
5,4,1300.0,2-Car,Non-incapacitating,FAILURE TO YIELD RIGHT OF WAY,39.16071544,-86.54845155
3,7,2000.0,2-Car,No injury/unknown,FOLLOWING TOO CLOSELY,39.16063625,-86.55010089
2,5,2100.0,2-Car,No injury/unknown,UNSAFE BACKING,39.16061634,-86.5324
12,2,1100.0,2-Car,No injury/unknown,NONE (DRIVER),39.16061486,-86.538592
12,4,1000.0,2-Car,No injury/unknown,OTHER (DRIVER) - EXPLAIN IN NARRATIVE,39.16061486,-86.538592
4,3,1400.0,2-Car,No injury/unknown,OTHER (DRIVER) - EXPLAIN IN NARRATIVE,39.160544,-86.5508
5,5,2300.0,2-Car,Non-incapacitating,DISREGARD SIGNAL/REG SIGN,39.160544,-86.5508
5,4,700.0,2-Car,No injury/unknown,FOLLOWING TOO CLOSELY,39.160544,-86.5508
10,6,100.0,2-Car,Non-incapacitating,SPEED TOO FAST FOR WEATHER CONDITIONS,39.160544,-86.5508
9,7,900.0,2-Car,No injury/unknown,FAILURE TO YIELD RIGHT OF WAY,39.160401,-86.604799
10,3,1400.0,2-Car,Non-incapacitating,OTHER (DRIVER) - EXPLAIN IN NARRATIVE,39.16036862,-86.57913641
6,3,1400.0,2-Car,No injury/unknown,FAILURE TO YIELD RIGHT OF WAY,39.16034939,-86.53086041
4,1,0.0,2-Car,No injury/unknown,UNSAFE BACKING,39.16032792,-86.52844267
4,6,1900.0,2-Car,No injury/unknown,FAILURE TO YIELD RIGHT OF WAY,39.16032,-86.527136
1,2,900.0,2-Car,No injury/unknown,FAILURE TO YIELD RIGHT OF WAY,39.16032,-86.527136
1,3,1200.0,2-Car,No injury/unknown,FAILURE TO YIELD RIGHT OF WAY,39.16032,-86.527136
8,4,1000.0,2-Car,No injury/unknown,FAILURE TO YIELD RIGHT OF WAY,39.16032,-86.527136
1,3,300.0,1-Car,No injury/unknown,OTHER (DRIVER) - EXPLAIN IN NARRATIVE,39.160304,-86.52256
1,4,1200.0,1-Car,Non-incapacitating,UNSAFE BACKING,39.160288,-86.519072
8,4,2100.0,2-Car,No injury/unknown,UNSAFE BACKING,39.160256,-86.514096
2,6,1200.0,2-Car,Non-incapacitating,FOLLOWING TOO CLOSELY,39.16012064,-86.49772439
6,4,1300.0,2-Car,Non-incapacitating,UNSAFE BACKING,39.160114,-86.553211
7,6,1700.0,1-Car,No injury/unknown,OVERCORRECTING/OVERSTEERING,39.16010251,-86.507799
9,1,1600.0,2-Car,No injury/unknown,UNSAFE BACKING,39.15998862,-86.55307876
12,3,1500.0,2-Car,No injury/unknown,UNSAFE BACKING,39.15994021,-86.55379641
6,5,1900.0,2-Car,Non-incapacitating,FOLLOWING TOO CLOSELY,39.15994021,-86.55379771
10,7,1300.0,2-Car,Non-incapacitating,OTHER (DRIVER) - EXPLAIN IN NARRATIVE,39.15994021,-86.55379641
11,4,1400.0,2-Car,No injury/unknown,OTHER (DRIVER) - EXPLAIN IN NARRATIVE,39.15994021,-86.55379641
8,7,1300.0,1-Car,No injury/unknown,UNSAFE SPEED,39.15973484,-86.520699
4,5,600.0,1-Car,No injury/unknown,ANIMAL/OBJECT IN ROADWAY,39.1596,-86.490784
4,4,1200.0,2-Car,No injury/unknown,UNSAFE BACKING,39.1596,-86.543392
9,3,1500.0,3+ Cars,No injury/unknown,FAILURE TO YIELD RIGHT OF WAY,39.159504,-86.538592
5,7,800.0,2-Car,No injury/unknown,FAILURE TO YIELD RIGHT OF WAY,39.159504,-86.538592
4,6,1400.0,2-Car,No injury/unknown,DISREGARD SIGNAL/REG SIGN,39.159504,-86.538592
2,4,1200.0,2-Car,Non-incapacitating,FAILURE TO YIELD RIGHT OF WAY,39.159472,-86.536272
5,2,1000.0,2-Car,No injury/unknown,FOLLOWING TOO CLOSELY,39.15944,-86.555296
7,1,2300.0,2-Car,No injury/unknown,FOLLOWING TOO CLOSELY,39.15944,-86.53488
10,4,1400.0,2-Car,Non-incapacitating,DISREGARD SIGNAL/REG SIGN,39.15944,-86.53488
10,6,1200.0,2-Car,Non-incapacitating,OTHER (DRIVER) - EXPLAIN IN NARRATIVE,39.15944,-86.53488
2,2,1000.0,2-Car,No injury/unknown,FAILURE TO YIELD RIGHT OF WAY,39.15944,-86.53488
11,1,900.0,2-Car,Non-incapacitating,DISREGARD SIGNAL/REG SIGN,39.15944,-86.53488
1,5,1400.0,2-Car,No injury/unknown,OTHER (DRIVER) - EXPLAIN IN NARRATIVE,39.15943364,-86.53477394
6,6,1700.0,3+ Cars,Non-incapacitating,OTHER (DRIVER) - EXPLAIN IN NARRATIVE,39.15942345,-86.55532429
11,6,1400.0,2-Car,Non-incapacitating,OTHER (DRIVER) - EXPLAIN IN NARRATIVE,39.159344,-86.5336
7,3,900.0,2-Car,No injury/unknown,OTHER (DRIVER) - EXPLAIN IN NARRATIVE,39.159344,-86.53342857
9,5,900.0,Cyclist,Incapacitating,OTHER (DRIVER) - EXPLAIN IN NARRATIVE,39.159344,-86.5324
7,6,1100.0,2-Car,No injury/unknown,FAILURE TO YIELD RIGHT OF WAY,39.159344,-86.5324
8,4,1200.0,2-Car,No injury/unknown,IMPROPER TURNING,39.159344,-86.5336
10,5,2100.0,2-Car,No injury/unknown,FAILURE TO YIELD RIGHT OF WAY,39.159344,-86.52256
10,2,1700.0,2-Car,No injury/unknown,FAILURE TO YIELD RIGHT OF WAY,39.159344,-86.525872
11,5,1900.0,2-Car,No injury/unknown,OTHER (DRIVER) - EXPLAIN IN NARRATIVE,39.159344,-86.5336
2,5,1200.0,2-Car,No injury/unknown,FAILURE TO YIELD RIGHT OF WAY,39.159344,-86.52712
3,2,1600.0,2-Car,No injury/unknown,FAILURE TO YIELD RIGHT OF WAY,39.159344,-86.520096
1,2,1500.0,2-Car,No injury/unknown,FAILURE TO YIELD RIGHT OF WAY,39.159344,-86.520096
1,3,1600.0,2-Car,No injury/unknown,OTHER (DRIVER) - EXPLAIN IN NARRATIVE,39.159344,-86.524784
4,7,1600.0,2-Car,No injury/unknown,FOLLOWING TOO CLOSELY,39.159344,-86.52712
5,5,800.0,2-Car,No injury/unknown,FAILURE TO YIELD RIGHT OF WAY,39.159344,-86.53090286
2,1,1800.0,2-Car,No injury/unknown,OTHER (DRIVER) - EXPLAIN IN NARRATIVE,39.159246,-86.494051
6,6,1500.0,2-Car,No injury/unknown,OTHER (VEHICLE) - EXPLAIN IN NARRATIVE,39.159213,-86.497841
8,6,1200.0,1-Car,No injury/unknown,OTHER (DRIVER) - EXPLAIN IN NARRATIVE,39.159213,-86.497841
12,1,1900.0,2-Car,No injury/unknown,FAILURE TO YIELD RIGHT OF WAY,39.1592,-86.480699
5,6,1800.0,2-Car,Non-incapacitating,OTHER (DRIVER) - EXPLAIN IN NARRATIVE,39.1592,-86.508399
10,4,1600.0,1-Car,No injury/unknown,UNSAFE SPEED,39.15909319,-86.517798
11,4,1600.0,2-Car,No injury/unknown,FAILURE TO YIELD RIGHT OF WAY,39.15876901,-86.582599
10,2,1600.0,2-Car,No injury/unknown,FAILURE TO YIELD RIGHT OF WAY,39.158448,-86.5324
10,4,1800.0,2-Car,No injury/unknown,FAILURE TO YIELD RIGHT OF WAY,39.158448,-86.5324
1,2,1300.0,2-Car,No injury/unknown,FAILURE TO YIELD RIGHT OF WAY,39.158448,-86.531088
1,5,700.0,2-Car,No injury/unknown,FAILURE TO YIELD RIGHT OF WAY,39.158448,-86.531088
4,5,2200.0,1-Car,No injury/unknown,ANIMAL/OBJECT IN ROADWAY,39.158432,-86.501008
9,4,1300.0,2-Car,Non-incapacitating,FAILURE TO YIELD RIGHT OF WAY,39.158399,-86.532399
6,3,1300.0,2-Car,No injury/unknown,FAILURE TO YIELD RIGHT OF WAY,39.158399,-86.532399
5,6,1100.0,2-Car,No injury/unknown,UNSAFE BACKING,39.15831771,-86.5324
11,1,1200.0,2-Car,No injury/unknown,OTHER (DRIVER) - EXPLAIN IN NARRATIVE,39.15831511,-86.5042229
8,2,1500.0,2-Car,Non-incapacitating,FAILURE TO YIELD RIGHT OF WAY,39.158299,-86.496099
8,2,1300.0,2-Car,No injury/unknown,FAILURE TO YIELD RIGHT OF WAY,39.15829723,-86.49778727
10,5,1200.0,2-Car,Non-incapacitating,FOLLOWING TOO CLOSELY,39.15825434,-86.5791
12,7,1300.0,Bus,No injury/unknown,SPEED TOO FAST FOR WEATHER CONDITIONS,39.15816,-86.497792
12,3,2200.0,2-Car,No injury/unknown,DISREGARD SIGNAL/REG SIGN,39.15816,-86.497792
12,7,1700.0,2-Car,No injury/unknown,FAILURE TO YIELD RIGHT OF WAY,39.15816,-86.497792
2,7,1600.0,2-Car,No injury/unknown,DISREGARD SIGNAL/REG SIGN,39.15816,-86.497792
10,6,1500.0,2-Car,No injury/unknown,OTHER (DRIVER) - EXPLAIN IN NARRATIVE,39.15814615,-86.58274521
8,5,1600.0,2-Car,Non-incapacitating,FAILURE TO YIELD RIGHT OF WAY,39.158101,-86.497897
7,1,1600.0,Moped/Motorcycle,Fatal,FAILURE TO YIELD RIGHT OF WAY,39.157999,-86.557597
6,7,400.0,1-Car,Non-incapacitating,ANIMAL/OBJECT IN ROADWAY,39.157952,-86.555296
12,5,,2-Car,No injury/unknown,OTHER (DRIVER) - EXPLAIN IN NARRATIVE,39.15792451,-86.523496
4,6,1100.0,2-Car,No injury/unknown,OTHER (DRIVER) - EXPLAIN IN NARRATIVE,39.15792097,-86.527088
10,3,1400.0,3+ Cars,No injury/unknown,IMPROPER LANE USAGE,39.15788932,-86.57315042
8,5,1200.0,Moped/Motorcycle,No injury/unknown,FAILURE TO YIELD RIGHT OF WAY,39.157888,-86.520272
2,7,1200.0,2-Car,No injury/unknown,UNSAFE BACKING,39.15785891,-86.527088
1,6,0.0,2-Car,No injury/unknown,ROADWAY SURFACE CONDITION,39.157856,-86.516288
11,5,1800.0,1-Car,No injury/unknown,RAN OFF ROAD RIGHT,39.15782557,-86.55379641
4,2,1800.0,2-Car,No injury/unknown,IMPROPER LANE USAGE,39.15780353,-86.50966016
2,6,,1-Car,Non-incapacitating,ALCOHOLIC BEVERAGES,39.15770527,-86.53489483
10,2,1300.0,Bus,No injury/unknown,FAILURE TO YIELD RIGHT OF WAY,39.15767782,-86.53489506
11,6,2000.0,2-Car,No injury/unknown,OTHER (DRIVER) - EXPLAIN IN NARRATIVE,39.1576,-86.545199
3,3,300.0,1-Car,No injury/unknown,RAN OFF ROAD RIGHT,39.157568,-86.534896
11,3,1400.0,2-Car,Non-incapacitating,FAILURE TO YIELD RIGHT OF WAY,39.157536,-86.5324
4,5,1200.0,3+ Cars,Non-incapacitating,FAILURE TO YIELD RIGHT OF WAY,39.157401,-86.559799
3,5,1300.0,2-Car,No injury/unknown,FOLLOWING TOO CLOSELY,39.15737618,-86.55947844
2,2,2100.0,1-Car,No injury/unknown,SPEED TOO FAST FOR WEATHER CONDITIONS,39.15737206,-86.533684
9,4,1400.0,2-Car,No injury/unknown,FAILURE TO YIELD RIGHT OF WAY,39.15735607,-86.4954536
4,5,700.0,2-Car,No injury/unknown,RAN OFF ROAD RIGHT,39.157308,-86.529155
4,4,2300.0,2-Car,No injury/unknown,UNSAFE BACKING,39.1572984,-86.59008432
1,6,1100.0,3+ Cars,No injury/unknown,FOLLOWING TOO CLOSELY,39.157248,-86.559792
3,3,1500.0,2-Car,No injury/unknown,FAILURE TO YIELD RIGHT OF WAY,39.15717046,-86.58271305
6,6,400.0,1-Car,Non-incapacitating,LEFT OF CENTER,39.15717046,-86.58271305
10,2,1500.0,2-Car,Non-incapacitating,FAILURE TO YIELD RIGHT OF WAY,39.156752,-86.540976
3,5,1500.0,2-Car,Non-incapacitating,IMPROPER PASSING,39.15664,-86.538592
6,3,,2-Car,No injury/unknown,OTHER (DRIVER) - EXPLAIN IN NARRATIVE,39.15662237,-86.538592
6,2,1500.0,2-Car,Non-incapacitating,RAN OFF ROAD RIGHT,39.15642963,-86.40841206
8,2,1900.0,3+ Cars,Non-incapacitating,FOLLOWING TOO CLOSELY,39.156144,-86.561296
11,1,1300.0,1-Car,Non-incapacitating,UNSAFE SPEED,39.15613957,-86.56118978
9,2,1000.0,3+ Cars,Non-incapacitating,OTHER (DRIVER) - EXPLAIN IN NARRATIVE,39.15602281,-86.533095
4,5,1100.0,2-Car,No injury/unknown,LEFT OF CENTER,39.155952,-86.550592
3,6,1500.0,2-Car,No injury/unknown,OTHER (DRIVER) - EXPLAIN IN NARRATIVE,39.155952,-86.550592
11,6,1100.0,2-Car,No injury/unknown,FAILURE TO YIELD RIGHT OF WAY,39.15592904,-86.528299
7,5,1500.0,2-Car,No injury/unknown,LEFT OF CENTER,39.15577695,-86.53862744
8,6,1000.0,2-Car,Non-incapacitating,FAILURE TO YIELD RIGHT OF WAY,39.155776,-86.538592
9,6,1600.0,2-Car,No injury/unknown,OTHER (DRIVER) - EXPLAIN IN NARRATIVE,39.155744,-86.537296
6,3,900.0,2-Car,No injury/unknown,DISREGARD SIGNAL/REG SIGN,39.155744,-86.517808
11,3,1400.0,2-Car,No injury/unknown,FAILURE TO YIELD RIGHT OF WAY,39.155664,-86.5324
4,3,1700.0,2-Car,Non-incapacitating,OTHER (DRIVER) - EXPLAIN IN NARRATIVE,39.155648,-86.5336
6,3,1100.0,2-Car,Non-incapacitating,BRAKE FAILURE OR DEFECTIVE,39.1556,-86.5432
7,1,1400.0,2-Car,No injury/unknown,DISREGARD SIGNAL/REG SIGN,39.1556,-86.5432
2,5,1400.0,1-Car,No injury/unknown,,39.1556,-86.54319135
3,5,1900.0,2-Car,Non-incapacitating,OTHER (DRIVER) - EXPLAIN IN NARRATIVE,39.1556,-86.54319914
10,7,1200.0,2-Car,Non-incapacitating,DISREGARD SIGNAL/REG SIGN,39.1556,-86.532495
3,1,1300.0,1-Car,No injury/unknown,BRAKE FAILURE OR DEFECTIVE,39.15547657,-86.5324
6,5,2300.0,2-Car,No injury/unknown,ANIMAL/OBJECT IN ROADWAY,39.15526433,-86.58555562
1,7,1300.0,2-Car,No injury/unknown,IMPROPER LANE USAGE,39.15520689,-86.49788625
3,4,1800.0,1-Car,No injury/unknown,ALCOHOLIC BEVERAGES,39.15519264,-86.50432666
10,7,800.0,2-Car,Non-incapacitating,DRIVER ASLEEP OR FATIGUED,39.155152,-86.497888
12,7,1500.0,2-Car,No injury/unknown,FAILURE TO YIELD RIGHT OF WAY,39.155152,-86.497888
1,4,1300.0,2-Car,No injury/unknown,FAILURE TO YIELD RIGHT OF WAY,39.155152,-86.497888
1,4,2200.0,2-Car,No injury/unknown,OTHER (DRIVER) - EXPLAIN IN NARRATIVE,39.1551408,-86.497728
2,3,1500.0,2-Car,No injury/unknown,UNSAFE SPEED,39.1551,-86.498099
7,2,2200.0,2-Car,Non-incapacitating,UNSAFE BACKING,39.155099,-86.49683925