Month,Day,Hour,Collision Type,Injury Type,Primary Factor,Latitude,Longitude
4,1,1300.0,2-Car,Non-incapacitating,DISREGARD SIGNAL/REG SIGN,39.155099,-86.496796
9,6,300.0,1-Car,No injury/unknown,ALCOHOLIC BEVERAGES,39.155072,-86.513792
9,6,1200.0,2-Car,No injury/unknown,FAILURE TO YIELD RIGHT OF WAY,39.15504,-86.509552
5,3,1600.0,2-Car,No injury/unknown,FOLLOWING TOO CLOSELY,39.15482634,-86.516399
5,3,900.0,1-Car,No injury/unknown,IMPROPER TURNING,39.1548,-86.563099
1,1,1000.0,2-Car,No injury/unknown,OVERCORRECTING/OVERSTEERING,39.15464,-86.5092
3,4,800.0,2-Car,No injury/unknown,UNSAFE BACKING,39.15464,-86.5092
1,5,1100.0,2-Car,No injury/unknown,,39.1546,-86.57
1,2,2200.0,2-Car,No injury/unknown,,39.154599,-86.511099
5,1,2100.0,2-Car,No injury/unknown,IMPROPER LANE USAGE,39.15438529,-86.49787282
7,1,1000.0,1-Car,No injury/unknown,BRAKE FAILURE OR DEFECTIVE,39.154259,-86.57241399
12,1,1400.0,2-Car,No injury/unknown,IMPROPER LANE USAGE,39.154248,-86.493028
8,5,1300.0,2-Car,No injury/unknown,OTHER (DRIVER) - EXPLAIN IN NARRATIVE,39.15424374,-86.49787002
7,2,2100.0,2-Car,No injury/unknown,OTHER (DRIVER) - EXPLAIN IN NARRATIVE,39.15424,-86.522512
9,6,1600.0,3+ Cars,Non-incapacitating,FOLLOWING TOO CLOSELY,39.15423043,-86.56424653
5,7,1400.0,1-Car,No injury/unknown,OTHER (DRIVER) - EXPLAIN IN NARRATIVE,39.15422171,-86.5336
9,1,1100.0,2-Car,No injury/unknown,FAILURE TO YIELD RIGHT OF WAY,39.15412578,-86.49786768
7,4,1100.0,2-Car,No injury/unknown,OTHER (DRIVER) - EXPLAIN IN NARRATIVE,39.15412578,-86.49786768
6,3,1100.0,2-Car,No injury/unknown,UNSAFE BACKING,39.15412578,-86.49786768
7,4,2300.0,Moped/Motorcycle,Incapacitating,ALCOHOLIC BEVERAGES,39.154101,-86.52272578
12,5,1800.0,2-Car,No injury/unknown,IMPROPER LANE USAGE,39.15402456,-86.5791
7,2,1400.0,2-Car,No injury/unknown,FAILURE TO YIELD RIGHT OF WAY,39.15402456,-86.5791
5,4,1300.0,2-Car,No injury/unknown,FAILURE TO YIELD RIGHT OF WAY,39.15397244,-86.49786464
4,7,1400.0,2-Car,No injury/unknown,TIRE FAILURE OR DEFECTIVE,39.1539,-86.54170073
10,4,1800.0,2-Car,No injury/unknown,FAILURE TO YIELD RIGHT OF WAY,39.153899,-86.538699
6,2,1300.0,2-Car,No injury/unknown,OTHER (DRIVER) - EXPLAIN IN NARRATIVE,39.15388669,-86.5336
2,3,1200.0,2-Car,Non-incapacitating,FOLLOWING TOO CLOSELY,39.1538,-86.54109467
2,4,900.0,2-Car,No injury/unknown,FAILURE TO YIELD RIGHT OF WAY,39.1538,-86.540508
12,4,2100.0,2-Car,No injury/unknown,FOLLOWING TOO CLOSELY,39.1538,-86.54109554
2,5,800.0,2-Car,No injury/unknown,FOLLOWING TOO CLOSELY,39.15377314,-86.5650224
11,6,1300.0,2-Car,No injury/unknown,FAILURE TO YIELD RIGHT OF WAY,39.15365396,-86.49785834
1,5,600.0,2-Car,No injury/unknown,FAILURE TO YIELD RIGHT OF WAY,39.15360473,-86.5336
4,2,500.0,1-Car,No injury/unknown,ANIMAL/OBJECT IN ROADWAY,39.15354547,-86.56540865
3,3,2100.0,2-Car,Non-incapacitating,,39.15352237,-86.5336
3,4,1700.0,2-Car,No injury/unknown,FAILURE TO YIELD RIGHT OF WAY,39.153504,-86.58272
7,3,1500.0,2-Car,No injury/unknown,FAILURE TO YIELD RIGHT OF WAY,39.15344,-86.53395456
9,2,1300.0,2-Car,No injury/unknown,IMPROPER PASSING,39.15344,-86.5336
7,2,2300.0,2-Car,No injury/unknown,FAILURE TO YIELD RIGHT OF WAY,39.15344,-86.5336
5,1,1000.0,2-Car,Non-incapacitating,FAILURE TO YIELD RIGHT OF WAY,39.15344,-86.5336
1,1,2200.0,2-Car,No injury/unknown,FOLLOWING TOO CLOSELY,39.15344,-86.5336
11,7,1500.0,2-Car,Non-incapacitating,DISREGARD SIGNAL/REG SIGN,39.15344,-86.5336
6,2,1100.0,2-Car,No injury/unknown,FOLLOWING TOO CLOSELY,39.15343886,-86.53231137
3,5,800.0,2-Car,Non-incapacitating,DISREGARD SIGNAL/REG SIGN,39.153424,-86.531152
12,5,1000.0,2-Car,No injury/unknown,OTHER (DRIVER) - EXPLAIN IN NARRATIVE,39.153414,-86.497699
12,5,1700.0,2-Car,No injury/unknown,OTHER (DRIVER) - EXPLAIN IN NARRATIVE,39.153414,-86.497699
4,7,1900.0,3+ Cars,No injury/unknown,BRAKE FAILURE OR DEFECTIVE,39.153414,-86.497699
6,4,1200.0,2-Car,Non-incapacitating,FOLLOWING TOO CLOSELY,39.153392,-86.527008
7,3,1600.0,2-Car,No injury/unknown,FAILURE TO YIELD RIGHT OF WAY,39.153392,-86.527008
1,5,2200.0,2-Car,No injury/unknown,DISREGARD SIGNAL/REG SIGN,39.153392,-86.527008
11,4,1500.0,2-Car,Non-incapacitating,OTHER (DRIVER) - EXPLAIN IN NARRATIVE,39.15306748,-86.538899
12,6,1200.0,2-Car,No injury/unknown,FOLLOWING TOO CLOSELY,39.15288704,-86.5512146
1,5,2200.0,2-Car,No injury/unknown,DISREGARD SIGNAL/REG SIGN,39.152845,-86.497699
5,7,1800.0,2-Car,No injury/unknown,VIEW OBSTRUCTED,39.152606,-86.497699
9,4,1700.0,2-Car,No injury/unknown,UNSAFE SPEED,39.152544,-86.526992
12,5,600.0,2-Car,No injury/unknown,UNSAFE BACKING,39.152544,-86.53122118
3,3,1700.0,2-Car,No injury/unknown,FAILURE TO YIELD RIGHT OF WAY,39.152544,-86.529088
1,6,2100.0,2-Car,No injury/unknown,FAILURE TO YIELD RIGHT OF WAY,39.15250667,-86.497904
7,3,1300.0,2-Car,Non-incapacitating,FAILURE TO YIELD RIGHT OF WAY,39.1525,-86.4905
1,6,1600.0,2-Car,Non-incapacitating,FAILURE TO YIELD RIGHT OF WAY,39.15249872,-86.57295509
8,6,1800.0,1-Car,No injury/unknown,OTHER (DRIVER) - EXPLAIN IN NARRATIVE,39.152448,-86.400288
7,3,1700.0,2-Car,Non-incapacitating,FAILURE TO YIELD RIGHT OF WAY,39.1524,-86.582704
12,4,1700.0,2-Car,No injury/unknown,FAILURE TO YIELD RIGHT OF WAY,39.1524,-86.582704
8,2,1900.0,2-Car,No injury/unknown,UNSAFE BACKING,39.1524,-86.582704
8,5,2000.0,2-Car,No injury/unknown,OTHER (DRIVER) - EXPLAIN IN NARRATIVE,39.152289,-86.49057
6,4,1500.0,3+ Cars,No injury/unknown,IMPROPER LANE USAGE,39.15224,-86.5336
12,4,2100.0,2-Car,No injury/unknown,FAILURE TO YIELD RIGHT OF WAY,39.151931,-86.497699
8,5,1500.0,2-Car,No injury/unknown,UNSAFE BACKING,39.15192713,-86.550396
2,5,900.0,1-Car,No injury/unknown,OTHER (DRIVER) - EXPLAIN IN NARRATIVE,39.15187269,-86.64366183
11,2,1600.0,2-Car,Non-incapacitating,FAILURE TO YIELD RIGHT OF WAY,39.15184908,-86.531
12,3,900.0,1-Car,No injury/unknown,RAN OFF ROAD RIGHT,39.15180855,-86.64363026
12,1,0.0,3+ Cars,Non-incapacitating,IMPROPER TURNING,39.15166636,-86.53118263
4,3,1200.0,3+ Cars,Non-incapacitating,FOLLOWING TOO CLOSELY,39.151648,-86.5336
11,1,1400.0,2-Car,No injury/unknown,FAILURE TO YIELD RIGHT OF WAY,39.151616,-86.5324
5,3,1500.0,1-Car,Fatal,UNSAFE SPEED,39.15160406,-86.38360283
5,4,2100.0,1-Car,Non-incapacitating,RAN OFF ROAD RIGHT,39.151456,-86.38643156
4,2,1600.0,1-Car,No injury/unknown,ALCOHOLIC BEVERAGES,39.151456,-86.38746119
7,7,1500.0,1-Car,Non-incapacitating,ALCOHOLIC BEVERAGES,39.151344,-86.5964
8,1,1100.0,2-Car,No injury/unknown,FAILURE TO YIELD RIGHT OF WAY,39.15127112,-86.49796162
8,2,1300.0,2-Car,No injury/unknown,OTHER (DRIVER) - EXPLAIN IN NARRATIVE,39.151099,-86.4912
1,1,1600.0,2-Car,No injury/unknown,FOLLOWING TOO CLOSELY,39.151099,-86.4912
7,7,1300.0,2-Car,No injury/unknown,FAILURE TO YIELD RIGHT OF WAY,39.15106004,-86.49797146
2,6,2100.0,2-Car,No injury/unknown,FAILURE TO YIELD RIGHT OF WAY,39.150901,-86.568
5,4,1500.0,2-Car,No injury/unknown,FAILURE TO YIELD RIGHT OF WAY,39.150901,-86.568
6,4,1700.0,1-Car,No injury/unknown,ANIMAL/OBJECT IN ROADWAY,39.150901,-86.56802597
5,3,2200.0,2-Car,No injury/unknown,FAILURE TO YIELD RIGHT OF WAY,39.150901,-86.568
6,7,1300.0,2-Car,Non-incapacitating,FAILURE TO YIELD RIGHT OF WAY,39.150901,-86.568
10,1,2200.0,1-Car,Non-incapacitating,ANIMAL/OBJECT IN ROADWAY,39.150901,-86.56802597
9,6,1300.0,3+ Cars,No injury/unknown,FOLLOWING TOO CLOSELY,39.15073619,-86.5336
6,3,1300.0,2-Car,No injury/unknown,FAILURE TO YIELD RIGHT OF WAY,39.15072,-86.522496
6,5,900.0,3+ Cars,No injury/unknown,OTHER (DRIVER) - EXPLAIN IN NARRATIVE,39.150718,-86.52475873
11,3,1700.0,3+ Cars,Non-incapacitating,FAILURE TO YIELD RIGHT OF WAY,39.150688,-86.520896
6,3,1200.0,2-Car,No injury/unknown,,39.15068581,-86.53119826
12,5,700.0,2-Car,No injury/unknown,SPEED TOO FAST FOR WEATHER CONDITIONS,39.15067883,-86.52589784
11,4,1000.0,2-Car,Non-incapacitating,LEFT OF CENTER,39.15066683,-86.582599
9,1,1300.0,2-Car,No injury/unknown,OTHER (DRIVER) - EXPLAIN IN NARRATIVE,39.150648,-86.53804
12,1,2300.0,1-Car,Non-incapacitating,ALCOHOLIC BEVERAGES,39.15064,-86.52696
1,6,900.0,2-Car,No injury/unknown,OTHER (DRIVER) - EXPLAIN IN NARRATIVE,39.15064,-86.52696
4,5,1700.0,2-Car,No injury/unknown,FOLLOWING TOO CLOSELY,39.15064,-86.52696
1,5,600.0,2-Car,No injury/unknown,FAILURE TO YIELD RIGHT OF WAY,39.15064,-86.52696
11,4,1500.0,2-Car,No injury/unknown,OTHER (DRIVER) - EXPLAIN IN NARRATIVE,39.15064,-86.538592
11,7,1600.0,2-Car,No injury/unknown,FOLLOWING TOO CLOSELY,39.15064,-86.52696
11,2,1300.0,2-Car,No injury/unknown,OTHER (DRIVER) - EXPLAIN IN NARRATIVE,39.15059891,-86.5336
4,5,1700.0,2-Car,Non-incapacitating,DISREGARD SIGNAL/REG SIGN,39.150592,-86.53008
9,7,1300.0,2-Car,No injury/unknown,OTHER (DRIVER) - EXPLAIN IN NARRATIVE,39.150576,-86.515088
4,6,1500.0,2-Car,No injury/unknown,FAILURE TO YIELD RIGHT OF WAY,39.150576,-86.515088
10,4,900.0,2-Car,No injury/unknown,FOLLOWING TOO CLOSELY,39.150544,-86.50387836
1,3,700.0,2-Car,No injury/unknown,LEFT OF CENTER,39.150544,-86.512592
9,5,1500.0,2-Car,No injury/unknown,FOLLOWING TOO CLOSELY,39.150544,-86.5096
8,3,1200.0,2-Car,No injury/unknown,OTHER (DRIVER) - EXPLAIN IN NARRATIVE,39.150544,-86.511088
6,3,1600.0,2-Car,No injury/unknown,FAILURE TO YIELD RIGHT OF WAY,39.150544,-86.5336
7,2,1300.0,2-Car,No injury/unknown,FOLLOWING TOO CLOSELY,39.150544,-86.5336
8,1,0.0,2-Car,No injury/unknown,ALCOHOLIC BEVERAGES,39.150544,-86.534688
10,1,1800.0,2-Car,Incapacitating,DISREGARD SIGNAL/REG SIGN,39.150544,-86.5336
10,6,1000.0,2-Car,No injury/unknown,PRESCRIPTION DRUGS,39.150544,-86.5336
2,2,2300.0,2-Car,No injury/unknown,ROADWAY SURFACE CONDITION,39.150544,-86.508288
6,1,1300.0,2-Car,Non-incapacitating,UNSAFE SPEED,39.150544,-86.511088
4,7,1500.0,3+ Cars,Non-incapacitating,FOLLOWING TOO CLOSELY,39.150544,-86.51266291
9,6,1200.0,2-Car,Non-incapacitating,FAILURE TO YIELD RIGHT OF WAY,39.150544,-86.508288
1,1,1300.0,2-Car,No injury/unknown,DISREGARD SIGNAL/REG SIGN,39.150544,-86.508288
11,2,1400.0,3+ Cars,No injury/unknown,SPEED TOO FAST FOR WEATHER CONDITIONS,39.150544,-86.511088
4,5,1000.0,2-Car,No injury/unknown,FOLLOWING TOO CLOSELY,39.15050494,-86.50144236
2,2,900.0,2-Car,No injury/unknown,FAILURE TO YIELD RIGHT OF WAY,39.15050089,-86.51693388
11,2,1200.0,2-Car,No injury/unknown,FOLLOWING TOO CLOSELY,39.1505,-86.51332095
10,6,1300.0,1-Car,No injury/unknown,NONE (DRIVER),39.150496,-86.501088
9,3,1600.0,2-Car,No injury/unknown,IMPROPER TURNING,39.150448,-86.498
6,6,1900.0,2-Car,No injury/unknown,FOLLOWING TOO CLOSELY,39.150448,-86.4992
6,4,1400.0,3+ Cars,No injury/unknown,BRAKE FAILURE OR DEFECTIVE,39.150448,-86.4992
12,6,1200.0,2-Car,No injury/unknown,IMPROPER TURNING,39.150399,-86.494895
2,5,1000.0,1-Car,No injury/unknown,ROADWAY SURFACE CONDITION,39.150368,-86.495392
8,6,2300.0,2-Car,Non-incapacitating,FOLLOWING TOO CLOSELY,39.150352,-86.471296
7,1,900.0,Moped/Motorcycle,No injury/unknown,RAN OFF ROAD RIGHT,39.150352,-86.471296
8,4,1400.0,2-Car,No injury/unknown,OTHER (DRIVER) - EXPLAIN IN NARRATIVE,39.150352,-86.471296
1,4,1700.0,2-Car,No injury/unknown,FAILURE TO YIELD RIGHT OF WAY,39.150352,-86.471296
3,4,800.0,2-Car,No injury/unknown,OTHER (DRIVER) - EXPLAIN IN NARRATIVE,39.150352,-86.471296
5,7,1600.0,1-Car,Non-incapacitating,OTHER (DRIVER) - EXPLAIN IN NARRATIVE,39.150352,-86.471296
11,6,2100.0,2-Car,Non-incapacitating,LEFT OF CENTER,39.150352,-86.471296
6,4,300.0,1-Car,No injury/unknown,UNSAFE SPEED,39.150336,-86.571744
4,4,1000.0,1-Car,No injury/unknown,DRIVER DISTRACTED - EXPLAIN IN NARRATIVE,39.150299,-86.49129154
8,7,1600.0,1-Car,Non-incapacitating,RAN OFF ROAD RIGHT,39.150255,-86.489921
12,6,1800.0,2-Car,No injury/unknown,FOLLOWING TOO CLOSELY,39.150224,-86.480464
10,5,1900.0,2-Car,No injury/unknown,OTHER (DRIVER) - EXPLAIN IN NARRATIVE,39.150224,-86.480464
12,4,900.0,2-Car,No injury/unknown,OTHER (DRIVER) - EXPLAIN IN NARRATIVE,39.14984,-86.53325018
9,6,1000.0,2-Car,No injury/unknown,FOLLOWING TOO CLOSELY,39.14984,-86.533392
7,3,1400.0,3+ Cars,Non-incapacitating,FOLLOWING TOO CLOSELY,39.14982139,-86.53338645
9,2,2000.0,3+ Cars,No injury/unknown,,39.14979112,-86.5730239
7,2,1800.0,Moped/Motorcycle,Non-incapacitating,OTHER (DRIVER) - EXPLAIN IN NARRATIVE,39.14972225,-86.56886746
1,4,,2-Car,No injury/unknown,OTHER (DRIVER) - EXPLAIN IN NARRATIVE,39.1496911,-86.53334759
5,7,1700.0,2-Car,No injury/unknown,OTHER (DRIVER) - EXPLAIN IN NARRATIVE,39.14968,-86.57104
5,3,900.0,2-Car,No injury/unknown,OTHER (DRIVER) - EXPLAIN IN NARRATIVE,39.14968,-86.57104
3,4,700.0,2-Car,No injury/unknown,FAILURE TO YIELD RIGHT OF WAY,39.14963937,-86.53333216
2,3,1200.0,2-Car,No injury/unknown,OTHER (DRIVER) - EXPLAIN IN NARRATIVE,39.149552,-86.575936
10,6,1100.0,3+ Cars,No injury/unknown,DRIVER DISTRACTED - EXPLAIN IN NARRATIVE,39.149552,-86.575936
2,1,1400.0,2-Car,No injury/unknown,OTHER (DRIVER) - EXPLAIN IN NARRATIVE,39.149552,-86.575936
1,7,1200.0,2-Car,No injury/unknown,IMPROPER TURNING,39.1494,-86.582599
4,2,700.0,2-Car,Non-incapacitating,FAILURE TO YIELD RIGHT OF WAY,39.1494,-86.582599
12,7,1700.0,2-Car,Non-incapacitating,FAILURE TO YIELD RIGHT OF WAY,39.14936,-86.57008
4,7,1400.0,2-Car,No injury/unknown,FAILURE TO YIELD RIGHT OF WAY,39.14931553,-86.52085954
2,4,800.0,2-Car,No injury/unknown,FOLLOWING TOO CLOSELY,39.149152,-86.582704
3,2,700.0,1-Car,No injury/unknown,ANIMAL/OBJECT IN ROADWAY,39.14897942,-86.47126692
12,3,1500.0,2-Car,No injury/unknown,FAILURE TO YIELD RIGHT OF WAY,39.148928,-86.53312
6,3,2200.0,1-Car,No injury/unknown,ANIMAL/OBJECT IN ROADWAY,39.14892794,-86.471599
1,3,1700.0,2-Car,No injury/unknown,UNSAFE BACKING,39.14888,-86.569775
2,2,1400.0,2-Car,No injury/unknown,DRIVER DISTRACTED - EXPLAIN IN NARRATIVE,39.148799,-86.526899
10,6,1200.0,2-Car,No injury/unknown,,39.14873734,-86.5791
5,4,1800.0,2-Car,No injury/unknown,UNSAFE BACKING,39.14869742,-86.58970271
11,3,1500.0,2-Car,Non-incapacitating,FOLLOWING TOO CLOSELY,39.14866045,-86.53304046
2,2,1600.0,2-Car,No injury/unknown,,39.14855374,-86.58267339
6,2,1800.0,2-Car,Non-incapacitating,DRIVER DISTRACTED - EXPLAIN IN NARRATIVE,39.148544,-86.571504
7,2,1200.0,2-Car,No injury/unknown,OTHER (DRIVER) - EXPLAIN IN NARRATIVE,39.148448,-86.573
10,6,1100.0,2-Car,No injury/unknown,DRIVER DISTRACTED - EXPLAIN IN NARRATIVE,39.148448,-86.573
8,5,1000.0,2-Car,No injury/unknown,DRIVER DISTRACTED - EXPLAIN IN NARRATIVE,39.148448,-86.573
5,5,1700.0,1-Car,No injury/unknown,OTHER (DRIVER) - EXPLAIN IN NARRATIVE,39.148448,-86.573
5,3,1600.0,2-Car,No injury/unknown,FAILURE TO YIELD RIGHT OF WAY,39.148336,-86.532944
8,6,1900.0,2-Car,Non-incapacitating,FAILURE TO YIELD RIGHT OF WAY,39.148144,-86.572992
8,7,900.0,2-Car,No injury/unknown,FAILURE TO YIELD RIGHT OF WAY,39.148144,-86.572992
8,4,1800.0,2-Car,No injury/unknown,FOLLOWING TOO CLOSELY,39.148144,-86.572992
1,2,1900.0,2-Car,No injury/unknown,FOLLOWING TOO CLOSELY,39.148144,-86.572992
1,6,,2-Car,No injury/unknown,OTHER (DRIVER) - EXPLAIN IN NARRATIVE,39.148144,-86.572992
2,1,1800.0,2-Car,Non-incapacitating,ALCOHOLIC BEVERAGES,39.148144,-86.572992
2,2,1500.0,2-Car,No injury/unknown,DRIVER DISTRACTED - EXPLAIN IN NARRATIVE,39.148144,-86.572992
3,3,1900.0,3+ Cars,Non-incapacitating,FAILURE TO YIELD RIGHT OF WAY,39.148144,-86.572992
6,5,1200.0,2-Car,Non-incapacitating,OTHER (DRIVER) - EXPLAIN IN NARRATIVE,39.148144,-86.572992
6,4,900.0,2-Car,Non-incapacitating,FAILURE TO YIELD RIGHT OF WAY,39.148144,-86.572992
4,7,1200.0,2-Car,No injury/unknown,FOLLOWING TOO CLOSELY,39.148144,-86.572992
2,5,1100.0,2-Car,No injury/unknown,FAILURE TO YIELD RIGHT OF WAY,39.148144,-86.572992
11,2,500.0,1-Car,No injury/unknown,ANIMAL/OBJECT IN ROADWAY,39.148144,-86.572992
10,6,1200.0,2-Car,No injury/unknown,OTHER (DRIVER) - EXPLAIN IN NARRATIVE,39.148144,-86.572992
7,7,2000.0,2-Car,No injury/unknown,UNSAFE BACKING,39.147904,-86.556464
12,1,500.0,3+ Cars,No injury/unknown,UNSAFE SPEED,39.147904,-86.556464
6,5,700.0,2-Car,No injury/unknown,FAILURE TO YIELD RIGHT OF WAY,39.14771365,-86.58262081
5,2,1800.0,2-Car,No injury/unknown,FAILURE TO YIELD RIGHT OF WAY,39.14764523,-86.5826136
9,5,1300.0,2-Car,Non-incapacitating,LEFT OF CENTER,39.14756686,-86.48040686
6,6,1600.0,2-Car,Non-incapacitating,SPEED TOO FAST FOR WEATHER CONDITIONS,39.147504,-86.508256
5,7,700.0,2-Car,Non-incapacitating,DISREGARD SIGNAL/REG SIGN,39.147449,-86.573149
6,6,1400.0,1-Car,No injury/unknown,UNSAFE SPEED,39.14744,-86.5044
2,3,1300.0,2-Car,Non-incapacitating,FAILURE TO YIELD RIGHT OF WAY,39.14744,-86.582592
10,6,1600.0,2-Car,No injury/unknown,UNSAFE BACKING,39.14734171,-86.53265829
9,6,600.0,2-Car,No injury/unknown,OTHER (DRIVER) - EXPLAIN IN NARRATIVE,39.147152,-86.526896
1,6,1100.0,2-Car,No injury/unknown,ROADWAY SURFACE CONDITION,39.14712443,-86.52764453
9,4,1100.0,2-Car,No injury/unknown,UNSAFE BACKING,39.14703589,-86.5300489
1,4,1200.0,2-Car,No injury/unknown,OTHER (DRIVER) - EXPLAIN IN NARRATIVE,39.14698315,-86.53148162
9,6,1200.0,1-Car,No injury/unknown,IMPROPER TURNING,39.146944,-86.532544
3,4,1500.0,2-Car,No injury/unknown,FAILURE TO YIELD RIGHT OF WAY,39.146944,-86.532544
8,6,900.0,2-Car,No injury/unknown,DISREGARD SIGNAL/REG SIGN,39.146944,-86.532544
11,6,800.0,2-Car,No injury/unknown,IMPROPER LANE USAGE,39.146944,-86.532544
6,7,1200.0,2-Car,No injury/unknown,FAILURE TO YIELD RIGHT OF WAY,39.146944,-86.532544
6,4,1500.0,3+ Cars,No injury/unknown,OTHER (DRIVER) - EXPLAIN IN NARRATIVE,39.146944,-86.532544
4,4,1900.0,2-Car,Non-incapacitating,FAILURE TO YIELD RIGHT OF WAY,39.146944,-86.532544
11,4,1800.0,2-Car,Non-incapacitating,DISREGARD SIGNAL/REG SIGN,39.146944,-86.532544
10,5,200.0,1-Car,No injury/unknown,UNSAFE SPEED,39.14689113,-86.52690595
4,3,,2-Car,No injury/unknown,OTHER (DRIVER) - EXPLAIN IN NARRATIVE,39.14670044,-86.53247111
12,4,1400.0,2-Car,No injury/unknown,FAILURE TO YIELD RIGHT OF WAY,39.14660297,-86.52688456
12,3,1400.0,2-Car,No injury/unknown,FOLLOWING TOO CLOSELY,39.14647546,-86.5388
6,5,1700.0,2-Car,Non-incapacitating,OTHER (DRIVER) - EXPLAIN IN NARRATIVE,39.146448,-86.5388
11,1,300.0,2-Car,No injury/unknown,FOLLOWING TOO CLOSELY,39.146448,-86.5388
4,6,1200.0,2-Car,No injury/unknown,FOLLOWING TOO CLOSELY,39.1464018,-86.53883832
3,4,1100.0,2-Car,No injury/unknown,OTHER (DRIVER) - EXPLAIN IN NARRATIVE,39.14633511,-86.53236178
5,4,1500.0,2-Car,No injury/unknown,VIEW OBSTRUCTED,39.14632631,-86.516399
2,1,2200.0,2-Car,No injury/unknown,OTHER (DRIVER) - EXPLAIN IN NARRATIVE,39.14625692,-86.520599
12,5,1400.0,2-Car,No injury/unknown,UNSAFE BACKING,39.14609156,-86.53228889
12,2,2000.0,1-Car,No injury/unknown,UNSAFE SPEED,39.14587002,-86.49752248
7,2,2000.0,3+ Cars,Non-incapacitating,FOLLOWING TOO CLOSELY,39.14582185,-86.53220817
2,7,1400.0,2-Car,No injury/unknown,FOLLOWING TOO CLOSELY,39.14580164,-86.57645664
11,4,700.0,3+ Cars,No injury/unknown,FOLLOWING TOO CLOSELY,39.14531441,-86.57731416
9,6,1400.0,2-Car,No injury/unknown,FOLLOWING TOO CLOSELY,39.145264,-86.577616
6,5,1900.0,2-Car,No injury/unknown,UNSAFE BACKING,39.145264,-86.577616
8,5,1500.0,2-Car,No injury/unknown,OTHER (DRIVER) - EXPLAIN IN NARRATIVE,39.145264,-86.577616
7,4,1300.0,1-Car,No injury/unknown,FAILURE TO YIELD RIGHT OF WAY,39.145264,-86.577616
10,7,900.0,2-Car,No injury/unknown,OTHER (DRIVER) - EXPLAIN IN NARRATIVE,39.145264,-86.577616
2,4,900.0,2-Car,No injury/unknown,FOLLOWING TOO CLOSELY,39.145208,-86.577608
2,3,1700.0,2-Car,No injury/unknown,FOLLOWING TOO CLOSELY,39.145152,-86.5776
8,5,1300.0,2-Car,Non-incapacitating,DISREGARD SIGNAL/REG SIGN,39.145152,-86.5776
6,3,700.0,2-Car,Non-incapacitating,DISREGARD SIGNAL/REG SIGN,39.145152,-86.5776
6,6,1600.0,2-Car,No injury/unknown,FOLLOWING TOO CLOSELY,39.145152,-86.5776
7,7,1200.0,2-Car,No injury/unknown,FAILURE TO YIELD RIGHT OF WAY,39.145152,-86.5776
7,3,1200.0,2-Car,Non-incapacitating,FAILURE TO YIELD RIGHT OF WAY,39.145152,-86.5776
4,3,1500.0,2-Car,No injury/unknown,FAILURE TO YIELD RIGHT OF WAY,39.145152,-86.5776
11,5,1100.0,2-Car,Non-incapacitating,OTHER (DRIVER) - EXPLAIN IN NARRATIVE,39.145122,-86.532203
4,3,1700.0,2-Car,No injury/unknown,FOLLOWING TOO CLOSELY,39.14507317,-86.57774512
2,4,1500.0,2-Car,Non-incapacitating,FAILURE TO YIELD RIGHT OF WAY,39.14501946,-86.53196804
1,6,600.0,2-Car,No injury/unknown,FOLLOWING TOO CLOSELY,39.14500942,-86.57775315
7,1,1200.0,2-Car,No injury/unknown,IMPROPER LANE USAGE,39.14499434,-86.57789024
12,1,800.0,2-Car,No injury/unknown,FAILURE TO YIELD RIGHT OF WAY,39.144848,-86.526848
12,1,1600.0,2-Car,No injury/unknown,FAILURE TO YIELD RIGHT OF WAY,39.144848,-86.526848
5,2,1600.0,2-Car,No injury/unknown,FAILURE TO YIELD RIGHT OF WAY,39.14483758,-86.52720226
6,4,700.0,2-Car,No injury/unknown,UNSAFE BACKING,39.14482163,-86.52791098
4,5,1100.0,2-Car,No injury/unknown,UNSAFE BACKING,39.14478739,-86.5296223
1,4,2000.0,1-Car,No injury/unknown,IMPROPER TURNING,39.144752,-86.531888
1,5,1300.0,2-Car,No injury/unknown,OTHER (DRIVER) - EXPLAIN IN NARRATIVE,39.144752,-86.531888
3,5,1700.0,2-Car,No injury/unknown,FAILURE TO YIELD RIGHT OF WAY,39.14464,-86.582592
6,1,1500.0,2-Car,Non-incapacitating,SPEED TOO FAST FOR WEATHER CONDITIONS,39.144601,-86.526999
11,3,700.0,2-Car,No injury/unknown,FAILURE TO YIELD RIGHT OF WAY,39.144601,-86.526999
3,5,1800.0,2-Car,No injury/unknown,IMPROPER TURNING,39.144599,-86.526994
4,1,1000.0,1-Car,No injury/unknown,OTHER (DRIVER) - EXPLAIN IN NARRATIVE,39.144599,-86.526994
5,3,900.0,2-Car,No injury/unknown,UNSAFE BACKING,39.1439,-86.519699
5,7,1200.0,2-Car,No injury/unknown,IMPROPER TURNING,39.14372721,-86.531399
5,2,800.0,2-Car,No injury/unknown,FAILURE TO YIELD RIGHT OF WAY,39.143552,-86.580528
3,6,1600.0,2-Car,No injury/unknown,OTHER (DRIVER) - EXPLAIN IN NARRATIVE,39.14351437,-86.58057964
12,3,1300.0,2-Car,Non-incapacitating,FAILURE TO YIELD RIGHT OF WAY,39.14345012,-86.5791
5,3,1300.0,2-Car,Non-incapacitating,FAILURE TO YIELD RIGHT OF WAY,39.14312929,-86.579164