Month,Day,Hour,Collision Type,Injury Type,Primary Factor,Latitude,Longitude
12,2,700.0,2-Car,No injury/unknown,RAN OFF ROAD RIGHT,39.14296575,-86.578299
11,6,1600.0,2-Car,No injury/unknown,FAILURE TO YIELD RIGHT OF WAY,39.1429,-86.484794
10,6,1400.0,2-Car,Non-incapacitating,FAILURE TO YIELD RIGHT OF WAY,39.14287166,-86.582592
11,6,100.0,1-Car,Non-incapacitating,ANIMAL/OBJECT IN ROADWAY,39.14280056,-86.58155926
9,2,1400.0,2-Car,No injury/unknown,UNSAFE BACKING,39.142555,-86.531238
2,3,1300.0,2-Car,No injury/unknown,OTHER (DRIVER) - EXPLAIN IN NARRATIVE,39.142555,-86.531238
8,4,1300.0,2-Car,Non-incapacitating,FAILURE TO YIELD RIGHT OF WAY,39.14242428,-86.58207563
6,2,800.0,1-Car,No injury/unknown,ANIMAL/OBJECT IN ROADWAY,39.1424,-86.480399
12,2,1400.0,1-Car,Non-incapacitating,OTHER (DRIVER) - EXPLAIN IN NARRATIVE,39.1421,-86.524199
5,4,900.0,2-Car,Incapacitating,FAILURE TO YIELD RIGHT OF WAY,39.142048,-86.582592
2,4,700.0,2-Car,No injury/unknown,FOLLOWING TOO CLOSELY,39.142048,-86.582592
9,3,700.0,2-Car,Non-incapacitating,UNSAFE SPEED,39.142048,-86.582592
7,4,1000.0,2-Car,No injury/unknown,FAILURE TO YIELD RIGHT OF WAY,39.142048,-86.582592
8,3,2100.0,2-Car,Non-incapacitating,ALCOHOLIC BEVERAGES,39.142048,-86.582592
8,3,1200.0,2-Car,No injury/unknown,FAILURE TO YIELD RIGHT OF WAY,39.142048,-86.531088
9,6,1500.0,2-Car,No injury/unknown,FOLLOWING TOO CLOSELY,39.142048,-86.582592
7,6,1100.0,2-Car,No injury/unknown,IMPROPER PASSING,39.142048,-86.582592
9,3,800.0,2-Car,Non-incapacitating,OTHER (DRIVER) - EXPLAIN IN NARRATIVE,39.142048,-86.531088
9,6,1900.0,2-Car,Non-incapacitating,FAILURE TO YIELD RIGHT OF WAY,39.142048,-86.582592
2,1,2100.0,2-Car,Non-incapacitating,FAILURE TO YIELD RIGHT OF WAY,39.142048,-86.582592
3,1,1300.0,2-Car,No injury/unknown,DISREGARD SIGNAL/REG SIGN,39.142048,-86.582592
3,5,1900.0,2-Car,No injury/unknown,UNSAFE SPEED,39.142048,-86.582592
6,5,1200.0,2-Car,Non-incapacitating,DISREGARD SIGNAL/REG SIGN,39.142048,-86.582592
5,5,1100.0,2-Car,Non-incapacitating,DISREGARD SIGNAL/REG SIGN,39.142048,-86.582592
6,5,1700.0,2-Car,No injury/unknown,FAILURE TO YIELD RIGHT OF WAY,39.142048,-86.582592
6,4,1700.0,2-Car,Non-incapacitating,FAILURE TO YIELD RIGHT OF WAY,39.142048,-86.582592
10,7,1900.0,2-Car,No injury/unknown,FAILURE TO YIELD RIGHT OF WAY,39.142048,-86.582592
1,3,1200.0,2-Car,No injury/unknown,OTHER (DRIVER) - EXPLAIN IN NARRATIVE,39.14193121,-86.58281098
8,4,700.0,Bus,No injury/unknown,FOLLOWING TOO CLOSELY,39.14191465,-86.53104589
11,3,2200.0,2-Car,No injury/unknown,OTHER (DRIVER) - EXPLAIN IN NARRATIVE,39.1419,-86.52700116
1,6,800.0,2-Car,No injury/unknown,DRIVER DISTRACTED - EXPLAIN IN NARRATIVE,39.1419,-86.52700765
10,4,1700.0,2-Car,No injury/unknown,UNSAFE BACKING,39.14187494,-86.58259037
3,6,1400.0,2-Car,No injury/unknown,FAILURE TO YIELD RIGHT OF WAY,39.14177345,-86.58258941
3,3,1900.0,3+ Cars,No injury/unknown,OTHER (DRIVER) - EXPLAIN IN NARRATIVE,39.14144,-86.543632
5,1,1000.0,2-Car,No injury/unknown,NONE (DRIVER),39.14144,-86.543632
10,6,1700.0,2-Car,Non-incapacitating,FAILURE TO YIELD RIGHT OF WAY,39.141328,-86.538528
10,7,300.0,1-Car,No injury/unknown,UNSAFE SPEED,39.14123525,-86.56204079
10,5,1900.0,2-Car,No injury/unknown,LEFT OF CENTER,39.14122436,-86.58258423
5,6,2100.0,2-Car,Non-incapacitating,ROADWAY SURFACE CONDITION,39.1412,-86.582584
11,1,1800.0,2-Car,No injury/unknown,SPEED TOO FAST FOR WEATHER CONDITIONS,39.14027368,-86.481699
1,2,1500.0,2-Car,No injury/unknown,FAILURE TO YIELD RIGHT OF WAY,39.140144,-86.54496
11,3,1000.0,2-Car,No injury/unknown,FAILURE TO YIELD RIGHT OF WAY,39.13999053,-86.5451151
12,3,2100.0,1-Car,No injury/unknown,ANIMAL/OBJECT IN ROADWAY,39.13978541,-86.57292989
12,5,1800.0,1-Car,Non-incapacitating,RAN OFF ROAD RIGHT,39.13959328,-86.59635205
7,5,2000.0,2-Car,No injury/unknown,FAILURE TO YIELD RIGHT OF WAY,39.139584,-86.526768
2,5,1600.0,2-Car,Non-incapacitating,FAILURE TO YIELD RIGHT OF WAY,39.139584,-86.526768
9,4,1100.0,2-Car,Non-incapacitating,PRESCRIPTION DRUGS,39.138401,-86.538495
6,1,700.0,1-Car,No injury/unknown,RAN OFF ROAD RIGHT,39.138392,-86.50948
6,6,1600.0,2-Car,No injury/unknown,FOLLOWING TOO CLOSELY,39.13818882,-86.59154588
4,3,1100.0,2-Car,Non-incapacitating,FOLLOWING TOO CLOSELY,39.1381629,-86.5791
3,6,1700.0,1-Car,No injury/unknown,ANIMAL/OBJECT IN ROADWAY,39.13813816,-86.57290956
3,7,1400.0,2-Car,No injury/unknown,FOLLOWING TOO CLOSELY,39.13785362,-86.59210742
9,3,2000.0,2-Car,No injury/unknown,FAILURE TO YIELD RIGHT OF WAY,39.137744,-86.530288
6,4,700.0,2-Car,No injury/unknown,FAILURE TO YIELD RIGHT OF WAY,39.137744,-86.530288
5,7,1200.0,2-Car,No injury/unknown,FOLLOWING TOO CLOSELY,39.13760222,-86.59252857
5,3,1400.0,2-Car,No injury/unknown,OTHER (DRIVER) - EXPLAIN IN NARRATIVE,39.13736,-86.529904
6,7,1000.0,2-Car,No injury/unknown,UNSAFE BACKING,39.13736,-86.529904
5,6,1200.0,2-Car,No injury/unknown,OTHER (DRIVER) - EXPLAIN IN NARRATIVE,39.13736,-86.529904
7,6,1100.0,2-Car,No injury/unknown,OTHER (DRIVER) - EXPLAIN IN NARRATIVE,39.13736,-86.529904
5,5,1000.0,3+ Cars,Non-incapacitating,LEFT OF CENTER,39.13735081,-86.59294972
8,5,1300.0,2-Car,No injury/unknown,IMPROPER LANE USAGE,39.13731454,-86.57289939
4,2,2100.0,2-Car,No injury/unknown,LEFT OF CENTER,39.13731447,-86.58252058
2,7,0.0,2-Car,No injury/unknown,UNSAFE SPEED,39.137248,-86.538192
9,2,900.0,2-Car,No injury/unknown,OTHER (DRIVER) - EXPLAIN IN NARRATIVE,39.1372,-86.500224
3,3,1200.0,2-Car,No injury/unknown,FOLLOWING TOO CLOSELY,39.13717727,-86.5728977
12,5,1600.0,Bus,No injury/unknown,ROADWAY SURFACE CONDITION,39.13704007,-86.63815291
10,4,1600.0,1-Car,No injury/unknown,ANIMAL/OBJECT IN ROADWAY,39.13704,-86.572896
1,4,1800.0,2-Car,No injury/unknown,IMPROPER TURNING,39.13704,-86.572896
6,6,1600.0,2-Car,No injury/unknown,FAILURE TO YIELD RIGHT OF WAY,39.13704,-86.582512
9,5,700.0,2-Car,Non-incapacitating,GLARE,39.13704,-86.573248
12,2,2200.0,2-Car,Non-incapacitating,FAILURE TO YIELD RIGHT OF WAY,39.13704,-86.572896
10,5,1500.0,Bus,No injury/unknown,FOLLOWING TOO CLOSELY,39.13704,-86.575296
10,1,400.0,2-Car,Non-incapacitating,LEFT OF CENTER,39.13704,-86.582264
10,2,1500.0,2-Car,No injury/unknown,FOLLOWING TOO CLOSELY,39.13704,-86.572896
12,5,1600.0,3+ Cars,Non-incapacitating,UNSAFE SPEED,39.13704,-86.572896
12,7,1300.0,2-Car,No injury/unknown,FOLLOWING TOO CLOSELY,39.13704,-86.575296
12,1,1000.0,2-Car,No injury/unknown,NONE (DRIVER),39.13704,-86.572896
3,5,1100.0,2-Car,No injury/unknown,OTHER (DRIVER) - EXPLAIN IN NARRATIVE,39.13704,-86.572896
3,3,1500.0,3+ Cars,No injury/unknown,FOLLOWING TOO CLOSELY,39.13704,-86.572896
8,2,1500.0,3+ Cars,Non-incapacitating,OTHER (DRIVER) - EXPLAIN IN NARRATIVE,39.13704,-86.575296
4,2,700.0,2-Car,No injury/unknown,DISREGARD SIGNAL/REG SIGN,39.13704,-86.572896
5,4,1300.0,2-Car,No injury/unknown,FAILURE TO YIELD RIGHT OF WAY,39.13704,-86.642832
3,6,1200.0,2-Car,No injury/unknown,FAILURE TO YIELD RIGHT OF WAY,39.13704,-86.572896
1,4,2300.0,2-Car,No injury/unknown,,39.13696313,-86.552695
12,7,700.0,1-Car,No injury/unknown,SPEED TOO FAST FOR WEATHER CONDITIONS,39.13693589,-86.61549957
6,6,1700.0,2-Car,No injury/unknown,OTHER (DRIVER) - EXPLAIN IN NARRATIVE,39.1369318,-86.59365162
11,6,1200.0,2-Car,No injury/unknown,IMPROPER LANE USAGE,39.13690272,-86.572896
1,7,1400.0,1-Car,Non-incapacitating,ROADWAY SURFACE CONDITION,39.13688512,-86.62696576
12,7,1900.0,2-Car,No injury/unknown,OTHER (DRIVER) - EXPLAIN IN NARRATIVE,39.13686476,-86.59376392
7,3,1500.0,1-Car,No injury/unknown,SPEED TOO FAST FOR WEATHER CONDITIONS,39.136848,-86.5964
10,5,700.0,2-Car,Non-incapacitating,FAILURE TO YIELD RIGHT OF WAY,39.136848,-86.606
12,2,2000.0,3+ Cars,Non-incapacitating,ALCOHOLIC BEVERAGES,39.136848,-86.593792
5,3,1800.0,2-Car,No injury/unknown,FAILURE TO YIELD RIGHT OF WAY,39.136848,-86.606
4,7,900.0,2-Car,Non-incapacitating,BRAKE FAILURE OR DEFECTIVE,39.1368,-86.57538069
9,6,1200.0,2-Car,No injury/unknown,DISREGARD SIGNAL/REG SIGN,39.1367,-86.570949
1,2,800.0,1-Car,No injury/unknown,RAN OFF ROAD RIGHT,39.13664,-86.50703258
7,7,800.0,2-Car,No injury/unknown,FAILURE TO YIELD RIGHT OF WAY,39.13664,-86.508096
1,7,1600.0,1-Car,Non-incapacitating,RAN OFF ROAD RIGHT,39.13664,-86.508096
6,4,400.0,1-Car,No injury/unknown,ANIMAL/OBJECT IN ROADWAY,39.13653028,-86.484999
3,3,2100.0,2-Car,Non-incapacitating,,39.136512,-86.562016
5,1,1400.0,1-Car,No injury/unknown,OVERCORRECTING/OVERSTEERING,39.1365,-86.561332
7,2,1600.0,Moped/Motorcycle,Non-incapacitating,OTHER (DRIVER) - EXPLAIN IN NARRATIVE,39.136497,-86.55422166
8,2,1600.0,2-Car,No injury/unknown,UNSAFE SPEED,39.13648184,-86.59432032
8,3,1700.0,2-Car,Non-incapacitating,OTHER (DRIVER) - EXPLAIN IN NARRATIVE,39.136448,-86.548704
8,3,1000.0,2-Car,No injury/unknown,OTHER (DRIVER) - EXPLAIN IN NARRATIVE,39.136448,-86.548704
10,3,1700.0,1-Car,Non-incapacitating,UNSAFE SPEED,39.136448,-86.548704
10,7,1600.0,2-Car,No injury/unknown,FAILURE TO YIELD RIGHT OF WAY,39.136448,-86.548704
7,5,1500.0,2-Car,Non-incapacitating,FOLLOWING TOO CLOSELY,39.136448,-86.548704
7,7,1600.0,2-Car,No injury/unknown,FAILURE TO YIELD RIGHT OF WAY,39.136448,-86.548704
12,4,700.0,2-Car,No injury/unknown,FAILURE TO YIELD RIGHT OF WAY,39.136448,-86.548704
8,3,500.0,Moped/Motorcycle,Non-incapacitating,NONE (DRIVER),39.1364474,-86.54881034
2,7,1100.0,2-Car,No injury/unknown,FOLLOWING TOO CLOSELY,39.1364418,-86.54852694
6,4,1200.0,2-Car,Non-incapacitating,FAILURE TO YIELD RIGHT OF WAY,39.13641851,-86.52679346
7,2,1700.0,2-Car,Non-incapacitating,OTHER (DRIVER) - EXPLAIN IN NARRATIVE,39.136404,-86.55159035
12,6,500.0,1-Car,Non-incapacitating,DRIVER ILLNESS,39.136404,-86.55161631
7,7,200.0,1-Car,Non-incapacitating,PASSENGER DISTRACTION,39.136404,-86.55158169
8,4,1500.0,2-Car,Non-incapacitating,OTHER (DRIVER) - EXPLAIN IN NARRATIVE,39.136404,-86.551599
3,3,1600.0,3+ Cars,Non-incapacitating,ROADWAY SURFACE CONDITION,39.136404,-86.55161198
11,4,900.0,1-Car,Non-incapacitating,DRIVER ILLNESS,39.136404,-86.551599
11,1,1200.0,2-Car,No injury/unknown,LEFT OF CENTER,39.136404,-86.55156871
11,3,1200.0,2-Car,No injury/unknown,FAILURE TO YIELD RIGHT OF WAY,39.136404,-86.551599
11,2,1500.0,2-Car,Non-incapacitating,FAILURE TO YIELD RIGHT OF WAY,39.136404,-86.551599
4,3,1800.0,2-Car,No injury/unknown,FAILURE TO YIELD RIGHT OF WAY,39.136404,-86.551599
8,5,1300.0,Moped/Motorcycle,Non-incapacitating,IMPROPER PASSING,39.1364,-86.504896
6,4,1700.0,2-Car,No injury/unknown,UNSAFE SPEED,39.1364,-86.504896
4,3,1700.0,2-Car,No injury/unknown,IMPROPER TURNING,39.1364,-86.504896
4,5,1700.0,2-Car,Non-incapacitating,FOLLOWING TOO CLOSELY,39.136368,-86.505056
7,2,700.0,2-Car,Non-incapacitating,FAILURE TO YIELD RIGHT OF WAY,39.13632627,-86.500098
9,4,900.0,2-Car,No injury/unknown,OTHER (DRIVER) - EXPLAIN IN NARRATIVE,39.13631641,-86.54494611
9,1,1100.0,2-Car,No injury/unknown,UNSAFE BACKING,39.13630593,-86.5446472
5,2,1700.0,2-Car,No injury/unknown,FOLLOWING TOO CLOSELY,39.136304,-86.544592
9,5,700.0,2-Car,No injury/unknown,GLARE,39.136304,-86.548799
7,6,1700.0,2-Car,No injury/unknown,FAILURE TO YIELD RIGHT OF WAY,39.13628125,-86.52679673
5,3,1400.0,2-Car,No injury/unknown,FAILURE TO YIELD RIGHT OF WAY,39.1362538,-86.52679739
4,5,700.0,3+ Cars,No injury/unknown,OTHER (DRIVER) - EXPLAIN IN NARRATIVE,39.13622635,-86.52679804
9,4,1500.0,2-Car,Non-incapacitating,FOLLOWING TOO CLOSELY,39.13622635,-86.52679804
11,6,1400.0,3+ Cars,Non-incapacitating,FOLLOWING TOO CLOSELY,39.13620735,-86.54162136
8,7,1200.0,3+ Cars,No injury/unknown,FOLLOWING TOO CLOSELY,39.13618566,-86.5409548
1,7,1300.0,2-Car,Non-incapacitating,FOLLOWING TOO CLOSELY,39.1361622,-86.53810276
7,3,700.0,2-Car,No injury/unknown,FOLLOWING TOO CLOSELY,39.136144,-86.51023258
2,1,2200.0,2-Car,Non-incapacitating,DISREGARD SIGNAL/REG SIGN,39.136144,-86.528688
8,4,1200.0,3+ Cars,No injury/unknown,DRIVER DISTRACTED - EXPLAIN IN NARRATIVE,39.136144,-86.528688
8,3,2000.0,2-Car,No injury/unknown,OTHER (DRIVER) - EXPLAIN IN NARRATIVE,39.136144,-86.528688
8,4,1300.0,2-Car,No injury/unknown,IMPROPER PASSING,39.136144,-86.521888
5,5,1600.0,2-Car,No injury/unknown,FAILURE TO YIELD RIGHT OF WAY,39.136144,-86.528688
1,2,1600.0,2-Car,No injury/unknown,FOLLOWING TOO CLOSELY,39.136144,-86.508096
11,5,1600.0,2-Car,Non-incapacitating,OTHER (DRIVER) - EXPLAIN IN NARRATIVE,39.136144,-86.528688
7,3,1300.0,2-Car,No injury/unknown,FAILURE TO YIELD RIGHT OF WAY,39.136144,-86.528688
9,7,1500.0,2-Car,No injury/unknown,FAILURE TO YIELD RIGHT OF WAY,39.136144,-86.511296
6,3,2000.0,2-Car,Non-incapacitating,FOLLOWING TOO CLOSELY,39.136144,-86.528688
4,6,2200.0,2-Car,Non-incapacitating,FOLLOWING TOO CLOSELY,39.136144,-86.528688
9,6,1500.0,1-Car,Non-incapacitating,OTHER (DRIVER) - EXPLAIN IN NARRATIVE,39.136144,-86.5268
10,5,1100.0,2-Car,No injury/unknown,IMPROPER LANE USAGE,39.136144,-86.528688
10,6,1100.0,2-Car,No injury/unknown,FAILURE TO YIELD RIGHT OF WAY,39.136144,-86.528688
12,5,1500.0,3+ Cars,Non-incapacitating,FAILURE TO YIELD RIGHT OF WAY,39.136144,-86.528688
12,6,1700.0,2-Car,Non-incapacitating,FAILURE TO YIELD RIGHT OF WAY,39.136144,-86.528688
2,7,1900.0,2-Car,No injury/unknown,FAILURE TO YIELD RIGHT OF WAY,39.136144,-86.528688
9,1,1100.0,2-Car,Non-incapacitating,FOLLOWING TOO CLOSELY,39.136144,-86.52296
3,4,700.0,2-Car,Non-incapacitating,DISREGARD SIGNAL/REG SIGN,39.136144,-86.528688
5,1,1000.0,2-Car,Non-incapacitating,FAILURE TO YIELD RIGHT OF WAY,39.136144,-86.511296
4,3,1300.0,2-Car,No injury/unknown,FAILURE TO YIELD RIGHT OF WAY,39.136144,-86.528688
5,4,1600.0,2-Car,No injury/unknown,FAILURE TO YIELD RIGHT OF WAY,39.136144,-86.5268
6,4,1700.0,2-Car,No injury/unknown,FAILURE TO YIELD RIGHT OF WAY,39.136144,-86.528688
4,5,1700.0,2-Car,No injury/unknown,FAILURE TO YIELD RIGHT OF WAY,39.136144,-86.528688
1,7,1200.0,2-Car,No injury/unknown,OTHER (DRIVER) - EXPLAIN IN NARRATIVE,39.136144,-86.582496
11,6,900.0,2-Car,No injury/unknown,FAILURE TO YIELD RIGHT OF WAY,39.136144,-86.528688
11,6,1900.0,2-Car,Non-incapacitating,OTHER (DRIVER) - EXPLAIN IN NARRATIVE,39.136144,-86.528688
11,6,1100.0,2-Car,Non-incapacitating,FAILURE TO YIELD RIGHT OF WAY,39.136144,-86.528688
11,2,2300.0,3+ Cars,Non-incapacitating,FAILURE TO YIELD RIGHT OF WAY,39.136144,-86.528688
4,2,1200.0,2-Car,No injury/unknown,DRIVER DISTRACTED - EXPLAIN IN NARRATIVE,39.13614157,-86.52833357
12,7,1800.0,2-Car,No injury/unknown,LEFT OF CENTER,39.1361378,-86.5281564
4,7,800.0,2-Car,No injury/unknown,IMPROPER LANE USAGE,39.13613403,-86.52797923
8,2,1600.0,2-Car,No injury/unknown,ALCOHOLIC BEVERAGES,39.136128,-86.539184
6,6,1600.0,2-Car,No injury/unknown,FAILURE TO YIELD RIGHT OF WAY,39.13609637,-86.52865272
10,4,900.0,2-Car,No injury/unknown,IMPROPER PASSING,39.13608919,-86.51635436
8,3,700.0,2-Car,No injury/unknown,DISREGARD SIGNAL/REG SIGN,39.13608,-86.538096
9,2,1000.0,1-Car,No injury/unknown,OTHER (DRIVER) - EXPLAIN IN NARRATIVE,39.136048,-86.536992
9,6,1600.0,2-Car,Non-incapacitating,FAILURE TO YIELD RIGHT OF WAY,39.136048,-86.536992
6,3,1300.0,2-Car,No injury/unknown,FOLLOWING TOO CLOSELY,39.13603083,-86.53663822
2,5,600.0,3+ Cars,Non-incapacitating,DRIVER ASLEEP OR FATIGUED,39.13602524,-86.53810122
4,3,1300.0,2-Car,No injury/unknown,FAILURE TO YIELD RIGHT OF WAY,39.13602493,-86.5285998
12,3,2300.0,1-Car,No injury/unknown,ANIMAL/OBJECT IN ROADWAY,39.136,-86.51425665
8,6,1000.0,2-Car,Non-incapacitating,OTHER (DRIVER) - EXPLAIN IN NARRATIVE,39.136,-86.50248389
1,7,800.0,2-Car,No injury/unknown,ROADWAY SURFACE CONDITION,39.135999,-86.531
9,1,1500.0,2-Car,No injury/unknown,IMPROPER TURNING,39.135999,-86.531
12,5,900.0,2-Car,No injury/unknown,UNSAFE BACKING,39.135989,-86.529904
7,2,1400.0,2-Car,Non-incapacitating,OTHER (DRIVER) - EXPLAIN IN NARRATIVE,39.13598674,-86.50086754
12,4,1300.0,2-Car,No injury/unknown,OTHER (DRIVER) - EXPLAIN IN NARRATIVE,39.13593504,-86.59510928
3,3,1100.0,2-Car,No injury/unknown,FAILURE TO YIELD RIGHT OF WAY,39.13590586,-86.5285116
8,6,800.0,2-Car,No injury/unknown,FAILURE TO YIELD RIGHT OF WAY,39.1359,-86.53107204
2,4,1200.0,1-Car,No injury/unknown,RAN OFF ROAD RIGHT,39.1359,-86.53110765
7,2,1600.0,3+ Cars,No injury/unknown,,39.1359,-86.53105473
6,5,1000.0,2-Car,Non-incapacitating,DRIVER DISTRACTED - EXPLAIN IN NARRATIVE,39.1359,-86.53109454
11,1,2000.0,2-Car,No injury/unknown,UNSAFE SPEED,39.1359,-86.531098
11,3,1000.0,2-Car,Non-incapacitating,FAILURE TO YIELD RIGHT OF WAY,39.1359,-86.531099
7,6,1500.0,2-Car,No injury/unknown,OTHER (DRIVER) - EXPLAIN IN NARRATIVE,39.1359,-86.53109367
6,5,1900.0,2-Car,No injury/unknown,SPEED TOO FAST FOR WEATHER CONDITIONS,39.1359,-86.531098
1,3,1700.0,2-Car,Non-incapacitating,FOLLOWING TOO CLOSELY,39.1359,-86.53108935
7,2,2000.0,2-Car,Non-incapacitating,SPEED TOO FAST FOR WEATHER CONDITIONS,39.13584,-86.480496
7,3,1100.0,2-Car,No injury/unknown,UNSAFE SPEED,39.13584,-86.496288
8,5,2100.0,2-Car,No injury/unknown,FAILURE TO YIELD RIGHT OF WAY,39.13584,-86.496288
7,6,1500.0,3+ Cars,Non-incapacitating,FOLLOWING TOO CLOSELY,39.13584,-86.496288
1,3,800.0,2-Car,No injury/unknown,FAILURE TO YIELD RIGHT OF WAY,39.13584,-86.496288
1,1,0.0,1-Car,Non-incapacitating,ALCOHOLIC BEVERAGES,39.13584,-86.480496
8,6,1700.0,2-Car,No injury/unknown,LEFT OF CENTER,39.13584,-86.480496
1,6,1700.0,2-Car,No injury/unknown,FAILURE TO YIELD RIGHT OF WAY,39.13578679,-86.5284234
6,5,700.0,2-Car,No injury/unknown,FOLLOWING TOO CLOSELY,39.13565764,-86.59549133
8,6,1200.0,2-Car,No injury/unknown,OTHER (DRIVER) - EXPLAIN IN NARRATIVE,39.135648,-86.462
12,4,900.0,1-Car,No injury/unknown,ROADWAY SURFACE CONDITION,39.135648,-86.462248
7,4,900.0,2-Car,No injury/unknown,LEFT OF CENTER,39.135648,-86.462248
7,2,1100.0,Moped/Motorcycle,Non-incapacitating,OTHER (DRIVER) - EXPLAIN IN NARRATIVE,39.135648,-86.462248
5,3,1400.0,2-Car,No injury/unknown,IMPROPER PASSING,39.135648,-86.462
9,5,1700.0,2-Car,Non-incapacitating,FAILURE TO YIELD RIGHT OF WAY,39.13559525,-86.5267933
2,6,1600.0,2-Car,No injury/unknown,UNSAFE BACKING,39.135393,-86.519092
9,4,700.0,2-Car,No injury/unknown,IMPROPER LANE USAGE,39.13522088,-86.52800065
10,7,1000.0,2-Car,No injury/unknown,FOLLOWING TOO CLOSELY,39.13504,-86.596192
6,5,1700.0,1-Car,No injury/unknown,OTHER (ENVIRONMENTAL) - EXPLAIN IN NARR,39.13498085,-86.572896
3,2,1700.0,2-Car,No injury/unknown,OTHER (DRIVER) - EXPLAIN IN NARRATIVE,39.13493114,-86.52778394
3,7,300.0,2-Car,Non-incapacitating,ALCOHOLIC BEVERAGES,39.13493114,-86.52778394
4,1,1200.0,2-Car,Non-incapacitating,DRIVER DISTRACTED - EXPLAIN IN NARRATIVE,39.13425772,-86.59730445
10,4,1500.0,Bus,No injury/unknown,UNSAFE BACKING,39.13388566,-86.524497
12,6,700.0,3+ Cars,Non-incapacitating,NONE (DRIVER),39.13374536,-86.572896
11,7,100.0,1-Car,No injury/unknown,NONE (DRIVER),39.1334159,-86.572896
2,6,700.0,2-Car,No injury/unknown,OTHER (DRIVER) - EXPLAIN IN NARRATIVE,39.133248,-86.517488
8,6,800.0,1-Car,No injury/unknown,OVERCORRECTING/OVERSTEERING,39.13304,-86.5384
9,6,800.0,2-Car,No injury/unknown,FAILURE TO YIELD RIGHT OF WAY,39.13304,-86.5384
6,6,1300.0,1-Car,No injury/unknown,OTHER (DRIVER) - EXPLAIN IN NARRATIVE,39.13304,-86.522288
4,2,1000.0,2-Car,No injury/unknown,OTHER (DRIVER) - EXPLAIN IN NARRATIVE,39.13304,-86.5384
10,7,1500.0,Moped/Motorcycle,Non-incapacitating,OTHER (DRIVER) - EXPLAIN IN NARRATIVE,39.1329,-86.52485092
5,3,1400.0,2-Car,No injury/unknown,IMPROPER PASSING,39.13264,-86.526688
1,4,300.0,1-Car,No injury/unknown,ALCOHOLIC BEVERAGES,39.132216,-86.55622354
4,2,700.0,2-Car,No injury/unknown,UNSAFE BACKING,39.1322002,-86.53298583
10,6,100.0,2-Car,No injury/unknown,SPEED TOO FAST FOR WEATHER CONDITIONS,39.13218924,-86.54123502
9,5,100.0,2-Car,Non-incapacitating,ALCOHOLIC BEVERAGES,39.13213052,-86.50659801
12,6,1000.0,2-Car,No injury/unknown,UNSAFE SPEED,39.13202199,-86.5562826
2,3,1100.0,2-Car,No injury/unknown,DRIVER DISTRACTED - EXPLAIN IN NARRATIVE,39.132,-86.531399
9,7,2100.0,2-Car,No injury/unknown,FAILURE TO YIELD RIGHT OF WAY,39.131648,-86.582496
6,2,1000.0,2-Car,No injury/unknown,DISREGARD SIGNAL/REG SIGN,39.13144,-86.516688
2,5,1800.0,2-Car,No injury/unknown,FAILURE TO YIELD RIGHT OF WAY,39.13107713,-86.579195
4,2,1200.0,2-Car,Non-incapacitating,FAILURE TO YIELD RIGHT OF WAY,39.130944,-86.526688
4,3,1700.0,2-Car,No injury/unknown,ALCOHOLIC BEVERAGES,39.130944,-86.526688
7,1,1100.0,2-Car,No injury/unknown,FAILURE TO YIELD RIGHT OF WAY,39.130928,-86.519792
11,7,800.0,1-Car,Non-incapacitating,OTHER (DRIVER) - EXPLAIN IN NARRATIVE,39.13065577,-86.52329278
12,1,2200.0,2-Car,No injury/unknown,SPEED TOO FAST FOR WEATHER CONDITIONS,39.130603,-86.50161498
3,1,1200.0,2-Car,No injury/unknown,FAILURE TO YIELD RIGHT OF WAY,39.1304,-86.582599
2,2,2100.0,1-Car,Non-incapacitating,RAN OFF ROAD RIGHT,39.13029782,-86.538496
4,6,1500.0,2-Car,No injury/unknown,FOLLOWING TOO CLOSELY,39.13024347,-86.60297958
12,5,900.0,2-Car,No injury/unknown,IMPROPER PASSING,39.12936,-86.604336
1,3,1400.0,2-Car,No injury/unknown,TIRE FAILURE OR DEFECTIVE,39.12928067,-86.60445827
8,6,1200.0,Moped/Motorcycle,Non-incapacitating,OTHER (DRIVER) - EXPLAIN IN NARRATIVE,39.12901992,-86.52678557
12,6,1100.0,2-Car,No injury/unknown,OTHER (DRIVER) - EXPLAIN IN NARRATIVE,39.12901992,-86.52678557
7,4,1700.0,Moped/Motorcycle,No injury/unknown,OVERCORRECTING/OVERSTEERING,39.12853577,-86.58536333
10,3,2300.0,2-Car,Non-incapacitating,LEFT OF CENTER,39.128,-86.606432
8,2,1300.0,2-Car,No injury/unknown,UNSAFE BACKING,39.127648,-86.585004
7,6,1600.0,2-Car,No injury/unknown,FOLLOWING TOO CLOSELY,39.12758845,-86.5791
5,5,1800.0,2-Car,No injury/unknown,OVERCORRECTING/OVERSTEERING,39.12716835,-86.52677353
9,6,400.0,1-Car,No injury/unknown,RAN OFF ROAD RIGHT,39.127101,-86.52778453
9,6,1400.0,1-Car,Non-incapacitating,OVERCORRECTING/OVERSTEERING,39.1269,-86.531399
10,7,2100.0,2-Car,No injury/unknown,FOLLOWING TOO CLOSELY,39.1267,-86.531399
2,6,700.0,2-Car,No injury/unknown,OTHER (DRIVER) - EXPLAIN IN NARRATIVE,39.1267,-86.531399