Month,Day,Hour,Collision Type,Injury Type,Primary Factor,Latitude,Longitude
2,1,1500.0,2-Car,No injury/unknown,FAILURE TO YIELD RIGHT OF WAY,39.12664,-86.582512
2,5,700.0,2-Car,No injury/unknown,IMPROPER TURNING,39.12664,-86.582512
9,4,900.0,2-Car,Non-incapacitating,FAILURE TO YIELD RIGHT OF WAY,39.12660505,-86.5726527
12,6,2000.0,2-Car,No injury/unknown,ALCOHOLIC BEVERAGES,39.12660505,-86.5726527
5,1,500.0,1-Car,No injury/unknown,ANIMAL/OBJECT IN ROADWAY,39.12660505,-86.5726527
7,6,1000.0,2-Car,No injury/unknown,FAILURE TO YIELD RIGHT OF WAY,39.12660505,-86.5726527
10,6,1700.0,Bus,Non-incapacitating,NONE (DRIVER),39.12660505,-86.5726527
6,2,1400.0,1-Car,Non-incapacitating,OTHER (DRIVER) - EXPLAIN IN NARRATIVE,39.12640173,-86.52674763
6,1,0.0,1-Car,No injury/unknown,OTHER (VEHICLE) - EXPLAIN IN NARRATIVE,39.12631655,-86.52674475
11,6,,Moped/Motorcycle,Non-incapacitating,OTHER (VEHICLE) - EXPLAIN IN NARRATIVE,39.12631655,-86.52674475
6,7,2100.0,2-Car,No injury/unknown,DRIVER DISTRACTED - EXPLAIN IN NARRATIVE,39.12631147,-86.57260901
11,2,1300.0,2-Car,No injury/unknown,SPEED TOO FAST FOR WEATHER CONDITIONS,39.1262117,-86.526699
2,5,800.0,2-Car,Non-incapacitating,OTHER (DRIVER) - EXPLAIN IN NARRATIVE,39.12561795,-86.52689912
11,4,1100.0,2-Car,No injury/unknown,UNSAFE BACKING,39.125552,-86.610192
12,4,900.0,2-Car,No injury/unknown,OTHER (DRIVER) - EXPLAIN IN NARRATIVE,39.1255,-86.507699
1,1,1800.0,2-Car,No injury/unknown,UNSAFE BACKING,39.125312,-86.610496
5,1,1100.0,2-Car,No injury/unknown,FAILURE TO YIELD RIGHT OF WAY,39.125312,-86.610496
12,1,1100.0,2-Car,Incapacitating,OVERCORRECTING/OVERSTEERING,39.125312,-86.610496
1,6,1700.0,2-Car,No injury/unknown,OTHER (DRIVER) - EXPLAIN IN NARRATIVE,39.125312,-86.610496
1,1,2300.0,2-Car,No injury/unknown,FAILURE TO YIELD RIGHT OF WAY,39.125312,-86.610496
6,1,1200.0,2-Car,No injury/unknown,FAILURE TO YIELD RIGHT OF WAY,39.125312,-86.610496
3,7,1500.0,2-Car,No injury/unknown,OTHER (DRIVER) - EXPLAIN IN NARRATIVE,39.125312,-86.610496
12,7,,1-Car,No injury/unknown,ROADWAY SURFACE CONDITION,39.125299,-86.550897
5,7,1200.0,2-Car,No injury/unknown,FAILURE TO YIELD RIGHT OF WAY,39.12516089,-86.50619682
7,5,500.0,1-Car,Non-incapacitating,SPEED TOO FAST FOR WEATHER CONDITIONS,39.12486116,-86.485699
6,1,,2-Car,No injury/unknown,OTHER (DRIVER) - EXPLAIN IN NARRATIVE,39.12485952,-86.5266692
12,4,900.0,2-Car,No injury/unknown,SPEED TOO FAST FOR WEATHER CONDITIONS,39.12461729,-86.52666602
7,5,700.0,1-Car,No injury/unknown,UNSAFE SPEED,39.12440464,-86.56053508
12,7,1500.0,1-Car,Non-incapacitating,OVERCORRECTING/OVERSTEERING,39.12440464,-86.56053508
8,2,1600.0,2-Car,No injury/unknown,OTHER (DRIVER) - EXPLAIN IN NARRATIVE,39.12392521,-86.52665691
4,7,200.0,2-Car,No injury/unknown,SPEED TOO FAST FOR WEATHER CONDITIONS,39.123376,-86.582592
4,3,1600.0,1-Car,No injury/unknown,ANIMAL/OBJECT IN ROADWAY,39.123376,-86.582592
2,7,400.0,1-Car,Non-incapacitating,RAN OFF ROAD RIGHT,39.12336473,-86.58188348
1,6,700.0,1-Car,Non-incapacitating,ROADWAY SURFACE CONDITION,39.12332025,-86.56162149
1,6,1400.0,2-Car,No injury/unknown,FAILURE TO YIELD RIGHT OF WAY,39.123248,-86.578192
4,6,900.0,1-Car,Non-incapacitating,ANIMAL/OBJECT IN ROADWAY,39.12323093,-86.57812463
11,1,300.0,2-Car,Non-incapacitating,IMPROPER TURNING,39.12263125,-86.61390267
5,5,1700.0,2-Car,No injury/unknown,OTHER (DRIVER) - EXPLAIN IN NARRATIVE,39.122601,-86.531399
5,1,1400.0,2-Car,No injury/unknown,IMPROPER TURNING,39.122601,-86.531399
1,6,700.0,2-Car,No injury/unknown,OTHER (DRIVER) - EXPLAIN IN NARRATIVE,39.12255339,-86.56236891
6,2,2100.0,Moped/Motorcycle,Non-incapacitating,UNSAFE SPEED,39.12239808,-86.58407098
1,6,800.0,2-Car,No injury/unknown,RAN OFF ROAD RIGHT,39.122352,-86.6056
8,2,1800.0,2-Car,No injury/unknown,FAILURE TO YIELD RIGHT OF WAY,39.122352,-86.5712
12,6,1400.0,2-Car,Non-incapacitating,DISREGARD SIGNAL/REG SIGN,39.122352,-86.5712
10,6,1500.0,2-Car,Non-incapacitating,FAILURE TO YIELD RIGHT OF WAY,39.122352,-86.5712
3,3,1200.0,2-Car,Non-incapacitating,DISREGARD SIGNAL/REG SIGN,39.122352,-86.5712
2,3,600.0,2-Car,No injury/unknown,OTHER (DRIVER) - EXPLAIN IN NARRATIVE,39.122352,-86.5712
1,5,2000.0,1-Car,No injury/unknown,RAN OFF ROAD RIGHT,39.122352,-86.6056
6,3,1200.0,2-Car,Non-incapacitating,LEFT OF CENTER,39.122352,-86.5712
4,3,1100.0,2-Car,No injury/unknown,ROADWAY SURFACE CONDITION,39.122352,-86.5712
12,1,2100.0,1-Car,Non-incapacitating,RAN OFF ROAD RIGHT,39.12235123,-86.60585002
2,4,0.0,1-Car,No injury/unknown,ALCOHOLIC BEVERAGES,39.12226096,-86.57112072
9,5,1500.0,2-Car,Non-incapacitating,FAILURE TO YIELD RIGHT OF WAY,39.12224,-86.6144
1,2,800.0,2-Car,Non-incapacitating,FAILURE TO YIELD RIGHT OF WAY,39.12224,-86.6144
9,5,1300.0,1-Car,No injury/unknown,OTHER (DRIVER) - EXPLAIN IN NARRATIVE,39.122224,-86.562688
9,4,2200.0,1-Car,Non-incapacitating,OTHER (DRIVER) - EXPLAIN IN NARRATIVE,39.12205527,-86.547097
7,4,1700.0,2-Car,Non-incapacitating,CELL PHONE USAGE,39.121808,-86.498784
2,5,1700.0,1-Car,No injury/unknown,,39.121808,-86.574896
9,4,2000.0,1-Car,No injury/unknown,RAN OFF ROAD RIGHT,39.12179773,-86.49842985
10,6,2300.0,2-Car,No injury/unknown,,39.121616,-86.538592
6,5,800.0,2-Car,Non-incapacitating,LEFT OF CENTER,39.121604,-86.5391
1,4,1900.0,1-Car,No injury/unknown,RAN OFF ROAD RIGHT,39.121584,-86.489744
5,6,1600.0,2-Car,Non-incapacitating,FAILURE TO YIELD RIGHT OF WAY,39.121552,-86.531296
11,4,1900.0,2-Car,No injury/unknown,OTHER (DRIVER) - EXPLAIN IN NARRATIVE,39.121504,-86.537999
8,2,700.0,1-Car,No injury/unknown,ANIMAL/OBJECT IN ROADWAY,39.1215,-86.51249641
7,2,1200.0,2-Car,No injury/unknown,FAILURE TO YIELD RIGHT OF WAY,39.1215,-86.51245574
9,3,600.0,2-Car,No injury/unknown,SPEED TOO FAST FOR WEATHER CONDITIONS,39.1215,-86.512499
12,4,900.0,2-Car,No injury/unknown,FAILURE TO YIELD RIGHT OF WAY,39.1215,-86.512499
11,6,1300.0,2-Car,No injury/unknown,OTHER (DRIVER) - EXPLAIN IN NARRATIVE,39.1215,-86.51250765
12,2,900.0,1-Car,No injury/unknown,ROADWAY SURFACE CONDITION,39.1215,-86.53286367
2,5,1800.0,2-Car,Non-incapacitating,FAILURE TO YIELD RIGHT OF WAY,39.1215,-86.519096
12,6,700.0,1-Car,Non-incapacitating,SPEED TOO FAST FOR WEATHER CONDITIONS,39.1215,-86.51248602
1,6,800.0,1-Car,No injury/unknown,SPEED TOO FAST FOR WEATHER CONDITIONS,39.1215,-86.52195574
8,1,900.0,1-Car,Non-incapacitating,OTHER (DRIVER) - EXPLAIN IN NARRATIVE,39.121488,-86.52048
4,5,1700.0,3+ Cars,Non-incapacitating,FOLLOWING TOO CLOSELY,39.121488,-86.528304
10,6,700.0,2-Car,No injury/unknown,OTHER (DRIVER) - EXPLAIN IN NARRATIVE,39.12144393,-86.52664401
1,3,1000.0,2-Car,Non-incapacitating,FAILURE TO YIELD RIGHT OF WAY,39.12144,-86.526496
3,6,1600.0,2-Car,No injury/unknown,FAILURE TO YIELD RIGHT OF WAY,39.12144,-86.526496
5,3,1300.0,2-Car,No injury/unknown,OTHER (DRIVER) - EXPLAIN IN NARRATIVE,39.12144,-86.526496
4,3,800.0,Moped/Motorcycle,Non-incapacitating,DISREGARD SIGNAL/REG SIGN,39.12144,-86.526496
6,4,1000.0,2-Car,Non-incapacitating,FAILURE TO YIELD RIGHT OF WAY,39.12144,-86.526496
2,5,1300.0,2-Car,No injury/unknown,OTHER (DRIVER) - EXPLAIN IN NARRATIVE,39.12144,-86.526496
7,7,1800.0,1-Car,Non-incapacitating,OTHER (DRIVER) - EXPLAIN IN NARRATIVE,39.121248,-86.573504
7,3,1500.0,2-Car,No injury/unknown,FOLLOWING TOO CLOSELY,39.11995837,-86.61794226
11,4,800.0,2-Car,No injury/unknown,LEFT OF CENTER,39.11967052,-86.64298269
4,6,1400.0,2-Car,Non-incapacitating,TIRE FAILURE OR DEFECTIVE,39.119344,-86.618896
12,4,900.0,2-Car,No injury/unknown,ROADWAY SURFACE CONDITION,39.11854057,-86.62033276
1,2,0.0,1-Car,No injury/unknown,UNSAFE SPEED,39.11773712,-86.62176948
2,5,1000.0,1-Car,Non-incapacitating,OTHER (DRIVER) - EXPLAIN IN NARRATIVE,39.117725,-86.545924
3,3,1900.0,1-Car,No injury/unknown,ROADWAY SURFACE CONDITION,39.117648,-86.567104
12,6,1700.0,2-Car,No injury/unknown,ROADWAY SURFACE CONDITION,39.117648,-86.567104
12,1,1400.0,1-Car,Non-incapacitating,OVERCORRECTING/OVERSTEERING,39.117648,-86.567104
11,5,1600.0,2-Car,Non-incapacitating,OVERCORRECTING/OVERSTEERING,39.117648,-86.567104
2,2,700.0,3+ Cars,Incapacitating,FAILURE TO YIELD RIGHT OF WAY,39.117648,-86.567104
5,7,1400.0,2-Car,No injury/unknown,FAILURE TO YIELD RIGHT OF WAY,39.117648,-86.567104
7,3,1300.0,1-Car,Non-incapacitating,SPEED TOO FAST FOR WEATHER CONDITIONS,39.11747648,-86.64142091
11,3,700.0,2-Car,No injury/unknown,FOLLOWING TOO CLOSELY,39.11727388,-86.531395
7,7,2300.0,2-Car,No injury/unknown,LEFT OF CENTER,39.116464,-86.428672
3,3,1500.0,3+ Cars,No injury/unknown,FAILURE TO YIELD RIGHT OF WAY,39.116464,-86.428672
5,7,500.0,1-Car,No injury/unknown,OTHER (VEHICLE) - EXPLAIN IN NARRATIVE,39.116464,-86.428672
3,5,1300.0,1-Car,No injury/unknown,RAN OFF ROAD RIGHT,39.116352,-86.526496
11,5,1500.0,2-Car,No injury/unknown,OTHER (DRIVER) - EXPLAIN IN NARRATIVE,39.11633574,-86.531399
6,4,1200.0,2-Car,Non-incapacitating,FAILURE TO YIELD RIGHT OF WAY,39.11600804,-86.496099
9,1,1500.0,2-Car,Non-incapacitating,LEFT OF CENTER,39.11584,-86.5312
8,5,2100.0,1-Car,No injury/unknown,ANIMAL/OBJECT IN ROADWAY,39.1157533,-86.56483299
1,7,1600.0,2-Car,No injury/unknown,OTHER (DRIVER) - EXPLAIN IN NARRATIVE,39.11557637,-86.56449045
5,2,1300.0,2-Car,No injury/unknown,FAILURE TO YIELD RIGHT OF WAY,39.115552,-86.564592
6,6,1300.0,2-Car,No injury/unknown,FOLLOWING TOO CLOSELY,39.115552,-86.564592
12,3,1500.0,2-Car,No injury/unknown,FAILURE TO YIELD RIGHT OF WAY,39.115552,-86.564592
6,3,1100.0,2-Car,No injury/unknown,RAN OFF ROAD RIGHT,39.115552,-86.564592
6,7,1100.0,2-Car,No injury/unknown,FAILURE TO YIELD RIGHT OF WAY,39.115552,-86.564592
2,2,900.0,2-Car,Non-incapacitating,FAILURE TO YIELD RIGHT OF WAY,39.115552,-86.564592
3,2,1700.0,2-Car,No injury/unknown,OTHER (DRIVER) - EXPLAIN IN NARRATIVE,39.115248,-86.573504
11,5,600.0,1-Car,Non-incapacitating,OTHER (DRIVER) - EXPLAIN IN NARRATIVE,39.11502445,-86.56131416
8,4,1300.0,2-Car,No injury/unknown,FOLLOWING TOO CLOSELY,39.11500371,-86.62741466
10,4,1600.0,2-Car,Non-incapacitating,FOLLOWING TOO CLOSELY,39.11496731,-86.63114231
12,7,1200.0,2-Car,Non-incapacitating,UNSAFE BACKING,39.114944,-86.570592
3,7,1700.0,1-Car,No injury/unknown,RAN OFF ROAD RIGHT,39.11407036,-86.43017557
12,6,1000.0,2-Car,No injury/unknown,LEFT OF CENTER,39.113232,-86.668544
4,6,1500.0,2-Car,No injury/unknown,FOLLOWING TOO CLOSELY,39.11275103,-86.63554944
6,4,2100.0,2-Car,No injury/unknown,OTHER (DRIVER) - EXPLAIN IN NARRATIVE,39.11272644,-86.575999
7,2,1300.0,2-Car,No injury/unknown,LEFT OF CENTER,39.11136,-86.539824
5,3,1300.0,2-Car,Non-incapacitating,OTHER (DRIVER) - EXPLAIN IN NARRATIVE,39.11111077,-86.63816671
8,4,,2-Car,Non-incapacitating,FAILURE TO YIELD RIGHT OF WAY,39.111024,-86.638304
11,1,1300.0,2-Car,Non-incapacitating,FAILURE TO YIELD RIGHT OF WAY,39.111024,-86.638304
1,4,700.0,2-Car,Non-incapacitating,FOLLOWING TOO CLOSELY,39.111024,-86.638304
5,3,2200.0,1-Car,No injury/unknown,ALCOHOLIC BEVERAGES,39.111024,-86.638304
5,3,500.0,3+ Cars,Non-incapacitating,FAILURE TO YIELD RIGHT OF WAY,39.111024,-86.638304
3,4,1600.0,2-Car,No injury/unknown,IMPROPER PASSING,39.111024,-86.638304
10,7,1500.0,2-Car,Incapacitating,UNSAFE SPEED,39.111024,-86.638304
1,1,1600.0,2-Car,No injury/unknown,FOLLOWING TOO CLOSELY,39.11093781,-86.6384419
10,2,1900.0,1-Car,No injury/unknown,RAN OFF ROAD RIGHT,39.1108868,-86.63831005
9,4,900.0,1-Car,No injury/unknown,RAN OFF ROAD RIGHT,39.11050688,-86.63913142
3,5,2200.0,1-Car,No injury/unknown,ROADWAY SURFACE CONDITION,39.110448,-86.572496
4,1,1600.0,2-Car,No injury/unknown,FAILURE TO YIELD RIGHT OF WAY,39.10992922,-86.579195
6,4,1900.0,1-Car,Non-incapacitating,PRESCRIPTION DRUGS,39.10988674,-86.52640935
2,6,1800.0,2-Car,No injury/unknown,FAILURE TO YIELD RIGHT OF WAY,39.10924801,-86.53454166
9,2,2100.0,1-Car,No injury/unknown,SPEED TOO FAST FOR WEATHER CONDITIONS,39.10889691,-86.42243138
5,2,1600.0,2-Car,No injury/unknown,FAILURE TO YIELD RIGHT OF WAY,39.108032,-86.575552
10,1,2100.0,1-Car,No injury/unknown,ANIMAL/OBJECT IN ROADWAY,39.10789747,-86.65748587
3,7,300.0,1-Car,No injury/unknown,RAN OFF ROAD RIGHT,39.10784,-86.619696
9,7,300.0,1-Car,Non-incapacitating,DRIVER ASLEEP OR FATIGUED,39.107648,-86.643696
1,7,2100.0,1-Car,No injury/unknown,SPEED TOO FAST FOR WEATHER CONDITIONS,39.107648,-86.643696
9,2,500.0,1-Car,No injury/unknown,DISREGARD SIGNAL/REG SIGN,39.107552,-86.549792
2,4,1800.0,2-Car,No injury/unknown,,39.107552,-86.549792
6,3,800.0,1-Car,No injury/unknown,DRIVER DISTRACTED - EXPLAIN IN NARRATIVE,39.10754549,-86.54950866
3,2,2000.0,1-Car,Non-incapacitating,ALCOHOLIC BEVERAGES,39.10752966,-86.54882023
8,4,1400.0,2-Car,Non-incapacitating,OTHER (DRIVER) - EXPLAIN IN NARRATIVE,39.107456,-86.540064
5,6,0.0,Moped/Motorcycle,No injury/unknown,,39.107401,-86.549898
8,2,100.0,1-Car,No injury/unknown,RAN OFF ROAD RIGHT,39.107344,-86.5264
8,4,1200.0,2-Car,No injury/unknown,OTHER (VEHICLE) - EXPLAIN IN NARRATIVE,39.107344,-86.5264
10,2,1400.0,2-Car,No injury/unknown,FAILURE TO YIELD RIGHT OF WAY,39.107344,-86.5264
2,3,900.0,2-Car,No injury/unknown,FAILURE TO YIELD RIGHT OF WAY,39.107344,-86.5264
2,2,1300.0,2-Car,No injury/unknown,FAILURE TO YIELD RIGHT OF WAY,39.107344,-86.5264
6,5,1200.0,2-Car,No injury/unknown,OTHER (DRIVER) - EXPLAIN IN NARRATIVE,39.107344,-86.5264
4,4,1100.0,Bus,No injury/unknown,FAILURE TO YIELD RIGHT OF WAY,39.107344,-86.5264
11,3,1500.0,2-Car,Non-incapacitating,FAILURE TO YIELD RIGHT OF WAY,39.107248,-86.531392
9,4,2200.0,2-Car,Non-incapacitating,FAILURE TO YIELD RIGHT OF WAY,39.1072,-86.531497
2,2,1700.0,2-Car,Non-incapacitating,FAILURE TO YIELD RIGHT OF WAY,39.1072,-86.531497
7,1,1400.0,2-Car,Non-incapacitating,OTHER (DRIVER) - EXPLAIN IN NARRATIVE,39.1072,-86.531497
10,4,200.0,1-Car,Non-incapacitating,ALCOHOLIC BEVERAGES,39.107152,-86.523792
6,1,1300.0,1-Car,No injury/unknown,RAN OFF ROAD RIGHT,39.107072,-86.498544
12,5,1400.0,2-Car,No injury/unknown,OTHER (DRIVER) - EXPLAIN IN NARRATIVE,39.10704,-86.523488
9,1,1500.0,1-Car,Incapacitating,OTHER (DRIVER) - EXPLAIN IN NARRATIVE,39.10704,-86.523488
1,7,1000.0,1-Car,No injury/unknown,LEFT OF CENTER,39.106999,-86.52399657
3,5,300.0,1-Car,Non-incapacitating,DRIVER ASLEEP OR FATIGUED,39.10686619,-86.5233455
12,4,1000.0,1-Car,No injury/unknown,ROADWAY SURFACE CONDITION,39.106702,-86.5401967
12,4,800.0,2-Car,No injury/unknown,FAILURE TO YIELD RIGHT OF WAY,39.10667829,-86.546498
5,3,2000.0,1-Car,No injury/unknown,PRESCRIPTION DRUGS,39.10649041,-86.55034722
12,4,1600.0,2-Car,No injury/unknown,OTHER (DRIVER) - EXPLAIN IN NARRATIVE,39.10649041,-86.55034722
5,6,1700.0,2-Car,No injury/unknown,FAILURE TO YIELD RIGHT OF WAY,39.10601767,-86.55072847
8,5,200.0,1-Car,Non-incapacitating,UNSAFE SPEED,39.10588127,-86.52253804
2,5,1300.0,2-Car,No injury/unknown,FOLLOWING TOO CLOSELY,39.10571929,-86.64558482
7,7,1300.0,2-Car,Non-incapacitating,FOLLOWING TOO CLOSELY,39.10566736,-86.50722818
11,4,500.0,1-Car,Non-incapacitating,ANIMAL/OBJECT IN ROADWAY,39.10564021,-86.5512146
5,6,1800.0,3+ Cars,Incapacitating,FAILURE TO YIELD RIGHT OF WAY,39.105552,-86.551104
4,5,800.0,2-Car,No injury/unknown,FAILURE TO YIELD RIGHT OF WAY,39.105552,-86.551104
1,7,1300.0,2-Car,No injury/unknown,FAILURE TO YIELD RIGHT OF WAY,39.105552,-86.551104
4,4,1100.0,1-Car,No injury/unknown,SPEED TOO FAST FOR WEATHER CONDITIONS,39.10521851,-86.52199459
12,5,1300.0,2-Car,No injury/unknown,SPEED TOO FAST FOR WEATHER CONDITIONS,39.10441752,-86.5501065
12,6,2300.0,1-Car,Non-incapacitating,SPEED TOO FAST FOR WEATHER CONDITIONS,39.10394794,-86.583099
7,7,1800.0,2-Car,Non-incapacitating,LEFT OF CENTER,39.10344,-86.574992
7,7,1700.0,1-Car,No injury/unknown,OTHER (DRIVER) - EXPLAIN IN NARRATIVE,39.102704,-86.461792
12,4,1000.0,3+ Cars,Non-incapacitating,SPEED TOO FAST FOR WEATHER CONDITIONS,39.10243587,-86.64879287
2,4,1400.0,2-Car,No injury/unknown,DISREGARD SIGNAL/REG SIGN,39.102392,-86.574144
12,2,700.0,1-Car,No injury/unknown,OTHER (DRIVER) - EXPLAIN IN NARRATIVE,39.10237671,-86.37859836
2,1,1800.0,1-Car,Non-incapacitating,OVERCORRECTING/OVERSTEERING,39.10190768,-86.57655311
4,7,1200.0,3+ Cars,Non-incapacitating,DRIVER ASLEEP OR FATIGUED,39.10134126,-86.64986194
3,2,1300.0,2-Car,Non-incapacitating,FAILURE TO YIELD RIGHT OF WAY,39.10115235,-86.5791
8,6,1700.0,2-Car,Non-incapacitating,OTHER (DRIVER) - EXPLAIN IN NARRATIVE,39.09984,-86.5176
8,1,1300.0,2-Car,Non-incapacitating,FAILURE TO YIELD RIGHT OF WAY,39.09984,-86.5176
1,5,2300.0,2-Car,No injury/unknown,ROADWAY SURFACE CONDITION,39.09984,-86.5176
1,3,1300.0,2-Car,No injury/unknown,FOLLOWING TOO CLOSELY,39.09984,-86.5176
1,7,1500.0,2-Car,Non-incapacitating,FOLLOWING TOO CLOSELY,39.09984,-86.5176
9,6,500.0,1-Car,No injury/unknown,ANIMAL/OBJECT IN ROADWAY,39.09969932,-86.6514655
7,4,1700.0,3+ Cars,No injury/unknown,FOLLOWING TOO CLOSELY,39.09958985,-86.6515724
6,4,1500.0,2-Car,No injury/unknown,DRIVER DISTRACTED - EXPLAIN IN NARRATIVE,39.099408,-86.537904
11,1,900.0,1-Car,No injury/unknown,RAN OFF ROAD RIGHT,39.09918935,-86.423097
9,3,800.0,2-Car,No injury/unknown,OTHER (DRIVER) - EXPLAIN IN NARRATIVE,39.099152,-86.652
3,2,1800.0,2-Car,No injury/unknown,OTHER (DRIVER) - EXPLAIN IN NARRATIVE,39.09908615,-86.65202497
7,2,800.0,1-Car,No injury/unknown,DRIVER ASLEEP OR FATIGUED,39.09791751,-86.65503926
10,5,1500.0,1-Car,No injury/unknown,RAN OFF ROAD RIGHT,39.09749891,-86.4238208
7,3,1400.0,2-Car,No injury/unknown,SPEED TOO FAST FOR WEATHER CONDITIONS,39.09735344,-86.42061666
10,6,2100.0,2-Car,No injury/unknown,DRIVER ASLEEP OR FATIGUED,39.097024,-86.512464
1,6,700.0,1-Car,No injury/unknown,ANIMAL/OBJECT IN ROADWAY,39.09648263,-86.63837823
1,6,300.0,2-Car,No injury/unknown,UNSAFE BACKING,39.095702,-86.503098
12,1,2200.0,1-Car,Non-incapacitating,ROADWAY SURFACE CONDITION,39.09538444,-86.63838845
4,3,1100.0,2-Car,No injury/unknown,FAILURE TO YIELD RIGHT OF WAY,39.09520721,-86.531399
6,7,2300.0,Moped/Motorcycle,Incapacitating,UNSAFE SPEED,39.09464,-86.516896
10,2,700.0,2-Car,No injury/unknown,OTHER (DRIVER) - EXPLAIN IN NARRATIVE,39.0946,-86.543198
11,6,1500.0,Moped/Motorcycle,No injury/unknown,UNSAFE BACKING,39.09434168,-86.552299
12,5,1900.0,2-Car,No injury/unknown,FOLLOWING TOO CLOSELY,39.09386993,-86.498814
5,4,1000.0,1-Car,Non-incapacitating,RAN OFF ROAD RIGHT,39.093744,-86.638304
6,7,1300.0,3+ Cars,Non-incapacitating,FAILURE TO YIELD RIGHT OF WAY,39.092976,-86.545648
7,1,700.0,1-Car,Non-incapacitating,LEFT OF CENTER,39.092976,-86.545648
9,4,1500.0,2-Car,No injury/unknown,FAILURE TO YIELD RIGHT OF WAY,39.092976,-86.545648
1,7,900.0,3+ Cars,Non-incapacitating,RAN OFF ROAD RIGHT,39.092976,-86.545648
5,6,800.0,2-Car,Non-incapacitating,FAILURE TO YIELD RIGHT OF WAY,39.092976,-86.545648
2,5,1800.0,2-Car,Non-incapacitating,FAILURE TO YIELD RIGHT OF WAY,39.092976,-86.545648
11,4,1500.0,2-Car,Non-incapacitating,DRIVER DISTRACTED - EXPLAIN IN NARRATIVE,39.092944,-86.544
4,7,1100.0,2-Car,Non-incapacitating,,39.09292581,-86.54606463
2,1,0.0,1-Car,Non-incapacitating,SPEED TOO FAST FOR WEATHER CONDITIONS,39.09270658,-86.52270529
6,4,1100.0,2-Car,No injury/unknown,BRAKE FAILURE OR DEFECTIVE,39.09259036,-86.56996
5,6,1300.0,2-Car,No injury/unknown,UNSAFE BACKING,39.092544,-86.515392
6,1,900.0,2-Car,Non-incapacitating,FAILURE TO YIELD RIGHT OF WAY,39.092112,-86.422832
5,4,1500.0,2-Car,Non-incapacitating,FAILURE TO YIELD RIGHT OF WAY,39.092112,-86.422832
7,5,2000.0,Moped/Motorcycle,No injury/unknown,ANIMAL/OBJECT IN ROADWAY,39.09188164,-86.54552923
6,5,1500.0,2-Car,Non-incapacitating,OTHER (DRIVER) - EXPLAIN IN NARRATIVE,39.09178589,-86.54551884
7,1,100.0,1-Car,No injury/unknown,ANIMAL/OBJECT IN ROADWAY,39.09160805,-86.54549954
10,1,1900.0,1-Car,No injury/unknown,ALCOHOLIC BEVERAGES,39.09106088,-86.54544015
3,4,1400.0,2-Car,No injury/unknown,FOLLOWING TOO CLOSELY,39.09040332,-86.66552868
11,2,1600.0,2-Car,Non-incapacitating,ROADWAY SURFACE CONDITION,39.09024011,-86.54535108
12,4,700.0,2-Car,No injury/unknown,SPEED TOO FAST FOR WEATHER CONDITIONS,39.08984,-86.666304
10,4,1700.0,1-Car,No injury/unknown,RAN OFF ROAD RIGHT,39.08909546,-86.65984894
11,6,2300.0,2-Car,No injury/unknown,LEFT OF CENTER,39.08781988,-86.66955514
10,5,1500.0,2-Car,No injury/unknown,FOLLOWING TOO CLOSELY,39.08700815,-86.67100828
3,6,300.0,1-Car,Non-incapacitating,OVERCORRECTING/OVERSTEERING,39.08688964,-86.67122119
3,5,2300.0,1-Car,Incapacitating,ALCOHOLIC BEVERAGES,39.086848,-86.671296
12,3,1900.0,1-Car,Non-incapacitating,ALCOHOLIC BEVERAGES,39.08684635,-86.67136681
3,6,2300.0,3+ Cars,Incapacitating,LEFT OF CENTER,39.086832,-86.671984
4,1,1700.0,1-Car,Non-incapacitating,RAN OFF ROAD RIGHT,39.085804,-86.56621531
6,7,1600.0,2-Car,No injury/unknown,FAILURE TO YIELD RIGHT OF WAY,39.085632,-86.542304
2,5,1500.0,1-Car,Non-incapacitating,,39.08472,-86.420688
2,1,1900.0,1-Car,Non-incapacitating,,39.08472,-86.420688
10,2,1800.0,1-Car,Non-incapacitating,OTHER (DRIVER) - EXPLAIN IN NARRATIVE,39.08458539,-86.42065323
2,5,600.0,1-Car,No injury/unknown,RAN OFF ROAD RIGHT,39.08414997,-86.63666586
7,2,1600.0,2-Car,No injury/unknown,SPEED TOO FAST FOR WEATHER CONDITIONS,39.08384,-86.540768
7,6,1500.0,1-Car,Non-incapacitating,DRIVER ASLEEP OR FATIGUED,39.08384,-86.540768
10,6,0.0,1-Car,No injury/unknown,SPEED TOO FAST FOR WEATHER CONDITIONS,39.08384,-86.540768
4,1,2100.0,1-Car,No injury/unknown,RAN OFF ROAD RIGHT,39.08279131,-86.59003877
4,7,0.0,1-Car,No injury/unknown,SPEED TOO FAST FOR WEATHER CONDITIONS,39.082144,-86.515488
7,3,1000.0,1-Car,No injury/unknown,SPEED TOO FAST FOR WEATHER CONDITIONS,39.08140999,-86.51521814
2,4,2000.0,2-Car,Non-incapacitating,ROADWAY SURFACE CONDITION,39.080448,-86.514416
2,5,600.0,3+ Cars,Non-incapacitating,ROADWAY SURFACE CONDITION,39.080448,-86.514416
1,7,900.0,1-Car,No injury/unknown,ROADWAY SURFACE CONDITION,39.080448,-86.514416
1,7,1600.0,2-Car,Non-incapacitating,ILLEGAL DRUGS,39.080448,-86.514416