Month,Day,Hour,Collision Type,Injury Type,Primary Factor,Latitude,Longitude
8,2,1500.0,2-Car,Non-incapacitating,DRIVER DISTRACTED - EXPLAIN IN NARRATIVE,39.07912751,-86.5129218
1,4,1000.0,2-Car,No injury/unknown,,39.07895874,-86.59595033
1,4,0.0,1-Car,No injury/unknown,ANIMAL/OBJECT IN ROADWAY,39.078601,-86.56898258
5,7,200.0,2-Car,No injury/unknown,FOLLOWING TOO CLOSELY,39.07844982,-86.41744777
12,7,700.0,2-Car,No injury/unknown,FOLLOWING TOO CLOSELY,39.078347,-86.6664
4,2,800.0,2-Car,No injury/unknown,UNSAFE BACKING,39.078304,-86.467904
7,3,1300.0,1-Car,No injury/unknown,ROADWAY SURFACE CONDITION,39.07802376,-86.516094
9,7,1500.0,2-Car,Non-incapacitating,FOLLOWING TOO CLOSELY,39.07704,-86.53616
6,7,1400.0,2-Car,Non-incapacitating,DISREGARD SIGNAL/REG SIGN,39.074001,-86.505296
1,7,200.0,2-Car,No injury/unknown,OTHER (DRIVER) - EXPLAIN IN NARRATIVE,39.07208039,-86.552798
1,6,1200.0,2-Car,Non-incapacitating,IMPROPER PASSING,39.071344,-86.5252
9,5,2000.0,1-Car,Non-incapacitating,ALCOHOLIC BEVERAGES,39.07132183,-86.562999
1,6,800.0,1-Car,No injury/unknown,SPEED TOO FAST FOR WEATHER CONDITIONS,39.071248,-86.544192
5,6,1700.0,1-Car,Non-incapacitating,RAN OFF ROAD RIGHT,39.07123188,-86.50310082
4,5,1700.0,2-Car,Non-incapacitating,FOLLOWING TOO CLOSELY,39.071184,-86.55
6,1,1600.0,2-Car,Non-incapacitating,FAILURE TO YIELD RIGHT OF WAY,39.071152,-86.503088
10,1,1800.0,2-Car,No injury/unknown,UNSAFE BACKING,39.07114734,-86.50335354
8,4,800.0,2-Car,No injury/unknown,FOLLOWING TOO CLOSELY,39.071136,-86.505312
8,2,1700.0,1-Car,Non-incapacitating,RAN OFF ROAD RIGHT,39.0711,-86.509299
9,1,900.0,2-Car,Non-incapacitating,FAILURE TO YIELD RIGHT OF WAY,39.071056,-86.5356
6,1,1000.0,2-Car,Non-incapacitating,FAILURE TO YIELD RIGHT OF WAY,39.071056,-86.5356
10,5,500.0,1-Car,Non-incapacitating,ANIMAL/OBJECT IN ROADWAY,39.071056,-86.5356
1,4,1400.0,2-Car,Non-incapacitating,FAILURE TO YIELD RIGHT OF WAY,39.071056,-86.5356
12,6,1300.0,2-Car,No injury/unknown,FAILURE TO YIELD RIGHT OF WAY,39.07093943,-86.53609256
9,6,600.0,1-Car,Incapacitating,RAN OFF ROAD RIGHT,39.070904,-86.536399
7,2,1300.0,2-Car,No injury/unknown,FOLLOWING TOO CLOSELY,39.070256,-86.503232
10,7,1800.0,1-Car,Non-incapacitating,RAN OFF ROAD RIGHT,39.070048,-86.561392
10,4,400.0,1-Car,Non-incapacitating,RAN OFF ROAD RIGHT,39.070048,-86.561392
4,3,600.0,1-Car,No injury/unknown,SPEED TOO FAST FOR WEATHER CONDITIONS,39.070048,-86.561392
2,2,1900.0,1-Car,Non-incapacitating,ROADWAY SURFACE CONDITION,39.06868498,-86.531395
8,5,200.0,1-Car,No injury/unknown,RAN OFF ROAD RIGHT,39.068496,-86.50312
9,2,1900.0,1-Car,No injury/unknown,OTHER (VEHICLE) - EXPLAIN IN NARRATIVE,39.06693786,-86.53565263
11,7,2200.0,2-Car,No injury/unknown,OTHER (DRIVER) - EXPLAIN IN NARRATIVE,39.06397605,-86.54571759
6,5,1600.0,Bus,No injury/unknown,UNSAFE SPEED,39.063136,-86.579472
9,2,700.0,1-Car,No injury/unknown,ROADWAY SURFACE CONDITION,39.06179429,-86.546498
10,2,1800.0,1-Car,Non-incapacitating,UNSAFE SPEED,39.06154172,-86.61694462
6,3,1800.0,2-Car,No injury/unknown,UNSAFE BACKING,39.061184,-86.414416
7,6,1200.0,2-Car,Fatal,OTHER (ENVIRONMENTAL) - EXPLAIN IN NARR,39.060416,-86.541208
6,4,2100.0,2-Car,Non-incapacitating,ALCOHOLIC BEVERAGES,39.06032784,-86.53573786
5,6,700.0,2-Car,No injury/unknown,OTHER (DRIVER) - EXPLAIN IN NARRATIVE,39.05983392,-86.60378843
1,2,1900.0,1-Car,Non-incapacitating,RAN OFF ROAD RIGHT,39.05958453,-86.41590855
8,5,1100.0,1-Car,No injury/unknown,DRIVER ILLNESS,39.05711214,-86.40951472
3,5,1900.0,1-Car,No injury/unknown,ANIMAL/OBJECT IN ROADWAY,39.056992,-86.498432
10,7,2100.0,1-Car,No injury/unknown,RAN OFF ROAD RIGHT,39.056848,-86.507776
8,2,700.0,1-Car,No injury/unknown,UNSAFE SPEED,39.0561284,-86.42243138
7,1,600.0,1-Car,Non-incapacitating,RAN OFF ROAD RIGHT,39.055584,-86.408752
12,3,1400.0,2-Car,Non-incapacitating,ALCOHOLIC BEVERAGES,39.053744,-86.606304
6,1,1700.0,1-Car,Non-incapacitating,SPEED TOO FAST FOR WEATHER CONDITIONS,39.05220142,-86.53585038
8,6,700.0,1-Car,No injury/unknown,SPEED TOO FAST FOR WEATHER CONDITIONS,39.05159513,-86.40869589
1,1,1100.0,2-Car,No injury/unknown,IMPROPER LANE USAGE,39.0498,-86.507899
9,2,2000.0,1-Car,No injury/unknown,SPEED TOO FAST FOR WEATHER CONDITIONS,39.0498,-86.507899
1,1,2000.0,1-Car,No injury/unknown,ANIMAL/OBJECT IN ROADWAY,39.049456,-86.535888
2,3,100.0,1-Car,Fatal,RAN OFF ROAD RIGHT,39.0489069,-86.53588389
12,1,300.0,1-Car,No injury/unknown,OTHER (DRIVER) - EXPLAIN IN NARRATIVE,39.04808324,-86.53587772
10,2,2200.0,1-Car,No injury/unknown,UNSAFE SPEED,39.04807806,-86.51122424
11,7,700.0,1-Car,No injury/unknown,ROADWAY SURFACE CONDITION,39.04534291,-86.531198
6,2,1900.0,1-Car,Non-incapacitating,RAN OFF ROAD RIGHT,39.04419542,-86.66615484
7,2,500.0,1-Car,Non-incapacitating,RAN OFF ROAD RIGHT,39.04396496,-86.53584425
12,4,400.0,1-Car,No injury/unknown,ANIMAL/OBJECT IN ROADWAY,39.04396496,-86.53584425
12,4,800.0,2-Car,No injury/unknown,WRONG WAY ON ONE WAY,39.04259221,-86.53583102
11,1,2000.0,1-Car,Non-incapacitating,UNSAFE SPEED,39.036048,-86.613392
6,7,500.0,1-Car,No injury/unknown,ANIMAL/OBJECT IN ROADWAY,39.0357453,-86.53539456
1,4,1600.0,1-Car,No injury/unknown,OVERCORRECTING/OVERSTEERING,39.034112,-86.408208
8,7,1300.0,1-Car,Non-incapacitating,RAN OFF ROAD RIGHT,39.033799,-86.50958535
7,7,1000.0,2-Car,No injury/unknown,UNSAFE BACKING,39.0325,-86.490099
9,5,2300.0,1-Car,No injury/unknown,,39.0323,-86.498126
3,5,1900.0,1-Car,Non-incapacitating,RAN OFF ROAD RIGHT,39.0323,-86.4982125
5,2,2200.0,1-Car,Non-incapacitating,ALCOHOLIC BEVERAGES,39.032187,-86.49462
5,6,2200.0,1-Car,No injury/unknown,SPEED TOO FAST FOR WEATHER CONDITIONS,39.031479,-86.40764714
7,5,800.0,1-Car,No injury/unknown,RAN OFF ROAD RIGHT,39.030752,-86.660672
10,5,1500.0,1-Car,No injury/unknown,UNSAFE SPEED,39.03014077,-86.40774746
4,3,1200.0,2-Car,No injury/unknown,UNSAFE BACKING,39.02928264,-86.569953
10,2,1700.0,1-Car,Non-incapacitating,RAN OFF ROAD RIGHT,39.02367726,-86.54219875
8,6,1200.0,Moped/Motorcycle,Non-incapacitating,UNSAFE SPEED,39.023472,-86.405296
5,7,1000.0,Moped/Motorcycle,No injury/unknown,FOLLOWING TOO CLOSELY,39.023472,-86.405296
6,6,1700.0,1-Car,Non-incapacitating,DRIVER DISTRACTED - EXPLAIN IN NARRATIVE,39.02275247,-86.53550956
6,7,1400.0,1-Car,No injury/unknown,UNSAFE SPEED,39.01759883,-86.41808382
9,5,1700.0,1-Car,Non-incapacitating,,39.01562898,-86.50310274
12,1,300.0,1-Car,No injury/unknown,SPEED TOO FAST FOR WEATHER CONDITIONS,39.01519719,-86.39840581
10,7,200.0,1-Car,No injury/unknown,ANIMAL/OBJECT IN ROADWAY,39.0146288,-86.537088
12,2,1500.0,2-Car,No injury/unknown,UNSAFE BACKING,39.014352,-86.537088
9,6,1800.0,Moped/Motorcycle,Non-incapacitating,FAILURE TO YIELD RIGHT OF WAY,39.01196581,-86.54958507
8,4,1100.0,1-Car,No injury/unknown,UNSAFE BACKING,39.009344,-86.510096
1,3,1900.0,2-Car,Non-incapacitating,RAN OFF ROAD RIGHT,39.009344,-86.510096
8,7,1300.0,1-Car,No injury/unknown,RAN OFF ROAD RIGHT,39.00871055,-86.56604436
10,3,1200.0,1-Car,No injury/unknown,ANIMAL/OBJECT IN ROADWAY,39.00805707,-86.50697051
3,6,900.0,2-Car,No injury/unknown,UNSAFE SPEED,39.007376,-86.650944
12,7,1900.0,1-Car,No injury/unknown,ANIMAL/OBJECT IN ROADWAY,39.00707362,-86.5609886
11,4,1300.0,2-Car,No injury/unknown,DISREGARD SIGNAL/REG SIGN,39.002752,-86.59
11,3,1000.0,1-Car,No injury/unknown,ANIMAL/OBJECT IN ROADWAY,38.99919721,-86.37565025
11,6,1800.0,1-Car,No injury/unknown,ANIMAL/OBJECT IN ROADWAY,38.99833645,-86.50606349
2,5,0.0,1-Car,Non-incapacitating,SPEED TOO FAST FOR WEATHER CONDITIONS,39.33653673,-86.6242
2,4,1400.0,2-Car,No injury/unknown,FOLLOWING TOO CLOSELY,39.335152,-86.607008
5,7,1100.0,2-Car,Incapacitating,DISREGARD SIGNAL/REG SIGN,39.335152,-86.607008
7,5,1500.0,2-Car,Non-incapacitating,FAILURE TO YIELD RIGHT OF WAY,39.335152,-86.607008
5,6,1200.0,2-Car,No injury/unknown,OVERCORRECTING/OVERSTEERING,39.335152,-86.607008
12,5,1900.0,2-Car,No injury/unknown,UNSAFE BACKING,39.335152,-86.607008
6,5,400.0,1-Car,No injury/unknown,TRAFFIC CONTROL INOPERATIVE/MISSING/OBSC,39.33448745,-86.51231241
11,1,1800.0,1-Car,Non-incapacitating,ANIMAL/OBJECT IN ROADWAY,39.32331229,-86.51238497
5,1,100.0,1-Car,Non-incapacitating,DRIVER ASLEEP OR FATIGUED,39.32310326,-86.526499
1,5,2100.0,1-Car,No injury/unknown,ANIMAL/OBJECT IN ROADWAY,39.32229338,-86.51171092
12,4,700.0,Pedestrian,Non-incapacitating,ANIMAL/OBJECT IN ROADWAY,39.32100096,-86.51111203
1,7,700.0,2-Car,Non-incapacitating,DRIVER ASLEEP OR FATIGUED,39.31464197,-86.51702267
4,6,700.0,1-Car,No injury/unknown,OTHER (DRIVER) - EXPLAIN IN NARRATIVE,39.3129574,-86.51203488
8,3,1100.0,2-Car,No injury/unknown,LEFT OF CENTER,39.31064,-86.668096
6,5,2300.0,2-Car,No injury/unknown,,39.30874305,-86.514917
1,6,1400.0,1-Car,Non-incapacitating,DRIVER DISTRACTED - EXPLAIN IN NARRATIVE,39.30651909,-86.51481399
4,7,1200.0,1-Car,No injury/unknown,BRAKE FAILURE OR DEFECTIVE,39.302656,-86.652448
8,6,1600.0,1-Car,Non-incapacitating,RAN OFF ROAD RIGHT,39.302399,-86.5187807
3,7,1800.0,1-Car,Non-incapacitating,UNSAFE SPEED,39.302399,-86.51866095
11,4,1700.0,2-Car,Incapacitating,SPEED TOO FAST FOR WEATHER CONDITIONS,39.301999,-86.53689784
1,2,800.0,1-Car,No injury/unknown,SPEED TOO FAST FOR WEATHER CONDITIONS,39.29519663,-86.54890593
11,1,1300.0,2-Car,Non-incapacitating,IMPROPER PASSING,39.2922969,-86.516399
3,6,1400.0,2-Car,No injury/unknown,IMPROPER PASSING,39.291312,-86.626128
10,1,1500.0,2-Car,Non-incapacitating,IMPROPER PASSING,39.28909888,-86.51841986
3,1,1200.0,2-Car,No injury/unknown,FAILURE TO YIELD RIGHT OF WAY,39.28844,-86.518728
6,6,2200.0,1-Car,No injury/unknown,OTHER (VEHICLE) - EXPLAIN IN NARRATIVE,39.28844,-86.518728
11,4,1300.0,1-Car,Non-incapacitating,RAN OFF ROAD RIGHT,39.287808,-86.519024
3,3,1700.0,2-Car,No injury/unknown,UNSAFE SPEED,39.28297844,-86.512494
5,6,1600.0,2-Car,No injury/unknown,IMPROPER PASSING,39.281744,-86.662992
2,6,800.0,1-Car,No injury/unknown,OTHER (ENVIRONMENTAL) - EXPLAIN IN NARR,39.28130129,-86.68311888
12,6,1400.0,1-Car,No injury/unknown,OVERCORRECTING/OVERSTEERING,39.28085855,-86.68143779
12,4,0.0,1-Car,No injury/unknown,OTHER (DRIVER) - EXPLAIN IN NARRATIVE,39.280496,-86.522864
1,3,700.0,1-Car,No injury/unknown,SPEED TOO FAST FOR WEATHER CONDITIONS,39.27762602,-86.66293781
2,1,1500.0,2-Car,No injury/unknown,OTHER (DRIVER) - EXPLAIN IN NARRATIVE,39.274624,-86.551072
11,6,1400.0,2-Car,No injury/unknown,FOLLOWING TOO CLOSELY,39.274624,-86.551072
2,4,900.0,1-Car,No injury/unknown,ROADWAY SURFACE CONDITION,39.27231391,-86.4095797
5,7,1000.0,1-Car,No injury/unknown,RAN OFF ROAD RIGHT,39.27079951,-86.528899
12,1,1300.0,1-Car,No injury/unknown,ROADWAY SURFACE CONDITION,39.26975998,-86.39059105
2,4,1700.0,Moped/Motorcycle,Non-incapacitating,FOLLOWING TOO CLOSELY,39.26891991,-86.52287428
11,3,2000.0,2-Car,Non-incapacitating,FOLLOWING TOO CLOSELY,39.26891991,-86.52287428
11,3,2000.0,2-Car,Non-incapacitating,LEFT OF CENTER,39.26891991,-86.52287428
3,4,1600.0,2-Car,Non-incapacitating,OVERCORRECTING/OVERSTEERING,39.26884742,-86.66789437
4,5,1200.0,2-Car,No injury/unknown,UNSAFE BACKING,39.2684,-86.645984
12,1,1000.0,2-Car,No injury/unknown,OTHER (DRIVER) - EXPLAIN IN NARRATIVE,39.26805146,-86.59262603
1,4,1100.0,3+ Cars,No injury/unknown,FOLLOWING TOO CLOSELY,39.26779716,-86.66675119
7,5,1200.0,1-Car,No injury/unknown,RAN OFF ROAD RIGHT,39.26687742,-86.66573814
10,6,1500.0,2-Car,No injury/unknown,OTHER (DRIVER) - EXPLAIN IN NARRATIVE,39.26675409,-86.6656023
3,6,1700.0,2-Car,No injury/unknown,OTHER (DRIVER) - EXPLAIN IN NARRATIVE,39.266752,-86.6656
12,4,1700.0,1-Car,No injury/unknown,OTHER (DRIVER) - EXPLAIN IN NARRATIVE,39.266752,-86.6656
2,2,1200.0,2-Car,Non-incapacitating,UNSAFE SPEED,39.266604,-86.61147795
8,1,1200.0,2-Car,Non-incapacitating,FAILURE TO YIELD RIGHT OF WAY,39.26616,-86.522752
6,3,1700.0,2-Car,Non-incapacitating,DISREGARD SIGNAL/REG SIGN,39.266,-86.501696
3,4,800.0,2-Car,Non-incapacitating,LEFT OF CENTER,39.266,-86.501696
4,4,1800.0,1-Car,No injury/unknown,RAN OFF ROAD RIGHT,39.26534369,-86.56943071
6,5,1800.0,1-Car,Non-incapacitating,RAN OFF ROAD RIGHT,39.26501043,-86.53890423
8,6,1800.0,1-Car,No injury/unknown,STEERING FAILURE,39.26418158,-86.51640645
11,2,1100.0,2-Car,Non-incapacitating,IMPROPER LANE USAGE,39.26366078,-86.52088856
10,5,900.0,2-Car,Non-incapacitating,FAILURE TO YIELD RIGHT OF WAY,39.263024,-86.52264
5,4,1400.0,3+ Cars,Non-incapacitating,DRIVER ASLEEP OR FATIGUED,39.263024,-86.52264
2,1,2000.0,2-Car,No injury/unknown,IMPROPER TURNING,39.263024,-86.52264
7,1,1300.0,2-Car,No injury/unknown,FOLLOWING TOO CLOSELY,39.263024,-86.52264
12,3,500.0,2-Car,Non-incapacitating,FAILURE TO YIELD RIGHT OF WAY,39.263024,-86.52264
8,3,1200.0,1-Car,No injury/unknown,RAN OFF ROAD RIGHT,39.263024,-86.52264
7,6,2200.0,2-Car,Non-incapacitating,FAILURE TO YIELD RIGHT OF WAY,39.263024,-86.52264
7,7,1100.0,2-Car,Non-incapacitating,LEFT OF CENTER,39.26284214,-86.51517078
12,2,800.0,2-Car,No injury/unknown,LEFT OF CENTER,39.261296,-86.583248
7,7,1300.0,1-Car,No injury/unknown,DRIVER ASLEEP OR FATIGUED,39.261099,-86.58314329
12,7,1600.0,2-Car,No injury/unknown,ROADWAY SURFACE CONDITION,39.26074768,-86.52277043
8,5,1900.0,2-Car,Non-incapacitating,OTHER (DRIVER) - EXPLAIN IN NARRATIVE,39.259744,-86.657504
12,4,1100.0,2-Car,No injury/unknown,DRIVER ASLEEP OR FATIGUED,39.259744,-86.657504
5,2,500.0,1-Car,No injury/unknown,ANIMAL/OBJECT IN ROADWAY,39.25958926,-86.65758113
10,6,1200.0,2-Car,No injury/unknown,FOLLOWING TOO CLOSELY,39.25954059,-86.583099
6,2,1000.0,2-Car,Non-incapacitating,DRIVER DISTRACTED - EXPLAIN IN NARRATIVE,39.25629571,-86.65580244
2,4,900.0,2-Car,Non-incapacitating,FAILURE TO YIELD RIGHT OF WAY,39.254128,-86.592464
11,1,1800.0,1-Car,No injury/unknown,ANIMAL/OBJECT IN ROADWAY,39.25407239,-86.54219875
9,7,700.0,1-Car,No injury/unknown,ANIMAL/OBJECT IN ROADWAY,39.252368,-86.635936
12,3,300.0,1-Car,No injury/unknown,,39.252336,-86.620512
12,2,1800.0,2-Car,No injury/unknown,IMPROPER PASSING,39.252336,-86.620512
3,7,300.0,1-Car,Non-incapacitating,RAN OFF ROAD RIGHT,39.251904,-86.592816
1,5,700.0,1-Car,Non-incapacitating,RAN OFF ROAD RIGHT,39.251536,-86.46392
10,3,600.0,2-Car,Non-incapacitating,OVERCORRECTING/OVERSTEERING,39.251536,-86.400816
1,3,1700.0,1-Car,No injury/unknown,ROADWAY SURFACE CONDITION,39.251536,-86.400816
12,1,500.0,1-Car,No injury/unknown,ROADWAY SURFACE CONDITION,39.251536,-86.400816
5,3,700.0,2-Car,No injury/unknown,FAILURE TO YIELD RIGHT OF WAY,39.2514,-86.39761654
5,5,2200.0,Moped/Motorcycle,No injury/unknown,OTHER (DRIVER) - EXPLAIN IN NARRATIVE,39.2512,-86.652504
4,7,1600.0,3+ Cars,Non-incapacitating,FOLLOWING TOO CLOSELY,39.2512,-86.652504
5,3,1200.0,2-Car,No injury/unknown,OTHER TELEMATICS IN USE,39.2512,-86.652504
8,5,2000.0,2-Car,Non-incapacitating,UNSAFE BACKING,39.2512,-86.652504
2,6,700.0,2-Car,Non-incapacitating,OTHER (DRIVER) - EXPLAIN IN NARRATIVE,39.2512,-86.652504
6,6,1300.0,2-Car,Non-incapacitating,OTHER (DRIVER) - EXPLAIN IN NARRATIVE,39.2512,-86.652504
8,4,1500.0,2-Car,Non-incapacitating,FAILURE TO YIELD RIGHT OF WAY,39.2512,-86.652504
6,7,2300.0,Moped/Motorcycle,Non-incapacitating,FOLLOWING TOO CLOSELY,39.2512,-86.652504
8,6,1500.0,2-Car,Non-incapacitating,IMPROPER TURNING,39.2512,-86.652504
12,5,1300.0,2-Car,Non-incapacitating,FAILURE TO YIELD RIGHT OF WAY,39.2512,-86.652504
12,2,1300.0,1-Car,No injury/unknown,OTHER (DRIVER) - EXPLAIN IN NARRATIVE,39.2512,-86.652504
8,7,2100.0,1-Car,Non-incapacitating,ROADWAY SURFACE CONDITION,39.25111463,-86.4769948
2,7,700.0,1-Car,Non-incapacitating,CELL PHONE USAGE,39.25108048,-86.47345097
5,4,1100.0,2-Car,Non-incapacitating,DISREGARD SIGNAL/REG SIGN,39.250688,-86.529744
1,4,1500.0,2-Car,No injury/unknown,FAILURE TO YIELD RIGHT OF WAY,39.250688,-86.529744
6,7,1200.0,2-Car,Non-incapacitating,DRIVER DISTRACTED - EXPLAIN IN NARRATIVE,39.25037408,-86.65157746
9,7,1300.0,1-Car,Non-incapacitating,DRIVER DISTRACTED - EXPLAIN IN NARRATIVE,39.25018336,-86.54781089
9,3,2200.0,1-Car,No injury/unknown,RAN OFF ROAD RIGHT,39.25012023,-86.513299
11,4,1900.0,1-Car,No injury/unknown,SPEED TOO FAST FOR WEATHER CONDITIONS,39.250048,-86.621664
11,1,2000.0,2-Car,No injury/unknown,,39.250048,-86.621664
10,6,2300.0,1-Car,No injury/unknown,UNSAFE SPEED,39.250048,-86.5928
6,7,1800.0,2-Car,No injury/unknown,LEFT OF CENTER,39.24968969,-86.504499
9,1,2200.0,1-Car,Non-incapacitating,ANIMAL/OBJECT IN ROADWAY,39.24809074,-86.42920012
11,3,700.0,2-Car,No injury/unknown,OTHER (DRIVER) - EXPLAIN IN NARRATIVE,39.24786629,-86.52845641
9,4,1600.0,2-Car,No injury/unknown,FAILURE TO YIELD RIGHT OF WAY,39.24666446,-86.53145486
9,3,1300.0,2-Car,No injury/unknown,IMPROPER PASSING,39.245952,-86.53119359
1,5,2000.0,2-Car,No injury/unknown,UNSAFE BACKING,39.24582199,-86.63866825
8,1,2000.0,2-Car,No injury/unknown,DRIVER DISTRACTED - EXPLAIN IN NARRATIVE,39.24579079,-86.63795935
2,7,1300.0,2-Car,Non-incapacitating,NONE (DRIVER),39.245744,-86.636896
8,2,1900.0,1-Car,Non-incapacitating,UNSAFE SPEED,39.24568299,-86.63652797
6,7,1700.0,2-Car,No injury/unknown,FAILURE TO YIELD RIGHT OF WAY,39.245408,-86.6204
3,7,800.0,2-Car,No injury/unknown,LEFT OF CENTER,39.24496308,-86.61154317
3,6,1900.0,1-Car,Non-incapacitating,RAN OFF ROAD RIGHT,39.24477458,-86.63493007
3,4,2000.0,1-Car,No injury/unknown,ANIMAL/OBJECT IN ROADWAY,39.24477458,-86.63493007
5,2,1700.0,1-Car,Non-incapacitating,UNSAFE SPEED,39.244752,-86.5928
1,7,1200.0,1-Car,Non-incapacitating,RAN OFF ROAD RIGHT,39.244752,-86.5928
6,4,300.0,1-Car,Non-incapacitating,RAN OFF ROAD RIGHT,39.244752,-86.5928
11,6,2300.0,1-Car,No injury/unknown,UNSAFE SPEED,39.24418036,-86.490199
10,7,2300.0,1-Car,Non-incapacitating,SPEED TOO FAST FOR WEATHER CONDITIONS,39.241136,-86.440416
11,2,1500.0,1-Car,No injury/unknown,IMPROPER TURNING,39.2404,-86.633594
7,7,2100.0,Moped/Motorcycle,Incapacitating,ALCOHOLIC BEVERAGES,39.24022818,-86.436288
6,7,1300.0,2-Car,No injury/unknown,FAILURE TO YIELD RIGHT OF WAY,39.24022512,-86.475499
1,4,900.0,2-Car,No injury/unknown,OTHER (DRIVER) - EXPLAIN IN NARRATIVE,39.238224,-86.538384
5,6,1300.0,1-Car,No injury/unknown,SPEED TOO FAST FOR WEATHER CONDITIONS,39.237744,-86.631904
3,5,1500.0,2-Car,Non-incapacitating,FOLLOWING TOO CLOSELY,39.237604,-86.603299
10,6,1000.0,2-Car,No injury/unknown,FAILURE TO YIELD RIGHT OF WAY,39.2376,-86.602398
10,3,1100.0,2-Car,Non-incapacitating,IMPROPER LANE USAGE,39.2373197,-86.62778755
8,6,1800.0,2-Car,Non-incapacitating,LEFT OF CENTER,39.2372,-86.53384027
4,5,2100.0,Bus,No injury/unknown,OVERCORRECTING/OVERSTEERING,39.2364,-86.631248
2,3,800.0,2-Car,No injury/unknown,FAILURE TO YIELD RIGHT OF WAY,39.236224,-86.630976
5,2,700.0,2-Car,Non-incapacitating,FAILURE TO YIELD RIGHT OF WAY,39.236224,-86.630976
12,3,2000.0,Moped/Motorcycle,Incapacitating,RAN OFF ROAD RIGHT,39.23619754,-86.62870482
11,7,2200.0,2-Car,Non-incapacitating,FAILURE TO YIELD RIGHT OF WAY,39.236096,-86.625168
6,7,1100.0,1-Car,No injury/unknown,SPEED TOO FAST FOR WEATHER CONDITIONS,39.23504693,-86.436288
11,6,900.0,2-Car,Non-incapacitating,IMPROPER TURNING,39.234768,-86.626384
2,7,1600.0,2-Car,No injury/unknown,IMPROPER TURNING,39.234768,-86.626384
3,6,800.0,2-Car,Non-incapacitating,DISREGARD SIGNAL/REG SIGN,39.234768,-86.626384
5,2,1100.0,2-Car,Non-incapacitating,UNSAFE BACKING,39.234768,-86.626384
6,5,900.0,2-Car,Non-incapacitating,IMPROPER TURNING,39.234768,-86.626384
9,1,2200.0,2-Car,Incapacitating,ALCOHOLIC BEVERAGES,39.234768,-86.626384
6,7,1300.0,2-Car,Non-incapacitating,IMPROPER TURNING,39.234768,-86.626384
7,1,1900.0,2-Car,Non-incapacitating,FAILURE TO YIELD RIGHT OF WAY,39.234392,-86.54
7,7,1200.0,2-Car,No injury/unknown,FOLLOWING TOO CLOSELY,39.23396448,-86.62502038
8,6,2200.0,2-Car,No injury/unknown,IMPROPER TURNING,39.23390224,-86.62486219
10,5,1600.0,1-Car,No injury/unknown,SPEED TOO FAST FOR WEATHER CONDITIONS,39.23388127,-86.436288
5,2,1800.0,2-Car,No injury/unknown,IMPROPER TURNING,39.23385552,-86.62474343
1,1,1600.0,2-Car,Non-incapacitating,IMPROPER TURNING,39.23384,-86.624704
11,5,0.0,2-Car,No injury/unknown,ROADWAY SURFACE CONDITION,39.23384,-86.624704
6,4,1800.0,2-Car,Non-incapacitating,DISREGARD SIGNAL/REG SIGN,39.23384,-86.624704
6,1,700.0,2-Car,Non-incapacitating,FAILURE TO YIELD RIGHT OF WAY,39.23384,-86.624704
7,3,1300.0,2-Car,Non-incapacitating,OTHER (DRIVER) - EXPLAIN IN NARRATIVE,39.23384,-86.624704
6,4,1100.0,2-Car,No injury/unknown,DISREGARD SIGNAL/REG SIGN,39.23384,-86.624704
6,4,1400.0,2-Car,No injury/unknown,FOLLOWING TOO CLOSELY,39.23384,-86.624704
10,7,1600.0,2-Car,Non-incapacitating,IMPROPER TURNING,39.23384,-86.624704
10,6,1300.0,2-Car,No injury/unknown,IMPROPER TURNING,39.23375772,-86.62479804
11,6,1600.0,2-Car,Non-incapacitating,IMPROPER TURNING,39.23372124,-86.62453179
4,7,1900.0,2-Car,Non-incapacitating,IMPROPER TURNING,39.23365728,-86.62443906
2,7,1200.0,2-Car,No injury/unknown,IMPROPER LANE USAGE,39.233603,-86.62447133
10,1,0.0,,No injury/unknown,,39.23342859,-86.62517418
9,7,2200.0,2-Car,Non-incapacitating,DISREGARD SIGNAL/REG SIGN,39.233344,-86.640064
12,2,1000.0,1-Car,No injury/unknown,OTHER (DRIVER) - EXPLAIN IN NARRATIVE,39.233168,-86.420464
1,6,1500.0,1-Car,No injury/unknown,SPEED TOO FAST FOR WEATHER CONDITIONS,39.233002,-86.626998
3,4,1500.0,2-Car,No injury/unknown,IMPROPER PASSING,39.23292473,-86.62528824
1,1,1300.0,1-Car,No injury/unknown,RAN OFF ROAD RIGHT,39.23288663,-86.54219875
4,5,500.0,2-Car,Non-incapacitating,DRIVER DISTRACTED - EXPLAIN IN NARRATIVE,39.232699,-86.61105169
8,3,2100.0,2-Car,No injury/unknown,OTHER (DRIVER) - EXPLAIN IN NARRATIVE,39.232544,-86.540704
2,4,1500.0,2-Car,No injury/unknown,OTHER (DRIVER) - EXPLAIN IN NARRATIVE,39.23248,-86.620256
11,6,2100.0,2-Car,Non-incapacitating,ALCOHOLIC BEVERAGES,39.23246061,-86.62023087
5,6,1900.0,1-Car,Non-incapacitating,FAILURE TO YIELD RIGHT OF WAY,39.232352,-86.621904
11,3,2200.0,1-Car,No injury/unknown,SPEED TOO FAST FOR WEATHER CONDITIONS,39.23205628,-86.43274978