Month,Day,Hour,Collision Type,Injury Type,Primary Factor,Latitude,Longitude
6,2,2000.0,2-Car,Non-incapacitating,IMPROPER TURNING,39.232048,-86.619696
10,1,1700.0,Moped/Motorcycle,Non-incapacitating,UNSAFE SPEED,39.231936,-86.506288
8,4,300.0,2-Car,No injury/unknown,RAN OFF ROAD RIGHT,39.23186378,-86.62703282
8,3,2100.0,2-Car,No injury/unknown,FAILURE TO YIELD RIGHT OF WAY,39.231536,-86.6588
5,6,1400.0,2-Car,Non-incapacitating,OTHER (DRIVER) - EXPLAIN IN NARRATIVE,39.231528,-86.63816
1,5,1700.0,1-Car,No injury/unknown,OTHER (DRIVER) - EXPLAIN IN NARRATIVE,39.23149327,-86.65882188
5,3,1600.0,2-Car,No injury/unknown,FAILURE TO YIELD RIGHT OF WAY,39.23144,-86.621296
10,2,1400.0,2-Car,No injury/unknown,IMPROPER LANE USAGE,39.23144,-86.621296
6,4,1900.0,2-Car,No injury/unknown,OTHER (DRIVER) - EXPLAIN IN NARRATIVE,39.231424,-86.622944
10,7,1600.0,1-Car,Non-incapacitating,RAN OFF ROAD RIGHT,39.23134333,-86.64008895
4,1,1900.0,1-Car,Non-incapacitating,ALCOHOLIC BEVERAGES,39.231312,-86.637488
2,4,2100.0,2-Car,No injury/unknown,UNSAFE BACKING,39.231232,-86.614624
5,6,1900.0,2-Car,Non-incapacitating,FOLLOWING TOO CLOSELY,39.231152,-86.6308
12,3,1000.0,2-Car,No injury/unknown,LEFT OF CENTER,39.2309,-86.606399
10,1,1600.0,Moped/Motorcycle,Non-incapacitating,LEFT OF CENTER,39.23084122,-86.4302342
7,3,1800.0,2-Car,Non-incapacitating,FAILURE TO YIELD RIGHT OF WAY,39.23083757,-86.42251334
7,5,100.0,2-Car,Non-incapacitating,OTHER (DRIVER) - EXPLAIN IN NARRATIVE,39.230752,-86.424096
2,2,2300.0,1-Car,No injury/unknown,ANIMAL/OBJECT IN ROADWAY,39.230752,-86.424096
11,4,1000.0,2-Car,No injury/unknown,,39.23070789,-86.62026647
4,5,1700.0,2-Car,No injury/unknown,FAILURE TO YIELD RIGHT OF WAY,39.23070486,-86.6202622
9,5,1600.0,2-Car,No injury/unknown,LEFT OF CENTER,39.230544,-86.42
8,2,0.0,2-Car,No injury/unknown,ALCOHOLIC BEVERAGES,39.23053623,-86.552798
11,7,1600.0,2-Car,Non-incapacitating,FAILURE TO YIELD RIGHT OF WAY,39.230096,-86.624528
6,5,1500.0,1-Car,No injury/unknown,DRIVER ASLEEP OR FATIGUED,39.22999162,-86.41635723
8,1,1400.0,2-Car,No injury/unknown,OTHER (DRIVER) - EXPLAIN IN NARRATIVE,39.229952,-86.636784
8,4,2000.0,1-Car,Non-incapacitating,UNSAFE SPEED,39.229952,-86.416096
8,5,100.0,2-Car,No injury/unknown,IMPROPER TURNING,39.229904,-86.619136
5,6,1700.0,2-Car,No injury/unknown,FAILURE TO YIELD RIGHT OF WAY,39.229424,-86.623584
5,1,1800.0,2-Car,No injury/unknown,UNSAFE SPEED,39.22911295,-86.61808032
4,5,500.0,1-Car,No injury/unknown,RAN OFF ROAD RIGHT,39.22823202,-86.562099
1,6,1500.0,2-Car,No injury/unknown,OTHER (DRIVER) - EXPLAIN IN NARRATIVE,39.22790822,-86.52838127
4,7,2300.0,1-Car,No injury/unknown,ALCOHOLIC BEVERAGES,39.227248,-86.6208
7,1,1400.0,1-Car,No injury/unknown,RAN OFF ROAD RIGHT,39.2271,-86.619795
10,4,1100.0,1-Car,No injury/unknown,RAN OFF ROAD RIGHT,39.2271,-86.619795
3,2,1600.0,2-Car,No injury/unknown,DRIVER DISTRACTED - EXPLAIN IN NARRATIVE,39.22681015,-86.43549274
11,5,700.0,2-Car,No injury/unknown,FAILURE TO YIELD RIGHT OF WAY,39.226352,-86.614192
2,3,800.0,2-Car,Non-incapacitating,UNSAFE SPEED,39.2248662,-86.54745891
10,2,1500.0,1-Car,Non-incapacitating,DRIVER ILLNESS,39.22346462,-86.59271426
10,1,2000.0,1-Car,Non-incapacitating,RAN OFF ROAD RIGHT,39.22304,-86.569696
3,1,2200.0,2-Car,No injury/unknown,UNSAFE BACKING,39.222752,-86.550096
5,5,700.0,2-Car,No injury/unknown,FOLLOWING TOO CLOSELY,39.222752,-86.550096
10,4,1400.0,2-Car,No injury/unknown,FOLLOWING TOO CLOSELY,39.222752,-86.550096
12,5,1800.0,2-Car,No injury/unknown,FAILURE TO YIELD RIGHT OF WAY,39.222752,-86.550096
10,6,1200.0,2-Car,Non-incapacitating,FAILURE TO YIELD RIGHT OF WAY,39.222704,-86.576
7,7,1200.0,2-Car,Non-incapacitating,FAILURE TO YIELD RIGHT OF WAY,39.22152923,-86.60624128
3,6,2100.0,2-Car,Non-incapacitating,FAILURE TO YIELD RIGHT OF WAY,39.22148436,-86.606165
5,4,1300.0,2-Car,Non-incapacitating,DRIVER DISTRACTED - EXPLAIN IN NARRATIVE,39.22146105,-86.62513173
12,7,1300.0,2-Car,No injury/unknown,FAILURE TO YIELD RIGHT OF WAY,39.22131818,-86.6058825
5,4,1700.0,3+ Cars,Non-incapacitating,FAILURE TO YIELD RIGHT OF WAY,39.221248,-86.55
11,6,800.0,Bus,Non-incapacitating,OTHER (DRIVER) - EXPLAIN IN NARRATIVE,39.22117372,-86.60559576
5,3,600.0,2-Car,Non-incapacitating,IMPROPER TURNING,39.221152,-86.6056
8,7,2200.0,2-Car,No injury/unknown,IMPROPER TURNING,39.221152,-86.6056
7,6,600.0,Moped/Motorcycle,Incapacitating,FAILURE TO YIELD RIGHT OF WAY,39.22086992,-86.60521214
7,7,100.0,1-Car,No injury/unknown,UNSAFE SPEED,39.22080716,-86.61217784
9,6,2200.0,1-Car,No injury/unknown,ANIMAL/OBJECT IN ROADWAY,39.22076075,-86.55032725
8,5,700.0,2-Car,Non-incapacitating,FAILURE TO YIELD RIGHT OF WAY,39.22020846,-86.63044937
12,2,900.0,2-Car,Non-incapacitating,ANIMAL/OBJECT IN ROADWAY,39.2195163,-86.44424012
11,7,1300.0,2-Car,Incapacitating,IMPROPER PASSING,39.21950328,-86.60293591
4,7,800.0,2-Car,Non-incapacitating,UNSAFE SPEED,39.21904,-86.472896
2,7,900.0,2-Car,Non-incapacitating,ROADWAY SURFACE CONDITION,39.218848,-86.593104
3,6,900.0,1-Car,Non-incapacitating,SEVERE CROSSWINDS,39.21861795,-86.45332128
9,1,2000.0,1-Car,No injury/unknown,OTHER (VEHICLE) - EXPLAIN IN NARRATIVE,39.21861795,-86.45332128
7,6,1000.0,2-Car,No injury/unknown,FAILURE TO YIELD RIGHT OF WAY,39.217248,-86.598992
1,6,1100.0,2-Car,No injury/unknown,UNSAFE BACKING,39.21704,-86.59432
11,6,1500.0,2-Car,No injury/unknown,FOLLOWING TOO CLOSELY,39.21691419,-86.59802243
11,2,600.0,1-Car,No injury/unknown,OTHER (DRIVER) - EXPLAIN IN NARRATIVE,39.21669347,-86.59737254
12,1,1900.0,3+ Cars,No injury/unknown,FOLLOWING TOO CLOSELY,39.21655309,-86.5928
9,1,1200.0,Moped/Motorcycle,Incapacitating,OTHER (DRIVER) - EXPLAIN IN NARRATIVE,39.216504,-86.634401
11,5,600.0,2-Car,Non-incapacitating,FAILURE TO YIELD RIGHT OF WAY,39.216504,-86.634401
5,6,800.0,1-Car,No injury/unknown,ROADWAY SURFACE CONDITION,39.2163891,-86.5928
7,4,1900.0,2-Car,Non-incapacitating,FAILURE TO YIELD RIGHT OF WAY,39.21580562,-86.59475438
12,5,1300.0,Moped/Motorcycle,No injury/unknown,FAILURE TO YIELD RIGHT OF WAY,39.21558871,-86.59410239
6,4,1700.0,Moped/Motorcycle,No injury/unknown,FAILURE TO YIELD RIGHT OF WAY,39.21548175,-86.59377556
11,4,1400.0,1-Car,Non-incapacitating,SPEED TOO FAST FOR WEATHER CONDITIONS,39.21544,-86.54208144
1,3,700.0,2-Car,Non-incapacitating,ROADWAY SURFACE CONDITION,39.21544,-86.547504
5,6,1000.0,2-Car,No injury/unknown,UNSAFE BACKING,39.21544,-86.54041519
11,3,700.0,2-Car,No injury/unknown,FAILURE TO YIELD RIGHT OF WAY,39.21544,-86.547504
5,4,700.0,1-Car,No injury/unknown,RAN OFF ROAD RIGHT,39.215328,-86.519584
3,2,,1-Car,Non-incapacitating,OTHER (DRIVER) - EXPLAIN IN NARRATIVE,39.215312,-86.517776
3,1,2100.0,1-Car,No injury/unknown,ANIMAL/OBJECT IN ROADWAY,39.21522862,-86.51448007
10,2,700.0,2-Car,No injury/unknown,IMPROPER LANE USAGE,39.215152,-86.5928
6,5,900.0,2-Car,No injury/unknown,DRIVER DISTRACTED - EXPLAIN IN NARRATIVE,39.215152,-86.5928
7,5,500.0,2-Car,No injury/unknown,BRAKE FAILURE OR DEFECTIVE,39.215152,-86.6
10,6,1600.0,2-Car,No injury/unknown,FAILURE TO YIELD RIGHT OF WAY,39.215152,-86.5928
10,1,1800.0,2-Car,Non-incapacitating,DISREGARD SIGNAL/REG SIGN,39.215152,-86.5928
7,2,1600.0,2-Car,No injury/unknown,DISREGARD SIGNAL/REG SIGN,39.215152,-86.5928
7,6,2200.0,2-Car,No injury/unknown,PASSENGER DISTRACTION,39.215152,-86.5928
2,5,1100.0,2-Car,No injury/unknown,UNSAFE BACKING,39.21486755,-86.59241512
11,7,1600.0,2-Car,Non-incapacitating,IMPROPER TURNING,39.21486755,-86.59241512
9,6,2300.0,1-Car,No injury/unknown,ANIMAL/OBJECT IN ROADWAY,39.214752,-86.468
7,6,2100.0,2-Car,No injury/unknown,FOLLOWING TOO CLOSELY,39.214144,-86.6012
1,7,300.0,1-Car,Non-incapacitating,DRIVER ILLNESS,39.212944,-86.486896
10,7,2100.0,1-Car,Non-incapacitating,UNSAFE SPEED,39.21289309,-86.48968582
8,7,1000.0,2-Car,No injury/unknown,OTHER (DRIVER) - EXPLAIN IN NARRATIVE,39.212848,-86.505392
2,3,1000.0,1-Car,No injury/unknown,RAN OFF ROAD RIGHT,39.21283126,-86.49185896
11,3,1000.0,2-Car,No injury/unknown,OTHER (DRIVER) - EXPLAIN IN NARRATIVE,39.212528,-86.496128
7,2,200.0,1-Car,No injury/unknown,SPEED TOO FAST FOR WEATHER CONDITIONS,39.21243346,-86.50370055
3,3,1800.0,2-Car,No injury/unknown,LEFT OF CENTER,39.212048,-86.5872
3,2,2200.0,2-Car,Non-incapacitating,FAILURE TO YIELD RIGHT OF WAY,39.212048,-86.5872
11,1,1600.0,2-Car,No injury/unknown,FAILURE TO YIELD RIGHT OF WAY,39.212048,-86.5872
12,2,1700.0,2-Car,Non-incapacitating,ILLEGAL DRUGS,39.212048,-86.5872
9,5,1800.0,1-Car,Non-incapacitating,RAN OFF ROAD RIGHT,39.21187436,-86.49592422
2,2,900.0,2-Car,No injury/unknown,LEFT OF CENTER,39.211808,-86.498928
10,7,2100.0,2-Car,Non-incapacitating,DISREGARD SIGNAL/REG SIGN,39.211744,-86.572656
12,3,1100.0,2-Car,No injury/unknown,FAILURE TO YIELD RIGHT OF WAY,39.21047499,-86.58376626
5,5,1600.0,3+ Cars,Non-incapacitating,FAILURE TO YIELD RIGHT OF WAY,39.21033522,-86.46288372
6,1,1500.0,2-Car,Non-incapacitating,FAILURE TO YIELD RIGHT OF WAY,39.2103095,-86.58348313
5,4,1700.0,2-Car,No injury/unknown,OTHER (DRIVER) - EXPLAIN IN NARRATIVE,39.2101771,-86.58325663
8,1,2300.0,2-Car,Non-incapacitating,FOLLOWING TOO CLOSELY,39.210144,-86.5832
10,3,1700.0,Bus,No injury/unknown,DRIVER DISTRACTED - EXPLAIN IN NARRATIVE,39.210144,-86.5832
11,3,1300.0,2-Car,No injury/unknown,SPEED TOO FAST FOR WEATHER CONDITIONS,39.210144,-86.5832
12,6,1600.0,2-Car,No injury/unknown,SPEED TOO FAST FOR WEATHER CONDITIONS,39.210144,-86.5832
10,1,1000.0,2-Car,No injury/unknown,FAILURE TO YIELD RIGHT OF WAY,39.21014361,-86.46313786
2,4,1900.0,1-Car,No injury/unknown,OTHER (DRIVER) - EXPLAIN IN NARRATIVE,39.21000673,-86.5832
5,2,700.0,2-Car,No injury/unknown,FOLLOWING TOO CLOSELY,39.2099611,-86.58266382
9,7,0.0,3+ Cars,No injury/unknown,LEFT OF CENTER,39.209952,-86.463392
2,2,900.0,1-Car,Non-incapacitating,OTHER (DRIVER) - EXPLAIN IN NARRATIVE,39.209952,-86.463392
11,4,1500.0,2-Car,No injury/unknown,SPEED TOO FAST FOR WEATHER CONDITIONS,39.209952,-86.463392
10,6,1800.0,2-Car,No injury/unknown,FAILURE TO YIELD RIGHT OF WAY,39.20993809,-86.5832
4,6,1600.0,2-Car,Non-incapacitating,FOLLOWING TOO CLOSELY,39.20961639,-86.58238262
10,7,1900.0,2-Car,No injury/unknown,IMPROPER LANE USAGE,39.2095949,-86.5832
9,6,2100.0,2-Car,Non-incapacitating,IMPROPER LANE USAGE,39.20932443,-86.55447994
10,1,2300.0,1-Car,No injury/unknown,ANIMAL/OBJECT IN ROADWAY,39.20932443,-86.55447994
11,5,500.0,3+ Cars,No injury/unknown,SPEED TOO FAST FOR WEATHER CONDITIONS,39.20932035,-86.5832
8,2,2100.0,2-Car,No injury/unknown,,39.20885847,-86.511971
7,4,700.0,2-Car,Non-incapacitating,IMPROPER TURNING,39.20864,-86.5588
10,7,1100.0,2-Car,Non-incapacitating,FAILURE TO YIELD RIGHT OF WAY,39.20824,-86.554704
5,1,1200.0,2-Car,No injury/unknown,FAILURE TO YIELD RIGHT OF WAY,39.20824,-86.554704
11,1,1300.0,2-Car,Non-incapacitating,FAILURE TO YIELD RIGHT OF WAY,39.20824,-86.554704
6,7,1200.0,2-Car,Non-incapacitating,LEFT OF CENTER,39.20824,-86.554704
2,3,2300.0,1-Car,No injury/unknown,ANIMAL/OBJECT IN ROADWAY,39.20824,-86.580208
2,7,1000.0,2-Car,Non-incapacitating,FAILURE TO YIELD RIGHT OF WAY,39.20824,-86.554704
11,1,1300.0,2-Car,Non-incapacitating,FOLLOWING TOO CLOSELY,39.20824,-86.580208
12,2,1700.0,2-Car,No injury/unknown,OTHER (DRIVER) - EXPLAIN IN NARRATIVE,39.20824,-86.580208
9,5,1800.0,2-Car,No injury/unknown,FAILURE TO YIELD RIGHT OF WAY,39.20824,-86.580208
11,2,1200.0,1-Car,No injury/unknown,OTHER (DRIVER) - EXPLAIN IN NARRATIVE,39.20814845,-86.57843778
3,4,800.0,2-Car,No injury/unknown,FAILURE TO YIELD RIGHT OF WAY,39.208144,-86.5832
6,3,1800.0,3+ Cars,No injury/unknown,UNSAFE SPEED,39.208144,-86.5832
2,4,1600.0,3+ Cars,Non-incapacitating,NONE (ENVIRONMENTAL),39.208144,-86.5832
9,4,1400.0,2-Car,Non-incapacitating,UNSAFE BACKING,39.20810274,-86.55218987
8,3,1800.0,2-Car,Non-incapacitating,LEFT OF CENTER,39.208048,-86.528704
6,5,600.0,2-Car,No injury/unknown,FAILURE TO YIELD RIGHT OF WAY,39.208004,-86.547399
7,5,1700.0,3+ Cars,Non-incapacitating,DRIVER DISTRACTED - EXPLAIN IN NARRATIVE,39.20777557,-86.583099
12,4,1500.0,3+ Cars,Non-incapacitating,FOLLOWING TOO CLOSELY,39.2073985,-86.5832
12,1,200.0,2-Car,No injury/unknown,ALCOHOLIC BEVERAGES,39.20715831,-86.572499
5,5,1000.0,2-Car,No injury/unknown,FOLLOWING TOO CLOSELY,39.20704,-86.534704
7,1,1100.0,2-Car,No injury/unknown,LEFT OF CENTER,39.20696219,-86.55648872
6,4,1300.0,2-Car,No injury/unknown,LEFT OF CENTER,39.206944,-86.5996
6,5,1000.0,1-Car,No injury/unknown,DRIVER DISTRACTED - EXPLAIN IN NARRATIVE,39.20677249,-86.57217164
1,6,1700.0,3+ Cars,Non-incapacitating,DISREGARD SIGNAL/REG SIGN,39.206312,-86.571312
1,5,1500.0,1-Car,Non-incapacitating,FAILURE TO YIELD RIGHT OF WAY,39.206312,-86.571312
1,6,1300.0,2-Car,No injury/unknown,UNSAFE SPEED,39.206312,-86.571312
3,7,1500.0,2-Car,No injury/unknown,UNSAFE SPEED,39.206312,-86.571312
8,2,1700.0,Moped/Motorcycle,Non-incapacitating,RAN OFF ROAD RIGHT,39.206312,-86.571312
4,7,1600.0,2-Car,No injury/unknown,FOLLOWING TOO CLOSELY,39.206144,-86.528592
8,2,1600.0,2-Car,Incapacitating,FAILURE TO YIELD RIGHT OF WAY,39.20600144,-86.531395
12,3,1400.0,2-Car,Non-incapacitating,SPEED TOO FAST FOR WEATHER CONDITIONS,39.20579957,-86.61140517
9,2,1500.0,2-Car,Non-incapacitating,FOLLOWING TOO CLOSELY,39.20522955,-86.496099
8,3,2000.0,1-Car,Non-incapacitating,UNSAFE SPEED,39.204864,-86.463472
1,4,300.0,1-Car,Non-incapacitating,UNSAFE SPEED,39.20369234,-86.46408343
4,6,1200.0,3+ Cars,No injury/unknown,FOLLOWING TOO CLOSELY,39.20309388,-86.58315853
3,4,1400.0,2-Car,Non-incapacitating,UNSAFE SPEED,39.20304,-86.547392
2,2,1500.0,2-Car,No injury/unknown,,39.20304,-86.547392
8,2,700.0,2-Car,No injury/unknown,UNSAFE BACKING,39.20304,-86.547392
11,6,1300.0,2-Car,No injury/unknown,UNSAFE SPEED,39.20304,-86.547392
12,7,1600.0,2-Car,No injury/unknown,OTHER (DRIVER) - EXPLAIN IN NARRATIVE,39.20304,-86.547392
7,5,900.0,2-Car,No injury/unknown,IMPROPER TURNING,39.20274909,-86.55466438
7,6,1300.0,1-Car,No injury/unknown,RAN OFF ROAD RIGHT,39.201952,-86.5288
11,4,1600.0,2-Car,No injury/unknown,SPEED TOO FAST FOR WEATHER CONDITIONS,39.20191953,-86.621599
10,2,1500.0,2-Car,Non-incapacitating,FOLLOWING TOO CLOSELY,39.2018784,-86.583152
8,2,0.0,Moped/Motorcycle,Fatal,RAN OFF ROAD RIGHT,39.200352,-86.468
8,7,2300.0,1-Car,No injury/unknown,ANIMAL/OBJECT IN ROADWAY,39.198448,-86.557904
9,4,1800.0,2-Car,Non-incapacitating,FAILURE TO YIELD RIGHT OF WAY,39.19825503,-86.54326158
8,6,1300.0,2-Car,No injury/unknown,DRIVER DISTRACTED - EXPLAIN IN NARRATIVE,39.19741784,-86.547399
2,7,200.0,1-Car,Non-incapacitating,ROADWAY SURFACE CONDITION,39.1969286,-86.53442191
10,4,1700.0,2-Car,Non-incapacitating,SPEED TOO FAST FOR WEATHER CONDITIONS,39.196848,-86.5344
11,2,1900.0,1-Car,No injury/unknown,UNSAFE SPEED,39.196848,-86.5344
11,2,1300.0,2-Car,No injury/unknown,OTHER (DRIVER) - EXPLAIN IN NARRATIVE,39.19607967,-86.5341071
6,4,1500.0,1-Car,No injury/unknown,DRIVER DISTRACTED - EXPLAIN IN NARRATIVE,39.19591972,-86.66006976
11,2,1100.0,2-Car,No injury/unknown,SPEED TOO FAST FOR WEATHER CONDITIONS,39.19579468,-86.53399845
11,2,900.0,2-Car,Non-incapacitating,IMPROPER LANE USAGE,39.19524217,-86.55460368
4,2,1700.0,1-Car,No injury/unknown,ANIMAL/OBJECT IN ROADWAY,39.19481148,-86.48929137
7,7,1600.0,2-Car,No injury/unknown,FAILURE TO YIELD RIGHT OF WAY,39.1942147,-86.53339614
6,7,1600.0,2-Car,No injury/unknown,IMPROPER LANE USAGE,39.194144,-86.554592
10,2,700.0,1-Car,No injury/unknown,ROADWAY SURFACE CONDITION,39.194144,-86.554592
5,6,1500.0,2-Car,No injury/unknown,OTHER (DRIVER) - EXPLAIN IN NARRATIVE,39.194144,-86.540992
5,1,1400.0,1-Car,No injury/unknown,OVERCORRECTING/OVERSTEERING,39.194144,-86.540992
8,2,600.0,1-Car,Non-incapacitating,PEDESTRIAN ACTION,39.194144,-86.540992
11,7,100.0,1-Car,Non-incapacitating,RAN OFF ROAD RIGHT,39.194144,-86.554592
11,6,1800.0,3+ Cars,Non-incapacitating,FOLLOWING TOO CLOSELY,39.194144,-86.554592
11,7,1300.0,1-Car,Non-incapacitating,RAN OFF ROAD RIGHT,39.194144,-86.540992
12,4,1100.0,2-Car,No injury/unknown,DISREGARD SIGNAL/REG SIGN,39.194144,-86.554592
9,2,700.0,1-Car,Non-incapacitating,RAN OFF ROAD RIGHT,39.194144,-86.554592
12,4,1800.0,1-Car,No injury/unknown,SPEED TOO FAST FOR WEATHER CONDITIONS,39.194144,-86.554592
9,4,2100.0,1-Car,No injury/unknown,INSECURE/LEAKY LOAD,39.194144,-86.554592
9,6,1700.0,2-Car,No injury/unknown,OTHER (DRIVER) - EXPLAIN IN NARRATIVE,39.194144,-86.554592
10,1,1600.0,2-Car,No injury/unknown,UNSAFE BACKING,39.19373109,-86.512399
2,7,0.0,1-Car,Non-incapacitating,ALCOHOLIC BEVERAGES,39.19344,-86.436288
10,4,0.0,1-Car,No injury/unknown,OVERCORRECTING/OVERSTEERING,39.19300195,-86.51255573
6,6,1400.0,2-Car,No injury/unknown,FOLLOWING TOO CLOSELY,39.19181361,-86.55245256
10,6,1800.0,2-Car,No injury/unknown,UNSAFE SPEED,39.191248,-86.532896
5,7,1800.0,2-Car,No injury/unknown,INSECURE/LEAKY LOAD,39.19096912,-86.53138246
4,2,1500.0,2-Car,Non-incapacitating,DISREGARD SIGNAL/REG SIGN,39.190603,-86.583099
3,5,800.0,2-Car,No injury/unknown,DRIVER DISTRACTED - EXPLAIN IN NARRATIVE,39.19057361,-86.53772497
5,3,1300.0,2-Car,No injury/unknown,LEFT OF CENTER,39.190448,-86.514288
5,2,900.0,2-Car,No injury/unknown,UNSAFE BACKING,39.19018015,-86.5562826
2,4,1700.0,1-Car,No injury/unknown,OTHER (DRIVER) - EXPLAIN IN NARRATIVE,39.19008,-86.514288
9,5,1100.0,2-Car,No injury/unknown,OTHER (DRIVER) - EXPLAIN IN NARRATIVE,39.189968,-86.52128
10,3,1200.0,2-Car,No injury/unknown,OTHER (DRIVER) - EXPLAIN IN NARRATIVE,39.189968,-86.52128
3,3,1100.0,2-Car,Non-incapacitating,ALCOHOLIC BEVERAGES,39.18985117,-86.58099121
10,4,1700.0,2-Car,No injury/unknown,FAILURE TO YIELD RIGHT OF WAY,39.189808,-86.531856
4,6,1300.0,2-Car,Non-incapacitating,FAILURE TO YIELD RIGHT OF WAY,39.189248,-86.531472
10,3,1500.0,1-Car,No injury/unknown,UNSAFE SPEED,39.189248,-86.660704
7,1,1700.0,2-Car,No injury/unknown,OTHER (DRIVER) - EXPLAIN IN NARRATIVE,39.189248,-86.531472
1,2,1200.0,2-Car,No injury/unknown,RAN OFF ROAD RIGHT,39.18904,-86.630096
2,7,1400.0,2-Car,No injury/unknown,OTHER (DRIVER) - EXPLAIN IN NARRATIVE,39.188832,-86.522848
3,4,800.0,2-Car,No injury/unknown,IMPROPER TURNING,39.188832,-86.522848
7,3,1000.0,2-Car,No injury/unknown,OVERSIZE/OVERWEIGHT LOAD,39.18866841,-86.55473345
2,7,1700.0,2-Car,No injury/unknown,UNSAFE BACKING,39.188144,-86.5376
5,3,1400.0,3+ Cars,No injury/unknown,BRAKE FAILURE OR DEFECTIVE,39.188144,-86.5376
11,3,800.0,2-Car,No injury/unknown,FOLLOWING TOO CLOSELY,39.18814299,-86.53775963
9,7,1700.0,Moped/Motorcycle,Non-incapacitating,RAN OFF ROAD RIGHT,39.18787376,-86.55501338
3,3,1600.0,2-Car,No injury/unknown,FAILURE TO YIELD RIGHT OF WAY,39.1876981,-86.53213469
6,3,1600.0,2-Car,No injury/unknown,UNSAFE BACKING,39.1874,-86.560903
5,6,1700.0,2-Car,Non-incapacitating,OTHER (DRIVER) - EXPLAIN IN NARRATIVE,39.18737049,-86.55519067
7,6,1400.0,2-Car,No injury/unknown,OTHER (DRIVER) - EXPLAIN IN NARRATIVE,39.18737049,-86.55519067
5,2,1600.0,1-Car,Non-incapacitating,ALCOHOLIC BEVERAGES,39.187344,-86.5552
2,3,2100.0,2-Car,No injury/unknown,DRIVER DISTRACTED - EXPLAIN IN NARRATIVE,39.187344,-86.5552
8,7,1700.0,1-Car,Non-incapacitating,JACKKNIFING,39.187344,-86.5552
3,2,1600.0,2-Car,No injury/unknown,FOLLOWING TOO CLOSELY,39.187344,-86.5552
1,3,1300.0,2-Car,No injury/unknown,FAILURE TO YIELD RIGHT OF WAY,39.187344,-86.5552
2,3,2100.0,2-Car,Non-incapacitating,FOLLOWING TOO CLOSELY,39.187344,-86.5552
4,6,1800.0,2-Car,No injury/unknown,FAILURE TO YIELD RIGHT OF WAY,39.187344,-86.5552
12,6,1700.0,2-Car,No injury/unknown,UNSAFE SPEED,39.187344,-86.5552
5,1,1700.0,2-Car,No injury/unknown,FOLLOWING TOO CLOSELY,39.187344,-86.5552
7,5,1700.0,2-Car,No injury/unknown,FOLLOWING TOO CLOSELY,39.187344,-86.5552
6,6,2000.0,2-Car,Non-incapacitating,FAILURE TO YIELD RIGHT OF WAY,39.187344,-86.5552
6,3,800.0,2-Car,Non-incapacitating,,39.187344,-86.5552
10,2,1200.0,2-Car,Non-incapacitating,IMPROPER TURNING,39.187344,-86.5552
7,1,2200.0,2-Car,Non-incapacitating,FOLLOWING TOO CLOSELY,39.187344,-86.5552
8,2,1300.0,2-Car,No injury/unknown,FAILURE TO YIELD RIGHT OF WAY,39.187344,-86.5552
7,7,1600.0,2-Car,No injury/unknown,FAILURE TO YIELD RIGHT OF WAY,39.187344,-86.5552
5,1,2100.0,2-Car,Non-incapacitating,OTHER (DRIVER) - EXPLAIN IN NARRATIVE,39.187344,-86.5552
7,6,1600.0,2-Car,No injury/unknown,FAILURE TO YIELD RIGHT OF WAY,39.187344,-86.5552
7,2,1200.0,2-Car,No injury/unknown,FOLLOWING TOO CLOSELY,39.187344,-86.5552
10,3,1800.0,1-Car,Non-incapacitating,OVERCORRECTING/OVERSTEERING,39.187344,-86.5552
12,4,700.0,2-Car,No injury/unknown,OTHER (DRIVER) - EXPLAIN IN NARRATIVE,39.187344,-86.5552
9,4,1000.0,2-Car,No injury/unknown,FOLLOWING TOO CLOSELY,39.187344,-86.5552
9,4,600.0,2-Car,Non-incapacitating,DRIVER DISTRACTED - EXPLAIN IN NARRATIVE,39.187344,-86.5552
9,6,900.0,2-Car,No injury/unknown,OTHER (DRIVER) - EXPLAIN IN NARRATIVE,39.187344,-86.5552
9,6,1100.0,2-Car,No injury/unknown,IMPROPER TURNING,39.187344,-86.5552
10,7,1900.0,2-Car,No injury/unknown,FAILURE TO YIELD RIGHT OF WAY,39.187344,-86.5552
10,6,2000.0,2-Car,No injury/unknown,DISREGARD SIGNAL/REG SIGN,39.187344,-86.5552
10,4,1700.0,2-Car,No injury/unknown,FOLLOWING TOO CLOSELY,39.187344,-86.5552
11,1,1700.0,2-Car,Non-incapacitating,FAILURE TO YIELD RIGHT OF WAY,39.187344,-86.5552
7,3,2200.0,2-Car,No injury/unknown,FAILURE TO YIELD RIGHT OF WAY,39.187344,-86.5552
10,4,900.0,2-Car,No injury/unknown,FOLLOWING TOO CLOSELY,39.187344,-86.5552
11,4,1100.0,2-Car,No injury/unknown,FAILURE TO YIELD RIGHT OF WAY,39.187344,-86.5552
6,3,1400.0,2-Car,No injury/unknown,FOLLOWING TOO CLOSELY,39.187136,-86.537856
11,3,1200.0,2-Car,No injury/unknown,FAILURE TO YIELD RIGHT OF WAY,39.187136,-86.537856
4,6,1500.0,2-Car,No injury/unknown,FOLLOWING TOO CLOSELY,39.18707612,-86.55527769
1,7,1100.0,2-Car,No injury/unknown,FAILURE TO YIELD RIGHT OF WAY,39.186944,-86.5468