Month,Day,Hour,Collision Type,Injury Type,Primary Factor,Latitude,Longitude
12,3,2100.0,1-Car,No injury/unknown,ALCOHOLIC BEVERAGES,39.186944,-86.5468
8,6,1200.0,2-Car,No injury/unknown,IMPROPER TURNING,39.186944,-86.5468
9,2,1200.0,2-Car,Non-incapacitating,FAILURE TO YIELD RIGHT OF WAY,39.186944,-86.5468
8,6,1400.0,2-Car,No injury/unknown,FAILURE TO YIELD RIGHT OF WAY,39.186944,-86.5468
9,5,1800.0,Moped/Motorcycle,Non-incapacitating,FAILURE TO YIELD RIGHT OF WAY,39.186944,-86.5468
12,3,900.0,2-Car,Non-incapacitating,DRIVER ILLNESS,39.186944,-86.54669358
12,6,600.0,2-Car,Non-incapacitating,FAILURE TO YIELD RIGHT OF WAY,39.186944,-86.5468
12,4,700.0,2-Car,No injury/unknown,ROADWAY SURFACE CONDITION,39.18694217,-86.55531654
12,6,900.0,2-Car,No injury/unknown,FAILURE TO YIELD RIGHT OF WAY,39.186752,-86.611504
3,6,1300.0,1-Car,No injury/unknown,OTHER (ENVIRONMENTAL) - EXPLAIN IN NARR,39.186752,-86.611504
12,6,1800.0,1-Car,Non-incapacitating,SPEED TOO FAST FOR WEATHER CONDITIONS,39.18671281,-86.60915746
11,1,2000.0,1-Car,No injury/unknown,UNSAFE SPEED,39.18670582,-86.57256569
11,5,1700.0,2-Car,Non-incapacitating,OTHER (DRIVER) - EXPLAIN IN NARRATIVE,39.18663289,-86.53430673
7,3,800.0,2-Car,No injury/unknown,FOLLOWING TOO CLOSELY,39.18658348,-86.53877335
1,5,1200.0,1-Car,No injury/unknown,OTHER (DRIVER) - EXPLAIN IN NARRATIVE,39.18655979,-86.53824214
2,3,,2-Car,No injury/unknown,OTHER (DRIVER) - EXPLAIN IN NARRATIVE,39.186544,-86.552784
12,6,1800.0,2-Car,No injury/unknown,FAILURE TO YIELD RIGHT OF WAY,39.186544,-86.537888
5,1,900.0,2-Car,No injury/unknown,FOLLOWING TOO CLOSELY,39.186544,-86.537888
3,7,900.0,2-Car,Non-incapacitating,FAILURE TO YIELD RIGHT OF WAY,39.186544,-86.537888
1,3,1400.0,2-Car,Non-incapacitating,FAILURE TO YIELD RIGHT OF WAY,39.186544,-86.537888
1,6,2000.0,2-Car,No injury/unknown,FAILURE TO YIELD RIGHT OF WAY,39.186544,-86.537888
2,7,1300.0,2-Car,Non-incapacitating,FAILURE TO YIELD RIGHT OF WAY,39.186544,-86.537888
6,5,800.0,2-Car,Incapacitating,FOLLOWING TOO CLOSELY,39.186544,-86.537888
4,6,1600.0,2-Car,Non-incapacitating,FAILURE TO YIELD RIGHT OF WAY,39.186544,-86.537888
7,6,2200.0,2-Car,Non-incapacitating,FAILURE TO YIELD RIGHT OF WAY,39.186544,-86.537888
8,2,1200.0,3+ Cars,Non-incapacitating,DISREGARD SIGNAL/REG SIGN,39.186544,-86.537888
8,4,900.0,2-Car,No injury/unknown,DRIVER DISTRACTED - EXPLAIN IN NARRATIVE,39.186544,-86.551168
9,4,1900.0,2-Car,Non-incapacitating,FAILURE TO YIELD RIGHT OF WAY,39.186544,-86.537888
11,1,1600.0,2-Car,No injury/unknown,FAILURE TO YIELD RIGHT OF WAY,39.186544,-86.537888
11,4,1800.0,1-Car,Non-incapacitating,ANIMAL/OBJECT IN ROADWAY,39.186544,-86.551168
12,2,1200.0,2-Car,No injury/unknown,DISREGARD SIGNAL/REG SIGN,39.186544,-86.537888
1,7,1000.0,2-Car,No injury/unknown,OTHER (DRIVER) - EXPLAIN IN NARRATIVE,39.18653334,-86.53771117
6,3,700.0,3+ Cars,Non-incapacitating,FOLLOWING TOO CLOSELY,39.18652268,-86.53753435
9,5,0.0,1-Car,Non-incapacitating,DRIVER ILLNESS,39.18650136,-86.53718069
4,4,1200.0,3+ Cars,Non-incapacitating,OTHER (DRIVER) - EXPLAIN IN NARRATIVE,39.18643738,-86.53611973
2,3,700.0,1-Car,Non-incapacitating,OVERCORRECTING/OVERSTEERING,39.186402,-86.53771831
1,1,1600.0,1-Car,No injury/unknown,ROADWAY SURFACE CONDITION,39.186402,-86.53771831
10,7,1100.0,3+ Cars,No injury/unknown,FOLLOWING TOO CLOSELY,39.186402,-86.53774427
2,1,1700.0,3+ Cars,No injury/unknown,FOLLOWING TOO CLOSELY,39.186368,-86.5344
2,3,1000.0,2-Car,No injury/unknown,DISREGARD SIGNAL/REG SIGN,39.186368,-86.5344
5,7,1200.0,2-Car,No injury/unknown,DRIVER DISTRACTED - EXPLAIN IN NARRATIVE,39.186368,-86.5344
1,4,1200.0,2-Car,Non-incapacitating,FOLLOWING TOO CLOSELY,39.186368,-86.5344
1,3,1900.0,3+ Cars,No injury/unknown,FAILURE TO YIELD RIGHT OF WAY,39.186368,-86.5344
3,5,1500.0,2-Car,No injury/unknown,FAILURE TO YIELD RIGHT OF WAY,39.186368,-86.5344
12,7,2200.0,2-Car,No injury/unknown,FOLLOWING TOO CLOSELY,39.186368,-86.5344
1,7,1400.0,2-Car,No injury/unknown,FAILURE TO YIELD RIGHT OF WAY,39.186368,-86.5344
4,6,1500.0,2-Car,No injury/unknown,FAILURE TO YIELD RIGHT OF WAY,39.186368,-86.5344
5,1,1100.0,2-Car,No injury/unknown,FAILURE TO YIELD RIGHT OF WAY,39.186368,-86.5344
6,6,1200.0,2-Car,No injury/unknown,FAILURE TO YIELD RIGHT OF WAY,39.186368,-86.5344
5,3,1300.0,3+ Cars,No injury/unknown,FAILURE TO YIELD RIGHT OF WAY,39.186368,-86.5344
10,7,1100.0,2-Car,No injury/unknown,CELL PHONE USAGE,39.186368,-86.5344
7,1,700.0,2-Car,No injury/unknown,OTHER (DRIVER) - EXPLAIN IN NARRATIVE,39.186368,-86.5344
8,3,1400.0,2-Car,Non-incapacitating,FOLLOWING TOO CLOSELY,39.186368,-86.5344
11,2,600.0,1-Car,No injury/unknown,OVERCORRECTING/OVERSTEERING,39.186368,-86.5344
10,6,1300.0,2-Car,No injury/unknown,FOLLOWING TOO CLOSELY,39.186368,-86.5344
9,1,1300.0,2-Car,No injury/unknown,FAILURE TO YIELD RIGHT OF WAY,39.186368,-86.5344
10,4,1900.0,2-Car,No injury/unknown,FAILURE TO YIELD RIGHT OF WAY,39.186368,-86.5344
10,2,1600.0,2-Car,Non-incapacitating,FAILURE TO YIELD RIGHT OF WAY,39.186368,-86.5344
11,5,1500.0,2-Car,Non-incapacitating,FAILURE TO YIELD RIGHT OF WAY,39.186368,-86.5344
11,2,1200.0,2-Car,No injury/unknown,SPEED TOO FAST FOR WEATHER CONDITIONS,39.186368,-86.5344
3,2,1600.0,3+ Cars,Non-incapacitating,FAILURE TO YIELD RIGHT OF WAY,39.186368,-86.5344
7,6,1200.0,2-Car,No injury/unknown,OTHER (DRIVER) - EXPLAIN IN NARRATIVE,39.18636779,-86.53436453
4,6,1500.0,2-Car,Non-incapacitating,FAILURE TO YIELD RIGHT OF WAY,39.18636748,-86.53431132
5,1,300.0,2-Car,No injury/unknown,ALCOHOLIC BEVERAGES,39.18636591,-86.53404529
10,3,1300.0,2-Car,Non-incapacitating,FAILURE TO YIELD RIGHT OF WAY,39.18636398,-86.53371895
9,4,1200.0,2-Car,Non-incapacitating,OTHER (DRIVER) - EXPLAIN IN NARRATIVE,39.18636276,-86.53351322
11,6,1200.0,2-Car,No injury/unknown,FAILURE TO YIELD RIGHT OF WAY,39.18636276,-86.53351322
7,3,1900.0,2-Car,No injury/unknown,FOLLOWING TOO CLOSELY,39.18636,-86.533048
10,1,900.0,2-Car,No injury/unknown,FOLLOWING TOO CLOSELY,39.18636,-86.533048
12,1,1100.0,2-Car,No injury/unknown,UNSAFE BACKING,39.18636,-86.533048
7,6,1500.0,2-Car,Incapacitating,UNSAFE SPEED,39.18636,-86.533048
4,6,700.0,3+ Cars,No injury/unknown,FOLLOWING TOO CLOSELY,39.18635202,-86.52317514
1,3,1500.0,2-Car,No injury/unknown,UNSAFE SPEED,39.18635201,-86.52814128
10,2,1400.0,2-Car,Non-incapacitating,DRIVER DISTRACTED - EXPLAIN IN NARRATIVE,39.186352,-86.53000484
7,7,800.0,2-Car,No injury/unknown,FOLLOWING TOO CLOSELY,39.186352,-86.5299149
8,2,1800.0,2-Car,No injury/unknown,DRIVER DISTRACTED - EXPLAIN IN NARRATIVE,39.186352,-86.528496
10,6,1300.0,2-Car,No injury/unknown,SPEED TOO FAST FOR WEATHER CONDITIONS,39.186352,-86.528496
1,4,2300.0,1-Car,No injury/unknown,RAN OFF ROAD RIGHT,39.186352,-86.534704
2,2,1600.0,2-Car,No injury/unknown,FAILURE TO YIELD RIGHT OF WAY,39.186352,-86.534704
3,4,1700.0,2-Car,Non-incapacitating,FAILURE TO YIELD RIGHT OF WAY,39.186352,-86.534704
3,6,1900.0,2-Car,No injury/unknown,FAILURE TO YIELD RIGHT OF WAY,39.186352,-86.528496
4,1,1900.0,3+ Cars,Non-incapacitating,FOLLOWING TOO CLOSELY,39.186352,-86.529792
4,1,2200.0,2-Car,Non-incapacitating,FAILURE TO YIELD RIGHT OF WAY,39.186352,-86.528496
10,4,2000.0,2-Car,No injury/unknown,UNSAFE SPEED,39.186352,-86.528496
5,5,1300.0,2-Car,No injury/unknown,FAILURE TO YIELD RIGHT OF WAY,39.186352,-86.534704
7,6,1800.0,3+ Cars,Non-incapacitating,FOLLOWING TOO CLOSELY,39.186352,-86.528496
11,6,1500.0,2-Car,No injury/unknown,BRAKE FAILURE OR DEFECTIVE,39.186352,-86.529792
10,7,1000.0,2-Car,No injury/unknown,LEFT OF CENTER,39.186352,-86.528496
9,4,2000.0,2-Car,No injury/unknown,FAILURE TO YIELD RIGHT OF WAY,39.186352,-86.531696
12,3,600.0,1-Car,No injury/unknown,OTHER (VEHICLE) - EXPLAIN IN NARRATIVE,39.186352,-86.534704
11,3,1800.0,3+ Cars,No injury/unknown,OTHER (DRIVER) - EXPLAIN IN NARRATIVE,39.186352,-86.528496
2,4,800.0,2-Car,No injury/unknown,FOLLOWING TOO CLOSELY,39.186352,-86.528496
3,7,800.0,2-Car,Non-incapacitating,DISREGARD SIGNAL/REG SIGN,39.1863,-86.5347
12,3,800.0,3+ Cars,No injury/unknown,UNSAFE BACKING,39.186048,-86.550976
5,3,1200.0,2-Car,Non-incapacitating,LEFT OF CENTER,39.186032,-86.51984
4,4,1200.0,3+ Cars,No injury/unknown,FOLLOWING TOO CLOSELY,39.186032,-86.51984
11,5,2000.0,2-Car,No injury/unknown,FAILURE TO YIELD RIGHT OF WAY,39.186032,-86.51984
11,3,1800.0,2-Car,No injury/unknown,FAILURE TO YIELD RIGHT OF WAY,39.186032,-86.51984
12,3,1400.0,3+ Cars,No injury/unknown,FOLLOWING TOO CLOSELY,39.186032,-86.51984
2,5,1500.0,2-Car,Non-incapacitating,DISREGARD SIGNAL/REG SIGN,39.186032,-86.51984
7,7,1600.0,2-Car,Non-incapacitating,FOLLOWING TOO CLOSELY,39.186032,-86.51984
10,6,900.0,2-Car,No injury/unknown,INSECURE/LEAKY LOAD,39.186032,-86.51984
2,1,0.0,2-Car,No injury/unknown,IMPROPER TURNING,39.18598667,-86.53787533
5,6,800.0,1-Car,No injury/unknown,DRIVER DISTRACTED - EXPLAIN IN NARRATIVE,39.185952,-86.4684
4,7,1500.0,2-Car,No injury/unknown,OTHER (VEHICLE) - EXPLAIN IN NARRATIVE,39.185952,-86.4684
4,7,1500.0,1-Car,No injury/unknown,RAN OFF ROAD LEFT,39.185952,-86.4684
2,7,2000.0,2-Car,No injury/unknown,OTHER LIGHTS DEFECTIVE,39.185952,-86.4684
12,1,1200.0,1-Car,Non-incapacitating,OTHER (ENVIRONMENTAL) - EXPLAIN IN NARR,39.185952,-86.4616
9,6,700.0,1-Car,No injury/unknown,IMPROPER TURNING,39.18589867,-86.53787333
3,2,1800.0,2-Car,No injury/unknown,OVERCORRECTING/OVERSTEERING,39.18574989,-86.533599
2,7,1600.0,2-Car,No injury/unknown,FAILURE TO YIELD RIGHT OF WAY,39.185392,-86.537856
6,7,1000.0,2-Car,No injury/unknown,DISREGARD SIGNAL/REG SIGN,39.185392,-86.537856
8,5,1700.0,Bus,No injury/unknown,FAILURE TO YIELD RIGHT OF WAY,39.185392,-86.537856
10,7,1800.0,2-Car,No injury/unknown,FAILURE TO YIELD RIGHT OF WAY,39.185392,-86.537856
9,4,1200.0,2-Car,No injury/unknown,FAILURE TO YIELD RIGHT OF WAY,39.185392,-86.537856
10,6,1500.0,2-Car,No injury/unknown,UNSAFE BACKING,39.18534891,-86.51943015
11,6,2200.0,2-Car,No injury/unknown,IMPROPER LANE USAGE,39.185232,-86.54060206
9,5,1200.0,Pedestrian,Non-incapacitating,OTHER (DRIVER) - EXPLAIN IN NARRATIVE,39.18521164,-86.55064815
8,6,1100.0,2-Car,No injury/unknown,UNSAFE BACKING,39.18521164,-86.55064815
8,5,1200.0,2-Car,No injury/unknown,OTHER (DRIVER) - EXPLAIN IN NARRATIVE,39.18516376,-86.53794612
9,3,1100.0,2-Car,No injury/unknown,,39.185152,-86.5441071
6,6,1500.0,2-Car,No injury/unknown,OTHER (DRIVER) - EXPLAIN IN NARRATIVE,39.18501804,-86.51923162
7,6,1300.0,2-Car,No injury/unknown,IMPROPER PASSING,39.18494103,-86.61148033
2,6,2000.0,2-Car,Non-incapacitating,,39.1848,-86.543968
8,3,2300.0,2-Car,No injury/unknown,OTHER (DRIVER) - EXPLAIN IN NARRATIVE,39.18415252,-86.53518903
11,3,2000.0,1-Car,No injury/unknown,OTHER (DRIVER) - EXPLAIN IN NARRATIVE,39.18411743,-86.489299
5,2,1200.0,2-Car,Non-incapacitating,FOLLOWING TOO CLOSELY,39.184048,-86.550192
3,5,1900.0,2-Car,Non-incapacitating,IMPROPER TURNING,39.18404672,-86.46332372
8,5,1200.0,2-Car,Non-incapacitating,OTHER (DRIVER) - EXPLAIN IN NARRATIVE,39.18394791,-86.533599
3,3,200.0,3+ Cars,No injury/unknown,OTHER (DRIVER) - EXPLAIN IN NARRATIVE,39.18388136,-86.51561831
10,5,1300.0,2-Car,No injury/unknown,CELL PHONE USAGE,39.18384,-86.5192
10,3,1700.0,3+ Cars,No injury/unknown,SPEED TOO FAST FOR WEATHER CONDITIONS,39.18384,-86.5192
2,2,1000.0,Bus,No injury/unknown,OVERCORRECTING/OVERSTEERING,39.18342329,-86.51424479
3,6,1200.0,2-Car,No injury/unknown,UNSAFE BACKING,39.18342329,-86.51424479
4,5,700.0,2-Car,No injury/unknown,DRIVER DISTRACTED - EXPLAIN IN NARRATIVE,39.18342329,-86.51424479
4,5,0.0,2-Car,No injury/unknown,OTHER (DRIVER) - EXPLAIN IN NARRATIVE,39.18335771,-86.53469029
11,5,1700.0,2-Car,Non-incapacitating,LEFT OF CENTER,39.18327327,-86.53782618
4,5,1900.0,2-Car,No injury/unknown,,39.183216,-86.542032
4,5,1400.0,2-Car,Non-incapacitating,OTHER (DRIVER) - EXPLAIN IN NARRATIVE,39.18316345,-86.53782444
2,4,800.0,2-Car,No injury/unknown,IMPROPER TURNING,39.183104,-86.53696
7,5,1400.0,2-Car,Non-incapacitating,UNSAFE BACKING,39.1831,-86.544099
2,2,900.0,2-Car,No injury/unknown,OTHER (DRIVER) - EXPLAIN IN NARRATIVE,39.182976,-86.528416
2,1,900.0,2-Car,No injury/unknown,,39.182976,-86.528416
10,5,1500.0,2-Car,Non-incapacitating,FOLLOWING TOO CLOSELY,39.182976,-86.528416
9,7,1100.0,2-Car,No injury/unknown,RAN OFF ROAD RIGHT,39.182976,-86.528416
1,1,1500.0,2-Car,No injury/unknown,FAILURE TO YIELD RIGHT OF WAY,39.18286159,-86.53781257
12,4,2000.0,1-Car,No injury/unknown,RAN OFF ROAD RIGHT,39.1828,-86.54424482
7,3,1200.0,2-Car,No injury/unknown,,39.18262436,-86.537808
4,3,1400.0,2-Car,No injury/unknown,UNSAFE BACKING,39.182448,-86.512496
9,1,1600.0,2-Car,Non-incapacitating,FAILURE TO YIELD RIGHT OF WAY,39.18242962,-86.51914028
3,2,500.0,1-Car,No injury/unknown,DRIVER ILLNESS,39.18199324,-86.58315002
5,5,2000.0,2-Car,No injury/unknown,UNSAFE BACKING,39.18197189,-86.532755
6,4,1400.0,2-Car,No injury/unknown,FAILURE TO YIELD RIGHT OF WAY,39.181904,-86.543056
4,5,1400.0,1-Car,No injury/unknown,RAN OFF ROAD RIGHT,39.18186746,-86.5284
4,7,1700.0,1-Car,No injury/unknown,OTHER (VEHICLE) - EXPLAIN IN NARRATIVE,39.18184,-86.5284
6,2,1300.0,3+ Cars,Non-incapacitating,BRAKE FAILURE OR DEFECTIVE,39.18176938,-86.47216832
1,2,1600.0,2-Car,No injury/unknown,OTHER (DRIVER) - EXPLAIN IN NARRATIVE,39.181744,-86.530192
4,6,1000.0,2-Car,Non-incapacitating,FAILURE TO YIELD RIGHT OF WAY,39.18165921,-86.5336352
8,7,1400.0,2-Car,No injury/unknown,UNSAFE BACKING,39.181552,-86.5336
8,7,1600.0,2-Car,No injury/unknown,,39.181552,-86.5336
3,4,1200.0,2-Car,No injury/unknown,FAILURE TO YIELD RIGHT OF WAY,39.18140224,-86.53053376
11,3,1100.0,2-Car,No injury/unknown,FOLLOWING TOO CLOSELY,39.18104,-86.5284
4,5,1500.0,Bus,No injury/unknown,IMPROPER TURNING,39.18104,-86.5284
5,4,1100.0,2-Car,No injury/unknown,SPEED TOO FAST FOR WEATHER CONDITIONS,39.18104,-86.5284
12,2,1600.0,2-Car,Non-incapacitating,FAILURE TO YIELD RIGHT OF WAY,39.18104,-86.5284
10,6,700.0,1-Car,No injury/unknown,ANIMAL/OBJECT IN ROADWAY,39.1809761,-86.55769605
12,5,2200.0,1-Car,No injury/unknown,ANIMAL/OBJECT IN ROADWAY,39.18096093,-86.50864748
3,2,1400.0,2-Car,No injury/unknown,ALCOHOLIC BEVERAGES,39.18071853,-86.537391
2,1,100.0,Pedestrian,Non-incapacitating,IMPROPER LANE USAGE,39.18068721,-86.53082631
7,7,,2-Car,No injury/unknown,,39.18054262,-86.54090403
4,1,100.0,1-Car,No injury/unknown,SPEED TOO FAST FOR WEATHER CONDITIONS,39.18053002,-86.522596
3,5,2000.0,2-Car,No injury/unknown,FAILURE TO YIELD RIGHT OF WAY,39.180512,-86.540016
8,7,400.0,2-Car,Non-incapacitating,UNSAFE BACKING,39.18046171,-86.53083167
2,7,0.0,2-Car,No injury/unknown,OTHER (DRIVER) - EXPLAIN IN NARRATIVE,39.180448,-86.530832
2,6,2100.0,2-Car,No injury/unknown,OTHER (DRIVER) - EXPLAIN IN NARRATIVE,39.180448,-86.530832
7,1,,2-Car,No injury/unknown,OTHER (DRIVER) - EXPLAIN IN NARRATIVE,39.18041138,-86.54871762
2,1,500.0,1-Car,No injury/unknown,IMPROPER PASSING,39.180352,-86.5284
4,2,1600.0,2-Car,No injury/unknown,LEFT OF CENTER,39.180352,-86.5284
10,1,2200.0,2-Car,Non-incapacitating,DRIVER DISTRACTED - EXPLAIN IN NARRATIVE,39.180352,-86.5284
11,5,0.0,1-Car,No injury/unknown,ANIMAL/OBJECT IN ROADWAY,39.18021365,-86.50760782
1,2,2100.0,1-Car,No injury/unknown,ALCOHOLIC BEVERAGES,39.17984,-86.507088
5,2,1400.0,2-Car,No injury/unknown,OTHER (DRIVER) - EXPLAIN IN NARRATIVE,39.17984,-86.507088
8,2,1600.0,1-Car,Non-incapacitating,OVERCORRECTING/OVERSTEERING,39.17984,-86.507088
8,2,1600.0,1-Car,No injury/unknown,RAN OFF ROAD RIGHT,39.17984,-86.507088
3,6,1400.0,Cyclist,Non-incapacitating,IMPROPER PASSING,39.17984,-86.507088
9,1,1200.0,3+ Cars,Non-incapacitating,FOLLOWING TOO CLOSELY,39.17984,-86.507088
8,1,1200.0,2-Car,No injury/unknown,VIEW OBSTRUCTED,39.17984,-86.507088
9,1,1200.0,2-Car,No injury/unknown,FOLLOWING TOO CLOSELY,39.17984,-86.507088
1,5,1900.0,2-Car,No injury/unknown,DRIVER DISTRACTED - EXPLAIN IN NARRATIVE,39.17984,-86.507088
3,2,2000.0,2-Car,No injury/unknown,FAILURE TO YIELD RIGHT OF WAY,39.17984,-86.507088
12,4,1200.0,2-Car,Non-incapacitating,FAILURE TO YIELD RIGHT OF WAY,39.17984,-86.507088
11,1,1000.0,2-Car,No injury/unknown,OVERCORRECTING/OVERSTEERING,39.17984,-86.507088
12,5,1700.0,3+ Cars,Non-incapacitating,SPEED TOO FAST FOR WEATHER CONDITIONS,39.17984,-86.507088
12,2,1500.0,2-Car,No injury/unknown,OTHER (DRIVER) - EXPLAIN IN NARRATIVE,39.17984,-86.507088
12,4,800.0,2-Car,No injury/unknown,ROADWAY SURFACE CONDITION,39.17967697,-86.50695652
7,6,1100.0,2-Car,No injury/unknown,OTHER (DRIVER) - EXPLAIN IN NARRATIVE,39.17965751,-86.51902289
1,7,0.0,2-Car,No injury/unknown,BRAKE FAILURE OR DEFECTIVE,39.179632,-86.539136
1,3,600.0,1-Car,Non-incapacitating,SPEED TOO FAST FOR WEATHER CONDITIONS,39.1795795,-86.55880457
12,6,,2-Car,No injury/unknown,,39.17943819,-86.511088
5,7,1000.0,1-Car,Non-incapacitating,OVERCORRECTING/OVERSTEERING,39.17940679,-86.54739335
6,3,800.0,2-Car,No injury/unknown,FAILURE TO YIELD RIGHT OF WAY,39.1794038,-86.53778624
9,1,1700.0,2-Car,No injury/unknown,GLARE,39.1793971,-86.511088
7,3,1200.0,Moped/Motorcycle,No injury/unknown,RAN OFF ROAD RIGHT,39.179344,-86.564
10,6,1100.0,2-Car,Non-incapacitating,ROADWAY SURFACE CONDITION,39.179248,-86.55223731
6,5,1200.0,2-Car,No injury/unknown,FAILURE TO YIELD RIGHT OF WAY,39.179248,-86.547104
9,7,1900.0,2-Car,Non-incapacitating,FAILURE TO YIELD RIGHT OF WAY,39.179248,-86.5832
3,5,1900.0,1-Car,No injury/unknown,ALCOHOLIC BEVERAGES,39.179248,-86.556592
5,4,1700.0,2-Car,Non-incapacitating,DRIVER DISTRACTED - EXPLAIN IN NARRATIVE,39.179248,-86.5832
3,4,900.0,2-Car,No injury/unknown,FAILURE TO YIELD RIGHT OF WAY,39.179248,-86.547104
4,5,1800.0,2-Car,No injury/unknown,ROADWAY SURFACE CONDITION,39.179248,-86.547104
4,2,1500.0,2-Car,No injury/unknown,LEFT OF CENTER,39.179248,-86.547104
9,3,1500.0,3+ Cars,Non-incapacitating,FOLLOWING TOO CLOSELY,39.179248,-86.5832
5,7,1000.0,2-Car,No injury/unknown,DRIVER DISTRACTED - EXPLAIN IN NARRATIVE,39.179248,-86.547104
8,4,1100.0,1-Car,No injury/unknown,OVERCORRECTING/OVERSTEERING,39.179248,-86.552592
8,7,1000.0,1-Car,No injury/unknown,RAN OFF ROAD RIGHT,39.179248,-86.5744
8,3,800.0,1-Car,No injury/unknown,UNSAFE BACKING,39.179248,-86.54678008
10,3,1700.0,2-Car,No injury/unknown,ROADWAY SURFACE CONDITION,39.179248,-86.547104
12,3,1000.0,2-Car,No injury/unknown,FAILURE TO YIELD RIGHT OF WAY,39.179248,-86.552592
10,4,900.0,2-Car,Non-incapacitating,FOLLOWING TOO CLOSELY,39.179248,-86.547104
11,6,1100.0,2-Car,No injury/unknown,FAILURE TO YIELD RIGHT OF WAY,39.179248,-86.549504
7,2,1200.0,2-Car,Non-incapacitating,FAILURE TO YIELD RIGHT OF WAY,39.179248,-86.5832
12,1,1500.0,2-Car,No injury/unknown,OTHER (DRIVER) - EXPLAIN IN NARRATIVE,39.179248,-86.58292
9,2,1600.0,2-Car,No injury/unknown,OTHER (DRIVER) - EXPLAIN IN NARRATIVE,39.17922923,-86.5126
7,3,1700.0,2-Car,Non-incapacitating,FOLLOWING TOO CLOSELY,39.17917148,-86.54563545
10,5,1500.0,2-Car,No injury/unknown,UNSAFE BACKING,39.179152,-86.508592
12,4,1500.0,Bus,No injury/unknown,IMPROPER PASSING,39.179152,-86.508592
10,4,2000.0,1-Car,Non-incapacitating,SPEED TOO FAST FOR WEATHER CONDITIONS,39.17915173,-86.5847888
11,7,900.0,2-Car,No injury/unknown,FAILURE TO YIELD RIGHT OF WAY,39.17912342,-86.511088
9,6,1300.0,2-Car,No injury/unknown,FAILURE TO YIELD RIGHT OF WAY,39.17912237,-86.5284
3,5,700.0,2-Car,No injury/unknown,FAILURE TO YIELD RIGHT OF WAY,39.17910864,-86.5284
5,3,1600.0,2-Car,No injury/unknown,FAILURE TO YIELD RIGHT OF WAY,39.17909867,-86.543956
2,1,200.0,2-Car,No injury/unknown,ROADWAY SURFACE CONDITION,39.17908408,-86.511088
5,6,1700.0,2-Car,No injury/unknown,FAILURE TO YIELD RIGHT OF WAY,39.17904,-86.530848
4,4,1800.0,2-Car,No injury/unknown,FAILURE TO YIELD RIGHT OF WAY,39.17904,-86.5284
4,3,1000.0,2-Car,No injury/unknown,DISREGARD SIGNAL/REG SIGN,39.17904,-86.5284
3,2,900.0,2-Car,No injury/unknown,FAILURE TO YIELD RIGHT OF WAY,39.17904,-86.5284
4,6,1400.0,2-Car,No injury/unknown,IMPROPER LANE USAGE,39.17904,-86.5284
1,6,1600.0,2-Car,No injury/unknown,FAILURE TO YIELD RIGHT OF WAY,39.17904,-86.530848
3,1,1900.0,Moped/Motorcycle,Non-incapacitating,IMPROPER TURNING,39.17904,-86.542096
4,5,1300.0,2-Car,No injury/unknown,FAILURE TO YIELD RIGHT OF WAY,39.17904,-86.5284
8,7,2000.0,2-Car,No injury/unknown,DISREGARD SIGNAL/REG SIGN,39.17904,-86.5284
8,2,900.0,2-Car,No injury/unknown,UNSAFE BACKING,39.17904,-86.532096
9,1,700.0,2-Car,No injury/unknown,FAILURE TO YIELD RIGHT OF WAY,39.17904,-86.532096
10,4,0.0,3+ Cars,No injury/unknown,ROADWAY SURFACE CONDITION,39.17904,-86.530848
12,2,2300.0,2-Car,No injury/unknown,UNSAFE SPEED,39.17904,-86.532096
12,5,1300.0,2-Car,No injury/unknown,FOLLOWING TOO CLOSELY,39.17904,-86.530848
10,4,1200.0,2-Car,No injury/unknown,FAILURE TO YIELD RIGHT OF WAY,39.17904,-86.532096
11,3,1700.0,2-Car,No injury/unknown,OTHER (DRIVER) - EXPLAIN IN NARRATIVE,39.17904,-86.532096
12,5,600.0,2-Car,No injury/unknown,OTHER (DRIVER) - EXPLAIN IN NARRATIVE,39.17904,-86.5284
8,1,100.0,2-Car,No injury/unknown,FAILURE TO YIELD RIGHT OF WAY,39.17904,-86.530848
10,2,1400.0,2-Car,No injury/unknown,DRIVER DISTRACTED - EXPLAIN IN NARRATIVE,39.17903915,-86.5419896
3,7,1900.0,2-Car,Non-incapacitating,FOLLOWING TOO CLOSELY,39.17903858,-86.54191867
1,6,2300.0,2-Car,Non-incapacitating,FOLLOWING TOO CLOSELY,39.17903787,-86.54183
2,6,1500.0,2-Car,No injury/unknown,UNSAFE BACKING,39.17903055,-86.52769073
9,4,1700.0,2-Car,No injury/unknown,FAILURE TO YIELD RIGHT OF WAY,39.17902868,-86.54068003
2,5,1400.0,2-Car,No injury/unknown,UNSAFE BACKING,39.17902864,-86.53471974
5,4,1600.0,2-Car,No injury/unknown,FAILURE TO YIELD RIGHT OF WAY,39.17902778,-86.52748371
6,7,1300.0,2-Car,No injury/unknown,UNSAFE BACKING,39.17902563,-86.54030008
1,3,1800.0,2-Car,No injury/unknown,LEFT OF CENTER,39.179024,-86.5272
1,7,1900.0,2-Car,No injury/unknown,FAILURE TO YIELD RIGHT OF WAY,39.179024,-86.53997069
10,7,200.0,2-Car,No injury/unknown,OTHER (DRIVER) - EXPLAIN IN NARRATIVE,39.179024,-86.539616