Month,Day,Hour,Collision Type,Injury Type,Primary Factor,Latitude,Longitude
2,7,200.0,2-Car,No injury/unknown,ALCOHOLIC BEVERAGES,39.179024,-86.5272
12,3,1800.0,2-Car,No injury/unknown,IMPROPER PASSING,39.17902311,-86.53956498
8,3,700.0,2-Car,No injury/unknown,OTHER (DRIVER) - EXPLAIN IN NARRATIVE,39.17902089,-86.5394387
2,1,1500.0,2-Car,No injury/unknown,UNSAFE BACKING,39.17901892,-86.53779162
8,6,0.0,2-Car,No injury/unknown,OTHER (DRIVER) - EXPLAIN IN NARRATIVE,39.17901845,-86.53238694
10,4,1700.0,2-Car,Non-incapacitating,FOLLOWING TOO CLOSELY,39.17901812,-86.53067292
8,5,1600.0,3+ Cars,Non-incapacitating,FOLLOWING TOO CLOSELY,39.17901778,-86.53067024
3,7,1200.0,2-Car,No injury/unknown,UNSAFE BACKING,39.17901461,-86.53064485
1,7,1100.0,1-Car,No injury/unknown,OTHER (DRIVER) - EXPLAIN IN NARRATIVE,39.179008,-86.525888
3,2,1500.0,2-Car,No injury/unknown,UNSAFE BACKING,39.179008,-86.525888
4,5,700.0,1-Car,No injury/unknown,DRIVER DISTRACTED - EXPLAIN IN NARRATIVE,39.179008,-86.525888
8,3,1900.0,Bus,No injury/unknown,UNSAFE BACKING,39.179008,-86.525888
5,5,1400.0,2-Car,No injury/unknown,,39.179008,-86.525888
6,3,1000.0,2-Car,Non-incapacitating,FOLLOWING TOO CLOSELY,39.179008,-86.525888
10,7,1100.0,2-Car,No injury/unknown,OTHER (DRIVER) - EXPLAIN IN NARRATIVE,39.179008,-86.525888
8,6,1700.0,2-Car,No injury/unknown,FAILURE TO YIELD RIGHT OF WAY,39.179,-86.5453286
2,2,1700.0,2-Car,No injury/unknown,OTHER (VEHICLE) - EXPLAIN IN NARRATIVE,39.178992,-86.532744
2,1,2200.0,2-Car,No injury/unknown,FAILURE TO YIELD RIGHT OF WAY,39.178992,-86.532744
4,6,1100.0,2-Car,No injury/unknown,UNSAFE BACKING,39.178992,-86.532744
3,6,1600.0,2-Car,No injury/unknown,FOLLOWING TOO CLOSELY,39.178992,-86.523504
7,2,1100.0,3+ Cars,No injury/unknown,ROADWAY SURFACE CONDITION,39.178992,-86.523504
9,4,1500.0,Bus,No injury/unknown,OTHER (DRIVER) - EXPLAIN IN NARRATIVE,39.178992,-86.532744
9,3,1200.0,2-Car,No injury/unknown,,39.178992,-86.532744
12,4,900.0,2-Car,No injury/unknown,UNSAFE BACKING,39.178992,-86.532744
9,7,1500.0,2-Car,No injury/unknown,,39.178992,-86.523504
12,4,1900.0,Pedestrian,Non-incapacitating,,39.178992,-86.523504
9,5,1800.0,2-Car,No injury/unknown,IMPROPER TURNING,39.178992,-86.537792
3,3,2200.0,2-Car,No injury/unknown,OTHER (DRIVER) - EXPLAIN IN NARRATIVE,39.1789871,-86.52316604
9,7,1000.0,2-Car,No injury/unknown,FAILURE TO YIELD RIGHT OF WAY,39.178976,-86.536032
12,3,2300.0,2-Car,No injury/unknown,IMPROPER LANE USAGE,39.178976,-86.536032
5,5,2000.0,2-Car,No injury/unknown,OTHER (DRIVER) - EXPLAIN IN NARRATIVE,39.17897062,-86.52940482
4,6,1100.0,2-Car,Non-incapacitating,FOLLOWING TOO CLOSELY,39.1789626,-86.53493279
5,3,1400.0,2-Car,No injury/unknown,IMPROPER LANE USAGE,39.17896,-86.53472
9,2,1100.0,2-Car,No injury/unknown,UNSAFE BACKING,39.17896,-86.521088
9,1,1600.0,2-Car,No injury/unknown,UNSAFE BACKING,39.17896,-86.521088
3,4,1600.0,3+ Cars,Non-incapacitating,FOLLOWING TOO CLOSELY,39.17896,-86.521088
3,4,1000.0,2-Car,No injury/unknown,DISREGARD SIGNAL/REG SIGN,39.17896,-86.53472
4,4,1800.0,2-Car,No injury/unknown,FAILURE TO YIELD RIGHT OF WAY,39.17896,-86.53472
10,2,1300.0,2-Car,No injury/unknown,FOLLOWING TOO CLOSELY,39.17896,-86.521088
7,5,1300.0,2-Car,No injury/unknown,FAILURE TO YIELD RIGHT OF WAY,39.17896,-86.53472
7,2,1700.0,2-Car,No injury/unknown,FAILURE TO YIELD RIGHT OF WAY,39.17896,-86.53472
12,6,1600.0,2-Car,No injury/unknown,OTHER (DRIVER) - EXPLAIN IN NARRATIVE,39.17896,-86.521088
12,4,2000.0,Bus,No injury/unknown,FAILURE TO YIELD RIGHT OF WAY,39.17896,-86.521088
9,4,2100.0,2-Car,No injury/unknown,DISREGARD SIGNAL/REG SIGN,39.17896,-86.53472
12,2,1200.0,2-Car,No injury/unknown,IMPROPER LANE USAGE,39.17896,-86.53472
12,5,1800.0,2-Car,No injury/unknown,FAILURE TO YIELD RIGHT OF WAY,39.17896,-86.53472
5,6,1200.0,2-Car,No injury/unknown,IMPROPER LANE USAGE,39.17896,-86.521088
4,5,1700.0,2-Car,No injury/unknown,FAILURE TO YIELD RIGHT OF WAY,39.17895729,-86.52091069
4,6,1400.0,2-Car,No injury/unknown,FAILURE TO YIELD RIGHT OF WAY,39.17895729,-86.52091069
5,4,200.0,2-Car,No injury/unknown,UNSAFE BACKING,39.17895065,-86.52955121
1,4,2200.0,2-Car,No injury/unknown,FAILURE TO YIELD RIGHT OF WAY,39.178944,-86.533392
4,5,700.0,3+ Cars,Non-incapacitating,FOLLOWING TOO CLOSELY,39.178944,-86.5296
1,4,900.0,2-Car,No injury/unknown,LEFT OF CENTER,39.178944,-86.5296
3,2,1200.0,2-Car,No injury/unknown,DISREGARD SIGNAL/REG SIGN,39.178944,-86.533392
3,3,1200.0,2-Car,No injury/unknown,FAILURE TO YIELD RIGHT OF WAY,39.178944,-86.533392
5,5,700.0,2-Car,No injury/unknown,DISREGARD SIGNAL/REG SIGN,39.178944,-86.533392
4,7,1600.0,2-Car,No injury/unknown,ROADWAY SURFACE CONDITION,39.178944,-86.533392
6,4,1100.0,2-Car,Non-incapacitating,DISREGARD SIGNAL/REG SIGN,39.178944,-86.533392
6,4,700.0,2-Car,No injury/unknown,FOLLOWING TOO CLOSELY,39.178944,-86.5296
6,7,1500.0,2-Car,No injury/unknown,FOLLOWING TOO CLOSELY,39.178944,-86.533392
8,1,1900.0,2-Car,No injury/unknown,ILLEGAL DRUGS,39.178944,-86.5296
9,5,1600.0,2-Car,No injury/unknown,DISREGARD SIGNAL/REG SIGN,39.178944,-86.533392
10,5,1400.0,2-Car,No injury/unknown,FOLLOWING TOO CLOSELY,39.178944,-86.5296
11,5,1100.0,2-Car,No injury/unknown,OTHER (DRIVER) - EXPLAIN IN NARRATIVE,39.178944,-86.533392
10,2,0.0,2-Car,No injury/unknown,DISREGARD SIGNAL/REG SIGN,39.178944,-86.533392
12,2,1200.0,2-Car,Incapacitating,OTHER (DRIVER) - EXPLAIN IN NARRATIVE,39.178944,-86.533392
10,3,1500.0,2-Car,No injury/unknown,SPEED TOO FAST FOR WEATHER CONDITIONS,39.178944,-86.533392
11,3,1000.0,2-Car,No injury/unknown,DISREGARD SIGNAL/REG SIGN,39.178944,-86.533392
2,7,0.0,1-Car,No injury/unknown,ALCOHOLIC BEVERAGES,39.17893613,-86.51952393
2,6,1500.0,2-Car,No injury/unknown,FOLLOWING TOO CLOSELY,39.17892935,-86.51908065
1,7,1400.0,2-Car,Non-incapacitating,DISREGARD SIGNAL/REG SIGN,39.178928,-86.518992
8,1,1800.0,2-Car,No injury/unknown,FOLLOWING TOO CLOSELY,39.178928,-86.518992
9,5,900.0,2-Car,No injury/unknown,FOLLOWING TOO CLOSELY,39.178928,-86.518992
3,1,200.0,2-Car,No injury/unknown,ALCOHOLIC BEVERAGES,39.178928,-86.518992
4,7,2300.0,2-Car,No injury/unknown,ALCOHOLIC BEVERAGES,39.178928,-86.518992
11,5,900.0,2-Car,No injury/unknown,SPEED TOO FAST FOR WEATHER CONDITIONS,39.178928,-86.518992
9,5,2100.0,3+ Cars,Non-incapacitating,FAILURE TO YIELD RIGHT OF WAY,39.178928,-86.518992
9,2,900.0,1-Car,Non-incapacitating,LEFT OF CENTER,39.178928,-86.518992
10,6,2200.0,2-Car,No injury/unknown,FAILURE TO YIELD RIGHT OF WAY,39.178928,-86.518992
11,7,1400.0,2-Car,No injury/unknown,DRIVER DISTRACTED - EXPLAIN IN NARRATIVE,39.178928,-86.518992
3,4,1700.0,2-Car,No injury/unknown,FAILURE TO YIELD RIGHT OF WAY,39.178928,-86.518992
11,5,2000.0,1-Car,No injury/unknown,RAN OFF ROAD RIGHT,39.17892146,-86.51846004
11,2,1900.0,1-Car,Non-incapacitating,ANIMAL/OBJECT IN ROADWAY,39.17891928,-86.51828272
10,3,1700.0,3+ Cars,No injury/unknown,SPEED TOO FAST FOR WEATHER CONDITIONS,39.17891492,-86.51792807
2,2,1600.0,2-Car,No injury/unknown,UNSAFE BACKING,39.17887129,-86.51438724
3,6,1200.0,2-Car,Non-incapacitating,UNSAFE SPEED,39.178848,-86.51197472
2,2,1000.0,2-Car,No injury/unknown,IMPROPER TURNING,39.178848,-86.511088
1,5,1800.0,3+ Cars,Non-incapacitating,FOLLOWING TOO CLOSELY,39.178848,-86.51144269
2,3,1900.0,2-Car,No injury/unknown,UNSAFE BACKING,39.178848,-86.511088
1,3,2200.0,1-Car,No injury/unknown,OTHER (DRIVER) - EXPLAIN IN NARRATIVE,39.178848,-86.511088
3,3,1400.0,2-Car,No injury/unknown,UNSAFE BACKING,39.178848,-86.511088
12,3,0.0,2-Car,Non-incapacitating,SPEED TOO FAST FOR WEATHER CONDITIONS,39.178848,-86.511088
11,3,2100.0,2-Car,No injury/unknown,FOLLOWING TOO CLOSELY,39.178848,-86.511088
12,6,900.0,2-Car,No injury/unknown,UNSAFE SPEED,39.178848,-86.51126534
10,3,1500.0,3+ Cars,No injury/unknown,FOLLOWING TOO CLOSELY,39.178848,-86.511088
11,3,2100.0,2-Car,No injury/unknown,FAILURE TO YIELD RIGHT OF WAY,39.178848,-86.511088
10,3,1700.0,2-Car,No injury/unknown,ROADWAY SURFACE CONDITION,39.178848,-86.51144269
2,2,1200.0,Bus,No injury/unknown,IMPROPER TURNING,39.178848,-86.511088
3,3,900.0,2-Car,No injury/unknown,FOLLOWING TOO CLOSELY,39.17883604,-86.56212716
3,4,800.0,2-Car,No injury/unknown,OTHER (DRIVER) - EXPLAIN IN NARRATIVE,39.17876555,-86.53339459
3,6,1400.0,2-Car,No injury/unknown,FAILURE TO YIELD RIGHT OF WAY,39.1787495,-86.52719296
6,6,1000.0,1-Car,Non-incapacitating,,39.17853029,-86.53604343
9,3,700.0,2-Car,No injury/unknown,UNSAFE BACKING,39.17801519,-86.536048
9,6,1600.0,2-Car,Non-incapacitating,IMPROPER PASSING,39.17785115,-86.53340784
7,2,2100.0,2-Car,No injury/unknown,FOLLOWING TOO CLOSELY,39.17784,-86.533408
10,7,1100.0,2-Car,No injury/unknown,FAILURE TO YIELD RIGHT OF WAY,39.17784,-86.533408
2,7,0.0,2-Car,No injury/unknown,OTHER (DRIVER) - EXPLAIN IN NARRATIVE,39.177792,-86.530864
5,4,1800.0,2-Car,No injury/unknown,VIEW OBSTRUCTED,39.177792,-86.530864
10,5,1700.0,2-Car,No injury/unknown,UNSAFE BACKING,39.17778906,-86.53063184
11,4,,2-Car,No injury/unknown,OTHER (DRIVER) - EXPLAIN IN NARRATIVE,39.17775065,-86.52858587
5,5,800.0,2-Car,No injury/unknown,FOLLOWING TOO CLOSELY,39.177744,-86.53776
10,5,2200.0,1-Car,No injury/unknown,ALCOHOLIC BEVERAGES,39.177648,-86.562
9,5,1000.0,2-Car,No injury/unknown,IMPROPER PASSING,39.17757799,-86.53473063
10,3,1500.0,2-Car,No injury/unknown,SPEED TOO FAST FOR WEATHER CONDITIONS,39.17755585,-86.56120156
4,5,1700.0,1-Car,No injury/unknown,OVERCORRECTING/OVERSTEERING,39.17755585,-86.56120156
3,6,1700.0,2-Car,No injury/unknown,OTHER (DRIVER) - EXPLAIN IN NARRATIVE,39.177552,-86.547104
5,2,1800.0,2-Car,Non-incapacitating,DRIVER ILLNESS,39.17746958,-86.53774902
11,2,1100.0,3+ Cars,Non-incapacitating,ROADWAY SURFACE CONDITION,39.17744454,-86.56133339
5,5,1900.0,3+ Cars,No injury/unknown,ALCOHOLIC BEVERAGES,39.17737358,-86.47737396
3,2,1200.0,2-Car,No injury/unknown,IMPROPER PASSING,39.177248,-86.512496
2,5,1800.0,2-Car,No injury/unknown,FAILURE TO YIELD RIGHT OF WAY,39.177248,-86.512496
9,2,900.0,1-Car,Non-incapacitating,NONE (DRIVER),39.177248,-86.512496
9,5,1600.0,2-Car,No injury/unknown,IMPROPER TURNING,39.177248,-86.512496
9,4,1800.0,3+ Cars,No injury/unknown,FOLLOWING TOO CLOSELY,39.177248,-86.512496
5,3,800.0,2-Car,No injury/unknown,OTHER (DRIVER) - EXPLAIN IN NARRATIVE,39.177248,-86.512496
10,6,1500.0,Bus,No injury/unknown,FOLLOWING TOO CLOSELY,39.177248,-86.512496
12,5,1400.0,2-Car,Non-incapacitating,FAILURE TO YIELD RIGHT OF WAY,39.177248,-86.512496
8,1,200.0,2-Car,No injury/unknown,IMPROPER PASSING,39.17724453,-86.56246718
4,6,1100.0,2-Car,Non-incapacitating,DRIVER DISTRACTED - EXPLAIN IN NARRATIVE,39.17720909,-86.47765759
2,7,100.0,1-Car,No injury/unknown,OTHER (ENVIRONMENTAL) - EXPLAIN IN NARR,39.17718144,-86.542199
9,7,,2-Car,No injury/unknown,,39.177152,-86.52750668
12,3,1300.0,2-Car,Non-incapacitating,DRIVER ASLEEP OR FATIGUED,39.17715111,-86.56168094
3,7,1200.0,2-Car,No injury/unknown,IMPROPER LANE USAGE,39.17707896,-86.526899
3,2,1900.0,2-Car,No injury/unknown,FOLLOWING TOO CLOSELY,39.17704993,-86.56180078
11,5,1000.0,2-Car,No injury/unknown,UNSAFE BACKING,39.17698511,-86.52827516
3,2,1000.0,1-Car,Non-incapacitating,LEFT OF CENTER,39.17697821,-86.55870034
2,1,1400.0,2-Car,No injury/unknown,OTHER (DRIVER) - EXPLAIN IN NARRATIVE,39.17694874,-86.56192063
1,1,1400.0,2-Car,Non-incapacitating,OTHER (DRIVER) - EXPLAIN IN NARRATIVE,39.17694874,-86.56192063
3,4,1000.0,2-Car,No injury/unknown,VIEW OBSTRUCTED,39.176944,-86.528272
12,6,2300.0,2-Car,No injury/unknown,ROADWAY SURFACE CONDITION,39.17691984,-86.53647151
10,2,2300.0,2-Car,No injury/unknown,FAILURE TO YIELD RIGHT OF WAY,39.176896,-86.53088
5,7,2200.0,2-Car,No injury/unknown,UNSAFE BACKING,39.17688,-86.534736
1,5,800.0,2-Car,No injury/unknown,DISREGARD SIGNAL/REG SIGN,39.176848,-86.478192
4,5,1200.0,2-Car,Non-incapacitating,FOLLOWING TOO CLOSELY,39.176848,-86.478192
10,6,1000.0,2-Car,No injury/unknown,UNSAFE BACKING,39.176848,-86.55036571
6,2,1300.0,2-Car,No injury/unknown,UNSAFE BACKING,39.176848,-86.55036571
3,3,2100.0,2-Car,No injury/unknown,FAILURE TO YIELD RIGHT OF WAY,39.176848,-86.478192
4,5,1700.0,2-Car,No injury/unknown,FAILURE TO YIELD RIGHT OF WAY,39.176848,-86.478192
2,1,2000.0,2-Car,No injury/unknown,IMPROPER LANE USAGE,39.176848,-86.478192
5,7,2000.0,2-Car,Non-incapacitating,FOLLOWING TOO CLOSELY,39.176848,-86.478192
6,3,1100.0,2-Car,No injury/unknown,DRIVER DISTRACTED - EXPLAIN IN NARRATIVE,39.176848,-86.478192
7,6,900.0,2-Car,No injury/unknown,OTHER (DRIVER) - EXPLAIN IN NARRATIVE,39.176848,-86.478192
12,4,1300.0,2-Car,Non-incapacitating,FAILURE TO YIELD RIGHT OF WAY,39.176848,-86.478192
12,2,1300.0,2-Car,No injury/unknown,FOLLOWING TOO CLOSELY,39.176848,-86.478192
11,4,1700.0,2-Car,No injury/unknown,FOLLOWING TOO CLOSELY,39.176848,-86.478192
9,7,1800.0,2-Car,Non-incapacitating,IMPROPER LANE USAGE,39.176848,-86.478192
9,2,1600.0,2-Car,No injury/unknown,IMPROPER LANE USAGE,39.176848,-86.478192
9,3,1500.0,2-Car,No injury/unknown,FAILURE TO YIELD RIGHT OF WAY,39.176848,-86.478192
10,5,1000.0,2-Car,No injury/unknown,OTHER (DRIVER) - EXPLAIN IN NARRATIVE,39.176848,-86.478192
9,1,1500.0,2-Car,No injury/unknown,IMPROPER PASSING,39.176848,-86.478192
9,5,1600.0,2-Car,No injury/unknown,FAILURE TO YIELD RIGHT OF WAY,39.176848,-86.478192
2,7,900.0,2-Car,No injury/unknown,IMPROPER LANE USAGE,39.17677387,-86.516399
10,2,1500.0,3+ Cars,No injury/unknown,FOLLOWING TOO CLOSELY,39.17674637,-86.56216031
11,6,1200.0,3+ Cars,No injury/unknown,OTHER (DRIVER) - EXPLAIN IN NARRATIVE,39.17674637,-86.56216031
9,7,1600.0,2-Car,No injury/unknown,UNSAFE BACKING,39.1766931,-86.523504
2,1,1200.0,2-Car,Non-incapacitating,OTHER (DRIVER) - EXPLAIN IN NARRATIVE,39.17664519,-86.56228016
3,4,1100.0,2-Car,No injury/unknown,FAILURE TO YIELD RIGHT OF WAY,39.17664,-86.537712
3,6,1500.0,2-Car,No injury/unknown,FAILURE TO YIELD RIGHT OF WAY,39.17664,-86.537712
1,4,1700.0,2-Car,No injury/unknown,UNSAFE BACKING,39.176592,-86.522472
11,5,900.0,2-Car,No injury/unknown,FAILURE TO YIELD RIGHT OF WAY,39.176544,-86.5624
3,1,1600.0,2-Car,No injury/unknown,OTHER (DRIVER) - EXPLAIN IN NARRATIVE,39.176544,-86.5624
2,5,1900.0,3+ Cars,No injury/unknown,FOLLOWING TOO CLOSELY,39.176544,-86.5624
3,7,0.0,2-Car,Non-incapacitating,IMPROPER LANE USAGE,39.176544,-86.5624
4,3,1300.0,2-Car,No injury/unknown,DISREGARD SIGNAL/REG SIGN,39.176544,-86.5624
6,7,1200.0,2-Car,Non-incapacitating,FOLLOWING TOO CLOSELY,39.176544,-86.5624
4,4,2000.0,2-Car,Non-incapacitating,SPEED TOO FAST FOR WEATHER CONDITIONS,39.176544,-86.5624
4,7,1600.0,2-Car,Non-incapacitating,SPEED TOO FAST FOR WEATHER CONDITIONS,39.176544,-86.5624
6,2,1200.0,2-Car,No injury/unknown,OTHER (DRIVER) - EXPLAIN IN NARRATIVE,39.176544,-86.5624
6,6,1300.0,3+ Cars,No injury/unknown,OTHER (DRIVER) - EXPLAIN IN NARRATIVE,39.176544,-86.5624
7,1,1600.0,2-Car,No injury/unknown,IMPROPER LANE USAGE,39.176544,-86.5624
7,5,500.0,2-Car,No injury/unknown,OTHER (DRIVER) - EXPLAIN IN NARRATIVE,39.176544,-86.5624
11,3,1100.0,2-Car,Non-incapacitating,SPEED TOO FAST FOR WEATHER CONDITIONS,39.176544,-86.5624
7,2,1100.0,3+ Cars,Incapacitating,FAILURE TO YIELD RIGHT OF WAY,39.176544,-86.5624
8,6,1600.0,2-Car,No injury/unknown,FOLLOWING TOO CLOSELY,39.176544,-86.5624
9,1,1600.0,2-Car,Non-incapacitating,DISREGARD SIGNAL/REG SIGN,39.176544,-86.5624
3,3,1300.0,2-Car,Non-incapacitating,BRAKE FAILURE OR DEFECTIVE,39.176544,-86.5624
8,2,800.0,2-Car,Non-incapacitating,DISREGARD SIGNAL/REG SIGN,39.176544,-86.5624
12,3,700.0,2-Car,No injury/unknown,LEFT OF CENTER,39.176544,-86.5624
1,7,1800.0,2-Car,Non-incapacitating,FAILURE TO YIELD RIGHT OF WAY,39.17635885,-86.56266189
11,3,1200.0,2-Car,Non-incapacitating,FOLLOWING TOO CLOSELY,39.17632183,-86.56271427
10,2,1200.0,1-Car,No injury/unknown,ROADWAY SURFACE CONDITION,39.17631257,-86.56272737
1,2,1100.0,2-Car,No injury/unknown,IMPROPER TURNING,39.17622653,-86.5334351
2,3,1400.0,1-Car,No injury/unknown,DRIVER DISTRACTED - EXPLAIN IN NARRATIVE,39.17619882,-86.52583918
3,5,1700.0,2-Car,No injury/unknown,FAILURE TO YIELD RIGHT OF WAY,39.176192,-86.52712
4,1,1500.0,2-Car,Incapacitating,FAILURE TO YIELD RIGHT OF WAY,39.176192,-86.52712
4,7,1600.0,2-Car,Non-incapacitating,FAILURE TO YIELD RIGHT OF WAY,39.176192,-86.52712
9,5,1400.0,2-Car,Non-incapacitating,FAILURE TO YIELD RIGHT OF WAY,39.176192,-86.52712
11,5,1300.0,2-Car,Non-incapacitating,FAILURE TO YIELD RIGHT OF WAY,39.176192,-86.52712
1,5,1900.0,2-Car,No injury/unknown,FOLLOWING TOO CLOSELY,39.17617371,-86.56292379
8,6,700.0,2-Car,Non-incapacitating,FOLLOWING TOO CLOSELY,39.17617371,-86.56292379
8,6,1500.0,2-Car,Non-incapacitating,FAILURE TO YIELD RIGHT OF WAY,39.17617371,-86.56292379
6,5,1700.0,2-Car,No injury/unknown,SPEED TOO FAST FOR WEATHER CONDITIONS,39.17617371,-86.56292379
4,5,1400.0,2-Car,No injury/unknown,SPEED TOO FAST FOR WEATHER CONDITIONS,39.17608113,-86.56305473
4,6,1900.0,2-Car,No injury/unknown,UNSAFE BACKING,39.176016,-86.53608
10,4,2000.0,2-Car,No injury/unknown,UNSAFE BACKING,39.176016,-86.5296
11,3,1700.0,2-Car,Non-incapacitating,DISREGARD SIGNAL/REG SIGN,39.176,-86.530896
4,7,1600.0,2-Car,No injury/unknown,FAILURE TO YIELD RIGHT OF WAY,39.176,-86.530896
10,7,1200.0,2-Car,Non-incapacitating,SPEED TOO FAST FOR WEATHER CONDITIONS,39.17598856,-86.56318568
5,1,2300.0,1-Car,No injury/unknown,RAN OFF ROAD RIGHT,39.175984,-86.534736
8,1,,2-Car,No injury/unknown,OTHER (DRIVER) - EXPLAIN IN NARRATIVE,39.175968,-86.532288
2,7,1500.0,2-Car,No injury/unknown,OTHER (DRIVER) - EXPLAIN IN NARRATIVE,39.17595693,-86.53308539
2,4,2200.0,2-Car,Non-incapacitating,IMPROPER LANE USAGE,39.175952,-86.53344
4,7,1800.0,2-Car,No injury/unknown,FAILURE TO YIELD RIGHT OF WAY,39.175952,-86.53344
2,1,1300.0,1-Car,No injury/unknown,OTHER (DRIVER) - EXPLAIN IN NARRATIVE,39.175952,-86.53344
1,3,1800.0,2-Car,No injury/unknown,FAILURE TO YIELD RIGHT OF WAY,39.175952,-86.53344
4,6,1900.0,2-Car,No injury/unknown,FAILURE TO YIELD RIGHT OF WAY,39.175952,-86.53344
4,6,1600.0,2-Car,Non-incapacitating,FAILURE TO YIELD RIGHT OF WAY,39.175952,-86.53344
8,1,1700.0,2-Car,Incapacitating,FAILURE TO YIELD RIGHT OF WAY,39.175952,-86.53344
11,5,1100.0,2-Car,No injury/unknown,FAILURE TO YIELD RIGHT OF WAY,39.175952,-86.538512
12,1,1200.0,1-Car,Non-incapacitating,FAILURE TO YIELD RIGHT OF WAY,39.175952,-86.53344
8,2,1100.0,2-Car,No injury/unknown,FAILURE TO YIELD RIGHT OF WAY,39.175952,-86.53344
1,7,,3+ Cars,No injury/unknown,,39.17588669,-86.53608359
3,4,2000.0,1-Car,No injury/unknown,OTHER (DRIVER) - EXPLAIN IN NARRATIVE,39.17587563,-86.582995
9,6,1400.0,2-Car,No injury/unknown,FAILURE TO YIELD RIGHT OF WAY,39.17587563,-86.582995
10,5,1700.0,2-Car,No injury/unknown,FOLLOWING TOO CLOSELY,39.17580341,-86.56344756
9,3,1400.0,2-Car,No injury/unknown,UNSAFE BACKING,39.175688,-86.520984
10,3,1800.0,2-Car,No injury/unknown,UNSAFE BACKING,39.175688,-86.520984
11,3,2300.0,2-Car,No injury/unknown,OTHER (DRIVER) - EXPLAIN IN NARRATIVE,39.17564441,-86.52710727
10,3,1700.0,2-Car,No injury/unknown,SPEED TOO FAST FOR WEATHER CONDITIONS,39.17561826,-86.56370945
10,3,1700.0,2-Car,No injury/unknown,SPEED TOO FAST FOR WEATHER CONDITIONS,39.17561826,-86.56370945
3,6,1400.0,3+ Cars,Non-incapacitating,BRAKE FAILURE OR DEFECTIVE,39.17561826,-86.56370945
12,4,700.0,1-Car,No injury/unknown,OTHER (DRIVER) - EXPLAIN IN NARRATIVE,39.17561826,-86.56370945
5,3,1700.0,2-Car,No injury/unknown,UNSAFE SPEED,39.17561826,-86.56370945
10,6,0.0,1-Car,No injury/unknown,ALCOHOLIC BEVERAGES,39.175552,-86.528192
9,5,1400.0,2-Car,No injury/unknown,FAILURE TO YIELD RIGHT OF WAY,39.175528,-86.527648
1,5,1300.0,3+ Cars,No injury/unknown,FAILURE TO YIELD RIGHT OF WAY,39.175504,-86.527104
2,6,1400.0,2-Car,No injury/unknown,FAILURE TO YIELD RIGHT OF WAY,39.175504,-86.527104
9,2,1000.0,2-Car,No injury/unknown,DISREGARD SIGNAL/REG SIGN,39.175504,-86.527104
4,3,1800.0,2-Car,No injury/unknown,FAILURE TO YIELD RIGHT OF WAY,39.175504,-86.527104
4,6,1700.0,1-Car,Non-incapacitating,FAILURE TO YIELD RIGHT OF WAY,39.175504,-86.527104
12,5,700.0,Bus,Non-incapacitating,FAILURE TO YIELD RIGHT OF WAY,39.175504,-86.527104
8,7,2200.0,2-Car,Non-incapacitating,FAILURE TO YIELD RIGHT OF WAY,39.175504,-86.527104
7,5,1200.0,2-Car,No injury/unknown,FAILURE TO YIELD RIGHT OF WAY,39.175504,-86.527104
9,6,2200.0,2-Car,No injury/unknown,FAILURE TO YIELD RIGHT OF WAY,39.175504,-86.527104
9,3,1800.0,2-Car,No injury/unknown,FAILURE TO YIELD RIGHT OF WAY,39.175504,-86.527104
6,7,1600.0,2-Car,No injury/unknown,FAILURE TO YIELD RIGHT OF WAY,39.175504,-86.527104
9,6,1700.0,2-Car,No injury/unknown,FAILURE TO YIELD RIGHT OF WAY,39.175504,-86.527104
2,4,1600.0,2-Car,No injury/unknown,DISREGARD SIGNAL/REG SIGN,39.175504,-86.527104
10,6,1200.0,2-Car,Non-incapacitating,FAILURE TO YIELD RIGHT OF WAY,39.175504,-86.527104
12,6,2100.0,2-Car,No injury/unknown,FAILURE TO YIELD RIGHT OF WAY,39.175504,-86.527104
10,3,1700.0,2-Car,No injury/unknown,FAILURE TO YIELD RIGHT OF WAY,39.175504,-86.527104
12,4,1900.0,2-Car,Non-incapacitating,FAILURE TO YIELD RIGHT OF WAY,39.175504,-86.527104
11,3,1300.0,2-Car,No injury/unknown,FAILURE TO YIELD RIGHT OF WAY,39.175504,-86.527104
4,3,1200.0,2-Car,No injury/unknown,FAILURE TO YIELD RIGHT OF WAY,39.175504,-86.527104
3,7,1700.0,1-Car,No injury/unknown,OTHER (DRIVER) - EXPLAIN IN NARRATIVE,39.17547655,-86.527104
2,7,1800.0,2-Car,No injury/unknown,UNSAFE BACKING,39.17544,-86.525824
6,7,0.0,1-Car,No injury/unknown,ALCOHOLIC BEVERAGES,39.17544,-86.556512
2,6,300.0,1-Car,No injury/unknown,ALCOHOLIC BEVERAGES,39.17543496,-86.53474656
4,5,1500.0,2-Car,No injury/unknown,FAILURE TO YIELD RIGHT OF WAY,39.175232,-86.520976
10,7,1900.0,2-Car,No injury/unknown,FAILURE TO YIELD RIGHT OF WAY,39.175232,-86.520976
9,5,1900.0,2-Car,No injury/unknown,FAILURE TO YIELD RIGHT OF WAY,39.175232,-86.520976
10,6,1400.0,2-Car,No injury/unknown,FAILURE TO YIELD RIGHT OF WAY,39.175232,-86.520976