Month,Day,Hour,Collision Type,Injury Type,Primary Factor,Latitude,Longitude
10,6,2000.0,2-Car,No injury/unknown,DISREGARD SIGNAL/REG SIGN,39.175232,-86.520976
12,3,2100.0,2-Car,No injury/unknown,FAILURE TO YIELD RIGHT OF WAY,39.175232,-86.520976
11,6,100.0,1-Car,No injury/unknown,ALCOHOLIC BEVERAGES,39.175152,-86.518992
9,6,1500.0,2-Car,No injury/unknown,OTHER (DRIVER) - EXPLAIN IN NARRATIVE,39.175152,-86.518992
11,5,1900.0,2-Car,No injury/unknown,FOLLOWING TOO CLOSELY,39.175152,-86.518992
2,2,1600.0,2-Car,No injury/unknown,FOLLOWING TOO CLOSELY,39.17504,-86.556496
8,4,1000.0,1-Car,No injury/unknown,OTHER (DRIVER) - EXPLAIN IN NARRATIVE,39.17504,-86.556496
5,6,1500.0,1-Car,No injury/unknown,SPEED TOO FAST FOR WEATHER CONDITIONS,39.17487767,-86.56475699
2,1,1600.0,2-Car,No injury/unknown,OTHER (DRIVER) - EXPLAIN IN NARRATIVE,39.17479935,-86.534752
10,3,1600.0,3+ Cars,Non-incapacitating,SPEED TOO FAST FOR WEATHER CONDITIONS,39.17469251,-86.56501887
3,3,1300.0,2-Car,Non-incapacitating,IMPROPER LANE USAGE,39.174582,-86.582999
3,1,1800.0,2-Car,No injury/unknown,OTHER (DRIVER) - EXPLAIN IN NARRATIVE,39.174448,-86.529696
11,6,1800.0,2-Car,No injury/unknown,FAILURE TO YIELD RIGHT OF WAY,39.1744229,-86.52708912
4,7,400.0,3+ Cars,Non-incapacitating,ALCOHOLIC BEVERAGES,39.174416,-86.530992
10,2,,2-Car,No injury/unknown,,39.174416,-86.530992
1,7,300.0,2-Car,No injury/unknown,LEFT OF CENTER,39.174368,-86.527088
1,5,1800.0,2-Car,Non-incapacitating,FAILURE TO YIELD RIGHT OF WAY,39.174368,-86.527088
3,5,2200.0,2-Car,Non-incapacitating,OTHER TELEMATICS IN USE,39.174368,-86.527088
11,2,1800.0,2-Car,Non-incapacitating,VIEW OBSTRUCTED,39.174368,-86.527088
8,7,1600.0,2-Car,Non-incapacitating,IMPROPER TURNING,39.174352,-86.533472
6,2,1400.0,2-Car,No injury/unknown,FAILURE TO YIELD RIGHT OF WAY,39.174352,-86.547104
10,7,1600.0,1-Car,No injury/unknown,RAN OFF ROAD RIGHT,39.174352,-86.5536
10,7,1400.0,2-Car,No injury/unknown,IMPROPER LANE USAGE,39.174352,-86.552592
11,2,900.0,2-Car,No injury/unknown,IMPROPER TURNING,39.174352,-86.533472
6,4,100.0,1-Car,Non-incapacitating,ALCOHOLIC BEVERAGES,39.17424,-86.522496
7,5,1100.0,Moped/Motorcycle,Non-incapacitating,FAILURE TO YIELD RIGHT OF WAY,39.174202,-86.582999
12,5,1200.0,3+ Cars,No injury/unknown,FAILURE TO YIELD RIGHT OF WAY,39.174202,-86.582999
11,2,900.0,2-Car,No injury/unknown,FOLLOWING TOO CLOSELY,39.17410279,-86.51890076
4,5,1500.0,3+ Cars,No injury/unknown,FOLLOWING TOO CLOSELY,39.17407747,-86.53347598
2,1,400.0,1-Car,No injury/unknown,OTHER (DRIVER) - EXPLAIN IN NARRATIVE,39.1740484,-86.48170484
4,6,2000.0,1-Car,No injury/unknown,ANIMAL/OBJECT IN ROADWAY,39.1740484,-86.48170484
2,2,1300.0,2-Car,No injury/unknown,UNSAFE SPEED,39.174048,-86.518896
11,6,1300.0,2-Car,Non-incapacitating,FAILURE TO YIELD RIGHT OF WAY,39.174048,-86.518896
4,4,1700.0,1-Car,No injury/unknown,OTHER (DRIVER) - EXPLAIN IN NARRATIVE,39.174048,-86.518896
11,5,800.0,2-Car,No injury/unknown,SPEED TOO FAST FOR WEATHER CONDITIONS,39.174048,-86.518896
11,2,,3+ Cars,Non-incapacitating,SPEED TOO FAST FOR WEATHER CONDITIONS,39.174048,-86.518896
10,4,1500.0,2-Car,Non-incapacitating,FAILURE TO YIELD RIGHT OF WAY,39.174048,-86.518896
10,5,1400.0,2-Car,No injury/unknown,,39.174048,-86.518896
3,6,800.0,2-Car,No injury/unknown,IMPROPER TURNING,39.17396932,-86.51837381
6,2,1700.0,2-Car,No injury/unknown,FOLLOWING TOO CLOSELY,39.17391097,-86.51888546
2,3,1100.0,2-Car,No injury/unknown,FAILURE TO YIELD RIGHT OF WAY,39.17383818,-86.51750349
12,4,700.0,1-Car,No injury/unknown,ROADWAY SURFACE CONDITION,39.17376675,-86.56632825
9,4,1500.0,2-Car,No injury/unknown,UNSAFE BACKING,39.17361781,-86.55033008
2,4,800.0,1-Car,Non-incapacitating,UNSAFE SPEED,39.17358351,-86.48215369
11,2,1800.0,2-Car,Non-incapacitating,FAILURE TO YIELD RIGHT OF WAY,39.173552,-86.515488
4,2,1400.0,2-Car,No injury/unknown,DISREGARD SIGNAL/REG SIGN,39.173552,-86.515488
5,6,1900.0,2-Car,No injury/unknown,DISREGARD SIGNAL/REG SIGN,39.173552,-86.515488
7,3,1900.0,2-Car,No injury/unknown,ROADWAY SURFACE CONDITION,39.173552,-86.515488
10,3,1500.0,2-Car,No injury/unknown,DISREGARD SIGNAL/REG SIGN,39.173552,-86.515488
12,7,1500.0,2-Car,No injury/unknown,FOLLOWING TOO CLOSELY,39.173552,-86.515488
11,6,2200.0,1-Car,No injury/unknown,RAN OFF ROAD RIGHT,39.17353048,-86.48194047
9,5,1600.0,2-Car,No injury/unknown,UNSAFE BACKING,39.17352972,-86.51540414
5,2,1900.0,1-Car,No injury/unknown,,39.17352972,-86.51540414
4,2,1700.0,2-Car,No injury/unknown,IMPROPER TURNING,39.17350743,-86.51532028
7,6,1500.0,2-Car,No injury/unknown,OTHER (DRIVER) - EXPLAIN IN NARRATIVE,39.17346529,-86.56977222
5,4,900.0,2-Car,No injury/unknown,UNSAFE SPEED,39.17344265,-86.51550112
12,6,,2-Car,No injury/unknown,UNSAFE BACKING,39.17344,-86.528288
2,1,1900.0,2-Car,No injury/unknown,FAILURE TO YIELD RIGHT OF WAY,39.17344,-86.523616
2,2,1600.0,2-Car,No injury/unknown,FAILURE TO YIELD RIGHT OF WAY,39.17344,-86.527056
10,4,700.0,3+ Cars,No injury/unknown,FAILURE TO YIELD RIGHT OF WAY,39.17344,-86.520944
4,6,1700.0,2-Car,Non-incapacitating,DISREGARD SIGNAL/REG SIGN,39.17344,-86.527056
3,7,,2-Car,No injury/unknown,OTHER (DRIVER) - EXPLAIN IN NARRATIVE,39.17344,-86.52456425
5,6,800.0,2-Car,No injury/unknown,WRONG WAY ON ONE WAY,39.17344,-86.530992
4,6,2200.0,3+ Cars,No injury/unknown,OTHER (DRIVER) - EXPLAIN IN NARRATIVE,39.17344,-86.529696
4,3,900.0,2-Car,No injury/unknown,FAILURE TO YIELD RIGHT OF WAY,39.17344,-86.529696
8,6,1200.0,2-Car,Non-incapacitating,FAILURE TO YIELD RIGHT OF WAY,39.17344,-86.527056
11,5,2100.0,2-Car,No injury/unknown,FAILURE TO YIELD RIGHT OF WAY,39.17344,-86.523616
9,5,1700.0,2-Car,No injury/unknown,DISREGARD SIGNAL/REG SIGN,39.17344,-86.529696
10,4,500.0,2-Car,No injury/unknown,FAILURE TO YIELD RIGHT OF WAY,39.17344,-86.520944
12,3,1200.0,2-Car,No injury/unknown,DISREGARD SIGNAL/REG SIGN,39.17344,-86.524672
2,5,900.0,2-Car,No injury/unknown,LEFT OF CENTER,39.17341642,-86.55515469
9,2,1600.0,2-Car,No injury/unknown,IMPROPER LANE USAGE,39.17340547,-86.54207086
2,5,800.0,Bus,No injury/unknown,PASSENGER DISTRACTION,39.173344,-86.549792
3,2,1500.0,2-Car,No injury/unknown,FAILURE TO YIELD RIGHT OF WAY,39.173344,-86.543792
4,3,1300.0,2-Car,Non-incapacitating,FAILURE TO YIELD RIGHT OF WAY,39.173344,-86.544272
5,6,1600.0,2-Car,No injury/unknown,IMPROPER TURNING,39.173344,-86.555104
6,7,800.0,2-Car,No injury/unknown,UNSAFE BACKING,39.173344,-86.54734825
7,4,1500.0,2-Car,No injury/unknown,FOLLOWING TOO CLOSELY,39.173344,-86.549296
7,4,1600.0,2-Car,No injury/unknown,FAILURE TO YIELD RIGHT OF WAY,39.173344,-86.555104
10,2,1100.0,2-Car,Non-incapacitating,OTHER (DRIVER) - EXPLAIN IN NARRATIVE,39.173344,-86.543792
3,7,1300.0,2-Car,No injury/unknown,BRAKE FAILURE OR DEFECTIVE,39.17331437,-86.534752
2,6,1800.0,2-Car,No injury/unknown,FOLLOWING TOO CLOSELY,39.173232,-86.534752
12,4,900.0,2-Car,No injury/unknown,OTHER (DRIVER) - EXPLAIN IN NARRATIVE,39.173232,-86.534752
2,1,1800.0,2-Car,No injury/unknown,IMPROPER TURNING,39.17321668,-86.53594681
7,3,1200.0,2-Car,Non-incapacitating,UNSAFE BACKING,39.173216,-86.536
6,3,900.0,2-Car,Non-incapacitating,FAILURE TO YIELD RIGHT OF WAY,39.17320651,-86.53653185
1,3,1000.0,2-Car,No injury/unknown,FAILURE TO YIELD RIGHT OF WAY,39.173184,-86.538528
5,3,800.0,2-Car,No injury/unknown,DISREGARD SIGNAL/REG SIGN,39.173184,-86.538528
10,5,2100.0,2-Car,No injury/unknown,FAILURE TO YIELD RIGHT OF WAY,39.173184,-86.538528
9,6,1800.0,2-Car,No injury/unknown,DISREGARD SIGNAL/REG SIGN,39.173184,-86.538528
6,6,1600.0,2-Car,No injury/unknown,FOLLOWING TOO CLOSELY,39.17317709,-86.53475259
5,7,800.0,2-Car,No injury/unknown,FAILURE TO YIELD RIGHT OF WAY,39.173152,-86.5408
3,3,2200.0,2-Car,No injury/unknown,UNSAFE BACKING,39.17297448,-86.51331469
4,2,1600.0,2-Car,No injury/unknown,OTHER (DRIVER) - EXPLAIN IN NARRATIVE,39.17297448,-86.51331469
5,5,1900.0,2-Car,Non-incapacitating,UNSAFE BACKING,39.17297448,-86.51331469
9,2,1600.0,1-Car,No injury/unknown,OTHER (DRIVER) - EXPLAIN IN NARRATIVE,39.17297448,-86.51331469
9,2,2100.0,2-Car,No injury/unknown,OTHER (DRIVER) - EXPLAIN IN NARRATIVE,39.17281455,-86.51879273
2,3,1800.0,2-Car,No injury/unknown,FAILURE TO YIELD RIGHT OF WAY,39.17278694,-86.52704294
11,2,1700.0,2-Car,Non-incapacitating,UNSAFE BACKING,39.17275429,-86.52358857
10,5,1100.0,Moped/Motorcycle,No injury/unknown,FAILURE TO YIELD RIGHT OF WAY,39.172752,-86.543792
3,5,2000.0,1-Car,Non-incapacitating,UNSAFE SPEED,39.172752,-86.482288
12,3,700.0,2-Car,No injury/unknown,FAILURE TO YIELD RIGHT OF WAY,39.172752,-86.482288
11,2,2100.0,2-Car,No injury/unknown,FAILURE TO YIELD RIGHT OF WAY,39.172752,-86.482288
11,1,1400.0,2-Car,No injury/unknown,LEFT OF CENTER,39.172704,-86.655888
2,3,1200.0,2-Car,No injury/unknown,OTHER (DRIVER) - EXPLAIN IN NARRATIVE,39.17264,-86.52951867
4,3,1700.0,2-Car,Non-incapacitating,FAILURE TO YIELD RIGHT OF WAY,39.17264,-86.52464
6,6,1500.0,2-Car,No injury/unknown,FAILURE TO YIELD RIGHT OF WAY,39.17264,-86.522432
1,5,1700.0,2-Car,No injury/unknown,FAILURE TO YIELD RIGHT OF WAY,39.17264,-86.528272
2,5,1400.0,2-Car,No injury/unknown,FAILURE TO YIELD RIGHT OF WAY,39.17264,-86.522432
3,2,1600.0,2-Car,No injury/unknown,FAILURE TO YIELD RIGHT OF WAY,39.17264,-86.52704
4,1,0.0,2-Car,No injury/unknown,FAILURE TO YIELD RIGHT OF WAY,39.17264,-86.52704
7,5,1500.0,2-Car,No injury/unknown,OVERCORRECTING/OVERSTEERING,39.17264,-86.520928
10,4,1600.0,Bus,No injury/unknown,WRONG WAY ON ONE WAY,39.17264,-86.523584
11,4,1400.0,2-Car,No injury/unknown,UNSAFE BACKING,39.17264,-86.520928
12,2,0.0,2-Car,Non-incapacitating,ALCOHOLIC BEVERAGES,39.17264,-86.533504
7,3,1500.0,2-Car,No injury/unknown,IMPROPER TURNING,39.17264,-86.475872
11,1,1600.0,2-Car,No injury/unknown,FAILURE TO YIELD RIGHT OF WAY,39.17264,-86.523584
2,2,1600.0,2-Car,No injury/unknown,OTHER (DRIVER) - EXPLAIN IN NARRATIVE,39.17264,-86.522432
10,5,1100.0,2-Car,No injury/unknown,IMPROPER TURNING,39.17262803,-86.55379641
8,6,1700.0,2-Car,No injury/unknown,,39.17255766,-86.52242943
1,5,2000.0,2-Car,No injury/unknown,ROADWAY SURFACE CONDITION,39.17247002,-86.48267572
2,6,2100.0,1-Car,No injury/unknown,DISREGARD SIGNAL/REG SIGN,39.172399,-86.510294
10,2,1300.0,2-Car,Non-incapacitating,DISREGARD SIGNAL/REG SIGN,39.172336,-86.548192
10,2,1600.0,2-Car,No injury/unknown,OTHER (DRIVER) - EXPLAIN IN NARRATIVE,39.172336,-86.548192
11,1,400.0,2-Car,No injury/unknown,ALCOHOLIC BEVERAGES,39.172336,-86.549192
12,6,1300.0,2-Car,Non-incapacitating,DISREGARD SIGNAL/REG SIGN,39.1723,-86.573699
5,3,800.0,3+ Cars,No injury/unknown,,39.17217763,-86.53854302
7,7,1700.0,3+ Cars,Non-incapacitating,FOLLOWING TOO CLOSELY,39.17216519,-86.48388043
2,6,600.0,2-Car,No injury/unknown,UNSAFE BACKING,39.17209633,-86.582992
7,2,1900.0,2-Car,No injury/unknown,OTHER (DRIVER) - EXPLAIN IN NARRATIVE,39.17209633,-86.582992
8,6,2200.0,2-Car,No injury/unknown,ALCOHOLIC BEVERAGES,39.17198525,-86.48686738
3,1,200.0,1-Car,No injury/unknown,ALCOHOLIC BEVERAGES,39.17195453,-86.52702858
1,7,100.0,2-Car,No injury/unknown,UNSAFE BACKING,39.17192245,-86.53476608
12,1,1400.0,2-Car,No injury/unknown,NONE (DRIVER),39.171921,-86.57264
10,6,700.0,2-Car,Non-incapacitating,FAILURE TO YIELD RIGHT OF WAY,39.17184,-86.487488
7,1,1800.0,2-Car,Non-incapacitating,FOLLOWING TOO CLOSELY,39.17184,-86.582992
9,3,1600.0,2-Car,No injury/unknown,IMPROPER LANE USAGE,39.17181449,-86.57475826
2,6,1600.0,2-Car,Non-incapacitating,DRIVER DISTRACTED - EXPLAIN IN NARRATIVE,39.17181449,-86.57476692
1,2,100.0,2-Car,No injury/unknown,FOLLOWING TOO CLOSELY,39.171744,-86.53352
1,7,100.0,1-Car,No injury/unknown,IMPROPER TURNING,39.171744,-86.534768
6,3,1400.0,2-Car,No injury/unknown,IMPROPER TURNING,39.171744,-86.534768
2,4,1800.0,2-Car,No injury/unknown,FAILURE TO YIELD RIGHT OF WAY,39.171744,-86.53352
5,7,1700.0,2-Car,No injury/unknown,FAILURE TO YIELD RIGHT OF WAY,39.171744,-86.53352
4,3,1600.0,2-Car,No injury/unknown,FAILURE TO YIELD RIGHT OF WAY,39.171744,-86.534768
6,2,1900.0,3+ Cars,No injury/unknown,FAILURE TO YIELD RIGHT OF WAY,39.171744,-86.534768
7,6,1700.0,Moped/Motorcycle,Non-incapacitating,OTHER (DRIVER) - EXPLAIN IN NARRATIVE,39.171744,-86.53352
7,6,800.0,2-Car,No injury/unknown,FAILURE TO YIELD RIGHT OF WAY,39.171744,-86.53352
5,1,1000.0,2-Car,No injury/unknown,IMPROPER TURNING,39.171744,-86.534768
5,6,1300.0,2-Car,No injury/unknown,DISREGARD SIGNAL/REG SIGN,39.171744,-86.53352
10,5,1400.0,2-Car,No injury/unknown,UNSAFE BACKING,39.171744,-86.53352
7,4,1000.0,2-Car,No injury/unknown,OTHER (DRIVER) - EXPLAIN IN NARRATIVE,39.171744,-86.534768
10,2,1100.0,2-Car,No injury/unknown,FAILURE TO YIELD RIGHT OF WAY,39.171744,-86.534768
9,3,1700.0,2-Car,No injury/unknown,FAILURE TO YIELD RIGHT OF WAY,39.171744,-86.534768
9,6,1200.0,1-Car,No injury/unknown,OTHER (ENVIRONMENTAL) - EXPLAIN IN NARR,39.171744,-86.534768
9,6,1100.0,1-Car,No injury/unknown,OTHER (ENVIRONMENTAL) - EXPLAIN IN NARR,39.171744,-86.534768
9,4,100.0,2-Car,No injury/unknown,FAILURE TO YIELD RIGHT OF WAY,39.171744,-86.534768
10,1,1600.0,2-Car,No injury/unknown,FAILURE TO YIELD RIGHT OF WAY,39.171744,-86.53352
1,7,200.0,1-Car,No injury/unknown,ALCOHOLIC BEVERAGES,39.17174147,-86.53334271
9,4,1300.0,2-Car,No injury/unknown,FAILURE TO YIELD RIGHT OF WAY,39.171736,-86.53296
6,1,1100.0,2-Car,No injury/unknown,FAILURE TO YIELD RIGHT OF WAY,39.17171655,-86.534768
1,5,1100.0,2-Car,No injury/unknown,FAILURE TO YIELD RIGHT OF WAY,39.171712,-86.530992
2,7,200.0,2-Car,No injury/unknown,DISREGARD SIGNAL/REG SIGN,39.171712,-86.530992
3,4,1800.0,2-Car,Non-incapacitating,FAILURE TO YIELD RIGHT OF WAY,39.171712,-86.530992
4,2,2200.0,2-Car,Non-incapacitating,FAILURE TO YIELD RIGHT OF WAY,39.171712,-86.530992
8,4,1400.0,2-Car,No injury/unknown,FAILURE TO YIELD RIGHT OF WAY,39.171712,-86.530992
4,6,1500.0,2-Car,Non-incapacitating,FAILURE TO YIELD RIGHT OF WAY,39.1717,-86.575599
11,6,1400.0,2-Car,No injury/unknown,FAILURE TO YIELD RIGHT OF WAY,39.1717,-86.575599
9,7,,1-Car,Non-incapacitating,OTHER (DRIVER) - EXPLAIN IN NARRATIVE,39.1717,-86.528295
12,1,1600.0,2-Car,No injury/unknown,UNSAFE BACKING,39.1717,-86.575599
2,7,100.0,2-Car,Non-incapacitating,ALCOHOLIC BEVERAGES,39.171696,-86.529696
4,6,1500.0,2-Car,No injury/unknown,FAILURE TO YIELD RIGHT OF WAY,39.171696,-86.529696
5,6,1200.0,2-Car,No injury/unknown,FAILURE TO YIELD RIGHT OF WAY,39.171696,-86.529696
10,6,2000.0,2-Car,Non-incapacitating,FAILURE TO YIELD RIGHT OF WAY,39.171696,-86.529696
10,5,1400.0,2-Car,Non-incapacitating,UNSAFE SPEED,39.171696,-86.529696
10,4,1500.0,2-Car,No injury/unknown,FAILURE TO YIELD RIGHT OF WAY,39.171696,-86.529696
3,6,1300.0,2-Car,No injury/unknown,IMPROPER LANE USAGE,39.17168909,-86.534768
4,4,1600.0,2-Car,No injury/unknown,OTHER (DRIVER) - EXPLAIN IN NARRATIVE,39.17168,-86.527024
2,4,1000.0,2-Car,No injury/unknown,OTHER (DRIVER) - EXPLAIN IN NARRATIVE,39.17168,-86.527024
11,2,2200.0,2-Car,Non-incapacitating,ROADWAY SURFACE CONDITION,39.17168,-86.528256
2,6,100.0,2-Car,No injury/unknown,FAILURE TO YIELD RIGHT OF WAY,39.17168,-86.527024
5,2,1400.0,2-Car,No injury/unknown,FOLLOWING TOO CLOSELY,39.17168,-86.52822054
8,2,1400.0,2-Car,No injury/unknown,UNSAFE SPEED,39.17168,-86.5270772
6,7,100.0,2-Car,No injury/unknown,UNSAFE BACKING,39.17168,-86.52802971
9,7,2100.0,3+ Cars,No injury/unknown,FOLLOWING TOO CLOSELY,39.17168,-86.528256
11,5,1800.0,2-Car,Non-incapacitating,FAILURE TO YIELD RIGHT OF WAY,39.17168,-86.528256
8,3,1500.0,2-Car,Non-incapacitating,FAILURE TO YIELD RIGHT OF WAY,39.17168,-86.528256
10,6,1500.0,2-Car,No injury/unknown,LEFT OF CENTER,39.17168,-86.527024
11,2,0.0,2-Car,No injury/unknown,ALCOHOLIC BEVERAGES,39.17168,-86.52802971
4,2,1700.0,3+ Cars,No injury/unknown,FOLLOWING TOO CLOSELY,39.17167664,-86.52675805
4,7,2100.0,2-Car,No injury/unknown,IMPROPER TURNING,39.171664,-86.52576
8,4,1300.0,2-Car,Non-incapacitating,FAILURE TO YIELD RIGHT OF WAY,39.171664,-86.52576
8,4,1000.0,2-Car,No injury/unknown,IMPROPER TURNING,39.17166164,-86.534768
11,6,1000.0,2-Car,No injury/unknown,IMPROPER TURNING,39.17166164,-86.534768
9,7,1400.0,2-Car,Non-incapacitating,FOLLOWING TOO CLOSELY,39.17165046,-86.5247853
9,4,1600.0,2-Car,No injury/unknown,FOLLOWING TOO CLOSELY,39.17164849,-86.52464346
7,6,1300.0,2-Car,No injury/unknown,UNSAFE BACKING,39.17164801,-86.50673335
7,7,1800.0,1-Car,No injury/unknown,HOLES/RUTS IN SURFACE,39.17164801,-86.50683975
4,6,1500.0,1-Car,No injury/unknown,OTHER (DRIVER) - EXPLAIN IN NARRATIVE,39.171648,-86.50691068
2,4,1000.0,2-Car,No injury/unknown,FAILURE TO YIELD RIGHT OF WAY,39.171648,-86.502096
10,6,400.0,1-Car,Non-incapacitating,RAN OFF ROAD RIGHT,39.171648,-86.502096
4,6,1900.0,1-Car,Non-incapacitating,RAN OFF ROAD RIGHT,39.171648,-86.524608
3,3,1200.0,2-Car,No injury/unknown,UNSAFE BACKING,39.171648,-86.50435515
3,2,1900.0,2-Car,No injury/unknown,DISREGARD SIGNAL/REG SIGN,39.171648,-86.502096
3,5,1900.0,2-Car,Non-incapacitating,FAILURE TO YIELD RIGHT OF WAY,39.171648,-86.502096
6,7,1400.0,2-Car,No injury/unknown,UNSAFE BACKING,39.171648,-86.50271545
6,3,1600.0,3+ Cars,No injury/unknown,FOLLOWING TOO CLOSELY,39.171648,-86.502096
8,2,900.0,2-Car,No injury/unknown,UNSAFE BACKING,39.171648,-86.507088
11,3,800.0,2-Car,No injury/unknown,ROADWAY SURFACE CONDITION,39.171648,-86.507088
9,7,1900.0,2-Car,Non-incapacitating,FAILURE TO YIELD RIGHT OF WAY,39.171648,-86.524608
11,3,1500.0,2-Car,No injury/unknown,FOLLOWING TOO CLOSELY,39.171648,-86.507088
12,6,1800.0,2-Car,No injury/unknown,OTHER (DRIVER) - EXPLAIN IN NARRATIVE,39.171648,-86.502096
10,5,1600.0,2-Car,No injury/unknown,OTHER (DRIVER) - EXPLAIN IN NARRATIVE,39.171648,-86.507088
11,3,1400.0,2-Car,No injury/unknown,FAILURE TO YIELD RIGHT OF WAY,39.171648,-86.502096
8,3,1700.0,2-Car,Non-incapacitating,FAILURE TO YIELD RIGHT OF WAY,39.171648,-86.502096
8,6,700.0,2-Car,No injury/unknown,FAILURE TO YIELD RIGHT OF WAY,39.171648,-86.502096
9,6,1000.0,2-Car,No injury/unknown,FAILURE TO YIELD RIGHT OF WAY,39.171648,-86.502096
10,6,1000.0,2-Car,Non-incapacitating,FAILURE TO YIELD RIGHT OF WAY,39.171648,-86.502096
10,6,900.0,3+ Cars,No injury/unknown,OTHER (DRIVER) - EXPLAIN IN NARRATIVE,39.171648,-86.502096
12,6,2200.0,2-Car,Non-incapacitating,FAILURE TO YIELD RIGHT OF WAY,39.171648,-86.502096
10,3,1800.0,2-Car,Non-incapacitating,FOLLOWING TOO CLOSELY,39.171648,-86.524608
10,2,1700.0,2-Car,Non-incapacitating,VIEW OBSTRUCTED,39.17164669,-86.52452049
3,2,1700.0,2-Car,No injury/unknown,UNSAFE BACKING,39.17164539,-86.50196904
9,5,1000.0,2-Car,Non-incapacitating,IMPROPER LANE USAGE,39.17164435,-86.50191826
12,3,1700.0,2-Car,No injury/unknown,UNSAFE BACKING,39.17163913,-86.50166435
11,3,2300.0,2-Car,Non-incapacitating,NONE (DRIVER),39.17163332,-86.52362465
9,6,1500.0,2-Car,No injury/unknown,FOLLOWING TOO CLOSELY,39.17163332,-86.52362465
3,2,2100.0,2-Car,No injury/unknown,DRIVER DISTRACTED - EXPLAIN IN NARRATIVE,39.171632,-86.52353600000001
6,5,800.0,2-Car,No injury/unknown,UNSAFE BACKING,39.171632,-86.52353600000001
11,6,100.0,2-Car,No injury/unknown,FAILURE TO YIELD RIGHT OF WAY,39.171632,-86.52353600000001
2,7,0.0,2-Car,Non-incapacitating,DISREGARD SIGNAL/REG SIGN,39.171632,-86.52353600000001
3,4,1600.0,Bus,Non-incapacitating,PEDESTRIAN ACTION,39.171632,-86.52353600000001
6,7,1100.0,2-Car,Non-incapacitating,FOLLOWING TOO CLOSELY,39.171632,-86.52353600000001
9,4,2100.0,3+ Cars,No injury/unknown,FOLLOWING TOO CLOSELY,39.171632,-86.52353600000001
8,4,300.0,2-Car,No injury/unknown,LEFT OF CENTER,39.171632,-86.52353600000001
9,6,1700.0,2-Car,No injury/unknown,FAILURE TO YIELD RIGHT OF WAY,39.171632,-86.52353600000001
10,6,1300.0,2-Car,Non-incapacitating,FOLLOWING TOO CLOSELY,39.171632,-86.52353600000001
2,2,2300.0,2-Car,Non-incapacitating,FAILURE TO YIELD RIGHT OF WAY,39.171632,-86.52353600000001
11,5,1500.0,2-Car,No injury/unknown,SPEED TOO FAST FOR WEATHER CONDITIONS,39.17163125,-86.52348281
4,4,1600.0,2-Car,No injury/unknown,UNSAFE BACKING,39.1716305,-86.52342962
4,5,1300.0,3+ Cars,No injury/unknown,SPEED TOO FAST FOR WEATHER CONDITIONS,39.1716295,-86.5233587
4,6,1400.0,3+ Cars,Non-incapacitating,FOLLOWING TOO CLOSELY,39.17162191,-86.50082644
8,3,1200.0,2-Car,No injury/unknown,FAILURE TO YIELD RIGHT OF WAY,39.17162191,-86.50082644
10,6,1200.0,2-Car,No injury/unknown,SPEED TOO FAST FOR WEATHER CONDITIONS,39.17162191,-86.50082644
5,3,1700.0,1-Car,No injury/unknown,IMPROPER TURNING,39.17162034,-86.5157198
5,3,800.0,3+ Cars,Non-incapacitating,UNSAFE SPEED,39.1716185,-86.5225773
4,3,1500.0,2-Car,No injury/unknown,OTHER (DRIVER) - EXPLAIN IN NARRATIVE,39.171616,-86.5224
11,5,900.0,2-Car,Non-incapacitating,SPEED TOO FAST FOR WEATHER CONDITIONS,39.171616,-86.5224
4,6,300.0,1-Car,Non-incapacitating,ALCOHOLIC BEVERAGES,39.17161158,-86.50032337
2,4,900.0,2-Car,No injury/unknown,IMPROPER TURNING,39.17160672,-86.534768
11,5,1400.0,2-Car,No injury/unknown,SPEED TOO FAST FOR WEATHER CONDITIONS,39.17160227,-86.52110877
12,6,1800.0,3+ Cars,No injury/unknown,SPEED TOO FAST FOR WEATHER CONDITIONS,39.17160113,-86.52100239
3,7,1500.0,2-Car,No injury/unknown,FOLLOWING TOO CLOSELY,39.17160076,-86.52096692
6,3,1000.0,Bus,No injury/unknown,UNSAFE SPEED,39.17160038,-86.52093146
3,2,1200.0,2-Car,No injury/unknown,DISREGARD SIGNAL/REG SIGN,39.1716,-86.513894
5,6,1300.0,2-Car,No injury/unknown,SPEED TOO FAST FOR WEATHER CONDITIONS,39.1716,-86.520896
3,2,1300.0,2-Car,No injury/unknown,UNSAFE SPEED,39.1716,-86.520896
6,6,1300.0,2-Car,No injury/unknown,FAILURE TO YIELD RIGHT OF WAY,39.1716,-86.50511198
2,6,1400.0,2-Car,No injury/unknown,UNSAFE SPEED,39.1716,-86.51389227
3,6,1300.0,2-Car,No injury/unknown,FOLLOWING TOO CLOSELY,39.1716,-86.51559467
4,5,1100.0,3+ Cars,Non-incapacitating,DRIVER DISTRACTED - EXPLAIN IN NARRATIVE,39.1716,-86.51391995
5,3,1300.0,2-Car,Non-incapacitating,UNSAFE SPEED,39.1716,-86.51559987
4,4,1600.0,2-Car,No injury/unknown,FOLLOWING TOO CLOSELY,39.1716,-86.514019