Month,Day,Hour,Collision Type,Injury Type,Primary Factor,Latitude,Longitude
11,2,900.0,2-Car,No injury/unknown,DISREGARD SIGNAL/REG SIGN,39.1716,-86.513894
12,5,1300.0,2-Car,Non-incapacitating,OTHER (DRIVER) - EXPLAIN IN NARRATIVE,39.1716,-86.520896
10,1,1600.0,2-Car,Non-incapacitating,FAILURE TO YIELD RIGHT OF WAY,39.1716,-86.514574
10,1,1500.0,3+ Cars,Non-incapacitating,FOLLOWING TOO CLOSELY,39.1716,-86.520896
9,7,1400.0,2-Car,No injury/unknown,OTHER (DRIVER) - EXPLAIN IN NARRATIVE,39.1716,-86.520896
9,2,800.0,2-Car,Non-incapacitating,FOLLOWING TOO CLOSELY,39.1716,-86.513894
9,5,1400.0,2-Car,Non-incapacitating,FAILURE TO YIELD RIGHT OF WAY,39.1716,-86.51390784
7,5,1600.0,2-Car,Non-incapacitating,FOLLOWING TOO CLOSELY,39.1716,-86.51389141
8,3,2100.0,2-Car,No injury/unknown,NONE (ENVIRONMENTAL),39.1716,-86.520896
12,5,1400.0,2-Car,No injury/unknown,UNSAFE BACKING,39.1716,-86.520896
10,2,2100.0,2-Car,No injury/unknown,FOLLOWING TOO CLOSELY,39.1716,-86.520896
10,1,1900.0,2-Car,Non-incapacitating,FOLLOWING TOO CLOSELY,39.1716,-86.520896
9,4,1400.0,Bus,No injury/unknown,IMPROPER TURNING,39.17159084,-86.52353418
12,3,1200.0,2-Car,No injury/unknown,DRIVER DISTRACTED - EXPLAIN IN NARRATIVE,39.17158657,-86.51904263
2,2,1900.0,2-Car,No injury/unknown,IMPROPER TURNING,39.171584,-86.518688
5,1,0.0,2-Car,Non-incapacitating,FAILURE TO YIELD RIGHT OF WAY,39.171584,-86.518688
11,3,0.0,2-Car,No injury/unknown,FAILURE TO YIELD RIGHT OF WAY,39.171584,-86.518688
3,6,,2-Car,No injury/unknown,FOLLOWING TOO CLOSELY,39.171584,-86.518688
2,2,1900.0,2-Car,No injury/unknown,UNSAFE BACKING,39.171584,-86.518688
10,3,1000.0,1-Car,No injury/unknown,FAILURE TO YIELD RIGHT OF WAY,39.171584,-86.518688
11,3,1200.0,2-Car,No injury/unknown,FOLLOWING TOO CLOSELY,39.171584,-86.518688
3,3,1500.0,2-Car,No injury/unknown,OTHER (VEHICLE) - EXPLAIN IN NARRATIVE,39.171584,-86.518688
4,4,1800.0,2-Car,No injury/unknown,FAILURE TO YIELD RIGHT OF WAY,39.171584,-86.518688
3,4,900.0,2-Car,No injury/unknown,UNSAFE SPEED,39.171584,-86.518688
5,1,2100.0,2-Car,No injury/unknown,OTHER (DRIVER) - EXPLAIN IN NARRATIVE,39.171584,-86.518688
4,1,2300.0,2-Car,No injury/unknown,DISREGARD SIGNAL/REG SIGN,39.171584,-86.518688
8,2,1700.0,2-Car,Non-incapacitating,FOLLOWING TOO CLOSELY,39.171584,-86.518688
11,4,1000.0,2-Car,No injury/unknown,UNSAFE BACKING,39.171584,-86.518688
9,6,1800.0,2-Car,No injury/unknown,FAILURE TO YIELD RIGHT OF WAY,39.171584,-86.518688
11,2,1700.0,2-Car,No injury/unknown,FOLLOWING TOO CLOSELY,39.171584,-86.518688
10,4,1700.0,2-Car,No injury/unknown,FAILURE TO YIELD RIGHT OF WAY,39.171584,-86.518688
9,7,1400.0,2-Car,Non-incapacitating,FOLLOWING TOO CLOSELY,39.171584,-86.518688
10,2,2200.0,2-Car,Non-incapacitating,FAILURE TO YIELD RIGHT OF WAY,39.171584,-86.518688
11,2,1900.0,2-Car,No injury/unknown,FAILURE TO YIELD RIGHT OF WAY,39.171584,-86.518688
10,6,2200.0,2-Car,No injury/unknown,ALCOHOLIC BEVERAGES,39.17158323,-86.51861708
5,2,1500.0,2-Car,No injury/unknown,FOLLOWING TOO CLOSELY,39.17158285,-86.51858162
1,3,1200.0,2-Car,No injury/unknown,FAILURE TO YIELD RIGHT OF WAY,39.17158139,-86.51844637
7,5,1500.0,2-Car,No injury/unknown,UNSAFE BACKING,39.17158139,-86.51844637
2,5,1600.0,2-Car,No injury/unknown,FOLLOWING TOO CLOSELY,39.17158055,-86.51836885
4,4,1600.0,3+ Cars,No injury/unknown,FOLLOWING TOO CLOSELY,39.17158017,-86.51833338
2,3,1400.0,1-Car,No injury/unknown,UNSAFE BACKING,39.17157747,-86.51808392
5,7,1300.0,2-Car,No injury/unknown,UNSAFE BACKING,39.17157747,-86.51808392
3,1,1500.0,2-Car,No injury/unknown,FAILURE TO YIELD RIGHT OF WAY,39.17157747,-86.51808392
3,2,1400.0,2-Car,No injury/unknown,UNSAFE SPEED,39.17157747,-86.51808392
8,3,1100.0,2-Car,No injury/unknown,UNSAFE BACKING,39.17157747,-86.51808392
12,4,1400.0,Bus,No injury/unknown,OTHER (DRIVER) - EXPLAIN IN NARRATIVE,39.17157251,-86.51762415
4,6,1100.0,2-Car,No injury/unknown,IMPROPER TURNING,39.17157118,-86.51750108
4,7,1100.0,2-Car,Non-incapacitating,OTHER (DRIVER) - EXPLAIN IN NARRATIVE,39.17155967,-86.51643723
12,4,1200.0,2-Car,Non-incapacitating,FOLLOWING TOO CLOSELY,39.1715591,-86.51638404
5,5,1000.0,2-Car,No injury/unknown,ROADWAY SURFACE CONDITION,39.17155495,-86.50207276
3,5,1700.0,2-Car,No injury/unknown,FOLLOWING TOO CLOSELY,39.17155488,-86.51599396
11,6,1700.0,2-Car,Non-incapacitating,OTHER (DRIVER) - EXPLAIN IN NARRATIVE,39.171552,-86.515728
12,4,1300.0,2-Car,No injury/unknown,FOLLOWING TOO CLOSELY,39.171552,-86.515728
3,2,1800.0,2-Car,No injury/unknown,FOLLOWING TOO CLOSELY,39.171552,-86.515728
3,6,2000.0,3+ Cars,No injury/unknown,FOLLOWING TOO CLOSELY,39.171552,-86.515728
4,6,1400.0,2-Car,No injury/unknown,OTHER (DRIVER) - EXPLAIN IN NARRATIVE,39.171552,-86.515728
4,3,1000.0,2-Car,No injury/unknown,FOLLOWING TOO CLOSELY,39.171552,-86.515728
11,3,1200.0,2-Car,No injury/unknown,ROADWAY SURFACE CONDITION,39.171552,-86.515728
9,3,2000.0,2-Car,No injury/unknown,FOLLOWING TOO CLOSELY,39.171552,-86.515728
10,6,2300.0,3+ Cars,Non-incapacitating,SPEED TOO FAST FOR WEATHER CONDITIONS,39.171552,-86.515728
9,3,1900.0,2-Car,Non-incapacitating,DISREGARD SIGNAL/REG SIGN,39.171552,-86.515728
10,3,1100.0,Bus,Non-incapacitating,PEDESTRIAN ACTION,39.171552,-86.515728
12,2,1200.0,2-Car,No injury/unknown,SPEED TOO FAST FOR WEATHER CONDITIONS,39.171552,-86.515728
11,2,2200.0,2-Car,Non-incapacitating,,39.171552,-86.515728
12,7,1800.0,2-Car,No injury/unknown,FAILURE TO YIELD RIGHT OF WAY,39.171552,-86.515728
3,4,1200.0,2-Car,No injury/unknown,FOLLOWING TOO CLOSELY,39.17155151,-86.51569254
6,7,1000.0,1-Car,No injury/unknown,UNSAFE SPEED,39.17154968,-86.52353237
9,5,1700.0,2-Car,No injury/unknown,FOLLOWING TOO CLOSELY,39.17154953,-86.5155507
6,3,1600.0,2-Car,No injury/unknown,OTHER (DRIVER) - EXPLAIN IN NARRATIVE,39.17153964,-86.51484152
11,1,2300.0,1-Car,No injury/unknown,ANIMAL/OBJECT IN ROADWAY,39.17153149,-86.49637533
9,3,2100.0,2-Car,No injury/unknown,FOLLOWING TOO CLOSELY,39.1715269,-86.50937731
10,1,2200.0,2-Car,No injury/unknown,UNSAFE BACKING,39.1715269,-86.50937731
1,3,200.0,1-Car,No injury/unknown,ANIMAL/OBJECT IN ROADWAY,39.17152072,-86.49584353
5,5,1900.0,3+ Cars,Incapacitating,ALCOHOLIC BEVERAGES,39.17150972,-86.49548917
1,1,1200.0,2-Car,No injury/unknown,FOLLOWING TOO CLOSELY,39.171504,-86.49513468
2,5,2000.0,2-Car,No injury/unknown,FAILURE TO YIELD RIGHT OF WAY,39.171504,-86.495312
3,6,1300.0,2-Car,No injury/unknown,IMPROPER TURNING,39.171504,-86.495312
3,2,900.0,2-Car,No injury/unknown,OTHER (DRIVER) - EXPLAIN IN NARRATIVE,39.171504,-86.495312
2,7,1100.0,2-Car,Non-incapacitating,OTHER (DRIVER) - EXPLAIN IN NARRATIVE,39.171504,-86.495312
4,5,1900.0,2-Car,No injury/unknown,FAILURE TO YIELD RIGHT OF WAY,39.171504,-86.495312
6,6,1000.0,2-Car,No injury/unknown,UNSAFE BACKING,39.171504,-86.49509867
6,4,1300.0,2-Car,No injury/unknown,OTHER (DRIVER) - EXPLAIN IN NARRATIVE,39.171504,-86.49504533
8,7,1200.0,2-Car,No injury/unknown,PRESCRIPTION DRUGS,39.171504,-86.495312
7,7,2100.0,2-Car,No injury/unknown,FAILURE TO YIELD RIGHT OF WAY,39.171504,-86.49509867
7,7,1600.0,1-Car,No injury/unknown,SPEED TOO FAST FOR WEATHER CONDITIONS,39.171504,-86.495312
12,1,1900.0,2-Car,No injury/unknown,UNSAFE BACKING,39.171504,-86.512288
7,2,1200.0,3+ Cars,Non-incapacitating,OTHER (DRIVER) - EXPLAIN IN NARRATIVE,39.171504,-86.495312
8,7,1100.0,2-Car,Non-incapacitating,FAILURE TO YIELD RIGHT OF WAY,39.171504,-86.495312
9,5,2300.0,2-Car,No injury/unknown,UNSAFE BACKING,39.171504,-86.49504533
12,7,100.0,2-Car,No injury/unknown,FOLLOWING TOO CLOSELY,39.171504,-86.495312
4,3,1200.0,2-Car,No injury/unknown,UNSAFE BACKING,39.1715,-86.494599
4,3,2300.0,2-Car,No injury/unknown,OTHER (DRIVER) - EXPLAIN IN NARRATIVE,39.17149326,-86.51131082
11,4,1800.0,2-Car,No injury/unknown,DRIVER DISTRACTED - EXPLAIN IN NARRATIVE,39.17149326,-86.51131082
10,3,2200.0,2-Car,Non-incapacitating,FOLLOWING TOO CLOSELY,39.1714836,-86.51043136
8,5,1600.0,1-Car,No injury/unknown,OTHER (DRIVER) - EXPLAIN IN NARRATIVE,39.17148252,-86.51033364
11,7,2300.0,2-Car,No injury/unknown,UNSAFE BACKING,39.1714793,-86.51004048
3,4,1700.0,2-Car,No injury/unknown,FOLLOWING TOO CLOSELY,39.17147395,-86.50955331
4,7,1300.0,3+ Cars,Non-incapacitating,FOLLOWING TOO CLOSELY,39.17147259,-86.50942919
1,3,2300.0,2-Car,No injury/unknown,FAILURE TO YIELD RIGHT OF WAY,39.171472,-86.509376
2,7,1700.0,2-Car,No injury/unknown,DISREGARD SIGNAL/REG SIGN,39.171472,-86.509376
8,4,1700.0,2-Car,Non-incapacitating,FAILURE TO YIELD RIGHT OF WAY,39.171472,-86.509376
3,2,2300.0,2-Car,No injury/unknown,OTHER (DRIVER) - EXPLAIN IN NARRATIVE,39.171472,-86.509376
2,6,2300.0,2-Car,Non-incapacitating,DISREGARD SIGNAL/REG SIGN,39.171472,-86.509376
2,6,100.0,2-Car,Non-incapacitating,DISREGARD SIGNAL/REG SIGN,39.171472,-86.509376
2,6,1700.0,2-Car,No injury/unknown,IMPROPER TURNING,39.171472,-86.509376
3,4,400.0,2-Car,No injury/unknown,,39.171472,-86.509376
12,3,1500.0,2-Car,Non-incapacitating,UNSAFE SPEED,39.17147101,-86.50930508
4,2,100.0,1-Car,No injury/unknown,ANIMAL/OBJECT IN ROADWAY,39.17146957,-86.49325621
12,6,1600.0,2-Car,No injury/unknown,FOLLOWING TOO CLOSELY,39.17146946,-86.53352366
1,7,0.0,3+ Cars,No injury/unknown,TOW HITCH FAILURE,39.17143745,-86.530992
4,6,1300.0,2-Car,No injury/unknown,FAILURE TO YIELD RIGHT OF WAY,39.17143082,-86.5093752
9,6,200.0,2-Car,No injury/unknown,ALCOHOLIC BEVERAGES,39.17141257,-86.52575282
4,5,800.0,1-Car,Non-incapacitating,PEDESTRIAN ACTION,39.171377,-86.502304
9,1,1300.0,2-Car,No injury/unknown,OTHER (DRIVER) - EXPLAIN IN NARRATIVE,39.1713736,-86.52459607
9,6,1700.0,2-Car,No injury/unknown,IMPROPER TURNING,39.17135004,-86.56972894
8,3,1800.0,1-Car,No injury/unknown,SPEED TOO FAST FOR WEATHER CONDITIONS,39.17135004,-86.56976789
8,5,1100.0,2-Car,No injury/unknown,FAILURE TO YIELD RIGHT OF WAY,39.17133316,-86.51575217
8,2,1200.0,2-Car,No injury/unknown,FAILURE TO YIELD RIGHT OF WAY,39.17130729,-86.5093728
2,1,0.0,1-Car,No injury/unknown,ROADWAY SURFACE CONDITION,39.17111272,-86.49545758
8,6,900.0,2-Car,No injury/unknown,UNSAFE BACKING,39.17095559,-86.5245779
3,4,1100.0,2-Car,Non-incapacitating,DRIVER DISTRACTED - EXPLAIN IN NARRATIVE,39.17095559,-86.52350616
8,2,1700.0,2-Car,No injury/unknown,IMPROPER TURNING,39.17088686,-86.534768
6,3,1700.0,1-Car,No injury/unknown,OTHER (DRIVER) - EXPLAIN IN NARRATIVE,39.170863,-86.534799
5,2,1500.0,2-Car,No injury/unknown,UNSAFE BACKING,39.170848,-86.503696
2,6,1100.0,2-Car,No injury/unknown,FOLLOWING TOO CLOSELY,39.1708222,-86.52824392
7,3,1500.0,2-Car,No injury/unknown,UNSAFE BACKING,39.1708184,-86.52457193
5,2,1500.0,2-Car,Non-incapacitating,FAILURE TO YIELD RIGHT OF WAY,39.17074651,-86.49559078
4,5,1600.0,2-Car,Non-incapacitating,FAILURE TO YIELD RIGHT OF WAY,39.17072,-86.4956
4,5,1200.0,2-Car,No injury/unknown,OTHER (DRIVER) - EXPLAIN IN NARRATIVE,39.17072,-86.4956
8,2,1700.0,Moped/Motorcycle,Non-incapacitating,IMPROPER PASSING,39.17072,-86.4956
7,5,1200.0,2-Car,No injury/unknown,FAILURE TO YIELD RIGHT OF WAY,39.17072,-86.4956
7,5,2100.0,2-Car,No injury/unknown,FAILURE TO YIELD RIGHT OF WAY,39.17069225,-86.49470659
4,1,0.0,1-Car,No injury/unknown,RAN OFF ROAD RIGHT,39.17065572,-86.49353027
11,2,1100.0,2-Car,No injury/unknown,OTHER (DRIVER) - EXPLAIN IN NARRATIVE,39.17065382,-86.534768
3,7,1800.0,2-Car,No injury/unknown,FAILURE TO YIELD RIGHT OF WAY,39.17063804,-86.529696
4,1,1700.0,2-Car,No injury/unknown,OTHER (DRIVER) - EXPLAIN IN NARRATIVE,39.17059888,-86.52349042
5,3,700.0,2-Car,No injury/unknown,OTHER (DRIVER) - EXPLAIN IN NARRATIVE,39.170544,-86.53063736
1,1,1700.0,2-Car,No injury/unknown,FAILURE TO YIELD RIGHT OF WAY,39.170544,-86.53318136
9,4,100.0,2-Car,No injury/unknown,OTHER (DRIVER) - EXPLAIN IN NARRATIVE,39.170544,-86.53503398
3,1,1000.0,2-Car,Non-incapacitating,FAILURE TO YIELD RIGHT OF WAY,39.170544,-86.523488
6,6,1200.0,2-Car,Non-incapacitating,FOLLOWING TOO CLOSELY,39.170544,-86.534768
3,4,1000.0,2-Car,No injury/unknown,,39.170544,-86.529696
3,6,1500.0,2-Car,No injury/unknown,FAILURE TO YIELD RIGHT OF WAY,39.170544,-86.526992
4,5,1400.0,2-Car,No injury/unknown,FAILURE TO YIELD RIGHT OF WAY,39.170544,-86.526992
2,4,1300.0,2-Car,No injury/unknown,FAILURE TO YIELD RIGHT OF WAY,39.170544,-86.530992
4,6,1100.0,2-Car,No injury/unknown,IMPROPER TURNING,39.170544,-86.529696
4,1,400.0,2-Car,No injury/unknown,IMPROPER LANE USAGE,39.170544,-86.534768
7,7,1900.0,2-Car,Non-incapacitating,FAILURE TO YIELD RIGHT OF WAY,39.170544,-86.5324
5,2,1200.0,2-Car,No injury/unknown,FAILURE TO YIELD RIGHT OF WAY,39.170544,-86.534768
12,5,1500.0,2-Car,Non-incapacitating,FAILURE TO YIELD RIGHT OF WAY,39.170544,-86.526992
9,4,1900.0,1-Car,Non-incapacitating,FAILURE TO YIELD RIGHT OF WAY,39.170544,-86.52824
11,3,2200.0,1-Car,Non-incapacitating,PEDESTRIAN ACTION,39.170544,-86.533536
12,7,200.0,2-Car,No injury/unknown,IMPROPER LANE USAGE,39.17053027,-86.53476822
3,2,1900.0,2-Car,No injury/unknown,FAILURE TO YIELD RIGHT OF WAY,39.17051656,-86.52699105
4,3,1700.0,2-Car,No injury/unknown,FAILURE TO YIELD RIGHT OF WAY,39.17050282,-86.53353666
4,6,1500.0,2-Car,Non-incapacitating,OTHER (DRIVER) - EXPLAIN IN NARRATIVE,39.17046166,-86.52698916
2,2,1700.0,2-Car,No injury/unknown,,39.17045318,-86.5131841
6,6,1400.0,Moped/Motorcycle,Incapacitating,FAILURE TO YIELD RIGHT OF WAY,39.17041911,-86.67736105
3,2,1200.0,2-Car,Non-incapacitating,UNSAFE SPEED,39.17040682,-86.52348136
1,3,1200.0,2-Car,No injury/unknown,IMPROPER PASSING,39.17024,-86.501392
2,1,1400.0,2-Car,No injury/unknown,FOLLOWING TOO CLOSELY,39.17024,-86.501392
4,5,1600.0,Moped/Motorcycle,No injury/unknown,IMPROPER LANE USAGE,39.17024,-86.501392
4,6,1400.0,2-Car,No injury/unknown,FAILURE TO YIELD RIGHT OF WAY,39.17024,-86.501392
6,3,1600.0,3+ Cars,Non-incapacitating,FOLLOWING TOO CLOSELY,39.17024,-86.501392
7,3,1200.0,2-Car,No injury/unknown,FAILURE TO YIELD RIGHT OF WAY,39.17024,-86.501392
8,6,1300.0,3+ Cars,Non-incapacitating,FOLLOWING TOO CLOSELY,39.17024,-86.501392
11,3,1200.0,2-Car,No injury/unknown,FOLLOWING TOO CLOSELY,39.17024,-86.501392
12,2,1200.0,2-Car,No injury/unknown,FOLLOWING TOO CLOSELY,39.17024,-86.501392
10,1,1300.0,2-Car,No injury/unknown,PASSENGER DISTRACTION,39.17015434,-86.49576246
11,3,1500.0,2-Car,No injury/unknown,IMPROPER TURNING,39.170096,-86.682256
10,4,2000.0,2-Car,Non-incapacitating,OTHER (DRIVER) - EXPLAIN IN NARRATIVE,39.170096,-86.682256
5,3,1700.0,2-Car,No injury/unknown,IMPROPER TURNING,39.170095,-86.576399
1,7,2000.0,1-Car,No injury/unknown,SPEED TOO FAST FOR WEATHER CONDITIONS,39.1698777,-86.68278192
1,4,1000.0,2-Car,No injury/unknown,UNSAFE BACKING,39.169856,-86.50376
7,5,1600.0,2-Car,Non-incapacitating,DRIVER DISTRACTED - EXPLAIN IN NARRATIVE,39.16985594,-86.50119997
1,5,900.0,2-Car,Non-incapacitating,FAILURE TO YIELD RIGHT OF WAY,39.16984246,-86.524537
10,7,1800.0,1-Car,No injury/unknown,OTHER (DRIVER) - EXPLAIN IN NARRATIVE,39.16984,-86.549696
10,7,900.0,2-Car,Non-incapacitating,OTHER (DRIVER) - EXPLAIN IN NARRATIVE,39.16982653,-86.53477957
12,6,1100.0,2-Car,Non-incapacitating,IMPROPER TURNING,39.16977162,-86.53478046
5,3,1600.0,1-Car,Non-incapacitating,UNSAFE SPEED,39.16974785,-86.50014035
2,5,1800.0,2-Car,No injury/unknown,OTHER (DRIVER) - EXPLAIN IN NARRATIVE,39.1697342,-86.529696
6,3,1700.0,2-Car,No injury/unknown,OTHER (DRIVER) - EXPLAIN IN NARRATIVE,39.1697342,-86.53478106
6,5,,1-Car,No injury/unknown,OTHER (DRIVER) - EXPLAIN IN NARRATIVE,39.16973144,-86.50009863
8,5,500.0,1-Car,No injury/unknown,OTHER (DRIVER) - EXPLAIN IN NARRATIVE,39.16973041,-86.54968687
8,6,2200.0,2-Car,No injury/unknown,UNSAFE BACKING,39.16971396,-86.529696
5,7,1700.0,2-Car,No injury/unknown,UNSAFE BACKING,39.169696,-86.553392
11,2,2200.0,2-Car,No injury/unknown,UNSAFE BACKING,39.16969371,-86.52344686
8,3,2200.0,2-Car,Non-incapacitating,FAILURE TO YIELD RIGHT OF WAY,39.16968927,-86.53478179
7,5,,2-Car,No injury/unknown,OTHER (DRIVER) - EXPLAIN IN NARRATIVE,39.169655,-86.573226
4,4,1700.0,2-Car,No injury/unknown,,39.16964942,-86.49989003
1,3,1900.0,1-Car,No injury/unknown,UNSAFE BACKING,39.16959608,-86.52556702
4,3,1500.0,2-Car,No injury/unknown,FOLLOWING TOO CLOSELY,39.16957945,-86.53478356
3,3,1000.0,2-Car,No injury/unknown,UNSAFE BACKING,39.169568,-86.536
5,7,900.0,2-Car,No injury/unknown,OTHER (DRIVER) - EXPLAIN IN NARRATIVE,39.169568,-86.536
1,6,1300.0,2-Car,No injury/unknown,WRONG WAY ON ONE WAY,39.16955357,-86.52354637
2,6,300.0,2-Car,No injury/unknown,FAILURE TO YIELD RIGHT OF WAY,39.169552,-86.52987332
2,1,1900.0,2-Car,No injury/unknown,UNSAFE BACKING,39.169552,-86.52344
4,6,1500.0,2-Car,No injury/unknown,IMPROPER TURNING,39.169552,-86.52344
3,6,1500.0,2-Car,No injury/unknown,FAILURE TO YIELD RIGHT OF WAY,39.169552,-86.533552
9,2,1800.0,2-Car,No injury/unknown,FAILURE TO YIELD RIGHT OF WAY,39.169552,-86.533552
10,7,1000.0,2-Car,No injury/unknown,IMPROPER TURNING,39.169552,-86.534784
10,6,100.0,1-Car,Non-incapacitating,OTHER (DRIVER) - EXPLAIN IN NARRATIVE,39.169552,-86.534784
12,3,2000.0,3+ Cars,Non-incapacitating,FAILURE TO YIELD RIGHT OF WAY,39.169552,-86.529696
9,5,900.0,2-Car,No injury/unknown,OTHER (DRIVER) - EXPLAIN IN NARRATIVE,39.169552,-86.533552
10,6,,2-Car,No injury/unknown,FAILURE TO YIELD RIGHT OF WAY,39.169552,-86.534784
1,1,1300.0,2-Car,No injury/unknown,FAILURE TO YIELD RIGHT OF WAY,39.169552,-86.534784
5,5,2300.0,2-Car,Non-incapacitating,UNSAFE BACKING,39.16951074,-86.52823782
6,3,1500.0,2-Car,Non-incapacitating,FOLLOWING TOO CLOSELY,39.16948336,-86.534784
10,1,200.0,3+ Cars,No injury/unknown,UNSAFE BACKING,39.169472,-86.504864
8,5,1500.0,3+ Cars,Non-incapacitating,DRIVER DISTRACTED - EXPLAIN IN NARRATIVE,39.16947189,-86.50100793
11,2,800.0,2-Car,No injury/unknown,OVERCORRECTING/OVERSTEERING,39.16941472,-86.534784
10,1,600.0,1-Car,No injury/unknown,OVERCORRECTING/OVERSTEERING,39.169408,-86.481392
8,7,1000.0,2-Car,No injury/unknown,OTHER (DRIVER) - EXPLAIN IN NARRATIVE,39.16939682,-86.536
8,6,1600.0,2-Car,No injury/unknown,UNSAFE BACKING,39.169248,-86.47480792
12,5,1900.0,1-Car,No injury/unknown,ANIMAL/OBJECT IN ROADWAY,39.16912204,-86.67193308
11,6,2200.0,2-Car,No injury/unknown,IMPROPER TURNING,39.16910531,-86.53355984
8,4,1600.0,2-Car,No injury/unknown,OTHER (DRIVER) - EXPLAIN IN NARRATIVE,39.16905179,-86.52695075
11,6,400.0,1-Car,No injury/unknown,RAN OFF ROAD RIGHT,39.16903745,-86.495888
7,2,2000.0,2-Car,No injury/unknown,DRIVER DISTRACTED - EXPLAIN IN NARRATIVE,39.1690349,-86.538576
4,6,200.0,2-Car,No injury/unknown,OTHER (DRIVER) - EXPLAIN IN NARRATIVE,39.16899626,-86.4813247
2,2,2100.0,2-Car,Non-incapacitating,FOLLOWING TOO CLOSELY,39.16895981,-86.50075189
3,3,1100.0,2-Car,No injury/unknown,FAILURE TO YIELD RIGHT OF WAY,39.168944,-86.516016
4,7,1600.0,3+ Cars,Non-incapacitating,ROADWAY SURFACE CONDITION,39.168944,-86.516016
3,6,1400.0,2-Car,No injury/unknown,FAILURE TO YIELD RIGHT OF WAY,39.168944,-86.516016
9,6,1500.0,2-Car,No injury/unknown,OTHER (DRIVER) - EXPLAIN IN NARRATIVE,39.168944,-86.516016
10,4,1200.0,1-Car,Non-incapacitating,OTHER (DRIVER) - EXPLAIN IN NARRATIVE,39.168944,-86.516016
9,6,1400.0,2-Car,No injury/unknown,OTHER (DRIVER) - EXPLAIN IN NARRATIVE,39.16893055,-86.534784
3,1,1400.0,2-Car,No injury/unknown,UNSAFE BACKING,39.168929,-86.576399
1,4,1500.0,2-Car,No injury/unknown,FAILURE TO YIELD RIGHT OF WAY,39.16888887,-86.51548883
11,5,1100.0,2-Car,No injury/unknown,FOLLOWING TOO CLOSELY,39.16887049,-86.51531311
11,2,1500.0,Bus,No injury/unknown,IMPROPER PASSING,39.16886197,-86.51602565
12,7,0.0,1-Car,No injury/unknown,ALCOHOLIC BEVERAGES,39.16884591,-86.530992
4,3,1600.0,2-Car,No injury/unknown,FAILURE TO YIELD RIGHT OF WAY,39.16882612,-86.529696
10,2,1800.0,2-Car,No injury/unknown,UNSAFE BACKING,39.16881653,-86.516031
7,6,1600.0,2-Car,No injury/unknown,OTHER (DRIVER) - EXPLAIN IN NARRATIVE,39.1688,-86.57640087
1,5,1200.0,2-Car,No injury/unknown,ROADWAY SURFACE CONDITION,39.1688,-86.5764
2,2,2000.0,2-Car,No injury/unknown,OTHER (DRIVER) - EXPLAIN IN NARRATIVE,39.168752,-86.5436
2,6,900.0,1-Car,No injury/unknown,OVERCORRECTING/OVERSTEERING,39.168752,-86.5436
4,2,1200.0,3+ Cars,Non-incapacitating,FAILURE TO YIELD RIGHT OF WAY,39.168752,-86.5436
12,4,2100.0,2-Car,No injury/unknown,UNSAFE BACKING,39.168752,-86.5436
2,1,1700.0,2-Car,No injury/unknown,FAILURE TO YIELD RIGHT OF WAY,39.16874743,-86.534784
11,1,1100.0,2-Car,No injury/unknown,OTHER (DRIVER) - EXPLAIN IN NARRATIVE,39.16874669,-86.54377719
5,5,1500.0,1-Car,Non-incapacitating,PEDESTRIAN ACTION,39.16873894,-86.51604013
7,2,2100.0,2-Car,Non-incapacitating,ALCOHOLIC BEVERAGES,39.168736,-86.542096
8,1,1300.0,2-Car,No injury/unknown,FAILURE TO YIELD RIGHT OF WAY,39.168736,-86.542096
10,7,1700.0,2-Car,No injury/unknown,FAILURE TO YIELD RIGHT OF WAY,39.16872213,-86.57200193
6,4,1500.0,1-Car,No injury/unknown,OVERSIZE/OVERWEIGHT LOAD,39.16872,-86.541104
2,4,1000.0,2-Car,No injury/unknown,DISREGARD SIGNAL/REG SIGN,39.168704,-86.538576
2,2,1300.0,2-Car,Non-incapacitating,UNSAFE SPEED,39.168704,-86.538576
10,4,1400.0,2-Car,No injury/unknown,OTHER (DRIVER) - EXPLAIN IN NARRATIVE,39.168704,-86.539808
3,5,1000.0,Pedestrian,Non-incapacitating,OTHER (DRIVER) - EXPLAIN IN NARRATIVE,39.1687,-86.51388835
8,1,1300.0,2-Car,No injury/unknown,OTHER (DRIVER) - EXPLAIN IN NARRATIVE,39.168696,-86.4788
10,3,1000.0,2-Car,No injury/unknown,OTHER (DRIVER) - EXPLAIN IN NARRATIVE,39.168696,-86.4788
7,7,1000.0,2-Car,Non-incapacitating,DRIVER DISTRACTED - EXPLAIN IN NARRATIVE,39.168688,-86.537296
5,2,1300.0,2-Car,Non-incapacitating,DISREGARD SIGNAL/REG SIGN,39.168672,-86.536
8,7,1000.0,2-Car,No injury/unknown,FOLLOWING TOO CLOSELY,39.168672,-86.53631917
11,4,1900.0,1-Car,Non-incapacitating,FAILURE TO YIELD RIGHT OF WAY,39.16867058,-86.51604817
4,7,1300.0,2-Car,Non-incapacitating,DISREGARD SIGNAL/REG SIGN,39.168656,-86.534784
5,2,1600.0,2-Car,Non-incapacitating,FOLLOWING TOO CLOSELY,39.168656,-86.534784