Month,Day,Hour,Collision Type,Injury Type,Primary Factor,Latitude,Longitude
6,6,1300.0,2-Car,No injury/unknown,FOLLOWING TOO CLOSELY,39.168656,-86.534784
5,2,1400.0,2-Car,No injury/unknown,OTHER (DRIVER) - EXPLAIN IN NARRATIVE,39.168656,-86.534784
8,1,1300.0,2-Car,No injury/unknown,UNSAFE BACKING,39.168656,-86.534784
11,4,1400.0,2-Car,No injury/unknown,UNSAFE BACKING,39.16864933,-86.53427717
10,6,900.0,Bus,No injury/unknown,OTHER (DRIVER) - EXPLAIN IN NARRATIVE,39.16864,-86.53204537
4,5,2200.0,2-Car,No injury/unknown,OTHER (DRIVER) - EXPLAIN IN NARRATIVE,39.16864,-86.52353385
2,6,900.0,2-Car,No injury/unknown,DISREGARD SIGNAL/REG SIGN,39.16864,-86.526944
1,3,900.0,2-Car,No injury/unknown,UNSAFE BACKING,39.16864,-86.523392
1,2,1700.0,Bus,No injury/unknown,FAILURE TO YIELD RIGHT OF WAY,39.16864,-86.523392
1,3,1200.0,1-Car,Non-incapacitating,PEDESTRIAN ACTION,39.16864,-86.52567827
1,3,2000.0,Pedestrian,Non-incapacitating,FAILURE TO YIELD RIGHT OF WAY,39.16864,-86.526944
9,5,1100.0,2-Car,No injury/unknown,FAILURE TO YIELD RIGHT OF WAY,39.16864,-86.528224
8,2,1800.0,Bus,No injury/unknown,OTHER (DRIVER) - EXPLAIN IN NARRATIVE,39.16864,-86.5269972
2,4,1500.0,Bus,No injury/unknown,OTHER (DRIVER) - EXPLAIN IN NARRATIVE,39.16864,-86.523392
2,2,800.0,2-Car,No injury/unknown,FAILURE TO YIELD RIGHT OF WAY,39.16864,-86.529696
3,1,,2-Car,No injury/unknown,OTHER (DRIVER) - EXPLAIN IN NARRATIVE,39.16864,-86.5324
5,7,1600.0,2-Car,No injury/unknown,DISREGARD SIGNAL/REG SIGN,39.16864,-86.533568
3,2,900.0,2-Car,No injury/unknown,FAILURE TO YIELD RIGHT OF WAY,39.16864,-86.526944
5,6,900.0,2-Car,No injury/unknown,DRIVER DISTRACTED - EXPLAIN IN NARRATIVE,39.16864,-86.52697946
1,6,1200.0,2-Car,No injury/unknown,IMPROPER PASSING,39.16864,-86.533568
4,2,900.0,2-Car,No injury/unknown,UNSAFE BACKING,39.16864,-86.52948571
8,4,1000.0,2-Car,No injury/unknown,UNSAFE BACKING,39.16864,-86.529696
7,2,2100.0,2-Car,No injury/unknown,OTHER (DRIVER) - EXPLAIN IN NARRATIVE,39.16864,-86.533568
7,2,900.0,2-Car,Non-incapacitating,DISREGARD SIGNAL/REG SIGN,39.16864,-86.533568
9,7,1900.0,2-Car,No injury/unknown,DRIVER DISTRACTED - EXPLAIN IN NARRATIVE,39.16864,-86.533568
11,5,1300.0,Bus,No injury/unknown,OTHER (DRIVER) - EXPLAIN IN NARRATIVE,39.16864,-86.528224
8,3,1900.0,2-Car,Non-incapacitating,FOLLOWING TOO CLOSELY,39.16864,-86.533568
9,5,,1-Car,Non-incapacitating,OTHER (DRIVER) - EXPLAIN IN NARRATIVE,39.16864,-86.533568
10,4,1100.0,2-Car,No injury/unknown,FAILURE TO YIELD RIGHT OF WAY,39.16864,-86.532984
10,1,300.0,2-Car,Non-incapacitating,UNSAFE BACKING,39.16864,-86.533568
12,4,1300.0,2-Car,No injury/unknown,OTHER (DRIVER) - EXPLAIN IN NARRATIVE,39.16860299,-86.535599
2,4,,2-Car,No injury/unknown,UNSAFE BACKING,39.16860109,-86.534784
7,7,200.0,1-Car,No injury/unknown,UNSAFE SPEED,39.16859355,-86.49553949
4,2,1100.0,1-Car,No injury/unknown,OTHER (DRIVER) - EXPLAIN IN NARRATIVE,39.168576,-86.5496
9,5,500.0,2-Car,No injury/unknown,PRESCRIPTION DRUGS,39.168576,-86.5496
11,3,1800.0,2-Car,No injury/unknown,OTHER (DRIVER) - EXPLAIN IN NARRATIVE,39.168576,-86.5496
9,6,1500.0,2-Car,Non-incapacitating,DRIVER DISTRACTED - EXPLAIN IN NARRATIVE,39.16857137,-86.53356911
2,3,1700.0,2-Car,Non-incapacitating,FAILURE TO YIELD RIGHT OF WAY,39.16855764,-86.52694253
12,3,900.0,2-Car,No injury/unknown,UNSAFE BACKING,39.16853472,-86.536
1,7,100.0,2-Car,No injury/unknown,FOLLOWING TOO CLOSELY,39.1685,-86.576399
6,6,1800.0,2-Car,No injury/unknown,OTHER (DRIVER) - EXPLAIN IN NARRATIVE,39.1685,-86.52345274
6,5,1800.0,2-Car,Non-incapacitating,DISREGARD SIGNAL/REG SIGN,39.1685,-86.576399
9,3,1500.0,2-Car,No injury/unknown,OTHER (DRIVER) - EXPLAIN IN NARRATIVE,39.1685,-86.52353926
11,6,1300.0,2-Car,No injury/unknown,UNSAFE BACKING,39.1685,-86.52352628
11,3,2100.0,Bus,No injury/unknown,IMPROPER TURNING,39.1685,-86.52350465
12,1,1100.0,Cyclist,Incapacitating,FOLLOWING TOO CLOSELY,39.168448,-86.661104
2,1,1000.0,1-Car,No injury/unknown,OTHER (DRIVER) - EXPLAIN IN NARRATIVE,39.16834371,-86.49085487
8,4,1000.0,2-Car,No injury/unknown,OTHER (DRIVER) - EXPLAIN IN NARRATIVE,39.168317,-86.573599
2,5,1600.0,1-Car,Non-incapacitating,DRIVER ILLNESS,39.16831503,-86.66079373
3,2,1100.0,1-Car,No injury/unknown,RAN OFF ROAD RIGHT,39.16830165,-86.514096
5,4,1600.0,2-Car,No injury/unknown,OTHER (DRIVER) - EXPLAIN IN NARRATIVE,39.168242,-86.576396
1,6,100.0,1-Car,No injury/unknown,ALCOHOLIC BEVERAGES,39.168192,-86.507024
2,6,800.0,2-Car,No injury/unknown,OTHER (DRIVER) - EXPLAIN IN NARRATIVE,39.168192,-86.49504
10,7,100.0,1-Car,Non-incapacitating,UNSAFE SPEED,39.168192,-86.49504
2,5,1100.0,2-Car,No injury/unknown,IMPROPER TURNING,39.168176,-86.509312
7,4,1500.0,2-Car,No injury/unknown,DISREGARD SIGNAL/REG SIGN,39.168176,-86.509312
4,3,1000.0,2-Car,No injury/unknown,FOLLOWING TOO CLOSELY,39.16817255,-86.545199
12,5,1400.0,2-Car,No injury/unknown,FAILURE TO YIELD RIGHT OF WAY,39.16816029,-86.51104086
1,6,400.0,2-Car,No injury/unknown,UNSAFE BACKING,39.168144,-86.510992
3,2,1900.0,Bus,No injury/unknown,FAILURE TO YIELD RIGHT OF WAY,39.168144,-86.510992
5,5,,1-Car,No injury/unknown,BRAKE FAILURE OR DEFECTIVE,39.16788898,-86.53858874
1,1,200.0,2-Car,No injury/unknown,OTHER (DRIVER) - EXPLAIN IN NARRATIVE,39.16785381,-86.52692996
7,6,2300.0,3+ Cars,No injury/unknown,RAN OFF ROAD RIGHT,39.16783412,-86.48993861
10,7,200.0,2-Car,No injury/unknown,IMPROPER LANE USAGE,39.16778527,-86.53358179
8,5,2200.0,2-Car,No injury/unknown,UNSAFE BACKING,39.16774531,-86.50318106
6,4,0.0,2-Car,No injury/unknown,,39.167744,-86.551544
1,2,300.0,1-Car,No injury/unknown,OTHER (DRIVER) - EXPLAIN IN NARRATIVE,39.16773037,-86.534784
11,2,800.0,2-Car,No injury/unknown,UNSAFE BACKING,39.167728,-86.528208
11,4,1500.0,1-Car,No injury/unknown,UNSAFE BACKING,39.167728,-86.528208
4,6,1800.0,2-Car,No injury/unknown,UNSAFE BACKING,39.16772689,-86.54822962
11,5,1500.0,2-Car,No injury/unknown,FAILURE TO YIELD RIGHT OF WAY,39.16771023,-86.5450227
6,4,1000.0,2-Car,Non-incapacitating,FAILURE TO YIELD RIGHT OF WAY,39.16769916,-86.531
5,3,2100.0,2-Car,No injury/unknown,UNSAFE BACKING,39.167696,-86.54245063
12,5,1100.0,2-Car,No injury/unknown,FAILURE TO YIELD RIGHT OF WAY,39.167696,-86.542096
3,3,1100.0,2-Car,No injury/unknown,FAILURE TO YIELD RIGHT OF WAY,39.16768,-86.538592
5,2,1500.0,2-Car,Non-incapacitating,FAILURE TO YIELD RIGHT OF WAY,39.16768,-86.538592
7,7,1300.0,2-Car,No injury/unknown,OTHER (DRIVER) - EXPLAIN IN NARRATIVE,39.16768,-86.530992
7,2,1100.0,2-Car,No injury/unknown,FAILURE TO YIELD RIGHT OF WAY,39.16768,-86.538592
9,5,700.0,3+ Cars,No injury/unknown,FAILURE TO YIELD RIGHT OF WAY,39.16768,-86.539808
11,6,1200.0,2-Car,No injury/unknown,FAILURE TO YIELD RIGHT OF WAY,39.16768,-86.538592
8,4,1300.0,2-Car,No injury/unknown,OTHER (DRIVER) - EXPLAIN IN NARRATIVE,39.167664,-86.536
8,3,800.0,2-Car,No injury/unknown,FAILURE TO YIELD RIGHT OF WAY,39.167664,-86.537296
9,6,1100.0,2-Car,No injury/unknown,UNSAFE BACKING,39.167664,-86.536
10,3,1400.0,2-Car,No injury/unknown,FAILURE TO YIELD RIGHT OF WAY,39.167664,-86.5324
6,4,1400.0,2-Car,No injury/unknown,,39.16765183,-86.53330034
7,7,1300.0,2-Car,No injury/unknown,OTHER (DRIVER) - EXPLAIN IN NARRATIVE,39.16765127,-86.53503216
2,6,1300.0,2-Car,No injury/unknown,UNSAFE BACKING,39.16764833,-86.53480882
4,2,1100.0,2-Car,No injury/unknown,FAILURE TO YIELD RIGHT OF WAY,39.167648,-86.5338677
2,3,2000.0,2-Car,No injury/unknown,,39.167648,-86.500096
3,4,1100.0,2-Car,No injury/unknown,DISREGARD SIGNAL/REG SIGN,39.167648,-86.534784
2,1,1500.0,2-Car,No injury/unknown,FAILURE TO YIELD RIGHT OF WAY,39.167648,-86.533584
2,3,1200.0,2-Car,No injury/unknown,FAILURE TO YIELD RIGHT OF WAY,39.167648,-86.534784
4,7,800.0,2-Car,No injury/unknown,DISREGARD SIGNAL/REG SIGN,39.167648,-86.533584
7,1,1500.0,2-Car,Non-incapacitating,IMPROPER TURNING,39.167648,-86.534784
8,2,1300.0,2-Car,No injury/unknown,FOLLOWING TOO CLOSELY,39.167648,-86.534784
10,6,1600.0,2-Car,No injury/unknown,IMPROPER LANE USAGE,39.167648,-86.534784
12,6,1800.0,Cyclist,Incapacitating,FAILURE TO YIELD RIGHT OF WAY,39.167648,-86.534784
5,5,800.0,2-Car,No injury/unknown,IMPROPER PASSING,39.16763882,-86.53859265
11,2,700.0,3+ Cars,Non-incapacitating,FAILURE TO YIELD RIGHT OF WAY,39.1676,-86.53990865
3,4,1100.0,3+ Cars,No injury/unknown,IMPROPER PASSING,39.16753819,-86.53478574
11,2,900.0,2-Car,No injury/unknown,IMPROPER LANE USAGE,39.16753814,-86.52692203
4,5,1300.0,2-Car,No injury/unknown,UNSAFE BACKING,39.16751073,-86.53358618
12,4,1400.0,1-Car,No injury/unknown,SPEED TOO FAST FOR WEATHER CONDITIONS,39.16747139,-86.57272703
7,7,2000.0,2-Car,No injury/unknown,OTHER (DRIVER) - EXPLAIN IN NARRATIVE,39.167409,-86.575904
9,2,1500.0,2-Car,No injury/unknown,FAILURE TO YIELD RIGHT OF WAY,39.16732035,-86.510992
12,2,1200.0,2-Car,No injury/unknown,UNSAFE BACKING,39.16731567,-86.5161941
4,6,1900.0,2-Car,No injury/unknown,FOLLOWING TOO CLOSELY,39.16720332,-86.57280362
2,1,900.0,2-Car,No injury/unknown,OTHER (DRIVER) - EXPLAIN IN NARRATIVE,39.16720038,-86.5015616
3,2,700.0,2-Car,No injury/unknown,UNSAFE BACKING,39.16719504,-86.52691209
4,2,1600.0,2-Car,No injury/unknown,IMPROPER LANE USAGE,39.16718839,-86.58296078
6,2,800.0,1-Car,No injury/unknown,OTHER (DRIVER) - EXPLAIN IN NARRATIVE,39.167128,-86.516008
8,4,1500.0,1-Car,No injury/unknown,OVERCORRECTING/OVERSTEERING,39.167128,-86.516208
12,6,1500.0,2-Car,No injury/unknown,UNSAFE BACKING,39.167128,-86.516208
10,3,1600.0,2-Car,Non-incapacitating,FAILURE TO YIELD RIGHT OF WAY,39.167128,-86.516208
10,3,1600.0,2-Car,No injury/unknown,IMPROPER TURNING,39.167128,-86.516208
2,2,1600.0,2-Car,No injury/unknown,OTHER (DRIVER) - EXPLAIN IN NARRATIVE,39.16708441,-86.564992
9,6,1400.0,Moped/Motorcycle,Non-incapacitating,NONE (DRIVER),39.167002,-86.582999
1,6,1000.0,2-Car,Non-incapacitating,DRIVER DISTRACTED - EXPLAIN IN NARRATIVE,39.167002,-86.582999
2,7,1600.0,2-Car,No injury/unknown,FAILURE TO YIELD RIGHT OF WAY,39.166944,-86.495056
8,3,1700.0,3+ Cars,Non-incapacitating,FAILURE TO YIELD RIGHT OF WAY,39.166944,-86.495056
9,6,1600.0,2-Car,Non-incapacitating,FAILURE TO YIELD RIGHT OF WAY,39.166944,-86.495056
9,5,1600.0,2-Car,Non-incapacitating,DRIVER DISTRACTED - EXPLAIN IN NARRATIVE,39.166944,-86.495056
4,2,2100.0,2-Car,No injury/unknown,OTHER (DRIVER) - EXPLAIN IN NARRATIVE,39.16691453,-86.53479564
5,5,1200.0,2-Car,No injury/unknown,OTHER (DRIVER) - EXPLAIN IN NARRATIVE,39.16691453,-86.53479564
3,2,1400.0,2-Car,No injury/unknown,IMPROPER LANE USAGE,39.16691448,-86.52690396
3,3,1300.0,2-Car,No injury/unknown,IMPROPER LANE USAGE,39.16691448,-86.52690396
10,6,1700.0,2-Car,Non-incapacitating,FOLLOWING TOO CLOSELY,39.1669141,-86.5829717
10,5,1500.0,2-Car,No injury/unknown,,39.166912,-86.516224
10,6,2000.0,2-Car,Non-incapacitating,FAILURE TO YIELD RIGHT OF WAY,39.166848,-86.506992
1,2,2000.0,2-Car,Non-incapacitating,FAILURE TO YIELD RIGHT OF WAY,39.166848,-86.506992
10,7,2300.0,2-Car,No injury/unknown,FAILURE TO YIELD RIGHT OF WAY,39.166848,-86.506992
3,3,800.0,2-Car,No injury/unknown,DRIVER DISTRACTED - EXPLAIN IN NARRATIVE,39.166848,-86.5048
8,6,1500.0,2-Car,No injury/unknown,FAILURE TO YIELD RIGHT OF WAY,39.166848,-86.509296
11,2,900.0,2-Car,No injury/unknown,FAILURE TO YIELD RIGHT OF WAY,39.166848,-86.506992
8,3,1800.0,2-Car,No injury/unknown,IMPROPER PASSING,39.166848,-86.4928
11,7,1600.0,2-Car,No injury/unknown,FAILURE TO YIELD RIGHT OF WAY,39.166848,-86.506992
11,5,1500.0,2-Car,No injury/unknown,FAILURE TO YIELD RIGHT OF WAY,39.166848,-86.506992
2,1,1700.0,2-Car,No injury/unknown,FAILURE TO YIELD RIGHT OF WAY,39.166848,-86.506992
9,6,1300.0,2-Car,No injury/unknown,IMPROPER TURNING,39.166816,-86.549488
4,6,1400.0,2-Car,No injury/unknown,UNSAFE SPEED,39.16681246,-86.54922207
7,6,1400.0,Bus,No injury/unknown,OTHER (DRIVER) - EXPLAIN IN NARRATIVE,39.166784,-86.5468
1,3,1400.0,3+ Cars,No injury/unknown,IMPROPER PASSING,39.16677727,-86.53359782
12,1,2000.0,2-Car,No injury/unknown,NONE (DRIVER),39.166774,-86.575999
3,3,1500.0,2-Car,No injury/unknown,OTHER (DRIVER) - EXPLAIN IN NARRATIVE,39.16677127,-86.54552653
9,4,2200.0,2-Car,No injury/unknown,UNSAFE BACKING,39.16677127,-86.54552653
2,2,700.0,2-Car,Non-incapacitating,FAILURE TO YIELD RIGHT OF WAY,39.166768,-86.5452
4,2,1700.0,2-Car,No injury/unknown,FOLLOWING TOO CLOSELY,39.16676343,-86.53479804
12,5,900.0,2-Car,Non-incapacitating,DRIVER DISTRACTED - EXPLAIN IN NARRATIVE,39.16673132,-86.54315978
5,6,1000.0,2-Car,No injury/unknown,UNSAFE BACKING,39.16672751,-86.529696
4,3,1500.0,2-Car,No injury/unknown,FOLLOWING TOO CLOSELY,39.16672229,-86.54231086
9,2,1400.0,3+ Cars,Non-incapacitating,FOLLOWING TOO CLOSELY,39.16672,-86.542096
6,7,900.0,2-Car,No injury/unknown,ALCOHOLIC BEVERAGES,39.16670229,-86.54069364
8,2,1000.0,2-Car,No injury/unknown,UNSAFE BACKING,39.1667,-86.551013
3,4,1400.0,2-Car,No injury/unknown,FOLLOWING TOO CLOSELY,39.16669255,-86.542096
5,7,1200.0,1-Car,No injury/unknown,UNSAFE BACKING,39.166688,-86.539808
3,3,1500.0,2-Car,No injury/unknown,FAILURE TO YIELD RIGHT OF WAY,39.16667909,-86.53913986
7,1,1400.0,1-Car,Non-incapacitating,FOLLOWING TOO CLOSELY,39.16667909,-86.53913986
9,4,1200.0,2-Car,Non-incapacitating,FAILURE TO YIELD RIGHT OF WAY,39.16667796,-86.53905476
7,2,1200.0,2-Car,No injury/unknown,FAILURE TO YIELD RIGHT OF WAY,39.16667673,-86.53896257
10,6,1300.0,2-Car,No injury/unknown,FAILURE TO YIELD RIGHT OF WAY,39.16667673,-86.53896257
2,6,900.0,2-Car,Non-incapacitating,FAILURE TO YIELD RIGHT OF WAY,39.16667437,-86.53878529
12,2,1100.0,2-Car,No injury/unknown,FAILURE TO YIELD RIGHT OF WAY,39.16667437,-86.53878529
10,3,1700.0,2-Car,No injury/unknown,IMPROPER TURNING,39.16667437,-86.53878529
10,6,1200.0,2-Car,Non-incapacitating,FAILURE TO YIELD RIGHT OF WAY,39.16667366,-86.5387321
5,2,1000.0,2-Car,No injury/unknown,FAILURE TO YIELD RIGHT OF WAY,39.16667247,-86.53864346
4,2,1500.0,3+ Cars,Non-incapacitating,,39.166672,-86.538608
8,2,1800.0,2-Car,Non-incapacitating,DRIVER DISTRACTED - EXPLAIN IN NARRATIVE,39.166672,-86.538608
7,6,1200.0,2-Car,Non-incapacitating,FOLLOWING TOO CLOSELY,39.166672,-86.538608
9,4,1200.0,2-Car,No injury/unknown,FAILURE TO YIELD RIGHT OF WAY,39.166672,-86.538608
8,2,1600.0,2-Car,No injury/unknown,FAILURE TO YIELD RIGHT OF WAY,39.166672,-86.538608
10,2,1300.0,2-Car,Non-incapacitating,FAILURE TO YIELD RIGHT OF WAY,39.166672,-86.538608
11,3,1700.0,2-Car,Non-incapacitating,FAILURE TO YIELD RIGHT OF WAY,39.16667157,-86.53857254
11,3,1700.0,2-Car,No injury/unknown,FOLLOWING TOO CLOSELY,39.16666718,-86.57295681
2,7,100.0,1-Car,Non-incapacitating,CELL PHONE USAGE,39.166656,-86.537296
6,7,1600.0,2-Car,Non-incapacitating,FAILURE TO YIELD RIGHT OF WAY,39.166656,-86.537296
4,6,1500.0,2-Car,No injury/unknown,FAILURE TO YIELD RIGHT OF WAY,39.166656,-86.537296
7,1,1100.0,2-Car,No injury/unknown,FAILURE TO YIELD RIGHT OF WAY,39.166656,-86.537296
9,7,1600.0,2-Car,No injury/unknown,FAILURE TO YIELD RIGHT OF WAY,39.166656,-86.537296
10,2,1700.0,2-Car,No injury/unknown,OTHER (DRIVER) - EXPLAIN IN NARRATIVE,39.16664455,-86.53860755
2,5,200.0,2-Car,No injury/unknown,OTHER (DRIVER) - EXPLAIN IN NARRATIVE,39.16664,-86.52808561
4,5,1700.0,2-Car,No injury/unknown,FOLLOWING TOO CLOSELY,39.16664,-86.53324538
6,1,1000.0,2-Car,Non-incapacitating,OTHER (DRIVER) - EXPLAIN IN NARRATIVE,39.16664,-86.53270143
12,4,1000.0,2-Car,No injury/unknown,FAILURE TO YIELD RIGHT OF WAY,39.16664,-86.52801469
9,6,,1-Car,Non-incapacitating,OTHER (DRIVER) - EXPLAIN IN NARRATIVE,39.16664,-86.5333163
12,6,2100.0,2-Car,No injury/unknown,FAILURE TO YIELD RIGHT OF WAY,39.16664,-86.52805015
11,4,1700.0,2-Car,No injury/unknown,UNSAFE BACKING,39.16664,-86.53465815
2,3,1000.0,2-Car,No injury/unknown,OTHER (DRIVER) - EXPLAIN IN NARRATIVE,39.16664,-86.526896
7,5,300.0,1-Car,Non-incapacitating,OTHER (DRIVER) - EXPLAIN IN NARRATIVE,39.16664,-86.528192
1,4,1400.0,2-Car,No injury/unknown,FAILURE TO YIELD RIGHT OF WAY,39.16664,-86.5336
2,3,1300.0,2-Car,No injury/unknown,FAILURE TO YIELD RIGHT OF WAY,39.16664,-86.528192
1,7,1400.0,2-Car,No injury/unknown,OTHER (DRIVER) - EXPLAIN IN NARRATIVE,39.16664,-86.533
3,2,1400.0,2-Car,Non-incapacitating,UNSAFE BACKING,39.16664,-86.53096555
2,7,1300.0,2-Car,No injury/unknown,IMPROPER LANE USAGE,39.16664,-86.529696
6,5,1300.0,2-Car,No injury/unknown,OTHER (DRIVER) - EXPLAIN IN NARRATIVE,39.16664,-86.462496
3,7,200.0,2-Car,No injury/unknown,IMPROPER LANE USAGE,39.16664,-86.5336
4,5,1700.0,Bus,No injury/unknown,IMPROPER LANE USAGE,39.16664,-86.526896
1,6,2000.0,2-Car,No injury/unknown,FAILURE TO YIELD RIGHT OF WAY,39.16664,-86.529696
2,1,1200.0,2-Car,No injury/unknown,DRIVER DISTRACTED - EXPLAIN IN NARRATIVE,39.16664,-86.5336
8,4,1500.0,2-Car,Non-incapacitating,IMPROPER TURNING,39.16664,-86.5348
2,5,1200.0,2-Car,No injury/unknown,UNSAFE BACKING,39.16664,-86.53096555
3,1,200.0,1-Car,Non-incapacitating,ALCOHOLIC BEVERAGES,39.16664,-86.5336
3,7,300.0,2-Car,No injury/unknown,UNSAFE BACKING,39.16664,-86.52816555
4,7,1300.0,2-Car,No injury/unknown,FAILURE TO YIELD RIGHT OF WAY,39.16664,-86.53370639
12,3,1900.0,2-Car,No injury/unknown,OTHER (DRIVER) - EXPLAIN IN NARRATIVE,39.16664,-86.530992
4,3,1600.0,2-Car,No injury/unknown,,39.16664,-86.52779527
4,2,1700.0,2-Car,No injury/unknown,FAILURE TO YIELD RIGHT OF WAY,39.16664,-86.5336
4,4,1600.0,2-Car,No injury/unknown,IMPROPER TURNING,39.16664,-86.526896
4,3,1600.0,2-Car,No injury/unknown,,39.16664,-86.52816555
6,3,1200.0,2-Car,No injury/unknown,FAILURE TO YIELD RIGHT OF WAY,39.16664,-86.528192
10,5,900.0,2-Car,No injury/unknown,OTHER (DRIVER) - EXPLAIN IN NARRATIVE,39.16664,-86.526896
5,2,1100.0,2-Car,No injury/unknown,UNSAFE BACKING,39.16664,-86.5324
5,6,1300.0,2-Car,No injury/unknown,UNSAFE BACKING,39.16664,-86.5336
5,5,600.0,1-Car,No injury/unknown,OTHER (DRIVER) - EXPLAIN IN NARRATIVE,39.16664,-86.5324
6,7,1800.0,Bus,No injury/unknown,OTHER (DRIVER) - EXPLAIN IN NARRATIVE,39.16664,-86.5324
6,4,1200.0,1-Car,Non-incapacitating,FAILURE TO YIELD RIGHT OF WAY,39.16664,-86.526896
11,6,2200.0,1-Car,Non-incapacitating,OTHER (DRIVER) - EXPLAIN IN NARRATIVE,39.16664,-86.53092108
12,5,1400.0,2-Car,No injury/unknown,DISREGARD SIGNAL/REG SIGN,39.16664,-86.5336
8,6,1800.0,1-Car,Non-incapacitating,OTHER (DRIVER) - EXPLAIN IN NARRATIVE,39.16664,-86.528192
8,2,1400.0,1-Car,Non-incapacitating,PEDESTRIAN ACTION,39.16664,-86.5336
11,2,1900.0,2-Car,No injury/unknown,DISREGARD SIGNAL/REG SIGN,39.16664,-86.5336
9,5,1900.0,2-Car,Non-incapacitating,UNSAFE BACKING,39.16664,-86.52811265
10,5,1000.0,2-Car,Non-incapacitating,UNSAFE BACKING,39.16664,-86.5336
9,2,2000.0,2-Car,No injury/unknown,FAILURE TO YIELD RIGHT OF WAY,39.16664,-86.528192
9,6,700.0,2-Car,No injury/unknown,UNSAFE BACKING,39.16664,-86.5336
9,4,1000.0,1-Car,No injury/unknown,RAN OFF ROAD RIGHT,39.16664,-86.526896
12,5,2100.0,2-Car,No injury/unknown,FAILURE TO YIELD RIGHT OF WAY,39.16664,-86.53352908
10,6,200.0,2-Car,No injury/unknown,IMPROPER TURNING,39.16664,-86.5336
10,7,2000.0,2-Car,No injury/unknown,FAILURE TO YIELD RIGHT OF WAY,39.16664,-86.53363546
10,3,1200.0,1-Car,No injury/unknown,ALCOHOLIC BEVERAGES,39.16664,-86.529696
10,4,1500.0,2-Car,No injury/unknown,FAILURE TO YIELD RIGHT OF WAY,39.16664,-86.53471134
10,6,1100.0,2-Car,No injury/unknown,IMPROPER TURNING,39.16664,-86.531696
10,7,1500.0,2-Car,No injury/unknown,OTHER (DRIVER) - EXPLAIN IN NARRATIVE,39.16664,-86.533
11,4,1500.0,2-Car,No injury/unknown,DISREGARD SIGNAL/REG SIGN,39.16664,-86.5336
6,3,0.0,1-Car,No injury/unknown,OTHER (ENVIRONMENTAL) - EXPLAIN IN NARR,39.16664,-86.462496
8,6,1200.0,2-Car,Non-incapacitating,FAILURE TO YIELD RIGHT OF WAY,39.1666,-86.540801
3,3,1800.0,2-Car,No injury/unknown,OTHER (DRIVER) - EXPLAIN IN NARRATIVE,39.1666,-86.538735
4,3,1200.0,1-Car,No injury/unknown,NONE (DRIVER),39.1666,-86.5356
9,7,1600.0,2-Car,No injury/unknown,IMPROPER LANE USAGE,39.16659882,-86.53099266
4,1,1700.0,2-Car,No injury/unknown,IMPROPER PASSING,39.16658718,-86.576001
2,4,1100.0,2-Car,No injury/unknown,UNSAFE BACKING,39.166583,-86.53219784
5,5,1500.0,2-Car,No injury/unknown,FOLLOWING TOO CLOSELY,39.16657141,-86.52689268
1,6,1200.0,2-Car,No injury/unknown,IMPROPER TURNING,39.16655822,-86.492816
6,6,2100.0,2-Car,No injury/unknown,OTHER (DRIVER) - EXPLAIN IN NARRATIVE,39.16655822,-86.492816
5,7,1800.0,2-Car,No injury/unknown,FAILURE TO YIELD RIGHT OF WAY,39.16655822,-86.492816
10,1,1900.0,2-Car,No injury/unknown,UNSAFE BACKING,39.16655822,-86.492816
8,4,1400.0,2-Car,No injury/unknown,FOLLOWING TOO CLOSELY,39.16655769,-86.52689202
2,7,2100.0,2-Car,No injury/unknown,IMPROPER TURNING,39.16655763,-86.5348
9,7,2100.0,2-Car,No injury/unknown,IMPROPER TURNING,39.1665431,-86.4642647
1,2,,Bus,No injury/unknown,OTHER (ENVIRONMENTAL) - EXPLAIN IN NARR,39.16653026,-86.52689069
5,4,1200.0,2-Car,No injury/unknown,FAILURE TO YIELD RIGHT OF WAY,39.16650274,-86.52969821
3,4,1500.0,2-Car,No injury/unknown,FAILURE TO YIELD RIGHT OF WAY,39.1665,-86.53109933
12,6,800.0,2-Car,No injury/unknown,UNSAFE BACKING,39.1665,-86.528252
9,6,1700.0,2-Car,No injury/unknown,UNSAFE BACKING,39.1665,-86.529797
1,6,1600.0,2-Car,No injury/unknown,UNSAFE BACKING,39.166496,-86.571216
4,7,1100.0,2-Car,Non-incapacitating,OTHER (DRIVER) - EXPLAIN IN NARRATIVE,39.16648695,-86.5830023
6,2,2000.0,2-Car,No injury/unknown,UNSAFE BACKING,39.16648209,-86.46537792
5,7,900.0,2-Car,No injury/unknown,OTHER (DRIVER) - EXPLAIN IN NARRATIVE,39.16648,-86.503472
6,5,1100.0,2-Car,No injury/unknown,UNSAFE BACKING,39.166458,-86.575999
3,6,800.0,2-Car,No injury/unknown,IMPROPER PASSING,39.166448,-86.466
3,5,2300.0,2-Car,Non-incapacitating,DRIVER DISTRACTED - EXPLAIN IN NARRATIVE,39.166432,-86.4812
5,4,1800.0,1-Car,No injury/unknown,DISREGARD SIGNAL/REG SIGN,39.166432,-86.4812
11,5,1500.0,2-Car,No injury/unknown,FAILURE TO YIELD RIGHT OF WAY,39.166432,-86.4812
11,2,1200.0,2-Car,No injury/unknown,FOLLOWING TOO CLOSELY,39.166432,-86.4812