Month,Day,Hour,Collision Type,Injury Type,Primary Factor,Latitude,Longitude
12,2,1700.0,2-Car,Non-incapacitating,FAILURE TO YIELD RIGHT OF WAY,39.16639747,-86.5386035
11,7,2300.0,2-Car,No injury/unknown,UNSAFE BACKING,39.16636564,-86.52688272
12,4,2300.0,2-Car,No injury/unknown,FAILURE TO YIELD RIGHT OF WAY,39.1662989,-86.509296
4,2,1300.0,2-Car,No injury/unknown,OTHER (DRIVER) - EXPLAIN IN NARRATIVE,39.1662177,-86.51097988
11,1,200.0,2-Car,No injury/unknown,OTHER (DRIVER) - EXPLAIN IN NARRATIVE,39.166199,-86.516399
4,5,800.0,2-Car,No injury/unknown,FAILURE TO YIELD RIGHT OF WAY,39.1661722,-86.497996
4,2,1000.0,2-Car,Non-incapacitating,OTHER (DRIVER) - EXPLAIN IN NARRATIVE,39.166144,-86.5336
6,5,1000.0,2-Car,No injury/unknown,DRIVER DISTRACTED - EXPLAIN IN NARRATIVE,39.166144,-86.5336
12,2,1200.0,2-Car,No injury/unknown,FAILURE TO YIELD RIGHT OF WAY,39.166144,-86.528168
10,4,1400.0,2-Car,No injury/unknown,UNSAFE BACKING,39.166144,-86.526872
5,7,1000.0,3+ Cars,Non-incapacitating,FOLLOWING TOO CLOSELY,39.16612187,-86.57302597
5,3,1500.0,Moped/Motorcycle,Non-incapacitating,OTHER (DRIVER) - EXPLAIN IN NARRATIVE,39.166116,-86.516399
12,2,1600.0,1-Car,No injury/unknown,RAN OFF ROAD RIGHT,39.16610181,-86.46773098
10,5,1800.0,2-Car,Non-incapacitating,FOLLOWING TOO CLOSELY,39.16593855,-86.5348
12,6,1400.0,3+ Cars,No injury/unknown,UNSAFE SPEED,39.16589,-86.575999
2,5,1500.0,Bus,No injury/unknown,UNSAFE BACKING,39.16578046,-86.58933275
7,6,1400.0,2-Car,No injury/unknown,OTHER (DRIVER) - EXPLAIN IN NARRATIVE,39.16577382,-86.5348
9,6,800.0,1-Car,Non-incapacitating,DISREGARD SIGNAL/REG SIGN,39.165712,-86.542096
8,7,1600.0,2-Car,No injury/unknown,SPEED TOO FAST FOR WEATHER CONDITIONS,39.16570287,-86.52814666
10,4,900.0,2-Car,No injury/unknown,DISREGARD SIGNAL/REG SIGN,39.165696,-86.508208
11,4,0.0,2-Car,No injury/unknown,DRIVER DISTRACTED - EXPLAIN IN NARRATIVE,39.16569381,-86.53841471
6,5,1200.0,Bus,No injury/unknown,OTHER (DRIVER) - EXPLAIN IN NARRATIVE,39.16568,-86.537296
5,3,200.0,2-Car,No injury/unknown,OTHER (DRIVER) - EXPLAIN IN NARRATIVE,39.16568,-86.537296
10,6,1900.0,2-Car,Non-incapacitating,FAILURE TO YIELD RIGHT OF WAY,39.16567344,-86.53676414
8,5,0.0,2-Car,No injury/unknown,WRONG WAY ON ONE WAY,39.165664,-86.5348
6,3,1400.0,2-Car,No injury/unknown,FOLLOWING TOO CLOSELY,39.165664,-86.5348
10,7,,1-Car,No injury/unknown,ALCOHOLIC BEVERAGES,39.165664,-86.5348
10,7,900.0,3+ Cars,Non-incapacitating,DISREGARD SIGNAL/REG SIGN,39.165664,-86.5348
10,1,300.0,2-Car,No injury/unknown,OTHER (DRIVER) - EXPLAIN IN NARRATIVE,39.16566329,-86.53474682
1,6,1100.0,2-Car,No injury/unknown,UNSAFE BACKING,39.165648,-86.53222269
9,6,1100.0,2-Car,Non-incapacitating,FAILURE TO YIELD RIGHT OF WAY,39.165648,-86.53218723
6,4,1200.0,Pedestrian,Non-incapacitating,FAILURE TO YIELD RIGHT OF WAY,39.165648,-86.52720262
12,3,900.0,2-Car,No injury/unknown,FAILURE TO YIELD RIGHT OF WAY,39.165648,-86.53122077
2,6,1700.0,2-Car,No injury/unknown,,39.165648,-86.5336
2,1,100.0,3+ Cars,No injury/unknown,UNSAFE BACKING,39.165648,-86.5336
2,3,1100.0,2-Car,No injury/unknown,DRIVER DISTRACTED - EXPLAIN IN NARRATIVE,39.165648,-86.5324
3,5,1700.0,2-Car,No injury/unknown,UNSAFE BACKING,39.165648,-86.509296
4,6,1200.0,2-Car,No injury/unknown,FOLLOWING TOO CLOSELY,39.165648,-86.526848
7,6,800.0,2-Car,No injury/unknown,UNSAFE BACKING,39.165648,-86.526848
1,6,1100.0,2-Car,No injury/unknown,UNSAFE BACKING,39.165648,-86.53231478
3,1,300.0,1-Car,No injury/unknown,UNSAFE BACKING,39.165648,-86.5336
4,6,1300.0,2-Car,No injury/unknown,UNSAFE BACKING,39.165648,-86.5336
4,1,1000.0,2-Car,No injury/unknown,OTHER (DRIVER) - EXPLAIN IN NARRATIVE,39.165648,-86.5336
4,7,1600.0,1-Car,No injury/unknown,OTHER (DRIVER) - EXPLAIN IN NARRATIVE,39.165648,-86.528144
7,3,1200.0,2-Car,Non-incapacitating,CELL PHONE USAGE,39.165648,-86.5336
6,7,1500.0,2-Car,No injury/unknown,OTHER (DRIVER) - EXPLAIN IN NARRATIVE,39.165648,-86.5336
7,3,800.0,2-Car,No injury/unknown,FAILURE TO YIELD RIGHT OF WAY,39.165648,-86.5336
7,1,1100.0,2-Car,Non-incapacitating,FAILURE TO YIELD RIGHT OF WAY,39.165648,-86.5336
7,1,1700.0,2-Car,No injury/unknown,UNSAFE BACKING,39.165648,-86.528144
7,1,2100.0,2-Car,No injury/unknown,OTHER (DRIVER) - EXPLAIN IN NARRATIVE,39.165648,-86.526848
7,4,1300.0,2-Car,No injury/unknown,OTHER (DRIVER) - EXPLAIN IN NARRATIVE,39.165648,-86.53231478
12,4,800.0,Bus,No injury/unknown,OTHER (DRIVER) - EXPLAIN IN NARRATIVE,39.165648,-86.5336
7,3,900.0,2-Car,No injury/unknown,UNSAFE BACKING,39.165648,-86.5336
7,5,1700.0,2-Car,No injury/unknown,FAILURE TO YIELD RIGHT OF WAY,39.165648,-86.5324
7,6,100.0,2-Car,No injury/unknown,UNSAFE BACKING,39.165648,-86.5336
11,2,1100.0,1-Car,Non-incapacitating,IMPROPER PASSING,39.165648,-86.5324
9,4,2000.0,2-Car,No injury/unknown,,39.165648,-86.529712
12,2,700.0,2-Car,No injury/unknown,UNSAFE BACKING,39.165648,-86.5048
12,3,1400.0,2-Car,Non-incapacitating,FOLLOWING TOO CLOSELY,39.165648,-86.5336
11,3,700.0,2-Car,Fatal,LEFT OF CENTER,39.165648,-86.5336
11,3,1700.0,2-Car,No injury/unknown,UNSAFE BACKING,39.165648,-86.53231478
10,7,1200.0,3+ Cars,Non-incapacitating,DRIVER ILLNESS,39.165648,-86.531008
11,3,800.0,1-Car,No injury/unknown,RAN OFF ROAD RIGHT,39.165648,-86.5336
1,6,,2-Car,No injury/unknown,,39.1656,-86.575999
8,1,1500.0,2-Car,No injury/unknown,FAILURE TO YIELD RIGHT OF WAY,39.1656,-86.53617904
11,4,1100.0,2-Car,No injury/unknown,UNSAFE BACKING,39.1656,-86.53231763
2,2,1500.0,2-Car,No injury/unknown,IMPROPER TURNING,39.165599,-86.575999
1,5,1400.0,2-Car,No injury/unknown,FAILURE TO YIELD RIGHT OF WAY,39.165599,-86.575999
2,1,1400.0,Moped/Motorcycle,Non-incapacitating,FAILURE TO YIELD RIGHT OF WAY,39.165599,-86.575999
4,5,1200.0,2-Car,No injury/unknown,UNSAFE BACKING,39.165599,-86.5297986
8,7,1800.0,2-Car,No injury/unknown,FAILURE TO YIELD RIGHT OF WAY,39.165599,-86.575999
12,5,1500.0,2-Car,No injury/unknown,OTHER (DRIVER) - EXPLAIN IN NARRATIVE,39.165599,-86.575999
9,1,1600.0,2-Car,Non-incapacitating,OTHER (DRIVER) - EXPLAIN IN NARRATIVE,39.165599,-86.575999
11,7,1500.0,1-Car,No injury/unknown,OTHER (DRIVER) - EXPLAIN IN NARRATIVE,39.165576,-86.516312
5,1,1600.0,2-Car,No injury/unknown,FAILURE TO YIELD RIGHT OF WAY,39.16551739,-86.495088
6,5,1200.0,2-Car,No injury/unknown,UNSAFE BACKING,39.16548082,-86.537296
9,2,1300.0,2-Car,No injury/unknown,IMPROPER TURNING,39.165399,-86.51642988
9,3,1800.0,3+ Cars,No injury/unknown,IMPROPER TURNING,39.165399,-86.51642815
8,7,2100.0,3+ Cars,No injury/unknown,OVERCORRECTING/OVERSTEERING,39.165399,-86.51642296
9,6,1800.0,2-Car,No injury/unknown,FAILURE TO YIELD RIGHT OF WAY,39.165399,-86.51638835
7,4,1400.0,2-Car,No injury/unknown,FAILURE TO YIELD RIGHT OF WAY,39.16537114,-86.508495
1,2,900.0,2-Car,No injury/unknown,IMPROPER TURNING,39.1653668,-86.51639566
6,3,1700.0,3+ Cars,No injury/unknown,FOLLOWING TOO CLOSELY,39.16532493,-86.4812
5,2,,3+ Cars,No injury/unknown,PRESCRIPTION DRUGS,39.165313,-86.51204463
5,4,1600.0,2-Car,Non-incapacitating,FAILURE TO YIELD RIGHT OF WAY,39.165301,-86.582995
3,3,1400.0,2-Car,Non-incapacitating,FAILURE TO YIELD RIGHT OF WAY,39.16529981,-86.57309211
5,4,2300.0,2-Car,No injury/unknown,OTHER (DRIVER) - EXPLAIN IN NARRATIVE,39.165088,-86.582896
3,2,1600.0,2-Car,No injury/unknown,OTHER (DRIVER) - EXPLAIN IN NARRATIVE,39.165056,-86.653168
3,4,1600.0,2-Car,No injury/unknown,FAILURE TO YIELD RIGHT OF WAY,39.165056,-86.653168
4,1,1400.0,2-Car,No injury/unknown,OTHER (DRIVER) - EXPLAIN IN NARRATIVE,39.165056,-86.653168
12,6,1200.0,2-Car,Non-incapacitating,FOLLOWING TOO CLOSELY,39.165056,-86.653168
6,2,1500.0,1-Car,Non-incapacitating,ANIMAL/OBJECT IN ROADWAY,39.16504,-86.610704
11,3,2000.0,1-Car,No injury/unknown,ANIMAL/OBJECT IN ROADWAY,39.16503296,-86.61861916
4,7,800.0,2-Car,Non-incapacitating,FAILURE TO YIELD RIGHT OF WAY,39.16502592,-86.57309139
4,5,1700.0,2-Car,Non-incapacitating,UNSAFE SPEED,39.165001,-86.576001
1,6,600.0,3+ Cars,No injury/unknown,SPEED TOO FAST FOR WEATHER CONDITIONS,39.164944,-86.611296
1,6,600.0,2-Car,No injury/unknown,SPEED TOO FAST FOR WEATHER CONDITIONS,39.164944,-86.611296
1,6,600.0,3+ Cars,No injury/unknown,SPEED TOO FAST FOR WEATHER CONDITIONS,39.164944,-86.611296
12,4,600.0,2-Car,Non-incapacitating,ROADWAY SURFACE CONDITION,39.164944,-86.611296
7,7,1200.0,Moped/Motorcycle,Non-incapacitating,VIEW OBSTRUCTED,39.164944,-86.611296
8,2,1400.0,3+ Cars,No injury/unknown,OTHER (DRIVER) - EXPLAIN IN NARRATIVE,39.16488877,-86.5730888
4,3,1200.0,2-Car,No injury/unknown,FOLLOWING TOO CLOSELY,39.16488708,-86.53481214
10,6,1100.0,2-Car,No injury/unknown,FAILURE TO YIELD RIGHT OF WAY,39.16488707,-86.52811356
7,6,1100.0,2-Car,Non-incapacitating,FAILURE TO YIELD RIGHT OF WAY,39.16488698,-86.582999
1,3,1500.0,2-Car,Non-incapacitating,FOLLOWING TOO CLOSELY,39.16485453,-86.59907373
1,3,1600.0,2-Car,No injury/unknown,DISREGARD SIGNAL/REG SIGN,39.16485453,-86.59907373
12,2,1400.0,2-Car,No injury/unknown,DISREGARD SIGNAL/REG SIGN,39.16485453,-86.59907373
7,2,1500.0,2-Car,No injury/unknown,OTHER (DRIVER) - EXPLAIN IN NARRATIVE,39.164848,-86.58395985
3,3,1200.0,2-Car,No injury/unknown,IMPROPER TURNING,39.164848,-86.581504
7,2,1200.0,3+ Cars,Non-incapacitating,FOLLOWING TOO CLOSELY,39.164848,-86.582896
1,7,1000.0,2-Car,No injury/unknown,IMPROPER LANE USAGE,39.164848,-86.581504
4,2,2300.0,1-Car,No injury/unknown,IMPROPER TURNING,39.164848,-86.581504
6,5,1300.0,2-Car,Non-incapacitating,OTHER (DRIVER) - EXPLAIN IN NARRATIVE,39.164848,-86.582896
3,4,1500.0,2-Car,No injury/unknown,FAILURE TO YIELD RIGHT OF WAY,39.164848,-86.58303785
4,4,1100.0,2-Car,No injury/unknown,UNSAFE BACKING,39.164848,-86.57584186
4,5,1600.0,2-Car,No injury/unknown,UNSAFE BACKING,39.164848,-86.581504
5,5,1200.0,2-Car,No injury/unknown,OTHER (DRIVER) - EXPLAIN IN NARRATIVE,39.164848,-86.58293146
6,7,1500.0,2-Car,No injury/unknown,UNSAFE BACKING,39.164848,-86.581504
6,1,100.0,2-Car,No injury/unknown,FAILURE TO YIELD RIGHT OF WAY,39.164848,-86.582896
7,6,1500.0,2-Car,Non-incapacitating,FAILURE TO YIELD RIGHT OF WAY,39.164848,-86.5761011
8,5,2200.0,2-Car,No injury/unknown,FAILURE TO YIELD RIGHT OF WAY,39.164848,-86.582896
9,4,1500.0,2-Car,No injury/unknown,OTHER (VEHICLE) - EXPLAIN IN NARRATIVE,39.164848,-86.57957649
12,2,1300.0,2-Car,No injury/unknown,FAILURE TO YIELD RIGHT OF WAY,39.164848,-86.57542307
11,3,1200.0,2-Car,No injury/unknown,FAILURE TO YIELD RIGHT OF WAY,39.164848,-86.581504
10,3,1600.0,2-Car,No injury/unknown,FOLLOWING TOO CLOSELY,39.164848,-86.6
10,5,700.0,2-Car,No injury/unknown,FAILURE TO YIELD RIGHT OF WAY,39.16484767,-86.58010841
3,7,1100.0,2-Car,No injury/unknown,UNSAFE BACKING,39.164844,-86.579422
8,3,2300.0,2-Car,No injury/unknown,UNSAFE BACKING,39.164844,-86.579422
3,4,1000.0,2-Car,No injury/unknown,DRIVER ILLNESS,39.164844,-86.579422
2,6,1500.0,2-Car,No injury/unknown,FAILURE TO YIELD RIGHT OF WAY,39.16483984,-86.5804062
1,4,800.0,2-Car,No injury/unknown,FAILURE TO YIELD RIGHT OF WAY,39.16483487,-86.58279098
10,5,1200.0,2-Car,No injury/unknown,FAILURE TO YIELD RIGHT OF WAY,39.16483363,-86.58078563
8,3,1100.0,2-Car,Non-incapacitating,FAILURE TO YIELD RIGHT OF WAY,39.16483304,-86.58567871
12,2,900.0,3+ Cars,Non-incapacitating,FOLLOWING TOO CLOSELY,39.164832,-86.58218843
12,5,900.0,2-Car,No injury/unknown,IMPROPER TURNING,39.164832,-86.582048
8,4,1600.0,2-Car,No injury/unknown,OTHER (DRIVER) - EXPLAIN IN NARRATIVE,39.1648238,-86.57020339
12,6,800.0,2-Car,No injury/unknown,FAILURE TO YIELD RIGHT OF WAY,39.16482039,-86.5730964
9,5,700.0,2-Car,Non-incapacitating,ALCOHOLIC BEVERAGES,39.164816,-86.573888
9,7,1300.0,1-Car,No injury/unknown,OTHER (DRIVER) - EXPLAIN IN NARRATIVE,39.164816,-86.573888
6,6,1100.0,2-Car,No injury/unknown,OTHER (DRIVER) - EXPLAIN IN NARRATIVE,39.16477727,-86.53481386
5,1,2200.0,2-Car,No injury/unknown,IMPROPER TURNING,39.16476574,-86.59228452
9,6,700.0,2-Car,No injury/unknown,DRIVER DISTRACTED - EXPLAIN IN NARRATIVE,39.16476574,-86.59228452
3,4,1600.0,2-Car,No injury/unknown,FAILURE TO YIELD RIGHT OF WAY,39.16476563,-86.582896
6,5,1400.0,2-Car,No injury/unknown,OTHER (DRIVER) - EXPLAIN IN NARRATIVE,39.16475693,-86.57317464
4,5,1000.0,2-Car,No injury/unknown,IMPROPER TURNING,39.164752,-86.573104
7,6,1200.0,2-Car,No injury/unknown,FOLLOWING TOO CLOSELY,39.164752,-86.573104
8,4,800.0,3+ Cars,Non-incapacitating,SPEED TOO FAST FOR WEATHER CONDITIONS,39.164752,-86.573104
12,6,700.0,2-Car,No injury/unknown,FOLLOWING TOO CLOSELY,39.164752,-86.573104
1,2,1100.0,2-Car,No injury/unknown,IMPROPER LANE USAGE,39.164752,-86.573104
3,4,1100.0,2-Car,No injury/unknown,FAILURE TO YIELD RIGHT OF WAY,39.164752,-86.573104
4,3,1700.0,3+ Cars,Non-incapacitating,FOLLOWING TOO CLOSELY,39.164752,-86.573104
7,5,,2-Car,No injury/unknown,FAILURE TO YIELD RIGHT OF WAY,39.164752,-86.573104
2,6,1500.0,2-Car,No injury/unknown,DISREGARD SIGNAL/REG SIGN,39.164752,-86.573104
1,5,1600.0,2-Car,No injury/unknown,FAILURE TO YIELD RIGHT OF WAY,39.164752,-86.573104
8,3,1600.0,2-Car,Non-incapacitating,FAILURE TO YIELD RIGHT OF WAY,39.164752,-86.573104
1,7,1100.0,2-Car,No injury/unknown,OTHER (DRIVER) - EXPLAIN IN NARRATIVE,39.164752,-86.53984
2,6,1400.0,2-Car,No injury/unknown,SPEED TOO FAST FOR WEATHER CONDITIONS,39.164752,-86.573104
3,4,1700.0,3+ Cars,Non-incapacitating,FAILURE TO YIELD RIGHT OF WAY,39.164752,-86.573104
3,3,700.0,2-Car,Non-incapacitating,DISREGARD SIGNAL/REG SIGN,39.164752,-86.573104
4,4,1700.0,2-Car,Non-incapacitating,FAILURE TO YIELD RIGHT OF WAY,39.164752,-86.573104
2,6,2200.0,2-Car,Non-incapacitating,FOLLOWING TOO CLOSELY,39.164752,-86.573104
4,5,1200.0,2-Car,No injury/unknown,OTHER (DRIVER) - EXPLAIN IN NARRATIVE,39.164752,-86.573104
4,6,1800.0,2-Car,No injury/unknown,FAILURE TO YIELD RIGHT OF WAY,39.164752,-86.573104
5,7,1900.0,2-Car,Non-incapacitating,FAILURE TO YIELD RIGHT OF WAY,39.164752,-86.573104
6,1,2100.0,2-Car,Non-incapacitating,FOLLOWING TOO CLOSELY,39.164752,-86.573104
6,5,1200.0,2-Car,No injury/unknown,FAILURE TO YIELD RIGHT OF WAY,39.164752,-86.573104
5,7,1800.0,3+ Cars,Non-incapacitating,DRIVER DISTRACTED - EXPLAIN IN NARRATIVE,39.164752,-86.573104
4,3,1500.0,2-Car,Non-incapacitating,FAILURE TO YIELD RIGHT OF WAY,39.164752,-86.573104
6,2,1300.0,2-Car,No injury/unknown,FOLLOWING TOO CLOSELY,39.164752,-86.573104
10,4,1200.0,2-Car,Non-incapacitating,DISREGARD SIGNAL/REG SIGN,39.164752,-86.573104
7,3,1700.0,2-Car,No injury/unknown,SPEED TOO FAST FOR WEATHER CONDITIONS,39.164752,-86.573104
4,5,800.0,2-Car,No injury/unknown,FOLLOWING TOO CLOSELY,39.164752,-86.573104
5,2,1400.0,2-Car,Non-incapacitating,FAILURE TO YIELD RIGHT OF WAY,39.164752,-86.573104
7,5,1100.0,2-Car,Non-incapacitating,FOLLOWING TOO CLOSELY,39.164752,-86.573104
5,1,1200.0,2-Car,No injury/unknown,OTHER (DRIVER) - EXPLAIN IN NARRATIVE,39.164752,-86.573104
5,6,1700.0,3+ Cars,Non-incapacitating,BRAKE FAILURE OR DEFECTIVE,39.164752,-86.573104
12,5,1600.0,2-Car,No injury/unknown,FAILURE TO YIELD RIGHT OF WAY,39.164752,-86.573104
7,6,1300.0,2-Car,Non-incapacitating,FAILURE TO YIELD RIGHT OF WAY,39.164752,-86.573104
8,6,1300.0,2-Car,No injury/unknown,FOLLOWING TOO CLOSELY,39.164752,-86.573104
8,6,2100.0,2-Car,No injury/unknown,UNSAFE BACKING,39.164752,-86.573104
8,3,1600.0,2-Car,No injury/unknown,FAILURE TO YIELD RIGHT OF WAY,39.164752,-86.573104
11,5,900.0,2-Car,Non-incapacitating,FAILURE TO YIELD RIGHT OF WAY,39.164752,-86.573104
11,2,1200.0,2-Car,No injury/unknown,LEFT OF CENTER,39.164752,-86.573104
8,1,600.0,2-Car,Non-incapacitating,FAILURE TO YIELD RIGHT OF WAY,39.164752,-86.573104
8,1,1000.0,2-Car,No injury/unknown,FOLLOWING TOO CLOSELY,39.164752,-86.573104
10,7,1900.0,2-Car,No injury/unknown,FAILURE TO YIELD RIGHT OF WAY,39.164752,-86.573104
12,4,600.0,2-Car,Non-incapacitating,FAILURE TO YIELD RIGHT OF WAY,39.164752,-86.573104
12,6,1800.0,2-Car,No injury/unknown,FAILURE TO YIELD RIGHT OF WAY,39.164752,-86.573104
10,6,1600.0,3+ Cars,Non-incapacitating,DISREGARD SIGNAL/REG SIGN,39.164752,-86.573104
9,4,2200.0,2-Car,Non-incapacitating,FAILURE TO YIELD RIGHT OF WAY,39.164752,-86.573104
10,1,1700.0,2-Car,No injury/unknown,FAILURE TO YIELD RIGHT OF WAY,39.164752,-86.573104
10,5,2200.0,2-Car,No injury/unknown,FAILURE TO YIELD RIGHT OF WAY,39.164752,-86.573104
10,4,1400.0,2-Car,No injury/unknown,FAILURE TO YIELD RIGHT OF WAY,39.164752,-86.573104
11,7,1100.0,2-Car,Non-incapacitating,FOLLOWING TOO CLOSELY,39.164752,-86.573104
11,2,900.0,1-Car,No injury/unknown,SPEED TOO FAST FOR WEATHER CONDITIONS,39.164752,-86.573104
12,1,2000.0,2-Car,No injury/unknown,OTHER (DRIVER) - EXPLAIN IN NARRATIVE,39.164752,-86.573104
12,6,1700.0,2-Car,Non-incapacitating,DISREGARD SIGNAL/REG SIGN,39.164752,-86.573104
11,6,1200.0,2-Car,No injury/unknown,IMPROPER TURNING,39.164752,-86.573104
12,6,1000.0,2-Car,No injury/unknown,FOLLOWING TOO CLOSELY,39.164752,-86.573104
7,6,1900.0,2-Car,No injury/unknown,FOLLOWING TOO CLOSELY,39.164752,-86.573104
12,6,1800.0,3+ Cars,Non-incapacitating,FOLLOWING TOO CLOSELY,39.16474902,-86.57301543
1,2,1500.0,2-Car,No injury/unknown,OTHER (DRIVER) - EXPLAIN IN NARRATIVE,39.16474367,-86.572856
3,7,2000.0,2-Car,No injury/unknown,OTHER (DRIVER) - EXPLAIN IN NARRATIVE,39.16474251,-86.57282163
7,6,2200.0,2-Car,No injury/unknown,IMPROPER TURNING,39.16474251,-86.57282163
11,7,2100.0,2-Car,Non-incapacitating,FAILURE TO YIELD RIGHT OF WAY,39.16474251,-86.57282163
5,5,1700.0,2-Car,No injury/unknown,UNSAFE BACKING,39.16472678,-86.5723537
7,4,1100.0,2-Car,No injury/unknown,UNSAFE BACKING,39.16472678,-86.5723537
11,4,1400.0,2-Car,Non-incapacitating,SPEED TOO FAST FOR WEATHER CONDITIONS,39.16472242,-86.52681098
4,4,1700.0,2-Car,No injury/unknown,FAILURE TO YIELD RIGHT OF WAY,39.16472223,-86.5722183
4,6,2200.0,2-Car,No injury/unknown,UNSAFE BACKING,39.16472,-86.538592
1,6,1400.0,2-Car,No injury/unknown,LEFT OF CENTER,39.16472,-86.538592
2,3,1700.0,2-Car,No injury/unknown,UNSAFE SPEED,39.16472,-86.538592
5,3,1700.0,2-Car,No injury/unknown,OTHER (DRIVER) - EXPLAIN IN NARRATIVE,39.16472,-86.538592
7,5,2200.0,Moped/Motorcycle,Non-incapacitating,ALCOHOLIC BEVERAGES,39.16472,-86.538592
10,6,2300.0,1-Car,No injury/unknown,PEDESTRIAN ACTION,39.16472,-86.538592
5,3,1400.0,2-Car,Non-incapacitating,OTHER (DRIVER) - EXPLAIN IN NARRATIVE,39.16472,-86.538592
10,4,700.0,2-Car,Non-incapacitating,IMPROPER TURNING,39.16472,-86.538592
9,3,800.0,3+ Cars,Non-incapacitating,OTHER (DRIVER) - EXPLAIN IN NARRATIVE,39.16472,-86.538592
3,5,1800.0,2-Car,No injury/unknown,OTHER (DRIVER) - EXPLAIN IN NARRATIVE,39.16471431,-86.57198258
4,7,1600.0,2-Car,No injury/unknown,OTHER (DRIVER) - EXPLAIN IN NARRATIVE,39.16471322,-86.57195031
12,2,1200.0,2-Car,No injury/unknown,UNSAFE BACKING,39.16471241,-86.5719261
1,6,1700.0,2-Car,No injury/unknown,FAILURE TO YIELD RIGHT OF WAY,39.16470933,-86.57183467
7,2,1300.0,2-Car,No injury/unknown,FAILURE TO YIELD RIGHT OF WAY,39.16470933,-86.57183467
5,7,1800.0,Moped/Motorcycle,Non-incapacitating,OTHER (DRIVER) - EXPLAIN IN NARRATIVE,39.164704,-86.537296
11,2,1300.0,2-Car,No injury/unknown,FAILURE TO YIELD RIGHT OF WAY,39.164704,-86.537296
11,3,1900.0,2-Car,No injury/unknown,FAILURE TO YIELD RIGHT OF WAY,39.164704,-86.537296
9,6,1600.0,3+ Cars,No injury/unknown,FOLLOWING TOO CLOSELY,39.16469991,-86.57155428
2,1,2100.0,1-Car,No injury/unknown,ENGINE FAILURE OR DEFECTIVE,39.16469709,-86.573104
3,3,900.0,2-Car,Non-incapacitating,FAILURE TO YIELD RIGHT OF WAY,39.164688,-86.5712
7,2,1000.0,2-Car,No injury/unknown,FOLLOWING TOO CLOSELY,39.164688,-86.5712
10,7,900.0,2-Car,No injury/unknown,UNSAFE BACKING,39.164688,-86.5712
12,1,1200.0,2-Car,Non-incapacitating,FOLLOWING TOO CLOSELY,39.164688,-86.5712
11,7,900.0,2-Car,No injury/unknown,FAILURE TO YIELD RIGHT OF WAY,39.164688,-86.5712
11,6,1100.0,2-Car,No injury/unknown,OTHER (DRIVER) - EXPLAIN IN NARRATIVE,39.164688,-86.5712
10,2,1500.0,2-Car,No injury/unknown,OTHER (DRIVER) - EXPLAIN IN NARRATIVE,39.16468467,-86.57101
7,6,2200.0,2-Car,No injury/unknown,OTHER (DRIVER) - EXPLAIN IN NARRATIVE,39.164672,-86.570288
2,3,1900.0,2-Car,No injury/unknown,UNSAFE BACKING,39.16467067,-86.57025067
1,2,1400.0,2-Car,No injury/unknown,IMPROPER TURNING,39.16467067,-86.57025067
1,6,1300.0,2-Car,No injury/unknown,ROADWAY SURFACE CONDITION,39.16467067,-86.57025067
2,2,900.0,1-Car,No injury/unknown,OTHER (DRIVER) - EXPLAIN IN NARRATIVE,39.16467067,-86.57025067
3,7,1700.0,2-Car,No injury/unknown,UNSAFE BACKING,39.16467067,-86.57025067
6,4,1300.0,2-Car,No injury/unknown,UNSAFE BACKING,39.16466933,-86.57021333
2,2,200.0,2-Car,Non-incapacitating,OTHER (DRIVER) - EXPLAIN IN NARRATIVE,39.16464,-86.56446008
5,4,1000.0,2-Car,Non-incapacitating,LEFT OF CENTER,39.16464,-86.56446008
8,5,200.0,1-Car,No injury/unknown,RAN OFF ROAD RIGHT,39.16464,-86.53225815
3,7,1200.0,2-Car,No injury/unknown,DRIVER DISTRACTED - EXPLAIN IN NARRATIVE,39.16464,-86.53066939
8,2,1400.0,2-Car,No injury/unknown,FAILURE TO YIELD RIGHT OF WAY,39.16464,-86.53266596
9,3,1200.0,2-Car,Non-incapacitating,FOLLOWING TOO CLOSELY,39.16464,-86.53113039
3,2,2000.0,1-Car,No injury/unknown,,39.16464,-86.534816
8,7,1700.0,2-Car,No injury/unknown,UNSAFE BACKING,39.16464,-86.564992
7,7,1400.0,2-Car,No injury/unknown,OTHER (VEHICLE) - EXPLAIN IN NARRATIVE,39.16464,-86.534816
8,5,1000.0,2-Car,No injury/unknown,DISREGARD SIGNAL/REG SIGN,39.16464,-86.5324
1,7,1200.0,2-Car,Non-incapacitating,FAILURE TO YIELD RIGHT OF WAY,39.16464,-86.534816
1,3,1900.0,2-Car,Non-incapacitating,FAILURE TO YIELD RIGHT OF WAY,39.16464,-86.529728
3,6,1300.0,2-Car,No injury/unknown,FAILURE TO YIELD RIGHT OF WAY,39.16464,-86.53250639
2,5,1400.0,2-Car,No injury/unknown,OTHER (DRIVER) - EXPLAIN IN NARRATIVE,39.16464,-86.5324
2,3,1900.0,2-Car,No injury/unknown,FAILURE TO YIELD RIGHT OF WAY,39.16464,-86.534816
2,6,1500.0,2-Car,Non-incapacitating,LEFT OF CENTER,39.16464,-86.56352908