Month,Day,Hour,Collision Type,Injury Type,Primary Factor,Latitude,Longitude
2,1,1200.0,2-Car,Non-incapacitating,DISREGARD SIGNAL/REG SIGN,39.16464,-86.5324
5,2,1400.0,2-Car,No injury/unknown,FAILURE TO YIELD RIGHT OF WAY,39.16464,-86.5324
5,1,2300.0,2-Car,Non-incapacitating,FAILURE TO YIELD RIGHT OF WAY,39.16464,-86.529728
2,6,300.0,2-Car,No injury/unknown,UNSAFE BACKING,39.16464,-86.5336
12,4,1700.0,2-Car,No injury/unknown,FAILURE TO YIELD RIGHT OF WAY,39.16464,-86.569392
6,2,1600.0,2-Car,No injury/unknown,,39.16464,-86.5336
1,6,1100.0,2-Car,Non-incapacitating,UNSAFE BACKING,39.16464,-86.5324
1,6,1100.0,2-Car,Non-incapacitating,DISREGARD SIGNAL/REG SIGN,39.16464,-86.5324
1,6,1900.0,2-Car,Non-incapacitating,SPEED TOO FAST FOR WEATHER CONDITIONS,39.16464,-86.534816
3,3,1200.0,2-Car,No injury/unknown,UNSAFE BACKING,39.16464,-86.5324
9,4,1400.0,2-Car,No injury/unknown,UNSAFE BACKING,39.16464,-86.5324
4,1,1300.0,2-Car,No injury/unknown,UNSAFE BACKING,39.16464,-86.5324
3,7,1700.0,2-Car,Non-incapacitating,DRIVER DISTRACTED - EXPLAIN IN NARRATIVE,39.16464,-86.534816
5,6,1600.0,2-Car,Non-incapacitating,FAILURE TO YIELD RIGHT OF WAY,39.16464,-86.5324
5,6,1800.0,2-Car,No injury/unknown,FAILURE TO YIELD RIGHT OF WAY,39.16464,-86.5324
7,2,1500.0,2-Car,No injury/unknown,OTHER (DRIVER) - EXPLAIN IN NARRATIVE,39.16464,-86.56913891
1,7,1500.0,2-Car,No injury/unknown,UNSAFE BACKING,39.16464,-86.5324
2,4,200.0,1-Car,No injury/unknown,RAN OFF ROAD RIGHT,39.16464,-86.534816
2,5,1800.0,2-Car,No injury/unknown,UNSAFE BACKING,39.16464,-86.5324
6,3,1100.0,2-Car,Non-incapacitating,DISREGARD SIGNAL/REG SIGN,39.16464,-86.5324
2,3,1100.0,2-Car,No injury/unknown,DISREGARD SIGNAL/REG SIGN,39.16464,-86.5324
2,6,1600.0,2-Car,No injury/unknown,FAILURE TO YIELD RIGHT OF WAY,39.16464,-86.529728
3,3,0.0,2-Car,No injury/unknown,DISREGARD SIGNAL/REG SIGN,39.16464,-86.534816
4,4,2100.0,2-Car,Non-incapacitating,FAILURE TO YIELD RIGHT OF WAY,39.16464,-86.534816
4,6,1100.0,2-Car,No injury/unknown,DISREGARD SIGNAL/REG SIGN,39.16464,-86.5324
11,2,1800.0,2-Car,No injury/unknown,FAILURE TO YIELD RIGHT OF WAY,39.16464,-86.56803546
4,5,1100.0,2-Car,No injury/unknown,FOLLOWING TOO CLOSELY,39.16464,-86.568
2,7,1200.0,3+ Cars,Non-incapacitating,OTHER (DRIVER) - EXPLAIN IN NARRATIVE,39.16464,-86.529728
3,4,800.0,2-Car,No injury/unknown,FAILURE TO YIELD RIGHT OF WAY,39.16464,-86.568
5,1,1900.0,2-Car,No injury/unknown,DISREGARD SIGNAL/REG SIGN,39.16464,-86.5324
4,6,1500.0,2-Car,Non-incapacitating,FOLLOWING TOO CLOSELY,39.16464,-86.569392
4,5,2100.0,1-Car,No injury/unknown,OTHER (DRIVER) - EXPLAIN IN NARRATIVE,39.16464,-86.53075951
4,5,1900.0,2-Car,No injury/unknown,FAILURE TO YIELD RIGHT OF WAY,39.16464,-86.529728
4,5,1700.0,2-Car,No injury/unknown,IMPROPER PASSING,39.16464,-86.56905455
4,6,300.0,1-Car,No injury/unknown,ALCOHOLIC BEVERAGES,39.16464,-86.5336
5,7,1300.0,2-Car,Non-incapacitating,DISREGARD SIGNAL/REG SIGN,39.16464,-86.531024
5,7,2000.0,2-Car,Non-incapacitating,OTHER (DRIVER) - EXPLAIN IN NARRATIVE,39.16464,-86.533
4,1,,2-Car,No injury/unknown,UNSAFE BACKING,39.16464,-86.5336
4,6,1400.0,1-Car,Non-incapacitating,FAILURE TO YIELD RIGHT OF WAY,39.16464,-86.56913891
9,6,1300.0,2-Car,No injury/unknown,IMPROPER LANE USAGE,39.16464,-86.534816
6,6,1300.0,2-Car,Non-incapacitating,UNSAFE SPEED,39.16464,-86.5336
10,3,2100.0,2-Car,No injury/unknown,FAILURE TO YIELD RIGHT OF WAY,39.16464,-86.52976346
8,2,1400.0,2-Car,No injury/unknown,UNSAFE BACKING,39.16464,-86.56913891
8,3,1600.0,1-Car,Non-incapacitating,OTHER (DRIVER) - EXPLAIN IN NARRATIVE,39.16464,-86.52936
7,4,1400.0,2-Car,No injury/unknown,OTHER (DRIVER) - EXPLAIN IN NARRATIVE,39.16464,-86.569392
7,6,1700.0,2-Car,No injury/unknown,FAILURE TO YIELD RIGHT OF WAY,39.16464,-86.534816
7,7,2100.0,2-Car,No injury/unknown,OTHER (DRIVER) - EXPLAIN IN NARRATIVE,39.16464,-86.5336
7,6,1600.0,2-Car,No injury/unknown,FOLLOWING TOO CLOSELY,39.16464,-86.564992
7,7,0.0,1-Car,No injury/unknown,ALCOHOLIC BEVERAGES,39.16464,-86.56741781
5,5,1200.0,2-Car,No injury/unknown,FAILURE TO YIELD RIGHT OF WAY,39.16464,-86.533
5,7,1100.0,2-Car,No injury/unknown,FAILURE TO YIELD RIGHT OF WAY,39.16464,-86.529728
5,2,1100.0,2-Car,No injury/unknown,FAILURE TO YIELD RIGHT OF WAY,39.16464,-86.56741781
5,5,1100.0,2-Car,No injury/unknown,OTHER (DRIVER) - EXPLAIN IN NARRATIVE,39.16464,-86.5677089
5,4,1500.0,3+ Cars,Non-incapacitating,FOLLOWING TOO CLOSELY,39.16464,-86.52919608
5,5,1500.0,2-Car,No injury/unknown,FOLLOWING TOO CLOSELY,39.16464,-86.56810639
6,2,1800.0,2-Car,No injury/unknown,FOLLOWING TOO CLOSELY,39.16464,-86.56913891
6,3,1600.0,2-Car,No injury/unknown,IMPROPER LANE USAGE,39.16464,-86.534816
5,1,,2-Car,No injury/unknown,OTHER (DRIVER) - EXPLAIN IN NARRATIVE,39.16464,-86.5324
12,4,1800.0,2-Car,No injury/unknown,SPEED TOO FAST FOR WEATHER CONDITIONS,39.16464,-86.5324
8,6,1400.0,3+ Cars,Non-incapacitating,SPEED TOO FAST FOR WEATHER CONDITIONS,39.16464,-86.564992
7,7,300.0,3+ Cars,Non-incapacitating,UNSAFE SPEED,39.16464,-86.5336
11,2,1200.0,2-Car,Non-incapacitating,DISREGARD SIGNAL/REG SIGN,39.16464,-86.5324
7,5,1600.0,2-Car,No injury/unknown,UNSAFE BACKING,39.16464,-86.56905455
7,6,1300.0,Bus,No injury/unknown,DISREGARD SIGNAL/REG SIGN,39.16464,-86.5324
8,7,1300.0,2-Car,No injury/unknown,UNSAFE BACKING,39.16464,-86.56913891
8,7,1600.0,3+ Cars,Non-incapacitating,FOLLOWING TOO CLOSELY,39.16464,-86.5324
8,5,2100.0,2-Car,No injury/unknown,FOLLOWING TOO CLOSELY,39.16464,-86.531024
8,2,2100.0,2-Car,Non-incapacitating,FAILURE TO YIELD RIGHT OF WAY,39.16464,-86.529728
9,7,1500.0,2-Car,No injury/unknown,UNSAFE BACKING,39.16464,-86.5324
9,7,1800.0,3+ Cars,No injury/unknown,DRIVER DISTRACTED - EXPLAIN IN NARRATIVE,39.16464,-86.5336
10,4,1600.0,2-Car,No injury/unknown,FAILURE TO YIELD RIGHT OF WAY,39.16464,-86.56741781
12,6,1500.0,2-Car,No injury/unknown,FAILURE TO YIELD RIGHT OF WAY,39.16464,-86.56783019
10,5,1100.0,2-Car,No injury/unknown,FOLLOWING TOO CLOSELY,39.16464,-86.5324
8,7,1700.0,2-Car,No injury/unknown,FAILURE TO YIELD RIGHT OF WAY,39.16464,-86.5324
9,7,1400.0,2-Car,No injury/unknown,FAILURE TO YIELD RIGHT OF WAY,39.16464,-86.533
8,5,1700.0,Moped/Motorcycle,Non-incapacitating,IMPROPER PASSING,39.16464,-86.568
9,6,300.0,2-Car,No injury/unknown,UNSAFE BACKING,39.16464,-86.5336
10,1,1900.0,2-Car,No injury/unknown,DISREGARD SIGNAL/REG SIGN,39.16464,-86.531024
10,5,900.0,2-Car,Non-incapacitating,FAILURE TO YIELD RIGHT OF WAY,39.16464,-86.534816
11,6,2300.0,2-Car,No injury/unknown,FAILURE TO YIELD RIGHT OF WAY,39.16464,-86.5324
12,4,100.0,2-Car,No injury/unknown,DISREGARD SIGNAL/REG SIGN,39.16464,-86.5324
12,2,1400.0,2-Car,No injury/unknown,IMPROPER LANE USAGE,39.16464,-86.53467415
12,5,1200.0,2-Car,Non-incapacitating,OTHER (DRIVER) - EXPLAIN IN NARRATIVE,39.16464,-86.531024
12,6,1200.0,2-Car,No injury/unknown,FAILURE TO YIELD RIGHT OF WAY,39.16464,-86.569392
11,6,2100.0,2-Car,No injury/unknown,FOLLOWING TOO CLOSELY,39.16464,-86.5324
11,7,1400.0,2-Car,No injury/unknown,FAILURE TO YIELD RIGHT OF WAY,39.16464,-86.5324
12,6,1300.0,2-Car,No injury/unknown,IMPROPER TURNING,39.16464,-86.56913891
11,3,1600.0,2-Car,No injury/unknown,DISREGARD SIGNAL/REG SIGN,39.16464,-86.5324
11,3,1100.0,2-Car,No injury/unknown,OTHER (DRIVER) - EXPLAIN IN NARRATIVE,39.16464,-86.531024
1,6,1000.0,2-Car,No injury/unknown,FAILURE TO YIELD RIGHT OF WAY,39.16464,-86.5324
8,3,1400.0,2-Car,No injury/unknown,FOLLOWING TOO CLOSELY,39.16464,-86.534816
1,7,1000.0,2-Car,No injury/unknown,FAILURE TO YIELD RIGHT OF WAY,39.16463519,-86.47594631
1,7,300.0,1-Car,No injury/unknown,ALCOHOLIC BEVERAGES,39.16462155,-86.52837078
10,4,1500.0,2-Car,No injury/unknown,FOLLOWING TOO CLOSELY,39.16462155,-86.52837078
2,4,400.0,1-Car,Non-incapacitating,DRIVER ASLEEP OR FATIGUED,39.164604,-86.58252784
3,6,2200.0,2-Car,Non-incapacitating,FAILURE TO YIELD RIGHT OF WAY,39.164604,-86.582701
5,7,2200.0,2-Car,Non-incapacitating,FOLLOWING TOO CLOSELY,39.164604,-86.58270187
2,6,1900.0,3+ Cars,Non-incapacitating,DISREGARD SIGNAL/REG SIGN,39.164604,-86.582701
4,7,2300.0,2-Car,Non-incapacitating,IMPROPER LANE USAGE,39.164604,-86.58270273
5,2,700.0,3+ Cars,No injury/unknown,FOLLOWING TOO CLOSELY,39.164604,-86.582701
5,1,1200.0,3+ Cars,No injury/unknown,DRIVER DISTRACTED - EXPLAIN IN NARRATIVE,39.164604,-86.582701
12,1,300.0,2-Car,Non-incapacitating,ALCOHOLIC BEVERAGES,39.164601,-86.534899
4,4,1200.0,2-Car,Non-incapacitating,FAILURE TO YIELD RIGHT OF WAY,39.1646,-86.575601
4,5,1100.0,2-Car,No injury/unknown,FOLLOWING TOO CLOSELY,39.1646,-86.57559667
1,6,1900.0,2-Car,Non-incapacitating,FAILURE TO YIELD RIGHT OF WAY,39.1646,-86.57739567
4,7,700.0,3+ Cars,Non-incapacitating,FAILURE TO YIELD RIGHT OF WAY,39.1646,-86.575601
4,6,1200.0,3+ Cars,No injury/unknown,NONE (VEHICLE),39.1646,-86.575601
4,5,1100.0,Bus,Non-incapacitating,IMPROPER LANE USAGE,39.1646,-86.575601
4,4,1400.0,2-Car,Non-incapacitating,FAILURE TO YIELD RIGHT OF WAY,39.1646,-86.575601
6,4,1700.0,3+ Cars,No injury/unknown,FOLLOWING TOO CLOSELY,39.1646,-86.57739134
5,4,1500.0,2-Car,No injury/unknown,FAILURE TO YIELD RIGHT OF WAY,39.1646,-86.57739351
11,6,1200.0,2-Car,Non-incapacitating,FOLLOWING TOO CLOSELY,39.1646,-86.57559494
7,6,1200.0,2-Car,Non-incapacitating,FAILURE TO YIELD RIGHT OF WAY,39.1646,-86.57558369
6,2,1700.0,3+ Cars,Non-incapacitating,FAILURE TO YIELD RIGHT OF WAY,39.1646,-86.575601
5,6,1600.0,2-Car,Non-incapacitating,FAILURE TO YIELD RIGHT OF WAY,39.1646,-86.5774
7,1,1200.0,2-Car,No injury/unknown,IMPROPER LANE USAGE,39.1646,-86.575601
8,7,1200.0,2-Car,No injury/unknown,FAILURE TO YIELD RIGHT OF WAY,39.1646,-86.57738701
10,6,1500.0,2-Car,No injury/unknown,FAILURE TO YIELD RIGHT OF WAY,39.1646,-86.575601
12,4,1200.0,2-Car,Non-incapacitating,OTHER (DRIVER) - EXPLAIN IN NARRATIVE,39.1646,-86.57739827
9,1,1500.0,2-Car,No injury/unknown,FAILURE TO YIELD RIGHT OF WAY,39.1646,-86.575601
12,3,1100.0,2-Car,No injury/unknown,FAILURE TO YIELD RIGHT OF WAY,39.1646,-86.57559234
12,3,1500.0,2-Car,No injury/unknown,FAILURE TO YIELD RIGHT OF WAY,39.1646,-86.57739567
10,5,2000.0,2-Car,Non-incapacitating,FAILURE TO YIELD RIGHT OF WAY,39.1646,-86.57738269
12,4,2200.0,2-Car,No injury/unknown,DISREGARD SIGNAL/REG SIGN,39.1646,-86.575601
11,2,1100.0,Bus,No injury/unknown,IMPROPER LANE USAGE,39.1646,-86.575601
1,6,2100.0,2-Car,No injury/unknown,FAILURE TO YIELD RIGHT OF WAY,39.1645984,-86.57249747
2,7,1200.0,2-Car,No injury/unknown,FOLLOWING TOO CLOSELY,39.1645984,-86.57597769
6,6,700.0,2-Car,No injury/unknown,IMPROPER LANE USAGE,39.1645984,-86.57595171
1,5,1400.0,2-Car,No injury/unknown,FAILURE TO YIELD RIGHT OF WAY,39.1645984,-86.57912775
3,7,1200.0,3+ Cars,No injury/unknown,UNSAFE SPEED,39.1645984,-86.57596903
6,1,1900.0,2-Car,No injury/unknown,IMPROPER LANE USAGE,39.1645984,-86.57596037
5,3,600.0,2-Car,No injury/unknown,FOLLOWING TOO CLOSELY,39.1645984,-86.57598634
5,7,2200.0,2-Car,Non-incapacitating,DISREGARD SIGNAL/REG SIGN,39.1645984,-86.57913641
6,5,1100.0,2-Car,Non-incapacitating,FAILURE TO YIELD RIGHT OF WAY,39.1645984,-86.57596037
9,3,1100.0,2-Car,No injury/unknown,FOLLOWING TOO CLOSELY,39.1645984,-86.57913641
11,3,900.0,2-Car,Non-incapacitating,FAILURE TO YIELD RIGHT OF WAY,39.1645984,-86.57596037
9,5,1100.0,2-Car,Non-incapacitating,FAILURE TO YIELD RIGHT OF WAY,39.1645984,-86.57596037
10,7,1100.0,2-Car,No injury/unknown,FAILURE TO YIELD RIGHT OF WAY,39.1645984,-86.57594739
11,6,1400.0,2-Car,No injury/unknown,FOLLOWING TOO CLOSELY,39.1645984,-86.57596037
12,4,2300.0,2-Car,Non-incapacitating,FAILURE TO YIELD RIGHT OF WAY,39.1645984,-86.57911044
9,4,1600.0,2-Car,No injury/unknown,OTHER (DRIVER) - EXPLAIN IN NARRATIVE,39.16456916,-86.56080449
11,5,1500.0,1-Car,No injury/unknown,UNSAFE BACKING,39.16456,-86.55474746
3,3,1300.0,2-Car,No injury/unknown,ROADWAY SURFACE CONDITION,39.16455981,-86.55584763
1,6,1600.0,2-Car,Non-incapacitating,FOLLOWING TOO CLOSELY,39.16455665,-86.55974176
8,2,1000.0,1-Car,Non-incapacitating,UNSAFE BACKING,39.164544,-86.55353065
4,5,1700.0,2-Car,No injury/unknown,FAILURE TO YIELD RIGHT OF WAY,39.164544,-86.55340895
4,5,1400.0,2-Car,No injury/unknown,OVERCORRECTING/OVERSTEERING,39.164544,-86.560096
7,5,1800.0,2-Car,Non-incapacitating,DRIVER DISTRACTED - EXPLAIN IN NARRATIVE,39.164544,-86.560096
9,7,1800.0,2-Car,No injury/unknown,FOLLOWING TOO CLOSELY,39.164544,-86.560096
9,3,1600.0,2-Car,No injury/unknown,FAILURE TO YIELD RIGHT OF WAY,39.164544,-86.560096
10,4,1700.0,2-Car,Non-incapacitating,FAILURE TO YIELD RIGHT OF WAY,39.164544,-86.560096
10,1,2000.0,2-Car,Non-incapacitating,FAILURE TO YIELD RIGHT OF WAY,39.164544,-86.560096
4,5,1200.0,2-Car,No injury/unknown,OTHER (DRIVER) - EXPLAIN IN NARRATIVE,39.16451984,-86.551008
5,2,600.0,2-Car,No injury/unknown,IMPROPER TURNING,39.164512,-86.550624
11,1,1300.0,2-Car,Non-incapacitating,IMPROPER TURNING,39.164512,-86.550624
7,6,1000.0,2-Car,No injury/unknown,OTHER (DRIVER) - EXPLAIN IN NARRATIVE,39.164506,-86.570222
12,3,1400.0,2-Car,No injury/unknown,OTHER (DRIVER) - EXPLAIN IN NARRATIVE,39.1645,-86.565
1,2,2100.0,2-Car,No injury/unknown,UNSAFE BACKING,39.16449371,-86.5336
4,7,100.0,1-Car,No injury/unknown,UNSAFE BACKING,39.16449371,-86.5336
10,5,200.0,2-Car,No injury/unknown,ALCOHOLIC BEVERAGES,39.1644915,-86.54983329
4,6,1600.0,1-Car,No injury/unknown,OTHER (DRIVER) - EXPLAIN IN NARRATIVE,39.164488,-86.54969829
4,6,1600.0,1-Car,No injury/unknown,OTHER (DRIVER) - EXPLAIN IN NARRATIVE,39.164488,-86.54969829
4,1,,2-Car,No injury/unknown,,39.16446694,-86.53481763
8,1,900.0,2-Car,No injury/unknown,OTHER (DRIVER) - EXPLAIN IN NARRATIVE,39.16446694,-86.53481763
1,2,1200.0,2-Car,No injury/unknown,IMPROPER TURNING,39.164448,-86.525792
6,2,800.0,2-Car,No injury/unknown,OTHER (DRIVER) - EXPLAIN IN NARRATIVE,39.164448,-86.5268
10,6,1700.0,2-Car,No injury/unknown,FOLLOWING TOO CLOSELY,39.164448,-86.525792
3,2,1200.0,2-Car,No injury/unknown,FAILURE TO YIELD RIGHT OF WAY,39.164448,-86.471888
2,5,1900.0,3+ Cars,Non-incapacitating,LEFT OF CENTER,39.164448,-86.471888
2,2,1900.0,2-Car,No injury/unknown,IMPROPER PASSING,39.164448,-86.5268
8,3,2100.0,1-Car,No injury/unknown,DRIVER DISTRACTED - EXPLAIN IN NARRATIVE,39.164448,-86.5268
10,6,1100.0,2-Car,Non-incapacitating,OTHER (DRIVER) - EXPLAIN IN NARRATIVE,39.164448,-86.525792
4,1,1500.0,2-Car,No injury/unknown,FOLLOWING TOO CLOSELY,39.164448,-86.52649143
2,7,1400.0,2-Car,No injury/unknown,OTHER (DRIVER) - EXPLAIN IN NARRATIVE,39.164448,-86.525792
4,5,1500.0,2-Car,No injury/unknown,FOLLOWING TOO CLOSELY,39.164448,-86.525792
8,3,1400.0,2-Car,No injury/unknown,IMPROPER LANE USAGE,39.164448,-86.525792
4,5,1400.0,2-Car,No injury/unknown,UNSAFE SPEED,39.164448,-86.525792
4,4,1400.0,2-Car,No injury/unknown,UNSAFE SPEED,39.164448,-86.525792
4,2,1100.0,2-Car,No injury/unknown,IMPROPER TURNING,39.164448,-86.525792
3,5,1200.0,2-Car,No injury/unknown,FAILURE TO YIELD RIGHT OF WAY,39.164448,-86.471888
3,2,100.0,1-Car,Non-incapacitating,RAN OFF ROAD RIGHT,39.164448,-86.528096
4,1,1600.0,2-Car,Non-incapacitating,FAILURE TO YIELD RIGHT OF WAY,39.164448,-86.471888
5,7,900.0,2-Car,No injury/unknown,DISREGARD SIGNAL/REG SIGN,39.164448,-86.528096
4,7,200.0,2-Car,Non-incapacitating,ALCOHOLIC BEVERAGES,39.164448,-86.528096
5,4,1300.0,1-Car,Non-incapacitating,RAN OFF ROAD RIGHT,39.164448,-86.528096
6,6,2200.0,2-Car,No injury/unknown,DISREGARD SIGNAL/REG SIGN,39.164448,-86.528096
5,7,700.0,2-Car,Fatal,UNSAFE SPEED,39.164448,-86.528096
4,5,1600.0,2-Car,No injury/unknown,OTHER (DRIVER) - EXPLAIN IN NARRATIVE,39.164448,-86.525792
4,5,1500.0,2-Car,Non-incapacitating,SPEED TOO FAST FOR WEATHER CONDITIONS,39.164448,-86.52672908
7,2,800.0,2-Car,No injury/unknown,DISREGARD SIGNAL/REG SIGN,39.164448,-86.5268
7,7,2000.0,2-Car,No injury/unknown,IMPROPER TURNING,39.164448,-86.5268
11,2,900.0,2-Car,No injury/unknown,UNSAFE SPEED,39.164448,-86.52715461
9,7,1500.0,2-Car,No injury/unknown,FOLLOWING TOO CLOSELY,39.164448,-86.525792
8,5,1100.0,2-Car,No injury/unknown,FAILURE TO YIELD RIGHT OF WAY,39.164448,-86.5268
9,2,1500.0,2-Car,Non-incapacitating,DISREGARD SIGNAL/REG SIGN,39.164448,-86.5268
7,3,1600.0,2-Car,No injury/unknown,DISREGARD SIGNAL/REG SIGN,39.164448,-86.528096
10,4,900.0,2-Car,No injury/unknown,ROADWAY SURFACE CONDITION,39.164448,-86.528096
7,1,2100.0,3+ Cars,Non-incapacitating,LEFT OF CENTER,39.164448,-86.528096
12,2,700.0,2-Car,No injury/unknown,FOLLOWING TOO CLOSELY,39.164448,-86.471888
5,5,1100.0,2-Car,Fatal,SPEED TOO FAST FOR WEATHER CONDITIONS,39.164448,-86.528096
5,7,1000.0,2-Car,No injury/unknown,FAILURE TO YIELD RIGHT OF WAY,39.164448,-86.471888
8,6,900.0,1-Car,No injury/unknown,RAN OFF ROAD RIGHT,39.164448,-86.528096
10,7,300.0,1-Car,No injury/unknown,ANIMAL/OBJECT IN ROADWAY,39.164448,-86.528096
9,5,1300.0,2-Car,No injury/unknown,FAILURE TO YIELD RIGHT OF WAY,39.164448,-86.471888
9,3,2300.0,1-Car,No injury/unknown,ALCOHOLIC BEVERAGES,39.164448,-86.5268
9,2,2300.0,2-Car,No injury/unknown,FOLLOWING TOO CLOSELY,39.164448,-86.5268
10,5,1800.0,2-Car,No injury/unknown,LEFT OF CENTER,39.164448,-86.528096
10,1,1700.0,2-Car,No injury/unknown,IMPROPER TURNING,39.164448,-86.525792
10,4,700.0,2-Car,No injury/unknown,OTHER (DRIVER) - EXPLAIN IN NARRATIVE,39.164448,-86.528096
10,3,1500.0,1-Car,Non-incapacitating,NONE (DRIVER),39.164448,-86.528096
10,3,1500.0,2-Car,Non-incapacitating,OTHER (DRIVER) - EXPLAIN IN NARRATIVE,39.164448,-86.528096
11,7,700.0,1-Car,No injury/unknown,RAN OFF ROAD RIGHT,39.164448,-86.528096
2,6,1800.0,2-Car,No injury/unknown,FOLLOWING TOO CLOSELY,39.164448,-86.471888
2,2,1600.0,2-Car,No injury/unknown,FOLLOWING TOO CLOSELY,39.164448,-86.52672908
8,6,1700.0,1-Car,No injury/unknown,SPEED TOO FAST FOR WEATHER CONDITIONS,39.164448,-86.528096
3,6,1500.0,2-Car,No injury/unknown,SPEED TOO FAST FOR WEATHER CONDITIONS,39.16444481,-86.5256857
6,2,1100.0,2-Car,No injury/unknown,FOLLOWING TOO CLOSELY,39.16443539,-86.5253718
2,7,800.0,2-Car,No injury/unknown,UNSAFE SPEED,39.164432,-86.5284
4,3,1300.0,2-Car,Non-incapacitating,UNSAFE SPEED,39.16443194,-86.51638736
10,4,1500.0,1-Car,Non-incapacitating,PEDESTRIAN ACTION,39.16443055,-86.52521018
7,5,2200.0,2-Car,No injury/unknown,ALCOHOLIC BEVERAGES,39.16442227,-86.47206217
8,2,1300.0,2-Car,Non-incapacitating,UNSAFE SPEED,39.16442143,-86.52490613
4,5,1500.0,2-Car,No injury/unknown,FOLLOWING TOO CLOSELY,39.164404,-86.55630173
2,3,1300.0,2-Car,No injury/unknown,UNSAFE SPEED,39.16440374,-86.55628606
7,7,1200.0,2-Car,No injury/unknown,FOLLOWING TOO CLOSELY,39.16440374,-86.55629125
11,5,1200.0,2-Car,No injury/unknown,FOLLOWING TOO CLOSELY,39.16440374,-86.55626961
2,5,1700.0,2-Car,No injury/unknown,FAILURE TO YIELD RIGHT OF WAY,39.16440374,-86.55629342
12,6,1800.0,2-Car,No injury/unknown,UNSAFE SPEED,39.16440374,-86.5562826
7,3,1200.0,2-Car,No injury/unknown,FOLLOWING TOO CLOSELY,39.16440374,-86.5562826
10,3,1300.0,2-Car,Non-incapacitating,OTHER (DRIVER) - EXPLAIN IN NARRATIVE,39.16440374,-86.55629558
12,6,1500.0,2-Car,No injury/unknown,OTHER (DRIVER) - EXPLAIN IN NARRATIVE,39.16440374,-86.55628433
11,3,1300.0,2-Car,No injury/unknown,FOLLOWING TOO CLOSELY,39.16440374,-86.5562826
11,3,,2-Car,Non-incapacitating,FOLLOWING TOO CLOSELY,39.16440374,-86.55626529
2,3,800.0,2-Car,No injury/unknown,FOLLOWING TOO CLOSELY,39.1644,-86.5522
5,6,1600.0,2-Car,Non-incapacitating,FAILURE TO YIELD RIGHT OF WAY,39.1644,-86.5522
5,7,1800.0,1-Car,No injury/unknown,OVERCORRECTING/OVERSTEERING,39.1644,-86.546304
8,6,1600.0,2-Car,No injury/unknown,OTHER (DRIVER) - EXPLAIN IN NARRATIVE,39.1644,-86.55220346
7,2,2000.0,2-Car,No injury/unknown,FOLLOWING TOO CLOSELY,39.16439952,-86.52417584
4,3,1500.0,2-Car,Non-incapacitating,OTHER (DRIVER) - EXPLAIN IN NARRATIVE,39.16437327,-86.5233007
5,5,1300.0,3+ Cars,No injury/unknown,UNSAFE SPEED,39.16436795,-86.52312352
11,7,2300.0,2-Car,No injury/unknown,IMPROPER TURNING,39.16436795,-86.52312352
1,6,1700.0,2-Car,No injury/unknown,FAILURE TO YIELD RIGHT OF WAY,39.16435998,-86.52285776
4,3,1700.0,2-Car,No injury/unknown,IMPROPER LANE USAGE,39.16435732,-86.52276917
1,4,2000.0,1-Car,No injury/unknown,ALCOHOLIC BEVERAGES,39.16435609,-86.43457385
9,3,1700.0,2-Car,No injury/unknown,FOLLOWING TOO CLOSELY,39.16435519,-86.5226983
2,4,1900.0,2-Car,No injury/unknown,FOLLOWING TOO CLOSELY,39.164352,-86.52223739
2,3,900.0,2-Car,No injury/unknown,FAILURE TO YIELD RIGHT OF WAY,39.164352,-86.522592
1,4,2100.0,2-Car,No injury/unknown,FOLLOWING TOO CLOSELY,39.164352,-86.522592
2,2,1700.0,2-Car,No injury/unknown,DRIVER DISTRACTED - EXPLAIN IN NARRATIVE,39.164352,-86.52255654
1,6,1700.0,2-Car,No injury/unknown,IMPROPER PASSING,39.164352,-86.522592
6,5,1200.0,3+ Cars,Non-incapacitating,OTHER (DRIVER) - EXPLAIN IN NARRATIVE,39.164352,-86.522592
8,4,1300.0,2-Car,No injury/unknown,FOLLOWING TOO CLOSELY,39.164352,-86.522592
3,4,1300.0,Bus,No injury/unknown,OTHER (DRIVER) - EXPLAIN IN NARRATIVE,39.164352,-86.522592
1,5,1400.0,2-Car,No injury/unknown,FAILURE TO YIELD RIGHT OF WAY,39.164352,-86.522592
3,2,1600.0,2-Car,No injury/unknown,FAILURE TO YIELD RIGHT OF WAY,39.164352,-86.508288
5,2,1500.0,3+ Cars,Non-incapacitating,UNSAFE SPEED,39.164352,-86.508288
4,5,1600.0,2-Car,No injury/unknown,OTHER (DRIVER) - EXPLAIN IN NARRATIVE,39.164352,-86.522592
5,5,1500.0,2-Car,No injury/unknown,FAILURE TO YIELD RIGHT OF WAY,39.164352,-86.5088
9,6,1700.0,2-Car,No injury/unknown,FOLLOWING TOO CLOSELY,39.164352,-86.522592
12,5,1400.0,2-Car,No injury/unknown,OTHER (DRIVER) - EXPLAIN IN NARRATIVE,39.164352,-86.522592
11,6,1600.0,1-Car,Non-incapacitating,FAILURE TO YIELD RIGHT OF WAY,39.164352,-86.522592
10,1,1800.0,2-Car,No injury/unknown,DISREGARD SIGNAL/REG SIGN,39.164352,-86.508288
9,4,700.0,2-Car,No injury/unknown,OTHER (DRIVER) - EXPLAIN IN NARRATIVE,39.164352,-86.522592
9,2,1500.0,1-Car,No injury/unknown,OTHER (DRIVER) - EXPLAIN IN NARRATIVE,39.164352,-86.5088
11,2,1300.0,2-Car,No injury/unknown,OTHER (DRIVER) - EXPLAIN IN NARRATIVE,39.164352,-86.522592