Month,Day,Hour,Collision Type,Injury Type,Primary Factor,Latitude,Longitude
11,3,1300.0,2-Car,No injury/unknown,OTHER (DRIVER) - EXPLAIN IN NARRATIVE,39.16432459,-86.52108601
5,7,1600.0,2-Car,No injury/unknown,FAILURE TO YIELD RIGHT OF WAY,39.16432226,-86.51639458
5,6,1100.0,2-Car,No injury/unknown,OTHER (DRIVER) - EXPLAIN IN NARRATIVE,39.16432,-86.50824
8,3,1300.0,2-Car,Non-incapacitating,OTHER (DRIVER) - EXPLAIN IN NARRATIVE,39.16432,-86.50824
10,1,200.0,1-Car,Non-incapacitating,IMPROPER TURNING,39.16432,-86.50824
2,6,1800.0,2-Car,No injury/unknown,FOLLOWING TOO CLOSELY,39.16430925,-86.50898934
6,4,1000.0,2-Car,Non-incapacitating,OTHER (DRIVER) - EXPLAIN IN NARRATIVE,39.16430764,-86.50727565
8,6,1500.0,3+ Cars,Non-incapacitating,FOLLOWING TOO CLOSELY,39.16430491,-86.50706291
11,6,900.0,3+ Cars,Non-incapacitating,OTHER (DRIVER) - EXPLAIN IN NARRATIVE,39.164304,-86.50681469
6,5,700.0,3+ Cars,No injury/unknown,DRIVER DISTRACTED - EXPLAIN IN NARRATIVE,39.164304,-86.50681469
3,7,900.0,3+ Cars,No injury/unknown,DRIVER DISTRACTED - EXPLAIN IN NARRATIVE,39.164304,-86.506992
1,3,1300.0,3+ Cars,Non-incapacitating,FOLLOWING TOO CLOSELY,39.164304,-86.506992
2,7,1700.0,2-Car,No injury/unknown,IMPROPER LANE USAGE,39.164304,-86.505792
8,3,1500.0,2-Car,No injury/unknown,FAILURE TO YIELD RIGHT OF WAY,39.164304,-86.505792
9,3,1700.0,2-Car,No injury/unknown,IMPROPER LANE USAGE,39.164304,-86.506992
10,4,900.0,3+ Cars,No injury/unknown,FOLLOWING TOO CLOSELY,39.164304,-86.506992
11,6,1600.0,2-Car,No injury/unknown,LEFT OF CENTER,39.164304,-86.506992
2,2,1300.0,3+ Cars,Non-incapacitating,UNSAFE SPEED,39.1643,-86.51770149
2,4,1200.0,2-Car,Non-incapacitating,BRAKE FAILURE OR DEFECTIVE,39.1643,-86.517695
4,5,1000.0,2-Car,No injury/unknown,DISREGARD SIGNAL/REG SIGN,39.1643,-86.517695
5,5,1100.0,2-Car,Non-incapacitating,FOLLOWING TOO CLOSELY,39.1643,-86.517695
7,5,800.0,2-Car,No injury/unknown,FOLLOWING TOO CLOSELY,39.1643,-86.51769716
8,4,900.0,2-Car,No injury/unknown,FAILURE TO YIELD RIGHT OF WAY,39.1643,-86.521094
3,7,1400.0,2-Car,No injury/unknown,OTHER (DRIVER) - EXPLAIN IN NARRATIVE,39.1643,-86.516099
11,4,1300.0,2-Car,Non-incapacitating,FOLLOWING TOO CLOSELY,39.1643,-86.520099
9,4,2100.0,2-Car,No injury/unknown,IMPROPER LANE USAGE,39.1643,-86.5201016
5,7,1500.0,2-Car,No injury/unknown,DISREGARD SIGNAL/REG SIGN,39.1643,-86.521094
10,2,1100.0,2-Car,No injury/unknown,SPEED TOO FAST FOR WEATHER CONDITIONS,39.1643,-86.515296
9,1,1300.0,2-Car,No injury/unknown,DRIVER DISTRACTED - EXPLAIN IN NARRATIVE,39.1643,-86.51089687
11,2,2000.0,2-Car,No injury/unknown,IMPROPER TURNING,39.1643,-86.51610073
5,2,1700.0,2-Car,No injury/unknown,FOLLOWING TOO CLOSELY,39.16429681,-86.50534616
3,3,700.0,2-Car,Non-incapacitating,FOLLOWING TOO CLOSELY,39.164288,-86.5048
7,6,1400.0,3+ Cars,Non-incapacitating,FOLLOWING TOO CLOSELY,39.164288,-86.5048
9,7,1400.0,2-Car,No injury/unknown,DRIVER DISTRACTED - EXPLAIN IN NARRATIVE,39.164288,-86.5048
9,1,1600.0,1-Car,Non-incapacitating,OTHER (DRIVER) - EXPLAIN IN NARRATIVE,39.164288,-86.473488
11,6,1800.0,2-Car,No injury/unknown,FAILURE TO YIELD RIGHT OF WAY,39.164288,-86.5048
9,6,1600.0,2-Car,No injury/unknown,IMPROPER TURNING,39.1642831,-86.5040702
12,4,1800.0,2-Car,No injury/unknown,UNSAFE BACKING,39.16427265,-86.50880588
1,5,1200.0,3+ Cars,Non-incapacitating,FOLLOWING TOO CLOSELY,39.164272,-86.501488
4,2,1000.0,2-Car,No injury/unknown,OTHER (DRIVER) - EXPLAIN IN NARRATIVE,39.164272,-86.502416
2,4,1300.0,2-Car,No injury/unknown,UNSAFE BACKING,39.164272,-86.50235918
3,6,1600.0,2-Car,Non-incapacitating,FAILURE TO YIELD RIGHT OF WAY,39.164272,-86.502416
3,3,1900.0,2-Car,No injury/unknown,FAILURE TO YIELD RIGHT OF WAY,39.164272,-86.501488
5,5,1600.0,3+ Cars,No injury/unknown,FOLLOWING TOO CLOSELY,39.164272,-86.502416
5,7,1000.0,2-Car,No injury/unknown,FAILURE TO YIELD RIGHT OF WAY,39.164272,-86.502416
5,5,2300.0,2-Car,No injury/unknown,OTHER (DRIVER) - EXPLAIN IN NARRATIVE,39.164272,-86.502416
9,6,1700.0,3+ Cars,Non-incapacitating,FOLLOWING TOO CLOSELY,39.164272,-86.502416
8,7,1500.0,2-Car,No injury/unknown,FAILURE TO YIELD RIGHT OF WAY,39.164272,-86.502416
11,1,1300.0,2-Car,No injury/unknown,FAILURE TO YIELD RIGHT OF WAY,39.164272,-86.501488
12,5,1200.0,2-Car,No injury/unknown,FAILURE TO YIELD RIGHT OF WAY,39.164272,-86.502416
10,4,1200.0,2-Car,No injury/unknown,OTHER (DRIVER) - EXPLAIN IN NARRATIVE,39.164272,-86.502416
12,2,1200.0,2-Car,No injury/unknown,FAILURE TO YIELD RIGHT OF WAY,39.164272,-86.501488
12,4,900.0,2-Car,No injury/unknown,OTHER (DRIVER) - EXPLAIN IN NARRATIVE,39.164272,-86.502416
12,7,1500.0,2-Car,No injury/unknown,FAILURE TO YIELD RIGHT OF WAY,39.164272,-86.501488
11,7,1300.0,2-Car,Non-incapacitating,FAILURE TO YIELD RIGHT OF WAY,39.164272,-86.502416
8,2,1500.0,2-Car,Non-incapacitating,FOLLOWING TOO CLOSELY,39.16426874,-86.5011729
11,4,1500.0,2-Car,Non-incapacitating,IMPROPER LANE USAGE,39.16426678,-86.50098384
8,5,1400.0,2-Car,Non-incapacitating,FAILURE TO YIELD RIGHT OF WAY,39.16426112,-86.50043808
11,2,1400.0,2-Car,No injury/unknown,UNSAFE BACKING,39.16426048,-86.50037632
4,4,1200.0,2-Car,No injury/unknown,OTHER (DRIVER) - EXPLAIN IN NARRATIVE,39.16426036,-86.50920582
4,2,1200.0,2-Car,Non-incapacitating,FAILURE TO YIELD RIGHT OF WAY,39.16425941,-86.50027219
4,2,2000.0,2-Car,No injury/unknown,FOLLOWING TOO CLOSELY,39.16425006,-86.49834756
6,6,1200.0,2-Car,No injury/unknown,FOLLOWING TOO CLOSELY,39.16425006,-86.49081523
7,6,2200.0,2-Car,No injury/unknown,OTHER (DRIVER) - EXPLAIN IN NARRATIVE,39.16425006,-86.51642421
5,7,1200.0,1-Car,Non-incapacitating,IMPROPER LANE USAGE,39.16424664,-86.51772117
9,6,1800.0,2-Car,No injury/unknown,FAILURE TO YIELD RIGHT OF WAY,39.16424,-86.49223477
10,6,1000.0,2-Car,No injury/unknown,DRIVER DISTRACTED - EXPLAIN IN NARRATIVE,39.16424,-86.49347592
6,3,1700.0,Moped/Motorcycle,Non-incapacitating,IMPROPER PASSING,39.16424,-86.49258939
10,7,1000.0,2-Car,No injury/unknown,IMPROPER LANE USAGE,39.16424,-86.51795461
9,3,2100.0,1-Car,Non-incapacitating,FAILURE TO YIELD RIGHT OF WAY,39.16424,-86.51586808
12,7,1200.0,2-Car,No injury/unknown,OTHER (DRIVER) - EXPLAIN IN NARRATIVE,39.16424,-86.49315677
1,5,1000.0,1-Car,No injury/unknown,NONE (ENVIRONMENTAL),39.16424,-86.51997923
2,2,100.0,2-Car,Non-incapacitating,FAILURE TO YIELD RIGHT OF WAY,39.16424,-86.51675461
2,2,1700.0,2-Car,No injury/unknown,FOLLOWING TOO CLOSELY,39.16424,-86.51675461
4,4,1600.0,2-Car,No injury/unknown,IMPROPER LANE USAGE,39.16424,-86.51622269
2,7,1800.0,2-Car,No injury/unknown,IMPROPER TURNING,39.16424,-86.51664823
4,3,1700.0,2-Car,No injury/unknown,FOLLOWING TOO CLOSELY,39.16424,-86.51604539
8,3,1100.0,2-Car,No injury/unknown,UNSAFE SPEED,39.16424,-86.51666596
4,5,1500.0,2-Car,No injury/unknown,FAILURE TO YIELD RIGHT OF WAY,39.16424,-86.49303265
4,2,1900.0,2-Car,No injury/unknown,FAILURE TO YIELD RIGHT OF WAY,39.16424,-86.48033339
6,3,1500.0,2-Car,Non-incapacitating,FOLLOWING TOO CLOSELY,39.16424,-86.47997877
8,4,1100.0,2-Car,No injury/unknown,UNSAFE SPEED,39.16424,-86.51546596
9,1,2000.0,2-Car,No injury/unknown,IMPROPER LANE USAGE,39.16424,-86.51622269
7,6,2000.0,3+ Cars,No injury/unknown,FOLLOWING TOO CLOSELY,39.16424,-86.49283762
5,6,1700.0,2-Car,No injury/unknown,FAILURE TO YIELD RIGHT OF WAY,39.16424,-86.51502269
10,6,1700.0,2-Car,No injury/unknown,FAILURE TO YIELD RIGHT OF WAY,39.16424,-86.49276669
1,7,1300.0,2-Car,No injury/unknown,OVERCORRECTING/OVERSTEERING,39.16424,-86.495088
2,7,2200.0,2-Car,No injury/unknown,IMPROPER LANE USAGE,39.16424,-86.5152
1,5,1600.0,2-Car,Non-incapacitating,UNSAFE BACKING,39.16424,-86.49259396
2,7,1400.0,Bus,No injury/unknown,OTHER (DRIVER) - EXPLAIN IN NARRATIVE,39.16424,-86.518992
2,6,1500.0,2-Car,No injury/unknown,IMPROPER LANE USAGE,39.16424,-86.51525319
2,4,1700.0,2-Car,No injury/unknown,IMPROPER LANE USAGE,39.16424,-86.51650638
8,4,1200.0,1-Car,No injury/unknown,RAN OFF ROAD RIGHT,39.16424,-86.4812
7,7,2200.0,2-Car,No injury/unknown,IMPROPER TURNING,39.16424,-86.520192
3,4,1200.0,2-Car,No injury/unknown,IMPROPER TURNING,39.16424,-86.4984
6,2,1300.0,2-Car,No injury/unknown,FAILURE TO YIELD RIGHT OF WAY,39.16424,-86.4892
7,3,900.0,2-Car,No injury/unknown,OTHER (DRIVER) - EXPLAIN IN NARRATIVE,39.16424,-86.492944
1,6,1300.0,2-Car,No injury/unknown,OTHER (DRIVER) - EXPLAIN IN NARRATIVE,39.16424,-86.49250645
4,1,1100.0,2-Car,No injury/unknown,FAILURE TO YIELD RIGHT OF WAY,39.16424,-86.476096
1,2,1200.0,2-Car,No injury/unknown,FAILURE TO YIELD RIGHT OF WAY,39.16424,-86.5176
1,6,800.0,1-Car,Non-incapacitating,DRIVER ASLEEP OR FATIGUED,39.16424,-86.488
2,4,1200.0,2-Car,No injury/unknown,FAILURE TO YIELD RIGHT OF WAY,39.16424,-86.495088
2,4,2300.0,1-Car,Non-incapacitating,FAILURE TO YIELD RIGHT OF WAY,39.16424,-86.5164
2,4,1100.0,2-Car,No injury/unknown,FAILURE TO YIELD RIGHT OF WAY,39.16424,-86.49259396
1,6,1800.0,3+ Cars,Non-incapacitating,DRIVER DISTRACTED - EXPLAIN IN NARRATIVE,39.16424,-86.492944
7,7,1700.0,2-Car,Non-incapacitating,FOLLOWING TOO CLOSELY,39.16424,-86.509296
3,2,900.0,2-Car,Non-incapacitating,SPEED TOO FAST FOR WEATHER CONDITIONS,39.16424,-86.4908
4,1,700.0,2-Car,No injury/unknown,UNSAFE SPEED,39.16424,-86.480688
2,5,2300.0,2-Car,Non-incapacitating,FOLLOWING TOO CLOSELY,39.16424,-86.5164
7,3,1600.0,2-Car,No injury/unknown,IMPROPER TURNING,39.16424,-86.5152
4,3,1600.0,2-Car,No injury/unknown,FOLLOWING TOO CLOSELY,39.16424,-86.5096
4,4,1400.0,2-Car,No injury/unknown,FOLLOWING TOO CLOSELY,39.16424,-86.509296
3,4,1500.0,2-Car,No injury/unknown,IMPROPER TURNING,39.16424,-86.5176
3,6,900.0,2-Car,Non-incapacitating,UNSAFE SPEED,39.16424,-86.520192
4,3,1300.0,2-Car,No injury/unknown,UNSAFE SPEED,39.16424,-86.518992
1,7,1300.0,2-Car,No injury/unknown,FAILURE TO YIELD RIGHT OF WAY,39.16424,-86.480688
3,4,1700.0,3+ Cars,No injury/unknown,FOLLOWING TOO CLOSELY,39.16424,-86.4908
6,4,1600.0,2-Car,No injury/unknown,FAILURE TO YIELD RIGHT OF WAY,39.16424,-86.492944
2,3,1800.0,3+ Cars,Non-incapacitating,OTHER (DRIVER) - EXPLAIN IN NARRATIVE,39.16424,-86.492944
2,2,1200.0,2-Car,No injury/unknown,IMPROPER PASSING,39.16424,-86.480688
2,3,1100.0,2-Car,No injury/unknown,UNSAFE SPEED,39.16424,-86.49368135
2,6,1600.0,2-Car,No injury/unknown,DISREGARD SIGNAL/REG SIGN,39.16424,-86.480688
2,6,1300.0,2-Car,No injury/unknown,FAILURE TO YIELD RIGHT OF WAY,39.16424,-86.49259396
3,4,1600.0,3+ Cars,No injury/unknown,FAILURE TO YIELD RIGHT OF WAY,39.16424,-86.480688
3,2,1200.0,2-Car,Non-incapacitating,FOLLOWING TOO CLOSELY,39.16424,-86.480688
3,7,2000.0,2-Car,No injury/unknown,IMPROPER TURNING,39.16424,-86.480688
3,2,1700.0,2-Car,Non-incapacitating,FOLLOWING TOO CLOSELY,39.16424,-86.4908
3,7,1500.0,3+ Cars,No injury/unknown,FAILURE TO YIELD RIGHT OF WAY,39.16424,-86.4984
4,7,1700.0,2-Car,Non-incapacitating,FOLLOWING TOO CLOSELY,39.16424,-86.4908
3,6,2000.0,2-Car,No injury/unknown,FAILURE TO YIELD RIGHT OF WAY,39.16424,-86.4984
4,7,1300.0,2-Car,No injury/unknown,FAILURE TO YIELD RIGHT OF WAY,39.16424,-86.492944
5,7,1500.0,2-Car,No injury/unknown,FAILURE TO YIELD RIGHT OF WAY,39.16424,-86.492944
4,6,1600.0,2-Car,No injury/unknown,UNSAFE BACKING,39.16424,-86.5164
4,5,1200.0,2-Car,No injury/unknown,IMPROPER PASSING,39.16424,-86.480688
4,4,900.0,2-Car,No injury/unknown,FAILURE TO YIELD RIGHT OF WAY,39.16424,-86.49259396
5,1,1400.0,2-Car,No injury/unknown,FAILURE TO YIELD RIGHT OF WAY,39.16424,-86.4908
4,6,1700.0,2-Car,No injury/unknown,IMPROPER TURNING,39.16424,-86.495088
4,6,2200.0,2-Car,Non-incapacitating,FAILURE TO YIELD RIGHT OF WAY,39.16424,-86.4984
4,4,2100.0,2-Car,Non-incapacitating,FAILURE TO YIELD RIGHT OF WAY,39.16424,-86.495088
4,7,1900.0,2-Car,No injury/unknown,FOLLOWING TOO CLOSELY,39.16424,-86.492944
5,1,1400.0,2-Car,No injury/unknown,FOLLOWING TOO CLOSELY,39.16424,-86.4984
5,1,1100.0,2-Car,No injury/unknown,UNSAFE BACKING,39.16424,-86.49250645
5,3,300.0,1-Car,No injury/unknown,DRIVER DISTRACTED - EXPLAIN IN NARRATIVE,39.16424,-86.473696
4,5,900.0,2-Car,No injury/unknown,OTHER (DRIVER) - EXPLAIN IN NARRATIVE,39.16424,-86.49224392
11,2,2000.0,2-Car,No injury/unknown,FOLLOWING TOO CLOSELY,39.16424,-86.495088
11,3,1200.0,2-Car,Non-incapacitating,FOLLOWING TOO CLOSELY,39.16424,-86.520192
8,3,1600.0,2-Car,No injury/unknown,OTHER (DRIVER) - EXPLAIN IN NARRATIVE,39.16424,-86.5176
9,4,1700.0,1-Car,Non-incapacitating,NONE (DRIVER),39.16424,-86.520192
6,6,1200.0,2-Car,No injury/unknown,UNSAFE BACKING,39.16424,-86.51610612
6,2,1200.0,2-Car,No injury/unknown,FAILURE TO YIELD RIGHT OF WAY,39.16424,-86.495088
7,3,2000.0,2-Car,No injury/unknown,,39.16424,-86.49259396
12,4,2300.0,2-Car,No injury/unknown,IMPROPER LANE USAGE,39.16424,-86.514096
10,7,200.0,2-Car,No injury/unknown,FAILURE TO YIELD RIGHT OF WAY,39.16424,-86.5164
8,6,2200.0,2-Car,Non-incapacitating,IMPROPER TURNING,39.16424,-86.518992
9,5,2100.0,1-Car,Non-incapacitating,PEDESTRIAN ACTION,39.16424,-86.5164
8,5,0.0,2-Car,Non-incapacitating,IMPROPER LANE USAGE,39.16424,-86.520192
9,2,1600.0,2-Car,Non-incapacitating,DISREGARD SIGNAL/REG SIGN,39.16424,-86.5164
6,3,700.0,2-Car,No injury/unknown,FAILURE TO YIELD RIGHT OF WAY,39.16424,-86.495088
7,2,1500.0,2-Car,No injury/unknown,FOLLOWING TOO CLOSELY,39.16424,-86.4984
7,2,1800.0,2-Car,No injury/unknown,IMPROPER TURNING,39.16424,-86.49250645
8,2,1600.0,2-Car,No injury/unknown,UNSAFE BACKING,39.16424,-86.49425989
7,4,800.0,2-Car,No injury/unknown,FAILURE TO YIELD RIGHT OF WAY,39.16424,-86.476096
8,5,1600.0,2-Car,No injury/unknown,FOLLOWING TOO CLOSELY,39.16424,-86.495088
5,5,1600.0,3+ Cars,No injury/unknown,DRIVER DISTRACTED - EXPLAIN IN NARRATIVE,39.16424,-86.5164
7,4,1800.0,2-Car,No injury/unknown,IMPROPER TURNING,39.16424,-86.5176
10,4,2100.0,2-Car,No injury/unknown,IMPROPER LANE USAGE,39.16424,-86.5164
7,7,700.0,1-Car,No injury/unknown,OTHER (DRIVER) - EXPLAIN IN NARRATIVE,39.16424,-86.480688
5,5,700.0,2-Car,Non-incapacitating,FAILURE TO YIELD RIGHT OF WAY,39.16424,-86.476096
5,6,1800.0,2-Car,No injury/unknown,FAILURE TO YIELD RIGHT OF WAY,39.16424,-86.4908
7,6,1500.0,3+ Cars,Non-incapacitating,FOLLOWING TOO CLOSELY,39.16424,-86.492944
6,7,1700.0,2-Car,No injury/unknown,UNSAFE BACKING,39.16424,-86.4984
6,2,1400.0,2-Car,Non-incapacitating,FOLLOWING TOO CLOSELY,39.16424,-86.49259396
7,7,1600.0,2-Car,Non-incapacitating,FAILURE TO YIELD RIGHT OF WAY,39.16424,-86.492944
5,2,900.0,2-Car,No injury/unknown,OTHER (DRIVER) - EXPLAIN IN NARRATIVE,39.16424,-86.488
7,2,900.0,2-Car,Non-incapacitating,FAILURE TO YIELD RIGHT OF WAY,39.16424,-86.4984
6,1,0.0,2-Car,No injury/unknown,DISREGARD SIGNAL/REG SIGN,39.16424,-86.480688
5,6,1500.0,2-Car,No injury/unknown,IMPROPER TURNING,39.16424,-86.492944
11,5,1200.0,2-Car,No injury/unknown,IMPROPER PASSING,39.16424,-86.51892108
12,3,1500.0,2-Car,No injury/unknown,FAILURE TO YIELD RIGHT OF WAY,39.16424,-86.492944
12,3,1500.0,2-Car,No injury/unknown,FAILURE TO YIELD RIGHT OF WAY,39.16424,-86.492944
8,6,1700.0,1-Car,No injury/unknown,OVERCORRECTING/OVERSTEERING,39.16424,-86.48409143
7,1,1200.0,2-Car,No injury/unknown,OTHER (DRIVER) - EXPLAIN IN NARRATIVE,39.16424,-86.4908
8,2,1100.0,2-Car,No injury/unknown,FAILURE TO YIELD RIGHT OF WAY,39.16424,-86.476096
10,6,1000.0,2-Car,No injury/unknown,UNSAFE BACKING,39.16424,-86.47599804
8,5,1500.0,2-Car,No injury/unknown,FAILURE TO YIELD RIGHT OF WAY,39.16424,-86.492944
9,4,1900.0,2-Car,No injury/unknown,FAILURE TO YIELD RIGHT OF WAY,39.16424,-86.49250645
8,4,1100.0,2-Car,No injury/unknown,DISREGARD SIGNAL/REG SIGN,39.16424,-86.495088
8,7,1700.0,2-Car,No injury/unknown,FAILURE TO YIELD RIGHT OF WAY,39.16424,-86.480688
8,7,1500.0,2-Car,No injury/unknown,FAILURE TO YIELD RIGHT OF WAY,39.16424,-86.492944
9,3,1700.0,3+ Cars,Non-incapacitating,FAILURE TO YIELD RIGHT OF WAY,39.16424,-86.4984
9,2,1200.0,2-Car,No injury/unknown,DISREGARD SIGNAL/REG SIGN,39.16424,-86.4984
8,2,2100.0,2-Car,No injury/unknown,IMPROPER TURNING,39.16424,-86.488
9,4,1000.0,2-Car,No injury/unknown,FAILURE TO YIELD RIGHT OF WAY,39.16424,-86.4984
10,7,1300.0,2-Car,No injury/unknown,OTHER (DRIVER) - EXPLAIN IN NARRATIVE,39.16424,-86.488
10,4,1200.0,2-Car,No injury/unknown,FAILURE TO YIELD RIGHT OF WAY,39.16424,-86.495088
11,2,700.0,2-Car,No injury/unknown,OTHER (DRIVER) - EXPLAIN IN NARRATIVE,39.16424,-86.480688
8,6,1300.0,3+ Cars,No injury/unknown,FOLLOWING TOO CLOSELY,39.16424,-86.473696
8,2,1700.0,2-Car,Non-incapacitating,FAILURE TO YIELD RIGHT OF WAY,39.16424,-86.484384
10,5,1500.0,2-Car,No injury/unknown,FAILURE TO YIELD RIGHT OF WAY,39.16424,-86.49406114
11,4,1800.0,2-Car,Non-incapacitating,FAILURE TO YIELD RIGHT OF WAY,39.16424,-86.4984
12,6,1600.0,2-Car,No injury/unknown,ROADWAY SURFACE CONDITION,39.16424,-86.4984
10,3,2200.0,2-Car,Non-incapacitating,FAILURE TO YIELD RIGHT OF WAY,39.16424,-86.4908
9,7,1300.0,Moped/Motorcycle,Non-incapacitating,IMPROPER TURNING,39.16424,-86.480688
12,1,1800.0,2-Car,No injury/unknown,FAILURE TO YIELD RIGHT OF WAY,39.16424,-86.495088
11,7,1700.0,2-Car,No injury/unknown,FAILURE TO YIELD RIGHT OF WAY,39.16424,-86.495088
11,6,2300.0,2-Car,Non-incapacitating,FAILURE TO YIELD RIGHT OF WAY,39.16424,-86.4984
9,6,1800.0,2-Car,Non-incapacitating,DISREGARD SIGNAL/REG SIGN,39.16424,-86.480688
8,7,300.0,1-Car,No injury/unknown,OVERCORRECTING/OVERSTEERING,39.16424,-86.480688
8,1,1600.0,2-Car,Non-incapacitating,FOLLOWING TOO CLOSELY,39.16424,-86.4984
9,6,900.0,2-Car,Non-incapacitating,FAILURE TO YIELD RIGHT OF WAY,39.16424,-86.49224392
9,1,1400.0,2-Car,Non-incapacitating,DRIVER DISTRACTED - EXPLAIN IN NARRATIVE,39.16424,-86.492944
9,5,1000.0,2-Car,No injury/unknown,OTHER (DRIVER) - EXPLAIN IN NARRATIVE,39.16424,-86.495088
11,2,1000.0,2-Car,Non-incapacitating,OTHER (DRIVER) - EXPLAIN IN NARRATIVE,39.16424,-86.4796
11,7,1900.0,3+ Cars,No injury/unknown,OTHER (DRIVER) - EXPLAIN IN NARRATIVE,39.16424,-86.5164
12,7,2200.0,2-Car,No injury/unknown,FAILURE TO YIELD RIGHT OF WAY,39.16424,-86.495088
12,2,900.0,2-Car,No injury/unknown,FOLLOWING TOO CLOSELY,39.16424,-86.4984
10,4,700.0,2-Car,Non-incapacitating,DISREGARD SIGNAL/REG SIGN,39.16424,-86.480688
10,5,1000.0,2-Car,No injury/unknown,DISREGARD SIGNAL/REG SIGN,39.16424,-86.492944
11,1,1700.0,2-Car,Non-incapacitating,DISREGARD SIGNAL/REG SIGN,39.16424,-86.492944
10,4,1400.0,2-Car,No injury/unknown,UNSAFE BACKING,39.16424,-86.49368135
11,5,1600.0,2-Car,Non-incapacitating,FAILURE TO YIELD RIGHT OF WAY,39.16424,-86.49259396
11,5,2300.0,2-Car,No injury/unknown,UNSAFE BACKING,39.16424,-86.480688
12,3,1400.0,2-Car,No injury/unknown,FAILURE TO YIELD RIGHT OF WAY,39.16424,-86.492944
12,1,1700.0,2-Car,No injury/unknown,OTHER (DRIVER) - EXPLAIN IN NARRATIVE,39.16424,-86.49259396
12,5,1500.0,2-Car,No injury/unknown,FAILURE TO YIELD RIGHT OF WAY,39.16424,-86.49259396
11,5,1200.0,2-Car,No injury/unknown,LEFT OF CENTER,39.16424,-86.492944
12,5,1300.0,2-Car,No injury/unknown,FAILURE TO YIELD RIGHT OF WAY,39.16424,-86.480688
12,1,800.0,2-Car,No injury/unknown,UNSAFE BACKING,39.16424,-86.495088
11,7,1800.0,2-Car,No injury/unknown,FAILURE TO YIELD RIGHT OF WAY,39.16424,-86.492944
8,6,1800.0,2-Car,No injury/unknown,UNSAFE BACKING,39.16423804,-86.49819233
4,6,1300.0,2-Car,No injury/unknown,UNSAFE BACKING,39.164232,-86.497552
4,5,1200.0,2-Car,No injury/unknown,IMPROPER LANE USAGE,39.16422818,-86.53481989
7,3,1300.0,3+ Cars,No injury/unknown,BRAKE FAILURE OR DEFECTIVE,39.16422818,-86.53102768
12,6,1900.0,2-Car,No injury/unknown,FAILURE TO YIELD RIGHT OF WAY,39.16422615,-86.47630108
12,5,900.0,2-Car,No injury/unknown,UNSAFE BACKING,39.16421255,-86.51639959
9,7,1100.0,2-Car,No injury/unknown,IMPROPER LANE USAGE,39.1642,-86.49709241
11,6,2000.0,2-Car,No injury/unknown,HEADLIGHT DEFECTIVE OR NOT ON,39.1642,-86.497095
11,2,1300.0,2-Car,Non-incapacitating,FAILURE TO YIELD RIGHT OF WAY,39.1642,-86.49709284
12,6,1200.0,2-Car,Non-incapacitating,FAILURE TO YIELD RIGHT OF WAY,39.1642,-86.494899
11,5,1600.0,2-Car,No injury/unknown,FOLLOWING TOO CLOSELY,39.1642,-86.476699
4,4,2100.0,2-Car,No injury/unknown,FAILURE TO YIELD RIGHT OF WAY,39.1642,-86.476699
9,3,1800.0,2-Car,No injury/unknown,FAILURE TO YIELD RIGHT OF WAY,39.164199,-86.498296
12,3,1500.0,2-Car,Non-incapacitating,FOLLOWING TOO CLOSELY,39.16419882,-86.480688
7,4,1600.0,2-Car,Non-incapacitating,DRIVER ASLEEP OR FATIGUED,39.16418544,-86.53482029
11,2,800.0,2-Car,No injury/unknown,OTHER (DRIVER) - EXPLAIN IN NARRATIVE,39.16418509,-86.480688
4,2,1800.0,2-Car,No injury/unknown,UNSAFE BACKING,39.16416457,-86.5336
7,3,600.0,1-Car,No injury/unknown,RAN OFF ROAD RIGHT,39.16416216,-86.44703889
1,7,1200.0,2-Car,No injury/unknown,UNSAFE BACKING,39.164128,-86.5336
3,6,1300.0,3+ Cars,No injury/unknown,OTHER (DRIVER) - EXPLAIN IN NARRATIVE,39.16410467,-86.49837029
2,6,1600.0,2-Car,No injury/unknown,UNSAFE BACKING,39.16410392,-86.50241519
6,3,1500.0,2-Car,No injury/unknown,UNSAFE BACKING,39.16409297,-86.5562826
12,5,1100.0,1-Car,No injury/unknown,RAN OFF ROAD RIGHT,39.16409297,-86.5562826
2,2,1200.0,2-Car,No injury/unknown,FOLLOWING TOO CLOSELY,39.16408416,-86.42742726
3,6,800.0,2-Car,No injury/unknown,OTHER (DRIVER) - EXPLAIN IN NARRATIVE,39.16402346,-86.49835247
2,2,400.0,1-Car,Non-incapacitating,ROADWAY SURFACE CONDITION,39.16400689,-86.62337349
5,7,1100.0,2-Car,Non-incapacitating,FAILURE TO YIELD RIGHT OF WAY,39.16396933,-86.49834058
5,2,1300.0,2-Car,No injury/unknown,OTHER (VEHICLE) - EXPLAIN IN NARRATIVE,39.16396547,-86.52018764
1,3,500.0,1-Car,No injury/unknown,IMPROPER TURNING,39.163952,-86.5829056
10,6,1400.0,2-Car,No injury/unknown,FOLLOWING TOO CLOSELY,39.1639284,-86.57311181
8,6,1100.0,2-Car,No injury/unknown,FAILURE TO YIELD RIGHT OF WAY,39.1639152,-86.4983287
11,2,1200.0,2-Car,No injury/unknown,LEFT OF CENTER,39.16388118,-86.58291032
10,3,1700.0,2-Car,No injury/unknown,IMPROPER PASSING,39.16383399,-86.49831088
8,2,1300.0,2-Car,No injury/unknown,OTHER (DRIVER) - EXPLAIN IN NARRATIVE,39.163792,-86.534824