Month,Day,Hour,Collision Type,Injury Type,Primary Factor,Latitude,Longitude
5,4,1100.0,2-Car,No injury/unknown,FAILURE TO YIELD RIGHT OF WAY,39.16376986,-86.52772253
12,7,2200.0,2-Car,No injury/unknown,OVERCORRECTING/OVERSTEERING,39.163744,-86.5336
2,5,,2-Car,Incapacitating,DRIVER ILLNESS,39.16374104,-86.49297881
3,6,1200.0,2-Car,No injury/unknown,FAILURE TO YIELD RIGHT OF WAY,39.1636917,-86.49298225
6,5,1600.0,2-Car,Non-incapacitating,ROADWAY SURFACE CONDITION,39.1636909,-86.480688
2,2,1000.0,2-Car,No injury/unknown,UNSAFE BACKING,39.163688,-86.514096
12,3,1400.0,2-Car,No injury/unknown,IMPROPER TURNING,39.16367974,-86.5562826
4,1,2300.0,1-Car,Non-incapacitating,OTHER TELEMATICS IN USE,39.16366703,-86.62562086
9,6,900.0,2-Car,No injury/unknown,IMPROPER LANE USAGE,39.16363036,-86.53482553
1,7,1600.0,1-Car,Non-incapacitating,FAILURE TO YIELD RIGHT OF WAY,39.163584,-86.498256
6,2,1400.0,3+ Cars,Non-incapacitating,FAILURE TO YIELD RIGHT OF WAY,39.163584,-86.498256
4,6,1400.0,2-Car,Non-incapacitating,FAILURE TO YIELD RIGHT OF WAY,39.163584,-86.498256
11,3,1800.0,2-Car,No injury/unknown,FAILURE TO YIELD RIGHT OF WAY,39.163584,-86.498256
11,2,1600.0,2-Car,No injury/unknown,FAILURE TO YIELD RIGHT OF WAY,39.163584,-86.498256
12,1,1800.0,1-Car,Non-incapacitating,SPEED TOO FAST FOR WEATHER CONDITIONS,39.1635595,-86.42588047
8,3,700.0,2-Car,Non-incapacitating,OTHER (DRIVER) - EXPLAIN IN NARRATIVE,39.163552,-86.649696
3,5,700.0,1-Car,No injury/unknown,ANIMAL/OBJECT IN ROADWAY,39.163552,-86.649696
12,5,,2-Car,No injury/unknown,OTHER (DRIVER) - EXPLAIN IN NARRATIVE,39.163552,-86.583792
12,4,2100.0,1-Car,No injury/unknown,ROADWAY SURFACE CONDITION,39.163552,-86.649696
9,7,1200.0,2-Car,Non-incapacitating,TIRE FAILURE OR DEFECTIVE,39.16353649,-86.64934196
3,2,1900.0,2-Car,No injury/unknown,OTHER (DRIVER) - EXPLAIN IN NARRATIVE,39.16349471,-86.52102588
4,7,2300.0,2-Car,Non-incapacitating,CELL PHONE USAGE,39.16346117,-86.5512146
7,6,1100.0,2-Car,No injury/unknown,FOLLOWING TOO CLOSELY,39.16346117,-86.55120594
3,4,700.0,2-Car,No injury/unknown,FAILURE TO YIELD RIGHT OF WAY,39.16346117,-86.5512146
2,3,700.0,3+ Cars,No injury/unknown,SPEED TOO FAST FOR WEATHER CONDITIONS,39.16346117,-86.5512146
1,5,900.0,2-Car,Non-incapacitating,FOLLOWING TOO CLOSELY,39.16346117,-86.5512146
1,7,1400.0,2-Car,No injury/unknown,SPEED TOO FAST FOR WEATHER CONDITIONS,39.16346117,-86.55120594
2,3,800.0,2-Car,No injury/unknown,OTHER (DRIVER) - EXPLAIN IN NARRATIVE,39.16346117,-86.5512146
2,3,800.0,2-Car,No injury/unknown,ROADWAY SURFACE CONDITION,39.16346117,-86.5512146
3,6,1200.0,2-Car,No injury/unknown,FAILURE TO YIELD RIGHT OF WAY,39.16346117,-86.55121806
4,4,1100.0,1-Car,No injury/unknown,RAN OFF ROAD RIGHT,39.16346117,-86.5512146
5,4,1700.0,2-Car,No injury/unknown,FAILURE TO YIELD RIGHT OF WAY,39.16346117,-86.55119729
5,2,1700.0,2-Car,No injury/unknown,FOLLOWING TOO CLOSELY,39.16346117,-86.55120594
12,1,,2-Car,No injury/unknown,OTHER (DRIVER) - EXPLAIN IN NARRATIVE,39.1634364,-86.523699
5,5,2200.0,2-Car,No injury/unknown,IMPROPER TURNING,39.16342799,-86.49822175
10,1,1600.0,2-Car,Non-incapacitating,FAILURE TO YIELD RIGHT OF WAY,39.163401,-86.476299
12,4,1800.0,1-Car,No injury/unknown,ANIMAL/OBJECT IN ROADWAY,39.16338915,-86.64502995
9,6,2200.0,1-Car,Non-incapacitating,ANIMAL/OBJECT IN ROADWAY,39.16335802,-86.62771075
9,5,2300.0,2-Car,No injury/unknown,LEFT OF CENTER,39.163344,-86.5272
6,3,1700.0,2-Car,No injury/unknown,DISREGARD SIGNAL/REG SIGN,39.163344,-86.5272
8,3,1700.0,2-Car,No injury/unknown,FAILURE TO YIELD RIGHT OF WAY,39.163344,-86.5272
3,6,1700.0,2-Car,Non-incapacitating,FAILURE TO YIELD RIGHT OF WAY,39.163344,-86.5272
2,5,1700.0,2-Car,Non-incapacitating,FAILURE TO YIELD RIGHT OF WAY,39.163344,-86.5272
3,2,200.0,1-Car,No injury/unknown,RAN OFF ROAD RIGHT,39.163344,-86.5272
4,7,1100.0,2-Car,Non-incapacitating,DISREGARD SIGNAL/REG SIGN,39.163344,-86.5272
5,1,2000.0,2-Car,Non-incapacitating,DISREGARD SIGNAL/REG SIGN,39.163344,-86.5272
6,4,1900.0,2-Car,No injury/unknown,DISREGARD SIGNAL/REG SIGN,39.163344,-86.5272
9,2,1500.0,2-Car,Incapacitating,FAILURE TO YIELD RIGHT OF WAY,39.163344,-86.5272
8,5,900.0,2-Car,No injury/unknown,FAILURE TO YIELD RIGHT OF WAY,39.163344,-86.5272
8,3,800.0,2-Car,No injury/unknown,FAILURE TO YIELD RIGHT OF WAY,39.163344,-86.5272
8,4,300.0,1-Car,No injury/unknown,ALCOHOLIC BEVERAGES,39.163344,-86.52727092
8,3,700.0,2-Car,Non-incapacitating,DISREGARD SIGNAL/REG SIGN,39.163344,-86.5272
10,3,1600.0,3+ Cars,No injury/unknown,DISREGARD SIGNAL/REG SIGN,39.163344,-86.5272
10,7,1300.0,2-Car,No injury/unknown,FAILURE TO YIELD RIGHT OF WAY,39.163344,-86.5272
12,7,1500.0,2-Car,No injury/unknown,DISREGARD SIGNAL/REG SIGN,39.163344,-86.5272
12,7,100.0,1-Car,No injury/unknown,ALCOHOLIC BEVERAGES,39.16333615,-86.52651714
7,7,1600.0,2-Car,No injury/unknown,OTHER (DRIVER) - EXPLAIN IN NARRATIVE,39.163328,-86.525808
6,4,2100.0,2-Car,Non-incapacitating,DISREGARD SIGNAL/REG SIGN,39.163328,-86.525808
4,6,1300.0,2-Car,No injury/unknown,DISREGARD SIGNAL/REG SIGN,39.163328,-86.525808
5,5,1900.0,2-Car,Non-incapacitating,FAILURE TO YIELD RIGHT OF WAY,39.163328,-86.525808
3,4,1200.0,2-Car,No injury/unknown,IMPROPER TURNING,39.1632952,-86.52392909
10,6,1100.0,2-Car,No injury/unknown,IMPROPER LANE USAGE,39.16329298,-86.52373407
6,3,1000.0,2-Car,No injury/unknown,FAILURE TO YIELD RIGHT OF WAY,39.16328766,-86.52326568
3,4,1700.0,2-Car,No injury/unknown,FOLLOWING TOO CLOSELY,39.16328061,-86.52264519
10,4,2100.0,2-Car,No injury/unknown,FAILURE TO YIELD RIGHT OF WAY,39.16328,-86.522592
8,6,1400.0,2-Car,No injury/unknown,FAILURE TO YIELD RIGHT OF WAY,39.16323583,-86.582995
2,3,1000.0,2-Car,No injury/unknown,OTHER (DRIVER) - EXPLAIN IN NARRATIVE,39.163232,-86.520176
2,3,2300.0,2-Car,No injury/unknown,FAILURE TO YIELD RIGHT OF WAY,39.163232,-86.520176
2,6,1400.0,2-Car,No injury/unknown,UNSAFE BACKING,39.163232,-86.520176
5,6,1500.0,2-Car,No injury/unknown,FAILURE TO YIELD RIGHT OF WAY,39.163232,-86.520176
9,6,1700.0,Moped/Motorcycle,Incapacitating,UNSAFE SPEED,39.163232,-86.520176
10,4,1800.0,2-Car,Non-incapacitating,OTHER (DRIVER) - EXPLAIN IN NARRATIVE,39.163232,-86.520176
5,4,1900.0,2-Car,No injury/unknown,FOLLOWING TOO CLOSELY,39.16322291,-86.51638482
10,2,1800.0,2-Car,No injury/unknown,IMPROPER TURNING,39.163216,-86.519024
4,6,1700.0,2-Car,No injury/unknown,FOLLOWING TOO CLOSELY,39.16320394,-86.51793857
1,3,100.0,2-Car,No injury/unknown,FAILURE TO YIELD RIGHT OF WAY,39.1632,-86.517584
2,2,1400.0,2-Car,Non-incapacitating,FAILURE TO YIELD RIGHT OF WAY,39.1632,-86.517584
6,4,1200.0,2-Car,No injury/unknown,FOLLOWING TOO CLOSELY,39.1632,-86.517584
2,5,1900.0,2-Car,No injury/unknown,IMPROPER TURNING,39.1632,-86.517584
3,4,1100.0,2-Car,No injury/unknown,UNSAFE BACKING,39.1632,-86.517584
3,6,1000.0,2-Car,No injury/unknown,UNSAFE BACKING,39.1632,-86.517584
8,3,1300.0,3+ Cars,No injury/unknown,FAILURE TO YIELD RIGHT OF WAY,39.1632,-86.517584
10,6,1200.0,2-Car,No injury/unknown,FOLLOWING TOO CLOSELY,39.1632,-86.517584
10,6,1200.0,2-Car,No injury/unknown,FOLLOWING TOO CLOSELY,39.1632,-86.517584
9,2,1400.0,2-Car,No injury/unknown,FAILURE TO YIELD RIGHT OF WAY,39.1632,-86.517584
10,2,1500.0,2-Car,No injury/unknown,FAILURE TO YIELD RIGHT OF WAY,39.1632,-86.517584
4,3,1600.0,2-Car,No injury/unknown,FOLLOWING TOO CLOSELY,39.16319972,-86.51757337
9,1,100.0,2-Car,Non-incapacitating,DISREGARD SIGNAL/REG SIGN,39.163168,-86.516384
7,6,1800.0,2-Car,No injury/unknown,DISREGARD SIGNAL/REG SIGN,39.163168,-86.516384
3,4,1800.0,2-Car,No injury/unknown,FOLLOWING TOO CLOSELY,39.163168,-86.516384
6,5,2300.0,2-Car,No injury/unknown,OTHER (DRIVER) - EXPLAIN IN NARRATIVE,39.163168,-86.516384
6,7,1800.0,2-Car,Non-incapacitating,DISREGARD SIGNAL/REG SIGN,39.163168,-86.516384
11,3,1100.0,2-Car,No injury/unknown,FAILURE TO YIELD RIGHT OF WAY,39.163168,-86.516384
10,1,900.0,2-Car,Non-incapacitating,DISREGARD SIGNAL/REG SIGN,39.163168,-86.516384
2,1,1200.0,2-Car,No injury/unknown,OTHER (DRIVER) - EXPLAIN IN NARRATIVE,39.163152,-86.515168
12,6,1000.0,2-Car,No injury/unknown,IMPROPER TURNING,39.163152,-86.515168
11,4,1800.0,2-Car,No injury/unknown,FOLLOWING TOO CLOSELY,39.163136,-86.514096
11,6,800.0,2-Car,No injury/unknown,FAILURE TO YIELD RIGHT OF WAY,39.163136,-86.514096
4,5,900.0,2-Car,Non-incapacitating,FAILURE TO YIELD RIGHT OF WAY,39.16312649,-86.52587459
10,5,1800.0,2-Car,No injury/unknown,FAILURE TO YIELD RIGHT OF WAY,39.163104,-86.512096
1,4,2000.0,2-Car,No injury/unknown,FAILURE TO YIELD RIGHT OF WAY,39.1631,-86.52589051
3,3,2100.0,2-Car,No injury/unknown,OTHER (DRIVER) - EXPLAIN IN NARRATIVE,39.1631,-86.522596
5,7,1900.0,2-Car,No injury/unknown,IMPROPER LANE USAGE,39.1631,-86.525897
8,3,1200.0,2-Car,No injury/unknown,FOLLOWING TOO CLOSELY,39.16306958,-86.50949366
1,1,1600.0,2-Car,No injury/unknown,UNSAFE BACKING,39.163056,-86.490752
1,6,100.0,2-Car,No injury/unknown,SPEED TOO FAST FOR WEATHER CONDITIONS,39.163056,-86.490752
2,3,2200.0,2-Car,No injury/unknown,OVERCORRECTING/OVERSTEERING,39.163056,-86.490752
9,7,800.0,2-Car,No injury/unknown,DRIVER DISTRACTED - EXPLAIN IN NARRATIVE,39.163056,-86.490752
10,1,1500.0,3+ Cars,No injury/unknown,BRAKE FAILURE OR DEFECTIVE,39.163056,-86.490752
2,1,1700.0,2-Car,No injury/unknown,OTHER (DRIVER) - EXPLAIN IN NARRATIVE,39.16304795,-86.51916735
12,2,1400.0,2-Car,No injury/unknown,FAILURE TO YIELD RIGHT OF WAY,39.16304,-86.508288
5,7,300.0,2-Car,No injury/unknown,ALCOHOLIC BEVERAGES,39.16301273,-86.5284
2,4,1400.0,2-Car,No injury/unknown,FAILURE TO YIELD RIGHT OF WAY,39.16300455,-86.49075388
4,1,1400.0,2-Car,Non-incapacitating,DISREGARD SIGNAL/REG SIGN,39.163,-86.497996
6,1,2300.0,2-Car,Non-incapacitating,FAILURE TO YIELD RIGHT OF WAY,39.163,-86.497996
6,4,2300.0,1-Car,No injury/unknown,CELL PHONE USAGE,39.16296598,-86.41453144
10,1,100.0,2-Car,No injury/unknown,UNSAFE BACKING,39.16295782,-86.5324
8,2,2100.0,1-Car,No injury/unknown,UNSAFE SPEED,39.162944,-86.534832
9,2,1700.0,2-Car,No injury/unknown,DRIVER DISTRACTED - EXPLAIN IN NARRATIVE,39.162944,-86.534832
2,7,1500.0,2-Car,No injury/unknown,UNSAFE BACKING,39.162928,-86.498112
1,7,1800.0,2-Car,No injury/unknown,OTHER (DRIVER) - EXPLAIN IN NARRATIVE,39.162928,-86.498112
6,6,1200.0,2-Car,No injury/unknown,OTHER (DRIVER) - EXPLAIN IN NARRATIVE,39.162928,-86.498112
7,5,1300.0,2-Car,No injury/unknown,UNSAFE BACKING,39.162928,-86.498112
9,5,2300.0,2-Car,No injury/unknown,BRAKE FAILURE OR DEFECTIVE,39.162928,-86.498112
11,2,1500.0,3+ Cars,Non-incapacitating,FOLLOWING TOO CLOSELY,39.162928,-86.498112
4,6,1700.0,2-Car,No injury/unknown,OTHER (DRIVER) - EXPLAIN IN NARRATIVE,39.1629,-86.480785
8,3,0.0,Cyclist,Non-incapacitating,LEFT OF CENTER,39.162894,-86.49798
5,4,1700.0,2-Car,No injury/unknown,FOLLOWING TOO CLOSELY,39.16288909,-86.53483258
11,4,900.0,2-Car,No injury/unknown,LEFT OF CENTER,39.162864,-86.414432
2,7,800.0,Bus,No injury/unknown,UNSAFE BACKING,39.162848,-86.5284
9,7,1700.0,2-Car,No injury/unknown,FAILURE TO YIELD RIGHT OF WAY,39.162848,-86.529744
2,6,900.0,2-Car,No injury/unknown,FAILURE TO YIELD RIGHT OF WAY,39.162848,-86.5284
2,4,1300.0,3+ Cars,No injury/unknown,FAILURE TO YIELD RIGHT OF WAY,39.162848,-86.5284
3,4,1400.0,2-Car,No injury/unknown,FAILURE TO YIELD RIGHT OF WAY,39.162848,-86.5336
3,4,1800.0,2-Car,No injury/unknown,FAILURE TO YIELD RIGHT OF WAY,39.162848,-86.5336
4,5,,2-Car,No injury/unknown,OTHER (DRIVER) - EXPLAIN IN NARRATIVE,39.162848,-86.53096908
7,6,1500.0,3+ Cars,Non-incapacitating,DISREGARD SIGNAL/REG SIGN,39.162848,-86.5284
5,7,,2-Car,No injury/unknown,OTHER (DRIVER) - EXPLAIN IN NARRATIVE,39.162848,-86.529744
7,4,1900.0,2-Car,No injury/unknown,OTHER (DRIVER) - EXPLAIN IN NARRATIVE,39.162848,-86.5324
10,6,1200.0,2-Car,No injury/unknown,IMPROPER TURNING,39.162848,-86.5336
10,3,300.0,2-Car,No injury/unknown,ALCOHOLIC BEVERAGES,39.162848,-86.5284
8,5,1500.0,2-Car,No injury/unknown,UNSAFE BACKING,39.162848,-86.529744
5,3,2300.0,2-Car,Non-incapacitating,BRAKE FAILURE OR DEFECTIVE,39.1628,-86.534899
5,2,1500.0,2-Car,Non-incapacitating,FAILURE TO YIELD RIGHT OF WAY,39.162799,-86.528399
10,4,1200.0,1-Car,No injury/unknown,CELL PHONE USAGE,39.16278963,-86.58287344
5,3,1700.0,2-Car,No injury/unknown,FAILURE TO YIELD RIGHT OF WAY,39.16267559,-86.5336
9,6,1400.0,1-Car,No injury/unknown,OTHER (DRIVER) - EXPLAIN IN NARRATIVE,39.16267559,-86.5324
1,4,700.0,1-Car,No injury/unknown,OVERCORRECTING/OVERSTEERING,39.162656,-86.413296
7,3,1400.0,2-Car,No injury/unknown,OTHER (DRIVER) - EXPLAIN IN NARRATIVE,39.16261812,-86.5336
7,3,800.0,Bus,No injury/unknown,FAILURE TO YIELD RIGHT OF WAY,39.162501,-86.550396
8,3,1500.0,2-Car,No injury/unknown,VIEW OBSTRUCTED,39.162496,-86.543296
3,2,1700.0,2-Car,Non-incapacitating,FOLLOWING TOO CLOSELY,39.1624,-86.538592
3,5,1800.0,2-Car,No injury/unknown,SPEED TOO FAST FOR WEATHER CONDITIONS,39.1624,-86.538592
12,1,1900.0,2-Car,No injury/unknown,,39.1624,-86.538802
6,2,1300.0,2-Car,Non-incapacitating,FOLLOWING TOO CLOSELY,39.162399,-86.538699
11,2,2000.0,2-Car,No injury/unknown,FAILURE TO YIELD RIGHT OF WAY,39.16239492,-86.53483784
5,7,1000.0,2-Car,No injury/unknown,FOLLOWING TOO CLOSELY,39.162387,-86.550254
12,2,1000.0,2-Car,No injury/unknown,FAILURE TO YIELD RIGHT OF WAY,39.162368,-86.537296
3,1,1400.0,2-Car,No injury/unknown,UNSAFE BACKING,39.16224,-86.52374074
2,2,1800.0,2-Car,No injury/unknown,FAILURE TO YIELD RIGHT OF WAY,39.16224,-86.5176
2,5,800.0,2-Car,No injury/unknown,FAILURE TO YIELD RIGHT OF WAY,39.16224,-86.525824
3,5,1400.0,2-Car,No injury/unknown,FAILURE TO YIELD RIGHT OF WAY,39.16224,-86.525824
3,4,800.0,2-Car,No injury/unknown,FAILURE TO YIELD RIGHT OF WAY,39.16224,-86.522576
5,5,1700.0,2-Car,No injury/unknown,VIEW OBSTRUCTED,39.16224,-86.516368
6,7,900.0,2-Car,Non-incapacitating,DISREGARD SIGNAL/REG SIGN,39.16224,-86.516368
7,2,1700.0,2-Car,No injury/unknown,VIEW OBSTRUCTED,39.16224,-86.525824
6,1,1800.0,2-Car,Non-incapacitating,BRAKE FAILURE OR DEFECTIVE,39.16224,-86.523968
9,2,1500.0,2-Car,No injury/unknown,FAILURE TO YIELD RIGHT OF WAY,39.16224,-86.52016
9,6,1800.0,2-Car,No injury/unknown,IMPROPER PASSING,39.16224,-86.522576
11,4,1100.0,2-Car,No injury/unknown,FAILURE TO YIELD RIGHT OF WAY,39.16224,-86.523968
12,4,1100.0,2-Car,No injury/unknown,FAILURE TO YIELD RIGHT OF WAY,39.16224,-86.525824
12,4,900.0,2-Car,No injury/unknown,FAILURE TO YIELD RIGHT OF WAY,39.16224,-86.522576
9,6,2100.0,2-Car,Non-incapacitating,OTHER (DRIVER) - EXPLAIN IN NARRATIVE,39.16221239,-86.533599
9,1,1200.0,2-Car,No injury/unknown,FAILURE TO YIELD RIGHT OF WAY,39.1622,-86.527199
11,2,2100.0,2-Car,No injury/unknown,FOLLOWING TOO CLOSELY,39.16219891,-86.508288
8,2,1900.0,2-Car,No injury/unknown,IMPROPER TURNING,39.1621521,-86.47171626
2,4,1300.0,2-Car,No injury/unknown,FOLLOWING TOO CLOSELY,39.162144,-86.528344
11,6,1300.0,2-Car,No injury/unknown,FAILURE TO YIELD RIGHT OF WAY,39.16204873,-86.49792764
6,7,1700.0,2-Car,No injury/unknown,FOLLOWING TOO CLOSELY,39.16201161,-86.41263342
5,4,1100.0,3+ Cars,No injury/unknown,FOLLOWING TOO CLOSELY,39.16198909,-86.53484216
2,3,700.0,2-Car,Non-incapacitating,UNSAFE SPEED,39.16198817,-86.538592
6,3,1400.0,1-Car,No injury/unknown,UNSAFE BACKING,39.161936,-86.497904
5,5,2300.0,2-Car,No injury/unknown,FAILURE TO YIELD RIGHT OF WAY,39.161902,-86.497826
3,2,900.0,2-Car,No injury/unknown,OTHER (DRIVER) - EXPLAIN IN NARRATIVE,39.161786,-86.502499
3,4,1500.0,2-Car,No injury/unknown,FOLLOWING TOO CLOSELY,39.16171454,-86.53484508
3,6,1300.0,2-Car,No injury/unknown,UNSAFE BACKING,39.16171055,-86.49785673
2,3,800.0,2-Car,No injury/unknown,DISREGARD SIGNAL/REG SIGN,39.161648,-86.546128
2,7,1400.0,2-Car,No injury/unknown,DISREGARD SIGNAL/REG SIGN,39.161648,-86.546128
7,4,1600.0,2-Car,No injury/unknown,CELL PHONE USAGE,39.161648,-86.546128
11,3,1100.0,2-Car,No injury/unknown,FAILURE TO YIELD RIGHT OF WAY,39.161648,-86.546128
10,4,1800.0,2-Car,Non-incapacitating,OTHER (DRIVER) - EXPLAIN IN NARRATIVE,39.161648,-86.546128
5,6,1400.0,2-Car,No injury/unknown,OTHER (DRIVER) - EXPLAIN IN NARRATIVE,39.1616,-86.543296
9,2,1500.0,2-Car,No injury/unknown,FOLLOWING TOO CLOSELY,39.16157745,-86.54245039
2,3,800.0,2-Car,No injury/unknown,ROADWAY SURFACE CONDITION,39.161568,-86.542096
5,3,1700.0,2-Car,Non-incapacitating,FAILURE TO YIELD RIGHT OF WAY,39.161568,-86.542096
1,6,1400.0,3+ Cars,Non-incapacitating,OTHER (DRIVER) - EXPLAIN IN NARRATIVE,39.16152,-86.538592
1,4,2300.0,2-Car,Non-incapacitating,FAILURE TO YIELD RIGHT OF WAY,39.16152,-86.538592
2,4,1000.0,2-Car,No injury/unknown,DISREGARD SIGNAL/REG SIGN,39.16152,-86.538592
5,7,1100.0,2-Car,Non-incapacitating,DISREGARD SIGNAL/REG SIGN,39.16152,-86.538592
5,4,1200.0,2-Car,No injury/unknown,DISREGARD SIGNAL/REG SIGN,39.16152,-86.538592
10,5,1000.0,2-Car,Non-incapacitating,FOLLOWING TOO CLOSELY,39.16152,-86.538592
4,5,1600.0,2-Car,No injury/unknown,IMPROPER LANE USAGE,39.161488,-86.537296
7,6,1100.0,2-Car,No injury/unknown,FOLLOWING TOO CLOSELY,39.161488,-86.537296
4,2,1500.0,2-Car,No injury/unknown,LEFT OF CENTER,39.16148424,-86.53704783
8,2,1300.0,2-Car,No injury/unknown,OTHER (DRIVER) - EXPLAIN IN NARRATIVE,39.16147308,-86.53631091
1,6,1500.0,2-Car,Non-incapacitating,FAILURE TO YIELD RIGHT OF WAY,39.161472,-86.53624
2,2,1300.0,2-Car,No injury/unknown,FAILURE TO YIELD RIGHT OF WAY,39.161472,-86.53624
6,3,1600.0,2-Car,Non-incapacitating,IMPROPER PASSING,39.161472,-86.53618681
11,3,1700.0,1-Car,No injury/unknown,RAN OFF ROAD RIGHT,39.161472,-86.53624
12,4,1300.0,2-Car,No injury/unknown,FAILURE TO YIELD RIGHT OF WAY,39.16144985,-86.53520237
6,7,1600.0,2-Car,Non-incapacitating,PRESCRIPTION DRUGS,39.16144361,-86.550396
11,5,1500.0,2-Car,No injury/unknown,OTHER (DRIVER) - EXPLAIN IN NARRATIVE,39.16144361,-86.550396
7,6,,2-Car,No injury/unknown,UNSAFE BACKING,39.16144,-86.52967135
8,7,,2-Car,No injury/unknown,OTHER (DRIVER) - EXPLAIN IN NARRATIVE,39.16144,-86.52857168
1,6,1500.0,2-Car,No injury/unknown,OTHER (DRIVER) - EXPLAIN IN NARRATIVE,39.16144,-86.53212571
4,5,1200.0,2-Car,Non-incapacitating,FOLLOWING TOO CLOSELY,39.16144,-86.534848
2,5,1600.0,2-Car,No injury/unknown,FAILURE TO YIELD RIGHT OF WAY,39.16144,-86.531056
2,1,2000.0,2-Car,No injury/unknown,,39.16144,-86.534848
2,7,1200.0,2-Car,Non-incapacitating,UNSAFE BACKING,39.16144,-86.52709845
1,7,1500.0,2-Car,No injury/unknown,SPEED TOO FAST FOR WEATHER CONDITIONS,39.16144,-86.523952
3,6,1700.0,2-Car,No injury/unknown,FAILURE TO YIELD RIGHT OF WAY,39.16144,-86.531056
6,5,1400.0,2-Car,Non-incapacitating,DISREGARD SIGNAL/REG SIGN,39.16144,-86.5324
5,5,1100.0,2-Car,No injury/unknown,UNSAFE BACKING,39.16144,-86.53212571
4,3,2100.0,2-Car,No injury/unknown,FAILURE TO YIELD RIGHT OF WAY,39.16144,-86.531056
9,4,1600.0,2-Car,No injury/unknown,DISREGARD SIGNAL/REG SIGN,39.16144,-86.534848
6,3,1500.0,2-Car,No injury/unknown,DRIVER ILLNESS,39.16144,-86.534848
6,3,1800.0,Moped/Motorcycle,Non-incapacitating,,39.16144,-86.531056
6,4,900.0,2-Car,No injury/unknown,OTHER (DRIVER) - EXPLAIN IN NARRATIVE,39.16144,-86.5336
5,2,1100.0,2-Car,Non-incapacitating,DISREGARD SIGNAL/REG SIGN,39.16144,-86.534848
11,6,1300.0,2-Car,No injury/unknown,FAILURE TO YIELD RIGHT OF WAY,39.16144,-86.52976
8,2,800.0,2-Car,No injury/unknown,DISREGARD SIGNAL/REG SIGN,39.16144,-86.534848
8,6,1900.0,Cyclist,Non-incapacitating,OTHER (DRIVER) - EXPLAIN IN NARRATIVE,39.16144,-86.5336
9,2,1500.0,2-Car,No injury/unknown,FOLLOWING TOO CLOSELY,39.16144,-86.534848
9,1,200.0,1-Car,Non-incapacitating,IMPROPER LANE USAGE,39.16144,-86.527152
10,2,1300.0,2-Car,No injury/unknown,OTHER (DRIVER) - EXPLAIN IN NARRATIVE,39.16144,-86.5324
10,5,1400.0,2-Car,Non-incapacitating,FOLLOWING TOO CLOSELY,39.16144,-86.5344934
10,5,900.0,2-Car,No injury/unknown,FAILURE TO YIELD RIGHT OF WAY,39.16144,-86.528288
10,5,1700.0,2-Car,Non-incapacitating,ROADWAY SURFACE CONDITION,39.16144,-86.523952
10,6,900.0,2-Car,No injury/unknown,SPEED TOO FAST FOR WEATHER CONDITIONS,39.16144,-86.527152
10,7,1200.0,2-Car,No injury/unknown,OTHER (DRIVER) - EXPLAIN IN NARRATIVE,39.16144,-86.523952
11,6,1000.0,2-Car,No injury/unknown,OTHER (DRIVER) - EXPLAIN IN NARRATIVE,39.16144,-86.523952
11,2,800.0,2-Car,No injury/unknown,UNSAFE SPEED,39.16144,-86.52976
11,5,1100.0,2-Car,No injury/unknown,SPEED TOO FAST FOR WEATHER CONDITIONS,39.16144,-86.523952
1,7,1700.0,2-Car,No injury/unknown,FAILURE TO YIELD RIGHT OF WAY,39.1614,-86.543398
2,7,1700.0,2-Car,No injury/unknown,FOLLOWING TOO CLOSELY,39.1614,-86.5362
8,4,1300.0,2-Car,No injury/unknown,IMPROPER TURNING,39.1614,-86.5362013
6,7,0.0,2-Car,No injury/unknown,FAILURE TO YIELD RIGHT OF WAY,39.1614,-86.5374
7,3,1500.0,2-Car,No injury/unknown,OTHER (DRIVER) - EXPLAIN IN NARRATIVE,39.1614,-86.5461967
11,6,1600.0,2-Car,Non-incapacitating,FOLLOWING TOO CLOSELY,39.1614,-86.546198
11,6,1100.0,2-Car,No injury/unknown,DRIVER DISTRACTED - EXPLAIN IN NARRATIVE,39.1614,-86.54340665
10,3,1300.0,2-Car,No injury/unknown,FOLLOWING TOO CLOSELY,39.1614,-86.54618935
9,4,1000.0,2-Car,No injury/unknown,FAILURE TO YIELD RIGHT OF WAY,39.1614,-86.53735673
12,5,1000.0,2-Car,No injury/unknown,UNSAFE BACKING,39.1614,-86.542381
4,5,0.0,2-Car,No injury/unknown,DISREGARD SIGNAL/REG SIGN,39.1614,-86.543398
9,4,1200.0,2-Car,No injury/unknown,OTHER (DRIVER) - EXPLAIN IN NARRATIVE,39.16138509,-86.53105681
1,6,1000.0,Bus,No injury/unknown,OTHER (DRIVER) - EXPLAIN IN NARRATIVE,39.16136691,-86.522576
9,4,1800.0,2-Car,No injury/unknown,FAILURE TO YIELD RIGHT OF WAY,39.16131282,-86.52261144
8,7,1200.0,2-Car,No injury/unknown,OTHER (DRIVER) - EXPLAIN IN NARRATIVE,39.161312,-86.522576
8,2,1800.0,2-Car,No injury/unknown,WRONG WAY ON ONE WAY,39.1613,-86.528396
4,3,1300.0,1-Car,No injury/unknown,RAN OFF ROAD RIGHT,39.16128533,-86.521216
10,6,1800.0,2-Car,No injury/unknown,ALCOHOLIC BEVERAGES,39.161168,-86.516352