Month,Day,Hour,Collision Type,Injury Type,Primary Factor,Latitude,Longitude
10,6,1800.0,2-Car,No injury/unknown,ALCOHOLIC BEVERAGES,39.16116662,-86.51629884
11,3,1900.0,2-Car,Non-incapacitating,FOLLOWING TOO CLOSELY,39.16106959,-86.59186078
6,3,1000.0,1-Car,Non-incapacitating,BRAKE FAILURE OR DEFECTIVE,39.161,-86.514194
7,6,1500.0,3+ Cars,Non-incapacitating,FAILURE TO YIELD RIGHT OF WAY,39.161,-86.516396
3,5,1600.0,2-Car,No injury/unknown,FAILURE TO YIELD RIGHT OF WAY,39.16094401,-86.49858249
3,6,1400.0,2-Car,No injury/unknown,FAILURE TO YIELD RIGHT OF WAY,39.160944,-86.49780238
2,6,1300.0,2-Car,No injury/unknown,FAILURE TO YIELD RIGHT OF WAY,39.160944,-86.5024
5,2,1100.0,2-Car,No injury/unknown,FOLLOWING TOO CLOSELY,39.160944,-86.508288
6,5,1100.0,2-Car,Non-incapacitating,FAILURE TO YIELD RIGHT OF WAY,39.160944,-86.497696
12,5,2100.0,2-Car,Non-incapacitating,FAILURE TO YIELD RIGHT OF WAY,39.160944,-86.508288
6,7,,2-Car,No injury/unknown,OTHER (DRIVER) - EXPLAIN IN NARRATIVE,39.160944,-86.4998817
9,5,1700.0,2-Car,Non-incapacitating,FAILURE TO YIELD RIGHT OF WAY,39.160944,-86.497696
9,5,1200.0,2-Car,No injury/unknown,UNSAFE BACKING,39.160944,-86.508288
8,2,1300.0,2-Car,No injury/unknown,OTHER (DRIVER) - EXPLAIN IN NARRATIVE,39.160944,-86.497696
12,3,1600.0,2-Car,No injury/unknown,FOLLOWING TOO CLOSELY,39.160944,-86.5024
10,2,800.0,2-Car,Non-incapacitating,DISREGARD SIGNAL/REG SIGN,39.160944,-86.508288
12,6,1500.0,2-Car,No injury/unknown,FAILURE TO YIELD RIGHT OF WAY,39.160944,-86.497696
12,6,2300.0,2-Car,No injury/unknown,DISREGARD SIGNAL/REG SIGN,39.160944,-86.508288
4,6,2300.0,2-Car,No injury/unknown,OTHER (DRIVER) - EXPLAIN IN NARRATIVE,39.1609,-86.499434
6,2,1100.0,2-Car,No injury/unknown,UNSAFE BACKING,39.1609,-86.49888
3,2,2200.0,2-Car,No injury/unknown,FAILURE TO YIELD RIGHT OF WAY,39.16088911,-86.49769789
2,6,1800.0,2-Car,Non-incapacitating,FOLLOWING TOO CLOSELY,39.16087539,-86.49769837
6,4,1200.0,2-Car,No injury/unknown,UNSAFE BACKING,39.160787,-86.497701
11,4,1600.0,1-Car,No injury/unknown,,39.16071674,-86.49770384
9,5,2000.0,2-Car,No injury/unknown,OTHER (DRIVER) - EXPLAIN IN NARRATIVE,39.16071674,-86.49770384
12,5,1900.0,2-Car,Non-incapacitating,FAILURE TO YIELD RIGHT OF WAY,39.16071544,-86.54846886
10,6,900.0,2-Car,No injury/unknown,FOLLOWING TOO CLOSELY,39.16066955,-86.49770546
6,5,800.0,2-Car,Non-incapacitating,DISREGARD SIGNAL/REG SIGN,39.160544,-86.5508
6,7,1300.0,2-Car,No injury/unknown,DISREGARD SIGNAL/REG SIGN,39.160544,-86.5508
1,2,1500.0,2-Car,No injury/unknown,VIEW OBSTRUCTED,39.16032,-86.525856
7,4,1400.0,1-Car,Non-incapacitating,OTHER (DRIVER) - EXPLAIN IN NARRATIVE,39.16032,-86.527136
10,6,700.0,2-Car,No injury/unknown,ALCOHOLIC BEVERAGES,39.16032,-86.527136
10,7,2100.0,2-Car,No injury/unknown,FAILURE TO YIELD RIGHT OF WAY,39.160272,-86.516336
12,2,100.0,2-Car,No injury/unknown,OTHER (DRIVER) - EXPLAIN IN NARRATIVE,39.160256,-86.514096
1,3,600.0,2-Car,No injury/unknown,LEFT OF CENTER,39.16024314,-86.545199
5,2,2100.0,2-Car,No injury/unknown,ALCOHOLIC BEVERAGES,39.16021368,-86.53867437
11,6,700.0,2-Car,Non-incapacitating,OTHER (DRIVER) - EXPLAIN IN NARRATIVE,39.16012034,-86.508288
6,3,700.0,2-Car,No injury/unknown,IMPROPER LANE USAGE,39.15994021,-86.55379814
4,2,1000.0,2-Car,No injury/unknown,UNSAFE BACKING,39.15992779,-86.518812
3,3,1800.0,2-Car,No injury/unknown,UNSAFE BACKING,39.15985753,-86.550396
4,6,1100.0,2-Car,Non-incapacitating,FAILURE TO YIELD RIGHT OF WAY,39.15980237,-86.5538442
5,4,200.0,1-Car,No injury/unknown,ALCOHOLIC BEVERAGES,39.15975654,-86.539854
3,1,1200.0,1-Car,No injury/unknown,ILLEGAL DRUGS,39.15971453,-86.53487561
1,6,2300.0,1-Car,No injury/unknown,UNSAFE SPEED,39.15971451,-86.545199
2,1,1000.0,2-Car,No injury/unknown,FAILURE TO YIELD RIGHT OF WAY,39.1596,-86.490784
6,7,1900.0,2-Car,No injury/unknown,FOLLOWING TOO CLOSELY,39.159552,-86.471488
2,2,1100.0,2-Car,No injury/unknown,LEFT OF CENTER,39.15952255,-86.508288
5,3,700.0,2-Car,Non-incapacitating,DRIVER DISTRACTED - EXPLAIN IN NARRATIVE,39.15951402,-86.55502908
1,5,900.0,2-Car,No injury/unknown,OTHER (DRIVER) - EXPLAIN IN NARRATIVE,39.15950863,-86.5348789
1,4,1400.0,2-Car,No injury/unknown,LEFT OF CENTER,39.159504,-86.538592
1,5,1600.0,2-Car,Non-incapacitating,DISREGARD SIGNAL/REG SIGN,39.159504,-86.538592
1,3,2200.0,2-Car,No injury/unknown,FAILURE TO YIELD RIGHT OF WAY,39.15944,-86.53488
4,2,2000.0,2-Car,No injury/unknown,DISREGARD SIGNAL/REG SIGN,39.15944,-86.53488
4,3,900.0,1-Car,No injury/unknown,FOLLOWING TOO CLOSELY,39.15944,-86.555296
5,5,900.0,2-Car,No injury/unknown,DISREGARD SIGNAL/REG SIGN,39.15944,-86.53488
10,2,1200.0,2-Car,No injury/unknown,WRONG WAY ON ONE WAY,39.15944,-86.53488
11,5,2200.0,2-Car,Non-incapacitating,UNSAFE SPEED,39.15944,-86.53488
10,4,1000.0,3+ Cars,No injury/unknown,IMPROPER TURNING,39.1594,-86.53778396
1,6,2000.0,2-Car,No injury/unknown,OTHER (DRIVER) - EXPLAIN IN NARRATIVE,39.159344,-86.52247135
4,6,1100.0,2-Car,No injury/unknown,FAILURE TO YIELD RIGHT OF WAY,39.159344,-86.525872
2,3,900.0,2-Car,No injury/unknown,FOLLOWING TOO CLOSELY,39.159344,-86.5324
1,4,1500.0,2-Car,Non-incapacitating,FAILURE TO YIELD RIGHT OF WAY,39.159344,-86.5176
3,4,800.0,2-Car,No injury/unknown,FAILURE TO YIELD RIGHT OF WAY,39.159344,-86.52712
4,3,1200.0,2-Car,No injury/unknown,FAILURE TO YIELD RIGHT OF WAY,39.159344,-86.5176
6,2,1200.0,2-Car,No injury/unknown,IMPROPER PASSING,39.159344,-86.529792
8,6,1700.0,2-Car,Non-incapacitating,FAILURE TO YIELD RIGHT OF WAY,39.159344,-86.525872
7,4,1500.0,2-Car,No injury/unknown,IMPROPER PASSING,39.159344,-86.5324
5,5,1700.0,1-Car,Non-incapacitating,VIEW OBSTRUCTED,39.159344,-86.53342857
8,7,1300.0,2-Car,No injury/unknown,FAILURE TO YIELD RIGHT OF WAY,39.159344,-86.525872
10,5,1100.0,2-Car,Non-incapacitating,DISREGARD SIGNAL/REG SIGN,39.159344,-86.5324
12,5,1000.0,2-Car,No injury/unknown,OTHER (DRIVER) - EXPLAIN IN NARRATIVE,39.159344,-86.5295221
6,4,1000.0,2-Car,Non-incapacitating,,39.15933159,-86.538592
1,6,1000.0,2-Car,No injury/unknown,OTHER (DRIVER) - EXPLAIN IN NARRATIVE,39.1593,-86.47984466
9,3,,2-Car,No injury/unknown,,39.159248,-86.508288
6,6,2200.0,2-Car,No injury/unknown,FAILURE TO YIELD RIGHT OF WAY,39.159248,-86.508288
8,7,1600.0,1-Car,No injury/unknown,SPEED TOO FAST FOR WEATHER CONDITIONS,39.1592,-86.508399
5,6,1100.0,2-Car,No injury/unknown,OTHER (DRIVER) - EXPLAIN IN NARRATIVE,39.159189,-86.538699
10,5,1600.0,2-Car,Non-incapacitating,LEFT OF CENTER,39.15879124,-86.49396821
12,2,2200.0,1-Car,Non-incapacitating,ALCOHOLIC BEVERAGES,39.158762,-86.508399
12,3,1100.0,2-Car,No injury/unknown,FOLLOWING TOO CLOSELY,39.15859279,-86.531399
9,4,800.0,3+ Cars,Non-incapacitating,DRIVER DISTRACTED - EXPLAIN IN NARRATIVE,39.15850291,-86.5336
4,3,1700.0,2-Car,No injury/unknown,FAILURE TO YIELD RIGHT OF WAY,39.1585,-86.522596
9,2,1500.0,2-Car,Non-incapacitating,FAILURE TO YIELD RIGHT OF WAY,39.1585,-86.522596
3,6,800.0,2-Car,Non-incapacitating,FAILURE TO YIELD RIGHT OF WAY,39.158448,-86.5324
8,3,900.0,2-Car,No injury/unknown,FAILURE TO YIELD RIGHT OF WAY,39.158448,-86.538592
10,2,1100.0,2-Car,No injury/unknown,UNSAFE BACKING,39.1583,-86.569693
8,7,1600.0,2-Car,No injury/unknown,FAILURE TO YIELD RIGHT OF WAY,39.158299,-86.496099
5,6,1500.0,2-Car,No injury/unknown,OTHER (DRIVER) - EXPLAIN IN NARRATIVE,39.15817411,-86.5512146
2,5,1500.0,2-Car,No injury/unknown,IMPROPER TURNING,39.15816,-86.497792
4,3,1500.0,2-Car,No injury/unknown,FAILURE TO YIELD RIGHT OF WAY,39.15816,-86.497792
6,6,1500.0,1-Car,Non-incapacitating,PEDESTRIAN ACTION,39.15816,-86.497792
9,2,1400.0,1-Car,Non-incapacitating,FAILURE TO YIELD RIGHT OF WAY,39.15816,-86.497792
1,5,1000.0,2-Car,No injury/unknown,UNSAFE BACKING,39.15812445,-86.513899
4,4,900.0,2-Car,Non-incapacitating,FOLLOWING TOO CLOSELY,39.157999,-86.5575944
6,3,800.0,2-Car,No injury/unknown,FAILURE TO YIELD RIGHT OF WAY,39.157999,-86.557597
3,2,1100.0,2-Car,No injury/unknown,FAILURE TO YIELD RIGHT OF WAY,39.157952,-86.527088
12,6,900.0,2-Car,No injury/unknown,ROADWAY SURFACE CONDITION,39.15793695,-86.52595891
9,6,600.0,2-Car,Non-incapacitating,LEFT OF CENTER,39.15792451,-86.576399
8,7,1500.0,2-Car,No injury/unknown,FAILURE TO YIELD RIGHT OF WAY,39.157856,-86.516288
8,7,1800.0,1-Car,No injury/unknown,RAN OFF ROAD RIGHT,39.1578,-86.508399
8,7,1600.0,2-Car,Non-incapacitating,FAILURE TO YIELD RIGHT OF WAY,39.157792,-86.508288
5,6,2200.0,2-Car,Non-incapacitating,ALCOHOLIC BEVERAGES,39.157744,-86.503792
7,7,100.0,3+ Cars,Non-incapacitating,ALCOHOLIC BEVERAGES,39.157703,-86.511789
12,5,300.0,1-Car,Non-incapacitating,UNSAFE SPEED,39.15766464,-86.51626504
8,7,,2-Car,No injury/unknown,OTHER (DRIVER) - EXPLAIN IN NARRATIVE,39.157648,-86.540944
1,7,1700.0,2-Car,No injury/unknown,UNSAFE BACKING,39.15764439,-86.54067811
9,4,1400.0,2-Car,No injury/unknown,FOLLOWING TOO CLOSELY,39.15762565,-86.53930105
5,5,2000.0,2-Car,No injury/unknown,DISREGARD SIGNAL/REG SIGN,39.157616,-86.538592
9,7,700.0,3+ Cars,No injury/unknown,UNSAFE SPEED,39.157608,-86.550086
5,6,2200.0,2-Car,Non-incapacitating,DISREGARD SIGNAL/REG SIGN,39.1576,-86.545199
11,3,900.0,2-Car,No injury/unknown,FOLLOWING TOO CLOSELY,39.1576,-86.545199
7,7,1200.0,2-Car,No injury/unknown,UNSAFE BACKING,39.15759543,-86.55894204
5,5,1400.0,2-Car,No injury/unknown,FAILURE TO YIELD RIGHT OF WAY,39.157584,-86.536288
6,1,1100.0,2-Car,No injury/unknown,OTHER (DRIVER) - EXPLAIN IN NARRATIVE,39.15758263,-86.5162552
7,5,0.0,2-Car,No injury/unknown,DRIVER DISTRACTED - EXPLAIN IN NARRATIVE,39.15756567,-86.54094694
3,2,1700.0,2-Car,No injury/unknown,OTHER (DRIVER) - EXPLAIN IN NARRATIVE,39.157552,-86.5336
6,4,2000.0,2-Car,No injury/unknown,OTHER (DRIVER) - EXPLAIN IN NARRATIVE,39.157552,-86.480592
11,6,1700.0,2-Car,No injury/unknown,WRONG WAY ON ONE WAY,39.157552,-86.5336
7,2,700.0,2-Car,Non-incapacitating,FAILURE TO YIELD RIGHT OF WAY,39.157536,-86.5324
1,1,1000.0,2-Car,No injury/unknown,FAILURE TO YIELD RIGHT OF WAY,39.157504,-86.531104
10,3,2000.0,2-Car,No injury/unknown,UNSAFE BACKING,39.15741257,-86.55938939
6,5,1100.0,2-Car,No injury/unknown,FOLLOWING TOO CLOSELY,39.157401,-86.559799
4,2,1200.0,3+ Cars,Non-incapacitating,FOLLOWING TOO CLOSELY,39.15737206,-86.53368833
10,3,1600.0,2-Car,Non-incapacitating,FOLLOWING TOO CLOSELY,39.15731209,-86.55963522
2,6,500.0,2-Car,No injury/unknown,DISREGARD SIGNAL/REG SIGN,39.15704,-86.591696
7,4,1500.0,3+ Cars,Non-incapacitating,FOLLOWING TOO CLOSELY,39.15696462,-86.58270626
9,5,1900.0,2-Car,Non-incapacitating,IMPROPER TURNING,39.156896,-86.582704
6,2,1900.0,2-Car,Non-incapacitating,OTHER (DRIVER) - EXPLAIN IN NARRATIVE,39.156896,-86.582704
1,6,1000.0,2-Car,Non-incapacitating,DISREGARD SIGNAL/REG SIGN,39.156896,-86.582704
8,6,1000.0,3+ Cars,No injury/unknown,FOLLOWING TOO CLOSELY,39.15680761,-86.5731334
7,5,1500.0,2-Car,No injury/unknown,FAILURE TO YIELD RIGHT OF WAY,39.15675872,-86.582704
2,5,1300.0,2-Car,Non-incapacitating,FAILURE TO YIELD RIGHT OF WAY,39.156643,-86.497798
9,4,1100.0,2-Car,No injury/unknown,UNSAFE BACKING,39.156643,-86.497798
11,7,1800.0,2-Car,No injury/unknown,FAILURE TO YIELD RIGHT OF WAY,39.15664,-86.527072
11,2,900.0,2-Car,No injury/unknown,OTHER (DRIVER) - EXPLAIN IN NARRATIVE,39.15660678,-86.5291589
5,3,300.0,2-Car,No injury/unknown,ALCOHOLIC BEVERAGES,39.15655764,-86.53257726
5,3,300.0,2-Car,No injury/unknown,ALCOHOLIC BEVERAGES,39.15651882,-86.5324
11,2,1000.0,2-Car,No injury/unknown,FOLLOWING TOO CLOSELY,39.156448,-86.5116
5,3,1500.0,1-Car,No injury/unknown,RAN OFF ROAD RIGHT,39.1561554,-86.56128612
8,3,1100.0,3+ Cars,No injury/unknown,FOLLOWING TOO CLOSELY,39.156144,-86.561296
6,6,1100.0,2-Car,No injury/unknown,FAILURE TO YIELD RIGHT OF WAY,39.156144,-86.561296
9,3,1500.0,2-Car,No injury/unknown,FAILURE TO YIELD RIGHT OF WAY,39.156144,-86.561296
10,2,1800.0,2-Car,Non-incapacitating,FAILURE TO YIELD RIGHT OF WAY,39.156144,-86.561296
5,3,1700.0,2-Car,No injury/unknown,FAILURE TO YIELD RIGHT OF WAY,39.15612477,-86.56132131
1,5,1800.0,1-Car,Non-incapacitating,RAN OFF ROAD RIGHT,39.155952,-86.513888
4,6,1500.0,Bus,Non-incapacitating,IMPROPER PASSING,39.1559305,-86.5516553
10,6,1700.0,2-Car,Non-incapacitating,LEFT OF CENTER,39.15592255,-86.5336
6,3,800.0,2-Car,Non-incapacitating,OTHER (DRIVER) - EXPLAIN IN NARRATIVE,39.155904,-86.55578788
1,5,2000.0,2-Car,No injury/unknown,UNSAFE SPEED,39.155888,-86.5495104
11,3,1400.0,2-Car,No injury/unknown,UNSAFE SPEED,39.15580572,-86.4079941
7,2,1700.0,3+ Cars,Non-incapacitating,OTHER (DRIVER) - EXPLAIN IN NARRATIVE,39.15580572,-86.4079941
7,7,1900.0,2-Car,No injury/unknown,UNSAFE BACKING,39.1558,-86.549197
4,5,1700.0,2-Car,No injury/unknown,FAILURE TO YIELD RIGHT OF WAY,39.155776,-86.538592
5,4,1100.0,2-Car,No injury/unknown,FAILURE TO YIELD RIGHT OF WAY,39.155776,-86.538592
9,6,1100.0,2-Car,Non-incapacitating,FAILURE TO YIELD RIGHT OF WAY,39.155776,-86.538592
2,6,800.0,2-Car,No injury/unknown,ROADWAY SURFACE CONDITION,39.155744,-86.545936
6,3,1500.0,2-Car,No injury/unknown,FAILURE TO YIELD RIGHT OF WAY,39.155704,-86.547698
10,7,2100.0,2-Car,No injury/unknown,UNSAFE BACKING,39.155704,-86.54771531
4,7,1600.0,3+ Cars,No injury/unknown,FOLLOWING TOO CLOSELY,39.15569866,-86.56209691
4,2,1700.0,2-Car,Non-incapacitating,DISREGARD SIGNAL/REG SIGN,39.15568,-86.531136
7,4,1900.0,2-Car,No injury/unknown,FAILURE TO YIELD RIGHT OF WAY,39.155664,-86.5324
7,6,1200.0,2-Car,No injury/unknown,FAILURE TO YIELD RIGHT OF WAY,39.155664,-86.5324
9,5,1300.0,2-Car,No injury/unknown,FAILURE TO YIELD RIGHT OF WAY,39.155664,-86.5324
5,3,1800.0,2-Car,No injury/unknown,FOLLOWING TOO CLOSELY,39.1556,-86.5432
9,4,1700.0,2-Car,No injury/unknown,DRIVER DISTRACTED - EXPLAIN IN NARRATIVE,39.1556,-86.5432
4,6,1000.0,2-Car,No injury/unknown,UNSAFE BACKING,39.155344,-86.5152
6,2,1600.0,1-Car,No injury/unknown,OTHER (DRIVER) - EXPLAIN IN NARRATIVE,39.15534099,-86.57320781
9,7,1700.0,1-Car,Non-incapacitating,RAN OFF ROAD RIGHT,39.15515973,-86.5044638
5,2,1600.0,2-Car,No injury/unknown,FAILURE TO YIELD RIGHT OF WAY,39.155152,-86.497888
11,3,1800.0,2-Car,No injury/unknown,UNSAFE BACKING,39.155152,-86.504496
10,6,1100.0,2-Car,No injury/unknown,OTHER (DRIVER) - EXPLAIN IN NARRATIVE,39.1551,-86.498099
1,5,1800.0,Bus,No injury/unknown,FAILURE TO YIELD RIGHT OF WAY,39.155096,-86.497088
10,6,1900.0,2-Car,No injury/unknown,FAILURE TO YIELD RIGHT OF WAY,39.15504,-86.509552
4,4,700.0,2-Car,No injury/unknown,RAN OFF ROAD RIGHT,39.154944,-86.58784
6,2,2000.0,2-Car,No injury/unknown,UNSAFE BACKING,39.154944,-86.58784
3,2,1900.0,2-Car,No injury/unknown,FAILURE TO YIELD RIGHT OF WAY,39.1549,-86.56318934
6,2,600.0,1-Car,Incapacitating,RAN OFF ROAD RIGHT,39.1549,-86.56317203
10,1,1200.0,2-Car,Non-incapacitating,FAILURE TO YIELD RIGHT OF WAY,39.15466467,-86.54015581
4,1,500.0,1-Car,No injury/unknown,UNSAFE SPEED,39.15464,-86.5092
3,5,900.0,2-Car,No injury/unknown,FAILURE TO YIELD RIGHT OF WAY,39.154538,-86.493299
1,3,1600.0,1-Car,Non-incapacitating,PEDESTRIAN ACTION,39.15448928,-86.5336
2,7,200.0,1-Car,No injury/unknown,ALCOHOLIC BEVERAGES,39.15448928,-86.5324
1,4,100.0,2-Car,No injury/unknown,FAILURE TO YIELD RIGHT OF WAY,39.154352,-86.527024
10,1,1000.0,2-Car,No injury/unknown,OTHER (DRIVER) - EXPLAIN IN NARRATIVE,39.154352,-86.528
8,3,,2-Car,No injury/unknown,FAILURE TO YIELD RIGHT OF WAY,39.154272,-86.564176
10,2,800.0,2-Car,Non-incapacitating,FAILURE TO YIELD RIGHT OF WAY,39.154272,-86.564176
3,3,2100.0,2-Car,No injury/unknown,UNSAFE BACKING,39.15422171,-86.5336
6,6,2100.0,2-Car,No injury/unknown,UNSAFE BACKING,39.15422171,-86.5336
8,2,1600.0,2-Car,Non-incapacitating,DRIVER DISTRACTED - EXPLAIN IN NARRATIVE,39.1542,-86.533799
6,1,2100.0,3+ Cars,No injury/unknown,OTHER (DRIVER) - EXPLAIN IN NARRATIVE,39.15412578,-86.49786768
11,4,2200.0,2-Car,No injury/unknown,UNSAFE BACKING,39.15412578,-86.49786768
1,2,2300.0,1-Car,No injury/unknown,OTHER (VEHICLE) - EXPLAIN IN NARRATIVE,39.1541,-86.5696
9,4,1700.0,2-Car,Non-incapacitating,FOLLOWING TOO CLOSELY,39.15402456,-86.5791
9,2,1400.0,3+ Cars,Non-incapacitating,OTHER (DRIVER) - EXPLAIN IN NARRATIVE,39.15402456,-86.5791
6,4,1400.0,2-Car,No injury/unknown,FAILURE TO YIELD RIGHT OF WAY,39.153899,-86.538699
8,5,1600.0,2-Car,No injury/unknown,DRIVER DISTRACTED - EXPLAIN IN NARRATIVE,39.153899,-86.538699
5,5,1200.0,2-Car,No injury/unknown,IMPROPER LANE USAGE,39.15385183,-86.5336
8,5,1400.0,1-Car,Non-incapacitating,OTHER (DRIVER) - EXPLAIN IN NARRATIVE,39.15383089,-86.49786184
9,2,1300.0,2-Car,No injury/unknown,OTHER (DRIVER) - EXPLAIN IN NARRATIVE,39.1538,-86.540436
6,6,2200.0,1-Car,No injury/unknown,ROADWAY SURFACE CONDITION,39.15377314,-86.5650224
3,4,1400.0,2-Car,No injury/unknown,UNSAFE BACKING,39.15365396,-86.49785834
2,5,1600.0,2-Car,No injury/unknown,FAILURE TO YIELD RIGHT OF WAY,39.15354982,-86.5324
10,3,0.0,2-Car,No injury/unknown,UNSAFE BACKING,39.15352473,-86.5236
10,6,1300.0,3+ Cars,Non-incapacitating,OTHER (DRIVER) - EXPLAIN IN NARRATIVE,39.15349491,-86.5324
8,4,1000.0,2-Car,No injury/unknown,OTHER (DRIVER) - EXPLAIN IN NARRATIVE,39.153441,-86.497699
3,2,900.0,2-Car,No injury/unknown,FAILURE TO YIELD RIGHT OF WAY,39.15344,-86.53331635
7,6,1100.0,2-Car,No injury/unknown,FAILURE TO YIELD RIGHT OF WAY,39.15344,-86.53430912
1,4,1900.0,3+ Cars,Non-incapacitating,DISREGARD SIGNAL/REG SIGN,39.15344,-86.5336
6,2,1400.0,2-Car,No injury/unknown,FOLLOWING TOO CLOSELY,39.15344,-86.5336
6,5,800.0,3+ Cars,Non-incapacitating,FAILURE TO YIELD RIGHT OF WAY,39.15344,-86.5336
11,2,800.0,1-Car,Non-incapacitating,PEDESTRIAN ACTION,39.15344,-86.5336
10,4,1700.0,2-Car,No injury/unknown,DISREGARD SIGNAL/REG SIGN,39.15344,-86.5324
9,5,1800.0,2-Car,No injury/unknown,DISREGARD SIGNAL/REG SIGN,39.15344,-86.5336
10,1,1200.0,2-Car,Non-incapacitating,DISREGARD SIGNAL/REG SIGN,39.15344,-86.5324
10,2,2100.0,1-Car,No injury/unknown,UNSAFE BACKING,39.15344,-86.5336
10,4,1100.0,2-Car,No injury/unknown,OTHER (DRIVER) - EXPLAIN IN NARRATIVE,39.15344,-86.5336
9,5,1800.0,2-Car,No injury/unknown,IMPROPER PASSING,39.15344,-86.5336
12,6,700.0,2-Car,No injury/unknown,IMPROPER TURNING,39.15344,-86.5336
11,7,1600.0,2-Car,No injury/unknown,IMPROPER TURNING,39.15344,-86.5336
10,6,1300.0,2-Car,No injury/unknown,FAILURE TO YIELD RIGHT OF WAY,39.153436,-86.497699
8,2,0.0,1-Car,No injury/unknown,BRAKE FAILURE OR DEFECTIVE,39.153413,-86.485586
12,6,800.0,2-Car,Non-incapacitating,FAILURE TO YIELD RIGHT OF WAY,39.153408,-86.529088
5,5,600.0,2-Car,No injury/unknown,SPEED TOO FAST FOR WEATHER CONDITIONS,39.153392,-86.527008
1,2,1400.0,2-Car,Non-incapacitating,FAILURE TO YIELD RIGHT OF WAY,39.153392,-86.527008
3,6,1300.0,2-Car,Non-incapacitating,DISREGARD SIGNAL/REG SIGN,39.153392,-86.527008
7,1,1300.0,2-Car,Non-incapacitating,DISREGARD SIGNAL/REG SIGN,39.153392,-86.527008
8,3,1800.0,2-Car,Non-incapacitating,DISREGARD SIGNAL/REG SIGN,39.153392,-86.527008
5,3,1200.0,2-Car,Non-incapacitating,FAILURE TO YIELD RIGHT OF WAY,39.15330272,-86.5336
5,6,900.0,2-Car,Non-incapacitating,FOLLOWING TOO CLOSELY,39.1533,-86.528096
7,2,900.0,2-Car,No injury/unknown,DISREGARD SIGNAL/REG SIGN,39.1533,-86.532495
5,3,1300.0,1-Car,No injury/unknown,OTHER (DRIVER) - EXPLAIN IN NARRATIVE,39.15320216,-86.49787157
4,3,1800.0,2-Car,Non-incapacitating,FAILURE TO YIELD RIGHT OF WAY,39.15320216,-86.49787157
7,4,1000.0,2-Car,Non-incapacitating,DRIVER DISTRACTED - EXPLAIN IN NARRATIVE,39.15311054,-86.5336
8,2,1600.0,2-Car,Non-incapacitating,FOLLOWING TOO CLOSELY,39.15291455,-86.538592
1,2,1700.0,1-Car,Non-incapacitating,RAN OFF ROAD LEFT,39.15286104,-86.39268012
3,1,2100.0,2-Car,No injury/unknown,IMPROPER TURNING,39.15264,-86.53855655
10,1,,2-Car,No injury/unknown,OTHER (DRIVER) - EXPLAIN IN NARRATIVE,39.152605,-86.518594
5,4,1700.0,2-Car,No injury/unknown,OTHER (DRIVER) - EXPLAIN IN NARRATIVE,39.152544,-86.5324
6,6,1700.0,2-Car,No injury/unknown,UNSAFE BACKING,39.15250667,-86.497904
5,2,2100.0,2-Car,No injury/unknown,FAILURE TO YIELD RIGHT OF WAY,39.1525,-86.4905
11,5,1000.0,Bus,No injury/unknown,IMPROPER TURNING,39.152499,-86.490495
6,1,1200.0,2-Car,No injury/unknown,OTHER (DRIVER) - EXPLAIN IN NARRATIVE,39.152448,-86.400288
8,2,1000.0,2-Car,No injury/unknown,OTHER (DRIVER) - EXPLAIN IN NARRATIVE,39.1522904,-86.47140384
2,7,1600.0,2-Car,Non-incapacitating,LEFT OF CENTER,39.15196446,-86.38137123
11,2,900.0,2-Car,No injury/unknown,UNSAFE BACKING,39.151952,-86.525888
5,3,1600.0,2-Car,No injury/unknown,FAILURE TO YIELD RIGHT OF WAY,39.15182515,-86.538699
4,6,1100.0,2-Car,No injury/unknown,IMPROPER LANE USAGE,39.15178528,-86.5336
12,6,1000.0,2-Car,No injury/unknown,FAILURE TO YIELD RIGHT OF WAY,39.151616,-86.5324
1,2,1600.0,2-Car,Non-incapacitating,LEFT OF CENTER,39.151552,-86.389584
10,1,400.0,1-Car,Non-incapacitating,NONE (DRIVER),39.15144,-86.610496
5,6,900.0,2-Car,No injury/unknown,OTHER (DRIVER) - EXPLAIN IN NARRATIVE,39.151099,-86.4912
12,3,1400.0,2-Car,Non-incapacitating,FAILURE TO YIELD RIGHT OF WAY,39.150901,-86.568
12,5,1600.0,2-Car,No injury/unknown,IMPROPER TURNING,39.150901,-86.568
2,3,1400.0,2-Car,No injury/unknown,FAILURE TO YIELD RIGHT OF WAY,39.15072,-86.522496
5,6,2200.0,2-Car,No injury/unknown,VIEW OBSTRUCTED,39.15072,-86.522496
1,2,1600.0,2-Car,Non-incapacitating,FAILURE TO YIELD RIGHT OF WAY,39.15070583,-86.52178715
1,2,700.0,2-Car,No injury/unknown,FAILURE TO YIELD RIGHT OF WAY,39.150688,-86.520896
5,6,2100.0,1-Car,No injury/unknown,ALCOHOLIC BEVERAGES,39.15064708,-86.53618097
10,3,800.0,Bus,No injury/unknown,OTHER (DRIVER) - EXPLAIN IN NARRATIVE,39.15064633,-86.52661279
1,4,2000.0,2-Car,No injury/unknown,OTHER (DRIVER) - EXPLAIN IN NARRATIVE,39.15064,-86.52685364
6,3,2200.0,2-Car,No injury/unknown,CELL PHONE USAGE,39.15064,-86.52696
10,3,1500.0,2-Car,Non-incapacitating,DISREGARD SIGNAL/REG SIGN,39.15064,-86.52696
5,1,1100.0,2-Car,No injury/unknown,OTHER (DRIVER) - EXPLAIN IN NARRATIVE,39.15064,-86.52696