Month,Day,Hour,Collision Type,Injury Type,Primary Factor,Latitude,Longitude
10,5,1000.0,2-Car,Non-incapacitating,DISREGARD SIGNAL/REG SIGN,39.15064,-86.52696
10,5,1900.0,2-Car,Non-incapacitating,FOLLOWING TOO CLOSELY,39.15064,-86.52696
10,2,2300.0,2-Car,No injury/unknown,,39.15064,-86.52696
12,1,900.0,2-Car,No injury/unknown,OTHER (DRIVER) - EXPLAIN IN NARRATIVE,39.15064,-86.52696
8,3,,2-Car,No injury/unknown,IMPROPER LANE USAGE,39.15061264,-86.534288
5,1,1500.0,2-Car,No injury/unknown,FOLLOWING TOO CLOSELY,39.150576,-86.5312
5,5,900.0,Bus,No injury/unknown,FOLLOWING TOO CLOSELY,39.15056236,-86.53222275
8,3,2100.0,1-Car,No injury/unknown,ANIMAL/OBJECT IN ROADWAY,39.15056,-86.5324
9,3,1700.0,2-Car,No injury/unknown,FAILURE TO YIELD RIGHT OF WAY,39.15056,-86.5324
12,5,1500.0,2-Car,No injury/unknown,SPEED TOO FAST FOR WEATHER CONDITIONS,39.15055764,-86.52695835
4,6,1700.0,2-Car,No injury/unknown,UNSAFE SPEED,39.150544,-86.51126527
5,4,1900.0,2-Car,Non-incapacitating,FOLLOWING TOO CLOSELY,39.150544,-86.51285791
3,6,900.0,2-Car,No injury/unknown,UNSAFE SPEED,39.150544,-86.511088
3,2,1200.0,2-Car,No injury/unknown,IMPROPER PASSING,39.150544,-86.508288
4,2,1600.0,2-Car,Non-incapacitating,FOLLOWING TOO CLOSELY,39.150544,-86.511088
2,3,700.0,2-Car,No injury/unknown,OTHER (DRIVER) - EXPLAIN IN NARRATIVE,39.150544,-86.5336
2,3,1500.0,2-Car,No injury/unknown,DISREGARD SIGNAL/REG SIGN,39.150544,-86.508288
5,3,1300.0,3+ Cars,No injury/unknown,OTHER (DRIVER) - EXPLAIN IN NARRATIVE,39.150544,-86.506784
4,5,1800.0,2-Car,No injury/unknown,FOLLOWING TOO CLOSELY,39.150544,-86.506784
8,4,1100.0,2-Car,No injury/unknown,FOLLOWING TOO CLOSELY,39.150544,-86.5336
6,4,1300.0,Moped/Motorcycle,Non-incapacitating,OTHER (DRIVER) - EXPLAIN IN NARRATIVE,39.150544,-86.512592
6,4,1000.0,2-Car,No injury/unknown,FOLLOWING TOO CLOSELY,39.150544,-86.5336
7,7,1600.0,2-Car,Non-incapacitating,FAILURE TO YIELD RIGHT OF WAY,39.150544,-86.511088
9,4,1900.0,2-Car,No injury/unknown,FOLLOWING TOO CLOSELY,39.150544,-86.5336
12,2,1200.0,2-Car,No injury/unknown,OTHER (DRIVER) - EXPLAIN IN NARRATIVE,39.150544,-86.5336
10,6,1700.0,2-Car,No injury/unknown,FAILURE TO YIELD RIGHT OF WAY,39.150544,-86.5336
11,5,1000.0,1-Car,Non-incapacitating,IMPROPER TURNING,39.150544,-86.511088
2,1,0.0,2-Car,No injury/unknown,ALCOHOLIC BEVERAGES,39.15049747,-86.53369093
10,2,1100.0,2-Car,Non-incapacitating,OTHER (DRIVER) - EXPLAIN IN NARRATIVE,39.15045649,-86.49826014
8,5,1700.0,3+ Cars,No injury/unknown,FOLLOWING TOO CLOSELY,39.150448,-86.49884546
8,5,0.0,2-Car,No injury/unknown,DISREGARD SIGNAL/REG SIGN,39.150448,-86.4992
1,6,1700.0,2-Car,No injury/unknown,FOLLOWING TOO CLOSELY,39.150448,-86.498
4,4,1300.0,2-Car,Non-incapacitating,FOLLOWING TOO CLOSELY,39.150448,-86.4992
8,4,1200.0,2-Car,Non-incapacitating,FOLLOWING TOO CLOSELY,39.150448,-86.4992
8,1,200.0,Moped/Motorcycle,Non-incapacitating,UNSAFE SPEED,39.150448,-86.4992
12,5,1700.0,2-Car,No injury/unknown,FOLLOWING TOO CLOSELY,39.150448,-86.4992
10,1,1500.0,2-Car,Non-incapacitating,OTHER (DRIVER) - EXPLAIN IN NARRATIVE,39.150448,-86.498
8,1,1300.0,1-Car,No injury/unknown,ANIMAL/OBJECT IN ROADWAY,39.150352,-86.471296
8,2,600.0,2-Car,Non-incapacitating,FAILURE TO YIELD RIGHT OF WAY,39.150352,-86.471296
9,3,1600.0,2-Car,No injury/unknown,FAILURE TO YIELD RIGHT OF WAY,39.150352,-86.471296
8,7,1700.0,1-Car,No injury/unknown,ROADWAY SURFACE CONDITION,39.150352,-86.471296
8,1,2300.0,1-Car,No injury/unknown,ALCOHOLIC BEVERAGES,39.150299,-86.491295
10,7,1100.0,3+ Cars,Non-incapacitating,FAILURE TO YIELD RIGHT OF WAY,39.150299,-86.491295
9,1,100.0,1-Car,Non-incapacitating,ALCOHOLIC BEVERAGES,39.150299,-86.49130365
8,3,400.0,1-Car,No injury/unknown,ANIMAL/OBJECT IN ROADWAY,39.150224,-86.480464
3,2,600.0,1-Car,No injury/unknown,ANIMAL/OBJECT IN ROADWAY,39.15021474,-86.47129309
2,1,1600.0,2-Car,Non-incapacitating,LEFT OF CENTER,39.1502,-86.48044224
4,1,1600.0,1-Car,No injury/unknown,RAN OFF ROAD RIGHT,39.1502,-86.486195
12,6,1500.0,2-Car,No injury/unknown,UNSAFE BACKING,39.1502,-86.482894
2,4,1700.0,2-Car,Non-incapacitating,FAILURE TO YIELD RIGHT OF WAY,39.14984,-86.533392
4,1,,2-Car,No injury/unknown,OTHER (DRIVER) - EXPLAIN IN NARRATIVE,39.14984,-86.52924068
6,7,1900.0,Moped/Motorcycle,Incapacitating,FAILURE TO YIELD RIGHT OF WAY,39.14984,-86.533392
12,4,1100.0,2-Car,No injury/unknown,FAILURE TO YIELD RIGHT OF WAY,39.14981235,-86.550396
4,5,700.0,3+ Cars,No injury/unknown,FOLLOWING TOO CLOSELY,39.14977312,-86.53337205
10,6,,2-Car,No injury/unknown,,39.14971927,-86.51239855
3,1,0.0,1-Car,No injury/unknown,OTHER (DRIVER) - EXPLAIN IN NARRATIVE,39.149701,-86.526899
12,3,1300.0,2-Car,No injury/unknown,OTHER (VEHICLE) - EXPLAIN IN NARRATIVE,39.1496911,-86.53334759
9,5,1900.0,2-Car,No injury/unknown,UNSAFE BACKING,39.14968,-86.57104
12,6,1000.0,2-Car,No injury/unknown,OTHER (ENVIRONMENTAL) - EXPLAIN IN NARR,39.14968,-86.57104
9,4,1800.0,1-Car,No injury/unknown,OTHER (VEHICLE) - EXPLAIN IN NARRATIVE,39.14967497,-86.48045219
12,2,1600.0,2-Car,No injury/unknown,FOLLOWING TOO CLOSELY,39.14957249,-86.53331222
8,3,1600.0,2-Car,No injury/unknown,OTHER (DRIVER) - EXPLAIN IN NARRATIVE,39.149552,-86.575936
7,7,1300.0,1-Car,Non-incapacitating,OTHER (VEHICLE) - EXPLAIN IN NARRATIVE,39.149552,-86.538592
10,3,1600.0,2-Car,Non-incapacitating,FOLLOWING TOO CLOSELY,39.149552,-86.575936
5,5,1600.0,2-Car,No injury/unknown,FAILURE TO YIELD RIGHT OF WAY,39.1494,-86.582599
2,2,1500.0,2-Car,No injury/unknown,FAILURE TO YIELD RIGHT OF WAY,39.1494,-86.582599
9,6,1300.0,2-Car,Non-incapacitating,NONE (DRIVER),39.1494,-86.582599
6,5,1200.0,2-Car,No injury/unknown,UNSAFE BACKING,39.14936,-86.57008
10,7,1300.0,2-Car,Non-incapacitating,UNSAFE BACKING,39.1493,-86.52927737
2,3,1500.0,2-Car,No injury/unknown,FOLLOWING TOO CLOSELY,39.148928,-86.53312
10,7,1000.0,2-Car,No injury/unknown,IMPROPER LANE USAGE,39.148928,-86.53312
9,6,1200.0,2-Car,No injury/unknown,FOLLOWING TOO CLOSELY,39.148928,-86.53312
12,3,2100.0,2-Car,No injury/unknown,OTHER (DRIVER) - EXPLAIN IN NARRATIVE,39.148928,-86.53312
5,5,1500.0,2-Car,No injury/unknown,OTHER (DRIVER) - EXPLAIN IN NARRATIVE,39.14873674,-86.57913641
7,7,1600.0,2-Car,Non-incapacitating,SPEED TOO FAST FOR WEATHER CONDITIONS,39.148544,-86.571504
3,4,1300.0,2-Car,Non-incapacitating,FAILURE TO YIELD RIGHT OF WAY,39.14845483,-86.57592412
2,1,1700.0,2-Car,No injury/unknown,OTHER (DRIVER) - EXPLAIN IN NARRATIVE,39.148448,-86.573
9,4,1300.0,2-Car,Non-incapacitating,OTHER (DRIVER) - EXPLAIN IN NARRATIVE,39.148448,-86.573
10,7,1900.0,2-Car,No injury/unknown,UNSAFE BACKING,39.14843746,-86.509699
5,6,700.0,2-Car,No injury/unknown,FAILURE TO YIELD RIGHT OF WAY,39.148336,-86.515024
2,1,1200.0,2-Car,No injury/unknown,UNSAFE BACKING,39.148144,-86.572992
3,2,1200.0,2-Car,No injury/unknown,FOLLOWING TOO CLOSELY,39.148144,-86.572992
1,5,1700.0,2-Car,No injury/unknown,FAILURE TO YIELD RIGHT OF WAY,39.148144,-86.572992
6,5,800.0,2-Car,Non-incapacitating,FOLLOWING TOO CLOSELY,39.148144,-86.572992
4,4,2100.0,2-Car,No injury/unknown,FAILURE TO YIELD RIGHT OF WAY,39.148144,-86.572992
7,6,2300.0,2-Car,No injury/unknown,OTHER (DRIVER) - EXPLAIN IN NARRATIVE,39.148144,-86.572992
6,4,800.0,2-Car,No injury/unknown,FAILURE TO YIELD RIGHT OF WAY,39.148144,-86.572992
6,4,1100.0,2-Car,No injury/unknown,FAILURE TO YIELD RIGHT OF WAY,39.148144,-86.572992
6,5,1400.0,2-Car,Non-incapacitating,UNSAFE SPEED,39.14802853,-86.531399
3,4,1200.0,3+ Cars,Non-incapacitating,DRIVER DISTRACTED - EXPLAIN IN NARRATIVE,39.14758719,-86.53272882
11,3,2300.0,2-Car,No injury/unknown,DRIVER DISTRACTED - EXPLAIN IN NARRATIVE,39.147552,-86.580704
1,5,1100.0,2-Car,No injury/unknown,LEFT OF CENTER,39.147513,-86.571688
6,7,1200.0,2-Car,No injury/unknown,SPEED TOO FAST FOR WEATHER CONDITIONS,39.147504,-86.508256
11,7,1500.0,2-Car,No injury/unknown,SPEED TOO FAST FOR WEATHER CONDITIONS,39.147504,-86.508256
4,6,1200.0,2-Car,No injury/unknown,FOLLOWING TOO CLOSELY,39.14747999,-86.53269802
3,6,800.0,2-Car,No injury/unknown,FAILURE TO YIELD RIGHT OF WAY,39.147152,-86.526896
9,4,1400.0,2-Car,Non-incapacitating,OTHER (DRIVER) - EXPLAIN IN NARRATIVE,39.147152,-86.526896
12,2,600.0,3+ Cars,No injury/unknown,FAILURE TO YIELD RIGHT OF WAY,39.147152,-86.526896
11,2,1800.0,2-Car,Non-incapacitating,OTHER (DRIVER) - EXPLAIN IN NARRATIVE,39.147152,-86.526896
2,2,1200.0,2-Car,No injury/unknown,UNSAFE BACKING,39.1470693,-86.52914159
1,7,100.0,2-Car,No injury/unknown,IMPROPER TURNING,39.147048,-86.52972
11,6,900.0,2-Car,No injury/unknown,FAILURE TO YIELD RIGHT OF WAY,39.146976,-86.516192
11,5,1000.0,2-Car,No injury/unknown,FAILURE TO YIELD RIGHT OF WAY,39.14696,-86.514992
11,6,1800.0,1-Car,Non-incapacitating,OTHER (VEHICLE) - EXPLAIN IN NARRATIVE,39.14695235,-86.53231717
4,5,1900.0,2-Car,Incapacitating,LEFT OF CENTER,39.146944,-86.532544
5,4,600.0,1-Car,No injury/unknown,DRIVER ILLNESS,39.146944,-86.532544
7,3,0.0,2-Car,No injury/unknown,OTHER (DRIVER) - EXPLAIN IN NARRATIVE,39.146944,-86.5712
8,3,1700.0,2-Car,No injury/unknown,FAILURE TO YIELD RIGHT OF WAY,39.146944,-86.532544
8,6,2200.0,2-Car,Non-incapacitating,DRIVER DISTRACTED - EXPLAIN IN NARRATIVE,39.146944,-86.532544
11,3,1300.0,2-Car,No injury/unknown,FAILURE TO YIELD RIGHT OF WAY,39.146944,-86.532544
11,7,1800.0,2-Car,No injury/unknown,OTHER (DRIVER) - EXPLAIN IN NARRATIVE,39.146944,-86.532544
12,5,2100.0,2-Car,No injury/unknown,ALCOHOLIC BEVERAGES,39.146944,-86.532544
11,2,2000.0,2-Car,Non-incapacitating,FAILURE TO YIELD RIGHT OF WAY,39.146944,-86.532544
12,4,1300.0,2-Car,No injury/unknown,UNSAFE BACKING,39.146944,-86.532544
3,4,1400.0,2-Car,No injury/unknown,FAILURE TO YIELD RIGHT OF WAY,39.14637478,-86.57702723
3,2,700.0,2-Car,No injury/unknown,DRIVER DISTRACTED - EXPLAIN IN NARRATIVE,39.1463657,-86.53879589
1,2,1700.0,2-Car,No injury/unknown,FAILURE TO YIELD RIGHT OF WAY,39.14623814,-86.57288679
12,6,1000.0,2-Car,No injury/unknown,ROADWAY SURFACE CONDITION,39.146201,-86.577801
12,6,1000.0,2-Car,No injury/unknown,ROADWAY SURFACE CONDITION,39.146201,-86.577801
11,6,1800.0,2-Car,No injury/unknown,FAILURE TO YIELD RIGHT OF WAY,39.14595998,-86.57747107
10,7,1400.0,2-Car,No injury/unknown,IMPROPER TURNING,39.14587415,-86.53222382
2,7,500.0,1-Car,No injury/unknown,LEFT OF CENTER,39.14587002,-86.49752248
8,3,2200.0,1-Car,No injury/unknown,SPEED TOO FAST FOR WEATHER CONDITIONS,39.14587002,-86.49752248
6,5,1700.0,3+ Cars,No injury/unknown,FOLLOWING TOO CLOSELY,39.14563923,-86.57674248
4,4,1700.0,2-Car,Non-incapacitating,FOLLOWING TOO CLOSELY,39.14548633,-86.582599
4,6,1200.0,2-Car,No injury/unknown,DRIVER DISTRACTED - EXPLAIN IN NARRATIVE,39.145264,-86.577616
1,6,1600.0,2-Car,No injury/unknown,UNSAFE BACKING,39.145264,-86.577616
4,5,1300.0,2-Car,No injury/unknown,FAILURE TO YIELD RIGHT OF WAY,39.145264,-86.577616
5,4,1100.0,2-Car,Non-incapacitating,LEFT OF CENTER,39.145264,-86.577616
5,6,1600.0,2-Car,No injury/unknown,FOLLOWING TOO CLOSELY,39.145264,-86.577616
12,5,1200.0,2-Car,Non-incapacitating,FAILURE TO YIELD RIGHT OF WAY,39.145264,-86.577616
8,1,1600.0,2-Car,No injury/unknown,OTHER (DRIVER) - EXPLAIN IN NARRATIVE,39.145264,-86.577616
10,7,1500.0,2-Car,No injury/unknown,OTHER (DRIVER) - EXPLAIN IN NARRATIVE,39.145264,-86.577616
11,6,900.0,2-Car,No injury/unknown,FOLLOWING TOO CLOSELY,39.145264,-86.577616
9,5,1600.0,2-Car,No injury/unknown,DRIVER DISTRACTED - EXPLAIN IN NARRATIVE,39.145264,-86.577616
11,7,1100.0,2-Car,No injury/unknown,,39.145264,-86.577616
1,7,1100.0,2-Car,No injury/unknown,OTHER (DRIVER) - EXPLAIN IN NARRATIVE,39.145199,-86.568553
2,3,2200.0,2-Car,Non-incapacitating,FAILURE TO YIELD RIGHT OF WAY,39.145152,-86.5776
9,3,900.0,2-Car,No injury/unknown,FAILURE TO YIELD RIGHT OF WAY,39.145152,-86.5776
8,6,800.0,2-Car,No injury/unknown,FAILURE TO YIELD RIGHT OF WAY,39.145152,-86.5776
11,5,1800.0,2-Car,Non-incapacitating,DISREGARD SIGNAL/REG SIGN,39.145152,-86.5776
11,2,1700.0,3+ Cars,Incapacitating,OTHER (DRIVER) - EXPLAIN IN NARRATIVE,39.145152,-86.5776
2,2,900.0,2-Car,Non-incapacitating,UNSAFE SPEED,39.14513,-86.571262
9,5,2200.0,2-Car,Non-incapacitating,FAILURE TO YIELD RIGHT OF WAY,39.14510548,-86.57756234
11,4,1700.0,2-Car,No injury/unknown,OTHER (DRIVER) - EXPLAIN IN NARRATIVE,39.1451047,-86.57768707
5,5,1700.0,2-Car,No injury/unknown,FOLLOWING TOO CLOSELY,39.14503376,-86.57781768
5,6,500.0,1-Car,No injury/unknown,ANIMAL/OBJECT IN ROADWAY,39.14486799,-86.534896
1,3,900.0,2-Car,No injury/unknown,FAILURE TO YIELD RIGHT OF WAY,39.144848,-86.526848
3,5,1400.0,2-Car,No injury/unknown,FAILURE TO YIELD RIGHT OF WAY,39.14483758,-86.52720226
4,6,800.0,2-Car,No injury/unknown,FOLLOWING TOO CLOSELY,39.14483758,-86.52720226
2,3,1400.0,2-Car,No injury/unknown,IMPROPER TURNING,39.14478739,-86.5296223
11,2,1300.0,2-Car,No injury/unknown,DISREGARD SIGNAL/REG SIGN,39.144752,-86.531888
8,4,900.0,2-Car,No injury/unknown,FAILURE TO YIELD RIGHT OF WAY,39.14449032,-86.51736418
12,6,2200.0,2-Car,No injury/unknown,ROADWAY SURFACE CONDITION,39.14443908,-86.546095
2,7,1100.0,3+ Cars,No injury/unknown,UNSAFE SPEED,39.144243,-86.525585
2,6,1800.0,1-Car,No injury/unknown,ANIMAL/OBJECT IN ROADWAY,39.14424,-86.508208
7,3,2300.0,1-Car,No injury/unknown,OTHER (DRIVER) - EXPLAIN IN NARRATIVE,39.14424,-86.508208
1,3,1600.0,1-Car,Incapacitating,SPEED TOO FAST FOR WEATHER CONDITIONS,39.14387454,-86.57995169
10,6,1500.0,1-Car,Non-incapacitating,CELL PHONE USAGE,39.143552,-86.580528
3,6,1700.0,2-Car,No injury/unknown,FAILURE TO YIELD RIGHT OF WAY,39.143552,-86.580528
3,5,1800.0,2-Car,No injury/unknown,FAILURE TO YIELD RIGHT OF WAY,39.143552,-86.580528
8,6,1600.0,3+ Cars,Non-incapacitating,FAILURE TO YIELD RIGHT OF WAY,39.143552,-86.580528
7,5,1200.0,2-Car,Non-incapacitating,FAILURE TO YIELD RIGHT OF WAY,39.14345012,-86.5791
5,5,200.0,1-Car,Non-incapacitating,ANIMAL/OBJECT IN ROADWAY,39.14269034,-86.56205057
2,3,700.0,2-Car,No injury/unknown,OTHER (DRIVER) - EXPLAIN IN NARRATIVE,39.142555,-86.531238
1,4,1400.0,2-Car,No injury/unknown,UNSAFE BACKING,39.142555,-86.531238
6,4,700.0,2-Car,No injury/unknown,UNSAFE BACKING,39.142555,-86.531238
4,5,1400.0,2-Car,No injury/unknown,FAILURE TO YIELD RIGHT OF WAY,39.142555,-86.531238
10,7,1100.0,2-Car,Fatal,DISREGARD SIGNAL/REG SIGN,39.142368,-86.480399
2,3,1400.0,2-Car,No injury/unknown,LEFT OF CENTER,39.142217,-86.531138
6,4,1700.0,3+ Cars,No injury/unknown,FOLLOWING TOO CLOSELY,39.14218528,-86.582592
3,6,1800.0,1-Car,No injury/unknown,ALCOHOLIC BEVERAGES,39.142101,-86.525495
10,2,800.0,2-Car,No injury/unknown,GLARE,39.142048,-86.582592
3,7,900.0,2-Car,No injury/unknown,LEFT OF CENTER,39.142048,-86.582592
3,6,1600.0,2-Car,No injury/unknown,FOLLOWING TOO CLOSELY,39.142048,-86.582592
3,4,1300.0,3+ Cars,Non-incapacitating,DISREGARD SIGNAL/REG SIGN,39.142048,-86.582592
5,2,1000.0,2-Car,Non-incapacitating,FAILURE TO YIELD RIGHT OF WAY,39.142048,-86.582592
7,4,700.0,2-Car,No injury/unknown,IMPROPER LANE USAGE,39.142048,-86.582592
6,3,200.0,1-Car,No injury/unknown,RAN OFF ROAD RIGHT,39.142048,-86.582592
5,7,1500.0,2-Car,Non-incapacitating,FAILURE TO YIELD RIGHT OF WAY,39.142048,-86.582592
8,2,1600.0,2-Car,Non-incapacitating,FAILURE TO YIELD RIGHT OF WAY,39.142048,-86.582592
11,3,1200.0,2-Car,Non-incapacitating,FAILURE TO YIELD RIGHT OF WAY,39.142048,-86.582592
10,7,1200.0,2-Car,Non-incapacitating,OTHER (DRIVER) - EXPLAIN IN NARRATIVE,39.142048,-86.531088
9,3,800.0,3+ Cars,Non-incapacitating,FAILURE TO YIELD RIGHT OF WAY,39.142048,-86.582592
12,6,500.0,2-Car,No injury/unknown,IMPROPER TURNING,39.142048,-86.582592
11,4,1700.0,2-Car,Non-incapacitating,OTHER (DRIVER) - EXPLAIN IN NARRATIVE,39.142048,-86.582592
7,5,1700.0,2-Car,Non-incapacitating,FAILURE TO YIELD RIGHT OF WAY,39.142048,-86.582592
12,2,1800.0,2-Car,No injury/unknown,ALCOHOLIC BEVERAGES,39.142048,-86.582592
6,7,1700.0,2-Car,No injury/unknown,FAILURE TO YIELD RIGHT OF WAY,39.14191073,-86.58259071
9,5,1700.0,2-Car,Non-incapacitating,FOLLOWING TOO CLOSELY,39.14178131,-86.53100378
10,6,1500.0,2-Car,No injury/unknown,FAILURE TO YIELD RIGHT OF WAY,39.14177345,-86.58258941
7,6,1200.0,2-Car,No injury/unknown,OTHER (DRIVER) - EXPLAIN IN NARRATIVE,39.14167866,-86.58353842
5,3,200.0,1-Car,Non-incapacitating,DRIVER DISTRACTED - EXPLAIN IN NARRATIVE,39.141648,-86.6428
6,4,1400.0,2-Car,Non-incapacitating,DISREGARD SIGNAL/REG SIGN,39.141328,-86.538528
10,3,1700.0,3+ Cars,Non-incapacitating,FOLLOWING TOO CLOSELY,39.141328,-86.538528
9,4,1700.0,2-Car,Non-incapacitating,FAILURE TO YIELD RIGHT OF WAY,39.141328,-86.538528
11,1,1500.0,3+ Cars,No injury/unknown,FOLLOWING TOO CLOSELY,39.14122415,-86.58486876
5,7,900.0,2-Car,No injury/unknown,FAILURE TO YIELD RIGHT OF WAY,39.140352,-86.582576
7,7,1400.0,2-Car,No injury/unknown,FOLLOWING TOO CLOSELY,39.13998419,-86.531399
3,1,2000.0,2-Car,No injury/unknown,UNSAFE BACKING,39.13986339,-86.54075056
6,4,0.0,1-Car,No injury/unknown,DRIVER DISTRACTED - EXPLAIN IN NARRATIVE,39.13978,-86.3996086
2,7,1500.0,2-Car,No injury/unknown,FAILURE TO YIELD RIGHT OF WAY,39.13973912,-86.497701
3,1,2300.0,2-Car,No injury/unknown,,39.139584,-86.526768
2,3,800.0,2-Car,No injury/unknown,UNSAFE BACKING,39.13955495,-86.52709261
3,7,1300.0,2-Car,No injury/unknown,FAILURE TO YIELD RIGHT OF WAY,39.13948038,-86.51762373
11,6,2300.0,1-Car,No injury/unknown,ALCOHOLIC BEVERAGES,39.13927948,-86.52401103
11,3,1300.0,2-Car,No injury/unknown,IMPROPER LANE USAGE,39.138688,-86.465968
7,5,1300.0,1-Car,No injury/unknown,OTHER (DRIVER) - EXPLAIN IN NARRATIVE,39.138592,-86.544656
10,2,1300.0,1-Car,Non-incapacitating,NONE (DRIVER),39.13822064,-86.59637603
12,6,900.0,2-Car,No injury/unknown,LEFT OF CENTER,39.13817397,-86.53826608
6,2,1100.0,2-Car,No injury/unknown,,39.1381623,-86.57913641
5,3,1700.0,2-Car,No injury/unknown,FOLLOWING TOO CLOSELY,39.13814424,-86.4965
8,6,1200.0,1-Car,Non-incapacitating,DRIVER ILLNESS,39.137952,-86.499488
10,2,1800.0,2-Car,No injury/unknown,FOLLOWING TOO CLOSELY,39.13786362,-86.57290617
11,4,1500.0,3+ Cars,No injury/unknown,DRIVER DISTRACTED - EXPLAIN IN NARRATIVE,39.1377912,-86.52677836
6,4,1000.0,2-Car,No injury/unknown,IMPROPER TURNING,39.137744,-86.530288
9,6,1700.0,2-Car,No injury/unknown,FAILURE TO YIELD RIGHT OF WAY,39.137744,-86.530288
12,3,1100.0,2-Car,No injury/unknown,OTHER (DRIVER) - EXPLAIN IN NARRATIVE,39.137744,-86.530288
7,2,1400.0,2-Car,No injury/unknown,DRIVER DISTRACTED - EXPLAIN IN NARRATIVE,39.13770114,-86.485997
9,4,600.0,1-Car,No injury/unknown,DRIVER DISTRACTED - EXPLAIN IN NARRATIVE,39.137424,-86.529968
5,6,1300.0,2-Car,Non-incapacitating,UNSAFE BACKING,39.13736,-86.529904
5,3,1400.0,2-Car,Non-incapacitating,FAILURE TO YIELD RIGHT OF WAY,39.13736,-86.529904
7,4,1900.0,2-Car,No injury/unknown,,39.13736,-86.529904
5,7,1100.0,2-Car,No injury/unknown,UNSAFE BACKING,39.13736,-86.529904
9,7,1300.0,3+ Cars,No injury/unknown,OTHER (DRIVER) - EXPLAIN IN NARRATIVE,39.13736,-86.529904
12,5,1200.0,2-Car,No injury/unknown,OTHER (DRIVER) - EXPLAIN IN NARRATIVE,39.13736,-86.529904
12,4,700.0,2-Car,No injury/unknown,OTHER (DRIVER) - EXPLAIN IN NARRATIVE,39.137312,-86.505888
6,2,1100.0,2-Car,Non-incapacitating,DRIVER DISTRACTED - EXPLAIN IN NARRATIVE,39.1373,-86.582599
5,5,800.0,1-Car,No injury/unknown,NONE (DRIVER),39.137248,-86.538192
10,3,1700.0,2-Car,Non-incapacitating,SPEED TOO FAST FOR WEATHER CONDITIONS,39.13717727,-86.5728977
12,6,900.0,2-Car,No injury/unknown,FAILURE TO YIELD RIGHT OF WAY,39.13704001,-86.57679505
5,7,1200.0,3+ Cars,No injury/unknown,FOLLOWING TOO CLOSELY,39.13704,-86.58180305
4,6,1700.0,2-Car,No injury/unknown,BRAKE FAILURE OR DEFECTIVE,39.13704,-86.572896
6,3,900.0,2-Car,Non-incapacitating,OTHER (DRIVER) - EXPLAIN IN NARRATIVE,39.13704,-86.572896
7,6,1500.0,2-Car,No injury/unknown,FOLLOWING TOO CLOSELY,39.13704,-86.572896
2,6,900.0,2-Car,No injury/unknown,DRIVER DISTRACTED - EXPLAIN IN NARRATIVE,39.13704,-86.572896
3,6,0.0,2-Car,No injury/unknown,FOLLOWING TOO CLOSELY,39.13704,-86.572896
4,4,1300.0,2-Car,Non-incapacitating,FOLLOWING TOO CLOSELY,39.13704,-86.582512
7,6,1300.0,2-Car,Non-incapacitating,FAILURE TO YIELD RIGHT OF WAY,39.13704,-86.582512
7,4,1600.0,Moped/Motorcycle,Non-incapacitating,DISREGARD SIGNAL/REG SIGN,39.13704,-86.572896
12,3,1100.0,2-Car,Non-incapacitating,FAILURE TO YIELD RIGHT OF WAY,39.13704,-86.572896
3,4,800.0,3+ Cars,Non-incapacitating,DISREGARD SIGNAL/REG SIGN,39.13704,-86.572896
4,6,2000.0,2-Car,No injury/unknown,DISREGARD SIGNAL/REG SIGN,39.13704,-86.572896
7,1,1500.0,3+ Cars,Non-incapacitating,DISREGARD SIGNAL/REG SIGN,39.13704,-86.572896
7,6,1300.0,2-Car,No injury/unknown,SPEED TOO FAST FOR WEATHER CONDITIONS,39.13704,-86.572896
10,2,1800.0,2-Car,No injury/unknown,FAILURE TO YIELD RIGHT OF WAY,39.13704,-86.572896
3,7,1000.0,1-Car,No injury/unknown,NONE (DRIVER),39.1370022,-86.5935337
1,6,1500.0,2-Car,Non-incapacitating,BRAKE FAILURE OR DEFECTIVE,39.13699774,-86.57183422
4,5,,2-Car,No injury/unknown,OTHER (DRIVER) - EXPLAIN IN NARRATIVE,39.13697335,-86.513899
7,5,900.0,1-Car,No injury/unknown,OTHER (DRIVER) - EXPLAIN IN NARRATIVE,39.13687656,-86.61196378
3,7,1700.0,1-Car,Non-incapacitating,UNSAFE SPEED,39.13686107,-86.60582357
12,1,1200.0,1-Car,Non-incapacitating,OTHER (DRIVER) - EXPLAIN IN NARRATIVE,39.13684802,-86.60777238
8,4,2200.0,Moped/Motorcycle,Non-incapacitating,ANIMAL/OBJECT IN ROADWAY,39.13684801,-86.60653171
10,7,2000.0,1-Car,Non-incapacitating,PRESCRIPTION DRUGS,39.136848,-86.593792
8,3,800.0,2-Car,Non-incapacitating,FAILURE TO YIELD RIGHT OF WAY,39.136848,-86.606
1,4,900.0,1-Car,Non-incapacitating,PASSENGER DISTRACTION,39.136848,-86.5964
10,6,600.0,2-Car,No injury/unknown,OTHER (DRIVER) - EXPLAIN IN NARRATIVE,39.136848,-86.593792
12,5,1300.0,2-Car,Non-incapacitating,OTHER (DRIVER) - EXPLAIN IN NARRATIVE,39.136848,-86.593792
11,1,1900.0,2-Car,Non-incapacitating,DISREGARD SIGNAL/REG SIGN,39.136848,-86.593792
8,4,2000.0,2-Car,Non-incapacitating,UNSAFE SPEED,39.136848,-86.593792