Month,Day,Hour,Collision Type,Injury Type,Primary Factor,Latitude,Longitude
1,2,1600.0,2-Car,No injury/unknown,FAILURE TO YIELD RIGHT OF WAY,39.13679518,-86.52933918
9,3,700.0,2-Car,No injury/unknown,OTHER (DRIVER) - EXPLAIN IN NARRATIVE,39.13676545,-86.572896
11,3,600.0,2-Car,No injury/unknown,FOLLOWING TOO CLOSELY,39.13676545,-86.572896
2,6,1500.0,2-Car,Non-incapacitating,FOLLOWING TOO CLOSELY,39.13675646,-86.59392408
9,4,1600.0,2-Car,No injury/unknown,OTHER (DRIVER) - EXPLAIN IN NARRATIVE,39.1367,-86.570949
3,4,700.0,2-Car,No injury/unknown,SPEED TOO FAST FOR WEATHER CONDITIONS,39.13666492,-86.59405616
7,1,1200.0,2-Car,No injury/unknown,FAILURE TO YIELD RIGHT OF WAY,39.13664,-86.508096
1,5,1200.0,2-Car,No injury/unknown,FOLLOWING TOO CLOSELY,39.13664,-86.508096
5,6,2200.0,1-Car,No injury/unknown,UNSAFE SPEED,39.13664,-86.508096
5,1,1300.0,2-Car,No injury/unknown,OTHER (DRIVER) - EXPLAIN IN NARRATIVE,39.13664,-86.508096
7,3,1400.0,3+ Cars,No injury/unknown,UNSAFE BACKING,39.13664,-86.5064
11,2,1400.0,2-Car,Non-incapacitating,SPEED TOO FAST FOR WEATHER CONDITIONS,39.13664,-86.508096
7,6,1700.0,3+ Cars,Non-incapacitating,FOLLOWING TOO CLOSELY,39.136628,-86.53814104
5,6,500.0,1-Car,No injury/unknown,RAN OFF ROAD RIGHT,39.13654711,-86.5627235
7,5,1800.0,2-Car,No injury/unknown,OTHER (DRIVER) - EXPLAIN IN NARRATIVE,39.13653961,-86.56024622
12,4,1400.0,2-Car,No injury/unknown,ROADWAY SURFACE CONDITION,39.13653961,-86.56024622
1,2,2100.0,2-Car,Non-incapacitating,UNSAFE SPEED,39.136512,-86.562016
5,2,700.0,3+ Cars,Non-incapacitating,FOLLOWING TOO CLOSELY,39.136512,-86.562016
8,3,1700.0,2-Car,No injury/unknown,FOLLOWING TOO CLOSELY,39.136512,-86.562016
10,5,1100.0,2-Car,Non-incapacitating,FOLLOWING TOO CLOSELY,39.136512,-86.562016
7,2,1600.0,3+ Cars,No injury/unknown,DRIVER DISTRACTED - EXPLAIN IN NARRATIVE,39.13649089,-86.572896
6,2,1500.0,2-Car,Non-incapacitating,FAILURE TO YIELD RIGHT OF WAY,39.13646959,-86.52901359
7,6,1100.0,3+ Cars,No injury/unknown,IMPROPER LANE USAGE,39.13646959,-86.52901359
1,3,1500.0,2-Car,No injury/unknown,OTHER (DRIVER) - EXPLAIN IN NARRATIVE,39.136448,-86.548704
6,6,2000.0,2-Car,Non-incapacitating,OTHER (DRIVER) - EXPLAIN IN NARRATIVE,39.136448,-86.548704
8,3,1600.0,2-Car,No injury/unknown,FAILURE TO YIELD RIGHT OF WAY,39.136448,-86.548704
10,2,1500.0,2-Car,No injury/unknown,OTHER (DRIVER) - EXPLAIN IN NARRATIVE,39.136448,-86.548704
11,5,1700.0,2-Car,No injury/unknown,FOLLOWING TOO CLOSELY,39.136448,-86.548704
12,5,0.0,1-Car,Non-incapacitating,ALCOHOLIC BEVERAGES,39.13643586,-86.55189415
12,2,1100.0,2-Car,No injury/unknown,OTHER (DRIVER) - EXPLAIN IN NARRATIVE,39.13641362,-86.50834833
11,5,2000.0,2-Car,No injury/unknown,SPEED TOO FAST FOR WEATHER CONDITIONS,39.13641362,-86.50837428
1,2,900.0,2-Car,Non-incapacitating,FAILURE TO YIELD RIGHT OF WAY,39.136404,-86.551599
4,3,1700.0,2-Car,No injury/unknown,DRIVER DISTRACTED - EXPLAIN IN NARRATIVE,39.136404,-86.55168555
11,7,1500.0,3+ Cars,No injury/unknown,OTHER (DRIVER) - EXPLAIN IN NARRATIVE,39.136404,-86.551599
9,5,700.0,2-Car,Non-incapacitating,OTHER (DRIVER) - EXPLAIN IN NARRATIVE,39.136404,-86.551599
10,6,1200.0,2-Car,No injury/unknown,FOLLOWING TOO CLOSELY,39.136404,-86.5515964
11,3,600.0,1-Car,Non-incapacitating,RAN OFF ROAD RIGHT,39.136404,-86.55160333
10,2,1700.0,2-Car,No injury/unknown,FAILURE TO YIELD RIGHT OF WAY,39.13634988,-86.5267951
12,5,1600.0,2-Car,No injury/unknown,LEFT OF CENTER,39.13629248,-86.54423784
4,5,1600.0,2-Car,No injury/unknown,FAILURE TO YIELD RIGHT OF WAY,39.1362538,-86.52679739
5,7,1900.0,2-Car,No injury/unknown,PRESCRIPTION DRUGS,39.13617399,-86.54059715
1,2,700.0,1-Car,Non-incapacitating,DRIVER ILLNESS,39.136144,-86.524496
1,7,2100.0,2-Car,No injury/unknown,FAILURE TO YIELD RIGHT OF WAY,39.136144,-86.528688
1,5,1400.0,1-Car,No injury/unknown,RAN OFF ROAD RIGHT,39.136144,-86.528688
1,3,1800.0,2-Car,No injury/unknown,FOLLOWING TOO CLOSELY,39.136144,-86.5268
4,2,1200.0,2-Car,Non-incapacitating,DISREGARD SIGNAL/REG SIGN,39.136144,-86.5268
6,2,1200.0,2-Car,No injury/unknown,UNSAFE BACKING,39.136144,-86.52431448
2,7,1300.0,2-Car,No injury/unknown,FAILURE TO YIELD RIGHT OF WAY,39.136144,-86.528688
3,7,1400.0,2-Car,No injury/unknown,FOLLOWING TOO CLOSELY,39.136144,-86.582496
3,3,800.0,2-Car,No injury/unknown,FOLLOWING TOO CLOSELY,39.136144,-86.5268
4,3,1700.0,2-Car,No injury/unknown,FAILURE TO YIELD RIGHT OF WAY,39.136144,-86.528688
7,6,1300.0,Moped/Motorcycle,Non-incapacitating,,39.136144,-86.528688
6,6,1200.0,2-Car,Non-incapacitating,DISREGARD SIGNAL/REG SIGN,39.136144,-86.528688
7,4,1500.0,2-Car,No injury/unknown,FOLLOWING TOO CLOSELY,39.136144,-86.52861711
6,2,1800.0,2-Car,No injury/unknown,FOLLOWING TOO CLOSELY,39.136144,-86.528688
8,6,1200.0,2-Car,No injury/unknown,FOLLOWING TOO CLOSELY,39.136144,-86.528688
11,4,1700.0,1-Car,No injury/unknown,SPEED TOO FAST FOR WEATHER CONDITIONS,39.136144,-86.50811372
10,2,1700.0,2-Car,Non-incapacitating,VIEW OBSTRUCTED,39.136144,-86.528688
10,7,1300.0,2-Car,No injury/unknown,FAILURE TO YIELD RIGHT OF WAY,39.136144,-86.582496
10,4,1900.0,2-Car,Non-incapacitating,LEFT OF CENTER,39.136144,-86.528688
9,6,800.0,2-Car,No injury/unknown,FAILURE TO YIELD RIGHT OF WAY,39.136144,-86.528688
9,6,800.0,2-Car,No injury/unknown,OTHER (DRIVER) - EXPLAIN IN NARRATIVE,39.136144,-86.528688
10,2,800.0,2-Car,Non-incapacitating,OTHER (DRIVER) - EXPLAIN IN NARRATIVE,39.136144,-86.528688
10,6,1000.0,2-Car,No injury/unknown,FAILURE TO YIELD RIGHT OF WAY,39.136144,-86.528688
5,4,1400.0,2-Car,No injury/unknown,FAILURE TO YIELD RIGHT OF WAY,39.13614157,-86.52833357
8,5,1500.0,2-Car,No injury/unknown,OTHER (VEHICLE) - EXPLAIN IN NARRATIVE,39.13614157,-86.52833357
12,5,1600.0,2-Car,No injury/unknown,ROADWAY SURFACE CONDITION,39.1361378,-86.5281564
5,7,1200.0,2-Car,No injury/unknown,OTHER (DRIVER) - EXPLAIN IN NARRATIVE,39.13613404,-86.52875772
5,5,1700.0,2-Car,Non-incapacitating,IMPROPER LANE USAGE,39.13613403,-86.52797923
8,5,1100.0,2-Car,No injury/unknown,FAILURE TO YIELD RIGHT OF WAY,39.13612272,-86.52744773
12,4,2000.0,2-Car,Non-incapacitating,FAILURE TO YIELD RIGHT OF WAY,39.13611258,-86.52697142
2,2,700.0,2-Car,No injury/unknown,FOLLOWING TOO CLOSELY,39.136096,-86.516
4,3,1200.0,2-Car,No injury/unknown,OTHER (DRIVER) - EXPLAIN IN NARRATIVE,39.136096,-86.516
9,4,700.0,2-Car,No injury/unknown,DISREGARD SIGNAL/REG SIGN,39.13608,-86.538096
12,7,1100.0,2-Car,No injury/unknown,UNSAFE BACKING,39.13608,-86.529792
2,2,1400.0,2-Car,No injury/unknown,SPEED TOO FAST FOR WEATHER CONDITIONS,39.13607085,-86.51920433
10,7,900.0,1-Car,No injury/unknown,SPEED TOO FAST FOR WEATHER CONDITIONS,39.13605957,-86.48048849
1,6,1200.0,3+ Cars,Non-incapacitating,OTHER (DRIVER) - EXPLAIN IN NARRATIVE,39.136048,-86.518496
4,4,,2-Car,No injury/unknown,FOLLOWING TOO CLOSELY,39.136048,-86.536992
5,5,1300.0,2-Car,No injury/unknown,DISREGARD SIGNAL/REG SIGN,39.136048,-86.530896
12,6,1200.0,2-Car,No injury/unknown,FAILURE TO YIELD RIGHT OF WAY,39.136048,-86.536992
11,2,900.0,2-Car,No injury/unknown,FOLLOWING TOO CLOSELY,39.136048,-86.518496
7,4,500.0,2-Car,No injury/unknown,FOLLOWING TOO CLOSELY,39.13603941,-86.53681511
10,4,700.0,3+ Cars,Non-incapacitating,DRIVER ASLEEP OR FATIGUED,39.13603512,-86.53672667
1,4,2000.0,2-Car,No injury/unknown,FAILURE TO YIELD RIGHT OF WAY,39.136008,-86.518496
5,3,1700.0,3+ Cars,No injury/unknown,IMPROPER TURNING,39.136002,-86.539399
5,3,1500.0,3+ Cars,Non-incapacitating,FOLLOWING TOO CLOSELY,39.136,-86.525322
1,2,700.0,2-Car,No injury/unknown,SPEED TOO FAST FOR WEATHER CONDITIONS,39.135999,-86.531
11,5,1700.0,2-Car,No injury/unknown,FAILURE TO YIELD RIGHT OF WAY,39.135999,-86.531
5,5,1400.0,2-Car,Non-incapacitating,FOLLOWING TOO CLOSELY,39.1359326,-86.59511279
2,6,1600.0,2-Car,No injury/unknown,FOLLOWING TOO CLOSELY,39.1359,-86.53107204
4,4,1200.0,2-Car,Non-incapacitating,OTHER (DRIVER) - EXPLAIN IN NARRATIVE,39.1359,-86.531098
5,5,1200.0,2-Car,No injury/unknown,FOLLOWING TOO CLOSELY,39.1359,-86.53108069
7,5,1700.0,2-Car,No injury/unknown,FAILURE TO YIELD RIGHT OF WAY,39.1359,-86.53108069
8,3,2200.0,2-Car,Fatal,LEFT OF CENTER,39.1359,-86.53105473
10,3,1400.0,3+ Cars,Non-incapacitating,UNSAFE SPEED,39.1359,-86.531098
9,4,2100.0,2-Car,No injury/unknown,FOLLOWING TOO CLOSELY,39.1359,-86.53109151
5,3,1600.0,2-Car,No injury/unknown,DRIVER DISTRACTED - EXPLAIN IN NARRATIVE,39.135888,-86.498304
4,2,1700.0,2-Car,No injury/unknown,FAILURE TO YIELD RIGHT OF WAY,39.13586965,-86.52678628
8,6,1700.0,1-Car,No injury/unknown,RAN OFF ROAD RIGHT,39.13584,-86.480496
9,7,700.0,1-Car,No injury/unknown,OTHER (ENVIRONMENTAL) - EXPLAIN IN NARR,39.13584,-86.480496
5,2,2000.0,2-Car,No injury/unknown,FAILURE TO YIELD RIGHT OF WAY,39.13584,-86.496288
1,5,2300.0,1-Car,No injury/unknown,OTHER (ENVIRONMENTAL) - EXPLAIN IN NARR,39.13584,-86.496288
3,5,1400.0,2-Car,No injury/unknown,OTHER (DRIVER) - EXPLAIN IN NARRATIVE,39.13584,-86.496288
3,3,2200.0,2-Car,No injury/unknown,FAILURE TO YIELD RIGHT OF WAY,39.13584,-86.496288
6,5,2100.0,2-Car,No injury/unknown,FAILURE TO YIELD RIGHT OF WAY,39.13584,-86.496288
5,2,1700.0,2-Car,No injury/unknown,FAILURE TO YIELD RIGHT OF WAY,39.13584,-86.496288
9,7,1600.0,2-Car,Non-incapacitating,FAILURE TO YIELD RIGHT OF WAY,39.13584,-86.496288
11,5,2300.0,2-Car,Non-incapacitating,OTHER (DRIVER) - EXPLAIN IN NARRATIVE,39.13584,-86.496288
11,3,1900.0,2-Car,No injury/unknown,FAILURE TO YIELD RIGHT OF WAY,39.13584,-86.496288
11,2,900.0,1-Car,No injury/unknown,ROADWAY SURFACE CONDITION,39.13584,-86.480496
7,5,1600.0,2-Car,No injury/unknown,UNSAFE SPEED,39.13584,-86.480496
10,3,1700.0,2-Car,Non-incapacitating,LEFT OF CENTER,39.13583872,-86.48067323
9,2,1900.0,2-Car,Non-incapacitating,FOLLOWING TOO CLOSELY,39.13579711,-86.582496
7,6,1700.0,2-Car,No injury/unknown,FAILURE TO YIELD RIGHT OF WAY,39.13578679,-86.5284234
1,6,2100.0,1-Car,Non-incapacitating,OTHER (DRIVER) - EXPLAIN IN NARRATIVE,39.13576,-86.489488
10,1,0.0,2-Car,No injury/unknown,NONE (DRIVER),39.13576,-86.489488
4,5,1200.0,2-Car,No injury/unknown,UNSAFE BACKING,39.135696,-86.505936
11,5,700.0,3+ Cars,No injury/unknown,FOLLOWING TOO CLOSELY,39.13566723,-86.572896
10,1,1100.0,1-Car,No injury/unknown,RAN OFF ROAD RIGHT,39.135648,-86.462248
4,6,2300.0,1-Car,No injury/unknown,ANIMAL/OBJECT IN ROADWAY,39.135648,-86.462248
2,4,2000.0,1-Car,No injury/unknown,ANIMAL/OBJECT IN ROADWAY,39.135648,-86.462
12,3,1600.0,2-Car,No injury/unknown,FAILURE TO YIELD RIGHT OF WAY,39.135648,-86.462248
12,5,1600.0,2-Car,No injury/unknown,SPEED TOO FAST FOR WEATHER CONDITIONS,39.135648,-86.462
9,4,1900.0,1-Car,No injury/unknown,ANIMAL/OBJECT IN ROADWAY,39.135648,-86.462
2,7,1700.0,2-Car,No injury/unknown,FAILURE TO YIELD RIGHT OF WAY,39.135552,-86.575792
7,7,1700.0,2-Car,No injury/unknown,FOLLOWING TOO CLOSELY,39.13530064,-86.49752248
5,2,1100.0,1-Car,No injury/unknown,BRAKE FAILURE OR DEFECTIVE,39.13514057,-86.58250286
11,1,1800.0,2-Car,No injury/unknown,UNSAFE BACKING,39.13514057,-86.58250286
5,7,1300.0,2-Car,Non-incapacitating,FOLLOWING TOO CLOSELY,39.13485545,-86.59645444
5,2,500.0,1-Car,No injury/unknown,ANIMAL/OBJECT IN ROADWAY,39.13477251,-86.533499
8,2,1400.0,2-Car,No injury/unknown,FAILURE TO YIELD RIGHT OF WAY,39.134752,-86.521792
1,5,700.0,2-Car,Non-incapacitating,TOW HITCH FAILURE,39.134352,-86.538192
11,4,700.0,2-Car,No injury/unknown,FOLLOWING TOO CLOSELY,39.13429447,-86.572896
7,1,400.0,2-Car,No injury/unknown,ALCOHOLIC BEVERAGES,39.13426555,-86.57592301
1,7,900.0,2-Car,No injury/unknown,OTHER (DRIVER) - EXPLAIN IN NARRATIVE,39.13393099,-86.525497
12,3,900.0,2-Car,No injury/unknown,UNSAFE BACKING,39.133424,-86.51984
7,4,1500.0,2-Car,No injury/unknown,FAILURE TO YIELD RIGHT OF WAY,39.13287507,-86.57913641
1,5,1200.0,2-Car,No injury/unknown,UNSAFE BACKING,39.13286502,-86.5479
8,6,2100.0,1-Car,Non-incapacitating,ALCOHOLIC BEVERAGES,39.13244804,-86.65099634
2,1,500.0,1-Car,No injury/unknown,RAN OFF ROAD RIGHT,39.13224,-86.544304
2,6,700.0,2-Car,No injury/unknown,FAILURE TO YIELD RIGHT OF WAY,39.132144,-86.5384
5,2,900.0,2-Car,No injury/unknown,UNSAFE BACKING,39.132064,-86.533008
10,2,600.0,1-Car,No injury/unknown,ANIMAL/OBJECT IN ROADWAY,39.13174021,-86.60080992
5,7,1100.0,2-Car,Non-incapacitating,OTHER (DRIVER) - EXPLAIN IN NARRATIVE,39.131648,-86.582496
10,4,1300.0,2-Car,Non-incapacitating,FAILURE TO YIELD RIGHT OF WAY,39.131648,-86.582496
10,3,1800.0,2-Car,Non-incapacitating,OTHER (DRIVER) - EXPLAIN IN NARRATIVE,39.131648,-86.582496
12,7,1300.0,2-Car,No injury/unknown,LEFT OF CENTER,39.1316,-86.447968
9,2,1800.0,2-Car,Non-incapacitating,FAILURE TO YIELD RIGHT OF WAY,39.1314134,-86.54161011
9,7,2000.0,2-Car,No injury/unknown,IMPROPER TURNING,39.131248,-86.538496
7,1,1100.0,1-Car,Non-incapacitating,RAN OFF ROAD RIGHT,39.131248,-86.508464
10,2,1800.0,2-Car,No injury/unknown,UNSAFE SPEED,39.13121217,-86.60153552
10,5,2000.0,2-Car,No injury/unknown,GLARE,39.13095357,-86.52633377
9,3,1500.0,2-Car,No injury/unknown,FAILURE TO YIELD RIGHT OF WAY,39.130944,-86.526688
12,4,1000.0,2-Car,No injury/unknown,ROADWAY SURFACE CONDITION,39.13092428,-86.51972127
8,3,1800.0,2-Car,Non-incapacitating,IMPROPER TURNING,39.130701,-86.501797
2,1,1700.0,2-Car,No injury/unknown,SPEED TOO FAST FOR WEATHER CONDITIONS,39.130701,-86.501797
4,7,1600.0,2-Car,No injury/unknown,FAILURE TO YIELD RIGHT OF WAY,39.130701,-86.501797
8,5,700.0,2-Car,No injury/unknown,DRIVER DISTRACTED - EXPLAIN IN NARRATIVE,39.13024347,-86.60297958
6,1,2100.0,2-Car,Non-incapacitating,IMPROPER PASSING,39.12984,-86.538496
7,3,1300.0,2-Car,Non-incapacitating,OTHER (DRIVER) - EXPLAIN IN NARRATIVE,39.12971339,-86.60379344
2,6,1600.0,2-Car,No injury/unknown,NONE (DRIVER),39.1295367,-86.60406472
1,7,1300.0,2-Car,No injury/unknown,OTHER (DRIVER) - EXPLAIN IN NARRATIVE,39.12941301,-86.60425462
5,3,1700.0,2-Car,No injury/unknown,DISREGARD SIGNAL/REG SIGN,39.12936,-86.604336
7,5,1400.0,2-Car,No injury/unknown,FAILURE TO YIELD RIGHT OF WAY,39.12936,-86.604336
3,5,1300.0,2-Car,No injury/unknown,LEFT OF CENTER,39.1289792,-86.6049229
5,7,1000.0,2-Car,No injury/unknown,UNSAFE BACKING,39.128848,-86.587328
5,5,1600.0,2-Car,No injury/unknown,ALCOHOLIC BEVERAGES,39.128824,-86.586896
12,7,2000.0,1-Car,Non-incapacitating,UNSAFE SPEED,39.128701,-86.441695
12,4,0.0,1-Car,No injury/unknown,RAN OFF ROAD RIGHT,39.12843247,-86.488199
3,6,1800.0,2-Car,No injury/unknown,OTHER (DRIVER) - EXPLAIN IN NARRATIVE,39.128304,-86.58704
6,1,2200.0,2-Car,No injury/unknown,BRAKE FAILURE OR DEFECTIVE,39.128304,-86.58704
2,5,2300.0,2-Car,No injury/unknown,,39.12820737,-86.52679655
2,6,900.0,2-Car,Incapacitating,OTHER (DRIVER) - EXPLAIN IN NARRATIVE,39.128,-86.606432
12,5,1900.0,2-Car,No injury/unknown,FAILURE TO YIELD RIGHT OF WAY,39.1279,-86.526795
11,3,1900.0,2-Car,No injury/unknown,LEFT OF CENTER,39.1274,-86.517935
6,7,1200.0,2-Car,No injury/unknown,IMPROPER TURNING,39.1273,-86.50750365
10,1,1700.0,1-Car,No injury/unknown,RAN OFF ROAD RIGHT,39.12711677,-86.60778864
7,3,800.0,2-Car,Non-incapacitating,LEFT OF CENTER,39.126976,-86.582464
11,2,1200.0,1-Car,No injury/unknown,ALCOHOLIC BEVERAGES,39.126976,-86.582464
7,1,400.0,1-Car,No injury/unknown,ALCOHOLIC BEVERAGES,39.126976,-86.582464
4,4,2000.0,2-Car,No injury/unknown,ALCOHOLIC BEVERAGES,39.1269,-86.531399
8,7,1700.0,2-Car,No injury/unknown,FAILURE TO YIELD RIGHT OF WAY,39.1269,-86.531399
5,5,500.0,1-Car,No injury/unknown,DRIVER ASLEEP OR FATIGUED,39.12664,-86.582512
5,7,2100.0,2-Car,Non-incapacitating,FAILURE TO YIELD RIGHT OF WAY,39.12664,-86.582512
1,7,1800.0,2-Car,No injury/unknown,LEFT OF CENTER,39.1266097,-86.57847157
2,6,1000.0,2-Car,No injury/unknown,UNSAFE BACKING,39.12660505,-86.5726527
5,7,1500.0,2-Car,No injury/unknown,UNSAFE BACKING,39.12660505,-86.5726527
4,6,1700.0,3+ Cars,No injury/unknown,OTHER (DRIVER) - EXPLAIN IN NARRATIVE,39.12660505,-86.5726527
7,3,1800.0,2-Car,No injury/unknown,FAILURE TO YIELD RIGHT OF WAY,39.12660505,-86.5726527
4,7,0.0,2-Car,No injury/unknown,UNSAFE BACKING,39.126499,-86.528698
4,5,1000.0,2-Car,No injury/unknown,UNSAFE BACKING,39.12631655,-86.52674475
1,3,1600.0,2-Car,No injury/unknown,LEFT OF CENTER,39.12631655,-86.52674475
6,3,2000.0,2-Car,No injury/unknown,FAILURE TO YIELD RIGHT OF WAY,39.12631655,-86.52674475
3,5,2000.0,2-Car,Non-incapacitating,ALCOHOLIC BEVERAGES,39.12626043,-86.57818989
1,6,1900.0,3+ Cars,Fatal,LEFT OF CENTER,39.12602024,-86.60947285
3,7,1500.0,2-Car,Non-incapacitating,LEFT OF CENTER,39.12546971,-86.53892574
3,3,1700.0,2-Car,No injury/unknown,FAILURE TO YIELD RIGHT OF WAY,39.12543228,-86.531
3,5,900.0,2-Car,No injury/unknown,UNSAFE BACKING,39.125312,-86.610496
2,3,1900.0,2-Car,No injury/unknown,SPEED TOO FAST FOR WEATHER CONDITIONS,39.125312,-86.610496
1,6,1600.0,2-Car,Non-incapacitating,FOLLOWING TOO CLOSELY,39.125312,-86.610496
2,4,1400.0,2-Car,No injury/unknown,OTHER (DRIVER) - EXPLAIN IN NARRATIVE,39.125312,-86.610496
2,5,1300.0,2-Car,No injury/unknown,UNSAFE BACKING,39.125312,-86.610496
3,7,1400.0,2-Car,No injury/unknown,OTHER (DRIVER) - EXPLAIN IN NARRATIVE,39.125312,-86.610496
3,4,1600.0,2-Car,No injury/unknown,FAILURE TO YIELD RIGHT OF WAY,39.125312,-86.610496
4,6,1900.0,2-Car,No injury/unknown,UNSAFE BACKING,39.125312,-86.610496
8,7,1700.0,2-Car,No injury/unknown,UNSAFE BACKING,39.125312,-86.610496
8,1,1300.0,2-Car,No injury/unknown,FAILURE TO YIELD RIGHT OF WAY,39.125312,-86.610496
7,2,1700.0,2-Car,No injury/unknown,OTHER (DRIVER) - EXPLAIN IN NARRATIVE,39.125312,-86.610496
6,2,1100.0,2-Car,No injury/unknown,OTHER (DRIVER) - EXPLAIN IN NARRATIVE,39.125312,-86.610496
5,6,1500.0,2-Car,No injury/unknown,OTHER (DRIVER) - EXPLAIN IN NARRATIVE,39.125312,-86.610496
7,5,1900.0,2-Car,No injury/unknown,UNSAFE BACKING,39.125312,-86.610496
7,3,2100.0,2-Car,No injury/unknown,UNSAFE BACKING,39.125312,-86.610496
11,6,1300.0,2-Car,No injury/unknown,UNSAFE BACKING,39.125312,-86.610496
11,3,1100.0,2-Car,No injury/unknown,UNSAFE BACKING,39.125312,-86.610496
11,3,1900.0,1-Car,Non-incapacitating,UNSAFE SPEED,39.125312,-86.610496
10,7,1700.0,2-Car,No injury/unknown,OTHER (DRIVER) - EXPLAIN IN NARRATIVE,39.125312,-86.610496
12,3,800.0,2-Car,No injury/unknown,UNSAFE BACKING,39.125312,-86.610496
9,5,700.0,2-Car,Non-incapacitating,OTHER (DRIVER) - EXPLAIN IN NARRATIVE,39.125072,-86.6108
9,5,600.0,2-Car,No injury/unknown,OTHER (DRIVER) - EXPLAIN IN NARRATIVE,39.125072,-86.6108
5,6,1500.0,2-Car,No injury/unknown,OTHER (DRIVER) - EXPLAIN IN NARRATIVE,39.125072,-86.6108
6,4,500.0,1-Car,No injury/unknown,ANIMAL/OBJECT IN ROADWAY,39.12419625,-86.61191329
9,4,0.0,1-Car,Non-incapacitating,DRIVER DISTRACTED - EXPLAIN IN NARRATIVE,39.123776,-86.517776
5,6,1400.0,2-Car,No injury/unknown,FAILURE TO YIELD RIGHT OF WAY,39.12376088,-86.5266497
2,5,1400.0,2-Car,No injury/unknown,SPEED TOO FAST FOR WEATHER CONDITIONS,39.123584,-86.523856
8,6,1700.0,2-Car,No injury/unknown,FAILURE TO YIELD RIGHT OF WAY,39.123376,-86.582592
6,2,1000.0,1-Car,Non-incapacitating,DRIVER DISTRACTED - EXPLAIN IN NARRATIVE,39.12329756,-86.5797588
11,5,700.0,1-Car,Non-incapacitating,RAN OFF ROAD RIGHT,39.123248,-86.578192
11,3,1000.0,1-Car,Non-incapacitating,BRAKE FAILURE OR DEFECTIVE,39.12314404,-86.544397
2,3,,2-Car,No injury/unknown,FOLLOWING TOO CLOSELY,39.12298572,-86.5830819
7,1,1500.0,2-Car,Non-incapacitating,FAILURE TO YIELD RIGHT OF WAY,39.122416,-86.64296
7,6,1200.0,2-Car,No injury/unknown,FOLLOWING TOO CLOSELY,39.12235209,-86.60065284
8,7,1100.0,2-Car,No injury/unknown,FAILURE TO YIELD RIGHT OF WAY,39.122352,-86.5712
10,3,1400.0,2-Car,Non-incapacitating,DISREGARD SIGNAL/REG SIGN,39.122352,-86.5712
5,2,1500.0,2-Car,No injury/unknown,FAILURE TO YIELD RIGHT OF WAY,39.122352,-86.5712
5,7,600.0,1-Car,No injury/unknown,DRIVER ASLEEP OR FATIGUED,39.122352,-86.6056
4,1,1100.0,2-Car,No injury/unknown,OTHER (DRIVER) - EXPLAIN IN NARRATIVE,39.122352,-86.6056
2,4,1600.0,1-Car,Non-incapacitating,ALCOHOLIC BEVERAGES,39.122352,-86.6056
2,6,1500.0,2-Car,No injury/unknown,FAILURE TO YIELD RIGHT OF WAY,39.122352,-86.5712
9,1,0.0,2-Car,Non-incapacitating,OTHER (DRIVER) - EXPLAIN IN NARRATIVE,39.122352,-86.5712
11,7,800.0,1-Car,No injury/unknown,RAN OFF ROAD RIGHT,39.122302,-86.54790866
3,6,1300.0,2-Car,No injury/unknown,FAILURE TO YIELD RIGHT OF WAY,39.12230063,-86.57913641
3,6,1800.0,2-Car,No injury/unknown,FAILURE TO YIELD RIGHT OF WAY,39.12230063,-86.57913641
1,4,2000.0,2-Car,No injury/unknown,SPEED TOO FAST FOR WEATHER CONDITIONS,39.1223,-86.5479
11,4,800.0,2-Car,No injury/unknown,SPEED TOO FAST FOR WEATHER CONDITIONS,39.12227234,-86.57113063
4,5,1600.0,1-Car,Non-incapacitating,OTHER (ENVIRONMENTAL) - EXPLAIN IN NARR,39.122256,-86.619184
3,6,1500.0,2-Car,No injury/unknown,UNSAFE BACKING,39.12224,-86.6144
5,6,2000.0,2-Car,Non-incapacitating,FAILURE TO YIELD RIGHT OF WAY,39.12224,-86.6144
1,6,1500.0,2-Car,Non-incapacitating,LEFT OF CENTER,39.122224,-86.562688
10,1,1300.0,2-Car,No injury/unknown,UNSAFE SPEED,39.12215642,-86.61848695
6,7,1400.0,1-Car,Non-incapacitating,RAN OFF ROAD RIGHT,39.12210164,-86.57569683
5,6,2100.0,1-Car,No injury/unknown,ANIMAL/OBJECT IN ROADWAY,39.12201059,-86.5709027
10,3,1500.0,2-Car,No injury/unknown,UNSAFE BACKING,39.121808,-86.498784
7,6,2000.0,2-Car,Non-incapacitating,SPEED TOO FAST FOR WEATHER CONDITIONS,39.121808,-86.498784
3,6,1700.0,2-Car,Non-incapacitating,UNSAFE SPEED,39.121648,-86.539088
12,6,1800.0,2-Car,No injury/unknown,OTHER (DRIVER) - EXPLAIN IN NARRATIVE,39.121616,-86.538592
10,2,1900.0,2-Car,No injury/unknown,OTHER (DRIVER) - EXPLAIN IN NARRATIVE,39.12161382,-86.53855824
5,7,1400.0,1-Car,Non-incapacitating,OVERCORRECTING/OVERSTEERING,39.12157422,-86.53785136
5,1,1300.0,2-Car,No injury/unknown,DRIVER DISTRACTED - EXPLAIN IN NARRATIVE,39.121552,-86.531296
1,2,,2-Car,No injury/unknown,LEFT OF CENTER,39.12154418,-86.53386009
6,2,700.0,2-Car,No injury/unknown,LEFT OF CENTER,39.12152,-86.51792