Month,Day,Hour,Collision Type,Injury Type,Primary Factor,Latitude,Longitude
5,2,1400.0,2-Car,Non-incapacitating,FAILURE TO YIELD RIGHT OF WAY,39.12152,-86.51792
6,2,1500.0,3+ Cars,Non-incapacitating,DRIVER DISTRACTED - EXPLAIN IN NARRATIVE,39.12152,-86.5298
3,1,500.0,1-Car,Non-incapacitating,DRIVER ASLEEP OR FATIGUED,39.1215,-86.51250938
11,7,1900.0,1-Car,No injury/unknown,ANIMAL/OBJECT IN ROADWAY,39.1215,-86.52199035
11,6,600.0,1-Car,No injury/unknown,ANIMAL/OBJECT IN ROADWAY,39.1215,-86.512499
8,4,1600.0,2-Car,No injury/unknown,OTHER (DRIVER) - EXPLAIN IN NARRATIVE,39.1215,-86.498799
11,2,2100.0,1-Car,No injury/unknown,ANIMAL/OBJECT IN ROADWAY,39.12149465,-86.51994847
1,4,1500.0,2-Car,Non-incapacitating,DISREGARD SIGNAL/REG SIGN,39.12144,-86.526496
11,1,1900.0,2-Car,No injury/unknown,DISREGARD SIGNAL/REG SIGN,39.12144,-86.526496
12,5,700.0,2-Car,Non-incapacitating,FOLLOWING TOO CLOSELY,39.12144,-86.526496
2,3,700.0,2-Car,Non-incapacitating,DISREGARD SIGNAL/REG SIGN,39.12137013,-86.5313729
2,4,800.0,2-Car,Non-incapacitating,LEFT OF CENTER,39.12092355,-86.61644385
4,1,2100.0,1-Car,No injury/unknown,UNSAFE SPEED,39.12033116,-86.48435139
7,6,1800.0,2-Car,Non-incapacitating,DRIVER DISTRACTED - EXPLAIN IN NARRATIVE,39.120199,-86.546897
7,1,200.0,1-Car,No injury/unknown,ANIMAL/OBJECT IN ROADWAY,39.11984695,-86.56498203
10,7,900.0,2-Car,Non-incapacitating,IMPROPER PASSING,39.119344,-86.618896
1,7,1600.0,2-Car,Non-incapacitating,UNSAFE SPEED,39.11912887,-86.4987433
5,5,2200.0,1-Car,No injury/unknown,ANIMAL/OBJECT IN ROADWAY,39.11854522,-86.42942913
10,5,1400.0,1-Car,Non-incapacitating,CELL PHONE USAGE,39.11813885,-86.62105113
8,3,2000.0,2-Car,No injury/unknown,OTHER (DRIVER) - EXPLAIN IN NARRATIVE,39.118048,-86.526496
11,6,2200.0,1-Car,Non-incapacitating,ANIMAL/OBJECT IN ROADWAY,39.11781871,-86.56725263
8,6,1000.0,3+ Cars,Non-incapacitating,OVERCORRECTING/OVERSTEERING,39.117648,-86.567104
10,1,1200.0,1-Car,Non-incapacitating,UNSAFE BACKING,39.117648,-86.567104
5,5,1500.0,2-Car,Non-incapacitating,FAILURE TO YIELD RIGHT OF WAY,39.117648,-86.567104
7,7,500.0,2-Car,Non-incapacitating,FAILURE TO YIELD RIGHT OF WAY,39.1173,-86.567196
10,6,1600.0,2-Car,Non-incapacitating,PRESCRIPTION DRUGS,39.1168,-86.428799
8,6,1400.0,1-Car,No injury/unknown,RAN OFF ROAD RIGHT,39.11669439,-86.428799
2,4,1800.0,1-Car,No injury/unknown,OTHER (DRIVER) - EXPLAIN IN NARRATIVE,39.116464,-86.428672
6,4,2100.0,1-Car,No injury/unknown,ANIMAL/OBJECT IN ROADWAY,39.116464,-86.428672
12,1,2300.0,1-Car,No injury/unknown,OTHER (DRIVER) - EXPLAIN IN NARRATIVE,39.116464,-86.428672
6,4,600.0,2-Car,Incapacitating,LEFT OF CENTER,39.11624281,-86.62444145
8,5,1500.0,2-Car,Non-incapacitating,DISREGARD SIGNAL/REG SIGN,39.115552,-86.564592
1,7,1400.0,2-Car,No injury/unknown,DRIVER DISTRACTED - EXPLAIN IN NARRATIVE,39.115552,-86.564592
5,7,1100.0,2-Car,Non-incapacitating,FOLLOWING TOO CLOSELY,39.115552,-86.564592
10,3,1600.0,2-Car,No injury/unknown,OVERCORRECTING/OVERSTEERING,39.115552,-86.564592
4,5,1600.0,2-Car,Non-incapacitating,OTHER (DRIVER) - EXPLAIN IN NARRATIVE,39.115552,-86.564592
9,7,1500.0,1-Car,No injury/unknown,OTHER (DRIVER) - EXPLAIN IN NARRATIVE,39.115552,-86.564592
7,4,1600.0,3+ Cars,No injury/unknown,OTHER (DRIVER) - EXPLAIN IN NARRATIVE,39.115248,-86.573504
6,7,0.0,1-Car,Non-incapacitating,RAN OFF ROAD RIGHT,39.11504,-86.630992
3,2,100.0,1-Car,Non-incapacitating,DRIVER ASLEEP OR FATIGUED,39.11503487,-86.6306377
4,2,1300.0,2-Car,No injury/unknown,INSECURE/LEAKY LOAD,39.11502974,-86.63028339
6,5,1600.0,2-Car,No injury/unknown,SPEED TOO FAST FOR WEATHER CONDITIONS,39.114944,-86.570592
9,2,1400.0,3+ Cars,Non-incapacitating,OTHER (DRIVER) - EXPLAIN IN NARRATIVE,39.11491455,-86.539392
1,2,700.0,1-Car,No injury/unknown,OVERCORRECTING/OVERSTEERING,39.11488956,-86.55422898
4,7,1200.0,1-Car,Non-incapacitating,PEDESTRIAN ACTION,39.11469012,-86.54710577
12,6,900.0,2-Car,No injury/unknown,DRIVER DISTRACTED - EXPLAIN IN NARRATIVE,39.1146467,-86.53946234
6,5,1300.0,1-Car,Non-incapacitating,OTHER (DRIVER) - EXPLAIN IN NARRATIVE,39.11464,-86.5464
11,6,2200.0,2-Car,Incapacitating,ALCOHOLIC BEVERAGES,39.11416776,-86.63279568
12,5,800.0,1-Car,Non-incapacitating,OTHER (DRIVER) - EXPLAIN IN NARRATIVE,39.11329104,-86.5397206
4,7,0.0,1-Car,No injury/unknown,ANIMAL/OBJECT IN ROADWAY,39.11304283,-86.43134485
2,5,2100.0,1-Car,No injury/unknown,ANIMAL/OBJECT IN ROADWAY,39.11267262,-86.56079168
8,5,700.0,2-Car,Non-incapacitating,GLARE,39.111899,-86.526499
6,7,2000.0,2-Car,Non-incapacitating,FOLLOWING TOO CLOSELY,39.11137108,-86.63775483
7,2,600.0,2-Car,No injury/unknown,UNSAFE BACKING,39.11128881,-86.53481466
5,2,1700.0,2-Car,Non-incapacitating,FAILURE TO YIELD RIGHT OF WAY,39.111024,-86.638304
6,4,1800.0,2-Car,Non-incapacitating,FAILURE TO YIELD RIGHT OF WAY,39.111024,-86.638304
12,3,900.0,2-Car,No injury/unknown,FAILURE TO YIELD RIGHT OF WAY,39.111024,-86.638304
10,7,500.0,1-Car,No injury/unknown,RAN OFF ROAD RIGHT,39.111024,-86.638304
2,7,1300.0,1-Car,No injury/unknown,ROADWAY SURFACE CONDITION,39.1109,-86.45728446
5,2,1800.0,2-Car,Non-incapacitating,OTHER (DRIVER) - EXPLAIN IN NARRATIVE,39.11085163,-86.63857981
7,4,2100.0,1-Car,Non-incapacitating,ANIMAL/OBJECT IN ROADWAY,39.11085163,-86.63857981
12,1,200.0,2-Car,No injury/unknown,OTHER (DRIVER) - EXPLAIN IN NARRATIVE,39.10982936,-86.560095
6,7,1100.0,2-Car,No injury/unknown,FOLLOWING TOO CLOSELY,39.109152,-86.57472
11,4,800.0,2-Car,No injury/unknown,SPEED TOO FAST FOR WEATHER CONDITIONS,39.10891458,-86.54957646
12,1,300.0,1-Car,No injury/unknown,RAN OFF ROAD RIGHT,39.10836921,-86.66973131
6,7,1800.0,2-Car,No injury/unknown,FAILURE TO YIELD RIGHT OF WAY,39.108176,-86.519584
12,5,2100.0,1-Car,Non-incapacitating,OTHER (DRIVER) - EXPLAIN IN NARRATIVE,39.108016,-86.629376
5,1,2100.0,1-Car,No injury/unknown,ROADWAY SURFACE CONDITION,39.10799353,-86.64314523
11,3,1600.0,1-Car,No injury/unknown,RAN OFF ROAD RIGHT,39.107904,-86.462368
1,2,1500.0,2-Car,No injury/unknown,FAILURE TO YIELD RIGHT OF WAY,39.107344,-86.5264
2,3,1700.0,2-Car,Non-incapacitating,FAILURE TO YIELD RIGHT OF WAY,39.107344,-86.5264
10,3,1900.0,2-Car,No injury/unknown,FAILURE TO YIELD RIGHT OF WAY,39.107344,-86.5264
5,6,1600.0,2-Car,Non-incapacitating,FAILURE TO YIELD RIGHT OF WAY,39.107344,-86.5264
6,7,1200.0,3+ Cars,No injury/unknown,OTHER (DRIVER) - EXPLAIN IN NARRATIVE,39.1072,-86.531497
8,1,1600.0,2-Car,Non-incapacitating,FOLLOWING TOO CLOSELY,39.1072,-86.531497
4,5,1200.0,2-Car,Non-incapacitating,ROADWAY SURFACE CONDITION,39.1072,-86.531497
10,5,400.0,2-Car,Non-incapacitating,ALCOHOLIC BEVERAGES,39.1072,-86.531497
7,6,2300.0,2-Car,Non-incapacitating,FAILURE TO YIELD RIGHT OF WAY,39.1072,-86.531497
5,4,1800.0,2-Car,No injury/unknown,FOLLOWING TOO CLOSELY,39.10704,-86.523488
5,7,1200.0,2-Car,No injury/unknown,OTHER (DRIVER) - EXPLAIN IN NARRATIVE,39.10704,-86.523488
11,1,1300.0,2-Car,No injury/unknown,LEFT OF CENTER,39.10704,-86.523488
4,5,1400.0,2-Car,Non-incapacitating,DRIVER DISTRACTED - EXPLAIN IN NARRATIVE,39.10680825,-86.52329801
2,4,200.0,1-Car,No injury/unknown,DRIVER DISTRACTED - EXPLAIN IN NARRATIVE,39.10649041,-86.55034722
9,2,1700.0,2-Car,Non-incapacitating,FAILURE TO YIELD RIGHT OF WAY,39.10578483,-86.55091624
11,3,700.0,2-Car,Non-incapacitating,FAILURE TO YIELD RIGHT OF WAY,39.10577147,-86.531399
12,3,2000.0,2-Car,Non-incapacitating,UNSAFE SPEED,39.10564021,-86.5512146
6,5,1400.0,2-Car,Non-incapacitating,OVERCORRECTING/OVERSTEERING,39.105552,-86.551104
11,2,600.0,3+ Cars,Non-incapacitating,FAILURE TO YIELD RIGHT OF WAY,39.105552,-86.551104
10,6,2200.0,2-Car,No injury/unknown,FAILURE TO YIELD RIGHT OF WAY,39.105552,-86.551104
5,3,1600.0,2-Car,No injury/unknown,SPEED TOO FAST FOR WEATHER CONDITIONS,39.10552645,-86.55114569
12,6,400.0,1-Car,Non-incapacitating,ALCOHOLIC BEVERAGES,39.10536557,-86.64593121
7,7,1200.0,2-Car,No injury/unknown,OTHER (DRIVER) - EXPLAIN IN NARRATIVE,39.104944,-86.61032
2,7,1400.0,1-Car,Non-incapacitating,RAN OFF ROAD LEFT,39.10344,-86.574992
7,2,2000.0,1-Car,No injury/unknown,RAN OFF ROAD RIGHT,39.10344,-86.574992
10,4,1200.0,1-Car,No injury/unknown,SPEED TOO FAST FOR WEATHER CONDITIONS,39.10344,-86.574992
10,4,1200.0,1-Car,No injury/unknown,SPEED TOO FAST FOR WEATHER CONDITIONS,39.10344,-86.574992
10,1,800.0,1-Car,Non-incapacitating,OVERCORRECTING/OVERSTEERING,39.10223813,-86.525899
7,2,2200.0,2-Car,No injury/unknown,UNSAFE BACKING,39.101344,-86.573296
11,7,500.0,2-Car,No injury/unknown,DRIVER ASLEEP OR FATIGUED,39.10133879,-86.526499
11,7,1300.0,2-Car,No injury/unknown,FOLLOWING TOO CLOSELY,39.10041849,-86.531399
6,7,500.0,1-Car,No injury/unknown,DRIVER ASLEEP OR FATIGUED,39.1003,-86.56319134
11,2,1600.0,2-Car,Non-incapacitating,OTHER (DRIVER) - EXPLAIN IN NARRATIVE,39.09984,-86.5176
5,4,900.0,2-Car,No injury/unknown,FOLLOWING TOO CLOSELY,39.09984,-86.5176
7,1,1600.0,Moped/Motorcycle,Non-incapacitating,SPEED TOO FAST FOR WEATHER CONDITIONS,39.09980878,-86.6513586
1,6,2100.0,2-Car,Non-incapacitating,SPEED TOO FAST FOR WEATHER CONDITIONS,39.099792,-86.498448
8,6,300.0,2-Car,Non-incapacitating,PRESCRIPTION DRUGS,39.09776307,-86.54638743
11,4,100.0,1-Car,Non-incapacitating,ALCOHOLIC BEVERAGES,39.09659927,-86.51210189
11,5,2300.0,1-Car,No injury/unknown,RAN OFF ROAD RIGHT,39.09586621,-86.49383773
2,7,1600.0,1-Car,No injury/unknown,RAN OFF ROAD RIGHT,39.09552245,-86.58420403
2,4,300.0,1-Car,Non-incapacitating,SPEED TOO FAST FOR WEATHER CONDITIONS,39.093744,-86.638304
2,3,1600.0,2-Car,Non-incapacitating,FAILURE TO YIELD RIGHT OF WAY,39.09352309,-86.54570879
2,7,1000.0,2-Car,No injury/unknown,ROADWAY SURFACE CONDITION,39.093344,-86.5868
11,7,300.0,1-Car,Fatal,ALCOHOLIC BEVERAGES,39.093344,-86.5868
5,1,600.0,1-Car,Non-incapacitating,DRIVER ASLEEP OR FATIGUED,39.09324992,-86.63831776
2,2,1700.0,2-Car,No injury/unknown,FAILURE TO YIELD RIGHT OF WAY,39.09304,-86.551792
5,3,1100.0,1-Car,No injury/unknown,RAN OFF ROAD RIGHT,39.09301881,-86.55019222
10,1,1900.0,1-Car,Non-incapacitating,ANIMAL/OBJECT IN ROADWAY,39.092976,-86.545648
10,6,2300.0,2-Car,Non-incapacitating,FAILURE TO YIELD RIGHT OF WAY,39.092976,-86.545648
5,1,1500.0,2-Car,No injury/unknown,FAILURE TO YIELD RIGHT OF WAY,39.092976,-86.545648
5,4,1500.0,2-Car,Non-incapacitating,FAILURE TO YIELD RIGHT OF WAY,39.092976,-86.545648
5,4,1000.0,2-Car,No injury/unknown,DRIVER DISTRACTED - EXPLAIN IN NARRATIVE,39.092976,-86.545648
5,2,700.0,2-Car,Non-incapacitating,FAILURE TO YIELD RIGHT OF WAY,39.092976,-86.545648
3,6,1500.0,2-Car,No injury/unknown,FAILURE TO YIELD RIGHT OF WAY,39.092976,-86.545648
8,3,1700.0,2-Car,Non-incapacitating,FAILURE TO YIELD RIGHT OF WAY,39.092976,-86.545648
6,6,1900.0,2-Car,Fatal,FAILURE TO YIELD RIGHT OF WAY,39.092976,-86.545648
12,6,600.0,2-Car,Non-incapacitating,FAILURE TO YIELD RIGHT OF WAY,39.092976,-86.545648
12,2,900.0,2-Car,Incapacitating,FAILURE TO YIELD RIGHT OF WAY,39.092976,-86.545648
6,2,1200.0,2-Car,No injury/unknown,OTHER (DRIVER) - EXPLAIN IN NARRATIVE,39.092976,-86.545648
7,1,1700.0,1-Car,Non-incapacitating,,39.09291938,-86.42304232
6,4,100.0,1-Car,Non-incapacitating,UNSAFE SPEED,39.09272269,-86.52415334
9,7,1400.0,Moped/Motorcycle,Incapacitating,FOLLOWING TOO CLOSELY,39.09265025,-86.42297221
10,3,200.0,1-Car,Fatal,RAN OFF ROAD RIGHT,39.09264,-86.51672
11,2,800.0,3+ Cars,Non-incapacitating,SPEED TOO FAST FOR WEATHER CONDITIONS,39.09264,-86.51672
7,3,2200.0,1-Car,Non-incapacitating,RAN OFF ROAD RIGHT,39.092112,-86.422832
4,7,700.0,1-Car,No injury/unknown,DRIVER ASLEEP OR FATIGUED,39.090752,-86.5632
3,1,300.0,1-Car,Non-incapacitating,ALCOHOLIC BEVERAGES,39.09024011,-86.54535108
2,7,1200.0,3+ Cars,No injury/unknown,FOLLOWING TOO CLOSELY,39.09021554,-86.66578712
1,5,1800.0,1-Car,No injury/unknown,FOLLOWING TOO CLOSELY,39.08984,-86.666304
12,4,600.0,2-Car,No injury/unknown,ANIMAL/OBJECT IN ROADWAY,39.08812267,-86.66906785
5,2,1400.0,2-Car,Non-incapacitating,VIEW OBSTRUCTED,39.087952,-86.529392
12,3,700.0,2-Car,No injury/unknown,OTHER (DRIVER) - EXPLAIN IN NARRATIVE,39.08749712,-86.531199
5,6,300.0,1-Car,Non-incapacitating,ALCOHOLIC BEVERAGES,39.08699846,-86.526499
6,1,1700.0,1-Car,Non-incapacitating,FOLLOWING TOO CLOSELY,39.086832,-86.671984
6,7,1500.0,2-Car,No injury/unknown,FAILURE TO YIELD RIGHT OF WAY,39.086544,-86.6384
8,7,2100.0,1-Car,No injury/unknown,RAN OFF ROAD RIGHT,39.086544,-86.6384
9,3,2200.0,2-Car,Fatal,DISREGARD SIGNAL/REG SIGN,39.085632,-86.542304
9,3,1300.0,3+ Cars,No injury/unknown,UNSAFE SPEED,39.085632,-86.542304
9,1,2300.0,1-Car,No injury/unknown,DRIVER DISTRACTED - EXPLAIN IN NARRATIVE,39.08472,-86.420688
10,1,1400.0,Moped/Motorcycle,Non-incapacitating,OTHER (DRIVER) - EXPLAIN IN NARRATIVE,39.08458539,-86.42065323
1,5,1600.0,2-Car,No injury/unknown,DRIVER DISTRACTED - EXPLAIN IN NARRATIVE,39.08431618,-86.42058368
10,2,500.0,1-Car,Non-incapacitating,ANIMAL/OBJECT IN ROADWAY,39.0841137,-86.67248191
10,7,800.0,1-Car,No injury/unknown,RAN OFF ROAD RIGHT,39.08391237,-86.42047936
5,4,800.0,3+ Cars,Non-incapacitating,FAILURE TO YIELD RIGHT OF WAY,39.08384,-86.540768
7,6,1200.0,1-Car,Non-incapacitating,PEDESTRIAN ACTION,39.08384,-86.540768
9,4,700.0,2-Car,No injury/unknown,OTHER (DRIVER) - EXPLAIN IN NARRATIVE,39.08384,-86.540768
12,6,1900.0,1-Car,Non-incapacitating,ROADWAY SURFACE CONDITION,39.083248,-86.5408
7,6,2100.0,2-Car,Non-incapacitating,OTHER (DRIVER) - EXPLAIN IN NARRATIVE,39.08193023,-86.47058053
8,2,1500.0,2-Car,No injury/unknown,OTHER (DRIVER) - EXPLAIN IN NARRATIVE,39.080448,-86.514416
4,7,1600.0,2-Car,No injury/unknown,FAILURE TO YIELD RIGHT OF WAY,39.080448,-86.514416
12,5,1700.0,2-Car,No injury/unknown,FAILURE TO YIELD RIGHT OF WAY,39.080448,-86.514416
5,6,1500.0,2-Car,No injury/unknown,FAILURE TO YIELD RIGHT OF WAY,39.080448,-86.514416
2,3,1700.0,2-Car,No injury/unknown,PASSENGER DISTRACTION,39.080448,-86.514416
11,4,1900.0,1-Car,No injury/unknown,ANIMAL/OBJECT IN ROADWAY,39.080448,-86.514416
11,7,2100.0,1-Car,No injury/unknown,ALCOHOLIC BEVERAGES,39.079552,-86.513392
11,6,1600.0,1-Car,Non-incapacitating,RAN OFF ROAD RIGHT,39.079248,-86.6304
3,7,200.0,1-Car,Fatal,ALCOHOLIC BEVERAGES,39.079248,-86.6304
10,1,600.0,2-Car,Non-incapacitating,UNSAFE BACKING,39.07898999,-86.59807393
7,6,300.0,2-Car,Non-incapacitating,OVERCORRECTING/OVERSTEERING,39.078944,-86.596304
3,4,500.0,1-Car,Non-incapacitating,DRIVER ASLEEP OR FATIGUED,39.07704,-86.53616
12,4,700.0,1-Car,Non-incapacitating,OTHER (ENVIRONMENTAL) - EXPLAIN IN NARR,39.07704,-86.53616
5,7,0.0,1-Car,Non-incapacitating,ALCOHOLIC BEVERAGES,39.07704,-86.53616
8,2,1500.0,2-Car,Non-incapacitating,LEFT OF CENTER,39.07699798,-86.62837032
6,3,1400.0,1-Car,No injury/unknown,OVERCORRECTING/OVERSTEERING,39.0766337,-86.57078602
10,1,1700.0,2-Car,No injury/unknown,FOLLOWING TOO CLOSELY,39.075699,-86.50780203
7,5,1200.0,2-Car,Non-incapacitating,OTHER (DRIVER) - EXPLAIN IN NARRATIVE,39.075648,-86.6276
3,5,1000.0,2-Car,No injury/unknown,FAILURE TO YIELD RIGHT OF WAY,39.074448,-86.5056
9,2,1600.0,1-Car,Non-incapacitating,RAN OFF ROAD RIGHT,39.07300743,-86.57305503
9,6,1800.0,2-Car,No injury/unknown,FAILURE TO YIELD RIGHT OF WAY,39.071344,-86.5252
12,4,400.0,1-Car,No injury/unknown,OTHER (DRIVER) - EXPLAIN IN NARRATIVE,39.07131303,-86.52590717
7,7,400.0,1-Car,Non-incapacitating,SPEED TOO FAST FOR WEATHER CONDITIONS,39.071152,-86.503088
7,2,1900.0,3+ Cars,No injury/unknown,FAILURE TO YIELD RIGHT OF WAY,39.071152,-86.503088
3,4,900.0,2-Car,No injury/unknown,FAILURE TO YIELD RIGHT OF WAY,39.071136,-86.505312
11,5,700.0,2-Car,No injury/unknown,FOLLOWING TOO CLOSELY,39.071136,-86.505312
11,4,1600.0,2-Car,No injury/unknown,FAILURE TO YIELD RIGHT OF WAY,39.0711,-86.508299
5,2,1500.0,2-Car,Non-incapacitating,FAILURE TO YIELD RIGHT OF WAY,39.071056,-86.5356
10,5,500.0,2-Car,Non-incapacitating,FAILURE TO YIELD RIGHT OF WAY,39.071056,-86.5356
6,4,1300.0,2-Car,Non-incapacitating,FAILURE TO YIELD RIGHT OF WAY,39.071056,-86.5356
12,3,800.0,1-Car,No injury/unknown,ROADWAY SURFACE CONDITION,39.071056,-86.5356
5,2,1100.0,2-Car,Non-incapacitating,FAILURE TO YIELD RIGHT OF WAY,39.071056,-86.5356
2,6,1700.0,2-Car,No injury/unknown,FAILURE TO YIELD RIGHT OF WAY,39.07101387,-86.50539287
4,6,1500.0,3+ Cars,Non-incapacitating,FAILURE TO YIELD RIGHT OF WAY,39.07089175,-86.50547374
8,4,1200.0,1-Car,Non-incapacitating,SPEED TOO FAST FOR WEATHER CONDITIONS,39.07036964,-86.53560877
6,5,0.0,1-Car,No injury/unknown,RAN OFF ROAD RIGHT,39.06960454,-86.489599
2,3,2000.0,1-Car,No injury/unknown,RAN OFF ROAD RIGHT,39.068496,-86.50312
9,3,1500.0,1-Car,No injury/unknown,RAN OFF ROAD RIGHT,39.063136,-86.579472
8,5,1400.0,1-Car,No injury/unknown,OVERCORRECTING/OVERSTEERING,39.062848,-86.5796
11,5,1600.0,1-Car,No injury/unknown,SPEED TOO FAST FOR WEATHER CONDITIONS,39.06248964,-86.49845843
3,5,900.0,2-Car,No injury/unknown,LEFT OF CENTER,39.06161203,-86.573398
11,3,800.0,1-Car,Non-incapacitating,SPEED TOO FAST FOR WEATHER CONDITIONS,39.06117728,-86.49844899
6,2,2100.0,2-Car,Non-incapacitating,UNSAFE SPEED,39.06112237,-86.49844859
7,1,2000.0,1-Car,No injury/unknown,,39.06003891,-86.49843283
11,2,1300.0,1-Car,No injury/unknown,SPEED TOO FAST FOR WEATHER CONDITIONS,39.05953321,-86.41347953
11,2,1000.0,1-Car,Non-incapacitating,OVERCORRECTING/OVERSTEERING,39.05621658,-86.66888712
12,2,800.0,1-Car,No injury/unknown,ROADWAY SURFACE CONDITION,39.05619052,-86.579101
12,1,2000.0,1-Car,Non-incapacitating,RAN OFF ROAD RIGHT,39.05616209,-86.60578296
1,4,2300.0,1-Car,No injury/unknown,IMPROPER LANE USAGE,39.055584,-86.408752
7,6,1000.0,1-Car,Non-incapacitating,RAN OFF ROAD RIGHT,39.0533683,-86.61255806
6,7,2200.0,1-Car,Non-incapacitating,ANIMAL/OBJECT IN ROADWAY,39.05190844,-86.61094613
7,3,2000.0,1-Car,No injury/unknown,RAN OFF ROAD RIGHT,39.0498,-86.507899
3,7,900.0,1-Car,No injury/unknown,RAN OFF ROAD RIGHT,39.04863234,-86.53588183
1,1,400.0,1-Car,No injury/unknown,ANIMAL/OBJECT IN ROADWAY,39.04808324,-86.53587772
7,3,900.0,2-Car,Non-incapacitating,SPEED TOO FAST FOR WEATHER CONDITIONS,39.0476896,-86.40936351
6,4,1200.0,1-Car,Non-incapacitating,RAN OFF ROAD RIGHT,39.04729165,-86.61362597
4,5,1000.0,2-Car,Non-incapacitating,FAILURE TO YIELD RIGHT OF WAY,39.043792,-86.666048
6,3,400.0,Moped/Motorcycle,Non-incapacitating,ANIMAL/OBJECT IN ROADWAY,39.04267662,-86.40636059
5,7,1900.0,1-Car,No injury/unknown,ANIMAL/OBJECT IN ROADWAY,39.042144,-86.5412
5,6,0.0,1-Car,Non-incapacitating,ALCOHOLIC BEVERAGES,39.0361133,-86.56928185
10,1,500.0,Moped/Motorcycle,Non-incapacitating,RAN OFF ROAD RIGHT,39.034112,-86.408208
2,7,1500.0,Moped/Motorcycle,Non-incapacitating,UNSAFE SPEED,39.034112,-86.408208
11,6,2300.0,1-Car,No injury/unknown,OTHER (DRIVER) - EXPLAIN IN NARRATIVE,39.0336149,-86.53509204
4,1,1600.0,1-Car,Non-incapacitating,RAN OFF ROAD RIGHT,39.03269412,-86.41805785
1,5,2000.0,2-Car,Non-incapacitating,ALCOHOLIC BEVERAGES,39.03245814,-86.49004572
7,3,900.0,1-Car,No injury/unknown,SPEED TOO FAST FOR WEATHER CONDITIONS,39.03217116,-86.40798016
7,3,1200.0,1-Car,No injury/unknown,SPEED TOO FAST FOR WEATHER CONDITIONS,39.03217116,-86.40798016
8,7,2000.0,1-Car,Non-incapacitating,SPEED TOO FAST FOR WEATHER CONDITIONS,39.03011239,-86.40775735
7,6,1500.0,1-Car,Non-incapacitating,OTHER (DRIVER) - EXPLAIN IN NARRATIVE,39.03011239,-86.40775735
3,1,1600.0,Moped/Motorcycle,Non-incapacitating,UNSAFE SPEED,39.02991813,-86.40782502
7,7,0.0,1-Car,No injury/unknown,SPEED TOO FAST FOR WEATHER CONDITIONS,39.02991813,-86.40782502
7,7,1500.0,1-Car,No injury/unknown,SPEED TOO FAST FOR WEATHER CONDITIONS,39.02728527,-86.40692856
8,5,2300.0,1-Car,No injury/unknown,RAN OFF ROAD RIGHT,39.02348547,-86.40883503
7,1,1700.0,1-Car,No injury/unknown,RAN OFF ROAD LEFT,39.023472,-86.405296
7,3,800.0,2-Car,Non-incapacitating,FOLLOWING TOO CLOSELY,39.023472,-86.405296
7,2,800.0,1-Car,No injury/unknown,OVERCORRECTING/OVERSTEERING,39.02318283,-86.52158416
11,6,500.0,1-Car,No injury/unknown,ANIMAL/OBJECT IN ROADWAY,39.02248015,-86.53557353
8,7,1500.0,2-Car,No injury/unknown,LEFT OF CENTER,39.02105791,-86.435599
2,7,2000.0,1-Car,No injury/unknown,RAN OFF ROAD RIGHT,39.01999829,-86.53601135
5,7,0.0,2-Car,No injury/unknown,LEFT OF CENTER,39.01933847,-86.52349041
5,5,800.0,2-Car,No injury/unknown,FAILURE TO YIELD RIGHT OF WAY,39.018656,-86.522896
10,3,1700.0,1-Car,No injury/unknown,SPEED TOO FAST FOR WEATHER CONDITIONS,39.01592002,-86.516899
4,3,2000.0,1-Car,No injury/unknown,ANIMAL/OBJECT IN ROADWAY,39.01510398,-86.53703992
8,6,100.0,1-Car,No injury/unknown,OTHER (DRIVER) - EXPLAIN IN NARRATIVE,39.01305435,-86.38182023
6,3,1500.0,2-Car,No injury/unknown,UNSAFE BACKING,39.01298186,-86.54914072
3,2,1300.0,2-Car,No injury/unknown,OTHER (DRIVER) - EXPLAIN IN NARRATIVE,39.01180218,-86.55275927
5,2,1500.0,3+ Cars,Non-incapacitating,UNSAFE SPEED,39.011744,-86.562
12,5,1400.0,2-Car,Non-incapacitating,LEFT OF CENTER,39.01133913,-86.56325187
9,1,2000.0,1-Car,No injury/unknown,ANIMAL/OBJECT IN ROADWAY,39.0109705,-86.40118974
9,2,1800.0,2-Car,No injury/unknown,UNSAFE SPEED,39.010176,-86.427904
7,5,600.0,1-Car,No injury/unknown,ROADWAY SURFACE CONDITION,39.00978154,-86.56394312
5,2,1700.0,Moped/Motorcycle,Non-incapacitating,FOLLOWING TOO CLOSELY,39.00896008,-86.50915685
10,4,1700.0,1-Car,No injury/unknown,RAN OFF ROAD RIGHT,39.00795903,-86.40067306
1,2,600.0,1-Car,Non-incapacitating,OVERCORRECTING/OVERSTEERING,39.00695554,-86.50412433
10,1,300.0,1-Car,No injury/unknown,ANIMAL/OBJECT IN ROADWAY,39.004288,-86.395616
7,7,1200.0,Moped/Motorcycle,Non-incapacitating,OVERCORRECTING/OVERSTEERING,39.00362395,-86.58506063
9,6,2100.0,1-Car,No injury/unknown,ANIMAL/OBJECT IN ROADWAY,38.99945703,-86.62092491
12,4,600.0,2-Car,No injury/unknown,SPEED TOO FAST FOR WEATHER CONDITIONS,38.99666135,-86.53730352
12,4,500.0,2-Car,No injury/unknown,ROADWAY SURFACE CONDITION,38.992016,-86.537248
12,5,1500.0,1-Car,Non-incapacitating,RAN OFF ROAD RIGHT,39.340656,-86.65152