Month,Day,Hour,Collision Type,Injury Type,Primary Factor,Latitude,Longitude
6,2,2100.0,2-Car,No injury/unknown,OTHER (ENVIRONMENTAL) - EXPLAIN IN NARR,39.339296,-86.54936
2,6,1600.0,1-Car,Non-incapacitating,UNSAFE SPEED,39.339104,-86.540544
1,5,2000.0,1-Car,No injury/unknown,ROAD UNDER CONSTRUCTION,39.339104,-86.540544
5,4,1600.0,Moped/Motorcycle,Non-incapacitating,ROADWAY SURFACE CONDITION,39.33516245,-86.60665278
11,3,1700.0,2-Car,No injury/unknown,OTHER (DRIVER) - EXPLAIN IN NARRATIVE,39.335152,-86.607008
11,3,800.0,2-Car,No injury/unknown,PASSENGER DISTRACTION,39.335152,-86.607008
1,6,1500.0,2-Car,No injury/unknown,FOLLOWING TOO CLOSELY,39.335152,-86.607008
1,6,1100.0,1-Car,No injury/unknown,,39.335152,-86.607008
12,6,1600.0,2-Car,No injury/unknown,IMPROPER TURNING,39.335152,-86.607008
9,6,2100.0,1-Car,No injury/unknown,ANIMAL/OBJECT IN ROADWAY,39.334368,-86.5124
8,6,1100.0,1-Car,No injury/unknown,ANIMAL/OBJECT IN ROADWAY,39.33204518,-86.51427937
2,5,700.0,1-Car,Non-incapacitating,ROADWAY SURFACE CONDITION,39.33077232,-86.51494274
6,1,1200.0,1-Car,Non-incapacitating,JACKKNIFING,39.32545719,-86.51317711
2,6,1100.0,2-Car,No injury/unknown,FAILURE TO YIELD RIGHT OF WAY,39.32257038,-86.5562826
2,2,700.0,1-Car,No injury/unknown,ROADWAY SURFACE CONDITION,39.32159792,-86.51255542
7,5,1200.0,1-Car,No injury/unknown,ANIMAL/OBJECT IN ROADWAY,39.32030306,-86.51078863
2,5,2300.0,1-Car,Non-incapacitating,OTHER (DRIVER) - EXPLAIN IN NARRATIVE,39.31998546,-86.51071792
2,5,2200.0,1-Car,No injury/unknown,ROADWAY SURFACE CONDITION,39.31998546,-86.51071792
2,5,2000.0,1-Car,No injury/unknown,RAN OFF ROAD LEFT,39.31967982,-86.51067426
8,3,1500.0,Bus,No injury/unknown,LEFT OF CENTER,39.308592,-86.602176
7,2,1400.0,2-Car,Non-incapacitating,OTHER (DRIVER) - EXPLAIN IN NARRATIVE,39.308496,-86.515072
7,2,1200.0,2-Car,No injury/unknown,LEFT OF CENTER,39.30681659,-86.46297466
3,3,2200.0,1-Car,No injury/unknown,UNSAFE SPEED,39.30584,-86.631008
6,1,1900.0,1-Car,Non-incapacitating,FAILURE TO YIELD RIGHT OF WAY,39.30432,-86.5168
2,5,2000.0,3+ Cars,Non-incapacitating,UNSAFE SPEED,39.30432,-86.5168
8,5,1300.0,2-Car,No injury/unknown,FAILURE TO YIELD RIGHT OF WAY,39.30432,-86.5168
1,6,1700.0,2-Car,Non-incapacitating,LEFT OF CENTER,39.30032469,-86.51809217
3,7,1100.0,1-Car,Non-incapacitating,PEDESTRIAN ACTION,39.29948898,-86.65179886
7,3,1200.0,2-Car,Non-incapacitating,ROADWAY SURFACE CONDITION,39.29903942,-86.65389977
6,6,1800.0,1-Car,No injury/unknown,BRAKE FAILURE OR DEFECTIVE,39.298944,-86.6532
2,5,2000.0,3+ Cars,Non-incapacitating,,39.29872384,-86.51702267
6,6,2100.0,1-Car,No injury/unknown,,39.296144,-86.659296
11,6,1900.0,2-Car,Non-incapacitating,LEFT OF CENTER,39.296144,-86.659296
12,4,1300.0,1-Car,Non-incapacitating,RAN OFF ROAD RIGHT,39.29584,-86.626304
1,2,1900.0,1-Car,No injury/unknown,RAN OFF ROAD LEFT,39.29042184,-86.51795546
4,7,0.0,1-Car,Incapacitating,OTHER (DRIVER) - EXPLAIN IN NARRATIVE,39.29036831,-86.51797129
1,3,600.0,1-Car,No injury/unknown,,39.29034213,-86.56461075
6,5,1200.0,2-Car,No injury/unknown,OTHER (ENVIRONMENTAL) - EXPLAIN IN NARR,39.28844,-86.518728
2,1,1100.0,1-Car,No injury/unknown,,39.287808,-86.519024
11,1,600.0,1-Car,No injury/unknown,ANIMAL/OBJECT IN ROADWAY,39.28771986,-86.51908188
1,2,1300.0,1-Car,No injury/unknown,OTHER (DRIVER) - EXPLAIN IN NARRATIVE,39.28696242,-86.43310883
10,7,200.0,1-Car,No injury/unknown,ANIMAL/OBJECT IN ROADWAY,39.2849,-86.520899
10,2,1900.0,1-Car,Non-incapacitating,NONE (DRIVER),39.2831566,-86.5609886
6,2,1400.0,3+ Cars,Non-incapacitating,INSECURE/LEAKY LOAD,39.28280571,-86.51702267
2,6,800.0,2-Car,Non-incapacitating,FAILURE TO YIELD RIGHT OF WAY,39.280496,-86.522864
11,1,800.0,1-Car,No injury/unknown,OTHER (DRIVER) - EXPLAIN IN NARRATIVE,39.28040426,-86.52289618
11,2,1800.0,2-Car,No injury/unknown,FOLLOWING TOO CLOSELY,39.27995248,-86.52296494
1,1,2200.0,1-Car,No injury/unknown,ROADWAY SURFACE CONDITION,39.27793162,-86.67753474
2,5,2100.0,1-Car,No injury/unknown,ROADWAY SURFACE CONDITION,39.27397496,-86.62167341
2,7,300.0,1-Car,No injury/unknown,ALCOHOLIC BEVERAGES,39.27324484,-86.516094
9,1,1600.0,2-Car,No injury/unknown,VIEW OBSTRUCTED,39.273203,-86.522894
3,1,1300.0,2-Car,No injury/unknown,TOW HITCH FAILURE,39.272208,-86.41408
2,3,1200.0,2-Car,No injury/unknown,OTHER (ENVIRONMENTAL) - EXPLAIN IN NARR,39.26891991,-86.52287428
5,6,1300.0,1-Car,No injury/unknown,BRAKE FAILURE OR DEFECTIVE,39.26891991,-86.52287428
6,1,300.0,1-Car,Non-incapacitating,ALCOHOLIC BEVERAGES,39.26891991,-86.52287428
4,2,900.0,2-Car,Non-incapacitating,FOLLOWING TOO CLOSELY,39.26891991,-86.52287428
9,6,2100.0,1-Car,No injury/unknown,ROADWAY SURFACE CONDITION,39.26891991,-86.52287428
5,6,1300.0,1-Car,No injury/unknown,OTHER (DRIVER) - EXPLAIN IN NARRATIVE,39.26890386,-86.52287356
6,6,1500.0,1-Car,No injury/unknown,RAN OFF ROAD RIGHT,39.26884742,-86.66789437
8,6,600.0,2-Car,No injury/unknown,OTHER (ENVIRONMENTAL) - EXPLAIN IN NARR,39.26753193,-86.52281278
12,5,2300.0,1-Car,Non-incapacitating,RAN OFF ROAD RIGHT,39.26669264,-86.527584
8,4,1500.0,2-Car,Non-incapacitating,OTHER (VEHICLE) - EXPLAIN IN NARRATIVE,39.26665509,-86.6207186
5,6,0.0,1-Car,No injury/unknown,ALCOHOLIC BEVERAGES,39.26616,-86.522752
11,2,2200.0,1-Car,No injury/unknown,ANIMAL/OBJECT IN ROADWAY,39.26616,-86.522752
7,4,1400.0,2-Car,No injury/unknown,FAILURE TO YIELD RIGHT OF WAY,39.26616,-86.522752
1,7,900.0,1-Car,Non-incapacitating,UNSAFE SPEED,39.26572937,-86.51939193
1,6,1900.0,2-Car,No injury/unknown,UNSAFE SPEED,39.26542028,-86.51874563
11,5,900.0,1-Car,No injury/unknown,RAN OFF ROAD RIGHT,39.26486563,-86.51758594
2,7,1500.0,1-Car,Non-incapacitating,UNSAFE SPEED,39.26478779,-86.52270299
3,5,1100.0,2-Car,No injury/unknown,FAILURE TO YIELD RIGHT OF WAY,39.26455204,-86.66347545
12,6,2200.0,1-Car,No injury/unknown,RAN OFF ROAD LEFT,39.26455204,-86.66347545
12,5,800.0,1-Car,Non-incapacitating,OTHER (DRIVER) - EXPLAIN IN NARRATIVE,39.26389589,-86.499299
2,5,800.0,3+ Cars,No injury/unknown,FOLLOWING TOO CLOSELY,39.26384733,-86.5226694
4,7,300.0,1-Car,Non-incapacitating,OTHER (ENVIRONMENTAL) - EXPLAIN IN NARR,39.263024,-86.52264
9,3,1800.0,2-Car,Non-incapacitating,FAILURE TO YIELD RIGHT OF WAY,39.263024,-86.52264
4,3,1300.0,2-Car,No injury/unknown,INSECURE/LEAKY LOAD,39.263024,-86.52264
10,5,1300.0,1-Car,No injury/unknown,ANIMAL/OBJECT IN ROADWAY,39.263024,-86.52264
4,6,600.0,2-Car,No injury/unknown,OTHER (DRIVER) - EXPLAIN IN NARRATIVE,39.2627892,-86.5272033
1,5,900.0,2-Car,No injury/unknown,,39.26170076,-86.5227916
3,7,1800.0,1-Car,No injury/unknown,OVERCORRECTING/OVERSTEERING,39.261099,-86.5831
12,6,300.0,1-Car,No injury/unknown,ROADWAY SURFACE CONDITION,39.26076444,-86.52327102
6,3,1300.0,2-Car,No injury/unknown,FAILURE TO YIELD RIGHT OF WAY,39.26065664,-86.51253442
12,6,900.0,1-Car,No injury/unknown,ROADWAY SURFACE CONDITION,39.26041189,-86.52349187
1,5,1600.0,2-Car,No injury/unknown,,39.259744,-86.657504
7,6,1900.0,2-Car,No injury/unknown,,39.259744,-86.657504
10,2,1900.0,1-Car,No injury/unknown,UNSAFE SPEED,39.259648,-86.634784
8,6,1500.0,2-Car,No injury/unknown,FOLLOWING TOO CLOSELY,39.25917644,-86.5242658
7,6,900.0,3+ Cars,No injury/unknown,PEDESTRIAN ACTION,39.25819334,-86.57287313
2,4,2100.0,1-Car,No injury/unknown,RAN OFF ROAD RIGHT,39.2559043,-86.65560931
3,6,1400.0,2-Car,No injury/unknown,UNSAFE BACKING,39.255568,-86.469632
9,3,2200.0,1-Car,No injury/unknown,ALCOHOLIC BEVERAGES,39.255568,-86.469632
12,5,700.0,2-Car,Non-incapacitating,ROADWAY SURFACE CONDITION,39.25555816,-86.518999
11,5,800.0,2-Car,No injury/unknown,FAILURE TO YIELD RIGHT OF WAY,39.25373057,-86.65453679
2,6,1700.0,2-Car,No injury/unknown,FAILURE TO YIELD RIGHT OF WAY,39.253703,-86.6206
4,1,1000.0,2-Car,No injury/unknown,OTHER (DRIVER) - EXPLAIN IN NARRATIVE,39.252448,-86.653904
11,1,1700.0,1-Car,Non-incapacitating,UNSAFE SPEED,39.252336,-86.620512
1,3,1700.0,1-Car,Non-incapacitating,OTHER (DRIVER) - EXPLAIN IN NARRATIVE,39.251904,-86.592816
1,5,1500.0,1-Car,Non-incapacitating,RAN OFF ROAD LEFT,39.251904,-86.592816
8,6,1400.0,2-Car,Non-incapacitating,FAILURE TO YIELD RIGHT OF WAY,39.251648,-86.529056
12,6,1600.0,1-Car,No injury/unknown,,39.251648,-86.529056
5,6,1700.0,2-Car,No injury/unknown,UNSAFE BACKING,39.251616,-86.524208
8,1,0.0,1-Car,No injury/unknown,OTHER (DRIVER) - EXPLAIN IN NARRATIVE,39.251568,-86.39904171
8,3,600.0,1-Car,Non-incapacitating,RAN OFF ROAD RIGHT,39.25144,-86.464264
10,7,1000.0,1-Car,No injury/unknown,UNSAFE SPEED,39.251296,-86.500832
11,6,1800.0,2-Car,Non-incapacitating,FAILURE TO YIELD RIGHT OF WAY,39.2512,-86.652504
9,4,1900.0,2-Car,Non-incapacitating,FOLLOWING TOO CLOSELY,39.2512,-86.652504
9,1,1600.0,2-Car,No injury/unknown,VIEW OBSTRUCTED,39.2512,-86.652504
3,1,100.0,1-Car,Non-incapacitating,RAN OFF ROAD RIGHT,39.25104551,-86.46954921
2,4,1800.0,2-Car,No injury/unknown,FOLLOWING TOO CLOSELY,39.25103151,-86.46907625
5,6,1800.0,2-Car,No injury/unknown,IMPROPER TURNING,39.250976,-86.592808
11,3,1700.0,2-Car,No injury/unknown,HEADLIGHT DEFECTIVE OR NOT ON,39.250688,-86.529744
10,2,1300.0,2-Car,No injury/unknown,FAILURE TO YIELD RIGHT OF WAY,39.250688,-86.529744
5,7,1800.0,2-Car,Non-incapacitating,LEFT OF CENTER,39.250688,-86.529744
12,7,1200.0,1-Car,No injury/unknown,RAN OFF ROAD RIGHT,39.25012023,-86.513299
11,3,1700.0,2-Car,Non-incapacitating,UNSAFE BACKING,39.250048,-86.5928
12,7,2000.0,2-Car,No injury/unknown,OTHER (DRIVER) - EXPLAIN IN NARRATIVE,39.250048,-86.621664
9,4,1800.0,3+ Cars,No injury/unknown,OTHER (DRIVER) - EXPLAIN IN NARRATIVE,39.2487839,-86.53145486
2,5,800.0,1-Car,No injury/unknown,UNSAFE SPEED,39.24867569,-86.53124902
11,5,2100.0,1-Car,Non-incapacitating,ANIMAL/OBJECT IN ROADWAY,39.24802444,-86.42937951
10,6,1500.0,2-Car,No injury/unknown,FAILURE TO YIELD RIGHT OF WAY,39.24646505,-86.53257501
4,4,1200.0,2-Car,Non-incapacitating,FAILURE TO YIELD RIGHT OF WAY,39.24646505,-86.53257501
7,7,900.0,2-Car,No injury/unknown,UNSAFE BACKING,39.245952,-86.52984905
2,6,1100.0,2-Car,No injury/unknown,OTHER (DRIVER) - EXPLAIN IN NARRATIVE,39.24584956,-86.63886541
12,7,2200.0,1-Car,No injury/unknown,,39.24584234,-86.45423359
6,2,1700.0,3+ Cars,Non-incapacitating,,39.245408,-86.6204
3,3,1500.0,2-Car,Non-incapacitating,FAILURE TO YIELD RIGHT OF WAY,39.245408,-86.6204
8,4,800.0,2-Car,Non-incapacitating,DISREGARD SIGNAL/REG SIGN,39.245408,-86.6204
9,3,1500.0,2-Car,No injury/unknown,FAILURE TO YIELD RIGHT OF WAY,39.245408,-86.6204
3,2,1100.0,2-Car,No injury/unknown,FAILURE TO YIELD RIGHT OF WAY,39.245408,-86.6204
8,6,1100.0,2-Car,No injury/unknown,FAILURE TO YIELD RIGHT OF WAY,39.245408,-86.6204
9,6,1700.0,2-Car,Non-incapacitating,FAILURE TO YIELD RIGHT OF WAY,39.245408,-86.6204
10,4,700.0,2-Car,Non-incapacitating,FAILURE TO YIELD RIGHT OF WAY,39.245408,-86.6204
6,1,1200.0,1-Car,No injury/unknown,OTHER (ENVIRONMENTAL) - EXPLAIN IN NARR,39.2454062,-86.62036457
8,6,1400.0,2-Car,No injury/unknown,UNSAFE SPEED,39.24477458,-86.63481744
7,3,1500.0,2-Car,No injury/unknown,IMPROPER PASSING,39.24477458,-86.6348417
2,7,1600.0,2-Car,No injury/unknown,ROADWAY SURFACE CONDITION,39.24477458,-86.63486942
1,6,1800.0,1-Car,No injury/unknown,ROADWAY SURFACE CONDITION,39.244752,-86.5928
1,6,1800.0,1-Car,No injury/unknown,ROADWAY SURFACE CONDITION,39.244752,-86.5928
8,3,1500.0,Bus,No injury/unknown,FAILURE TO YIELD RIGHT OF WAY,39.24424,-86.6344
1,5,1600.0,2-Car,No injury/unknown,,39.24329095,-86.62119832
5,4,1400.0,2-Car,No injury/unknown,UNSAFE BACKING,39.242512,-86.439632
7,5,1000.0,2-Car,No injury/unknown,IMPROPER TURNING,39.24104,-86.632096
12,4,1000.0,1-Car,Non-incapacitating,RAN OFF ROAD LEFT,39.240656,-86.440464
1,6,800.0,1-Car,No injury/unknown,UNSAFE SPEED,39.23984,-86.387696
2,4,1100.0,1-Car,Non-incapacitating,ALCOHOLIC BEVERAGES,39.23847601,-86.408427
12,6,700.0,1-Car,No injury/unknown,SPEED TOO FAST FOR WEATHER CONDITIONS,39.23821418,-86.62385816
11,2,2200.0,1-Car,No injury/unknown,RAN OFF ROAD LEFT,39.23777705,-86.3750827
6,7,1200.0,2-Car,No injury/unknown,FAILURE TO YIELD RIGHT OF WAY,39.237768,-86.629224
3,2,1800.0,1-Car,No injury/unknown,,39.2376167,-86.63158949
9,4,1800.0,1-Car,No injury/unknown,UNSAFE SPEED,39.237488,-86.57
6,2,2200.0,1-Car,Non-incapacitating,,39.23744,-86.592752
12,7,300.0,1-Car,Non-incapacitating,RAN OFF ROAD LEFT,39.23744,-86.592752
10,7,0.0,2-Car,No injury/unknown,LEFT OF CENTER,39.23726593,-86.62770689
4,2,700.0,2-Car,No injury/unknown,,39.237248,-86.629296
10,3,700.0,Bus,No injury/unknown,IMPROPER PASSING,39.237152,-86.6304
6,5,500.0,1-Car,Non-incapacitating,RAN OFF ROAD LEFT,39.236999,-86.50349591
2,3,1500.0,3+ Cars,Non-incapacitating,LEFT OF CENTER,39.236288,-86.628336
11,7,900.0,1-Car,No injury/unknown,NONE (DRIVER),39.23612201,-86.62901273
12,6,700.0,2-Car,No injury/unknown,DISREGARD SIGNAL/REG SIGN,39.235952,-86.629696
6,5,1100.0,2-Car,No injury/unknown,FAILURE TO YIELD RIGHT OF WAY,39.234976,-86.61536
10,7,0.0,2-Car,No injury/unknown,FAILURE TO YIELD RIGHT OF WAY,39.234944,-86.623392
1,6,1800.0,2-Car,No injury/unknown,FAILURE TO YIELD RIGHT OF WAY,39.234768,-86.626384
10,3,700.0,2-Car,No injury/unknown,OTHER (DRIVER) - EXPLAIN IN NARRATIVE,39.234768,-86.626384
4,5,1500.0,2-Car,No injury/unknown,FAILURE TO YIELD RIGHT OF WAY,39.234768,-86.626384
8,6,1700.0,3+ Cars,No injury/unknown,,39.234768,-86.626384
3,4,800.0,2-Car,No injury/unknown,,39.234496,-86.615424
11,7,2200.0,2-Car,No injury/unknown,LEFT OF CENTER,39.234392,-86.54
1,5,700.0,1-Car,No injury/unknown,,39.234384,-86.624064
11,4,1500.0,1-Car,No injury/unknown,IMPROPER TURNING,39.234384,-86.624064
1,5,700.0,3+ Cars,No injury/unknown,,39.234384,-86.624064
10,6,1500.0,2-Car,No injury/unknown,FOLLOWING TOO CLOSELY,39.23403394,-86.62519693
12,6,1000.0,2-Car,No injury/unknown,FAILURE TO YIELD RIGHT OF WAY,39.23398315,-86.62506784
7,7,1100.0,2-Car,No injury/unknown,FAILURE TO YIELD RIGHT OF WAY,39.23389077,-86.62464428
1,5,1600.0,2-Car,No injury/unknown,FAILURE TO YIELD RIGHT OF WAY,39.23384,-86.624704
9,7,2000.0,2-Car,No injury/unknown,FOLLOWING TOO CLOSELY,39.23384,-86.624704
10,5,1100.0,2-Car,No injury/unknown,UNSAFE BACKING,39.23384,-86.624704
12,1,1900.0,2-Car,No injury/unknown,IMPROPER TURNING,39.23384,-86.624704
11,7,700.0,2-Car,No injury/unknown,NONE (ENVIRONMENTAL),39.23380346,-86.62465101
12,4,1000.0,1-Car,Non-incapacitating,ROADWAY SURFACE CONDITION,39.23323264,-86.43654662
8,6,1400.0,2-Car,No injury/unknown,FAILURE TO YIELD RIGHT OF WAY,39.233056,-86.6256
5,6,1800.0,1-Car,Non-incapacitating,,39.233056,-86.6256
12,6,1300.0,2-Car,No injury/unknown,FAILURE TO YIELD RIGHT OF WAY,39.23290953,-86.62080365
3,2,,2-Car,No injury/unknown,IMPROPER TURNING,39.23274069,-86.624799
12,2,1300.0,2-Car,Non-incapacitating,DISREGARD SIGNAL/REG SIGN,39.232688,-86.623056
1,1,900.0,1-Car,No injury/unknown,ROADWAY SURFACE CONDITION,39.232688,-86.623056
12,6,1700.0,1-Car,No injury/unknown,OVERCORRECTING/OVERSTEERING,39.23263733,-86.6111017
4,7,1300.0,1-Car,No injury/unknown,OTHER (DRIVER) - EXPLAIN IN NARRATIVE,39.232544,-86.540704
10,3,0.0,2-Car,No injury/unknown,ALCOHOLIC BEVERAGES,39.232544,-86.540704
6,2,1700.0,2-Car,Non-incapacitating,FOLLOWING TOO CLOSELY,39.232544,-86.540704
6,2,1500.0,2-Car,No injury/unknown,FAILURE TO YIELD RIGHT OF WAY,39.23248,-86.620256
3,2,1700.0,2-Car,No injury/unknown,FOLLOWING TOO CLOSELY,39.2320775,-86.62712267
12,6,1800.0,1-Car,No injury/unknown,OTHER (DRIVER) - EXPLAIN IN NARRATIVE,39.23185717,-86.67152592
12,7,0.0,1-Car,Fatal,ALCOHOLIC BEVERAGES,39.231696,-86.67408
8,1,700.0,1-Car,No injury/unknown,RAN OFF ROAD RIGHT,39.23164167,-86.67058614
2,1,,1-Car,No injury/unknown,OVERCORRECTING/OVERSTEERING,39.23144,-86.621296
11,6,700.0,2-Car,No injury/unknown,OTHER (DRIVER) - EXPLAIN IN NARRATIVE,39.231344,-86.640096
11,6,1400.0,2-Car,Non-incapacitating,FAILURE TO YIELD RIGHT OF WAY,39.23129178,-86.63836831
7,2,1800.0,1-Car,No injury/unknown,ALCOHOLIC BEVERAGES,39.23126446,-86.41577243
7,6,1300.0,1-Car,Non-incapacitating,DRIVER ASLEEP OR FATIGUED,39.23117884,-86.63186428
6,7,1500.0,1-Car,Non-incapacitating,OVERCORRECTING/OVERSTEERING,39.23100383,-86.41114958
10,5,1500.0,1-Car,Non-incapacitating,FAILURE TO YIELD RIGHT OF WAY,39.230752,-86.424096
12,7,1100.0,2-Car,Non-incapacitating,OTHER (DRIVER) - EXPLAIN IN NARRATIVE,39.230752,-86.424096
7,3,1800.0,1-Car,No injury/unknown,DRIVER ASLEEP OR FATIGUED,39.23024,-86.4732
5,2,1900.0,2-Car,No injury/unknown,UNSAFE BACKING,39.230048,-86.4316
7,7,1000.0,2-Car,No injury/unknown,FAILURE TO YIELD RIGHT OF WAY,39.230048,-86.4316
9,2,0.0,3+ Cars,No injury/unknown,ALCOHOLIC BEVERAGES,39.23001567,-86.635728
3,6,1700.0,3+ Cars,No injury/unknown,FOLLOWING TOO CLOSELY,39.229904,-86.619136
4,7,0.0,1-Car,No injury/unknown,ALCOHOLIC BEVERAGES,39.22984,-86.502
9,2,1400.0,2-Car,No injury/unknown,LEFT OF CENTER,39.22946514,-86.6236418
9,3,700.0,2-Car,No injury/unknown,FAILURE TO YIELD RIGHT OF WAY,39.229424,-86.623584
2,5,900.0,2-Car,No injury/unknown,ROADWAY SURFACE CONDITION,39.228944,-86.627504
12,2,1600.0,2-Car,No injury/unknown,LEFT OF CENTER,39.22877956,-86.43302702
6,3,2000.0,2-Car,No injury/unknown,OTHER (DRIVER) - EXPLAIN IN NARRATIVE,39.227248,-86.6208
2,2,1300.0,1-Car,No injury/unknown,UNSAFE BACKING,39.22715822,-86.520199
3,1,1200.0,Moped/Motorcycle,Non-incapacitating,RAN OFF ROAD RIGHT,39.22691127,-86.61497369
11,7,2100.0,2-Car,No injury/unknown,,39.22565054,-86.51218007
2,3,900.0,1-Car,No injury/unknown,ROADWAY SURFACE CONDITION,39.22529582,-86.43973274
12,7,2100.0,2-Car,No injury/unknown,ROADWAY SURFACE CONDITION,39.2239935,-86.569199
9,1,300.0,1-Car,No injury/unknown,RAN OFF ROAD RIGHT,39.22346462,-86.59271426
12,1,1700.0,2-Car,No injury/unknown,OTHER (DRIVER) - EXPLAIN IN NARRATIVE,39.22297463,-86.576399
11,4,700.0,1-Car,No injury/unknown,RAN OFF ROAD RIGHT,39.2228835,-86.59093005
5,7,1400.0,2-Car,No injury/unknown,FAILURE TO YIELD RIGHT OF WAY,39.222848,-86.63048
1,7,,1-Car,No injury/unknown,RAN OFF ROAD RIGHT,39.222848,-86.592704
1,5,1100.0,1-Car,Non-incapacitating,RAN OFF ROAD LEFT,39.222848,-86.592704
10,4,1900.0,2-Car,No injury/unknown,FAILURE TO YIELD RIGHT OF WAY,39.222752,-86.550096
8,6,1100.0,2-Car,No injury/unknown,OTHER (DRIVER) - EXPLAIN IN NARRATIVE,39.222752,-86.550096
8,7,600.0,2-Car,No injury/unknown,IMPROPER TURNING,39.222752,-86.550096
6,7,1100.0,2-Car,No injury/unknown,IMPROPER TURNING,39.222752,-86.550096
1,5,900.0,Bus,No injury/unknown,IMPROPER PASSING,39.222752,-86.550096
7,2,1700.0,2-Car,No injury/unknown,UNSAFE BACKING,39.222752,-86.550096
9,5,1200.0,2-Car,No injury/unknown,FAILURE TO YIELD RIGHT OF WAY,39.22248195,-86.60785955
11,5,700.0,1-Car,No injury/unknown,ANIMAL/OBJECT IN ROADWAY,39.22148716,-86.5498257
8,3,1700.0,2-Car,No injury/unknown,CELL PHONE USAGE,39.22140127,-86.60602375
1,4,700.0,1-Car,No injury/unknown,,39.2213556,-86.60556022
4,2,1300.0,1-Car,Non-incapacitating,DRIVER ILLNESS,39.22132916,-86.44196632
3,1,1300.0,2-Car,No injury/unknown,,39.221152,-86.6056
1,3,1500.0,3+ Cars,No injury/unknown,ALCOHOLIC BEVERAGES,39.221152,-86.6056
10,6,900.0,2-Car,Non-incapacitating,FAILURE TO YIELD RIGHT OF WAY,39.221152,-86.6056
6,4,1200.0,2-Car,No injury/unknown,FAILURE TO YIELD RIGHT OF WAY,39.221152,-86.6056
3,6,1900.0,2-Car,No injury/unknown,FAILURE TO YIELD RIGHT OF WAY,39.221152,-86.6056
12,3,1700.0,2-Car,No injury/unknown,FAILURE TO YIELD RIGHT OF WAY,39.221152,-86.6056
12,6,900.0,2-Car,No injury/unknown,FOLLOWING TOO CLOSELY,39.221152,-86.6056
4,4,600.0,1-Car,Non-incapacitating,LEFT OF CENTER,39.221152,-86.6056
6,5,700.0,1-Car,Non-incapacitating,FAILURE TO YIELD RIGHT OF WAY,39.221152,-86.6056
11,3,1100.0,1-Car,No injury/unknown,OVERCORRECTING/OVERSTEERING,39.22102221,-86.61229166
10,6,1700.0,2-Car,No injury/unknown,FAILURE TO YIELD RIGHT OF WAY,39.22096395,-86.60534143
12,4,300.0,1-Car,No injury/unknown,UNSAFE SPEED,39.22087558,-86.61218492
6,7,1600.0,1-Car,No injury/unknown,UNSAFE SPEED,39.220544,-86.442288
2,5,2000.0,2-Car,No injury/unknown,LEFT OF CENTER,39.220544,-86.442288
12,2,1600.0,1-Car,Non-incapacitating,RAN OFF ROAD RIGHT,39.21962125,-86.44329099
6,6,1400.0,1-Car,Non-incapacitating,DRIVER ASLEEP OR FATIGUED,39.219552,-86.444592
9,1,900.0,2-Car,No injury/unknown,FAILURE TO YIELD RIGHT OF WAY,39.219552,-86.444592
8,5,1700.0,1-Car,No injury/unknown,OTHER (DRIVER) - EXPLAIN IN NARRATIVE,39.2189998,-86.56462799
11,7,100.0,1-Car,No injury/unknown,UNSAFE SPEED,39.21849899,-86.45351639
4,5,1500.0,2-Car,No injury/unknown,FAILURE TO YIELD RIGHT OF WAY,39.218101,-86.592699
8,7,1500.0,2-Car,Non-incapacitating,UNSAFE SPEED,39.21792943,-86.5927925
8,3,1800.0,2-Car,No injury/unknown,FAILURE TO YIELD RIGHT OF WAY,39.21787854,-86.60015183
6,3,1200.0,2-Car,No injury/unknown,,39.21634687,-86.47796449
11,5,1500.0,2-Car,No injury/unknown,FAILURE TO YIELD RIGHT OF WAY,39.2157331,-86.5928
8,5,2000.0,1-Car,No injury/unknown,,39.21544001,-86.54243631
10,3,1500.0,1-Car,No injury/unknown,RAN OFF ROAD RIGHT,39.2154,-86.52153926
11,6,1400.0,2-Car,No injury/unknown,OTHER (DRIVER) - EXPLAIN IN NARRATIVE,39.2154,-86.52150465
5,7,1300.0,2-Car,Non-incapacitating,UNSAFE SPEED,39.21537271,-86.59344988
6,4,1300.0,2-Car,Non-incapacitating,LEFT OF CENTER,39.215312,-86.517776
4,3,1300.0,2-Car,No injury/unknown,FAILURE TO YIELD RIGHT OF WAY,39.21528928,-86.5928
11,2,800.0,2-Car,Non-incapacitating,OTHER (DRIVER) - EXPLAIN IN NARRATIVE,39.2151862,-86.63043113
1,4,800.0,2-Car,No injury/unknown,,39.2151862,-86.63043113
7,1,2200.0,2-Car,No injury/unknown,UNSAFE SPEED,39.21516304,-86.59283249
12,2,1700.0,3+ Cars,No injury/unknown,DISREGARD SIGNAL/REG SIGN,39.215152,-86.5928
9,6,1900.0,2-Car,No injury/unknown,PRESCRIPTION DRUGS,39.215152,-86.5928
9,6,200.0,1-Car,No injury/unknown,RAN OFF ROAD RIGHT,39.215152,-86.6
1,4,900.0,2-Car,No injury/unknown,ROADWAY SURFACE CONDITION,39.215152,-86.5928