Month,Day,Hour,Collision Type,Injury Type,Primary Factor,Latitude,Longitude
6,2,1300.0,2-Car,No injury/unknown,FAILURE TO YIELD RIGHT OF WAY,39.215152,-86.5928
6,5,1200.0,2-Car,No injury/unknown,,39.215152,-86.5928
11,7,1100.0,2-Car,No injury/unknown,OTHER (DRIVER) - EXPLAIN IN NARRATIVE,39.215152,-86.5928
5,3,1100.0,2-Car,No injury/unknown,UNSAFE BACKING,39.215152,-86.5928
9,7,1800.0,2-Car,No injury/unknown,OTHER (VEHICLE) - EXPLAIN IN NARRATIVE,39.215152,-86.5928
10,2,1800.0,2-Car,No injury/unknown,UNSAFE BACKING,39.215152,-86.5928
1,5,1000.0,2-Car,No injury/unknown,OTHER (DRIVER) - EXPLAIN IN NARRATIVE,39.215152,-86.5928
9,3,1600.0,2-Car,No injury/unknown,OTHER (DRIVER) - EXPLAIN IN NARRATIVE,39.215152,-86.5928
12,7,1100.0,2-Car,No injury/unknown,FAILURE TO YIELD RIGHT OF WAY,39.215152,-86.5928
1,2,1500.0,2-Car,No injury/unknown,FAILURE TO YIELD RIGHT OF WAY,39.215152,-86.5928
10,7,2100.0,2-Car,Non-incapacitating,ALCOHOLIC BEVERAGES,39.2149609,-86.5925452
7,3,1500.0,2-Car,No injury/unknown,OTHER (DRIVER) - EXPLAIN IN NARRATIVE,39.21481025,-86.532899
10,1,600.0,1-Car,Non-incapacitating,PASSENGER DISTRACTION,39.214752,-86.468
7,3,1200.0,2-Car,No injury/unknown,FAILURE TO YIELD RIGHT OF WAY,39.21469488,-86.58667193
5,7,400.0,1-Car,No injury/unknown,RAN OFF ROAD RIGHT,39.21464408,-86.47775208
9,6,1700.0,2-Car,Non-incapacitating,LEFT OF CENTER,39.21449976,-86.45610655
10,6,1400.0,2-Car,No injury/unknown,FOLLOWING TOO CLOSELY,39.21421419,-86.59150436
6,2,1500.0,2-Car,Non-incapacitating,FOLLOWING TOO CLOSELY,39.21421419,-86.59150436
9,7,700.0,2-Car,No injury/unknown,OTHER (DRIVER) - EXPLAIN IN NARRATIVE,39.213952,-86.588
2,2,1500.0,2-Car,No injury/unknown,LEFT OF CENTER,39.212944,-86.486896
10,3,1800.0,3+ Cars,No injury/unknown,UNSAFE SPEED,39.212848,-86.505392
10,5,1200.0,2-Car,No injury/unknown,FAILURE TO YIELD RIGHT OF WAY,39.212848,-86.505392
9,3,600.0,1-Car,No injury/unknown,ANIMAL/OBJECT IN ROADWAY,39.21277291,-86.55376737
7,3,1300.0,1-Car,Non-incapacitating,UNSAFE SPEED,39.212544,-86.5616
6,4,0.0,1-Car,Non-incapacitating,ROADWAY SURFACE CONDITION,39.212528,-86.496128
7,7,1300.0,2-Car,Non-incapacitating,,39.21225126,-86.46034226
6,6,600.0,2-Car,No injury/unknown,OTHER (DRIVER) - EXPLAIN IN NARRATIVE,39.212048,-86.5872
2,1,200.0,2-Car,No injury/unknown,RAN OFF ROAD RIGHT,39.2117809,-86.59947918
1,6,1000.0,2-Car,No injury/unknown,UNSAFE BACKING,39.21168,-86.559184
4,1,900.0,2-Car,No injury/unknown,RAN OFF ROAD RIGHT,39.21168,-86.559184
10,3,700.0,2-Car,Non-incapacitating,FOLLOWING TOO CLOSELY,39.21134714,-86.58525838
1,1,700.0,1-Car,Non-incapacitating,RAN OFF ROAD RIGHT,39.211104,-86.62055369
7,1,2100.0,1-Car,No injury/unknown,ANIMAL/OBJECT IN ROADWAY,39.2109592,-86.55414215
2,2,800.0,1-Car,No injury/unknown,,39.21095107,-86.55414383
2,3,1600.0,2-Car,No injury/unknown,OTHER (DRIVER) - EXPLAIN IN NARRATIVE,39.210544,-86.563296
1,2,1700.0,2-Car,No injury/unknown,OTHER (DRIVER) - EXPLAIN IN NARRATIVE,39.21047499,-86.58376626
6,7,2200.0,Moped/Motorcycle,Incapacitating,ALCOHOLIC BEVERAGES,39.2103095,-86.58348313
5,6,2000.0,2-Car,No injury/unknown,,39.210144,-86.5832
9,2,700.0,2-Car,Non-incapacitating,IMPROPER TURNING,39.210144,-86.5832
10,4,1700.0,2-Car,No injury/unknown,BRAKE FAILURE OR DEFECTIVE,39.210144,-86.5832
11,4,1700.0,2-Car,No injury/unknown,UNSAFE SPEED,39.210144,-86.5832
12,7,1400.0,2-Car,No injury/unknown,FAILURE TO YIELD RIGHT OF WAY,39.21000673,-86.5832
7,5,2300.0,1-Car,No injury/unknown,ALCOHOLIC BEVERAGES,39.209952,-86.463392
9,5,1900.0,2-Car,No injury/unknown,FOLLOWING TOO CLOSELY,39.209952,-86.463392
4,5,1600.0,2-Car,Non-incapacitating,FAILURE TO YIELD RIGHT OF WAY,39.209952,-86.463392
3,5,800.0,2-Car,No injury/unknown,FOLLOWING TOO CLOSELY,39.20986945,-86.5832
9,5,800.0,2-Car,No injury/unknown,CELL PHONE USAGE,39.2097,-86.57141099
2,1,2000.0,2-Car,No injury/unknown,,39.20959554,-86.55442392
3,2,900.0,2-Car,No injury/unknown,FOLLOWING TOO CLOSELY,39.209344,-86.5736
12,6,1300.0,1-Car,No injury/unknown,ROADWAY SURFACE CONDITION,39.20885461,-86.46333752
2,7,1100.0,1-Car,No injury/unknown,OTHER (DRIVER) - EXPLAIN IN NARRATIVE,39.20885384,-86.59219467
12,6,1600.0,1-Car,No injury/unknown,,39.208544,-86.611504
5,5,700.0,2-Car,Non-incapacitating,FAILURE TO YIELD RIGHT OF WAY,39.208544,-86.611504
8,5,1600.0,2-Car,No injury/unknown,FOLLOWING TOO CLOSELY,39.20851111,-86.55464799
12,4,1500.0,2-Car,Non-incapacitating,FAILURE TO YIELD RIGHT OF WAY,39.20839016,-86.55361882
12,2,1200.0,2-Car,No injury/unknown,ROADWAY SURFACE CONDITION,39.20837022,-86.58050065
11,1,1000.0,1-Car,Non-incapacitating,OTHER (DRIVER) - EXPLAIN IN NARRATIVE,39.20824,-86.55579202
1,3,1100.0,2-Car,No injury/unknown,IMPROPER TURNING,39.20824,-86.580208
5,4,1500.0,2-Car,Non-incapacitating,LEFT OF CENTER,39.20824,-86.554704
7,4,2100.0,1-Car,No injury/unknown,,39.20824,-86.554704
5,5,1700.0,2-Car,Non-incapacitating,FAILURE TO YIELD RIGHT OF WAY,39.20824,-86.554704
1,7,1700.0,2-Car,No injury/unknown,,39.20824,-86.554704
11,2,1800.0,1-Car,No injury/unknown,UNSAFE SPEED,39.208202,-86.60706809
3,2,1400.0,2-Car,No injury/unknown,FOLLOWING TOO CLOSELY,39.208144,-86.5832
4,7,,2-Car,No injury/unknown,OTHER (DRIVER) - EXPLAIN IN NARRATIVE,39.208144,-86.5832
7,1,1200.0,3+ Cars,Non-incapacitating,OTHER (ENVIRONMENTAL) - EXPLAIN IN NARR,39.208144,-86.5832
12,3,200.0,2-Car,Incapacitating,UNSAFE SPEED,39.208144,-86.5832
5,5,2300.0,1-Car,Non-incapacitating,RAN OFF ROAD RIGHT,39.2078953,-86.639733
2,5,500.0,1-Car,No injury/unknown,,39.207648,-86.573792
1,5,2000.0,2-Car,No injury/unknown,IMPROPER LANE USAGE,39.20737184,-86.57328088
6,6,1800.0,2-Car,No injury/unknown,UNSAFE SPEED,39.20724851,-86.55656756
12,2,1400.0,3+ Cars,Non-incapacitating,DISREGARD SIGNAL/REG SIGN,39.20704,-86.534704
9,2,1400.0,2-Car,Non-incapacitating,LEFT OF CENTER,39.20704,-86.534704
12,2,300.0,1-Car,No injury/unknown,OVERCORRECTING/OVERSTEERING,39.206352,-86.557696
2,1,1100.0,2-Car,No injury/unknown,LEFT OF CENTER,39.20584,-86.401696
10,3,1100.0,2-Car,No injury/unknown,OBSTRUCTION NOT MARKED,39.20568302,-86.55789446
12,6,0.0,1-Car,No injury/unknown,ROADWAY SURFACE CONDITION,39.2054,-86.583099
12,5,1900.0,1-Car,No injury/unknown,ANIMAL/OBJECT IN ROADWAY,39.20535873,-86.57008793
11,7,1600.0,2-Car,No injury/unknown,OTHER (DRIVER) - EXPLAIN IN NARRATIVE,39.20535487,-86.490495
10,7,300.0,1-Car,No injury/unknown,OVERCORRECTING/OVERSTEERING,39.2045933,-86.46353122
4,5,2200.0,1-Car,No injury/unknown,PASSENGER DISTRACTION,39.20405412,-86.519195
12,1,2100.0,1-Car,No injury/unknown,RAN OFF ROAD RIGHT,39.20383013,-86.60380318
2,3,1500.0,2-Car,No injury/unknown,FAILURE TO YIELD RIGHT OF WAY,39.203402,-86.5473
1,4,1400.0,2-Car,No injury/unknown,OTHER (DRIVER) - EXPLAIN IN NARRATIVE,39.20304,-86.547392
10,2,700.0,2-Car,No injury/unknown,FAILURE TO YIELD RIGHT OF WAY,39.20304,-86.547392
12,5,1500.0,2-Car,No injury/unknown,UNSAFE SPEED,39.20304,-86.547392
7,3,800.0,2-Car,No injury/unknown,OTHER (ENVIRONMENTAL) - EXPLAIN IN NARR,39.20304,-86.547392
1,3,900.0,2-Car,No injury/unknown,OTHER (DRIVER) - EXPLAIN IN NARRATIVE,39.20304,-86.547392
1,4,800.0,2-Car,No injury/unknown,OTHER (DRIVER) - EXPLAIN IN NARRATIVE,39.20304,-86.547392
4,4,900.0,1-Car,No injury/unknown,,39.20304,-86.547392
1,3,1800.0,1-Car,No injury/unknown,ANIMAL/OBJECT IN ROADWAY,39.20243448,-86.531399
9,3,1300.0,Moped/Motorcycle,Non-incapacitating,UNSAFE SPEED,39.202144,-86.658608
2,1,1100.0,1-Car,Non-incapacitating,RAN OFF ROAD RIGHT,39.201952,-86.5288
9,5,1500.0,Moped/Motorcycle,Non-incapacitating,RAN OFF ROAD RIGHT,39.201952,-86.5288
9,6,1200.0,1-Car,Non-incapacitating,OVERCORRECTING/OVERSTEERING,39.201952,-86.5288
1,7,1300.0,1-Car,No injury/unknown,UNSAFE SPEED,39.201952,-86.5288
4,6,1200.0,1-Car,Non-incapacitating,OVERCORRECTING/OVERSTEERING,39.201952,-86.5288
2,6,1000.0,1-Car,No injury/unknown,ROADWAY SURFACE CONDITION,39.20155232,-86.55911977
12,2,1700.0,1-Car,No injury/unknown,,39.20113634,-86.5114407
10,3,1400.0,2-Car,Non-incapacitating,IMPROPER PASSING,39.20088575,-86.54376106
6,5,1100.0,1-Car,No injury/unknown,OTHER (ENVIRONMENTAL) - EXPLAIN IN NARR,39.200448,-86.514192
2,1,900.0,1-Car,No injury/unknown,,39.20004693,-86.55992462
2,1,2000.0,1-Car,No injury/unknown,OTHER (DRIVER) - EXPLAIN IN NARRATIVE,39.20003537,-86.54503579
4,4,800.0,2-Car,No injury/unknown,UNSAFE BACKING,39.19994039,-86.46798289
8,1,1700.0,2-Car,No injury/unknown,OTHER (DRIVER) - EXPLAIN IN NARRATIVE,39.19946715,-86.54357188
10,6,1600.0,Pedestrian,Non-incapacitating,OTHER (DRIVER) - EXPLAIN IN NARRATIVE,39.19946715,-86.54357188
2,4,,1-Car,No injury/unknown,RAN OFF ROAD RIGHT,39.1993156,-86.55943205
11,1,1900.0,1-Car,No injury/unknown,OTHER (VEHICLE) - EXPLAIN IN NARRATIVE,39.19872227,-86.569499
12,7,2000.0,2-Car,No injury/unknown,OTHER (DRIVER) - EXPLAIN IN NARRATIVE,39.198528,-86.528624
12,5,1900.0,1-Car,Non-incapacitating,ROADWAY SURFACE CONDITION,39.198528,-86.528624
7,7,1900.0,2-Car,Non-incapacitating,FAILURE TO YIELD RIGHT OF WAY,39.19846534,-86.55885352
10,2,2000.0,1-Car,Non-incapacitating,ANIMAL/OBJECT IN ROADWAY,39.19826214,-86.55463201
9,6,2000.0,2-Car,No injury/unknown,LEFT OF CENTER,39.198203,-86.542098
10,3,1900.0,2-Car,Non-incapacitating,UNSAFE SPEED,39.198144,-86.542096
10,4,700.0,3+ Cars,No injury/unknown,NONE (ENVIRONMENTAL),39.198144,-86.542096
2,6,2200.0,2-Car,No injury/unknown,,39.19792362,-86.516399
5,6,1400.0,2-Car,No injury/unknown,FAILURE TO YIELD RIGHT OF WAY,39.19719251,-86.55201192
6,2,1500.0,,No injury/unknown,IMPROPER LANE USAGE,39.19688941,-86.55462121
5,2,500.0,1-Car,No injury/unknown,ANIMAL/OBJECT IN ROADWAY,39.19623588,-86.46782886
9,2,1700.0,2-Car,No injury/unknown,IMPROPER PASSING,39.19622214,-86.55689363
2,2,900.0,2-Car,No injury/unknown,FAILURE TO YIELD RIGHT OF WAY,39.195744,-86.542608
5,7,400.0,1-Car,No injury/unknown,,39.19508735,-86.513299
6,3,700.0,2-Car,No injury/unknown,OTHER (DRIVER) - EXPLAIN IN NARRATIVE,39.19422636,-86.55459288
8,7,1600.0,Moped/Motorcycle,Non-incapacitating,RAN OFF ROAD LEFT,39.194144,-86.554592
7,4,1500.0,2-Car,No injury/unknown,IMPROPER LANE USAGE,39.194144,-86.554592
8,1,2000.0,1-Car,No injury/unknown,,39.194144,-86.554592
3,6,1700.0,2-Car,No injury/unknown,ALCOHOLIC BEVERAGES,39.194144,-86.554592
6,2,2100.0,2-Car,No injury/unknown,,39.194144,-86.554592
11,1,2200.0,1-Car,No injury/unknown,UNSAFE SPEED,39.19412474,-86.512094
10,6,1600.0,2-Car,No injury/unknown,LEFT OF CENTER,39.19409436,-86.54096167
6,1,600.0,1-Car,No injury/unknown,OTHER (DRIVER) - EXPLAIN IN NARRATIVE,39.193648,-86.540704
2,4,1400.0,1-Car,Non-incapacitating,DRIVER ILLNESS,39.19359866,-86.55398335
4,6,1300.0,1-Car,No injury/unknown,RAN OFF ROAD RIGHT,39.19332654,-86.42243138
10,2,2000.0,1-Car,Non-incapacitating,DRIVER ILLNESS,39.19315815,-86.63013568
9,6,1200.0,2-Car,Non-incapacitating,OTHER (DRIVER) - EXPLAIN IN NARRATIVE,39.19261196,-86.53309642
3,2,1300.0,2-Car,No injury/unknown,,39.1923,-86.5212163
2,7,1900.0,2-Car,No injury/unknown,OVERCORRECTING/OVERSTEERING,39.19139884,-86.55463663
4,7,2100.0,2-Car,No injury/unknown,FAILURE TO YIELD RIGHT OF WAY,39.191248,-86.532896
7,4,100.0,1-Car,No injury/unknown,IMPROPER TURNING,39.190672,-86.582992
2,3,1300.0,1-Car,Non-incapacitating,DRIVER ILLNESS,39.19062065,-86.66068204
10,5,2000.0,2-Car,Non-incapacitating,UNSAFE SPEED,39.190603,-86.583099
8,7,,2-Car,No injury/unknown,,39.19057361,-86.53772497
5,5,2100.0,1-Car,No injury/unknown,,39.1904867,-86.535864
1,7,100.0,1-Car,No injury/unknown,ROADWAY SURFACE CONDITION,39.190448,-86.51387663
9,1,500.0,1-Car,No injury/unknown,UNSAFE SPEED,39.190448,-86.51423137
12,7,0.0,1-Car,No injury/unknown,ROADWAY SURFACE CONDITION,39.190448,-86.51241382
12,6,1000.0,1-Car,No injury/unknown,OVERCORRECTING/OVERSTEERING,39.190202,-86.58238501
9,5,1400.0,2-Car,Incapacitating,UNSAFE SPEED,39.19013295,-86.53767956
2,3,1400.0,2-Car,No injury/unknown,UNSAFE BACKING,39.19008022,-86.576399
12,4,,2-Car,No injury/unknown,,39.189968,-86.52128
9,2,1600.0,2-Car,No injury/unknown,,39.18965099,-86.520799
3,3,1000.0,2-Car,No injury/unknown,FAILURE TO YIELD RIGHT OF WAY,39.18943213,-86.53338681
1,1,1800.0,2-Car,No injury/unknown,UNSAFE BACKING,39.18942433,-86.53338906
5,7,2000.0,2-Car,Non-incapacitating,OTHER (DRIVER) - EXPLAIN IN NARRATIVE,39.18942433,-86.53338906
6,2,1300.0,2-Car,No injury/unknown,,39.18916385,-86.53346214
4,7,1900.0,2-Car,No injury/unknown,OTHER (DRIVER) - EXPLAIN IN NARRATIVE,39.18904,-86.630096
6,4,1800.0,2-Car,Non-incapacitating,LEFT OF CENTER,39.18904,-86.630096
1,3,700.0,1-Car,No injury/unknown,ROADWAY SURFACE CONDITION,39.18904,-86.630096
2,7,2100.0,1-Car,Non-incapacitating,OTHER (DRIVER) - EXPLAIN IN NARRATIVE,39.18904,-86.630096
12,5,700.0,2-Car,Non-incapacitating,ROADWAY SURFACE CONDITION,39.18904,-86.630096
1,3,1400.0,2-Car,No injury/unknown,FAILURE TO YIELD RIGHT OF WAY,39.188832,-86.522848
1,4,900.0,3+ Cars,No injury/unknown,OTHER (DRIVER) - EXPLAIN IN NARRATIVE,39.188832,-86.522848
11,5,1600.0,2-Car,No injury/unknown,UNSAFE BACKING,39.188832,-86.522848
11,2,1100.0,2-Car,No injury/unknown,FAILURE TO YIELD RIGHT OF WAY,39.1888,-86.52252
2,5,1000.0,2-Car,No injury/unknown,UNSAFE BACKING,39.188768,-86.522192
12,5,1600.0,2-Car,No injury/unknown,FOLLOWING TOO CLOSELY,39.18868304,-86.53358867
2,7,800.0,1-Car,Non-incapacitating,ROADWAY SURFACE CONDITION,39.1886573,-86.55473736
2,5,700.0,1-Car,No injury/unknown,,39.1886469,-86.57642683
9,7,1300.0,2-Car,Non-incapacitating,DRIVER ILLNESS,39.18860839,-86.54219875
6,1,1700.0,1-Car,No injury/unknown,UNSAFE SPEED,39.1881461,-86.62723221
6,5,1700.0,2-Car,No injury/unknown,FAILURE TO YIELD RIGHT OF WAY,39.18758376,-86.583099
4,2,1400.0,2-Car,Non-incapacitating,FAILURE TO YIELD RIGHT OF WAY,39.18734875,-86.516399
11,3,2100.0,2-Car,No injury/unknown,FOLLOWING TOO CLOSELY,39.18734875,-86.516399
2,5,900.0,1-Car,No injury/unknown,UNSAFE SPEED,39.187344,-86.5552
8,2,1400.0,2-Car,No injury/unknown,FOLLOWING TOO CLOSELY,39.187344,-86.5552
12,6,1600.0,2-Car,No injury/unknown,FOLLOWING TOO CLOSELY,39.187344,-86.5552
9,2,800.0,2-Car,No injury/unknown,OTHER (DRIVER) - EXPLAIN IN NARRATIVE,39.187344,-86.5552
11,4,1200.0,2-Car,Non-incapacitating,FOLLOWING TOO CLOSELY,39.187344,-86.5552
11,5,800.0,2-Car,No injury/unknown,OTHER (DRIVER) - EXPLAIN IN NARRATIVE,39.187344,-86.5552
12,6,1500.0,2-Car,Non-incapacitating,FOLLOWING TOO CLOSELY,39.187344,-86.5552
10,1,1200.0,2-Car,No injury/unknown,OTHER (DRIVER) - EXPLAIN IN NARRATIVE,39.187344,-86.5552
8,7,1500.0,2-Car,Non-incapacitating,FAILURE TO YIELD RIGHT OF WAY,39.187344,-86.5552
9,3,1100.0,2-Car,No injury/unknown,DISREGARD SIGNAL/REG SIGN,39.187344,-86.5552
5,7,1900.0,2-Car,Non-incapacitating,FOLLOWING TOO CLOSELY,39.187344,-86.5552
3,2,1700.0,2-Car,Non-incapacitating,OTHER (DRIVER) - EXPLAIN IN NARRATIVE,39.187344,-86.5552
7,3,1800.0,1-Car,No injury/unknown,ROADWAY SURFACE CONDITION,39.187344,-86.5552
11,1,2100.0,2-Car,No injury/unknown,OTHER (DRIVER) - EXPLAIN IN NARRATIVE,39.187344,-86.5552
1,4,1800.0,2-Car,Non-incapacitating,DISREGARD SIGNAL/REG SIGN,39.187344,-86.5552
8,4,1200.0,2-Car,No injury/unknown,OTHER (DRIVER) - EXPLAIN IN NARRATIVE,39.187344,-86.5552
4,4,1400.0,2-Car,No injury/unknown,FAILURE TO YIELD RIGHT OF WAY,39.187344,-86.5552
12,4,1300.0,3+ Cars,No injury/unknown,FOLLOWING TOO CLOSELY,39.187344,-86.5552
6,2,1600.0,2-Car,Non-incapacitating,FOLLOWING TOO CLOSELY,39.187344,-86.5552
7,7,1600.0,2-Car,Non-incapacitating,FOLLOWING TOO CLOSELY,39.187344,-86.5552
8,3,2200.0,2-Car,Non-incapacitating,FAILURE TO YIELD RIGHT OF WAY,39.187344,-86.5552
7,2,1500.0,3+ Cars,Incapacitating,FAILURE TO YIELD RIGHT OF WAY,39.187344,-86.5552
12,3,1600.0,2-Car,No injury/unknown,FOLLOWING TOO CLOSELY,39.187344,-86.5552
1,5,800.0,Bus,No injury/unknown,OTHER (DRIVER) - EXPLAIN IN NARRATIVE,39.18723434,-86.53783102
11,7,2100.0,1-Car,No injury/unknown,OTHER (DRIVER) - EXPLAIN IN NARRATIVE,39.18714309,-86.55525827
11,1,1500.0,1-Car,No injury/unknown,RAN OFF ROAD LEFT,39.1871357,-86.62555121
10,5,1500.0,2-Car,No injury/unknown,FAILURE TO YIELD RIGHT OF WAY,39.18712835,-86.55033927
10,3,700.0,3+ Cars,No injury/unknown,OTHER (DRIVER) - EXPLAIN IN NARRATIVE,39.186944,-86.5468
6,1,1400.0,2-Car,No injury/unknown,FOLLOWING TOO CLOSELY,39.186944,-86.5468
10,7,1000.0,2-Car,No injury/unknown,FOLLOWING TOO CLOSELY,39.186944,-86.5468
7,5,1600.0,2-Car,No injury/unknown,FAILURE TO YIELD RIGHT OF WAY,39.18689778,-86.53421346
1,1,1600.0,2-Car,No injury/unknown,DISREGARD SIGNAL/REG SIGN,39.186752,-86.611504
11,3,800.0,2-Car,No injury/unknown,LEFT OF CENTER,39.186752,-86.611504
5,1,1300.0,1-Car,Non-incapacitating,RAN OFF ROAD RIGHT,39.18672,-86.60992
2,7,1600.0,2-Car,No injury/unknown,FAILURE TO YIELD RIGHT OF WAY,39.186688,-86.606528
2,3,700.0,1-Car,No injury/unknown,ROADWAY SURFACE CONDITION,39.18660717,-86.53930455
2,5,700.0,2-Car,No injury/unknown,OTHER (DRIVER) - EXPLAIN IN NARRATIVE,39.18654874,-86.53799424
1,2,600.0,2-Car,Non-incapacitating,DISREGARD SIGNAL/REG SIGN,39.186544,-86.537888
11,6,1800.0,2-Car,No injury/unknown,FOLLOWING TOO CLOSELY,39.186544,-86.537888
10,4,800.0,Bus,Non-incapacitating,OTHER (DRIVER) - EXPLAIN IN NARRATIVE,39.186544,-86.537888
11,7,1600.0,2-Car,Non-incapacitating,DISREGARD SIGNAL/REG SIGN,39.186544,-86.537888
10,4,1600.0,2-Car,No injury/unknown,DISREGARD SIGNAL/REG SIGN,39.186544,-86.537888
8,5,800.0,2-Car,No injury/unknown,FOLLOWING TOO CLOSELY,39.186544,-86.537888
5,1,900.0,2-Car,No injury/unknown,DISREGARD SIGNAL/REG SIGN,39.186544,-86.537888
7,5,1300.0,2-Car,No injury/unknown,DISREGARD SIGNAL/REG SIGN,39.186544,-86.537888
5,4,1400.0,2-Car,Non-incapacitating,OTHER (DRIVER) - EXPLAIN IN NARRATIVE,39.186544,-86.551168
5,7,1500.0,2-Car,No injury/unknown,FAILURE TO YIELD RIGHT OF WAY,39.186544,-86.551168
2,6,1100.0,2-Car,Non-incapacitating,DISREGARD SIGNAL/REG SIGN,39.186544,-86.537888
4,3,1600.0,2-Car,No injury/unknown,,39.186544,-86.537888
2,4,700.0,2-Car,No injury/unknown,FOLLOWING TOO CLOSELY,39.186544,-86.537888
8,6,1700.0,2-Car,No injury/unknown,FOLLOWING TOO CLOSELY,39.186544,-86.537888
8,4,800.0,2-Car,No injury/unknown,FOLLOWING TOO CLOSELY,39.18653974,-86.53781727
6,2,1400.0,2-Car,No injury/unknown,IMPROPER PASSING,39.18651202,-86.53735752
8,7,0.0,2-Car,No injury/unknown,OTHER (ENVIRONMENTAL) - EXPLAIN IN NARR,39.18647957,-86.54523222
8,6,1500.0,1-Car,No injury/unknown,ROADWAY SURFACE CONDITION,39.18645875,-86.54752531
7,3,1600.0,2-Car,No injury/unknown,DISREGARD SIGNAL/REG SIGN,39.186448,-86.546816
1,3,1800.0,2-Car,Non-incapacitating,FOLLOWING TOO CLOSELY,39.186368,-86.5344
2,7,1500.0,2-Car,Non-incapacitating,FOLLOWING TOO CLOSELY,39.186368,-86.5344
8,6,1800.0,3+ Cars,No injury/unknown,IMPROPER LANE USAGE,39.186368,-86.5344
11,7,100.0,3+ Cars,Non-incapacitating,ALCOHOLIC BEVERAGES,39.186368,-86.5344
10,3,800.0,2-Car,No injury/unknown,,39.186368,-86.5344
11,7,200.0,2-Car,No injury/unknown,ROADWAY SURFACE CONDITION,39.186368,-86.5344
4,4,700.0,2-Car,Non-incapacitating,FAILURE TO YIELD RIGHT OF WAY,39.186368,-86.5344
9,6,1900.0,2-Car,No injury/unknown,FAILURE TO YIELD RIGHT OF WAY,39.186368,-86.5344
9,3,2100.0,2-Car,No injury/unknown,FAILURE TO YIELD RIGHT OF WAY,39.186368,-86.5344
8,6,1600.0,2-Car,No injury/unknown,UNSAFE BACKING,39.186368,-86.5344
5,2,1800.0,2-Car,Non-incapacitating,FAILURE TO YIELD RIGHT OF WAY,39.186368,-86.5344
5,5,2200.0,2-Car,Non-incapacitating,FOLLOWING TOO CLOSELY,39.186368,-86.5344
7,6,500.0,2-Car,No injury/unknown,DISREGARD SIGNAL/REG SIGN,39.186368,-86.5344
6,7,900.0,3+ Cars,Non-incapacitating,DISREGARD SIGNAL/REG SIGN,39.186368,-86.5344
4,3,1000.0,2-Car,No injury/unknown,FAILURE TO YIELD RIGHT OF WAY,39.186368,-86.5344
4,5,800.0,2-Car,No injury/unknown,FOLLOWING TOO CLOSELY,39.186368,-86.5344
3,6,1800.0,2-Car,Non-incapacitating,FAILURE TO YIELD RIGHT OF WAY,39.186368,-86.5344
5,4,900.0,2-Car,No injury/unknown,IMPROPER TURNING,39.186368,-86.5344
10,7,1700.0,2-Car,No injury/unknown,FAILURE TO YIELD RIGHT OF WAY,39.18636591,-86.53404529
10,7,1600.0,2-Car,No injury/unknown,FAILURE TO YIELD RIGHT OF WAY,39.18636171,-86.53333586
11,4,1200.0,2-Car,No injury/unknown,FAILURE TO YIELD RIGHT OF WAY,39.18636142,-86.5332862
10,2,1600.0,3+ Cars,Non-incapacitating,FAILURE TO YIELD RIGHT OF WAY,39.18636,-86.533048
7,4,2000.0,2-Car,No injury/unknown,DISREGARD SIGNAL/REG SIGN,39.18636,-86.533048
7,2,1100.0,2-Car,No injury/unknown,UNSAFE BACKING,39.18636,-86.533048
7,2,2000.0,2-Car,No injury/unknown,IMPROPER LANE USAGE,39.18635869,-86.53457695
9,1,2100.0,1-Car,No injury/unknown,UNSAFE SPEED,39.1863544,-86.57227403
11,6,1100.0,3+ Cars,No injury/unknown,OTHER (DRIVER) - EXPLAIN IN NARRATIVE,39.1863541,-86.53205071
10,5,700.0,3+ Cars,No injury/unknown,FOLLOWING TOO CLOSELY,39.18635204,-86.52667272
4,6,1500.0,2-Car,No injury/unknown,FOLLOWING TOO CLOSELY,39.18635203,-86.52672238
7,7,1500.0,3+ Cars,No injury/unknown,FOLLOWING TOO CLOSELY,39.18635203,-86.52734315
9,2,1500.0,2-Car,No injury/unknown,BRAKE FAILURE OR DEFECTIVE,39.18635202,-86.52317514
10,3,500.0,1-Car,No injury/unknown,ANIMAL/OBJECT IN ROADWAY,39.18635201,-86.52814128
1,3,700.0,2-Car,No injury/unknown,ROADWAY SURFACE CONDITION,39.186352,-86.528496
1,3,700.0,2-Car,No injury/unknown,UNSAFE SPEED,39.186352,-86.528496
9,5,2200.0,1-Car,No injury/unknown,ANIMAL/OBJECT IN ROADWAY,39.186352,-86.528496
2,1,1100.0,2-Car,No injury/unknown,FAILURE TO YIELD RIGHT OF WAY,39.186352,-86.534704
10,5,900.0,2-Car,No injury/unknown,FAILURE TO YIELD RIGHT OF WAY,39.186352,-86.528496
11,1,1300.0,2-Car,No injury/unknown,,39.186352,-86.534704
11,5,1800.0,2-Car,No injury/unknown,IMPROPER LANE USAGE,39.186352,-86.528496
11,7,1800.0,2-Car,No injury/unknown,FOLLOWING TOO CLOSELY,39.186352,-86.534704
8,6,1300.0,2-Car,No injury/unknown,OTHER (DRIVER) - EXPLAIN IN NARRATIVE,39.186352,-86.531696
4,5,1500.0,3+ Cars,No injury/unknown,OTHER (DRIVER) - EXPLAIN IN NARRATIVE,39.186352,-86.528496