Month,Day,Hour,Collision Type,Injury Type,Primary Factor,Latitude,Longitude
8,6,1800.0,3+ Cars,Non-incapacitating,OTHER (ENVIRONMENTAL) - EXPLAIN IN NARR,39.186352,-86.531696
5,6,2000.0,2-Car,No injury/unknown,VIEW OBSTRUCTED,39.186352,-86.534704
8,1,100.0,1-Car,No injury/unknown,LEFT OF CENTER,39.186352,-86.528496
1,5,900.0,2-Car,Non-incapacitating,OTHER (DRIVER) - EXPLAIN IN NARRATIVE,39.186352,-86.531696
1,6,1500.0,2-Car,Non-incapacitating,FOLLOWING TOO CLOSELY,39.186352,-86.529792
1,4,700.0,2-Car,No injury/unknown,OTHER (DRIVER) - EXPLAIN IN NARRATIVE,39.186352,-86.528496
5,4,1700.0,2-Car,Non-incapacitating,FAILURE TO YIELD RIGHT OF WAY,39.186352,-86.534704
3,5,1200.0,2-Car,No injury/unknown,,39.186352,-86.529792
3,3,1600.0,2-Car,No injury/unknown,OTHER (DRIVER) - EXPLAIN IN NARRATIVE,39.186352,-86.522192
5,7,1900.0,2-Car,No injury/unknown,OTHER (DRIVER) - EXPLAIN IN NARRATIVE,39.186352,-86.531696
6,6,500.0,2-Car,No injury/unknown,IMPROPER TURNING,39.186352,-86.531696
8,2,1200.0,2-Car,No injury/unknown,FAILURE TO YIELD RIGHT OF WAY,39.186352,-86.534704
8,2,2000.0,2-Car,No injury/unknown,DISREGARD SIGNAL/REG SIGN,39.186352,-86.528496
9,3,900.0,2-Car,No injury/unknown,FAILURE TO YIELD RIGHT OF WAY,39.186352,-86.531696
10,3,1700.0,2-Car,Non-incapacitating,FOLLOWING TOO CLOSELY,39.1862431,-86.52141414
3,3,1200.0,2-Car,No injury/unknown,VIEW OBSTRUCTED,39.18623118,-86.5344144
4,2,1800.0,2-Car,Non-incapacitating,FOLLOWING TOO CLOSELY,39.18622847,-86.52849307
3,5,700.0,2-Car,No injury/unknown,OTHER (DRIVER) - EXPLAIN IN NARRATIVE,39.18620381,-86.53441728
12,7,0.0,1-Car,Non-incapacitating,RAN OFF ROAD LEFT,39.18617355,-86.54682572
5,6,1000.0,1-Car,No injury/unknown,OTHER (ENVIRONMENTAL) - EXPLAIN IN NARR,39.18613333,-86.53787867
10,3,1400.0,2-Car,No injury/unknown,FAILURE TO YIELD RIGHT OF WAY,39.186048,-86.550976
11,4,1700.0,2-Car,No injury/unknown,FOLLOWING TOO CLOSELY,39.186032,-86.51984
3,5,800.0,2-Car,No injury/unknown,UNSAFE SPEED,39.186032,-86.51984
1,6,1400.0,2-Car,No injury/unknown,FOLLOWING TOO CLOSELY,39.186032,-86.51984
8,5,1300.0,3+ Cars,No injury/unknown,DISREGARD SIGNAL/REG SIGN,39.186032,-86.51984
9,7,2200.0,2-Car,Non-incapacitating,FAILURE TO YIELD RIGHT OF WAY,39.186032,-86.51984
11,7,1800.0,2-Car,No injury/unknown,OTHER (DRIVER) - EXPLAIN IN NARRATIVE,39.186032,-86.51984
10,3,2200.0,1-Car,No injury/unknown,ANIMAL/OBJECT IN ROADWAY,39.185952,-86.4684
12,7,100.0,1-Car,Non-incapacitating,ALCOHOLIC BEVERAGES,39.185952,-86.4684
7,4,1300.0,2-Car,Non-incapacitating,FOLLOWING TOO CLOSELY,39.185952,-86.4684
1,6,2000.0,1-Car,No injury/unknown,,39.185952,-86.4684
9,6,2300.0,1-Car,No injury/unknown,ROADWAY SURFACE CONDITION,39.185952,-86.4684
10,7,1100.0,2-Car,No injury/unknown,FAILURE TO YIELD RIGHT OF WAY,39.185392,-86.537856
10,5,1100.0,Moped/Motorcycle,Non-incapacitating,TIRE FAILURE OR DEFECTIVE,39.185392,-86.537856
3,3,800.0,2-Car,No injury/unknown,FAILURE TO YIELD RIGHT OF WAY,39.185392,-86.537856
12,6,900.0,2-Car,No injury/unknown,UNSAFE BACKING,39.18534891,-86.51943015
5,7,1100.0,1-Car,Non-incapacitating,DRIVER ASLEEP OR FATIGUED,39.18533486,-86.55578267
1,3,,2-Car,No injury/unknown,OTHER (DRIVER) - EXPLAIN IN NARRATIVE,39.185232,-86.54060206
2,5,800.0,2-Car,No injury/unknown,FAILURE TO YIELD RIGHT OF WAY,39.185232,-86.54060206
1,3,1700.0,1-Car,No injury/unknown,OTHER (DRIVER) - EXPLAIN IN NARRATIVE,39.185232,-86.54060206
2,2,900.0,2-Car,No injury/unknown,UNSAFE BACKING,39.185232,-86.5405728
3,7,1900.0,2-Car,No injury/unknown,UNSAFE BACKING,39.185152,-86.535296
3,4,1400.0,2-Car,No injury/unknown,FAILURE TO YIELD RIGHT OF WAY,39.18511745,-86.53785545
10,7,1200.0,2-Car,No injury/unknown,OTHER (DRIVER) - EXPLAIN IN NARRATIVE,39.18511745,-86.53785545
11,5,2100.0,2-Car,No injury/unknown,FOLLOWING TOO CLOSELY,39.18501804,-86.51923162
1,2,2200.0,2-Car,No injury/unknown,OTHER (DRIVER) - EXPLAIN IN NARRATIVE,39.1849887,-86.58309548
8,6,1600.0,2-Car,No injury/unknown,,39.18444209,-86.55034648
10,3,1500.0,2-Car,No injury/unknown,UNSAFE BACKING,39.18436324,-86.522299
8,4,1300.0,2-Car,No injury/unknown,OTHER (DRIVER) - EXPLAIN IN NARRATIVE,39.1842916,-86.513894
8,4,400.0,1-Car,No injury/unknown,OTHER (DRIVER) - EXPLAIN IN NARRATIVE,39.18415252,-86.53518903
4,4,2100.0,1-Car,Non-incapacitating,,39.1841412,-86.5344552
7,2,900.0,2-Car,No injury/unknown,OTHER (DRIVER) - EXPLAIN IN NARRATIVE,39.184048,-86.54816
1,3,0.0,2-Car,No injury/unknown,RAN OFF ROAD RIGHT,39.18388941,-86.51813778
2,4,2200.0,Bus,No injury/unknown,IMPROPER LANE USAGE,39.18386471,-86.51866889
11,4,2300.0,2-Car,No injury/unknown,IMPROPER TURNING,39.18384,-86.5192
9,1,1600.0,2-Car,No injury/unknown,FAILURE TO YIELD RIGHT OF WAY,39.18384,-86.5192
3,6,2100.0,2-Car,Non-incapacitating,,39.18384,-86.5192
3,2,1000.0,2-Car,No injury/unknown,UNSAFE SPEED,39.18384,-86.5192
1,1,1200.0,1-Car,No injury/unknown,ALCOHOLIC BEVERAGES,39.18384,-86.5192
5,4,1400.0,,No injury/unknown,,39.183803,-86.516899
8,4,1600.0,2-Car,Non-incapacitating,UNSAFE SPEED,39.18370283,-86.57007345
8,7,900.0,2-Car,No injury/unknown,OTHER (DRIVER) - EXPLAIN IN NARRATIVE,39.18361943,-86.41482276
9,4,1800.0,2-Car,No injury/unknown,FAILURE TO YIELD RIGHT OF WAY,39.1835478,-86.53783054
2,6,1200.0,2-Car,No injury/unknown,FOLLOWING TOO CLOSELY,39.183104,-86.53696
2,5,2300.0,2-Car,No injury/unknown,ROADWAY SURFACE CONDITION,39.182976,-86.528416
6,4,1200.0,2-Car,No injury/unknown,FOLLOWING TOO CLOSELY,39.182976,-86.528416
8,2,1600.0,2-Car,No injury/unknown,ROADWAY SURFACE CONDITION,39.182976,-86.528416
8,5,,2-Car,No injury/unknown,OTHER (DRIVER) - EXPLAIN IN NARRATIVE,39.182976,-86.528416
9,7,1300.0,2-Car,No injury/unknown,UNSAFE BACKING,39.182976,-86.528416
10,3,2000.0,2-Car,No injury/unknown,UNSAFE BACKING,39.182976,-86.528416
9,2,1200.0,2-Car,No injury/unknown,OVERCORRECTING/OVERSTEERING,39.18293481,-86.52912336
10,1,1300.0,2-Car,No injury/unknown,IMPROPER TURNING,39.18289694,-86.5299943
9,1,1000.0,2-Car,No injury/unknown,OTHER (DRIVER) - EXPLAIN IN NARRATIVE,39.18288862,-86.53018581
10,6,700.0,2-Car,Non-incapacitating,FAILURE TO YIELD RIGHT OF WAY,39.18288246,-86.53403686
1,5,900.0,2-Car,No injury/unknown,FAILURE TO YIELD RIGHT OF WAY,39.182448,-86.512496
8,4,1900.0,2-Car,No injury/unknown,FAILURE TO YIELD RIGHT OF WAY,39.182403,-86.5126026
11,4,2000.0,2-Car,No injury/unknown,FOLLOWING TOO CLOSELY,39.18238909,-86.52840235
11,7,200.0,2-Car,No injury/unknown,OTHER (DRIVER) - EXPLAIN IN NARRATIVE,39.182311,-86.540504
9,3,400.0,1-Car,No injury/unknown,ANIMAL/OBJECT IN ROADWAY,39.18213997,-86.47183446
8,1,1200.0,2-Car,No injury/unknown,UNSAFE SPEED,39.18204591,-86.5284
12,7,1300.0,2-Car,No injury/unknown,OTHER (DRIVER) - EXPLAIN IN NARRATIVE,39.18192,-86.543984
2,6,800.0,2-Car,No injury/unknown,OTHER (DRIVER) - EXPLAIN IN NARRATIVE,39.181888,-86.542016
1,5,900.0,2-Car,Non-incapacitating,DRIVER ILLNESS,39.18186746,-86.5284
7,6,,2-Car,No injury/unknown,,39.18180865,-86.53019494
1,7,1600.0,2-Car,No injury/unknown,FAILURE TO YIELD RIGHT OF WAY,39.18175223,-86.52983815
5,7,1900.0,2-Car,No injury/unknown,LEFT OF CENTER,39.18173719,-86.53777693
8,1,2000.0,2-Car,No injury/unknown,FAILURE TO YIELD RIGHT OF WAY,39.181712,-86.51276
8,5,1600.0,2-Car,No injury/unknown,UNSAFE BACKING,39.18162924,-86.53471004
4,6,1600.0,1-Car,Non-incapacitating,,39.181552,-86.5336
11,1,1100.0,2-Car,No injury/unknown,IMPROPER TURNING,39.181552,-86.5336
2,7,1100.0,2-Car,No injury/unknown,OTHER (ENVIRONMENTAL) - EXPLAIN IN NARR,39.181552,-86.5336
2,5,800.0,2-Car,Incapacitating,LEFT OF CENTER,39.18120339,-86.507799
11,6,1600.0,2-Car,No injury/unknown,FAILURE TO YIELD RIGHT OF WAY,39.18104,-86.5284
1,4,1300.0,2-Car,No injury/unknown,FAILURE TO YIELD RIGHT OF WAY,39.18104,-86.5284
10,4,1200.0,2-Car,No injury/unknown,FAILURE TO YIELD RIGHT OF WAY,39.18104,-86.5284
10,4,1500.0,Bus,No injury/unknown,OVERCORRECTING/OVERSTEERING,39.18104,-86.5284
4,2,1200.0,Bus,No injury/unknown,UNSAFE SPEED,39.18104,-86.5284
2,2,1500.0,2-Car,No injury/unknown,FAILURE TO YIELD RIGHT OF WAY,39.18104,-86.5284
1,5,2100.0,2-Car,No injury/unknown,FAILURE TO YIELD RIGHT OF WAY,39.18081529,-86.511088
12,3,1600.0,2-Car,No injury/unknown,FAILURE TO YIELD RIGHT OF WAY,39.18081529,-86.511088
8,5,,2-Car,No injury/unknown,FAILURE TO YIELD RIGHT OF WAY,39.18056727,-86.53198998
6,2,1200.0,2-Car,No injury/unknown,FAILURE TO YIELD RIGHT OF WAY,39.18056,-86.543968
8,5,100.0,2-Car,No injury/unknown,ALCOHOLIC BEVERAGES,39.180448,-86.530832
6,4,1200.0,2-Car,No injury/unknown,OTHER (DRIVER) - EXPLAIN IN NARRATIVE,39.18041125,-86.54092016
1,4,1400.0,2-Car,No injury/unknown,UNSAFE BACKING,39.18039053,-86.53083265
2,7,2100.0,1-Car,No injury/unknown,ROADWAY SURFACE CONDITION,39.180352,-86.5284
9,1,300.0,1-Car,No injury/unknown,ALCOHOLIC BEVERAGES,39.180352,-86.529792
12,5,2300.0,2-Car,No injury/unknown,OTHER (DRIVER) - EXPLAIN IN NARRATIVE,39.18022076,-86.511088
11,2,700.0,1-Car,No injury/unknown,ANIMAL/OBJECT IN ROADWAY,39.18021365,-86.50760782
12,4,900.0,2-Car,No injury/unknown,UNSAFE SPEED,39.17994017,-86.5284
6,1,1100.0,2-Car,No injury/unknown,,39.179936,-86.5284
10,5,1700.0,2-Car,No injury/unknown,FOLLOWING TOO CLOSELY,39.17984,-86.507088
10,6,1700.0,2-Car,No injury/unknown,FOLLOWING TOO CLOSELY,39.17984,-86.507088
10,5,900.0,2-Car,No injury/unknown,FOLLOWING TOO CLOSELY,39.17984,-86.507088
9,7,1400.0,1-Car,No injury/unknown,RAN OFF ROAD RIGHT,39.17984,-86.507088
5,6,900.0,1-Car,No injury/unknown,ANIMAL/OBJECT IN ROADWAY,39.17984,-86.507088
5,6,1700.0,3+ Cars,No injury/unknown,FOLLOWING TOO CLOSELY,39.17984,-86.507088
11,4,1500.0,2-Car,No injury/unknown,FOLLOWING TOO CLOSELY,39.17983302,-86.50710327
9,5,1000.0,2-Car,No injury/unknown,FOLLOWING TOO CLOSELY,39.17981905,-86.5071338
11,5,1500.0,2-Car,No injury/unknown,FAILURE TO YIELD RIGHT OF WAY,39.17975285,-86.5562826
4,7,1500.0,2-Car,No injury/unknown,FOLLOWING TOO CLOSELY,39.17975121,-86.51902686
9,6,200.0,3+ Cars,No injury/unknown,ILLEGAL DRUGS,39.17975117,-86.49529366
10,4,700.0,Bus,No injury/unknown,ACCELERATOR FAILURE OR DEFECTIVE,39.17972848,-86.534021
4,2,900.0,1-Car,No injury/unknown,ANIMAL/OBJECT IN ROADWAY,39.17972132,-86.531399
10,6,1800.0,2-Car,Non-incapacitating,FOLLOWING TOO CLOSELY,39.17966533,-86.50694713
1,4,700.0,2-Car,No injury/unknown,ROADWAY SURFACE CONDITION,39.17954398,-86.56424302
4,1,900.0,2-Car,No injury/unknown,OTHER (DRIVER) - EXPLAIN IN NARRATIVE,39.17952849,-86.53084245
8,6,1600.0,2-Car,No injury/unknown,FAILURE TO YIELD RIGHT OF WAY,39.17947681,-86.51901524
3,4,2100.0,1-Car,Non-incapacitating,ALCOHOLIC BEVERAGES,39.17944,-86.5284
10,5,0.0,2-Car,No injury/unknown,IMPROPER LANE USAGE,39.17943819,-86.511088
1,6,1200.0,2-Car,No injury/unknown,,39.17943819,-86.511088
12,2,1400.0,1-Car,No injury/unknown,RAN OFF ROAD RIGHT,39.179344,-86.564
12,2,200.0,1-Car,No injury/unknown,RAN OFF ROAD LEFT,39.179344,-86.564
4,5,0.0,2-Car,Non-incapacitating,FAILURE TO YIELD RIGHT OF WAY,39.17926654,-86.53778816
1,6,2000.0,2-Car,No injury/unknown,ROADWAY SURFACE CONDITION,39.179248,-86.54745869
1,3,700.0,2-Car,No injury/unknown,ROADWAY SURFACE CONDITION,39.179248,-86.58302266
1,5,1200.0,1-Car,No injury/unknown,RAN OFF ROAD RIGHT,39.179248,-86.547104
1,4,700.0,2-Car,No injury/unknown,,39.179248,-86.552592
5,6,1700.0,1-Car,Non-incapacitating,DISREGARD SIGNAL/REG SIGN,39.179248,-86.547104
11,5,400.0,1-Car,Non-incapacitating,ALCOHOLIC BEVERAGES,39.179248,-86.547104
12,5,700.0,1-Car,Non-incapacitating,OVERCORRECTING/OVERSTEERING,39.179248,-86.54699759
6,5,2300.0,2-Car,No injury/unknown,FAILURE TO YIELD RIGHT OF WAY,39.179248,-86.547104
1,1,1200.0,1-Car,No injury/unknown,ROADWAY SURFACE CONDITION,39.179248,-86.547104
7,3,1100.0,2-Car,No injury/unknown,VIEW OBSTRUCTED,39.179248,-86.552592
3,5,1300.0,2-Car,No injury/unknown,FAILURE TO YIELD RIGHT OF WAY,39.179248,-86.547104
4,6,800.0,2-Car,No injury/unknown,ROADWAY SURFACE CONDITION,39.179248,-86.556592
12,4,1600.0,2-Car,No injury/unknown,FAILURE TO YIELD RIGHT OF WAY,39.179248,-86.552592
10,2,1500.0,2-Car,No injury/unknown,LEFT OF CENTER,39.179248,-86.556592
3,6,1400.0,1-Car,No injury/unknown,OTHER (ENVIRONMENTAL) - EXPLAIN IN NARR,39.179248,-86.547104
9,3,1200.0,1-Car,Non-incapacitating,PRESCRIPTION DRUGS,39.179248,-86.552592
1,3,600.0,2-Car,No injury/unknown,ROADWAY SURFACE CONDITION,39.179248,-86.5832
7,2,1400.0,Moped/Motorcycle,No injury/unknown,FOLLOWING TOO CLOSELY,39.179248,-86.547104
8,7,1700.0,2-Car,No injury/unknown,OTHER (DRIVER) - EXPLAIN IN NARRATIVE,39.179248,-86.556592
1,2,1300.0,2-Car,No injury/unknown,,39.179248,-86.552592
1,6,2200.0,1-Car,No injury/unknown,,39.179248,-86.556592
12,2,1900.0,2-Car,Non-incapacitating,LEFT OF CENTER,39.17923229,-86.54639567
1,5,1100.0,2-Car,No injury/unknown,FAILURE TO YIELD RIGHT OF WAY,39.179199,-86.574299
8,6,1600.0,2-Car,No injury/unknown,FAILURE TO YIELD RIGHT OF WAY,39.179152,-86.508592
7,3,1600.0,2-Car,No injury/unknown,UNSAFE BACKING,39.179152,-86.508592
3,6,600.0,1-Car,No injury/unknown,OVERCORRECTING/OVERSTEERING,39.179152,-86.508592
9,6,1600.0,2-Car,No injury/unknown,FAILURE TO YIELD RIGHT OF WAY,39.179152,-86.508592
12,3,2000.0,2-Car,No injury/unknown,UNSAFE BACKING,39.17912342,-86.511088
12,4,1800.0,2-Car,No injury/unknown,ROADWAY SURFACE CONDITION,39.17912255,-86.511088
1,5,1700.0,2-Car,No injury/unknown,IMPROPER PASSING,39.17912,-86.563136
2,4,2100.0,1-Car,No injury/unknown,OTHER (ENVIRONMENTAL) - EXPLAIN IN NARR,39.179104,-86.56340866
2,1,1200.0,1-Car,No injury/unknown,OTHER (DRIVER) - EXPLAIN IN NARRATIVE,39.179104,-86.544016
6,6,100.0,1-Car,No injury/unknown,DISREGARD SIGNAL/REG SIGN,39.17909548,-86.5525943
12,3,1800.0,2-Car,No injury/unknown,FAILURE TO YIELD RIGHT OF WAY,39.17906746,-86.5284
8,5,2000.0,2-Car,No injury/unknown,ALCOHOLIC BEVERAGES,39.17904,-86.54262803
2,3,1300.0,2-Car,No injury/unknown,FAILURE TO YIELD RIGHT OF WAY,39.17904,-86.5284
11,4,1500.0,2-Car,No injury/unknown,FOLLOWING TOO CLOSELY,39.17904,-86.52850641
2,7,1800.0,3+ Cars,Non-incapacitating,FAILURE TO YIELD RIGHT OF WAY,39.17904,-86.530848
10,3,1500.0,2-Car,No injury/unknown,FAILURE TO YIELD RIGHT OF WAY,39.17904,-86.530848
10,3,1200.0,2-Car,No injury/unknown,UNSAFE SPEED,39.17904,-86.532096
11,2,1500.0,3+ Cars,Non-incapacitating,UNSAFE SPEED,39.17904,-86.542096
10,2,1200.0,2-Car,No injury/unknown,UNSAFE BACKING,39.17904,-86.5284
7,6,800.0,2-Car,No injury/unknown,IMPROPER PASSING,39.17904,-86.5284
6,2,1000.0,2-Car,No injury/unknown,FAILURE TO YIELD RIGHT OF WAY,39.17904,-86.5284
1,6,2200.0,1-Car,No injury/unknown,ALCOHOLIC BEVERAGES,39.17904,-86.532096
1,5,1400.0,2-Car,No injury/unknown,ROADWAY SURFACE CONDITION,39.17904,-86.532096
1,7,1200.0,1-Car,Non-incapacitating,ALCOHOLIC BEVERAGES,39.17904,-86.542096
2,4,1200.0,2-Car,No injury/unknown,UNSAFE BACKING,39.17904,-86.5284
3,5,1900.0,2-Car,Non-incapacitating,FOLLOWING TOO CLOSELY,39.17904,-86.54216694
2,6,1600.0,Bus,Non-incapacitating,OTHER (DRIVER) - EXPLAIN IN NARRATIVE,39.17904,-86.52857734
2,5,2200.0,2-Car,No injury/unknown,FAILURE TO YIELD RIGHT OF WAY,39.17904,-86.530848
8,6,2100.0,1-Car,No injury/unknown,OTHER (VEHICLE) - EXPLAIN IN NARRATIVE,39.17904,-86.5284
11,3,1800.0,2-Car,Non-incapacitating,DISREGARD SIGNAL/REG SIGN,39.17904,-86.532096
12,7,1800.0,3+ Cars,No injury/unknown,FOLLOWING TOO CLOSELY,39.17904,-86.5284
7,4,1300.0,2-Car,No injury/unknown,FAILURE TO YIELD RIGHT OF WAY,39.17903929,-86.54200733
4,2,1500.0,2-Car,No injury/unknown,OTHER (ENVIRONMENTAL) - EXPLAIN IN NARR,39.17903929,-86.54200733
2,5,2200.0,2-Car,No injury/unknown,ROADWAY SURFACE CONDITION,39.17902687,-86.53074296
1,5,1700.0,Bus,No injury/unknown,FAILURE TO YIELD RIGHT OF WAY,39.179024,-86.5272
9,6,1300.0,3+ Cars,No injury/unknown,ROADWAY SURFACE CONDITION,39.179024,-86.5272
12,6,1600.0,1-Car,No injury/unknown,TIRE FAILURE OR DEFECTIVE,39.179024,-86.53974014
10,4,700.0,Bus,No injury/unknown,OTHER (DRIVER) - EXPLAIN IN NARRATIVE,39.179024,-86.5272
6,5,1000.0,2-Car,Incapacitating,FAILURE TO YIELD RIGHT OF WAY,39.179024,-86.539616
1,4,1500.0,1-Car,No injury/unknown,FAILURE TO YIELD RIGHT OF WAY,39.179024,-86.5272
4,6,1300.0,2-Car,No injury/unknown,UNSAFE BACKING,39.179024,-86.5272
7,7,1700.0,2-Car,Incapacitating,FOLLOWING TOO CLOSELY,39.179024,-86.539616
11,7,0.0,1-Car,Non-incapacitating,OBSTRUCTION NOT MARKED,39.17902314,-86.52712907
10,5,1600.0,2-Car,No injury/unknown,FOLLOWING TOO CLOSELY,39.17902292,-86.52711134
10,5,1600.0,2-Car,No injury/unknown,FOLLOWING TOO CLOSELY,39.17902292,-86.52711134
11,7,1700.0,2-Car,Non-incapacitating,FOLLOWING TOO CLOSELY,39.17901233,-86.52624264
3,5,,2-Car,No injury/unknown,OTHER (DRIVER) - EXPLAIN IN NARRATIVE,39.17901061,-86.53249274
9,6,1700.0,2-Car,No injury/unknown,FAILURE TO YIELD RIGHT OF WAY,39.17901016,-86.52606532
5,3,1600.0,2-Car,No injury/unknown,PASSENGER DISTRACTION,39.179008,-86.525888
2,5,2000.0,2-Car,No injury/unknown,ROADWAY SURFACE CONDITION,39.179008,-86.525888
1,7,1500.0,2-Car,No injury/unknown,OTHER (DRIVER) - EXPLAIN IN NARRATIVE,39.179008,-86.525888
2,5,2000.0,3+ Cars,No injury/unknown,ROADWAY SURFACE CONDITION,39.17900562,-86.52553333
2,2,2100.0,2-Car,No injury/unknown,,39.17899677,-86.52421335
10,4,1500.0,1-Car,No injury/unknown,RAN OFF ROAD RIGHT,39.17899438,-86.52385867
3,3,2100.0,2-Car,No injury/unknown,FOLLOWING TOO CLOSELY,39.17899438,-86.52385867
8,4,1300.0,2-Car,Non-incapacitating,UNSAFE SPEED,39.17899379,-86.52377001
2,5,2000.0,2-Car,No injury/unknown,ROADWAY SURFACE CONDITION,39.178992,-86.523504
5,4,1100.0,2-Car,No injury/unknown,FAILURE TO YIELD RIGHT OF WAY,39.178992,-86.537792
9,4,1200.0,2-Car,No injury/unknown,OTHER (DRIVER) - EXPLAIN IN NARRATIVE,39.178992,-86.532744
1,6,2300.0,2-Car,Non-incapacitating,FAILURE TO YIELD RIGHT OF WAY,39.178992,-86.537792
4,6,1100.0,2-Car,No injury/unknown,,39.178992,-86.537792
2,4,2000.0,2-Car,No injury/unknown,FAILURE TO YIELD RIGHT OF WAY,39.178992,-86.523504
6,4,1500.0,2-Car,No injury/unknown,DISREGARD SIGNAL/REG SIGN,39.178992,-86.537792
2,6,2200.0,2-Car,No injury/unknown,UNSAFE BACKING,39.17898556,-86.53708267
3,5,1200.0,2-Car,No injury/unknown,FOLLOWING TOO CLOSELY,39.17897826,-86.53628026
1,1,2000.0,1-Car,No injury/unknown,RAN OFF ROAD RIGHT,39.178976,-86.5224
1,6,800.0,2-Car,No injury/unknown,OTHER (DRIVER) - EXPLAIN IN NARRATIVE,39.178976,-86.536032
10,5,1800.0,2-Car,No injury/unknown,FAILURE TO YIELD RIGHT OF WAY,39.178976,-86.536032
7,2,1000.0,2-Car,No injury/unknown,FAILURE TO YIELD RIGHT OF WAY,39.178976,-86.536032
9,2,700.0,2-Car,No injury/unknown,UNSAFE SPEED,39.178976,-86.5224
10,7,1100.0,2-Car,Non-incapacitating,ROADWAY SURFACE CONDITION,39.178976,-86.5224
4,7,800.0,2-Car,No injury/unknown,LEFT OF CENTER,39.178976,-86.536032
1,5,2000.0,2-Car,Non-incapacitating,ROADWAY SURFACE CONDITION,39.178976,-86.5224
12,7,600.0,2-Car,No injury/unknown,OTHER (DRIVER) - EXPLAIN IN NARRATIVE,39.17897144,-86.52839577
8,6,2300.0,2-Car,No injury/unknown,UNSAFE BACKING,39.17897062,-86.52940482
3,3,2200.0,3+ Cars,No injury/unknown,FOLLOWING TOO CLOSELY,39.17896,-86.521088
11,4,1000.0,2-Car,Non-incapacitating,BRAKE FAILURE OR DEFECTIVE,39.17896,-86.521088
1,4,1300.0,2-Car,No injury/unknown,OTHER (DRIVER) - EXPLAIN IN NARRATIVE,39.17896,-86.53472
1,7,1700.0,2-Car,Non-incapacitating,DISREGARD SIGNAL/REG SIGN,39.17896,-86.53472
3,4,700.0,2-Car,No injury/unknown,FOLLOWING TOO CLOSELY,39.17896,-86.53472
11,6,1600.0,2-Car,No injury/unknown,FAILURE TO YIELD RIGHT OF WAY,39.17896,-86.521088
11,7,1100.0,3+ Cars,No injury/unknown,FOLLOWING TOO CLOSELY,39.17896,-86.53472
10,5,900.0,2-Car,No injury/unknown,DISREGARD SIGNAL/REG SIGN,39.17896,-86.53472
9,6,1700.0,2-Car,No injury/unknown,FOLLOWING TOO CLOSELY,39.17896,-86.521088
10,7,200.0,2-Car,Non-incapacitating,DISREGARD SIGNAL/REG SIGN,39.17896,-86.53472
8,5,1200.0,2-Car,No injury/unknown,FOLLOWING TOO CLOSELY,39.17896,-86.521088
12,5,1400.0,Bus,No injury/unknown,UNSAFE SPEED,39.17896,-86.521088
2,4,2200.0,1-Car,No injury/unknown,ROADWAY SURFACE CONDITION,39.17896,-86.521088
1,2,1600.0,2-Car,No injury/unknown,UNSAFE BACKING,39.17895065,-86.52955121
9,5,0.0,2-Car,No injury/unknown,FOLLOWING TOO CLOSELY,39.178944,-86.533392
1,5,1500.0,Bus,No injury/unknown,DISREGARD SIGNAL/REG SIGN,39.178944,-86.533392
3,4,1500.0,2-Car,No injury/unknown,FAILURE TO YIELD RIGHT OF WAY,39.178944,-86.533392
1,1,1100.0,2-Car,No injury/unknown,DISREGARD SIGNAL/REG SIGN,39.178944,-86.533392
10,5,1300.0,2-Car,No injury/unknown,DISREGARD SIGNAL/REG SIGN,39.178944,-86.533392
7,2,1600.0,2-Car,No injury/unknown,FOLLOWING TOO CLOSELY,39.178944,-86.5296
10,7,100.0,2-Car,Non-incapacitating,FOLLOWING TOO CLOSELY,39.178944,-86.5296
3,2,1600.0,2-Car,No injury/unknown,,39.178944,-86.533392
1,1,2300.0,2-Car,No injury/unknown,DISREGARD SIGNAL/REG SIGN,39.178944,-86.533392
3,5,1300.0,3+ Cars,Non-incapacitating,UNSAFE SPEED,39.178944,-86.533392
4,1,300.0,3+ Cars,Non-incapacitating,OTHER (DRIVER) - EXPLAIN IN NARRATIVE,39.178944,-86.5296
7,4,1400.0,2-Car,Non-incapacitating,DISREGARD SIGNAL/REG SIGN,39.178944,-86.533392
7,3,1900.0,2-Car,Non-incapacitating,FAILURE TO YIELD RIGHT OF WAY,39.178944,-86.533392
9,6,1700.0,2-Car,No injury/unknown,DISREGARD SIGNAL/REG SIGN,39.178944,-86.533392
3,7,1300.0,2-Car,No injury/unknown,,39.178928,-86.518992
6,6,300.0,1-Car,No injury/unknown,OTHER (DRIVER) - EXPLAIN IN NARRATIVE,39.178928,-86.518992
2,2,1200.0,Bus,No injury/unknown,FAILURE TO YIELD RIGHT OF WAY,39.178928,-86.518992
2,7,1800.0,2-Car,No injury/unknown,FOLLOWING TOO CLOSELY,39.178928,-86.518992
3,2,1500.0,2-Car,No injury/unknown,FAILURE TO YIELD RIGHT OF WAY,39.178928,-86.518992
11,2,1700.0,1-Car,Non-incapacitating,FAILURE TO YIELD RIGHT OF WAY,39.178928,-86.518992
10,6,1700.0,2-Car,No injury/unknown,FOLLOWING TOO CLOSELY,39.178928,-86.518992
9,6,1300.0,2-Car,No injury/unknown,UNSAFE SPEED,39.178928,-86.518992
8,7,2000.0,2-Car,Non-incapacitating,,39.178928,-86.518992