Month,Day,Hour,Collision Type,Injury Type,Primary Factor,Latitude,Longitude
9,2,1600.0,2-Car,No injury/unknown,OTHER (DRIVER) - EXPLAIN IN NARRATIVE,39.178928,-86.518992
1,5,1000.0,2-Car,Non-incapacitating,UNSAFE SPEED,39.178928,-86.518992
3,3,1400.0,1-Car,Non-incapacitating,FAILURE TO YIELD RIGHT OF WAY,39.178928,-86.518992
10,6,1700.0,2-Car,No injury/unknown,FOLLOWING TOO CLOSELY,39.178928,-86.518992
2,5,1400.0,2-Car,No injury/unknown,OTHER (DRIVER) - EXPLAIN IN NARRATIVE,39.178928,-86.518992
5,5,1400.0,2-Car,No injury/unknown,FOLLOWING TOO CLOSELY,39.178928,-86.518992
4,1,100.0,2-Car,No injury/unknown,FAILURE TO YIELD RIGHT OF WAY,39.178928,-86.518992
10,3,1300.0,2-Car,No injury/unknown,UNSAFE SPEED,39.17892669,-86.51888561
4,2,1900.0,2-Car,Non-incapacitating,FOLLOWING TOO CLOSELY,39.17892669,-86.51888561
11,3,1700.0,3+ Cars,Non-incapacitating,FOLLOWING TOO CLOSELY,39.17892364,-86.51863736
11,3,1700.0,3+ Cars,No injury/unknown,FOLLOWING TOO CLOSELY,39.17891492,-86.51792807
2,4,2000.0,1-Car,No injury/unknown,ROADWAY SURFACE CONDITION,39.1789062,-86.51721879
2,4,2000.0,2-Car,No injury/unknown,HOLES/RUTS IN SURFACE,39.1789062,-86.51721879
2,6,1100.0,2-Car,No injury/unknown,FAILURE TO YIELD RIGHT OF WAY,39.17890272,-86.542096
11,1,2200.0,2-Car,No injury/unknown,FOLLOWING TOO CLOSELY,39.17890115,-86.51681213
12,5,2100.0,1-Car,No injury/unknown,RAN OFF ROAD RIGHT,39.17887431,-86.51463227
10,1,1100.0,2-Car,No injury/unknown,OTHER (DRIVER) - EXPLAIN IN NARRATIVE,39.17887129,-86.51438724
9,6,1200.0,2-Car,No injury/unknown,LEFT OF CENTER,39.17885476,-86.53778784
10,7,1700.0,2-Car,No injury/unknown,UNSAFE SPEED,39.178848,-86.51115894
1,1,300.0,2-Car,No injury/unknown,UNSAFE BACKING,39.178848,-86.511088
9,2,2300.0,2-Car,No injury/unknown,UNSAFE BACKING,39.178848,-86.511088
1,4,1900.0,1-Car,No injury/unknown,OVERCORRECTING/OVERSTEERING,39.178848,-86.511088
2,5,100.0,2-Car,No injury/unknown,IMPROPER LANE USAGE,39.178848,-86.511088
11,5,1800.0,2-Car,No injury/unknown,FAILURE TO YIELD RIGHT OF WAY,39.178848,-86.511088
11,5,1800.0,3+ Cars,No injury/unknown,OTHER (DRIVER) - EXPLAIN IN NARRATIVE,39.178848,-86.51130081
12,7,1500.0,2-Car,No injury/unknown,FOLLOWING TOO CLOSELY,39.178848,-86.511088
9,2,1400.0,2-Car,No injury/unknown,OTHER (DRIVER) - EXPLAIN IN NARRATIVE,39.178848,-86.511088
5,6,1200.0,2-Car,No injury/unknown,OTHER (DRIVER) - EXPLAIN IN NARRATIVE,39.178848,-86.511088
2,2,900.0,2-Car,No injury/unknown,UNSAFE SPEED,39.178848,-86.511088
11,3,2000.0,2-Car,No injury/unknown,LEFT OF CENTER,39.178848,-86.511088
11,6,1700.0,2-Car,No injury/unknown,FOLLOWING TOO CLOSELY,39.178848,-86.511088
1,6,2300.0,2-Car,No injury/unknown,VIEW OBSTRUCTED,39.178848,-86.511088
4,2,900.0,2-Car,Non-incapacitating,FOLLOWING TOO CLOSELY,39.178848,-86.511088
9,4,1500.0,2-Car,No injury/unknown,IMPROPER PASSING,39.178848,-86.511088
9,6,1200.0,2-Car,No injury/unknown,FOLLOWING TOO CLOSELY,39.178848,-86.511088
12,3,2100.0,1-Car,No injury/unknown,ANIMAL/OBJECT IN ROADWAY,39.178848,-86.51115894
2,7,1200.0,1-Car,No injury/unknown,RAN OFF ROAD RIGHT,39.17876576,-86.52838307
2,7,200.0,1-Car,No injury/unknown,,39.17871091,-86.52837969
11,1,1500.0,Bus,No injury/unknown,FOLLOWING TOO CLOSELY,39.17865345,-86.51898997
5,6,1600.0,2-Car,No injury/unknown,OTHER (DRIVER) - EXPLAIN IN NARRATIVE,39.17856768,-86.56000308
4,1,,1-Car,No injury/unknown,ALCOHOLIC BEVERAGES,39.17839758,-86.53339992
9,6,,2-Car,No injury/unknown,UNSAFE BACKING,39.17839758,-86.53339992
11,6,1200.0,2-Car,No injury/unknown,OTHER (VEHICLE) - EXPLAIN IN NARRATIVE,39.17838171,-86.53650645
2,5,2000.0,2-Car,No injury/unknown,ROADWAY SURFACE CONDITION,39.17833776,-86.5271824
8,3,2200.0,1-Car,No injury/unknown,RAN OFF ROAD LEFT,39.17828779,-86.68284105
9,5,2100.0,1-Car,Non-incapacitating,PASSENGER DISTRACTION,39.17823788,-86.543399
10,4,1100.0,2-Car,No injury/unknown,FAILURE TO YIELD RIGHT OF WAY,39.17784,-86.533408
8,1,2300.0,2-Car,No injury/unknown,UNSAFE BACKING,39.17783674,-86.53328229
11,3,2200.0,1-Car,No injury/unknown,RAN OFF ROAD RIGHT,39.17781256,-86.52832423
5,5,1900.0,2-Car,No injury/unknown,FOLLOWING TOO CLOSELY,39.17781028,-86.537699
2,7,1300.0,1-Car,No injury/unknown,FAILURE TO YIELD RIGHT OF WAY,39.177808,-86.532176
11,2,1500.0,2-Car,No injury/unknown,FAILURE TO YIELD RIGHT OF WAY,39.177808,-86.532176
9,1,1300.0,2-Car,No injury/unknown,UNSAFE BACKING,39.177808,-86.532176
4,2,,2-Car,No injury/unknown,,39.177776,-86.5296
12,7,1500.0,2-Car,Non-incapacitating,FOLLOWING TOO CLOSELY,39.17775822,-86.56096186
1,3,1300.0,2-Car,No injury/unknown,IMPROPER PASSING,39.177744,-86.53776
1,7,1200.0,2-Car,No injury/unknown,,39.17771758,-86.53472956
11,7,1300.0,2-Car,No injury/unknown,,39.177624,-86.525864
2,5,1300.0,2-Car,Non-incapacitating,DISREGARD SIGNAL/REG SIGN,39.17737768,-86.5609886
8,7,1700.0,2-Car,Non-incapacitating,FOLLOWING TOO CLOSELY,39.17737358,-86.47737396
12,5,900.0,2-Car,No injury/unknown,FOLLOWING TOO CLOSELY,39.177248,-86.512496
9,2,1200.0,3+ Cars,No injury/unknown,FAILURE TO YIELD RIGHT OF WAY,39.177248,-86.512496
2,1,200.0,1-Car,No injury/unknown,ROADWAY SURFACE CONDITION,39.177152,-86.527152
6,6,,3+ Cars,No injury/unknown,UNSAFE SPEED,39.17715111,-86.56168094
8,5,2200.0,2-Car,No injury/unknown,IMPROPER LANE USAGE,39.17711882,-86.47779119
12,4,800.0,2-Car,No injury/unknown,IMPROPER PASSING,39.1771,-86.56278259
10,4,1800.0,2-Car,Non-incapacitating,FAILURE TO YIELD RIGHT OF WAY,39.177023,-86.51266794
5,6,1500.0,2-Car,No injury/unknown,,39.17698971,-86.53342171
7,6,,2-Car,No injury/unknown,IMPROPER TURNING,39.17693225,-86.52924767
2,4,1700.0,3+ Cars,No injury/unknown,FAILURE TO YIELD RIGHT OF WAY,39.176912,-86.536064
2,1,1700.0,2-Car,No injury/unknown,FOLLOWING TOO CLOSELY,39.17688411,-86.47813856
10,3,1300.0,2-Car,Non-incapacitating,FOLLOWING TOO CLOSELY,39.17688,-86.534736
6,4,1300.0,2-Car,No injury/unknown,IMPROPER TURNING,39.17688,-86.534736
1,2,1400.0,2-Car,No injury/unknown,OTHER (DRIVER) - EXPLAIN IN NARRATIVE,39.176848,-86.478192
1,3,1600.0,2-Car,Non-incapacitating,FOLLOWING TOO CLOSELY,39.176848,-86.478192
12,2,2100.0,2-Car,No injury/unknown,IMPROPER PASSING,39.176848,-86.478192
12,5,1700.0,2-Car,No injury/unknown,FAILURE TO YIELD RIGHT OF WAY,39.176848,-86.478192
10,3,900.0,2-Car,No injury/unknown,FAILURE TO YIELD RIGHT OF WAY,39.176848,-86.478192
10,5,800.0,2-Car,No injury/unknown,FAILURE TO YIELD RIGHT OF WAY,39.176848,-86.478192
12,2,1000.0,2-Car,Non-incapacitating,FOLLOWING TOO CLOSELY,39.176848,-86.478192
11,5,600.0,2-Car,No injury/unknown,ROADWAY SURFACE CONDITION,39.176848,-86.478192
12,6,1100.0,2-Car,No injury/unknown,UNSAFE SPEED,39.176848,-86.478192
10,4,900.0,2-Car,No injury/unknown,OTHER (DRIVER) - EXPLAIN IN NARRATIVE,39.176848,-86.478192
10,6,1500.0,2-Car,No injury/unknown,UNSAFE BACKING,39.176848,-86.478192
8,3,2000.0,3+ Cars,No injury/unknown,BRAKE FAILURE OR DEFECTIVE,39.176848,-86.478192
9,3,1200.0,2-Car,Non-incapacitating,FAILURE TO YIELD RIGHT OF WAY,39.176848,-86.478192
6,5,1100.0,2-Car,No injury/unknown,OTHER (DRIVER) - EXPLAIN IN NARRATIVE,39.176848,-86.478192
11,4,1600.0,2-Car,No injury/unknown,OTHER (DRIVER) - EXPLAIN IN NARRATIVE,39.176848,-86.478192
10,5,700.0,2-Car,No injury/unknown,IMPROPER TURNING,39.176848,-86.478192
7,6,1200.0,2-Car,No injury/unknown,PRESCRIPTION DRUGS,39.176848,-86.478192
1,2,1300.0,2-Car,No injury/unknown,FOLLOWING TOO CLOSELY,39.176848,-86.533424
4,1,1900.0,2-Car,No injury/unknown,FOLLOWING TOO CLOSELY,39.176848,-86.478192
3,5,1300.0,2-Car,Non-incapacitating,,39.176848,-86.478192
2,4,1400.0,2-Car,No injury/unknown,UNSAFE BACKING,39.176848,-86.478192
4,2,1800.0,2-Car,No injury/unknown,UNSAFE BACKING,39.176848,-86.478192
6,2,1800.0,2-Car,No injury/unknown,OTHER (DRIVER) - EXPLAIN IN NARRATIVE,39.176848,-86.478192
8,6,1600.0,1-Car,No injury/unknown,FOLLOWING TOO CLOSELY,39.176848,-86.478192
12,7,1800.0,2-Car,No injury/unknown,,39.17676691,-86.4783351
6,6,1200.0,2-Car,No injury/unknown,OTHER (ENVIRONMENTAL) - EXPLAIN IN NARR,39.17674637,-86.56216031
4,6,1400.0,2-Car,No injury/unknown,,39.17668566,-86.56223222
10,6,1500.0,2-Car,No injury/unknown,OTHER (DRIVER) - EXPLAIN IN NARRATIVE,39.1766516,-86.50501764
8,2,1500.0,2-Car,No injury/unknown,OTHER (ENVIRONMENTAL) - EXPLAIN IN NARR,39.17664519,-86.56228016
10,6,1200.0,2-Car,No injury/unknown,DISREGARD SIGNAL/REG SIGN,39.17664,-86.537712
9,5,1900.0,2-Car,No injury/unknown,PRESCRIPTION DRUGS,39.17664,-86.537712
4,6,1000.0,2-Car,No injury/unknown,FAILURE TO YIELD RIGHT OF WAY,39.17664,-86.538496
2,4,900.0,3+ Cars,No injury/unknown,OTHER (DRIVER) - EXPLAIN IN NARRATIVE,39.17660474,-86.47862128
3,6,1200.0,2-Car,No injury/unknown,OTHER (DRIVER) - EXPLAIN IN NARRATIVE,39.176544,-86.5624
3,5,1600.0,2-Car,Non-incapacitating,OTHER (DRIVER) - EXPLAIN IN NARRATIVE,39.176544,-86.5624
3,3,900.0,3+ Cars,No injury/unknown,BRAKE FAILURE OR DEFECTIVE,39.176544,-86.5624
5,7,2200.0,3+ Cars,No injury/unknown,,39.176544,-86.5624
6,4,1000.0,2-Car,No injury/unknown,OTHER (ENVIRONMENTAL) - EXPLAIN IN NARR,39.176544,-86.5624
7,3,1600.0,2-Car,No injury/unknown,ROADWAY SURFACE CONDITION,39.176544,-86.5624
7,3,1600.0,2-Car,No injury/unknown,IMPROPER LANE USAGE,39.176544,-86.5624
10,6,1500.0,2-Car,No injury/unknown,DRIVER DISTRACTED - EXPLAIN IN NARRATIVE,39.176544,-86.5624
11,4,1100.0,2-Car,No injury/unknown,FAILURE TO YIELD RIGHT OF WAY,39.176544,-86.5624
4,1,1900.0,2-Car,No injury/unknown,OVERCORRECTING/OVERSTEERING,39.176544,-86.5624
11,6,1700.0,1-Car,Non-incapacitating,ROADWAY SURFACE CONDITION,39.176544,-86.5624
11,7,1600.0,2-Car,No injury/unknown,FOLLOWING TOO CLOSELY,39.176544,-86.5624
6,5,900.0,2-Car,No injury/unknown,UNSAFE SPEED,39.176544,-86.5624
4,1,1400.0,2-Car,No injury/unknown,OTHER (DRIVER) - EXPLAIN IN NARRATIVE,39.176544,-86.5624
8,6,1200.0,2-Car,No injury/unknown,IMPROPER LANE USAGE,39.176544,-86.5624
11,1,1700.0,2-Car,No injury/unknown,OTHER (DRIVER) - EXPLAIN IN NARRATIVE,39.176544,-86.5624
2,5,800.0,2-Car,No injury/unknown,FOLLOWING TOO CLOSELY,39.176544,-86.5624
6,1,1000.0,2-Car,No injury/unknown,FOLLOWING TOO CLOSELY,39.176544,-86.5624
7,2,700.0,3+ Cars,Non-incapacitating,UNSAFE SPEED,39.176544,-86.5624
8,6,1500.0,2-Car,Non-incapacitating,UNSAFE SPEED,39.176544,-86.5624
9,2,800.0,2-Car,No injury/unknown,UNSAFE SPEED,39.176544,-86.5624
12,5,1400.0,3+ Cars,Non-incapacitating,ALCOHOLIC BEVERAGES,39.17643291,-86.56255714
12,4,1100.0,1-Car,No injury/unknown,RAN OFF ROAD RIGHT,39.17643291,-86.56255714
12,4,1600.0,2-Car,No injury/unknown,UNSAFE SPEED,39.17639959,-86.56260428
4,7,1100.0,2-Car,No injury/unknown,FOLLOWING TOO CLOSELY,39.17635885,-86.56266189
12,7,1400.0,2-Car,No injury/unknown,FAILURE TO YIELD RIGHT OF WAY,39.17629712,-86.5282324
9,7,1500.0,3+ Cars,No injury/unknown,FOLLOWING TOO CLOSELY,39.17626628,-86.56279284
9,7,300.0,3+ Cars,No injury/unknown,OTHER (DRIVER) - EXPLAIN IN NARRATIVE,39.17624227,-86.52822904
5,6,1600.0,2-Car,No injury/unknown,OTHER (ENVIRONMENTAL) - EXPLAIN IN NARR,39.17617371,-86.56292379
2,2,1700.0,2-Car,No injury/unknown,ROADWAY SURFACE CONDITION,39.17617371,-86.56292379
5,4,200.0,2-Car,No injury/unknown,LEFT OF CENTER,39.17616,-86.528224
3,4,1400.0,2-Car,No injury/unknown,FAILURE TO YIELD RIGHT OF WAY,39.17616,-86.528224
9,5,1600.0,2-Car,No injury/unknown,UNSAFE SPEED,39.17616,-86.528224
7,4,1000.0,2-Car,Non-incapacitating,FAILURE TO YIELD RIGHT OF WAY,39.17616,-86.528224
11,7,1100.0,2-Car,No injury/unknown,OVERCORRECTING/OVERSTEERING,39.176144,-86.522448
11,2,1200.0,2-Car,No injury/unknown,FAILURE TO YIELD RIGHT OF WAY,39.176144,-86.5234609
4,1,1100.0,2-Car,No injury/unknown,,39.17608926,-86.53343755
9,1,600.0,2-Car,No injury/unknown,UNSAFE BACKING,39.17608918,-86.552592
12,5,2000.0,2-Car,No injury/unknown,IMPROPER TURNING,39.176048,-86.537696
4,2,1600.0,2-Car,No injury/unknown,FAILURE TO YIELD RIGHT OF WAY,39.176048,-86.537696
11,1,1900.0,1-Car,No injury/unknown,UNSAFE BACKING,39.176016,-86.5296
1,7,2000.0,2-Car,No injury/unknown,FAILURE TO YIELD RIGHT OF WAY,39.176,-86.530896
2,6,1800.0,2-Car,Non-incapacitating,DISREGARD SIGNAL/REG SIGN,39.176,-86.530896
4,3,1500.0,2-Car,Incapacitating,UNSAFE SPEED,39.17598856,-86.56318568
1,5,1300.0,Bus,No injury/unknown,UNSAFE BACKING,39.175984,-86.534736
1,5,1500.0,2-Car,Non-incapacitating,FAILURE TO YIELD RIGHT OF WAY,39.175984,-86.534736
3,2,1700.0,1-Car,Non-incapacitating,FAILURE TO YIELD RIGHT OF WAY,39.175984,-86.534736
2,5,900.0,2-Car,No injury/unknown,RAN OFF ROAD LEFT,39.175968,-86.532288
1,6,1400.0,2-Car,No injury/unknown,FAILURE TO YIELD RIGHT OF WAY,39.175952,-86.53344
2,6,1400.0,3+ Cars,Non-incapacitating,FAILURE TO YIELD RIGHT OF WAY,39.175952,-86.53344
3,2,1000.0,2-Car,No injury/unknown,FAILURE TO YIELD RIGHT OF WAY,39.175952,-86.53344
10,3,1200.0,2-Car,Non-incapacitating,FAILURE TO YIELD RIGHT OF WAY,39.175952,-86.53344
11,3,1200.0,2-Car,No injury/unknown,FAILURE TO YIELD RIGHT OF WAY,39.175952,-86.53344
9,1,2200.0,2-Car,No injury/unknown,FAILURE TO YIELD RIGHT OF WAY,39.175952,-86.53344
5,6,1000.0,2-Car,No injury/unknown,OTHER (DRIVER) - EXPLAIN IN NARRATIVE,39.175952,-86.53344
10,3,800.0,2-Car,No injury/unknown,DISREGARD SIGNAL/REG SIGN,39.175888,-86.547088
3,3,1100.0,2-Car,No injury/unknown,FOLLOWING TOO CLOSELY,39.17563617,-86.537696
2,4,1500.0,2-Car,Non-incapacitating,FOLLOWING TOO CLOSELY,39.17561826,-86.56370945
5,5,1800.0,3+ Cars,Non-incapacitating,NONE (ENVIRONMENTAL),39.17561826,-86.56370945
11,6,300.0,1-Car,No injury/unknown,ALCOHOLIC BEVERAGES,39.17560534,-86.52964006
11,4,700.0,2-Car,No injury/unknown,LEFT OF CENTER,39.175552,-86.528192
1,4,2200.0,1-Car,Non-incapacitating,BRAKE FAILURE OR DEFECTIVE,39.175552,-86.528192
1,2,1200.0,2-Car,Non-incapacitating,FAILURE TO YIELD RIGHT OF WAY,39.175504,-86.527104
1,6,1200.0,2-Car,No injury/unknown,FAILURE TO YIELD RIGHT OF WAY,39.175504,-86.527104
1,2,1100.0,2-Car,No injury/unknown,FAILURE TO YIELD RIGHT OF WAY,39.175504,-86.527104
1,6,1400.0,2-Car,Non-incapacitating,FAILURE TO YIELD RIGHT OF WAY,39.175504,-86.527104
10,3,1100.0,2-Car,No injury/unknown,OTHER (DRIVER) - EXPLAIN IN NARRATIVE,39.175504,-86.527104
12,5,1400.0,2-Car,No injury/unknown,FAILURE TO YIELD RIGHT OF WAY,39.175504,-86.527104
11,6,1200.0,Bus,No injury/unknown,FAILURE TO YIELD RIGHT OF WAY,39.175504,-86.527104
11,1,2000.0,2-Car,No injury/unknown,FAILURE TO YIELD RIGHT OF WAY,39.175504,-86.527104
8,6,2300.0,2-Car,No injury/unknown,FAILURE TO YIELD RIGHT OF WAY,39.175504,-86.527104
10,7,900.0,2-Car,No injury/unknown,FAILURE TO YIELD RIGHT OF WAY,39.175504,-86.527104
9,3,1700.0,2-Car,No injury/unknown,FAILURE TO YIELD RIGHT OF WAY,39.175504,-86.527104
7,7,1500.0,2-Car,No injury/unknown,FAILURE TO YIELD RIGHT OF WAY,39.175504,-86.527104
5,7,1100.0,2-Car,No injury/unknown,FAILURE TO YIELD RIGHT OF WAY,39.175504,-86.527104
4,3,900.0,Bus,Non-incapacitating,FAILURE TO YIELD RIGHT OF WAY,39.175504,-86.527104
11,5,1800.0,2-Car,No injury/unknown,FAILURE TO YIELD RIGHT OF WAY,39.175504,-86.527104
7,3,1500.0,3+ Cars,No injury/unknown,FAILURE TO YIELD RIGHT OF WAY,39.175504,-86.527104
9,2,1700.0,2-Car,No injury/unknown,FAILURE TO YIELD RIGHT OF WAY,39.175504,-86.527104
11,7,0.0,2-Car,No injury/unknown,LEFT OF CENTER,39.17547479,-86.48062617
4,7,1000.0,2-Car,No injury/unknown,,39.17544,-86.525824
1,4,2100.0,2-Car,Non-incapacitating,FAILURE TO YIELD RIGHT OF WAY,39.17544,-86.525824
12,3,1300.0,2-Car,No injury/unknown,OTHER (DRIVER) - EXPLAIN IN NARRATIVE,39.17543312,-86.56397134
3,7,1700.0,2-Car,No injury/unknown,INSECURE/LEAKY LOAD,39.17543312,-86.56397134
4,6,1400.0,2-Car,No injury/unknown,FAILURE TO YIELD RIGHT OF WAY,39.17541651,-86.531399
11,3,1900.0,2-Car,No injury/unknown,UNSAFE BACKING,39.17528784,-86.53474939
7,5,1600.0,1-Car,No injury/unknown,RAN OFF ROAD RIGHT,39.17528295,-86.5566612
10,7,1100.0,3+ Cars,No injury/unknown,,39.175232,-86.520976
9,7,1400.0,2-Car,Non-incapacitating,DISREGARD SIGNAL/REG SIGN,39.175232,-86.520976
9,3,1500.0,2-Car,No injury/unknown,OTHER (DRIVER) - EXPLAIN IN NARRATIVE,39.175232,-86.520976
9,7,1900.0,2-Car,No injury/unknown,FAILURE TO YIELD RIGHT OF WAY,39.175232,-86.520976
2,6,1200.0,2-Car,No injury/unknown,FAILURE TO YIELD RIGHT OF WAY,39.175232,-86.520976
2,2,1700.0,2-Car,No injury/unknown,FAILURE TO YIELD RIGHT OF WAY,39.175232,-86.520976
5,5,1500.0,2-Car,Non-incapacitating,DISREGARD SIGNAL/REG SIGN,39.175232,-86.520976
5,5,1500.0,2-Car,Non-incapacitating,IMPROPER LANE USAGE,39.175232,-86.520976
1,2,700.0,Bus,No injury/unknown,ROADWAY SURFACE CONDITION,39.175152,-86.538512
11,2,1800.0,2-Car,No injury/unknown,OTHER (DRIVER) - EXPLAIN IN NARRATIVE,39.175152,-86.533456
1,7,1400.0,2-Car,No injury/unknown,OTHER (ENVIRONMENTAL) - EXPLAIN IN NARR,39.175152,-86.538512
5,6,1200.0,2-Car,No injury/unknown,OTHER (ENVIRONMENTAL) - EXPLAIN IN NARR,39.175152,-86.538512
11,5,1500.0,2-Car,No injury/unknown,UNSAFE BACKING,39.175152,-86.518992
11,3,1900.0,2-Car,No injury/unknown,FAILURE TO YIELD RIGHT OF WAY,39.175152,-86.518992
10,3,1000.0,2-Car,No injury/unknown,UNSAFE SPEED,39.17508762,-86.538699
6,4,1700.0,3+ Cars,Non-incapacitating,UNSAFE SPEED,39.17506282,-86.56449511
2,5,1100.0,1-Car,No injury/unknown,ROADWAY SURFACE CONDITION,39.17504,-86.556496
10,6,1200.0,3+ Cars,No injury/unknown,FAILURE TO YIELD RIGHT OF WAY,39.17504,-86.556496
3,5,500.0,2-Car,Non-incapacitating,ROADWAY SURFACE CONDITION,39.17493332,-86.582999
4,7,1300.0,2-Car,No injury/unknown,FOLLOWING TOO CLOSELY,39.17476891,-86.51466906
9,6,1600.0,3+ Cars,No injury/unknown,OTHER (DRIVER) - EXPLAIN IN NARRATIVE,39.17469251,-86.56501887
8,6,1200.0,3+ Cars,Non-incapacitating,FOLLOWING TOO CLOSELY,39.17469251,-86.56501887
9,7,1200.0,3+ Cars,No injury/unknown,UNSAFE SPEED,39.17459994,-86.56514981
5,2,0.0,2-Car,No injury/unknown,,39.1744589,-86.51893173
8,1,1200.0,1-Car,Non-incapacitating,RAN OFF ROAD RIGHT,39.174448,-86.529696
4,4,2000.0,2-Car,No injury/unknown,RAN OFF ROAD RIGHT,39.174416,-86.530992
4,6,1500.0,2-Car,Non-incapacitating,FOLLOWING TOO CLOSELY,39.174368,-86.527088
12,5,2300.0,Bus,No injury/unknown,FAILURE TO YIELD RIGHT OF WAY,39.174368,-86.527088
9,5,1900.0,2-Car,No injury/unknown,FAILURE TO YIELD RIGHT OF WAY,39.174368,-86.527088
2,3,1700.0,2-Car,No injury/unknown,FOLLOWING TOO CLOSELY,39.174368,-86.527088
4,7,1700.0,2-Car,No injury/unknown,FAILURE TO YIELD RIGHT OF WAY,39.174368,-86.527088
12,7,900.0,2-Car,Non-incapacitating,FAILURE TO YIELD RIGHT OF WAY,39.174368,-86.527088
11,7,1600.0,2-Car,No injury/unknown,FAILURE TO YIELD RIGHT OF WAY,39.17435359,-86.53336562
6,1,500.0,Moped/Motorcycle,Non-incapacitating,,39.174352,-86.533472
8,5,2100.0,2-Car,No injury/unknown,ALCOHOLIC BEVERAGES,39.174352,-86.54717493
7,7,1700.0,1-Car,No injury/unknown,UNSAFE SPEED,39.17428291,-86.52401838
11,1,2100.0,2-Car,No injury/unknown,DRIVER DISTRACTED - EXPLAIN IN NARRATIVE,39.174272,-86.523664
3,2,1500.0,1-Car,No injury/unknown,OTHER (DRIVER) - EXPLAIN IN NARRATIVE,39.174202,-86.582999
3,5,900.0,2-Car,No injury/unknown,,39.174202,-86.582999
5,4,1600.0,3+ Cars,No injury/unknown,OTHER (DRIVER) - EXPLAIN IN NARRATIVE,39.17410003,-86.56585688
12,5,1700.0,3+ Cars,No injury/unknown,FOLLOWING TOO CLOSELY,39.174048,-86.518896
9,3,1200.0,2-Car,Non-incapacitating,FOLLOWING TOO CLOSELY,39.174048,-86.518896
5,7,1000.0,2-Car,No injury/unknown,FAILURE TO YIELD RIGHT OF WAY,39.174048,-86.518896
4,6,1500.0,2-Car,Incapacitating,FOLLOWING TOO CLOSELY,39.174048,-86.518896
10,6,1700.0,2-Car,No injury/unknown,FOLLOWING TOO CLOSELY,39.174048,-86.518896
5,4,1200.0,2-Car,No injury/unknown,OTHER (DRIVER) - EXPLAIN IN NARRATIVE,39.173952,-86.509792
10,6,1600.0,2-Car,No injury/unknown,UNSAFE BACKING,39.173872,-86.517728
1,7,1600.0,2-Car,No injury/unknown,UNSAFE BACKING,39.173872,-86.517728
8,6,1500.0,3+ Cars,Non-incapacitating,UNSAFE SPEED,39.17376675,-86.56632825
12,5,1400.0,2-Car,Non-incapacitating,UNSAFE SPEED,39.17373498,-86.51536601
8,3,1900.0,2-Car,No injury/unknown,FAILURE TO YIELD RIGHT OF WAY,39.17369282,-86.51653632
9,3,1500.0,2-Car,No injury/unknown,FAILURE TO YIELD RIGHT OF WAY,39.173648,-86.481888
1,4,1600.0,2-Car,No injury/unknown,FOLLOWING TOO CLOSELY,39.17363698,-86.51886272
2,4,800.0,2-Car,No injury/unknown,OTHER (DRIVER) - EXPLAIN IN NARRATIVE,39.17360327,-86.52094727
3,3,1600.0,2-Car,No injury/unknown,FAILURE TO YIELD RIGHT OF WAY,39.17359894,-86.51583744
3,4,1100.0,2-Car,No injury/unknown,FAILURE TO YIELD RIGHT OF WAY,39.17359894,-86.51583744
10,3,2000.0,2-Car,No injury/unknown,UNSAFE BACKING,39.17356139,-86.51555789
3,3,1600.0,2-Car,No injury/unknown,OTHER (DRIVER) - EXPLAIN IN NARRATIVE,39.173552,-86.515488
4,2,1200.0,2-Car,No injury/unknown,FAILURE TO YIELD RIGHT OF WAY,39.173552,-86.515488
2,7,1700.0,2-Car,No injury/unknown,UNSAFE SPEED,39.173552,-86.515488
8,6,1100.0,2-Car,No injury/unknown,FAILURE TO YIELD RIGHT OF WAY,39.173552,-86.515488
2,7,1600.0,2-Car,No injury/unknown,ROADWAY SURFACE CONDITION,39.173552,-86.515488
4,7,1800.0,2-Car,No injury/unknown,IMPROPER TURNING,39.173552,-86.515488
2,7,1500.0,2-Car,No injury/unknown,FOLLOWING TOO CLOSELY,39.17352526,-86.51538737
10,4,2000.0,3+ Cars,Non-incapacitating,FOLLOWING TOO CLOSELY,39.17349489,-86.52705789
5,7,1900.0,2-Car,No injury/unknown,OTHER (ENVIRONMENTAL) - EXPLAIN IN NARR,39.17344,-86.52842986
2,7,1100.0,2-Car,No injury/unknown,FAILURE TO YIELD RIGHT OF WAY,39.17344,-86.530992
10,3,1200.0,2-Car,No injury/unknown,UNSAFE BACKING,39.17344,-86.525792
11,4,1300.0,2-Car,No injury/unknown,FAILURE TO YIELD RIGHT OF WAY,39.17344,-86.527056
11,2,1200.0,2-Car,No injury/unknown,IMPROPER PASSING,39.17344,-86.520944
9,2,1400.0,2-Car,Non-incapacitating,FAILURE TO YIELD RIGHT OF WAY,39.17344,-86.529696
10,7,800.0,2-Car,No injury/unknown,,39.17344,-86.5324
7,3,1400.0,2-Car,No injury/unknown,,39.17344,-86.527056
9,4,1900.0,2-Car,No injury/unknown,IMPROPER PASSING,39.17344,-86.531696