Month,Day,Hour,Collision Type,Injury Type,Primary Factor,Latitude,Longitude
9,2,1700.0,2-Car,Non-incapacitating,WRONG WAY ON ONE WAY,39.17344,-86.523616
8,6,900.0,2-Car,No injury/unknown,FAILURE TO YIELD RIGHT OF WAY,39.17344,-86.527056
7,5,2100.0,2-Car,No injury/unknown,UNSAFE BACKING,39.17344,-86.53033078
5,6,1000.0,2-Car,No injury/unknown,OTHER (DRIVER) - EXPLAIN IN NARRATIVE,39.17344,-86.53054237
9,3,2000.0,2-Car,No injury/unknown,OTHER (DRIVER) - EXPLAIN IN NARRATIVE,39.17344,-86.531696
3,7,1500.0,2-Car,No injury/unknown,FAILURE TO YIELD RIGHT OF WAY,39.17344,-86.527056
2,4,1700.0,1-Car,No injury/unknown,OTHER (DRIVER) - EXPLAIN IN NARRATIVE,39.17344,-86.530992
2,2,700.0,1-Car,No injury/unknown,UNSAFE SPEED,39.17344,-86.520944
1,4,1500.0,2-Car,Non-incapacitating,FAILURE TO YIELD RIGHT OF WAY,39.17344,-86.523616
2,5,1600.0,2-Car,No injury/unknown,FAILURE TO YIELD RIGHT OF WAY,39.17344,-86.523616
7,4,0.0,1-Car,Non-incapacitating,FAILURE TO YIELD RIGHT OF WAY,39.17344,-86.520944
7,7,1700.0,1-Car,No injury/unknown,OTHER (DRIVER) - EXPLAIN IN NARRATIVE,39.17344,-86.525792
12,7,1700.0,2-Car,No injury/unknown,,39.17334697,-86.5155126
6,5,1400.0,2-Car,No injury/unknown,,39.173344,-86.54657201
1,6,,2-Car,No injury/unknown,RAN OFF ROAD RIGHT,39.173344,-86.54505866
2,6,,2-Car,No injury/unknown,OTHER (DRIVER) - EXPLAIN IN NARRATIVE,39.173344,-86.543792
12,5,200.0,2-Car,Non-incapacitating,FAILURE TO YIELD RIGHT OF WAY,39.173344,-86.549792
11,1,1200.0,2-Car,No injury/unknown,OVERCORRECTING/OVERSTEERING,39.173344,-86.54734825
7,3,1900.0,2-Car,No injury/unknown,UNSAFE BACKING,39.173344,-86.543792
6,5,1100.0,2-Car,No injury/unknown,UNSAFE BACKING,39.173344,-86.549296
8,2,600.0,2-Car,No injury/unknown,RAN OFF ROAD RIGHT,39.173344,-86.54926001
4,7,1900.0,1-Car,Non-incapacitating,OTHER (DRIVER) - EXPLAIN IN NARRATIVE,39.173344,-86.550304
7,1,1800.0,2-Car,No injury/unknown,FAILURE TO YIELD RIGHT OF WAY,39.173344,-86.550304
1,2,1500.0,2-Car,Non-incapacitating,DISREGARD SIGNAL/REG SIGN,39.173344,-86.555104
10,6,1400.0,Bus,Fatal,OTHER (DRIVER) - EXPLAIN IN NARRATIVE,39.17331771,-86.54096948
12,7,2000.0,2-Car,No injury/unknown,FOLLOWING TOO CLOSELY,39.17329382,-86.53852688
2,5,1000.0,2-Car,No injury/unknown,UNSAFE BACKING,39.173248,-86.533488
12,3,1800.0,2-Car,No injury/unknown,FAILURE TO YIELD RIGHT OF WAY,39.173248,-86.533488
5,5,1000.0,2-Car,Non-incapacitating,DISREGARD SIGNAL/REG SIGN,39.173232,-86.534752
2,2,900.0,2-Car,No injury/unknown,OTHER (ENVIRONMENTAL) - EXPLAIN IN NARR,39.173232,-86.534752
12,4,1500.0,2-Car,No injury/unknown,FOLLOWING TOO CLOSELY,39.173232,-86.534752
11,3,1300.0,2-Car,Non-incapacitating,DISREGARD SIGNAL/REG SIGN,39.173232,-86.534752
5,4,1200.0,Bus,No injury/unknown,IMPROPER TURNING,39.173232,-86.534752
3,5,1600.0,Moped/Motorcycle,Non-incapacitating,FAILURE TO YIELD RIGHT OF WAY,39.173232,-86.534752
2,2,600.0,2-Car,No injury/unknown,,39.173232,-86.534752
8,2,1400.0,2-Car,Non-incapacitating,OTHER (DRIVER) - EXPLAIN IN NARRATIVE,39.173232,-86.534752
11,3,1300.0,2-Car,No injury/unknown,FOLLOWING TOO CLOSELY,39.173232,-86.534752
11,3,1300.0,2-Car,No injury/unknown,FOLLOWING TOO CLOSELY,39.173232,-86.534752
2,1,2100.0,2-Car,No injury/unknown,FAILURE TO YIELD RIGHT OF WAY,39.17322605,-86.51882775
7,6,1700.0,Moped/Motorcycle,Non-incapacitating,FAILURE TO YIELD RIGHT OF WAY,39.17321736,-86.53589362
2,5,2300.0,2-Car,No injury/unknown,,39.173216,-86.536
3,4,1600.0,2-Car,Non-incapacitating,FAILURE TO YIELD RIGHT OF WAY,39.173216,-86.536
4,1,1700.0,2-Car,No injury/unknown,DISREGARD SIGNAL/REG SIGN,39.173184,-86.538528
10,6,1200.0,2-Car,No injury/unknown,FOLLOWING TOO CLOSELY,39.173184,-86.538528
8,4,1300.0,2-Car,No injury/unknown,,39.173184,-86.538528
4,5,0.0,2-Car,No injury/unknown,DISREGARD SIGNAL/REG SIGN,39.173184,-86.538528
8,2,1700.0,2-Car,No injury/unknown,IMPROPER TURNING,39.17316109,-86.536
5,3,1000.0,2-Car,No injury/unknown,FAILURE TO YIELD RIGHT OF WAY,39.173152,-86.5408
9,4,1400.0,1-Car,Non-incapacitating,FAILURE TO YIELD RIGHT OF WAY,39.173152,-86.5408
3,1,2100.0,2-Car,No injury/unknown,RAN OFF ROAD LEFT,39.173152,-86.5408
11,6,1400.0,2-Car,No injury/unknown,FAILURE TO YIELD RIGHT OF WAY,39.17314964,-86.53475289
10,5,1700.0,2-Car,Non-incapacitating,FAILURE TO YIELD RIGHT OF WAY,39.17307488,-86.550396
9,6,1900.0,1-Car,No injury/unknown,ANIMAL/OBJECT IN ROADWAY,39.17289854,-86.50282742
2,2,1700.0,2-Car,No injury/unknown,OTHER (DRIVER) - EXPLAIN IN NARRATIVE,39.17284142,-86.56763813
9,6,1300.0,2-Car,No injury/unknown,UNSAFE BACKING,39.17278694,-86.52704294
2,4,1400.0,2-Car,No injury/unknown,FAILURE TO YIELD RIGHT OF WAY,39.172752,-86.543792
3,5,1700.0,2-Car,No injury/unknown,FAILURE TO YIELD RIGHT OF WAY,39.172752,-86.482288
9,2,1400.0,2-Car,No injury/unknown,OTHER (DRIVER) - EXPLAIN IN NARRATIVE,39.17272236,-86.52827365
12,6,600.0,2-Car,No injury/unknown,LEFT OF CENTER,39.17270421,-86.521699
5,7,2100.0,1-Car,Non-incapacitating,RAN OFF ROAD RIGHT,39.172704,-86.655888
1,6,1700.0,1-Car,No injury/unknown,OTHER (ENVIRONMENTAL) - EXPLAIN IN NARR,39.172704,-86.655888
10,4,1600.0,2-Car,No injury/unknown,INSECURE/LEAKY LOAD,39.17264,-86.522432
1,6,1600.0,2-Car,No injury/unknown,FAILURE TO YIELD RIGHT OF WAY,39.17264,-86.529696
3,4,1100.0,2-Car,Non-incapacitating,DISREGARD SIGNAL/REG SIGN,39.17264,-86.523584
2,5,1400.0,2-Car,No injury/unknown,FAILURE TO YIELD RIGHT OF WAY,39.17264,-86.523584
10,3,1400.0,2-Car,No injury/unknown,FAILURE TO YIELD RIGHT OF WAY,39.17264,-86.523584
10,6,1200.0,1-Car,Non-incapacitating,WRONG WAY ON ONE WAY,39.17264,-86.52704
11,7,1600.0,2-Car,No injury/unknown,FAILURE TO YIELD RIGHT OF WAY,39.17264,-86.52704
5,3,100.0,2-Car,No injury/unknown,,39.17264,-86.52704
5,7,1900.0,1-Car,No injury/unknown,OTHER (DRIVER) - EXPLAIN IN NARRATIVE,39.17264,-86.520928
1,3,1400.0,2-Car,No injury/unknown,FAILURE TO YIELD RIGHT OF WAY,39.17264,-86.52464
4,3,1800.0,2-Car,No injury/unknown,FAILURE TO YIELD RIGHT OF WAY,39.17264,-86.522432
3,2,1700.0,2-Car,No injury/unknown,FAILURE TO YIELD RIGHT OF WAY,39.17264,-86.529696
4,4,1100.0,2-Car,No injury/unknown,OTHER (DRIVER) - EXPLAIN IN NARRATIVE,39.17264,-86.52704
7,5,1800.0,2-Car,Non-incapacitating,FOLLOWING TOO CLOSELY,39.17253346,-86.48207333
8,6,0.0,2-Car,Non-incapacitating,,39.1724239,-86.4819665
12,6,1300.0,2-Car,No injury/unknown,,39.17240587,-86.51875795
1,2,1000.0,2-Car,No injury/unknown,UNSAFE SPEED,39.172399,-86.51026372
1,5,1300.0,2-Car,No injury/unknown,UNSAFE BACKING,39.172399,-86.51030265
12,3,1300.0,1-Car,Non-incapacitating,TIRE FAILURE OR DEFECTIVE,39.17237603,-86.48280496
11,2,2100.0,2-Car,No injury/unknown,FAILURE TO YIELD RIGHT OF WAY,39.17224059,-86.4912
10,5,1300.0,2-Car,No injury/unknown,FOLLOWING TOO CLOSELY,39.17219951,-86.5347631
5,7,1100.0,1-Car,No injury/unknown,OTHER (ENVIRONMENTAL) - EXPLAIN IN NARR,39.172144,-86.509392
6,5,700.0,3+ Cars,No injury/unknown,FAILURE TO YIELD RIGHT OF WAY,39.17209519,-86.48164601
2,5,800.0,2-Car,No injury/unknown,UNSAFE BACKING,39.172048,-86.4732
10,5,2100.0,2-Car,No injury/unknown,UNSAFE BACKING,39.172048,-86.4816
7,5,1500.0,2-Car,No injury/unknown,UNSAFE BACKING,39.172048,-86.4816
5,3,1300.0,2-Car,No injury/unknown,UNSAFE BACKING,39.172048,-86.4816
8,6,1400.0,2-Car,No injury/unknown,UNSAFE BACKING,39.171921,-86.57262269
4,4,1500.0,2-Car,No injury/unknown,FOLLOWING TOO CLOSELY,39.17188127,-86.53476652
9,6,1500.0,3+ Cars,No injury/unknown,FOLLOWING TOO CLOSELY,39.17188127,-86.53476652
10,6,1200.0,2-Car,No injury/unknown,ALCOHOLIC BEVERAGES,39.17184928,-86.530992
10,5,1100.0,2-Car,No injury/unknown,FOLLOWING TOO CLOSELY,39.17184,-86.487488
12,7,1700.0,2-Car,No injury/unknown,OTHER (DRIVER) - EXPLAIN IN NARRATIVE,39.17175546,-86.5324
1,6,2100.0,2-Car,No injury/unknown,,39.171744,-86.536
2,5,2100.0,2-Car,No injury/unknown,IMPROPER TURNING,39.171744,-86.534768
3,6,2000.0,2-Car,No injury/unknown,IMPROPER TURNING,39.171744,-86.53352
6,2,1700.0,2-Car,No injury/unknown,FAILURE TO YIELD RIGHT OF WAY,39.171744,-86.534768
9,3,900.0,2-Car,No injury/unknown,FAILURE TO YIELD RIGHT OF WAY,39.171744,-86.53352
11,6,1500.0,2-Car,No injury/unknown,IMPROPER TURNING,39.171744,-86.534768
10,1,900.0,2-Car,No injury/unknown,OTHER (DRIVER) - EXPLAIN IN NARRATIVE,39.171744,-86.53352
7,1,900.0,Bus,Non-incapacitating,IMPROPER TURNING,39.171744,-86.53352
7,5,1200.0,2-Car,No injury/unknown,IMPROPER TURNING,39.171744,-86.534768
9,2,2100.0,2-Car,No injury/unknown,PRESCRIPTION DRUGS,39.171744,-86.534768
6,3,1800.0,2-Car,No injury/unknown,FAILURE TO YIELD RIGHT OF WAY,39.171744,-86.534768
5,4,1300.0,2-Car,Non-incapacitating,OTHER (DRIVER) - EXPLAIN IN NARRATIVE,39.171744,-86.534768
9,5,800.0,2-Car,No injury/unknown,IMPROPER TURNING,39.171744,-86.534768
6,2,1300.0,2-Car,No injury/unknown,,39.171744,-86.534768
1,7,1900.0,2-Car,No injury/unknown,FAILURE TO YIELD RIGHT OF WAY,39.171744,-86.534768
8,6,700.0,2-Car,No injury/unknown,FAILURE TO YIELD RIGHT OF WAY,39.171744,-86.534768
7,5,1400.0,2-Car,No injury/unknown,IMPROPER TURNING,39.171744,-86.534768
11,3,900.0,2-Car,No injury/unknown,FAILURE TO YIELD RIGHT OF WAY,39.171744,-86.53352
12,3,1400.0,2-Car,No injury/unknown,FAILURE TO YIELD RIGHT OF WAY,39.171744,-86.534768
2,6,1600.0,3+ Cars,Non-incapacitating,FOLLOWING TOO CLOSELY,39.17171281,-86.53106292
11,7,1100.0,2-Car,No injury/unknown,FOLLOWING TOO CLOSELY,39.17171281,-86.53106292
9,3,0.0,2-Car,Non-incapacitating,RAN OFF ROAD RIGHT,39.171712,-86.530992
12,2,1300.0,2-Car,Non-incapacitating,FAILURE TO YIELD RIGHT OF WAY,39.171712,-86.530992
9,6,1000.0,2-Car,No injury/unknown,ALCOHOLIC BEVERAGES,39.171712,-86.530992
10,6,1300.0,2-Car,No injury/unknown,,39.171712,-86.530992
10,7,1300.0,2-Car,No injury/unknown,FAILURE TO YIELD RIGHT OF WAY,39.171712,-86.530992
7,7,1300.0,2-Car,No injury/unknown,FAILURE TO YIELD RIGHT OF WAY,39.171712,-86.530992
11,7,300.0,3+ Cars,Non-incapacitating,ALCOHOLIC BEVERAGES,39.171712,-86.530992
7,7,2100.0,2-Car,No injury/unknown,DISREGARD SIGNAL/REG SIGN,39.171712,-86.530992
4,7,1900.0,2-Car,No injury/unknown,DISREGARD SIGNAL/REG SIGN,39.171712,-86.530992
11,3,1600.0,2-Car,No injury/unknown,UNSAFE SPEED,39.171712,-86.530992
2,2,1500.0,2-Car,No injury/unknown,IMPROPER LANE USAGE,39.17170282,-86.534768
9,2,1900.0,2-Car,No injury/unknown,FAILURE TO YIELD RIGHT OF WAY,39.171696,-86.529696
8,4,1100.0,2-Car,No injury/unknown,FAILURE TO YIELD RIGHT OF WAY,39.171696,-86.529696
6,1,100.0,2-Car,No injury/unknown,UNSAFE BACKING,39.171696,-86.529696
4,7,1200.0,2-Car,No injury/unknown,FAILURE TO YIELD RIGHT OF WAY,39.171696,-86.529696
8,7,1800.0,2-Car,Non-incapacitating,FAILURE TO YIELD RIGHT OF WAY,39.171696,-86.529696
10,1,1100.0,2-Car,No injury/unknown,IMPROPER TURNING,39.17168909,-86.534768
5,1,1100.0,2-Car,No injury/unknown,IMPROPER TURNING,39.17168909,-86.534768
10,3,1900.0,2-Car,No injury/unknown,FOLLOWING TOO CLOSELY,39.17168,-86.52720133
3,5,1700.0,2-Car,No injury/unknown,,39.17168,-86.528256
3,5,1300.0,2-Car,No injury/unknown,OTHER LIGHTS DEFECTIVE,39.17168,-86.527024
11,6,1400.0,3+ Cars,No injury/unknown,FOLLOWING TOO CLOSELY,39.17168,-86.528256
11,1,600.0,2-Car,No injury/unknown,DISREGARD SIGNAL/REG SIGN,39.17168,-86.527024
10,1,1000.0,2-Car,No injury/unknown,FAILURE TO YIELD RIGHT OF WAY,39.17168,-86.52815543
12,3,700.0,1-Car,Non-incapacitating,FAILURE TO YIELD RIGHT OF WAY,39.17168,-86.528256
12,2,1200.0,Bus,No injury/unknown,,39.17168,-86.527024
9,3,1300.0,2-Car,No injury/unknown,FAILURE TO YIELD RIGHT OF WAY,39.17168,-86.52815543
5,6,,2-Car,No injury/unknown,UNSAFE BACKING,39.17168,-86.52815543
5,2,100.0,2-Car,No injury/unknown,,39.17168,-86.52802971
2,7,1100.0,2-Car,No injury/unknown,FAILURE TO YIELD RIGHT OF WAY,39.17168,-86.528256
1,6,1400.0,2-Car,No injury/unknown,DISREGARD SIGNAL/REG SIGN,39.17168,-86.527024
9,4,1500.0,2-Car,Incapacitating,FOLLOWING TOO CLOSELY,39.17168,-86.527024
12,5,1200.0,1-Car,No injury/unknown,DISREGARD SIGNAL/REG SIGN,39.17168,-86.527024
6,3,1700.0,3+ Cars,No injury/unknown,FOLLOWING TOO CLOSELY,39.17167865,-86.52691762
10,7,0.0,2-Car,Non-incapacitating,BRAKE FAILURE OR DEFECTIVE,39.17167821,-86.52688216
4,2,2000.0,2-Car,No injury/unknown,UNSAFE BACKING,39.17166719,-86.47377122
12,6,200.0,2-Car,No injury/unknown,DISREGARD SIGNAL/REG SIGN,39.171664,-86.52576
11,7,100.0,1-Car,No injury/unknown,OVERCORRECTING/OVERSTEERING,39.171648,-86.50699934
9,3,1800.0,1-Car,Non-incapacitating,OTHER (DRIVER) - EXPLAIN IN NARRATIVE,39.171648,-86.502096
2,5,1600.0,2-Car,Non-incapacitating,FOLLOWING TOO CLOSELY,39.171648,-86.502096
5,5,700.0,2-Car,No injury/unknown,FAILURE TO YIELD RIGHT OF WAY,39.171648,-86.50298873
12,7,1700.0,1-Car,Non-incapacitating,ROADWAY SURFACE CONDITION,39.171648,-86.507088
9,3,1100.0,2-Car,Non-incapacitating,OTHER (DRIVER) - EXPLAIN IN NARRATIVE,39.171648,-86.502096
12,2,1600.0,2-Car,No injury/unknown,FAILURE TO YIELD RIGHT OF WAY,39.171648,-86.524608
10,5,1600.0,2-Car,No injury/unknown,OVERCORRECTING/OVERSTEERING,39.171648,-86.507088
10,7,200.0,1-Car,No injury/unknown,ROADWAY SURFACE CONDITION,39.171648,-86.507088
10,3,1700.0,2-Car,Non-incapacitating,IMPROPER LANE USAGE,39.171648,-86.524608
10,7,1500.0,2-Car,Non-incapacitating,OTHER (DRIVER) - EXPLAIN IN NARRATIVE,39.171648,-86.502096
12,4,900.0,2-Car,No injury/unknown,FAILURE TO YIELD RIGHT OF WAY,39.171648,-86.50298873
7,4,900.0,1-Car,No injury/unknown,OTHER (DRIVER) - EXPLAIN IN NARRATIVE,39.171648,-86.507088
8,4,1300.0,2-Car,No injury/unknown,FAILURE TO YIELD RIGHT OF WAY,39.171648,-86.502096
8,6,700.0,2-Car,Non-incapacitating,FOLLOWING TOO CLOSELY,39.171648,-86.502096
6,7,1100.0,2-Car,No injury/unknown,FOLLOWING TOO CLOSELY,39.171648,-86.502096
2,5,2000.0,1-Car,No injury/unknown,,39.171648,-86.524608
5,5,1200.0,2-Car,No injury/unknown,FOLLOWING TOO CLOSELY,39.171648,-86.524608
8,5,1200.0,3+ Cars,No injury/unknown,FOLLOWING TOO CLOSELY,39.171648,-86.502096
6,6,1100.0,2-Car,No injury/unknown,IMPROPER TURNING,39.171648,-86.524608
11,7,0.0,1-Car,Non-incapacitating,ALCOHOLIC BEVERAGES,39.171648,-86.507088
1,1,1500.0,1-Car,No injury/unknown,RAN OFF ROAD RIGHT,39.171648,-86.507088
1,6,2000.0,2-Car,No injury/unknown,ROADWAY SURFACE CONDITION,39.171648,-86.524608
6,5,1400.0,2-Car,No injury/unknown,FAILURE TO YIELD RIGHT OF WAY,39.171648,-86.524608
11,7,400.0,1-Car,No injury/unknown,UNSAFE SPEED,39.171648,-86.507088
12,4,1400.0,3+ Cars,No injury/unknown,FOLLOWING TOO CLOSELY,39.17164641,-86.52450163
12,6,900.0,3+ Cars,No injury/unknown,ROADWAY SURFACE CONDITION,39.17164539,-86.50196904
12,6,900.0,2-Car,No injury/unknown,ROADWAY SURFACE CONDITION,39.17164539,-86.50196904
6,2,1100.0,3+ Cars,Non-incapacitating,UNSAFE SPEED,39.17164259,-86.52424517
5,2,1500.0,2-Car,No injury/unknown,OTHER (DRIVER) - EXPLAIN IN NARRATIVE,39.17163729,-86.52389058
10,6,1700.0,2-Car,No injury/unknown,UNSAFE SPEED,39.17163401,-86.51571816
9,6,1300.0,2-Car,No injury/unknown,IMPROPER LANE USAGE,39.17163401,-86.51571816
3,6,1700.0,2-Car,Non-incapacitating,,39.17163359,-86.52364238
11,3,1700.0,2-Car,Non-incapacitating,OVERCORRECTING/OVERSTEERING,39.171632,-86.52353600000001
11,1,2100.0,1-Car,Non-incapacitating,FAILURE TO YIELD RIGHT OF WAY,39.171632,-86.52353600000001
12,7,1700.0,2-Car,Non-incapacitating,ROADWAY SURFACE CONDITION,39.171632,-86.52353600000001
10,5,900.0,2-Car,No injury/unknown,UNSAFE BACKING,39.171632,-86.52353600000001
10,4,1700.0,2-Car,No injury/unknown,UNSAFE BACKING,39.171632,-86.52353600000001
10,5,1600.0,Bus,No injury/unknown,DISREGARD SIGNAL/REG SIGN,39.171632,-86.52353600000001
9,2,2000.0,3+ Cars,Non-incapacitating,UNSAFE SPEED,39.171632,-86.52353600000001
10,3,1200.0,2-Car,Non-incapacitating,OTHER (DRIVER) - EXPLAIN IN NARRATIVE,39.171632,-86.52353600000001
1,1,300.0,2-Car,No injury/unknown,FAILURE TO YIELD RIGHT OF WAY,39.171632,-86.52353600000001
6,6,1500.0,2-Car,No injury/unknown,FAILURE TO YIELD RIGHT OF WAY,39.171632,-86.52353600000001
9,2,1500.0,2-Car,No injury/unknown,UNSAFE SPEED,39.171631,-86.52346508
4,1,0.0,2-Car,Non-incapacitating,FAILURE TO YIELD RIGHT OF WAY,39.17162979,-86.50120969
1,4,1300.0,3+ Cars,No injury/unknown,UNSAFE SPEED,39.17162826,-86.52327006
5,1,2300.0,2-Car,No injury/unknown,IMPROPER LANE USAGE,39.17162509,-86.52825523
8,6,1400.0,2-Car,No injury/unknown,FOLLOWING TOO CLOSELY,39.171616,-86.5224
8,6,1500.0,2-Car,No injury/unknown,FOLLOWING TOO CLOSELY,39.171616,-86.5224
5,5,1500.0,2-Car,Non-incapacitating,FOLLOWING TOO CLOSELY,39.171616,-86.5224
1,3,1500.0,2-Car,Non-incapacitating,FOLLOWING TOO CLOSELY,39.171616,-86.5224
11,2,1900.0,1-Car,No injury/unknown,FOLLOWING TOO CLOSELY,39.171616,-86.5224
3,6,1400.0,3+ Cars,Non-incapacitating,FOLLOWING TOO CLOSELY,39.171616,-86.5224
10,5,1400.0,2-Car,No injury/unknown,FOLLOWING TOO CLOSELY,39.17161158,-86.50032337
2,7,2300.0,2-Car,No injury/unknown,ROADWAY SURFACE CONDITION,39.17161137,-86.52825503
11,3,1400.0,2-Car,No injury/unknown,IMPROPER TURNING,39.17160672,-86.534768
2,7,1800.0,2-Car,No injury/unknown,ROADWAY SURFACE CONDITION,39.17160668,-86.51572144
1,1,1600.0,2-Car,No injury/unknown,ROADWAY SURFACE CONDITION,39.1716,-86.513894
11,5,2100.0,2-Car,No injury/unknown,FOLLOWING TOO CLOSELY,39.1716,-86.513894
11,4,1400.0,2-Car,No injury/unknown,IMPROPER LANE USAGE,39.1716,-86.51390179
8,3,1200.0,3+ Cars,No injury/unknown,UNSAFE SPEED,39.1716,-86.520896
12,6,1400.0,2-Car,No injury/unknown,FOLLOWING TOO CLOSELY,39.1716,-86.51390006
9,7,2200.0,2-Car,No injury/unknown,FAILURE TO YIELD RIGHT OF WAY,39.1716,-86.513894
3,6,1400.0,2-Car,Non-incapacitating,FOLLOWING TOO CLOSELY,39.1716,-86.520896
3,1,1500.0,2-Car,No injury/unknown,FAILURE TO YIELD RIGHT OF WAY,39.1716,-86.520896
4,4,1800.0,3+ Cars,No injury/unknown,FOLLOWING TOO CLOSELY,39.1716,-86.52010133
4,6,1400.0,2-Car,No injury/unknown,FOLLOWING TOO CLOSELY,39.1716,-86.520896
2,3,1300.0,2-Car,Non-incapacitating,FOLLOWING TOO CLOSELY,39.1716,-86.520896
7,4,800.0,2-Car,No injury/unknown,DISREGARD SIGNAL/REG SIGN,39.1716,-86.513894
2,5,1900.0,2-Car,No injury/unknown,IMPROPER TURNING,39.1716,-86.520896
2,4,1800.0,2-Car,No injury/unknown,FOLLOWING TOO CLOSELY,39.1716,-86.515599
4,1,1300.0,2-Car,Non-incapacitating,FOLLOWING TOO CLOSELY,39.1716,-86.520896
8,3,1900.0,1-Car,Non-incapacitating,FAILURE TO YIELD RIGHT OF WAY,39.1716,-86.51390265
10,6,2300.0,2-Car,No injury/unknown,FOLLOWING TOO CLOSELY,39.1716,-86.51388535
2,6,1600.0,Bus,No injury/unknown,FAILURE TO YIELD RIGHT OF WAY,39.17159072,-86.5324
10,4,1100.0,2-Car,No injury/unknown,OVERCORRECTING/OVERSTEERING,39.171584,-86.518688
5,5,1100.0,2-Car,No injury/unknown,UNSAFE BACKING,39.171584,-86.518688
4,2,1100.0,1-Car,Non-incapacitating,OTHER (DRIVER) - EXPLAIN IN NARRATIVE,39.171584,-86.518688
11,4,1100.0,2-Car,No injury/unknown,FAILURE TO YIELD RIGHT OF WAY,39.171584,-86.518688
1,4,1400.0,2-Car,No injury/unknown,UNSAFE BACKING,39.171584,-86.518688
1,6,1700.0,2-Car,No injury/unknown,FOLLOWING TOO CLOSELY,39.171584,-86.518688
1,1,0.0,2-Car,No injury/unknown,FAILURE TO YIELD RIGHT OF WAY,39.171584,-86.518688
2,1,300.0,2-Car,No injury/unknown,FAILURE TO YIELD RIGHT OF WAY,39.171584,-86.518688
11,7,300.0,2-Car,Non-incapacitating,ALCOHOLIC BEVERAGES,39.171584,-86.518688
11,3,800.0,2-Car,Non-incapacitating,UNSAFE SPEED,39.17158381,-86.51867027
5,4,1600.0,2-Car,No injury/unknown,FOLLOWING TOO CLOSELY,39.17158381,-86.51867027
2,2,900.0,2-Car,No injury/unknown,UNSAFE SPEED,39.17158343,-86.51863481
10,5,2100.0,2-Car,No injury/unknown,FOLLOWING TOO CLOSELY,39.17158304,-86.51859935
4,6,1600.0,Bus,No injury/unknown,OTHER (DRIVER) - EXPLAIN IN NARRATIVE,39.17158017,-86.51833338
12,3,2300.0,2-Car,No injury/unknown,FOLLOWING TOO CLOSELY,39.17158017,-86.51833338
11,5,1000.0,2-Car,No injury/unknown,OTHER (DRIVER) - EXPLAIN IN NARRATIVE,39.17157826,-86.51815608
2,2,900.0,Bus,No injury/unknown,,39.17157712,-86.52353358
1,4,1200.0,2-Car,No injury/unknown,FAILURE TO YIELD RIGHT OF WAY,39.17156484,-86.51691492
9,5,800.0,Bus,No injury/unknown,IMPROPER LANE USAGE,39.17155967,-86.51643723
3,1,400.0,2-Car,No injury/unknown,ALCOHOLIC BEVERAGES,39.171552,-86.515728
11,2,1700.0,2-Car,No injury/unknown,FOLLOWING TOO CLOSELY,39.171552,-86.515728
9,6,1200.0,2-Car,No injury/unknown,FAILURE TO YIELD RIGHT OF WAY,39.171552,-86.515728
11,6,1300.0,3+ Cars,Non-incapacitating,FOLLOWING TOO CLOSELY,39.171552,-86.515728
10,3,1800.0,2-Car,No injury/unknown,UNSAFE SPEED,39.171552,-86.515728
10,5,1200.0,Moped/Motorcycle,Non-incapacitating,FAILURE TO YIELD RIGHT OF WAY,39.171552,-86.515728
11,3,1900.0,2-Car,No injury/unknown,ROADWAY SURFACE CONDITION,39.171552,-86.515728
4,2,1600.0,2-Car,No injury/unknown,FAILURE TO YIELD RIGHT OF WAY,39.171552,-86.515728
4,2,1900.0,2-Car,No injury/unknown,FOLLOWING TOO CLOSELY,39.171552,-86.515728
8,3,900.0,2-Car,No injury/unknown,DISREGARD SIGNAL/REG SIGN,39.171552,-86.515728
3,7,200.0,1-Car,No injury/unknown,ALCOHOLIC BEVERAGES,39.171552,-86.515728
9,7,2200.0,2-Car,Non-incapacitating,DISREGARD SIGNAL/REG SIGN,39.171552,-86.515728
6,1,1600.0,2-Car,No injury/unknown,ROADWAY SURFACE CONDITION,39.171552,-86.515728
10,6,2100.0,2-Car,No injury/unknown,FAILURE TO YIELD RIGHT OF WAY,39.171552,-86.515728
10,2,2200.0,2-Car,No injury/unknown,FOLLOWING TOO CLOSELY,39.171552,-86.515728
10,6,1600.0,2-Car,No injury/unknown,CELL PHONE USAGE,39.171552,-86.515728
9,7,1700.0,2-Car,No injury/unknown,FAILURE TO YIELD RIGHT OF WAY,39.17155175,-86.51571027
11,2,400.0,1-Car,No injury/unknown,ANIMAL/OBJECT IN ROADWAY,39.17154585,-86.49708438
6,5,1600.0,2-Car,No injury/unknown,FOLLOWING TOO CLOSELY,39.17153508,-86.49655259
3,3,1800.0,2-Car,No injury/unknown,UNSAFE BACKING,39.171504,-86.49504533
3,2,1700.0,2-Car,No injury/unknown,FAILURE TO YIELD RIGHT OF WAY,39.171504,-86.495312
3,4,1900.0,2-Car,No injury/unknown,FOLLOWING TOO CLOSELY,39.171504,-86.49513468
11,4,1300.0,2-Car,No injury/unknown,OTHER (DRIVER) - EXPLAIN IN NARRATIVE,39.171504,-86.49527654