Month,Day,Hour,Collision Type,Injury Type,Primary Factor,Latitude,Longitude
10,6,1900.0,3+ Cars,No injury/unknown,OTHER (DRIVER) - EXPLAIN IN NARRATIVE,39.171504,-86.49296
3,1,1500.0,2-Car,No injury/unknown,,39.171504,-86.49509867
5,7,1800.0,2-Car,Non-incapacitating,FAILURE TO YIELD RIGHT OF WAY,39.171504,-86.49296
6,3,1800.0,2-Car,Non-incapacitating,FAILURE TO YIELD RIGHT OF WAY,39.171504,-86.495312
1,6,,3+ Cars,No injury/unknown,ROADWAY SURFACE CONDITION,39.171504,-86.49509867
4,6,1900.0,3+ Cars,No injury/unknown,OTHER (DRIVER) - EXPLAIN IN NARRATIVE,39.171504,-86.49509867
12,3,1900.0,2-Car,Non-incapacitating,FAILURE TO YIELD RIGHT OF WAY,39.17149729,-86.51573404
12,3,2100.0,1-Car,Non-incapacitating,OTHER (DRIVER) - EXPLAIN IN NARRATIVE,39.17148644,-86.516399
6,2,800.0,2-Car,Non-incapacitating,FAILURE TO YIELD RIGHT OF WAY,39.1714836,-86.51043136
12,6,100.0,2-Car,No injury/unknown,ALCOHOLIC BEVERAGES,39.17147785,-86.50990792
8,7,900.0,2-Car,No injury/unknown,OTHER (ENVIRONMENTAL) - EXPLAIN IN NARR,39.17147629,-86.50976608
1,4,1400.0,2-Car,Non-incapacitating,OTHER (DRIVER) - EXPLAIN IN NARRATIVE,39.1714759,-86.50973061
4,1,1800.0,2-Car,No injury/unknown,ROADWAY SURFACE CONDITION,39.17147298,-86.50946465
11,1,1900.0,2-Car,No injury/unknown,FOLLOWING TOO CLOSELY,39.1714722,-86.50939373
10,2,1300.0,2-Car,No injury/unknown,UNSAFE SPEED,39.171472,-86.509376
8,6,1000.0,Bus,Non-incapacitating,FAILURE TO YIELD RIGHT OF WAY,39.171472,-86.509376
1,4,1000.0,2-Car,No injury/unknown,OTHER (DRIVER) - EXPLAIN IN NARRATIVE,39.171472,-86.509376
2,4,1700.0,Bus,No injury/unknown,FAILURE TO YIELD RIGHT OF WAY,39.171472,-86.509376
2,1,1700.0,2-Car,No injury/unknown,UNSAFE SPEED,39.17146957,-86.49534365
10,5,1600.0,2-Car,Non-incapacitating,FOLLOWING TOO CLOSELY,39.17146952,-86.5091987
5,4,1100.0,2-Car,No injury/unknown,FAILURE TO YIELD RIGHT OF WAY,39.17146946,-86.53352366
10,6,1100.0,2-Car,No injury/unknown,FAILURE TO YIELD RIGHT OF WAY,39.17146945,-86.534768
7,6,1900.0,2-Car,No injury/unknown,IMPROPER PASSING,39.17145584,-86.50822044
8,4,1000.0,2-Car,No injury/unknown,OTHER (DRIVER) - EXPLAIN IN NARRATIVE,39.17144076,-86.47665101
10,6,1500.0,2-Car,No injury/unknown,OTHER (DRIVER) - EXPLAIN IN NARRATIVE,39.17140337,-86.50937467
4,3,1600.0,2-Car,No injury/unknown,,39.17139444,-86.56981003
8,7,200.0,1-Car,No injury/unknown,RAN OFF ROAD LEFT,39.17138794,-86.49296
8,5,300.0,3+ Cars,No injury/unknown,RAN OFF ROAD RIGHT,39.17134985,-86.47424723
3,6,1400.0,Bus,No injury/unknown,FOLLOWING TOO CLOSELY,39.1713322,-86.53352549
12,4,100.0,1-Car,No injury/unknown,OTHER (ENVIRONMENTAL) - EXPLAIN IN NARR,39.17130315,-86.48132359
1,5,1800.0,2-Car,No injury/unknown,FAILURE TO YIELD RIGHT OF WAY,39.17127845,-86.51575821
10,6,1600.0,2-Car,Non-incapacitating,FOLLOWING TOO CLOSELY,39.171248,-86.481328
9,1,1300.0,2-Car,No injury/unknown,OTHER (DRIVER) - EXPLAIN IN NARRATIVE,39.17120522,-86.536
1,6,1200.0,Bus,No injury/unknown,OVERCORRECTING/OVERSTEERING,39.17119748,-86.50937067
7,4,1900.0,Moped/Motorcycle,No injury/unknown,OTHER (DRIVER) - EXPLAIN IN NARRATIVE,39.17119216,-86.56546743
9,7,1200.0,2-Car,No injury/unknown,IMPROPER PASSING,39.1711402,-86.61135233
1,6,1400.0,1-Car,Non-incapacitating,PEDESTRIAN ACTION,39.171138,-86.502056
5,6,1500.0,2-Car,No injury/unknown,IMPROPER TURNING,39.17093584,-86.53353078
8,1,300.0,1-Car,No injury/unknown,ROADWAY SURFACE CONDITION,39.17092539,-86.530992
9,7,1500.0,2-Car,No injury/unknown,UNSAFE BACKING,39.17091135,-86.534768
7,5,1800.0,2-Car,No injury/unknown,UNSAFE BACKING,39.17088686,-86.534768
5,5,1800.0,2-Car,No injury/unknown,OTHER (DRIVER) - EXPLAIN IN NARRATIVE,39.17088686,-86.534768
6,1,1700.0,2-Car,No injury/unknown,FAILURE TO YIELD RIGHT OF WAY,39.17088686,-86.534768
12,2,1600.0,2-Car,No injury/unknown,FAILURE TO YIELD RIGHT OF WAY,39.17088636,-86.575999
12,2,1400.0,2-Car,No injury/unknown,,39.1708184,-86.52457193
7,6,1000.0,1-Car,No injury/unknown,OTHER (ENVIRONMENTAL) - EXPLAIN IN NARR,39.17073208,-86.529696
2,2,800.0,2-Car,No injury/unknown,OTHER (ENVIRONMENTAL) - EXPLAIN IN NARR,39.17072,-86.4956
12,2,1500.0,2-Car,Non-incapacitating,FAILURE TO YIELD RIGHT OF WAY,39.17072,-86.4956
7,4,1500.0,3+ Cars,No injury/unknown,,39.17072,-86.4956
6,5,1400.0,2-Car,Non-incapacitating,OTHER (DRIVER) - EXPLAIN IN NARRATIVE,39.17072,-86.4956
7,3,2100.0,2-Car,No injury/unknown,LANE MARKING OBSCURED,39.17072,-86.4956
4,6,1300.0,2-Car,No injury/unknown,OTHER (DRIVER) - EXPLAIN IN NARRATIVE,39.17072,-86.4956
12,2,1500.0,2-Car,No injury/unknown,FAILURE TO YIELD RIGHT OF WAY,39.17072,-86.4956
4,4,1700.0,2-Car,No injury/unknown,FAILURE TO YIELD RIGHT OF WAY,39.17069688,-86.49485549
8,2,1100.0,2-Car,No injury/unknown,FAILURE TO YIELD RIGHT OF WAY,39.170648,-86.572352
7,4,900.0,1-Car,No injury/unknown,UNSAFE BACKING,39.170648,-86.572352
9,1,1000.0,2-Car,No injury/unknown,UNSAFE BACKING,39.170648,-86.572352
9,5,1600.0,1-Car,No injury/unknown,OTHER (DRIVER) - EXPLAIN IN NARRATIVE,39.17064,-86.504896
6,6,1500.0,2-Car,No injury/unknown,FAILURE TO YIELD RIGHT OF WAY,39.17062637,-86.530992
9,3,1400.0,2-Car,No injury/unknown,OTHER (DRIVER) - EXPLAIN IN NARRATIVE,39.170599,-86.49559873
9,5,0.0,2-Car,No injury/unknown,OTHER (DRIVER) - EXPLAIN IN NARRATIVE,39.17057145,-86.53353563
11,5,600.0,2-Car,No injury/unknown,,39.170544,-86.52491465
7,3,1900.0,2-Car,No injury/unknown,IMPROPER TURNING,39.170544,-86.533536
2,1,1800.0,2-Car,Non-incapacitating,DISREGARD SIGNAL/REG SIGN,39.170544,-86.530992
3,2,1800.0,3+ Cars,Non-incapacitating,FAILURE TO YIELD RIGHT OF WAY,39.170544,-86.530992
3,7,0.0,2-Car,No injury/unknown,FAILURE TO YIELD RIGHT OF WAY,39.170544,-86.529696
9,2,1200.0,2-Car,No injury/unknown,FAILURE TO YIELD RIGHT OF WAY,39.170544,-86.534768
11,6,2200.0,2-Car,No injury/unknown,FOLLOWING TOO CLOSELY,39.170544,-86.534768
11,7,1700.0,2-Car,No injury/unknown,FAILURE TO YIELD RIGHT OF WAY,39.170544,-86.530992
11,6,2300.0,1-Car,Non-incapacitating,LEFT OF CENTER,39.170544,-86.536
10,5,,2-Car,No injury/unknown,,39.170544,-86.52456
12,3,1300.0,2-Car,No injury/unknown,FAILURE TO YIELD RIGHT OF WAY,39.170544,-86.5324
7,6,,2-Car,No injury/unknown,IMPROPER PASSING,39.170544,-86.533536
10,7,1000.0,2-Car,No injury/unknown,FAILURE TO YIELD RIGHT OF WAY,39.170544,-86.52824
5,5,1300.0,2-Car,No injury/unknown,OTHER (DRIVER) - EXPLAIN IN NARRATIVE,39.170544,-86.534768
8,4,1200.0,2-Car,No injury/unknown,IMPROPER TURNING,39.170544,-86.536
9,4,1600.0,2-Car,No injury/unknown,INSECURE/LEAKY LOAD,39.170544,-86.52824
5,4,1200.0,2-Car,No injury/unknown,OTHER (ENVIRONMENTAL) - EXPLAIN IN NARR,39.170544,-86.533536
6,6,1100.0,1-Car,No injury/unknown,ALCOHOLIC BEVERAGES,39.170544,-86.534768
7,7,1200.0,2-Car,Non-incapacitating,WRONG WAY ON ONE WAY,39.170544,-86.52824
2,7,2100.0,2-Car,Non-incapacitating,IMPROPER TURNING,39.170544,-86.534768
3,1,1600.0,Moped/Motorcycle,Incapacitating,OTHER (DRIVER) - EXPLAIN IN NARRATIVE,39.170544,-86.534768
2,5,2000.0,2-Car,Non-incapacitating,FAILURE TO YIELD RIGHT OF WAY,39.170544,-86.5324
4,7,2200.0,2-Car,Non-incapacitating,IMPROPER PASSING,39.170544,-86.533536
4,3,2100.0,2-Car,Incapacitating,FAILURE TO YIELD RIGHT OF WAY,39.170544,-86.534768
2,4,600.0,1-Car,No injury/unknown,UNSAFE BACKING,39.170544,-86.52793437
11,3,1600.0,2-Car,No injury/unknown,FAILURE TO YIELD RIGHT OF WAY,39.170544,-86.526992
11,4,1800.0,2-Car,No injury/unknown,FAILURE TO YIELD RIGHT OF WAY,39.170544,-86.526992
2,6,1100.0,2-Car,No injury/unknown,OTHER (ENVIRONMENTAL) - EXPLAIN IN NARR,39.170544,-86.526992
6,4,2100.0,2-Car,No injury/unknown,FAILURE TO YIELD RIGHT OF WAY,39.170544,-86.534768
8,6,2000.0,2-Car,No injury/unknown,IMPROPER TURNING,39.170544,-86.533536
9,1,1700.0,2-Car,No injury/unknown,DISREGARD SIGNAL/REG SIGN,39.170544,-86.529696
11,4,1900.0,1-Car,Non-incapacitating,OTHER (DRIVER) - EXPLAIN IN NARRATIVE,39.170544,-86.529696
3,2,2000.0,2-Car,Non-incapacitating,IMPROPER LANE USAGE,39.17051655,-86.53476844
10,4,100.0,1-Car,No injury/unknown,CELL PHONE USAGE,39.1705,-86.49139035
7,6,,1-Car,No injury/unknown,,39.1705,-86.491399
8,1,200.0,1-Car,Non-incapacitating,ALCOHOLIC BEVERAGES,39.17047947,-86.5506695
11,4,200.0,1-Car,Non-incapacitating,OTHER (DRIVER) - EXPLAIN IN NARRATIVE,39.17047539,-86.52698963
12,3,900.0,2-Car,No injury/unknown,OTHER (DRIVER) - EXPLAIN IN NARRATIVE,39.17037132,-86.53353879
11,3,1100.0,2-Car,No injury/unknown,FAILURE TO YIELD RIGHT OF WAY,39.170304,-86.572694
6,7,2300.0,2-Car,No injury/unknown,UNSAFE BACKING,39.17026947,-86.53477243
11,2,1800.0,2-Car,No injury/unknown,CELL PHONE USAGE,39.17024,-86.501392
9,7,1600.0,2-Car,No injury/unknown,VIEW OBSTRUCTED,39.17024,-86.501392
11,5,1600.0,2-Car,No injury/unknown,FOLLOWING TOO CLOSELY,39.17024,-86.501392
12,1,300.0,2-Car,No injury/unknown,IMPROPER TURNING,39.17024,-86.501392
8,3,1500.0,Bus,Non-incapacitating,OTHER (VEHICLE) - EXPLAIN IN NARRATIVE,39.17024,-86.501392
6,2,800.0,2-Car,No injury/unknown,FOLLOWING TOO CLOSELY,39.17024,-86.501392
6,2,1200.0,2-Car,No injury/unknown,NONE (ENVIRONMENTAL),39.17024,-86.501392
5,7,2100.0,2-Car,No injury/unknown,FOLLOWING TOO CLOSELY,39.17024,-86.501392
10,5,1400.0,2-Car,No injury/unknown,FOLLOWING TOO CLOSELY,39.17024,-86.501392
8,1,1400.0,3+ Cars,Non-incapacitating,FOLLOWING TOO CLOSELY,39.17024,-86.501392
1,2,1600.0,2-Car,No injury/unknown,FOLLOWING TOO CLOSELY,39.17024,-86.501392
4,3,1600.0,2-Car,No injury/unknown,FOLLOWING TOO CLOSELY,39.17024,-86.501392
8,5,1800.0,2-Car,No injury/unknown,FOLLOWING TOO CLOSELY,39.17024,-86.501392
3,1,1700.0,2-Car,No injury/unknown,OTHER (DRIVER) - EXPLAIN IN NARRATIVE,39.1701011,-86.5324
4,5,2100.0,2-Car,No injury/unknown,IMPROPER LANE USAGE,39.1701,-86.501499
2,7,1200.0,2-Car,No injury/unknown,CELL PHONE USAGE,39.170095,-86.576399
11,4,1700.0,2-Car,No injury/unknown,UNSAFE BACKING,39.170095,-86.576399
4,2,,2-Car,No injury/unknown,UNSAFE SPEED,39.17004,-86.502624
8,6,2300.0,2-Car,No injury/unknown,UNSAFE BACKING,39.17000255,-86.5548
2,6,800.0,2-Car,No injury/unknown,OTHER (DRIVER) - EXPLAIN IN NARRATIVE,39.16984,-86.549696
12,2,2200.0,1-Car,No injury/unknown,IMPROPER TURNING,39.16983086,-86.52824
5,7,2000.0,2-Car,No injury/unknown,FAILURE TO YIELD RIGHT OF WAY,39.16982653,-86.53477957
9,2,1700.0,2-Car,Non-incapacitating,FOLLOWING TOO CLOSELY,39.16977941,-86.56793201
12,7,1800.0,2-Car,No injury/unknown,ROADWAY SURFACE CONDITION,39.16976466,-86.51592538
1,6,1700.0,2-Car,No injury/unknown,,39.1697342,-86.53478106
7,5,900.0,2-Car,No injury/unknown,IMPROPER TURNING,39.1697342,-86.53478106
6,2,1100.0,Moped/Motorcycle,Incapacitating,RAN OFF ROAD RIGHT,39.169696,-86.553392
10,3,1300.0,2-Car,No injury/unknown,UNSAFE SPEED,39.16969371,-86.529696
9,3,1400.0,2-Car,No injury/unknown,OTHER (DRIVER) - EXPLAIN IN NARRATIVE,39.16967089,-86.52696189
1,6,1300.0,2-Car,No injury/unknown,FAILURE TO YIELD RIGHT OF WAY,39.169648,-86.52824
5,4,800.0,2-Car,No injury/unknown,UNSAFE BACKING,39.169648,-86.52824
10,3,1200.0,2-Car,No injury/unknown,FAILURE TO YIELD RIGHT OF WAY,39.169648,-86.52824
2,4,1500.0,2-Car,No injury/unknown,,39.16964212,-86.5280049
5,4,1200.0,2-Car,No injury/unknown,FAILURE TO YIELD RIGHT OF WAY,39.16964156,-86.51593897
4,2,1900.0,2-Car,No injury/unknown,OTHER (DRIVER) - EXPLAIN IN NARRATIVE,39.16963372,-86.52766891
11,5,1500.0,2-Car,No injury/unknown,OTHER (DRIVER) - EXPLAIN IN NARRATIVE,39.169632,-86.5452
1,6,1400.0,2-Car,No injury/unknown,VIEW OBSTRUCTED,39.169616,-86.52696
1,6,100.0,3+ Cars,Non-incapacitating,ALCOHOLIC BEVERAGES,39.169616,-86.52696
11,2,2100.0,2-Car,No injury/unknown,FAILURE TO YIELD RIGHT OF WAY,39.169616,-86.52696
5,7,800.0,1-Car,No injury/unknown,CELL PHONE USAGE,39.16961145,-86.5385757
12,4,1100.0,2-Car,No injury/unknown,FAILURE TO YIELD RIGHT OF WAY,39.169584,-86.538576
6,7,1700.0,2-Car,No injury/unknown,DISREGARD SIGNAL/REG SIGN,39.169584,-86.538576
8,6,1100.0,2-Car,No injury/unknown,UNSAFE BACKING,39.1695838,-86.49972314
7,7,1200.0,2-Car,No injury/unknown,OTHER (DRIVER) - EXPLAIN IN NARRATIVE,39.169568,-86.536
5,5,1700.0,2-Car,No injury/unknown,IMPROPER TURNING,39.169552,-86.53381798
4,7,2200.0,3+ Cars,No injury/unknown,ALCOHOLIC BEVERAGES,39.169552,-86.53365839
1,5,1400.0,2-Car,No injury/unknown,IMPROPER TURNING,39.169552,-86.534784
1,6,2300.0,2-Car,No injury/unknown,OTHER (DRIVER) - EXPLAIN IN NARRATIVE,39.169552,-86.534784
11,3,2100.0,2-Car,No injury/unknown,FAILURE TO YIELD RIGHT OF WAY,39.169552,-86.52344
11,7,800.0,2-Car,No injury/unknown,UNSAFE BACKING,39.169552,-86.530992
10,6,1100.0,2-Car,No injury/unknown,OTHER (DRIVER) - EXPLAIN IN NARRATIVE,39.169552,-86.534784
9,7,1200.0,2-Car,No injury/unknown,IMPROPER LANE USAGE,39.169552,-86.534784
8,7,1100.0,2-Car,No injury/unknown,IMPROPER TURNING,39.169552,-86.534784
7,3,1100.0,2-Car,No injury/unknown,IMPROPER TURNING,39.169552,-86.534784
8,5,0.0,Pedestrian,Non-incapacitating,PEDESTRIAN ACTION,39.169552,-86.532976
1,2,1400.0,2-Car,No injury/unknown,FAILURE TO YIELD RIGHT OF WAY,39.169552,-86.529696
3,5,100.0,2-Car,No injury/unknown,ALCOHOLIC BEVERAGES,39.169552,-86.53338743
4,6,,2-Car,No injury/unknown,OTHER (DRIVER) - EXPLAIN IN NARRATIVE,39.169552,-86.534784
4,5,1900.0,2-Car,Non-incapacitating,,39.169552,-86.530992
8,5,1300.0,2-Car,No injury/unknown,FAILURE TO YIELD RIGHT OF WAY,39.169552,-86.534784
9,2,1700.0,3+ Cars,No injury/unknown,LEFT OF CENTER,39.169552,-86.52344
12,3,1600.0,2-Car,No injury/unknown,DISREGARD SIGNAL/REG SIGN,39.169552,-86.52344
4,2,1900.0,3+ Cars,No injury/unknown,ALCOHOLIC BEVERAGES,39.16951082,-86.53355272
11,6,300.0,2-Car,No injury/unknown,OTHER (DRIVER) - EXPLAIN IN NARRATIVE,39.1695,-86.53110592
2,3,1100.0,3+ Cars,No injury/unknown,FOLLOWING TOO CLOSELY,39.16949709,-86.534784
11,4,100.0,2-Car,No injury/unknown,FAILURE TO YIELD RIGHT OF WAY,39.16949111,-86.51595559
10,7,300.0,1-Car,Non-incapacitating,ALCOHOLIC BEVERAGES,39.16946964,-86.53355345
11,2,1300.0,2-Car,No injury/unknown,OTHER (DRIVER) - EXPLAIN IN NARRATIVE,39.16946964,-86.534784
7,4,1800.0,2-Car,No injury/unknown,OTHER (DRIVER) - EXPLAIN IN NARRATIVE,39.16944219,-86.53355393
3,5,900.0,2-Car,No injury/unknown,,39.1694142,-86.54950687
10,3,2100.0,1-Car,Non-incapacitating,PEDESTRIAN ACTION,39.16937146,-86.516399
12,5,1400.0,2-Car,No injury/unknown,UNSAFE BACKING,39.169248,-86.474976
7,5,1400.0,2-Car,Non-incapacitating,DISREGARD SIGNAL/REG SIGN,39.169002,-86.573595
3,4,2000.0,1-Car,No injury/unknown,,39.16899073,-86.66458038
9,7,1200.0,2-Car,No injury/unknown,FAILURE TO YIELD RIGHT OF WAY,39.16898546,-86.534784
4,1,1400.0,3+ Cars,Non-incapacitating,OTHER (DRIVER) - EXPLAIN IN NARRATIVE,39.16895981,-86.50075189
12,4,2100.0,1-Car,No injury/unknown,,39.168944,-86.516016
12,4,1900.0,2-Car,No injury/unknown,OTHER (DRIVER) - EXPLAIN IN NARRATIVE,39.168944,-86.516016
8,6,1700.0,2-Car,No injury/unknown,FOLLOWING TOO CLOSELY,39.168944,-86.516016
12,2,2200.0,2-Car,No injury/unknown,DISREGARD SIGNAL/REG SIGN,39.168944,-86.516016
11,4,1600.0,2-Car,No injury/unknown,FOLLOWING TOO CLOSELY,39.16893055,-86.534784
9,1,1300.0,1-Car,No injury/unknown,OTHER (DRIVER) - EXPLAIN IN NARRATIVE,39.16884954,-86.54956961
4,7,300.0,2-Car,No injury/unknown,ALCOHOLIC BEVERAGES,39.16880751,-86.53356506
2,7,900.0,3+ Cars,No injury/unknown,UNSAFE SPEED,39.1688,-86.57641
8,7,1400.0,2-Car,No injury/unknown,DISREGARD SIGNAL/REG SIGN,39.1688,-86.5764
11,4,1300.0,2-Car,No injury/unknown,OTHER (DRIVER) - EXPLAIN IN NARRATIVE,39.16877726,-86.53356559
11,2,2000.0,2-Car,No injury/unknown,IMPROPER LANE USAGE,39.16877029,-86.5324
4,3,1700.0,2-Car,Non-incapacitating,VIEW OBSTRUCTED,39.168752,-86.5436
8,6,1500.0,2-Car,No injury/unknown,FAILURE TO YIELD RIGHT OF WAY,39.168736,-86.542096
10,6,1900.0,1-Car,No injury/unknown,ANIMAL/OBJECT IN ROADWAY,39.16871938,-86.66284218
11,2,800.0,2-Car,No injury/unknown,FOLLOWING TOO CLOSELY,39.16870863,-86.5335668
6,2,900.0,2-Car,No injury/unknown,OTHER (DRIVER) - EXPLAIN IN NARRATIVE,39.168704,-86.53868239
8,2,1700.0,2-Car,No injury/unknown,FOLLOWING TOO CLOSELY,39.168704,-86.538576
4,2,1700.0,2-Car,No injury/unknown,,39.1687,-86.513897
2,4,1600.0,1-Car,No injury/unknown,,39.1687,-86.51391084
2,5,1600.0,2-Car,No injury/unknown,FOLLOWING TOO CLOSELY,39.1687,-86.51389441
4,2,2000.0,2-Car,No injury/unknown,UNSAFE BACKING,39.1687,-86.51390565
1,3,1300.0,2-Car,No injury/unknown,UNSAFE BACKING,39.168688,-86.537296
5,4,1600.0,2-Car,No injury/unknown,IMPROPER TURNING,39.168688,-86.537296
3,7,900.0,2-Car,No injury/unknown,IMPROPER LANE USAGE,39.16866745,-86.53356752
9,5,2000.0,3+ Cars,No injury/unknown,FOLLOWING TOO CLOSELY,39.16866745,-86.53356752
2,2,1200.0,Bus,No injury/unknown,OTHER (DRIVER) - EXPLAIN IN NARRATIVE,39.16866743,-86.52339344
10,1,,2-Car,No injury/unknown,OTHER (ENVIRONMENTAL) - EXPLAIN IN NARR,39.16865813,-86.54672913
12,5,1200.0,2-Car,Non-incapacitating,FOLLOWING TOO CLOSELY,39.16865693,-86.53485492
2,3,1500.0,2-Car,No injury/unknown,FAILURE TO YIELD RIGHT OF WAY,39.168656,-86.534784
3,1,1800.0,2-Car,Non-incapacitating,FAILURE TO YIELD RIGHT OF WAY,39.168656,-86.534784
12,2,1500.0,2-Car,No injury/unknown,IMPROPER TURNING,39.168656,-86.534784
8,6,1000.0,2-Car,No injury/unknown,DISREGARD SIGNAL/REG SIGN,39.168656,-86.534784
4,6,1300.0,3+ Cars,No injury/unknown,FOLLOWING TOO CLOSELY,39.168656,-86.534784
3,5,800.0,2-Car,No injury/unknown,,39.168656,-86.534784
9,1,1800.0,2-Car,Non-incapacitating,IMPROPER TURNING,39.168656,-86.534784
2,7,500.0,2-Car,No injury/unknown,ALCOHOLIC BEVERAGES,39.16864,-86.5324
1,5,1300.0,2-Car,No injury/unknown,FAILURE TO YIELD RIGHT OF WAY,39.16864,-86.525696
2,6,1100.0,2-Car,No injury/unknown,FAILURE TO YIELD RIGHT OF WAY,39.16864,-86.530992
3,5,1600.0,2-Car,No injury/unknown,IMPROPER LANE USAGE,39.16864,-86.533568
12,2,1700.0,2-Car,Non-incapacitating,DISREGARD SIGNAL/REG SIGN,39.16864,-86.529696
12,2,1100.0,2-Car,No injury/unknown,DISREGARD SIGNAL/REG SIGN,39.16864,-86.5324
12,2,1100.0,2-Car,No injury/unknown,UNSAFE BACKING,39.16864,-86.530992
10,2,1400.0,Bus,No injury/unknown,OTHER (DRIVER) - EXPLAIN IN NARRATIVE,39.16864,-86.523392
11,1,1200.0,2-Car,No injury/unknown,IMPROPER TURNING,39.16864,-86.533568
10,6,800.0,2-Car,No injury/unknown,DISREGARD SIGNAL/REG SIGN,39.16864,-86.528224
10,2,1000.0,2-Car,No injury/unknown,IMPROPER TURNING,39.16864,-86.523392
9,3,1800.0,2-Car,No injury/unknown,DISREGARD SIGNAL/REG SIGN,39.16864,-86.5324
9,2,1400.0,2-Car,No injury/unknown,OTHER (VEHICLE) - EXPLAIN IN NARRATIVE,39.16864,-86.528224
8,5,1800.0,2-Car,Non-incapacitating,DISREGARD SIGNAL/REG SIGN,39.16864,-86.5324
6,4,1700.0,2-Car,No injury/unknown,UNSAFE SPEED,39.16864,-86.5324
7,4,1200.0,2-Car,No injury/unknown,OTHER (ENVIRONMENTAL) - EXPLAIN IN NARR,39.16864,-86.528224
5,2,1700.0,2-Car,No injury/unknown,FAILURE TO YIELD RIGHT OF WAY,39.16864,-86.5324
5,7,2300.0,3+ Cars,No injury/unknown,ALCOHOLIC BEVERAGES,39.16864,-86.533568
7,3,1200.0,2-Car,No injury/unknown,FAILURE TO YIELD RIGHT OF WAY,39.16864,-86.530992
3,3,2000.0,2-Car,Non-incapacitating,OTHER (DRIVER) - EXPLAIN IN NARRATIVE,39.16864,-86.533568
2,2,1300.0,2-Car,No injury/unknown,UNSAFE BACKING,39.16864,-86.52346293
3,3,1400.0,2-Car,No injury/unknown,DISREGARD SIGNAL/REG SIGN,39.16864,-86.5324
4,4,1700.0,2-Car,No injury/unknown,FAILURE TO YIELD RIGHT OF WAY,39.16864,-86.526944
4,7,300.0,1-Car,No injury/unknown,VIEW OBSTRUCTED,39.16864,-86.533568
5,5,200.0,2-Car,No injury/unknown,UNSAFE SPEED,39.16864,-86.533568
6,5,1100.0,2-Car,No injury/unknown,IMPROPER TURNING,39.16864,-86.523392
7,6,900.0,2-Car,No injury/unknown,OTHER (DRIVER) - EXPLAIN IN NARRATIVE,39.16864,-86.52948571
1,7,1800.0,1-Car,No injury/unknown,ANIMAL/OBJECT IN ROADWAY,39.16861083,-86.66214691
1,6,1600.0,2-Car,No injury/unknown,OTHER (DRIVER) - EXPLAIN IN NARRATIVE,39.16858778,-86.50932
6,2,1700.0,2-Car,No injury/unknown,FAILURE TO YIELD RIGHT OF WAY,39.168576,-86.5496
5,6,1200.0,2-Car,No injury/unknown,OTHER LIGHTS DEFECTIVE,39.168544,-86.512192
4,4,1500.0,2-Car,Non-incapacitating,FOLLOWING TOO CLOSELY,39.168536,-86.48442771
2,6,1700.0,2-Car,No injury/unknown,FAILURE TO YIELD RIGHT OF WAY,39.168504,-86.5124
2,5,1300.0,2-Car,No injury/unknown,PRESCRIPTION DRUGS,39.16850274,-86.53357021
8,7,1700.0,2-Car,Non-incapacitating,OTHER (DRIVER) - EXPLAIN IN NARRATIVE,39.168448,-86.661104
2,6,1900.0,1-Car,No injury/unknown,UNSAFE SPEED,39.1684,-86.495099
1,1,1600.0,1-Car,No injury/unknown,ROADWAY SURFACE CONDITION,39.16839716,-86.51608034
1,4,1200.0,2-Car,No injury/unknown,FAILURE TO YIELD RIGHT OF WAY,39.16836547,-86.53357243
12,5,1700.0,2-Car,No injury/unknown,,39.16835,-86.512399
12,6,1100.0,2-Car,No injury/unknown,FOLLOWING TOO CLOSELY,39.16832654,-86.534784
7,5,1300.0,2-Car,No injury/unknown,UNSAFE BACKING,39.168317,-86.573599
2,3,1700.0,2-Car,Non-incapacitating,IMPROPER TURNING,39.1683,-86.58262232
2,5,1100.0,1-Car,No injury/unknown,ROADWAY SURFACE CONDITION,39.168192,-86.49504
1,6,2100.0,1-Car,Non-incapacitating,ROADWAY SURFACE CONDITION,39.168192,-86.507024
3,7,1300.0,Moped/Motorcycle,Non-incapacitating,RAN OFF ROAD RIGHT,39.168192,-86.49504
1,5,1200.0,2-Car,No injury/unknown,FOLLOWING TOO CLOSELY,39.168176,-86.509312
12,7,1800.0,2-Car,No injury/unknown,ROADWAY SURFACE CONDITION,39.168176,-86.509312
1,1,1400.0,1-Car,No injury/unknown,,39.168144,-86.510992
9,5,1500.0,2-Car,No injury/unknown,FAILURE TO YIELD RIGHT OF WAY,39.168144,-86.510992
4,1,1300.0,2-Car,No injury/unknown,LEFT OF CENTER,39.168144,-86.411488
12,1,0.0,2-Car,No injury/unknown,ALCOHOLIC BEVERAGES,39.168144,-86.510992
12,4,1200.0,2-Car,No injury/unknown,IMPROPER TURNING,39.16801204,-86.58296631
4,7,1300.0,2-Car,No injury/unknown,,39.167969,-86.576273
5,6,1800.0,2-Car,No injury/unknown,UNSAFE BACKING,39.16795455,-86.530992
2,7,2200.0,2-Car,No injury/unknown,OTHER (DRIVER) - EXPLAIN IN NARRATIVE,39.16791185,-86.49134318
10,1,2300.0,3+ Cars,No injury/unknown,ILLEGAL DRUGS,39.16788364,-86.5324