Month,Day,Hour,Collision Type,Injury Type,Primary Factor,Latitude,Longitude
7,1,2200.0,2-Car,No injury/unknown,UNSAFE BACKING,39.16781257,-86.534784
7,4,,2-Car,No injury/unknown,OTHER (DRIVER) - EXPLAIN IN NARRATIVE,39.16781257,-86.534784
9,6,2000.0,2-Car,No injury/unknown,,39.16781257,-86.534784
8,4,1100.0,2-Car,No injury/unknown,UNSAFE BACKING,39.1677634,-86.4891999
9,2,1900.0,3+ Cars,No injury/unknown,BRAKE FAILURE OR DEFECTIVE,39.167744,-86.550896
6,5,1500.0,2-Car,No injury/unknown,FAILURE TO YIELD RIGHT OF WAY,39.16774311,-86.52699892
9,1,600.0,2-Car,No injury/unknown,RAN OFF ROAD RIGHT,39.16773238,-86.54995459
8,4,1000.0,2-Car,No injury/unknown,UNSAFE BACKING,39.16772898,-86.54967935
10,7,1800.0,2-Car,No injury/unknown,IMPROPER TURNING,39.167728,-86.528208
10,7,2300.0,3+ Cars,Non-incapacitating,ALCOHOLIC BEVERAGES,39.16771265,-86.54686269
10,7,,2-Car,No injury/unknown,FAILURE TO YIELD RIGHT OF WAY,39.16771238,-86.52966054
3,2,2000.0,2-Car,No injury/unknown,OTHER (DRIVER) - EXPLAIN IN NARRATIVE,39.167712,-86.529696
6,2,800.0,2-Car,No injury/unknown,FAILURE TO YIELD RIGHT OF WAY,39.167712,-86.5452
2,1,100.0,2-Car,Non-incapacitating,ALCOHOLIC BEVERAGES,39.16770016,-86.50184453
1,7,1100.0,2-Car,No injury/unknown,FOLLOWING TOO CLOSELY,39.16769916,-86.531
4,3,1100.0,2-Car,No injury/unknown,FAILURE TO YIELD RIGHT OF WAY,39.16768,-86.538592
12,4,1400.0,2-Car,No injury/unknown,FAILURE TO YIELD RIGHT OF WAY,39.16768,-86.538592
9,2,1300.0,1-Car,Non-incapacitating,OTHER (DRIVER) - EXPLAIN IN NARRATIVE,39.16768,-86.530992
8,6,1300.0,2-Car,Non-incapacitating,FAILURE TO YIELD RIGHT OF WAY,39.16768,-86.538592
5,3,200.0,3+ Cars,Non-incapacitating,ALCOHOLIC BEVERAGES,39.16768,-86.539808
6,1,800.0,2-Car,Non-incapacitating,ALCOHOLIC BEVERAGES,39.16768,-86.538592
4,5,1200.0,2-Car,Non-incapacitating,FAILURE TO YIELD RIGHT OF WAY,39.16768,-86.538592
11,3,1900.0,2-Car,No injury/unknown,FAILURE TO YIELD RIGHT OF WAY,39.16768,-86.538592
11,5,1500.0,2-Car,No injury/unknown,UNSAFE BACKING,39.16766498,-86.53737535
1,6,1500.0,2-Car,Non-incapacitating,FAILURE TO YIELD RIGHT OF WAY,39.167664,-86.537296
11,6,1600.0,2-Car,No injury/unknown,OTHER (DRIVER) - EXPLAIN IN NARRATIVE,39.167664,-86.537296
9,6,1000.0,2-Car,No injury/unknown,IMPROPER TURNING,39.167664,-86.5324
9,3,1900.0,2-Car,No injury/unknown,,39.167664,-86.53659813
6,5,1900.0,2-Car,No injury/unknown,UNSAFE BACKING,39.167664,-86.53659813
6,4,2200.0,2-Car,Non-incapacitating,ALCOHOLIC BEVERAGES,39.16765375,-86.53315851
10,4,1300.0,Bus,No injury/unknown,UNSAFE BACKING,39.1676494,-86.53489037
3,3,1200.0,2-Car,No injury/unknown,OTHER (DRIVER) - EXPLAIN IN NARRATIVE,39.167648,-86.53376132
5,1,100.0,2-Car,No injury/unknown,ALCOHOLIC BEVERAGES,39.167648,-86.53367266
2,7,2100.0,2-Car,No injury/unknown,DISREGARD SIGNAL/REG SIGN,39.167648,-86.534784
8,4,900.0,1-Car,No injury/unknown,OTHER (DRIVER) - EXPLAIN IN NARRATIVE,39.167648,-86.533584
7,4,1500.0,2-Car,No injury/unknown,UNSAFE BACKING,39.167648,-86.533584
9,3,1100.0,2-Car,No injury/unknown,UNSAFE BACKING,39.167648,-86.533584
5,7,2300.0,2-Car,No injury/unknown,IMPROPER LANE USAGE,39.167648,-86.534784
6,2,800.0,Bus,No injury/unknown,FOLLOWING TOO CLOSELY,39.167648,-86.534784
6,7,2000.0,2-Car,No injury/unknown,FOLLOWING TOO CLOSELY,39.167648,-86.53471307
6,3,1900.0,2-Car,No injury/unknown,DISREGARD SIGNAL/REG SIGN,39.167648,-86.533584
1,6,1100.0,Bus,No injury/unknown,UNSAFE BACKING,39.167648,-86.533584
2,4,1700.0,1-Car,No injury/unknown,,39.167648,-86.500096
1,2,2000.0,1-Car,Non-incapacitating,FAILURE TO YIELD RIGHT OF WAY,39.167648,-86.534784
1,5,1500.0,1-Car,Non-incapacitating,FAILURE TO YIELD RIGHT OF WAY,39.167648,-86.534784
1,6,200.0,2-Car,No injury/unknown,ALCOHOLIC BEVERAGES,39.167648,-86.533584
5,2,1100.0,Bus,No injury/unknown,OTHER (DRIVER) - EXPLAIN IN NARRATIVE,39.167648,-86.533584
8,7,1200.0,2-Car,No injury/unknown,IMPROPER LANE USAGE,39.167648,-86.533584
1,5,2300.0,2-Car,No injury/unknown,OVERCORRECTING/OVERSTEERING,39.16764291,-86.49504306
3,6,1400.0,2-Car,No injury/unknown,LEFT OF CENTER,39.16762509,-86.53859287
9,3,1400.0,2-Car,Incapacitating,FOLLOWING TOO CLOSELY,39.16757937,-86.53358509
10,3,1900.0,2-Car,No injury/unknown,FAILURE TO YIELD RIGHT OF WAY,39.16757648,-86.51617021
7,6,800.0,2-Car,No injury/unknown,UNSAFE BACKING,39.16752555,-86.50930416
5,7,1400.0,2-Car,No injury/unknown,,39.16745065,-86.583099
5,5,1700.0,2-Car,No injury/unknown,LEFT OF CENTER,39.16738853,-86.57288679
5,6,1400.0,2-Car,No injury/unknown,OTHER (DRIVER) - EXPLAIN IN NARRATIVE,39.16725453,-86.5093009
9,4,1000.0,3+ Cars,No injury/unknown,IMPROPER LANE USAGE,39.1672362,-86.53479054
9,4,900.0,2-Car,No injury/unknown,IMPROPER TURNING,39.16718897,-86.52691191
9,7,1100.0,2-Car,Non-incapacitating,IMPROPER PASSING,39.16713094,-86.53860072
12,6,1500.0,Bus,No injury/unknown,,39.167128,-86.516208
10,7,700.0,1-Car,No injury/unknown,OTHER (DRIVER) - EXPLAIN IN NARRATIVE,39.167128,-86.516008
5,6,2300.0,2-Car,No injury/unknown,OTHER (ENVIRONMENTAL) - EXPLAIN IN NARR,39.167128,-86.516208
2,1,1600.0,2-Car,No injury/unknown,OTHER (DRIVER) - EXPLAIN IN NARRATIVE,39.167128,-86.516208
1,5,900.0,2-Car,No injury/unknown,PASSENGER DISTRACTION,39.167128,-86.516208
3,5,600.0,2-Car,No injury/unknown,,39.167002,-86.582999
9,2,1500.0,2-Car,Non-incapacitating,DISREGARD SIGNAL/REG SIGN,39.167002,-86.582999
8,6,1300.0,2-Car,No injury/unknown,TRAFFIC CONTROL INOPERATIVE/MISSING/OBSC,39.167002,-86.582999
1,7,1200.0,2-Car,Non-incapacitating,IMPROPER PASSING,39.16698193,-86.51621882
2,3,1000.0,2-Car,No injury/unknown,FAILURE TO YIELD RIGHT OF WAY,39.166944,-86.495056
3,7,1500.0,1-Car,No injury/unknown,DRIVER ILLNESS,39.166944,-86.495056
4,5,1500.0,2-Car,No injury/unknown,FAILURE TO YIELD RIGHT OF WAY,39.166944,-86.495056
1,3,900.0,2-Car,No injury/unknown,,39.166944,-86.495056
1,5,1600.0,2-Car,No injury/unknown,LEFT OF CENTER,39.166944,-86.495056
2,3,1500.0,2-Car,No injury/unknown,FAILURE TO YIELD RIGHT OF WAY,39.166944,-86.495056
4,1,2200.0,2-Car,Non-incapacitating,IMPROPER TURNING,39.166944,-86.495056
12,2,1300.0,2-Car,No injury/unknown,UNSAFE BACKING,39.16691725,-86.49494067
11,2,1600.0,2-Car,No injury/unknown,FAILURE TO YIELD RIGHT OF WAY,39.16691448,-86.52690396
4,5,1900.0,2-Car,No injury/unknown,IMPROPER TURNING,39.16691448,-86.52690396
6,2,900.0,2-Car,No injury/unknown,IMPROPER TURNING,39.166912,-86.516224
10,6,1000.0,2-Car,No injury/unknown,UNSAFE BACKING,39.166912,-86.516224
12,6,1600.0,2-Car,No injury/unknown,OTHER (ENVIRONMENTAL) - EXPLAIN IN NARR,39.1669029,-86.50699331
3,2,2000.0,2-Car,No injury/unknown,DISREGARD SIGNAL/REG SIGN,39.166848,-86.506992
12,6,1600.0,2-Car,No injury/unknown,ROADWAY SURFACE CONDITION,39.166848,-86.509296
9,4,2200.0,2-Car,Non-incapacitating,FAILURE TO YIELD RIGHT OF WAY,39.166848,-86.506992
10,5,900.0,2-Car,No injury/unknown,UNSAFE BACKING,39.166848,-86.508192
6,5,1500.0,2-Car,No injury/unknown,DISREGARD SIGNAL/REG SIGN,39.166848,-86.506992
7,2,1100.0,2-Car,No injury/unknown,UNSAFE BACKING,39.166848,-86.509296
10,6,1600.0,2-Car,Non-incapacitating,OTHER (DRIVER) - EXPLAIN IN NARRATIVE,39.166848,-86.509296
8,7,1400.0,2-Car,No injury/unknown,LEFT OF CENTER,39.166816,-86.549488
9,1,1200.0,1-Car,Non-incapacitating,ALCOHOLIC BEVERAGES,39.166816,-86.549488
12,1,300.0,2-Car,No injury/unknown,UNSAFE BACKING,39.166816,-86.549488
11,2,1900.0,3+ Cars,No injury/unknown,OTHER (DRIVER) - EXPLAIN IN NARRATIVE,39.166816,-86.549488
4,2,2300.0,3+ Cars,Incapacitating,UNSAFE SPEED,39.166816,-86.549488
10,5,1000.0,2-Car,No injury/unknown,DISREGARD SIGNAL/REG SIGN,39.166816,-86.549488
6,6,1900.0,2-Car,Non-incapacitating,LEFT OF CENTER,39.16681458,-86.54938163
5,5,2100.0,2-Car,No injury/unknown,FAILURE TO YIELD RIGHT OF WAY,39.1668,-86.548288
8,2,1300.0,2-Car,No injury/unknown,IMPROPER TURNING,39.16677486,-86.53860637
6,1,2100.0,2-Car,No injury/unknown,FAILURE TO YIELD RIGHT OF WAY,39.166768,-86.5452
11,6,2200.0,2-Car,No injury/unknown,FAILURE TO YIELD RIGHT OF WAY,39.166768,-86.5452
6,6,1200.0,2-Car,No injury/unknown,OTHER (DRIVER) - EXPLAIN IN NARRATIVE,39.16676343,-86.53479804
1,7,1700.0,2-Car,No injury/unknown,ROADWAY SURFACE CONDITION,39.16676343,-86.53479804
7,6,500.0,2-Car,No injury/unknown,OBSTRUCTION NOT MARKED,39.166736,-86.5436
4,6,700.0,2-Car,No injury/unknown,OTHER (ENVIRONMENTAL) - EXPLAIN IN NARR,39.166736,-86.5436
7,4,1700.0,2-Car,No injury/unknown,UNSAFE BACKING,39.166736,-86.5436
11,3,2100.0,2-Car,No injury/unknown,OTHER (DRIVER) - EXPLAIN IN NARRATIVE,39.16673449,-86.54345816
2,5,0.0,3+ Cars,No injury/unknown,CELL PHONE USAGE,39.16672,-86.542096
4,6,1000.0,2-Car,Non-incapacitating,FAILURE TO YIELD RIGHT OF WAY,39.16672,-86.542096
6,2,1400.0,2-Car,Non-incapacitating,FAILURE TO YIELD RIGHT OF WAY,39.16672,-86.542096
12,3,1800.0,Bus,No injury/unknown,FAILURE TO YIELD RIGHT OF WAY,39.166704,-86.5408
9,3,1000.0,2-Car,No injury/unknown,FAILURE TO YIELD RIGHT OF WAY,39.166704,-86.5408
11,1,2100.0,1-Car,No injury/unknown,RAN OFF ROAD RIGHT,39.1666989,-86.484192
9,4,1400.0,2-Car,No injury/unknown,FOLLOWING TOO CLOSELY,39.16669491,-86.53359913
3,4,700.0,2-Car,No injury/unknown,FAILURE TO YIELD RIGHT OF WAY,39.166688,-86.539808
5,6,1400.0,2-Car,No injury/unknown,FAILURE TO YIELD RIGHT OF WAY,39.16667578,-86.53889166
8,4,1200.0,2-Car,No injury/unknown,OTHER (DRIVER) - EXPLAIN IN NARRATIVE,39.16667578,-86.53889166
1,6,1300.0,2-Car,No injury/unknown,FAILURE TO YIELD RIGHT OF WAY,39.16667555,-86.53887393
6,2,700.0,2-Car,No injury/unknown,FAILURE TO YIELD RIGHT OF WAY,39.16667437,-86.53878529
3,6,1600.0,2-Car,No injury/unknown,OTHER (DRIVER) - EXPLAIN IN NARRATIVE,39.16667342,-86.53871437
4,2,1800.0,2-Car,No injury/unknown,FAILURE TO YIELD RIGHT OF WAY,39.16667318,-86.53869664
8,4,1700.0,2-Car,Non-incapacitating,FAILURE TO YIELD RIGHT OF WAY,39.16667295,-86.53867892
5,4,1300.0,2-Car,No injury/unknown,FAILURE TO YIELD RIGHT OF WAY,39.16667295,-86.53867892
11,2,1900.0,3+ Cars,Non-incapacitating,DISREGARD SIGNAL/REG SIGN,39.16667295,-86.53867892
4,3,1700.0,2-Car,No injury/unknown,IMPROPER PASSING,39.166672,-86.538608
5,2,1100.0,2-Car,No injury/unknown,OTHER (ENVIRONMENTAL) - EXPLAIN IN NARR,39.166672,-86.538608
4,6,700.0,2-Car,No injury/unknown,FAILURE TO YIELD RIGHT OF WAY,39.166672,-86.538608
2,4,1000.0,2-Car,No injury/unknown,FAILURE TO YIELD RIGHT OF WAY,39.166656,-86.537296
10,5,1100.0,2-Car,No injury/unknown,GLARE,39.16664,-86.53409075
8,7,1500.0,2-Car,No injury/unknown,UNSAFE BACKING,39.16664,-86.53462269
9,6,2200.0,2-Car,No injury/unknown,OTHER (DRIVER) - EXPLAIN IN NARRATIVE,39.16664,-86.53257731
5,6,1500.0,2-Car,No injury/unknown,UNSAFE BACKING,39.16664,-86.53377731
1,6,1900.0,2-Car,No injury/unknown,FOLLOWING TOO CLOSELY,39.16664,-86.526896
2,5,1800.0,2-Car,Non-incapacitating,LEFT OF CENTER,39.16664,-86.528192
2,4,1200.0,2-Car,No injury/unknown,UNSAFE BACKING,39.16664,-86.5336
2,3,1300.0,Bus,No injury/unknown,IMPROPER LANE USAGE,39.16664,-86.526896
3,7,2100.0,2-Car,No injury/unknown,IMPROPER LANE USAGE,39.16664,-86.5348
3,2,900.0,2-Car,Non-incapacitating,OTHER (DRIVER) - EXPLAIN IN NARRATIVE,39.16664,-86.5336
3,7,200.0,2-Car,No injury/unknown,OTHER (DRIVER) - EXPLAIN IN NARRATIVE,39.16664,-86.5336
12,6,1300.0,1-Car,No injury/unknown,UNSAFE SPEED,39.16664,-86.5324
10,5,1600.0,Bus,No injury/unknown,,39.16664,-86.5348
11,3,1000.0,2-Car,No injury/unknown,UNSAFE BACKING,39.16664,-86.5324
11,5,700.0,2-Car,No injury/unknown,OTHER (DRIVER) - EXPLAIN IN NARRATIVE,39.16664,-86.52816555
10,2,1100.0,2-Car,No injury/unknown,FAILURE TO YIELD RIGHT OF WAY,39.16664,-86.5336
11,4,400.0,2-Car,No injury/unknown,UNSAFE SPEED,39.16664,-86.582992
10,3,1200.0,2-Car,No injury/unknown,FAILURE TO YIELD RIGHT OF WAY,39.16664,-86.5348
5,3,1200.0,2-Car,No injury/unknown,FAILURE TO YIELD RIGHT OF WAY,39.16664,-86.528192
8,3,900.0,2-Car,No injury/unknown,IMPROPER LANE USAGE,39.16664,-86.5348
8,2,1600.0,Pedestrian,Non-incapacitating,OTHER (VEHICLE) - EXPLAIN IN NARRATIVE,39.16664,-86.528192
9,6,800.0,2-Car,No injury/unknown,UNSAFE BACKING,39.16664,-86.5324
5,4,1500.0,2-Car,No injury/unknown,UNSAFE BACKING,39.16664,-86.5324
8,6,900.0,2-Car,No injury/unknown,OTHER (DRIVER) - EXPLAIN IN NARRATIVE,39.16664,-86.52800686
5,6,1600.0,3+ Cars,No injury/unknown,FOLLOWING TOO CLOSELY,39.16664,-86.529696
5,4,1600.0,2-Car,No injury/unknown,FOLLOWING TOO CLOSELY,39.16664,-86.5336
9,5,1300.0,2-Car,No injury/unknown,OTHER (DRIVER) - EXPLAIN IN NARRATIVE,39.16664,-86.526896
7,1,2200.0,2-Car,No injury/unknown,UNSAFE BACKING,39.16664,-86.52923559
6,7,900.0,2-Car,No injury/unknown,OTHER (DRIVER) - EXPLAIN IN NARRATIVE,39.16664,-86.5336
6,2,1000.0,2-Car,Non-incapacitating,FAILURE TO YIELD RIGHT OF WAY,39.16664,-86.5336
2,7,1900.0,1-Car,No injury/unknown,ROADWAY SURFACE CONDITION,39.16664,-86.462496
5,2,1000.0,2-Car,Non-incapacitating,LEFT OF CENTER,39.16664,-86.582992
9,6,,2-Car,No injury/unknown,IMPROPER TURNING,39.16664,-86.462496
5,6,1700.0,1-Car,Non-incapacitating,OTHER (DRIVER) - EXPLAIN IN NARRATIVE,39.16664,-86.454992
8,3,1800.0,2-Car,No injury/unknown,IMPROPER LANE USAGE,39.16664,-86.582992
7,5,1900.0,1-Car,Non-incapacitating,FAILURE TO YIELD RIGHT OF WAY,39.16664,-86.528192
11,7,0.0,2-Car,No injury/unknown,UNSAFE SPEED,39.16664,-86.528192
1,7,1000.0,1-Car,Non-incapacitating,FAILURE TO YIELD RIGHT OF WAY,39.16664,-86.5348
2,7,800.0,2-Car,No injury/unknown,,39.16664,-86.52957322
3,3,2200.0,2-Car,No injury/unknown,UNSAFE BACKING,39.16664,-86.53096555
2,7,2000.0,2-Car,No injury/unknown,OTHER (DRIVER) - EXPLAIN IN NARRATIVE,39.16664,-86.5348
2,5,1100.0,2-Car,No injury/unknown,VIEW OBSTRUCTED,39.16664,-86.53370639
3,2,1600.0,2-Car,No injury/unknown,FAILURE TO YIELD RIGHT OF WAY,39.16664,-86.53342857
4,4,1700.0,1-Car,Non-incapacitating,FAILURE TO YIELD RIGHT OF WAY,39.16664,-86.530992
4,3,1500.0,2-Car,No injury/unknown,OTHER (DRIVER) - EXPLAIN IN NARRATIVE,39.16664,-86.52957322
4,6,1000.0,2-Car,No injury/unknown,FOLLOWING TOO CLOSELY,39.16664,-86.5336
9,2,1900.0,2-Car,Non-incapacitating,OTHER (ENVIRONMENTAL) - EXPLAIN IN NARR,39.16664,-86.582992
6,2,200.0,3+ Cars,No injury/unknown,FOLLOWING TOO CLOSELY,39.16664,-86.5336
7,4,1700.0,2-Car,Non-incapacitating,ALCOHOLIC BEVERAGES,39.16664,-86.5336
7,5,1000.0,2-Car,No injury/unknown,OTHER (DRIVER) - EXPLAIN IN NARRATIVE,39.16664,-86.53469361
9,7,300.0,3+ Cars,No injury/unknown,,39.16664,-86.5348
11,7,1500.0,2-Car,No injury/unknown,IMPROPER TURNING,39.16664,-86.5336
11,7,2300.0,2-Car,Non-incapacitating,FOLLOWING TOO CLOSELY,39.16664,-86.5336
11,5,1000.0,1-Car,No injury/unknown,UNSAFE BACKING,39.16664,-86.52948114
12,4,1400.0,2-Car,No injury/unknown,,39.16664,-86.5324
7,6,1800.0,2-Car,No injury/unknown,ALCOHOLIC BEVERAGES,39.166604,-86.5361
8,3,1300.0,2-Car,No injury/unknown,UNSAFE SPEED,39.1666,-86.5374
7,3,1500.0,2-Car,No injury/unknown,OTHER (DRIVER) - EXPLAIN IN NARRATIVE,39.16659885,-86.52689401
6,2,1900.0,2-Car,No injury/unknown,FAILURE TO YIELD RIGHT OF WAY,39.16657927,-86.5336
7,5,1300.0,2-Car,No injury/unknown,IMPROPER TURNING,39.16657901,-86.46360922
8,7,1700.0,2-Car,Non-incapacitating,,39.16656248,-86.46391096
5,7,1000.0,2-Car,No injury/unknown,FAILURE TO YIELD RIGHT OF WAY,39.16656208,-86.53360637
4,3,1600.0,2-Car,No injury/unknown,FAILURE TO YIELD RIGHT OF WAY,39.16655822,-86.492816
5,2,1600.0,2-Car,No injury/unknown,OTHER (DRIVER) - EXPLAIN IN NARRATIVE,39.16655822,-86.492816
2,1,1800.0,2-Car,No injury/unknown,OTHER (DRIVER) - EXPLAIN IN NARRATIVE,39.16655822,-86.492816
7,6,1600.0,2-Car,No injury/unknown,FAILURE TO YIELD RIGHT OF WAY,39.16655822,-86.492816
12,2,1500.0,2-Car,No injury/unknown,UNSAFE BACKING,39.16655249,-86.53860604
10,4,500.0,1-Car,No injury/unknown,ANIMAL/OBJECT IN ROADWAY,39.16654025,-86.4643167
4,4,1500.0,2-Car,No injury/unknown,OTHER (DRIVER) - EXPLAIN IN NARRATIVE,39.16653878,-86.5268911
1,6,600.0,1-Car,No injury/unknown,ROADWAY SURFACE CONDITION,39.16648209,-86.46537792
9,6,1100.0,2-Car,Non-incapacitating,FAILURE TO YIELD RIGHT OF WAY,39.16648,-86.503472
8,6,1300.0,2-Car,Non-incapacitating,FAILURE TO YIELD RIGHT OF WAY,39.16648,-86.503472
9,2,1000.0,2-Car,Non-incapacitating,FAILURE TO YIELD RIGHT OF WAY,39.16648,-86.503472
10,6,1600.0,2-Car,No injury/unknown,FAILURE TO YIELD RIGHT OF WAY,39.16648,-86.503472
8,3,1400.0,2-Car,No injury/unknown,UNSAFE BACKING,39.166448,-86.466
6,5,0.0,1-Car,No injury/unknown,ALCOHOLIC BEVERAGES,39.16644133,-86.4806682
6,4,1400.0,3+ Cars,No injury/unknown,FAILURE TO YIELD RIGHT OF WAY,39.16643755,-86.5336
2,5,1300.0,2-Car,No injury/unknown,OTHER (DRIVER) - EXPLAIN IN NARRATIVE,39.166432,-86.4812
6,4,1300.0,2-Car,No injury/unknown,OTHER (DRIVER) - EXPLAIN IN NARRATIVE,39.166416,-86.482592
4,7,1900.0,2-Car,No injury/unknown,OTHER (ENVIRONMENTAL) - EXPLAIN IN NARR,39.16640455,-86.4812
9,6,1600.0,2-Car,No injury/unknown,LEFT OF CENTER,39.166248,-86.50584
8,6,1400.0,3+ Cars,No injury/unknown,FOLLOWING TOO CLOSELY,39.16622542,-86.46711295
10,1,1900.0,1-Car,No injury/unknown,IMPROPER TURNING,39.166199,-86.516399
5,5,1100.0,2-Car,No injury/unknown,IMPROPER PASSING,39.166199,-86.516399
3,2,1800.0,2-Car,No injury/unknown,IMPROPER PASSING,39.166199,-86.516399
8,6,1100.0,2-Car,Non-incapacitating,FAILURE TO YIELD RIGHT OF WAY,39.166184,-86.5386
2,2,600.0,1-Car,No injury/unknown,,39.166144,-86.5336
2,2,1900.0,2-Car,No injury/unknown,FAILURE TO YIELD RIGHT OF WAY,39.166144,-86.5336
5,1,300.0,2-Car,No injury/unknown,OTHER (DRIVER) - EXPLAIN IN NARRATIVE,39.166144,-86.5336
9,3,1400.0,2-Car,No injury/unknown,IMPROPER TURNING,39.166144,-86.528168
11,6,2200.0,1-Car,No injury/unknown,ROADWAY SURFACE CONDITION,39.166144,-86.5336
8,2,1600.0,2-Car,Non-incapacitating,FAILURE TO YIELD RIGHT OF WAY,39.166144,-86.5324
9,4,1600.0,2-Car,No injury/unknown,UNSAFE BACKING,39.166144,-86.528168
8,6,1700.0,2-Car,Non-incapacitating,FOLLOWING TOO CLOSELY,39.166144,-86.5336
4,3,1700.0,2-Car,No injury/unknown,FOLLOWING TOO CLOSELY,39.166144,-86.5336
5,6,1400.0,2-Car,Non-incapacitating,FAILURE TO YIELD RIGHT OF WAY,39.166144,-86.526872
4,1,1000.0,1-Car,No injury/unknown,UNSAFE BACKING,39.166144,-86.5336
9,7,2100.0,2-Car,No injury/unknown,UNSAFE BACKING,39.166144,-86.528168
11,6,1700.0,2-Car,No injury/unknown,FAILURE TO YIELD RIGHT OF WAY,39.16610181,-86.46773098
9,1,100.0,2-Car,No injury/unknown,ALCOHOLIC BEVERAGES,39.1660909,-86.5348
11,2,2200.0,2-Car,No injury/unknown,FOLLOWING TOO CLOSELY,39.16605954,-86.52686791
5,2,1100.0,2-Car,No injury/unknown,FOLLOWING TOO CLOSELY,39.16604353,-86.551196
1,6,1800.0,3+ Cars,No injury/unknown,OTHER (DRIVER) - EXPLAIN IN NARRATIVE,39.16598486,-86.57303699
3,7,500.0,2-Car,No injury/unknown,UNSAFE BACKING,39.165952,-86.500096
9,7,1000.0,2-Car,No injury/unknown,FOLLOWING TOO CLOSELY,39.16594257,-86.57120693
8,7,1100.0,Moped/Motorcycle,No injury/unknown,IMPROPER PASSING,39.1659019,-86.53859538
11,5,1800.0,3+ Cars,Non-incapacitating,OTHER (DRIVER) - EXPLAIN IN NARRATIVE,39.16584785,-86.57304801
10,6,1700.0,3+ Cars,No injury/unknown,UNSAFE SPEED,39.16580128,-86.5348
10,5,1400.0,2-Car,No injury/unknown,IMPROPER LANE USAGE,39.16578666,-86.58297516
6,6,1500.0,2-Car,No injury/unknown,FAILURE TO YIELD RIGHT OF WAY,39.16578527,-86.52970979
10,1,900.0,2-Car,No injury/unknown,UNSAFE BACKING,39.165736,-86.544464
3,3,0.0,1-Car,No injury/unknown,UNSAFE BACKING,39.165712,-86.542096
1,5,900.0,2-Car,No injury/unknown,OTHER (ENVIRONMENTAL) - EXPLAIN IN NARR,39.165696,-86.53862746
7,2,1400.0,3+ Cars,Non-incapacitating,FAILURE TO YIELD RIGHT OF WAY,39.165696,-86.538592
1,6,1700.0,2-Car,No injury/unknown,UNSAFE BACKING,39.165696,-86.538592
8,2,1400.0,1-Car,Non-incapacitating,PEDESTRIAN ACTION,39.16566531,-86.5361058
11,7,1800.0,2-Car,No injury/unknown,UNSAFE BACKING,39.165664,-86.536
10,6,2300.0,2-Car,Non-incapacitating,OTHER (DRIVER) - EXPLAIN IN NARRATIVE,39.165664,-86.5348
7,6,1800.0,2-Car,No injury/unknown,DISREGARD SIGNAL/REG SIGN,39.165664,-86.5348
8,2,1600.0,2-Car,No injury/unknown,FAILURE TO YIELD RIGHT OF WAY,39.165664,-86.5348
2,6,1000.0,2-Car,No injury/unknown,UNSAFE BACKING,39.16565029,-86.53377143
9,2,1000.0,2-Car,No injury/unknown,OVERCORRECTING/OVERSTEERING,39.165648,-86.53136262
4,3,800.0,2-Car,No injury/unknown,UNSAFE BACKING,39.165648,-86.5284277
1,4,1600.0,Bus,No injury/unknown,IMPROPER TURNING,39.165648,-86.5324
2,5,1700.0,2-Car,No injury/unknown,OTHER (DRIVER) - EXPLAIN IN NARRATIVE,39.165648,-86.526848
1,5,1600.0,2-Car,No injury/unknown,ROADWAY SURFACE CONDITION,39.165648,-86.5336
1,4,1800.0,2-Car,Non-incapacitating,FAILURE TO YIELD RIGHT OF WAY,39.165648,-86.5336
2,5,2300.0,2-Car,No injury/unknown,,39.165648,-86.5336
4,3,1200.0,1-Car,Non-incapacitating,OTHER (DRIVER) - EXPLAIN IN NARRATIVE,39.165648,-86.526848
3,3,900.0,2-Car,No injury/unknown,FAILURE TO YIELD RIGHT OF WAY,39.165648,-86.5336
11,6,1700.0,2-Car,No injury/unknown,FAILURE TO YIELD RIGHT OF WAY,39.165648,-86.5336
9,2,,1-Car,No injury/unknown,UNSAFE BACKING,39.165648,-86.5336
11,6,2200.0,2-Car,No injury/unknown,DISREGARD SIGNAL/REG SIGN,39.165648,-86.529712
8,4,1100.0,2-Car,No injury/unknown,OTHER (ENVIRONMENTAL) - EXPLAIN IN NARR,39.165648,-86.5336
7,3,1500.0,1-Car,No injury/unknown,OTHER (DRIVER) - EXPLAIN IN NARRATIVE,39.165648,-86.52817946
8,6,1100.0,2-Car,No injury/unknown,FOLLOWING TOO CLOSELY,39.165648,-86.5336
9,7,1400.0,2-Car,No injury/unknown,OTHER (DRIVER) - EXPLAIN IN NARRATIVE,39.165648,-86.528144
9,7,2200.0,3+ Cars,Non-incapacitating,ALCOHOLIC BEVERAGES,39.165648,-86.528144
6,4,,2-Car,No injury/unknown,,39.165648,-86.529712
5,5,2200.0,1-Car,Non-incapacitating,ALCOHOLIC BEVERAGES,39.165648,-86.5336
5,6,0.0,1-Car,No injury/unknown,,39.165648,-86.5336
5,1,1400.0,1-Car,No injury/unknown,TIRE FAILURE OR DEFECTIVE,39.165648,-86.53231478
5,1,2000.0,1-Car,No injury/unknown,FOLLOWING TOO CLOSELY,39.165648,-86.5336