Month,Day,Hour,Collision Type,Injury Type,Primary Factor,Latitude,Longitude
6,1,500.0,1-Car,No injury/unknown,RAN OFF ROAD RIGHT,39.165648,-86.505792
6,3,500.0,2-Car,Incapacitating,,39.165648,-86.5336
10,2,800.0,2-Car,No injury/unknown,UNSAFE BACKING,39.165648,-86.5336
5,4,1900.0,2-Car,No injury/unknown,IMPROPER TURNING,39.165648,-86.526848
4,3,800.0,Bus,No injury/unknown,IMPROPER TURNING,39.165648,-86.5324
5,2,800.0,2-Car,No injury/unknown,DISREGARD SIGNAL/REG SIGN,39.165648,-86.5336
4,5,1000.0,2-Car,No injury/unknown,IMPROPER TURNING,39.165648,-86.528144
6,7,0.0,2-Car,No injury/unknown,DISREGARD SIGNAL/REG SIGN,39.165648,-86.529712
3,2,1300.0,3+ Cars,No injury/unknown,OTHER (VEHICLE) - EXPLAIN IN NARRATIVE,39.16563976,-86.52971213
11,3,1400.0,2-Car,No injury/unknown,FAILURE TO YIELD RIGHT OF WAY,39.165599,-86.575999
2,2,1900.0,2-Car,No injury/unknown,FAILURE TO YIELD RIGHT OF WAY,39.165599,-86.575999
5,2,1100.0,2-Car,No injury/unknown,IMPROPER TURNING,39.165599,-86.575999
9,5,1900.0,2-Car,No injury/unknown,DISREGARD SIGNAL/REG SIGN,39.165599,-86.575999
4,4,1600.0,3+ Cars,Non-incapacitating,UNSAFE BACKING,39.16558041,-86.537296
6,2,700.0,2-Car,No injury/unknown,UNSAFE BACKING,39.16557649,-86.538592
11,1,1400.0,1-Car,No injury/unknown,ENGINE FAILURE OR DEFECTIVE,39.16557383,-86.57307006
4,5,1000.0,2-Car,No injury/unknown,FOLLOWING TOO CLOSELY,39.16556567,-86.52684471
4,7,2300.0,2-Car,No injury/unknown,ALCOHOLIC BEVERAGES,39.16544219,-86.52813577
10,4,1800.0,3+ Cars,Non-incapacitating,FOLLOWING TOO CLOSELY,39.1654,-86.516399
10,5,1600.0,2-Car,No injury/unknown,IMPROPER TURNING,39.165399,-86.5164143
5,4,1800.0,2-Car,No injury/unknown,OTHER (DRIVER) - EXPLAIN IN NARRATIVE,39.165399,-86.51644026
1,6,1600.0,2-Car,No injury/unknown,IMPROPER LANE USAGE,39.165399,-86.51642296
9,1,1300.0,3+ Cars,No injury/unknown,UNSAFE BACKING,39.165399,-86.51648352
3,2,2300.0,2-Car,No injury/unknown,ALCOHOLIC BEVERAGES,39.165301,-86.582995
2,7,1800.0,2-Car,No injury/unknown,OTHER (DRIVER) - EXPLAIN IN NARRATIVE,39.16518906,-86.53480742
3,6,1600.0,2-Car,No injury/unknown,IMPROPER LANE USAGE,39.16509916,-86.52682605
5,6,,2-Car,No injury/unknown,IMPROPER LANE USAGE,39.1650518,-86.53480957
11,4,600.0,2-Car,No injury/unknown,FAILURE TO YIELD RIGHT OF WAY,39.16504,-86.610704
3,6,2200.0,1-Car,Non-incapacitating,RAN OFF ROAD RIGHT,39.16504,-86.610704
6,6,1400.0,2-Car,No injury/unknown,OTHER (ENVIRONMENTAL) - EXPLAIN IN NARR,39.16504,-86.610704
11,2,1300.0,3+ Cars,Non-incapacitating,FAILURE TO YIELD RIGHT OF WAY,39.16504,-86.610704
12,5,1200.0,2-Car,No injury/unknown,FOLLOWING TOO CLOSELY,39.165001,-86.576001
7,1,1800.0,2-Car,No injury/unknown,,39.165001,-86.576001
12,6,1100.0,2-Car,No injury/unknown,FOLLOWING TOO CLOSELY,39.16499973,-86.4523412
12,6,1200.0,2-Car,No injury/unknown,FOLLOWING TOO CLOSELY,39.16499973,-86.4523412
11,2,1400.0,2-Car,No injury/unknown,UNSAFE SPEED,39.164944,-86.611296
2,2,1000.0,1-Car,No injury/unknown,,39.164944,-86.611296
2,3,700.0,2-Car,No injury/unknown,ROADWAY SURFACE CONDITION,39.164944,-86.611296
2,3,700.0,2-Car,No injury/unknown,,39.164944,-86.611296
2,3,700.0,2-Car,No injury/unknown,ROADWAY SURFACE CONDITION,39.164944,-86.611296
3,1,1400.0,2-Car,No injury/unknown,OTHER (ENVIRONMENTAL) - EXPLAIN IN NARR,39.16492588,-86.45222185
8,2,1800.0,1-Car,No injury/unknown,OTHER (DRIVER) - EXPLAIN IN NARRATIVE,39.16486829,-86.43181609
8,2,1400.0,2-Car,No injury/unknown,FOLLOWING TOO CLOSELY,39.16485453,-86.59907373
1,5,900.0,1-Car,No injury/unknown,ROADWAY SURFACE CONDITION,39.16485453,-86.59907373
11,4,2000.0,2-Car,No injury/unknown,DISREGARD SIGNAL/REG SIGN,39.16485453,-86.59907373
12,1,900.0,2-Car,Non-incapacitating,OTHER (DRIVER) - EXPLAIN IN NARRATIVE,39.16484802,-86.59586284
2,5,1500.0,1-Car,No injury/unknown,,39.16484801,-86.59085585
12,4,1500.0,3+ Cars,No injury/unknown,NONE (DRIVER),39.164848,-86.59721039
1,2,1000.0,3+ Cars,No injury/unknown,FAILURE TO YIELD RIGHT OF WAY,39.164848,-86.57487674
1,6,1800.0,3+ Cars,Non-incapacitating,FOLLOWING TOO CLOSELY,39.164848,-86.581504
2,5,1600.0,2-Car,No injury/unknown,OTHER (DRIVER) - EXPLAIN IN NARRATIVE,39.164848,-86.57961274
2,5,800.0,2-Car,No injury/unknown,ROADWAY SURFACE CONDITION,39.164848,-86.57962482
2,7,1300.0,2-Car,No injury/unknown,UNSAFE BACKING,39.164848,-86.581504
12,3,1000.0,2-Car,No injury/unknown,UNSAFE BACKING,39.164848,-86.5761011
12,7,1300.0,2-Car,No injury/unknown,UNSAFE BACKING,39.164848,-86.57487674
11,6,900.0,2-Car,No injury/unknown,OTHER (DRIVER) - EXPLAIN IN NARRATIVE,39.164848,-86.57614099
9,1,1900.0,2-Car,No injury/unknown,FAILURE TO YIELD RIGHT OF WAY,39.164848,-86.582896
10,7,1400.0,2-Car,No injury/unknown,UNSAFE BACKING,39.164848,-86.581504
4,3,1300.0,2-Car,No injury/unknown,FAILURE TO YIELD RIGHT OF WAY,39.164848,-86.57487674
9,5,1700.0,1-Car,No injury/unknown,OTHER (VEHICLE) - EXPLAIN IN NARRATIVE,39.164848,-86.581504
5,7,2100.0,1-Car,Non-incapacitating,IMPROPER LANE USAGE,39.164848,-86.57570226
12,3,1500.0,2-Car,No injury/unknown,UNSAFE SPEED,39.164848,-86.579504
8,3,1900.0,2-Car,Non-incapacitating,FAILURE TO YIELD RIGHT OF WAY,39.164848,-86.582896
8,2,1200.0,2-Car,Non-incapacitating,FAILURE TO YIELD RIGHT OF WAY,39.164848,-86.57634041
6,6,1300.0,2-Car,No injury/unknown,UNSAFE BACKING,39.164848,-86.5761011
9,5,800.0,2-Car,No injury/unknown,FOLLOWING TOO CLOSELY,39.164848,-86.601792
5,4,1500.0,2-Car,No injury/unknown,FOLLOWING TOO CLOSELY,39.164848,-86.582896
2,4,700.0,2-Car,No injury/unknown,FAILURE TO YIELD RIGHT OF WAY,39.164848,-86.62
4,3,1300.0,2-Car,No injury/unknown,UNSAFE BACKING,39.164848,-86.57962482
4,3,1000.0,2-Car,No injury/unknown,UNSAFE BACKING,39.164848,-86.57487674
6,4,2000.0,2-Car,No injury/unknown,,39.164848,-86.575104
6,3,1600.0,3+ Cars,No injury/unknown,FOLLOWING TOO CLOSELY,39.164848,-86.5761011
6,3,1600.0,3+ Cars,No injury/unknown,FOLLOWING TOO CLOSELY,39.164848,-86.5761011
6,5,1600.0,3+ Cars,No injury/unknown,FOLLOWING TOO CLOSELY,39.164848,-86.575104
9,7,1400.0,1-Car,Non-incapacitating,UNSAFE BACKING,39.164848,-86.57487674
12,4,1000.0,2-Car,No injury/unknown,TIRE FAILURE OR DEFECTIVE,39.164848,-86.582896
11,6,2300.0,2-Car,No injury/unknown,OTHER (DRIVER) - EXPLAIN IN NARRATIVE,39.164844,-86.579422
12,6,2200.0,2-Car,No injury/unknown,UNSAFE BACKING,39.164844,-86.579422
4,5,1900.0,2-Car,No injury/unknown,UNSAFE BACKING,39.164844,-86.579422
9,7,1100.0,2-Car,No injury/unknown,FAILURE TO YIELD RIGHT OF WAY,39.164844,-86.579422
9,7,1100.0,2-Car,No injury/unknown,FAILURE TO YIELD RIGHT OF WAY,39.16484267,-86.57939467
5,4,1500.0,2-Car,No injury/unknown,ROADWAY SURFACE CONDITION,39.16484267,-86.57939467
7,1,1100.0,1-Car,Non-incapacitating,OTHER (DRIVER) - EXPLAIN IN NARRATIVE,39.16484267,-86.57939467
12,2,1300.0,2-Car,No injury/unknown,UNSAFE SPEED,39.16484089,-86.58114844
5,5,1200.0,2-Car,No injury/unknown,FOLLOWING TOO CLOSELY,39.16484,-86.581776
9,5,1500.0,Pedestrian,No injury/unknown,PEDESTRIAN ACTION,39.16484,-86.581776
11,3,1200.0,2-Car,No injury/unknown,UNSAFE BACKING,39.16483984,-86.5804062
5,2,2000.0,2-Car,No injury/unknown,OTHER (DRIVER) - EXPLAIN IN NARRATIVE,39.16483984,-86.5804062
5,4,1500.0,2-Car,No injury/unknown,OTHER (ENVIRONMENTAL) - EXPLAIN IN NARR,39.16483984,-86.5804062
7,5,900.0,2-Car,No injury/unknown,UNSAFE BACKING,39.16483984,-86.5804062
2,6,2300.0,2-Car,No injury/unknown,UNSAFE BACKING,39.16483363,-86.58078563
10,1,1200.0,2-Car,No injury/unknown,NONE (DRIVER),39.164832,-86.582048
7,4,1300.0,2-Car,No injury/unknown,IMPROPER LANE USAGE,39.164832,-86.582048
5,2,1400.0,2-Car,No injury/unknown,OTHER (DRIVER) - EXPLAIN IN NARRATIVE,39.164832,-86.585856
6,6,1400.0,2-Car,No injury/unknown,UNSAFE BACKING,39.164832,-86.582048
3,2,1500.0,2-Car,No injury/unknown,FAILURE TO YIELD RIGHT OF WAY,39.16482122,-86.5789551
12,2,1100.0,2-Car,No injury/unknown,UNSAFE BACKING,39.16482122,-86.5789551
1,7,900.0,2-Car,No injury/unknown,OTHER (DRIVER) - EXPLAIN IN NARRATIVE,39.16482122,-86.5789551
5,6,1100.0,3+ Cars,Non-incapacitating,DRIVER ILLNESS,39.16482122,-86.5789551
8,2,1000.0,2-Car,No injury/unknown,UNSAFE BACKING,39.164816,-86.573888
7,6,2000.0,2-Car,No injury/unknown,OTHER (ENVIRONMENTAL) - EXPLAIN IN NARR,39.1648,-86.573792
7,1,1000.0,2-Car,No injury/unknown,FOLLOWING TOO CLOSELY,39.16478157,-86.57352782
6,5,1000.0,2-Car,No injury/unknown,IMPROPER LANE USAGE,39.16477664,-86.57345719
4,5,1200.0,2-Car,No injury/unknown,FOLLOWING TOO CLOSELY,39.16477418,-86.57342187
11,6,1800.0,3+ Cars,Non-incapacitating,OTHER (DRIVER) - EXPLAIN IN NARRATIVE,39.16475816,-86.5731923
11,6,1700.0,1-Car,No injury/unknown,OTHER (DRIVER) - EXPLAIN IN NARRATIVE,39.16475816,-86.5731923
2,6,1800.0,2-Car,Non-incapacitating,FOLLOWING TOO CLOSELY,39.164752,-86.573104
2,7,1100.0,2-Car,No injury/unknown,DISREGARD SIGNAL/REG SIGN,39.164752,-86.573104
3,7,1200.0,2-Car,No injury/unknown,FOLLOWING TOO CLOSELY,39.164752,-86.573104
11,2,1900.0,2-Car,No injury/unknown,FAILURE TO YIELD RIGHT OF WAY,39.164752,-86.573104
6,2,1000.0,2-Car,No injury/unknown,UNSAFE BACKING,39.164752,-86.573104
9,3,1900.0,3+ Cars,Non-incapacitating,FAILURE TO YIELD RIGHT OF WAY,39.164752,-86.573104
12,2,1000.0,2-Car,Non-incapacitating,DISREGARD SIGNAL/REG SIGN,39.164752,-86.573104
9,7,0.0,2-Car,No injury/unknown,IMPROPER TURNING,39.164752,-86.573104
10,5,1400.0,2-Car,Non-incapacitating,FOLLOWING TOO CLOSELY,39.164752,-86.573104
7,5,1500.0,2-Car,No injury/unknown,FOLLOWING TOO CLOSELY,39.164752,-86.573104
8,5,1400.0,2-Car,Non-incapacitating,FOLLOWING TOO CLOSELY,39.164752,-86.573104
5,4,1900.0,3+ Cars,No injury/unknown,OTHER (ENVIRONMENTAL) - EXPLAIN IN NARR,39.164752,-86.573104
4,4,1200.0,,No injury/unknown,IMPROPER TURNING,39.164752,-86.573104
5,5,,2-Car,No injury/unknown,IMPROPER TURNING,39.164752,-86.573104
9,5,1200.0,2-Car,Non-incapacitating,FAILURE TO YIELD RIGHT OF WAY,39.164752,-86.573104
8,1,1700.0,2-Car,No injury/unknown,DISREGARD SIGNAL/REG SIGN,39.164752,-86.573104
10,4,800.0,2-Car,No injury/unknown,FOLLOWING TOO CLOSELY,39.164752,-86.573104
6,3,1900.0,2-Car,Non-incapacitating,OTHER (ENVIRONMENTAL) - EXPLAIN IN NARR,39.164752,-86.573104
6,2,1700.0,2-Car,No injury/unknown,FAILURE TO YIELD RIGHT OF WAY,39.164752,-86.573104
9,3,1500.0,2-Car,No injury/unknown,FAILURE TO YIELD RIGHT OF WAY,39.164752,-86.573104
10,3,900.0,3+ Cars,No injury/unknown,OTHER (VEHICLE) - EXPLAIN IN NARRATIVE,39.164752,-86.573104
9,5,1600.0,2-Car,No injury/unknown,FAILURE TO YIELD RIGHT OF WAY,39.164752,-86.573104
11,6,1500.0,2-Car,No injury/unknown,FOLLOWING TOO CLOSELY,39.164752,-86.573104
2,5,800.0,2-Car,No injury/unknown,ROADWAY SURFACE CONDITION,39.164752,-86.573104
3,2,1400.0,2-Car,No injury/unknown,FOLLOWING TOO CLOSELY,39.164752,-86.573104
1,1,1400.0,2-Car,Non-incapacitating,DISREGARD SIGNAL/REG SIGN,39.164752,-86.573104
4,3,1800.0,2-Car,No injury/unknown,FOLLOWING TOO CLOSELY,39.164752,-86.573104
4,2,500.0,2-Car,No injury/unknown,FAILURE TO YIELD RIGHT OF WAY,39.164752,-86.573104
4,6,1500.0,2-Car,No injury/unknown,FAILURE TO YIELD RIGHT OF WAY,39.164752,-86.573104
7,7,1500.0,2-Car,No injury/unknown,FAILURE TO YIELD RIGHT OF WAY,39.164752,-86.573104
3,6,1100.0,3+ Cars,Non-incapacitating,DISREGARD SIGNAL/REG SIGN,39.164752,-86.573104
11,2,1600.0,3+ Cars,Non-incapacitating,DRIVER ASLEEP OR FATIGUED,39.164752,-86.573104
7,6,1500.0,2-Car,No injury/unknown,DISREGARD SIGNAL/REG SIGN,39.164752,-86.573104
7,2,1900.0,2-Car,Non-incapacitating,FOLLOWING TOO CLOSELY,39.164752,-86.573104
8,6,1600.0,2-Car,No injury/unknown,OTHER (DRIVER) - EXPLAIN IN NARRATIVE,39.164752,-86.573104
8,2,1600.0,2-Car,No injury/unknown,OTHER (DRIVER) - EXPLAIN IN NARRATIVE,39.164752,-86.573104
8,1,1200.0,2-Car,No injury/unknown,FOLLOWING TOO CLOSELY,39.164752,-86.573104
11,7,900.0,2-Car,No injury/unknown,FOLLOWING TOO CLOSELY,39.164752,-86.573104
12,2,1500.0,2-Car,No injury/unknown,FOLLOWING TOO CLOSELY,39.164752,-86.573104
11,3,1000.0,2-Car,Non-incapacitating,FOLLOWING TOO CLOSELY,39.16474605,-86.57292686
8,7,1800.0,1-Car,Non-incapacitating,OTHER (DRIVER) - EXPLAIN IN NARRATIVE,39.16474251,-86.57282163
2,7,1300.0,2-Car,No injury/unknown,,39.16472678,-86.5723537
10,1,1400.0,2-Car,No injury/unknown,UNSAFE BACKING,39.16472651,-86.57234563
7,3,0.0,2-Car,No injury/unknown,FAILURE TO YIELD RIGHT OF WAY,39.16472,-86.538592
9,3,1200.0,2-Car,No injury/unknown,IMPROPER LANE USAGE,39.16472,-86.538592
5,2,1400.0,2-Car,Non-incapacitating,UNSAFE SPEED,39.16472,-86.538592
8,1,1400.0,2-Car,Non-incapacitating,FOLLOWING TOO CLOSELY,39.16472,-86.538592
6,7,2100.0,1-Car,No injury/unknown,ALCOHOLIC BEVERAGES,39.16472,-86.538592
10,3,1600.0,2-Car,Non-incapacitating,DRIVER ASLEEP OR FATIGUED,39.16472,-86.538592
12,7,1500.0,2-Car,No injury/unknown,UNSAFE BACKING,39.16471431,-86.57198258
1,2,1400.0,2-Car,No injury/unknown,UNSAFE BACKING,39.16471159,-86.5719019
8,4,2100.0,2-Car,No injury/unknown,OTHER (DRIVER) - EXPLAIN IN NARRATIVE,39.164704,-86.537296
11,2,1100.0,2-Car,No injury/unknown,DISREGARD SIGNAL/REG SIGN,39.164704,-86.537296
12,3,1400.0,2-Car,Non-incapacitating,DISREGARD SIGNAL/REG SIGN,39.164704,-86.537296
10,7,900.0,1-Car,No injury/unknown,OTHER (DRIVER) - EXPLAIN IN NARRATIVE,39.1647,-86.58570533
3,4,2000.0,2-Car,Non-incapacitating,ALCOHOLIC BEVERAGES,39.1647,-86.585701
4,5,2000.0,2-Car,No injury/unknown,FOLLOWING TOO CLOSELY,39.16469709,-86.573104
10,2,700.0,2-Car,Non-incapacitating,DISREGARD SIGNAL/REG SIGN,39.164688,-86.5712
10,3,1200.0,2-Car,No injury/unknown,IMPROPER TURNING,39.164688,-86.5712
7,6,1100.0,2-Car,No injury/unknown,FAILURE TO YIELD RIGHT OF WAY,39.164688,-86.5712
6,3,1500.0,2-Car,Non-incapacitating,DISREGARD SIGNAL/REG SIGN,39.164688,-86.5712
8,6,1200.0,3+ Cars,Non-incapacitating,FAILURE TO YIELD RIGHT OF WAY,39.164688,-86.5712
10,5,1300.0,2-Car,No injury/unknown,OTHER (DRIVER) - EXPLAIN IN NARRATIVE,39.16468467,-86.57101
7,5,1800.0,2-Car,No injury/unknown,UNSAFE SPEED,39.16468334,-86.57093411
7,7,1700.0,1-Car,No injury/unknown,TIRE FAILURE OR DEFECTIVE,39.164672,-86.536192
2,6,1700.0,2-Car,No injury/unknown,OTHER (DRIVER) - EXPLAIN IN NARRATIVE,39.16467067,-86.57025067
4,4,1700.0,2-Car,No injury/unknown,TRAFFIC CONTROL INOPERATIVE/MISSING/OBSC,39.16467067,-86.57025067
4,6,900.0,2-Car,No injury/unknown,IMPROPER TURNING,39.16467067,-86.57025067
3,7,1400.0,2-Car,No injury/unknown,,39.16467067,-86.57025067
5,6,1700.0,2-Car,No injury/unknown,IMPROPER TURNING,39.16466933,-86.57021333
5,6,1400.0,2-Car,No injury/unknown,,39.16466933,-86.57021333
10,4,1600.0,2-Car,No injury/unknown,LEFT OF CENTER,39.16466745,-86.52972756
5,7,1800.0,2-Car,No injury/unknown,FOLLOWING TOO CLOSELY,39.16466509,-86.538592
3,1,800.0,3+ Cars,Non-incapacitating,DRIVER ILLNESS,39.1646413,-86.47141831
2,6,1200.0,2-Car,No injury/unknown,INSECURE/LEAKY LOAD,39.16464,-86.56463739
6,2,1300.0,2-Car,No injury/unknown,LEFT OF CENTER,39.16464,-86.56456646
3,1,1600.0,2-Car,No injury/unknown,FOLLOWING TOO CLOSELY,39.16464,-86.52946204
7,7,2200.0,3+ Cars,No injury/unknown,FOLLOWING TOO CLOSELY,39.16464,-86.52937339
4,4,2300.0,1-Car,Non-incapacitating,FAILURE TO YIELD RIGHT OF WAY,39.16464,-86.5336
9,1,500.0,1-Car,No injury/unknown,ALCOHOLIC BEVERAGES,39.16464,-86.534816
1,3,1700.0,3+ Cars,No injury/unknown,FOLLOWING TOO CLOSELY,39.16464,-86.529728
3,7,0.0,1-Car,No injury/unknown,OVERCORRECTING/OVERSTEERING,39.16464,-86.534816
2,6,900.0,2-Car,No injury/unknown,DISREGARD SIGNAL/REG SIGN,39.16464,-86.5324
2,1,1100.0,2-Car,No injury/unknown,DISREGARD SIGNAL/REG SIGN,39.16464,-86.5324
2,4,1600.0,2-Car,No injury/unknown,FAILURE TO YIELD RIGHT OF WAY,39.16464,-86.56758761
2,2,1600.0,2-Car,No injury/unknown,UNSAFE BACKING,39.16464,-86.56913891
2,5,1300.0,2-Car,No injury/unknown,FAILURE TO YIELD RIGHT OF WAY,39.16464,-86.569392
5,4,700.0,2-Car,No injury/unknown,OTHER (DRIVER) - EXPLAIN IN NARRATIVE,39.16464,-86.52843322
3,6,1400.0,2-Car,Non-incapacitating,FOLLOWING TOO CLOSELY,39.16464,-86.56761187
4,7,1200.0,2-Car,No injury/unknown,OTHER (DRIVER) - EXPLAIN IN NARRATIVE,39.16464,-86.56835152
5,5,900.0,2-Car,Non-incapacitating,FAILURE TO YIELD RIGHT OF WAY,39.16464,-86.534816
5,6,1400.0,2-Car,No injury/unknown,UNSAFE BACKING,39.16464,-86.534816
12,6,400.0,2-Car,No injury/unknown,UNSAFE BACKING,39.16464,-86.53211918
12,6,1000.0,2-Car,No injury/unknown,FAILURE TO YIELD RIGHT OF WAY,39.16464,-86.56741781
10,1,,1-Car,No injury/unknown,OTHER (DRIVER) - EXPLAIN IN NARRATIVE,39.16464,-86.5336
10,3,600.0,2-Car,No injury/unknown,OTHER (ENVIRONMENTAL) - EXPLAIN IN NARR,39.16464,-86.5336
12,3,1600.0,2-Car,No injury/unknown,FAILURE TO YIELD RIGHT OF WAY,39.16464,-86.56492108
10,6,1300.0,2-Car,No injury/unknown,UNSAFE BACKING,39.16464,-86.531024
11,3,1400.0,2-Car,No injury/unknown,FAILURE TO YIELD RIGHT OF WAY,39.16464,-86.5324
11,3,700.0,2-Car,No injury/unknown,FOLLOWING TOO CLOSELY,39.16464,-86.5336
9,5,1800.0,2-Car,No injury/unknown,DISREGARD SIGNAL/REG SIGN,39.16464,-86.533
10,3,2000.0,1-Car,Non-incapacitating,PEDESTRIAN ACTION,39.16464,-86.533
9,3,1900.0,2-Car,No injury/unknown,FAILURE TO YIELD RIGHT OF WAY,39.16464,-86.534816
10,3,1200.0,1-Car,Non-incapacitating,OTHER (DRIVER) - EXPLAIN IN NARRATIVE,39.16464,-86.534816
12,3,1700.0,2-Car,Non-incapacitating,FAILURE TO YIELD RIGHT OF WAY,39.16464,-86.534816
11,3,1100.0,2-Car,Non-incapacitating,DISREGARD SIGNAL/REG SIGN,39.16464,-86.531024
11,7,100.0,2-Car,No injury/unknown,FAILURE TO YIELD RIGHT OF WAY,39.16464,-86.5324
12,2,1500.0,2-Car,No injury/unknown,FOLLOWING TOO CLOSELY,39.16464,-86.5336
12,4,1400.0,2-Car,No injury/unknown,DISREGARD SIGNAL/REG SIGN,39.16464,-86.534816
10,7,2300.0,2-Car,Non-incapacitating,DISREGARD SIGNAL/REG SIGN,39.16464,-86.5324
10,4,1200.0,2-Car,No injury/unknown,IMPROPER PASSING,39.16464,-86.568
11,7,1300.0,2-Car,Non-incapacitating,DISREGARD SIGNAL/REG SIGN,39.16464,-86.5324
12,3,1400.0,2-Car,No injury/unknown,DRIVER DISTRACTED - EXPLAIN IN NARRATIVE,39.16464,-86.5324
8,7,1600.0,2-Car,No injury/unknown,UNSAFE BACKING,39.16464,-86.56783019
8,4,1200.0,2-Car,No injury/unknown,FAILURE TO YIELD RIGHT OF WAY,39.16464,-86.534816
8,1,2100.0,2-Car,No injury/unknown,IMPROPER LANE USAGE,39.16464,-86.534816
8,6,1800.0,2-Car,No injury/unknown,UNSAFE BACKING,39.16464,-86.5324
7,4,1600.0,2-Car,No injury/unknown,FAILURE TO YIELD RIGHT OF WAY,39.16464,-86.529728
5,7,1900.0,2-Car,No injury/unknown,IMPROPER LANE USAGE,39.16464,-86.534816
5,6,1200.0,2-Car,No injury/unknown,BRAKE FAILURE OR DEFECTIVE,39.16464,-86.5336
4,7,1800.0,2-Car,No injury/unknown,FOLLOWING TOO CLOSELY,39.16464,-86.5324
4,6,1200.0,2-Car,Non-incapacitating,FAILURE TO YIELD RIGHT OF WAY,39.16464,-86.56821277
8,2,1500.0,2-Car,Non-incapacitating,DISREGARD SIGNAL/REG SIGN,39.16464,-86.5324
8,7,1200.0,2-Car,No injury/unknown,FAILURE TO YIELD RIGHT OF WAY,39.16464,-86.534816
8,7,1400.0,2-Car,No injury/unknown,FAILURE TO YIELD RIGHT OF WAY,39.16464,-86.53211918
9,3,1600.0,2-Car,No injury/unknown,FAILURE TO YIELD RIGHT OF WAY,39.16464,-86.534816
10,6,2000.0,2-Car,No injury/unknown,OTHER (DRIVER) - EXPLAIN IN NARRATIVE,39.16464,-86.534816
9,7,,2-Car,No injury/unknown,OTHER (DRIVER) - EXPLAIN IN NARRATIVE,39.16464,-86.53223151
5,2,700.0,2-Car,No injury/unknown,OTHER (DRIVER) - EXPLAIN IN NARRATIVE,39.16464,-86.5324
5,6,2300.0,2-Car,No injury/unknown,IMPROPER TURNING,39.16464,-86.5336
12,4,1800.0,2-Car,Non-incapacitating,FAILURE TO YIELD RIGHT OF WAY,39.16464,-86.534816
6,5,1900.0,2-Car,No injury/unknown,UNSAFE BACKING,39.16464,-86.56741781
7,5,1300.0,2-Car,No injury/unknown,FAILURE TO YIELD RIGHT OF WAY,39.16464,-86.56741781
7,7,1800.0,1-Car,Non-incapacitating,UNSAFE SPEED,39.16464,-86.5324
7,7,2000.0,2-Car,No injury/unknown,DISREGARD SIGNAL/REG SIGN,39.16464,-86.534816
7,5,700.0,2-Car,No injury/unknown,OTHER (ENVIRONMENTAL) - EXPLAIN IN NARR,39.16464,-86.5336
5,3,1300.0,2-Car,No injury/unknown,OTHER (ENVIRONMENTAL) - EXPLAIN IN NARR,39.16464,-86.53232908
5,1,1600.0,2-Car,Non-incapacitating,DISREGARD SIGNAL/REG SIGN,39.16464,-86.5324
8,1,400.0,2-Car,No injury/unknown,DISREGARD SIGNAL/REG SIGN,39.16464,-86.5324
10,6,1300.0,2-Car,No injury/unknown,UNSAFE BACKING,39.16464,-86.53038922
6,6,1100.0,2-Car,No injury/unknown,DISREGARD SIGNAL/REG SIGN,39.16464,-86.531024
6,4,1100.0,2-Car,No injury/unknown,OTHER (ENVIRONMENTAL) - EXPLAIN IN NARR,39.16464,-86.534816
1,7,1200.0,2-Car,No injury/unknown,OTHER (DRIVER) - EXPLAIN IN NARRATIVE,39.16464,-86.56934982
1,7,900.0,2-Car,No injury/unknown,OTHER (ENVIRONMENTAL) - EXPLAIN IN NARR,39.16464,-86.56778168
1,4,1700.0,2-Car,No injury/unknown,FAILURE TO YIELD RIGHT OF WAY,39.16464,-86.56741781
2,1,1400.0,2-Car,No injury/unknown,UNSAFE BACKING,39.16464,-86.56741781
1,2,1100.0,2-Car,No injury/unknown,FAILURE TO YIELD RIGHT OF WAY,39.16464,-86.531024
4,3,800.0,2-Car,No injury/unknown,FAILURE TO YIELD RIGHT OF WAY,39.16464,-86.569392
10,5,1200.0,2-Car,No injury/unknown,FAILURE TO YIELD RIGHT OF WAY,39.16464,-86.56746808
3,5,500.0,2-Car,No injury/unknown,OTHER (ENVIRONMENTAL) - EXPLAIN IN NARR,39.16464,-86.568
3,1,1100.0,2-Car,No injury/unknown,FAILURE TO YIELD RIGHT OF WAY,39.16464,-86.534816
5,6,1500.0,2-Car,No injury/unknown,FOLLOWING TOO CLOSELY,39.16464,-86.56342269
4,4,1100.0,2-Car,No injury/unknown,DISREGARD SIGNAL/REG SIGN,39.16464,-86.5324
4,2,900.0,2-Car,No injury/unknown,FOLLOWING TOO CLOSELY,39.16464,-86.56814185
4,5,1600.0,2-Car,No injury/unknown,IMPROPER TURNING,39.16464,-86.56792723
5,5,800.0,2-Car,No injury/unknown,TRAFFIC CONTROL INOPERATIVE/MISSING/OBSC,39.16464,-86.5336
4,2,1000.0,2-Car,No injury/unknown,,39.16464,-86.534816
4,3,1600.0,2-Car,No injury/unknown,FAILURE TO YIELD RIGHT OF WAY,39.16464,-86.56913891
3,5,1000.0,,No injury/unknown,LEFT OF CENTER,39.16464,-86.56778168
4,6,700.0,2-Car,No injury/unknown,FAILURE TO YIELD RIGHT OF WAY,39.16464,-86.564992
3,5,1300.0,2-Car,No injury/unknown,FAILURE TO YIELD RIGHT OF WAY,39.16464,-86.531024
3,3,1000.0,1-Car,No injury/unknown,UNSAFE BACKING,39.16464,-86.5324