Month,Day,Hour,Collision Type,Injury Type,Primary Factor,Latitude,Longitude
3,5,1600.0,2-Car,No injury/unknown,FAILURE TO YIELD RIGHT OF WAY,39.16464,-86.531024
11,4,2000.0,1-Car,No injury/unknown,SEVERE CROSSWINDS,39.16464,-86.5324
6,6,700.0,2-Car,No injury/unknown,IMPROPER PASSING,39.16464,-86.534816
6,5,1000.0,2-Car,No injury/unknown,IMPROPER LANE USAGE,39.16464,-86.534816
8,5,1200.0,2-Car,No injury/unknown,FAILURE TO YIELD RIGHT OF WAY,39.16464,-86.534816
8,4,1400.0,2-Car,No injury/unknown,DISREGARD SIGNAL/REG SIGN,39.16464,-86.534816
8,6,1900.0,2-Car,Non-incapacitating,DISREGARD SIGNAL/REG SIGN,39.16464,-86.534816
8,2,1300.0,2-Car,No injury/unknown,FOLLOWING TOO CLOSELY,39.16464,-86.569392
9,3,1700.0,2-Car,No injury/unknown,FAILURE TO YIELD RIGHT OF WAY,39.16464,-86.5324
10,2,1600.0,2-Car,Incapacitating,FAILURE TO YIELD RIGHT OF WAY,39.16464,-86.5324
10,5,1100.0,2-Car,Non-incapacitating,FAILURE TO YIELD RIGHT OF WAY,39.16464,-86.534816
11,4,0.0,2-Car,No injury/unknown,IMPROPER TURNING,39.16464,-86.5324
12,5,1100.0,2-Car,No injury/unknown,DISREGARD SIGNAL/REG SIGN,39.16464,-86.534816
2,5,2000.0,2-Car,No injury/unknown,ROADWAY SURFACE CONDITION,39.16463763,-86.538592
11,7,1600.0,2-Car,No injury/unknown,FAILURE TO YIELD RIGHT OF WAY,39.16462437,-86.509296
5,7,2200.0,2-Car,No injury/unknown,OTHER (DRIVER) - EXPLAIN IN NARRATIVE,39.16460539,-86.53481633
2,2,900.0,2-Car,No injury/unknown,LEFT OF CENTER,39.164604,-86.582701
3,7,1600.0,2-Car,No injury/unknown,FAILURE TO YIELD RIGHT OF WAY,39.164604,-86.58271399
10,2,1500.0,2-Car,No injury/unknown,FAILURE TO YIELD RIGHT OF WAY,39.164604,-86.58270533
12,2,1600.0,2-Car,No injury/unknown,,39.164604,-86.582701
7,3,1200.0,2-Car,No injury/unknown,FAILURE TO YIELD RIGHT OF WAY,39.164604,-86.58269234
5,4,2100.0,2-Car,No injury/unknown,IMPROPER TURNING,39.164604,-86.58270533
6,6,1100.0,2-Car,No injury/unknown,FOLLOWING TOO CLOSELY,39.164604,-86.58269234
3,1,1000.0,3+ Cars,Non-incapacitating,DISREGARD SIGNAL/REG SIGN,39.164604,-86.582701
12,5,1600.0,3+ Cars,No injury/unknown,FAILURE TO YIELD RIGHT OF WAY,39.164604,-86.582701
3,3,2100.0,2-Car,No injury/unknown,OTHER (DRIVER) - EXPLAIN IN NARRATIVE,39.1646,-86.57560187
11,6,2000.0,2-Car,No injury/unknown,FAILURE TO YIELD RIGHT OF WAY,39.1646,-86.57735671
12,5,900.0,2-Car,No injury/unknown,FOLLOWING TOO CLOSELY,39.1646,-86.57559667
11,3,0.0,2-Car,No injury/unknown,FAILURE TO YIELD RIGHT OF WAY,39.1646,-86.57559234
12,2,1700.0,2-Car,No injury/unknown,IMPROPER LANE USAGE,39.1646,-86.57560966
9,1,1200.0,2-Car,No injury/unknown,FAILURE TO YIELD RIGHT OF WAY,39.1646,-86.5774
8,7,1900.0,2-Car,No injury/unknown,FAILURE TO YIELD RIGHT OF WAY,39.1646,-86.575601
8,6,2100.0,2-Car,No injury/unknown,OTHER (DRIVER) - EXPLAIN IN NARRATIVE,39.1646,-86.57559667
8,5,1800.0,2-Car,Non-incapacitating,FAILURE TO YIELD RIGHT OF WAY,39.1646,-86.575601
8,7,1000.0,2-Car,Non-incapacitating,OTHER (DRIVER) - EXPLAIN IN NARRATIVE,39.1646,-86.575601
7,1,1100.0,2-Car,Non-incapacitating,PASSENGER DISTRACTION,39.1646,-86.575601
1,2,1200.0,2-Car,No injury/unknown,UNSAFE BACKING,39.1646,-86.575601
5,7,1600.0,2-Car,No injury/unknown,DISREGARD SIGNAL/REG SIGN,39.1646,-86.575601
4,7,1000.0,2-Car,No injury/unknown,DISREGARD SIGNAL/REG SIGN,39.1646,-86.575601
6,2,0.0,2-Car,No injury/unknown,IMPROPER LANE USAGE,39.1646,-86.575601
7,6,1500.0,2-Car,Non-incapacitating,FAILURE TO YIELD RIGHT OF WAY,39.1646,-86.57741732
8,4,2100.0,2-Car,Non-incapacitating,FAILURE TO YIELD RIGHT OF WAY,39.1646,-86.575601
12,1,1200.0,2-Car,No injury/unknown,FAILURE TO YIELD RIGHT OF WAY,39.1646,-86.57739134
2,5,600.0,2-Car,No injury/unknown,FOLLOWING TOO CLOSELY,39.1645984,-86.57591708
11,2,900.0,2-Car,No injury/unknown,FOLLOWING TOO CLOSELY,39.1645984,-86.57596037
5,3,1300.0,3+ Cars,Non-incapacitating,FOLLOWING TOO CLOSELY,39.1645984,-86.57596687
8,6,1200.0,2-Car,No injury/unknown,FOLLOWING TOO CLOSELY,39.1645984,-86.5759647
7,3,1300.0,2-Car,No injury/unknown,FOLLOWING TOO CLOSELY,39.16459498,-86.57484022
12,1,1600.0,1-Car,No injury/unknown,ANIMAL/OBJECT IN ROADWAY,39.16457687,-86.47157487
8,6,1200.0,3+ Cars,Non-incapacitating,UNSAFE SPEED,39.1645693,-86.55938752
8,2,1500.0,2-Car,No injury/unknown,DISREGARD SIGNAL/REG SIGN,39.16456766,-86.57020252
6,6,2000.0,2-Car,No injury/unknown,FAILURE TO YIELD RIGHT OF WAY,39.16456766,-86.57020252
3,6,1400.0,2-Car,No injury/unknown,FAILURE TO YIELD RIGHT OF WAY,39.16456,-86.55462576
12,5,1200.0,2-Car,No injury/unknown,FOLLOWING TOO CLOSELY,39.16455918,-86.55967091
6,3,900.0,1-Car,No injury/unknown,,39.16455665,-86.55974176
12,2,2200.0,2-Car,No injury/unknown,OTHER (DRIVER) - EXPLAIN IN NARRATIVE,39.16455658,-86.56045024
10,4,1300.0,2-Car,No injury/unknown,FOLLOWING TOO CLOSELY,39.16454449,-86.553628
10,3,1300.0,2-Car,No injury/unknown,UNSAFE BACKING,39.16454406,-86.55360366
8,3,2000.0,2-Car,No injury/unknown,UNSAFE BACKING,39.16454406,-86.55360366
2,4,1700.0,2-Car,No injury/unknown,FAILURE TO YIELD RIGHT OF WAY,39.164544,-86.55340895
3,5,900.0,2-Car,Non-incapacitating,OTHER (DRIVER) - EXPLAIN IN NARRATIVE,39.164544,-86.560096
3,5,900.0,2-Car,No injury/unknown,UNSAFE SPEED,39.164544,-86.552192
5,3,1100.0,2-Car,Non-incapacitating,FAILURE TO YIELD RIGHT OF WAY,39.164544,-86.560096
12,4,1600.0,2-Car,No injury/unknown,,39.164544,-86.552192
4,3,1300.0,2-Car,No injury/unknown,FOLLOWING TOO CLOSELY,39.164544,-86.560096
1,2,800.0,2-Car,No injury/unknown,FAILURE TO YIELD RIGHT OF WAY,39.164544,-86.560096
4,4,1200.0,2-Car,Non-incapacitating,FAILURE TO YIELD RIGHT OF WAY,39.164544,-86.55340895
4,6,1700.0,3+ Cars,No injury/unknown,FOLLOWING TOO CLOSELY,39.164544,-86.560096
6,5,900.0,2-Car,No injury/unknown,LEFT OF CENTER,39.164544,-86.552192
11,6,1800.0,2-Car,No injury/unknown,FAILURE TO YIELD RIGHT OF WAY,39.16451455,-86.509296
2,7,2100.0,2-Car,No injury/unknown,OVERCORRECTING/OVERSTEERING,39.16451243,-86.47173144
6,5,800.0,2-Car,No injury/unknown,FAILURE TO YIELD RIGHT OF WAY,39.16447055,-86.538699
4,6,1100.0,2-Car,No injury/unknown,UNSAFE BACKING,39.16446694,-86.53481763
8,5,1300.0,2-Car,Non-incapacitating,UNSAFE SPEED,39.164448,-86.52653404
10,3,1100.0,2-Car,No injury/unknown,UNSAFE BACKING,39.164448,-86.52626808
12,2,2300.0,2-Car,No injury/unknown,WRONG WAY ON ONE WAY,39.164448,-86.5268
1,4,1000.0,2-Car,No injury/unknown,,39.164448,-86.5268
7,1,1700.0,3+ Cars,No injury/unknown,FAILURE TO YIELD RIGHT OF WAY,39.164448,-86.471888
3,6,1400.0,2-Car,No injury/unknown,FAILURE TO YIELD RIGHT OF WAY,39.164448,-86.471888
1,6,2000.0,2-Car,No injury/unknown,OTHER (DRIVER) - EXPLAIN IN NARRATIVE,39.164448,-86.528096
1,2,1500.0,2-Car,No injury/unknown,,39.164448,-86.5268
2,6,1700.0,2-Car,No injury/unknown,FAILURE TO YIELD RIGHT OF WAY,39.164448,-86.471888
2,1,1700.0,Bus,No injury/unknown,OVERCORRECTING/OVERSTEERING,39.164448,-86.471888
12,5,2200.0,2-Car,No injury/unknown,FOLLOWING TOO CLOSELY,39.164448,-86.528096
12,4,1400.0,2-Car,No injury/unknown,FAILURE TO YIELD RIGHT OF WAY,39.164448,-86.528096
10,3,1400.0,2-Car,No injury/unknown,FOLLOWING TOO CLOSELY,39.164448,-86.5268
11,1,1800.0,2-Car,No injury/unknown,FOLLOWING TOO CLOSELY,39.164448,-86.525792
12,6,1600.0,2-Car,Non-incapacitating,FOLLOWING TOO CLOSELY,39.164448,-86.528096
10,7,900.0,3+ Cars,No injury/unknown,FOLLOWING TOO CLOSELY,39.164448,-86.5268
9,6,1200.0,2-Car,No injury/unknown,NONE (DRIVER),39.164448,-86.5268
10,5,400.0,2-Car,No injury/unknown,OTHER (DRIVER) - EXPLAIN IN NARRATIVE,39.164448,-86.52649143
10,7,1000.0,2-Car,No injury/unknown,ROADWAY SURFACE CONDITION,39.164448,-86.52690638
10,3,1100.0,1-Car,No injury/unknown,RAN OFF ROAD RIGHT,39.164448,-86.528096
12,4,1700.0,2-Car,No injury/unknown,FAILURE TO YIELD RIGHT OF WAY,39.164448,-86.525792
12,7,1700.0,2-Car,No injury/unknown,FOLLOWING TOO CLOSELY,39.164448,-86.52806054
8,7,1300.0,2-Car,Non-incapacitating,FOLLOWING TOO CLOSELY,39.164448,-86.471888
4,6,1700.0,2-Car,No injury/unknown,OTHER (DRIVER) - EXPLAIN IN NARRATIVE,39.164448,-86.471888
6,2,1000.0,2-Car,No injury/unknown,FOLLOWING TOO CLOSELY,39.164448,-86.471888
12,3,1400.0,2-Car,No injury/unknown,IMPROPER LANE USAGE,39.164448,-86.5268
8,6,800.0,2-Car,No injury/unknown,FAILURE TO YIELD RIGHT OF WAY,39.164448,-86.528096
9,3,1100.0,2-Car,No injury/unknown,IMPROPER LANE USAGE,39.164448,-86.525792
10,5,400.0,2-Car,No injury/unknown,OTHER (DRIVER) - EXPLAIN IN NARRATIVE,39.164448,-86.52649143
8,5,1200.0,2-Car,No injury/unknown,DISREGARD SIGNAL/REG SIGN,39.164448,-86.528096
4,3,1100.0,2-Car,No injury/unknown,FAILURE TO YIELD RIGHT OF WAY,39.164448,-86.528096
5,3,1300.0,3+ Cars,Non-incapacitating,FOLLOWING TOO CLOSELY,39.164448,-86.528096
5,7,2300.0,1-Car,No injury/unknown,RAN OFF ROAD LEFT,39.164448,-86.528096
6,1,1200.0,2-Car,No injury/unknown,FOLLOWING TOO CLOSELY,39.164448,-86.471888
7,3,1200.0,1-Car,Non-incapacitating,RAN OFF ROAD RIGHT,39.164448,-86.528096
6,6,1800.0,2-Car,No injury/unknown,FOLLOWING TOO CLOSELY,39.164448,-86.5268
5,2,1600.0,2-Car,No injury/unknown,FAILURE TO YIELD RIGHT OF WAY,39.164448,-86.5268
7,3,1300.0,1-Car,Non-incapacitating,,39.164448,-86.528096
11,5,1500.0,1-Car,No injury/unknown,OTHER (DRIVER) - EXPLAIN IN NARRATIVE,39.164448,-86.528096
4,1,1000.0,2-Car,Non-incapacitating,,39.164448,-86.471888
8,2,1400.0,2-Car,Non-incapacitating,LEFT OF CENTER,39.164448,-86.528096
11,4,900.0,1-Car,No injury/unknown,OTHER (DRIVER) - EXPLAIN IN NARRATIVE,39.164448,-86.527744
2,5,2100.0,3+ Cars,No injury/unknown,ROADWAY SURFACE CONDITION,39.164448,-86.525792
2,5,2100.0,2-Car,No injury/unknown,ROADWAY SURFACE CONDITION,39.164448,-86.525792
2,7,1900.0,2-Car,No injury/unknown,ROADWAY SURFACE CONDITION,39.164448,-86.5268
2,6,1800.0,2-Car,No injury/unknown,FOLLOWING TOO CLOSELY,39.164448,-86.528096
4,5,1100.0,2-Car,No injury/unknown,UNSAFE BACKING,39.164448,-86.528096
3,5,600.0,3+ Cars,No injury/unknown,,39.164448,-86.5268
4,5,900.0,3+ Cars,Non-incapacitating,UNSAFE SPEED,39.164448,-86.528096
4,6,1800.0,2-Car,No injury/unknown,IMPROPER PASSING,39.164448,-86.5268
3,4,1100.0,2-Car,No injury/unknown,DISREGARD SIGNAL/REG SIGN,39.164448,-86.5268
10,6,2300.0,2-Car,No injury/unknown,ROADWAY SURFACE CONDITION,39.164448,-86.528096
11,4,1500.0,2-Car,No injury/unknown,INSECURE/LEAKY LOAD,39.164448,-86.5268
2,6,800.0,1-Car,No injury/unknown,,39.164448,-86.52798769
6,2,900.0,2-Car,No injury/unknown,WRONG WAY ON ONE WAY,39.164448,-86.528096
7,5,1700.0,3+ Cars,Non-incapacitating,FOLLOWING TOO CLOSELY,39.164448,-86.5268
8,3,1500.0,3+ Cars,Non-incapacitating,FOLLOWING TOO CLOSELY,39.164448,-86.525792
10,6,900.0,1-Car,Non-incapacitating,UNSAFE SPEED,39.164448,-86.528096
11,4,1000.0,Bus,No injury/unknown,FAILURE TO YIELD RIGHT OF WAY,39.164448,-86.5268
9,3,1100.0,2-Car,No injury/unknown,OTHER (DRIVER) - EXPLAIN IN NARRATIVE,39.16444703,-86.52575968
8,2,,2-Car,No injury/unknown,,39.1644383,-86.52546877
8,2,1300.0,2-Car,Non-incapacitating,UNSAFE SPEED,39.16443737,-86.52543765
11,7,1500.0,2-Car,No injury/unknown,IMPROPER LANE USAGE,39.16443636,-86.52540412
6,2,900.0,2-Car,No injury/unknown,UNSAFE BACKING,39.16443539,-86.5253718
10,5,,2-Car,No injury/unknown,IMPROPER PASSING,39.164432,-86.5284
8,2,1800.0,1-Car,No injury/unknown,OTHER (DRIVER) - EXPLAIN IN NARRATIVE,39.164418,-86.54699829
10,6,1100.0,3+ Cars,Non-incapacitating,FAILURE TO YIELD RIGHT OF WAY,39.16440374,-86.55629991
10,4,900.0,3+ Cars,Non-incapacitating,OTHER (DRIVER) - EXPLAIN IN NARRATIVE,39.16440374,-86.55627827
7,2,1600.0,3+ Cars,Non-incapacitating,UNSAFE SPEED,39.16440374,-86.55626961
7,6,1400.0,2-Car,Non-incapacitating,FAILURE TO YIELD RIGHT OF WAY,39.16440374,-86.5562826
8,6,1700.0,2-Car,No injury/unknown,,39.16440374,-86.5562826
5,5,1100.0,2-Car,No injury/unknown,UNSAFE BACKING,39.16440374,-86.55628606
9,3,1500.0,2-Car,No injury/unknown,OTHER (DRIVER) - EXPLAIN IN NARRATIVE,39.16440374,-86.5562826
5,5,1200.0,3+ Cars,No injury/unknown,FAILURE TO YIELD RIGHT OF WAY,39.16440374,-86.5562826
5,5,1700.0,2-Car,No injury/unknown,FOLLOWING TOO CLOSELY,39.16440374,-86.55627394
11,4,1600.0,2-Car,No injury/unknown,FOLLOWING TOO CLOSELY,39.16440374,-86.5562826
7,7,1000.0,2-Car,Non-incapacitating,OTHER (DRIVER) - EXPLAIN IN NARRATIVE,39.16440374,-86.5562826
8,6,1500.0,3+ Cars,No injury/unknown,FOLLOWING TOO CLOSELY,39.16440374,-86.55627394
9,6,1500.0,2-Car,Non-incapacitating,FAILURE TO YIELD RIGHT OF WAY,39.16440374,-86.5562826
10,6,1700.0,3+ Cars,Non-incapacitating,FOLLOWING TOO CLOSELY,39.16440374,-86.55627827
1,3,1700.0,1-Car,No injury/unknown,BRAKE FAILURE OR DEFECTIVE,39.16440226,-86.54639098
11,5,900.0,2-Car,No injury/unknown,IMPROPER LANE USAGE,39.1644,-86.5522026
5,3,1700.0,2-Car,Non-incapacitating,FAILURE TO YIELD RIGHT OF WAY,39.1644,-86.5522
8,6,1700.0,2-Car,No injury/unknown,FAILURE TO YIELD RIGHT OF WAY,39.1644,-86.5522
9,6,1700.0,2-Car,No injury/unknown,FAILURE TO YIELD RIGHT OF WAY,39.1644,-86.5522
2,6,1000.0,2-Car,No injury/unknown,FOLLOWING TOO CLOSELY,39.16439952,-86.52417584
9,6,900.0,2-Car,Non-incapacitating,FAILURE TO YIELD RIGHT OF WAY,39.16438497,-86.52369099
12,3,1400.0,2-Car,No injury/unknown,FOLLOWING TOO CLOSELY,39.16436795,-86.52312352
1,5,300.0,2-Car,No injury/unknown,RAN OFF ROAD RIGHT,39.16436546,-86.52973045
7,2,900.0,Bus,No injury/unknown,UNSAFE SPEED,39.16436264,-86.52294635
2,4,2000.0,2-Car,No injury/unknown,IMPROPER LANE USAGE,39.16436264,-86.52294635
2,2,1500.0,3+ Cars,No injury/unknown,OTHER (DRIVER) - EXPLAIN IN NARRATIVE,39.16436104,-86.5228932
10,6,1400.0,3+ Cars,Non-incapacitating,UNSAFE SPEED,39.16435998,-86.52285776
6,5,800.0,2-Car,No injury/unknown,FOLLOWING TOO CLOSELY,39.16435838,-86.52280461
11,3,200.0,1-Car,No injury/unknown,ANIMAL/OBJECT IN ROADWAY,39.16435609,-86.43457385
10,7,1000.0,2-Car,No injury/unknown,BRAKE FAILURE OR DEFECTIVE,39.16435519,-86.5226983
2,6,2300.0,3+ Cars,Non-incapacitating,UNSAFE SPEED,39.16435413,-86.52266287
10,2,1400.0,2-Car,No injury/unknown,IMPROPER LANE USAGE,39.164352,-86.52144261
4,6,1400.0,3+ Cars,No injury/unknown,,39.164352,-86.52223739
3,3,900.0,Bus,Non-incapacitating,UNSAFE SPEED,39.164352,-86.52137169
10,2,1700.0,Bus,No injury/unknown,OTHER (DRIVER) - EXPLAIN IN NARRATIVE,39.164352,-86.52126531
3,5,1600.0,2-Car,No injury/unknown,FOLLOWING TOO CLOSELY,39.164352,-86.522592
11,4,1700.0,2-Car,Non-incapacitating,FAILURE TO YIELD RIGHT OF WAY,39.164352,-86.521088
3,2,2100.0,2-Car,No injury/unknown,UNSAFE BACKING,39.164352,-86.508288
12,6,2100.0,2-Car,No injury/unknown,UNSAFE BACKING,39.164352,-86.5088
10,7,2000.0,2-Car,No injury/unknown,OTHER (DRIVER) - EXPLAIN IN NARRATIVE,39.164352,-86.5088
11,3,900.0,2-Car,No injury/unknown,ROADWAY SURFACE CONDITION,39.164352,-86.508288
10,4,1400.0,2-Car,No injury/unknown,OTHER (DRIVER) - EXPLAIN IN NARRATIVE,39.164352,-86.50830184
10,4,800.0,1-Car,Non-incapacitating,IMPROPER LANE USAGE,39.164352,-86.510944
9,4,800.0,2-Car,No injury/unknown,OTHER (DRIVER) - EXPLAIN IN NARRATIVE,39.164352,-86.508288
10,2,1500.0,2-Car,No injury/unknown,FAILURE TO YIELD RIGHT OF WAY,39.164352,-86.508288
4,7,1500.0,2-Car,No injury/unknown,CELL PHONE USAGE,39.164352,-86.510944
5,5,1300.0,2-Car,No injury/unknown,FOLLOWING TOO CLOSELY,39.164352,-86.522592
6,3,800.0,2-Car,No injury/unknown,FAILURE TO YIELD RIGHT OF WAY,39.164352,-86.510944
5,2,1800.0,2-Car,No injury/unknown,FOLLOWING TOO CLOSELY,39.164352,-86.521088
2,7,2300.0,2-Car,No injury/unknown,ROADWAY SURFACE CONDITION,39.164352,-86.521088
5,4,2000.0,2-Car,No injury/unknown,FAILURE TO YIELD RIGHT OF WAY,39.164352,-86.522592
2,2,900.0,1-Car,Non-incapacitating,UNSAFE SPEED,39.164352,-86.510944
2,6,1300.0,Bus,No injury/unknown,OTHER (DRIVER) - EXPLAIN IN NARRATIVE,39.164352,-86.522592
2,2,1000.0,2-Car,No injury/unknown,UNSAFE SPEED,39.164352,-86.522592
2,4,2300.0,3+ Cars,No injury/unknown,ROADWAY SURFACE CONDITION,39.164352,-86.510944
4,5,2300.0,2-Car,No injury/unknown,IMPROPER PASSING,39.164352,-86.5088
5,1,1000.0,2-Car,No injury/unknown,,39.164352,-86.52246922
10,6,1500.0,3+ Cars,No injury/unknown,FAILURE TO YIELD RIGHT OF WAY,39.164352,-86.510944
7,4,2000.0,2-Car,No injury/unknown,FAILURE TO YIELD RIGHT OF WAY,39.16432,-86.50824
1,5,1600.0,2-Car,Non-incapacitating,OTHER (DRIVER) - EXPLAIN IN NARRATIVE,39.16430446,-86.50702746
9,3,1400.0,2-Car,No injury/unknown,FOLLOWING TOO CLOSELY,39.164304,-86.505792
1,7,1800.0,2-Car,Non-incapacitating,FAILURE TO YIELD RIGHT OF WAY,39.164304,-86.506992
3,6,1000.0,2-Car,No injury/unknown,OTHER (DRIVER) - EXPLAIN IN NARRATIVE,39.164304,-86.506992
10,4,1800.0,2-Car,No injury/unknown,OTHER (DRIVER) - EXPLAIN IN NARRATIVE,39.164304,-86.506992
11,4,1700.0,2-Car,Non-incapacitating,IMPROPER LANE USAGE,39.164304,-86.506992
11,3,1500.0,2-Car,Non-incapacitating,FAILURE TO YIELD RIGHT OF WAY,39.164304,-86.506992
11,7,1600.0,2-Car,No injury/unknown,FAILURE TO YIELD RIGHT OF WAY,39.164304,-86.506992
12,6,1300.0,3+ Cars,Non-incapacitating,FAILURE TO YIELD RIGHT OF WAY,39.164304,-86.505792
10,6,1600.0,2-Car,No injury/unknown,FAILURE TO YIELD RIGHT OF WAY,39.164304,-86.506992
11,7,1100.0,2-Car,No injury/unknown,FOLLOWING TOO CLOSELY,39.164304,-86.506992
5,3,1600.0,2-Car,No injury/unknown,FOLLOWING TOO CLOSELY,39.164304,-86.506992
5,4,2300.0,2-Car,No injury/unknown,IMPROPER PASSING,39.164304,-86.506992
8,1,1800.0,2-Car,No injury/unknown,FOLLOWING TOO CLOSELY,39.164304,-86.505792
11,7,1500.0,3+ Cars,Non-incapacitating,FOLLOWING TOO CLOSELY,39.164304,-86.505792
10,1,1600.0,3+ Cars,Non-incapacitating,FOLLOWING TOO CLOSELY,39.16430286,-86.50572109
2,6,1300.0,2-Car,No injury/unknown,FOLLOWING TOO CLOSELY,39.1643,-86.521094
11,6,1900.0,2-Car,No injury/unknown,ANIMAL/OBJECT IN ROADWAY,39.1643,-86.5161016
12,7,900.0,1-Car,Non-incapacitating,ROADWAY SURFACE CONDITION,39.1643,-86.544598
8,7,1700.0,2-Car,No injury/unknown,IMPROPER TURNING,39.1643,-86.51769543
8,4,,2-Car,Non-incapacitating,HOLES/RUTS IN SURFACE,39.1643,-86.50910246
8,7,1900.0,2-Car,No injury/unknown,FOLLOWING TOO CLOSELY,39.1643,-86.50598735
5,2,1000.0,2-Car,Non-incapacitating,UNSAFE SPEED,39.1643,-86.51769933
6,6,900.0,1-Car,Non-incapacitating,,39.1643,-86.517695
8,6,1100.0,2-Car,No injury/unknown,FOLLOWING TOO CLOSELY,39.1643,-86.51769803
10,6,1500.0,3+ Cars,Non-incapacitating,FOLLOWING TOO CLOSELY,39.16429681,-86.50534616
12,1,1300.0,2-Car,Non-incapacitating,FOLLOWING TOO CLOSELY,39.16429681,-86.50534616
2,4,1800.0,2-Car,No injury/unknown,FAILURE TO YIELD RIGHT OF WAY,39.164288,-86.5048
10,6,1400.0,2-Car,No injury/unknown,FAILURE TO YIELD RIGHT OF WAY,39.164288,-86.5048
3,2,1300.0,2-Car,No injury/unknown,OTHER (DRIVER) - EXPLAIN IN NARRATIVE,39.164288,-86.5048
9,2,2100.0,Moped/Motorcycle,Non-incapacitating,OTHER (ENVIRONMENTAL) - EXPLAIN IN NARR,39.164288,-86.5048
7,5,1400.0,2-Car,No injury/unknown,FAILURE TO YIELD RIGHT OF WAY,39.164288,-86.5048
8,1,1300.0,2-Car,Non-incapacitating,FOLLOWING TOO CLOSELY,39.16428118,-86.495088
3,2,1300.0,2-Car,No injury/unknown,IMPROPER LANE USAGE,39.16427282,-86.52045456
3,7,1600.0,3+ Cars,No injury/unknown,FAILURE TO YIELD RIGHT OF WAY,39.164272,-86.502416
1,1,1000.0,2-Car,No injury/unknown,OTHER (DRIVER) - EXPLAIN IN NARRATIVE,39.164272,-86.502416
2,6,1300.0,2-Car,No injury/unknown,FOLLOWING TOO CLOSELY,39.164272,-86.501488
2,4,1700.0,2-Car,No injury/unknown,GLARE,39.164272,-86.50194253
2,2,,2-Car,No injury/unknown,FOLLOWING TOO CLOSELY,39.164272,-86.502416
3,7,1200.0,2-Car,No injury/unknown,IMPROPER LANE USAGE,39.164272,-86.501488
10,2,1300.0,3+ Cars,No injury/unknown,UNSAFE BACKING,39.164272,-86.502416
12,7,1900.0,Pedestrian,Non-incapacitating,ROADWAY SURFACE CONDITION,39.164272,-86.50915429
8,3,1700.0,3+ Cars,No injury/unknown,UNSAFE SPEED,39.164272,-86.502416
7,3,1100.0,2-Car,Incapacitating,OTHER (DRIVER) - EXPLAIN IN NARRATIVE,39.164272,-86.502416
6,5,1900.0,2-Car,No injury/unknown,PASSENGER DISTRACTION,39.164272,-86.50194253
8,3,1100.0,2-Car,No injury/unknown,FAILURE TO YIELD RIGHT OF WAY,39.164272,-86.502416
1,7,1300.0,2-Car,No injury/unknown,ROADWAY SURFACE CONDITION,39.164272,-86.50194253
4,7,1200.0,1-Car,Non-incapacitating,RAN OFF ROAD RIGHT,39.164272,-86.502416
5,6,1600.0,2-Car,No injury/unknown,FAILURE TO YIELD RIGHT OF WAY,39.164272,-86.501488
11,2,1800.0,3+ Cars,No injury/unknown,FOLLOWING TOO CLOSELY,39.164272,-86.501488
11,4,1100.0,2-Car,No injury/unknown,ROADWAY SURFACE CONDITION,39.164272,-86.50235918
12,1,1600.0,2-Car,No injury/unknown,OTHER (DRIVER) - EXPLAIN IN NARRATIVE,39.164272,-86.50222661
11,6,1800.0,3+ Cars,Non-incapacitating,FOLLOWING TOO CLOSELY,39.1642709,-86.50138163
8,3,1600.0,3+ Cars,No injury/unknown,FAILURE TO YIELD RIGHT OF WAY,39.16427017,-86.50131071
4,6,1400.0,2-Car,No injury/unknown,FAILURE TO YIELD RIGHT OF WAY,39.16427017,-86.50131071
3,6,1000.0,3+ Cars,No injury/unknown,OTHER (ENVIRONMENTAL) - EXPLAIN IN NARR,39.16426925,-86.50122206
12,7,1400.0,2-Car,No injury/unknown,FAILURE TO YIELD RIGHT OF WAY,39.16426833,-86.50113342
5,4,1600.0,2-Car,No injury/unknown,FAILURE TO YIELD RIGHT OF WAY,39.16426833,-86.50113342
3,4,1800.0,3+ Cars,No injury/unknown,FOLLOWING TOO CLOSELY,39.16426188,-86.52036704
12,3,1100.0,2-Car,No injury/unknown,,39.16426036,-86.50920582
9,1,1700.0,2-Car,No injury/unknown,UNSAFE BACKING,39.16425927,-86.53481959
11,3,2000.0,2-Car,No injury/unknown,UNSAFE BACKING,39.16425927,-86.53481959
11,3,2000.0,2-Car,No injury/unknown,UNSAFE BACKING,39.16425927,-86.53481959
5,5,1400.0,2-Car,No injury/unknown,FAILURE TO YIELD RIGHT OF WAY,39.16425103,-86.49946374
10,4,1600.0,2-Car,Non-incapacitating,FOLLOWING TOO CLOSELY,39.16425006,-86.5097212
4,3,1500.0,3+ Cars,No injury/unknown,FOLLOWING TOO CLOSELY,39.16424875,-86.52026202
10,4,1300.0,2-Car,No injury/unknown,FAILURE TO YIELD RIGHT OF WAY,39.16424664,-86.51771252
6,6,1500.0,2-Car,No injury/unknown,FAILURE TO YIELD RIGHT OF WAY,39.16424664,-86.51771252
4,1,1200.0,2-Car,No injury/unknown,IMPROPER TURNING,39.16424664,-86.51771252