Month,Day,Hour,Collision Type,Injury Type,Primary Factor,Latitude,Longitude
1,6,1600.0,2-Car,Non-incapacitating,ROADWAY SURFACE CONDITION,39.16424552,-86.49893187
9,6,1100.0,2-Car,No injury/unknown,TIRE FAILURE OR DEFECTIVE,39.16424368,-86.49875458
1,2,1900.0,2-Car,No injury/unknown,BRAKE FAILURE OR DEFECTIVE,39.16424368,-86.49875458
12,3,1600.0,2-Car,No injury/unknown,FAILURE TO YIELD RIGHT OF WAY,39.16424276,-86.49866594
2,4,1400.0,2-Car,Non-incapacitating,ROADWAY SURFACE CONDITION,39.16424001,-86.47786907
4,4,2200.0,2-Car,Non-incapacitating,FOLLOWING TOO CLOSELY,39.16424,-86.47574139
10,3,1500.0,2-Car,No injury/unknown,FAILURE TO YIELD RIGHT OF WAY,39.16424,-86.49269577
10,3,1200.0,2-Car,No injury/unknown,FAILURE TO YIELD RIGHT OF WAY,39.16424,-86.49315677
1,6,1300.0,3+ Cars,Non-incapacitating,OTHER (DRIVER) - EXPLAIN IN NARRATIVE,39.16424,-86.48449038
10,7,1200.0,2-Car,No injury/unknown,FOLLOWING TOO CLOSELY,39.16424,-86.49058723
12,5,1700.0,2-Car,Non-incapacitating,FAILURE TO YIELD RIGHT OF WAY,39.16424,-86.49498162
6,2,1800.0,2-Car,No injury/unknown,FAILURE TO YIELD RIGHT OF WAY,39.16424,-86.47378465
10,4,1800.0,1-Car,Non-incapacitating,PEDESTRIAN ACTION,39.16424,-86.51622269
2,5,2200.0,2-Car,No injury/unknown,ROADWAY SURFACE CONDITION,39.16424,-86.52001469
7,7,1900.0,2-Car,No injury/unknown,FOLLOWING TOO CLOSELY,39.16424,-86.51622269
11,7,1400.0,2-Car,Non-incapacitating,OTHER (DRIVER) - EXPLAIN IN NARRATIVE,39.16424,-86.5164
8,2,2200.0,2-Car,No injury/unknown,FAILURE TO YIELD RIGHT OF WAY,39.16424,-86.495088
7,7,1000.0,2-Car,No injury/unknown,OTHER (DRIVER) - EXPLAIN IN NARRATIVE,39.16424,-86.509296
1,5,1700.0,2-Car,No injury/unknown,FOLLOWING TOO CLOSELY,39.16424,-86.5164
1,6,1700.0,2-Car,No injury/unknown,FOLLOWING TOO CLOSELY,39.16424,-86.5176
2,6,2200.0,2-Car,No injury/unknown,,39.16424,-86.480688
9,1,400.0,2-Car,No injury/unknown,IMPROPER LANE USAGE,39.16424,-86.4984
2,7,1100.0,2-Car,No injury/unknown,UNSAFE BACKING,39.16424,-86.49259396
3,5,500.0,2-Car,No injury/unknown,FAILURE TO YIELD RIGHT OF WAY,39.16424,-86.509296
2,5,1200.0,2-Car,Non-incapacitating,FAILURE TO YIELD RIGHT OF WAY,39.16424,-86.4892
2,4,800.0,2-Car,Non-incapacitating,FAILURE TO YIELD RIGHT OF WAY,39.16424,-86.4984
2,2,1600.0,3+ Cars,Non-incapacitating,FAILURE TO YIELD RIGHT OF WAY,39.16424,-86.495088
2,4,1500.0,2-Car,No injury/unknown,UNSAFE BACKING,39.16424,-86.49259396
5,5,1800.0,2-Car,No injury/unknown,FOLLOWING TOO CLOSELY,39.16424,-86.473696
10,7,2000.0,2-Car,Non-incapacitating,FAILURE TO YIELD RIGHT OF WAY,39.16424,-86.4984
3,7,2000.0,2-Car,Non-incapacitating,FAILURE TO YIELD RIGHT OF WAY,39.16424,-86.480688
3,7,2200.0,2-Car,No injury/unknown,FAILURE TO YIELD RIGHT OF WAY,39.16424,-86.4984
12,5,1900.0,2-Car,No injury/unknown,IMPROPER LANE USAGE,39.16424,-86.5176
12,7,1500.0,2-Car,No injury/unknown,IMPROPER LANE USAGE,39.16424,-86.5164
12,6,800.0,2-Car,No injury/unknown,FAILURE TO YIELD RIGHT OF WAY,39.16424,-86.49259396
12,6,900.0,2-Car,No injury/unknown,FAILURE TO YIELD RIGHT OF WAY,39.16424,-86.4892
9,3,2100.0,2-Car,No injury/unknown,FAILURE TO YIELD RIGHT OF WAY,39.16424,-86.4984
9,7,1500.0,3+ Cars,No injury/unknown,FAILURE TO YIELD RIGHT OF WAY,39.16424,-86.4984
12,2,1800.0,2-Car,No injury/unknown,FOLLOWING TOO CLOSELY,39.16424,-86.4984
12,5,1800.0,2-Car,No injury/unknown,FAILURE TO YIELD RIGHT OF WAY,39.16424,-86.5152
10,3,1900.0,2-Car,No injury/unknown,FOLLOWING TOO CLOSELY,39.16424,-86.518992
11,5,900.0,1-Car,No injury/unknown,IMPROPER TURNING,39.16424,-86.48423771
11,4,1000.0,2-Car,No injury/unknown,ROADWAY SURFACE CONDITION,39.16424,-86.480688
12,4,2300.0,1-Car,No injury/unknown,OTHER (DRIVER) - EXPLAIN IN NARRATIVE,39.16424,-86.47599804
10,4,700.0,2-Car,No injury/unknown,IMPROPER TURNING,39.16424,-86.480688
10,6,1200.0,2-Car,No injury/unknown,OTHER (DRIVER) - EXPLAIN IN NARRATIVE,39.16424,-86.4984
10,7,1600.0,2-Car,No injury/unknown,OTHER (DRIVER) - EXPLAIN IN NARRATIVE,39.16424,-86.49307941
11,1,1200.0,2-Car,No injury/unknown,FAILURE TO YIELD RIGHT OF WAY,39.16424,-86.495088
11,3,1100.0,2-Car,No injury/unknown,IMPROPER TURNING,39.16424,-86.48968889
12,5,,2-Car,No injury/unknown,OTHER (DRIVER) - EXPLAIN IN NARRATIVE,39.16424,-86.48132949
12,2,700.0,2-Car,No injury/unknown,IMPROPER PASSING,39.16424,-86.492944
10,6,1500.0,Moped/Motorcycle,Non-incapacitating,FAILURE TO YIELD RIGHT OF WAY,39.16424,-86.476096
10,7,1400.0,2-Car,No injury/unknown,ROADWAY SURFACE CONDITION,39.16424,-86.480688
10,3,1200.0,2-Car,No injury/unknown,OTHER (ENVIRONMENTAL) - EXPLAIN IN NARR,39.16424,-86.5164
12,2,900.0,2-Car,Non-incapacitating,OTHER (DRIVER) - EXPLAIN IN NARRATIVE,39.16424,-86.4984
12,7,1200.0,2-Car,No injury/unknown,FAILURE TO YIELD RIGHT OF WAY,39.16424,-86.495088
12,2,1100.0,1-Car,No injury/unknown,RAN OFF ROAD RIGHT,39.16424,-86.48104261
10,3,700.0,2-Car,No injury/unknown,OTHER (DRIVER) - EXPLAIN IN NARRATIVE,39.16424,-86.4908
9,2,1600.0,2-Car,No injury/unknown,FAILURE TO YIELD RIGHT OF WAY,39.16424,-86.495088
9,7,1800.0,1-Car,No injury/unknown,UNSAFE SPEED,39.16424,-86.476096
8,6,2000.0,3+ Cars,Non-incapacitating,FAILURE TO YIELD RIGHT OF WAY,39.16424,-86.480688
7,3,1100.0,2-Car,No injury/unknown,OTHER (ENVIRONMENTAL) - EXPLAIN IN NARR,39.16424,-86.480688
11,3,1500.0,2-Car,No injury/unknown,FAILURE TO YIELD RIGHT OF WAY,39.16424,-86.495088
6,7,800.0,2-Car,Non-incapacitating,FAILURE TO YIELD RIGHT OF WAY,39.16424,-86.4984
9,6,1400.0,2-Car,No injury/unknown,UNSAFE BACKING,39.16424,-86.51757551
10,7,1200.0,2-Car,No injury/unknown,FOLLOWING TOO CLOSELY,39.16424,-86.5176
9,1,1900.0,2-Car,Non-incapacitating,FAILURE TO YIELD RIGHT OF WAY,39.16424,-86.5152
9,3,1600.0,2-Car,No injury/unknown,FAILURE TO YIELD RIGHT OF WAY,39.16424,-86.518992
11,1,2300.0,2-Car,No injury/unknown,IMPROPER TURNING,39.16424,-86.5164
9,3,1600.0,2-Car,Non-incapacitating,FAILURE TO YIELD RIGHT OF WAY,39.16424,-86.51391086
8,3,1500.0,2-Car,Non-incapacitating,FAILURE TO YIELD RIGHT OF WAY,39.16424,-86.476096
9,6,1900.0,2-Car,No injury/unknown,OTHER (DRIVER) - EXPLAIN IN NARRATIVE,39.16424,-86.484384
8,2,1100.0,2-Car,No injury/unknown,FAILURE TO YIELD RIGHT OF WAY,39.16424,-86.495088
8,7,1000.0,2-Car,Non-incapacitating,UNSAFE BACKING,39.16424,-86.4984
9,5,1200.0,Pedestrian,Non-incapacitating,UNSAFE BACKING,39.16424,-86.476096
10,7,2000.0,2-Car,No injury/unknown,OTHER (DRIVER) - EXPLAIN IN NARRATIVE,39.16424,-86.480688
9,6,1400.0,3+ Cars,No injury/unknown,PASSENGER DISTRACTION,39.16424,-86.492944
8,5,1800.0,2-Car,No injury/unknown,TIRE FAILURE OR DEFECTIVE,39.16424,-86.49259396
6,5,1400.0,2-Car,No injury/unknown,FAILURE TO YIELD RIGHT OF WAY,39.16424,-86.4984
7,3,1100.0,2-Car,No injury/unknown,DISREGARD SIGNAL/REG SIGN,39.16424,-86.480688
5,5,1400.0,2-Car,No injury/unknown,UNSAFE BACKING,39.16424,-86.51757551
5,6,1700.0,2-Car,No injury/unknown,FOLLOWING TOO CLOSELY,39.16424,-86.480688
9,7,1100.0,2-Car,No injury/unknown,FOLLOWING TOO CLOSELY,39.16424,-86.480688
6,6,0.0,1-Car,Non-incapacitating,PEDESTRIAN ACTION,39.16424,-86.5164
9,2,1200.0,2-Car,No injury/unknown,FOLLOWING TOO CLOSELY,39.16424,-86.473696
10,1,0.0,2-Car,No injury/unknown,FAILURE TO YIELD RIGHT OF WAY,39.16424,-86.480688
10,6,2200.0,2-Car,No injury/unknown,UNSAFE BACKING,39.16424,-86.480688
7,4,1400.0,2-Car,No injury/unknown,IMPROPER LANE USAGE,39.16424,-86.47599804
4,2,1800.0,2-Car,No injury/unknown,IMPROPER LANE USAGE,39.16424,-86.5152
6,2,1800.0,2-Car,No injury/unknown,IMPROPER LANE USAGE,39.16424,-86.5152
7,5,1600.0,2-Car,No injury/unknown,IMPROPER TURNING,39.16424,-86.5176
7,5,1700.0,1-Car,No injury/unknown,UNSAFE BACKING,39.16424,-86.518992
7,4,800.0,2-Car,Non-incapacitating,IMPROPER LANE USAGE,39.16424,-86.518992
4,4,1200.0,Bus,No injury/unknown,DISREGARD SIGNAL/REG SIGN,39.16424,-86.520192
2,6,1700.0,3+ Cars,No injury/unknown,FOLLOWING TOO CLOSELY,39.16424,-86.518992
4,3,1700.0,2-Car,No injury/unknown,FAILURE TO YIELD RIGHT OF WAY,39.16424,-86.495088
2,6,,1-Car,No injury/unknown,OTHER (ENVIRONMENTAL) - EXPLAIN IN NARR,39.16424,-86.4908
2,4,2000.0,2-Car,No injury/unknown,FOLLOWING TOO CLOSELY,39.16424,-86.4984
9,4,1700.0,Moped/Motorcycle,No injury/unknown,FAILURE TO YIELD RIGHT OF WAY,39.16424,-86.5176
4,3,2000.0,3+ Cars,No injury/unknown,UNSAFE SPEED,39.16424,-86.520192
4,2,1400.0,2-Car,No injury/unknown,IMPROPER LANE USAGE,39.16424,-86.5152
3,3,2100.0,1-Car,Non-incapacitating,FAILURE TO YIELD RIGHT OF WAY,39.16424,-86.520192
4,2,1100.0,2-Car,No injury/unknown,DISREGARD SIGNAL/REG SIGN,39.16424,-86.492944
4,7,1200.0,3+ Cars,No injury/unknown,DISREGARD SIGNAL/REG SIGN,39.16424,-86.4984
4,3,2000.0,2-Car,No injury/unknown,IMPROPER PASSING,39.16424,-86.480688
4,1,300.0,2-Car,No injury/unknown,ALCOHOLIC BEVERAGES,39.16424,-86.4984
4,7,2000.0,2-Car,No injury/unknown,,39.16424,-86.4984
5,7,700.0,1-Car,No injury/unknown,OTHER (DRIVER) - EXPLAIN IN NARRATIVE,39.16424,-86.4984
3,2,1300.0,2-Car,No injury/unknown,FAILURE TO YIELD RIGHT OF WAY,39.16424,-86.51504229
4,3,900.0,2-Car,No injury/unknown,UNSAFE SPEED,39.16424,-86.51632908
11,3,1600.0,3+ Cars,Non-incapacitating,UNSAFE SPEED,39.16424,-86.51908065
11,3,1700.0,2-Car,No injury/unknown,FOLLOWING TOO CLOSELY,39.16424,-86.5164
12,2,1900.0,2-Car,No injury/unknown,OTHER (DRIVER) - EXPLAIN IN NARRATIVE,39.16424,-86.5176
2,2,2000.0,2-Car,No injury/unknown,IMPROPER TURNING,39.16424,-86.518992
3,5,1800.0,1-Car,No injury/unknown,ROADWAY SURFACE CONDITION,39.16424,-86.5164
6,6,1700.0,1-Car,Non-incapacitating,PEDESTRIAN ACTION,39.16424,-86.5152
5,4,1600.0,2-Car,No injury/unknown,IMPROPER LANE USAGE,39.16424,-86.51632908
6,6,2100.0,2-Car,Non-incapacitating,FOLLOWING TOO CLOSELY,39.16424,-86.480688
7,1,1600.0,2-Car,No injury/unknown,IMPROPER TURNING,39.16424,-86.5176
7,4,1200.0,2-Car,No injury/unknown,OTHER (DRIVER) - EXPLAIN IN NARRATIVE,39.16424,-86.495088
6,7,2100.0,2-Car,No injury/unknown,UNSAFE BACKING,39.16424,-86.49259396
7,6,1500.0,2-Car,No injury/unknown,IMPROPER TURNING,39.16424,-86.518992
7,4,1700.0,2-Car,No injury/unknown,IMPROPER LANE USAGE,39.16424,-86.5152
7,3,1300.0,2-Car,No injury/unknown,FOLLOWING TOO CLOSELY,39.16424,-86.4984
7,6,2100.0,2-Car,No injury/unknown,UNSAFE BACKING,39.16424,-86.478992
8,2,1300.0,2-Car,No injury/unknown,UNSAFE BACKING,39.16424,-86.4908
7,3,1200.0,3+ Cars,Non-incapacitating,ROADWAY SURFACE CONDITION,39.16424,-86.480688
8,4,600.0,2-Car,No injury/unknown,IMPROPER TURNING,39.16424,-86.51647092
9,6,1500.0,2-Car,No injury/unknown,FOLLOWING TOO CLOSELY,39.16424,-86.5164
10,2,2100.0,2-Car,No injury/unknown,FAILURE TO YIELD RIGHT OF WAY,39.16424,-86.5152
10,6,1800.0,2-Car,Non-incapacitating,FAILURE TO YIELD RIGHT OF WAY,39.16424,-86.4984
11,1,1900.0,2-Car,No injury/unknown,OTHER (DRIVER) - EXPLAIN IN NARRATIVE,39.16424,-86.495088
1,6,1900.0,2-Car,No injury/unknown,RAN OFF ROAD LEFT,39.1642393,-86.49515826
6,6,1800.0,2-Car,No injury/unknown,,39.1642393,-86.49515826
8,6,1000.0,2-Car,No injury/unknown,OTHER (DRIVER) - EXPLAIN IN NARRATIVE,39.1642393,-86.49515826
8,4,1900.0,2-Car,Non-incapacitating,DRIVER DISTRACTED - EXPLAIN IN NARRATIVE,39.16423833,-86.49822271
10,3,1600.0,2-Car,No injury/unknown,FAILURE TO YIELD RIGHT OF WAY,39.16423799,-86.49818725
1,6,900.0,2-Car,No injury/unknown,UNSAFE BACKING,39.16422957,-86.47340508
1,6,1400.0,2-Car,No injury/unknown,FAILURE TO YIELD RIGHT OF WAY,39.16421494,-86.52107807
9,4,2300.0,1-Car,Non-incapacitating,FAILURE TO YIELD RIGHT OF WAY,39.1642,-86.497095
11,7,1300.0,2-Car,No injury/unknown,FOLLOWING TOO CLOSELY,39.1642,-86.49709327
8,7,1600.0,2-Car,No injury/unknown,FAILURE TO YIELD RIGHT OF WAY,39.1642,-86.476699
2,2,1800.0,2-Car,No injury/unknown,OTHER (DRIVER) - EXPLAIN IN NARRATIVE,39.1642,-86.493885
4,7,1600.0,2-Car,Non-incapacitating,FAILURE TO YIELD RIGHT OF WAY,39.1642,-86.49310176
9,4,1700.0,2-Car,Non-incapacitating,FAILURE TO YIELD RIGHT OF WAY,39.1642,-86.476699
9,7,1100.0,2-Car,No injury/unknown,FOLLOWING TOO CLOSELY,39.164199,-86.498296
11,3,1200.0,2-Car,No injury/unknown,FAILURE TO YIELD RIGHT OF WAY,39.1641681,-86.49494067
10,6,,2-Car,No injury/unknown,UNSAFE BACKING,39.16416457,-86.5336
8,6,1100.0,1-Car,Non-incapacitating,VIEW OBSTRUCTED,39.16416457,-86.5336
11,1,1900.0,2-Car,No injury/unknown,FAILURE TO YIELD RIGHT OF WAY,39.16410467,-86.49837029
12,7,1700.0,2-Car,No injury/unknown,,39.16410273,-86.51639795
1,6,2000.0,2-Car,No injury/unknown,ROADWAY SURFACE CONDITION,39.16410273,-86.51639795
11,2,1100.0,2-Car,No injury/unknown,FOLLOWING TOO CLOSELY,39.1640776,-86.49836435
12,3,1200.0,2-Car,No injury/unknown,UNSAFE BACKING,39.16406906,-86.5562826
2,5,1300.0,2-Car,No injury/unknown,UNSAFE SPEED,39.16403832,-86.55628433
5,3,,1-Car,No injury/unknown,OTHER (ENVIRONMENTAL) - EXPLAIN IN NARR,39.16399902,-86.4983471
11,6,1200.0,2-Car,No injury/unknown,FAILURE TO YIELD RIGHT OF WAY,39.16396933,-86.49834058
10,5,700.0,2-Car,No injury/unknown,RAN OFF ROAD RIGHT,39.16396547,-86.5163959
2,4,1400.0,Pedestrian,Non-incapacitating,UNSAFE BACKING,39.16395362,-86.5324
5,5,1000.0,2-Car,No injury/unknown,UNSAFE BACKING,39.16394547,-86.49833535
7,4,900.0,2-Car,No injury/unknown,UNSAFE BACKING,39.1639427,-86.5562826
1,3,300.0,2-Car,No injury/unknown,IMPROPER TURNING,39.16383399,-86.49831088
5,7,1200.0,2-Car,Non-incapacitating,FOLLOWING TOO CLOSELY,39.16381637,-86.53482377
1,4,900.0,2-Car,Non-incapacitating,UNSAFE SPEED,39.163792,-86.534824
2,5,1000.0,2-Car,No injury/unknown,OTHER (DRIVER) - EXPLAIN IN NARRATIVE,39.163792,-86.534824
6,4,1300.0,2-Car,No injury/unknown,FAILURE TO YIELD RIGHT OF WAY,39.163792,-86.534824
1,5,1500.0,2-Car,No injury/unknown,OTHER (DRIVER) - EXPLAIN IN NARRATIVE,39.163792,-86.534824
10,3,0.0,2-Car,No injury/unknown,UNSAFE BACKING,39.16374463,-86.5562826
1,2,700.0,1-Car,No injury/unknown,OTHER (DRIVER) - EXPLAIN IN NARRATIVE,39.16372426,-86.47183703
6,1,600.0,Moped/Motorcycle,No injury/unknown,UNSAFE SPEED,39.1637166,-86.58290466
11,3,2000.0,1-Car,No injury/unknown,RAN OFF ROAD RIGHT,39.16369788,-86.63560704
1,1,1500.0,2-Car,No injury/unknown,OTHER (DRIVER) - EXPLAIN IN NARRATIVE,39.16367164,-86.52973665
3,6,1700.0,2-Car,No injury/unknown,UNSAFE BACKING,39.16366108,-86.5374725
2,5,1900.0,1-Car,No injury/unknown,,39.1636565,-86.43795889
12,5,1700.0,2-Car,No injury/unknown,UNSAFE BACKING,39.16365446,-86.475099
9,4,1200.0,2-Car,Non-incapacitating,ALCOHOLIC BEVERAGES,39.16364217,-86.43815448
2,4,1100.0,2-Car,No injury/unknown,UNSAFE SPEED,39.1635843,-86.42384171
7,6,1800.0,2-Car,No injury/unknown,OTHER (ENVIRONMENTAL) - EXPLAIN IN NARR,39.163584,-86.498256
5,5,0.0,2-Car,No injury/unknown,OTHER (ENVIRONMENTAL) - EXPLAIN IN NARR,39.163552,-86.582896
2,1,500.0,2-Car,Non-incapacitating,OTHER (ENVIRONMENTAL) - EXPLAIN IN NARR,39.163552,-86.582896
7,5,1400.0,1-Car,No injury/unknown,UNSAFE SPEED,39.163552,-86.649696
7,3,1200.0,2-Car,No injury/unknown,FAILURE TO YIELD RIGHT OF WAY,39.16352543,-86.49824314
1,6,1300.0,2-Car,No injury/unknown,FAILURE TO YIELD RIGHT OF WAY,39.16352543,-86.49824314
5,7,600.0,1-Car,Fatal,RAN OFF ROAD LEFT,39.16350768,-86.47182178
2,4,1200.0,2-Car,No injury/unknown,FOLLOWING TOO CLOSELY,39.16346117,-86.5512146
11,2,1100.0,2-Car,No injury/unknown,UNSAFE BACKING,39.16346117,-86.5512146
3,5,700.0,2-Car,No injury/unknown,ROADWAY SURFACE CONDITION,39.16346117,-86.55121373
3,5,800.0,2-Car,No injury/unknown,LEFT OF CENTER,39.16346117,-86.55122758
8,5,900.0,3+ Cars,Non-incapacitating,DRIVER ILLNESS,39.16346117,-86.5512146
5,6,900.0,2-Car,No injury/unknown,FAILURE TO YIELD RIGHT OF WAY,39.16344,-86.58584
2,4,2000.0,2-Car,No injury/unknown,LEFT OF CENTER,39.16344,-86.586896
1,5,1800.0,2-Car,No injury/unknown,,39.16341508,-86.51638769
1,1,1400.0,2-Car,Non-incapacitating,DISREGARD SIGNAL/REG SIGN,39.163344,-86.5272
3,2,900.0,2-Car,No injury/unknown,FAILURE TO YIELD RIGHT OF WAY,39.163344,-86.5272
1,2,1100.0,2-Car,No injury/unknown,FAILURE TO YIELD RIGHT OF WAY,39.163344,-86.5272
3,2,800.0,1-Car,No injury/unknown,,39.163344,-86.5272
10,5,1100.0,Bus,No injury/unknown,FAILURE TO YIELD RIGHT OF WAY,39.163344,-86.5272
11,7,0.0,2-Car,No injury/unknown,DISREGARD SIGNAL/REG SIGN,39.163344,-86.5272
9,6,200.0,1-Car,Non-incapacitating,ALCOHOLIC BEVERAGES,39.163344,-86.5272
11,6,1500.0,2-Car,Non-incapacitating,FAILURE TO YIELD RIGHT OF WAY,39.163344,-86.5272
8,2,1600.0,2-Car,No injury/unknown,OTHER (DRIVER) - EXPLAIN IN NARRATIVE,39.163344,-86.5272
4,4,1300.0,2-Car,Non-incapacitating,OTHER (DRIVER) - EXPLAIN IN NARRATIVE,39.163344,-86.5272
2,2,1700.0,2-Car,Non-incapacitating,DISREGARD SIGNAL/REG SIGN,39.163344,-86.5272
12,4,1500.0,2-Car,Non-incapacitating,FAILURE TO YIELD RIGHT OF WAY,39.163344,-86.5272
4,4,2100.0,2-Car,Non-incapacitating,FAILURE TO YIELD RIGHT OF WAY,39.163344,-86.5272
4,4,1600.0,2-Car,Non-incapacitating,FAILURE TO YIELD RIGHT OF WAY,39.163344,-86.5272
9,6,800.0,2-Car,Non-incapacitating,FAILURE TO YIELD RIGHT OF WAY,39.163344,-86.5272
3,6,1500.0,2-Car,No injury/unknown,FAILURE TO YIELD RIGHT OF WAY,39.163328,-86.525808
1,1,2000.0,2-Car,No injury/unknown,FAILURE TO YIELD RIGHT OF WAY,39.163328,-86.525808
5,7,2200.0,2-Car,Non-incapacitating,FAILURE TO YIELD RIGHT OF WAY,39.163328,-86.525808
6,7,1600.0,2-Car,Non-incapacitating,FAILURE TO YIELD RIGHT OF WAY,39.163328,-86.525808
1,6,1400.0,1-Car,No injury/unknown,RAN OFF ROAD RIGHT,39.16330055,-86.5258084
2,2,800.0,2-Car,No injury/unknown,LEFT OF CENTER,39.163299,-86.590999
2,6,1200.0,1-Car,No injury/unknown,RAN OFF ROAD LEFT,39.163296,-86.524
2,1,2100.0,2-Car,No injury/unknown,IMPROPER TURNING,39.163296,-86.524
6,5,1700.0,2-Car,No injury/unknown,FOLLOWING TOO CLOSELY,39.163296,-86.524
1,2,1400.0,2-Car,No injury/unknown,ROADWAY SURFACE CONDITION,39.16329399,-86.52382272
10,5,1200.0,2-Car,No injury/unknown,UNSAFE BACKING,39.16328202,-86.52276929
12,2,1700.0,2-Car,No injury/unknown,,39.16328081,-86.52266291
6,1,2200.0,2-Car,No injury/unknown,LEFT OF CENTER,39.16328,-86.522592
11,3,1000.0,2-Car,No injury/unknown,DISREGARD SIGNAL/REG SIGN,39.16328,-86.522592
7,3,1200.0,2-Car,No injury/unknown,UNSAFE BACKING,39.16328,-86.522592
4,3,1400.0,2-Car,No injury/unknown,UNSAFE BACKING,39.16328,-86.522592
7,2,2100.0,1-Car,No injury/unknown,PRESCRIPTION DRUGS,39.16327256,-86.62979591
3,5,800.0,2-Car,No injury/unknown,OTHER (ENVIRONMENTAL) - EXPLAIN IN NARR,39.1632627,-86.548943
5,5,1500.0,2-Car,No injury/unknown,ROADWAY SURFACE CONDITION,39.16324289,-86.52074213
12,2,2200.0,2-Car,No injury/unknown,IMPROPER TURNING,39.16323541,-86.52035325
12,3,1100.0,2-Car,No injury/unknown,FAILURE TO YIELD RIGHT OF WAY,39.163232,-86.520176
9,2,1600.0,2-Car,No injury/unknown,FAILURE TO YIELD RIGHT OF WAY,39.163232,-86.520176
1,4,700.0,3+ Cars,Non-incapacitating,UNSAFE SPEED,39.163232,-86.520176
9,5,1700.0,2-Car,No injury/unknown,DISREGARD SIGNAL/REG SIGN,39.16321855,-86.53482941
4,4,900.0,2-Car,No injury/unknown,IMPROPER TURNING,39.163216,-86.519024
2,5,2100.0,3+ Cars,No injury/unknown,,39.16320394,-86.51793857
12,7,1800.0,2-Car,No injury/unknown,,39.16320158,-86.51772583
8,6,1500.0,2-Car,No injury/unknown,FOLLOWING TOO CLOSELY,39.16320099,-86.51767264
4,2,2200.0,1-Car,No injury/unknown,OTHER (DRIVER) - EXPLAIN IN NARRATIVE,39.16320099,-86.51767264
5,7,1100.0,2-Car,No injury/unknown,CELL PHONE USAGE,39.1632,-86.517584
12,5,1800.0,2-Car,No injury/unknown,FOLLOWING TOO CLOSELY,39.1632,-86.517584
5,5,1700.0,2-Car,No injury/unknown,,39.1632,-86.517584
8,2,1700.0,2-Car,No injury/unknown,FAILURE TO YIELD RIGHT OF WAY,39.1632,-86.517584
7,6,1400.0,2-Car,No injury/unknown,FAILURE TO YIELD RIGHT OF WAY,39.1632,-86.517584
4,3,1500.0,2-Car,No injury/unknown,,39.1632,-86.517584
7,7,900.0,2-Car,No injury/unknown,OTHER (DRIVER) - EXPLAIN IN NARRATIVE,39.1632,-86.517584
7,4,1500.0,2-Car,No injury/unknown,FAILURE TO YIELD RIGHT OF WAY,39.163199,-86.527894
11,3,1500.0,2-Car,Non-incapacitating,FOLLOWING TOO CLOSELY,39.16319764,-86.5174954
11,2,2300.0,2-Car,No injury/unknown,DISREGARD SIGNAL/REG SIGN,39.163168,-86.516384
6,3,1000.0,2-Car,No injury/unknown,OTHER (ENVIRONMENTAL) - EXPLAIN IN NARR,39.163168,-86.516384
5,6,,2-Car,No injury/unknown,DISREGARD SIGNAL/REG SIGN,39.163168,-86.516384
8,1,1600.0,2-Car,Non-incapacitating,DISREGARD SIGNAL/REG SIGN,39.163168,-86.516384
9,1,1700.0,2-Car,No injury/unknown,IMPROPER TURNING,39.163168,-86.516384
9,7,1500.0,2-Car,No injury/unknown,FAILURE TO YIELD RIGHT OF WAY,39.163168,-86.516384
12,1,1600.0,2-Car,No injury/unknown,DISREGARD SIGNAL/REG SIGN,39.163168,-86.516384
12,5,2000.0,2-Car,No injury/unknown,FOLLOWING TOO CLOSELY,39.16316707,-86.51631309
11,7,1300.0,2-Car,No injury/unknown,OTHER (DRIVER) - EXPLAIN IN NARRATIVE,39.16316622,-86.58997344
3,7,1900.0,2-Car,No injury/unknown,IMPROPER LANE USAGE,39.163152,-86.515168
1,3,1400.0,2-Car,Non-incapacitating,FAILURE TO YIELD RIGHT OF WAY,39.163152,-86.515168
3,3,1900.0,1-Car,No injury/unknown,ROADWAY SURFACE CONDITION,39.163152,-86.515168
10,7,900.0,2-Car,No injury/unknown,ROADWAY SURFACE CONDITION,39.163136,-86.514096
6,2,1200.0,2-Car,No injury/unknown,FAILURE TO YIELD RIGHT OF WAY,39.163136,-86.514096
1,6,2300.0,1-Car,No injury/unknown,ROADWAY SURFACE CONDITION,39.16312,-86.513088
3,7,1400.0,1-Car,No injury/unknown,OTHER (DRIVER) - EXPLAIN IN NARRATIVE,39.163104,-86.512096
2,7,1900.0,1-Car,No injury/unknown,ROADWAY SURFACE CONDITION,39.163104,-86.512096
4,5,,2-Car,No injury/unknown,OTHER (ENVIRONMENTAL) - EXPLAIN IN NARR,39.1631,-86.525322
4,6,1600.0,2-Car,No injury/unknown,OTHER (DRIVER) - EXPLAIN IN NARRATIVE,39.1631,-86.523994
7,7,900.0,2-Car,No injury/unknown,IMPROPER LANE USAGE,39.1631,-86.5258996
9,7,0.0,2-Car,No injury/unknown,FAILURE TO YIELD RIGHT OF WAY,39.1631,-86.52594026
2,7,1900.0,1-Car,No injury/unknown,RAN OFF ROAD LEFT,39.163088,-86.510912
1,6,2300.0,1-Car,No injury/unknown,ROADWAY SURFACE CONDITION,39.16308541,-86.51069926
12,7,1100.0,2-Car,No injury/unknown,OTHER (DRIVER) - EXPLAIN IN NARRATIVE,39.16308152,-86.51038016