Month,Day,Hour,Collision Type,Injury Type,Primary Factor,Latitude,Longitude
10,1,1400.0,2-Car,No injury/unknown,OTHER (DRIVER) - EXPLAIN IN NARRATIVE,39.16308109,-86.514096
1,6,1400.0,2-Car,No injury/unknown,ROADWAY SURFACE CONDITION,39.163056,-86.490752
12,2,1400.0,2-Car,No injury/unknown,,39.163056,-86.490752
11,4,1100.0,1-Car,No injury/unknown,RAN OFF ROAD RIGHT,39.163056,-86.490752
12,6,1600.0,2-Car,Non-incapacitating,FAILURE TO YIELD RIGHT OF WAY,39.163056,-86.490752
12,3,,2-Car,No injury/unknown,OTHER (VEHICLE) - EXPLAIN IN NARRATIVE,39.163056,-86.490752
12,6,800.0,2-Car,No injury/unknown,OTHER (VEHICLE) - EXPLAIN IN NARRATIVE,39.163056,-86.490752
6,6,,2-Car,No injury/unknown,,39.163056,-86.490752
7,5,0.0,2-Car,No injury/unknown,UNSAFE BACKING,39.163056,-86.490752
2,1,1500.0,2-Car,No injury/unknown,OTHER (DRIVER) - EXPLAIN IN NARRATIVE,39.163056,-86.490752
6,6,,2-Car,No injury/unknown,IMPROPER TURNING,39.163056,-86.490752
12,2,1500.0,2-Car,No injury/unknown,UNSAFE BACKING,39.163056,-86.490752
11,3,1300.0,1-Car,No injury/unknown,OTHER (DRIVER) - EXPLAIN IN NARRATIVE,39.16304,-86.508288
5,7,400.0,2-Car,No injury/unknown,ALCOHOLIC BEVERAGES,39.16304,-86.508288
3,4,1900.0,2-Car,No injury/unknown,FAILURE TO YIELD RIGHT OF WAY,39.16304,-86.508288
10,6,900.0,1-Car,No injury/unknown,RAN OFF ROAD RIGHT,39.16303544,-86.4153416
5,5,1600.0,1-Car,Non-incapacitating,IMPROPER TURNING,39.16302654,-86.516399
6,6,,2-Car,No injury/unknown,OTHER (ENVIRONMENTAL) - EXPLAIN IN NARR,39.16300547,-86.52258778
11,5,1500.0,2-Car,No injury/unknown,FAILURE TO YIELD RIGHT OF WAY,39.16300455,-86.49075388
3,7,1900.0,2-Car,Non-incapacitating,DISREGARD SIGNAL/REG SIGN,39.163,-86.497996
1,7,200.0,2-Car,Non-incapacitating,DRIVER ASLEEP OR FATIGUED,39.16298748,-86.43664312
12,2,1100.0,2-Car,No injury/unknown,IMPROPER TURNING,39.162944,-86.534832
6,3,1300.0,2-Car,No injury/unknown,RAN OFF ROAD LEFT,39.16293576,-86.53483209
1,6,1100.0,2-Car,No injury/unknown,IMPROPER TURNING,39.162928,-86.498112
5,2,1800.0,2-Car,No injury/unknown,OTHER (DRIVER) - EXPLAIN IN NARRATIVE,39.162928,-86.498112
1,1,1400.0,2-Car,No injury/unknown,FAILURE TO YIELD RIGHT OF WAY,39.162928,-86.498112
3,3,700.0,1-Car,Fatal,UNSAFE SPEED,39.162928,-86.498112
2,3,1600.0,3+ Cars,No injury/unknown,FAILURE TO YIELD RIGHT OF WAY,39.16289347,-86.51637927
12,4,1800.0,2-Car,No injury/unknown,,39.16289347,-86.51637927
2,4,1500.0,2-Car,Non-incapacitating,FOLLOWING TOO CLOSELY,39.16288909,-86.53483258
5,4,1600.0,2-Car,No injury/unknown,FAILURE TO YIELD RIGHT OF WAY,39.162864,-86.414432
4,2,1100.0,2-Car,Non-incapacitating,,39.162848,-86.52882553
1,3,1700.0,3+ Cars,No injury/unknown,DISREGARD SIGNAL/REG SIGN,39.162848,-86.5284
2,3,1600.0,2-Car,Non-incapacitating,DISREGARD SIGNAL/REG SIGN,39.162848,-86.5284
2,4,1000.0,2-Car,No injury/unknown,FAILURE TO YIELD RIGHT OF WAY,39.162848,-86.5284
11,2,1100.0,2-Car,No injury/unknown,IMPROPER TURNING,39.162848,-86.527184
4,4,,2-Car,No injury/unknown,VIEW OBSTRUCTED,39.162848,-86.5284
8,7,1700.0,2-Car,Incapacitating,FAILURE TO YIELD RIGHT OF WAY,39.162848,-86.5284
12,7,1200.0,2-Car,No injury/unknown,FAILURE TO YIELD RIGHT OF WAY,39.162848,-86.5284
11,6,2100.0,2-Car,Non-incapacitating,FAILURE TO YIELD RIGHT OF WAY,39.162715,-86.497952
12,2,2300.0,3+ Cars,Non-incapacitating,ALCOHOLIC BEVERAGES,39.16266946,-86.53483492
4,7,1200.0,2-Car,No injury/unknown,FAILURE TO YIELD RIGHT OF WAY,39.16265734,-86.582995
7,3,1400.0,2-Car,No injury/unknown,IMPROPER PASSING,39.162656,-86.413296
6,6,1200.0,1-Car,No injury/unknown,ANIMAL/OBJECT IN ROADWAY,39.162656,-86.413296
1,5,1700.0,2-Car,No injury/unknown,UNSAFE BACKING,39.16241698,-86.52836571
11,6,1600.0,2-Car,No injury/unknown,FOLLOWING TOO CLOSELY,39.162399,-86.538699
8,6,1200.0,3+ Cars,No injury/unknown,FOLLOWING TOO CLOSELY,39.16231763,-86.538592
1,4,800.0,2-Car,Non-incapacitating,FAILURE TO YIELD RIGHT OF WAY,39.16224,-86.516368
2,1,1900.0,2-Car,No injury/unknown,OTHER (DRIVER) - EXPLAIN IN NARRATIVE,39.16224,-86.522576
9,2,1100.0,2-Car,No injury/unknown,FAILURE TO YIELD RIGHT OF WAY,39.16224,-86.516368
10,4,1100.0,2-Car,No injury/unknown,FAILURE TO YIELD RIGHT OF WAY,39.16224,-86.522576
4,6,900.0,2-Car,No injury/unknown,UNSAFE BACKING,39.16224,-86.522576
4,6,100.0,Moped/Motorcycle,Non-incapacitating,FAILURE TO YIELD RIGHT OF WAY,39.16224,-86.516368
11,6,2000.0,2-Car,No injury/unknown,IMPROPER TURNING,39.16223127,-86.49796591
9,1,1800.0,2-Car,No injury/unknown,UNSAFE BACKING,39.1622286,-86.516399
11,5,800.0,2-Car,No injury/unknown,OTHER (DRIVER) - EXPLAIN IN NARRATIVE,39.1622227,-86.509872
10,6,1800.0,1-Car,Non-incapacitating,FAILURE TO YIELD RIGHT OF WAY,39.1622,-86.525896
4,3,1900.0,2-Car,No injury/unknown,OTHER (DRIVER) - EXPLAIN IN NARRATIVE,39.1622,-86.52589816
11,3,1400.0,2-Car,No injury/unknown,ROADWAY SURFACE CONDITION,39.1622,-86.518967
11,3,1400.0,2-Car,No injury/unknown,OTHER TELEMATICS IN USE,39.1622,-86.518967
10,4,700.0,1-Car,Non-incapacitating,RAN OFF ROAD RIGHT,39.16215594,-86.533397
11,7,200.0,3+ Cars,No injury/unknown,ALCOHOLIC BEVERAGES,39.1621547,-86.526984
9,2,1500.0,Bus,No injury/unknown,OTHER (DRIVER) - EXPLAIN IN NARRATIVE,39.16206955,-86.522576
10,2,1700.0,Moped/Motorcycle,Incapacitating,FAILURE TO YIELD RIGHT OF WAY,39.162048,-86.56
12,3,800.0,1-Car,Non-incapacitating,PRESCRIPTION DRUGS,39.16200702,-86.57316607
5,2,1500.0,2-Car,No injury/unknown,,39.161936,-86.497904
2,4,1400.0,2-Car,No injury/unknown,FAILURE TO YIELD RIGHT OF WAY,39.161648,-86.546128
2,7,1000.0,2-Car,No injury/unknown,OTHER (DRIVER) - EXPLAIN IN NARRATIVE,39.161648,-86.546128
7,5,1500.0,2-Car,No injury/unknown,FOLLOWING TOO CLOSELY,39.161648,-86.546128
6,3,1000.0,2-Car,No injury/unknown,FOLLOWING TOO CLOSELY,39.161648,-86.546128
5,5,1000.0,2-Car,Non-incapacitating,DISREGARD SIGNAL/REG SIGN,39.161648,-86.546128
5,5,800.0,2-Car,Non-incapacitating,,39.161648,-86.546128
11,5,700.0,2-Car,No injury/unknown,FOLLOWING TOO CLOSELY,39.161648,-86.546128
9,6,1700.0,3+ Cars,Incapacitating,FOLLOWING TOO CLOSELY,39.16156895,-86.54213144
2,7,2300.0,2-Car,Non-incapacitating,DISREGARD SIGNAL/REG SIGN,39.16152,-86.538592
1,3,1700.0,3+ Cars,No injury/unknown,OTHER (DRIVER) - EXPLAIN IN NARRATIVE,39.16152,-86.538592
11,5,200.0,2-Car,No injury/unknown,UNSAFE BACKING,39.16152,-86.538592
11,5,600.0,2-Car,No injury/unknown,UNSAFE SPEED,39.16152,-86.538592
11,1,1300.0,2-Car,Non-incapacitating,FOLLOWING TOO CLOSELY,39.16152,-86.538592
5,5,1400.0,2-Car,No injury/unknown,DISREGARD SIGNAL/REG SIGN,39.16152,-86.538592
5,4,900.0,2-Car,No injury/unknown,BRAKE FAILURE OR DEFECTIVE,39.16152,-86.538592
5,6,1200.0,1-Car,No injury/unknown,ACCELERATOR FAILURE OR DEFECTIVE,39.16152,-86.538592
7,1,1200.0,2-Car,Non-incapacitating,DISREGARD SIGNAL/REG SIGN,39.16152,-86.538592
8,6,1500.0,2-Car,No injury/unknown,FAILURE TO YIELD RIGHT OF WAY,39.16152,-86.538592
2,4,1500.0,2-Car,No injury/unknown,FOLLOWING TOO CLOSELY,39.16152,-86.538592
4,2,2200.0,2-Car,No injury/unknown,DISREGARD SIGNAL/REG SIGN,39.16152,-86.538592
3,7,1100.0,2-Car,No injury/unknown,FOLLOWING TOO CLOSELY,39.16152,-86.538592
6,6,2000.0,2-Car,Non-incapacitating,FOLLOWING TOO CLOSELY,39.16152,-86.538592
9,5,1300.0,2-Car,No injury/unknown,FOLLOWING TOO CLOSELY,39.16152,-86.538592
11,7,1500.0,2-Car,No injury/unknown,BRAKE FAILURE OR DEFECTIVE,39.161488,-86.537296
11,4,1400.0,2-Car,No injury/unknown,FOLLOWING TOO CLOSELY,39.16147308,-86.53631091
12,5,700.0,3+ Cars,Non-incapacitating,OTHER (DRIVER) - EXPLAIN IN NARRATIVE,39.161472,-86.53624
8,4,1200.0,2-Car,No injury/unknown,FOLLOWING TOO CLOSELY,39.161472,-86.53624
9,3,1700.0,2-Car,No injury/unknown,FOLLOWING TOO CLOSELY,39.161472,-86.53624
9,3,1700.0,2-Car,No injury/unknown,FOLLOWING TOO CLOSELY,39.161472,-86.53624
9,6,1600.0,2-Car,No injury/unknown,FOLLOWING TOO CLOSELY,39.161472,-86.53624
7,3,1300.0,2-Car,No injury/unknown,FOLLOWING TOO CLOSELY,39.16146745,-86.53484771
6,3,1700.0,2-Car,Non-incapacitating,FOLLOWING TOO CLOSELY,39.16144985,-86.53520237
9,2,1100.0,2-Car,No injury/unknown,IMPROPER TURNING,39.16144738,-86.53511378
10,2,1300.0,2-Car,No injury/unknown,OVERCORRECTING/OVERSTEERING,39.16144727,-86.53510982
3,4,1100.0,2-Car,No injury/unknown,,39.16144148,-86.53490116
1,4,900.0,2-Car,No injury/unknown,OTHER (DRIVER) - EXPLAIN IN NARRATIVE,39.16144,-86.52405838
9,7,300.0,2-Car,No injury/unknown,OTHER (DRIVER) - EXPLAIN IN NARRATIVE,39.16144,-86.5261946
8,7,100.0,2-Car,No injury/unknown,,39.16144,-86.53132195
10,4,2300.0,2-Car,No injury/unknown,DISREGARD SIGNAL/REG SIGN,39.16144,-86.534848
1,5,1800.0,Bus,Non-incapacitating,FAILURE TO YIELD RIGHT OF WAY,39.16144,-86.5344934
3,5,2000.0,2-Car,No injury/unknown,FAILURE TO YIELD RIGHT OF WAY,39.16144,-86.5336
2,4,1900.0,2-Car,No injury/unknown,DISREGARD SIGNAL/REG SIGN,39.16144,-86.52976
2,5,,2-Car,No injury/unknown,,39.16144,-86.528288
3,3,1100.0,2-Car,No injury/unknown,FAILURE TO YIELD RIGHT OF WAY,39.16144,-86.531056
2,1,,2-Car,No injury/unknown,FAILURE TO YIELD RIGHT OF WAY,39.16144,-86.5336
2,2,1900.0,2-Car,No injury/unknown,FAILURE TO YIELD RIGHT OF WAY,39.16144,-86.5324
12,6,1900.0,1-Car,Non-incapacitating,PEDESTRIAN ACTION,39.16144,-86.53247092
11,2,1100.0,3+ Cars,No injury/unknown,OTHER (DRIVER) - EXPLAIN IN NARRATIVE,39.16144,-86.534848
11,3,1400.0,3+ Cars,No injury/unknown,FAILURE TO YIELD RIGHT OF WAY,39.16144,-86.527152
10,6,800.0,2-Car,No injury/unknown,UNSAFE BACKING,39.16144,-86.5253391
10,7,1400.0,2-Car,No injury/unknown,FOLLOWING TOO CLOSELY,39.16144,-86.523952
12,5,900.0,3+ Cars,No injury/unknown,FAILURE TO YIELD RIGHT OF WAY,39.16144,-86.531056
8,6,1500.0,3+ Cars,No injury/unknown,FOLLOWING TOO CLOSELY,39.16144,-86.5336
8,3,1700.0,3+ Cars,Non-incapacitating,FOLLOWING TOO CLOSELY,39.16144,-86.534848
9,2,1500.0,2-Car,No injury/unknown,FOLLOWING TOO CLOSELY,39.16144,-86.534848
4,3,900.0,1-Car,No injury/unknown,UNSAFE BACKING,39.16144,-86.5336
11,2,1000.0,2-Car,No injury/unknown,OTHER (DRIVER) - EXPLAIN IN NARRATIVE,39.16144,-86.5336
6,2,,2-Car,Non-incapacitating,OTHER (DRIVER) - EXPLAIN IN NARRATIVE,39.16144,-86.527152
9,5,800.0,2-Car,No injury/unknown,UNSAFE BACKING,39.16144,-86.5324
7,6,,2-Car,No injury/unknown,OTHER (DRIVER) - EXPLAIN IN NARRATIVE,39.16144,-86.5324
6,6,1200.0,2-Car,No injury/unknown,OTHER (ENVIRONMENTAL) - EXPLAIN IN NARR,39.16144,-86.5336
6,6,1800.0,2-Car,No injury/unknown,DISREGARD SIGNAL/REG SIGN,39.16144,-86.534848
6,6,1600.0,2-Car,No injury/unknown,DISREGARD SIGNAL/REG SIGN,39.16144,-86.534848
8,7,2200.0,1-Car,No injury/unknown,OVERCORRECTING/OVERSTEERING,39.16144,-86.523952
6,5,1500.0,2-Car,No injury/unknown,FAILURE TO YIELD RIGHT OF WAY,39.16144,-86.531056
8,2,1500.0,3+ Cars,No injury/unknown,FOLLOWING TOO CLOSELY,39.16144,-86.534848
3,6,2100.0,2-Car,No injury/unknown,FAILURE TO YIELD RIGHT OF WAY,39.16144,-86.534848
2,4,1200.0,2-Car,Non-incapacitating,FAILURE TO YIELD RIGHT OF WAY,39.16144,-86.531056
2,6,1800.0,2-Car,No injury/unknown,,39.16144,-86.52691102
4,7,500.0,2-Car,Non-incapacitating,FAILURE TO YIELD RIGHT OF WAY,39.16144,-86.5324
5,4,1400.0,2-Car,No injury/unknown,FAILURE TO YIELD RIGHT OF WAY,39.16144,-86.531056
3,6,1700.0,2-Car,No injury/unknown,FAILURE TO YIELD RIGHT OF WAY,39.16144,-86.531056
4,7,2200.0,1-Car,Non-incapacitating,,39.16144,-86.53084441
10,2,1700.0,1-Car,Non-incapacitating,VIEW OBSTRUCTED,39.16144,-86.533
2,2,700.0,2-Car,No injury/unknown,ROADWAY SURFACE CONDITION,39.16144,-86.52709845
6,6,2300.0,2-Car,Non-incapacitating,FAILURE TO YIELD RIGHT OF WAY,39.16144,-86.52976
8,6,1300.0,2-Car,No injury/unknown,FAILURE TO YIELD RIGHT OF WAY,39.16144,-86.5324
9,2,500.0,3+ Cars,No injury/unknown,RAN OFF ROAD RIGHT,39.16144,-86.527152
10,3,700.0,2-Car,No injury/unknown,UNSAFE SPEED,39.16144,-86.523952
11,4,2000.0,2-Car,No injury/unknown,FAILURE TO YIELD RIGHT OF WAY,39.16144,-86.534848
6,7,1200.0,3+ Cars,No injury/unknown,LEFT OF CENTER,39.16140529,-86.53867956
1,5,1600.0,2-Car,No injury/unknown,DISREGARD SIGNAL/REG SIGN,39.1614,-86.546198
7,3,1300.0,2-Car,No injury/unknown,FOLLOWING TOO CLOSELY,39.1614,-86.546198
11,3,1300.0,2-Car,No injury/unknown,FOLLOWING TOO CLOSELY,39.1614,-86.54619367
10,7,2000.0,1-Car,No injury/unknown,RAN OFF ROAD RIGHT,39.1614,-86.54619973
11,5,1600.0,2-Car,No injury/unknown,ALCOHOLIC BEVERAGES,39.1614,-86.546198
9,2,1100.0,2-Car,Non-incapacitating,OTHER (DRIVER) - EXPLAIN IN NARRATIVE,39.1614,-86.54338935
9,7,1900.0,2-Car,No injury/unknown,ALCOHOLIC BEVERAGES,39.1614,-86.5461967
5,4,1400.0,2-Car,No injury/unknown,FOLLOWING TOO CLOSELY,39.1614,-86.546198
9,3,700.0,2-Car,No injury/unknown,FAILURE TO YIELD RIGHT OF WAY,39.1614,-86.54618502
2,2,1100.0,1-Car,No injury/unknown,ROADWAY SURFACE CONDITION,39.1614,-86.539881
5,6,700.0,2-Car,No injury/unknown,OTHER (DRIVER) - EXPLAIN IN NARRATIVE,39.1614,-86.54621531
6,3,1500.0,2-Car,No injury/unknown,,39.1614,-86.533523
6,5,500.0,2-Car,No injury/unknown,FAILURE TO YIELD RIGHT OF WAY,39.1614,-86.546198
8,5,1700.0,3+ Cars,Non-incapacitating,FOLLOWING TOO CLOSELY,39.1614,-86.53737404
11,3,1100.0,2-Car,No injury/unknown,FOLLOWING TOO CLOSELY,39.1614,-86.54620103
2,5,2200.0,2-Car,Non-incapacitating,OTHER (DRIVER) - EXPLAIN IN NARRATIVE,39.16138528,-86.587792
6,4,1300.0,2-Car,No injury/unknown,FAILURE TO YIELD RIGHT OF WAY,39.161344,-86.591872
6,5,900.0,Bus,No injury/unknown,UNSAFE BACKING,39.16134008,-86.52378351
11,2,1500.0,2-Car,No injury/unknown,UNSAFE BACKING,39.16131879,-86.53484994
9,7,1600.0,2-Car,No injury/unknown,DISREGARD SIGNAL/REG SIGN,39.161312,-86.522576
6,7,300.0,2-Car,No injury/unknown,OVERCORRECTING/OVERSTEERING,39.161312,-86.522576
8,6,1800.0,2-Car,Non-incapacitating,DISREGARD SIGNAL/REG SIGN,39.161312,-86.522576
9,4,1000.0,2-Car,No injury/unknown,OTHER (DRIVER) - EXPLAIN IN NARRATIVE,39.16128533,-86.521216
7,2,600.0,2-Car,No injury/unknown,OTHER (DRIVER) - EXPLAIN IN NARRATIVE,39.16125709,-86.52257513
9,2,1000.0,2-Car,No injury/unknown,UNSAFE BACKING,39.16123069,-86.51899592
9,6,700.0,2-Car,No injury/unknown,DISREGARD SIGNAL/REG SIGN,39.161168,-86.516352
3,3,1700.0,2-Car,No injury/unknown,IMPROPER TURNING,39.16115717,-86.53485253
10,1,1200.0,2-Car,No injury/unknown,UNSAFE BACKING,39.16115717,-86.53485253
8,6,1500.0,2-Car,No injury/unknown,FAILURE TO YIELD RIGHT OF WAY,39.1611,-86.52353435
4,6,1300.0,2-Car,No injury/unknown,FOLLOWING TOO CLOSELY,39.1611,-86.523994
10,3,1800.0,2-Car,Non-incapacitating,FOLLOWING TOO CLOSELY,39.161088,-86.512592
9,6,2100.0,2-Car,No injury/unknown,IMPROPER PASSING,39.161088,-86.512592
3,1,1300.0,2-Car,No injury/unknown,FAILURE TO YIELD RIGHT OF WAY,39.16104,-86.5108
6,5,1800.0,2-Car,No injury/unknown,FOLLOWING TOO CLOSELY,39.161,-86.5120976
12,4,1200.0,2-Car,No injury/unknown,FAILURE TO YIELD RIGHT OF WAY,39.16094401,-86.4980506
2,7,1100.0,2-Car,No injury/unknown,LEFT OF CENTER,39.160944,-86.49969164
2,6,900.0,3+ Cars,No injury/unknown,VIEW OBSTRUCTED,39.160944,-86.49950158
10,5,2100.0,2-Car,Non-incapacitating,FAILURE TO YIELD RIGHT OF WAY,39.160944,-86.5024
12,6,1900.0,2-Car,No injury/unknown,FAILURE TO YIELD RIGHT OF WAY,39.160944,-86.497696
11,4,1000.0,1-Car,No injury/unknown,UNSAFE SPEED,39.160944,-86.508288
12,5,1200.0,2-Car,No injury/unknown,FAILURE TO YIELD RIGHT OF WAY,39.160944,-86.5024
5,2,1200.0,2-Car,Non-incapacitating,FOLLOWING TOO CLOSELY,39.160944,-86.497696
9,2,2100.0,2-Car,No injury/unknown,FAILURE TO YIELD RIGHT OF WAY,39.160944,-86.497696
9,3,2200.0,2-Car,No injury/unknown,UNSAFE BACKING,39.160944,-86.50192485
9,7,2300.0,2-Car,No injury/unknown,CELL PHONE USAGE,39.160944,-86.497696
6,2,800.0,2-Car,Non-incapacitating,FAILURE TO YIELD RIGHT OF WAY,39.160944,-86.497696
6,2,1200.0,2-Car,No injury/unknown,FOLLOWING TOO CLOSELY,39.160944,-86.497696
9,2,1000.0,2-Car,No injury/unknown,FAILURE TO YIELD RIGHT OF WAY,39.160944,-86.497696
3,5,800.0,1-Car,No injury/unknown,,39.160944,-86.508288
12,2,1600.0,2-Car,No injury/unknown,FOLLOWING TOO CLOSELY,39.160944,-86.508288
12,7,1800.0,2-Car,Non-incapacitating,ROADWAY SURFACE CONDITION,39.160944,-86.508288
12,7,1800.0,2-Car,No injury/unknown,ROADWAY SURFACE CONDITION,39.160944,-86.508288
10,5,1100.0,2-Car,No injury/unknown,UNSAFE BACKING,39.1609,-86.505778
8,5,1200.0,2-Car,Non-incapacitating,FAILURE TO YIELD RIGHT OF WAY,39.1609,-86.50578202
10,7,2100.0,2-Car,No injury/unknown,FAILURE TO YIELD RIGHT OF WAY,39.16089094,-86.53485679
10,4,2200.0,2-Car,No injury/unknown,FAILURE TO YIELD RIGHT OF WAY,39.16088911,-86.49769789
12,6,1300.0,2-Car,No injury/unknown,UNSAFE BACKING,39.160886,-86.497701
12,5,1100.0,2-Car,No injury/unknown,UNSAFE BACKING,39.160886,-86.497701
6,7,2100.0,1-Car,No injury/unknown,UNSAFE SPEED,39.16087676,-86.538592
12,5,1800.0,2-Car,No injury/unknown,FAILURE TO YIELD RIGHT OF WAY,39.16073816,-86.4977031
11,5,2000.0,2-Car,No injury/unknown,FAILURE TO YIELD RIGHT OF WAY,39.16069699,-86.49770452
7,7,1600.0,1-Car,No injury/unknown,OTHER (ENVIRONMENTAL) - EXPLAIN IN NARR,39.160544,-86.5508
11,7,1600.0,2-Car,No injury/unknown,UNSAFE BACKING,39.1604299,-86.53486416
12,7,1900.0,2-Car,No injury/unknown,ROADWAY SURFACE CONDITION,39.160352,-86.531072
6,2,1000.0,2-Car,No injury/unknown,UNSAFE BACKING,39.160352,-86.546048
1,4,2000.0,3+ Cars,No injury/unknown,ROADWAY SURFACE CONDITION,39.160352,-86.531072
7,1,1900.0,2-Car,No injury/unknown,FAILURE TO YIELD RIGHT OF WAY,39.160352,-86.531072
12,2,1600.0,2-Car,No injury/unknown,UNSAFE BACKING,39.160352,-86.546048
11,5,,2-Car,No injury/unknown,OTHER (DRIVER) - EXPLAIN IN NARRATIVE,39.16032,-86.527136
8,6,1400.0,1-Car,No injury/unknown,RAN OFF ROAD RIGHT,39.16029613,-86.575895
5,6,1200.0,2-Car,No injury/unknown,OTHER (ENVIRONMENTAL) - EXPLAIN IN NARR,39.160272,-86.51749362
2,2,1700.0,2-Car,No injury/unknown,FAILURE TO YIELD RIGHT OF WAY,39.160272,-86.516336
10,7,1400.0,2-Car,No injury/unknown,IMPROPER TURNING,39.160272,-86.516336
10,1,1500.0,2-Car,No injury/unknown,DISREGARD SIGNAL/REG SIGN,39.160272,-86.516336
12,2,100.0,2-Car,No injury/unknown,,39.16022163,-86.52256
7,4,1300.0,1-Car,No injury/unknown,UNSAFE SPEED,39.160199,-86.50197005
10,4,700.0,2-Car,No injury/unknown,IMPROPER TURNING,39.16009741,-86.57320781
12,3,1600.0,2-Car,No injury/unknown,FAILURE TO YIELD RIGHT OF WAY,39.15994021,-86.55379641
9,3,1200.0,2-Car,No injury/unknown,IMPROPER TURNING,39.1598518,-86.53487341
11,6,800.0,2-Car,Non-incapacitating,FAILURE TO YIELD RIGHT OF WAY,39.15983346,-86.538592
5,2,1700.0,3+ Cars,No injury/unknown,OTHER (DRIVER) - EXPLAIN IN NARRATIVE,39.15965945,-86.59171079
12,5,800.0,1-Car,No injury/unknown,UNSAFE SPEED,39.159648,-86.546
1,2,1500.0,2-Car,No injury/unknown,FAILURE TO YIELD RIGHT OF WAY,39.1596,-86.543392
2,5,1100.0,2-Car,No injury/unknown,FAILURE TO YIELD RIGHT OF WAY,39.15958609,-86.5426684
6,3,1200.0,2-Car,No injury/unknown,FAILURE TO YIELD RIGHT OF WAY,39.15957727,-86.5348778
9,7,,2-Car,No injury/unknown,,39.15956364,-86.52256
1,2,1400.0,2-Car,Non-incapacitating,DISREGARD SIGNAL/REG SIGN,39.159504,-86.538592
12,5,1300.0,2-Car,Non-incapacitating,FOLLOWING TOO CLOSELY,39.159504,-86.538592
11,3,1900.0,1-Car,Non-incapacitating,PEDESTRIAN ACTION,39.15949911,-86.53823747
3,3,1600.0,2-Car,No injury/unknown,OTHER (DRIVER) - EXPLAIN IN NARRATIVE,39.15947592,-86.53655608
3,7,0.0,2-Car,No injury/unknown,DISREGARD SIGNAL/REG SIGN,39.159472,-86.536272
11,4,1100.0,2-Car,No injury/unknown,OTHER (DRIVER) - EXPLAIN IN NARRATIVE,39.15944,-86.53488
2,6,400.0,1-Car,Non-incapacitating,ALCOHOLIC BEVERAGES,39.15944,-86.53488
5,6,1100.0,2-Car,No injury/unknown,DISREGARD SIGNAL/REG SIGN,39.15944,-86.53488
10,6,1400.0,2-Car,Non-incapacitating,DISREGARD SIGNAL/REG SIGN,39.15944,-86.53488
10,7,1900.0,2-Car,No injury/unknown,OTHER (DRIVER) - EXPLAIN IN NARRATIVE,39.15942637,-86.52256
9,5,1400.0,2-Car,No injury/unknown,UNSAFE SPEED,39.15942345,-86.55532429
11,2,100.0,3+ Cars,No injury/unknown,,39.15934401,-86.52080518
3,2,1300.0,2-Car,No injury/unknown,FAILURE TO YIELD RIGHT OF WAY,39.159344,-86.520096
9,3,1700.0,2-Car,No injury/unknown,OTHER (DRIVER) - EXPLAIN IN NARRATIVE,39.159344,-86.5324
11,2,100.0,2-Car,No injury/unknown,OTHER (DRIVER) - EXPLAIN IN NARRATIVE,39.159344,-86.52256
11,3,900.0,2-Car,No injury/unknown,OTHER (DRIVER) - EXPLAIN IN NARRATIVE,39.159344,-86.52689078
11,3,2200.0,2-Car,No injury/unknown,FAILURE TO YIELD RIGHT OF WAY,39.159344,-86.525872
11,6,1600.0,2-Car,Non-incapacitating,FAILURE TO YIELD RIGHT OF WAY,39.159344,-86.529792
5,4,1500.0,2-Car,No injury/unknown,FAILURE TO YIELD RIGHT OF WAY,39.159344,-86.52712
5,4,2300.0,2-Car,No injury/unknown,UNSAFE BACKING,39.159344,-86.53074416
6,6,2000.0,2-Car,No injury/unknown,IMPROPER TURNING,39.159344,-86.52712
1,6,2000.0,2-Car,No injury/unknown,OTHER (ENVIRONMENTAL) - EXPLAIN IN NARR,39.159344,-86.53247092
6,6,1400.0,2-Car,No injury/unknown,FAILURE TO YIELD RIGHT OF WAY,39.159344,-86.520096
10,4,1500.0,2-Car,No injury/unknown,DISREGARD SIGNAL/REG SIGN,39.159344,-86.52256
1,2,900.0,2-Car,No injury/unknown,GLARE,39.15931004,-86.538592
3,2,1600.0,2-Car,No injury/unknown,UNSAFE BACKING,39.15930842,-86.51916302
1,5,2300.0,2-Car,No injury/unknown,FAILURE TO YIELD RIGHT OF WAY,39.1593,-86.529896
10,6,1700.0,2-Car,No injury/unknown,FAILURE TO YIELD RIGHT OF WAY,39.159299,-86.531299
10,5,1500.0,2-Car,Non-incapacitating,FAILURE TO YIELD RIGHT OF WAY,39.159246,-86.494051
7,3,1200.0,2-Car,No injury/unknown,UNSAFE BACKING,39.159185,-86.545995
1,2,1500.0,2-Car,No injury/unknown,FOLLOWING TOO CLOSELY,39.15897345,-86.508288
6,4,1900.0,2-Car,No injury/unknown,UNSAFE BACKING,39.15894733,-86.52587651
1,5,1600.0,1-Car,Non-incapacitating,IMPROPER PASSING,39.158856,-86.55593034
4,6,2100.0,2-Car,No injury/unknown,FOLLOWING TOO CLOSELY,39.158848,-86.647104
3,3,1500.0,2-Car,No injury/unknown,VIEW OBSTRUCTED,39.15853673,-86.54075096
3,6,700.0,2-Car,No injury/unknown,OTHER (DRIVER) - EXPLAIN IN NARRATIVE,39.15845164,-86.53868052