Month,Day,Hour,Collision Type,Injury Type,Primary Factor,Latitude,Longitude
8,5,1600.0,2-Car,No injury/unknown,FAILURE TO YIELD RIGHT OF WAY,39.158448,-86.531088
8,1,1200.0,3+ Cars,Non-incapacitating,FAILURE TO YIELD RIGHT OF WAY,39.158448,-86.531088
5,4,1300.0,2-Car,No injury/unknown,FAILURE TO YIELD RIGHT OF WAY,39.158448,-86.5324
5,2,2300.0,2-Car,No injury/unknown,UNSAFE BACKING,39.158448,-86.53301225
1,4,1400.0,2-Car,No injury/unknown,FAILURE TO YIELD RIGHT OF WAY,39.158448,-86.5324
1,6,1500.0,1-Car,Non-incapacitating,RAN OFF ROAD RIGHT,39.158448,-86.5324
1,7,100.0,2-Car,No injury/unknown,FAILURE TO YIELD RIGHT OF WAY,39.158448,-86.531088
3,3,1400.0,Bus,No injury/unknown,UNSAFE BACKING,39.15841035,-86.54481124
11,4,1300.0,1-Car,No injury/unknown,OTHER (DRIVER) - EXPLAIN IN NARRATIVE,39.15841035,-86.54481124
2,5,1500.0,3+ Cars,Incapacitating,FAILURE TO YIELD RIGHT OF WAY,39.158399,-86.532399
3,4,1400.0,2-Car,No injury/unknown,FAILURE TO YIELD RIGHT OF WAY,39.158299,-86.496099
10,3,2200.0,2-Car,No injury/unknown,IMPROPER TURNING,39.158299,-86.496099
8,6,1300.0,2-Car,No injury/unknown,FAILURE TO YIELD RIGHT OF WAY,39.15827791,-86.49686837
1,4,900.0,2-Car,No injury/unknown,FOLLOWING TOO CLOSELY,39.15826785,-86.516399
7,2,2100.0,2-Car,No injury/unknown,FAILURE TO YIELD RIGHT OF WAY,39.1582,-86.49689727
7,3,900.0,2-Car,No injury/unknown,UNSAFE BACKING,39.1582,-86.496922
4,4,1400.0,2-Car,No injury/unknown,,39.1582,-86.496899
2,2,900.0,2-Car,No injury/unknown,FAILURE TO YIELD RIGHT OF WAY,39.15816,-86.497792
10,6,1000.0,2-Car,No injury/unknown,UNSAFE BACKING,39.15816,-86.497792
9,3,1100.0,3+ Cars,Non-incapacitating,OTHER (DRIVER) - EXPLAIN IN NARRATIVE,39.15816,-86.497792
8,5,1200.0,2-Car,No injury/unknown,OTHER (DRIVER) - EXPLAIN IN NARRATIVE,39.15816,-86.497792
5,5,1400.0,2-Car,No injury/unknown,UNSAFE BACKING,39.15816,-86.497792
3,4,1100.0,1-Car,No injury/unknown,RAN OFF ROAD LEFT,39.15816,-86.497792
5,3,1200.0,2-Car,Non-incapacitating,FOLLOWING TOO CLOSELY,39.15816,-86.497792
12,6,1300.0,2-Car,No injury/unknown,FAILURE TO YIELD RIGHT OF WAY,39.15816,-86.497792
6,3,1600.0,2-Car,No injury/unknown,DISREGARD SIGNAL/REG SIGN,39.158101,-86.497897
12,3,1700.0,2-Car,No injury/unknown,FOLLOWING TOO CLOSELY,39.157999,-86.55759873
7,6,500.0,2-Car,No injury/unknown,FAILURE TO YIELD RIGHT OF WAY,39.157999,-86.55760566
7,4,800.0,2-Car,Non-incapacitating,FAILURE TO YIELD RIGHT OF WAY,39.157999,-86.557597
8,5,1500.0,2-Car,No injury/unknown,FAILURE TO YIELD RIGHT OF WAY,39.157936,-86.525888
12,3,1100.0,2-Car,No injury/unknown,FAILURE TO YIELD RIGHT OF WAY,39.15789876,-86.582995
12,1,500.0,2-Car,No injury/unknown,FOLLOWING TOO CLOSELY,39.15788553,-86.49780076
2,6,800.0,2-Car,No injury/unknown,FAILURE TO YIELD RIGHT OF WAY,39.15787037,-86.51755233
7,6,1800.0,2-Car,No injury/unknown,FAILURE TO YIELD RIGHT OF WAY,39.157824,-86.5136
8,6,900.0,2-Car,No injury/unknown,DISREGARD SIGNAL/REG SIGN,39.157824,-86.512528
12,3,1300.0,2-Car,No injury/unknown,,39.15781943,-86.58572571
2,7,1200.0,3+ Cars,No injury/unknown,,39.15780307,-86.5827339
7,4,2100.0,1-Car,Non-incapacitating,DRIVER ILLNESS,39.15779505,-86.55983743
9,7,200.0,2-Car,No injury/unknown,OTHER (DRIVER) - EXPLAIN IN NARRATIVE,39.15777853,-86.53109935
12,2,900.0,2-Car,No injury/unknown,UNSAFE BACKING,39.157653,-86.496099
2,3,1100.0,2-Car,No injury/unknown,,39.157616,-86.538592
10,6,1700.0,2-Car,No injury/unknown,FAILURE TO YIELD RIGHT OF WAY,39.157616,-86.538592
10,5,1100.0,2-Car,No injury/unknown,DISREGARD SIGNAL/REG SIGN,39.157616,-86.538592
10,3,1300.0,2-Car,No injury/unknown,PASSENGER DISTRACTION,39.1576,-86.545199
10,7,2200.0,2-Car,No injury/unknown,IMPROPER LANE USAGE,39.15759543,-86.55894204
2,2,900.0,1-Car,No injury/unknown,,39.157584,-86.536288
12,5,700.0,1-Car,No injury/unknown,OTHER (DRIVER) - EXPLAIN IN NARRATIVE,39.157584,-86.53625254
12,7,200.0,2-Car,No injury/unknown,IMPROPER LANE USAGE,39.157568,-86.534896
12,7,500.0,1-Car,No injury/unknown,UNSAFE SPEED,39.157568,-86.534896
4,3,1900.0,1-Car,Non-incapacitating,OTHER (ENVIRONMENTAL) - EXPLAIN IN NARR,39.157568,-86.534896
11,3,1000.0,2-Car,No injury/unknown,FAILURE TO YIELD RIGHT OF WAY,39.157536,-86.5324
10,2,1600.0,1-Car,Non-incapacitating,FAILURE TO YIELD RIGHT OF WAY,39.157536,-86.5324
12,1,1200.0,2-Car,Non-incapacitating,UNSAFE SPEED,39.157504,-86.531104
9,4,1100.0,2-Car,Non-incapacitating,FAILURE TO YIELD RIGHT OF WAY,39.157504,-86.531104
3,2,1800.0,2-Car,No injury/unknown,OTHER (DRIVER) - EXPLAIN IN NARRATIVE,39.15743674,-86.538592
7,3,1200.0,2-Car,No injury/unknown,OTHER (ENVIRONMENTAL) - EXPLAIN IN NARR,39.1574354,-86.49781513
8,7,1400.0,2-Car,No injury/unknown,FOLLOWING TOO CLOSELY,39.1574,-86.533599
12,1,200.0,2-Car,No injury/unknown,RAN OFF ROAD LEFT,39.15725227,-86.485997
11,6,800.0,2-Car,Non-incapacitating,FOLLOWING TOO CLOSELY,39.157248,-86.559792
11,2,1300.0,2-Car,No injury/unknown,FAILURE TO YIELD RIGHT OF WAY,39.157248,-86.559792
1,5,,2-Car,No injury/unknown,,39.15716032,-86.52594617
10,7,1700.0,2-Car,No injury/unknown,FAILURE TO YIELD RIGHT OF WAY,39.15704,-86.590992
4,4,,2-Car,No injury/unknown,UNSAFE BACKING,39.156896,-86.473728
2,4,1400.0,2-Car,No injury/unknown,FOLLOWING TOO CLOSELY,39.156896,-86.582704
9,7,1600.0,Cyclist,Non-incapacitating,IMPROPER TURNING,39.1567419,-86.522599
6,3,1000.0,3+ Cars,Non-incapacitating,FOLLOWING TOO CLOSELY,39.15670863,-86.52707337
11,6,1800.0,2-Car,No injury/unknown,FAILURE TO YIELD RIGHT OF WAY,39.15666817,-86.5791
11,3,1300.0,2-Car,No injury/unknown,FOLLOWING TOO CLOSELY,39.15664,-86.538592
8,5,1200.0,2-Car,No injury/unknown,FOLLOWING TOO CLOSELY,39.15664,-86.527072
10,3,1400.0,2-Car,No injury/unknown,DISREGARD SIGNAL/REG SIGN,39.15656,-86.5324
12,4,1200.0,2-Car,No injury/unknown,FAILURE TO YIELD RIGHT OF WAY,39.156544,-86.5336
12,6,1100.0,1-Car,No injury/unknown,ALCOHOLIC BEVERAGES,39.156544,-86.5336
11,3,2100.0,1-Car,No injury/unknown,ANIMAL/OBJECT IN ROADWAY,39.15617938,-86.48056622
5,7,1400.0,2-Car,No injury/unknown,UNSAFE BACKING,39.156144,-86.522528
2,2,2200.0,1-Car,No injury/unknown,,39.15611321,-86.544905
5,4,2000.0,1-Car,Non-incapacitating,,39.15596218,-86.584336
2,5,2000.0,2-Car,No injury/unknown,DISREGARD SIGNAL/REG SIGN,39.155952,-86.550592
2,7,1900.0,1-Car,Non-incapacitating,ROADWAY SURFACE CONDITION,39.155952,-86.555104
8,6,1500.0,2-Car,No injury/unknown,UNSAFE SPEED,39.155952,-86.550592
12,7,900.0,1-Car,No injury/unknown,RAN OFF ROAD RIGHT,39.15594157,-86.5511818
2,7,2200.0,2-Car,No injury/unknown,UNSAFE BACKING,39.15586708,-86.58880739
10,3,1700.0,2-Car,No injury/unknown,FAILURE TO YIELD RIGHT OF WAY,39.155776,-86.538592
7,2,2000.0,2-Car,No injury/unknown,FAILURE TO YIELD RIGHT OF WAY,39.155776,-86.538592
5,2,1200.0,2-Car,No injury/unknown,UNSAFE BACKING,39.155776,-86.538592
6,5,1500.0,2-Car,No injury/unknown,FAILURE TO YIELD RIGHT OF WAY,39.155776,-86.538592
6,1,1300.0,2-Car,Non-incapacitating,DISREGARD SIGNAL/REG SIGN,39.155776,-86.538592
10,1,1500.0,Moped/Motorcycle,Non-incapacitating,RAN OFF ROAD RIGHT,39.155776,-86.538592
3,1,1200.0,2-Car,No injury/unknown,IMPROPER TURNING,39.15568,-86.561888
9,4,1000.0,2-Car,No injury/unknown,FAILURE TO YIELD RIGHT OF WAY,39.155664,-86.5324
7,5,1000.0,2-Car,Non-incapacitating,FOLLOWING TOO CLOSELY,39.155648,-86.5336
9,2,1300.0,2-Car,No injury/unknown,IMPROPER LANE USAGE,39.155648,-86.5336
6,7,1600.0,2-Car,No injury/unknown,ACCELERATOR FAILURE OR DEFECTIVE,39.1556,-86.54318702
6,7,1000.0,2-Car,No injury/unknown,OTHER (DRIVER) - EXPLAIN IN NARRATIVE,39.15544,-86.508288
11,6,2000.0,2-Car,No injury/unknown,FAILURE TO YIELD RIGHT OF WAY,39.15544,-86.508288
6,5,1300.0,2-Car,No injury/unknown,IMPROPER PASSING,39.155414,-86.496099
11,1,1900.0,2-Car,No injury/unknown,FAILURE TO YIELD RIGHT OF WAY,39.155152,-86.497888
1,3,1800.0,2-Car,Non-incapacitating,OTHER TELEMATICS IN USE,39.155152,-86.497888
3,6,1700.0,2-Car,Non-incapacitating,OTHER (DRIVER) - EXPLAIN IN NARRATIVE,39.155152,-86.497888
10,2,1700.0,2-Car,No injury/unknown,FOLLOWING TOO CLOSELY,39.155152,-86.497888
9,5,200.0,1-Car,No injury/unknown,ALCOHOLIC BEVERAGES,39.155099,-86.4968133
1,5,1600.0,2-Car,No injury/unknown,ROADWAY SURFACE CONDITION,39.155099,-86.49682195
2,7,100.0,2-Car,No injury/unknown,OTHER (DRIVER) - EXPLAIN IN NARRATIVE,39.154896,-86.590912
10,1,1800.0,2-Car,No injury/unknown,UNSAFE BACKING,39.154896,-86.590912
8,5,1200.0,2-Car,No injury/unknown,FAILURE TO YIELD RIGHT OF WAY,39.1546821,-86.498296
11,3,2000.0,2-Car,No injury/unknown,OTHER (DRIVER) - EXPLAIN IN NARRATIVE,39.15467072,-86.51522997
4,5,1600.0,2-Car,No injury/unknown,IMPROPER LANE USAGE,39.15467072,-86.51520834
7,3,1100.0,2-Car,No injury/unknown,FOLLOWING TOO CLOSELY,39.15466991,-86.508299
12,7,0.0,2-Car,No injury/unknown,UNSAFE BACKING,39.15464,-86.5092
2,7,200.0,1-Car,No injury/unknown,,39.15458554,-86.547498
1,4,800.0,2-Car,Non-incapacitating,LEFT OF CENTER,39.15456487,-86.58734329
8,2,700.0,2-Car,No injury/unknown,UNSAFE BACKING,39.154549,-86.57005
9,4,1700.0,2-Car,Non-incapacitating,FOLLOWING TOO CLOSELY,39.1545438,-86.538699
10,4,1300.0,2-Car,Non-incapacitating,FOLLOWING TOO CLOSELY,39.15448928,-86.5336
8,6,1200.0,2-Car,No injury/unknown,UNSAFE SPEED,39.15445377,-86.5914895
11,4,1100.0,1-Car,No injury/unknown,OTHER (DRIVER) - EXPLAIN IN NARRATIVE,39.154448,-86.591696
12,5,1700.0,2-Car,No injury/unknown,FAILURE TO YIELD RIGHT OF WAY,39.15440691,-86.5336
3,7,1500.0,2-Car,No injury/unknown,OTHER (ENVIRONMENTAL) - EXPLAIN IN NARR,39.15440493,-86.5639502
3,3,800.0,2-Car,No injury/unknown,FAILURE TO YIELD RIGHT OF WAY,39.154352,-86.5324
7,4,700.0,2-Car,No injury/unknown,FOLLOWING TOO CLOSELY,39.154272,-86.564176
1,3,2000.0,1-Car,No injury/unknown,ANIMAL/OBJECT IN ROADWAY,39.154272,-86.564176
9,3,900.0,2-Car,No injury/unknown,UNSAFE BACKING,39.15424,-86.522512
10,3,1300.0,2-Car,No injury/unknown,FOLLOWING TOO CLOSELY,39.15424,-86.508288
2,5,,2-Car,No injury/unknown,UNSAFE BACKING,39.15422171,-86.5336
6,1,2000.0,2-Car,No injury/unknown,UNSAFE BACKING,39.15422171,-86.5336
5,6,1600.0,2-Car,No injury/unknown,DISREGARD SIGNAL/REG SIGN,39.1542,-86.533799
2,6,1900.0,2-Car,No injury/unknown,UNSAFE BACKING,39.15412578,-86.49786768
5,2,1400.0,2-Car,No injury/unknown,FAILURE TO YIELD RIGHT OF WAY,39.15412578,-86.49786768
5,5,600.0,3+ Cars,Non-incapacitating,OTHER (DRIVER) - EXPLAIN IN NARRATIVE,39.154062,-86.570999
12,4,800.0,2-Car,No injury/unknown,OTHER (DRIVER) - EXPLAIN IN NARRATIVE,39.15406126,-86.50644792
8,6,1600.0,2-Car,No injury/unknown,FAILURE TO YIELD RIGHT OF WAY,39.15402456,-86.5791
8,2,1200.0,2-Car,No injury/unknown,FAILURE TO YIELD RIGHT OF WAY,39.15402456,-86.5791
1,5,2100.0,2-Car,Non-incapacitating,FAILURE TO YIELD RIGHT OF WAY,39.153899,-86.538699
6,2,1400.0,3+ Cars,No injury/unknown,FOLLOWING TOO CLOSELY,39.153874,-86.564834
10,1,2000.0,1-Car,No injury/unknown,ANIMAL/OBJECT IN ROADWAY,39.153856,-86.406688
9,3,700.0,2-Car,No injury/unknown,FOLLOWING TOO CLOSELY,39.1538,-86.54109467
9,7,2300.0,2-Car,No injury/unknown,FOLLOWING TOO CLOSELY,39.1538,-86.541099
3,3,1900.0,2-Car,Non-incapacitating,LEFT OF CENTER,39.1538,-86.54109467
6,2,1600.0,2-Car,No injury/unknown,FOLLOWING TOO CLOSELY,39.1537794,-86.49786082
7,3,1700.0,2-Car,Non-incapacitating,FOLLOWING TOO CLOSELY,39.15377314,-86.5650224
12,4,1700.0,2-Car,No injury/unknown,OTHER (DRIVER) - EXPLAIN IN NARRATIVE,39.15377191,-86.49786067
8,2,,2-Car,No injury/unknown,OBSTRUCTION NOT MARKED,39.153728,-86.484729
3,1,1000.0,2-Car,No injury/unknown,OTHER (DRIVER) - EXPLAIN IN NARRATIVE,39.15365396,-86.49785834
7,6,2200.0,2-Car,No injury/unknown,,39.15354547,-86.56540865
7,7,1300.0,1-Car,No injury/unknown,OTHER (DRIVER) - EXPLAIN IN NARRATIVE,39.153536,-86.497856
4,3,1600.0,2-Car,No injury/unknown,UNSAFE BACKING,39.15351771,-86.508288
2,4,900.0,2-Car,No injury/unknown,PEDESTRIAN ACTION,39.153504,-86.58272
11,4,1400.0,2-Car,No injury/unknown,UNSAFE SPEED,39.153504,-86.58272
10,4,2100.0,2-Car,Non-incapacitating,FAILURE TO YIELD RIGHT OF WAY,39.15349491,-86.5336
10,4,,2-Car,No injury/unknown,NONE (DRIVER),39.15344,-86.5338449
10,3,1300.0,2-Car,No injury/unknown,DISREGARD SIGNAL/REG SIGN,39.15344,-86.5324
10,7,1600.0,2-Car,No injury/unknown,DISREGARD SIGNAL/REG SIGN,39.15344,-86.5324
10,4,1400.0,Cyclist,Non-incapacitating,FAILURE TO YIELD RIGHT OF WAY,39.15344,-86.5336
7,7,300.0,2-Car,Incapacitating,DISREGARD SIGNAL/REG SIGN,39.15344,-86.5336
6,5,1500.0,2-Car,Non-incapacitating,DISREGARD SIGNAL/REG SIGN,39.15344,-86.5336
8,6,1100.0,2-Car,No injury/unknown,OTHER (ENVIRONMENTAL) - EXPLAIN IN NARR,39.15344,-86.5336
3,5,500.0,2-Car,Non-incapacitating,ROADWAY SURFACE CONDITION,39.15344,-86.5348
10,3,1600.0,2-Car,No injury/unknown,DISREGARD SIGNAL/REG SIGN,39.15344,-86.5324
9,6,1500.0,2-Car,No injury/unknown,DISREGARD SIGNAL/REG SIGN,39.15344,-86.5324
3,2,800.0,2-Car,No injury/unknown,FAILURE TO YIELD RIGHT OF WAY,39.1534,-86.538199
10,4,800.0,2-Car,Non-incapacitating,DISREGARD SIGNAL/REG SIGN,39.153392,-86.527008
7,4,900.0,2-Car,No injury/unknown,OTHER (ENVIRONMENTAL) - EXPLAIN IN NARR,39.153392,-86.527008
10,5,1200.0,2-Car,No injury/unknown,DISREGARD SIGNAL/REG SIGN,39.153392,-86.527008
5,6,1600.0,2-Car,No injury/unknown,FAILURE TO YIELD RIGHT OF WAY,39.153392,-86.527008
10,3,1700.0,1-Car,No injury/unknown,ALCOHOLIC BEVERAGES,39.15336455,-86.52700748
6,1,1900.0,2-Car,Non-incapacitating,LEFT OF CENTER,39.153344,-86.522512
4,1,1500.0,1-Car,No injury/unknown,OVERCORRECTING/OVERSTEERING,39.153332,-86.53364506
9,6,1400.0,2-Car,No injury/unknown,OTHER (DRIVER) - EXPLAIN IN NARRATIVE,39.153332,-86.53369698
5,4,900.0,2-Car,No injury/unknown,FAILURE TO YIELD RIGHT OF WAY,39.153332,-86.53368227
11,7,1500.0,2-Car,No injury/unknown,PASSENGER DISTRACTION,39.1533,-86.532495
12,3,900.0,2-Car,No injury/unknown,FOLLOWING TOO CLOSELY,39.15324781,-86.5336
1,1,2200.0,1-Car,No injury/unknown,ALCOHOLIC BEVERAGES,39.15304,-86.537552
1,4,1700.0,2-Car,No injury/unknown,,39.15295521,-86.525497
8,4,2100.0,2-Car,No injury/unknown,IMPROPER PASSING,39.15283668,-86.513899
9,1,600.0,1-Car,No injury/unknown,RAN OFF ROAD RIGHT,39.1527,-86.37572625
5,3,1000.0,2-Car,Non-incapacitating,FAILURE TO YIELD RIGHT OF WAY,39.152544,-86.5336
9,4,1600.0,2-Car,No injury/unknown,FAILURE TO YIELD RIGHT OF WAY,39.152544,-86.5336
9,4,2200.0,2-Car,No injury/unknown,IMPROPER TURNING,39.15250667,-86.497904
8,6,1500.0,2-Car,No injury/unknown,FAILURE TO YIELD RIGHT OF WAY,39.1525,-86.4905
2,4,2100.0,Bus,No injury/unknown,ROADWAY SURFACE CONDITION,39.152499,-86.4904777
2,4,2100.0,Bus,No injury/unknown,LEFT OF CENTER,39.152499,-86.4904777
3,1,1700.0,Moped/Motorcycle,No injury/unknown,ACCELERATOR FAILURE OR DEFECTIVE,39.1524,-86.582704
2,1,400.0,2-Car,No injury/unknown,,39.1524,-86.582704
11,7,1400.0,2-Car,No injury/unknown,BRAKE FAILURE OR DEFECTIVE,39.1524,-86.582704
12,5,1300.0,2-Car,No injury/unknown,OTHER (DRIVER) - EXPLAIN IN NARRATIVE,39.15224,-86.5336
5,6,1100.0,2-Car,No injury/unknown,FAILURE TO YIELD RIGHT OF WAY,39.15224,-86.5336
2,2,1200.0,2-Car,No injury/unknown,FAILURE TO YIELD RIGHT OF WAY,39.15224,-86.5336
3,3,600.0,1-Car,Non-incapacitating,OTHER (DRIVER) - EXPLAIN IN NARRATIVE,39.15211918,-86.5336
10,6,1000.0,2-Car,No injury/unknown,UNSAFE BACKING,39.152099,-86.488697
6,4,1700.0,2-Car,No injury/unknown,FOLLOWING TOO CLOSELY,39.152,-86.3812
4,6,1000.0,1-Car,No injury/unknown,ANIMAL/OBJECT IN ROADWAY,39.15195736,-86.38140548
2,6,800.0,Bus,No injury/unknown,OTHER (DRIVER) - EXPLAIN IN NARRATIVE,39.151952,-86.525888
6,1,2100.0,2-Car,No injury/unknown,UNSAFE BACKING,39.15186755,-86.537504
10,3,1900.0,2-Car,Non-incapacitating,FOLLOWING TOO CLOSELY,39.15182646,-86.5336
3,3,1700.0,2-Car,No injury/unknown,FAILURE TO YIELD RIGHT OF WAY,39.15182515,-86.537399
2,7,1500.0,1-Car,Non-incapacitating,DRIVER ASLEEP OR FATIGUED,39.15174857,-86.40480421
7,6,1500.0,2-Car,No injury/unknown,FOLLOWING TOO CLOSELY,39.15167546,-86.5336
2,5,1400.0,2-Car,No injury/unknown,FOLLOWING TOO CLOSELY,39.151648,-86.5336
3,5,1500.0,2-Car,Non-incapacitating,FAILURE TO YIELD RIGHT OF WAY,39.151552,-86.643504
11,3,1400.0,1-Car,No injury/unknown,OVERCORRECTING/OVERSTEERING,39.15144,-86.6232
9,3,1300.0,2-Car,No injury/unknown,FAILURE TO YIELD RIGHT OF WAY,39.151344,-86.567792
6,1,300.0,1-Car,Non-incapacitating,ALCOHOLIC BEVERAGES,39.15076364,-86.5336
10,5,1300.0,2-Car,No injury/unknown,FAILURE TO YIELD RIGHT OF WAY,39.15072753,-86.538699
8,6,1700.0,2-Car,No injury/unknown,OTHER (ENVIRONMENTAL) - EXPLAIN IN NARR,39.15072,-86.522496
7,3,1100.0,2-Car,No injury/unknown,DISREGARD SIGNAL/REG SIGN,39.15072,-86.522496
10,6,200.0,2-Car,No injury/unknown,DISREGARD SIGNAL/REG SIGN,39.15072,-86.522496
2,6,1100.0,Bus,No injury/unknown,OTHER (ENVIRONMENTAL) - EXPLAIN IN NARR,39.15069899,-86.5214455
8,6,1700.0,3+ Cars,Non-incapacitating,FOLLOWING TOO CLOSELY,39.15069155,-86.52107321
5,5,700.0,2-Car,No injury/unknown,OTHER (DRIVER) - EXPLAIN IN NARRATIVE,39.150688,-86.525696
8,5,800.0,2-Car,Non-incapacitating,ALCOHOLIC BEVERAGES,39.15068692,-86.52082511
4,3,2000.0,2-Car,No injury/unknown,DRIVER ASLEEP OR FATIGUED,39.15064814,-86.52657291
6,1,1000.0,2-Car,No injury/unknown,STEERING FAILURE,39.15064,-86.52696
7,7,900.0,2-Car,No injury/unknown,FOLLOWING TOO CLOSELY,39.15064,-86.52696
9,6,1400.0,2-Car,No injury/unknown,FAILURE TO YIELD RIGHT OF WAY,39.15064,-86.52696
11,1,1000.0,2-Car,No injury/unknown,DISREGARD SIGNAL/REG SIGN,39.15064,-86.52696
6,5,200.0,1-Car,No injury/unknown,FOLLOWING TOO CLOSELY,39.15064,-86.538592
1,4,1500.0,2-Car,No injury/unknown,OTHER (DRIVER) - EXPLAIN IN NARRATIVE,39.15057676,-86.51512344
4,4,900.0,2-Car,No injury/unknown,FOLLOWING TOO CLOSELY,39.150576,-86.515088
2,6,700.0,2-Car,No injury/unknown,OTHER (DRIVER) - EXPLAIN IN NARRATIVE,39.15057067,-86.51483991
8,4,1700.0,2-Car,No injury/unknown,FOLLOWING TOO CLOSELY,39.15056,-86.5324
9,6,900.0,2-Car,No injury/unknown,FAILURE TO YIELD RIGHT OF WAY,39.15056,-86.5324
10,6,1400.0,2-Car,No injury/unknown,FAILURE TO YIELD RIGHT OF WAY,39.15056,-86.5324
9,1,1900.0,1-Car,Non-incapacitating,DRIVER ILLNESS,39.15055764,-86.52695835
4,7,1800.0,3+ Cars,No injury/unknown,UNSAFE SPEED,39.150544,-86.51215163
1,2,1400.0,2-Car,Non-incapacitating,OTHER (DRIVER) - EXPLAIN IN NARRATIVE,39.150544,-86.50839436
4,7,1900.0,2-Car,No injury/unknown,OTHER (DRIVER) - EXPLAIN IN NARRATIVE,39.150544,-86.51126527
1,5,1300.0,2-Car,No injury/unknown,FAILURE TO YIELD RIGHT OF WAY,39.150544,-86.508288
2,2,1400.0,2-Car,Non-incapacitating,FAILURE TO YIELD RIGHT OF WAY,39.150544,-86.5336
10,6,1800.0,2-Car,No injury/unknown,FAILURE TO YIELD RIGHT OF WAY,39.150544,-86.511088
8,5,600.0,2-Car,No injury/unknown,UNSAFE BACKING,39.150544,-86.5336
8,6,1700.0,2-Car,No injury/unknown,OTHER (ENVIRONMENTAL) - EXPLAIN IN NARR,39.150544,-86.51312382
7,5,1200.0,2-Car,No injury/unknown,OTHER (DRIVER) - EXPLAIN IN NARRATIVE,39.150544,-86.508288
9,2,1400.0,2-Car,No injury/unknown,FOLLOWING TOO CLOSELY,39.150544,-86.5336
9,3,1500.0,2-Car,No injury/unknown,FOLLOWING TOO CLOSELY,39.150544,-86.5096
5,2,700.0,3+ Cars,Non-incapacitating,OTHER (ENVIRONMENTAL) - EXPLAIN IN NARR,39.150544,-86.511088
5,4,,2-Car,No injury/unknown,FAILURE TO YIELD RIGHT OF WAY,39.150544,-86.508288
6,2,800.0,2-Car,No injury/unknown,OTHER (DRIVER) - EXPLAIN IN NARRATIVE,39.150544,-86.508288
4,1,0.0,1-Car,No injury/unknown,ANIMAL/OBJECT IN ROADWAY,39.150544,-86.5336
3,2,1600.0,2-Car,Non-incapacitating,FOLLOWING TOO CLOSELY,39.150544,-86.511088
3,5,600.0,2-Car,No injury/unknown,OTHER (ENVIRONMENTAL) - EXPLAIN IN NARR,39.150544,-86.5336
3,5,2100.0,2-Car,Non-incapacitating,FAILURE TO YIELD RIGHT OF WAY,39.150544,-86.5336
9,6,1700.0,3+ Cars,Non-incapacitating,FOLLOWING TOO CLOSELY,39.150544,-86.5096
10,6,1500.0,2-Car,No injury/unknown,FAILURE TO YIELD RIGHT OF WAY,39.15050089,-86.51693388
2,3,2000.0,2-Car,No injury/unknown,FAILURE TO YIELD RIGHT OF WAY,39.15050089,-86.51693388
4,4,800.0,1-Car,Non-incapacitating,FAILURE TO YIELD RIGHT OF WAY,39.15050089,-86.51693388
9,4,1400.0,1-Car,No injury/unknown,RAN OFF ROAD RIGHT,39.1505,-86.50339554
4,4,2200.0,2-Car,No injury/unknown,FOLLOWING TOO CLOSELY,39.1505,-86.4982
9,5,1600.0,3+ Cars,No injury/unknown,DISREGARD SIGNAL/REG SIGN,39.1505,-86.516999
2,5,2200.0,2-Car,No injury/unknown,,39.1504933,-86.50098169
6,7,1100.0,2-Car,No injury/unknown,FAILURE TO YIELD RIGHT OF WAY,39.15049047,-86.53358419
10,4,1100.0,2-Car,No injury/unknown,OTHER (DRIVER) - EXPLAIN IN NARRATIVE,39.150448,-86.4992
10,3,1700.0,2-Car,No injury/unknown,FOLLOWING TOO CLOSELY,39.150448,-86.498
5,1,800.0,2-Car,Non-incapacitating,DISREGARD SIGNAL/REG SIGN,39.150448,-86.498
1,2,1000.0,2-Car,No injury/unknown,OTHER (DRIVER) - EXPLAIN IN NARRATIVE,39.150448,-86.4992
1,1,700.0,2-Car,No injury/unknown,OTHER (DRIVER) - EXPLAIN IN NARRATIVE,39.150448,-86.4992
4,1,1200.0,2-Car,No injury/unknown,FOLLOWING TOO CLOSELY,39.150448,-86.4992
11,2,1800.0,2-Car,No injury/unknown,OTHER (DRIVER) - EXPLAIN IN NARRATIVE,39.1504,-86.50780995
5,1,2200.0,2-Car,No injury/unknown,LEFT OF CENTER,39.150399,-86.494895
5,6,1500.0,2-Car,No injury/unknown,UNSAFE BACKING,39.15036741,-86.57226524
11,2,1900.0,2-Car,Non-incapacitating,LEFT OF CENTER,39.15036073,-86.49516655
6,6,1300.0,2-Car,Non-incapacitating,OTHER (DRIVER) - EXPLAIN IN NARRATIVE,39.150352,-86.471296
10,7,1100.0,2-Car,Non-incapacitating,DRIVER DISTRACTED - EXPLAIN IN NARRATIVE,39.150352,-86.471296
10,3,2200.0,2-Car,No injury/unknown,ALCOHOLIC BEVERAGES,39.150352,-86.471296
11,7,2200.0,2-Car,No injury/unknown,FAILURE TO YIELD RIGHT OF WAY,39.150352,-86.471296
10,6,300.0,1-Car,Non-incapacitating,UNSAFE SPEED,39.150352,-86.471296
10,6,300.0,1-Car,Fatal,ALCOHOLIC BEVERAGES,39.150352,-86.471296
6,3,1600.0,2-Car,No injury/unknown,,39.150352,-86.471296
8,5,1600.0,2-Car,No injury/unknown,FOLLOWING TOO CLOSELY,39.150352,-86.471296