Month,Day,Hour,Collision Type,Injury Type,Primary Factor,Latitude,Longitude
8,4,1400.0,2-Car,No injury/unknown,FAILURE TO YIELD RIGHT OF WAY,39.150352,-86.471296
9,6,1500.0,2-Car,No injury/unknown,DISREGARD SIGNAL/REG SIGN,39.150224,-86.480464
10,3,800.0,2-Car,No injury/unknown,FOLLOWING TOO CLOSELY,39.150224,-86.480464
12,1,0.0,1-Car,No injury/unknown,ROADWAY SURFACE CONDITION,39.1502,-86.48036441
10,6,1600.0,2-Car,No injury/unknown,OTHER (DRIVER) - EXPLAIN IN NARRATIVE,39.15019343,-86.48324561
9,1,1200.0,2-Car,No injury/unknown,FOLLOWING TOO CLOSELY,39.14989984,-86.49915843
6,4,1200.0,2-Car,No injury/unknown,OTHER (ENVIRONMENTAL) - EXPLAIN IN NARR,39.14984,-86.533392
2,5,700.0,1-Car,No injury/unknown,UNSAFE SPEED,39.14968,-86.57104
10,6,1700.0,2-Car,Non-incapacitating,ROADWAY SURFACE CONDITION,39.149552,-86.575936
10,7,1700.0,2-Car,No injury/unknown,UNSAFE SPEED,39.149552,-86.575936
1,5,1700.0,2-Car,Non-incapacitating,OTHER (DRIVER) - EXPLAIN IN NARRATIVE,39.149552,-86.575936
6,2,1500.0,2-Car,No injury/unknown,FOLLOWING TOO CLOSELY,39.1495109,-86.57593258
5,5,1500.0,2-Car,No injury/unknown,,39.1494,-86.582599
8,6,1600.0,2-Car,Non-incapacitating,FAILURE TO YIELD RIGHT OF WAY,39.1494,-86.582599
3,1,900.0,2-Car,No injury/unknown,IMPROPER TURNING,39.149152,-86.582704
8,6,1900.0,2-Car,No injury/unknown,FOLLOWING TOO CLOSELY,39.14912494,-86.5704902
9,2,900.0,2-Car,No injury/unknown,IMPROPER PASSING,39.148928,-86.53312
5,4,2200.0,2-Car,No injury/unknown,IMPROPER LANE USAGE,39.1489,-86.533297
4,4,300.0,1-Car,No injury/unknown,RAN OFF ROAD RIGHT,39.14888,-86.569775
6,6,1500.0,2-Car,No injury/unknown,LEFT OF CENTER,39.14876,-86.499072
5,6,1000.0,2-Car,No injury/unknown,UNSAFE BACKING,39.14872922,-86.57591445
4,2,900.0,1-Car,Non-incapacitating,FAILURE TO YIELD RIGHT OF WAY,39.14870655,-86.511397
9,7,2200.0,2-Car,No injury/unknown,OTHER (DRIVER) - EXPLAIN IN NARRATIVE,39.148592,-86.525632
5,7,2200.0,2-Car,No injury/unknown,ALCOHOLIC BEVERAGES,39.14855374,-86.58267339
10,5,600.0,1-Car,No injury/unknown,OTHER (DRIVER) - EXPLAIN IN NARRATIVE,39.148448,-86.573
7,6,1100.0,2-Car,No injury/unknown,FOLLOWING TOO CLOSELY,39.14840672,-86.526912
5,2,1700.0,2-Car,No injury/unknown,FAILURE TO YIELD RIGHT OF WAY,39.148336,-86.515024
12,5,1900.0,2-Car,No injury/unknown,OTHER (DRIVER) - EXPLAIN IN NARRATIVE,39.14818902,-86.57282454
10,4,1600.0,2-Car,No injury/unknown,FOLLOWING TOO CLOSELY,39.14818109,-86.57595149
11,6,800.0,2-Car,No injury/unknown,ROADWAY SURFACE CONDITION,39.148144,-86.572992
7,7,2000.0,2-Car,No injury/unknown,FAILURE TO YIELD RIGHT OF WAY,39.148144,-86.572992
5,5,1300.0,2-Car,No injury/unknown,DISREGARD SIGNAL/REG SIGN,39.148144,-86.572992
6,6,900.0,2-Car,No injury/unknown,IMPROPER LANE USAGE,39.148144,-86.572992
2,6,1500.0,2-Car,No injury/unknown,,39.148144,-86.572992
3,4,1500.0,2-Car,No injury/unknown,FOLLOWING TOO CLOSELY,39.148144,-86.572992
4,4,,1-Car,No injury/unknown,ALCOHOLIC BEVERAGES,39.148144,-86.572992
6,5,100.0,Moped/Motorcycle,Incapacitating,FAILURE TO YIELD RIGHT OF WAY,39.148144,-86.572992
9,1,1700.0,2-Car,No injury/unknown,FAILURE TO YIELD RIGHT OF WAY,39.148144,-86.572992
10,2,900.0,3+ Cars,No injury/unknown,UNSAFE SPEED,39.14813264,-86.526912
2,3,800.0,2-Car,No injury/unknown,ROADWAY SURFACE CONDITION,39.148128,-86.580736
3,6,1500.0,2-Car,No injury/unknown,OTHER (ENVIRONMENTAL) - EXPLAIN IN NARR,39.148128,-86.581536
5,3,1700.0,2-Car,No injury/unknown,FAILURE TO YIELD RIGHT OF WAY,39.148064,-86.526912
7,4,1300.0,2-Car,No injury/unknown,OTHER (ENVIRONMENTAL) - EXPLAIN IN NARR,39.14802351,-86.5328542
3,6,1800.0,1-Car,Non-incapacitating,OTHER (DRIVER) - EXPLAIN IN NARRATIVE,39.14802351,-86.5328542
10,3,1200.0,1-Car,No injury/unknown,RAN OFF ROAD RIGHT,39.14789928,-86.52690911
12,5,2100.0,1-Car,No injury/unknown,,39.14768422,-86.480399
10,6,1900.0,2-Car,No injury/unknown,FAILURE TO YIELD RIGHT OF WAY,39.14757682,-86.5826064
6,7,700.0,1-Car,No injury/unknown,RAN OFF ROAD RIGHT,39.14755371,-86.49898053
3,1,1500.0,2-Car,No injury/unknown,OTHER (DRIVER) - EXPLAIN IN NARRATIVE,39.14744,-86.582592
10,7,2100.0,2-Car,Non-incapacitating,IMPROPER TURNING,39.14741364,-86.57320781
5,7,1400.0,2-Car,No injury/unknown,IMPROPER TURNING,39.14741364,-86.57320781
3,7,1000.0,2-Car,Non-incapacitating,FOLLOWING TOO CLOSELY,39.14741364,-86.57320781
3,5,800.0,2-Car,No injury/unknown,ROADWAY SURFACE CONDITION,39.14739622,-86.5708211
3,5,700.0,2-Car,No injury/unknown,ROADWAY SURFACE CONDITION,39.147232,-86.571408
3,5,700.0,2-Car,Non-incapacitating,OTHER (DRIVER) - EXPLAIN IN NARRATIVE,39.147212,-86.53262101
9,2,2000.0,2-Car,No injury/unknown,FAILURE TO YIELD RIGHT OF WAY,39.147168,-86.570624
8,4,2200.0,2-Car,No injury/unknown,,39.147152,-86.526896
9,3,1600.0,2-Car,Non-incapacitating,FAILURE TO YIELD RIGHT OF WAY,39.147145,-86.53260176
2,3,1100.0,1-Car,Non-incapacitating,UNSAFE SPEED,39.14713362,-86.52739502
2,5,600.0,2-Car,Incapacitating,ROADWAY SURFACE CONDITION,39.1471,-86.484999
2,5,700.0,2-Car,No injury/unknown,LEFT OF CENTER,39.1471,-86.484999
4,4,1400.0,2-Car,No injury/unknown,FAILURE TO YIELD RIGHT OF WAY,39.147078,-86.53258251
1,5,1000.0,2-Car,No injury/unknown,UNSAFE BACKING,39.1470693,-86.52914159
12,7,,2-Car,No injury/unknown,OTHER (DRIVER) - EXPLAIN IN NARRATIVE,39.14706178,-86.52934574
12,5,700.0,2-Car,No injury/unknown,LEFT OF CENTER,39.14704,-86.5208
2,5,1000.0,2-Car,No injury/unknown,FAILURE TO YIELD RIGHT OF WAY,39.14700924,-86.53077337
2,4,1800.0,2-Car,No injury/unknown,OTHER (DRIVER) - EXPLAIN IN NARRATIVE,39.147008,-86.51864
2,5,2000.0,2-Car,No injury/unknown,IMPROPER TURNING,39.146992,-86.517392
6,4,1500.0,2-Car,Non-incapacitating,OTHER (DRIVER) - EXPLAIN IN NARRATIVE,39.14698676,-86.57321213
9,4,1800.0,2-Car,No injury/unknown,UNSAFE BACKING,39.14696182,-86.51512858
9,3,1100.0,2-Car,Non-incapacitating,FAILURE TO YIELD RIGHT OF WAY,39.14695705,-86.53218987
3,5,600.0,2-Car,No injury/unknown,,39.14695705,-86.53218987
3,5,1100.0,2-Car,No injury/unknown,OTHER (DRIVER) - EXPLAIN IN NARRATIVE,39.14695235,-86.53231717
6,5,900.0,Moped/Motorcycle,No injury/unknown,OTHER (DRIVER) - EXPLAIN IN NARRATIVE,39.146944,-86.532544
3,7,1000.0,2-Car,Non-incapacitating,FAILURE TO YIELD RIGHT OF WAY,39.146944,-86.532544
7,3,1200.0,2-Car,No injury/unknown,FAILURE TO YIELD RIGHT OF WAY,39.146944,-86.532544
2,3,1000.0,2-Car,No injury/unknown,OTHER (DRIVER) - EXPLAIN IN NARRATIVE,39.146944,-86.532544
2,5,700.0,2-Car,No injury/unknown,UNSAFE SPEED,39.146944,-86.532544
4,4,1100.0,2-Car,No injury/unknown,DISREGARD SIGNAL/REG SIGN,39.146944,-86.532544
7,2,1700.0,2-Car,No injury/unknown,FAILURE TO YIELD RIGHT OF WAY,39.14693807,-86.579195
10,5,1700.0,2-Car,No injury/unknown,FAILURE TO YIELD RIGHT OF WAY,39.1469,-86.5269
4,4,1700.0,2-Car,Non-incapacitating,UNSAFE BACKING,39.146843,-86.571167
11,3,900.0,2-Car,No injury/unknown,UNSAFE BACKING,39.146819,-86.571156
3,5,600.0,2-Car,No injury/unknown,OTHER (DRIVER) - EXPLAIN IN NARRATIVE,39.14667654,-86.53246395
6,4,1500.0,2-Car,No injury/unknown,FAILURE TO YIELD RIGHT OF WAY,39.14667654,-86.53246395
7,6,1900.0,1-Car,No injury/unknown,IMPROPER LANE USAGE,39.14654893,-86.501797
6,2,2200.0,2-Car,Non-incapacitating,FAILURE TO YIELD RIGHT OF WAY,39.14654281,-86.53242393
9,1,2200.0,1-Car,No injury/unknown,RAN OFF ROAD LEFT,39.146448,-86.5388
11,7,300.0,1-Car,No injury/unknown,ALCOHOLIC BEVERAGES,39.146448,-86.5388
2,1,1400.0,2-Car,No injury/unknown,OTHER (DRIVER) - EXPLAIN IN NARRATIVE,39.14637689,-86.53879644
3,7,1200.0,1-Car,No injury/unknown,UNSAFE BACKING,39.14633511,-86.53236178
6,2,1700.0,2-Car,Non-incapacitating,FOLLOWING TOO CLOSELY,39.14631083,-86.53879314
3,4,1900.0,2-Car,No injury/unknown,FAILURE TO YIELD RIGHT OF WAY,39.14631083,-86.53879314
10,6,1800.0,2-Car,Non-incapacitating,FOLLOWING TOO CLOSELY,39.14606724,-86.582592
7,4,700.0,3+ Cars,No injury/unknown,OTHER (DRIVER) - EXPLAIN IN NARRATIVE,39.145848,-86.532216
4,3,2000.0,3+ Cars,No injury/unknown,RAN OFF ROAD RIGHT,39.145792,-86.584592
2,3,600.0,1-Car,No injury/unknown,ROADWAY SURFACE CONDITION,39.1454,-86.492699
3,5,600.0,2-Car,No injury/unknown,OTHER (DRIVER) - EXPLAIN IN NARRATIVE,39.145264,-86.577616
2,6,1000.0,2-Car,No injury/unknown,UNSAFE BACKING,39.145264,-86.577616
10,4,1200.0,2-Car,No injury/unknown,FAILURE TO YIELD RIGHT OF WAY,39.145264,-86.577616
1,4,1900.0,1-Car,No injury/unknown,RAN OFF ROAD RIGHT,39.145264,-86.577616
1,7,,2-Car,No injury/unknown,UNSAFE BACKING,39.145264,-86.577616
7,3,1800.0,2-Car,No injury/unknown,IMPROPER TURNING,39.145264,-86.577616
9,4,1400.0,2-Car,Non-incapacitating,FAILURE TO YIELD RIGHT OF WAY,39.145208,-86.577608
10,5,1900.0,1-Car,No injury/unknown,ANIMAL/OBJECT IN ROADWAY,39.14517557,-86.554399
2,1,1400.0,2-Car,No injury/unknown,ROADWAY SURFACE CONDITION,39.145152,-86.5776
2,4,1900.0,2-Car,No injury/unknown,LEFT OF CENTER,39.145144,-86.586248
12,7,,2-Car,No injury/unknown,ROADWAY SURFACE CONDITION,39.1451,-86.496999
5,6,1300.0,2-Car,No injury/unknown,FOLLOWING TOO CLOSELY,39.14500942,-86.57779384
1,4,2000.0,2-Car,No injury/unknown,UNSAFE BACKING,39.14489192,-86.54863962
4,6,700.0,2-Car,No injury/unknown,,39.14487595,-86.64303409
2,3,700.0,2-Car,No injury/unknown,ROADWAY SURFACE CONDITION,39.144848,-86.526848
9,6,1600.0,2-Car,No injury/unknown,IMPROPER LANE USAGE,39.144832,-86.527392
11,3,700.0,2-Car,Non-incapacitating,FAILURE TO YIELD RIGHT OF WAY,39.144752,-86.531888
7,5,1000.0,2-Car,No injury/unknown,DISREGARD SIGNAL/REG SIGN,39.144601,-86.526999
7,4,1700.0,2-Car,No injury/unknown,FAILURE TO YIELD RIGHT OF WAY,39.144601,-86.526999
3,7,2100.0,2-Car,No injury/unknown,FOLLOWING TOO CLOSELY,39.14426909,-86.53174512
1,7,1200.0,3+ Cars,Non-incapacitating,FOLLOWING TOO CLOSELY,39.14424,-86.508208
11,1,1100.0,2-Car,Non-incapacitating,OTHER (DRIVER) - EXPLAIN IN NARRATIVE,39.14415174,-86.582995
2,6,1400.0,2-Car,Non-incapacitating,UNSAFE SPEED,39.143808,-86.582592
6,6,1600.0,2-Car,No injury/unknown,FOLLOWING TOO CLOSELY,39.1436335,-86.58038537
5,6,2200.0,2-Car,No injury/unknown,ALCOHOLIC BEVERAGES,39.1436009,-86.58044242
8,4,1000.0,2-Car,Non-incapacitating,OTHER (DRIVER) - EXPLAIN IN NARRATIVE,39.143552,-86.580528
6,4,1500.0,2-Car,Non-incapacitating,FAILURE TO YIELD RIGHT OF WAY,39.143552,-86.580528
7,4,1700.0,2-Car,No injury/unknown,FOLLOWING TOO CLOSELY,39.1435226,-86.582592
7,3,1800.0,2-Car,No injury/unknown,OTHER (ENVIRONMENTAL) - EXPLAIN IN NARR,39.14345112,-86.5774
10,2,2100.0,2-Car,No injury/unknown,OVERCORRECTING/OVERSTEERING,39.14315028,-86.513199
7,4,1200.0,2-Car,No injury/unknown,FAILURE TO YIELD RIGHT OF WAY,39.14291388,-86.5386649
10,6,1100.0,2-Car,No injury/unknown,UNSAFE BACKING,39.1427464,-86.522599
6,4,1800.0,1-Car,No injury/unknown,,39.14273464,-86.48031125
9,5,1700.0,2-Car,Non-incapacitating,GLARE,39.14264,-86.53864
1,4,800.0,2-Car,No injury/unknown,OTHER (ENVIRONMENTAL) - EXPLAIN IN NARR,39.142555,-86.531238
2,5,,2-Car,No injury/unknown,ROADWAY SURFACE CONDITION,39.142555,-86.531238
9,2,800.0,2-Car,No injury/unknown,UNSAFE SPEED,39.142555,-86.531238
2,5,2100.0,2-Car,No injury/unknown,ROADWAY SURFACE CONDITION,39.142555,-86.531238
10,4,1500.0,2-Car,No injury/unknown,UNSAFE BACKING,39.142144,-86.5268
4,2,1600.0,2-Car,No injury/unknown,LEFT OF CENTER,39.14214207,-86.58246291
4,2,1600.0,2-Car,No injury/unknown,,39.14214207,-86.58246291
4,6,1400.0,Bus,No injury/unknown,UNSAFE SPEED,39.14213443,-86.52715429
12,2,1200.0,2-Car,No injury/unknown,UNSAFE BACKING,39.14211152,-86.52818327
7,6,1600.0,2-Car,No injury/unknown,FOLLOWING TOO CLOSELY,39.14210444,-86.58251455
2,6,1400.0,2-Car,Non-incapacitating,DISREGARD SIGNAL/REG SIGN,39.142048,-86.582592
3,5,800.0,2-Car,No injury/unknown,OTHER (DRIVER) - EXPLAIN IN NARRATIVE,39.142048,-86.531088
9,6,1800.0,2-Car,No injury/unknown,UNSAFE BACKING,39.142048,-86.531088
5,5,1400.0,3+ Cars,No injury/unknown,FOLLOWING TOO CLOSELY,39.142048,-86.582592
8,1,1100.0,2-Car,No injury/unknown,IMPROPER PASSING,39.142048,-86.531088
5,4,1300.0,2-Car,No injury/unknown,DISREGARD SIGNAL/REG SIGN,39.142048,-86.582592
5,6,1600.0,2-Car,No injury/unknown,FAILURE TO YIELD RIGHT OF WAY,39.142048,-86.582592
9,5,700.0,2-Car,No injury/unknown,OTHER (DRIVER) - EXPLAIN IN NARRATIVE,39.142048,-86.582592
11,7,1200.0,2-Car,No injury/unknown,FAILURE TO YIELD RIGHT OF WAY,39.142048,-86.582592
2,2,2000.0,3+ Cars,Incapacitating,ALCOHOLIC BEVERAGES,39.142048,-86.582592
4,5,1200.0,2-Car,Non-incapacitating,FAILURE TO YIELD RIGHT OF WAY,39.142048,-86.582592
4,6,700.0,2-Car,No injury/unknown,FAILURE TO YIELD RIGHT OF WAY,39.142048,-86.582592
6,6,1700.0,3+ Cars,No injury/unknown,DISREGARD SIGNAL/REG SIGN,39.142048,-86.582592
6,6,1500.0,2-Car,No injury/unknown,FOLLOWING TOO CLOSELY,39.142048,-86.582592
7,6,600.0,2-Car,No injury/unknown,OTHER (DRIVER) - EXPLAIN IN NARRATIVE,39.142048,-86.582592
9,4,1600.0,2-Car,No injury/unknown,DISREGARD SIGNAL/REG SIGN,39.142048,-86.582592
10,2,,2-Car,No injury/unknown,OTHER (DRIVER) - EXPLAIN IN NARRATIVE,39.141938,-86.530172
6,7,1400.0,2-Car,No injury/unknown,,39.14190851,-86.52690595
11,6,2300.0,2-Car,No injury/unknown,UNSAFE BACKING,39.14187494,-86.58259037
10,6,1700.0,2-Car,No injury/unknown,OTHER (DRIVER) - EXPLAIN IN NARRATIVE,39.14177345,-86.58258941
10,7,1300.0,2-Car,No injury/unknown,IMPROPER TURNING,39.14167866,-86.58353842
9,6,500.0,1-Car,Non-incapacitating,DRIVER ASLEEP OR FATIGUED,39.14167866,-86.58353842
7,5,1100.0,2-Car,No injury/unknown,FOLLOWING TOO CLOSELY,39.14165675,-86.53855606
5,6,1300.0,2-Car,No injury/unknown,IMPROPER LANE USAGE,39.14145704,-86.58418711
10,5,1900.0,2-Car,No injury/unknown,FAILURE TO YIELD RIGHT OF WAY,39.14141849,-86.54365404
2,4,2000.0,2-Car,Non-incapacitating,,39.14135576,-86.58258547
12,3,1400.0,2-Car,No injury/unknown,FOLLOWING TOO CLOSELY,39.14133247,-86.54374219
12,3,1000.0,2-Car,No injury/unknown,FAILURE TO YIELD RIGHT OF WAY,39.141328,-86.538528
5,3,1400.0,2-Car,No injury/unknown,DISREGARD SIGNAL/REG SIGN,39.1412,-86.538795
6,6,800.0,2-Car,No injury/unknown,UNSAFE BACKING,39.141,-86.521699
2,5,700.0,2-Car,No injury/unknown,FAILURE TO YIELD RIGHT OF WAY,39.14067527,-86.58257905
11,4,700.0,3+ Cars,Non-incapacitating,FOLLOWING TOO CLOSELY,39.14040575,-86.5268
7,5,1200.0,2-Car,Non-incapacitating,OTHER (DRIVER) - EXPLAIN IN NARRATIVE,39.14034888,-86.58743049
2,2,800.0,2-Car,No injury/unknown,VIOLATION OF LICENSE RESTRICTION,39.140144,-86.54496
11,7,1300.0,1-Car,Non-incapacitating,OTHER (DRIVER) - EXPLAIN IN NARRATIVE,39.140144,-86.544688
11,6,1800.0,2-Car,No injury/unknown,UNSAFE SPEED,39.140144,-86.544688
9,7,500.0,2-Car,No injury/unknown,UNSAFE BACKING,39.13993567,-86.53883918
5,6,2200.0,1-Car,No injury/unknown,ALCOHOLIC BEVERAGES,39.13992,-86.538416
3,2,1600.0,1-Car,Non-incapacitating,OTHER (DRIVER) - EXPLAIN IN NARRATIVE,39.13992,-86.538416
5,1,300.0,1-Car,No injury/unknown,OTHER (ENVIRONMENTAL) - EXPLAIN IN NARR,39.13980299,-86.58256293
12,5,1600.0,2-Car,No injury/unknown,,39.13976182,-86.516399
5,6,1200.0,2-Car,No injury/unknown,,39.139584,-86.526768
9,2,1500.0,2-Car,Non-incapacitating,OTHER (DRIVER) - EXPLAIN IN NARRATIVE,39.139584,-86.526768
4,6,1900.0,1-Car,No injury/unknown,ACCELERATOR FAILURE OR DEFECTIVE,39.139552,-86.57742745
12,5,1400.0,2-Car,No injury/unknown,IMPROPER PASSING,39.139552,-86.523968
1,6,,2-Car,No injury/unknown,OTHER (DRIVER) - EXPLAIN IN NARRATIVE,39.1394748,-86.52827855
12,3,700.0,2-Car,No injury/unknown,FOLLOWING TOO CLOSELY,39.13943525,-86.53054507
5,7,1600.0,1-Car,No injury/unknown,TIRE FAILURE OR DEFECTIVE,39.13943525,-86.53054507
6,2,1600.0,2-Car,No injury/unknown,FAILURE TO YIELD RIGHT OF WAY,39.13943525,-86.53054507
9,5,0.0,2-Car,Non-incapacitating,FAILURE TO YIELD RIGHT OF WAY,39.1390349,-86.52677117
9,2,1400.0,3+ Cars,No injury/unknown,OTHER (DRIVER) - EXPLAIN IN NARRATIVE,39.13876035,-86.52677276
4,6,1400.0,Bus,Non-incapacitating,FAILURE TO YIELD RIGHT OF WAY,39.13846079,-86.53039695
12,7,2000.0,1-Car,No injury/unknown,ROADWAY SURFACE CONDITION,39.138448,-86.538288
9,4,800.0,2-Car,No injury/unknown,UNSAFE BACKING,39.138429,-86.526899
11,5,1800.0,1-Car,No injury/unknown,RAN OFF ROAD RIGHT,39.138336,-86.582528
12,2,2100.0,1-Car,No injury/unknown,OTHER (DRIVER) - EXPLAIN IN NARRATIVE,39.13822026,-86.61024003
7,2,1300.0,1-Car,No injury/unknown,UNSAFE SPEED,39.13805642,-86.59176769
12,6,900.0,2-Car,No injury/unknown,OTHER (DRIVER) - EXPLAIN IN NARRATIVE,39.137744,-86.530288
4,2,1200.0,2-Car,Non-incapacitating,FAILURE TO YIELD RIGHT OF WAY,39.137744,-86.530288
9,6,1500.0,2-Car,No injury/unknown,IMPROPER LANE USAGE,39.137744,-86.530288
1,5,1200.0,2-Car,No injury/unknown,UNSAFE BACKING,39.137744,-86.530288
12,6,1500.0,2-Car,No injury/unknown,BRAKE FAILURE OR DEFECTIVE,39.13772635,-86.57290447
12,6,1200.0,2-Car,No injury/unknown,FOLLOWING TOO CLOSELY,39.13751842,-86.59266895
3,6,900.0,2-Car,No injury/unknown,IMPROPER TURNING,39.13736,-86.529904
9,4,2200.0,2-Car,No injury/unknown,OTHER (DRIVER) - EXPLAIN IN NARRATIVE,39.13736,-86.529904
10,6,1100.0,2-Car,Non-incapacitating,DRIVER ASLEEP OR FATIGUED,39.13731454,-86.57289939
10,7,900.0,2-Car,Non-incapacitating,OTHER (DRIVER) - EXPLAIN IN NARRATIVE,39.13731447,-86.58252058
10,3,800.0,2-Car,No injury/unknown,FOLLOWING TOO CLOSELY,39.13704,-86.572896
10,5,2300.0,1-Car,No injury/unknown,NONE (DRIVER),39.13704,-86.572896
11,1,2100.0,2-Car,Non-incapacitating,FAILURE TO YIELD RIGHT OF WAY,39.13704,-86.582512
7,4,1600.0,2-Car,No injury/unknown,FOLLOWING TOO CLOSELY,39.13704,-86.582512
3,7,1500.0,2-Car,Non-incapacitating,FAILURE TO YIELD RIGHT OF WAY,39.13704,-86.572896
2,3,700.0,2-Car,Non-incapacitating,ROADWAY SURFACE CONDITION,39.13704,-86.572896
4,4,700.0,2-Car,No injury/unknown,FOLLOWING TOO CLOSELY,39.13704,-86.572896
11,2,900.0,2-Car,No injury/unknown,FOLLOWING TOO CLOSELY,39.13704,-86.575296
2,3,1600.0,2-Car,Non-incapacitating,FOLLOWING TOO CLOSELY,39.13704,-86.572896
8,4,700.0,2-Car,No injury/unknown,,39.13704,-86.572896
9,1,1700.0,2-Car,Non-incapacitating,FAILURE TO YIELD RIGHT OF WAY,39.13704,-86.642832
8,1,1800.0,2-Car,Non-incapacitating,FAILURE TO YIELD RIGHT OF WAY,39.13704,-86.642832
7,5,1700.0,2-Car,No injury/unknown,FOLLOWING TOO CLOSELY,39.13704,-86.572896
8,4,1500.0,2-Car,No injury/unknown,OTHER (DRIVER) - EXPLAIN IN NARRATIVE,39.13704,-86.572896
1,3,1700.0,1-Car,No injury/unknown,OTHER TELEMATICS IN USE,39.13704,-86.575296
2,2,1600.0,2-Car,Non-incapacitating,OTHER (ENVIRONMENTAL) - EXPLAIN IN NARR,39.13704,-86.572896
3,6,800.0,2-Car,No injury/unknown,FOLLOWING TOO CLOSELY,39.13704,-86.572896
9,6,1700.0,3+ Cars,No injury/unknown,GLARE,39.13704,-86.575296
10,4,1600.0,2-Car,Non-incapacitating,FAILURE TO YIELD RIGHT OF WAY,39.13704,-86.642832
10,6,2100.0,1-Car,No injury/unknown,ANIMAL/OBJECT IN ROADWAY,39.1369318,-86.59365162
11,2,2000.0,1-Car,No injury/unknown,ANIMAL/OBJECT IN ROADWAY,39.1369204,-86.61372946
11,3,2000.0,1-Car,No injury/unknown,ALCOHOLIC BEVERAGES,39.13688,-86.628768
2,6,900.0,1-Car,No injury/unknown,OTHER (ENVIRONMENTAL) - EXPLAIN IN NARR,39.13688,-86.628768
7,4,1600.0,2-Car,No injury/unknown,UNSAFE BACKING,39.13687798,-86.60158703
11,6,1900.0,2-Car,No injury/unknown,FAILURE TO YIELD RIGHT OF WAY,39.136848,-86.606
7,1,1500.0,2-Car,No injury/unknown,OTHER (ENVIRONMENTAL) - EXPLAIN IN NARR,39.136848,-86.593792
6,6,1600.0,2-Car,No injury/unknown,,39.136848,-86.610192
9,1,1800.0,2-Car,No injury/unknown,UNSAFE SPEED,39.136848,-86.593792
10,3,1600.0,2-Car,No injury/unknown,FAILURE TO YIELD RIGHT OF WAY,39.136848,-86.5964
11,7,1900.0,1-Car,No injury/unknown,ANIMAL/OBJECT IN ROADWAY,39.136848,-86.593792
11,6,1200.0,2-Car,No injury/unknown,FOLLOWING TOO CLOSELY,39.136848,-86.593792
12,2,1700.0,2-Car,No injury/unknown,FAILURE TO YIELD RIGHT OF WAY,39.136848,-86.606
7,5,1600.0,2-Car,No injury/unknown,OTHER (DRIVER) - EXPLAIN IN NARRATIVE,39.136848,-86.593792
10,2,0.0,2-Car,No injury/unknown,FAILURE TO YIELD RIGHT OF WAY,39.13676196,-86.57295509
9,3,2300.0,3+ Cars,No injury/unknown,ALCOHOLIC BEVERAGES,39.136646,-86.524043
2,1,1200.0,1-Car,No injury/unknown,RAN OFF ROAD LEFT,39.13664,-86.50756429
10,7,1100.0,2-Car,No injury/unknown,LEFT OF CENTER,39.13664,-86.50703258
2,7,2100.0,1-Car,Non-incapacitating,ROADWAY SURFACE CONDITION,39.13664,-86.508096
10,7,1700.0,2-Car,No injury/unknown,FAILURE TO YIELD RIGHT OF WAY,39.13664,-86.508096
11,3,1100.0,1-Car,No injury/unknown,OTHER (DRIVER) - EXPLAIN IN NARRATIVE,39.13664,-86.508096
7,6,900.0,2-Car,Non-incapacitating,FAILURE TO YIELD RIGHT OF WAY,39.13664,-86.508096
4,3,1100.0,2-Car,Non-incapacitating,UNSAFE BACKING,39.13664,-86.5064
9,3,1700.0,2-Car,No injury/unknown,FAILURE TO YIELD RIGHT OF WAY,39.13664,-86.508096
1,6,700.0,1-Car,Non-incapacitating,ROADWAY SURFACE CONDITION,39.13652949,-86.55989199
11,3,2000.0,1-Car,No injury/unknown,ALCOHOLIC BEVERAGES,39.13652078,-86.56219287
11,3,1100.0,1-Car,No injury/unknown,STEERING FAILURE,39.13651913,-86.56166176
1,6,1800.0,1-Car,Non-incapacitating,ROADWAY SURFACE CONDITION,39.136512,-86.562016
10,7,1200.0,2-Car,No injury/unknown,UNSAFE SPEED,39.136512,-86.562016
2,7,900.0,1-Car,No injury/unknown,,39.136504,-86.56202164
4,2,1800.0,2-Car,No injury/unknown,FOLLOWING TOO CLOSELY,39.136504,-86.505728
1,1,900.0,1-Car,No injury/unknown,ROADWAY SURFACE CONDITION,39.136448,-86.548704
12,3,1300.0,1-Car,Non-incapacitating,RAN OFF ROAD RIGHT,39.136448,-86.548704
12,5,1500.0,2-Car,No injury/unknown,ALCOHOLIC BEVERAGES,39.136448,-86.548704
12,7,1800.0,2-Car,No injury/unknown,RAN OFF ROAD RIGHT,39.136448,-86.548704
1,3,1600.0,3+ Cars,No injury/unknown,FAILURE TO YIELD RIGHT OF WAY,39.136448,-86.548704
6,4,2100.0,Moped/Motorcycle,Non-incapacitating,OTHER (ENVIRONMENTAL) - EXPLAIN IN NARR,39.136448,-86.548704
1,2,0.0,1-Car,No injury/unknown,RAN OFF ROAD RIGHT,39.136448,-86.548704
5,1,1600.0,2-Car,No injury/unknown,FOLLOWING TOO CLOSELY,39.136448,-86.548704