Month,Day,Hour,Collision Type,Injury Type,Primary Factor,Latitude,Longitude
5,6,700.0,2-Car,No injury/unknown,OTHER (ENVIRONMENTAL) - EXPLAIN IN NARR,39.13642802,-86.54813311
5,6,700.0,2-Car,No injury/unknown,,39.13642321,-86.54799578
7,2,1600.0,1-Car,Non-incapacitating,RAN OFF ROAD RIGHT,39.136404,-86.551599
1,2,1900.0,2-Car,No injury/unknown,FOLLOWING TOO CLOSELY,39.136404,-86.55155572
7,3,1300.0,2-Car,No injury/unknown,FAILURE TO YIELD RIGHT OF WAY,39.13639117,-86.50517049
9,2,900.0,1-Car,No injury/unknown,RAN OFF ROAD RIGHT,39.13638808,-86.49633127
3,5,500.0,2-Car,No injury/unknown,ROADWAY SURFACE CONDITION,39.136376,-86.546648
3,6,2200.0,2-Car,Non-incapacitating,FAILURE TO YIELD RIGHT OF WAY,39.136368,-86.505056
3,7,1700.0,2-Car,No injury/unknown,,39.136368,-86.505056
2,3,900.0,2-Car,No injury/unknown,LEFT OF CENTER,39.13632881,-86.54530022
6,3,900.0,3+ Cars,Non-incapacitating,FOLLOWING TOO CLOSELY,39.13632881,-86.54530022
9,4,1700.0,2-Car,Non-incapacitating,FOLLOWING TOO CLOSELY,39.13628672,-86.54406076
3,6,2200.0,1-Car,Non-incapacitating,RAN OFF ROAD RIGHT,39.13626944,-86.54352952
5,5,700.0,3+ Cars,No injury/unknown,FOLLOWING TOO CLOSELY,39.13624329,-86.5427256
2,7,700.0,2-Car,No injury/unknown,UNSAFE BACKING,39.13622348,-86.507897
10,6,1700.0,1-Car,No injury/unknown,ROADWAY SURFACE CONDITION,39.13617576,-86.5406515
3,5,500.0,1-Car,Non-incapacitating,,39.13617222,-86.54054279
2,3,800.0,1-Car,No injury/unknown,OTHER (ENVIRONMENTAL) - EXPLAIN IN NARR,39.136144,-86.51058706
6,7,600.0,1-Car,No injury/unknown,,39.136144,-86.528688
3,2,1400.0,2-Car,No injury/unknown,OTHER (DRIVER) - EXPLAIN IN NARRATIVE,39.136144,-86.524752
2,5,700.0,2-Car,Non-incapacitating,,39.136144,-86.582496
2,2,1400.0,2-Car,No injury/unknown,IMPROPER TURNING,39.136144,-86.521888
3,5,600.0,1-Car,No injury/unknown,RAN OFF ROAD RIGHT,39.136144,-86.5268
4,3,1600.0,2-Car,No injury/unknown,FAILURE TO YIELD RIGHT OF WAY,39.136144,-86.528688
12,7,1800.0,2-Car,No injury/unknown,UNSAFE SPEED,39.136144,-86.521888
11,6,1200.0,2-Car,Non-incapacitating,FAILURE TO YIELD RIGHT OF WAY,39.136144,-86.5268
11,3,1100.0,2-Car,No injury/unknown,ROADWAY SURFACE CONDITION,39.136144,-86.528688
11,6,2200.0,2-Car,No injury/unknown,FAILURE TO YIELD RIGHT OF WAY,39.136144,-86.528688
12,3,1800.0,2-Car,No injury/unknown,IMPROPER LANE USAGE,39.136144,-86.52861711
12,5,800.0,2-Car,No injury/unknown,OTHER (DRIVER) - EXPLAIN IN NARRATIVE,39.136144,-86.524496
9,6,1600.0,2-Car,Non-incapacitating,DRIVER DISTRACTED - EXPLAIN IN NARRATIVE,39.136144,-86.528688
11,3,1800.0,2-Car,No injury/unknown,FAILURE TO YIELD RIGHT OF WAY,39.136144,-86.528688
9,5,1000.0,2-Car,No injury/unknown,FAILURE TO YIELD RIGHT OF WAY,39.136144,-86.52435421
5,7,300.0,2-Car,Non-incapacitating,ALCOHOLIC BEVERAGES,39.136144,-86.528688
6,7,1900.0,2-Car,No injury/unknown,FAILURE TO YIELD RIGHT OF WAY,39.136144,-86.528688
7,7,1200.0,2-Car,No injury/unknown,FOLLOWING TOO CLOSELY,39.136144,-86.528688
5,7,2200.0,2-Car,Non-incapacitating,DISREGARD SIGNAL/REG SIGN,39.136144,-86.528688
5,4,1200.0,2-Car,Non-incapacitating,FAILURE TO YIELD RIGHT OF WAY,39.136144,-86.528688
11,2,1900.0,2-Car,No injury/unknown,UNSAFE BACKING,39.136144,-86.528688
7,2,2100.0,2-Car,Non-incapacitating,UNSAFE SPEED,39.136144,-86.528688
2,4,1400.0,2-Car,No injury/unknown,IMPROPER PASSING,39.136144,-86.580704
1,6,900.0,2-Car,No injury/unknown,IMPROPER TURNING,39.136144,-86.528688
1,5,1800.0,2-Car,No injury/unknown,OTHER (DRIVER) - EXPLAIN IN NARRATIVE,39.136144,-86.52405517
7,4,1700.0,2-Car,No injury/unknown,DISREGARD SIGNAL/REG SIGN,39.136144,-86.5268
4,7,2300.0,2-Car,No injury/unknown,LEFT OF CENTER,39.136144,-86.5268
4,6,900.0,2-Car,No injury/unknown,FAILURE TO YIELD RIGHT OF WAY,39.136144,-86.511296
9,3,1200.0,2-Car,Non-incapacitating,FAILURE TO YIELD RIGHT OF WAY,39.136144,-86.582496
4,1,1400.0,2-Car,No injury/unknown,LEFT OF CENTER,39.136144,-86.523744
4,1,1100.0,Moped/Motorcycle,Non-incapacitating,OVERCORRECTING/OVERSTEERING,39.136144,-86.508096
7,3,1200.0,2-Car,No injury/unknown,,39.136144,-86.528688
10,5,1800.0,2-Car,No injury/unknown,FAILURE TO YIELD RIGHT OF WAY,39.136144,-86.528688
6,6,700.0,2-Car,No injury/unknown,FOLLOWING TOO CLOSELY,39.13613953,-86.53953816
3,6,1200.0,2-Car,No injury/unknown,OTHER (DRIVER) - EXPLAIN IN NARRATIVE,39.1361378,-86.5281564
3,3,500.0,2-Car,No injury/unknown,LEFT OF CENTER,39.13612684,-86.5391577
4,7,1700.0,2-Car,No injury/unknown,FOLLOWING TOO CLOSELY,39.13611447,-86.52706
6,7,1700.0,3+ Cars,No injury/unknown,UNSAFE SPEED,39.13611258,-86.52697142
11,3,1800.0,2-Car,No injury/unknown,FAILURE TO YIELD RIGHT OF WAY,39.13610828,-86.52866154
10,6,1700.0,2-Car,No injury/unknown,FAILURE TO YIELD RIGHT OF WAY,39.13609637,-86.52865272
11,7,1200.0,2-Car,No injury/unknown,DISREGARD SIGNAL/REG SIGN,39.136096,-86.516
2,6,1200.0,2-Car,No injury/unknown,FAILURE TO YIELD RIGHT OF WAY,39.13608,-86.538096
11,2,1900.0,3+ Cars,Non-incapacitating,DISREGARD SIGNAL/REG SIGN,39.13608,-86.538096
9,7,1100.0,2-Car,No injury/unknown,FAILURE TO YIELD RIGHT OF WAY,39.13608,-86.529792
7,3,1000.0,2-Car,No injury/unknown,FAILURE TO YIELD RIGHT OF WAY,39.13608,-86.538096
3,6,1900.0,2-Car,Non-incapacitating,FOLLOWING TOO CLOSELY,39.13608,-86.538096
12,2,1700.0,2-Car,No injury/unknown,FAILURE TO YIELD RIGHT OF WAY,39.13608,-86.538096
7,6,800.0,2-Car,No injury/unknown,FAILURE TO YIELD RIGHT OF WAY,39.13608,-86.538096
12,3,1100.0,2-Car,No injury/unknown,DISREGARD SIGNAL/REG SIGN,39.13608,-86.538096
12,6,1500.0,2-Car,Non-incapacitating,ROADWAY SURFACE CONDITION,39.13606411,-86.51765842
8,4,700.0,2-Car,No injury/unknown,OTHER (DRIVER) - EXPLAIN IN NARRATIVE,39.13605947,-86.53738755
9,6,2200.0,1-Car,No injury/unknown,ROADWAY SURFACE CONDITION,39.13605657,-86.51876162
7,5,1600.0,Moped/Motorcycle,Non-incapacitating,PEDESTRIAN ACTION,39.136048,-86.536992
10,3,700.0,2-Car,No injury/unknown,FOLLOWING TOO CLOSELY,39.136048,-86.518496
8,2,1700.0,2-Car,Non-incapacitating,UNSAFE SPEED,39.136048,-86.536992
9,3,700.0,2-Car,No injury/unknown,FOLLOWING TOO CLOSELY,39.136048,-86.536992
5,6,1700.0,3+ Cars,Non-incapacitating,FAILURE TO YIELD RIGHT OF WAY,39.136048,-86.536992
5,6,1100.0,2-Car,No injury/unknown,FAILURE TO YIELD RIGHT OF WAY,39.136048,-86.536992
7,4,1700.0,2-Car,No injury/unknown,FAILURE TO YIELD RIGHT OF WAY,39.136048,-86.536992
8,4,1700.0,2-Car,No injury/unknown,FAILURE TO YIELD RIGHT OF WAY,39.136048,-86.518496
3,6,1600.0,3+ Cars,No injury/unknown,IMPROPER PASSING,39.136048,-86.536992
1,6,,2-Car,No injury/unknown,UNSAFE BACKING,39.136,-86.52645231
9,4,1600.0,2-Car,No injury/unknown,BRAKE FAILURE OR DEFECTIVE,39.136,-86.52980246
2,2,1000.0,2-Car,No injury/unknown,LEFT OF CENTER,39.135999,-86.531
9,1,1800.0,3+ Cars,Non-incapacitating,FAILURE TO YIELD RIGHT OF WAY,39.135999,-86.531
9,3,1200.0,2-Car,Non-incapacitating,FAILURE TO YIELD RIGHT OF WAY,39.135999,-86.531
8,1,1600.0,2-Car,No injury/unknown,FOLLOWING TOO CLOSELY,39.135999,-86.531
11,6,700.0,1-Car,No injury/unknown,,39.135989,-86.529904
3,3,,2-Car,No injury/unknown,OTHER (DRIVER) - EXPLAIN IN NARRATIVE,39.135968,-86.518496
9,6,1600.0,2-Car,No injury/unknown,ROADWAY SURFACE CONDITION,39.13594962,-86.49629665
3,2,700.0,Bus,Non-incapacitating,FAILURE TO YIELD RIGHT OF WAY,39.1359,-86.53108502
2,5,1700.0,3+ Cars,Non-incapacitating,NONE (VEHICLE),39.1359,-86.53108069
2,6,1700.0,2-Car,No injury/unknown,OTHER (DRIVER) - EXPLAIN IN NARRATIVE,39.1359,-86.53106339
11,3,1600.0,2-Car,No injury/unknown,UNSAFE SPEED,39.1359,-86.531098
8,6,1700.0,2-Car,Non-incapacitating,IMPROPER LANE USAGE,39.1359,-86.53109973
9,5,1700.0,3+ Cars,No injury/unknown,FAILURE TO YIELD RIGHT OF WAY,39.1359,-86.53108935
7,3,800.0,2-Car,Non-incapacitating,FOLLOWING TOO CLOSELY,39.1359,-86.53109454
11,3,800.0,1-Car,No injury/unknown,RAN OFF ROAD RIGHT,39.1359,-86.53105473
3,7,900.0,2-Car,No injury/unknown,FAILURE TO YIELD RIGHT OF WAY,39.1359,-86.53110449
5,2,1500.0,2-Car,No injury/unknown,IMPROPER LANE USAGE,39.1359,-86.53111531
9,2,1800.0,2-Car,No injury/unknown,FAILURE TO YIELD RIGHT OF WAY,39.1359,-86.531098
2,5,600.0,2-Car,No injury/unknown,ROADWAY SURFACE CONDITION,39.13584,-86.49593353
3,6,1500.0,2-Car,No injury/unknown,FAILURE TO YIELD RIGHT OF WAY,39.13584,-86.496288
12,5,700.0,1-Car,No injury/unknown,OTHER (DRIVER) - EXPLAIN IN NARRATIVE,39.13584,-86.496288
12,7,1000.0,2-Car,No injury/unknown,FAILURE TO YIELD RIGHT OF WAY,39.13584,-86.496288
6,4,1200.0,3+ Cars,No injury/unknown,FOLLOWING TOO CLOSELY,39.13584,-86.496288
6,4,1200.0,2-Car,Non-incapacitating,FOLLOWING TOO CLOSELY,39.13584,-86.496288
3,5,800.0,1-Car,No injury/unknown,,39.13584,-86.480496
3,5,800.0,2-Car,No injury/unknown,ROADWAY SURFACE CONDITION,39.13584,-86.480496
5,7,1400.0,2-Car,Non-incapacitating,OTHER (ENVIRONMENTAL) - EXPLAIN IN NARR,39.13584,-86.480496
8,2,1600.0,2-Car,No injury/unknown,FAILURE TO YIELD RIGHT OF WAY,39.13584,-86.496288
5,7,2000.0,2-Car,No injury/unknown,FAILURE TO YIELD RIGHT OF WAY,39.13584,-86.496288
6,3,2100.0,2-Car,No injury/unknown,FAILURE TO YIELD RIGHT OF WAY,39.13584,-86.496288
7,5,1600.0,Moped/Motorcycle,Non-incapacitating,ROADWAY SURFACE CONDITION,39.13584,-86.480496
8,6,1300.0,1-Car,No injury/unknown,UNSAFE SPEED,39.13583872,-86.48067323
9,2,1800.0,2-Car,No injury/unknown,DISREGARD SIGNAL/REG SIGN,39.13576,-86.489488
1,7,1200.0,1-Car,No injury/unknown,ANIMAL/OBJECT IN ROADWAY,39.135648,-86.462
5,3,1700.0,1-Car,No injury/unknown,RAN OFF ROAD LEFT,39.135648,-86.462248
11,2,900.0,1-Car,No injury/unknown,ANIMAL/OBJECT IN ROADWAY,39.135648,-86.462
6,1,1200.0,2-Car,No injury/unknown,OTHER (DRIVER) - EXPLAIN IN NARRATIVE,39.135536,-86.52128
7,7,1700.0,2-Car,Non-incapacitating,OTHER (DRIVER) - EXPLAIN IN NARRATIVE,39.13544,-86.510512
5,3,1800.0,2-Car,No injury/unknown,UNSAFE BACKING,39.13514057,-86.58250286
12,1,1300.0,2-Car,No injury/unknown,FAILURE TO YIELD RIGHT OF WAY,39.13511089,-86.58250475
2,6,1500.0,2-Car,No injury/unknown,,39.13511001,-86.59613599
2,6,1600.0,2-Car,No injury/unknown,FOLLOWING TOO CLOSELY,39.13504,-86.596192
11,7,2200.0,2-Car,No injury/unknown,OTHER (DRIVER) - EXPLAIN IN NARRATIVE,39.13504,-86.574192
7,3,1100.0,2-Car,No injury/unknown,FOLLOWING TOO CLOSELY,39.13500309,-86.59624449
10,3,1400.0,2-Car,No injury/unknown,FOLLOWING TOO CLOSELY,39.13494133,-86.59633232
4,5,700.0,2-Car,No injury/unknown,UNSAFE BACKING,39.13493114,-86.52778394
5,2,700.0,2-Car,Non-incapacitating,FOLLOWING TOO CLOSELY,39.13471757,-86.52762418
8,2,1600.0,3+ Cars,Non-incapacitating,OTHER (ENVIRONMENTAL) - EXPLAIN IN NARR,39.134701,-86.531399
11,6,1100.0,1-Car,Non-incapacitating,DRIVER ILLNESS,39.13464141,-86.531399
2,1,1600.0,2-Car,No injury/unknown,LEFT OF CENTER,39.1345995,-86.4271221
8,5,800.0,2-Car,No injury/unknown,OTHER (ENVIRONMENTAL) - EXPLAIN IN NARR,39.134544,-86.575312
2,3,1400.0,2-Car,No injury/unknown,LEFT OF CENTER,39.13414423,-86.64286753
9,4,1500.0,3+ Cars,Non-incapacitating,FOLLOWING TOO CLOSELY,39.13411725,-86.5975042
4,6,1400.0,2-Car,Non-incapacitating,FOLLOWING TOO CLOSELY,39.13376731,-86.52691343
3,1,700.0,2-Car,No injury/unknown,UNSAFE BACKING,39.133744,-86.50592
1,7,1000.0,2-Car,No injury/unknown,,39.133248,-86.517488
12,7,1800.0,2-Car,No injury/unknown,UNSAFE SPEED,39.133101,-86.526799
11,6,1200.0,2-Car,No injury/unknown,DISREGARD SIGNAL/REG SIGN,39.13304,-86.5384
2,3,900.0,2-Car,No injury/unknown,,39.13304,-86.5384
8,1,1300.0,2-Car,No injury/unknown,FOLLOWING TOO CLOSELY,39.13304,-86.5384
10,4,1600.0,2-Car,Non-incapacitating,FAILURE TO YIELD RIGHT OF WAY,39.13304,-86.5384
2,3,1700.0,1-Car,No injury/unknown,UNSAFE SPEED,39.1329335,-86.55362265
8,6,1300.0,2-Car,No injury/unknown,FOLLOWING TOO CLOSELY,39.13287568,-86.5791
9,3,700.0,1-Car,No injury/unknown,ANIMAL/OBJECT IN ROADWAY,39.13286202,-86.511397
11,1,1600.0,2-Car,No injury/unknown,FAILURE TO YIELD RIGHT OF WAY,39.132848,-86.532
11,5,2300.0,1-Car,No injury/unknown,ANIMAL/OBJECT IN ROADWAY,39.13283223,-86.45148881
4,5,1700.0,3+ Cars,No injury/unknown,FAILURE TO YIELD RIGHT OF WAY,39.132728,-86.543712
9,3,1700.0,2-Car,No injury/unknown,UNSAFE SPEED,39.132728,-86.543712
5,5,1500.0,Moped/Motorcycle,Non-incapacitating,ROADWAY SURFACE CONDITION,39.131648,-86.582496
1,2,1300.0,2-Car,No injury/unknown,FAILURE TO YIELD RIGHT OF WAY,39.131648,-86.582496
10,2,1600.0,1-Car,Non-incapacitating,OTHER (DRIVER) - EXPLAIN IN NARRATIVE,39.13152,-86.677664
6,7,2300.0,2-Car,No injury/unknown,,39.1311311,-86.54436838
11,2,1900.0,2-Car,No injury/unknown,FOLLOWING TOO CLOSELY,39.13111072,-86.538496
7,4,1400.0,1-Car,No injury/unknown,ANIMAL/OBJECT IN ROADWAY,39.13107288,-86.49752248
12,2,1000.0,2-Car,No injury/unknown,FAILURE TO YIELD RIGHT OF WAY,39.130944,-86.526688
10,6,1600.0,2-Car,Non-incapacitating,FAILURE TO YIELD RIGHT OF WAY,39.130944,-86.526688
4,2,700.0,2-Car,Non-incapacitating,FAILURE TO YIELD RIGHT OF WAY,39.130928,-86.519792
1,2,800.0,2-Car,No injury/unknown,OTHER (ENVIRONMENTAL) - EXPLAIN IN NARR,39.130883,-86.531399
10,5,900.0,2-Car,No injury/unknown,IMPROPER PASSING,39.130701,-86.501797
7,4,1700.0,2-Car,Non-incapacitating,OVERCORRECTING/OVERSTEERING,39.13065245,-86.64289458
2,7,1200.0,3+ Cars,No injury/unknown,,39.12984579,-86.526688
9,1,500.0,1-Car,Non-incapacitating,RAN OFF ROAD RIGHT,39.12939534,-86.60428174
3,3,1500.0,2-Car,Non-incapacitating,OTHER (DRIVER) - EXPLAIN IN NARRATIVE,39.12936,-86.604336
10,3,1600.0,2-Car,No injury/unknown,FOLLOWING TOO CLOSELY,39.12936,-86.604336
7,6,1700.0,2-Car,No injury/unknown,FAILURE TO YIELD RIGHT OF WAY,39.12936,-86.604336
1,6,2200.0,2-Car,No injury/unknown,UNSAFE BACKING,39.129344,-86.519328
9,7,1200.0,2-Car,No injury/unknown,FAILURE TO YIELD RIGHT OF WAY,39.12911215,-86.60448324
4,4,1500.0,2-Car,No injury/unknown,DISREGARD SIGNAL/REG SIGN,39.12901992,-86.52678557
1,1,1800.0,2-Car,No injury/unknown,LEFT OF CENTER,39.1288,-86.586464
5,4,700.0,2-Car,No injury/unknown,OTHER (ENVIRONMENTAL) - EXPLAIN IN NARR,39.12840292,-86.582999
8,2,1100.0,2-Car,No injury/unknown,UNSAFE BACKING,39.12824,-86.572896
12,6,1000.0,1-Car,No injury/unknown,RAN OFF ROAD RIGHT,39.12805651,-86.5570747
3,5,800.0,2-Car,No injury/unknown,OTHER (ENVIRONMENTAL) - EXPLAIN IN NARR,39.12803436,-86.55709564
6,4,1400.0,2-Car,No injury/unknown,OTHER (ENVIRONMENTAL) - EXPLAIN IN NARR,39.128,-86.606432
10,7,800.0,2-Car,Non-incapacitating,RAN OFF ROAD RIGHT,39.128,-86.606432
9,3,1800.0,2-Car,No injury/unknown,FAILURE TO YIELD RIGHT OF WAY,39.128,-86.606432
4,6,700.0,2-Car,No injury/unknown,OTHER (DRIVER) - EXPLAIN IN NARRATIVE,39.1279,-86.526795
1,2,600.0,2-Car,No injury/unknown,OTHER (DRIVER) - EXPLAIN IN NARRATIVE,39.12766851,-86.57734815
6,4,1700.0,2-Car,Incapacitating,FOLLOWING TOO CLOSELY,39.12766239,-86.52679022
12,5,2100.0,2-Car,No injury/unknown,,39.127616,-86.538688
4,3,1000.0,2-Car,No injury/unknown,OTHER (DRIVER) - EXPLAIN IN NARRATIVE,39.12721816,-86.57274394
4,4,400.0,2-Car,No injury/unknown,,39.12721251,-86.58420963
1,5,1200.0,2-Car,No injury/unknown,ALCOHOLIC BEVERAGES,39.12716835,-86.52677353
2,7,0.0,1-Car,No injury/unknown,RAN OFF ROAD RIGHT,39.126976,-86.582464
6,1,1500.0,2-Car,Incapacitating,FAILURE TO YIELD RIGHT OF WAY,39.126976,-86.582464
10,6,1800.0,2-Car,No injury/unknown,OTHER (DRIVER) - EXPLAIN IN NARRATIVE,39.1269,-86.531399
4,4,1400.0,2-Car,Incapacitating,FOLLOWING TOO CLOSELY,39.12671718,-86.531399
10,2,700.0,2-Car,No injury/unknown,FAILURE TO YIELD RIGHT OF WAY,39.12664,-86.582512
12,6,1000.0,2-Car,No injury/unknown,UNSAFE SPEED,39.12660505,-86.5726527
10,7,1100.0,2-Car,No injury/unknown,UNSAFE BACKING,39.12660505,-86.5726527
9,1,1300.0,2-Car,No injury/unknown,OTHER (DRIVER) - EXPLAIN IN NARRATIVE,39.12660505,-86.5726527
3,5,900.0,2-Car,No injury/unknown,,39.12660505,-86.5726527
6,7,300.0,2-Car,No injury/unknown,UNSAFE BACKING,39.12660505,-86.5726527
11,2,1400.0,2-Car,No injury/unknown,UNSAFE BACKING,39.12660505,-86.5726527
4,3,1200.0,2-Car,No injury/unknown,FAILURE TO YIELD RIGHT OF WAY,39.126448,-86.5388
12,6,800.0,2-Car,No injury/unknown,LEFT OF CENTER,39.1264,-86.521199
9,3,1800.0,1-Car,No injury/unknown,OTHER (DRIVER) - EXPLAIN IN NARRATIVE,39.12631655,-86.52674475
8,6,600.0,2-Car,No injury/unknown,UNSAFE BACKING,39.12631655,-86.52674475
1,1,1100.0,2-Car,No injury/unknown,OTHER (DRIVER) - EXPLAIN IN NARRATIVE,39.12631655,-86.52674475
4,6,1600.0,2-Car,No injury/unknown,FAILURE TO YIELD RIGHT OF WAY,39.12548063,-86.52671031
2,1,1400.0,1-Car,No injury/unknown,OTHER (DRIVER) - EXPLAIN IN NARRATIVE,39.125472,-86.538784
1,2,1600.0,2-Car,No injury/unknown,ROADWAY SURFACE CONDITION,39.125312,-86.610496
2,1,1800.0,2-Car,No injury/unknown,OTHER (DRIVER) - EXPLAIN IN NARRATIVE,39.125312,-86.610496
12,1,100.0,2-Car,No injury/unknown,ROADWAY SURFACE CONDITION,39.125312,-86.610496
12,2,2100.0,2-Car,No injury/unknown,ALCOHOLIC BEVERAGES,39.125312,-86.610496
11,4,2100.0,2-Car,No injury/unknown,FAILURE TO YIELD RIGHT OF WAY,39.125312,-86.610496
8,3,1900.0,1-Car,No injury/unknown,OTHER (VEHICLE) - EXPLAIN IN NARRATIVE,39.125312,-86.610496
5,1,1200.0,2-Car,No injury/unknown,OTHER (DRIVER) - EXPLAIN IN NARRATIVE,39.125312,-86.610496
7,4,1700.0,2-Car,No injury/unknown,DISREGARD SIGNAL/REG SIGN,39.125312,-86.610496
3,3,1200.0,2-Car,No injury/unknown,UNSAFE BACKING,39.125312,-86.610496
4,4,1700.0,2-Car,No injury/unknown,OTHER (ENVIRONMENTAL) - EXPLAIN IN NARR,39.125312,-86.610496
8,7,1500.0,2-Car,No injury/unknown,FAILURE TO YIELD RIGHT OF WAY,39.125312,-86.610496
8,7,1500.0,2-Car,No injury/unknown,UNSAFE BACKING,39.125312,-86.610496
7,2,1200.0,2-Car,No injury/unknown,UNSAFE BACKING,39.125312,-86.610496
8,7,1200.0,2-Car,No injury/unknown,UNSAFE BACKING,39.125312,-86.610496
3,3,1100.0,1-Car,No injury/unknown,OTHER (DRIVER) - EXPLAIN IN NARRATIVE,39.12471823,-86.562593
10,7,1600.0,1-Car,No injury/unknown,RAN OFF ROAD RIGHT,39.12446175,-86.52406876
12,7,1800.0,2-Car,Non-incapacitating,FOLLOWING TOO CLOSELY,39.123856,-86.526656
5,3,700.0,2-Car,Non-incapacitating,FAILURE TO YIELD RIGHT OF WAY,39.123376,-86.582592
6,1,1100.0,2-Car,No injury/unknown,ROADWAY SURFACE CONDITION,39.123376,-86.582592
11,7,1000.0,1-Car,No injury/unknown,ROADWAY SURFACE CONDITION,39.12303317,-86.48969623
7,7,800.0,2-Car,No injury/unknown,FOLLOWING TOO CLOSELY,39.12281097,-86.52658679
4,7,1700.0,2-Car,No injury/unknown,FAILURE TO YIELD RIGHT OF WAY,39.122416,-86.64296
4,7,900.0,2-Car,No injury/unknown,FAILURE TO YIELD RIGHT OF WAY,39.122416,-86.64296
9,3,1700.0,2-Car,No injury/unknown,FAILURE TO YIELD RIGHT OF WAY,39.122416,-86.64296
8,7,2100.0,2-Car,No injury/unknown,LEFT OF CENTER,39.122416,-86.64296
3,4,1000.0,2-Car,No injury/unknown,UNSAFE BACKING,39.12237297,-86.5900062
7,5,1800.0,2-Car,No injury/unknown,FAILURE TO YIELD RIGHT OF WAY,39.122352,-86.5712
8,2,1400.0,2-Car,Incapacitating,FAILURE TO YIELD RIGHT OF WAY,39.122352,-86.5712
10,6,1900.0,2-Car,No injury/unknown,FAILURE TO YIELD RIGHT OF WAY,39.122352,-86.5712
8,2,1300.0,2-Car,No injury/unknown,FAILURE TO YIELD RIGHT OF WAY,39.122352,-86.5712
4,4,1400.0,2-Car,Non-incapacitating,FAILURE TO YIELD RIGHT OF WAY,39.122352,-86.5712
6,5,700.0,2-Car,Fatal,LEFT OF CENTER,39.12233233,-86.56988896
7,7,1400.0,2-Car,No injury/unknown,FOLLOWING TOO CLOSELY,39.12233103,-86.60737178
6,2,1700.0,2-Car,No injury/unknown,OVERCORRECTING/OVERSTEERING,39.12224,-86.6144
11,3,1300.0,2-Car,No injury/unknown,FAILURE TO YIELD RIGHT OF WAY,39.12224,-86.6144
2,1,1800.0,2-Car,Non-incapacitating,LEFT OF CENTER,39.122224,-86.562688
4,6,1200.0,2-Car,No injury/unknown,FOLLOWING TOO CLOSELY,39.122201,-86.539099
9,7,2000.0,1-Car,Non-incapacitating,ALCOHOLIC BEVERAGES,39.122199,-86.57349567
11,1,2300.0,1-Car,Non-incapacitating,OTHER (ENVIRONMENTAL) - EXPLAIN IN NARR,39.12197695,-86.61480841
10,4,1500.0,2-Car,No injury/unknown,FOLLOWING TOO CLOSELY,39.12190608,-86.52652687
2,3,1100.0,2-Car,No injury/unknown,ROADWAY SURFACE CONDITION,39.121808,-86.498784
3,2,1400.0,2-Car,No injury/unknown,OTHER (DRIVER) - EXPLAIN IN NARRATIVE,39.121808,-86.498784
2,3,1000.0,1-Car,No injury/unknown,HOLES/RUTS IN SURFACE,39.121799,-86.57508329
9,2,1500.0,Bus,No injury/unknown,FOLLOWING TOO CLOSELY,39.121704,-86.544299
11,1,100.0,1-Car,No injury/unknown,RAN OFF ROAD LEFT,39.12168147,-86.57458148
9,1,1000.0,2-Car,No injury/unknown,LEFT OF CENTER,39.121648,-86.539088
1,3,2300.0,2-Car,No injury/unknown,IMPROPER TURNING,39.121584,-86.489744
1,6,700.0,1-Car,No injury/unknown,ROADWAY SURFACE CONDITION,39.12156686,-86.53767442
2,1,600.0,Bus,Non-incapacitating,OTHER (DRIVER) - EXPLAIN IN NARRATIVE,39.121552,-86.531296
10,2,1600.0,2-Car,No injury/unknown,FOLLOWING TOO CLOSELY,39.1215,-86.512499
1,4,2100.0,1-Car,Non-incapacitating,RAN OFF ROAD RIGHT,39.1215,-86.51247305
12,5,1500.0,2-Car,Non-incapacitating,ROADWAY SURFACE CONDITION,39.1215,-86.51258551
12,5,1400.0,2-Car,No injury/unknown,UNSAFE SPEED,39.1215,-86.51254226
10,6,1800.0,2-Car,No injury/unknown,IMPROPER TURNING,39.121499,-86.53140565
6,7,1500.0,2-Car,No injury/unknown,IMPROPER TURNING,39.121488,-86.52048
1,3,1500.0,2-Car,No injury/unknown,OTHER (DRIVER) - EXPLAIN IN NARRATIVE,39.1214692,-86.52759562
10,7,1300.0,2-Car,No injury/unknown,ROADWAY SURFACE CONDITION,39.12144,-86.526496
9,3,700.0,2-Car,No injury/unknown,FAILURE TO YIELD RIGHT OF WAY,39.12144,-86.526496
10,4,900.0,2-Car,No injury/unknown,LEFT OF CENTER,39.121203,-86.57455471
8,6,1500.0,1-Car,No injury/unknown,RAN OFF ROAD LEFT,39.12094641,-86.56392099
6,5,,1-Car,No injury/unknown,RAN OFF ROAD RIGHT,39.1202,-86.483599
5,7,2300.0,2-Car,No injury/unknown,OTHER (ENVIRONMENTAL) - EXPLAIN IN NARR,39.120199,-86.546897
4,6,600.0,2-Car,No injury/unknown,OTHER (DRIVER) - EXPLAIN IN NARRATIVE,39.11969507,-86.61835101
1,5,1700.0,2-Car,Incapacitating,FAILURE TO YIELD RIGHT OF WAY,39.119344,-86.618896
6,7,800.0,1-Car,No injury/unknown,ALCOHOLIC BEVERAGES,39.11908981,-86.42933837
10,4,1300.0,1-Car,No injury/unknown,OTHER (DRIVER) - EXPLAIN IN NARRATIVE,39.119008,-86.540128