Month,Day,Hour,Collision Type,Injury Type,Primary Factor,Latitude,Longitude
4,4,2000.0,1-Car,No injury/unknown,ANIMAL/OBJECT IN ROADWAY,39.11878605,-86.56809489
5,3,1600.0,3+ Cars,No injury/unknown,FOLLOWING TOO CLOSELY,39.11854057,-86.62033276
2,3,700.0,3+ Cars,Non-incapacitating,OTHER (DRIVER) - EXPLAIN IN NARRATIVE,39.11854057,-86.62033276
2,7,1800.0,1-Car,No injury/unknown,ACCELERATOR FAILURE OR DEFECTIVE,39.118048,-86.526496
10,1,600.0,1-Car,No injury/unknown,ROADWAY SURFACE CONDITION,39.11787561,-86.56730218
12,6,700.0,2-Car,No injury/unknown,UNSAFE SPEED,39.11773712,-86.62176948
8,6,700.0,2-Car,No injury/unknown,IMPROPER LANE USAGE,39.117648,-86.567104
7,4,1400.0,2-Car,No injury/unknown,,39.116464,-86.428672
1,3,1100.0,1-Car,No injury/unknown,RAN OFF ROAD LEFT,39.11632725,-86.42868748
8,3,1100.0,1-Car,Non-incapacitating,,39.11567374,-86.526496
3,6,2000.0,1-Car,No injury/unknown,FAILURE TO YIELD RIGHT OF WAY,39.115552,-86.564592
4,6,1600.0,2-Car,No injury/unknown,OTHER (ENVIRONMENTAL) - EXPLAIN IN NARR,39.11534931,-86.62603898
1,6,700.0,2-Car,No injury/unknown,,39.11530979,-86.545199
2,5,1000.0,2-Car,No injury/unknown,LEFT OF CENTER,39.115248,-86.573504
5,2,2200.0,1-Car,No injury/unknown,ROADWAY SURFACE CONDITION,39.11500761,-86.62732621
4,4,700.0,1-Car,Non-incapacitating,RAN OFF ROAD RIGHT,39.114992,-86.62768
4,5,800.0,2-Car,Non-incapacitating,OTHER (DRIVER) - EXPLAIN IN NARRATIVE,39.114992,-86.62768
12,1,1600.0,1-Car,No injury/unknown,OTHER (DRIVER) - EXPLAIN IN NARRATIVE,39.11491455,-86.539392
7,4,1100.0,2-Car,No injury/unknown,UNSAFE SPEED,39.11464,-86.539392
2,2,800.0,2-Car,No injury/unknown,OTHER (ENVIRONMENTAL) - EXPLAIN IN NARR,39.1146,-86.540798
12,2,1900.0,2-Car,No injury/unknown,FOLLOWING TOO CLOSELY,39.11459222,-86.56332519
1,1,700.0,1-Car,No injury/unknown,RAN OFF ROAD RIGHT,39.11451256,-86.57288679
9,3,1600.0,2-Car,No injury/unknown,UNSAFE BACKING,39.11423531,-86.53949058
10,7,1400.0,Moped/Motorcycle,Non-incapacitating,RAN OFF ROAD RIGHT,39.11407036,-86.43017557
3,6,1400.0,2-Car,No injury/unknown,UNSAFE BACKING,39.11389886,-86.575999
5,4,1800.0,1-Car,No injury/unknown,UNSAFE SPEED,39.1138,-86.42545579
10,2,2000.0,1-Car,No injury/unknown,ANIMAL/OBJECT IN ROADWAY,39.11363243,-86.56205842
10,5,1700.0,1-Car,No injury/unknown,ANIMAL/OBJECT IN ROADWAY,39.11363243,-86.56205842
5,2,1700.0,1-Car,No injury/unknown,UNSAFE SPEED,39.11327084,-86.46620668
7,4,1100.0,2-Car,No injury/unknown,OTHER (ENVIRONMENTAL) - EXPLAIN IN NARR,39.11275146,-86.53985203
9,6,1100.0,2-Car,No injury/unknown,IMPROPER TURNING,39.111899,-86.526499
1,5,1300.0,1-Car,No injury/unknown,ROADWAY SURFACE CONDITION,39.11174315,-86.43094491
7,6,1200.0,2-Car,No injury/unknown,FOLLOWING TOO CLOSELY,39.11172679,-86.5791
12,6,1100.0,2-Car,No injury/unknown,FAILURE TO YIELD RIGHT OF WAY,39.11172679,-86.5791
2,7,2300.0,2-Car,No injury/unknown,OTHER (DRIVER) - EXPLAIN IN NARRATIVE,39.11137415,-86.53111335
10,1,1700.0,1-Car,Non-incapacitating,NONE (DRIVER),39.11111077,-86.63816671
2,3,1700.0,2-Car,No injury/unknown,FOLLOWING TOO CLOSELY,39.11111077,-86.63816671
9,5,1900.0,2-Car,No injury/unknown,FAILURE TO YIELD RIGHT OF WAY,39.111024,-86.638304
4,7,1200.0,2-Car,No injury/unknown,IMPROPER TURNING,39.111024,-86.638304
5,6,2100.0,2-Car,No injury/unknown,FOLLOWING TOO CLOSELY,39.111024,-86.638304
8,5,1100.0,2-Car,No injury/unknown,UNSAFE BACKING,39.111024,-86.638304
9,3,1700.0,2-Car,No injury/unknown,IMPROPER TURNING,39.111024,-86.638304
2,1,900.0,3+ Cars,Non-incapacitating,UNSAFE SPEED,39.111024,-86.638304
9,1,600.0,1-Car,No injury/unknown,UNSAFE SPEED,39.111024,-86.638304
9,3,900.0,2-Car,No injury/unknown,FAILURE TO YIELD RIGHT OF WAY,39.111024,-86.638304
9,3,800.0,1-Car,Non-incapacitating,ALCOHOLIC BEVERAGES,39.11075658,-86.54916241
11,6,1700.0,2-Car,Non-incapacitating,OTHER (DRIVER) - EXPLAIN IN NARRATIVE,39.11035912,-86.49855384
2,3,600.0,1-Car,No injury/unknown,ROADWAY SURFACE CONDITION,39.10932492,-86.55625284
4,1,400.0,1-Car,No injury/unknown,LEFT OF CENTER,39.10931903,-86.577399
4,7,500.0,1-Car,No injury/unknown,ALCOHOLIC BEVERAGES,39.1084002,-86.64249697
2,5,800.0,1-Car,No injury/unknown,ROADWAY SURFACE CONDITION,39.10838171,-86.55496558
1,7,1100.0,1-Car,No injury/unknown,OTHER (ENVIRONMENTAL) - EXPLAIN IN NARR,39.10824,-86.666192
11,7,800.0,1-Car,No injury/unknown,ROADWAY SURFACE CONDITION,39.10824,-86.666192
4,1,1800.0,1-Car,No injury/unknown,,39.10795538,-86.61014191
9,6,1400.0,2-Car,No injury/unknown,OTHER (DRIVER) - EXPLAIN IN NARRATIVE,39.107648,-86.643696
1,3,1800.0,2-Car,No injury/unknown,DISREGARD SIGNAL/REG SIGN,39.107648,-86.643696
12,7,1300.0,2-Car,No injury/unknown,LEFT OF CENTER,39.107648,-86.643696
9,4,1600.0,2-Car,No injury/unknown,FAILURE TO YIELD RIGHT OF WAY,39.107552,-86.549792
4,3,700.0,2-Car,No injury/unknown,,39.107456,-86.540064
2,2,1400.0,1-Car,No injury/unknown,ROADWAY SURFACE CONDITION,39.107456,-86.540064
8,4,2000.0,2-Car,No injury/unknown,FAILURE TO YIELD RIGHT OF WAY,39.107344,-86.5264
10,3,1400.0,2-Car,No injury/unknown,IMPROPER LANE USAGE,39.107344,-86.5264
6,7,900.0,2-Car,No injury/unknown,OTHER (DRIVER) - EXPLAIN IN NARRATIVE,39.107344,-86.5264
7,1,1700.0,2-Car,No injury/unknown,FAILURE TO YIELD RIGHT OF WAY,39.107344,-86.5264
4,4,1300.0,Moped/Motorcycle,Non-incapacitating,FAILURE TO YIELD RIGHT OF WAY,39.107344,-86.5264
10,3,1100.0,2-Car,No injury/unknown,OTHER (DRIVER) - EXPLAIN IN NARRATIVE,39.1072,-86.531497
12,5,1400.0,2-Car,No injury/unknown,FOLLOWING TOO CLOSELY,39.106899,-86.523797
9,2,1000.0,2-Car,Non-incapacitating,UNSAFE BACKING,39.10649041,-86.55034722
12,7,1700.0,2-Car,Non-incapacitating,LEFT OF CENTER,39.10634476,-86.52291802
7,2,1100.0,2-Car,No injury/unknown,FAILURE TO YIELD RIGHT OF WAY,39.106048,-86.6384
12,2,600.0,2-Car,Non-incapacitating,FAILURE TO YIELD RIGHT OF WAY,39.105552,-86.551104
11,7,1000.0,2-Car,Non-incapacitating,FAILURE TO YIELD RIGHT OF WAY,39.105552,-86.551104
1,5,1400.0,2-Car,Non-incapacitating,FAILURE TO YIELD RIGHT OF WAY,39.105552,-86.551104
6,2,800.0,1-Car,No injury/unknown,OVERCORRECTING/OVERSTEERING,39.105552,-86.551104
10,4,2000.0,1-Car,No injury/unknown,OTHER (DRIVER) - EXPLAIN IN NARRATIVE,39.10344,-86.574992
11,3,800.0,2-Car,Non-incapacitating,LEFT OF CENTER,39.10344,-86.574992
7,1,,1-Car,No injury/unknown,OTHER (DRIVER) - EXPLAIN IN NARRATIVE,39.10319265,-86.46180089
1,5,1400.0,1-Car,No injury/unknown,ROADWAY SURFACE CONDITION,39.10295836,-86.57708411
4,1,1100.0,1-Car,Non-incapacitating,STEERING FAILURE,39.10282923,-86.54871004
1,7,1200.0,1-Car,No injury/unknown,RAN OFF ROAD LEFT,39.10278086,-86.42883982
1,7,1200.0,1-Car,No injury/unknown,RAN OFF ROAD LEFT,39.10278086,-86.42883982
6,2,1600.0,1-Car,No injury/unknown,UNSAFE SPEED,39.102704,-86.461792
12,6,1600.0,2-Car,No injury/unknown,UNSAFE SPEED,39.10243587,-86.64879287
2,1,300.0,1-Car,Non-incapacitating,RAN OFF ROAD LEFT,39.101776,-86.576864
5,6,1500.0,3+ Cars,No injury/unknown,FOLLOWING TOO CLOSELY,39.10134126,-86.64986194
10,6,700.0,1-Car,No injury/unknown,RAN OFF ROAD RIGHT,39.1011339,-86.42800648
1,3,1400.0,2-Car,No injury/unknown,LEFT OF CENTER,39.100752,-86.593504
2,6,700.0,1-Car,No injury/unknown,ROADWAY SURFACE CONDITION,39.100448,-86.558096
3,3,500.0,1-Car,Non-incapacitating,RAN OFF ROAD RIGHT,39.09991809,-86.42596265
2,3,800.0,3+ Cars,No injury/unknown,,39.09984,-86.5176
2,7,2100.0,1-Car,No injury/unknown,ROADWAY SURFACE CONDITION,39.09984,-86.5176
12,4,1400.0,2-Car,No injury/unknown,FOLLOWING TOO CLOSELY,39.09984,-86.5176
12,2,1700.0,1-Car,No injury/unknown,BRAKE FAILURE OR DEFECTIVE,39.09981739,-86.577399
6,6,900.0,1-Car,Non-incapacitating,OVERCORRECTING/OVERSTEERING,39.09958985,-86.6515724
1,2,1000.0,2-Car,No injury/unknown,UNSAFE BACKING,39.099408,-86.537904
3,7,1400.0,2-Car,Non-incapacitating,OTHER (ENVIRONMENTAL) - EXPLAIN IN NARR,39.099152,-86.652
10,6,1400.0,1-Car,No injury/unknown,RAN OFF ROAD RIGHT,39.099152,-86.652
3,5,100.0,1-Car,Non-incapacitating,ROADWAY SURFACE CONDITION,39.09729786,-86.54619993
1,5,800.0,1-Car,No injury/unknown,UNSAFE SPEED,39.09707772,-86.5461112
1,7,1300.0,3+ Cars,Non-incapacitating,,39.09464,-86.516896
6,5,1700.0,2-Car,No injury/unknown,UNSAFE SPEED,39.094144,-86.6384
12,5,1400.0,2-Car,Non-incapacitating,FAILURE TO YIELD RIGHT OF WAY,39.094144,-86.6384
6,1,900.0,2-Car,Non-incapacitating,OTHER (ENVIRONMENTAL) - EXPLAIN IN NARR,39.093744,-86.638304
12,7,1800.0,2-Car,No injury/unknown,,39.093744,-86.638304
7,4,0.0,1-Car,No injury/unknown,RAN OFF ROAD LEFT,39.09373137,-86.63476144
2,3,700.0,1-Car,No injury/unknown,ROADWAY SURFACE CONDITION,39.09372395,-86.63269259
11,7,1400.0,2-Car,Non-incapacitating,UNSAFE BACKING,39.093696,-86.624992
6,7,1200.0,1-Car,Non-incapacitating,OVERCORRECTING/OVERSTEERING,39.09359534,-86.66113493
11,2,1900.0,1-Car,No injury/unknown,RAN OFF ROAD RIGHT,39.0930762,-86.56002035
10,2,1900.0,2-Car,No injury/unknown,IMPROPER TURNING,39.093072,-86.552288
10,3,1300.0,1-Car,No injury/unknown,RAN OFF ROAD RIGHT,39.09306636,-86.42243138
10,4,1400.0,2-Car,No injury/unknown,FAILURE TO YIELD RIGHT OF WAY,39.092976,-86.545648
3,5,200.0,1-Car,No injury/unknown,ROADWAY SURFACE CONDITION,39.092976,-86.545648
3,3,1000.0,3+ Cars,No injury/unknown,FAILURE TO YIELD RIGHT OF WAY,39.092976,-86.545648
4,3,1500.0,2-Car,No injury/unknown,OTHER (DRIVER) - EXPLAIN IN NARRATIVE,39.092976,-86.545648
11,6,1800.0,1-Car,Non-incapacitating,ROADWAY SURFACE CONDITION,39.092976,-86.545648
3,2,1500.0,2-Car,Non-incapacitating,FAILURE TO YIELD RIGHT OF WAY,39.092976,-86.545648
2,7,1600.0,2-Car,No injury/unknown,OTHER (DRIVER) - EXPLAIN IN NARRATIVE,39.092976,-86.545648
2,4,1700.0,2-Car,No injury/unknown,FAILURE TO YIELD RIGHT OF WAY,39.092976,-86.545648
9,6,1700.0,2-Car,No injury/unknown,FAILURE TO YIELD RIGHT OF WAY,39.092976,-86.545648
10,2,1200.0,2-Car,Non-incapacitating,FAILURE TO YIELD RIGHT OF WAY,39.092976,-86.545648
10,5,1600.0,2-Car,No injury/unknown,FAILURE TO YIELD RIGHT OF WAY,39.092976,-86.545648
12,6,200.0,2-Car,No injury/unknown,FAILURE TO YIELD RIGHT OF WAY,39.092976,-86.545648
6,4,2000.0,1-Car,No injury/unknown,OTHER (DRIVER) - EXPLAIN IN NARRATIVE,39.09270241,-86.54561831
8,3,2000.0,1-Car,Non-incapacitating,UNSAFE SPEED,39.09264792,-86.51742843
4,6,1500.0,2-Car,No injury/unknown,FOLLOWING TOO CLOSELY,39.09264,-86.51672
2,1,900.0,1-Car,Non-incapacitating,,39.09264,-86.51672
7,7,1700.0,2-Car,No injury/unknown,IMPROPER PASSING,39.09237154,-86.63834222
6,4,2200.0,1-Car,No injury/unknown,OTHER (DRIVER) - EXPLAIN IN NARRATIVE,39.09215523,-86.54555892
12,7,1700.0,2-Car,No injury/unknown,OTHER (DRIVER) - EXPLAIN IN NARRATIVE,39.09188164,-86.54552923
1,5,600.0,2-Car,Non-incapacitating,UNSAFE SPEED,39.09178812,-86.51702267
3,4,1600.0,2-Car,No injury/unknown,OTHER (DRIVER) - EXPLAIN IN NARRATIVE,39.0917177,-86.66371953
9,1,1900.0,2-Car,Non-incapacitating,LEFT OF CENTER,39.0917177,-86.66371953
2,5,2000.0,2-Car,No injury/unknown,LEFT OF CENTER,39.09164526,-86.51736418
1,7,2100.0,2-Car,Non-incapacitating,LEFT OF CENTER,39.09160805,-86.54549954
11,6,1500.0,3+ Cars,Non-incapacitating,FAILURE TO YIELD RIGHT OF WAY,39.09160805,-86.54549954
2,5,1400.0,2-Car,No injury/unknown,FOLLOWING TOO CLOSELY,39.09024011,-86.54535108
1,5,700.0,2-Car,No injury/unknown,ROADWAY SURFACE CONDITION,39.09024011,-86.54535108
5,4,1100.0,3+ Cars,No injury/unknown,FAILURE TO YIELD RIGHT OF WAY,39.09012166,-86.66591634
5,6,700.0,1-Car,No injury/unknown,OTHER (DRIVER) - EXPLAIN IN NARRATIVE,39.08984,-86.666304
1,5,100.0,1-Car,Non-incapacitating,,39.08984,-86.666304
7,2,1000.0,2-Car,Non-incapacitating,OTHER (DRIVER) - EXPLAIN IN NARRATIVE,39.08984,-86.666304
9,4,1500.0,1-Car,Non-incapacitating,IMPROPER PASSING,39.08984,-86.666304
4,4,1500.0,3+ Cars,No injury/unknown,OTHER (DRIVER) - EXPLAIN IN NARRATIVE,39.08949654,-86.66685678
10,7,1500.0,Moped/Motorcycle,No injury/unknown,OVERCORRECTING/OVERSTEERING,39.089101,-86.423297
7,7,1800.0,2-Car,No injury/unknown,OTHER (ENVIRONMENTAL) - EXPLAIN IN NARR,39.088732,-86.429588
4,4,1600.0,3+ Cars,No injury/unknown,OTHER (ENVIRONMENTAL) - EXPLAIN IN NARR,39.08685711,-86.67127964
6,5,1600.0,1-Car,No injury/unknown,TIRE FAILURE OR DEFECTIVE,39.086832,-86.671984
9,6,600.0,2-Car,No injury/unknown,FOLLOWING TOO CLOSELY,39.08682892,-86.6723382
12,4,1600.0,2-Car,No injury/unknown,,39.08680112,-86.67552602
5,5,1300.0,1-Car,Non-incapacitating,RAN OFF ROAD RIGHT,39.08675719,-86.68133502
12,6,1000.0,1-Car,Non-incapacitating,ROADWAY SURFACE CONDITION,39.086736,-86.666384
4,7,800.0,2-Car,Non-incapacitating,OTHER (ENVIRONMENTAL) - EXPLAIN IN NARR,39.08666936,-86.68240676
1,2,1600.0,2-Car,No injury/unknown,ROADWAY SURFACE CONDITION,39.0861725,-86.60969447
8,1,1900.0,1-Car,Non-incapacitating,ALCOHOLIC BEVERAGES,39.085952,-86.566096
4,7,900.0,2-Car,Non-incapacitating,DISREGARD SIGNAL/REG SIGN,39.085632,-86.542304
7,7,1400.0,1-Car,No injury/unknown,FOLLOWING TOO CLOSELY,39.085632,-86.542304
1,5,1800.0,1-Car,No injury/unknown,RAN OFF ROAD RIGHT,39.08472,-86.420688
7,1,1300.0,1-Car,No injury/unknown,,39.08459886,-86.4206567
9,2,800.0,2-Car,No injury/unknown,OTHER (DRIVER) - EXPLAIN IN NARRATIVE,39.08384,-86.540768
11,4,2100.0,1-Car,No injury/unknown,ANIMAL/OBJECT IN ROADWAY,39.08384,-86.540768
1,6,1000.0,2-Car,No injury/unknown,ROADWAY SURFACE CONDITION,39.08384,-86.540768
7,5,1300.0,2-Car,No injury/unknown,OTHER (ENVIRONMENTAL) - EXPLAIN IN NARR,39.08384,-86.540768
7,2,1600.0,1-Car,No injury/unknown,TOW HITCH FAILURE,39.083744,-86.592592
1,7,1700.0,2-Car,No injury/unknown,,39.0830809,-86.67345073
7,2,1600.0,2-Car,Non-incapacitating,,39.083024,-86.472912
12,6,1000.0,2-Car,Non-incapacitating,ROADWAY SURFACE CONDITION,39.08229697,-86.6665187
6,5,1600.0,3+ Cars,Non-incapacitating,FOLLOWING TOO CLOSELY,39.08225671,-86.565895
1,1,1800.0,1-Car,No injury/unknown,ROADWAY SURFACE CONDITION,39.082144,-86.515488
7,1,200.0,1-Car,Non-incapacitating,ANIMAL/OBJECT IN ROADWAY,39.082144,-86.515488
11,1,1700.0,1-Car,No injury/unknown,RAN OFF ROAD LEFT,39.082144,-86.515488
5,6,1000.0,3+ Cars,Non-incapacitating,FAILURE TO YIELD RIGHT OF WAY,39.080448,-86.514416
2,3,600.0,Bus,No injury/unknown,ROADWAY SURFACE CONDITION,39.080448,-86.514416
8,6,1900.0,2-Car,No injury/unknown,LEFT OF CENTER,39.079552,-86.666592
10,2,700.0,2-Car,No injury/unknown,UNSAFE SPEED,39.079248,-86.619792
2,7,700.0,1-Car,No injury/unknown,,39.07902139,-86.51280425
11,2,1000.0,1-Car,Non-incapacitating,DRIVER ILLNESS,39.0770995,-86.41713493
2,7,1200.0,1-Car,No injury/unknown,OTHER (ENVIRONMENTAL) - EXPLAIN IN NARR,39.07689806,-86.62828021
2,2,1300.0,2-Car,No injury/unknown,ROADWAY SURFACE CONDITION,39.07516336,-86.53598776
8,4,800.0,2-Car,No injury/unknown,FAILURE TO YIELD RIGHT OF WAY,39.074448,-86.5056
8,2,1500.0,2-Car,No injury/unknown,LEFT OF CENTER,39.073952,-86.570896
1,5,,1-Car,No injury/unknown,,39.073952,-86.570896
2,5,700.0,2-Car,No injury/unknown,FOLLOWING TOO CLOSELY,39.0721513,-86.5357034
3,4,1800.0,1-Car,No injury/unknown,,39.07131696,-86.52581748
1,1,300.0,1-Car,No injury/unknown,ALCOHOLIC BEVERAGES,39.07126658,-86.52696792
12,7,1800.0,2-Car,No injury/unknown,ROADWAY SURFACE CONDITION,39.07126071,-86.52710184
12,7,1800.0,2-Car,No injury/unknown,ROADWAY SURFACE CONDITION,39.07126071,-86.52710184
2,7,1200.0,1-Car,No injury/unknown,,39.0712,-86.55261325
9,2,700.0,2-Car,No injury/unknown,FAILURE TO YIELD RIGHT OF WAY,39.071152,-86.503088
8,1,1000.0,2-Car,No injury/unknown,FAILURE TO YIELD RIGHT OF WAY,39.071152,-86.503088
10,2,2000.0,2-Car,No injury/unknown,FAILURE TO YIELD RIGHT OF WAY,39.071152,-86.503088
5,2,2000.0,2-Car,No injury/unknown,,39.07112,-86.507008
8,4,1500.0,Moped/Motorcycle,Non-incapacitating,FAILURE TO YIELD RIGHT OF WAY,39.07112,-86.507008
2,2,1000.0,1-Car,No injury/unknown,ROADWAY SURFACE CONDITION,39.071101,-86.52539211
5,6,1300.0,2-Car,No injury/unknown,FAILURE TO YIELD RIGHT OF WAY,39.071056,-86.5356
11,5,1200.0,2-Car,Non-incapacitating,FAILURE TO YIELD RIGHT OF WAY,39.071056,-86.5356
8,1,1800.0,2-Car,No injury/unknown,OTHER (DRIVER) - EXPLAIN IN NARRATIVE,39.071056,-86.5356
4,3,1200.0,2-Car,No injury/unknown,FAILURE TO YIELD RIGHT OF WAY,39.071056,-86.5356
4,3,700.0,2-Car,No injury/unknown,,39.071056,-86.5356
6,4,1600.0,2-Car,No injury/unknown,,39.07093943,-86.5364409
8,2,1800.0,1-Car,No injury/unknown,UNSAFE SPEED,39.070048,-86.561392
10,7,1000.0,1-Car,No injury/unknown,ROADWAY SURFACE CONDITION,39.06984566,-86.60064173
12,4,1700.0,2-Car,No injury/unknown,FAILURE TO YIELD RIGHT OF WAY,39.069344,-86.507696
2,3,800.0,1-Car,Non-incapacitating,ROADWAY SURFACE CONDITION,39.06762421,-86.53564386
2,3,700.0,1-Car,Non-incapacitating,ROADWAY SURFACE CONDITION,39.06762421,-86.53564386
10,4,1300.0,1-Car,No injury/unknown,UNSAFE SPEED,39.06759378,-86.50304354
11,5,1700.0,1-Car,Non-incapacitating,ALCOHOLIC BEVERAGES,39.06714054,-86.502894
6,2,1300.0,2-Car,No injury/unknown,DRIVER ASLEEP OR FATIGUED,39.06556514,-86.53567018
11,4,1200.0,2-Car,No injury/unknown,IMPROPER TURNING,39.06439142,-86.60640253
10,7,700.0,1-Car,Non-incapacitating,RAN OFF ROAD RIGHT,39.06392725,-86.41456111
10,6,1700.0,1-Car,No injury/unknown,ALCOHOLIC BEVERAGES,39.06287642,-86.57958737
4,7,0.0,Moped/Motorcycle,Fatal,ALCOHOLIC BEVERAGES,39.06003891,-86.49843283
7,7,1900.0,1-Car,Non-incapacitating,ALCOHOLIC BEVERAGES,39.05715698,-86.4095556
9,5,2200.0,1-Car,No injury/unknown,ANIMAL/OBJECT IN ROADWAY,39.056848,-86.507776
12,3,1900.0,1-Car,No injury/unknown,OTHER (DRIVER) - EXPLAIN IN NARRATIVE,39.056848,-86.507776
9,1,1900.0,1-Car,Non-incapacitating,ANIMAL/OBJECT IN ROADWAY,39.05590226,-86.40889345
12,6,1500.0,1-Car,Non-incapacitating,OTHER (DRIVER) - EXPLAIN IN NARRATIVE,39.055584,-86.408752
7,7,1100.0,2-Car,No injury/unknown,VIEW OBSTRUCTED,39.054799,-86.507899
2,3,900.0,1-Car,No injury/unknown,ROADWAY SURFACE CONDITION,39.05414981,-86.6062135
1,4,1400.0,1-Car,Non-incapacitating,UNSAFE SPEED,39.05301002,-86.40776916
11,4,2300.0,3+ Cars,No injury/unknown,ALCOHOLIC BEVERAGES,39.05047338,-86.60891752
5,4,1700.0,1-Car,No injury/unknown,UNSAFE SPEED,39.05024,-86.609104
5,7,,1-Car,No injury/unknown,UNSAFE SPEED,39.0498,-86.507899
1,6,2000.0,1-Car,No injury/unknown,,39.04953836,-86.53588689
9,5,600.0,2-Car,Non-incapacitating,FAILURE TO YIELD RIGHT OF WAY,39.049401,-86.540998
3,1,1400.0,1-Car,Non-incapacitating,DRIVER ASLEEP OR FATIGUED,39.0486738,-86.53588214
1,5,1100.0,1-Car,No injury/unknown,UNSAFE SPEED,39.04609014,-86.480495
2,3,500.0,1-Car,No injury/unknown,ANIMAL/OBJECT IN ROADWAY,39.04533771,-86.53585715
6,1,600.0,1-Car,Non-incapacitating,DRIVER ASLEEP OR FATIGUED,39.04362786,-86.40675829
8,7,300.0,1-Car,No injury/unknown,,39.042512,-86.511808
2,5,,2-Car,Non-incapacitating,ROADWAY SURFACE CONDITION,39.04220784,-86.53582731
10,2,1800.0,1-Car,No injury/unknown,ANIMAL/OBJECT IN ROADWAY,39.04121946,-86.53581779
6,5,1200.0,2-Car,No injury/unknown,ROADWAY SURFACE CONDITION,39.03671552,-86.480399
3,6,1000.0,1-Car,No injury/unknown,UNSAFE SPEED,39.03495733,-86.40761883
12,6,1400.0,2-Car,No injury/unknown,FAILURE TO YIELD RIGHT OF WAY,39.0349,-86.512196
3,7,1300.0,Moped/Motorcycle,Non-incapacitating,,39.03459505,-86.40787134
4,3,1800.0,Moped/Motorcycle,Non-incapacitating,UNSAFE SPEED,39.034112,-86.408208
2,3,1700.0,1-Car,Non-incapacitating,UNSAFE SPEED,39.034112,-86.408208
7,1,,1-Car,No injury/unknown,,39.034112,-86.408208
12,3,2100.0,1-Car,No injury/unknown,ANIMAL/OBJECT IN ROADWAY,39.03373596,-86.49025963
3,2,1600.0,1-Car,No injury/unknown,RAN OFF ROAD RIGHT,39.03292113,-86.41631607
11,4,2100.0,1-Car,Non-incapacitating,ALCOHOLIC BEVERAGES,39.0325,-86.490099
1,4,2200.0,1-Car,Non-incapacitating,UNSAFE SPEED,39.0323,-86.49802567
8,6,1300.0,1-Car,No injury/unknown,RAN OFF ROAD RIGHT,39.03145092,-86.40763363
9,2,1700.0,1-Car,No injury/unknown,RAN OFF ROAD RIGHT,39.02880385,-86.40804598
6,1,1000.0,1-Car,No injury/unknown,UNSAFE SPEED,39.02867915,-86.40796617
9,1,300.0,1-Car,Non-incapacitating,ALCOHOLIC BEVERAGES,39.02843323,-86.40780878
4,4,1600.0,Moped/Motorcycle,Non-incapacitating,UNSAFE SPEED,39.027104,-86.668992
8,1,1300.0,1-Car,No injury/unknown,OTHER (ENVIRONMENTAL) - EXPLAIN IN NARR,39.02614711,-86.40588904
10,7,400.0,1-Car,Non-incapacitating,RAN OFF ROAD RIGHT,39.02614711,-86.40588904
2,5,2100.0,2-Car,No injury/unknown,FOLLOWING TOO CLOSELY,39.02373178,-86.52156654
2,2,,1-Car,No injury/unknown,OTHER (DRIVER) - EXPLAIN IN NARRATIVE,39.023472,-86.405296
4,3,1200.0,2-Car,No injury/unknown,UNSAFE BACKING,39.02032148,-86.53608062
3,2,1500.0,2-Car,No injury/unknown,OTHER (DRIVER) - EXPLAIN IN NARRATIVE,39.020048,-86.536096
2,5,,1-Car,No injury/unknown,ROADWAY SURFACE CONDITION,39.01993011,-86.59432131
9,1,700.0,1-Car,Non-incapacitating,IMPROPER LANE USAGE,39.01754863,-86.525899
8,2,1700.0,1-Car,No injury/unknown,RAN OFF ROAD RIGHT,39.01602913,-86.59171775
1,1,900.0,2-Car,No injury/unknown,ROADWAY SURFACE CONDITION,39.01586093,-86.53700545
6,1,900.0,2-Car,No injury/unknown,LEFT OF CENTER,39.015088,-86.401232
10,2,0.0,1-Car,Non-incapacitating,RAN OFF ROAD LEFT,39.015088,-86.401232
11,6,2100.0,1-Car,Non-incapacitating,ALCOHOLIC BEVERAGES,39.01252386,-86.510295
12,2,1800.0,2-Car,Non-incapacitating,UNSAFE SPEED,39.011984,-86.549232
11,3,1400.0,2-Car,No injury/unknown,UNSAFE SPEED,39.01169095,-86.56192569
11,5,2200.0,2-Car,No injury/unknown,UNSAFE BACKING,39.00668002,-86.51532592
2,6,1100.0,2-Car,Non-incapacitating,IMPROPER LANE USAGE,39.00604421,-86.53718607
11,3,1300.0,1-Car,No injury/unknown,UNSAFE SPEED,39.005008,-86.5
4,7,2000.0,1-Car,No injury/unknown,UNSAFE SPEED,39.00427482,-86.58137523
5,7,1500.0,1-Car,Non-incapacitating,UNSAFE SPEED,39.002752,-86.463856
11,3,2300.0,1-Car,No injury/unknown,ROADWAY SURFACE CONDITION,38.99232624,-86.53725171
12,7,1700.0,1-Car,Non-incapacitating,UNSAFE SPEED,38.99152,-86.448784
6,7,800.0,1-Car,No injury/unknown,,38.990848,-86.368864